Datetime,Close,High,Low,Open,Volume
2025-04-30 12:49:00+00:00,109.0546875,109.0546875,109.03125,109.0390625,0.0
2025-04-30 12:50:00+00:00,109.0625,109.0625,109.0390625,109.046875,5202.0
2025-04-30 12:51:00+00:00,109.09375,109.1015625,109.046875,109.0546875,9159.0
2025-04-30 12:52:00+00:00,109.0546875,109.0859375,109.0546875,109.0859375,4922.0
2025-04-30 12:53:00+00:00,109.046875,109.0703125,109.0390625,109.0546875,3631.0
2025-04-30 12:54:00+00:00,109.0390625,109.046875,109.0390625,109.046875,2316.0
2025-04-30 12:55:00+00:00,109.046875,109.046875,109.0078125,109.0390625,3701.0
2025-04-30 12:56:00+00:00,109.0625,109.0625,109.0390625,109.0390625,3852.0
2025-04-30 12:57:00+00:00,109.046875,109.0703125,109.03125,109.0625,2777.0
2025-04-30 12:58:00+00:00,109.046875,109.046875,109.03125,109.0390625,1463.0
2025-04-30 12:59:00+00:00,109.046875,109.0546875,109.0390625,109.0390625,2308.0
2025-04-30 13:00:00+00:00,109.0625,109.0625,109.0390625,109.046875,3526.0
2025-04-30 13:01:00+00:00,109.0703125,109.0703125,109.0546875,109.0625,2443.0
2025-04-30 13:02:00+00:00,109.0625,109.0859375,109.0625,109.0703125,3822.0
2025-04-30 13:03:00+00:00,109.078125,109.078125,109.0546875,109.0703125,2324.0
2025-04-30 13:04:00+00:00,109.078125,109.078125,109.0703125,109.078125,2771.0
2025-04-30 13:05:00+00:00,109.09375,109.09375,109.078125,109.078125,483.0
2025-04-30 13:06:00+00:00,109.109375,109.1171875,109.09375,109.09375,2644.0
2025-04-30 13:07:00+00:00,109.109375,109.1171875,109.109375,109.109375,1709.0
2025-04-30 13:08:00+00:00,109.1328125,109.1328125,109.109375,109.109375,2589.0
2025-04-30 13:09:00+00:00,109.1328125,109.1328125,109.1171875,109.1328125,2595.0
2025-04-30 13:10:00+00:00,109.125,109.140625,109.125,109.140625,1392.0
2025-04-30 13:11:00+00:00,109.1328125,109.140625,109.1171875,109.125,4267.0
2025-04-30 13:12:00+00:00,109.140625,109.1484375,109.1171875,109.125,5554.0
2025-04-30 13:13:00+00:00,109.140625,109.140625,109.1328125,109.140625,1820.0
2025-04-30 13:14:00+00:00,109.15625,109.15625,109.140625,109.140625,2463.0
2025-04-30 13:15:00+00:00,109.15625,109.1640625,109.1484375,109.15625,1846.0
2025-04-30 13:16:00+00:00,109.1484375,109.15625,109.140625,109.1484375,2008.0
2025-04-30 13:17:00+00:00,109.171875,109.171875,109.15625,109.15625,2193.0
2025-04-30 13:18:00+00:00,109.15625,109.1796875,109.15625,109.171875,4784.0
2025-04-30 13:19:00+00:00,109.171875,109.1796875,109.1640625,109.1640625,1531.0
2025-04-30 13:20:00+00:00,109.1796875,109.1796875,109.1640625,109.1796875,1399.0
2025-04-30 13:21:00+00:00,109.1796875,109.1875,109.1640625,109.1796875,4294.0
2025-04-30 13:22:00+00:00,109.171875,109.1796875,109.15625,109.171875,2184.0
2025-04-30 13:23:00+00:00,109.1484375,109.171875,109.140625,109.171875,2328.0
2025-04-30 13:24:00+00:00,109.171875,109.171875,109.1484375,109.1484375,2773.0
2025-04-30 13:25:00+00:00,109.1953125,109.1953125,109.1640625,109.1640625,3269.0
2025-04-30 13:26:00+00:00,109.1875,109.1953125,109.171875,109.1875,1896.0
2025-04-30 13:27:00+00:00,109.1640625,109.1875,109.15625,109.1875,2297.0
2025-04-30 13:28:00+00:00,109.171875,109.1796875,109.15625,109.1640625,3102.0
2025-04-30 13:29:00+00:00,109.171875,109.1796875,109.171875,109.171875,1254.0
2025-04-30 13:30:00+00:00,109.1953125,109.1953125,109.1640625,109.1640625,3044.0
2025-04-30 13:31:00+00:00,109.2109375,109.21875,109.1875,109.1875,6059.0
2025-04-30 13:32:00+00:00,109.1953125,109.2109375,109.1953125,109.2109375,1130.0
2025-04-30 13:33:00+00:00,109.1953125,109.203125,109.1953125,109.1953125,2284.0
2025-04-30 13:34:00+00:00,109.1796875,109.1953125,109.171875,109.1953125,1779.0
2025-04-30 13:35:00+00:00,109.203125,109.203125,109.171875,109.171875,2128.0
2025-04-30 13:36:00+00:00,109.203125,109.2109375,109.1953125,109.1953125,2686.0
2025-04-30 13:37:00+00:00,109.234375,109.2421875,109.203125,109.203125,2587.0
2025-04-30 13:38:00+00:00,109.234375,109.2421875,109.2109375,109.234375,9700.0
2025-04-30 13:39:00+00:00,109.234375,109.234375,109.2265625,109.234375,3381.0
2025-04-30 13:40:00+00:00,109.2421875,109.2421875,109.234375,109.234375,971.0
2025-04-30 13:41:00+00:00,109.265625,109.2734375,109.234375,109.2421875,5826.0
2025-04-30 13:42:00+00:00,109.2578125,109.265625,109.25,109.265625,2839.0
2025-04-30 13:43:00+00:00,109.2421875,109.2578125,109.234375,109.2578125,1521.0
2025-04-30 13:44:00+00:00,109.2421875,109.2421875,109.234375,109.234375,2421.0
2025-04-30 13:45:00+00:00,109.21875,109.234375,109.21875,109.234375,3814.0
2025-04-30 13:46:00+00:00,109.234375,109.234375,109.2109375,109.21875,2317.0
2025-04-30 13:47:00+00:00,109.2421875,109.25,109.234375,109.234375,1783.0
2025-04-30 13:48:00+00:00,109.2265625,109.2421875,109.21875,109.2421875,1869.0
2025-04-30 13:49:00+00:00,109.234375,109.25,109.2265625,109.2265625,2540.0
2025-04-30 13:50:00+00:00,109.2265625,109.234375,109.21875,109.234375,1450.0
2025-04-30 13:51:00+00:00,109.21875,109.2265625,109.2109375,109.21875,2670.0
2025-04-30 13:52:00+00:00,109.2265625,109.2265625,109.21875,109.21875,592.0
2025-04-30 13:53:00+00:00,109.234375,109.234375,109.21875,109.2265625,3091.0
2025-04-30 13:54:00+00:00,109.2265625,109.234375,109.21875,109.234375,1728.0
2025-04-30 13:55:00+00:00,109.2265625,109.234375,109.21875,109.2265625,1816.0
2025-04-30 13:56:00+00:00,109.2421875,109.25,109.2265625,109.2265625,3385.0
2025-04-30 13:57:00+00:00,109.25,109.265625,109.2421875,109.2421875,3670.0
2025-04-30 13:58:00+00:00,109.234375,109.25,109.234375,109.25,719.0
2025-04-30 13:59:00+00:00,109.21875,109.234375,109.203125,109.2265625,3239.0
2025-04-30 14:00:00+00:00,109.1875,109.2734375,109.171875,109.21875,6838.0
2025-04-30 14:01:00+00:00,109.1875,109.1953125,109.1796875,109.1796875,3815.0
2025-04-30 14:02:00+00:00,109.203125,109.2109375,109.171875,109.1796875,3065.0
2025-04-30 14:03:00+00:00,109.2109375,109.21875,109.203125,109.203125,2385.0
2025-04-30 14:04:00+00:00,109.234375,109.234375,109.203125,109.2109375,3676.0
2025-04-30 14:05:00+00:00,109.203125,109.2421875,109.203125,109.2265625,4085.0
2025-04-30 14:06:00+00:00,109.1796875,109.203125,109.1796875,109.1953125,4105.0
2025-04-30 14:07:00+00:00,109.203125,109.21875,109.1796875,109.1796875,3717.0
2025-04-30 14:08:00+00:00,109.1796875,109.203125,109.1796875,109.203125,1761.0
2025-04-30 14:09:00+00:00,109.1640625,109.1875,109.15625,109.1796875,3713.0
2025-04-30 14:10:00+00:00,109.15625,109.1796875,109.15625,109.1640625,5585.0
2025-04-30 14:11:00+00:00,109.171875,109.1796875,109.15625,109.1640625,1636.0
2025-04-30 14:12:00+00:00,109.1875,109.1875,109.171875,109.171875,1110.0
2025-04-30 14:13:00+00:00,109.203125,109.203125,109.1796875,109.1875,6058.0
2025-04-30 14:14:00+00:00,109.203125,109.203125,109.1875,109.203125,2459.0
2025-04-30 14:15:00+00:00,109.2109375,109.2109375,109.1953125,109.203125,1577.0
2025-04-30 14:16:00+00:00,109.21875,109.2265625,109.2109375,109.2109375,2810.0
2025-04-30 14:17:00+00:00,109.203125,109.2265625,109.203125,109.21875,1631.0
2025-04-30 14:18:00+00:00,109.1953125,109.203125,109.1953125,109.203125,636.0
2025-04-30 14:19:00+00:00,109.203125,109.2109375,109.1953125,109.203125,2955.0
2025-04-30 14:20:00+00:00,109.2109375,109.2109375,109.1953125,109.2109375,1663.0
2025-04-30 14:21:00+00:00,109.203125,109.21875,109.203125,109.203125,4642.0
2025-04-30 14:22:00+00:00,109.203125,109.2109375,109.203125,109.2109375,1020.0
2025-04-30 14:23:00+00:00,109.1953125,109.2109375,109.1953125,109.203125,1264.0
2025-04-30 14:24:00+00:00,109.1875,109.203125,109.1875,109.203125,1390.0
2025-04-30 14:25:00+00:00,109.1875,109.1953125,109.1875,109.1875,700.0
2025-04-30 14:26:00+00:00,109.1875,109.1953125,109.1796875,109.1875,6253.0
2025-04-30 14:27:00+00:00,109.171875,109.1875,109.171875,109.1875,3060.0
2025-04-30 14:28:00+00:00,109.171875,109.171875,109.1640625,109.171875,2164.0
2025-04-30 14:29:00+00:00,109.1640625,109.1796875,109.15625,109.1640625,3424.0
2025-04-30 14:30:00+00:00,109.171875,109.1796875,109.171875,109.171875,1454.0
2025-04-30 14:31:00+00:00,109.1796875,109.1796875,109.171875,109.171875,1506.0
2025-04-30 14:32:00+00:00,109.1875,109.1875,109.171875,109.1796875,2695.0
2025-04-30 14:33:00+00:00,109.203125,109.203125,109.1796875,109.1875,6667.0
2025-04-30 14:34:00+00:00,109.1953125,109.21875,109.1953125,109.2109375,1783.0
2025-04-30 14:35:00+00:00,109.21875,109.2265625,109.1953125,109.1953125,2893.0
2025-04-30 14:36:00+00:00,109.234375,109.25,109.21875,109.21875,5293.0
2025-04-30 14:37:00+00:00,109.2265625,109.2421875,109.2265625,109.2421875,5846.0
2025-04-30 14:38:00+00:00,109.203125,109.21875,109.203125,109.21875,4799.0
2025-04-30 14:39:00+00:00,109.203125,109.203125,109.1875,109.1953125,3075.0
2025-04-30 14:40:00+00:00,109.1953125,109.2109375,109.1953125,109.1953125,4344.0
2025-04-30 14:41:00+00:00,109.1875,109.1953125,109.1875,109.1953125,737.0
2025-04-30 14:42:00+00:00,109.1875,109.1953125,109.1875,109.1953125,1971.0
2025-04-30 14:43:00+00:00,109.1953125,109.1953125,109.1796875,109.1875,3462.0
2025-04-30 14:44:00+00:00,109.1875,109.1953125,109.1875,109.1875,503.0
2025-04-30 14:45:00+00:00,109.1953125,109.21875,109.1875,109.1953125,3206.0
2025-04-30 14:46:00+00:00,109.21875,109.21875,109.1953125,109.203125,1222.0
2025-04-30 14:47:00+00:00,109.2265625,109.2265625,109.21875,109.21875,1957.0
2025-04-30 14:48:00+00:00,109.2265625,109.2265625,109.203125,109.21875,2008.0
2025-04-30 14:49:00+00:00,109.2265625,109.2421875,109.21875,109.2265625,1489.0
2025-04-30 14:50:00+00:00,109.2734375,109.2734375,109.234375,109.234375,5751.0
2025-04-30 14:51:00+00:00,109.25,109.2734375,109.25,109.265625,2362.0
2025-04-30 14:52:00+00:00,109.25,109.2578125,109.25,109.25,4858.0
2025-04-30 14:53:00+00:00,109.2578125,109.2578125,109.2421875,109.25,3740.0
2025-04-30 14:54:00+00:00,109.25,109.2578125,109.2421875,109.25,3016.0
2025-04-30 14:55:00+00:00,109.2421875,109.25,109.2421875,109.25,2852.0
2025-04-30 14:56:00+00:00,109.25,109.25,109.2421875,109.2421875,1360.0
2025-04-30 14:57:00+00:00,109.25,109.2578125,109.2421875,109.2421875,2023.0
2025-04-30 14:58:00+00:00,109.234375,109.2421875,109.234375,109.2421875,1146.0
2025-04-30 14:59:00+00:00,109.2421875,109.2421875,109.2265625,109.2421875,4001.0
2025-04-30 15:00:00+00:00,109.234375,109.25,109.234375,109.2421875,2272.0
2025-04-30 15:01:00+00:00,109.2421875,109.2421875,109.2265625,109.234375,2169.0
2025-04-30 15:02:00+00:00,109.2578125,109.265625,109.2421875,109.2421875,4138.0
2025-04-30 15:03:00+00:00,109.2734375,109.2734375,109.2578125,109.2578125,1523.0
2025-04-30 15:04:00+00:00,109.2421875,109.2734375,109.2421875,109.2734375,3758.0
2025-04-30 15:05:00+00:00,109.234375,109.2421875,109.234375,109.2421875,849.0
2025-04-30 15:06:00+00:00,109.21875,109.234375,109.2109375,109.234375,3837.0
2025-04-30 15:07:00+00:00,109.2109375,109.21875,109.203125,109.21875,1818.0
2025-04-30 15:08:00+00:00,109.203125,109.21875,109.203125,109.2109375,1936.0
2025-04-30 15:09:00+00:00,109.203125,109.2109375,109.1953125,109.203125,1130.0
2025-04-30 15:10:00+00:00,109.1953125,109.203125,109.1875,109.1953125,2403.0
2025-04-30 15:11:00+00:00,109.203125,109.203125,109.1875,109.1875,1062.0
2025-04-30 15:12:00+00:00,109.2109375,109.2109375,109.2109375,109.2109375,841.0
2025-04-30 15:13:00+00:00,109.2109375,109.21875,109.203125,109.2109375,547.0
2025-04-30 15:14:00+00:00,109.2421875,109.2421875,109.2109375,109.2109375,5845.0
2025-04-30 15:15:00+00:00,109.21875,109.2421875,109.21875,109.2421875,1860.0
2025-04-30 15:16:00+00:00,109.2109375,109.21875,109.2109375,109.21875,1748.0
2025-04-30 15:17:00+00:00,109.2109375,109.21875,109.203125,109.203125,742.0
2025-04-30 15:18:00+00:00,109.203125,109.2109375,109.203125,109.2109375,199.0
2025-04-30 15:19:00+00:00,109.203125,109.2109375,109.203125,109.203125,990.0
2025-04-30 15:20:00+00:00,109.2109375,109.21875,109.203125,109.2109375,1413.0
2025-04-30 15:21:00+00:00,109.203125,109.2109375,109.1953125,109.2109375,1476.0
2025-04-30 15:22:00+00:00,109.21875,109.21875,109.2109375,109.2109375,1462.0
2025-04-30 15:23:00+00:00,109.2109375,109.21875,109.2109375,109.21875,299.0
2025-04-30 15:24:00+00:00,109.234375,109.234375,109.21875,109.21875,1705.0
2025-04-30 15:25:00+00:00,109.25,109.25,109.234375,109.234375,1334.0
2025-04-30 15:26:00+00:00,109.25,109.25,109.2421875,109.25,1655.0
2025-04-30 15:27:00+00:00,109.2578125,109.265625,109.25,109.2578125,2951.0
2025-04-30 15:28:00+00:00,109.265625,109.265625,109.2578125,109.2578125,2769.0
2025-04-30 15:29:00+00:00,109.265625,109.265625,109.2578125,109.265625,2044.0
2025-04-30 15:30:00+00:00,109.2421875,109.265625,109.2421875,109.265625,3251.0
2025-04-30 15:31:00+00:00,109.2421875,109.25,109.234375,109.25,1929.0
2025-04-30 15:32:00+00:00,109.2578125,109.265625,109.234375,109.2421875,4143.0
2025-04-30 15:33:00+00:00,109.25,109.265625,109.25,109.265625,3183.0
2025-04-30 15:34:00+00:00,109.234375,109.25,109.234375,109.25,1986.0
2025-04-30 15:35:00+00:00,109.2265625,109.234375,109.2265625,109.234375,1298.0
2025-04-30 15:36:00+00:00,109.234375,109.234375,109.21875,109.2265625,1386.0
2025-04-30 15:37:00+00:00,109.2421875,109.2421875,109.234375,109.234375,797.0
2025-04-30 15:38:00+00:00,109.2265625,109.2421875,109.2265625,109.234375,2671.0
2025-04-30 15:39:00+00:00,109.2265625,109.234375,109.2265625,109.2265625,1159.0
2025-04-30 15:40:00+00:00,109.2265625,109.234375,109.21875,109.2265625,987.0
2025-04-30 15:41:00+00:00,109.21875,109.2265625,109.2109375,109.2265625,545.0
2025-04-30 15:42:00+00:00,109.2109375,109.2265625,109.2109375,109.21875,4060.0
2025-04-30 15:43:00+00:00,109.203125,109.21875,109.203125,109.2109375,1153.0
2025-04-30 15:44:00+00:00,109.1875,109.1953125,109.1796875,109.1953125,1796.0
2025-04-30 15:45:00+00:00,109.203125,109.203125,109.1875,109.1875,1977.0
2025-04-30 15:46:00+00:00,109.2109375,109.2109375,109.1953125,109.203125,1715.0
2025-04-30 15:47:00+00:00,109.2109375,109.2109375,109.203125,109.203125,452.0
2025-04-30 15:48:00+00:00,109.203125,109.2265625,109.203125,109.21875,2201.0
2025-04-30 15:49:00+00:00,109.2109375,109.2109375,109.203125,109.203125,873.0
2025-04-30 15:50:00+00:00,109.234375,109.234375,109.21875,109.21875,936.0
2025-04-30 15:51:00+00:00,109.2421875,109.2421875,109.2265625,109.2265625,648.0
2025-04-30 15:52:00+00:00,109.234375,109.2421875,109.2265625,109.2421875,1471.0
2025-04-30 15:53:00+00:00,109.2421875,109.25,109.234375,109.234375,1591.0
2025-04-30 15:54:00+00:00,109.234375,109.2421875,109.234375,109.2421875,1084.0
2025-04-30 15:55:00+00:00,109.21875,109.2421875,109.21875,109.234375,2238.0
2025-04-30 15:56:00+00:00,109.203125,109.2265625,109.203125,109.21875,3363.0
2025-04-30 15:57:00+00:00,109.21875,109.2265625,109.203125,109.2109375,1469.0
2025-04-30 15:58:00+00:00,109.203125,109.234375,109.203125,109.21875,1125.0
2025-04-30 15:59:00+00:00,109.203125,109.21875,109.1953125,109.203125,1898.0
2025-04-30 16:00:00+00:00,109.1875,109.2109375,109.1875,109.2109375,3329.0
2025-04-30 16:01:00+00:00,109.1875,109.1953125,109.1796875,109.1875,2826.0
2025-04-30 16:02:00+00:00,109.1875,109.1875,109.1796875,109.1875,2421.0
2025-04-30 16:03:00+00:00,109.1796875,109.1953125,109.1796875,109.1875,1156.0
2025-04-30 16:04:00+00:00,109.1796875,109.1796875,109.1796875,109.1796875,816.0
2025-04-30 16:05:00+00:00,109.1640625,109.1796875,109.1640625,109.171875,2226.0
2025-04-30 16:06:00+00:00,109.140625,109.1640625,109.140625,109.15625,2477.0
2025-04-30 16:07:00+00:00,109.140625,109.1484375,109.140625,109.140625,1992.0
2025-04-30 16:08:00+00:00,109.1484375,109.15625,109.140625,109.140625,4277.0
2025-04-30 16:09:00+00:00,109.1640625,109.1640625,109.140625,109.1484375,1751.0
2025-04-30 16:10:00+00:00,109.1640625,109.1640625,109.15625,109.15625,826.0
2025-04-30 16:11:00+00:00,109.140625,109.1640625,109.140625,109.15625,1600.0
2025-04-30 16:12:00+00:00,109.140625,109.1484375,109.1328125,109.140625,1640.0
2025-04-30 16:13:00+00:00,109.1484375,109.15625,109.140625,109.140625,713.0
2025-04-30 16:14:00+00:00,109.15625,109.15625,109.1484375,109.1484375,2354.0
2025-04-30 16:15:00+00:00,109.1640625,109.171875,109.1484375,109.15625,2502.0
2025-04-30 16:16:00+00:00,109.1640625,109.1640625,109.15625,109.1640625,1266.0
2025-04-30 16:17:00+00:00,109.15625,109.1640625,109.15625,109.1640625,391.0
2025-04-30 16:18:00+00:00,109.1484375,109.1640625,109.1484375,109.15625,1021.0
2025-04-30 16:19:00+00:00,109.1640625,109.1640625,109.1484375,109.1484375,882.0
2025-04-30 16:20:00+00:00,109.1640625,109.171875,109.15625,109.1640625,2066.0
2025-04-30 16:21:00+00:00,109.15625,109.1640625,109.15625,109.1640625,1300.0
2025-04-30 16:22:00+00:00,109.1484375,109.1640625,109.140625,109.15625,3991.0
2025-04-30 16:23:00+00:00,109.15625,109.1640625,109.140625,109.1484375,1824.0
2025-04-30 16:24:00+00:00,109.15625,109.1640625,109.1484375,109.1640625,1289.0
2025-04-30 16:25:00+00:00,109.1640625,109.1640625,109.1484375,109.15625,1851.0
2025-04-30 16:26:00+00:00,109.1640625,109.1640625,109.15625,109.1640625,94.0
2025-04-30 16:27:00+00:00,109.1640625,109.1640625,109.1484375,109.15625,2014.0
2025-04-30 16:28:00+00:00,109.15625,109.1640625,109.15625,109.15625,286.0
2025-04-30 16:29:00+00:00,109.15625,109.15625,109.1484375,109.15625,1287.0
2025-04-30 16:30:00+00:00,109.15625,109.1640625,109.15625,109.15625,695.0
2025-04-30 16:31:00+00:00,109.1640625,109.1640625,109.1484375,109.15625,2075.0
2025-04-30 16:32:00+00:00,109.1640625,109.1640625,109.1640625,109.1640625,1519.0
2025-04-30 16:33:00+00:00,109.171875,109.171875,109.15625,109.15625,1702.0
2025-04-30 16:34:00+00:00,109.1796875,109.1796875,109.171875,109.171875,14.0
2025-04-30 16:35:00+00:00,109.1796875,109.1875,109.171875,109.1796875,1203.0
2025-04-30 16:36:00+00:00,109.1875,109.1953125,109.1796875,109.1875,1189.0
2025-04-30 16:37:00+00:00,109.1875,109.1875,109.1875,109.1875,493.0
2025-04-30 16:38:00+00:00,109.1875,109.1875,109.1875,109.1875,114.0
2025-04-30 16:39:00+00:00,109.1796875,109.1875,109.1796875,109.1875,1420.0
2025-04-30 16:40:00+00:00,109.1796875,109.1796875,109.171875,109.1796875,627.0
2025-04-30 16:41:00+00:00,109.1875,109.1875,109.171875,109.171875,823.0
2025-04-30 16:42:00+00:00,109.1796875,109.1875,109.1796875,109.1875,1270.0
2025-04-30 16:43:00+00:00,109.1875,109.1875,109.1796875,109.1875,524.0
2025-04-30 16:44:00+00:00,109.1796875,109.1875,109.1796875,109.1796875,13.0
2025-04-30 16:45:00+00:00,109.1875,109.1875,109.1796875,109.1875,1378.0
2025-04-30 16:46:00+00:00,109.1875,109.1953125,109.1875,109.1875,223.0
2025-04-30 16:47:00+00:00,109.1953125,109.1953125,109.1875,109.1875,987.0
2025-04-30 16:48:00+00:00,109.203125,109.203125,109.1953125,109.203125,471.0
2025-04-30 16:49:00+00:00,109.203125,109.203125,109.1875,109.1953125,550.0
2025-04-30 16:50:00+00:00,109.1953125,109.203125,109.1953125,109.203125,18.0
2025-04-30 16:51:00+00:00,109.203125,109.2109375,109.203125,109.203125,1949.0
2025-04-30 16:52:00+00:00,109.1953125,109.2109375,109.1875,109.203125,2137.0
2025-04-30 16:53:00+00:00,109.1796875,109.1875,109.1796875,109.1875,407.0
2025-04-30 16:54:00+00:00,109.1875,109.1953125,109.1796875,109.1875,535.0
2025-04-30 16:55:00+00:00,109.1953125,109.203125,109.1875,109.1875,1213.0
2025-04-30 16:56:00+00:00,109.1953125,109.203125,109.1953125,109.203125,12.0
2025-04-30 16:57:00+00:00,109.203125,109.203125,109.1953125,109.1953125,706.0
2025-04-30 16:58:00+00:00,109.2109375,109.2109375,109.203125,109.203125,483.0
2025-04-30 16:59:00+00:00,109.203125,109.2109375,109.203125,109.2109375,1238.0
2025-04-30 17:00:00+00:00,109.1953125,109.203125,109.1953125,109.203125,2493.0
2025-04-30 17:01:00+00:00,109.1875,109.1953125,109.1796875,109.1953125,1091.0
2025-04-30 17:02:00+00:00,109.1796875,109.1875,109.171875,109.1875,1614.0
2025-04-30 17:03:00+00:00,109.171875,109.1875,109.171875,109.1875,598.0
2025-04-30 17:04:00+00:00,109.1796875,109.1796875,109.171875,109.171875,534.0
2025-04-30 17:05:00+00:00,109.1640625,109.171875,109.15625,109.171875,1464.0
2025-04-30 17:06:00+00:00,109.15625,109.1640625,109.15625,109.1640625,2315.0
2025-04-30 17:07:00+00:00,109.1484375,109.1640625,109.1484375,109.1640625,918.0
2025-04-30 17:08:00+00:00,109.15625,109.1640625,109.1484375,109.15625,2485.0
2025-04-30 17:09:00+00:00,109.15625,109.15625,109.15625,109.15625,498.0
2025-04-30 17:10:00+00:00,109.1640625,109.171875,109.15625,109.15625,932.0
2025-04-30 17:11:00+00:00,109.1640625,109.1640625,109.1640625,109.1640625,162.0
2025-04-30 17:12:00+00:00,109.1640625,109.1640625,109.15625,109.1640625,470.0
2025-04-30 17:13:00+00:00,109.1640625,109.171875,109.1640625,109.171875,1296.0
2025-04-30 17:14:00+00:00,109.1640625,109.1640625,109.1640625,109.1640625,991.0
2025-04-30 17:15:00+00:00,109.171875,109.171875,109.1640625,109.1640625,493.0
2025-04-30 17:16:00+00:00,109.1640625,109.171875,109.1640625,109.1640625,693.0
2025-04-30 17:17:00+00:00,109.15625,109.1640625,109.15625,109.1640625,242.0
2025-04-30 17:18:00+00:00,109.15625,109.1640625,109.15625,109.1640625,785.0
2025-04-30 17:19:00+00:00,109.171875,109.171875,109.15625,109.15625,243.0
2025-04-30 17:20:00+00:00,109.1640625,109.171875,109.1640625,109.171875,56.0
2025-04-30 17:21:00+00:00,109.171875,109.171875,109.1640625,109.1640625,1776.0
2025-04-30 17:22:00+00:00,109.1640625,109.171875,109.1640625,109.171875,1709.0
2025-04-30 17:23:00+00:00,109.1640625,109.171875,109.15625,109.1640625,688.0
2025-04-30 17:24:00+00:00,109.15625,109.1640625,109.15625,109.15625,112.0
2025-04-30 17:25:00+00:00,109.1640625,109.1640625,109.15625,109.15625,462.0
2025-04-30 17:26:00+00:00,109.1640625,109.1640625,109.15625,109.1640625,1789.0
2025-04-30 17:27:00+00:00,109.171875,109.171875,109.1640625,109.1640625,1549.0
2025-04-30 17:28:00+00:00,109.171875,109.1796875,109.171875,109.171875,383.0
2025-04-30 17:29:00+00:00,109.1796875,109.1796875,109.171875,109.1796875,2302.0
2025-04-30 17:30:00+00:00,109.1875,109.1953125,109.1796875,109.1875,2027.0
2025-04-30 17:31:00+00:00,109.1875,109.1875,109.1875,109.1875,1178.0
2025-04-30 17:32:00+00:00,109.1796875,109.1875,109.1796875,109.1875,686.0
2025-04-30 17:33:00+00:00,109.1875,109.1875,109.1875,109.1875,44.0
2025-04-30 17:34:00+00:00,109.1875,109.1953125,109.1796875,109.1875,1279.0
2025-04-30 17:35:00+00:00,109.1875,109.1953125,109.1796875,109.1875,413.0
2025-04-30 17:36:00+00:00,109.171875,109.1875,109.1640625,109.1875,1143.0
2025-04-30 17:37:00+00:00,109.1875,109.1875,109.1640625,109.1640625,9035.0
2025-04-30 17:38:00+00:00,109.1796875,109.1953125,109.171875,109.1875,1209.0
2025-04-30 17:39:00+00:00,109.1953125,109.203125,109.1796875,109.1796875,2510.0
2025-04-30 17:40:00+00:00,109.203125,109.203125,109.1953125,109.1953125,456.0
2025-04-30 17:41:00+00:00,109.1953125,109.203125,109.1953125,109.203125,1047.0
2025-04-30 17:42:00+00:00,109.203125,109.203125,109.1953125,109.1953125,1052.0
2025-04-30 17:43:00+00:00,109.1953125,109.1953125,109.1953125,109.1953125,19.0
2025-04-30 17:45:00+00:00,109.1953125,109.1953125,109.1953125,109.1953125,298.0
2025-04-30 17:46:00+00:00,109.1953125,109.1953125,109.1953125,109.1953125,615.0
2025-04-30 17:47:00+00:00,109.1953125,109.1953125,109.1953125,109.1953125,833.0
2025-04-30 17:48:00+00:00,109.2109375,109.2109375,109.1953125,109.1953125,3617.0
2025-04-30 17:49:00+00:00,109.203125,109.2109375,109.203125,109.203125,1650.0
2025-04-30 17:50:00+00:00,109.2109375,109.2109375,109.203125,109.203125,852.0
2025-04-30 17:51:00+00:00,109.21875,109.21875,109.2109375,109.2109375,1557.0
2025-04-30 17:52:00+00:00,109.2265625,109.2265625,109.2109375,109.2109375,1064.0
2025-04-30 17:53:00+00:00,109.2265625,109.2265625,109.21875,109.21875,1712.0
2025-04-30 17:54:00+00:00,109.2265625,109.2265625,109.21875,109.2265625,519.0
2025-04-30 17:55:00+00:00,109.2265625,109.234375,109.21875,109.21875,3627.0
2025-04-30 17:56:00+00:00,109.234375,109.2421875,109.2265625,109.2265625,1490.0
2025-04-30 17:57:00+00:00,109.2265625,109.234375,109.21875,109.2265625,1708.0
2025-04-30 17:58:00+00:00,109.21875,109.2265625,109.21875,109.2265625,883.0
2025-04-30 17:59:00+00:00,109.2109375,109.2265625,109.2109375,109.21875,1592.0
2025-04-30 18:00:00+00:00,109.234375,109.234375,109.21875,109.21875,2795.0
2025-04-30 18:01:00+00:00,109.2421875,109.2421875,109.234375,109.234375,1465.0
2025-04-30 18:02:00+00:00,109.2421875,109.25,109.234375,109.234375,1957.0
2025-04-30 18:03:00+00:00,109.25,109.25,109.2421875,109.2421875,797.0
2025-04-30 18:04:00+00:00,109.25,109.25,109.2421875,109.2421875,574.0
2025-04-30 18:05:00+00:00,109.25,109.25,109.2421875,109.2421875,491.0
2025-04-30 18:06:00+00:00,109.25,109.25,109.2421875,109.25,650.0
2025-04-30 18:07:00+00:00,109.1875,109.2421875,109.1484375,109.2421875,16091.0
2025-04-30 18:08:00+00:00,109.1953125,109.203125,109.1875,109.1875,4348.0
2025-04-30 18:09:00+00:00,109.21875,109.21875,109.1953125,109.1953125,1351.0
2025-04-30 18:10:00+00:00,109.2109375,109.21875,109.203125,109.21875,2726.0
2025-04-30 18:11:00+00:00,109.21875,109.21875,109.2109375,109.2109375,1618.0
2025-04-30 18:12:00+00:00,109.2109375,109.21875,109.2109375,109.21875,850.0
2025-04-30 18:13:00+00:00,109.203125,109.21875,109.203125,109.2109375,1853.0
2025-04-30 18:14:00+00:00,109.1953125,109.2109375,109.1953125,109.2109375,1313.0
2025-04-30 18:15:00+00:00,109.2109375,109.2109375,109.1875,109.1953125,3891.0
2025-04-30 18:16:00+00:00,109.2109375,109.2109375,109.203125,109.203125,1808.0
2025-04-30 18:17:00+00:00,109.203125,109.2109375,109.203125,109.2109375,2624.0
2025-04-30 18:18:00+00:00,109.1875,109.203125,109.1875,109.203125,643.0
2025-04-30 18:19:00+00:00,109.171875,109.1875,109.171875,109.1796875,2642.0
2025-04-30 18:20:00+00:00,109.171875,109.1796875,109.171875,109.171875,633.0
2025-04-30 18:21:00+00:00,109.171875,109.1796875,109.171875,109.171875,1683.0
2025-04-30 18:22:00+00:00,109.1875,109.1875,109.171875,109.171875,4120.0
2025-04-30 18:23:00+00:00,109.171875,109.1953125,109.1640625,109.1796875,3676.0
2025-04-30 18:24:00+00:00,109.1953125,109.2109375,109.171875,109.171875,7906.0
2025-04-30 18:25:00+00:00,109.203125,109.2109375,109.203125,109.203125,1654.0
2025-04-30 18:26:00+00:00,109.1875,109.203125,109.1875,109.203125,2001.0
2025-04-30 18:27:00+00:00,109.1796875,109.1796875,109.1796875,109.1796875,1967.0
2025-04-30 18:28:00+00:00,109.1796875,109.1796875,109.1796875,109.1796875,670.0
2025-04-30 18:29:00+00:00,109.1953125,109.1953125,109.1796875,109.1796875,1613.0
2025-04-30 18:30:00+00:00,109.2109375,109.2109375,109.1953125,109.1953125,1984.0
2025-04-30 18:31:00+00:00,109.1953125,109.2109375,109.1953125,109.2109375,1000.0
2025-04-30 18:32:00+00:00,109.203125,109.203125,109.1953125,109.203125,809.0
2025-04-30 18:33:00+00:00,109.203125,109.2109375,109.1953125,109.203125,1085.0
2025-04-30 18:34:00+00:00,109.1875,109.203125,109.1875,109.203125,3624.0
2025-04-30 18:35:00+00:00,109.1875,109.1953125,109.1875,109.1875,509.0
2025-04-30 18:36:00+00:00,109.1953125,109.1953125,109.1875,109.1953125,548.0
2025-04-30 18:37:00+00:00,109.1875,109.1953125,109.1796875,109.1953125,2303.0
2025-04-30 18:38:00+00:00,109.203125,109.203125,109.1875,109.1875,308.0
2025-04-30 18:39:00+00:00,109.1875,109.1953125,109.1875,109.1953125,230.0
2025-04-30 18:40:00+00:00,109.1953125,109.203125,109.1953125,109.1953125,761.0
2025-04-30 18:41:00+00:00,109.1953125,109.203125,109.1875,109.1953125,1639.0
2025-04-30 18:42:00+00:00,109.1796875,109.1953125,109.1796875,109.1953125,1553.0
2025-04-30 18:43:00+00:00,109.1953125,109.1953125,109.171875,109.1875,4087.0
2025-04-30 18:44:00+00:00,109.1875,109.203125,109.1875,109.1953125,2067.0
2025-04-30 18:45:00+00:00,109.1796875,109.1875,109.1796875,109.1875,1000.0
2025-04-30 18:46:00+00:00,109.1875,109.1953125,109.1875,109.1875,714.0
2025-04-30 18:47:00+00:00,109.1953125,109.1953125,109.1796875,109.1875,1241.0
2025-04-30 18:48:00+00:00,109.1796875,109.1953125,109.1796875,109.1953125,1325.0
2025-04-30 18:49:00+00:00,109.1875,109.1875,109.171875,109.1796875,5455.0
2025-04-30 18:50:00+00:00,109.1796875,109.1953125,109.1796875,109.1875,2255.0
2025-04-30 18:51:00+00:00,109.1796875,109.1875,109.1796875,109.1875,2038.0
2025-04-30 18:52:00+00:00,109.171875,109.1875,109.171875,109.1796875,556.0
2025-04-30 18:53:00+00:00,109.171875,109.171875,109.1640625,109.171875,1655.0
2025-04-30 18:54:00+00:00,109.171875,109.1796875,109.1640625,109.171875,1203.0
2025-04-30 18:55:00+00:00,109.171875,109.1875,109.171875,109.1796875,2641.0
2025-04-30 18:56:00+00:00,109.1796875,109.1875,109.171875,109.1796875,310.0
2025-04-30 18:57:00+00:00,109.1875,109.1875,109.1796875,109.1875,476.0
2025-04-30 18:58:00+00:00,109.1875,109.1953125,109.1796875,109.1875,5603.0
2025-04-30 18:59:00+00:00,109.1953125,109.2109375,109.1796875,109.1953125,32040.0
2025-04-30 19:00:00+00:00,109.234375,109.234375,109.1953125,109.203125,7780.0
2025-04-30 19:01:00+00:00,109.234375,109.2421875,109.21875,109.2265625,5610.0
2025-04-30 19:02:00+00:00,109.2421875,109.25,109.234375,109.2421875,3478.0
2025-04-30 19:03:00+00:00,109.2265625,109.2421875,109.2265625,109.2421875,1075.0
2025-04-30 19:04:00+00:00,109.2265625,109.234375,109.21875,109.2265625,1597.0
2025-04-30 19:05:00+00:00,109.2421875,109.2421875,109.2265625,109.2265625,8383.0
2025-04-30 19:06:00+00:00,109.2421875,109.2421875,109.234375,109.2421875,137.0
2025-04-30 19:07:00+00:00,109.25,109.2578125,109.2421875,109.2421875,5799.0
2025-04-30 19:08:00+00:00,109.25,109.25,109.2421875,109.25,2885.0
2025-04-30 19:09:00+00:00,109.25,109.2578125,109.25,109.25,1201.0
2025-04-30 19:10:00+00:00,109.265625,109.265625,109.2578125,109.2578125,1457.0
2025-04-30 19:11:00+00:00,109.2578125,109.265625,109.25,109.265625,2198.0
2025-04-30 19:12:00+00:00,109.2421875,109.2578125,109.2421875,109.25,383.0
2025-04-30 19:13:00+00:00,109.25,109.2578125,109.25,109.25,1616.0
2025-04-30 19:14:00+00:00,109.2421875,109.2578125,109.2421875,109.25,483.0
2025-04-30 19:15:00+00:00,109.2578125,109.2578125,109.25,109.25,1181.0
2025-04-30 19:16:00+00:00,109.265625,109.2734375,109.25,109.25,1874.0
2025-04-30 19:17:00+00:00,109.28125,109.28125,109.2578125,109.2578125,3045.0
2025-04-30 19:18:00+00:00,109.28125,109.28125,109.2734375,109.2734375,1150.0
2025-04-30 19:19:00+00:00,109.2890625,109.2890625,109.2734375,109.2734375,1524.0
2025-04-30 19:20:00+00:00,109.2890625,109.296875,109.2734375,109.28125,3670.0
2025-04-30 19:21:00+00:00,109.2890625,109.2890625,109.28125,109.28125,1835.0
2025-04-30 19:22:00+00:00,109.296875,109.3046875,109.28125,109.28125,2254.0
2025-04-30 19:23:00+00:00,109.296875,109.3046875,109.2890625,109.296875,1288.0
2025-04-30 19:24:00+00:00,109.3046875,109.3046875,109.2890625,109.296875,962.0
2025-04-30 19:25:00+00:00,109.3046875,109.3125,109.296875,109.296875,3276.0
2025-04-30 19:26:00+00:00,109.3203125,109.3203125,109.3046875,109.3125,3535.0
2025-04-30 19:27:00+00:00,109.3203125,109.328125,109.3125,109.3125,2724.0
2025-04-30 19:28:00+00:00,109.3203125,109.328125,109.3125,109.3203125,3694.0
2025-04-30 19:29:00+00:00,109.3203125,109.328125,109.3203125,109.328125,2180.0
2025-04-30 19:30:00+00:00,109.3203125,109.328125,109.3125,109.3125,1981.0
2025-04-30 19:31:00+00:00,109.3125,109.328125,109.3125,109.3203125,3952.0
2025-04-30 19:32:00+00:00,109.3046875,109.3125,109.3046875,109.3125,2341.0
2025-04-30 19:33:00+00:00,109.3046875,109.3125,109.296875,109.3046875,1945.0
2025-04-30 19:34:00+00:00,109.3046875,109.3125,109.296875,109.296875,3781.0
2025-04-30 19:35:00+00:00,109.296875,109.3046875,109.296875,109.3046875,3537.0
2025-04-30 19:36:00+00:00,109.2890625,109.296875,109.28125,109.2890625,2290.0
2025-04-30 19:37:00+00:00,109.28125,109.2890625,109.28125,109.2890625,1600.0
2025-04-30 19:38:00+00:00,109.296875,109.296875,109.28125,109.2890625,1687.0
2025-04-30 19:39:00+00:00,109.3046875,109.3125,109.2890625,109.2890625,5475.0
2025-04-30 19:40:00+00:00,109.3125,109.3203125,109.3046875,109.3046875,4119.0
2025-04-30 19:41:00+00:00,109.3203125,109.3203125,109.3125,109.3125,2134.0
2025-04-30 19:42:00+00:00,109.328125,109.3359375,109.3203125,109.3203125,5036.0
2025-04-30 19:43:00+00:00,109.34375,109.34375,109.328125,109.328125,5097.0
2025-04-30 19:44:00+00:00,109.34375,109.3515625,109.3359375,109.3359375,6016.0
2025-04-30 19:45:00+00:00,109.34375,109.3515625,109.3359375,109.34375,5257.0
2025-04-30 19:46:00+00:00,109.3515625,109.359375,109.34375,109.34375,6145.0
2025-04-30 19:47:00+00:00,109.359375,109.359375,109.3515625,109.3515625,7533.0
2025-04-30 19:48:00+00:00,109.3515625,109.359375,109.34375,109.3515625,8663.0
2025-04-30 19:49:00+00:00,109.3671875,109.375,109.3515625,109.3515625,6863.0
2025-04-30 19:50:00+00:00,109.375,109.3828125,109.3671875,109.375,4451.0
2025-04-30 19:51:00+00:00,109.3671875,109.3828125,109.359375,109.375,4180.0
2025-04-30 19:52:00+00:00,109.3828125,109.3828125,109.375,109.375,7967.0
2025-04-30 19:53:00+00:00,109.3671875,109.3828125,109.3671875,109.375,6761.0
2025-04-30 19:54:00+00:00,109.3671875,109.375,109.359375,109.375,5435.0
2025-04-30 19:55:00+00:00,109.3515625,109.3671875,109.3359375,109.3671875,13846.0
2025-04-30 19:56:00+00:00,109.328125,109.34375,109.3203125,109.34375,9733.0
2025-04-30 19:57:00+00:00,109.34375,109.3515625,109.3203125,109.3359375,14523.0
2025-04-30 19:58:00+00:00,109.3671875,109.3671875,109.3359375,109.3515625,20145.0
2025-04-30 19:59:00+00:00,109.375,109.3828125,109.3125,109.3671875,153427.0
2025-04-30 20:00:00+00:00,109.3515625,109.3984375,109.3203125,109.3671875,81166.0
2025-04-30 20:01:00+00:00,109.34375,109.359375,109.3203125,109.3515625,23754.0
2025-04-30 20:02:00+00:00,109.359375,109.375,109.3359375,109.34375,9612.0
2025-04-30 20:03:00+00:00,109.3515625,109.3671875,109.3359375,109.3515625,11709.0
2025-04-30 20:04:00+00:00,109.3515625,109.359375,109.3359375,109.359375,4089.0
2025-04-30 20:05:00+00:00,109.3515625,109.3671875,109.34375,109.3515625,8741.0
2025-04-30 20:06:00+00:00,109.3515625,109.359375,109.3515625,109.359375,9284.0
2025-04-30 20:07:00+00:00,109.3359375,109.3515625,109.3359375,109.3515625,2670.0
2025-04-30 20:08:00+00:00,109.3203125,109.34375,109.3125,109.34375,7274.0
2025-04-30 20:09:00+00:00,109.3203125,109.328125,109.3203125,109.3203125,3558.0
2025-04-30 20:10:00+00:00,109.3125,109.328125,109.3125,109.328125,4811.0
2025-04-30 20:11:00+00:00,109.296875,109.3125,109.296875,109.3125,2102.0
2025-04-30 20:12:00+00:00,109.3046875,109.3046875,109.296875,109.296875,5515.0
2025-04-30 20:13:00+00:00,109.296875,109.3046875,109.296875,109.296875,3673.0
2025-04-30 20:14:00+00:00,109.2890625,109.296875,109.2890625,109.296875,3252.0
2025-04-30 20:15:00+00:00,109.2890625,109.2890625,109.28125,109.2890625,2864.0
2025-04-30 20:16:00+00:00,109.2890625,109.2890625,109.28125,109.2890625,1260.0
2025-04-30 20:17:00+00:00,109.28125,109.2890625,109.28125,109.28125,1752.0
2025-04-30 20:18:00+00:00,109.3046875,109.3046875,109.28125,109.2890625,3107.0
2025-04-30 20:19:00+00:00,109.2890625,109.3046875,109.28125,109.296875,3380.0
2025-04-30 20:20:00+00:00,109.2890625,109.296875,109.2890625,109.2890625,640.0
2025-04-30 20:21:00+00:00,109.2890625,109.2890625,109.28125,109.28125,809.0
2025-04-30 20:22:00+00:00,109.2890625,109.2890625,109.28125,109.2890625,617.0
2025-04-30 20:23:00+00:00,109.2890625,109.296875,109.28125,109.2890625,1041.0
2025-04-30 20:24:00+00:00,109.2734375,109.296875,109.2734375,109.2890625,1537.0
2025-04-30 20:25:00+00:00,109.25,109.28125,109.25,109.2734375,3730.0
2025-04-30 20:26:00+00:00,109.2421875,109.25,109.2421875,109.2421875,2214.0
2025-04-30 20:27:00+00:00,109.25,109.25,109.2421875,109.25,1580.0
2025-04-30 20:28:00+00:00,109.265625,109.265625,109.2421875,109.25,2329.0
2025-04-30 20:29:00+00:00,109.265625,109.2734375,109.265625,109.2734375,958.0
2025-04-30 20:30:00+00:00,109.25,109.2734375,109.2421875,109.2734375,2170.0
2025-04-30 20:31:00+00:00,109.2578125,109.265625,109.25,109.25,746.0
2025-04-30 20:32:00+00:00,109.265625,109.265625,109.2578125,109.2578125,810.0
2025-04-30 20:33:00+00:00,109.2578125,109.2578125,109.25,109.2578125,717.0
2025-04-30 20:34:00+00:00,109.2578125,109.2578125,109.25,109.25,1722.0
2025-04-30 20:35:00+00:00,109.25,109.2578125,109.2421875,109.25,1386.0
2025-04-30 20:36:00+00:00,109.2578125,109.2578125,109.25,109.25,769.0
2025-04-30 20:37:00+00:00,109.2578125,109.265625,109.25,109.2578125,811.0
2025-04-30 20:38:00+00:00,109.25,109.265625,109.25,109.2578125,1863.0
2025-04-30 20:39:00+00:00,109.25,109.2578125,109.25,109.2578125,399.0
2025-04-30 20:40:00+00:00,109.25,109.25,109.2421875,109.25,3109.0
2025-04-30 20:41:00+00:00,109.2578125,109.265625,109.25,109.25,838.0
2025-04-30 20:42:00+00:00,109.25,109.2578125,109.25,109.25,577.0
2025-04-30 20:43:00+00:00,109.2734375,109.2734375,109.25,109.2578125,1288.0
2025-04-30 20:44:00+00:00,109.28125,109.28125,109.2734375,109.28125,1233.0
2025-04-30 20:45:00+00:00,109.2734375,109.28125,109.2734375,109.28125,713.0
2025-04-30 20:46:00+00:00,109.2734375,109.2734375,109.265625,109.2734375,1642.0
2025-04-30 20:47:00+00:00,109.265625,109.2734375,109.265625,109.265625,1190.0
2025-04-30 20:48:00+00:00,109.265625,109.265625,109.2578125,109.265625,519.0
2025-04-30 20:49:00+00:00,109.265625,109.265625,109.25,109.2578125,2993.0
2025-04-30 20:50:00+00:00,109.265625,109.2734375,109.2578125,109.2734375,2142.0
2025-04-30 20:51:00+00:00,109.2578125,109.265625,109.2578125,109.265625,1469.0
2025-04-30 20:52:00+00:00,109.265625,109.265625,109.2578125,109.2578125,1793.0
2025-04-30 20:53:00+00:00,109.265625,109.2734375,109.2578125,109.265625,2167.0
2025-04-30 20:54:00+00:00,109.2734375,109.2734375,109.265625,109.265625,2077.0
2025-04-30 20:55:00+00:00,109.2734375,109.2734375,109.265625,109.265625,1526.0
2025-04-30 20:56:00+00:00,109.28125,109.2890625,109.2734375,109.28125,1421.0
2025-04-30 20:57:00+00:00,109.3125,109.3125,109.2890625,109.2890625,3686.0
2025-04-30 20:58:00+00:00,109.296875,109.3125,109.2890625,109.3125,5075.0
2025-04-30 20:59:00+00:00,109.296875,109.3046875,109.296875,109.296875,0.0
2025-04-30 22:00:00+00:00,109.265625,109.2890625,109.2578125,109.28125,888.0
2025-04-30 22:01:00+00:00,109.28125,109.28125,109.265625,109.265625,133.0
2025-04-30 22:02:00+00:00,109.28125,109.28125,109.28125,109.28125,16.0
2025-04-30 22:03:00+00:00,109.2734375,109.2734375,109.265625,109.2734375,90.0
2025-04-30 22:04:00+00:00,109.2734375,109.2734375,109.265625,109.2734375,36.0
2025-04-30 22:05:00+00:00,109.28125,109.28125,109.265625,109.265625,139.0
2025-04-30 22:06:00+00:00,109.2734375,109.2734375,109.2734375,109.2734375,98.0
2025-04-30 22:07:00+00:00,109.2734375,109.2734375,109.2734375,109.2734375,22.0
2025-04-30 22:08:00+00:00,109.265625,109.2734375,109.265625,109.2734375,189.0
2025-04-30 22:10:00+00:00,109.265625,109.2734375,109.265625,109.2734375,8.0
2025-04-30 22:11:00+00:00,109.2734375,109.2734375,109.2734375,109.2734375,74.0
2025-04-30 22:12:00+00:00,109.265625,109.265625,109.265625,109.265625,6.0
2025-04-30 22:13:00+00:00,109.265625,109.265625,109.265625,109.265625,113.0
2025-04-30 22:14:00+00:00,109.265625,109.265625,109.265625,109.265625,47.0
2025-04-30 22:15:00+00:00,109.2734375,109.2734375,109.265625,109.265625,14.0
2025-04-30 22:16:00+00:00,109.265625,109.265625,109.265625,109.265625,97.0
2025-04-30 22:17:00+00:00,109.265625,109.2734375,109.265625,109.2734375,28.0
2025-04-30 22:18:00+00:00,109.2734375,109.2734375,109.265625,109.2734375,113.0
2025-04-30 22:19:00+00:00,109.2734375,109.2734375,109.2734375,109.2734375,54.0
2025-04-30 22:20:00+00:00,109.2734375,109.2734375,109.2734375,109.2734375,122.0
2025-04-30 22:21:00+00:00,109.265625,109.2734375,109.265625,109.265625,5.0
2025-04-30 22:23:00+00:00,109.265625,109.265625,109.265625,109.265625,207.0
2025-04-30 22:25:00+00:00,109.2734375,109.2734375,109.2734375,109.2734375,3.0
2025-04-30 22:28:00+00:00,109.2734375,109.2734375,109.2734375,109.2734375,1.0
2025-04-30 22:29:00+00:00,109.265625,109.2734375,109.265625,109.265625,6.0
2025-04-30 22:30:00+00:00,109.265625,109.265625,109.2578125,109.265625,26.0
2025-04-30 22:31:00+00:00,109.2578125,109.265625,109.2578125,109.265625,76.0
2025-04-30 22:32:00+00:00,109.2578125,109.2578125,109.2578125,109.2578125,1.0
2025-04-30 22:33:00+00:00,109.25,109.2578125,109.25,109.2578125,57.0
2025-04-30 22:34:00+00:00,109.2578125,109.2578125,109.2578125,109.2578125,8.0
2025-04-30 22:35:00+00:00,109.265625,109.265625,109.2578125,109.265625,62.0
2025-04-30 22:36:00+00:00,109.2578125,109.265625,109.2578125,109.2578125,351.0
2025-04-30 22:37:00+00:00,109.265625,109.265625,109.2578125,109.2578125,23.0
2025-04-30 22:38:00+00:00,109.265625,109.265625,109.2578125,109.265625,1452.0
2025-04-30 22:39:00+00:00,109.265625,109.265625,109.265625,109.265625,58.0
2025-04-30 22:40:00+00:00,109.265625,109.265625,109.265625,109.265625,138.0
2025-04-30 22:41:00+00:00,109.265625,109.265625,109.265625,109.265625,51.0
2025-04-30 22:42:00+00:00,109.265625,109.265625,109.2578125,109.2578125,16.0
2025-04-30 22:43:00+00:00,109.265625,109.265625,109.2578125,109.265625,36.0
2025-04-30 22:44:00+00:00,109.265625,109.265625,109.265625,109.265625,305.0
2025-04-30 22:45:00+00:00,109.2578125,109.265625,109.2578125,109.265625,40.0
2025-04-30 22:46:00+00:00,109.25,109.2578125,109.25,109.2578125,251.0
2025-04-30 22:47:00+00:00,109.2421875,109.25,109.2421875,109.25,60.0
2025-04-30 22:48:00+00:00,109.2421875,109.25,109.2421875,109.25,117.0
2025-04-30 22:49:00+00:00,109.25,109.25,109.2421875,109.2421875,38.0
2025-04-30 22:50:00+00:00,109.25,109.25,109.25,109.25,376.0
2025-04-30 22:51:00+00:00,109.25,109.25,109.25,109.25,59.0
2025-04-30 22:52:00+00:00,109.2578125,109.2578125,109.25,109.25,76.0
2025-04-30 22:53:00+00:00,109.25,109.2578125,109.25,109.2578125,186.0
2025-04-30 22:54:00+00:00,109.25,109.25,109.25,109.25,142.0
2025-04-30 22:56:00+00:00,109.25,109.25,109.25,109.25,67.0
2025-04-30 22:57:00+00:00,109.25,109.25,109.25,109.25,98.0
2025-04-30 22:58:00+00:00,109.2421875,109.2421875,109.2421875,109.2421875,5.0
2025-04-30 23:00:00+00:00,109.2578125,109.2578125,109.25,109.25,104.0
2025-04-30 23:01:00+00:00,109.2578125,109.2578125,109.2578125,109.2578125,13.0
2025-04-30 23:02:00+00:00,109.2578125,109.2578125,109.25,109.25,45.0
2025-04-30 23:03:00+00:00,109.25,109.2578125,109.25,109.2578125,204.0
2025-04-30 23:06:00+00:00,109.2578125,109.2578125,109.2578125,109.2578125,82.0
2025-04-30 23:07:00+00:00,109.25,109.25,109.25,109.25,3.0
2025-04-30 23:08:00+00:00,109.25,109.25,109.25,109.25,20.0
2025-04-30 23:10:00+00:00,109.25,109.25,109.25,109.25,470.0
2025-04-30 23:11:00+00:00,109.2421875,109.2421875,109.2421875,109.2421875,174.0
2025-04-30 23:12:00+00:00,109.2421875,109.2421875,109.2421875,109.2421875,45.0
2025-04-30 23:15:00+00:00,109.2421875,109.2421875,109.2421875,109.2421875,21.0
2025-04-30 23:16:00+00:00,109.2421875,109.2421875,109.2421875,109.2421875,4.0
2025-04-30 23:17:00+00:00,109.2421875,109.2421875,109.2421875,109.2421875,7.0
2025-04-30 23:18:00+00:00,109.2421875,109.2421875,109.2421875,109.2421875,6.0
2025-04-30 23:19:00+00:00,109.2421875,109.25,109.2421875,109.2421875,25.0
2025-04-30 23:21:00+00:00,109.25,109.25,109.25,109.25,1.0
2025-04-30 23:25:00+00:00,109.2421875,109.2421875,109.2421875,109.2421875,60.0
2025-04-30 23:26:00+00:00,109.2421875,109.2421875,109.2421875,109.2421875,27.0
2025-04-30 23:29:00+00:00,109.2265625,109.234375,109.2265625,109.234375,199.0
2025-04-30 23:30:00+00:00,109.234375,109.2421875,109.234375,109.234375,82.0
2025-04-30 23:31:00+00:00,109.2421875,109.2421875,109.2421875,109.2421875,14.0
2025-04-30 23:32:00+00:00,109.2421875,109.2421875,109.234375,109.2421875,1083.0
2025-04-30 23:33:00+00:00,109.2421875,109.2421875,109.2421875,109.2421875,362.0
2025-04-30 23:34:00+00:00,109.25,109.25,109.2421875,109.2421875,361.0
2025-04-30 23:36:00+00:00,109.2421875,109.25,109.2421875,109.25,40.0
2025-04-30 23:37:00+00:00,109.2421875,109.2421875,109.2421875,109.2421875,171.0
2025-04-30 23:38:00+00:00,109.2421875,109.2421875,109.2421875,109.2421875,86.0
2025-04-30 23:39:00+00:00,109.234375,109.234375,109.234375,109.234375,8.0
2025-04-30 23:40:00+00:00,109.2421875,109.2421875,109.2421875,109.2421875,228.0
2025-04-30 23:41:00+00:00,109.2421875,109.2421875,109.234375,109.234375,114.0
2025-04-30 23:43:00+00:00,109.234375,109.2421875,109.234375,109.2421875,24.0
2025-04-30 23:45:00+00:00,109.2421875,109.2421875,109.2421875,109.2421875,26.0
2025-04-30 23:46:00+00:00,109.234375,109.2421875,109.234375,109.2421875,5.0
2025-04-30 23:47:00+00:00,109.234375,109.2421875,109.234375,109.2421875,124.0
2025-04-30 23:48:00+00:00,109.234375,109.234375,109.234375,109.234375,14.0
2025-04-30 23:50:00+00:00,109.234375,109.234375,109.234375,109.234375,240.0
2025-04-30 23:51:00+00:00,109.2265625,109.2265625,109.2265625,109.2265625,35.0
2025-04-30 23:53:00+00:00,109.2265625,109.2265625,109.2265625,109.2265625,522.0
2025-04-30 23:54:00+00:00,109.2265625,109.2265625,109.2265625,109.2265625,225.0
2025-04-30 23:56:00+00:00,109.2265625,109.2265625,109.2265625,109.2265625,121.0
2025-04-30 23:57:00+00:00,109.2265625,109.2265625,109.2265625,109.2265625,25.0
2025-04-30 23:58:00+00:00,109.2265625,109.2265625,109.2265625,109.2265625,52.0
2025-04-30 23:59:00+00:00,109.2265625,109.2265625,109.2265625,109.2265625,2.0
2025-05-01 00:00:00+00:00,109.2265625,109.2265625,109.2265625,109.2265625,400.0
2025-05-01 00:01:00+00:00,109.234375,109.234375,109.234375,109.234375,263.0
2025-05-01 00:02:00+00:00,109.234375,109.234375,109.234375,109.234375,24.0
2025-05-01 00:03:00+00:00,109.234375,109.234375,109.234375,109.234375,54.0
2025-05-01 00:04:00+00:00,109.234375,109.2421875,109.234375,109.234375,118.0
2025-05-01 00:05:00+00:00,109.2421875,109.2421875,109.234375,109.234375,99.0
2025-05-01 00:06:00+00:00,109.25,109.25,109.2421875,109.2421875,49.0
2025-05-01 00:07:00+00:00,109.2421875,109.2421875,109.2421875,109.2421875,55.0
2025-05-01 00:08:00+00:00,109.2421875,109.2421875,109.2421875,109.2421875,1.0
2025-05-01 00:09:00+00:00,109.234375,109.234375,109.234375,109.234375,125.0
2025-05-01 00:10:00+00:00,109.234375,109.234375,109.234375,109.234375,82.0
2025-05-01 00:11:00+00:00,109.234375,109.234375,109.234375,109.234375,545.0
2025-05-01 00:12:00+00:00,109.234375,109.2421875,109.234375,109.2421875,78.0
2025-05-01 00:13:00+00:00,109.234375,109.234375,109.234375,109.234375,2.0
2025-05-01 00:14:00+00:00,109.234375,109.234375,109.234375,109.234375,194.0
2025-05-01 00:15:00+00:00,109.234375,109.234375,109.234375,109.234375,241.0
2025-05-01 00:16:00+00:00,109.234375,109.234375,109.234375,109.234375,222.0
2025-05-01 00:17:00+00:00,109.234375,109.234375,109.234375,109.234375,4.0
2025-05-01 00:19:00+00:00,109.234375,109.234375,109.234375,109.234375,63.0
2025-05-01 00:20:00+00:00,109.2265625,109.234375,109.2265625,109.234375,266.0
2025-05-01 00:21:00+00:00,109.2109375,109.21875,109.2109375,109.21875,898.0
2025-05-01 00:22:00+00:00,109.203125,109.2109375,109.203125,109.2109375,148.0
2025-05-01 00:23:00+00:00,109.203125,109.203125,109.203125,109.203125,1479.0
2025-05-01 00:24:00+00:00,109.1875,109.1953125,109.1875,109.1953125,573.0
2025-05-01 00:25:00+00:00,109.1953125,109.1953125,109.1875,109.1953125,100.0
2025-05-01 00:26:00+00:00,109.1875,109.1875,109.1875,109.1875,992.0
2025-05-01 00:27:00+00:00,109.1953125,109.1953125,109.1875,109.1875,230.0
2025-05-01 00:28:00+00:00,109.1953125,109.1953125,109.1953125,109.1953125,6.0
2025-05-01 00:29:00+00:00,109.1953125,109.1953125,109.1953125,109.1953125,8.0
2025-05-01 00:30:00+00:00,109.203125,109.203125,109.1953125,109.1953125,572.0
2025-05-01 00:31:00+00:00,109.2109375,109.2109375,109.2109375,109.2109375,5.0
2025-05-01 00:33:00+00:00,109.203125,109.2109375,109.203125,109.203125,53.0
2025-05-01 00:34:00+00:00,109.2109375,109.2109375,109.203125,109.203125,65.0
2025-05-01 00:35:00+00:00,109.203125,109.203125,109.203125,109.203125,85.0
2025-05-01 00:36:00+00:00,109.203125,109.203125,109.203125,109.203125,9.0
2025-05-01 00:38:00+00:00,109.2109375,109.2109375,109.2109375,109.2109375,2.0
2025-05-01 00:39:00+00:00,109.2109375,109.2109375,109.203125,109.203125,41.0
2025-05-01 00:40:00+00:00,109.2109375,109.2109375,109.2109375,109.2109375,345.0
2025-05-01 00:41:00+00:00,109.2109375,109.2109375,109.2109375,109.2109375,150.0
2025-05-01 00:42:00+00:00,109.2109375,109.2109375,109.203125,109.2109375,597.0
2025-05-01 00:43:00+00:00,109.2109375,109.2109375,109.2109375,109.2109375,62.0
2025-05-01 00:45:00+00:00,109.2109375,109.2109375,109.2109375,109.2109375,87.0
2025-05-01 00:49:00+00:00,109.203125,109.203125,109.203125,109.203125,492.0
2025-05-01 00:51:00+00:00,109.203125,109.203125,109.203125,109.203125,51.0
2025-05-01 00:52:00+00:00,109.203125,109.203125,109.203125,109.203125,117.0
2025-05-01 00:53:00+00:00,109.203125,109.2109375,109.203125,109.203125,411.0
2025-05-01 00:55:00+00:00,109.2109375,109.2109375,109.2109375,109.2109375,26.0
2025-05-01 00:57:00+00:00,109.21875,109.21875,109.21875,109.21875,2.0
2025-05-01 00:59:00+00:00,109.2109375,109.2109375,109.2109375,109.2109375,1.0
2025-05-01 01:00:00+00:00,109.2109375,109.21875,109.2109375,109.21875,163.0
2025-05-01 01:01:00+00:00,109.2109375,109.2109375,109.2109375,109.2109375,4.0
2025-05-01 01:02:00+00:00,109.2109375,109.2109375,109.2109375,109.2109375,557.0
2025-05-01 01:04:00+00:00,109.2109375,109.2109375,109.2109375,109.2109375,58.0
2025-05-01 01:05:00+00:00,109.21875,109.21875,109.2109375,109.2109375,5.0
2025-05-01 01:07:00+00:00,109.2109375,109.2109375,109.2109375,109.2109375,30.0
2025-05-01 01:08:00+00:00,109.2109375,109.2109375,109.2109375,109.2109375,33.0
2025-05-01 01:09:00+00:00,109.21875,109.21875,109.21875,109.21875,225.0
2025-05-01 01:11:00+00:00,109.2109375,109.21875,109.2109375,109.21875,149.0
2025-05-01 01:13:00+00:00,109.2109375,109.2109375,109.2109375,109.2109375,72.0
2025-05-01 01:14:00+00:00,109.2109375,109.21875,109.2109375,109.21875,122.0
2025-05-01 01:17:00+00:00,109.2109375,109.2109375,109.2109375,109.2109375,12.0
2025-05-01 01:18:00+00:00,109.2109375,109.2109375,109.2109375,109.2109375,7.0
2025-05-01 01:19:00+00:00,109.2109375,109.2109375,109.2109375,109.2109375,189.0
2025-05-01 01:22:00+00:00,109.2109375,109.2109375,109.203125,109.203125,34.0
2025-05-01 01:23:00+00:00,109.2109375,109.2109375,109.203125,109.2109375,6.0
2025-05-01 01:24:00+00:00,109.2109375,109.2109375,109.203125,109.2109375,34.0
2025-05-01 01:28:00+00:00,109.203125,109.2109375,109.203125,109.2109375,1244.0
2025-05-01 01:30:00+00:00,109.203125,109.2109375,109.203125,109.2109375,272.0
2025-05-01 01:31:00+00:00,109.203125,109.2109375,109.203125,109.203125,152.0
2025-05-01 01:32:00+00:00,109.203125,109.203125,109.1953125,109.203125,111.0
2025-05-01 01:33:00+00:00,109.203125,109.203125,109.1953125,109.1953125,144.0
2025-05-01 01:34:00+00:00,109.1953125,109.1953125,109.1875,109.1953125,553.0
2025-05-01 01:35:00+00:00,109.1953125,109.1953125,109.1875,109.1875,41.0
2025-05-01 01:36:00+00:00,109.1875,109.1875,109.1875,109.1875,492.0
2025-05-01 01:37:00+00:00,109.1796875,109.1875,109.1796875,109.1875,640.0
2025-05-01 01:38:00+00:00,109.1875,109.1875,109.1796875,109.1875,79.0
2025-05-01 01:39:00+00:00,109.1953125,109.1953125,109.1875,109.1875,300.0
2025-05-01 01:40:00+00:00,109.1953125,109.1953125,109.1953125,109.1953125,289.0
2025-05-01 01:43:00+00:00,109.1953125,109.1953125,109.1953125,109.1953125,26.0
2025-05-01 01:44:00+00:00,109.1953125,109.1953125,109.1953125,109.1953125,135.0
2025-05-01 01:45:00+00:00,109.1953125,109.1953125,109.1953125,109.1953125,100.0
2025-05-01 01:47:00+00:00,109.203125,109.203125,109.203125,109.203125,134.0
2025-05-01 01:50:00+00:00,109.1953125,109.1953125,109.1953125,109.1953125,331.0
2025-05-01 01:52:00+00:00,109.203125,109.203125,109.203125,109.203125,143.0
2025-05-01 01:53:00+00:00,109.203125,109.203125,109.203125,109.203125,45.0
2025-05-01 01:54:00+00:00,109.203125,109.203125,109.203125,109.203125,131.0
2025-05-01 01:56:00+00:00,109.1953125,109.1953125,109.1953125,109.1953125,14.0
2025-05-01 01:57:00+00:00,109.1953125,109.1953125,109.1953125,109.1953125,1.0
2025-05-01 01:59:00+00:00,109.1953125,109.1953125,109.1953125,109.1953125,35.0
2025-05-01 02:00:00+00:00,109.1953125,109.203125,109.1875,109.203125,736.0
2025-05-01 02:01:00+00:00,109.1953125,109.1953125,109.1875,109.1953125,302.0
2025-05-01 02:02:00+00:00,109.1953125,109.1953125,109.1953125,109.1953125,102.0
2025-05-01 02:04:00+00:00,109.1953125,109.1953125,109.1953125,109.1953125,70.0
2025-05-01 02:05:00+00:00,109.1953125,109.1953125,109.1875,109.1953125,21.0
2025-05-01 02:06:00+00:00,109.1953125,109.1953125,109.1953125,109.1953125,23.0
2025-05-01 02:08:00+00:00,109.1953125,109.1953125,109.1953125,109.1953125,15.0
2025-05-01 02:12:00+00:00,109.1953125,109.1953125,109.1953125,109.1953125,94.0
2025-05-01 02:15:00+00:00,109.1953125,109.1953125,109.1953125,109.1953125,174.0
2025-05-01 02:17:00+00:00,109.1953125,109.1953125,109.1953125,109.1953125,49.0
2025-05-01 02:19:00+00:00,109.2109375,109.2109375,109.203125,109.203125,172.0
2025-05-01 02:23:00+00:00,109.203125,109.203125,109.203125,109.203125,15.0
2025-05-01 02:25:00+00:00,109.203125,109.203125,109.203125,109.203125,14.0
2025-05-01 02:26:00+00:00,109.203125,109.203125,109.203125,109.203125,147.0
2025-05-01 02:28:00+00:00,109.203125,109.2109375,109.203125,109.2109375,30.0
2025-05-01 02:32:00+00:00,109.2109375,109.2109375,109.2109375,109.2109375,193.0
2025-05-01 02:34:00+00:00,109.203125,109.203125,109.203125,109.203125,20.0
2025-05-01 02:39:00+00:00,109.2109375,109.2109375,109.2109375,109.2109375,18.0
2025-05-01 02:45:00+00:00,109.2109375,109.2109375,109.2109375,109.2109375,427.0
2025-05-01 02:46:00+00:00,109.2109375,109.2109375,109.2109375,109.2109375,32.0
2025-05-01 02:47:00+00:00,109.2109375,109.2109375,109.2109375,109.2109375,15.0
2025-05-01 02:48:00+00:00,109.21875,109.21875,109.2109375,109.2109375,304.0
2025-05-01 02:49:00+00:00,109.21875,109.21875,109.21875,109.21875,194.0
2025-05-01 02:53:00+00:00,109.21875,109.21875,109.21875,109.21875,1.0
2025-05-01 02:55:00+00:00,109.2109375,109.21875,109.2109375,109.21875,173.0
2025-05-01 02:56:00+00:00,109.2109375,109.21875,109.2109375,109.21875,46.0
2025-05-01 02:57:00+00:00,109.21875,109.21875,109.21875,109.21875,145.0
2025-05-01 03:00:00+00:00,109.21875,109.21875,109.21875,109.21875,46.0
2025-05-01 03:01:00+00:00,109.21875,109.21875,109.21875,109.21875,10.0
2025-05-01 03:02:00+00:00,109.21875,109.21875,109.21875,109.21875,6.0
2025-05-01 03:03:00+00:00,109.203125,109.2109375,109.203125,109.2109375,427.0
2025-05-01 03:04:00+00:00,109.2109375,109.2109375,109.2109375,109.2109375,349.0
2025-05-01 03:05:00+00:00,109.2109375,109.2109375,109.2109375,109.2109375,145.0
2025-05-01 03:06:00+00:00,109.2109375,109.2109375,109.2109375,109.2109375,25.0
2025-05-01 03:07:00+00:00,109.2109375,109.2109375,109.2109375,109.2109375,63.0
2025-05-01 03:08:00+00:00,109.2109375,109.2109375,109.2109375,109.2109375,92.0
2025-05-01 03:09:00+00:00,109.2109375,109.2109375,109.2109375,109.2109375,3.0
2025-05-01 03:12:00+00:00,109.2109375,109.21875,109.2109375,109.2109375,86.0
2025-05-01 03:13:00+00:00,109.21875,109.21875,109.21875,109.21875,84.0
2025-05-01 03:15:00+00:00,109.21875,109.21875,109.21875,109.21875,178.0
2025-05-01 03:16:00+00:00,109.2265625,109.2265625,109.21875,109.21875,60.0
2025-05-01 03:18:00+00:00,109.21875,109.2265625,109.21875,109.2265625,107.0
2025-05-01 03:22:00+00:00,109.2109375,109.2109375,109.2109375,109.2109375,223.0
2025-05-01 03:23:00+00:00,109.203125,109.203125,109.203125,109.203125,101.0
2025-05-01 03:26:00+00:00,109.203125,109.2109375,109.203125,109.2109375,15.0
2025-05-01 03:27:00+00:00,109.2109375,109.2109375,109.203125,109.203125,38.0
2025-05-01 03:29:00+00:00,109.2109375,109.2109375,109.2109375,109.2109375,14.0
2025-05-01 03:30:00+00:00,109.21875,109.21875,109.2109375,109.2109375,72.0
2025-05-01 03:32:00+00:00,109.21875,109.21875,109.21875,109.21875,124.0
2025-05-01 03:33:00+00:00,109.21875,109.2265625,109.21875,109.21875,404.0
2025-05-01 03:34:00+00:00,109.21875,109.21875,109.21875,109.21875,36.0
2025-05-01 03:35:00+00:00,109.203125,109.21875,109.203125,109.21875,50.0
2025-05-01 03:36:00+00:00,109.203125,109.203125,109.203125,109.203125,26.0
2025-05-01 03:37:00+00:00,109.2109375,109.2109375,109.203125,109.203125,18.0
2025-05-01 03:38:00+00:00,109.203125,109.2109375,109.203125,109.2109375,98.0
2025-05-01 03:39:00+00:00,109.2109375,109.2109375,109.203125,109.203125,148.0
2025-05-01 03:40:00+00:00,109.21875,109.21875,109.2109375,109.2109375,130.0
2025-05-01 03:41:00+00:00,109.21875,109.21875,109.21875,109.21875,165.0
2025-05-01 03:44:00+00:00,109.21875,109.21875,109.21875,109.21875,9.0
2025-05-01 03:45:00+00:00,109.2109375,109.21875,109.2109375,109.2109375,15.0
2025-05-01 03:47:00+00:00,109.21875,109.21875,109.2109375,109.2109375,165.0
2025-05-01 03:49:00+00:00,109.21875,109.21875,109.21875,109.21875,140.0
2025-05-01 03:50:00+00:00,109.2265625,109.2265625,109.21875,109.21875,40.0
2025-05-01 03:52:00+00:00,109.21875,109.21875,109.21875,109.21875,76.0
2025-05-01 03:54:00+00:00,109.21875,109.21875,109.21875,109.21875,31.0
2025-05-01 03:55:00+00:00,109.21875,109.21875,109.21875,109.21875,21.0
2025-05-01 04:01:00+00:00,109.2109375,109.21875,109.2109375,109.2109375,55.0
2025-05-01 04:02:00+00:00,109.2109375,109.2109375,109.2109375,109.2109375,56.0
2025-05-01 04:03:00+00:00,109.2109375,109.2109375,109.2109375,109.2109375,80.0
2025-05-01 04:04:00+00:00,109.2109375,109.21875,109.2109375,109.2109375,45.0
2025-05-01 04:06:00+00:00,109.2109375,109.2109375,109.2109375,109.2109375,41.0
2025-05-01 04:08:00+00:00,109.2109375,109.2109375,109.2109375,109.2109375,78.0
2025-05-01 04:09:00+00:00,109.21875,109.21875,109.21875,109.21875,708.0
2025-05-01 04:10:00+00:00,109.21875,109.21875,109.21875,109.21875,183.0
2025-05-01 04:11:00+00:00,109.21875,109.21875,109.21875,109.21875,256.0
2025-05-01 04:14:00+00:00,109.2265625,109.2265625,109.2265625,109.2265625,523.0
2025-05-01 04:16:00+00:00,109.234375,109.234375,109.234375,109.234375,182.0
2025-05-01 04:19:00+00:00,109.234375,109.234375,109.234375,109.234375,1.0
2025-05-01 04:20:00+00:00,109.2421875,109.2421875,109.234375,109.2421875,145.0
2025-05-01 04:22:00+00:00,109.2421875,109.2421875,109.2421875,109.2421875,3.0
2025-05-01 04:25:00+00:00,109.25,109.25,109.25,109.25,6.0
2025-05-01 04:27:00+00:00,109.2421875,109.2421875,109.2421875,109.2421875,97.0
2025-05-01 04:28:00+00:00,109.2421875,109.25,109.2421875,109.2421875,316.0
2025-05-01 04:31:00+00:00,109.234375,109.234375,109.234375,109.234375,109.0
2025-05-01 04:32:00+00:00,109.2265625,109.2265625,109.2265625,109.2265625,60.0
2025-05-01 04:36:00+00:00,109.2265625,109.2265625,109.2265625,109.2265625,6.0
2025-05-01 04:37:00+00:00,109.21875,109.21875,109.21875,109.21875,240.0
2025-05-01 04:40:00+00:00,109.21875,109.21875,109.21875,109.21875,83.0
2025-05-01 04:41:00+00:00,109.21875,109.21875,109.21875,109.21875,43.0
2025-05-01 04:43:00+00:00,109.21875,109.21875,109.21875,109.21875,96.0
2025-05-01 04:44:00+00:00,109.21875,109.21875,109.21875,109.21875,3.0
2025-05-01 04:45:00+00:00,109.21875,109.21875,109.21875,109.21875,20.0
2025-05-01 04:46:00+00:00,109.21875,109.21875,109.21875,109.21875,50.0
2025-05-01 04:47:00+00:00,109.21875,109.21875,109.21875,109.21875,44.0
2025-05-01 04:48:00+00:00,109.21875,109.21875,109.21875,109.21875,15.0
2025-05-01 04:55:00+00:00,109.2109375,109.21875,109.2109375,109.21875,326.0
2025-05-01 04:56:00+00:00,109.203125,109.203125,109.203125,109.203125,1.0
2025-05-01 04:57:00+00:00,109.203125,109.203125,109.203125,109.203125,99.0
2025-05-01 05:01:00+00:00,109.203125,109.203125,109.203125,109.203125,114.0
2025-05-01 05:02:00+00:00,109.203125,109.203125,109.203125,109.203125,174.0
2025-05-01 05:06:00+00:00,109.203125,109.2109375,109.203125,109.2109375,164.0
2025-05-01 05:08:00+00:00,109.203125,109.203125,109.203125,109.203125,132.0
2025-05-01 05:12:00+00:00,109.1953125,109.203125,109.1953125,109.203125,511.0
2025-05-01 05:13:00+00:00,109.1953125,109.203125,109.1953125,109.203125,2.0
2025-05-01 05:16:00+00:00,109.1953125,109.1953125,109.1953125,109.1953125,3.0
2025-05-01 05:17:00+00:00,109.1953125,109.203125,109.1953125,109.1953125,74.0
2025-05-01 05:18:00+00:00,109.203125,109.203125,109.203125,109.203125,153.0
2025-05-01 05:23:00+00:00,109.203125,109.203125,109.203125,109.203125,216.0
2025-05-01 05:24:00+00:00,109.2109375,109.2109375,109.2109375,109.2109375,11.0
2025-05-01 05:25:00+00:00,109.1953125,109.203125,109.1953125,109.203125,31.0
2025-05-01 05:26:00+00:00,109.203125,109.203125,109.203125,109.203125,71.0
2025-05-01 05:27:00+00:00,109.203125,109.203125,109.203125,109.203125,4.0
2025-05-01 05:28:00+00:00,109.1875,109.1953125,109.1875,109.1953125,65.0
2025-05-01 05:29:00+00:00,109.1875,109.1953125,109.1875,109.1875,19.0
2025-05-01 05:30:00+00:00,109.1875,109.1953125,109.1875,109.1953125,4.0
2025-05-01 05:31:00+00:00,109.1875,109.1875,109.1875,109.1875,1.0
2025-05-01 05:34:00+00:00,109.1953125,109.1953125,109.1875,109.1875,409.0
2025-05-01 05:35:00+00:00,109.203125,109.203125,109.1953125,109.1953125,163.0
2025-05-01 05:36:00+00:00,109.203125,109.203125,109.1953125,109.203125,179.0
2025-05-01 05:37:00+00:00,109.1953125,109.203125,109.1953125,109.203125,129.0
2025-05-01 05:38:00+00:00,109.1953125,109.203125,109.1953125,109.1953125,68.0
2025-05-01 05:39:00+00:00,109.1953125,109.203125,109.1953125,109.203125,6.0
2025-05-01 05:40:00+00:00,109.1953125,109.1953125,109.1953125,109.1953125,120.0
2025-05-01 05:41:00+00:00,109.203125,109.203125,109.1953125,109.1953125,440.0
2025-05-01 05:42:00+00:00,109.203125,109.203125,109.1953125,109.203125,148.0
2025-05-01 05:43:00+00:00,109.203125,109.203125,109.1953125,109.203125,163.0
2025-05-01 05:44:00+00:00,109.203125,109.2109375,109.203125,109.203125,32.0
2025-05-01 05:49:00+00:00,109.203125,109.2109375,109.203125,109.2109375,130.0
2025-05-01 05:51:00+00:00,109.203125,109.21875,109.203125,109.2109375,165.0
2025-05-01 05:52:00+00:00,109.203125,109.2109375,109.203125,109.203125,17.0
2025-05-01 05:54:00+00:00,109.203125,109.2109375,109.203125,109.2109375,127.0
2025-05-01 05:55:00+00:00,109.2109375,109.2109375,109.203125,109.2109375,29.0
2025-05-01 05:56:00+00:00,109.203125,109.2109375,109.203125,109.2109375,27.0
2025-05-01 05:57:00+00:00,109.2109375,109.2109375,109.203125,109.2109375,9.0
2025-05-01 05:59:00+00:00,109.203125,109.2109375,109.203125,109.203125,18.0
2025-05-01 06:00:00+00:00,109.203125,109.2109375,109.203125,109.2109375,96.0
2025-05-01 06:01:00+00:00,109.2109375,109.2109375,109.203125,109.2109375,62.0
2025-05-01 06:02:00+00:00,109.2109375,109.2109375,109.203125,109.2109375,155.0
2025-05-01 06:04:00+00:00,109.2109375,109.21875,109.2109375,109.21875,134.0
2025-05-01 06:05:00+00:00,109.2109375,109.21875,109.2109375,109.21875,501.0
2025-05-01 06:06:00+00:00,109.203125,109.21875,109.203125,109.21875,1670.0
2025-05-01 06:07:00+00:00,109.21875,109.21875,109.2109375,109.2109375,163.0
2025-05-01 06:08:00+00:00,109.21875,109.21875,109.21875,109.21875,188.0
2025-05-01 06:09:00+00:00,109.2265625,109.2265625,109.2265625,109.2265625,5.0
2025-05-01 06:10:00+00:00,109.21875,109.21875,109.21875,109.21875,116.0
2025-05-01 06:12:00+00:00,109.2265625,109.2265625,109.2265625,109.2265625,1.0
2025-05-01 06:13:00+00:00,109.234375,109.234375,109.2265625,109.2265625,62.0
2025-05-01 06:16:00+00:00,109.234375,109.234375,109.234375,109.234375,552.0
2025-05-01 06:17:00+00:00,109.2421875,109.2421875,109.2421875,109.2421875,69.0
2025-05-01 06:20:00+00:00,109.2421875,109.2421875,109.2421875,109.2421875,294.0
2025-05-01 06:21:00+00:00,109.2421875,109.2421875,109.2421875,109.2421875,312.0
2025-05-01 06:22:00+00:00,109.2265625,109.2421875,109.2265625,109.2421875,213.0
2025-05-01 06:23:00+00:00,109.2265625,109.2265625,109.2265625,109.2265625,154.0
2025-05-01 06:25:00+00:00,109.2265625,109.2265625,109.2265625,109.2265625,126.0
2025-05-01 06:26:00+00:00,109.2265625,109.2265625,109.2265625,109.2265625,294.0
2025-05-01 06:30:00+00:00,109.2265625,109.234375,109.2265625,109.234375,295.0
2025-05-01 06:31:00+00:00,109.2265625,109.2265625,109.2265625,109.2265625,9.0
2025-05-01 06:32:00+00:00,109.2265625,109.2265625,109.21875,109.21875,315.0
2025-05-01 06:33:00+00:00,109.2109375,109.21875,109.2109375,109.21875,366.0
2025-05-01 06:34:00+00:00,109.203125,109.2109375,109.203125,109.2109375,184.0
2025-05-01 06:38:00+00:00,109.2109375,109.2109375,109.203125,109.203125,144.0
2025-05-01 06:40:00+00:00,109.2109375,109.21875,109.2109375,109.21875,68.0
2025-05-01 06:42:00+00:00,109.2109375,109.21875,109.2109375,109.21875,242.0
2025-05-01 06:43:00+00:00,109.21875,109.21875,109.2109375,109.2109375,28.0
2025-05-01 06:44:00+00:00,109.2109375,109.2109375,109.2109375,109.2109375,93.0
2025-05-01 06:45:00+00:00,109.21875,109.21875,109.21875,109.21875,8.0
2025-05-01 06:46:00+00:00,109.2265625,109.2265625,109.21875,109.21875,598.0
2025-05-01 06:47:00+00:00,109.234375,109.234375,109.2265625,109.2265625,543.0
2025-05-01 06:48:00+00:00,109.234375,109.2421875,109.234375,109.234375,414.0
2025-05-01 06:49:00+00:00,109.234375,109.234375,109.234375,109.234375,287.0
2025-05-01 06:53:00+00:00,109.2421875,109.2421875,109.234375,109.234375,1485.0
2025-05-01 06:54:00+00:00,109.2421875,109.2421875,109.234375,109.2421875,1556.0
2025-05-01 06:56:00+00:00,109.2421875,109.2421875,109.2421875,109.2421875,169.0
2025-05-01 06:57:00+00:00,109.2421875,109.2421875,109.2421875,109.2421875,36.0
2025-05-01 06:58:00+00:00,109.2421875,109.2421875,109.234375,109.2421875,7.0
2025-05-01 06:59:00+00:00,109.2421875,109.2421875,109.2421875,109.2421875,323.0
2025-05-01 07:00:00+00:00,109.25,109.25,109.2421875,109.2421875,1088.0
2025-05-01 07:01:00+00:00,109.2578125,109.2578125,109.25,109.25,638.0
2025-05-01 07:02:00+00:00,109.2734375,109.2734375,109.2578125,109.2578125,829.0
2025-05-01 07:03:00+00:00,109.2734375,109.2734375,109.265625,109.265625,688.0
2025-05-01 07:04:00+00:00,109.2734375,109.2734375,109.265625,109.2734375,1554.0
2025-05-01 07:05:00+00:00,109.28125,109.28125,109.2734375,109.2734375,759.0
2025-05-01 07:06:00+00:00,109.28125,109.28125,109.2734375,109.2734375,465.0
2025-05-01 07:07:00+00:00,109.3046875,109.3125,109.2734375,109.2734375,4687.0
2025-05-01 07:08:00+00:00,109.2890625,109.3046875,109.28125,109.3046875,1464.0
2025-05-01 07:09:00+00:00,109.2890625,109.2890625,109.28125,109.28125,455.0
2025-05-01 07:10:00+00:00,109.2890625,109.2890625,109.2890625,109.2890625,306.0
2025-05-01 07:11:00+00:00,109.28125,109.2890625,109.28125,109.2890625,249.0
2025-05-01 07:12:00+00:00,109.2890625,109.2890625,109.28125,109.28125,383.0
2025-05-01 07:13:00+00:00,109.296875,109.296875,109.2890625,109.2890625,261.0
2025-05-01 07:14:00+00:00,109.2890625,109.2890625,109.28125,109.2890625,334.0
2025-05-01 07:15:00+00:00,109.2890625,109.2890625,109.2890625,109.2890625,221.0
2025-05-01 07:16:00+00:00,109.296875,109.296875,109.296875,109.296875,171.0
2025-05-01 07:17:00+00:00,109.3046875,109.3046875,109.2890625,109.296875,233.0
2025-05-01 07:18:00+00:00,109.296875,109.3046875,109.296875,109.296875,123.0
2025-05-01 07:19:00+00:00,109.296875,109.3046875,109.296875,109.3046875,450.0
2025-05-01 07:20:00+00:00,109.3046875,109.3046875,109.3046875,109.3046875,10.0
2025-05-01 07:21:00+00:00,109.296875,109.296875,109.296875,109.296875,1.0
2025-05-01 07:22:00+00:00,109.3046875,109.3046875,109.3046875,109.3046875,133.0
2025-05-01 07:23:00+00:00,109.3046875,109.3046875,109.3046875,109.3046875,5.0
2025-05-01 07:24:00+00:00,109.296875,109.296875,109.296875,109.296875,322.0
2025-05-01 07:26:00+00:00,109.296875,109.296875,109.2890625,109.2890625,444.0
2025-05-01 07:27:00+00:00,109.28125,109.296875,109.28125,109.2890625,1082.0
2025-05-01 07:28:00+00:00,109.28125,109.28125,109.28125,109.28125,330.0
2025-05-01 07:29:00+00:00,109.28125,109.28125,109.28125,109.28125,63.0
2025-05-01 07:30:00+00:00,109.28125,109.2890625,109.28125,109.2890625,5.0
2025-05-01 07:31:00+00:00,109.28125,109.28125,109.28125,109.28125,315.0
2025-05-01 07:32:00+00:00,109.2890625,109.2890625,109.28125,109.28125,260.0
2025-05-01 07:33:00+00:00,109.2734375,109.28125,109.2734375,109.28125,269.0
2025-05-01 07:34:00+00:00,109.2734375,109.2734375,109.2734375,109.2734375,92.0
2025-05-01 07:35:00+00:00,109.2890625,109.2890625,109.2734375,109.2734375,1023.0
2025-05-01 07:36:00+00:00,109.2890625,109.2890625,109.28125,109.28125,160.0
2025-05-01 07:37:00+00:00,109.2890625,109.2890625,109.2890625,109.2890625,136.0
2025-05-01 07:38:00+00:00,109.2890625,109.2890625,109.2890625,109.2890625,3.0
2025-05-01 07:39:00+00:00,109.2890625,109.2890625,109.2890625,109.2890625,423.0
2025-05-01 07:40:00+00:00,109.296875,109.296875,109.2890625,109.2890625,212.0
2025-05-01 07:41:00+00:00,109.2890625,109.2890625,109.2890625,109.2890625,22.0
2025-05-01 07:43:00+00:00,109.2890625,109.2890625,109.2890625,109.2890625,182.0
2025-05-01 07:45:00+00:00,109.296875,109.296875,109.296875,109.296875,403.0
2025-05-01 07:47:00+00:00,109.296875,109.3046875,109.296875,109.296875,37.0
2025-05-01 07:48:00+00:00,109.2890625,109.296875,109.2890625,109.296875,148.0
2025-05-01 07:49:00+00:00,109.2890625,109.2890625,109.2890625,109.2890625,159.0
2025-05-01 07:50:00+00:00,109.2890625,109.296875,109.2890625,109.2890625,75.0
2025-05-01 07:51:00+00:00,109.2890625,109.2890625,109.2890625,109.2890625,4.0
2025-05-01 07:52:00+00:00,109.296875,109.296875,109.296875,109.296875,166.0
2025-05-01 07:54:00+00:00,109.296875,109.296875,109.2890625,109.296875,179.0
2025-05-01 07:55:00+00:00,109.3046875,109.3046875,109.296875,109.296875,107.0
2025-05-01 07:56:00+00:00,109.3046875,109.3046875,109.3046875,109.3046875,4.0
2025-05-01 07:58:00+00:00,109.3125,109.3125,109.3046875,109.3046875,70.0
2025-05-01 07:59:00+00:00,109.3125,109.3125,109.3125,109.3125,1365.0
2025-05-01 08:00:00+00:00,109.328125,109.328125,109.3046875,109.3046875,1352.0
2025-05-01 08:01:00+00:00,109.328125,109.328125,109.328125,109.328125,431.0
2025-05-01 08:02:00+00:00,109.328125,109.328125,109.328125,109.328125,14.0
2025-05-01 08:03:00+00:00,109.3203125,109.328125,109.3203125,109.328125,250.0
2025-05-01 08:04:00+00:00,109.328125,109.3359375,109.3203125,109.328125,730.0
2025-05-01 08:05:00+00:00,109.3203125,109.328125,109.3203125,109.328125,77.0
2025-05-01 08:06:00+00:00,109.328125,109.328125,109.3203125,109.328125,36.0
2025-05-01 08:07:00+00:00,109.328125,109.3359375,109.3203125,109.328125,459.0
2025-05-01 08:08:00+00:00,109.328125,109.328125,109.328125,109.328125,229.0
2025-05-01 08:09:00+00:00,109.328125,109.328125,109.328125,109.328125,86.0
2025-05-01 08:19:00+00:00,109.328125,109.3359375,109.3280029296875,109.3280029296875,2496.0
2025-05-01 08:20:00+00:00,109.3359375,109.3359375,109.3359375,109.3359375,212.0
2025-05-01 08:21:00+00:00,109.3359375,109.3359375,109.3359375,109.3359375,82.0
2025-05-01 08:22:00+00:00,109.3359375,109.3359375,109.3359375,109.3359375,91.0
2025-05-01 08:23:00+00:00,109.3203125,109.328125,109.3203125,109.328125,139.0
2025-05-01 08:24:00+00:00,109.328125,109.328125,109.328125,109.328125,19.0
2025-05-01 08:25:00+00:00,109.3203125,109.328125,109.3203125,109.328125,259.0
2025-05-01 08:26:00+00:00,109.328125,109.3359375,109.328125,109.328125,294.0
2025-05-01 08:27:00+00:00,109.328125,109.328125,109.328125,109.328125,379.0
2025-05-01 08:28:00+00:00,109.328125,109.328125,109.328125,109.328125,61.0
2025-05-01 08:29:00+00:00,109.328125,109.328125,109.328125,109.328125,12.0
2025-05-01 08:30:00+00:00,109.328125,109.328125,109.328125,109.328125,6.0
2025-05-01 08:31:00+00:00,109.328125,109.328125,109.328125,109.328125,153.0
2025-05-01 08:32:00+00:00,109.3359375,109.3359375,109.3359375,109.3359375,33.0
2025-05-01 08:33:00+00:00,109.328125,109.3359375,109.328125,109.3359375,96.0
2025-05-01 08:34:00+00:00,109.328125,109.328125,109.328125,109.328125,205.0
2025-05-01 08:35:00+00:00,109.3359375,109.3359375,109.3359375,109.3359375,86.0
2025-05-01 08:36:00+00:00,109.328125,109.3359375,109.328125,109.328125,785.0
2025-05-01 08:37:00+00:00,109.328125,109.328125,109.328125,109.328125,40.0
2025-05-01 08:38:00+00:00,109.3359375,109.3359375,109.328125,109.328125,127.0
2025-05-01 08:39:00+00:00,109.328125,109.3359375,109.328125,109.328125,533.0
2025-05-01 08:40:00+00:00,109.34375,109.34375,109.3359375,109.3359375,348.0
2025-05-01 08:41:00+00:00,109.3359375,109.3359375,109.3359375,109.3359375,279.0
2025-05-01 08:42:00+00:00,109.3359375,109.3359375,109.3359375,109.3359375,88.0
2025-05-01 08:43:00+00:00,109.3359375,109.3359375,109.3359375,109.3359375,167.0
2025-05-01 08:45:00+00:00,109.328125,109.3359375,109.328125,109.3359375,72.0
2025-05-01 08:46:00+00:00,109.328125,109.3359375,109.328125,109.328125,460.0
2025-05-01 08:47:00+00:00,109.328125,109.328125,109.3203125,109.3203125,224.0
2025-05-01 08:49:00+00:00,109.328125,109.328125,109.328125,109.328125,281.0
2025-05-01 08:50:00+00:00,109.3359375,109.3359375,109.3359375,109.3359375,72.0
2025-05-01 08:51:00+00:00,109.3359375,109.3359375,109.3359375,109.3359375,23.0
2025-05-01 08:52:00+00:00,109.34375,109.34375,109.34375,109.34375,300.0
2025-05-01 08:53:00+00:00,109.3359375,109.3515625,109.3359375,109.34375,1163.0
2025-05-01 08:54:00+00:00,109.3359375,109.3359375,109.3359375,109.3359375,232.0
2025-05-01 08:55:00+00:00,109.328125,109.328125,109.3203125,109.328125,493.0
2025-05-01 08:56:00+00:00,109.328125,109.328125,109.328125,109.328125,110.0
2025-05-01 08:57:00+00:00,109.3359375,109.3359375,109.3359375,109.3359375,7.0
2025-05-01 08:58:00+00:00,109.328125,109.328125,109.328125,109.328125,2.0
2025-05-01 08:59:00+00:00,109.3359375,109.3359375,109.328125,109.3359375,519.0
2025-05-01 09:00:00+00:00,109.328125,109.3359375,109.328125,109.3359375,742.0
2025-05-01 09:01:00+00:00,109.3359375,109.3359375,109.328125,109.328125,413.0
2025-05-01 09:02:00+00:00,109.328125,109.328125,109.328125,109.328125,408.0
2025-05-01 09:03:00+00:00,109.328125,109.328125,109.3203125,109.3203125,33.0
2025-05-01 09:04:00+00:00,109.3203125,109.3203125,109.3203125,109.3203125,596.0
2025-05-01 09:05:00+00:00,109.3203125,109.328125,109.3203125,109.3203125,633.0
2025-05-01 09:06:00+00:00,109.3203125,109.328125,109.3203125,109.3203125,53.0
2025-05-01 09:07:00+00:00,109.3203125,109.328125,109.3203125,109.328125,36.0
2025-05-01 09:08:00+00:00,109.3203125,109.328125,109.3203125,109.328125,120.0
2025-05-01 09:09:00+00:00,109.3203125,109.3203125,109.3203125,109.3203125,316.0
2025-05-01 09:10:00+00:00,109.3203125,109.3203125,109.3203125,109.3203125,17.0
2025-05-01 09:13:00+00:00,109.3125,109.3203125,109.3125,109.3125,13.0
2025-05-01 09:14:00+00:00,109.3203125,109.3203125,109.3203125,109.3203125,99.0
2025-05-01 09:15:00+00:00,109.3125,109.3203125,109.3046875,109.3203125,959.0
2025-05-01 09:16:00+00:00,109.3125,109.3125,109.3046875,109.3046875,385.0
2025-05-01 09:17:00+00:00,109.3125,109.3125,109.3125,109.3125,597.0
2025-05-01 09:18:00+00:00,109.3125,109.3203125,109.3125,109.3125,187.0
2025-05-01 09:20:00+00:00,109.3125,109.3125,109.3125,109.3125,38.0
2025-05-01 09:21:00+00:00,109.3125,109.3125,109.3125,109.3125,130.0
2025-05-01 09:22:00+00:00,109.3125,109.3125,109.3125,109.3125,593.0
2025-05-01 09:23:00+00:00,109.3359375,109.3359375,109.3203125,109.3203125,1456.0
2025-05-01 09:24:00+00:00,109.328125,109.3359375,109.328125,109.3359375,580.0
2025-05-01 09:25:00+00:00,109.3203125,109.328125,109.3203125,109.328125,1467.0
2025-05-01 09:26:00+00:00,109.328125,109.328125,109.328125,109.328125,258.0
2025-05-01 09:27:00+00:00,109.328125,109.328125,109.3203125,109.328125,365.0
2025-05-01 09:28:00+00:00,109.328125,109.3359375,109.328125,109.3359375,151.0
2025-05-01 09:29:00+00:00,109.328125,109.328125,109.328125,109.328125,315.0
2025-05-01 09:30:00+00:00,109.3203125,109.328125,109.3203125,109.328125,683.0
2025-05-01 09:31:00+00:00,109.3203125,109.3203125,109.3125,109.3125,440.0
2025-05-01 09:32:00+00:00,109.3203125,109.3203125,109.3203125,109.3203125,76.0
2025-05-01 09:33:00+00:00,109.328125,109.328125,109.328125,109.328125,25.0
2025-05-01 09:34:00+00:00,109.328125,109.328125,109.3203125,109.328125,21.0
2025-05-01 09:35:00+00:00,109.3203125,109.328125,109.3203125,109.328125,5.0
2025-05-01 09:36:00+00:00,109.328125,109.328125,109.3203125,109.328125,22.0
2025-05-01 09:37:00+00:00,109.328125,109.328125,109.328125,109.328125,473.0
2025-05-01 09:38:00+00:00,109.3359375,109.3359375,109.328125,109.3359375,8.0
2025-05-01 09:39:00+00:00,109.328125,109.3359375,109.328125,109.3359375,3.0
2025-05-01 09:40:00+00:00,109.3359375,109.3359375,109.328125,109.3359375,427.0
2025-05-01 09:42:00+00:00,109.328125,109.3359375,109.328125,109.3359375,172.0
2025-05-01 09:43:00+00:00,109.3203125,109.328125,109.3203125,109.3203125,185.0
2025-05-01 09:44:00+00:00,109.3203125,109.328125,109.3125,109.328125,327.0
2025-05-01 09:45:00+00:00,109.3125,109.3125,109.3125,109.3125,624.0
2025-05-01 09:47:00+00:00,109.3125,109.3125,109.3125,109.3125,360.0
2025-05-01 09:50:00+00:00,109.3125,109.3125,109.3125,109.3125,579.0
2025-05-01 09:51:00+00:00,109.3125,109.3125,109.3125,109.3125,146.0
2025-05-01 09:52:00+00:00,109.3125,109.3125,109.3125,109.3125,166.0
2025-05-01 09:53:00+00:00,109.3203125,109.3203125,109.3203125,109.3203125,1.0
2025-05-01 09:55:00+00:00,109.3125,109.3125,109.3125,109.3125,387.0
2025-05-01 09:59:00+00:00,109.3125,109.3125,109.3125,109.3125,470.0
2025-05-01 10:00:00+00:00,109.3125,109.3125,109.3125,109.3125,175.0
2025-05-01 10:01:00+00:00,109.3046875,109.3125,109.3046875,109.3046875,117.0
2025-05-01 10:02:00+00:00,109.3125,109.3125,109.3125,109.3125,603.0
2025-05-01 10:03:00+00:00,109.3203125,109.3203125,109.3125,109.3125,118.0
2025-05-01 10:04:00+00:00,109.3203125,109.3203125,109.3203125,109.3203125,209.0
2025-05-01 10:05:00+00:00,109.3125,109.3125,109.3125,109.3125,288.0
2025-05-01 10:06:00+00:00,109.3125,109.3125,109.3125,109.3125,340.0
2025-05-01 10:16:00+00:00,109.3203125,109.3203125,109.3125,109.31999969482422,1062.0
2025-05-01 10:17:00+00:00,109.3203125,109.3203125,109.3203125,109.3203125,511.0
2025-05-01 10:18:00+00:00,109.3203125,109.3203125,109.3203125,109.3203125,176.0
2025-05-01 10:19:00+00:00,109.3203125,109.3203125,109.3203125,109.3203125,131.0
2025-05-01 10:20:00+00:00,109.328125,109.3359375,109.328125,109.328125,369.0
2025-05-01 10:21:00+00:00,109.328125,109.3359375,109.328125,109.328125,104.0
2025-05-01 10:22:00+00:00,109.3359375,109.3359375,109.328125,109.328125,287.0
2025-05-01 10:23:00+00:00,109.3359375,109.3359375,109.328125,109.3359375,726.0
2025-05-01 10:24:00+00:00,109.328125,109.34375,109.328125,109.34375,140.0
2025-05-01 10:25:00+00:00,109.3359375,109.3359375,109.328125,109.328125,703.0
2025-05-01 10:26:00+00:00,109.34375,109.34375,109.3359375,109.34375,160.0
2025-05-01 10:27:00+00:00,109.3515625,109.3515625,109.3359375,109.34375,303.0
2025-05-01 10:28:00+00:00,109.34375,109.3515625,109.34375,109.3515625,211.0
2025-05-01 10:29:00+00:00,109.3359375,109.34375,109.3359375,109.34375,979.0
2025-05-01 10:30:00+00:00,109.3359375,109.3359375,109.3359375,109.3359375,313.0
2025-05-01 10:31:00+00:00,109.34375,109.34375,109.34375,109.34375,336.0
2025-05-01 10:32:00+00:00,109.34375,109.3515625,109.3359375,109.3515625,517.0
2025-05-01 10:33:00+00:00,109.3515625,109.3515625,109.34375,109.3515625,100.0
2025-05-01 10:34:00+00:00,109.3515625,109.3515625,109.34375,109.3515625,35.0
2025-05-01 10:35:00+00:00,109.34375,109.3515625,109.34375,109.3515625,112.0
2025-05-01 10:36:00+00:00,109.3359375,109.3515625,109.3359375,109.3515625,526.0
2025-05-01 10:37:00+00:00,109.34375,109.34375,109.3359375,109.34375,75.0
2025-05-01 10:38:00+00:00,109.359375,109.359375,109.34375,109.34375,327.0
2025-05-01 10:39:00+00:00,109.359375,109.3671875,109.3515625,109.359375,649.0
2025-05-01 10:40:00+00:00,109.359375,109.359375,109.3515625,109.359375,176.0
2025-05-01 10:41:00+00:00,109.359375,109.3671875,109.359375,109.359375,57.0
2025-05-01 10:42:00+00:00,109.359375,109.3671875,109.359375,109.3671875,48.0
2025-05-01 10:43:00+00:00,109.3671875,109.3671875,109.359375,109.359375,306.0
2025-05-01 10:44:00+00:00,109.375,109.375,109.3671875,109.375,107.0
2025-05-01 10:45:00+00:00,109.3671875,109.375,109.359375,109.375,437.0
2025-05-01 10:46:00+00:00,109.3671875,109.3671875,109.359375,109.359375,65.0
2025-05-01 10:47:00+00:00,109.375,109.375,109.359375,109.3671875,261.0
2025-05-01 10:48:00+00:00,109.375,109.375,109.3671875,109.375,493.0
2025-05-01 10:49:00+00:00,109.3671875,109.375,109.3671875,109.3671875,18.0
2025-05-01 10:50:00+00:00,109.375,109.375,109.3671875,109.375,466.0
2025-05-01 10:51:00+00:00,109.375,109.375,109.3671875,109.375,925.0
2025-05-01 10:52:00+00:00,109.3671875,109.3671875,109.3671875,109.3671875,1.0
2025-05-01 10:53:00+00:00,109.3671875,109.375,109.359375,109.375,191.0
2025-05-01 10:54:00+00:00,109.359375,109.3671875,109.359375,109.3671875,9.0
2025-05-01 10:55:00+00:00,109.3515625,109.359375,109.3515625,109.359375,319.0
2025-05-01 10:56:00+00:00,109.3671875,109.3671875,109.359375,109.359375,846.0
2025-05-01 10:57:00+00:00,109.3671875,109.3671875,109.3671875,109.3671875,110.0
2025-05-01 10:58:00+00:00,109.3671875,109.3671875,109.3671875,109.3671875,5.0
2025-05-01 10:59:00+00:00,109.375,109.375,109.359375,109.3671875,105.0
2025-05-01 11:00:00+00:00,109.3828125,109.390625,109.375,109.375,580.0
2025-05-01 11:01:00+00:00,109.3828125,109.3828125,109.375,109.3828125,286.0
2025-05-01 11:02:00+00:00,109.3828125,109.390625,109.3828125,109.3828125,9.0
2025-05-01 11:03:00+00:00,109.3828125,109.390625,109.3828125,109.3828125,702.0
2025-05-01 11:04:00+00:00,109.390625,109.390625,109.3828125,109.390625,163.0
2025-05-01 11:05:00+00:00,109.375,109.390625,109.375,109.3828125,637.0
2025-05-01 11:06:00+00:00,109.375,109.3828125,109.375,109.375,1087.0
2025-05-01 11:07:00+00:00,109.375,109.3828125,109.375,109.375,12.0
2025-05-01 11:08:00+00:00,109.375,109.3828125,109.375,109.375,20.0
2025-05-01 11:09:00+00:00,109.3671875,109.3828125,109.3671875,109.3828125,726.0
2025-05-01 11:10:00+00:00,109.375,109.375,109.3671875,109.375,328.0
2025-05-01 11:11:00+00:00,109.3671875,109.375,109.3671875,109.3671875,75.0
2025-05-01 11:12:00+00:00,109.375,109.375,109.3671875,109.375,390.0
2025-05-01 11:13:00+00:00,109.3828125,109.3828125,109.375,109.375,748.0
2025-05-01 11:14:00+00:00,109.3828125,109.3828125,109.375,109.3828125,978.0
2025-05-01 11:15:00+00:00,109.3828125,109.3828125,109.3828125,109.3828125,166.0
2025-05-01 11:16:00+00:00,109.375,109.3828125,109.375,109.3828125,817.0
2025-05-01 11:17:00+00:00,109.375,109.3828125,109.375,109.3828125,324.0
2025-05-01 11:18:00+00:00,109.390625,109.390625,109.3828125,109.3828125,1170.0
2025-05-01 11:19:00+00:00,109.390625,109.390625,109.390625,109.390625,353.0
2025-05-01 11:20:00+00:00,109.390625,109.3984375,109.390625,109.390625,644.0
2025-05-01 11:21:00+00:00,109.40625,109.40625,109.3984375,109.3984375,441.0
2025-05-01 11:22:00+00:00,109.3984375,109.40625,109.3984375,109.40625,1708.0
2025-05-01 11:23:00+00:00,109.390625,109.3984375,109.390625,109.3984375,896.0
2025-05-01 11:24:00+00:00,109.390625,109.390625,109.390625,109.390625,895.0
2025-05-01 11:25:00+00:00,109.3984375,109.3984375,109.390625,109.3984375,3084.0
2025-05-01 11:26:00+00:00,109.3984375,109.40625,109.3984375,109.3984375,3844.0
2025-05-01 11:27:00+00:00,109.3984375,109.3984375,109.3984375,109.3984375,359.0
2025-05-01 11:28:00+00:00,109.3984375,109.3984375,109.3984375,109.3984375,314.0
2025-05-01 11:29:00+00:00,109.3984375,109.3984375,109.390625,109.390625,1904.0
2025-05-01 11:30:00+00:00,109.3828125,109.3984375,109.3671875,109.3984375,3733.0
2025-05-01 11:31:00+00:00,109.3828125,109.3828125,109.375,109.3828125,1012.0
2025-05-01 11:32:00+00:00,109.390625,109.390625,109.3828125,109.3828125,878.0
2025-05-01 11:33:00+00:00,109.3828125,109.390625,109.3828125,109.390625,1512.0
2025-05-01 11:34:00+00:00,109.375,109.3828125,109.375,109.375,462.0
2025-05-01 11:35:00+00:00,109.3828125,109.3828125,109.3828125,109.3828125,547.0
2025-05-01 11:36:00+00:00,109.390625,109.390625,109.3828125,109.3828125,1927.0
2025-05-01 11:37:00+00:00,109.390625,109.390625,109.3828125,109.390625,529.0
2025-05-01 11:38:00+00:00,109.390625,109.390625,109.3828125,109.390625,466.0
2025-05-01 11:39:00+00:00,109.3828125,109.390625,109.375,109.390625,1260.0
2025-05-01 11:40:00+00:00,109.3984375,109.3984375,109.3828125,109.3828125,1516.0
2025-05-01 11:41:00+00:00,109.390625,109.3984375,109.390625,109.3984375,1196.0
2025-05-01 11:42:00+00:00,109.390625,109.3984375,109.390625,109.390625,632.0
2025-05-01 11:43:00+00:00,109.3984375,109.3984375,109.3828125,109.3984375,860.0
2025-05-01 11:44:00+00:00,109.390625,109.3984375,109.390625,109.3984375,766.0
2025-05-01 11:45:00+00:00,109.3984375,109.3984375,109.390625,109.3984375,591.0
2025-05-01 11:46:00+00:00,109.3984375,109.3984375,109.3984375,109.3984375,172.0
2025-05-01 11:47:00+00:00,109.390625,109.3984375,109.390625,109.3984375,702.0
2025-05-01 11:48:00+00:00,109.390625,109.390625,109.390625,109.390625,1181.0
2025-05-01 11:49:00+00:00,109.390625,109.390625,109.3828125,109.3828125,552.0
2025-05-01 11:50:00+00:00,109.390625,109.390625,109.390625,109.390625,35.0
2025-05-01 11:51:00+00:00,109.390625,109.3984375,109.390625,109.390625,15.0
2025-05-01 11:52:00+00:00,109.40625,109.40625,109.3984375,109.3984375,912.0
2025-05-01 11:53:00+00:00,109.40625,109.40625,109.3984375,109.3984375,721.0
2025-05-01 11:54:00+00:00,109.390625,109.40625,109.390625,109.40625,697.0
2025-05-01 11:55:00+00:00,109.390625,109.3984375,109.390625,109.390625,223.0
2025-05-01 11:56:00+00:00,109.3984375,109.3984375,109.390625,109.390625,1369.0
2025-05-01 11:57:00+00:00,109.3984375,109.40625,109.3984375,109.3984375,1345.0
2025-05-01 11:58:00+00:00,109.3984375,109.40625,109.3984375,109.3984375,1180.0
2025-05-01 11:59:00+00:00,109.4140625,109.4140625,109.3984375,109.3984375,2503.0
2025-05-01 12:00:00+00:00,109.421875,109.421875,109.40625,109.40625,597.0
2025-05-01 12:01:00+00:00,109.421875,109.421875,109.4140625,109.4140625,65.0
2025-05-01 12:02:00+00:00,109.421875,109.421875,109.4140625,109.421875,2961.0
2025-05-01 12:03:00+00:00,109.40625,109.4140625,109.40625,109.4140625,1812.0
2025-05-01 12:04:00+00:00,109.3984375,109.40625,109.390625,109.40625,1728.0
2025-05-01 12:05:00+00:00,109.390625,109.3984375,109.390625,109.3984375,1646.0
2025-05-01 12:06:00+00:00,109.3984375,109.3984375,109.390625,109.390625,658.0
2025-05-01 12:07:00+00:00,109.3984375,109.3984375,109.390625,109.390625,1000.0
2025-05-01 12:08:00+00:00,109.3828125,109.3984375,109.3828125,109.3984375,1310.0
2025-05-01 12:09:00+00:00,109.375,109.3828125,109.375,109.375,532.0
2025-05-01 12:10:00+00:00,109.3671875,109.375,109.3671875,109.375,1244.0
2025-05-01 12:11:00+00:00,109.375,109.375,109.3671875,109.3671875,348.0
2025-05-01 12:12:00+00:00,109.3515625,109.375,109.3515625,109.375,1818.0
2025-05-01 12:13:00+00:00,109.3515625,109.3515625,109.3515625,109.3515625,47.0
2025-05-01 12:14:00+00:00,109.3515625,109.359375,109.3515625,109.3515625,2626.0
2025-05-01 12:15:00+00:00,109.3515625,109.359375,109.3515625,109.359375,364.0
2025-05-01 12:16:00+00:00,109.3515625,109.359375,109.34375,109.359375,3011.0
2025-05-01 12:17:00+00:00,109.34375,109.3515625,109.3359375,109.3515625,1322.0
2025-05-01 12:18:00+00:00,109.34375,109.34375,109.34375,109.34375,177.0
2025-05-01 12:19:00+00:00,109.34375,109.34375,109.3359375,109.34375,1406.0
2025-05-01 12:20:00+00:00,109.34375,109.3515625,109.328125,109.34375,3788.0
2025-05-01 12:21:00+00:00,109.3515625,109.3515625,109.3359375,109.34375,2911.0
2025-05-01 12:22:00+00:00,109.34375,109.3515625,109.34375,109.3515625,964.0
2025-05-01 12:23:00+00:00,109.34375,109.359375,109.34375,109.3515625,2044.0
2025-05-01 12:24:00+00:00,109.34375,109.3515625,109.3359375,109.34375,1314.0
2025-05-01 12:25:00+00:00,109.34375,109.359375,109.3359375,109.3515625,2771.0
2025-05-01 12:26:00+00:00,109.34375,109.34375,109.328125,109.3359375,1126.0
2025-05-01 12:27:00+00:00,109.3359375,109.34375,109.3359375,109.34375,640.0
2025-05-01 12:28:00+00:00,109.34375,109.3515625,109.34375,109.34375,468.0
2025-05-01 12:29:00+00:00,109.3515625,109.359375,109.34375,109.3515625,2792.0
2025-05-01 12:30:00+00:00,109.4921875,109.4921875,109.3515625,109.3515625,20890.0
2025-05-01 12:31:00+00:00,109.4609375,109.4921875,109.453125,109.484375,8678.0
2025-05-01 12:32:00+00:00,109.4765625,109.4765625,109.4453125,109.4609375,7137.0
2025-05-01 12:33:00+00:00,109.46875,109.484375,109.4609375,109.484375,3634.0
2025-05-01 12:34:00+00:00,109.46875,109.484375,109.4609375,109.46875,2340.0
2025-05-01 12:35:00+00:00,109.484375,109.484375,109.46875,109.46875,5064.0
2025-05-01 12:36:00+00:00,109.484375,109.5078125,109.484375,109.4921875,3700.0
2025-05-01 12:37:00+00:00,109.453125,109.484375,109.4453125,109.484375,4071.0
2025-05-01 12:38:00+00:00,109.4609375,109.46875,109.4453125,109.453125,4794.0
2025-05-01 12:39:00+00:00,109.4609375,109.46875,109.4609375,109.4609375,4225.0
2025-05-01 12:40:00+00:00,109.453125,109.46875,109.453125,109.46875,2942.0
2025-05-01 12:41:00+00:00,109.421875,109.453125,109.421875,109.453125,4289.0
2025-05-01 12:42:00+00:00,109.4296875,109.4296875,109.421875,109.4296875,3246.0
2025-05-01 12:43:00+00:00,109.4296875,109.4296875,109.421875,109.4296875,1646.0
2025-05-01 12:44:00+00:00,109.40625,109.4375,109.40625,109.4296875,3480.0
2025-05-01 12:45:00+00:00,109.40625,109.421875,109.3984375,109.40625,2162.0
2025-05-01 12:46:00+00:00,109.375,109.3984375,109.375,109.3984375,4381.0
2025-05-01 12:47:00+00:00,109.3671875,109.375,109.3671875,109.375,2270.0
2025-05-01 12:48:00+00:00,109.3671875,109.3671875,109.359375,109.3671875,4903.0
2025-05-01 12:49:00+00:00,109.3984375,109.3984375,109.359375,109.359375,2840.0
2025-05-01 12:50:00+00:00,109.390625,109.3984375,109.3828125,109.3984375,3080.0
2025-05-01 12:51:00+00:00,109.40625,109.40625,109.390625,109.390625,1171.0
2025-05-01 12:52:00+00:00,109.40625,109.40625,109.3984375,109.40625,462.0
2025-05-01 12:53:00+00:00,109.3828125,109.3984375,109.3828125,109.3984375,3039.0
2025-05-01 12:54:00+00:00,109.375,109.3828125,109.359375,109.3828125,2949.0
2025-05-01 12:55:00+00:00,109.3671875,109.375,109.3671875,109.375,568.0
2025-05-01 12:56:00+00:00,109.3828125,109.3828125,109.375,109.375,1656.0
2025-05-01 12:57:00+00:00,109.390625,109.390625,109.3828125,109.390625,1754.0
2025-05-01 12:58:00+00:00,109.390625,109.390625,109.375,109.3828125,1308.0
2025-05-01 12:59:00+00:00,109.390625,109.3984375,109.3828125,109.3828125,2999.0
2025-05-01 13:00:00+00:00,109.390625,109.3984375,109.3828125,109.390625,2900.0
2025-05-01 13:01:00+00:00,109.3984375,109.40625,109.3828125,109.390625,1437.0
2025-05-01 13:02:00+00:00,109.3984375,109.40625,109.3984375,109.40625,737.0
2025-05-01 13:03:00+00:00,109.390625,109.3984375,109.390625,109.3984375,2790.0
2025-05-01 13:04:00+00:00,109.3984375,109.3984375,109.390625,109.3984375,1616.0
2025-05-01 13:05:00+00:00,109.3828125,109.3984375,109.3828125,109.3984375,1836.0
2025-05-01 13:06:00+00:00,109.3984375,109.3984375,109.3828125,109.3828125,1691.0
2025-05-01 13:07:00+00:00,109.3828125,109.3984375,109.3828125,109.3984375,806.0
2025-05-01 13:08:00+00:00,109.390625,109.390625,109.3828125,109.390625,976.0
2025-05-01 13:09:00+00:00,109.390625,109.4140625,109.390625,109.3984375,3112.0
2025-05-01 13:10:00+00:00,109.4140625,109.4140625,109.390625,109.390625,5279.0
2025-05-01 13:11:00+00:00,109.4140625,109.4140625,109.4140625,109.4140625,761.0
2025-05-01 13:12:00+00:00,109.3984375,109.4140625,109.3984375,109.40625,1458.0
2025-05-01 13:13:00+00:00,109.3984375,109.40625,109.3984375,109.3984375,4044.0
2025-05-01 13:14:00+00:00,109.390625,109.3984375,109.390625,109.3984375,1600.0
2025-05-01 13:15:00+00:00,109.3984375,109.3984375,109.375,109.390625,1795.0
2025-05-01 13:16:00+00:00,109.421875,109.4296875,109.3984375,109.3984375,5429.0
2025-05-01 13:17:00+00:00,109.4375,109.4453125,109.421875,109.4296875,1916.0
2025-05-01 13:18:00+00:00,109.4375,109.4453125,109.4375,109.4375,236.0
2025-05-01 13:19:00+00:00,109.4453125,109.4453125,109.4375,109.4375,1543.0
2025-05-01 13:20:00+00:00,109.453125,109.453125,109.4453125,109.4453125,1193.0
2025-05-01 13:21:00+00:00,109.46875,109.46875,109.453125,109.453125,3700.0
2025-05-01 13:22:00+00:00,109.46875,109.46875,109.4609375,109.4609375,1792.0
2025-05-01 13:23:00+00:00,109.4609375,109.4765625,109.4609375,109.4609375,4747.0
2025-05-01 13:24:00+00:00,109.453125,109.4609375,109.4453125,109.4609375,1091.0
2025-05-01 13:25:00+00:00,109.4609375,109.4609375,109.4453125,109.453125,1926.0
2025-05-01 13:26:00+00:00,109.46875,109.46875,109.453125,109.4609375,1507.0
2025-05-01 13:27:00+00:00,109.4765625,109.4765625,109.4609375,109.4609375,1641.0
2025-05-01 13:28:00+00:00,109.46875,109.4765625,109.46875,109.4765625,2105.0
2025-05-01 13:29:00+00:00,109.46875,109.4765625,109.4609375,109.46875,1485.0
2025-05-01 13:30:00+00:00,109.4609375,109.4765625,109.4453125,109.4765625,2471.0
2025-05-01 13:31:00+00:00,109.4765625,109.4765625,109.453125,109.453125,1246.0
2025-05-01 13:32:00+00:00,109.46875,109.4765625,109.4453125,109.4765625,1783.0
2025-05-01 13:33:00+00:00,109.4609375,109.4609375,109.453125,109.4609375,2264.0
2025-05-01 13:34:00+00:00,109.453125,109.4609375,109.4453125,109.4609375,2975.0
2025-05-01 13:35:00+00:00,109.453125,109.4609375,109.4453125,109.453125,2543.0
2025-05-01 13:36:00+00:00,109.453125,109.453125,109.4453125,109.453125,1412.0
2025-05-01 13:37:00+00:00,109.4375,109.453125,109.4375,109.453125,1237.0
2025-05-01 13:38:00+00:00,109.4453125,109.4453125,109.4375,109.4453125,1485.0
2025-05-01 13:39:00+00:00,109.4296875,109.4453125,109.4296875,109.4453125,2325.0
2025-05-01 13:40:00+00:00,109.4296875,109.4375,109.4296875,109.4375,2720.0
2025-05-01 13:41:00+00:00,109.4375,109.4375,109.4296875,109.4296875,4179.0
2025-05-01 13:42:00+00:00,109.453125,109.453125,109.4375,109.4375,2839.0
2025-05-01 13:43:00+00:00,109.4453125,109.4609375,109.4453125,109.453125,969.0
2025-05-01 13:44:00+00:00,109.4453125,109.453125,109.4375,109.4453125,858.0
2025-05-01 13:45:00+00:00,109.4453125,109.4609375,109.4375,109.4453125,999.0
2025-05-01 13:46:00+00:00,109.4375,109.4453125,109.4375,109.4375,1095.0
2025-05-01 13:47:00+00:00,109.4453125,109.4453125,109.4296875,109.4453125,3278.0
2025-05-01 13:48:00+00:00,109.4453125,109.4453125,109.4296875,109.4453125,1336.0
2025-05-01 13:49:00+00:00,109.453125,109.453125,109.4375,109.4453125,1888.0
2025-05-01 13:50:00+00:00,109.453125,109.4609375,109.453125,109.453125,1745.0
2025-05-01 13:51:00+00:00,109.46875,109.46875,109.4453125,109.453125,2016.0
2025-05-01 13:52:00+00:00,109.46875,109.4765625,109.46875,109.46875,973.0
2025-05-01 13:53:00+00:00,109.46875,109.46875,109.4609375,109.46875,1599.0
2025-05-01 13:54:00+00:00,109.4765625,109.4765625,109.4609375,109.46875,1045.0
2025-05-01 13:55:00+00:00,109.484375,109.484375,109.4765625,109.484375,2586.0
2025-05-01 13:56:00+00:00,109.4765625,109.484375,109.4609375,109.484375,2584.0
2025-05-01 13:57:00+00:00,109.4765625,109.484375,109.4765625,109.4765625,1918.0
2025-05-01 13:58:00+00:00,109.4765625,109.484375,109.46875,109.4765625,1678.0
2025-05-01 13:59:00+00:00,109.484375,109.5,109.46875,109.484375,4144.0
2025-05-01 14:00:00+00:00,109.3359375,109.4765625,109.3125,109.4765625,21476.0
2025-05-01 14:01:00+00:00,109.34375,109.359375,109.3125,109.34375,11555.0
2025-05-01 14:02:00+00:00,109.3203125,109.34375,109.3125,109.3359375,9643.0
2025-05-01 14:03:00+00:00,109.2890625,109.3203125,109.28125,109.3203125,9943.0
2025-05-01 14:04:00+00:00,109.2890625,109.296875,109.2734375,109.2890625,8381.0
2025-05-01 14:05:00+00:00,109.3203125,109.328125,109.2890625,109.2890625,6768.0
2025-05-01 14:06:00+00:00,109.2890625,109.328125,109.2890625,109.328125,6126.0
2025-05-01 14:07:00+00:00,109.3046875,109.3046875,109.28125,109.2890625,4363.0
2025-05-01 14:08:00+00:00,109.2890625,109.3046875,109.28125,109.3046875,7224.0
2025-05-01 14:09:00+00:00,109.296875,109.296875,109.28125,109.2890625,3134.0
2025-05-01 14:10:00+00:00,109.265625,109.2890625,109.2578125,109.2890625,4350.0
2025-05-01 14:11:00+00:00,109.265625,109.2734375,109.2578125,109.2578125,5343.0
2025-05-01 14:12:00+00:00,109.2734375,109.2734375,109.265625,109.265625,2464.0
2025-05-01 14:13:00+00:00,109.265625,109.28125,109.265625,109.265625,4747.0
2025-05-01 14:14:00+00:00,109.2578125,109.265625,109.25,109.265625,4566.0
2025-05-01 14:15:00+00:00,109.25,109.265625,109.25,109.265625,3652.0
2025-05-01 14:16:00+00:00,109.265625,109.265625,109.2265625,109.2421875,4629.0
2025-05-01 14:17:00+00:00,109.25,109.265625,109.25,109.265625,1950.0
2025-05-01 14:18:00+00:00,109.234375,109.2578125,109.2265625,109.25,3507.0
2025-05-01 14:19:00+00:00,109.2265625,109.234375,109.2265625,109.2265625,4153.0
2025-05-01 14:20:00+00:00,109.21875,109.2265625,109.21875,109.2265625,1700.0
2025-05-01 14:21:00+00:00,109.21875,109.21875,109.2109375,109.21875,5061.0
2025-05-01 14:22:00+00:00,109.21875,109.21875,109.2109375,109.2109375,940.0
2025-05-01 14:23:00+00:00,109.21875,109.21875,109.1953125,109.2109375,3277.0
2025-05-01 14:24:00+00:00,109.203125,109.2109375,109.203125,109.2109375,1191.0
2025-05-01 14:25:00+00:00,109.1796875,109.2109375,109.171875,109.203125,7037.0
2025-05-01 14:26:00+00:00,109.171875,109.1875,109.171875,109.1796875,3810.0
2025-05-01 14:27:00+00:00,109.15625,109.1796875,109.15625,109.1796875,3876.0
2025-05-01 14:28:00+00:00,109.1484375,109.1640625,109.1484375,109.15625,4905.0
2025-05-01 14:29:00+00:00,109.15625,109.15625,109.1484375,109.1484375,3497.0
2025-05-01 14:30:00+00:00,109.15625,109.1640625,109.140625,109.15625,2373.0
2025-05-01 14:31:00+00:00,109.15625,109.1640625,109.1484375,109.15625,1690.0
2025-05-01 14:32:00+00:00,109.1640625,109.1640625,109.1484375,109.15625,3191.0
2025-05-01 14:33:00+00:00,109.171875,109.1796875,109.15625,109.1640625,2698.0
2025-05-01 14:34:00+00:00,109.171875,109.171875,109.1640625,109.171875,5707.0
2025-05-01 14:35:00+00:00,109.15625,109.171875,109.15625,109.171875,1673.0
2025-05-01 14:36:00+00:00,109.140625,109.1484375,109.140625,109.1484375,2415.0
2025-05-01 14:37:00+00:00,109.125,109.140625,109.1171875,109.140625,5936.0
2025-05-01 14:38:00+00:00,109.1171875,109.125,109.109375,109.125,3450.0
2025-05-01 14:39:00+00:00,109.125,109.1328125,109.109375,109.109375,2274.0
2025-05-01 14:40:00+00:00,109.1171875,109.1328125,109.1171875,109.125,2509.0
2025-05-01 14:41:00+00:00,109.1171875,109.1171875,109.1171875,109.1171875,3005.0
2025-05-01 14:42:00+00:00,109.109375,109.1171875,109.1015625,109.109375,3721.0
2025-05-01 14:43:00+00:00,109.1171875,109.1328125,109.109375,109.109375,2405.0
2025-05-01 14:44:00+00:00,109.1171875,109.1171875,109.1171875,109.1171875,1029.0
2025-05-01 14:45:00+00:00,109.109375,109.1171875,109.109375,109.1171875,711.0
2025-05-01 14:46:00+00:00,109.109375,109.1171875,109.109375,109.109375,2758.0
2025-05-01 14:47:00+00:00,109.109375,109.109375,109.1015625,109.109375,1773.0
2025-05-01 14:48:00+00:00,109.125,109.125,109.1015625,109.1015625,2957.0
2025-05-01 14:49:00+00:00,109.1328125,109.140625,109.1171875,109.1171875,1139.0
2025-05-01 14:50:00+00:00,109.140625,109.140625,109.125,109.1328125,3615.0
2025-05-01 14:51:00+00:00,109.15625,109.15625,109.140625,109.140625,2280.0
2025-05-01 14:52:00+00:00,109.15625,109.1640625,109.15625,109.15625,4597.0
2025-05-01 14:53:00+00:00,109.1328125,109.15625,109.1328125,109.15625,1216.0
2025-05-01 14:54:00+00:00,109.140625,109.140625,109.1328125,109.1328125,1801.0
2025-05-01 14:55:00+00:00,109.125,109.1328125,109.1171875,109.1328125,2690.0
2025-05-01 14:56:00+00:00,109.1171875,109.125,109.109375,109.125,2408.0
2025-05-01 14:57:00+00:00,109.109375,109.1171875,109.1015625,109.1171875,13660.0
2025-05-01 14:58:00+00:00,109.09375,109.109375,109.0859375,109.109375,10020.0
2025-05-01 14:59:00+00:00,109.109375,109.109375,109.0859375,109.09375,2294.0
2025-05-01 15:00:00+00:00,109.1015625,109.1171875,109.1015625,109.109375,3148.0
2025-05-01 15:01:00+00:00,109.1171875,109.125,109.09375,109.1015625,1632.0
2025-05-01 15:02:00+00:00,109.1015625,109.125,109.1015625,109.1171875,1120.0
2025-05-01 15:03:00+00:00,109.109375,109.1171875,109.1015625,109.109375,1716.0
2025-05-01 15:04:00+00:00,109.09375,109.109375,109.0859375,109.1015625,3304.0
2025-05-01 15:05:00+00:00,109.1015625,109.1015625,109.0859375,109.1015625,1327.0
2025-05-01 15:06:00+00:00,109.09375,109.1015625,109.0859375,109.1015625,1036.0
2025-05-01 15:07:00+00:00,109.1015625,109.1015625,109.0859375,109.09375,2907.0
2025-05-01 15:08:00+00:00,109.1015625,109.1171875,109.1015625,109.1015625,1754.0
2025-05-01 15:09:00+00:00,109.109375,109.109375,109.1015625,109.109375,1351.0
2025-05-01 15:10:00+00:00,109.09375,109.109375,109.09375,109.109375,1762.0
2025-05-01 15:11:00+00:00,109.1015625,109.1015625,109.09375,109.09375,2285.0
2025-05-01 15:12:00+00:00,109.09375,109.109375,109.09375,109.109375,1864.0
2025-05-01 15:13:00+00:00,109.09375,109.09375,109.09375,109.09375,595.0
2025-05-01 15:14:00+00:00,109.1015625,109.109375,109.0859375,109.0859375,2313.0
2025-05-01 15:15:00+00:00,109.0859375,109.1015625,109.0703125,109.1015625,9636.0
2025-05-01 15:16:00+00:00,109.0625,109.09375,109.0546875,109.0859375,4483.0
2025-05-01 15:17:00+00:00,109.0625,109.078125,109.0625,109.0703125,2771.0
2025-05-01 15:18:00+00:00,109.0625,109.0625,109.0625,109.0625,722.0
2025-05-01 15:19:00+00:00,109.0625,109.0703125,109.0625,109.0625,90.0
2025-05-01 15:20:00+00:00,109.0390625,109.0703125,109.0390625,109.0625,2858.0
2025-05-01 15:21:00+00:00,109.03125,109.046875,109.0234375,109.046875,4429.0
2025-05-01 15:22:00+00:00,109.0078125,109.03125,109.0078125,109.0234375,10811.0
2025-05-01 15:23:00+00:00,109.0,109.015625,108.9921875,109.0078125,5730.0
2025-05-01 15:24:00+00:00,109.0234375,109.0234375,109.0,109.0,2759.0
2025-05-01 15:25:00+00:00,109.015625,109.0234375,109.015625,109.0234375,2380.0
2025-05-01 15:26:00+00:00,109.0078125,109.0234375,109.0,109.015625,4418.0
2025-05-01 15:27:00+00:00,109.015625,109.0234375,109.0,109.0078125,3756.0
2025-05-01 15:28:00+00:00,109.015625,109.0234375,109.0078125,109.015625,1982.0
2025-05-01 15:29:00+00:00,109.015625,109.0234375,109.015625,109.015625,1706.0
2025-05-01 15:30:00+00:00,109.0234375,109.0390625,109.015625,109.0234375,1833.0
2025-05-01 15:31:00+00:00,109.0234375,109.03125,109.015625,109.0234375,3206.0
2025-05-01 15:32:00+00:00,109.015625,109.0234375,109.0078125,109.015625,3175.0
2025-05-01 15:33:00+00:00,109.0234375,109.0234375,109.0,109.015625,3730.0
2025-05-01 15:34:00+00:00,109.0078125,109.0234375,109.0,109.015625,7755.0
2025-05-01 15:35:00+00:00,109.0,109.015625,109.0,109.0078125,2296.0
2025-05-01 15:36:00+00:00,109.0,109.0078125,109.0,109.0078125,3703.0
2025-05-01 15:37:00+00:00,108.9921875,109.0078125,108.9921875,109.0,1560.0
2025-05-01 15:38:00+00:00,108.9921875,108.9921875,108.9921875,108.9921875,1221.0
2025-05-01 15:39:00+00:00,108.984375,108.9921875,108.984375,108.9921875,1542.0
2025-05-01 15:40:00+00:00,108.9765625,108.984375,108.96875,108.984375,1267.0
2025-05-01 15:41:00+00:00,108.96875,108.9765625,108.96875,108.9765625,2390.0
2025-05-01 15:42:00+00:00,108.9609375,108.96875,108.9609375,108.9609375,2352.0
2025-05-01 15:43:00+00:00,108.953125,108.9609375,108.953125,108.9609375,1541.0
2025-05-01 15:44:00+00:00,108.96875,108.96875,108.953125,108.9609375,1878.0
2025-05-01 15:45:00+00:00,108.96875,108.96875,108.96875,108.96875,1678.0
2025-05-01 15:46:00+00:00,108.9609375,108.9765625,108.953125,108.96875,2682.0
2025-05-01 15:47:00+00:00,108.953125,108.96875,108.953125,108.9609375,2683.0
2025-05-01 15:48:00+00:00,108.9765625,108.9765625,108.953125,108.953125,2315.0
2025-05-01 15:49:00+00:00,108.9765625,108.9765625,108.9609375,108.96875,2462.0
2025-05-01 15:50:00+00:00,108.9765625,108.984375,108.9765625,108.984375,582.0
2025-05-01 15:51:00+00:00,108.9609375,108.984375,108.9609375,108.984375,2410.0
2025-05-01 15:52:00+00:00,108.96875,108.9765625,108.9609375,108.9609375,3906.0
2025-05-01 15:53:00+00:00,108.96875,108.9765625,108.96875,108.96875,1738.0
2025-05-01 15:54:00+00:00,108.96875,108.96875,108.9609375,108.96875,1651.0
2025-05-01 15:55:00+00:00,108.96875,108.9765625,108.96875,108.96875,1459.0
2025-05-01 15:56:00+00:00,108.9921875,109.0,108.9765625,108.9765625,6109.0
2025-05-01 15:57:00+00:00,108.9921875,109.0,108.9921875,108.9921875,1899.0
2025-05-01 15:58:00+00:00,109.0078125,109.0234375,108.9921875,108.9921875,7330.0
2025-05-01 15:59:00+00:00,109.015625,109.0234375,109.0,109.0078125,1764.0
2025-05-01 16:00:00+00:00,108.9921875,109.0234375,108.984375,109.015625,5412.0
2025-05-01 16:01:00+00:00,109.0,109.0,108.9921875,108.9921875,1595.0
2025-05-01 16:02:00+00:00,108.9765625,108.9921875,108.9765625,108.9921875,1500.0
2025-05-01 16:03:00+00:00,108.9921875,108.9921875,108.9765625,108.984375,1274.0
2025-05-01 16:04:00+00:00,108.984375,109.0,108.984375,109.0,1042.0
2025-05-01 16:05:00+00:00,108.9765625,108.9921875,108.9765625,108.9921875,2057.0
2025-05-01 16:06:00+00:00,108.9765625,108.984375,108.96875,108.9765625,2715.0
2025-05-01 16:07:00+00:00,108.9765625,108.984375,108.9609375,108.96875,1814.0
2025-05-01 16:08:00+00:00,108.984375,108.984375,108.96875,108.9765625,1354.0
2025-05-01 16:09:00+00:00,108.96875,108.984375,108.9609375,108.9765625,1503.0
2025-05-01 16:10:00+00:00,108.984375,108.984375,108.9609375,108.9609375,1170.0
2025-05-01 16:11:00+00:00,108.984375,109.0,108.96875,108.984375,8260.0
2025-05-01 16:12:00+00:00,109.0078125,109.015625,108.984375,108.984375,6023.0
2025-05-01 16:13:00+00:00,109.0078125,109.015625,109.0,109.015625,2156.0
2025-05-01 16:14:00+00:00,109.0078125,109.0078125,109.0,109.0,1398.0
2025-05-01 16:15:00+00:00,108.9921875,109.0078125,108.9921875,109.0078125,2003.0
2025-05-01 16:16:00+00:00,108.9921875,109.0,108.984375,108.9921875,1442.0
2025-05-01 16:17:00+00:00,108.9921875,109.0,108.984375,108.9921875,2629.0
2025-05-01 16:18:00+00:00,108.96875,108.9921875,108.96875,108.984375,1302.0
2025-05-01 16:19:00+00:00,108.9765625,108.984375,108.96875,108.9765625,1832.0
2025-05-01 16:20:00+00:00,108.9765625,108.984375,108.96875,108.9765625,2185.0
2025-05-01 16:21:00+00:00,108.96875,108.9765625,108.96875,108.96875,1108.0
2025-05-01 16:22:00+00:00,108.953125,108.96875,108.953125,108.96875,1184.0
2025-05-01 16:23:00+00:00,108.9609375,108.96875,108.953125,108.953125,3050.0
2025-05-01 16:24:00+00:00,108.9609375,108.96875,108.953125,108.953125,1937.0
2025-05-01 16:25:00+00:00,108.96875,108.9765625,108.953125,108.9609375,6065.0
2025-05-01 16:26:00+00:00,108.9609375,108.96875,108.953125,108.96875,1089.0
2025-05-01 16:27:00+00:00,108.953125,108.9609375,108.9453125,108.953125,2024.0
2025-05-01 16:28:00+00:00,108.9453125,108.953125,108.9375,108.9453125,2289.0
2025-05-01 16:29:00+00:00,108.953125,108.9609375,108.9375,108.9453125,2670.0
2025-05-01 16:30:00+00:00,108.9609375,108.9765625,108.9609375,108.9609375,2322.0
2025-05-01 16:31:00+00:00,108.96875,108.96875,108.953125,108.9609375,598.0
2025-05-01 16:32:00+00:00,108.9609375,108.96875,108.953125,108.9609375,945.0
2025-05-01 16:33:00+00:00,108.9609375,108.9609375,108.953125,108.9609375,1402.0
2025-05-01 16:34:00+00:00,108.96875,108.96875,108.9609375,108.9609375,621.0
2025-05-01 16:35:00+00:00,108.9765625,108.9765625,108.96875,108.96875,760.0
2025-05-01 16:36:00+00:00,108.96875,108.9765625,108.96875,108.9765625,238.0
2025-05-01 16:37:00+00:00,108.9765625,108.9765625,108.96875,108.96875,377.0
2025-05-01 16:38:00+00:00,108.9765625,108.984375,108.9765625,108.9765625,970.0
2025-05-01 16:39:00+00:00,108.9921875,109.0,108.9765625,108.9765625,1500.0
2025-05-01 16:40:00+00:00,109.0,109.0,108.984375,108.984375,959.0
2025-05-01 16:41:00+00:00,109.0,109.0078125,108.9921875,109.0,1318.0
2025-05-01 16:42:00+00:00,108.9921875,109.0,108.9921875,109.0,542.0
2025-05-01 16:43:00+00:00,108.9921875,109.0,108.9921875,108.9921875,522.0
2025-05-01 16:44:00+00:00,108.9921875,108.9921875,108.9921875,108.9921875,488.0
2025-05-01 16:45:00+00:00,109.0,109.0,108.9921875,108.9921875,751.0
2025-05-01 16:46:00+00:00,109.0,109.0,108.9921875,108.9921875,1648.0
2025-05-01 16:47:00+00:00,109.0,109.0078125,108.9921875,108.9921875,2901.0
2025-05-01 16:48:00+00:00,109.0078125,109.0078125,109.0,109.0078125,671.0
2025-05-01 16:49:00+00:00,109.015625,109.015625,109.015625,109.015625,1729.0
2025-05-01 16:50:00+00:00,109.0078125,109.0234375,109.0,109.015625,1327.0
2025-05-01 16:51:00+00:00,109.0234375,109.0234375,109.0078125,109.0078125,563.0
2025-05-01 16:52:00+00:00,109.03125,109.03125,109.015625,109.015625,1509.0
2025-05-01 16:53:00+00:00,109.0390625,109.0390625,109.0234375,109.0234375,970.0
2025-05-01 16:54:00+00:00,109.0390625,109.0390625,109.0390625,109.0390625,1078.0
2025-05-01 16:55:00+00:00,109.0390625,109.046875,109.0390625,109.0390625,2879.0
2025-05-01 16:56:00+00:00,109.046875,109.046875,109.0390625,109.0390625,1998.0
2025-05-01 16:57:00+00:00,109.046875,109.046875,109.0390625,109.046875,1758.0
2025-05-01 16:58:00+00:00,109.046875,109.046875,109.0390625,109.046875,205.0
2025-05-01 16:59:00+00:00,109.0390625,109.046875,109.0390625,109.046875,118.0
2025-05-01 17:00:00+00:00,109.0234375,109.0390625,109.0234375,109.0390625,1539.0
2025-05-01 17:01:00+00:00,109.03125,109.03125,109.0234375,109.0234375,548.0
2025-05-01 17:02:00+00:00,109.03125,109.0390625,109.03125,109.03125,858.0
2025-05-01 17:03:00+00:00,109.03125,109.0390625,109.03125,109.03125,111.0
2025-05-01 17:04:00+00:00,109.0390625,109.0390625,109.03125,109.03125,862.0
2025-05-01 17:05:00+00:00,109.046875,109.046875,109.03125,109.0390625,887.0
2025-05-01 17:06:00+00:00,109.0390625,109.046875,109.0390625,109.046875,341.0
2025-05-01 17:07:00+00:00,109.03125,109.0390625,109.03125,109.0390625,492.0
2025-05-01 17:08:00+00:00,109.0234375,109.03125,109.0234375,109.03125,707.0
2025-05-01 17:09:00+00:00,109.0234375,109.0234375,109.0234375,109.0234375,11.0
2025-05-01 17:10:00+00:00,109.0234375,109.03125,109.0234375,109.03125,44.0
2025-05-01 17:11:00+00:00,109.015625,109.03125,109.015625,109.03125,3097.0
2025-05-01 17:12:00+00:00,109.03125,109.03125,109.015625,109.0234375,1357.0
2025-05-01 17:13:00+00:00,109.0234375,109.0234375,109.0234375,109.0234375,133.0
2025-05-01 17:14:00+00:00,109.03125,109.03125,109.0234375,109.0234375,2853.0
2025-05-01 17:15:00+00:00,109.0390625,109.046875,109.03125,109.03125,1805.0
2025-05-01 17:16:00+00:00,109.0390625,109.046875,109.0390625,109.046875,1710.0
2025-05-01 17:17:00+00:00,109.03125,109.0390625,109.03125,109.03125,1256.0
2025-05-01 17:18:00+00:00,109.03125,109.03125,109.03125,109.03125,701.0
2025-05-01 17:19:00+00:00,109.03125,109.03125,109.0234375,109.0234375,33.0
2025-05-01 17:20:00+00:00,109.03125,109.03125,109.0234375,109.0234375,166.0
2025-05-01 17:21:00+00:00,109.03125,109.03125,109.0234375,109.03125,209.0
2025-05-01 17:22:00+00:00,109.0390625,109.0390625,109.03125,109.03125,2667.0
2025-05-01 17:23:00+00:00,109.0390625,109.0390625,109.0390625,109.0390625,343.0
2025-05-01 17:24:00+00:00,109.0390625,109.0390625,109.03125,109.0390625,292.0
2025-05-01 17:25:00+00:00,109.03125,109.046875,109.03125,109.0390625,3390.0
2025-05-01 17:26:00+00:00,109.0234375,109.03125,109.015625,109.03125,1768.0
2025-05-01 17:27:00+00:00,109.0234375,109.0234375,109.0234375,109.0234375,702.0
2025-05-01 17:28:00+00:00,109.0234375,109.0234375,109.0234375,109.0234375,3262.0
2025-05-01 17:29:00+00:00,109.03125,109.0390625,109.0234375,109.0234375,1634.0
2025-05-01 17:30:00+00:00,109.0390625,109.046875,109.03125,109.0390625,4409.0
2025-05-01 17:31:00+00:00,109.046875,109.046875,109.03125,109.03125,1541.0
2025-05-01 17:32:00+00:00,109.0390625,109.0546875,109.0390625,109.046875,2282.0
2025-05-01 17:33:00+00:00,109.0390625,109.0390625,109.03125,109.0390625,1876.0
2025-05-01 17:34:00+00:00,109.0390625,109.0390625,109.03125,109.0390625,242.0
2025-05-01 17:35:00+00:00,109.03125,109.0390625,109.0234375,109.0390625,2036.0
2025-05-01 17:36:00+00:00,109.03125,109.03125,109.0234375,109.03125,1239.0
2025-05-01 17:37:00+00:00,109.0234375,109.0390625,109.015625,109.03125,3871.0
2025-05-01 17:38:00+00:00,109.015625,109.0234375,109.015625,109.0234375,544.0
2025-05-01 17:39:00+00:00,109.015625,109.015625,109.015625,109.015625,1711.0
2025-05-01 17:40:00+00:00,109.015625,109.015625,109.0078125,109.015625,602.0
2025-05-01 17:41:00+00:00,109.0078125,109.0078125,109.0078125,109.0078125,1230.0
2025-05-01 17:42:00+00:00,109.0078125,109.0078125,109.0,109.0078125,700.0
2025-05-01 17:43:00+00:00,108.96875,109.0078125,108.96875,109.0078125,10335.0
2025-05-01 17:44:00+00:00,108.96875,108.96875,108.96875,108.96875,1750.0
2025-05-01 17:45:00+00:00,108.953125,108.96875,108.953125,108.96875,1259.0
2025-05-01 17:46:00+00:00,108.9609375,108.9609375,108.953125,108.953125,3921.0
2025-05-01 17:47:00+00:00,108.953125,108.9609375,108.953125,108.9609375,2298.0
2025-05-01 17:48:00+00:00,108.953125,108.9609375,108.953125,108.9609375,2939.0
2025-05-01 17:49:00+00:00,108.921875,108.953125,108.921875,108.953125,1553.0
2025-05-01 17:50:00+00:00,108.9140625,108.9296875,108.90625,108.9296875,4334.0
2025-05-01 17:51:00+00:00,108.9296875,108.9375,108.9140625,108.9140625,2160.0
2025-05-01 17:52:00+00:00,108.921875,108.9296875,108.921875,108.9296875,632.0
2025-05-01 17:53:00+00:00,108.9140625,108.9296875,108.9140625,108.9296875,1861.0
2025-05-01 17:54:00+00:00,108.90625,108.921875,108.90625,108.9140625,2848.0
2025-05-01 17:55:00+00:00,108.90625,108.9140625,108.8984375,108.90625,4676.0
2025-05-01 17:56:00+00:00,108.890625,108.90625,108.890625,108.90625,4514.0
2025-05-01 17:57:00+00:00,108.8984375,108.8984375,108.890625,108.890625,1420.0
2025-05-01 17:58:00+00:00,108.890625,108.8984375,108.890625,108.890625,41.0
2025-05-01 17:59:00+00:00,108.8828125,108.890625,108.8828125,108.890625,3324.0
2025-05-01 18:00:00+00:00,108.8828125,108.890625,108.875,108.8828125,5641.0
2025-05-01 18:01:00+00:00,108.890625,108.890625,108.8671875,108.8828125,3533.0
2025-05-01 18:02:00+00:00,108.8671875,108.8828125,108.8671875,108.8828125,3093.0
2025-05-01 18:03:00+00:00,108.8515625,108.8671875,108.84375,108.8671875,6192.0
2025-05-01 18:04:00+00:00,108.84375,108.859375,108.84375,108.859375,225.0
2025-05-01 18:05:00+00:00,108.8671875,108.8671875,108.8515625,108.8515625,1521.0
2025-05-01 18:06:00+00:00,108.8671875,108.875,108.859375,108.8671875,1047.0
2025-05-01 18:07:00+00:00,108.875,108.875,108.8671875,108.8671875,1247.0
2025-05-01 18:08:00+00:00,108.875,108.875,108.8671875,108.875,939.0
2025-05-01 18:09:00+00:00,108.8828125,108.8828125,108.875,108.875,829.0
2025-05-01 18:10:00+00:00,108.875,108.8828125,108.875,108.8828125,266.0
2025-05-01 18:11:00+00:00,108.90625,108.9140625,108.8828125,108.8828125,2729.0
2025-05-01 18:12:00+00:00,108.8984375,108.90625,108.8984375,108.90625,902.0
2025-05-01 18:13:00+00:00,108.890625,108.8984375,108.890625,108.8984375,663.0
2025-05-01 18:14:00+00:00,108.890625,108.890625,108.8828125,108.890625,15.0
2025-05-01 18:15:00+00:00,108.875,108.890625,108.875,108.8828125,1398.0
2025-05-01 18:16:00+00:00,108.875,108.890625,108.875,108.8828125,1056.0
2025-05-01 18:17:00+00:00,108.8671875,108.875,108.8671875,108.875,2689.0
2025-05-01 18:18:00+00:00,108.875,108.875,108.8671875,108.875,318.0
2025-05-01 18:19:00+00:00,108.8515625,108.8671875,108.8515625,108.8671875,819.0
2025-05-01 18:20:00+00:00,108.84375,108.859375,108.8359375,108.859375,2585.0
2025-05-01 18:21:00+00:00,108.84375,108.84375,108.8359375,108.84375,2032.0
2025-05-01 18:22:00+00:00,108.859375,108.859375,108.84375,108.84375,727.0
2025-05-01 18:23:00+00:00,108.859375,108.859375,108.8515625,108.8515625,1411.0
2025-05-01 18:24:00+00:00,108.859375,108.859375,108.8515625,108.8515625,1230.0
2025-05-01 18:25:00+00:00,108.8515625,108.859375,108.84375,108.859375,1211.0
2025-05-01 18:26:00+00:00,108.84375,108.8515625,108.84375,108.8515625,111.0
2025-05-01 18:27:00+00:00,108.84375,108.8515625,108.8359375,108.84375,992.0
2025-05-01 18:28:00+00:00,108.8515625,108.8515625,108.84375,108.84375,19.0
2025-05-01 18:29:00+00:00,108.859375,108.859375,108.8515625,108.8515625,2945.0
2025-05-01 18:30:00+00:00,108.8515625,108.859375,108.84375,108.8515625,953.0
2025-05-01 18:31:00+00:00,108.8671875,108.8671875,108.8515625,108.859375,1323.0
2025-05-01 18:32:00+00:00,108.875,108.890625,108.875,108.875,4196.0
2025-05-01 18:33:00+00:00,108.8828125,108.8828125,108.875,108.8828125,1900.0
2025-05-01 18:34:00+00:00,108.875,108.8828125,108.875,108.8828125,648.0
2025-05-01 18:35:00+00:00,108.875,108.8828125,108.875,108.875,295.0
2025-05-01 18:36:00+00:00,108.8671875,108.8828125,108.8671875,108.875,2166.0
2025-05-01 18:37:00+00:00,108.890625,108.8984375,108.8671875,108.8671875,3512.0
2025-05-01 18:38:00+00:00,108.90625,108.90625,108.890625,108.890625,1614.0
2025-05-01 18:39:00+00:00,108.8984375,108.90625,108.8984375,108.90625,588.0
2025-05-01 18:40:00+00:00,108.8828125,108.90625,108.8828125,108.90625,2255.0
2025-05-01 18:41:00+00:00,108.890625,108.8984375,108.8828125,108.8828125,1225.0
2025-05-01 18:42:00+00:00,108.90625,108.90625,108.8984375,108.8984375,634.0
2025-05-01 18:43:00+00:00,108.90625,108.90625,108.8984375,108.90625,921.0
2025-05-01 18:44:00+00:00,108.9140625,108.9140625,108.90625,108.90625,1458.0
2025-05-01 18:45:00+00:00,108.9140625,108.921875,108.90625,108.9140625,3719.0
2025-05-01 18:46:00+00:00,108.9296875,108.9375,108.9140625,108.9140625,3735.0
2025-05-01 18:47:00+00:00,108.9140625,108.9296875,108.9140625,108.9296875,1584.0
2025-05-01 18:48:00+00:00,108.9375,108.9375,108.9140625,108.921875,1153.0
2025-05-01 18:49:00+00:00,108.921875,108.9453125,108.921875,108.9375,2249.0
2025-05-01 18:50:00+00:00,108.90625,108.921875,108.8984375,108.921875,3839.0
2025-05-01 18:51:00+00:00,108.8984375,108.9140625,108.8984375,108.9140625,5408.0
2025-05-01 18:52:00+00:00,108.9296875,108.9296875,108.90625,108.90625,4240.0
2025-05-01 18:53:00+00:00,108.921875,108.9375,108.9140625,108.9296875,8724.0
2025-05-01 18:54:00+00:00,108.90625,108.921875,108.90625,108.921875,3172.0
2025-05-01 18:55:00+00:00,108.8984375,108.90625,108.8984375,108.90625,892.0
2025-05-01 18:56:00+00:00,108.8984375,108.90625,108.890625,108.8984375,3526.0
2025-05-01 18:57:00+00:00,108.90625,108.90625,108.890625,108.890625,3470.0
2025-05-01 18:58:00+00:00,108.90625,108.90625,108.8984375,108.90625,1582.0
2025-05-01 18:59:00+00:00,108.9140625,108.921875,108.8984375,108.8984375,8822.0
2025-05-01 19:00:00+00:00,108.921875,108.921875,108.90625,108.90625,907.0
2025-05-01 19:01:00+00:00,108.9140625,108.921875,108.90625,108.921875,3028.0
2025-05-01 19:02:00+00:00,108.9140625,108.921875,108.90625,108.9140625,2548.0
2025-05-01 19:03:00+00:00,108.90625,108.9140625,108.8984375,108.90625,1970.0
2025-05-01 19:04:00+00:00,108.9140625,108.921875,108.90625,108.9140625,3356.0
2025-05-01 19:05:00+00:00,108.90625,108.9140625,108.90625,108.9140625,1301.0
2025-05-01 19:06:00+00:00,108.90625,108.9140625,108.90625,108.90625,372.0
2025-05-01 19:07:00+00:00,108.9140625,108.921875,108.90625,108.90625,1132.0
2025-05-01 19:08:00+00:00,108.90625,108.9140625,108.90625,108.9140625,1162.0
2025-05-01 19:09:00+00:00,108.90625,108.90625,108.8984375,108.90625,1085.0
2025-05-01 19:10:00+00:00,108.90625,108.9140625,108.90625,108.90625,114.0
2025-05-01 19:11:00+00:00,108.8984375,108.90625,108.890625,108.8984375,1458.0
2025-05-01 19:12:00+00:00,108.90625,108.90625,108.8984375,108.8984375,271.0
2025-05-01 19:13:00+00:00,108.8984375,108.8984375,108.890625,108.8984375,1013.0
2025-05-01 19:14:00+00:00,108.8984375,108.8984375,108.8984375,108.8984375,1510.0
2025-05-01 19:15:00+00:00,108.8984375,108.8984375,108.890625,108.8984375,1492.0
2025-05-01 19:16:00+00:00,108.8984375,108.8984375,108.8984375,108.8984375,276.0
2025-05-01 19:17:00+00:00,108.8984375,108.90625,108.8984375,108.8984375,99.0
2025-05-01 19:18:00+00:00,108.9140625,108.9140625,108.8984375,108.8984375,2042.0
2025-05-01 19:19:00+00:00,108.9140625,108.9140625,108.90625,108.9140625,475.0
2025-05-01 19:20:00+00:00,108.9140625,108.9140625,108.90625,108.9140625,1089.0
2025-05-01 19:21:00+00:00,108.90625,108.9140625,108.8984375,108.9140625,1498.0
2025-05-01 19:22:00+00:00,108.8984375,108.90625,108.8984375,108.90625,1839.0
2025-05-01 19:23:00+00:00,108.90625,108.90625,108.890625,108.8984375,686.0
2025-05-01 19:24:00+00:00,108.8984375,108.90625,108.890625,108.90625,1113.0
2025-05-01 19:25:00+00:00,108.8984375,108.90625,108.890625,108.8984375,1009.0
2025-05-01 19:26:00+00:00,108.890625,108.8984375,108.890625,108.8984375,18.0
2025-05-01 19:27:00+00:00,108.8984375,108.8984375,108.890625,108.8984375,33.0
2025-05-01 19:28:00+00:00,108.8984375,108.8984375,108.890625,108.8984375,286.0
2025-05-01 19:29:00+00:00,108.890625,108.8984375,108.890625,108.8984375,1375.0
2025-05-01 19:30:00+00:00,108.8984375,108.8984375,108.890625,108.8984375,781.0
2025-05-01 19:31:00+00:00,108.8984375,108.90625,108.8984375,108.8984375,1215.0
2025-05-01 19:32:00+00:00,108.8984375,108.90625,108.8984375,108.8984375,1486.0
2025-05-01 19:33:00+00:00,108.8984375,108.90625,108.890625,108.8984375,1279.0
2025-05-01 19:34:00+00:00,108.90625,108.90625,108.8984375,108.90625,320.0
2025-05-01 19:35:00+00:00,108.90625,108.90625,108.8984375,108.8984375,646.0
2025-05-01 19:36:00+00:00,108.921875,108.921875,108.9140625,108.9140625,1825.0
2025-05-01 19:37:00+00:00,108.9140625,108.921875,108.9140625,108.921875,655.0
2025-05-01 19:38:00+00:00,108.9140625,108.921875,108.9140625,108.921875,26.0
2025-05-01 19:39:00+00:00,108.9296875,108.9296875,108.921875,108.921875,2237.0
2025-05-01 19:40:00+00:00,108.9296875,108.9375,108.921875,108.9375,1004.0
2025-05-01 19:41:00+00:00,108.921875,108.9296875,108.921875,108.9296875,917.0
2025-05-01 19:42:00+00:00,108.921875,108.9375,108.921875,108.9296875,3001.0
2025-05-01 19:43:00+00:00,108.9375,108.9375,108.921875,108.921875,1306.0
2025-05-01 19:44:00+00:00,108.9296875,108.9375,108.9296875,108.9375,1821.0
2025-05-01 19:45:00+00:00,108.9140625,108.9296875,108.90625,108.9296875,2814.0
2025-05-01 19:46:00+00:00,108.90625,108.9140625,108.90625,108.9140625,407.0
2025-05-01 19:47:00+00:00,108.90625,108.9140625,108.90625,108.90625,1106.0
2025-05-01 19:48:00+00:00,108.9140625,108.9140625,108.8984375,108.90625,282.0
2025-05-01 19:49:00+00:00,108.90625,108.9140625,108.8984375,108.90625,1134.0
2025-05-01 19:50:00+00:00,108.9140625,108.921875,108.90625,108.90625,980.0
2025-05-01 19:51:00+00:00,108.9375,108.9375,108.9140625,108.921875,1479.0
2025-05-01 19:52:00+00:00,108.9453125,108.953125,108.9375,108.9375,783.0
2025-05-01 19:53:00+00:00,108.9453125,108.953125,108.9453125,108.9453125,107.0
2025-05-01 19:54:00+00:00,108.9453125,108.953125,108.9375,108.953125,3473.0
2025-05-01 19:55:00+00:00,108.9453125,108.9609375,108.9375,108.9453125,3556.0
2025-05-01 19:56:00+00:00,108.953125,108.9609375,108.9453125,108.953125,2293.0
2025-05-01 19:57:00+00:00,108.96875,108.9765625,108.953125,108.953125,8119.0
2025-05-01 19:58:00+00:00,108.96875,108.9765625,108.96875,108.96875,6849.0
2025-05-01 19:59:00+00:00,108.953125,108.96875,108.9453125,108.96875,7440.0
2025-05-01 20:00:00+00:00,108.953125,108.9609375,108.9453125,108.9609375,6898.0
2025-05-01 20:01:00+00:00,108.96875,108.96875,108.953125,108.953125,1433.0
2025-05-01 20:02:00+00:00,108.96875,108.9765625,108.96875,108.96875,873.0
2025-05-01 20:03:00+00:00,108.984375,108.9921875,108.96875,108.96875,3108.0
2025-05-01 20:04:00+00:00,108.9765625,108.984375,108.9765625,108.984375,817.0
2025-05-01 20:05:00+00:00,108.984375,108.984375,108.9765625,108.9765625,1684.0
2025-05-01 20:06:00+00:00,108.984375,108.984375,108.9765625,108.984375,837.0
2025-05-01 20:07:00+00:00,108.9921875,109.0,108.984375,108.984375,1063.0
2025-05-01 20:08:00+00:00,108.9921875,108.9921875,108.9921875,108.9921875,2356.0
2025-05-01 20:09:00+00:00,109.0,109.0,108.9921875,108.9921875,101.0
2025-05-01 20:10:00+00:00,109.0,109.0078125,109.0,109.0,2748.0
2025-05-01 20:11:00+00:00,109.0078125,109.015625,109.0,109.0,3667.0
2025-05-01 20:12:00+00:00,109.0078125,109.015625,109.0,109.0,981.0
2025-05-01 20:13:00+00:00,109.0,109.0078125,109.0,109.0078125,171.0
2025-05-01 20:14:00+00:00,108.9921875,109.0078125,108.9921875,109.0078125,6441.0
2025-05-01 20:15:00+00:00,108.9765625,109.0,108.9765625,109.0,2040.0
2025-05-01 20:16:00+00:00,108.96875,108.9765625,108.96875,108.9765625,644.0
2025-05-01 20:17:00+00:00,108.9609375,108.96875,108.9609375,108.96875,1529.0
2025-05-01 20:18:00+00:00,108.9609375,108.9609375,108.953125,108.9609375,116.0
2025-05-01 20:19:00+00:00,108.953125,108.9609375,108.9453125,108.9609375,805.0
2025-05-01 20:20:00+00:00,108.9609375,108.9609375,108.9609375,108.9609375,1104.0
2025-05-01 20:21:00+00:00,108.9609375,108.9609375,108.9609375,108.9609375,1368.0
2025-05-01 20:22:00+00:00,108.96875,108.96875,108.9609375,108.9609375,1754.0
2025-05-01 20:23:00+00:00,108.96875,108.96875,108.96875,108.96875,316.0
2025-05-01 20:24:00+00:00,108.96875,108.96875,108.96875,108.96875,1381.0
2025-05-01 20:25:00+00:00,108.96875,108.9765625,108.96875,108.96875,1011.0
2025-05-01 20:26:00+00:00,108.9765625,108.984375,108.96875,108.9765625,1288.0
2025-05-01 20:27:00+00:00,108.9609375,108.9765625,108.9609375,108.9765625,1104.0
2025-05-01 20:28:00+00:00,108.96875,108.96875,108.96875,108.96875,825.0
2025-05-01 20:29:00+00:00,108.9765625,108.9765625,108.96875,108.96875,644.0
2025-05-01 20:30:00+00:00,108.96875,108.9765625,108.9609375,108.96875,3315.0
2025-05-01 20:31:00+00:00,108.96875,108.96875,108.9609375,108.96875,636.0
2025-05-01 20:32:00+00:00,108.96875,108.96875,108.96875,108.96875,616.0
2025-05-01 20:33:00+00:00,108.9765625,108.984375,108.96875,108.96875,1171.0
2025-05-01 20:34:00+00:00,108.9765625,108.984375,108.9765625,108.9765625,1082.0
2025-05-01 20:35:00+00:00,108.9765625,108.984375,108.9765625,108.9765625,939.0
2025-05-01 20:36:00+00:00,108.984375,108.984375,108.984375,108.984375,2142.0
2025-05-01 20:37:00+00:00,108.9765625,108.9921875,108.9765625,108.984375,218.0
2025-05-01 20:38:00+00:00,108.9765625,108.9765625,108.9765625,108.9765625,339.0
2025-05-01 20:39:00+00:00,108.9765625,108.9765625,108.9765625,108.9765625,60.0
2025-05-01 20:40:00+00:00,108.9765625,108.984375,108.9765625,108.9765625,816.0
2025-05-01 20:41:00+00:00,108.9765625,108.984375,108.9765625,108.9765625,143.0
2025-05-01 20:42:00+00:00,108.9609375,108.96875,108.9609375,108.96875,334.0
2025-05-01 20:43:00+00:00,108.9609375,108.96875,108.9609375,108.96875,568.0
2025-05-01 20:44:00+00:00,108.96875,108.96875,108.9609375,108.9609375,113.0
2025-05-01 20:45:00+00:00,108.953125,108.96875,108.953125,108.9609375,1651.0
2025-05-01 20:46:00+00:00,108.9609375,108.9609375,108.953125,108.953125,548.0
2025-05-01 20:47:00+00:00,108.953125,108.9609375,108.953125,108.953125,429.0
2025-05-01 20:48:00+00:00,108.9609375,108.9609375,108.953125,108.9609375,343.0
2025-05-01 20:49:00+00:00,108.953125,108.953125,108.9453125,108.953125,573.0
2025-05-01 20:50:00+00:00,108.9453125,108.953125,108.9453125,108.953125,33.0
2025-05-01 20:51:00+00:00,108.953125,108.953125,108.9453125,108.9453125,166.0
2025-05-01 20:52:00+00:00,108.9609375,108.9609375,108.9453125,108.9453125,1124.0
2025-05-01 20:53:00+00:00,108.953125,108.9609375,108.953125,108.953125,1750.0
2025-05-01 20:54:00+00:00,108.953125,108.953125,108.9453125,108.9453125,474.0
2025-05-01 20:55:00+00:00,108.953125,108.953125,108.9453125,108.9453125,49.0
2025-05-01 20:56:00+00:00,108.9453125,108.953125,108.9453125,108.9453125,983.0
2025-05-01 20:57:00+00:00,108.9453125,108.953125,108.9375,108.9453125,677.0
2025-05-01 20:58:00+00:00,108.9453125,108.9453125,108.9375,108.9375,21.0
2025-05-01 20:59:00+00:00,108.9375,108.9453125,108.9375,108.9453125,349.0
2025-05-01 22:00:00+00:00,108.921875,108.9375,108.921875,108.9375,0.0
2025-05-01 22:01:00+00:00,108.9296875,108.9375,108.9296875,108.9296875,985.0
2025-05-01 22:02:00+00:00,108.9609375,108.9609375,108.9375,108.9375,626.0
2025-05-01 22:03:00+00:00,108.96875,108.96875,108.9609375,108.9609375,94.0
2025-05-01 22:04:00+00:00,108.9609375,108.9609375,108.9609375,108.9609375,5.0
2025-05-01 22:05:00+00:00,108.96875,108.96875,108.96875,108.96875,49.0
2025-05-01 22:06:00+00:00,108.96875,108.96875,108.96875,108.96875,9.0
2025-05-01 22:07:00+00:00,108.96875,108.9765625,108.96875,108.96875,137.0
2025-05-01 22:08:00+00:00,108.9765625,108.9765625,108.9765625,108.9765625,43.0
2025-05-01 22:09:00+00:00,108.9609375,108.96875,108.9609375,108.96875,120.0
2025-05-01 22:10:00+00:00,108.9453125,108.96875,108.9453125,108.96875,448.0
2025-05-01 22:12:00+00:00,108.9453125,108.9453125,108.9375,108.9453125,75.0
2025-05-01 22:13:00+00:00,108.953125,108.953125,108.953125,108.953125,307.0
2025-05-01 22:14:00+00:00,108.953125,108.953125,108.953125,108.953125,3.0
2025-05-01 22:15:00+00:00,108.9609375,108.9609375,108.953125,108.953125,146.0
2025-05-01 22:16:00+00:00,108.9609375,108.9609375,108.9609375,108.9609375,52.0
2025-05-01 22:17:00+00:00,108.9609375,108.9609375,108.9609375,108.9609375,25.0
2025-05-01 22:18:00+00:00,108.96875,108.96875,108.9609375,108.9609375,39.0
2025-05-01 22:20:00+00:00,108.96875,108.96875,108.9609375,108.9609375,61.0
2025-05-01 22:21:00+00:00,108.96875,108.96875,108.96875,108.96875,22.0
2025-05-01 22:22:00+00:00,108.96875,108.96875,108.96875,108.96875,53.0
2025-05-01 22:25:00+00:00,108.9765625,108.9765625,108.9765625,108.9765625,2.0
2025-05-01 22:26:00+00:00,108.9765625,108.9765625,108.9765625,108.9765625,47.0
2025-05-01 22:27:00+00:00,108.9765625,108.9765625,108.9765625,108.9765625,16.0
2025-05-01 22:29:00+00:00,108.9765625,108.9765625,108.9765625,108.9765625,58.0
2025-05-01 22:30:00+00:00,108.9765625,108.9765625,108.96875,108.96875,19.0
2025-05-01 22:31:00+00:00,108.9765625,108.9765625,108.96875,108.96875,51.0
2025-05-01 22:32:00+00:00,108.9765625,108.9765625,108.9765625,108.9765625,139.0
2025-05-01 22:33:00+00:00,108.984375,108.984375,108.9765625,108.9765625,6.0
2025-05-01 22:34:00+00:00,108.9765625,108.984375,108.9765625,108.9765625,122.0
2025-05-01 22:35:00+00:00,108.984375,108.984375,108.9765625,108.9765625,29.0
2025-05-01 22:38:00+00:00,108.9765625,108.9765625,108.9765625,108.9765625,50.0
2025-05-01 22:39:00+00:00,108.9765625,108.9765625,108.9765625,108.9765625,15.0
2025-05-01 22:40:00+00:00,108.9765625,108.9765625,108.9765625,108.9765625,9.0
2025-05-01 22:41:00+00:00,108.9765625,108.9765625,108.9765625,108.9765625,1.0
2025-05-01 22:42:00+00:00,108.9765625,108.984375,108.9765625,108.9765625,45.0
2025-05-01 22:43:00+00:00,108.984375,108.984375,108.984375,108.984375,3.0
2025-05-01 22:46:00+00:00,108.984375,108.984375,108.984375,108.984375,42.0
2025-05-01 22:47:00+00:00,108.984375,108.984375,108.984375,108.984375,101.0
2025-05-01 22:48:00+00:00,108.984375,108.984375,108.984375,108.984375,37.0
2025-05-01 22:49:00+00:00,108.984375,108.984375,108.984375,108.984375,33.0
2025-05-01 22:50:00+00:00,108.984375,108.984375,108.984375,108.984375,30.0
2025-05-01 22:51:00+00:00,108.984375,108.984375,108.984375,108.984375,16.0
2025-05-01 22:52:00+00:00,108.96875,108.984375,108.9609375,108.984375,997.0
2025-05-01 22:56:00+00:00,108.96875,108.96875,108.96875,108.96875,35.0
2025-05-01 22:57:00+00:00,108.9765625,108.9765625,108.9609375,108.96875,217.0
2025-05-01 22:58:00+00:00,108.984375,108.984375,108.984375,108.984375,21.0
2025-05-01 22:59:00+00:00,108.984375,108.984375,108.984375,108.984375,65.0
2025-05-01 23:00:00+00:00,108.984375,108.9921875,108.984375,108.9921875,59.0
2025-05-01 23:01:00+00:00,108.984375,108.984375,108.984375,108.984375,44.0
2025-05-01 23:02:00+00:00,108.984375,108.984375,108.984375,108.984375,18.0
2025-05-01 23:05:00+00:00,108.984375,108.984375,108.984375,108.984375,49.0
2025-05-01 23:06:00+00:00,108.9921875,108.9921875,108.9921875,108.9921875,4.0
2025-05-01 23:08:00+00:00,108.984375,108.984375,108.984375,108.984375,56.0
2025-05-01 23:09:00+00:00,108.9921875,108.9921875,108.9921875,108.9921875,6.0
2025-05-01 23:10:00+00:00,108.9921875,108.9921875,108.9921875,108.9921875,1.0
2025-05-01 23:11:00+00:00,108.984375,108.984375,108.984375,108.984375,32.0
2025-05-01 23:12:00+00:00,108.984375,108.984375,108.984375,108.984375,63.0
2025-05-01 23:13:00+00:00,108.984375,108.9921875,108.984375,108.984375,25.0
2025-05-01 23:14:00+00:00,108.9921875,108.9921875,108.984375,108.984375,33.0
2025-05-01 23:15:00+00:00,108.9921875,109.0,108.9921875,108.9921875,317.0
2025-05-01 23:16:00+00:00,108.9921875,108.9921875,108.9921875,108.9921875,53.0
2025-05-01 23:17:00+00:00,108.9921875,108.9921875,108.9921875,108.9921875,154.0
2025-05-01 23:18:00+00:00,108.9921875,108.9921875,108.9921875,108.9921875,15.0
2025-05-01 23:19:00+00:00,108.9921875,108.9921875,108.9921875,108.9921875,25.0
2025-05-01 23:21:00+00:00,108.9921875,108.9921875,108.9921875,108.9921875,22.0
2025-05-01 23:30:00+00:00,108.984375,108.984375,108.984375,108.984375,19.0
2025-05-01 23:31:00+00:00,108.9765625,108.984375,108.9765625,108.984375,80.0
2025-05-01 23:32:00+00:00,108.9765625,108.9765625,108.9765625,108.9765625,38.0
2025-05-01 23:33:00+00:00,108.9765625,108.9765625,108.9765625,108.9765625,28.0
2025-05-01 23:39:00+00:00,108.96875,108.96875,108.96875,108.96875,200.0
2025-05-01 23:40:00+00:00,108.96875,108.96875,108.96875,108.96875,176.0
2025-05-01 23:42:00+00:00,108.9609375,108.9609375,108.9609375,108.9609375,340.0
2025-05-01 23:44:00+00:00,108.9765625,108.9765625,108.9609375,108.9609375,102.0
2025-05-01 23:45:00+00:00,108.9765625,108.9765625,108.9765625,108.9765625,140.0
2025-05-01 23:46:00+00:00,108.9765625,108.9921875,108.9765625,108.984375,278.0
2025-05-01 23:49:00+00:00,108.9765625,108.9765625,108.9765625,108.9765625,138.0
2025-05-01 23:50:00+00:00,108.984375,108.984375,108.984375,108.984375,2.0
2025-05-01 23:51:00+00:00,108.984375,108.984375,108.984375,108.984375,102.0
2025-05-01 23:52:00+00:00,108.984375,108.984375,108.984375,108.984375,4.0
2025-05-01 23:53:00+00:00,108.984375,108.984375,108.984375,108.984375,58.0
2025-05-01 23:54:00+00:00,108.9921875,108.9921875,108.9921875,108.9921875,172.0
2025-05-01 23:56:00+00:00,109.0,109.0078125,109.0,109.0,123.0
2025-05-01 23:57:00+00:00,108.9921875,108.9921875,108.9921875,108.9921875,23.0
2025-05-01 23:58:00+00:00,109.0,109.0,109.0,109.0,8.0
2025-05-01 23:59:00+00:00,109.0,109.0,109.0,109.0,74.0
2025-05-02 00:00:00+00:00,109.0,109.0,109.0,109.0,141.0
2025-05-02 00:01:00+00:00,109.0,109.0078125,109.0,109.0078125,126.0
2025-05-02 00:02:00+00:00,109.0078125,109.0078125,109.0078125,109.0078125,18.0
2025-05-02 00:04:00+00:00,109.0078125,109.0078125,109.0078125,109.0078125,25.0
2025-05-02 00:05:00+00:00,109.0,109.0,109.0,109.0,65.0
2025-05-02 00:06:00+00:00,108.9921875,108.9921875,108.9921875,108.9921875,237.0
2025-05-02 00:07:00+00:00,108.9921875,108.9921875,108.9921875,108.9921875,44.0
2025-05-02 00:08:00+00:00,108.9921875,108.9921875,108.9921875,108.9921875,97.0
2025-05-02 00:10:00+00:00,108.9921875,108.9921875,108.9921875,108.9921875,2.0
2025-05-02 00:11:00+00:00,108.984375,108.984375,108.984375,108.984375,170.0
2025-05-02 00:12:00+00:00,108.984375,108.984375,108.984375,108.984375,325.0
2025-05-02 00:13:00+00:00,108.984375,108.984375,108.984375,108.984375,107.0
2025-05-02 00:14:00+00:00,108.984375,108.984375,108.984375,108.984375,25.0
2025-05-02 00:15:00+00:00,108.96875,108.9921875,108.96875,108.9921875,484.0
2025-05-02 00:16:00+00:00,108.96875,108.9765625,108.96875,108.9765625,232.0
2025-05-02 00:17:00+00:00,108.953125,108.96875,108.953125,108.96875,151.0
2025-05-02 00:18:00+00:00,108.953125,108.953125,108.953125,108.953125,59.0
2025-05-02 00:19:00+00:00,108.9609375,108.9609375,108.953125,108.953125,459.0
2025-05-02 00:20:00+00:00,108.9453125,108.9609375,108.9453125,108.9609375,300.0
2025-05-02 00:21:00+00:00,108.953125,108.953125,108.953125,108.953125,250.0
2025-05-02 00:22:00+00:00,108.9296875,108.9453125,108.9296875,108.9453125,510.0
2025-05-02 00:23:00+00:00,108.9296875,108.9296875,108.921875,108.921875,347.0
2025-05-02 00:24:00+00:00,108.9375,108.9375,108.9296875,108.9296875,105.0
2025-05-02 00:25:00+00:00,108.921875,108.9375,108.9140625,108.9296875,1463.0
2025-05-02 00:26:00+00:00,108.921875,108.9296875,108.921875,108.9296875,149.0
2025-05-02 00:27:00+00:00,108.890625,108.921875,108.8828125,108.921875,4222.0
2025-05-02 00:28:00+00:00,108.890625,108.8984375,108.8828125,108.890625,894.0
2025-05-02 00:29:00+00:00,108.8984375,108.8984375,108.8828125,108.890625,579.0
2025-05-02 00:30:00+00:00,108.8828125,108.8984375,108.8828125,108.8984375,505.0
2025-05-02 00:31:00+00:00,108.8828125,108.890625,108.875,108.8828125,666.0
2025-05-02 00:32:00+00:00,108.8828125,108.890625,108.875,108.875,554.0
2025-05-02 00:33:00+00:00,108.875,108.875,108.8671875,108.875,351.0
2025-05-02 00:34:00+00:00,108.875,108.8828125,108.875,108.8828125,1027.0
2025-05-02 00:35:00+00:00,108.8671875,108.875,108.8671875,108.8671875,111.0
2025-05-02 00:36:00+00:00,108.8671875,108.875,108.859375,108.875,113.0
2025-05-02 00:37:00+00:00,108.8671875,108.8828125,108.8671875,108.8671875,1780.0
2025-05-02 00:38:00+00:00,108.8671875,108.875,108.859375,108.8671875,520.0
2025-05-02 00:39:00+00:00,108.8671875,108.875,108.8671875,108.8671875,333.0
2025-05-02 00:40:00+00:00,108.8515625,108.8671875,108.8515625,108.8671875,2842.0
2025-05-02 00:41:00+00:00,108.8515625,108.859375,108.84375,108.8515625,825.0
2025-05-02 00:42:00+00:00,108.84375,108.8515625,108.84375,108.8515625,516.0
2025-05-02 00:43:00+00:00,108.84375,108.8515625,108.84375,108.8515625,818.0
2025-05-02 00:44:00+00:00,108.84375,108.84375,108.84375,108.84375,1320.0
2025-05-02 00:45:00+00:00,108.84375,108.84375,108.84375,108.84375,229.0
2025-05-02 00:46:00+00:00,108.8359375,108.84375,108.8359375,108.84375,319.0
2025-05-02 00:47:00+00:00,108.828125,108.828125,108.8203125,108.828125,1057.0
2025-05-02 00:48:00+00:00,108.8359375,108.8359375,108.8203125,108.828125,894.0
2025-05-02 00:49:00+00:00,108.8359375,108.8359375,108.828125,108.8359375,238.0
2025-05-02 00:50:00+00:00,108.828125,108.8359375,108.828125,108.8359375,461.0
2025-05-02 00:51:00+00:00,108.828125,108.8359375,108.8203125,108.8359375,1131.0
2025-05-02 00:52:00+00:00,108.8203125,108.828125,108.8203125,108.828125,580.0
2025-05-02 00:53:00+00:00,108.8203125,108.828125,108.8203125,108.8203125,617.0
2025-05-02 00:54:00+00:00,108.8203125,108.828125,108.8125,108.8203125,224.0
2025-05-02 00:55:00+00:00,108.8359375,108.8359375,108.8125,108.8203125,1125.0
2025-05-02 00:56:00+00:00,108.8359375,108.8359375,108.8359375,108.8359375,116.0
2025-05-02 00:57:00+00:00,108.8359375,108.8359375,108.8359375,108.8359375,482.0
2025-05-02 00:58:00+00:00,108.828125,108.828125,108.828125,108.828125,247.0
2025-05-02 00:59:00+00:00,108.8359375,108.8359375,108.8359375,108.8359375,254.0
2025-05-02 01:00:00+00:00,108.8359375,108.84375,108.8359375,108.8359375,1103.0
2025-05-02 01:01:00+00:00,108.859375,108.859375,108.84375,108.84375,866.0
2025-05-02 01:02:00+00:00,108.8515625,108.859375,108.8515625,108.859375,244.0
2025-05-02 01:03:00+00:00,108.8359375,108.84375,108.8359375,108.84375,863.0
2025-05-02 01:04:00+00:00,108.8359375,108.8359375,108.8359375,108.8359375,464.0
2025-05-02 01:05:00+00:00,108.8359375,108.8359375,108.8359375,108.8359375,53.0
2025-05-02 01:06:00+00:00,108.8359375,108.8359375,108.8359375,108.8359375,44.0
2025-05-02 01:07:00+00:00,108.8359375,108.8359375,108.8359375,108.8359375,126.0
2025-05-02 01:08:00+00:00,108.828125,108.828125,108.828125,108.828125,245.0
2025-05-02 01:09:00+00:00,108.8359375,108.8359375,108.8359375,108.8359375,197.0
2025-05-02 01:10:00+00:00,108.828125,108.8359375,108.828125,108.8359375,716.0
2025-05-02 01:11:00+00:00,108.8359375,108.8359375,108.8359375,108.8359375,132.0
2025-05-02 01:12:00+00:00,108.84375,108.84375,108.84375,108.84375,777.0
2025-05-02 01:13:00+00:00,108.84375,108.8515625,108.84375,108.84375,194.0
2025-05-02 01:14:00+00:00,108.8359375,108.84375,108.8359375,108.84375,138.0
2025-05-02 01:15:00+00:00,108.84375,108.84375,108.8359375,108.84375,114.0
2025-05-02 01:16:00+00:00,108.84375,108.84375,108.84375,108.84375,5.0
2025-05-02 01:17:00+00:00,108.84375,108.84375,108.84375,108.84375,312.0
2025-05-02 01:18:00+00:00,108.84375,108.84375,108.84375,108.84375,30.0
2025-05-02 01:19:00+00:00,108.84375,108.84375,108.84375,108.84375,204.0
2025-05-02 01:20:00+00:00,108.8359375,108.84375,108.8359375,108.8359375,915.0
2025-05-02 01:21:00+00:00,108.84375,108.84375,108.8359375,108.8359375,68.0
2025-05-02 01:22:00+00:00,108.84375,108.84375,108.84375,108.84375,237.0
2025-05-02 01:23:00+00:00,108.8359375,108.84375,108.8359375,108.84375,471.0
2025-05-02 01:24:00+00:00,108.8359375,108.8359375,108.828125,108.828125,418.0
2025-05-02 01:25:00+00:00,108.84375,108.84375,108.84375,108.84375,111.0
2025-05-02 01:26:00+00:00,108.8515625,108.8515625,108.84375,108.84375,605.0
2025-05-02 01:27:00+00:00,108.8515625,108.859375,108.8515625,108.859375,151.0
2025-05-02 01:28:00+00:00,108.859375,108.859375,108.859375,108.859375,31.0
2025-05-02 01:29:00+00:00,108.859375,108.859375,108.859375,108.859375,2.0
2025-05-02 01:30:00+00:00,108.859375,108.859375,108.8515625,108.859375,36.0
2025-05-02 01:31:00+00:00,108.8515625,108.859375,108.8515625,108.859375,154.0
2025-05-02 01:32:00+00:00,108.8515625,108.8515625,108.8515625,108.8515625,307.0
2025-05-02 01:33:00+00:00,108.8515625,108.8515625,108.8515625,108.8515625,87.0
2025-05-02 01:34:00+00:00,108.8515625,108.8515625,108.8515625,108.8515625,14.0
2025-05-02 01:35:00+00:00,108.8515625,108.8515625,108.8515625,108.8515625,52.0
2025-05-02 01:36:00+00:00,108.8515625,108.8515625,108.8515625,108.8515625,10.0
2025-05-02 01:37:00+00:00,108.8515625,108.859375,108.8515625,108.8515625,4.0
2025-05-02 01:38:00+00:00,108.8515625,108.8515625,108.8515625,108.8515625,165.0
2025-05-02 01:39:00+00:00,108.8515625,108.8515625,108.84375,108.8515625,256.0
2025-05-02 01:40:00+00:00,108.8515625,108.8515625,108.8515625,108.8515625,82.0
2025-05-02 01:41:00+00:00,108.8515625,108.8515625,108.8515625,108.8515625,12.0
2025-05-02 01:42:00+00:00,108.8515625,108.859375,108.8515625,108.859375,14.0
2025-05-02 01:43:00+00:00,108.8515625,108.8515625,108.8515625,108.8515625,1.0
2025-05-02 01:44:00+00:00,108.8515625,108.8515625,108.8515625,108.8515625,114.0
2025-05-02 01:45:00+00:00,108.8515625,108.8515625,108.8515625,108.8515625,23.0
2025-05-02 01:46:00+00:00,108.84375,108.8515625,108.84375,108.8515625,309.0
2025-05-02 01:47:00+00:00,108.84375,108.84375,108.8359375,108.84375,277.0
2025-05-02 01:48:00+00:00,108.84375,108.84375,108.8359375,108.84375,197.0
2025-05-02 01:49:00+00:00,108.8359375,108.84375,108.8359375,108.84375,287.0
2025-05-02 01:50:00+00:00,108.8359375,108.8359375,108.8359375,108.8359375,184.0
2025-05-02 01:51:00+00:00,108.8359375,108.8359375,108.8359375,108.8359375,225.0
2025-05-02 01:52:00+00:00,108.8359375,108.8359375,108.8359375,108.8359375,90.0
2025-05-02 01:53:00+00:00,108.828125,108.8359375,108.828125,108.8359375,18.0
2025-05-02 01:54:00+00:00,108.8359375,108.8359375,108.828125,108.8359375,117.0
2025-05-02 01:55:00+00:00,108.8125,108.8359375,108.8046875,108.8359375,3335.0
2025-05-02 01:56:00+00:00,108.8203125,108.8203125,108.8125,108.8125,570.0
2025-05-02 01:57:00+00:00,108.828125,108.828125,108.8203125,108.8203125,922.0
2025-05-02 01:58:00+00:00,108.8359375,108.8359375,108.828125,108.828125,204.0
2025-05-02 01:59:00+00:00,108.828125,108.828125,108.828125,108.828125,275.0
2025-05-02 02:00:00+00:00,108.8359375,108.8359375,108.8359375,108.8359375,15.0
2025-05-02 02:01:00+00:00,108.8359375,108.8359375,108.8359375,108.8359375,242.0
2025-05-02 02:02:00+00:00,108.84375,108.84375,108.8359375,108.8359375,84.0
2025-05-02 02:03:00+00:00,108.8359375,108.84375,108.8359375,108.84375,474.0
2025-05-02 02:04:00+00:00,108.8359375,108.8359375,108.8359375,108.8359375,38.0
2025-05-02 02:05:00+00:00,108.8359375,108.8359375,108.8359375,108.8359375,141.0
2025-05-02 02:06:00+00:00,108.8359375,108.8359375,108.8359375,108.8359375,96.0
2025-05-02 02:07:00+00:00,108.828125,108.8359375,108.828125,108.828125,9.0
2025-05-02 02:09:00+00:00,108.8359375,108.8359375,108.8359375,108.8359375,1.0
2025-05-02 02:11:00+00:00,108.8359375,108.84375,108.8359375,108.84375,215.0
2025-05-02 02:12:00+00:00,108.8359375,108.84375,108.8359375,108.84375,260.0
2025-05-02 02:13:00+00:00,108.8359375,108.84375,108.8359375,108.84375,314.0
2025-05-02 02:14:00+00:00,108.8359375,108.8359375,108.8359375,108.8359375,372.0
2025-05-02 02:15:00+00:00,108.8359375,108.8359375,108.8359375,108.8359375,108.0
2025-05-02 02:16:00+00:00,108.8359375,108.8359375,108.8359375,108.8359375,56.0
2025-05-02 02:17:00+00:00,108.828125,108.8359375,108.828125,108.8359375,765.0
2025-05-02 02:18:00+00:00,108.828125,108.8359375,108.828125,108.828125,223.0
2025-05-02 02:19:00+00:00,108.828125,108.8359375,108.828125,108.8359375,65.0
2025-05-02 02:20:00+00:00,108.828125,108.8359375,108.828125,108.828125,312.0
2025-05-02 02:21:00+00:00,108.8359375,108.8359375,108.8359375,108.8359375,2.0
2025-05-02 02:22:00+00:00,108.8359375,108.8359375,108.8359375,108.8359375,10.0
2025-05-02 02:23:00+00:00,108.8359375,108.8359375,108.8359375,108.8359375,14.0
2025-05-02 02:25:00+00:00,108.8359375,108.8359375,108.8359375,108.8359375,24.0
2025-05-02 02:26:00+00:00,108.8359375,108.8359375,108.8359375,108.8359375,393.0
2025-05-02 02:27:00+00:00,108.8359375,108.8359375,108.8359375,108.8359375,398.0
2025-05-02 02:28:00+00:00,108.8359375,108.8359375,108.8359375,108.8359375,47.0
2025-05-02 02:29:00+00:00,108.8359375,108.8359375,108.8359375,108.8359375,180.0
2025-05-02 02:30:00+00:00,108.84375,108.84375,108.8359375,108.8359375,17.0
2025-05-02 02:31:00+00:00,108.8359375,108.8359375,108.8359375,108.8359375,75.0
2025-05-02 02:32:00+00:00,108.8359375,108.8359375,108.8359375,108.8359375,157.0
2025-05-02 02:33:00+00:00,108.8359375,108.8359375,108.828125,108.828125,15.0
2025-05-02 02:34:00+00:00,108.84375,108.84375,108.8359375,108.8359375,106.0
2025-05-02 02:35:00+00:00,108.84375,108.84375,108.84375,108.84375,160.0
2025-05-02 02:36:00+00:00,108.84375,108.84375,108.84375,108.84375,3.0
2025-05-02 02:38:00+00:00,108.8359375,108.8359375,108.8359375,108.8359375,217.0
2025-05-02 02:39:00+00:00,108.84375,108.84375,108.8359375,108.8359375,133.0
2025-05-02 02:40:00+00:00,108.84375,108.84375,108.84375,108.84375,21.0
2025-05-02 02:41:00+00:00,108.84375,108.84375,108.84375,108.84375,9.0
2025-05-02 02:42:00+00:00,108.8359375,108.8359375,108.8359375,108.8359375,8.0
2025-05-02 02:43:00+00:00,108.84375,108.84375,108.84375,108.84375,7.0
2025-05-02 02:44:00+00:00,108.84375,108.84375,108.84375,108.84375,235.0
2025-05-02 02:45:00+00:00,108.84375,108.84375,108.84375,108.84375,1.0
2025-05-02 02:49:00+00:00,108.84375,108.84375,108.84375,108.84375,57.0
2025-05-02 02:50:00+00:00,108.84375,108.8515625,108.84375,108.84375,433.0
2025-05-02 02:51:00+00:00,108.84375,108.84375,108.84375,108.84375,315.0
2025-05-02 02:52:00+00:00,108.84375,108.84375,108.84375,108.84375,11.0
2025-05-02 02:54:00+00:00,108.84375,108.84375,108.84375,108.84375,2.0
2025-05-02 02:56:00+00:00,108.84375,108.84375,108.84375,108.84375,4.0
2025-05-02 02:57:00+00:00,108.84375,108.84375,108.84375,108.84375,334.0
2025-05-02 02:58:00+00:00,108.84375,108.84375,108.84375,108.84375,294.0
2025-05-02 02:59:00+00:00,108.84375,108.84375,108.84375,108.84375,255.0
2025-05-02 03:00:00+00:00,108.8515625,108.8515625,108.8515625,108.8515625,98.0
2025-05-02 03:01:00+00:00,108.8515625,108.8515625,108.8515625,108.8515625,737.0
2025-05-02 03:03:00+00:00,108.859375,108.859375,108.8515625,108.8515625,126.0
2025-05-02 03:05:00+00:00,108.859375,108.859375,108.859375,108.859375,1.0
2025-05-02 03:06:00+00:00,108.859375,108.859375,108.859375,108.859375,3.0
2025-05-02 03:07:00+00:00,108.859375,108.859375,108.859375,108.859375,15.0
2025-05-02 03:08:00+00:00,108.8515625,108.859375,108.8515625,108.859375,266.0
2025-05-02 03:09:00+00:00,108.8515625,108.8515625,108.84375,108.8515625,280.0
2025-05-02 03:11:00+00:00,108.8515625,108.8515625,108.8515625,108.8515625,6.0
2025-05-02 03:14:00+00:00,108.8515625,108.8515625,108.8515625,108.8515625,2.0
2025-05-02 03:16:00+00:00,108.84375,108.84375,108.84375,108.84375,1003.0
2025-05-02 03:17:00+00:00,108.84375,108.84375,108.8359375,108.84375,231.0
2025-05-02 03:18:00+00:00,108.84375,108.84375,108.8359375,108.8359375,854.0
2025-05-02 03:19:00+00:00,108.84375,108.84375,108.84375,108.84375,36.0
2025-05-02 03:20:00+00:00,108.84375,108.84375,108.84375,108.84375,404.0
2025-05-02 03:22:00+00:00,108.8515625,108.8515625,108.84375,108.84375,544.0
2025-05-02 03:24:00+00:00,108.859375,108.859375,108.8515625,108.8515625,687.0
2025-05-02 03:25:00+00:00,108.8515625,108.859375,108.8515625,108.8515625,470.0
2025-05-02 03:26:00+00:00,108.859375,108.859375,108.8515625,108.8515625,129.0
2025-05-02 03:30:00+00:00,108.859375,108.859375,108.8515625,108.8515625,812.0
2025-05-02 03:31:00+00:00,108.859375,108.859375,108.859375,108.859375,6.0
2025-05-02 03:32:00+00:00,108.8515625,108.8515625,108.8515625,108.8515625,232.0
2025-05-02 03:33:00+00:00,108.8515625,108.8515625,108.8515625,108.8515625,29.0
2025-05-02 03:34:00+00:00,108.8515625,108.8515625,108.8515625,108.8515625,18.0
2025-05-02 03:35:00+00:00,108.8515625,108.8515625,108.8515625,108.8515625,4.0
2025-05-02 03:37:00+00:00,108.84375,108.8515625,108.84375,108.8515625,301.0
2025-05-02 03:39:00+00:00,108.84375,108.84375,108.84375,108.84375,19.0
2025-05-02 03:40:00+00:00,108.84375,108.84375,108.84375,108.84375,47.0
2025-05-02 03:44:00+00:00,108.84375,108.84375,108.84375,108.84375,581.0
2025-05-02 03:47:00+00:00,108.84375,108.84375,108.84375,108.84375,104.0
2025-05-02 03:51:00+00:00,108.8515625,108.8515625,108.8515625,108.8515625,48.0
2025-05-02 03:52:00+00:00,108.859375,108.859375,108.8515625,108.8515625,207.0
2025-05-02 03:54:00+00:00,108.859375,108.859375,108.859375,108.859375,215.0
2025-05-02 03:55:00+00:00,108.859375,108.8671875,108.8515625,108.8515625,592.0
2025-05-02 03:56:00+00:00,108.8515625,108.859375,108.8515625,108.859375,108.0
2025-05-02 03:57:00+00:00,108.859375,108.859375,108.859375,108.859375,28.0
2025-05-02 04:01:00+00:00,108.8671875,108.8671875,108.84375,108.8515625,1045.0
2025-05-02 04:02:00+00:00,108.859375,108.8671875,108.859375,108.859375,685.0
2025-05-02 04:03:00+00:00,108.859375,108.859375,108.8515625,108.859375,14.0
2025-05-02 04:05:00+00:00,108.859375,108.859375,108.859375,108.859375,59.0
2025-05-02 04:06:00+00:00,108.859375,108.859375,108.859375,108.859375,43.0
2025-05-02 04:07:00+00:00,108.859375,108.859375,108.859375,108.859375,116.0
2025-05-02 04:13:00+00:00,108.8515625,108.8515625,108.8515625,108.8515625,3.0
2025-05-02 04:15:00+00:00,108.8515625,108.8515625,108.8515625,108.8515625,279.0
2025-05-02 04:16:00+00:00,108.8515625,108.8515625,108.8515625,108.8515625,678.0
2025-05-02 04:17:00+00:00,108.859375,108.859375,108.8515625,108.8515625,301.0
2025-05-02 04:18:00+00:00,108.859375,108.859375,108.859375,108.859375,181.0
2025-05-02 04:19:00+00:00,108.8515625,108.859375,108.8515625,108.859375,8.0
2025-05-02 04:20:00+00:00,108.859375,108.859375,108.859375,108.859375,10.0
2025-05-02 04:21:00+00:00,108.859375,108.859375,108.859375,108.859375,23.0
2025-05-02 04:22:00+00:00,108.8671875,108.8671875,108.859375,108.8671875,27.0
2025-05-02 04:23:00+00:00,108.859375,108.859375,108.859375,108.859375,62.0
2025-05-02 04:24:00+00:00,108.859375,108.859375,108.859375,108.859375,16.0
2025-05-02 04:25:00+00:00,108.8515625,108.8671875,108.8515625,108.859375,243.0
2025-05-02 04:26:00+00:00,108.859375,108.859375,108.859375,108.859375,58.0
2025-05-02 04:27:00+00:00,108.859375,108.859375,108.859375,108.859375,4.0
2025-05-02 04:31:00+00:00,108.859375,108.859375,108.859375,108.859375,29.0
2025-05-02 04:36:00+00:00,108.8515625,108.8515625,108.8515625,108.8515625,178.0
2025-05-02 04:37:00+00:00,108.8515625,108.8515625,108.8515625,108.8515625,20.0
2025-05-02 04:38:00+00:00,108.8515625,108.8515625,108.8515625,108.8515625,218.0
2025-05-02 04:40:00+00:00,108.8515625,108.8515625,108.8515625,108.8515625,361.0
2025-05-02 04:44:00+00:00,108.84375,108.84375,108.84375,108.84375,150.0
2025-05-02 04:45:00+00:00,108.84375,108.84375,108.84375,108.84375,279.0
2025-05-02 04:47:00+00:00,108.84375,108.84375,108.84375,108.84375,77.0
2025-05-02 04:48:00+00:00,108.84375,108.84375,108.84375,108.84375,227.0
2025-05-02 04:49:00+00:00,108.8515625,108.8515625,108.84375,108.84375,37.0
2025-05-02 04:53:00+00:00,108.84375,108.84375,108.84375,108.84375,75.0
2025-05-02 04:54:00+00:00,108.8515625,108.8515625,108.8515625,108.8515625,257.0
2025-05-02 04:55:00+00:00,108.8515625,108.8515625,108.8515625,108.8515625,179.0
2025-05-02 04:56:00+00:00,108.8515625,108.8515625,108.8515625,108.8515625,76.0
2025-05-02 04:58:00+00:00,108.8515625,108.8515625,108.8515625,108.8515625,108.0
2025-05-02 04:59:00+00:00,108.8515625,108.8515625,108.8515625,108.8515625,186.0
2025-05-02 05:00:00+00:00,108.8515625,108.8515625,108.84375,108.8515625,55.0
2025-05-02 05:03:00+00:00,108.8515625,108.8515625,108.8515625,108.8515625,53.0
2025-05-02 05:04:00+00:00,108.8515625,108.8515625,108.8515625,108.8515625,445.0
2025-05-02 05:06:00+00:00,108.8515625,108.8515625,108.8515625,108.8515625,40.0
2025-05-02 05:07:00+00:00,108.8515625,108.8515625,108.8515625,108.8515625,74.0
2025-05-02 05:08:00+00:00,108.8515625,108.8515625,108.8515625,108.8515625,9.0
2025-05-02 05:09:00+00:00,108.8515625,108.8515625,108.8515625,108.8515625,189.0
2025-05-02 05:10:00+00:00,108.8515625,108.8515625,108.8515625,108.8515625,77.0
2025-05-02 05:11:00+00:00,108.8515625,108.8515625,108.8515625,108.8515625,50.0
2025-05-02 05:12:00+00:00,108.8515625,108.8515625,108.8515625,108.8515625,41.0
2025-05-02 05:13:00+00:00,108.8515625,108.8515625,108.8515625,108.8515625,187.0
2025-05-02 05:14:00+00:00,108.8515625,108.8515625,108.8515625,108.8515625,92.0
2025-05-02 05:15:00+00:00,108.8515625,108.8515625,108.8515625,108.8515625,15.0
2025-05-02 05:17:00+00:00,108.8359375,108.8515625,108.8359375,108.8515625,328.0
2025-05-02 05:18:00+00:00,108.84375,108.84375,108.84375,108.84375,484.0
2025-05-02 05:19:00+00:00,108.84375,108.84375,108.84375,108.84375,101.0
2025-05-02 05:20:00+00:00,108.84375,108.84375,108.84375,108.84375,52.0
2025-05-02 05:21:00+00:00,108.84375,108.84375,108.84375,108.84375,93.0
2025-05-02 05:22:00+00:00,108.84375,108.84375,108.84375,108.84375,59.0
2025-05-02 05:23:00+00:00,108.84375,108.84375,108.84375,108.84375,15.0
2025-05-02 05:24:00+00:00,108.84375,108.84375,108.84375,108.84375,35.0
2025-05-02 05:25:00+00:00,108.84375,108.84375,108.84375,108.84375,286.0
2025-05-02 05:26:00+00:00,108.859375,108.859375,108.84375,108.84375,423.0
2025-05-02 05:27:00+00:00,108.8671875,108.8671875,108.859375,108.859375,321.0
2025-05-02 05:28:00+00:00,108.859375,108.8671875,108.859375,108.8671875,673.0
2025-05-02 05:29:00+00:00,108.859375,108.859375,108.859375,108.859375,280.0
2025-05-02 05:30:00+00:00,108.8515625,108.8515625,108.8515625,108.8515625,331.0
2025-05-02 05:31:00+00:00,108.8515625,108.8515625,108.8515625,108.8515625,62.0
2025-05-02 05:32:00+00:00,108.859375,108.859375,108.8515625,108.8515625,140.0
2025-05-02 05:33:00+00:00,108.8671875,108.8671875,108.859375,108.859375,37.0
2025-05-02 05:34:00+00:00,108.859375,108.859375,108.859375,108.859375,517.0
2025-05-02 05:35:00+00:00,108.8671875,108.8671875,108.859375,108.859375,13.0
2025-05-02 05:36:00+00:00,108.859375,108.8671875,108.859375,108.8671875,4.0
2025-05-02 05:38:00+00:00,108.8671875,108.8671875,108.8671875,108.8671875,206.0
2025-05-02 05:39:00+00:00,108.875,108.875,108.8671875,108.8671875,12.0
2025-05-02 05:40:00+00:00,108.875,108.875,108.875,108.875,2.0
2025-05-02 05:41:00+00:00,108.875,108.875,108.875,108.875,308.0
2025-05-02 05:42:00+00:00,108.8828125,108.8828125,108.875,108.875,216.0
2025-05-02 05:43:00+00:00,108.8828125,108.8828125,108.8828125,108.8828125,139.0
2025-05-02 05:44:00+00:00,108.875,108.8828125,108.875,108.8828125,308.0
2025-05-02 05:45:00+00:00,108.875,108.875,108.875,108.875,141.0
2025-05-02 05:46:00+00:00,108.875,108.875,108.859375,108.875,345.0
2025-05-02 05:47:00+00:00,108.875,108.875,108.875,108.875,1.0
2025-05-02 05:49:00+00:00,108.875,108.875,108.875,108.875,151.0
2025-05-02 05:50:00+00:00,108.875,108.875,108.875,108.875,167.0
2025-05-02 05:51:00+00:00,108.875,108.875,108.875,108.875,14.0
2025-05-02 05:54:00+00:00,108.8671875,108.875,108.8671875,108.875,19.0
2025-05-02 05:55:00+00:00,108.8671875,108.8671875,108.8671875,108.8671875,1.0
2025-05-02 05:56:00+00:00,108.8671875,108.8671875,108.8671875,108.8671875,858.0
2025-05-02 05:57:00+00:00,108.8671875,108.8671875,108.8671875,108.8671875,108.0
2025-05-02 05:58:00+00:00,108.8671875,108.875,108.8671875,108.875,34.0
2025-05-02 05:59:00+00:00,108.8671875,108.8671875,108.8671875,108.8671875,118.0
2025-05-02 06:00:00+00:00,108.8671875,108.875,108.8671875,108.8671875,370.0
2025-05-02 06:01:00+00:00,108.8515625,108.859375,108.8515625,108.859375,649.0
2025-05-02 06:02:00+00:00,108.8515625,108.8515625,108.8515625,108.8515625,324.0
2025-05-02 06:03:00+00:00,108.8671875,108.8671875,108.859375,108.859375,513.0
2025-05-02 06:04:00+00:00,108.8671875,108.8671875,108.8671875,108.8671875,55.0
2025-05-02 06:05:00+00:00,108.859375,108.8671875,108.859375,108.8671875,686.0
2025-05-02 06:06:00+00:00,108.859375,108.859375,108.859375,108.859375,493.0
2025-05-02 06:07:00+00:00,108.8515625,108.859375,108.8515625,108.859375,9.0
2025-05-02 06:08:00+00:00,108.859375,108.859375,108.859375,108.859375,18.0
2025-05-02 06:09:00+00:00,108.859375,108.859375,108.8515625,108.859375,286.0
2025-05-02 06:12:00+00:00,108.84375,108.8515625,108.84375,108.8515625,333.0
2025-05-02 06:13:00+00:00,108.84375,108.84375,108.84375,108.84375,307.0
2025-05-02 06:14:00+00:00,108.8359375,108.84375,108.8359375,108.84375,107.0
2025-05-02 06:15:00+00:00,108.84375,108.84375,108.8359375,108.8359375,3.0
2025-05-02 06:16:00+00:00,108.84375,108.84375,108.8359375,108.8359375,366.0
2025-05-02 06:17:00+00:00,108.84375,108.84375,108.8359375,108.84375,213.0
2025-05-02 06:18:00+00:00,108.8359375,108.84375,108.8359375,108.84375,233.0
2025-05-02 06:19:00+00:00,108.8359375,108.8359375,108.8359375,108.8359375,361.0
2025-05-02 06:20:00+00:00,108.84375,108.84375,108.8359375,108.8359375,292.0
2025-05-02 06:21:00+00:00,108.84375,108.84375,108.8359375,108.8359375,175.0
2025-05-02 06:22:00+00:00,108.8515625,108.8515625,108.8515625,108.8515625,106.0
2025-05-02 06:23:00+00:00,108.859375,108.859375,108.8515625,108.8515625,127.0
2025-05-02 06:24:00+00:00,108.8671875,108.8671875,108.859375,108.859375,32.0
2025-05-02 06:25:00+00:00,108.859375,108.8671875,108.859375,108.8671875,25.0
2025-05-02 06:26:00+00:00,108.859375,108.8671875,108.859375,108.859375,7.0
2025-05-02 06:27:00+00:00,108.859375,108.8671875,108.859375,108.8671875,199.0
2025-05-02 06:28:00+00:00,108.8671875,108.8671875,108.8671875,108.8671875,6.0
2025-05-02 06:29:00+00:00,108.859375,108.859375,108.859375,108.859375,398.0
2025-05-02 06:30:00+00:00,108.8515625,108.859375,108.8515625,108.859375,554.0
2025-05-02 06:31:00+00:00,108.8515625,108.8515625,108.8515625,108.8515625,492.0
2025-05-02 06:32:00+00:00,108.84375,108.84375,108.84375,108.84375,180.0
2025-05-02 06:33:00+00:00,108.84375,108.84375,108.8359375,108.8359375,360.0
2025-05-02 06:35:00+00:00,108.8359375,108.84375,108.8359375,108.84375,610.0
2025-05-02 06:36:00+00:00,108.8359375,108.8359375,108.8359375,108.8359375,167.0
2025-05-02 06:37:00+00:00,108.8359375,108.84375,108.8359375,108.84375,18.0
2025-05-02 06:38:00+00:00,108.8359375,108.84375,108.8359375,108.84375,14.0
2025-05-02 06:39:00+00:00,108.8359375,108.84375,108.8359375,108.84375,316.0
2025-05-02 06:40:00+00:00,108.8359375,108.84375,108.8359375,108.8359375,197.0
2025-05-02 06:41:00+00:00,108.828125,108.8359375,108.828125,108.8359375,129.0
2025-05-02 06:42:00+00:00,108.8359375,108.84375,108.8359375,108.8359375,256.0
2025-05-02 06:43:00+00:00,108.8359375,108.8359375,108.8359375,108.8359375,148.0
2025-05-02 06:44:00+00:00,108.8359375,108.84375,108.8359375,108.8359375,149.0
2025-05-02 06:45:00+00:00,108.8359375,108.8359375,108.8359375,108.8359375,204.0
2025-05-02 06:46:00+00:00,108.8515625,108.8515625,108.84375,108.84375,1607.0
2025-05-02 06:47:00+00:00,108.8515625,108.8515625,108.84375,108.8515625,682.0
2025-05-02 06:48:00+00:00,108.8515625,108.8515625,108.84375,108.84375,146.0
2025-05-02 06:49:00+00:00,108.828125,108.84375,108.8203125,108.84375,3695.0
2025-05-02 06:50:00+00:00,108.8203125,108.828125,108.8203125,108.8203125,558.0
2025-05-02 06:51:00+00:00,108.8203125,108.8203125,108.8203125,108.8203125,377.0
2025-05-02 06:52:00+00:00,108.8203125,108.828125,108.8203125,108.828125,468.0
2025-05-02 06:53:00+00:00,108.8203125,108.8203125,108.8203125,108.8203125,287.0
2025-05-02 06:54:00+00:00,108.8203125,108.8203125,108.8203125,108.8203125,51.0
2025-05-02 06:55:00+00:00,108.8359375,108.8359375,108.8203125,108.8203125,117.0
2025-05-02 06:56:00+00:00,108.8359375,108.8359375,108.8359375,108.8359375,715.0
2025-05-02 06:57:00+00:00,108.8359375,108.8359375,108.8359375,108.8359375,35.0
2025-05-02 06:58:00+00:00,108.8359375,108.8359375,108.8359375,108.8359375,222.0
2025-05-02 06:59:00+00:00,108.8359375,108.8359375,108.8359375,108.8359375,137.0
2025-05-02 07:00:00+00:00,108.84375,108.8515625,108.84375,108.84375,516.0
2025-05-02 07:01:00+00:00,108.8515625,108.859375,108.8515625,108.8515625,1294.0
2025-05-02 07:02:00+00:00,108.84375,108.859375,108.84375,108.8515625,1078.0
2025-05-02 07:03:00+00:00,108.859375,108.859375,108.8515625,108.8515625,625.0
2025-05-02 07:04:00+00:00,108.859375,108.8671875,108.859375,108.859375,456.0
2025-05-02 07:05:00+00:00,108.859375,108.859375,108.859375,108.859375,27.0
2025-05-02 07:06:00+00:00,108.859375,108.859375,108.859375,108.859375,457.0
2025-05-02 07:07:00+00:00,108.859375,108.859375,108.8515625,108.859375,38.0
2025-05-02 07:08:00+00:00,108.859375,108.859375,108.8515625,108.859375,463.0
2025-05-02 07:09:00+00:00,108.859375,108.859375,108.8515625,108.859375,329.0
2025-05-02 07:10:00+00:00,108.859375,108.8671875,108.8515625,108.859375,707.0
2025-05-02 07:11:00+00:00,108.859375,108.8671875,108.859375,108.859375,1049.0
2025-05-02 07:12:00+00:00,108.8671875,108.8671875,108.859375,108.8671875,333.0
2025-05-02 07:13:00+00:00,108.8671875,108.875,108.8671875,108.8671875,336.0
2025-05-02 07:14:00+00:00,108.859375,108.859375,108.8515625,108.859375,380.0
2025-05-02 07:15:00+00:00,108.875,108.875,108.859375,108.859375,751.0
2025-05-02 07:16:00+00:00,108.875,108.875,108.875,108.875,606.0
2025-05-02 07:17:00+00:00,108.875,108.875,108.875,108.875,112.0
2025-05-02 07:18:00+00:00,108.875,108.8828125,108.875,108.875,530.0
2025-05-02 07:19:00+00:00,108.890625,108.890625,108.8828125,108.8828125,346.0
2025-05-02 07:20:00+00:00,108.8828125,108.890625,108.8828125,108.890625,368.0
2025-05-02 07:21:00+00:00,108.8828125,108.8828125,108.8828125,108.8828125,55.0
2025-05-02 07:22:00+00:00,108.875,108.8828125,108.875,108.875,59.0
2025-05-02 07:23:00+00:00,108.890625,108.890625,108.8828125,108.8828125,404.0
2025-05-02 07:24:00+00:00,108.8828125,108.890625,108.8828125,108.890625,696.0
2025-05-02 07:25:00+00:00,108.8828125,108.8828125,108.8828125,108.8828125,187.0
2025-05-02 07:26:00+00:00,108.890625,108.890625,108.8828125,108.8828125,297.0
2025-05-02 07:27:00+00:00,108.8828125,108.8828125,108.875,108.8828125,544.0
2025-05-02 07:28:00+00:00,108.8671875,108.875,108.8671875,108.875,501.0
2025-05-02 07:29:00+00:00,108.875,108.875,108.8671875,108.8671875,742.0
2025-05-02 07:30:00+00:00,108.8671875,108.875,108.8671875,108.875,567.0
2025-05-02 07:31:00+00:00,108.8515625,108.8671875,108.8515625,108.8671875,400.0
2025-05-02 07:32:00+00:00,108.8671875,108.8671875,108.859375,108.859375,174.0
2025-05-02 07:33:00+00:00,108.8671875,108.8671875,108.859375,108.859375,316.0
2025-05-02 07:34:00+00:00,108.859375,108.859375,108.8515625,108.859375,761.0
2025-05-02 07:35:00+00:00,108.859375,108.8671875,108.8515625,108.859375,756.0
2025-05-02 07:36:00+00:00,108.859375,108.8671875,108.859375,108.859375,265.0
2025-05-02 07:37:00+00:00,108.859375,108.859375,108.8515625,108.859375,295.0
2025-05-02 07:38:00+00:00,108.875,108.875,108.859375,108.859375,1320.0
2025-05-02 07:39:00+00:00,108.875,108.875,108.8671875,108.8671875,665.0
2025-05-02 07:40:00+00:00,108.875,108.875,108.875,108.875,194.0
2025-05-02 07:41:00+00:00,108.8671875,108.875,108.8671875,108.875,419.0
2025-05-02 07:42:00+00:00,108.8671875,108.8671875,108.8671875,108.8671875,18.0
2025-05-02 07:43:00+00:00,108.875,108.875,108.8671875,108.875,541.0
2025-05-02 07:44:00+00:00,108.8828125,108.8828125,108.8671875,108.875,550.0
2025-05-02 07:45:00+00:00,108.8671875,108.875,108.8671875,108.875,508.0
2025-05-02 07:46:00+00:00,108.875,108.875,108.8671875,108.8671875,261.0
2025-05-02 07:47:00+00:00,108.8828125,108.8828125,108.8828125,108.8828125,8.0
2025-05-02 07:48:00+00:00,108.890625,108.890625,108.8828125,108.8828125,583.0
2025-05-02 07:49:00+00:00,108.890625,108.890625,108.8828125,108.890625,642.0
2025-05-02 07:50:00+00:00,108.890625,108.890625,108.890625,108.890625,548.0
2025-05-02 07:51:00+00:00,108.890625,108.890625,108.890625,108.890625,334.0
2025-05-02 07:52:00+00:00,108.890625,108.890625,108.890625,108.890625,290.0
2025-05-02 07:53:00+00:00,108.890625,108.8984375,108.890625,108.8984375,185.0
2025-05-02 07:54:00+00:00,108.890625,108.890625,108.8828125,108.890625,285.0
2025-05-02 07:55:00+00:00,108.8828125,108.8828125,108.875,108.8828125,641.0
2025-05-02 07:56:00+00:00,108.890625,108.890625,108.8828125,108.8828125,402.0
2025-05-02 07:57:00+00:00,108.890625,108.8984375,108.890625,108.890625,254.0
2025-05-02 07:58:00+00:00,108.890625,108.890625,108.890625,108.890625,137.0
2025-05-02 07:59:00+00:00,108.8828125,108.890625,108.8828125,108.890625,22.0
2025-05-02 08:00:00+00:00,108.890625,108.8984375,108.8828125,108.890625,410.0
2025-05-02 08:01:00+00:00,108.8984375,108.90625,108.890625,108.8984375,568.0
2025-05-02 08:02:00+00:00,108.8984375,108.8984375,108.8984375,108.8984375,577.0
2025-05-02 08:03:00+00:00,108.9140625,108.9140625,108.8984375,108.8984375,678.0
2025-05-02 08:04:00+00:00,108.921875,108.921875,108.90625,108.9140625,1938.0
2025-05-02 08:05:00+00:00,108.921875,108.921875,108.90625,108.9140625,1109.0
2025-05-02 08:06:00+00:00,108.921875,108.921875,108.9140625,108.921875,16.0
2025-05-02 08:07:00+00:00,108.9140625,108.921875,108.9140625,108.9140625,211.0
2025-05-02 08:08:00+00:00,108.921875,108.921875,108.9140625,108.9140625,271.0
2025-05-02 08:09:00+00:00,108.9140625,108.9140625,108.9140625,108.9140625,291.0
2025-05-02 08:10:00+00:00,108.9140625,108.9140625,108.9140625,108.9140625,170.0
2025-05-02 08:11:00+00:00,108.8984375,108.90625,108.8984375,108.90625,518.0
2025-05-02 08:12:00+00:00,108.8984375,108.8984375,108.8984375,108.8984375,1.0
2025-05-02 08:13:00+00:00,108.90625,108.90625,108.8984375,108.90625,265.0
2025-05-02 08:14:00+00:00,108.90625,108.9140625,108.90625,108.9140625,82.0
2025-05-02 08:15:00+00:00,108.921875,108.9375,108.90625,108.90625,1006.0
2025-05-02 08:16:00+00:00,108.9375,108.9375,108.9296875,108.9296875,688.0
2025-05-02 08:17:00+00:00,108.9296875,108.9375,108.9296875,108.9375,779.0
2025-05-02 08:18:00+00:00,108.9453125,108.9453125,108.9296875,108.9375,1270.0
2025-05-02 08:19:00+00:00,108.9375,108.9453125,108.9375,108.9453125,2330.0
2025-05-02 08:20:00+00:00,108.9375,108.9453125,108.9375,108.9453125,227.0
2025-05-02 08:21:00+00:00,108.9375,108.9453125,108.9375,108.9453125,576.0
2025-05-02 08:22:00+00:00,108.9453125,108.9453125,108.9375,108.9375,441.0
2025-05-02 08:23:00+00:00,108.9375,108.9453125,108.9375,108.9453125,311.0
2025-05-02 08:24:00+00:00,108.9375,108.9375,108.9375,108.9375,239.0
2025-05-02 08:25:00+00:00,108.9375,108.9453125,108.9375,108.9453125,106.0
2025-05-02 08:26:00+00:00,108.953125,108.953125,108.9453125,108.9453125,378.0
2025-05-02 08:27:00+00:00,108.953125,108.953125,108.953125,108.953125,660.0
2025-05-02 08:28:00+00:00,108.9453125,108.953125,108.9453125,108.953125,107.0
2025-05-02 08:29:00+00:00,108.9453125,108.953125,108.9453125,108.953125,1324.0
2025-05-02 08:30:00+00:00,108.9453125,108.9453125,108.9453125,108.9453125,368.0
2025-05-02 08:31:00+00:00,108.9453125,108.953125,108.9453125,108.953125,78.0
2025-05-02 08:32:00+00:00,108.953125,108.953125,108.9453125,108.953125,34.0
2025-05-02 08:33:00+00:00,108.9453125,108.953125,108.9453125,108.953125,251.0
2025-05-02 08:34:00+00:00,108.953125,108.953125,108.9453125,108.953125,81.0
2025-05-02 08:35:00+00:00,108.953125,108.953125,108.9453125,108.953125,199.0
2025-05-02 08:36:00+00:00,108.9609375,108.96875,108.9453125,108.953125,3033.0
2025-05-02 08:37:00+00:00,108.953125,108.9609375,108.953125,108.9609375,522.0
2025-05-02 08:38:00+00:00,108.9453125,108.953125,108.9375,108.953125,775.0
2025-05-02 08:39:00+00:00,108.953125,108.953125,108.9453125,108.9453125,89.0
2025-05-02 08:40:00+00:00,108.953125,108.953125,108.953125,108.953125,218.0
2025-05-02 08:41:00+00:00,108.953125,108.953125,108.953125,108.953125,190.0
2025-05-02 08:42:00+00:00,108.953125,108.953125,108.953125,108.953125,515.0
2025-05-02 08:43:00+00:00,108.953125,108.953125,108.953125,108.953125,357.0
2025-05-02 08:44:00+00:00,108.9609375,108.9609375,108.9609375,108.9609375,321.0
2025-05-02 08:45:00+00:00,108.9609375,108.9609375,108.9609375,108.9609375,468.0
2025-05-02 08:47:00+00:00,108.953125,108.9609375,108.953125,108.953125,526.0
2025-05-02 08:48:00+00:00,108.953125,108.953125,108.953125,108.953125,489.0
2025-05-02 08:49:00+00:00,108.9609375,108.9609375,108.9609375,108.9609375,597.0
2025-05-02 08:50:00+00:00,108.96875,108.96875,108.9609375,108.9609375,333.0
2025-05-02 08:51:00+00:00,108.9765625,108.9765625,108.96875,108.96875,617.0
2025-05-02 08:53:00+00:00,108.984375,108.984375,108.9765625,108.9765625,999.0
2025-05-02 08:54:00+00:00,108.984375,108.984375,108.9765625,108.984375,860.0
2025-05-02 08:55:00+00:00,108.984375,108.9921875,108.9765625,108.9921875,425.0
2025-05-02 08:56:00+00:00,108.9921875,108.9921875,108.984375,108.984375,548.0
2025-05-02 08:57:00+00:00,108.9921875,108.9921875,108.984375,108.9921875,77.0
2025-05-02 08:58:00+00:00,108.984375,108.9921875,108.984375,108.9921875,19.0
2025-05-02 08:59:00+00:00,108.984375,108.9921875,108.984375,108.9921875,470.0
2025-05-02 09:00:00+00:00,108.984375,108.984375,108.984375,108.984375,439.0
2025-05-02 09:01:00+00:00,108.9765625,108.9921875,108.9765625,108.984375,369.0
2025-05-02 09:02:00+00:00,108.9765625,108.9765625,108.9765625,108.9765625,811.0
2025-05-02 09:03:00+00:00,108.9765625,108.9765625,108.9765625,108.9765625,890.0
2025-05-02 09:04:00+00:00,108.984375,108.984375,108.96875,108.9765625,232.0
2025-05-02 09:05:00+00:00,108.9921875,108.9921875,108.984375,108.984375,159.0
2025-05-02 09:06:00+00:00,108.984375,108.984375,108.984375,108.984375,468.0
2025-05-02 09:07:00+00:00,108.9765625,108.984375,108.9765625,108.984375,271.0
2025-05-02 09:08:00+00:00,108.96875,108.9765625,108.96875,108.9765625,138.0
2025-05-02 09:09:00+00:00,108.96875,108.96875,108.96875,108.96875,1.0
2025-05-02 09:10:00+00:00,108.96875,108.96875,108.96875,108.96875,39.0
2025-05-02 09:11:00+00:00,108.96875,108.9765625,108.96875,108.9765625,704.0
2025-05-02 09:12:00+00:00,108.96875,108.96875,108.96875,108.96875,159.0
2025-05-02 09:13:00+00:00,108.96875,108.96875,108.96875,108.96875,107.0
2025-05-02 09:14:00+00:00,108.9609375,108.9609375,108.9609375,108.9609375,47.0
2025-05-02 09:16:00+00:00,108.9609375,108.96875,108.9609375,108.96875,137.0
2025-05-02 09:17:00+00:00,108.96875,108.96875,108.9609375,108.96875,409.0
2025-05-02 09:18:00+00:00,108.96875,108.96875,108.9609375,108.96875,81.0
2025-05-02 09:19:00+00:00,108.9609375,108.96875,108.9609375,108.96875,38.0
2025-05-02 09:20:00+00:00,108.9609375,108.96875,108.9609375,108.9609375,18.0
2025-05-02 09:21:00+00:00,108.9609375,108.96875,108.9609375,108.96875,168.0
2025-05-02 09:22:00+00:00,108.96875,108.96875,108.9609375,108.96875,12.0
2025-05-02 09:23:00+00:00,108.96875,108.9765625,108.96875,108.96875,569.0
2025-05-02 09:24:00+00:00,108.96875,108.9765625,108.96875,108.9765625,10.0
2025-05-02 09:25:00+00:00,108.9609375,108.9765625,108.9609375,108.96875,588.0
2025-05-02 09:26:00+00:00,108.9609375,108.96875,108.9609375,108.96875,4.0
2025-05-02 09:27:00+00:00,108.9609375,108.96875,108.9609375,108.96875,1096.0
2025-05-02 09:28:00+00:00,108.9765625,108.9765625,108.9609375,108.9609375,742.0
2025-05-02 09:29:00+00:00,108.9765625,108.9765625,108.9765625,108.9765625,268.0
2025-05-02 09:30:00+00:00,108.984375,108.984375,108.984375,108.984375,749.0
2025-05-02 09:31:00+00:00,108.9921875,108.9921875,108.984375,108.9921875,81.0
2025-05-02 09:32:00+00:00,109.0,109.0,108.9921875,108.9921875,623.0
2025-05-02 09:33:00+00:00,108.9921875,109.0,108.9921875,109.0,310.0
2025-05-02 09:34:00+00:00,108.9921875,108.9921875,108.984375,108.9921875,12.0
2025-05-02 09:35:00+00:00,108.96875,108.984375,108.96875,108.984375,653.0
2025-05-02 09:36:00+00:00,108.96875,108.9765625,108.96875,108.96875,1238.0
2025-05-02 09:37:00+00:00,108.9765625,108.9765625,108.96875,108.96875,260.0
2025-05-02 09:39:00+00:00,108.984375,108.984375,108.984375,108.984375,529.0
2025-05-02 09:40:00+00:00,108.96875,108.984375,108.96875,108.984375,289.0
2025-05-02 09:41:00+00:00,108.9765625,108.9765625,108.9765625,108.9765625,102.0
2025-05-02 09:42:00+00:00,108.9765625,108.984375,108.9765625,108.9765625,66.0
2025-05-02 09:43:00+00:00,108.984375,108.984375,108.9765625,108.9765625,157.0
2025-05-02 09:44:00+00:00,108.9765625,108.9765625,108.9765625,108.9765625,35.0
2025-05-02 09:45:00+00:00,108.984375,108.984375,108.984375,108.984375,6.0
2025-05-02 09:46:00+00:00,108.9765625,108.984375,108.9765625,108.984375,281.0
2025-05-02 09:47:00+00:00,108.9609375,108.9765625,108.9609375,108.9765625,168.0
2025-05-02 09:48:00+00:00,108.96875,108.96875,108.96875,108.96875,258.0
2025-05-02 09:49:00+00:00,108.96875,108.96875,108.96875,108.96875,477.0
2025-05-02 09:50:00+00:00,108.9609375,108.9765625,108.9609375,108.96875,354.0
2025-05-02 09:51:00+00:00,108.9609375,108.9609375,108.9609375,108.9609375,71.0
2025-05-02 09:52:00+00:00,108.96875,108.9765625,108.96875,108.96875,266.0
2025-05-02 09:53:00+00:00,108.96875,108.96875,108.96875,108.96875,36.0
2025-05-02 09:54:00+00:00,108.96875,108.9765625,108.96875,108.96875,197.0
2025-05-02 09:56:00+00:00,108.9609375,108.96875,108.9609375,108.96875,276.0
2025-05-02 09:57:00+00:00,108.9609375,108.9609375,108.9609375,108.9609375,271.0
2025-05-02 09:58:00+00:00,108.9609375,108.9609375,108.9609375,108.9609375,123.0
2025-05-02 09:59:00+00:00,108.953125,108.9609375,108.953125,108.9609375,525.0
2025-05-02 10:00:00+00:00,108.9609375,108.9609375,108.9609375,108.9609375,579.0
2025-05-02 10:01:00+00:00,108.9609375,108.96875,108.9609375,108.96875,80.0
2025-05-02 10:02:00+00:00,108.9609375,108.96875,108.9609375,108.9609375,236.0
2025-05-02 10:03:00+00:00,108.9609375,108.9609375,108.9609375,108.9609375,434.0
2025-05-02 10:04:00+00:00,108.9765625,108.9765625,108.96875,108.96875,71.0
2025-05-02 10:05:00+00:00,108.96875,108.9765625,108.96875,108.96875,186.0
2025-05-02 10:06:00+00:00,108.96875,108.96875,108.96875,108.96875,488.0
2025-05-02 10:07:00+00:00,108.9609375,108.9765625,108.9609375,108.96875,330.0
2025-05-02 10:08:00+00:00,108.953125,108.9609375,108.953125,108.9609375,316.0
2025-05-02 10:09:00+00:00,108.953125,108.953125,108.953125,108.953125,1074.0
2025-05-02 10:10:00+00:00,108.953125,108.953125,108.953125,108.953125,157.0
2025-05-02 10:12:00+00:00,108.953125,108.953125,108.94499969482422,108.953125,238.0
2025-05-02 10:13:00+00:00,108.9453125,108.9453125,108.9453125,108.9453125,223.0
2025-05-02 10:14:00+00:00,108.9453125,108.9453125,108.9453125,108.9453125,238.0
2025-05-02 10:15:00+00:00,108.9453125,108.9453125,108.9453125,108.9453125,5.0
2025-05-02 10:16:00+00:00,108.9453125,108.9453125,108.9453125,108.9453125,290.0
2025-05-02 10:17:00+00:00,108.953125,108.953125,108.9453125,108.953125,219.0
2025-05-02 10:18:00+00:00,108.953125,108.953125,108.9453125,108.9453125,266.0
2025-05-02 10:19:00+00:00,108.953125,108.9609375,108.953125,108.953125,885.0
2025-05-02 10:20:00+00:00,108.953125,108.953125,108.953125,108.953125,240.0
2025-05-02 10:21:00+00:00,108.9609375,108.9609375,108.953125,108.953125,546.0
2025-05-02 10:22:00+00:00,108.9609375,108.9609375,108.953125,108.9609375,134.0
2025-05-02 10:23:00+00:00,108.953125,108.953125,108.953125,108.953125,68.0
2025-05-02 10:24:00+00:00,108.96875,108.96875,108.9609375,108.9609375,739.0
2025-05-02 10:25:00+00:00,108.96875,108.96875,108.96875,108.96875,7.0
2025-05-02 10:26:00+00:00,108.96875,108.96875,108.96875,108.96875,96.0
2025-05-02 10:27:00+00:00,108.96875,108.96875,108.96875,108.96875,608.0
2025-05-02 10:28:00+00:00,108.96875,108.96875,108.96875,108.96875,5.0
2025-05-02 10:29:00+00:00,108.96875,108.96875,108.96875,108.96875,14.0
2025-05-02 10:30:00+00:00,108.9609375,108.96875,108.9609375,108.9609375,448.0
2025-05-02 10:31:00+00:00,108.9453125,108.953125,108.9453125,108.953125,718.0
2025-05-02 10:32:00+00:00,108.9453125,108.9453125,108.9453125,108.9453125,134.0
2025-05-02 10:33:00+00:00,108.9609375,108.9609375,108.953125,108.953125,172.0
2025-05-02 10:34:00+00:00,108.9453125,108.953125,108.9453125,108.953125,268.0
2025-05-02 10:35:00+00:00,108.9375,108.9453125,108.9375,108.9453125,631.0
2025-05-02 10:36:00+00:00,108.9453125,108.9453125,108.9375,108.9453125,250.0
2025-05-02 10:37:00+00:00,108.9609375,108.9609375,108.953125,108.953125,608.0
2025-05-02 10:38:00+00:00,108.96875,108.96875,108.9609375,108.9609375,1830.0
2025-05-02 10:39:00+00:00,108.96875,108.984375,108.96875,108.9765625,249.0
2025-05-02 10:40:00+00:00,108.9765625,108.9765625,108.9765625,108.9765625,6.0
2025-05-02 10:41:00+00:00,108.9765625,108.9765625,108.96875,108.9765625,20.0
2025-05-02 10:42:00+00:00,108.9765625,108.9765625,108.96875,108.9765625,399.0
2025-05-02 10:43:00+00:00,108.96875,108.96875,108.96875,108.96875,104.0
2025-05-02 10:45:00+00:00,108.9609375,108.96875,108.9609375,108.96875,244.0
2025-05-02 10:46:00+00:00,108.9609375,108.9609375,108.9609375,108.9609375,53.0
2025-05-02 10:48:00+00:00,108.953125,108.9609375,108.953125,108.953125,410.0
2025-05-02 10:49:00+00:00,108.953125,108.953125,108.9453125,108.953125,65.0
2025-05-02 10:50:00+00:00,108.953125,108.953125,108.953125,108.953125,465.0
2025-05-02 10:52:00+00:00,108.953125,108.953125,108.953125,108.953125,49.0
2025-05-02 10:53:00+00:00,108.953125,108.953125,108.9453125,108.9453125,61.0
2025-05-02 10:54:00+00:00,108.9453125,108.953125,108.9453125,108.953125,384.0
2025-05-02 10:55:00+00:00,108.9453125,108.9453125,108.9453125,108.9453125,299.0
2025-05-02 10:56:00+00:00,108.9453125,108.9453125,108.9375,108.9375,463.0
2025-05-02 10:57:00+00:00,108.953125,108.953125,108.9453125,108.953125,799.0
2025-05-02 10:58:00+00:00,108.9453125,108.953125,108.9453125,108.953125,377.0
2025-05-02 10:59:00+00:00,108.9375,108.9453125,108.9375,108.9453125,438.0
2025-05-02 11:00:00+00:00,108.9375,108.9453125,108.9375,108.9375,48.0
2025-05-02 11:01:00+00:00,108.9375,108.9453125,108.9375,108.9453125,178.0
2025-05-02 11:02:00+00:00,108.9296875,108.9375,108.9296875,108.9375,140.0
2025-05-02 11:03:00+00:00,108.9296875,108.9296875,108.9296875,108.9296875,341.0
2025-05-02 11:04:00+00:00,108.9296875,108.9296875,108.921875,108.9296875,386.0
2025-05-02 11:05:00+00:00,108.921875,108.921875,108.921875,108.921875,242.0
2025-05-02 11:06:00+00:00,108.921875,108.921875,108.921875,108.921875,416.0
2025-05-02 11:07:00+00:00,108.9375,108.9375,108.921875,108.9296875,470.0
2025-05-02 11:08:00+00:00,108.9296875,108.9375,108.9296875,108.9375,14.0
2025-05-02 11:09:00+00:00,108.9296875,108.9375,108.9296875,108.9375,326.0
2025-05-02 11:10:00+00:00,108.921875,108.9375,108.921875,108.9375,176.0
2025-05-02 11:11:00+00:00,108.9140625,108.921875,108.9140625,108.921875,541.0
2025-05-02 11:12:00+00:00,108.90625,108.921875,108.90625,108.921875,675.0
2025-05-02 11:13:00+00:00,108.9140625,108.9140625,108.9140625,108.9140625,354.0
2025-05-02 11:14:00+00:00,108.921875,108.921875,108.90625,108.9140625,313.0
2025-05-02 11:15:00+00:00,108.921875,108.921875,108.9140625,108.921875,464.0
2025-05-02 11:16:00+00:00,108.921875,108.921875,108.9140625,108.921875,308.0
2025-05-02 11:17:00+00:00,108.9140625,108.921875,108.9140625,108.921875,223.0
2025-05-02 11:18:00+00:00,108.90625,108.9140625,108.90625,108.9140625,75.0
2025-05-02 11:19:00+00:00,108.90625,108.9140625,108.90625,108.9140625,764.0
2025-05-02 11:20:00+00:00,108.90625,108.90625,108.90625,108.90625,299.0
2025-05-02 11:21:00+00:00,108.9140625,108.921875,108.90625,108.90625,1098.0
2025-05-02 11:22:00+00:00,108.9140625,108.921875,108.9140625,108.921875,117.0
2025-05-02 11:23:00+00:00,108.9296875,108.9296875,108.9140625,108.9140625,926.0
2025-05-02 11:24:00+00:00,108.9296875,108.9296875,108.9296875,108.9296875,394.0
2025-05-02 11:25:00+00:00,108.9375,108.9375,108.9375,108.9375,571.0
2025-05-02 11:26:00+00:00,108.953125,108.953125,108.9375,108.9375,825.0
2025-05-02 11:27:00+00:00,108.9609375,108.9609375,108.953125,108.953125,286.0
2025-05-02 11:28:00+00:00,108.96875,108.96875,108.9609375,108.9609375,1027.0
2025-05-02 11:29:00+00:00,108.96875,108.9765625,108.96875,108.96875,868.0
2025-05-02 11:30:00+00:00,108.96875,108.96875,108.9609375,108.96875,595.0
2025-05-02 11:31:00+00:00,108.9765625,108.9765625,108.96875,108.96875,393.0
2025-05-02 11:32:00+00:00,108.9609375,108.9765625,108.9609375,108.9765625,1148.0
2025-05-02 11:33:00+00:00,108.96875,108.96875,108.96875,108.96875,518.0
2025-05-02 11:34:00+00:00,108.96875,108.96875,108.96875,108.96875,307.0
2025-05-02 11:35:00+00:00,108.9765625,108.984375,108.96875,108.96875,390.0
2025-05-02 11:36:00+00:00,108.953125,108.984375,108.9453125,108.984375,1920.0
2025-05-02 11:37:00+00:00,108.9453125,108.953125,108.9453125,108.953125,294.0
2025-05-02 11:38:00+00:00,108.921875,108.9453125,108.921875,108.9453125,1406.0
2025-05-02 11:39:00+00:00,108.921875,108.9296875,108.921875,108.9296875,507.0
2025-05-02 11:40:00+00:00,108.921875,108.9296875,108.921875,108.921875,91.0
2025-05-02 11:41:00+00:00,108.921875,108.921875,108.9140625,108.921875,77.0
2025-05-02 11:42:00+00:00,108.90625,108.9140625,108.90625,108.9140625,577.0
2025-05-02 11:43:00+00:00,108.90625,108.921875,108.90625,108.9140625,1045.0
2025-05-02 11:44:00+00:00,108.90625,108.90625,108.90625,108.90625,320.0
2025-05-02 11:45:00+00:00,108.90625,108.90625,108.90625,108.90625,554.0
2025-05-02 11:46:00+00:00,108.8984375,108.8984375,108.8984375,108.8984375,1167.0
2025-05-02 11:47:00+00:00,108.8828125,108.8984375,108.875,108.8984375,1480.0
2025-05-02 11:48:00+00:00,108.8828125,108.8828125,108.875,108.8828125,896.0
2025-05-02 11:49:00+00:00,108.8828125,108.8828125,108.875,108.8828125,1103.0
2025-05-02 11:50:00+00:00,108.8828125,108.8828125,108.875,108.875,831.0
2025-05-02 11:51:00+00:00,108.90625,108.9140625,108.890625,108.890625,1519.0
2025-05-02 11:52:00+00:00,108.90625,108.9140625,108.8984375,108.9140625,666.0
2025-05-02 11:53:00+00:00,108.890625,108.90625,108.890625,108.90625,486.0
2025-05-02 11:54:00+00:00,108.8984375,108.90625,108.890625,108.890625,1131.0
2025-05-02 11:55:00+00:00,108.890625,108.90625,108.890625,108.8984375,128.0
2025-05-02 11:56:00+00:00,108.890625,108.8984375,108.890625,108.8984375,885.0
2025-05-02 11:57:00+00:00,108.890625,108.890625,108.8828125,108.890625,774.0
2025-05-02 11:58:00+00:00,108.8828125,108.890625,108.8828125,108.890625,919.0
2025-05-02 11:59:00+00:00,108.8828125,108.8984375,108.8828125,108.8828125,2098.0
2025-05-02 12:00:00+00:00,108.8828125,108.8828125,108.875,108.8828125,1283.0
2025-05-02 12:01:00+00:00,108.8828125,108.890625,108.8828125,108.8828125,235.0
2025-05-02 12:02:00+00:00,108.8828125,108.8828125,108.875,108.8828125,774.0
2025-05-02 12:03:00+00:00,108.8828125,108.890625,108.875,108.8828125,5451.0
2025-05-02 12:04:00+00:00,108.875,108.890625,108.875,108.8828125,4208.0
2025-05-02 12:05:00+00:00,108.875,108.8828125,108.875,108.875,678.0
2025-05-02 12:06:00+00:00,108.875,108.875,108.8671875,108.875,2537.0
2025-05-02 12:07:00+00:00,108.8671875,108.875,108.8515625,108.875,2685.0
2025-05-02 12:08:00+00:00,108.859375,108.8671875,108.859375,108.859375,822.0
2025-05-02 12:09:00+00:00,108.875,108.875,108.8671875,108.8671875,1501.0
2025-05-02 12:10:00+00:00,108.8671875,108.875,108.8671875,108.875,1197.0
2025-05-02 12:11:00+00:00,108.859375,108.8671875,108.859375,108.8671875,439.0
2025-05-02 12:12:00+00:00,108.875,108.875,108.8671875,108.8671875,289.0
2025-05-02 12:13:00+00:00,108.875,108.875,108.8671875,108.875,1534.0
2025-05-02 12:14:00+00:00,108.859375,108.8671875,108.859375,108.8671875,1259.0
2025-05-02 12:15:00+00:00,108.8671875,108.8671875,108.859375,108.8671875,867.0
2025-05-02 12:16:00+00:00,108.8671875,108.8671875,108.859375,108.8671875,939.0
2025-05-02 12:17:00+00:00,108.8671875,108.875,108.859375,108.875,983.0
2025-05-02 12:18:00+00:00,108.875,108.875,108.8515625,108.8671875,1324.0
2025-05-02 12:19:00+00:00,108.875,108.875,108.8671875,108.875,1871.0
2025-05-02 12:20:00+00:00,108.8515625,108.875,108.84375,108.875,2240.0
2025-05-02 12:21:00+00:00,108.8203125,108.8515625,108.8203125,108.8515625,3043.0
2025-05-02 12:22:00+00:00,108.828125,108.8359375,108.796875,108.828125,6254.0
2025-05-02 12:23:00+00:00,108.828125,108.84375,108.828125,108.828125,2972.0
2025-05-02 12:24:00+00:00,108.84375,108.84375,108.8203125,108.828125,1605.0
2025-05-02 12:25:00+00:00,108.8203125,108.8515625,108.8203125,108.84375,4593.0
2025-05-02 12:26:00+00:00,108.8125,108.828125,108.8125,108.8203125,2526.0
2025-05-02 12:27:00+00:00,108.828125,108.8359375,108.8125,108.8125,3942.0
2025-05-02 12:28:00+00:00,108.84375,108.84375,108.8203125,108.828125,2035.0
2025-05-02 12:29:00+00:00,108.8359375,108.8671875,108.8203125,108.84375,1627.0
2025-05-02 12:30:00+00:00,108.65625,108.859375,108.625,108.84375,35453.0
2025-05-02 12:31:00+00:00,108.7109375,108.7109375,108.6171875,108.65625,25579.0
2025-05-02 12:32:00+00:00,108.71875,108.7265625,108.6953125,108.7109375,11175.0
2025-05-02 12:33:00+00:00,108.71875,108.734375,108.6953125,108.71875,11189.0
2025-05-02 12:34:00+00:00,108.7109375,108.734375,108.703125,108.71875,10959.0
2025-05-02 12:35:00+00:00,108.71875,108.734375,108.6953125,108.7109375,16904.0
2025-05-02 12:36:00+00:00,108.71875,108.734375,108.703125,108.71875,17345.0
2025-05-02 12:37:00+00:00,108.7578125,108.7734375,108.7109375,108.7109375,9998.0
2025-05-02 12:38:00+00:00,108.7265625,108.7578125,108.7265625,108.7578125,9519.0
2025-05-02 12:39:00+00:00,108.71875,108.75,108.7109375,108.7265625,11460.0
2025-05-02 12:40:00+00:00,108.75,108.75,108.703125,108.7265625,9679.0
2025-05-02 12:41:00+00:00,108.71875,108.75,108.71875,108.75,8717.0
2025-05-02 12:42:00+00:00,108.734375,108.7421875,108.7265625,108.7265625,4088.0
2025-05-02 12:43:00+00:00,108.734375,108.7421875,108.71875,108.734375,10079.0
2025-05-02 12:44:00+00:00,108.7265625,108.75,108.71875,108.734375,4457.0
2025-05-02 12:45:00+00:00,108.7109375,108.7421875,108.703125,108.7265625,6394.0
2025-05-02 12:46:00+00:00,108.6953125,108.7109375,108.6953125,108.7109375,4983.0
2025-05-02 12:47:00+00:00,108.6796875,108.6953125,108.6796875,108.6875,4004.0
2025-05-02 12:48:00+00:00,108.6796875,108.6875,108.6796875,108.6875,3868.0
2025-05-02 12:49:00+00:00,108.6640625,108.6875,108.6640625,108.6875,3229.0
2025-05-02 12:50:00+00:00,108.640625,108.6640625,108.640625,108.6640625,4035.0
2025-05-02 12:51:00+00:00,108.6484375,108.65625,108.640625,108.6484375,4378.0
2025-05-02 12:52:00+00:00,108.65625,108.65625,108.6328125,108.65625,2872.0
2025-05-02 12:53:00+00:00,108.6328125,108.6484375,108.6328125,108.6484375,5259.0
2025-05-02 12:54:00+00:00,108.625,108.6328125,108.6171875,108.6328125,2660.0
2025-05-02 12:55:00+00:00,108.6015625,108.6328125,108.6015625,108.625,4531.0
2025-05-02 12:56:00+00:00,108.609375,108.625,108.6015625,108.6015625,7951.0
2025-05-02 12:57:00+00:00,108.59375,108.609375,108.5859375,108.6015625,5745.0
2025-05-02 12:58:00+00:00,108.5859375,108.59375,108.578125,108.59375,6102.0
2025-05-02 12:59:00+00:00,108.6015625,108.6015625,108.5859375,108.5859375,5018.0
2025-05-02 13:00:00+00:00,108.6171875,108.6171875,108.59375,108.6015625,4369.0
2025-05-02 13:01:00+00:00,108.6171875,108.6171875,108.609375,108.609375,1513.0
2025-05-02 13:02:00+00:00,108.609375,108.625,108.6015625,108.6171875,4397.0
2025-05-02 13:03:00+00:00,108.59375,108.6171875,108.59375,108.609375,2544.0
2025-05-02 13:04:00+00:00,108.609375,108.609375,108.59375,108.59375,5506.0
2025-05-02 13:05:00+00:00,108.6171875,108.6171875,108.6015625,108.6015625,863.0
2025-05-02 13:06:00+00:00,108.5859375,108.609375,108.578125,108.609375,10476.0
2025-05-02 13:07:00+00:00,108.578125,108.59375,108.5703125,108.5859375,5039.0
2025-05-02 13:08:00+00:00,108.5625,108.578125,108.5546875,108.578125,7364.0
2025-05-02 13:09:00+00:00,108.5546875,108.5703125,108.546875,108.5703125,5218.0
2025-05-02 13:10:00+00:00,108.5546875,108.5546875,108.5390625,108.5546875,3521.0
2025-05-02 13:11:00+00:00,108.5703125,108.578125,108.5625,108.5625,2429.0
2025-05-02 13:12:00+00:00,108.5703125,108.5703125,108.5546875,108.5703125,3439.0
2025-05-02 13:13:00+00:00,108.5546875,108.578125,108.5546875,108.5703125,2661.0
2025-05-02 13:14:00+00:00,108.5546875,108.5625,108.546875,108.5546875,4534.0
2025-05-02 13:15:00+00:00,108.5703125,108.5703125,108.546875,108.546875,3139.0
2025-05-02 13:16:00+00:00,108.5390625,108.5625,108.5390625,108.5625,6782.0
2025-05-02 13:17:00+00:00,108.546875,108.5546875,108.5390625,108.5390625,2453.0
2025-05-02 13:18:00+00:00,108.5625,108.5625,108.546875,108.546875,2172.0
2025-05-02 13:19:00+00:00,108.59375,108.59375,108.5703125,108.5703125,5498.0
2025-05-02 13:20:00+00:00,108.609375,108.6171875,108.5859375,108.6015625,4768.0
2025-05-02 13:21:00+00:00,108.625,108.625,108.609375,108.609375,6357.0
2025-05-02 13:22:00+00:00,108.625,108.6328125,108.625,108.625,3135.0
2025-05-02 13:23:00+00:00,108.625,108.6328125,108.6171875,108.6171875,3032.0
2025-05-02 13:24:00+00:00,108.640625,108.640625,108.625,108.625,4582.0
2025-05-02 13:25:00+00:00,108.6328125,108.6484375,108.625,108.640625,2621.0
2025-05-02 13:26:00+00:00,108.640625,108.6484375,108.625,108.6328125,2984.0
2025-05-02 13:27:00+00:00,108.6328125,108.640625,108.6328125,108.640625,2784.0
2025-05-02 13:28:00+00:00,108.6328125,108.640625,108.625,108.640625,3256.0
2025-05-02 13:29:00+00:00,108.609375,108.6328125,108.609375,108.6328125,3226.0
2025-05-02 13:30:00+00:00,108.609375,108.625,108.609375,108.609375,3874.0
2025-05-02 13:31:00+00:00,108.6015625,108.609375,108.59375,108.609375,2535.0
2025-05-02 13:32:00+00:00,108.6015625,108.609375,108.59375,108.6015625,5967.0
2025-05-02 13:33:00+00:00,108.6171875,108.6171875,108.6015625,108.6015625,2707.0
2025-05-02 13:34:00+00:00,108.625,108.6328125,108.6171875,108.6171875,2447.0
2025-05-02 13:35:00+00:00,108.6484375,108.6484375,108.625,108.625,2739.0
2025-05-02 13:36:00+00:00,108.6484375,108.6484375,108.6328125,108.6484375,3461.0
2025-05-02 13:37:00+00:00,108.65625,108.6640625,108.6484375,108.65625,1304.0
2025-05-02 13:38:00+00:00,108.6484375,108.65625,108.640625,108.65625,4802.0
2025-05-02 13:39:00+00:00,108.6484375,108.65625,108.640625,108.6484375,4966.0
2025-05-02 13:40:00+00:00,108.640625,108.65625,108.6328125,108.6484375,1942.0
2025-05-02 13:41:00+00:00,108.640625,108.6484375,108.6328125,108.640625,1925.0
2025-05-02 13:42:00+00:00,108.6328125,108.640625,108.6328125,108.640625,1225.0
2025-05-02 13:43:00+00:00,108.640625,108.6484375,108.6328125,108.6328125,3128.0
2025-05-02 13:44:00+00:00,108.640625,108.6484375,108.6328125,108.640625,2755.0
2025-05-02 13:45:00+00:00,108.640625,108.6484375,108.640625,108.640625,2180.0
2025-05-02 13:46:00+00:00,108.640625,108.65625,108.640625,108.640625,5231.0
2025-05-02 13:47:00+00:00,108.640625,108.65625,108.640625,108.640625,633.0
2025-05-02 13:48:00+00:00,108.6484375,108.65625,108.640625,108.6484375,2831.0
2025-05-02 13:49:00+00:00,108.6640625,108.671875,108.6484375,108.6484375,4308.0
2025-05-02 13:50:00+00:00,108.6640625,108.671875,108.65625,108.6640625,1895.0
2025-05-02 13:51:00+00:00,108.6796875,108.6875,108.6640625,108.6640625,3514.0
2025-05-02 13:52:00+00:00,108.6796875,108.6875,108.6796875,108.6796875,1325.0
2025-05-02 13:53:00+00:00,108.671875,108.6796875,108.6640625,108.6796875,1596.0
2025-05-02 13:54:00+00:00,108.671875,108.6796875,108.6640625,108.671875,1190.0
2025-05-02 13:55:00+00:00,108.65625,108.671875,108.65625,108.6640625,2830.0
2025-05-02 13:56:00+00:00,108.6640625,108.6640625,108.65625,108.65625,1565.0
2025-05-02 13:57:00+00:00,108.6640625,108.671875,108.65625,108.6640625,1700.0
2025-05-02 13:58:00+00:00,108.671875,108.671875,108.6640625,108.6640625,1433.0
2025-05-02 13:59:00+00:00,108.65625,108.671875,108.6484375,108.6640625,2853.0
2025-05-02 14:00:00+00:00,108.6484375,108.671875,108.640625,108.6640625,1806.0
2025-05-02 14:01:00+00:00,108.65625,108.65625,108.6484375,108.6484375,1715.0
2025-05-02 14:02:00+00:00,108.625,108.65625,108.625,108.6484375,2057.0
2025-05-02 14:03:00+00:00,108.625,108.6328125,108.6171875,108.6328125,3002.0
2025-05-02 14:04:00+00:00,108.6328125,108.6484375,108.6171875,108.6171875,2865.0
2025-05-02 14:05:00+00:00,108.625,108.640625,108.6171875,108.6328125,3466.0
2025-05-02 14:06:00+00:00,108.625,108.625,108.609375,108.625,5625.0
2025-05-02 14:07:00+00:00,108.625,108.6328125,108.6171875,108.625,1850.0
2025-05-02 14:08:00+00:00,108.6171875,108.640625,108.6171875,108.625,4103.0
2025-05-02 14:09:00+00:00,108.625,108.625,108.6171875,108.6171875,8489.0
2025-05-02 14:10:00+00:00,108.6171875,108.625,108.609375,108.625,2023.0
2025-05-02 14:11:00+00:00,108.6171875,108.6171875,108.609375,108.6171875,2560.0
2025-05-02 14:12:00+00:00,108.6328125,108.640625,108.6171875,108.6171875,1034.0
2025-05-02 14:13:00+00:00,108.609375,108.6328125,108.609375,108.6328125,1627.0
2025-05-02 14:14:00+00:00,108.6015625,108.609375,108.6015625,108.609375,1627.0
2025-05-02 14:15:00+00:00,108.6015625,108.609375,108.59375,108.6015625,4339.0
2025-05-02 14:16:00+00:00,108.59375,108.6015625,108.5859375,108.6015625,2486.0
2025-05-02 14:17:00+00:00,108.578125,108.59375,108.578125,108.5859375,3978.0
2025-05-02 14:18:00+00:00,108.5703125,108.5859375,108.5703125,108.578125,2096.0
2025-05-02 14:19:00+00:00,108.5859375,108.5859375,108.5703125,108.578125,1613.0
2025-05-02 14:20:00+00:00,108.578125,108.5859375,108.578125,108.578125,1840.0
2025-05-02 14:21:00+00:00,108.5703125,108.5859375,108.5625,108.578125,5468.0
2025-05-02 14:22:00+00:00,108.5546875,108.5703125,108.5546875,108.5703125,4794.0
2025-05-02 14:23:00+00:00,108.5625,108.5703125,108.546875,108.5546875,4261.0
2025-05-02 14:24:00+00:00,108.5546875,108.578125,108.546875,108.5703125,3499.0
2025-05-02 14:25:00+00:00,108.5546875,108.5546875,108.546875,108.5546875,3388.0
2025-05-02 14:26:00+00:00,108.5625,108.5625,108.5546875,108.5546875,474.0
2025-05-02 14:27:00+00:00,108.546875,108.5625,108.546875,108.5546875,1290.0
2025-05-02 14:28:00+00:00,108.546875,108.546875,108.5390625,108.546875,3045.0
2025-05-02 14:29:00+00:00,108.5625,108.5625,108.546875,108.546875,1379.0
2025-05-02 14:30:00+00:00,108.5703125,108.5859375,108.5625,108.5625,2721.0
2025-05-02 14:31:00+00:00,108.5546875,108.5859375,108.5546875,108.5703125,2205.0
2025-05-02 14:32:00+00:00,108.5546875,108.5625,108.546875,108.5546875,1911.0
2025-05-02 14:33:00+00:00,108.5546875,108.5546875,108.5546875,108.5546875,2089.0
2025-05-02 14:34:00+00:00,108.546875,108.5546875,108.5390625,108.5546875,3088.0
2025-05-02 14:35:00+00:00,108.5546875,108.5546875,108.546875,108.546875,571.0
2025-05-02 14:36:00+00:00,108.5625,108.5625,108.5546875,108.5546875,753.0
2025-05-02 14:37:00+00:00,108.5546875,108.5625,108.5546875,108.5625,656.0
2025-05-02 14:38:00+00:00,108.578125,108.578125,108.5625,108.5625,3390.0
2025-05-02 14:39:00+00:00,108.5546875,108.578125,108.546875,108.578125,3139.0
2025-05-02 14:40:00+00:00,108.5546875,108.5546875,108.546875,108.5546875,1546.0
2025-05-02 14:41:00+00:00,108.546875,108.5546875,108.546875,108.546875,2393.0
2025-05-02 14:42:00+00:00,108.5390625,108.546875,108.5390625,108.546875,2005.0
2025-05-02 14:43:00+00:00,108.5390625,108.5546875,108.53125,108.5390625,2540.0
2025-05-02 14:44:00+00:00,108.5390625,108.5390625,108.53125,108.5390625,459.0
2025-05-02 14:45:00+00:00,108.515625,108.5390625,108.515625,108.53125,7969.0
2025-05-02 14:46:00+00:00,108.515625,108.5234375,108.5078125,108.515625,1262.0
2025-05-02 14:47:00+00:00,108.5,108.515625,108.4921875,108.515625,8350.0
2025-05-02 14:48:00+00:00,108.5,108.5,108.4921875,108.5,3109.0
2025-05-02 14:49:00+00:00,108.5078125,108.5078125,108.5,108.5,1212.0
2025-05-02 14:50:00+00:00,108.5,108.5,108.4921875,108.5,2001.0
2025-05-02 14:51:00+00:00,108.4921875,108.5078125,108.4921875,108.5,1460.0
2025-05-02 14:52:00+00:00,108.5,108.5078125,108.4921875,108.4921875,1507.0
2025-05-02 14:53:00+00:00,108.4921875,108.5,108.4921875,108.4921875,2357.0
2025-05-02 14:54:00+00:00,108.4921875,108.4921875,108.4765625,108.4921875,3949.0
2025-05-02 14:55:00+00:00,108.4921875,108.5,108.484375,108.484375,5660.0
2025-05-02 14:56:00+00:00,108.4921875,108.4921875,108.484375,108.4921875,1984.0
2025-05-02 14:57:00+00:00,108.484375,108.5,108.484375,108.4921875,3450.0
2025-05-02 14:58:00+00:00,108.4921875,108.5,108.484375,108.484375,4411.0
2025-05-02 14:59:00+00:00,108.4921875,108.5,108.484375,108.5,4266.0
2025-05-02 15:00:00+00:00,108.4765625,108.4921875,108.4765625,108.484375,2043.0
2025-05-02 15:01:00+00:00,108.4765625,108.484375,108.46875,108.4765625,3345.0
2025-05-02 15:02:00+00:00,108.4765625,108.484375,108.46875,108.4765625,5937.0
2025-05-02 15:03:00+00:00,108.484375,108.4921875,108.4765625,108.4765625,2199.0
2025-05-02 15:04:00+00:00,108.4765625,108.484375,108.4765625,108.484375,2299.0
2025-05-02 15:05:00+00:00,108.4609375,108.4765625,108.4609375,108.4765625,4616.0
2025-05-02 15:06:00+00:00,108.4609375,108.46875,108.4609375,108.4609375,2273.0
2025-05-02 15:07:00+00:00,108.453125,108.4609375,108.4453125,108.4609375,3232.0
2025-05-02 15:08:00+00:00,108.453125,108.453125,108.4453125,108.4453125,3332.0
2025-05-02 15:09:00+00:00,108.4453125,108.453125,108.4453125,108.4453125,290.0
2025-05-02 15:10:00+00:00,108.453125,108.4609375,108.4453125,108.4453125,3535.0
2025-05-02 15:11:00+00:00,108.453125,108.4609375,108.4453125,108.453125,5690.0
2025-05-02 15:12:00+00:00,108.4609375,108.4609375,108.453125,108.453125,1520.0
2025-05-02 15:13:00+00:00,108.46875,108.46875,108.4609375,108.4609375,4389.0
2025-05-02 15:14:00+00:00,108.4609375,108.46875,108.453125,108.4609375,1471.0
2025-05-02 15:15:00+00:00,108.4375,108.4609375,108.4375,108.453125,4278.0
2025-05-02 15:16:00+00:00,108.4453125,108.4453125,108.4375,108.4375,4901.0
2025-05-02 15:17:00+00:00,108.4375,108.4375,108.4296875,108.4375,3955.0
2025-05-02 15:18:00+00:00,108.4375,108.4375,108.4296875,108.4375,4173.0
2025-05-02 15:19:00+00:00,108.4453125,108.4453125,108.4375,108.4453125,2808.0
2025-05-02 15:20:00+00:00,108.4453125,108.4453125,108.4375,108.4375,2591.0
2025-05-02 15:21:00+00:00,108.4296875,108.4375,108.4296875,108.4375,4272.0
2025-05-02 15:22:00+00:00,108.4296875,108.4375,108.4296875,108.4296875,3291.0
2025-05-02 15:23:00+00:00,108.421875,108.4375,108.421875,108.4296875,6497.0
2025-05-02 15:24:00+00:00,108.4296875,108.4296875,108.4140625,108.421875,5667.0
2025-05-02 15:25:00+00:00,108.4296875,108.4375,108.421875,108.421875,1674.0
2025-05-02 15:26:00+00:00,108.4375,108.4453125,108.4296875,108.4296875,3575.0
2025-05-02 15:27:00+00:00,108.4375,108.4453125,108.4375,108.4375,1776.0
2025-05-02 15:28:00+00:00,108.4375,108.4453125,108.4296875,108.4375,2728.0
2025-05-02 15:29:00+00:00,108.4296875,108.4453125,108.4296875,108.4375,1070.0
2025-05-02 15:30:00+00:00,108.4296875,108.4375,108.4296875,108.4296875,1120.0
2025-05-02 15:31:00+00:00,108.4375,108.4375,108.4296875,108.4296875,2922.0
2025-05-02 15:32:00+00:00,108.4453125,108.453125,108.4375,108.4375,2576.0
2025-05-02 15:33:00+00:00,108.453125,108.4609375,108.4453125,108.4453125,5729.0
2025-05-02 15:34:00+00:00,108.4375,108.453125,108.4375,108.453125,1097.0
2025-05-02 15:35:00+00:00,108.4453125,108.453125,108.4375,108.4375,3860.0
2025-05-02 15:36:00+00:00,108.4453125,108.453125,108.4375,108.4453125,2872.0
2025-05-02 15:37:00+00:00,108.484375,108.484375,108.4453125,108.4453125,10496.0
2025-05-02 15:38:00+00:00,108.46875,108.484375,108.46875,108.4765625,3123.0
2025-05-02 15:39:00+00:00,108.46875,108.4765625,108.46875,108.46875,259.0
2025-05-02 15:40:00+00:00,108.484375,108.484375,108.46875,108.46875,6891.0
2025-05-02 15:41:00+00:00,108.484375,108.484375,108.4765625,108.484375,2991.0
2025-05-02 15:42:00+00:00,108.4921875,108.4921875,108.484375,108.484375,3459.0
2025-05-02 15:43:00+00:00,108.4921875,108.4921875,108.4765625,108.484375,5183.0
2025-05-02 15:44:00+00:00,108.484375,108.4921875,108.484375,108.484375,3319.0
2025-05-02 15:45:00+00:00,108.4609375,108.484375,108.4609375,108.484375,2358.0
2025-05-02 15:46:00+00:00,108.4609375,108.46875,108.4609375,108.46875,2052.0
2025-05-02 15:47:00+00:00,108.4609375,108.4609375,108.453125,108.453125,635.0
2025-05-02 15:48:00+00:00,108.4453125,108.4609375,108.4453125,108.453125,1846.0
2025-05-02 15:49:00+00:00,108.4375,108.4453125,108.4375,108.4453125,2901.0
2025-05-02 15:50:00+00:00,108.4375,108.4453125,108.4296875,108.4375,843.0
2025-05-02 15:51:00+00:00,108.4453125,108.453125,108.4375,108.4375,3135.0
2025-05-02 15:52:00+00:00,108.4375,108.4453125,108.4296875,108.4453125,1210.0
2025-05-02 15:53:00+00:00,108.4296875,108.4375,108.4296875,108.4296875,1791.0
2025-05-02 15:54:00+00:00,108.4296875,108.4375,108.4296875,108.4375,576.0
2025-05-02 15:55:00+00:00,108.421875,108.4296875,108.421875,108.4296875,1352.0
2025-05-02 15:56:00+00:00,108.4140625,108.421875,108.4140625,108.421875,1838.0
2025-05-02 15:57:00+00:00,108.4140625,108.421875,108.4140625,108.421875,1538.0
2025-05-02 15:58:00+00:00,108.40625,108.421875,108.40625,108.4140625,2024.0
2025-05-02 15:59:00+00:00,108.4140625,108.421875,108.40625,108.40625,1946.0
2025-05-02 16:00:00+00:00,108.4296875,108.4296875,108.421875,108.421875,1148.0
2025-05-02 16:01:00+00:00,108.421875,108.453125,108.390625,108.4375,18300.0
2025-05-02 16:02:00+00:00,108.375,108.421875,108.375,108.421875,11610.0
2025-05-02 16:03:00+00:00,108.375,108.3828125,108.359375,108.375,4308.0
2025-05-02 16:04:00+00:00,108.3671875,108.375,108.359375,108.375,3498.0
2025-05-02 16:05:00+00:00,108.359375,108.3671875,108.359375,108.359375,5786.0
2025-05-02 16:06:00+00:00,108.3671875,108.3671875,108.359375,108.3671875,854.0
2025-05-02 16:07:00+00:00,108.3671875,108.375,108.359375,108.3671875,2855.0
2025-05-02 16:08:00+00:00,108.359375,108.375,108.359375,108.3671875,3461.0
2025-05-02 16:09:00+00:00,108.3828125,108.3828125,108.3671875,108.3671875,3058.0
2025-05-02 16:10:00+00:00,108.3828125,108.3828125,108.375,108.375,3271.0
2025-05-02 16:11:00+00:00,108.3828125,108.3828125,108.375,108.3828125,1374.0
2025-05-02 16:12:00+00:00,108.3828125,108.390625,108.3828125,108.3828125,655.0
2025-05-02 16:13:00+00:00,108.390625,108.390625,108.3828125,108.3828125,1220.0
2025-05-02 16:14:00+00:00,108.3828125,108.390625,108.375,108.390625,5690.0
2025-05-02 16:15:00+00:00,108.3828125,108.390625,108.375,108.3828125,5203.0
2025-05-02 16:16:00+00:00,108.3828125,108.3828125,108.375,108.3828125,2843.0
2025-05-02 16:17:00+00:00,108.3671875,108.375,108.359375,108.375,1604.0
2025-05-02 16:18:00+00:00,108.375,108.375,108.3671875,108.3671875,1458.0
2025-05-02 16:19:00+00:00,108.3515625,108.375,108.3515625,108.3671875,2556.0
2025-05-02 16:20:00+00:00,108.34375,108.359375,108.34375,108.359375,4951.0
2025-05-02 16:21:00+00:00,108.34375,108.3515625,108.3359375,108.3359375,2444.0
2025-05-02 16:22:00+00:00,108.34375,108.3515625,108.34375,108.34375,5480.0
2025-05-02 16:23:00+00:00,108.34375,108.34375,108.3359375,108.34375,3155.0
2025-05-02 16:24:00+00:00,108.359375,108.359375,108.3359375,108.34375,2681.0
2025-05-02 16:25:00+00:00,108.3515625,108.3515625,108.34375,108.3515625,3582.0
2025-05-02 16:26:00+00:00,108.34375,108.359375,108.34375,108.34375,1837.0
2025-05-02 16:27:00+00:00,108.3359375,108.34375,108.328125,108.34375,3255.0
2025-05-02 16:28:00+00:00,108.34375,108.34375,108.3359375,108.3359375,3102.0
2025-05-02 16:29:00+00:00,108.328125,108.3359375,108.328125,108.3359375,4200.0
2025-05-02 16:30:00+00:00,108.328125,108.34375,108.3203125,108.3359375,3667.0
2025-05-02 16:31:00+00:00,108.328125,108.328125,108.3203125,108.3203125,2421.0
2025-05-02 16:32:00+00:00,108.328125,108.3359375,108.3125,108.3203125,4166.0
2025-05-02 16:33:00+00:00,108.34375,108.34375,108.3203125,108.3203125,1367.0
2025-05-02 16:34:00+00:00,108.3515625,108.3515625,108.3359375,108.34375,615.0
2025-05-02 16:35:00+00:00,108.3515625,108.359375,108.34375,108.3515625,1177.0
2025-05-02 16:36:00+00:00,108.34375,108.34375,108.34375,108.34375,1162.0
2025-05-02 16:37:00+00:00,108.3359375,108.34375,108.3359375,108.34375,745.0
2025-05-02 16:38:00+00:00,108.3359375,108.3359375,108.3359375,108.3359375,1585.0
2025-05-02 16:39:00+00:00,108.3359375,108.3359375,108.3359375,108.3359375,985.0
2025-05-02 16:40:00+00:00,108.3359375,108.3671875,108.3359375,108.34375,13305.0
2025-05-02 16:41:00+00:00,108.3359375,108.3359375,108.328125,108.3359375,950.0
2025-05-02 16:42:00+00:00,108.328125,108.3359375,108.328125,108.328125,2029.0
2025-05-02 16:43:00+00:00,108.3203125,108.328125,108.3203125,108.328125,1255.0
2025-05-02 16:44:00+00:00,108.328125,108.328125,108.3203125,108.3203125,848.0
2025-05-02 16:45:00+00:00,108.328125,108.34375,108.3203125,108.3359375,2465.0
2025-05-02 16:46:00+00:00,108.328125,108.328125,108.3203125,108.3203125,1448.0
2025-05-02 16:47:00+00:00,108.3203125,108.328125,108.3125,108.3203125,2377.0
2025-05-02 16:48:00+00:00,108.3125,108.3203125,108.3125,108.3203125,4616.0
2025-05-02 16:49:00+00:00,108.3203125,108.3203125,108.3125,108.3125,1841.0
2025-05-02 16:50:00+00:00,108.3125,108.3203125,108.3125,108.3125,375.0
2025-05-02 16:51:00+00:00,108.328125,108.328125,108.3203125,108.3203125,2581.0
2025-05-02 16:52:00+00:00,108.328125,108.328125,108.328125,108.328125,1459.0
2025-05-02 16:53:00+00:00,108.328125,108.3359375,108.3203125,108.3203125,2113.0
2025-05-02 16:54:00+00:00,108.3203125,108.328125,108.3125,108.328125,4107.0
2025-05-02 16:55:00+00:00,108.3203125,108.3203125,108.3125,108.3203125,5378.0
2025-05-02 16:56:00+00:00,108.3203125,108.3203125,108.3125,108.3203125,757.0
2025-05-02 16:57:00+00:00,108.3125,108.3203125,108.3125,108.3125,2352.0
2025-05-02 16:58:00+00:00,108.3203125,108.3203125,108.3046875,108.3125,1211.0
2025-05-02 16:59:00+00:00,108.3203125,108.328125,108.3203125,108.3203125,666.0
2025-05-02 17:00:00+00:00,108.3203125,108.328125,108.3203125,108.328125,33.0
2025-05-02 17:01:00+00:00,108.328125,108.3359375,108.3203125,108.3203125,1692.0
2025-05-02 17:02:00+00:00,108.328125,108.3359375,108.328125,108.328125,2597.0
2025-05-02 17:03:00+00:00,108.3203125,108.3359375,108.3203125,108.328125,1444.0
2025-05-02 17:04:00+00:00,108.3359375,108.3359375,108.3203125,108.3203125,834.0
2025-05-02 17:05:00+00:00,108.328125,108.3359375,108.328125,108.3359375,218.0
2025-05-02 17:06:00+00:00,108.3515625,108.3515625,108.34375,108.34375,3136.0
2025-05-02 17:07:00+00:00,108.34375,108.3515625,108.34375,108.34375,1081.0
2025-05-02 17:08:00+00:00,108.3515625,108.3515625,108.34375,108.3515625,883.0
2025-05-02 17:09:00+00:00,108.359375,108.359375,108.34375,108.34375,1041.0
2025-05-02 17:10:00+00:00,108.3515625,108.359375,108.3515625,108.359375,232.0
2025-05-02 17:11:00+00:00,108.3515625,108.359375,108.3515625,108.3515625,1983.0
2025-05-02 17:12:00+00:00,108.3515625,108.359375,108.34375,108.3515625,4431.0
2025-05-02 17:13:00+00:00,108.359375,108.359375,108.3515625,108.3515625,2516.0
2025-05-02 17:14:00+00:00,108.3515625,108.359375,108.3515625,108.3515625,1593.0
2025-05-02 17:15:00+00:00,108.34375,108.359375,108.34375,108.3515625,2815.0
2025-05-02 17:16:00+00:00,108.3515625,108.359375,108.3515625,108.3515625,1584.0
2025-05-02 17:17:00+00:00,108.3515625,108.3515625,108.3515625,108.3515625,1638.0
2025-05-02 17:18:00+00:00,108.359375,108.359375,108.3515625,108.3515625,682.0
2025-05-02 17:19:00+00:00,108.3671875,108.3671875,108.359375,108.359375,2903.0
2025-05-02 17:20:00+00:00,108.375,108.3828125,108.375,108.375,2062.0
2025-05-02 17:21:00+00:00,108.3828125,108.390625,108.375,108.375,3837.0
2025-05-02 17:22:00+00:00,108.3828125,108.390625,108.3828125,108.3828125,1685.0
2025-05-02 17:23:00+00:00,108.3984375,108.3984375,108.3828125,108.390625,4123.0
2025-05-02 17:24:00+00:00,108.3984375,108.3984375,108.390625,108.3984375,619.0
2025-05-02 17:25:00+00:00,108.3984375,108.3984375,108.390625,108.3984375,710.0
2025-05-02 17:26:00+00:00,108.390625,108.40625,108.390625,108.3984375,1062.0
2025-05-02 17:27:00+00:00,108.40625,108.40625,108.390625,108.390625,1708.0
2025-05-02 17:28:00+00:00,108.3984375,108.40625,108.390625,108.3984375,2654.0
2025-05-02 17:29:00+00:00,108.3984375,108.3984375,108.390625,108.3984375,1872.0
2025-05-02 17:30:00+00:00,108.390625,108.3984375,108.390625,108.3984375,636.0
2025-05-02 17:31:00+00:00,108.3984375,108.40625,108.390625,108.3984375,8030.0
2025-05-02 17:32:00+00:00,108.3984375,108.3984375,108.390625,108.3984375,1041.0
2025-05-02 17:33:00+00:00,108.390625,108.3984375,108.390625,108.390625,3050.0
2025-05-02 17:34:00+00:00,108.390625,108.390625,108.3828125,108.390625,3214.0
2025-05-02 17:35:00+00:00,108.390625,108.3984375,108.390625,108.390625,95.0
2025-05-02 17:36:00+00:00,108.390625,108.3984375,108.390625,108.390625,3291.0
2025-05-02 17:37:00+00:00,108.3828125,108.390625,108.375,108.3828125,1607.0
2025-05-02 17:38:00+00:00,108.3828125,108.390625,108.375,108.3828125,1824.0
2025-05-02 17:39:00+00:00,108.390625,108.390625,108.3828125,108.390625,1537.0
2025-05-02 17:40:00+00:00,108.390625,108.3984375,108.390625,108.390625,902.0
2025-05-02 17:41:00+00:00,108.390625,108.390625,108.3828125,108.3828125,760.0
2025-05-02 17:42:00+00:00,108.3828125,108.390625,108.3828125,108.390625,487.0
2025-05-02 17:43:00+00:00,108.3828125,108.390625,108.3828125,108.3828125,2960.0
2025-05-02 17:44:00+00:00,108.390625,108.390625,108.3828125,108.3828125,3270.0
2025-05-02 17:45:00+00:00,108.390625,108.390625,108.3828125,108.390625,853.0
2025-05-02 17:46:00+00:00,108.375,108.390625,108.375,108.3828125,2681.0
2025-05-02 17:47:00+00:00,108.390625,108.390625,108.375,108.3828125,1691.0
2025-05-02 17:48:00+00:00,108.390625,108.390625,108.3828125,108.3828125,1385.0
2025-05-02 17:49:00+00:00,108.390625,108.3984375,108.390625,108.3984375,940.0
2025-05-02 17:50:00+00:00,108.3984375,108.3984375,108.3828125,108.390625,2162.0
2025-05-02 17:51:00+00:00,108.3984375,108.3984375,108.390625,108.3984375,1025.0
2025-05-02 17:52:00+00:00,108.3984375,108.3984375,108.3984375,108.3984375,475.0
2025-05-02 17:53:00+00:00,108.3984375,108.40625,108.3984375,108.40625,1992.0
2025-05-02 17:54:00+00:00,108.40625,108.40625,108.3984375,108.3984375,346.0
2025-05-02 17:55:00+00:00,108.3984375,108.3984375,108.390625,108.3984375,587.0
2025-05-02 17:56:00+00:00,108.3984375,108.3984375,108.390625,108.3984375,127.0
2025-05-02 17:57:00+00:00,108.3984375,108.40625,108.390625,108.3984375,905.0
2025-05-02 17:58:00+00:00,108.3984375,108.3984375,108.390625,108.3984375,82.0
2025-05-02 17:59:00+00:00,108.4140625,108.4140625,108.390625,108.390625,2584.0
2025-05-02 18:00:00+00:00,108.3984375,108.4140625,108.3984375,108.4140625,1759.0
2025-05-02 18:01:00+00:00,108.40625,108.40625,108.3984375,108.3984375,1359.0
2025-05-02 18:02:00+00:00,108.4140625,108.4140625,108.40625,108.40625,901.0
2025-05-02 18:03:00+00:00,108.4140625,108.4140625,108.40625,108.4140625,824.0
2025-05-02 18:04:00+00:00,108.4140625,108.4140625,108.40625,108.40625,1081.0
2025-05-02 18:05:00+00:00,108.40625,108.4140625,108.40625,108.4140625,3819.0
2025-05-02 18:06:00+00:00,108.3984375,108.40625,108.3984375,108.40625,1327.0
2025-05-02 18:07:00+00:00,108.40625,108.4140625,108.40625,108.40625,1153.0
2025-05-02 18:08:00+00:00,108.4140625,108.4140625,108.3984375,108.40625,4479.0
2025-05-02 18:09:00+00:00,108.4140625,108.4140625,108.40625,108.4140625,3679.0
2025-05-02 18:10:00+00:00,108.40625,108.40625,108.3984375,108.40625,2722.0
2025-05-02 18:11:00+00:00,108.390625,108.3984375,108.390625,108.3984375,4001.0
2025-05-02 18:12:00+00:00,108.390625,108.3984375,108.390625,108.390625,200.0
2025-05-02 18:13:00+00:00,108.390625,108.390625,108.390625,108.390625,2079.0
2025-05-02 18:14:00+00:00,108.3828125,108.390625,108.375,108.390625,7081.0
2025-05-02 18:15:00+00:00,108.375,108.3828125,108.375,108.3828125,1296.0
2025-05-02 18:16:00+00:00,108.3671875,108.375,108.359375,108.375,1419.0
2025-05-02 18:17:00+00:00,108.359375,108.375,108.359375,108.3671875,1541.0
2025-05-02 18:18:00+00:00,108.3671875,108.3671875,108.359375,108.359375,904.0
2025-05-02 18:19:00+00:00,108.359375,108.359375,108.359375,108.359375,5.0
2025-05-02 18:20:00+00:00,108.3671875,108.375,108.359375,108.3671875,2154.0
2025-05-02 18:21:00+00:00,108.3515625,108.3671875,108.3515625,108.3671875,2072.0
2025-05-02 18:22:00+00:00,108.3515625,108.359375,108.34375,108.34375,939.0
2025-05-02 18:23:00+00:00,108.359375,108.359375,108.3515625,108.359375,10.0
2025-05-02 18:24:00+00:00,108.3515625,108.359375,108.3515625,108.359375,126.0
2025-05-02 18:25:00+00:00,108.3515625,108.3515625,108.34375,108.3515625,2126.0
2025-05-02 18:26:00+00:00,108.3515625,108.3515625,108.34375,108.34375,203.0
2025-05-02 18:27:00+00:00,108.3515625,108.359375,108.3515625,108.3515625,506.0
2025-05-02 18:28:00+00:00,108.34375,108.359375,108.34375,108.3515625,1490.0
2025-05-02 18:29:00+00:00,108.3515625,108.3515625,108.34375,108.34375,339.0
2025-05-02 18:30:00+00:00,108.3515625,108.3515625,108.34375,108.3515625,131.0
2025-05-02 18:31:00+00:00,108.34375,108.3515625,108.34375,108.3515625,445.0
2025-05-02 18:32:00+00:00,108.34375,108.34375,108.3359375,108.34375,1483.0
2025-05-02 18:33:00+00:00,108.34375,108.3515625,108.34375,108.34375,1365.0
2025-05-02 18:34:00+00:00,108.3515625,108.3515625,108.34375,108.34375,574.0
2025-05-02 18:35:00+00:00,108.34375,108.3515625,108.34375,108.3515625,486.0
2025-05-02 18:36:00+00:00,108.34375,108.34375,108.34375,108.34375,2543.0
2025-05-02 18:37:00+00:00,108.3359375,108.34375,108.3359375,108.34375,145.0
2025-05-02 18:38:00+00:00,108.3515625,108.3515625,108.3359375,108.34375,558.0
2025-05-02 18:39:00+00:00,108.3515625,108.3515625,108.3515625,108.3515625,1061.0
2025-05-02 18:40:00+00:00,108.34375,108.3515625,108.34375,108.3515625,1211.0
2025-05-02 18:41:00+00:00,108.3515625,108.3515625,108.3359375,108.34375,1137.0
2025-05-02 18:42:00+00:00,108.34375,108.3515625,108.34375,108.34375,921.0
2025-05-02 18:43:00+00:00,108.34375,108.34375,108.3359375,108.34375,784.0
2025-05-02 18:44:00+00:00,108.34375,108.34375,108.3359375,108.34375,276.0
2025-05-02 18:45:00+00:00,108.34375,108.34375,108.3359375,108.3359375,24.0
2025-05-02 18:46:00+00:00,108.3515625,108.3515625,108.3359375,108.3359375,902.0
2025-05-02 18:47:00+00:00,108.3515625,108.3515625,108.3515625,108.3515625,1401.0
2025-05-02 18:48:00+00:00,108.359375,108.359375,108.34375,108.3515625,474.0
2025-05-02 18:49:00+00:00,108.359375,108.359375,108.3515625,108.3515625,85.0
2025-05-02 18:50:00+00:00,108.3515625,108.359375,108.3515625,108.359375,276.0
2025-05-02 18:51:00+00:00,108.3515625,108.3515625,108.3515625,108.3515625,1183.0
2025-05-02 18:52:00+00:00,108.3515625,108.3515625,108.3515625,108.3515625,857.0
2025-05-02 18:53:00+00:00,108.3671875,108.3671875,108.359375,108.359375,2014.0
2025-05-02 18:54:00+00:00,108.3671875,108.3671875,108.3671875,108.3671875,1225.0
2025-05-02 18:55:00+00:00,108.3671875,108.3671875,108.3671875,108.3671875,382.0
2025-05-02 18:56:00+00:00,108.3671875,108.375,108.359375,108.3671875,1739.0
2025-05-02 18:57:00+00:00,108.3671875,108.375,108.359375,108.3671875,455.0
2025-05-02 18:58:00+00:00,108.359375,108.359375,108.3515625,108.359375,3401.0
2025-05-02 18:59:00+00:00,108.359375,108.3671875,108.34375,108.3515625,11291.0
2025-05-02 19:00:00+00:00,108.3828125,108.3828125,108.359375,108.359375,6397.0
2025-05-02 19:01:00+00:00,108.390625,108.3984375,108.3828125,108.3828125,3376.0
2025-05-02 19:02:00+00:00,108.390625,108.390625,108.3828125,108.390625,2161.0
2025-05-02 19:03:00+00:00,108.3984375,108.3984375,108.390625,108.390625,1101.0
2025-05-02 19:04:00+00:00,108.40625,108.40625,108.390625,108.390625,2173.0
2025-05-02 19:05:00+00:00,108.3984375,108.40625,108.3984375,108.40625,5623.0
2025-05-02 19:06:00+00:00,108.40625,108.40625,108.390625,108.40625,847.0
2025-05-02 19:07:00+00:00,108.40625,108.40625,108.3984375,108.40625,193.0
2025-05-02 19:08:00+00:00,108.3984375,108.40625,108.3984375,108.40625,498.0
2025-05-02 19:09:00+00:00,108.4140625,108.4140625,108.3984375,108.3984375,1107.0
2025-05-02 19:10:00+00:00,108.4140625,108.4140625,108.40625,108.40625,1501.0
2025-05-02 19:11:00+00:00,108.4140625,108.4140625,108.40625,108.4140625,882.0
2025-05-02 19:12:00+00:00,108.421875,108.4296875,108.4140625,108.4140625,852.0
2025-05-02 19:13:00+00:00,108.421875,108.421875,108.4140625,108.421875,1437.0
2025-05-02 19:14:00+00:00,108.421875,108.4296875,108.421875,108.421875,2843.0
2025-05-02 19:15:00+00:00,108.4140625,108.421875,108.4140625,108.4140625,1551.0
2025-05-02 19:16:00+00:00,108.4140625,108.421875,108.40625,108.421875,1538.0
2025-05-02 19:17:00+00:00,108.4140625,108.4140625,108.4140625,108.4140625,1.0
2025-05-02 19:18:00+00:00,108.4140625,108.4140625,108.4140625,108.4140625,6.0
2025-05-02 19:19:00+00:00,108.40625,108.421875,108.40625,108.4140625,3342.0
2025-05-02 19:20:00+00:00,108.4140625,108.4140625,108.3984375,108.3984375,2177.0
2025-05-02 19:21:00+00:00,108.4140625,108.4140625,108.40625,108.40625,512.0
2025-05-02 19:22:00+00:00,108.40625,108.4140625,108.40625,108.40625,666.0
2025-05-02 19:23:00+00:00,108.40625,108.4140625,108.40625,108.40625,615.0
2025-05-02 19:24:00+00:00,108.4140625,108.4140625,108.40625,108.4140625,129.0
2025-05-02 19:25:00+00:00,108.40625,108.40625,108.40625,108.40625,415.0
2025-05-02 19:26:00+00:00,108.40625,108.40625,108.40625,108.40625,259.0
2025-05-02 19:27:00+00:00,108.40625,108.4140625,108.40625,108.4140625,301.0
2025-05-02 19:28:00+00:00,108.40625,108.4140625,108.40625,108.4140625,1567.0
2025-05-02 19:29:00+00:00,108.40625,108.40625,108.40625,108.40625,362.0
2025-05-02 19:30:00+00:00,108.4140625,108.4140625,108.40625,108.40625,756.0
2025-05-02 19:31:00+00:00,108.4140625,108.4140625,108.40625,108.4140625,683.0
2025-05-02 19:32:00+00:00,108.4296875,108.4296875,108.4140625,108.4140625,1009.0
2025-05-02 19:33:00+00:00,108.421875,108.4296875,108.421875,108.4296875,648.0
2025-05-02 19:34:00+00:00,108.421875,108.4296875,108.421875,108.4296875,87.0
2025-05-02 19:35:00+00:00,108.421875,108.4296875,108.421875,108.421875,2354.0
2025-05-02 19:36:00+00:00,108.421875,108.421875,108.4140625,108.4140625,539.0
2025-05-02 19:37:00+00:00,108.4296875,108.4296875,108.4140625,108.421875,535.0
2025-05-02 19:38:00+00:00,108.4296875,108.4296875,108.421875,108.421875,253.0
2025-05-02 19:39:00+00:00,108.421875,108.421875,108.421875,108.421875,136.0
2025-05-02 19:40:00+00:00,108.4140625,108.421875,108.4140625,108.4140625,364.0
2025-05-02 19:41:00+00:00,108.421875,108.421875,108.4140625,108.4140625,522.0
2025-05-02 19:42:00+00:00,108.421875,108.421875,108.421875,108.421875,193.0
2025-05-02 19:43:00+00:00,108.421875,108.421875,108.421875,108.421875,7.0
2025-05-02 19:44:00+00:00,108.421875,108.421875,108.421875,108.421875,8.0
2025-05-02 19:45:00+00:00,108.4296875,108.4375,108.421875,108.421875,2302.0
2025-05-02 19:46:00+00:00,108.4296875,108.4375,108.421875,108.4296875,1211.0
2025-05-02 19:47:00+00:00,108.4296875,108.4296875,108.421875,108.421875,380.0
2025-05-02 19:48:00+00:00,108.4296875,108.4296875,108.421875,108.421875,223.0
2025-05-02 19:49:00+00:00,108.4375,108.4375,108.421875,108.421875,3167.0
2025-05-02 19:50:00+00:00,108.421875,108.4375,108.421875,108.4375,1631.0
2025-05-02 19:51:00+00:00,108.4296875,108.4296875,108.421875,108.421875,561.0
2025-05-02 19:52:00+00:00,108.4296875,108.4296875,108.421875,108.421875,2441.0
2025-05-02 19:53:00+00:00,108.421875,108.4296875,108.421875,108.4296875,176.0
2025-05-02 19:54:00+00:00,108.421875,108.421875,108.4140625,108.421875,3735.0
2025-05-02 19:55:00+00:00,108.421875,108.4296875,108.4140625,108.4140625,1473.0
2025-05-02 19:56:00+00:00,108.4140625,108.421875,108.4140625,108.421875,417.0
2025-05-02 19:57:00+00:00,108.4140625,108.421875,108.4140625,108.4140625,714.0
2025-05-02 19:58:00+00:00,108.421875,108.4296875,108.4140625,108.421875,1719.0
2025-05-02 19:59:00+00:00,108.4375,108.4453125,108.4140625,108.4296875,11823.0
2025-05-02 20:00:00+00:00,108.4296875,108.4375,108.4296875,108.4296875,1298.0
2025-05-02 20:01:00+00:00,108.4375,108.4453125,108.4296875,108.4296875,2677.0
2025-05-02 20:02:00+00:00,108.4453125,108.4453125,108.4375,108.4375,625.0
2025-05-02 20:03:00+00:00,108.4375,108.4453125,108.4375,108.4375,137.0
2025-05-02 20:04:00+00:00,108.4375,108.4453125,108.4375,108.4375,1437.0
2025-05-02 20:05:00+00:00,108.4375,108.4453125,108.4375,108.4453125,2439.0
2025-05-02 20:06:00+00:00,108.4375,108.4375,108.4296875,108.4375,2801.0
2025-05-02 20:07:00+00:00,108.4375,108.4375,108.4296875,108.4375,636.0
2025-05-02 20:08:00+00:00,108.4296875,108.4375,108.4296875,108.4296875,26.0
2025-05-02 20:09:00+00:00,108.4296875,108.4375,108.4296875,108.4375,3096.0
2025-05-02 20:10:00+00:00,108.4375,108.4375,108.4296875,108.4375,935.0
2025-05-02 20:11:00+00:00,108.4375,108.4375,108.4375,108.4375,5.0
2025-05-02 20:12:00+00:00,108.4453125,108.4453125,108.4375,108.4375,1131.0
2025-05-02 20:13:00+00:00,108.4453125,108.453125,108.4375,108.4375,1660.0
2025-05-02 20:14:00+00:00,108.453125,108.453125,108.4453125,108.4453125,654.0
2025-05-02 20:15:00+00:00,108.4453125,108.453125,108.4453125,108.4453125,275.0
2025-05-02 20:16:00+00:00,108.4453125,108.4453125,108.4375,108.4453125,1921.0
2025-05-02 20:17:00+00:00,108.4375,108.4453125,108.4375,108.4375,140.0
2025-05-02 20:18:00+00:00,108.4375,108.4453125,108.4375,108.4453125,252.0
2025-05-02 20:19:00+00:00,108.4375,108.4453125,108.4296875,108.4375,868.0
2025-05-02 20:20:00+00:00,108.4296875,108.4375,108.4296875,108.4375,334.0
2025-05-02 20:21:00+00:00,108.4375,108.4375,108.4296875,108.4296875,397.0
2025-05-02 20:22:00+00:00,108.4375,108.4375,108.4375,108.4375,1690.0
2025-05-02 20:23:00+00:00,108.4296875,108.4375,108.4296875,108.4375,68.0
2025-05-02 20:24:00+00:00,108.4296875,108.4296875,108.4296875,108.4296875,8.0
2025-05-02 20:25:00+00:00,108.4296875,108.4296875,108.4296875,108.4296875,490.0
2025-05-02 20:28:00+00:00,108.4375,108.4375,108.4296875,108.4296875,94.0
2025-05-02 20:29:00+00:00,108.4375,108.4375,108.4296875,108.4296875,218.0
2025-05-02 20:30:00+00:00,108.4375,108.4375,108.4296875,108.4296875,1976.0
2025-05-02 20:31:00+00:00,108.4453125,108.4453125,108.4375,108.4375,1691.0
2025-05-02 20:32:00+00:00,108.4453125,108.4453125,108.4453125,108.4453125,688.0
2025-05-02 20:33:00+00:00,108.4453125,108.4453125,108.4453125,108.4453125,1192.0
2025-05-02 20:34:00+00:00,108.4453125,108.453125,108.4453125,108.4453125,347.0
2025-05-02 20:35:00+00:00,108.4453125,108.453125,108.4453125,108.4453125,408.0
2025-05-02 20:36:00+00:00,108.453125,108.453125,108.4453125,108.4453125,26.0
2025-05-02 20:37:00+00:00,108.4453125,108.453125,108.4453125,108.4453125,1484.0
2025-05-02 20:38:00+00:00,108.4453125,108.453125,108.4453125,108.4453125,728.0
2025-05-02 20:39:00+00:00,108.4375,108.4453125,108.4375,108.4453125,890.0
2025-05-02 20:40:00+00:00,108.4375,108.4453125,108.4375,108.4375,544.0
2025-05-02 20:41:00+00:00,108.4375,108.4375,108.4375,108.4375,1013.0
2025-05-02 20:42:00+00:00,108.4375,108.4453125,108.4296875,108.4375,364.0
2025-05-02 20:43:00+00:00,108.4375,108.4375,108.4375,108.4375,248.0
2025-05-02 20:44:00+00:00,108.4296875,108.4296875,108.4296875,108.4296875,464.0
2025-05-02 20:45:00+00:00,108.4296875,108.4375,108.4296875,108.4375,200.0
2025-05-02 20:46:00+00:00,108.4296875,108.4296875,108.4296875,108.4296875,405.0
2025-05-02 20:47:00+00:00,108.4375,108.4375,108.4296875,108.4296875,758.0
2025-05-02 20:48:00+00:00,108.4296875,108.4375,108.4296875,108.4375,9.0
2025-05-02 20:49:00+00:00,108.4375,108.4375,108.4296875,108.4375,1046.0
2025-05-02 20:50:00+00:00,108.4375,108.4375,108.4375,108.4375,45.0
2025-05-02 20:52:00+00:00,108.4296875,108.4296875,108.4296875,108.4296875,12.0
2025-05-02 20:53:00+00:00,108.4296875,108.4375,108.4296875,108.4375,126.0
2025-05-02 20:54:00+00:00,108.4296875,108.4375,108.4296875,108.4296875,44.0
2025-05-02 20:55:00+00:00,108.4296875,108.4375,108.4296875,108.4296875,42.0
2025-05-02 20:56:00+00:00,108.4296875,108.4375,108.4296875,108.4375,283.0
2025-05-02 20:57:00+00:00,108.4296875,108.4296875,108.4296875,108.4296875,959.0
2025-05-02 20:58:00+00:00,108.4296875,108.4296875,108.421875,108.421875,837.0
2025-05-02 20:59:00+00:00,108.421875,108.4296875,108.359375,108.4296875,2360.0
2025-05-04 22:00:00+00:00,108.484375,108.4921875,108.421875,108.421875,0.0
2025-05-04 22:01:00+00:00,108.46875,108.4921875,108.4609375,108.484375,2929.0
2025-05-04 22:02:00+00:00,108.46875,108.4765625,108.4609375,108.4609375,409.0
2025-05-04 22:03:00+00:00,108.484375,108.4921875,108.46875,108.46875,576.0
2025-05-04 22:04:00+00:00,108.4765625,108.4765625,108.4765625,108.4765625,83.0
2025-05-04 22:05:00+00:00,108.46875,108.4765625,108.46875,108.4765625,113.0
2025-05-04 22:06:00+00:00,108.46875,108.46875,108.46875,108.46875,5.0
2025-05-04 22:07:00+00:00,108.4609375,108.46875,108.4609375,108.46875,336.0
2025-05-04 22:08:00+00:00,108.453125,108.4609375,108.453125,108.4609375,136.0
2025-05-04 22:09:00+00:00,108.4609375,108.4609375,108.453125,108.453125,221.0
2025-05-04 22:10:00+00:00,108.4609375,108.4609375,108.4609375,108.4609375,584.0
2025-05-04 22:11:00+00:00,108.4609375,108.46875,108.4609375,108.4609375,320.0
2025-05-04 22:12:00+00:00,108.46875,108.46875,108.46875,108.46875,47.0
2025-05-04 22:13:00+00:00,108.46875,108.46875,108.46875,108.46875,2.0
2025-05-04 22:14:00+00:00,108.46875,108.46875,108.46875,108.46875,42.0
2025-05-04 22:15:00+00:00,108.453125,108.46875,108.453125,108.46875,140.0
2025-05-04 22:16:00+00:00,108.4609375,108.4609375,108.4609375,108.4609375,1.0
2025-05-04 22:18:00+00:00,108.4609375,108.4609375,108.453125,108.4609375,7.0
2025-05-04 22:19:00+00:00,108.4609375,108.46875,108.453125,108.453125,3138.0
2025-05-04 22:20:00+00:00,108.4609375,108.46875,108.4609375,108.46875,17820.0
2025-05-04 22:21:00+00:00,108.4609375,108.46875,108.4609375,108.46875,311.0
2025-05-04 22:22:00+00:00,108.4609375,108.46875,108.4609375,108.46875,1011.0
2025-05-04 22:23:00+00:00,108.4609375,108.46875,108.4609375,108.46875,48.0
2025-05-04 22:24:00+00:00,108.46875,108.46875,108.4609375,108.4609375,154.0
2025-05-04 22:25:00+00:00,108.46875,108.46875,108.46875,108.46875,49.0
2025-05-04 22:26:00+00:00,108.4765625,108.4765625,108.4765625,108.4765625,12.0
2025-05-04 22:27:00+00:00,108.4609375,108.46875,108.4609375,108.46875,1026.0
2025-05-04 22:28:00+00:00,108.46875,108.46875,108.4609375,108.4609375,79.0
2025-05-04 22:29:00+00:00,108.4765625,108.4765625,108.46875,108.46875,529.0
2025-05-04 22:30:00+00:00,108.46875,108.4765625,108.46875,108.46875,192.0
2025-05-04 22:31:00+00:00,108.46875,108.46875,108.46875,108.46875,1371.0
2025-05-04 22:32:00+00:00,108.46875,108.4765625,108.4609375,108.46875,1364.0
2025-05-04 22:33:00+00:00,108.453125,108.4765625,108.453125,108.4765625,116.0
2025-05-04 22:34:00+00:00,108.453125,108.4609375,108.453125,108.4609375,13.0
2025-05-04 22:35:00+00:00,108.4609375,108.4609375,108.4609375,108.4609375,176.0
2025-05-04 22:36:00+00:00,108.46875,108.46875,108.4609375,108.4609375,303.0
2025-05-04 22:37:00+00:00,108.46875,108.46875,108.46875,108.46875,247.0
2025-05-04 22:38:00+00:00,108.46875,108.4765625,108.46875,108.46875,88.0
2025-05-04 22:40:00+00:00,108.4765625,108.4765625,108.4765625,108.4765625,347.0
2025-05-04 22:41:00+00:00,108.4765625,108.4765625,108.4765625,108.4765625,14.0
2025-05-04 22:42:00+00:00,108.4765625,108.484375,108.4765625,108.4765625,146.0
2025-05-04 22:43:00+00:00,108.4765625,108.4765625,108.4765625,108.4765625,4.0
2025-05-04 22:44:00+00:00,108.4765625,108.4765625,108.4765625,108.4765625,68.0
2025-05-04 22:45:00+00:00,108.484375,108.484375,108.484375,108.484375,7.0
2025-05-04 22:46:00+00:00,108.46875,108.4765625,108.46875,108.4765625,230.0
2025-05-04 22:47:00+00:00,108.46875,108.46875,108.46875,108.46875,59.0
2025-05-04 22:49:00+00:00,108.46875,108.46875,108.46875,108.46875,7.0
2025-05-04 22:50:00+00:00,108.4765625,108.4765625,108.4765625,108.4765625,2.0
2025-05-04 22:51:00+00:00,108.46875,108.4765625,108.4609375,108.4765625,67.0
2025-05-04 22:53:00+00:00,108.46875,108.46875,108.46875,108.46875,1.0
2025-05-04 22:54:00+00:00,108.46875,108.46875,108.46875,108.46875,4.0
2025-05-04 22:55:00+00:00,108.46875,108.46875,108.46875,108.46875,184.0
2025-05-04 22:56:00+00:00,108.4609375,108.46875,108.4609375,108.46875,6.0
2025-05-04 22:58:00+00:00,108.4609375,108.46875,108.4609375,108.46875,8.0
2025-05-04 22:59:00+00:00,108.46875,108.46875,108.46875,108.46875,72.0
2025-05-04 23:00:00+00:00,108.46875,108.46875,108.46875,108.46875,28.0
2025-05-04 23:05:00+00:00,108.4609375,108.46875,108.4609375,108.46875,10.0
2025-05-04 23:06:00+00:00,108.4609375,108.46875,108.4609375,108.46875,3.0
2025-05-04 23:08:00+00:00,108.46875,108.46875,108.46875,108.46875,191.0
2025-05-04 23:12:00+00:00,108.4609375,108.46875,108.4609375,108.46875,227.0
2025-05-04 23:13:00+00:00,108.453125,108.453125,108.453125,108.453125,13.0
2025-05-04 23:14:00+00:00,108.453125,108.453125,108.453125,108.453125,1.0
2025-05-04 23:15:00+00:00,108.4453125,108.4609375,108.4453125,108.4609375,42.0
2025-05-04 23:16:00+00:00,108.453125,108.453125,108.453125,108.453125,81.0
2025-05-04 23:17:00+00:00,108.453125,108.453125,108.4453125,108.4453125,58.0
2025-05-04 23:18:00+00:00,108.453125,108.4609375,108.453125,108.4609375,23.0
2025-05-04 23:19:00+00:00,108.4609375,108.4609375,108.453125,108.4609375,149.0
2025-05-04 23:20:00+00:00,108.4609375,108.4609375,108.4609375,108.4609375,19.0
2025-05-04 23:21:00+00:00,108.4609375,108.46875,108.4609375,108.46875,67.0
2025-05-04 23:22:00+00:00,108.4609375,108.4609375,108.4609375,108.4609375,16.0
2025-05-04 23:23:00+00:00,108.46875,108.46875,108.46875,108.46875,75.0
2025-05-04 23:24:00+00:00,108.4765625,108.4765625,108.4765625,108.4765625,6.0
2025-05-04 23:25:00+00:00,108.4765625,108.4765625,108.4765625,108.4765625,41.0
2025-05-04 23:26:00+00:00,108.4765625,108.484375,108.4765625,108.484375,70.0
2025-05-04 23:30:00+00:00,108.484375,108.484375,108.4765625,108.4765625,30.0
2025-05-04 23:31:00+00:00,108.4765625,108.484375,108.4765625,108.484375,55.0
2025-05-04 23:34:00+00:00,108.4765625,108.4765625,108.46875,108.4765625,383.0
2025-05-04 23:35:00+00:00,108.484375,108.484375,108.484375,108.484375,251.0
2025-05-04 23:37:00+00:00,108.484375,108.484375,108.484375,108.484375,123.0
2025-05-04 23:38:00+00:00,108.5,108.5,108.484375,108.484375,452.0
2025-05-04 23:39:00+00:00,108.5078125,108.5078125,108.5,108.5,467.0
2025-05-04 23:40:00+00:00,108.5078125,108.5078125,108.5078125,108.5078125,364.0
2025-05-04 23:41:00+00:00,108.515625,108.515625,108.515625,108.515625,10.0
2025-05-04 23:42:00+00:00,108.53125,108.53125,108.515625,108.515625,253.0
2025-05-04 23:43:00+00:00,108.5234375,108.53125,108.5234375,108.5234375,459.0
2025-05-04 23:44:00+00:00,108.5234375,108.5234375,108.515625,108.5234375,100.0
2025-05-04 23:45:00+00:00,108.53125,108.53125,108.5234375,108.53125,179.0
2025-05-04 23:46:00+00:00,108.53125,108.53125,108.515625,108.53125,901.0
2025-05-04 23:47:00+00:00,108.5234375,108.53125,108.5234375,108.53125,232.0
2025-05-04 23:48:00+00:00,108.5234375,108.53125,108.5234375,108.53125,19.0
2025-05-04 23:49:00+00:00,108.53125,108.53125,108.53125,108.53125,1532.0
2025-05-04 23:50:00+00:00,108.53125,108.53125,108.53125,108.53125,11.0
2025-05-04 23:51:00+00:00,108.5390625,108.5390625,108.5390625,108.5390625,163.0
2025-05-04 23:52:00+00:00,108.546875,108.546875,108.5390625,108.546875,363.0
2025-05-04 23:53:00+00:00,108.5390625,108.546875,108.5390625,108.546875,165.0
2025-05-04 23:54:00+00:00,108.53125,108.5390625,108.53125,108.5390625,221.0
2025-05-04 23:55:00+00:00,108.53125,108.53125,108.5234375,108.53125,109.0
2025-05-04 23:56:00+00:00,108.53125,108.53125,108.53125,108.53125,155.0
2025-05-04 23:57:00+00:00,108.5390625,108.5390625,108.53125,108.53125,488.0
2025-05-04 23:58:00+00:00,108.53125,108.5390625,108.53125,108.5390625,19.0
2025-05-04 23:59:00+00:00,108.53125,108.53125,108.53125,108.53125,3.0
2025-05-05 00:00:00+00:00,108.53125,108.53125,108.53125,108.53125,212.0
2025-05-05 00:01:00+00:00,108.53125,108.53125,108.53125,108.53125,187.0
2025-05-05 00:02:00+00:00,108.5390625,108.546875,108.53125,108.5390625,254.0
2025-05-05 00:03:00+00:00,108.546875,108.5546875,108.546875,108.546875,78.0
2025-05-05 00:04:00+00:00,108.546875,108.5546875,108.546875,108.546875,13.0
2025-05-05 00:05:00+00:00,108.546875,108.5546875,108.546875,108.546875,146.0
2025-05-05 00:06:00+00:00,108.546875,108.546875,108.5390625,108.5390625,39.0
2025-05-05 00:07:00+00:00,108.5390625,108.546875,108.53125,108.546875,146.0
2025-05-05 00:08:00+00:00,108.53125,108.546875,108.53125,108.5390625,72.0
2025-05-05 00:09:00+00:00,108.5390625,108.5390625,108.5390625,108.5390625,80.0
2025-05-05 00:10:00+00:00,108.5390625,108.5390625,108.5390625,108.5390625,8.0
2025-05-05 00:11:00+00:00,108.5390625,108.5390625,108.5390625,108.5390625,1.0
2025-05-05 00:12:00+00:00,108.5390625,108.546875,108.5390625,108.546875,6.0
2025-05-05 00:13:00+00:00,108.5390625,108.546875,108.5390625,108.546875,9.0
2025-05-05 00:14:00+00:00,108.5390625,108.546875,108.5390625,108.546875,404.0
2025-05-05 00:15:00+00:00,108.5390625,108.5390625,108.53125,108.5390625,216.0
2025-05-05 00:16:00+00:00,108.5390625,108.5390625,108.5234375,108.5390625,223.0
2025-05-05 00:17:00+00:00,108.5390625,108.546875,108.5390625,108.5390625,409.0
2025-05-05 00:18:00+00:00,108.5390625,108.5390625,108.53125,108.5390625,74.0
2025-05-05 00:19:00+00:00,108.546875,108.546875,108.5390625,108.5390625,656.0
2025-05-05 00:20:00+00:00,108.5390625,108.546875,108.53125,108.546875,237.0
2025-05-05 00:21:00+00:00,108.5390625,108.5390625,108.53125,108.5390625,473.0
2025-05-05 00:22:00+00:00,108.53125,108.53125,108.5234375,108.53125,184.0
2025-05-05 00:23:00+00:00,108.5234375,108.53125,108.5234375,108.53125,70.0
2025-05-05 00:24:00+00:00,108.5234375,108.5234375,108.5234375,108.5234375,51.0
2025-05-05 00:25:00+00:00,108.5234375,108.5234375,108.515625,108.5234375,32.0
2025-05-05 00:26:00+00:00,108.5234375,108.5234375,108.5234375,108.5234375,68.0
2025-05-05 00:27:00+00:00,108.5234375,108.53125,108.5234375,108.53125,11.0
2025-05-05 00:28:00+00:00,108.5234375,108.5234375,108.5234375,108.5234375,2.0
2025-05-05 00:29:00+00:00,108.5234375,108.53125,108.5234375,108.53125,6.0
2025-05-05 00:30:00+00:00,108.5234375,108.53125,108.5234375,108.53125,68.0
2025-05-05 00:31:00+00:00,108.5234375,108.53125,108.5234375,108.53125,5.0
2025-05-05 00:32:00+00:00,108.53125,108.53125,108.53125,108.53125,2.0
2025-05-05 00:34:00+00:00,108.53125,108.53125,108.53125,108.53125,1.0
2025-05-05 00:35:00+00:00,108.515625,108.53125,108.515625,108.53125,317.0
2025-05-05 00:36:00+00:00,108.5234375,108.5234375,108.5234375,108.5234375,60.0
2025-05-05 00:37:00+00:00,108.5234375,108.5234375,108.5234375,108.5234375,44.0
2025-05-05 00:38:00+00:00,108.515625,108.5234375,108.515625,108.5234375,32.0
2025-05-05 00:39:00+00:00,108.5234375,108.5234375,108.5234375,108.5234375,97.0
2025-05-05 00:40:00+00:00,108.5234375,108.5234375,108.515625,108.5234375,5.0
2025-05-05 00:41:00+00:00,108.515625,108.5234375,108.515625,108.5234375,26.0
2025-05-05 00:42:00+00:00,108.5234375,108.5234375,108.515625,108.5234375,134.0
2025-05-05 00:43:00+00:00,108.515625,108.5234375,108.515625,108.5234375,37.0
2025-05-05 00:44:00+00:00,108.515625,108.515625,108.515625,108.515625,3.0
2025-05-05 00:45:00+00:00,108.5234375,108.5234375,108.5234375,108.5234375,232.0
2025-05-05 00:46:00+00:00,108.515625,108.5234375,108.515625,108.5234375,4.0
2025-05-05 00:47:00+00:00,108.5234375,108.5234375,108.5234375,108.5234375,1.0
2025-05-05 00:48:00+00:00,108.5234375,108.5234375,108.5234375,108.5234375,116.0
2025-05-05 00:49:00+00:00,108.5234375,108.5234375,108.5234375,108.5234375,221.0
2025-05-05 00:50:00+00:00,108.5234375,108.5234375,108.5234375,108.5234375,8.0
2025-05-05 00:51:00+00:00,108.5234375,108.53125,108.5234375,108.53125,55.0
2025-05-05 00:53:00+00:00,108.53125,108.53125,108.5234375,108.5234375,3.0
2025-05-05 00:57:00+00:00,108.53125,108.53125,108.53125,108.53125,115.0
2025-05-05 00:58:00+00:00,108.5234375,108.53125,108.5234375,108.53125,38.0
2025-05-05 00:59:00+00:00,108.5234375,108.5234375,108.5234375,108.5234375,53.0
2025-05-05 01:00:00+00:00,108.5234375,108.5234375,108.5234375,108.5234375,90.0
2025-05-05 01:01:00+00:00,108.5234375,108.5234375,108.5234375,108.5234375,64.0
2025-05-05 01:02:00+00:00,108.5234375,108.5234375,108.5234375,108.5234375,36.0
2025-05-05 01:08:00+00:00,108.515625,108.5234375,108.515625,108.5234375,3.0
2025-05-05 01:09:00+00:00,108.515625,108.5234375,108.5078125,108.5234375,2715.0
2025-05-05 01:11:00+00:00,108.5078125,108.5078125,108.5078125,108.5078125,198.0
2025-05-05 01:12:00+00:00,108.5078125,108.515625,108.5078125,108.515625,308.0
2025-05-05 01:13:00+00:00,108.5,108.5078125,108.5,108.5078125,387.0
2025-05-05 01:14:00+00:00,108.5,108.5,108.5,108.5,64.0
2025-05-05 01:15:00+00:00,108.5,108.5,108.5,108.5,437.0
2025-05-05 01:16:00+00:00,108.4921875,108.5,108.4921875,108.5,33.0
2025-05-05 01:18:00+00:00,108.4921875,108.4921875,108.4921875,108.4921875,61.0
2025-05-05 01:19:00+00:00,108.4921875,108.5,108.4921875,108.4921875,4.0
2025-05-05 01:20:00+00:00,108.5,108.5,108.5,108.5,4.0
2025-05-05 01:21:00+00:00,108.5,108.5,108.5,108.5,2.0
2025-05-05 01:22:00+00:00,108.4921875,108.5,108.4921875,108.5,324.0
2025-05-05 01:23:00+00:00,108.4921875,108.4921875,108.484375,108.4921875,876.0
2025-05-05 01:24:00+00:00,108.4921875,108.4921875,108.4921875,108.4921875,8.0
2025-05-05 01:25:00+00:00,108.4921875,108.4921875,108.484375,108.4921875,201.0
2025-05-05 01:26:00+00:00,108.4921875,108.4921875,108.4921875,108.4921875,22.0
2025-05-05 01:27:00+00:00,108.484375,108.4921875,108.484375,108.4921875,135.0
2025-05-05 01:28:00+00:00,108.484375,108.484375,108.484375,108.484375,22.0
2025-05-05 01:29:00+00:00,108.484375,108.484375,108.484375,108.484375,11.0
2025-05-05 01:30:00+00:00,108.484375,108.484375,108.484375,108.484375,8.0
2025-05-05 01:31:00+00:00,108.46875,108.4765625,108.46875,108.4765625,519.0
2025-05-05 01:32:00+00:00,108.4765625,108.4765625,108.4765625,108.4765625,22.0
2025-05-05 01:34:00+00:00,108.4765625,108.4765625,108.4765625,108.4765625,26.0
2025-05-05 01:35:00+00:00,108.4765625,108.4765625,108.4765625,108.4765625,84.0
2025-05-05 01:36:00+00:00,108.4765625,108.4765625,108.4765625,108.4765625,622.0
2025-05-05 01:38:00+00:00,108.4609375,108.46875,108.4609375,108.46875,1114.0
2025-05-05 01:39:00+00:00,108.46875,108.46875,108.46875,108.46875,664.0
2025-05-05 01:40:00+00:00,108.4765625,108.4765625,108.4609375,108.46875,90.0
2025-05-05 01:41:00+00:00,108.4765625,108.4765625,108.46875,108.4765625,175.0
2025-05-05 01:42:00+00:00,108.4765625,108.4765625,108.46875,108.4765625,33.0
2025-05-05 01:43:00+00:00,108.46875,108.4765625,108.46875,108.4765625,77.0
2025-05-05 01:44:00+00:00,108.4609375,108.4609375,108.4609375,108.4609375,85.0
2025-05-05 01:45:00+00:00,108.4453125,108.453125,108.4453125,108.453125,324.0
2025-05-05 01:46:00+00:00,108.453125,108.453125,108.453125,108.453125,122.0
2025-05-05 01:47:00+00:00,108.453125,108.453125,108.453125,108.453125,59.0
2025-05-05 01:48:00+00:00,108.453125,108.453125,108.453125,108.453125,69.0
2025-05-05 01:50:00+00:00,108.4609375,108.4609375,108.4609375,108.4609375,82.0
2025-05-05 01:53:00+00:00,108.4609375,108.4609375,108.4609375,108.4609375,187.0
2025-05-05 01:54:00+00:00,108.4609375,108.4609375,108.4609375,108.4609375,33.0
2025-05-05 01:55:00+00:00,108.4609375,108.4609375,108.4609375,108.4609375,46.0
2025-05-05 01:56:00+00:00,108.4609375,108.4609375,108.4609375,108.4609375,2.0
2025-05-05 01:57:00+00:00,108.4453125,108.453125,108.4453125,108.453125,85.0
2025-05-05 01:58:00+00:00,108.453125,108.453125,108.4453125,108.4453125,102.0
2025-05-05 02:00:00+00:00,108.4453125,108.453125,108.4375,108.4453125,468.0
2025-05-05 02:01:00+00:00,108.4453125,108.4453125,108.4375,108.4375,363.0
2025-05-05 02:03:00+00:00,108.4453125,108.4453125,108.4453125,108.4453125,9.0
2025-05-05 02:04:00+00:00,108.4453125,108.4453125,108.4453125,108.4453125,2.0
2025-05-05 02:05:00+00:00,108.4453125,108.4453125,108.4453125,108.4453125,258.0
2025-05-05 02:07:00+00:00,108.4453125,108.4453125,108.4453125,108.4453125,100.0
2025-05-05 02:08:00+00:00,108.453125,108.453125,108.453125,108.453125,149.0
2025-05-05 02:09:00+00:00,108.4609375,108.4609375,108.453125,108.453125,30.0
2025-05-05 02:10:00+00:00,108.4609375,108.4609375,108.4609375,108.4609375,124.0
2025-05-05 02:11:00+00:00,108.4609375,108.4609375,108.4609375,108.4609375,98.0
2025-05-05 02:12:00+00:00,108.46875,108.46875,108.4609375,108.4609375,6.0
2025-05-05 02:13:00+00:00,108.4609375,108.46875,108.4609375,108.46875,144.0
2025-05-05 02:15:00+00:00,108.4609375,108.4609375,108.4609375,108.4609375,20.0
2025-05-05 02:18:00+00:00,108.453125,108.4609375,108.453125,108.4609375,22.0
2025-05-05 02:19:00+00:00,108.453125,108.453125,108.453125,108.453125,5.0
2025-05-05 02:20:00+00:00,108.453125,108.453125,108.453125,108.453125,198.0
2025-05-05 02:21:00+00:00,108.453125,108.453125,108.453125,108.453125,74.0
2025-05-05 02:22:00+00:00,108.453125,108.453125,108.453125,108.453125,8.0
2025-05-05 02:23:00+00:00,108.453125,108.453125,108.453125,108.453125,37.0
2025-05-05 02:24:00+00:00,108.453125,108.453125,108.453125,108.453125,63.0
2025-05-05 02:25:00+00:00,108.4609375,108.4609375,108.453125,108.453125,10.0
2025-05-05 02:27:00+00:00,108.4453125,108.4453125,108.4453125,108.4453125,13.0
2025-05-05 02:29:00+00:00,108.4453125,108.453125,108.4453125,108.453125,73.0
2025-05-05 02:30:00+00:00,108.453125,108.453125,108.4453125,108.4453125,89.0
2025-05-05 02:31:00+00:00,108.4609375,108.4609375,108.453125,108.453125,28.0
2025-05-05 02:33:00+00:00,108.4609375,108.4609375,108.4609375,108.4609375,50.0
2025-05-05 02:34:00+00:00,108.4765625,108.4765625,108.46875,108.46875,927.0
2025-05-05 02:35:00+00:00,108.4765625,108.4765625,108.4765625,108.4765625,172.0
2025-05-05 02:36:00+00:00,108.46875,108.4765625,108.46875,108.4765625,46.0
2025-05-05 02:37:00+00:00,108.4765625,108.4765625,108.46875,108.46875,113.0
2025-05-05 02:39:00+00:00,108.4765625,108.4765625,108.46875,108.46875,88.0
2025-05-05 02:40:00+00:00,108.4765625,108.4765625,108.4765625,108.4765625,818.0
2025-05-05 02:41:00+00:00,108.4765625,108.484375,108.4765625,108.4765625,446.0
2025-05-05 02:42:00+00:00,108.4765625,108.4765625,108.4765625,108.4765625,319.0
2025-05-05 02:43:00+00:00,108.4765625,108.4765625,108.4765625,108.4765625,25.0
2025-05-05 02:47:00+00:00,108.46875,108.46875,108.46875,108.46875,111.0
2025-05-05 02:50:00+00:00,108.46875,108.46875,108.46875,108.46875,12.0
2025-05-05 02:51:00+00:00,108.46875,108.46875,108.46875,108.46875,11.0
2025-05-05 02:52:00+00:00,108.484375,108.484375,108.4765625,108.4765625,360.0
2025-05-05 02:53:00+00:00,108.4765625,108.4765625,108.4765625,108.4765625,17.0
2025-05-05 02:56:00+00:00,108.484375,108.484375,108.484375,108.484375,227.0
2025-05-05 02:57:00+00:00,108.484375,108.484375,108.484375,108.484375,20.0
2025-05-05 02:58:00+00:00,108.484375,108.484375,108.484375,108.484375,5.0
2025-05-05 03:00:00+00:00,108.4765625,108.484375,108.4765625,108.484375,63.0
2025-05-05 03:02:00+00:00,108.4765625,108.4765625,108.4765625,108.4765625,5.0
2025-05-05 03:03:00+00:00,108.4765625,108.4765625,108.4765625,108.4765625,99.0
2025-05-05 03:04:00+00:00,108.4765625,108.4765625,108.4765625,108.4765625,29.0
2025-05-05 03:05:00+00:00,108.4765625,108.4765625,108.4765625,108.4765625,167.0
2025-05-05 03:09:00+00:00,108.46875,108.4765625,108.46875,108.46875,35.0
2025-05-05 03:10:00+00:00,108.46875,108.46875,108.4609375,108.4609375,110.0
2025-05-05 03:11:00+00:00,108.46875,108.46875,108.4609375,108.46875,66.0
2025-05-05 03:13:00+00:00,108.46875,108.46875,108.46875,108.46875,6.0
2025-05-05 03:14:00+00:00,108.46875,108.4765625,108.46875,108.46875,9.0
2025-05-05 03:17:00+00:00,108.4765625,108.4765625,108.4765625,108.4765625,74.0
2025-05-05 03:19:00+00:00,108.46875,108.4765625,108.46875,108.4765625,42.0
2025-05-05 03:20:00+00:00,108.46875,108.4765625,108.46875,108.46875,97.0
2025-05-05 03:23:00+00:00,108.4765625,108.4765625,108.4765625,108.4765625,33.0
2025-05-05 03:24:00+00:00,108.4765625,108.4765625,108.4765625,108.4765625,27.0
2025-05-05 03:27:00+00:00,108.4765625,108.4765625,108.4765625,108.4765625,31.0
2025-05-05 03:30:00+00:00,108.46875,108.46875,108.46875,108.46875,68.0
2025-05-05 03:33:00+00:00,108.4609375,108.46875,108.4609375,108.46875,20.0
2025-05-05 03:34:00+00:00,108.4609375,108.4609375,108.4609375,108.4609375,3.0
2025-05-05 03:35:00+00:00,108.4609375,108.4609375,108.4609375,108.4609375,6.0
2025-05-05 03:36:00+00:00,108.4609375,108.46875,108.4609375,108.4609375,248.0
2025-05-05 03:37:00+00:00,108.4609375,108.4609375,108.4609375,108.4609375,37.0
2025-05-05 03:38:00+00:00,108.4609375,108.4609375,108.4609375,108.4609375,14.0
2025-05-05 03:40:00+00:00,108.453125,108.453125,108.453125,108.453125,123.0
2025-05-05 03:46:00+00:00,108.4609375,108.4609375,108.4609375,108.4609375,93.0
2025-05-05 03:47:00+00:00,108.4609375,108.4609375,108.4609375,108.4609375,9.0
2025-05-05 03:51:00+00:00,108.4609375,108.4609375,108.453125,108.4609375,69.0
2025-05-05 03:52:00+00:00,108.4609375,108.4609375,108.4609375,108.4609375,35.0
2025-05-05 03:54:00+00:00,108.4609375,108.4609375,108.4609375,108.4609375,5.0
2025-05-05 03:55:00+00:00,108.4609375,108.4609375,108.4609375,108.4609375,4.0
2025-05-05 03:56:00+00:00,108.453125,108.453125,108.453125,108.453125,406.0
2025-05-05 04:03:00+00:00,108.4609375,108.4609375,108.453125,108.453125,55.0
2025-05-05 04:04:00+00:00,108.453125,108.4609375,108.453125,108.4609375,8.0
2025-05-05 04:06:00+00:00,108.4609375,108.4609375,108.4609375,108.4609375,41.0
2025-05-05 04:07:00+00:00,108.4609375,108.4609375,108.4609375,108.4609375,30.0
2025-05-05 04:08:00+00:00,108.4609375,108.4609375,108.4609375,108.4609375,7.0
2025-05-05 04:09:00+00:00,108.4765625,108.4765625,108.46875,108.46875,22.0
2025-05-05 04:12:00+00:00,108.46875,108.46875,108.46875,108.46875,48.0
2025-05-05 04:13:00+00:00,108.4609375,108.46875,108.4609375,108.46875,26.0
2025-05-05 04:16:00+00:00,108.4609375,108.4609375,108.4609375,108.4609375,23.0
2025-05-05 04:17:00+00:00,108.4609375,108.4609375,108.4609375,108.4609375,40.0
2025-05-05 04:20:00+00:00,108.4609375,108.4609375,108.4609375,108.4609375,43.0
2025-05-05 04:21:00+00:00,108.46875,108.46875,108.4609375,108.4609375,812.0
2025-05-05 04:22:00+00:00,108.46875,108.46875,108.46875,108.46875,18.0
2025-05-05 04:23:00+00:00,108.4765625,108.4765625,108.4765625,108.4765625,294.0
2025-05-05 04:24:00+00:00,108.4765625,108.4765625,108.4765625,108.4765625,1.0
2025-05-05 04:25:00+00:00,108.4765625,108.4765625,108.4765625,108.4765625,13.0
2025-05-05 04:30:00+00:00,108.4765625,108.4765625,108.4765625,108.4765625,328.0
2025-05-05 04:35:00+00:00,108.46875,108.46875,108.46875,108.46875,155.0
2025-05-05 04:36:00+00:00,108.46875,108.46875,108.46875,108.46875,69.0
2025-05-05 04:37:00+00:00,108.46875,108.46875,108.46875,108.46875,214.0
2025-05-05 04:38:00+00:00,108.46875,108.46875,108.46875,108.46875,19.0
2025-05-05 04:40:00+00:00,108.4609375,108.46875,108.4609375,108.46875,31.0
2025-05-05 04:41:00+00:00,108.46875,108.46875,108.46875,108.46875,10.0
2025-05-05 04:42:00+00:00,108.46875,108.46875,108.46875,108.46875,50.0
2025-05-05 04:43:00+00:00,108.46875,108.4765625,108.46875,108.4765625,8.0
2025-05-05 04:46:00+00:00,108.4765625,108.484375,108.4765625,108.4765625,45.0
2025-05-05 04:49:00+00:00,108.484375,108.484375,108.484375,108.484375,182.0
2025-05-05 04:50:00+00:00,108.484375,108.484375,108.484375,108.484375,3.0
2025-05-05 04:52:00+00:00,108.4765625,108.4765625,108.4765625,108.4765625,7.0
2025-05-05 04:53:00+00:00,108.484375,108.484375,108.484375,108.484375,87.0
2025-05-05 04:58:00+00:00,108.484375,108.484375,108.484375,108.484375,9.0
2025-05-05 05:00:00+00:00,108.4765625,108.4765625,108.4765625,108.4765625,87.0
2025-05-05 05:01:00+00:00,108.46875,108.4765625,108.46875,108.4765625,70.0
2025-05-05 05:02:00+00:00,108.4765625,108.4765625,108.4765625,108.4765625,47.0
2025-05-05 05:05:00+00:00,108.484375,108.484375,108.4765625,108.4765625,44.0
2025-05-05 05:06:00+00:00,108.4765625,108.4765625,108.4765625,108.4765625,101.0
2025-05-05 05:08:00+00:00,108.4765625,108.4765625,108.4765625,108.4765625,23.0
2025-05-05 05:09:00+00:00,108.484375,108.484375,108.484375,108.484375,33.0
2025-05-05 05:10:00+00:00,108.484375,108.484375,108.484375,108.484375,35.0
2025-05-05 05:11:00+00:00,108.484375,108.484375,108.484375,108.484375,26.0
2025-05-05 05:12:00+00:00,108.4765625,108.4765625,108.4765625,108.4765625,36.0
2025-05-05 05:18:00+00:00,108.46875,108.4765625,108.46875,108.4765625,14.0
2025-05-05 05:19:00+00:00,108.4765625,108.4765625,108.4765625,108.4765625,176.0
2025-05-05 05:20:00+00:00,108.4765625,108.4765625,108.4765625,108.4765625,8.0
2025-05-05 05:22:00+00:00,108.4765625,108.4765625,108.4765625,108.4765625,69.0
2025-05-05 05:23:00+00:00,108.4765625,108.484375,108.4765625,108.4765625,584.0
2025-05-05 05:25:00+00:00,108.484375,108.484375,108.484375,108.484375,49.0
2025-05-05 05:26:00+00:00,108.4765625,108.4765625,108.46875,108.4765625,50.0
2025-05-05 05:32:00+00:00,108.4765625,108.4765625,108.46875,108.4765625,120.0
2025-05-05 05:33:00+00:00,108.4765625,108.4765625,108.4765625,108.4765625,15.0
2025-05-05 05:34:00+00:00,108.4765625,108.4765625,108.4765625,108.4765625,37.0
2025-05-05 05:36:00+00:00,108.4765625,108.484375,108.4765625,108.4765625,63.0
2025-05-05 05:42:00+00:00,108.484375,108.484375,108.4765625,108.484375,104.0
2025-05-05 05:44:00+00:00,108.4765625,108.484375,108.4765625,108.4765625,303.0
2025-05-05 05:52:00+00:00,108.484375,108.484375,108.4765625,108.4765625,408.0
2025-05-05 05:53:00+00:00,108.484375,108.484375,108.46875,108.4765625,31.0
2025-05-05 05:55:00+00:00,108.4765625,108.4765625,108.4765625,108.4765625,10.0
2025-05-05 05:56:00+00:00,108.4765625,108.4765625,108.4765625,108.4765625,39.0
2025-05-05 05:59:00+00:00,108.46875,108.46875,108.46875,108.46875,204.0
2025-05-05 06:00:00+00:00,108.4375,108.4609375,108.421875,108.4609375,1240.0
2025-05-05 06:01:00+00:00,108.453125,108.453125,108.4453125,108.4453125,362.0
2025-05-05 06:02:00+00:00,108.453125,108.453125,108.453125,108.453125,246.0
2025-05-05 06:03:00+00:00,108.453125,108.4609375,108.453125,108.4609375,72.0
2025-05-05 06:04:00+00:00,108.453125,108.453125,108.453125,108.453125,79.0
2025-05-05 06:05:00+00:00,108.4609375,108.4609375,108.453125,108.453125,108.0
2025-05-05 06:06:00+00:00,108.4609375,108.46875,108.4609375,108.4609375,208.0
2025-05-05 06:07:00+00:00,108.46875,108.46875,108.46875,108.46875,100.0
2025-05-05 06:08:00+00:00,108.4609375,108.46875,108.4609375,108.46875,77.0
2025-05-05 06:09:00+00:00,108.4609375,108.46875,108.4609375,108.46875,17.0
2025-05-05 06:10:00+00:00,108.4609375,108.46875,108.4609375,108.4609375,174.0
2025-05-05 06:11:00+00:00,108.4609375,108.46875,108.4609375,108.46875,45.0
2025-05-05 06:12:00+00:00,108.4609375,108.4609375,108.453125,108.4609375,237.0
2025-05-05 06:13:00+00:00,108.4609375,108.4609375,108.453125,108.453125,183.0
2025-05-05 06:15:00+00:00,108.46875,108.46875,108.4609375,108.4609375,63.0
2025-05-05 06:17:00+00:00,108.4609375,108.4609375,108.4609375,108.4609375,78.0
2025-05-05 06:20:00+00:00,108.453125,108.4609375,108.453125,108.4609375,68.0
2025-05-05 06:21:00+00:00,108.4609375,108.4609375,108.4609375,108.4609375,173.0
2025-05-05 06:22:00+00:00,108.4609375,108.4609375,108.4609375,108.4609375,169.0
2025-05-05 06:23:00+00:00,108.4609375,108.4609375,108.4609375,108.4609375,48.0
2025-05-05 06:24:00+00:00,108.4765625,108.4765625,108.46875,108.46875,96.0
2025-05-05 06:26:00+00:00,108.484375,108.484375,108.46875,108.46875,1773.0
2025-05-05 06:27:00+00:00,108.46875,108.484375,108.46875,108.484375,465.0
2025-05-05 06:28:00+00:00,108.4765625,108.4765625,108.46875,108.46875,1526.0
2025-05-05 06:29:00+00:00,108.4375,108.4765625,108.4375,108.4765625,2460.0
2025-05-05 06:30:00+00:00,108.4453125,108.4453125,108.4375,108.4375,2939.0
2025-05-05 06:31:00+00:00,108.4453125,108.453125,108.4453125,108.4453125,23.0
2025-05-05 06:32:00+00:00,108.4375,108.453125,108.4375,108.4453125,154.0
2025-05-05 06:33:00+00:00,108.4296875,108.4375,108.4296875,108.4375,51.0
2025-05-05 06:34:00+00:00,108.4296875,108.4296875,108.421875,108.4296875,418.0
2025-05-05 06:37:00+00:00,108.4375,108.4375,108.4296875,108.4296875,219.0
2025-05-05 06:38:00+00:00,108.4375,108.4453125,108.4375,108.4375,798.0
2025-05-05 06:39:00+00:00,108.4375,108.4375,108.4375,108.4375,363.0
2025-05-05 06:40:00+00:00,108.4453125,108.4453125,108.4453125,108.4453125,271.0
2025-05-05 06:42:00+00:00,108.4453125,108.4453125,108.4453125,108.4453125,171.0
2025-05-05 06:43:00+00:00,108.453125,108.453125,108.453125,108.453125,4.0
2025-05-05 06:44:00+00:00,108.46875,108.46875,108.453125,108.453125,87.0
2025-05-05 06:45:00+00:00,108.4765625,108.484375,108.46875,108.46875,409.0
2025-05-05 06:46:00+00:00,108.4765625,108.4765625,108.4765625,108.4765625,166.0
2025-05-05 06:47:00+00:00,108.4765625,108.4765625,108.4765625,108.4765625,35.0
2025-05-05 06:48:00+00:00,108.484375,108.484375,108.484375,108.484375,55.0
2025-05-05 06:49:00+00:00,108.484375,108.484375,108.484375,108.484375,294.0
2025-05-05 06:50:00+00:00,108.4765625,108.484375,108.4765625,108.484375,273.0
2025-05-05 06:54:00+00:00,108.4765625,108.4765625,108.4765625,108.4765625,50.0
2025-05-05 06:56:00+00:00,108.484375,108.484375,108.484375,108.484375,57.0
2025-05-05 06:58:00+00:00,108.4765625,108.4765625,108.4765625,108.4765625,267.0
2025-05-05 06:59:00+00:00,108.46875,108.46875,108.46875,108.46875,195.0
2025-05-05 07:00:00+00:00,108.4609375,108.4609375,108.4609375,108.4609375,246.0
2025-05-05 07:01:00+00:00,108.4609375,108.4609375,108.453125,108.4609375,84.0
2025-05-05 07:02:00+00:00,108.4609375,108.4609375,108.4609375,108.4609375,147.0
2025-05-05 07:04:00+00:00,108.4453125,108.453125,108.4453125,108.453125,335.0
2025-05-05 07:05:00+00:00,108.4296875,108.4375,108.4296875,108.4375,56.0
2025-05-05 07:06:00+00:00,108.4375,108.4375,108.4296875,108.4375,434.0
2025-05-05 07:07:00+00:00,108.4296875,108.4375,108.4296875,108.4375,212.0
2025-05-05 07:08:00+00:00,108.4375,108.4375,108.4375,108.4375,126.0
2025-05-05 07:09:00+00:00,108.4296875,108.4375,108.4296875,108.4375,10.0
2025-05-05 07:10:00+00:00,108.4375,108.4375,108.4296875,108.4296875,191.0
2025-05-05 07:11:00+00:00,108.4375,108.4375,108.4375,108.4375,27.0
2025-05-05 07:12:00+00:00,108.4296875,108.4296875,108.4296875,108.4296875,131.0
2025-05-05 07:13:00+00:00,108.4375,108.4375,108.4296875,108.4296875,18.0
2025-05-05 07:14:00+00:00,108.4375,108.4375,108.4375,108.4375,1.0
2025-05-05 07:15:00+00:00,108.4453125,108.4453125,108.4375,108.4375,696.0
2025-05-05 07:16:00+00:00,108.4609375,108.4609375,108.453125,108.453125,355.0
2025-05-05 07:17:00+00:00,108.453125,108.4609375,108.453125,108.4609375,200.0
2025-05-05 07:18:00+00:00,108.4453125,108.4453125,108.4453125,108.4453125,93.0
2025-05-05 07:19:00+00:00,108.4453125,108.4453125,108.4453125,108.4453125,213.0
2025-05-05 07:20:00+00:00,108.4375,108.4375,108.4375,108.4375,113.0
2025-05-05 07:21:00+00:00,108.4375,108.4453125,108.4375,108.4375,440.0
2025-05-05 07:22:00+00:00,108.4296875,108.4375,108.4296875,108.4375,276.0
2025-05-05 07:23:00+00:00,108.4296875,108.4296875,108.4296875,108.4296875,45.0
2025-05-05 07:24:00+00:00,108.4296875,108.4296875,108.421875,108.421875,9.0
2025-05-05 07:25:00+00:00,108.4296875,108.4296875,108.4296875,108.4296875,329.0
2025-05-05 07:26:00+00:00,108.4296875,108.4296875,108.4296875,108.4296875,88.0
2025-05-05 07:27:00+00:00,108.4375,108.4375,108.4296875,108.4296875,46.0
2025-05-05 07:29:00+00:00,108.4375,108.4375,108.4296875,108.4296875,66.0
2025-05-05 07:30:00+00:00,108.4375,108.4375,108.4375,108.4375,184.0
2025-05-05 07:32:00+00:00,108.4375,108.4375,108.4375,108.4375,40.0
2025-05-05 07:34:00+00:00,108.4375,108.4375,108.4375,108.4375,3.0
2025-05-05 07:35:00+00:00,108.4375,108.4375,108.4296875,108.4375,73.0
2025-05-05 07:36:00+00:00,108.4453125,108.4453125,108.4375,108.4375,106.0
2025-05-05 07:37:00+00:00,108.4375,108.4375,108.4296875,108.4375,101.0
2025-05-05 07:38:00+00:00,108.4375,108.4375,108.4375,108.4375,28.0
2025-05-05 07:39:00+00:00,108.4453125,108.4453125,108.4375,108.4375,32.0
2025-05-05 07:40:00+00:00,108.4453125,108.4453125,108.4375,108.4453125,18.0
2025-05-05 07:41:00+00:00,108.4453125,108.4453125,108.4375,108.4375,60.0
2025-05-05 07:42:00+00:00,108.4375,108.4375,108.4296875,108.4375,174.0
2025-05-05 07:43:00+00:00,108.4375,108.4453125,108.4296875,108.4296875,296.0
2025-05-05 07:44:00+00:00,108.4453125,108.4453125,108.4375,108.4375,126.0
2025-05-05 07:45:00+00:00,108.4453125,108.4453125,108.4453125,108.4453125,135.0
2025-05-05 07:46:00+00:00,108.4453125,108.4453125,108.4453125,108.4453125,192.0
2025-05-05 07:47:00+00:00,108.453125,108.453125,108.4453125,108.4453125,16.0
2025-05-05 07:48:00+00:00,108.453125,108.453125,108.4453125,108.4453125,560.0
2025-05-05 07:49:00+00:00,108.453125,108.453125,108.4453125,108.4453125,315.0
2025-05-05 07:50:00+00:00,108.46875,108.46875,108.4453125,108.4453125,1740.0
2025-05-05 07:51:00+00:00,108.4765625,108.4765625,108.46875,108.4765625,27.0
2025-05-05 07:52:00+00:00,108.46875,108.4765625,108.4609375,108.4765625,913.0
2025-05-05 07:53:00+00:00,108.46875,108.46875,108.46875,108.46875,1093.0
2025-05-05 07:54:00+00:00,108.4765625,108.4765625,108.4765625,108.4765625,90.0
2025-05-05 07:57:00+00:00,108.46875,108.4765625,108.46875,108.4765625,531.0
2025-05-05 07:58:00+00:00,108.4765625,108.4765625,108.4765625,108.4765625,9.0
2025-05-05 08:00:00+00:00,108.4609375,108.4765625,108.4609375,108.46875,769.0
2025-05-05 08:01:00+00:00,108.4609375,108.4609375,108.453125,108.453125,155.0
2025-05-05 08:02:00+00:00,108.46875,108.46875,108.4609375,108.4609375,164.0
2025-05-05 08:03:00+00:00,108.4453125,108.4609375,108.4453125,108.4609375,668.0
2025-05-05 08:04:00+00:00,108.4375,108.4453125,108.4375,108.4453125,401.0
2025-05-05 08:05:00+00:00,108.4375,108.4453125,108.4375,108.4375,507.0
2025-05-05 08:06:00+00:00,108.4453125,108.4453125,108.4375,108.4375,354.0
2025-05-05 08:07:00+00:00,108.4453125,108.4453125,108.4453125,108.4453125,3.0
2025-05-05 08:08:00+00:00,108.4375,108.4453125,108.4375,108.4453125,54.0
2025-05-05 08:09:00+00:00,108.4375,108.4375,108.4296875,108.4375,215.0
2025-05-05 08:18:00+00:00,108.4609375,108.46099853515625,108.453125,108.46099853515625,715.0
2025-05-05 08:21:00+00:00,108.453125,108.453125,108.453125,108.453125,53.0
2025-05-05 08:22:00+00:00,108.4453125,108.453125,108.4453125,108.453125,19.0
2025-05-05 08:23:00+00:00,108.4453125,108.4453125,108.4453125,108.4453125,62.0
2025-05-05 08:24:00+00:00,108.4453125,108.4453125,108.4453125,108.4453125,82.0
2025-05-05 08:25:00+00:00,108.4453125,108.4453125,108.4453125,108.4453125,225.0
2025-05-05 08:26:00+00:00,108.453125,108.453125,108.4453125,108.4453125,47.0
2025-05-05 08:27:00+00:00,108.4453125,108.4453125,108.4453125,108.4453125,347.0
2025-05-05 08:28:00+00:00,108.4609375,108.4609375,108.4453125,108.4453125,559.0
2025-05-05 08:29:00+00:00,108.46875,108.46875,108.4609375,108.4609375,176.0
2025-05-05 08:30:00+00:00,108.46875,108.4765625,108.46875,108.4765625,99.0
2025-05-05 08:31:00+00:00,108.46875,108.46875,108.4609375,108.46875,234.0
2025-05-05 08:33:00+00:00,108.4609375,108.46875,108.4609375,108.46875,89.0
2025-05-05 08:35:00+00:00,108.46875,108.46875,108.46875,108.46875,17.0
2025-05-05 08:36:00+00:00,108.484375,108.484375,108.46875,108.46875,422.0
2025-05-05 08:37:00+00:00,108.484375,108.5,108.484375,108.4921875,817.0
2025-05-05 08:38:00+00:00,108.484375,108.4921875,108.4765625,108.484375,191.0
2025-05-05 08:39:00+00:00,108.46875,108.4765625,108.46875,108.4765625,268.0
2025-05-05 08:40:00+00:00,108.4609375,108.46875,108.4609375,108.46875,246.0
2025-05-05 08:41:00+00:00,108.46875,108.46875,108.46875,108.46875,339.0
2025-05-05 08:42:00+00:00,108.484375,108.484375,108.46875,108.46875,355.0
2025-05-05 08:43:00+00:00,108.4765625,108.484375,108.4765625,108.484375,7.0
2025-05-05 08:44:00+00:00,108.484375,108.4921875,108.4765625,108.4765625,673.0
2025-05-05 08:45:00+00:00,108.484375,108.484375,108.484375,108.484375,493.0
2025-05-05 08:46:00+00:00,108.4921875,108.4921875,108.484375,108.484375,106.0
2025-05-05 08:47:00+00:00,108.4921875,108.4921875,108.4921875,108.4921875,841.0
2025-05-05 08:48:00+00:00,108.4921875,108.5,108.4921875,108.4921875,591.0
2025-05-05 08:49:00+00:00,108.5078125,108.5078125,108.5,108.5,170.0
2025-05-05 08:50:00+00:00,108.5078125,108.5078125,108.5,108.5,3.0
2025-05-05 08:51:00+00:00,108.5,108.5078125,108.5,108.5078125,272.0
2025-05-05 08:52:00+00:00,108.4921875,108.4921875,108.4921875,108.4921875,272.0
2025-05-05 08:54:00+00:00,108.4921875,108.4921875,108.4921875,108.4921875,228.0
2025-05-05 08:55:00+00:00,108.484375,108.4921875,108.484375,108.4921875,341.0
2025-05-05 08:56:00+00:00,108.4765625,108.4765625,108.4765625,108.4765625,161.0
2025-05-05 08:59:00+00:00,108.4765625,108.4765625,108.4765625,108.4765625,65.0
2025-05-05 09:00:00+00:00,108.46875,108.4765625,108.46875,108.4765625,144.0
2025-05-05 09:01:00+00:00,108.46875,108.46875,108.46875,108.46875,98.0
2025-05-05 09:02:00+00:00,108.46875,108.46875,108.46875,108.46875,221.0
2025-05-05 09:03:00+00:00,108.4765625,108.4765625,108.46875,108.46875,278.0
2025-05-05 09:07:00+00:00,108.4765625,108.4765625,108.46875,108.4765625,217.0
2025-05-05 09:08:00+00:00,108.484375,108.484375,108.4765625,108.4765625,79.0
2025-05-05 09:09:00+00:00,108.484375,108.4921875,108.484375,108.484375,184.0
2025-05-05 09:10:00+00:00,108.484375,108.484375,108.484375,108.484375,10.0
2025-05-05 09:11:00+00:00,108.4765625,108.484375,108.4765625,108.4765625,56.0
2025-05-05 09:12:00+00:00,108.46875,108.4765625,108.46875,108.4765625,2.0
2025-05-05 09:13:00+00:00,108.4765625,108.4765625,108.46875,108.4765625,87.0
2025-05-05 09:14:00+00:00,108.4609375,108.46875,108.4609375,108.46875,394.0
2025-05-05 09:15:00+00:00,108.4609375,108.4609375,108.453125,108.4609375,396.0
2025-05-05 09:17:00+00:00,108.4609375,108.4609375,108.4609375,108.4609375,12.0
2025-05-05 09:18:00+00:00,108.4609375,108.4609375,108.453125,108.4609375,252.0
2025-05-05 09:19:00+00:00,108.4609375,108.4609375,108.4609375,108.4609375,15.0
2025-05-05 09:21:00+00:00,108.4609375,108.4609375,108.4609375,108.4609375,163.0
2025-05-05 09:22:00+00:00,108.46875,108.46875,108.4609375,108.4609375,69.0
2025-05-05 09:23:00+00:00,108.46875,108.46875,108.4609375,108.4609375,8.0
2025-05-05 09:24:00+00:00,108.46875,108.46875,108.4609375,108.4609375,144.0
2025-05-05 09:25:00+00:00,108.4765625,108.4765625,108.46875,108.46875,191.0
2025-05-05 09:27:00+00:00,108.4765625,108.4765625,108.4765625,108.4765625,124.0
2025-05-05 09:28:00+00:00,108.4765625,108.4765625,108.46875,108.4765625,109.0
2025-05-05 09:29:00+00:00,108.484375,108.484375,108.4765625,108.484375,3.0
2025-05-05 09:31:00+00:00,108.484375,108.484375,108.484375,108.484375,2.0
2025-05-05 09:32:00+00:00,108.46875,108.4765625,108.46875,108.4765625,129.0
2025-05-05 09:34:00+00:00,108.4765625,108.4765625,108.46875,108.46875,66.0
2025-05-05 09:35:00+00:00,108.46875,108.46875,108.4609375,108.46875,15.0
2025-05-05 09:36:00+00:00,108.46875,108.46875,108.4609375,108.46875,416.0
2025-05-05 09:37:00+00:00,108.46875,108.46875,108.4609375,108.46875,200.0
2025-05-05 09:38:00+00:00,108.46875,108.46875,108.46875,108.46875,115.0
2025-05-05 09:39:00+00:00,108.4609375,108.46875,108.4609375,108.46875,233.0
2025-05-05 09:40:00+00:00,108.4609375,108.46875,108.4609375,108.4609375,15.0
2025-05-05 09:41:00+00:00,108.4609375,108.46875,108.4609375,108.4609375,13.0
2025-05-05 09:42:00+00:00,108.453125,108.4609375,108.453125,108.4609375,764.0
2025-05-05 09:43:00+00:00,108.4453125,108.453125,108.4375,108.453125,513.0
2025-05-05 09:44:00+00:00,108.4453125,108.4453125,108.4453125,108.4453125,128.0
2025-05-05 09:45:00+00:00,108.4375,108.4453125,108.4375,108.4453125,67.0
2025-05-05 09:47:00+00:00,108.4375,108.4453125,108.4375,108.4453125,26.0
2025-05-05 09:48:00+00:00,108.4375,108.4453125,108.4296875,108.4375,2262.0
2025-05-05 09:49:00+00:00,108.4453125,108.4453125,108.4375,108.4375,56.0
2025-05-05 09:50:00+00:00,108.4453125,108.4453125,108.4453125,108.4453125,53.0
2025-05-05 09:51:00+00:00,108.4453125,108.4453125,108.4453125,108.4453125,288.0
2025-05-05 09:53:00+00:00,108.4375,108.4453125,108.4375,108.4453125,545.0
2025-05-05 09:54:00+00:00,108.4375,108.4375,108.4375,108.4375,18.0
2025-05-05 09:55:00+00:00,108.4453125,108.4453125,108.4453125,108.4453125,262.0
2025-05-05 09:56:00+00:00,108.4453125,108.4453125,108.4375,108.4453125,959.0
2025-05-05 09:57:00+00:00,108.4453125,108.4453125,108.4453125,108.4453125,209.0
2025-05-05 09:58:00+00:00,108.4453125,108.4453125,108.4375,108.4375,100.0
2025-05-05 09:59:00+00:00,108.4375,108.4453125,108.4375,108.4375,112.0
2025-05-05 10:00:00+00:00,108.4296875,108.4375,108.421875,108.4375,2340.0
2025-05-05 10:01:00+00:00,108.4375,108.4375,108.4296875,108.4296875,3586.0
2025-05-05 10:02:00+00:00,108.4375,108.4375,108.4296875,108.4296875,1029.0
2025-05-05 10:03:00+00:00,108.4453125,108.4453125,108.4375,108.4375,500.0
2025-05-05 10:04:00+00:00,108.4453125,108.4453125,108.4453125,108.4453125,459.0
2025-05-05 10:05:00+00:00,108.4453125,108.4453125,108.4453125,108.4453125,8.0
2025-05-05 10:06:00+00:00,108.4375,108.4375,108.4375,108.4375,389.0
2025-05-05 10:07:00+00:00,108.4296875,108.4296875,108.421875,108.4296875,130.0
2025-05-05 10:08:00+00:00,108.421875,108.421875,108.421875,108.421875,17.0
2025-05-05 10:17:00+00:00,108.453125,108.453125,108.4530029296875,108.4530029296875,2846.0
2025-05-05 10:18:00+00:00,108.4453125,108.4453125,108.4453125,108.4453125,14.0
2025-05-05 10:19:00+00:00,108.4453125,108.453125,108.4453125,108.4453125,543.0
2025-05-05 10:20:00+00:00,108.46875,108.46875,108.4453125,108.4453125,184.0
2025-05-05 10:21:00+00:00,108.46875,108.46875,108.4609375,108.4609375,7.0
2025-05-05 10:22:00+00:00,108.4765625,108.4765625,108.46875,108.46875,305.0
2025-05-05 10:23:00+00:00,108.46875,108.4765625,108.46875,108.4765625,142.0
2025-05-05 10:24:00+00:00,108.46875,108.46875,108.46875,108.46875,237.0
2025-05-05 10:25:00+00:00,108.46875,108.46875,108.46875,108.46875,133.0
2025-05-05 10:26:00+00:00,108.46875,108.46875,108.46875,108.46875,786.0
2025-05-05 10:27:00+00:00,108.4765625,108.4765625,108.46875,108.46875,36.0
2025-05-05 10:28:00+00:00,108.46875,108.46875,108.46875,108.46875,212.0
2025-05-05 10:29:00+00:00,108.46875,108.4765625,108.46875,108.46875,17.0
2025-05-05 10:30:00+00:00,108.46875,108.46875,108.46875,108.46875,109.0
2025-05-05 10:31:00+00:00,108.4609375,108.46875,108.4609375,108.46875,72.0
2025-05-05 10:32:00+00:00,108.4609375,108.4609375,108.4609375,108.4609375,1356.0
2025-05-05 10:33:00+00:00,108.4453125,108.4609375,108.4453125,108.4609375,372.0
2025-05-05 10:34:00+00:00,108.4609375,108.4609375,108.453125,108.453125,616.0
2025-05-05 10:36:00+00:00,108.46875,108.46875,108.4609375,108.4609375,301.0
2025-05-05 10:37:00+00:00,108.46875,108.46875,108.46875,108.46875,41.0
2025-05-05 10:38:00+00:00,108.46875,108.46875,108.46875,108.46875,56.0
2025-05-05 10:39:00+00:00,108.46875,108.46875,108.46875,108.46875,300.0
2025-05-05 10:40:00+00:00,108.4609375,108.4609375,108.4609375,108.4609375,53.0
2025-05-05 10:41:00+00:00,108.46875,108.46875,108.4609375,108.4609375,37.0
2025-05-05 10:42:00+00:00,108.4765625,108.4765625,108.46875,108.46875,772.0
2025-05-05 10:43:00+00:00,108.46875,108.4765625,108.46875,108.46875,58.0
2025-05-05 10:45:00+00:00,108.4765625,108.4765625,108.4765625,108.4765625,241.0
2025-05-05 10:46:00+00:00,108.46875,108.46875,108.46875,108.46875,400.0
2025-05-05 10:47:00+00:00,108.46875,108.46875,108.46875,108.46875,35.0
2025-05-05 10:50:00+00:00,108.46875,108.4765625,108.46875,108.4765625,367.0
2025-05-05 10:51:00+00:00,108.4609375,108.4765625,108.4609375,108.46875,84.0
2025-05-05 10:52:00+00:00,108.4609375,108.4609375,108.4609375,108.4609375,129.0
2025-05-05 10:54:00+00:00,108.4609375,108.4609375,108.4609375,108.4609375,38.0
2025-05-05 10:56:00+00:00,108.4609375,108.46875,108.4609375,108.46875,33.0
2025-05-05 10:57:00+00:00,108.46875,108.46875,108.46875,108.46875,160.0
2025-05-05 10:58:00+00:00,108.46875,108.46875,108.46875,108.46875,217.0
2025-05-05 11:00:00+00:00,108.484375,108.484375,108.46875,108.46875,385.0
2025-05-05 11:01:00+00:00,108.4765625,108.484375,108.46875,108.484375,832.0
2025-05-05 11:02:00+00:00,108.4609375,108.46875,108.4609375,108.46875,157.0
2025-05-05 11:03:00+00:00,108.4765625,108.4765625,108.46875,108.46875,223.0
2025-05-05 11:04:00+00:00,108.4765625,108.4765625,108.4765625,108.4765625,1149.0
2025-05-05 11:05:00+00:00,108.4765625,108.484375,108.4765625,108.484375,174.0
2025-05-05 11:08:00+00:00,108.4765625,108.4765625,108.46875,108.4765625,242.0
2025-05-05 11:09:00+00:00,108.484375,108.484375,108.4765625,108.4765625,1736.0
2025-05-05 11:10:00+00:00,108.4765625,108.484375,108.4765625,108.484375,1257.0
2025-05-05 11:11:00+00:00,108.484375,108.484375,108.4765625,108.4765625,1476.0
2025-05-05 11:12:00+00:00,108.5,108.5,108.484375,108.484375,1198.0
2025-05-05 11:13:00+00:00,108.5,108.5078125,108.4921875,108.5078125,536.0
2025-05-05 11:14:00+00:00,108.5078125,108.5078125,108.5,108.5,516.0
2025-05-05 11:15:00+00:00,108.5078125,108.5078125,108.5078125,108.5078125,2.0
2025-05-05 11:16:00+00:00,108.5078125,108.5078125,108.5078125,108.5078125,605.0
2025-05-05 11:17:00+00:00,108.5078125,108.5078125,108.5078125,108.5078125,175.0
2025-05-05 11:18:00+00:00,108.5,108.5,108.5,108.5,245.0
2025-05-05 11:19:00+00:00,108.5,108.5,108.5,108.5,99.0
2025-05-05 11:20:00+00:00,108.515625,108.515625,108.5078125,108.5078125,882.0
2025-05-05 11:21:00+00:00,108.515625,108.5234375,108.515625,108.515625,635.0
2025-05-05 11:22:00+00:00,108.515625,108.515625,108.5078125,108.515625,239.0
2025-05-05 11:23:00+00:00,108.515625,108.515625,108.515625,108.515625,281.0
2025-05-05 11:24:00+00:00,108.5234375,108.53125,108.5234375,108.5234375,432.0
2025-05-05 11:25:00+00:00,108.5390625,108.5390625,108.53125,108.53125,1423.0
2025-05-05 11:26:00+00:00,108.5390625,108.5390625,108.5390625,108.5390625,252.0
2025-05-05 11:27:00+00:00,108.5390625,108.5390625,108.5390625,108.5390625,188.0
2025-05-05 11:28:00+00:00,108.546875,108.546875,108.5390625,108.5390625,116.0
2025-05-05 11:29:00+00:00,108.5390625,108.546875,108.5390625,108.5390625,32.0
2025-05-05 11:30:00+00:00,108.546875,108.546875,108.546875,108.546875,945.0
2025-05-05 11:31:00+00:00,108.5546875,108.5546875,108.546875,108.5546875,688.0
2025-05-05 11:32:00+00:00,108.5390625,108.5546875,108.5390625,108.546875,1342.0
2025-05-05 11:33:00+00:00,108.5390625,108.5390625,108.53125,108.5390625,570.0
2025-05-05 11:34:00+00:00,108.546875,108.5546875,108.546875,108.546875,449.0
2025-05-05 11:35:00+00:00,108.5546875,108.5625,108.546875,108.546875,1112.0
2025-05-05 11:36:00+00:00,108.5625,108.5625,108.5546875,108.5546875,406.0
2025-05-05 11:37:00+00:00,108.5625,108.5703125,108.5625,108.5625,304.0
2025-05-05 11:38:00+00:00,108.5625,108.5703125,108.5546875,108.5703125,1869.0
2025-05-05 11:39:00+00:00,108.5546875,108.5625,108.5546875,108.5625,2370.0
2025-05-05 11:40:00+00:00,108.5625,108.5625,108.5546875,108.5546875,155.0
2025-05-05 11:41:00+00:00,108.5625,108.5625,108.5625,108.5625,489.0
2025-05-05 11:42:00+00:00,108.546875,108.5625,108.546875,108.5625,500.0
2025-05-05 11:43:00+00:00,108.53125,108.5390625,108.53125,108.5390625,490.0
2025-05-05 11:44:00+00:00,108.53125,108.53125,108.5234375,108.53125,827.0
2025-05-05 11:45:00+00:00,108.53125,108.53125,108.53125,108.53125,235.0
2025-05-05 11:46:00+00:00,108.53125,108.53125,108.5234375,108.53125,352.0
2025-05-05 11:47:00+00:00,108.5390625,108.5390625,108.53125,108.5390625,1829.0
2025-05-05 11:48:00+00:00,108.53125,108.5390625,108.53125,108.5390625,196.0
2025-05-05 11:49:00+00:00,108.53125,108.5390625,108.53125,108.5390625,193.0
2025-05-05 11:50:00+00:00,108.53125,108.546875,108.53125,108.53125,760.0
2025-05-05 11:51:00+00:00,108.53125,108.546875,108.53125,108.53125,297.0
2025-05-05 11:52:00+00:00,108.5234375,108.53125,108.5234375,108.53125,292.0
2025-05-05 11:53:00+00:00,108.5234375,108.53125,108.5234375,108.5234375,703.0
2025-05-05 11:54:00+00:00,108.515625,108.5234375,108.515625,108.5234375,1207.0
2025-05-05 11:55:00+00:00,108.515625,108.5234375,108.515625,108.515625,1785.0
2025-05-05 11:56:00+00:00,108.5234375,108.5234375,108.515625,108.515625,681.0
2025-05-05 11:57:00+00:00,108.5234375,108.53125,108.5234375,108.5234375,620.0
2025-05-05 11:58:00+00:00,108.5234375,108.5234375,108.515625,108.5234375,1026.0
2025-05-05 11:59:00+00:00,108.53125,108.53125,108.515625,108.515625,544.0
2025-05-05 12:00:00+00:00,108.546875,108.546875,108.5234375,108.5234375,2317.0
2025-05-05 12:01:00+00:00,108.546875,108.5546875,108.546875,108.546875,1083.0
2025-05-05 12:02:00+00:00,108.546875,108.546875,108.5390625,108.546875,725.0
2025-05-05 12:03:00+00:00,108.53125,108.546875,108.53125,108.546875,1091.0
2025-05-05 12:04:00+00:00,108.5234375,108.53125,108.5234375,108.5234375,1133.0
2025-05-05 12:05:00+00:00,108.5234375,108.5390625,108.5234375,108.53125,2020.0
2025-05-05 12:06:00+00:00,108.5078125,108.5234375,108.5078125,108.5234375,1052.0
2025-05-05 12:07:00+00:00,108.5390625,108.5390625,108.5078125,108.515625,1726.0
2025-05-05 12:08:00+00:00,108.5546875,108.5546875,108.5390625,108.5390625,2101.0
2025-05-05 12:09:00+00:00,108.5546875,108.5625,108.546875,108.5546875,2501.0
2025-05-05 12:10:00+00:00,108.5546875,108.5625,108.5546875,108.5546875,1265.0
2025-05-05 12:11:00+00:00,108.5546875,108.5546875,108.5546875,108.5546875,1011.0
2025-05-05 12:12:00+00:00,108.5703125,108.5703125,108.5625,108.5625,1577.0
2025-05-05 12:13:00+00:00,108.546875,108.5703125,108.5390625,108.5703125,5069.0
2025-05-05 12:14:00+00:00,108.546875,108.5546875,108.546875,108.546875,2615.0
2025-05-05 12:15:00+00:00,108.5625,108.5625,108.546875,108.546875,1520.0
2025-05-05 12:16:00+00:00,108.5546875,108.5625,108.5546875,108.5625,1217.0
2025-05-05 12:17:00+00:00,108.5390625,108.5625,108.5390625,108.5625,1714.0
2025-05-05 12:18:00+00:00,108.53125,108.53125,108.53125,108.53125,1549.0
2025-05-05 12:19:00+00:00,108.5546875,108.5546875,108.5390625,108.5390625,633.0
2025-05-05 12:20:00+00:00,108.5234375,108.5625,108.5234375,108.5625,1897.0
2025-05-05 12:21:00+00:00,108.5078125,108.53125,108.5078125,108.53125,1715.0
2025-05-05 12:22:00+00:00,108.5,108.515625,108.5,108.5078125,752.0
2025-05-05 12:23:00+00:00,108.4921875,108.5078125,108.4921875,108.5078125,660.0
2025-05-05 12:24:00+00:00,108.484375,108.5,108.484375,108.5,1439.0
2025-05-05 12:25:00+00:00,108.4921875,108.4921875,108.4765625,108.484375,1198.0
2025-05-05 12:26:00+00:00,108.4921875,108.4921875,108.4921875,108.4921875,562.0
2025-05-05 12:27:00+00:00,108.4921875,108.4921875,108.4921875,108.4921875,322.0
2025-05-05 12:28:00+00:00,108.4765625,108.4921875,108.4765625,108.4921875,176.0
2025-05-05 12:29:00+00:00,108.46875,108.484375,108.46875,108.484375,865.0
2025-05-05 12:30:00+00:00,108.4765625,108.4765625,108.46875,108.4765625,1212.0
2025-05-05 12:31:00+00:00,108.4765625,108.4765625,108.4765625,108.4765625,834.0
2025-05-05 12:32:00+00:00,108.4609375,108.4765625,108.4609375,108.4765625,2186.0
2025-05-05 12:33:00+00:00,108.4375,108.4609375,108.4375,108.4609375,2082.0
2025-05-05 12:34:00+00:00,108.4375,108.4453125,108.4296875,108.4375,2378.0
2025-05-05 12:35:00+00:00,108.4375,108.4375,108.4296875,108.4375,869.0
2025-05-05 12:36:00+00:00,108.421875,108.4375,108.4140625,108.4375,2498.0
2025-05-05 12:37:00+00:00,108.4296875,108.4375,108.4140625,108.421875,3386.0
2025-05-05 12:38:00+00:00,108.4296875,108.4375,108.421875,108.4375,1205.0
2025-05-05 12:39:00+00:00,108.4375,108.4375,108.4296875,108.4296875,904.0
2025-05-05 12:40:00+00:00,108.421875,108.4453125,108.421875,108.4375,3290.0
2025-05-05 12:41:00+00:00,108.4296875,108.4375,108.421875,108.4296875,1324.0
2025-05-05 12:42:00+00:00,108.4296875,108.4296875,108.4296875,108.4296875,548.0
2025-05-05 12:43:00+00:00,108.4296875,108.4375,108.4296875,108.4296875,1863.0
2025-05-05 12:44:00+00:00,108.4296875,108.4296875,108.421875,108.4296875,1104.0
2025-05-05 12:45:00+00:00,108.4453125,108.4453125,108.4375,108.4375,341.0
2025-05-05 12:46:00+00:00,108.4453125,108.4453125,108.4375,108.4453125,366.0
2025-05-05 12:47:00+00:00,108.453125,108.453125,108.4375,108.4453125,514.0
2025-05-05 12:48:00+00:00,108.453125,108.453125,108.453125,108.453125,1416.0
2025-05-05 12:49:00+00:00,108.4609375,108.4609375,108.453125,108.453125,820.0
2025-05-05 12:50:00+00:00,108.4609375,108.46875,108.4609375,108.46875,400.0
2025-05-05 12:51:00+00:00,108.4609375,108.46875,108.453125,108.4609375,1017.0
2025-05-05 12:52:00+00:00,108.453125,108.4609375,108.453125,108.4609375,63.0
2025-05-05 12:53:00+00:00,108.453125,108.4609375,108.4453125,108.4609375,1275.0
2025-05-05 12:54:00+00:00,108.4609375,108.4609375,108.4609375,108.4609375,1449.0
2025-05-05 12:55:00+00:00,108.4453125,108.4609375,108.4453125,108.4609375,163.0
2025-05-05 12:56:00+00:00,108.453125,108.453125,108.4453125,108.453125,1386.0
2025-05-05 12:57:00+00:00,108.4453125,108.453125,108.4453125,108.453125,319.0
2025-05-05 12:58:00+00:00,108.4296875,108.453125,108.4296875,108.4453125,2045.0
2025-05-05 12:59:00+00:00,108.4296875,108.4296875,108.421875,108.4296875,1066.0
2025-05-05 13:00:00+00:00,108.4453125,108.4453125,108.4296875,108.4375,819.0
2025-05-05 13:01:00+00:00,108.4296875,108.4453125,108.4296875,108.4453125,684.0
2025-05-05 13:02:00+00:00,108.421875,108.4296875,108.421875,108.4296875,253.0
2025-05-05 13:03:00+00:00,108.421875,108.421875,108.4140625,108.421875,1501.0
2025-05-05 13:04:00+00:00,108.421875,108.4296875,108.4140625,108.421875,656.0
2025-05-05 13:05:00+00:00,108.4296875,108.4296875,108.421875,108.421875,146.0
2025-05-05 13:06:00+00:00,108.4375,108.4375,108.421875,108.4296875,749.0
2025-05-05 13:07:00+00:00,108.4453125,108.4453125,108.4375,108.4375,380.0
2025-05-05 13:08:00+00:00,108.4453125,108.453125,108.4375,108.4375,1411.0
2025-05-05 13:09:00+00:00,108.453125,108.453125,108.4453125,108.4453125,641.0
2025-05-05 13:10:00+00:00,108.453125,108.4609375,108.453125,108.4609375,485.0
2025-05-05 13:11:00+00:00,108.453125,108.453125,108.453125,108.453125,404.0
2025-05-05 13:12:00+00:00,108.453125,108.4609375,108.453125,108.453125,1104.0
2025-05-05 13:13:00+00:00,108.4609375,108.4609375,108.4609375,108.4609375,786.0
2025-05-05 13:14:00+00:00,108.4609375,108.4609375,108.4609375,108.4609375,843.0
2025-05-05 13:15:00+00:00,108.4609375,108.4609375,108.4609375,108.4609375,892.0
2025-05-05 13:16:00+00:00,108.4609375,108.4609375,108.453125,108.4609375,861.0
2025-05-05 13:18:00+00:00,108.453125,108.4609375,108.453125,108.453125,978.0
2025-05-05 13:19:00+00:00,108.453125,108.4609375,108.453125,108.4609375,1066.0
2025-05-05 13:20:00+00:00,108.4453125,108.453125,108.4453125,108.453125,1341.0
2025-05-05 13:21:00+00:00,108.4453125,108.4453125,108.4453125,108.4453125,207.0
2025-05-05 13:22:00+00:00,108.4375,108.4453125,108.4375,108.4453125,1359.0
2025-05-05 13:23:00+00:00,108.4375,108.4453125,108.4375,108.4375,860.0
2025-05-05 13:24:00+00:00,108.4453125,108.4453125,108.4375,108.4375,2405.0
2025-05-05 13:25:00+00:00,108.4453125,108.4453125,108.4453125,108.4453125,952.0
2025-05-05 13:26:00+00:00,108.4453125,108.4453125,108.4453125,108.4453125,1622.0
2025-05-05 13:27:00+00:00,108.4609375,108.4609375,108.453125,108.453125,723.0
2025-05-05 13:28:00+00:00,108.4609375,108.4609375,108.453125,108.453125,1491.0
2025-05-05 13:29:00+00:00,108.46875,108.4765625,108.46875,108.46875,1002.0
2025-05-05 13:30:00+00:00,108.4375,108.4765625,108.4375,108.46875,3111.0
2025-05-05 13:31:00+00:00,108.4453125,108.4453125,108.4375,108.4375,2473.0
2025-05-05 13:32:00+00:00,108.4375,108.4453125,108.4375,108.4375,4621.0
2025-05-05 13:33:00+00:00,108.4375,108.4453125,108.4375,108.4375,2055.0
2025-05-05 13:34:00+00:00,108.4375,108.4453125,108.4296875,108.4375,1493.0
2025-05-05 13:35:00+00:00,108.4296875,108.4375,108.421875,108.4375,1241.0
2025-05-05 13:36:00+00:00,108.4375,108.4375,108.421875,108.421875,1195.0
2025-05-05 13:37:00+00:00,108.4296875,108.4296875,108.421875,108.4296875,2781.0
2025-05-05 13:38:00+00:00,108.4140625,108.4296875,108.4140625,108.4296875,820.0
2025-05-05 13:39:00+00:00,108.4296875,108.4296875,108.421875,108.421875,763.0
2025-05-05 13:40:00+00:00,108.4375,108.4375,108.4296875,108.4375,909.0
2025-05-05 13:41:00+00:00,108.4296875,108.4453125,108.4296875,108.4453125,1614.0
2025-05-05 13:42:00+00:00,108.4375,108.4375,108.4296875,108.4296875,785.0
2025-05-05 13:43:00+00:00,108.4375,108.4375,108.4375,108.4375,7.0
2025-05-05 13:44:00+00:00,108.4296875,108.4375,108.421875,108.4375,713.0
2025-05-05 13:45:00+00:00,108.453125,108.453125,108.4296875,108.4296875,2753.0
2025-05-05 13:46:00+00:00,108.4609375,108.46875,108.453125,108.453125,1791.0
2025-05-05 13:47:00+00:00,108.453125,108.4609375,108.4453125,108.4609375,1813.0
2025-05-05 13:48:00+00:00,108.4453125,108.453125,108.4375,108.453125,2431.0
2025-05-05 13:49:00+00:00,108.4375,108.4453125,108.4375,108.4453125,1360.0
2025-05-05 13:50:00+00:00,108.453125,108.453125,108.4375,108.4375,2748.0
2025-05-05 13:51:00+00:00,108.4765625,108.4765625,108.453125,108.4609375,1958.0
2025-05-05 13:52:00+00:00,108.484375,108.484375,108.4765625,108.4765625,3725.0
2025-05-05 13:53:00+00:00,108.484375,108.484375,108.484375,108.484375,1322.0
2025-05-05 13:54:00+00:00,108.4765625,108.484375,108.4765625,108.484375,1626.0
2025-05-05 13:55:00+00:00,108.4765625,108.484375,108.46875,108.46875,710.0
2025-05-05 13:56:00+00:00,108.4765625,108.4765625,108.46875,108.4765625,3810.0
2025-05-05 13:57:00+00:00,108.484375,108.484375,108.4765625,108.484375,2422.0
2025-05-05 13:58:00+00:00,108.484375,108.484375,108.4765625,108.4765625,315.0
2025-05-05 13:59:00+00:00,108.484375,108.4921875,108.46875,108.484375,2371.0
2025-05-05 14:00:00+00:00,108.3203125,108.4765625,108.3203125,108.4765625,29597.0
2025-05-05 14:01:00+00:00,108.2890625,108.328125,108.2734375,108.328125,15947.0
2025-05-05 14:02:00+00:00,108.296875,108.3046875,108.28125,108.2890625,5994.0
2025-05-05 14:03:00+00:00,108.3203125,108.3203125,108.296875,108.296875,3138.0
2025-05-05 14:04:00+00:00,108.3203125,108.34375,108.3125,108.3203125,6399.0
2025-05-05 14:05:00+00:00,108.3203125,108.328125,108.3046875,108.3203125,2005.0
2025-05-05 14:06:00+00:00,108.328125,108.3359375,108.3125,108.3203125,4743.0
2025-05-05 14:07:00+00:00,108.328125,108.34375,108.3203125,108.3359375,3044.0
2025-05-05 14:08:00+00:00,108.3359375,108.34375,108.3203125,108.3203125,1999.0
2025-05-05 14:09:00+00:00,108.3359375,108.3515625,108.328125,108.328125,2144.0
2025-05-05 14:10:00+00:00,108.3203125,108.34375,108.3125,108.3359375,3501.0
2025-05-05 14:11:00+00:00,108.3046875,108.328125,108.3046875,108.3203125,2168.0
2025-05-05 14:12:00+00:00,108.3046875,108.3125,108.296875,108.3046875,5523.0
2025-05-05 14:13:00+00:00,108.3046875,108.3125,108.296875,108.3046875,1529.0
2025-05-05 14:14:00+00:00,108.3125,108.3203125,108.296875,108.3046875,2050.0
2025-05-05 14:15:00+00:00,108.296875,108.3125,108.296875,108.3125,1867.0
2025-05-05 14:16:00+00:00,108.296875,108.3046875,108.296875,108.296875,864.0
2025-05-05 14:17:00+00:00,108.2890625,108.296875,108.28125,108.296875,1271.0
2025-05-05 14:18:00+00:00,108.2890625,108.2890625,108.28125,108.2890625,2719.0
2025-05-05 14:19:00+00:00,108.2890625,108.2890625,108.28125,108.2890625,2255.0
2025-05-05 14:20:00+00:00,108.2734375,108.2890625,108.2734375,108.2890625,6857.0
2025-05-05 14:21:00+00:00,108.2734375,108.2890625,108.2734375,108.28125,4654.0
2025-05-05 14:22:00+00:00,108.28125,108.296875,108.2734375,108.28125,4330.0
2025-05-05 14:23:00+00:00,108.296875,108.296875,108.28125,108.28125,2195.0
2025-05-05 14:24:00+00:00,108.2890625,108.296875,108.2890625,108.2890625,911.0
2025-05-05 14:25:00+00:00,108.2890625,108.296875,108.28125,108.296875,1284.0
2025-05-05 14:26:00+00:00,108.2890625,108.2890625,108.28125,108.2890625,2340.0
2025-05-05 14:27:00+00:00,108.2890625,108.2890625,108.28125,108.28125,1151.0
2025-05-05 14:28:00+00:00,108.296875,108.296875,108.2890625,108.2890625,12.0
2025-05-05 14:29:00+00:00,108.296875,108.3046875,108.296875,108.296875,2184.0
2025-05-05 14:30:00+00:00,108.296875,108.3046875,108.2890625,108.296875,419.0
2025-05-05 14:31:00+00:00,108.2890625,108.296875,108.28125,108.2890625,1820.0
2025-05-05 14:32:00+00:00,108.28125,108.2890625,108.28125,108.28125,878.0
2025-05-05 14:33:00+00:00,108.2734375,108.28125,108.2734375,108.28125,919.0
2025-05-05 14:34:00+00:00,108.28125,108.28125,108.2734375,108.2734375,70.0
2025-05-05 14:35:00+00:00,108.28125,108.28125,108.265625,108.2734375,2410.0
2025-05-05 14:36:00+00:00,108.2734375,108.28125,108.2734375,108.28125,1525.0
2025-05-05 14:37:00+00:00,108.265625,108.28125,108.265625,108.2734375,1600.0
2025-05-05 14:38:00+00:00,108.265625,108.265625,108.2578125,108.265625,1148.0
2025-05-05 14:39:00+00:00,108.265625,108.265625,108.2578125,108.265625,1650.0
2025-05-05 14:40:00+00:00,108.28125,108.28125,108.265625,108.265625,2535.0
2025-05-05 14:41:00+00:00,108.296875,108.3046875,108.28125,108.2890625,9650.0
2025-05-05 14:42:00+00:00,108.3046875,108.3046875,108.296875,108.296875,8682.0
2025-05-05 14:43:00+00:00,108.2890625,108.296875,108.28125,108.296875,2428.0
2025-05-05 14:44:00+00:00,108.2890625,108.2890625,108.2890625,108.2890625,855.0
2025-05-05 14:45:00+00:00,108.2734375,108.2890625,108.265625,108.2890625,2757.0
2025-05-05 14:46:00+00:00,108.265625,108.2734375,108.265625,108.265625,1600.0
2025-05-05 14:47:00+00:00,108.265625,108.2734375,108.265625,108.2734375,413.0
2025-05-05 14:48:00+00:00,108.2734375,108.2734375,108.265625,108.2734375,207.0
2025-05-05 14:49:00+00:00,108.265625,108.2734375,108.265625,108.2734375,141.0
2025-05-05 14:50:00+00:00,108.28125,108.28125,108.265625,108.2734375,2159.0
2025-05-05 14:51:00+00:00,108.28125,108.2890625,108.28125,108.28125,709.0
2025-05-05 14:52:00+00:00,108.3046875,108.3125,108.2890625,108.2890625,2643.0
2025-05-05 14:53:00+00:00,108.3046875,108.3046875,108.296875,108.296875,1002.0
2025-05-05 14:54:00+00:00,108.296875,108.3125,108.296875,108.3125,1827.0
2025-05-05 14:55:00+00:00,108.3046875,108.3046875,108.296875,108.296875,1129.0
2025-05-05 14:56:00+00:00,108.3046875,108.3125,108.296875,108.3046875,939.0
2025-05-05 14:57:00+00:00,108.3046875,108.3046875,108.296875,108.3046875,1128.0
2025-05-05 14:58:00+00:00,108.296875,108.3046875,108.296875,108.3046875,572.0
2025-05-05 14:59:00+00:00,108.2890625,108.3046875,108.2890625,108.296875,2011.0
2025-05-05 15:00:00+00:00,108.3203125,108.3203125,108.296875,108.296875,959.0
2025-05-05 15:01:00+00:00,108.3125,108.3203125,108.3125,108.3203125,571.0
2025-05-05 15:02:00+00:00,108.3203125,108.3203125,108.3125,108.3125,1542.0
2025-05-05 15:03:00+00:00,108.328125,108.328125,108.3203125,108.3203125,3091.0
2025-05-05 15:04:00+00:00,108.328125,108.328125,108.3203125,108.328125,207.0
2025-05-05 15:05:00+00:00,108.3125,108.328125,108.3125,108.3203125,2040.0
2025-05-05 15:06:00+00:00,108.328125,108.34375,108.3125,108.3125,4783.0
2025-05-05 15:07:00+00:00,108.3359375,108.3359375,108.328125,108.328125,669.0
2025-05-05 15:08:00+00:00,108.328125,108.3359375,108.328125,108.3359375,1083.0
2025-05-05 15:09:00+00:00,108.34375,108.34375,108.328125,108.328125,2738.0
2025-05-05 15:10:00+00:00,108.34375,108.3515625,108.34375,108.34375,2309.0
2025-05-05 15:11:00+00:00,108.3515625,108.3515625,108.34375,108.3515625,448.0
2025-05-05 15:12:00+00:00,108.3671875,108.3671875,108.3515625,108.3515625,4409.0
2025-05-05 15:13:00+00:00,108.359375,108.375,108.359375,108.375,2043.0
2025-05-05 15:14:00+00:00,108.3515625,108.359375,108.3515625,108.359375,533.0
2025-05-05 15:15:00+00:00,108.359375,108.359375,108.3515625,108.359375,978.0
2025-05-05 15:16:00+00:00,108.359375,108.359375,108.3515625,108.359375,299.0
2025-05-05 15:17:00+00:00,108.34375,108.3515625,108.34375,108.3515625,617.0
2025-05-05 15:18:00+00:00,108.3515625,108.3515625,108.34375,108.3515625,352.0
2025-05-05 15:19:00+00:00,108.3515625,108.3515625,108.3515625,108.3515625,195.0
2025-05-05 15:20:00+00:00,108.3515625,108.3515625,108.34375,108.3515625,895.0
2025-05-05 15:21:00+00:00,108.3515625,108.359375,108.3515625,108.359375,238.0
2025-05-05 15:22:00+00:00,108.3515625,108.3515625,108.3515625,108.3515625,505.0
2025-05-05 15:23:00+00:00,108.3515625,108.3515625,108.3515625,108.3515625,79.0
2025-05-05 15:24:00+00:00,108.359375,108.359375,108.3515625,108.3515625,116.0
2025-05-05 15:25:00+00:00,108.359375,108.3671875,108.3515625,108.3515625,1951.0
2025-05-05 15:26:00+00:00,108.3671875,108.3671875,108.3671875,108.3671875,1463.0
2025-05-05 15:27:00+00:00,108.359375,108.3671875,108.359375,108.3671875,721.0
2025-05-05 15:28:00+00:00,108.359375,108.3671875,108.359375,108.359375,68.0
2025-05-05 15:29:00+00:00,108.34375,108.3671875,108.34375,108.359375,1421.0
2025-05-05 15:30:00+00:00,108.34375,108.3515625,108.34375,108.3515625,1520.0
2025-05-05 15:31:00+00:00,108.34375,108.34375,108.34375,108.34375,1583.0
2025-05-05 15:32:00+00:00,108.34375,108.34375,108.34375,108.34375,326.0
2025-05-05 15:33:00+00:00,108.3359375,108.34375,108.3359375,108.34375,1039.0
2025-05-05 15:34:00+00:00,108.3359375,108.3359375,108.3359375,108.3359375,987.0
2025-05-05 15:35:00+00:00,108.3359375,108.34375,108.328125,108.3359375,1267.0
2025-05-05 15:36:00+00:00,108.3359375,108.3359375,108.3359375,108.3359375,454.0
2025-05-05 15:37:00+00:00,108.34375,108.34375,108.3359375,108.3359375,682.0
2025-05-05 15:38:00+00:00,108.3359375,108.34375,108.3359375,108.34375,389.0
2025-05-05 15:39:00+00:00,108.328125,108.328125,108.328125,108.328125,1382.0
2025-05-05 15:40:00+00:00,108.3203125,108.328125,108.3203125,108.328125,343.0
2025-05-05 15:41:00+00:00,108.3203125,108.328125,108.3203125,108.3203125,1404.0
2025-05-05 15:42:00+00:00,108.3125,108.3203125,108.3125,108.3125,205.0
2025-05-05 15:43:00+00:00,108.328125,108.328125,108.3125,108.3125,604.0
2025-05-05 15:44:00+00:00,108.3203125,108.328125,108.3203125,108.328125,802.0
2025-05-05 15:45:00+00:00,108.3203125,108.3203125,108.3203125,108.3203125,863.0
2025-05-05 15:46:00+00:00,108.3359375,108.3359375,108.3203125,108.328125,1621.0
2025-05-05 15:47:00+00:00,108.34375,108.34375,108.34375,108.34375,1132.0
2025-05-05 15:48:00+00:00,108.3359375,108.34375,108.3359375,108.3359375,1272.0
2025-05-05 15:49:00+00:00,108.34375,108.34375,108.34375,108.34375,770.0
2025-05-05 15:50:00+00:00,108.34375,108.34375,108.34375,108.34375,539.0
2025-05-05 15:51:00+00:00,108.34375,108.3515625,108.34375,108.34375,1060.0
2025-05-05 15:52:00+00:00,108.3515625,108.3515625,108.34375,108.34375,80.0
2025-05-05 15:53:00+00:00,108.359375,108.359375,108.3515625,108.3515625,1755.0
2025-05-05 15:54:00+00:00,108.3671875,108.3671875,108.3515625,108.3515625,913.0
2025-05-05 15:55:00+00:00,108.3515625,108.3671875,108.3515625,108.359375,2680.0
2025-05-05 15:56:00+00:00,108.3515625,108.359375,108.3515625,108.3515625,280.0
2025-05-05 15:57:00+00:00,108.3515625,108.359375,108.3515625,108.359375,64.0
2025-05-05 15:58:00+00:00,108.34375,108.3515625,108.34375,108.3515625,908.0
2025-05-05 15:59:00+00:00,108.34375,108.3515625,108.34375,108.3515625,227.0
2025-05-05 16:00:00+00:00,108.3359375,108.34375,108.3359375,108.34375,605.0
2025-05-05 16:01:00+00:00,108.3359375,108.34375,108.3359375,108.3359375,1735.0
2025-05-05 16:02:00+00:00,108.3359375,108.3359375,108.328125,108.328125,143.0
2025-05-05 16:03:00+00:00,108.328125,108.3359375,108.328125,108.328125,1646.0
2025-05-05 16:04:00+00:00,108.3203125,108.328125,108.3203125,108.328125,644.0
2025-05-05 16:05:00+00:00,108.3203125,108.328125,108.3125,108.3203125,1458.0
2025-05-05 16:06:00+00:00,108.328125,108.328125,108.3203125,108.3203125,654.0
2025-05-05 16:07:00+00:00,108.3203125,108.328125,108.3203125,108.328125,465.0
2025-05-05 16:08:00+00:00,108.3125,108.3203125,108.3125,108.3203125,800.0
2025-05-05 16:09:00+00:00,108.3203125,108.3203125,108.3046875,108.3203125,1603.0
2025-05-05 16:10:00+00:00,108.3125,108.3125,108.3125,108.3125,406.0
2025-05-05 16:11:00+00:00,108.3125,108.3125,108.3125,108.3125,6.0
2025-05-05 16:12:00+00:00,108.3125,108.3203125,108.3125,108.3203125,261.0
2025-05-05 16:13:00+00:00,108.3125,108.3125,108.3125,108.3125,1525.0
2025-05-05 16:14:00+00:00,108.3046875,108.3125,108.3046875,108.3125,383.0
2025-05-05 16:15:00+00:00,108.3046875,108.3125,108.3046875,108.3125,114.0
2025-05-05 16:16:00+00:00,108.3046875,108.3046875,108.296875,108.3046875,1430.0
2025-05-05 16:17:00+00:00,108.3046875,108.3125,108.3046875,108.3046875,457.0
2025-05-05 16:18:00+00:00,108.3046875,108.3125,108.296875,108.3046875,395.0
2025-05-05 16:19:00+00:00,108.3125,108.3125,108.3046875,108.3046875,434.0
2025-05-05 16:20:00+00:00,108.296875,108.3046875,108.296875,108.3046875,508.0
2025-05-05 16:31:00+00:00,108.3046875,108.3046875,108.3046875,108.3046875,7651.0
2025-05-05 16:32:00+00:00,108.3046875,108.3125,108.3046875,108.3125,210.0
2025-05-05 16:33:00+00:00,108.3046875,108.3046875,108.3046875,108.3046875,1192.0
2025-05-05 16:34:00+00:00,108.3046875,108.3046875,108.3046875,108.3046875,821.0
2025-05-05 16:35:00+00:00,108.3125,108.3125,108.3046875,108.3046875,1406.0
2025-05-05 16:36:00+00:00,108.3125,108.3125,108.3125,108.3125,660.0
2025-05-05 16:37:00+00:00,108.3046875,108.3125,108.3046875,108.3125,525.0
2025-05-05 16:38:00+00:00,108.3046875,108.3046875,108.3046875,108.3046875,590.0
2025-05-05 16:39:00+00:00,108.3046875,108.3046875,108.3046875,108.3046875,1050.0
2025-05-05 16:40:00+00:00,108.3125,108.3125,108.3046875,108.3046875,1069.0
2025-05-05 16:41:00+00:00,108.3125,108.3203125,108.3125,108.3125,427.0
2025-05-05 16:42:00+00:00,108.3125,108.3203125,108.3125,108.3203125,535.0
2025-05-05 16:43:00+00:00,108.3125,108.3125,108.3125,108.3125,294.0
2025-05-05 16:44:00+00:00,108.3125,108.3203125,108.3125,108.3125,761.0
2025-05-05 16:45:00+00:00,108.296875,108.3046875,108.296875,108.3046875,173.0
2025-05-05 16:46:00+00:00,108.296875,108.296875,108.296875,108.296875,611.0
2025-05-05 16:47:00+00:00,108.2890625,108.296875,108.28125,108.296875,326.0
2025-05-05 16:48:00+00:00,108.2890625,108.296875,108.2890625,108.2890625,867.0
2025-05-05 16:49:00+00:00,108.296875,108.296875,108.2890625,108.2890625,1152.0
2025-05-05 16:50:00+00:00,108.296875,108.296875,108.2890625,108.296875,24.0
2025-05-05 16:51:00+00:00,108.2890625,108.296875,108.2890625,108.296875,961.0
2025-05-05 16:52:00+00:00,108.28125,108.296875,108.28125,108.296875,738.0
2025-05-05 16:53:00+00:00,108.2734375,108.28125,108.2734375,108.28125,398.0
2025-05-05 16:54:00+00:00,108.2734375,108.2734375,108.2734375,108.2734375,695.0
2025-05-05 16:55:00+00:00,108.265625,108.2734375,108.265625,108.2734375,1967.0
2025-05-05 16:56:00+00:00,108.2734375,108.2734375,108.265625,108.265625,117.0
2025-05-05 16:57:00+00:00,108.265625,108.2734375,108.265625,108.265625,2227.0
2025-05-05 16:58:00+00:00,108.265625,108.265625,108.2578125,108.265625,1212.0
2025-05-05 16:59:00+00:00,108.2578125,108.265625,108.2578125,108.2578125,999.0
2025-05-05 17:00:00+00:00,108.2734375,108.2734375,108.2578125,108.2578125,3756.0
2025-05-05 17:01:00+00:00,108.28125,108.28125,108.2734375,108.28125,233.0
2025-05-05 17:02:00+00:00,108.28125,108.2890625,108.28125,108.28125,1906.0
2025-05-05 17:03:00+00:00,108.2890625,108.2890625,108.28125,108.28125,1485.0
2025-05-05 17:04:00+00:00,108.2734375,108.2890625,108.2734375,108.28125,436.0
2025-05-05 17:05:00+00:00,108.28125,108.28125,108.2734375,108.28125,2397.0
2025-05-05 17:06:00+00:00,108.2734375,108.28125,108.2734375,108.28125,1262.0
2025-05-05 17:07:00+00:00,108.28125,108.28125,108.2734375,108.2734375,1621.0
2025-05-05 17:08:00+00:00,108.2734375,108.28125,108.2734375,108.28125,596.0
2025-05-05 17:09:00+00:00,108.28125,108.28125,108.2734375,108.2734375,140.0
2025-05-05 17:10:00+00:00,108.2734375,108.28125,108.2734375,108.28125,133.0
2025-05-05 17:11:00+00:00,108.2890625,108.2890625,108.28125,108.28125,754.0
2025-05-05 17:12:00+00:00,108.28125,108.28125,108.2734375,108.28125,999.0
2025-05-05 17:13:00+00:00,108.2734375,108.2734375,108.2734375,108.2734375,841.0
2025-05-05 17:14:00+00:00,108.2734375,108.2734375,108.2734375,108.2734375,408.0
2025-05-05 17:15:00+00:00,108.2734375,108.28125,108.265625,108.265625,5357.0
2025-05-05 17:16:00+00:00,108.2734375,108.2734375,108.2734375,108.2734375,1197.0
2025-05-05 17:17:00+00:00,108.265625,108.265625,108.265625,108.265625,2256.0
2025-05-05 17:18:00+00:00,108.2734375,108.28125,108.265625,108.265625,1858.0
2025-05-05 17:19:00+00:00,108.2734375,108.2734375,108.2734375,108.2734375,602.0
2025-05-05 17:20:00+00:00,108.2734375,108.2734375,108.2734375,108.2734375,1006.0
2025-05-05 17:21:00+00:00,108.28125,108.28125,108.28125,108.28125,21.0
2025-05-05 17:22:00+00:00,108.28125,108.28125,108.28125,108.28125,793.0
2025-05-05 17:23:00+00:00,108.2890625,108.2890625,108.28125,108.28125,2024.0
2025-05-05 17:24:00+00:00,108.296875,108.296875,108.296875,108.296875,525.0
2025-05-05 17:25:00+00:00,108.296875,108.296875,108.2890625,108.2890625,1257.0
2025-05-05 17:26:00+00:00,108.296875,108.296875,108.2890625,108.2890625,1329.0
2025-05-05 17:27:00+00:00,108.3046875,108.3046875,108.2890625,108.2890625,1253.0
2025-05-05 17:28:00+00:00,108.3046875,108.3046875,108.296875,108.3046875,1521.0
2025-05-05 17:29:00+00:00,108.296875,108.3046875,108.296875,108.296875,351.0
2025-05-05 17:30:00+00:00,108.296875,108.296875,108.2890625,108.296875,762.0
2025-05-05 17:31:00+00:00,108.2890625,108.296875,108.2890625,108.296875,863.0
2025-05-05 17:32:00+00:00,108.2890625,108.296875,108.2890625,108.296875,1655.0
2025-05-05 17:33:00+00:00,108.296875,108.296875,108.2890625,108.2890625,350.0
2025-05-05 17:34:00+00:00,108.265625,108.296875,108.265625,108.296875,9106.0
2025-05-05 17:35:00+00:00,108.265625,108.265625,108.2578125,108.265625,331.0
2025-05-05 17:36:00+00:00,108.2578125,108.265625,108.25,108.265625,863.0
2025-05-05 17:37:00+00:00,108.2578125,108.2578125,108.25,108.2578125,124.0
2025-05-05 17:38:00+00:00,108.2421875,108.2578125,108.2421875,108.2578125,7507.0
2025-05-05 17:39:00+00:00,108.25,108.25,108.2421875,108.2421875,533.0
2025-05-05 17:40:00+00:00,108.2421875,108.25,108.2421875,108.25,1457.0
2025-05-05 17:41:00+00:00,108.2421875,108.25,108.2421875,108.25,6256.0
2025-05-05 17:42:00+00:00,108.25,108.25,108.234375,108.2421875,1865.0
2025-05-05 17:43:00+00:00,108.2421875,108.25,108.2421875,108.25,495.0
2025-05-05 17:44:00+00:00,108.2421875,108.25,108.2421875,108.2421875,4095.0
2025-05-05 17:45:00+00:00,108.25,108.25,108.2421875,108.2421875,1244.0
2025-05-05 17:46:00+00:00,108.25,108.2578125,108.25,108.25,1637.0
2025-05-05 17:47:00+00:00,108.2578125,108.2578125,108.2578125,108.2578125,38.0
2025-05-05 17:48:00+00:00,108.2578125,108.2578125,108.2578125,108.2578125,137.0
2025-05-05 17:49:00+00:00,108.2578125,108.2578125,108.2578125,108.2578125,723.0
2025-05-05 17:50:00+00:00,108.2578125,108.2578125,108.2578125,108.2578125,561.0
2025-05-05 17:51:00+00:00,108.2578125,108.265625,108.2578125,108.2578125,130.0
2025-05-05 17:52:00+00:00,108.2578125,108.2578125,108.2578125,108.2578125,33.0
2025-05-05 17:53:00+00:00,108.2578125,108.2578125,108.2578125,108.2578125,951.0
2025-05-05 17:54:00+00:00,108.265625,108.2734375,108.2578125,108.2578125,924.0
2025-05-05 17:55:00+00:00,108.2578125,108.265625,108.2578125,108.265625,2303.0
2025-05-05 17:56:00+00:00,108.2578125,108.2578125,108.2578125,108.2578125,1192.0
2025-05-05 17:57:00+00:00,108.265625,108.265625,108.265625,108.265625,1156.0
2025-05-05 17:58:00+00:00,108.2578125,108.2578125,108.25,108.2578125,567.0
2025-05-05 17:59:00+00:00,108.2578125,108.2578125,108.25,108.25,706.0
2025-05-05 18:00:00+00:00,108.25,108.25,108.25,108.25,1038.0
2025-05-05 18:01:00+00:00,108.25,108.2578125,108.2421875,108.25,978.0
2025-05-05 18:02:00+00:00,108.25,108.2578125,108.25,108.2578125,337.0
2025-05-05 18:03:00+00:00,108.25,108.2578125,108.25,108.25,1286.0
2025-05-05 18:04:00+00:00,108.25,108.25,108.2421875,108.25,194.0
2025-05-05 18:05:00+00:00,108.2421875,108.25,108.2421875,108.2421875,143.0
2025-05-05 18:06:00+00:00,108.25,108.2578125,108.2421875,108.25,872.0
2025-05-05 18:07:00+00:00,108.2421875,108.2578125,108.2421875,108.25,476.0
2025-05-05 18:08:00+00:00,108.2421875,108.25,108.2421875,108.2421875,48.0
2025-05-05 18:09:00+00:00,108.234375,108.25,108.234375,108.2421875,1792.0
2025-05-05 18:10:00+00:00,108.25,108.25,108.234375,108.234375,1432.0
2025-05-05 18:11:00+00:00,108.25,108.25,108.2421875,108.25,1000.0
2025-05-05 18:12:00+00:00,108.2578125,108.2578125,108.25,108.2578125,1292.0
2025-05-05 18:13:00+00:00,108.2578125,108.2578125,108.25,108.2578125,1183.0
2025-05-05 18:14:00+00:00,108.2578125,108.265625,108.25,108.25,1053.0
2025-05-05 18:15:00+00:00,108.2421875,108.265625,108.2421875,108.265625,1900.0
2025-05-05 18:16:00+00:00,108.2421875,108.25,108.2421875,108.2421875,504.0
2025-05-05 18:17:00+00:00,108.25,108.25,108.25,108.25,230.0
2025-05-05 18:18:00+00:00,108.25,108.25,108.25,108.25,8.0
2025-05-05 18:19:00+00:00,108.2421875,108.25,108.2421875,108.25,2.0
2025-05-05 18:20:00+00:00,108.2421875,108.25,108.2421875,108.25,3.0
2025-05-05 18:21:00+00:00,108.2421875,108.25,108.2421875,108.2421875,1491.0
2025-05-05 18:22:00+00:00,108.2421875,108.2421875,108.2421875,108.2421875,612.0
2025-05-05 18:23:00+00:00,108.25,108.25,108.25,108.25,532.0
2025-05-05 18:24:00+00:00,108.25,108.25,108.2421875,108.2421875,529.0
2025-05-05 18:25:00+00:00,108.2578125,108.265625,108.2578125,108.2578125,1256.0
2025-05-05 18:26:00+00:00,108.2734375,108.2734375,108.2578125,108.2578125,8376.0
2025-05-05 18:27:00+00:00,108.2734375,108.2734375,108.2734375,108.2734375,1257.0
2025-05-05 18:28:00+00:00,108.2734375,108.2734375,108.2734375,108.2734375,1085.0
2025-05-05 18:29:00+00:00,108.28125,108.28125,108.2734375,108.28125,134.0
2025-05-05 18:30:00+00:00,108.2734375,108.2734375,108.2734375,108.2734375,1.0
2025-05-05 18:31:00+00:00,108.2890625,108.296875,108.2734375,108.2734375,1489.0
2025-05-05 18:32:00+00:00,108.296875,108.296875,108.2890625,108.2890625,1833.0
2025-05-05 18:33:00+00:00,108.3046875,108.3046875,108.2890625,108.2890625,614.0
2025-05-05 18:34:00+00:00,108.3046875,108.3046875,108.296875,108.296875,1732.0
2025-05-05 18:35:00+00:00,108.3125,108.3125,108.3046875,108.3046875,569.0
2025-05-05 18:36:00+00:00,108.3046875,108.3125,108.3046875,108.3046875,518.0
2025-05-05 18:37:00+00:00,108.296875,108.296875,108.296875,108.296875,1325.0
2025-05-05 18:38:00+00:00,108.3046875,108.3046875,108.296875,108.296875,5.0
2025-05-05 18:39:00+00:00,108.3125,108.3125,108.3046875,108.3046875,916.0
2025-05-05 18:40:00+00:00,108.3046875,108.3125,108.3046875,108.3125,722.0
2025-05-05 18:41:00+00:00,108.3046875,108.3046875,108.3046875,108.3046875,349.0
2025-05-05 18:42:00+00:00,108.3046875,108.3125,108.3046875,108.3046875,388.0
2025-05-05 18:43:00+00:00,108.296875,108.296875,108.296875,108.296875,7.0
2025-05-05 18:44:00+00:00,108.296875,108.3046875,108.296875,108.296875,11.0
2025-05-05 18:45:00+00:00,108.3046875,108.3046875,108.296875,108.3046875,1035.0
2025-05-05 18:46:00+00:00,108.3046875,108.3046875,108.3046875,108.3046875,597.0
2025-05-05 18:47:00+00:00,108.3046875,108.3046875,108.3046875,108.3046875,156.0
2025-05-05 18:48:00+00:00,108.3046875,108.3046875,108.296875,108.3046875,381.0
2025-05-05 18:49:00+00:00,108.3046875,108.3046875,108.296875,108.3046875,898.0
2025-05-05 18:50:00+00:00,108.3046875,108.3046875,108.3046875,108.3046875,693.0
2025-05-05 18:51:00+00:00,108.3125,108.3125,108.3125,108.3125,1182.0
2025-05-05 18:52:00+00:00,108.3203125,108.3203125,108.3125,108.3203125,752.0
2025-05-05 18:53:00+00:00,108.3203125,108.3203125,108.3125,108.3203125,15.0
2025-05-05 18:54:00+00:00,108.328125,108.328125,108.3125,108.3203125,1279.0
2025-05-05 18:55:00+00:00,108.3203125,108.328125,108.3203125,108.3203125,264.0
2025-05-05 18:56:00+00:00,108.3125,108.328125,108.3125,108.328125,912.0
2025-05-05 18:57:00+00:00,108.3203125,108.328125,108.3125,108.3125,1195.0
2025-05-05 18:58:00+00:00,108.328125,108.328125,108.3203125,108.3203125,1730.0
2025-05-05 18:59:00+00:00,108.328125,108.3359375,108.3203125,108.3203125,4898.0
2025-05-05 19:00:00+00:00,108.3359375,108.3359375,108.3203125,108.328125,2292.0
2025-05-05 19:01:00+00:00,108.328125,108.34375,108.328125,108.34375,4172.0
2025-05-05 19:02:00+00:00,108.328125,108.328125,108.3203125,108.328125,1133.0
2025-05-05 19:03:00+00:00,108.328125,108.328125,108.328125,108.328125,737.0
2025-05-05 19:04:00+00:00,108.328125,108.328125,108.328125,108.328125,1661.0
2025-05-05 19:05:00+00:00,108.3203125,108.3359375,108.3203125,108.328125,1234.0
2025-05-05 19:06:00+00:00,108.3359375,108.3359375,108.3203125,108.328125,1035.0
2025-05-05 19:07:00+00:00,108.3359375,108.3359375,108.328125,108.328125,714.0
2025-05-05 19:08:00+00:00,108.3359375,108.3359375,108.328125,108.328125,245.0
2025-05-05 19:09:00+00:00,108.3359375,108.3359375,108.328125,108.3359375,627.0
2025-05-05 19:10:00+00:00,108.34375,108.34375,108.3359375,108.34375,220.0
2025-05-05 19:11:00+00:00,108.34375,108.34375,108.3359375,108.34375,40.0
2025-05-05 19:12:00+00:00,108.34375,108.34375,108.3359375,108.34375,729.0
2025-05-05 19:13:00+00:00,108.34375,108.34375,108.3359375,108.34375,108.0
2025-05-05 19:14:00+00:00,108.3359375,108.3515625,108.3359375,108.3359375,705.0
2025-05-05 19:15:00+00:00,108.34375,108.34375,108.3359375,108.34375,734.0
2025-05-05 19:16:00+00:00,108.34375,108.3515625,108.34375,108.34375,646.0
2025-05-05 19:17:00+00:00,108.3359375,108.3515625,108.3359375,108.3515625,2011.0
2025-05-05 19:18:00+00:00,108.3203125,108.328125,108.3203125,108.328125,669.0
2025-05-05 19:19:00+00:00,108.3203125,108.328125,108.3203125,108.328125,299.0
2025-05-05 19:20:00+00:00,108.328125,108.328125,108.328125,108.328125,430.0
2025-05-05 19:21:00+00:00,108.3359375,108.3359375,108.3359375,108.3359375,11.0
2025-05-05 19:22:00+00:00,108.328125,108.3359375,108.328125,108.3359375,1402.0
2025-05-05 19:23:00+00:00,108.3359375,108.3359375,108.3359375,108.3359375,290.0
2025-05-05 19:24:00+00:00,108.328125,108.3359375,108.328125,108.3359375,664.0
2025-05-05 19:25:00+00:00,108.328125,108.328125,108.328125,108.328125,178.0
2025-05-05 19:26:00+00:00,108.328125,108.3359375,108.3203125,108.328125,1147.0
2025-05-05 19:27:00+00:00,108.328125,108.3359375,108.328125,108.328125,109.0
2025-05-05 19:28:00+00:00,108.328125,108.328125,108.3203125,108.328125,97.0
2025-05-05 19:29:00+00:00,108.3203125,108.328125,108.3203125,108.328125,283.0
2025-05-05 19:30:00+00:00,108.328125,108.328125,108.328125,108.328125,518.0
2025-05-05 19:31:00+00:00,108.3359375,108.3359375,108.328125,108.328125,964.0
2025-05-05 19:32:00+00:00,108.328125,108.328125,108.328125,108.328125,26.0
2025-05-05 19:33:00+00:00,108.328125,108.328125,108.328125,108.328125,445.0
2025-05-05 19:34:00+00:00,108.328125,108.328125,108.328125,108.328125,693.0
2025-05-05 19:35:00+00:00,108.328125,108.3359375,108.328125,108.328125,218.0
2025-05-05 19:36:00+00:00,108.328125,108.3359375,108.328125,108.328125,634.0
2025-05-05 19:37:00+00:00,108.328125,108.328125,108.328125,108.328125,304.0
2025-05-05 19:38:00+00:00,108.328125,108.328125,108.328125,108.328125,486.0
2025-05-05 19:39:00+00:00,108.328125,108.328125,108.3203125,108.328125,112.0
2025-05-05 19:40:00+00:00,108.328125,108.328125,108.3203125,108.328125,137.0
2025-05-05 19:41:00+00:00,108.328125,108.328125,108.328125,108.328125,427.0
2025-05-05 19:42:00+00:00,108.328125,108.3359375,108.328125,108.328125,885.0
2025-05-05 19:43:00+00:00,108.328125,108.328125,108.328125,108.328125,187.0
2025-05-05 19:44:00+00:00,108.328125,108.3359375,108.328125,108.3359375,180.0
2025-05-05 19:45:00+00:00,108.34375,108.34375,108.3359375,108.3359375,1130.0
2025-05-05 19:46:00+00:00,108.34375,108.3515625,108.34375,108.34375,1346.0
2025-05-05 19:47:00+00:00,108.34375,108.34375,108.34375,108.34375,83.0
2025-05-05 19:48:00+00:00,108.3515625,108.3515625,108.34375,108.34375,409.0
2025-05-05 19:49:00+00:00,108.3515625,108.3515625,108.34375,108.3515625,327.0
2025-05-05 19:50:00+00:00,108.3515625,108.3515625,108.34375,108.34375,431.0
2025-05-05 19:51:00+00:00,108.359375,108.359375,108.34375,108.34375,607.0
2025-05-05 19:52:00+00:00,108.3515625,108.359375,108.3515625,108.359375,177.0
2025-05-05 19:53:00+00:00,108.359375,108.359375,108.3515625,108.359375,150.0
2025-05-05 19:54:00+00:00,108.3515625,108.359375,108.3515625,108.3515625,1043.0
2025-05-05 19:55:00+00:00,108.359375,108.3671875,108.3515625,108.359375,1313.0
2025-05-05 19:56:00+00:00,108.3515625,108.3671875,108.3515625,108.3671875,126.0
2025-05-05 19:57:00+00:00,108.3359375,108.359375,108.3359375,108.359375,1157.0
2025-05-05 19:58:00+00:00,108.34375,108.34375,108.34375,108.34375,821.0
2025-05-05 19:59:00+00:00,108.3515625,108.3515625,108.3359375,108.34375,4369.0
2025-05-05 20:00:00+00:00,108.34375,108.359375,108.34375,108.3515625,2517.0
2025-05-05 20:01:00+00:00,108.359375,108.3671875,108.34375,108.34375,3268.0
2025-05-05 20:02:00+00:00,108.359375,108.3671875,108.359375,108.359375,105.0
2025-05-05 20:03:00+00:00,108.359375,108.3671875,108.359375,108.359375,1159.0
2025-05-05 20:04:00+00:00,108.3515625,108.359375,108.3515625,108.359375,423.0
2025-05-05 20:05:00+00:00,108.359375,108.359375,108.3515625,108.359375,428.0
2025-05-05 20:06:00+00:00,108.3515625,108.359375,108.3515625,108.359375,100.0
2025-05-05 20:07:00+00:00,108.359375,108.359375,108.359375,108.359375,482.0
2025-05-05 20:08:00+00:00,108.359375,108.359375,108.359375,108.359375,1.0
2025-05-05 20:09:00+00:00,108.359375,108.359375,108.3515625,108.359375,7.0
2025-05-05 20:10:00+00:00,108.3515625,108.359375,108.3515625,108.359375,10.0
2025-05-05 20:11:00+00:00,108.359375,108.359375,108.3515625,108.3515625,1378.0
2025-05-05 20:12:00+00:00,108.3515625,108.3515625,108.3515625,108.3515625,702.0
2025-05-05 20:13:00+00:00,108.3515625,108.3515625,108.3515625,108.3515625,1046.0
2025-05-05 20:14:00+00:00,108.3515625,108.3515625,108.3515625,108.3515625,366.0
2025-05-05 20:15:00+00:00,108.34375,108.3515625,108.34375,108.3515625,430.0
2025-05-05 20:16:00+00:00,108.3359375,108.34375,108.328125,108.34375,324.0
2025-05-05 20:17:00+00:00,108.3359375,108.3359375,108.328125,108.3359375,128.0
2025-05-05 20:18:00+00:00,108.3359375,108.3359375,108.3359375,108.3359375,662.0
2025-05-05 20:19:00+00:00,108.3359375,108.34375,108.3359375,108.3359375,578.0
2025-05-05 20:20:00+00:00,108.34375,108.34375,108.3359375,108.3359375,233.0
2025-05-05 20:21:00+00:00,108.3359375,108.3359375,108.3359375,108.3359375,1480.0
2025-05-05 20:22:00+00:00,108.328125,108.3359375,108.328125,108.3359375,6.0
2025-05-05 20:23:00+00:00,108.3203125,108.3359375,108.3203125,108.3359375,315.0
2025-05-05 20:24:00+00:00,108.3203125,108.328125,108.3125,108.328125,724.0
2025-05-05 20:25:00+00:00,108.3125,108.3203125,108.3125,108.3203125,196.0
2025-05-05 20:26:00+00:00,108.3125,108.3203125,108.3125,108.3125,519.0
2025-05-05 20:27:00+00:00,108.3125,108.3203125,108.3125,108.3125,1109.0
2025-05-05 20:28:00+00:00,108.3125,108.3203125,108.3125,108.3203125,295.0
2025-05-05 20:29:00+00:00,108.3125,108.3203125,108.3125,108.3125,580.0
2025-05-05 20:30:00+00:00,108.3125,108.3125,108.3125,108.3125,396.0
2025-05-05 20:31:00+00:00,108.328125,108.328125,108.3125,108.3125,1113.0
2025-05-05 20:32:00+00:00,108.3203125,108.328125,108.3203125,108.3203125,444.0
2025-05-05 20:33:00+00:00,108.328125,108.328125,108.3203125,108.328125,374.0
2025-05-05 20:34:00+00:00,108.328125,108.3359375,108.3203125,108.3203125,1313.0
2025-05-05 20:35:00+00:00,108.328125,108.3359375,108.328125,108.328125,305.0
2025-05-05 20:36:00+00:00,108.3203125,108.3359375,108.3203125,108.328125,1649.0
2025-05-05 20:37:00+00:00,108.3203125,108.328125,108.3203125,108.3203125,553.0
2025-05-05 20:38:00+00:00,108.3203125,108.328125,108.3203125,108.3203125,1792.0
2025-05-05 20:39:00+00:00,108.3125,108.3203125,108.3125,108.3203125,343.0
2025-05-05 20:40:00+00:00,108.3203125,108.3203125,108.3125,108.3203125,641.0
2025-05-05 20:41:00+00:00,108.3203125,108.3203125,108.3203125,108.3203125,198.0
2025-05-05 20:42:00+00:00,108.3203125,108.3203125,108.3125,108.3203125,337.0
2025-05-05 20:43:00+00:00,108.3125,108.3203125,108.3125,108.3203125,761.0
2025-05-05 20:44:00+00:00,108.328125,108.328125,108.3125,108.3125,943.0
2025-05-05 20:45:00+00:00,108.328125,108.328125,108.3203125,108.3203125,904.0
2025-05-05 20:46:00+00:00,108.3203125,108.328125,108.3203125,108.3203125,216.0
2025-05-05 20:47:00+00:00,108.3203125,108.3203125,108.3203125,108.3203125,819.0
2025-05-05 20:48:00+00:00,108.3125,108.328125,108.3125,108.3203125,906.0
2025-05-05 20:49:00+00:00,108.328125,108.328125,108.3203125,108.3203125,478.0
2025-05-05 20:50:00+00:00,108.3359375,108.3359375,108.328125,108.328125,595.0
2025-05-05 20:52:00+00:00,108.328125,108.3359375,108.328125,108.328125,116.0
2025-05-05 20:53:00+00:00,108.328125,108.3359375,108.3203125,108.328125,716.0
2025-05-05 20:54:00+00:00,108.328125,108.3359375,108.328125,108.328125,235.0
2025-05-05 20:55:00+00:00,108.3359375,108.3359375,108.3359375,108.3359375,78.0
2025-05-05 20:56:00+00:00,108.328125,108.3359375,108.328125,108.3359375,118.0
2025-05-05 20:57:00+00:00,108.3359375,108.34375,108.3359375,108.3359375,595.0
2025-05-05 20:58:00+00:00,108.3359375,108.3359375,108.328125,108.328125,55.0
2025-05-05 20:59:00+00:00,108.3359375,108.3359375,108.328125,108.3359375,0.0
2025-05-05 22:00:00+00:00,108.359375,108.359375,108.328125,108.328125,733.0
2025-05-05 22:01:00+00:00,108.3671875,108.3671875,108.3515625,108.359375,87.0
2025-05-05 22:03:00+00:00,108.359375,108.359375,108.359375,108.359375,2.0
2025-05-05 22:04:00+00:00,108.3515625,108.359375,108.3515625,108.359375,80.0
2025-05-05 22:05:00+00:00,108.359375,108.359375,108.359375,108.359375,8.0
2025-05-05 22:09:00+00:00,108.3515625,108.3515625,108.3515625,108.3515625,2.0
2025-05-05 22:10:00+00:00,108.3515625,108.3515625,108.3515625,108.3515625,67.0
2025-05-05 22:11:00+00:00,108.359375,108.359375,108.3515625,108.3515625,7.0
2025-05-05 22:12:00+00:00,108.359375,108.359375,108.359375,108.359375,14.0
2025-05-05 22:16:00+00:00,108.3515625,108.3515625,108.3515625,108.3515625,38.0
2025-05-05 22:17:00+00:00,108.3515625,108.3515625,108.3515625,108.3515625,11.0
2025-05-05 22:18:00+00:00,108.3515625,108.3515625,108.3515625,108.3515625,1.0
2025-05-05 22:19:00+00:00,108.34375,108.34375,108.34375,108.34375,39.0
2025-05-05 22:20:00+00:00,108.34375,108.34375,108.34375,108.34375,4.0
2025-05-05 22:23:00+00:00,108.34375,108.34375,108.34375,108.34375,62.0
2025-05-05 22:24:00+00:00,108.3515625,108.3515625,108.3515625,108.3515625,13.0
2025-05-05 22:32:00+00:00,108.34375,108.34375,108.34375,108.34375,52.0
2025-05-05 22:42:00+00:00,108.34375,108.34375,108.34375,108.34375,105.0
2025-05-05 22:43:00+00:00,108.34375,108.34375,108.34375,108.34375,72.0
2025-05-05 22:44:00+00:00,108.34375,108.3515625,108.34375,108.34375,51.0
2025-05-05 22:45:00+00:00,108.34375,108.3515625,108.34375,108.34375,10.0
2025-05-05 22:46:00+00:00,108.34375,108.3515625,108.34375,108.3515625,18.0
2025-05-05 22:50:00+00:00,108.34375,108.34375,108.34375,108.34375,1.0
2025-05-05 22:54:00+00:00,108.34375,108.34375,108.34375,108.34375,32.0
2025-05-05 22:56:00+00:00,108.3359375,108.3359375,108.328125,108.3359375,226.0
2025-05-05 22:58:00+00:00,108.3359375,108.3359375,108.3359375,108.3359375,5.0
2025-05-05 23:00:00+00:00,108.3359375,108.3359375,108.3359375,108.3359375,100.0
2025-05-05 23:01:00+00:00,108.3359375,108.3359375,108.3359375,108.3359375,1.0
2025-05-05 23:04:00+00:00,108.3359375,108.3359375,108.3359375,108.3359375,35.0
2025-05-05 23:05:00+00:00,108.3359375,108.3359375,108.3359375,108.3359375,97.0
2025-05-05 23:07:00+00:00,108.328125,108.328125,108.328125,108.328125,246.0
2025-05-05 23:09:00+00:00,108.328125,108.328125,108.328125,108.328125,54.0
2025-05-05 23:11:00+00:00,108.328125,108.328125,108.328125,108.328125,57.0
2025-05-05 23:15:00+00:00,108.328125,108.328125,108.328125,108.328125,2.0
2025-05-05 23:16:00+00:00,108.328125,108.328125,108.328125,108.328125,52.0
2025-05-05 23:17:00+00:00,108.328125,108.328125,108.328125,108.328125,3.0
2025-05-05 23:19:00+00:00,108.328125,108.328125,108.328125,108.328125,1.0
2025-05-05 23:30:00+00:00,108.3359375,108.3359375,108.3359375,108.3359375,81.0
2025-05-05 23:31:00+00:00,108.34375,108.34375,108.34375,108.34375,8.0
2025-05-05 23:36:00+00:00,108.34375,108.34375,108.34375,108.34375,193.0
2025-05-05 23:37:00+00:00,108.3515625,108.3515625,108.34375,108.34375,2.0
2025-05-05 23:38:00+00:00,108.3515625,108.3515625,108.3515625,108.3515625,64.0
2025-05-05 23:40:00+00:00,108.3515625,108.3515625,108.34375,108.3515625,108.0
2025-05-05 23:43:00+00:00,108.3515625,108.3515625,108.3515625,108.3515625,258.0
2025-05-05 23:44:00+00:00,108.3515625,108.3515625,108.3515625,108.3515625,18.0
2025-05-05 23:45:00+00:00,108.3515625,108.3515625,108.3515625,108.3515625,30.0
2025-05-05 23:46:00+00:00,108.34375,108.3515625,108.34375,108.3515625,56.0
2025-05-05 23:47:00+00:00,108.3515625,108.3515625,108.3515625,108.3515625,9.0
2025-05-05 23:55:00+00:00,108.34375,108.34375,108.34375,108.34375,108.0
2025-05-05 23:56:00+00:00,108.3359375,108.34375,108.3359375,108.34375,41.0
2025-05-05 23:57:00+00:00,108.34375,108.34375,108.34375,108.34375,169.0
2025-05-05 23:58:00+00:00,108.34375,108.34375,108.34375,108.34375,12.0
2025-05-05 23:59:00+00:00,108.34375,108.34375,108.34375,108.34375,31.0
2025-05-06 00:00:00+00:00,108.3515625,108.3515625,108.34375,108.34375,79.0
2025-05-06 00:01:00+00:00,108.359375,108.359375,108.3515625,108.3515625,66.0
2025-05-06 00:03:00+00:00,108.34375,108.3515625,108.34375,108.3515625,27.0
2025-05-06 00:08:00+00:00,108.34375,108.34375,108.34375,108.34375,9.0
2025-05-06 00:09:00+00:00,108.34375,108.34375,108.34375,108.34375,5.0
2025-05-06 00:15:00+00:00,108.34375,108.34375,108.34375,108.34375,2.0
2025-05-06 00:21:00+00:00,108.3359375,108.3359375,108.3359375,108.3359375,12.0
2025-05-06 00:22:00+00:00,108.3359375,108.3359375,108.3359375,108.3359375,339.0
2025-05-06 00:23:00+00:00,108.34375,108.34375,108.3359375,108.3359375,2.0
2025-05-06 00:26:00+00:00,108.3359375,108.34375,108.3359375,108.3359375,33.0
2025-05-06 00:32:00+00:00,108.34375,108.34375,108.34375,108.34375,91.0
2025-05-06 00:33:00+00:00,108.3359375,108.34375,108.3359375,108.34375,36.0
2025-05-06 00:37:00+00:00,108.34375,108.34375,108.34375,108.34375,285.0
2025-05-06 00:41:00+00:00,108.3359375,108.3359375,108.3359375,108.3359375,9.0
2025-05-06 00:52:00+00:00,108.3359375,108.34375,108.3359375,108.34375,327.0
2025-05-06 00:54:00+00:00,108.34375,108.34375,108.34375,108.34375,14.0
2025-05-06 00:56:00+00:00,108.3359375,108.34375,108.3359375,108.34375,150.0
2025-05-06 00:57:00+00:00,108.3359375,108.3359375,108.3359375,108.3359375,15.0
2025-05-06 00:59:00+00:00,108.3359375,108.34375,108.3359375,108.34375,2.0
2025-05-06 01:00:00+00:00,108.3203125,108.34375,108.3203125,108.34375,398.0
2025-05-06 01:01:00+00:00,108.3203125,108.3359375,108.3203125,108.328125,459.0
2025-05-06 01:02:00+00:00,108.3203125,108.3203125,108.3203125,108.3203125,3.0
2025-05-06 01:03:00+00:00,108.3203125,108.328125,108.3203125,108.328125,56.0
2025-05-06 01:04:00+00:00,108.3203125,108.328125,108.3203125,108.3203125,413.0
2025-05-06 01:05:00+00:00,108.3203125,108.328125,108.3203125,108.3203125,151.0
2025-05-06 01:06:00+00:00,108.3203125,108.3203125,108.3125,108.3203125,85.0
2025-05-06 01:07:00+00:00,108.3203125,108.3203125,108.3203125,108.3203125,9.0
2025-05-06 01:08:00+00:00,108.3203125,108.3203125,108.3203125,108.3203125,39.0
2025-05-06 01:09:00+00:00,108.3203125,108.3203125,108.3203125,108.3203125,4.0
2025-05-06 01:10:00+00:00,108.3203125,108.3203125,108.3203125,108.3203125,265.0
2025-05-06 01:13:00+00:00,108.3046875,108.3125,108.296875,108.3125,3913.0
2025-05-06 01:14:00+00:00,108.3046875,108.3046875,108.296875,108.3046875,935.0
2025-05-06 01:15:00+00:00,108.3046875,108.3046875,108.3046875,108.3046875,23.0
2025-05-06 01:16:00+00:00,108.3046875,108.3046875,108.3046875,108.3046875,3.0
2025-05-06 01:17:00+00:00,108.3125,108.3203125,108.3125,108.3125,285.0
2025-05-06 01:18:00+00:00,108.3125,108.3203125,108.3125,108.3125,188.0
2025-05-06 01:19:00+00:00,108.3046875,108.3046875,108.3046875,108.3046875,17.0
2025-05-06 01:20:00+00:00,108.296875,108.3046875,108.296875,108.3046875,2761.0
2025-05-06 01:21:00+00:00,108.28125,108.3046875,108.28125,108.3046875,319.0
2025-05-06 01:22:00+00:00,108.296875,108.296875,108.2734375,108.2734375,1221.0
2025-05-06 01:23:00+00:00,108.2890625,108.296875,108.2890625,108.2890625,468.0
2025-05-06 01:25:00+00:00,108.296875,108.296875,108.2890625,108.2890625,76.0
2025-05-06 01:26:00+00:00,108.2890625,108.2890625,108.2890625,108.2890625,239.0
2025-05-06 01:27:00+00:00,108.296875,108.296875,108.296875,108.296875,10.0
2025-05-06 01:28:00+00:00,108.2890625,108.2890625,108.2890625,108.2890625,34.0
2025-05-06 01:29:00+00:00,108.296875,108.296875,108.2890625,108.2890625,33.0
2025-05-06 01:30:00+00:00,108.2890625,108.296875,108.2890625,108.2890625,122.0
2025-05-06 01:31:00+00:00,108.28125,108.28125,108.28125,108.28125,1.0
2025-05-06 01:32:00+00:00,108.2890625,108.296875,108.28125,108.28125,227.0
2025-05-06 01:33:00+00:00,108.2890625,108.2890625,108.2890625,108.2890625,95.0
2025-05-06 01:34:00+00:00,108.2890625,108.2890625,108.2890625,108.2890625,48.0
2025-05-06 01:35:00+00:00,108.2890625,108.2890625,108.2890625,108.2890625,692.0
2025-05-06 01:36:00+00:00,108.2890625,108.2890625,108.2890625,108.2890625,106.0
2025-05-06 01:37:00+00:00,108.2890625,108.2890625,108.2890625,108.2890625,1.0
2025-05-06 01:39:00+00:00,108.2890625,108.2890625,108.2890625,108.2890625,2.0
2025-05-06 01:40:00+00:00,108.2890625,108.2890625,108.2890625,108.2890625,94.0
2025-05-06 01:41:00+00:00,108.2890625,108.2890625,108.2890625,108.2890625,132.0
2025-05-06 01:42:00+00:00,108.2890625,108.2890625,108.2890625,108.2890625,46.0
2025-05-06 01:43:00+00:00,108.2890625,108.2890625,108.2890625,108.2890625,18.0
2025-05-06 01:44:00+00:00,108.28125,108.2890625,108.28125,108.2890625,105.0
2025-05-06 01:45:00+00:00,108.28125,108.28125,108.28125,108.28125,40.0
2025-05-06 01:47:00+00:00,108.2890625,108.2890625,108.2890625,108.2890625,22.0
2025-05-06 01:48:00+00:00,108.2890625,108.2890625,108.2890625,108.2890625,250.0
2025-05-06 01:49:00+00:00,108.2890625,108.2890625,108.2890625,108.2890625,40.0
2025-05-06 01:51:00+00:00,108.2890625,108.2890625,108.2890625,108.2890625,102.0
2025-05-06 01:55:00+00:00,108.28125,108.2890625,108.28125,108.28125,104.0
2025-05-06 01:56:00+00:00,108.2734375,108.28125,108.2734375,108.28125,236.0
2025-05-06 01:57:00+00:00,108.2734375,108.2734375,108.2734375,108.2734375,6.0
2025-05-06 01:58:00+00:00,108.28125,108.28125,108.28125,108.28125,172.0
2025-05-06 01:59:00+00:00,108.28125,108.28125,108.28125,108.28125,8.0
2025-05-06 02:00:00+00:00,108.28125,108.2890625,108.28125,108.2890625,76.0
2025-05-06 02:01:00+00:00,108.28125,108.2890625,108.28125,108.2890625,2.0
2025-05-06 02:02:00+00:00,108.28125,108.28125,108.28125,108.28125,199.0
2025-05-06 02:04:00+00:00,108.28125,108.28125,108.28125,108.28125,35.0
2025-05-06 02:05:00+00:00,108.2890625,108.2890625,108.2890625,108.2890625,29.0
2025-05-06 02:06:00+00:00,108.296875,108.296875,108.296875,108.296875,2.0
2025-05-06 02:08:00+00:00,108.2890625,108.2890625,108.28125,108.2890625,183.0
2025-05-06 02:10:00+00:00,108.2890625,108.2890625,108.2890625,108.2890625,11.0
2025-05-06 02:11:00+00:00,108.2890625,108.2890625,108.2890625,108.2890625,26.0
2025-05-06 02:13:00+00:00,108.2890625,108.2890625,108.2890625,108.2890625,71.0
2025-05-06 02:14:00+00:00,108.2890625,108.2890625,108.2890625,108.2890625,60.0
2025-05-06 02:15:00+00:00,108.2890625,108.2890625,108.2890625,108.2890625,13.0
2025-05-06 02:16:00+00:00,108.2890625,108.2890625,108.2890625,108.2890625,53.0
2025-05-06 02:17:00+00:00,108.2890625,108.2890625,108.2890625,108.2890625,63.0
2025-05-06 02:18:00+00:00,108.2890625,108.2890625,108.2890625,108.2890625,209.0
2025-05-06 02:19:00+00:00,108.2890625,108.2890625,108.2890625,108.2890625,8.0
2025-05-06 02:20:00+00:00,108.2890625,108.296875,108.2890625,108.2890625,137.0
2025-05-06 02:21:00+00:00,108.2890625,108.2890625,108.2890625,108.2890625,5.0
2025-05-06 02:22:00+00:00,108.2890625,108.2890625,108.28125,108.2890625,6.0
2025-05-06 02:23:00+00:00,108.28125,108.28125,108.2734375,108.28125,124.0
2025-05-06 02:24:00+00:00,108.28125,108.28125,108.2734375,108.2734375,99.0
2025-05-06 02:25:00+00:00,108.28125,108.28125,108.2734375,108.28125,631.0
2025-05-06 02:26:00+00:00,108.28125,108.28125,108.28125,108.28125,149.0
2025-05-06 02:27:00+00:00,108.28125,108.28125,108.28125,108.28125,86.0
2025-05-06 02:28:00+00:00,108.2890625,108.2890625,108.2890625,108.2890625,4.0
2025-05-06 02:30:00+00:00,108.2890625,108.296875,108.2890625,108.2890625,73.0
2025-05-06 02:31:00+00:00,108.296875,108.296875,108.296875,108.296875,4.0
2025-05-06 02:35:00+00:00,108.296875,108.296875,108.296875,108.296875,1.0
2025-05-06 02:36:00+00:00,108.28125,108.2890625,108.28125,108.2890625,669.0
2025-05-06 02:37:00+00:00,108.28125,108.28125,108.265625,108.28125,1170.0
2025-05-06 02:38:00+00:00,108.28125,108.28125,108.28125,108.28125,164.0
2025-05-06 02:39:00+00:00,108.28125,108.28125,108.28125,108.28125,22.0
2025-05-06 02:41:00+00:00,108.2890625,108.2890625,108.2890625,108.2890625,17.0
2025-05-06 02:42:00+00:00,108.28125,108.2890625,108.28125,108.2890625,86.0
2025-05-06 02:45:00+00:00,108.28125,108.28125,108.28125,108.28125,2.0
2025-05-06 02:47:00+00:00,108.28125,108.28125,108.28125,108.28125,152.0
2025-05-06 02:48:00+00:00,108.2890625,108.2890625,108.2890625,108.2890625,7.0
2025-05-06 02:49:00+00:00,108.2890625,108.2890625,108.2890625,108.2890625,32.0
2025-05-06 02:50:00+00:00,108.2890625,108.2890625,108.28125,108.28125,13.0
2025-05-06 02:52:00+00:00,108.2890625,108.2890625,108.28125,108.28125,333.0
2025-05-06 02:53:00+00:00,108.28125,108.2890625,108.28125,108.2890625,54.0
2025-05-06 02:55:00+00:00,108.28125,108.2890625,108.28125,108.28125,5.0
2025-05-06 02:56:00+00:00,108.28125,108.28125,108.28125,108.28125,99.0
2025-05-06 02:58:00+00:00,108.28125,108.28125,108.28125,108.28125,38.0
2025-05-06 03:03:00+00:00,108.28125,108.28125,108.28125,108.28125,80.0
2025-05-06 03:04:00+00:00,108.28125,108.28125,108.28125,108.28125,94.0
2025-05-06 03:05:00+00:00,108.2890625,108.2890625,108.2890625,108.2890625,9.0
2025-05-06 03:08:00+00:00,108.296875,108.296875,108.28125,108.28125,114.0
2025-05-06 03:11:00+00:00,108.2890625,108.2890625,108.2890625,108.2890625,191.0
2025-05-06 03:12:00+00:00,108.2890625,108.296875,108.2890625,108.2890625,525.0
2025-05-06 03:13:00+00:00,108.2890625,108.296875,108.2890625,108.2890625,41.0
2025-05-06 03:15:00+00:00,108.2890625,108.2890625,108.2890625,108.2890625,101.0
2025-05-06 03:16:00+00:00,108.2890625,108.2890625,108.2890625,108.2890625,41.0
2025-05-06 03:24:00+00:00,108.28125,108.28125,108.28125,108.28125,43.0
2025-05-06 03:26:00+00:00,108.28125,108.28125,108.2734375,108.28125,79.0
2025-05-06 03:27:00+00:00,108.28125,108.28125,108.28125,108.28125,126.0
2025-05-06 03:28:00+00:00,108.28125,108.28125,108.28125,108.28125,1316.0
2025-05-06 03:29:00+00:00,108.28125,108.28125,108.28125,108.28125,269.0
2025-05-06 03:31:00+00:00,108.28125,108.28125,108.28125,108.28125,87.0
2025-05-06 03:32:00+00:00,108.28125,108.28125,108.28125,108.28125,65.0
2025-05-06 03:35:00+00:00,108.28125,108.28125,108.28125,108.28125,25.0
2025-05-06 03:36:00+00:00,108.28125,108.28125,108.28125,108.28125,7.0
2025-05-06 03:40:00+00:00,108.28125,108.28125,108.28125,108.28125,19.0
2025-05-06 03:41:00+00:00,108.28125,108.28125,108.28125,108.28125,15.0
2025-05-06 03:43:00+00:00,108.28125,108.28125,108.28125,108.28125,42.0
2025-05-06 03:44:00+00:00,108.28125,108.28125,108.28125,108.28125,131.0
2025-05-06 03:46:00+00:00,108.2890625,108.2890625,108.28125,108.28125,957.0
2025-05-06 03:49:00+00:00,108.28125,108.28125,108.28125,108.28125,11.0
2025-05-06 03:51:00+00:00,108.28125,108.28125,108.28125,108.28125,10.0
2025-05-06 03:52:00+00:00,108.28125,108.28125,108.28125,108.28125,137.0
2025-05-06 03:54:00+00:00,108.28125,108.28125,108.28125,108.28125,52.0
2025-05-06 03:55:00+00:00,108.28125,108.28125,108.28125,108.28125,3.0
2025-05-06 04:01:00+00:00,108.2734375,108.2734375,108.2734375,108.2734375,43.0
2025-05-06 04:02:00+00:00,108.2734375,108.2734375,108.2734375,108.2734375,352.0
2025-05-06 04:09:00+00:00,108.265625,108.265625,108.265625,108.265625,1.0
2025-05-06 04:11:00+00:00,108.2734375,108.2734375,108.265625,108.265625,13.0
2025-05-06 04:16:00+00:00,108.2734375,108.2734375,108.2734375,108.2734375,426.0
2025-05-06 04:17:00+00:00,108.28125,108.28125,108.2734375,108.2734375,34.0
2025-05-06 04:18:00+00:00,108.2734375,108.2734375,108.2734375,108.2734375,2.0
2025-05-06 04:25:00+00:00,108.2734375,108.2734375,108.2734375,108.2734375,70.0
2025-05-06 04:27:00+00:00,108.2734375,108.2734375,108.2734375,108.2734375,84.0
2025-05-06 04:28:00+00:00,108.2734375,108.2734375,108.2734375,108.2734375,30.0
2025-05-06 04:29:00+00:00,108.2734375,108.2734375,108.2734375,108.2734375,109.0
2025-05-06 04:32:00+00:00,108.2734375,108.2734375,108.265625,108.265625,88.0
2025-05-06 04:33:00+00:00,108.2734375,108.2734375,108.2734375,108.2734375,16.0
2025-05-06 04:34:00+00:00,108.2734375,108.2734375,108.2734375,108.2734375,12.0
2025-05-06 04:36:00+00:00,108.265625,108.265625,108.265625,108.265625,20.0
2025-05-06 04:38:00+00:00,108.265625,108.265625,108.265625,108.265625,21.0
2025-05-06 04:39:00+00:00,108.2734375,108.2734375,108.2734375,108.2734375,320.0
2025-05-06 04:40:00+00:00,108.2734375,108.2734375,108.2734375,108.2734375,94.0
2025-05-06 04:44:00+00:00,108.2734375,108.2734375,108.2734375,108.2734375,3.0
2025-05-06 04:46:00+00:00,108.2734375,108.2734375,108.2734375,108.2734375,20.0
2025-05-06 04:47:00+00:00,108.2734375,108.2734375,108.2734375,108.2734375,7.0
2025-05-06 04:48:00+00:00,108.265625,108.2734375,108.265625,108.2734375,25.0
2025-05-06 04:49:00+00:00,108.265625,108.265625,108.265625,108.265625,205.0
2025-05-06 04:50:00+00:00,108.265625,108.265625,108.265625,108.265625,4.0
2025-05-06 04:52:00+00:00,108.2578125,108.265625,108.2578125,108.265625,23.0
2025-05-06 04:54:00+00:00,108.2578125,108.2578125,108.2578125,108.2578125,18.0
2025-05-06 04:55:00+00:00,108.2578125,108.2578125,108.2578125,108.2578125,1.0
2025-05-06 04:56:00+00:00,108.2578125,108.2578125,108.2578125,108.2578125,69.0
2025-05-06 04:57:00+00:00,108.2578125,108.2578125,108.2578125,108.2578125,25.0
2025-05-06 04:58:00+00:00,108.265625,108.265625,108.2578125,108.2578125,15.0
2025-05-06 04:59:00+00:00,108.2578125,108.265625,108.2578125,108.265625,27.0
2025-05-06 05:03:00+00:00,108.25,108.25,108.25,108.25,1.0
2025-05-06 05:04:00+00:00,108.2578125,108.2578125,108.2578125,108.2578125,120.0
2025-05-06 05:07:00+00:00,108.2578125,108.2578125,108.2578125,108.2578125,156.0
2025-05-06 05:08:00+00:00,108.2578125,108.2578125,108.2578125,108.2578125,27.0
2025-05-06 05:10:00+00:00,108.25,108.2578125,108.25,108.2578125,2.0
2025-05-06 05:12:00+00:00,108.25,108.25,108.25,108.25,7.0
2025-05-06 05:15:00+00:00,108.2578125,108.2578125,108.2578125,108.2578125,113.0
2025-05-06 05:16:00+00:00,108.2578125,108.2578125,108.2578125,108.2578125,19.0
2025-05-06 05:17:00+00:00,108.25,108.25,108.25,108.25,11.0
2025-05-06 05:22:00+00:00,108.2578125,108.2578125,108.25,108.25,3.0
2025-05-06 05:25:00+00:00,108.2578125,108.2578125,108.2578125,108.2578125,5.0
2025-05-06 05:29:00+00:00,108.265625,108.265625,108.25,108.25,321.0
2025-05-06 05:31:00+00:00,108.2578125,108.2578125,108.2578125,108.2578125,2.0
2025-05-06 05:32:00+00:00,108.2578125,108.2578125,108.2578125,108.2578125,365.0
2025-05-06 05:42:00+00:00,108.2578125,108.265625,108.2578125,108.2578125,8.0
2025-05-06 05:45:00+00:00,108.265625,108.265625,108.2578125,108.2578125,2.0
2025-05-06 05:54:00+00:00,108.2578125,108.265625,108.2578125,108.265625,6.0
2025-05-06 05:55:00+00:00,108.2578125,108.2578125,108.2578125,108.2578125,55.0
2025-05-06 05:56:00+00:00,108.2578125,108.265625,108.2578125,108.265625,4.0
2025-05-06 05:57:00+00:00,108.2734375,108.28125,108.265625,108.265625,894.0
2025-05-06 05:58:00+00:00,108.2734375,108.2734375,108.2734375,108.2734375,55.0
2025-05-06 05:59:00+00:00,108.28125,108.28125,108.2734375,108.2734375,56.0
2025-05-06 06:01:00+00:00,108.2734375,108.2734375,108.2734375,108.2734375,759.0
2025-05-06 06:02:00+00:00,108.2734375,108.2734375,108.2734375,108.2734375,101.0
2025-05-06 06:05:00+00:00,108.265625,108.265625,108.265625,108.265625,452.0
2025-05-06 06:06:00+00:00,108.2578125,108.265625,108.2578125,108.265625,271.0
2025-05-06 06:07:00+00:00,108.2578125,108.2578125,108.2578125,108.2578125,289.0
2025-05-06 06:08:00+00:00,108.2578125,108.265625,108.2578125,108.2578125,1055.0
2025-05-06 06:09:00+00:00,108.2421875,108.2578125,108.2421875,108.2578125,1600.0
2025-05-06 06:10:00+00:00,108.25,108.25,108.2421875,108.2421875,152.0
2025-05-06 06:11:00+00:00,108.25,108.25,108.25,108.25,80.0
2025-05-06 06:12:00+00:00,108.25,108.25,108.25,108.25,247.0
2025-05-06 06:13:00+00:00,108.265625,108.2734375,108.2578125,108.2578125,445.0
2025-05-06 06:14:00+00:00,108.265625,108.265625,108.2578125,108.2578125,103.0
2025-05-06 06:15:00+00:00,108.265625,108.265625,108.265625,108.265625,261.0
2025-05-06 06:16:00+00:00,108.265625,108.265625,108.2578125,108.2578125,134.0
2025-05-06 06:17:00+00:00,108.2578125,108.2734375,108.2578125,108.2734375,80.0
2025-05-06 06:18:00+00:00,108.265625,108.265625,108.265625,108.265625,103.0
2025-05-06 06:19:00+00:00,108.2578125,108.265625,108.2578125,108.2578125,234.0
2025-05-06 06:20:00+00:00,108.2734375,108.2734375,108.265625,108.265625,30.0
2025-05-06 06:21:00+00:00,108.2734375,108.2734375,108.2734375,108.2734375,174.0
2025-05-06 06:22:00+00:00,108.2734375,108.2734375,108.2734375,108.2734375,153.0
2025-05-06 06:24:00+00:00,108.2734375,108.2734375,108.2734375,108.2734375,15.0
2025-05-06 06:27:00+00:00,108.2734375,108.2734375,108.2734375,108.2734375,10.0
2025-05-06 06:30:00+00:00,108.2734375,108.2734375,108.2734375,108.2734375,203.0
2025-05-06 06:31:00+00:00,108.28125,108.2890625,108.28125,108.28125,348.0
2025-05-06 06:32:00+00:00,108.2890625,108.2890625,108.28125,108.28125,120.0
2025-05-06 06:33:00+00:00,108.2890625,108.2890625,108.2890625,108.2890625,1185.0
2025-05-06 06:34:00+00:00,108.296875,108.296875,108.2890625,108.2890625,42.0
2025-05-06 06:35:00+00:00,108.2890625,108.2890625,108.2890625,108.2890625,277.0
2025-05-06 06:36:00+00:00,108.296875,108.296875,108.296875,108.296875,385.0
2025-05-06 06:37:00+00:00,108.296875,108.296875,108.296875,108.296875,50.0
2025-05-06 06:38:00+00:00,108.296875,108.296875,108.296875,108.296875,31.0
2025-05-06 06:39:00+00:00,108.2890625,108.2890625,108.2890625,108.2890625,158.0
2025-05-06 06:40:00+00:00,108.3046875,108.3046875,108.296875,108.296875,390.0
2025-05-06 06:41:00+00:00,108.3125,108.3125,108.3125,108.3125,155.0
2025-05-06 06:42:00+00:00,108.3125,108.3125,108.3125,108.3125,239.0
2025-05-06 06:43:00+00:00,108.3125,108.3125,108.3125,108.3125,13.0
2025-05-06 06:44:00+00:00,108.3203125,108.3203125,108.3203125,108.3203125,322.0
2025-05-06 06:45:00+00:00,108.3203125,108.3203125,108.3203125,108.3203125,1.0
2025-05-06 06:46:00+00:00,108.3125,108.3203125,108.3125,108.3203125,352.0
2025-05-06 06:47:00+00:00,108.3046875,108.3046875,108.3046875,108.3046875,2.0
2025-05-06 06:48:00+00:00,108.3046875,108.3046875,108.3046875,108.3046875,439.0
2025-05-06 06:49:00+00:00,108.3046875,108.3046875,108.3046875,108.3046875,147.0
2025-05-06 06:50:00+00:00,108.3046875,108.3046875,108.296875,108.3046875,796.0
2025-05-06 06:51:00+00:00,108.3046875,108.3046875,108.3046875,108.3046875,356.0
2025-05-06 06:52:00+00:00,108.3125,108.3203125,108.3046875,108.3125,532.0
2025-05-06 06:53:00+00:00,108.3125,108.3125,108.3046875,108.3125,649.0
2025-05-06 06:54:00+00:00,108.3203125,108.3203125,108.3203125,108.3203125,376.0
2025-05-06 06:55:00+00:00,108.3125,108.3203125,108.3125,108.3203125,40.0
2025-05-06 06:56:00+00:00,108.3125,108.3125,108.3125,108.3125,308.0
2025-05-06 06:57:00+00:00,108.3125,108.3125,108.3125,108.3125,330.0
2025-05-06 06:58:00+00:00,108.3125,108.3125,108.3125,108.3125,1.0
2025-05-06 06:59:00+00:00,108.3046875,108.3203125,108.3046875,108.3125,1243.0
2025-05-06 07:00:00+00:00,108.2890625,108.3046875,108.28125,108.3046875,2297.0
2025-05-06 07:01:00+00:00,108.2890625,108.2890625,108.2890625,108.2890625,513.0
2025-05-06 07:02:00+00:00,108.2890625,108.3046875,108.2890625,108.2890625,1815.0
2025-05-06 07:03:00+00:00,108.28125,108.2890625,108.28125,108.2890625,2100.0
2025-05-06 07:04:00+00:00,108.2734375,108.296875,108.2734375,108.28125,2365.0
2025-05-06 07:05:00+00:00,108.2734375,108.2734375,108.265625,108.2734375,1243.0
2025-05-06 07:06:00+00:00,108.3046875,108.3046875,108.2734375,108.2734375,2129.0
2025-05-06 07:07:00+00:00,108.3125,108.3125,108.296875,108.296875,220.0
2025-05-06 07:08:00+00:00,108.3046875,108.3203125,108.3046875,108.3125,736.0
2025-05-06 07:09:00+00:00,108.2890625,108.3046875,108.2890625,108.296875,390.0
2025-05-06 07:10:00+00:00,108.28125,108.28125,108.2734375,108.28125,1047.0
2025-05-06 07:11:00+00:00,108.296875,108.296875,108.28125,108.28125,608.0
2025-05-06 07:12:00+00:00,108.296875,108.3046875,108.2890625,108.296875,903.0
2025-05-06 07:13:00+00:00,108.28125,108.296875,108.2734375,108.296875,1923.0
2025-05-06 07:15:00+00:00,108.28125,108.28125,108.28125,108.28125,364.0
2025-05-06 07:16:00+00:00,108.2734375,108.28125,108.2734375,108.28125,338.0
2025-05-06 07:17:00+00:00,108.2578125,108.265625,108.2578125,108.265625,1115.0
2025-05-06 07:18:00+00:00,108.265625,108.2734375,108.265625,108.265625,686.0
2025-05-06 07:19:00+00:00,108.265625,108.2734375,108.265625,108.2734375,1443.0
2025-05-06 07:20:00+00:00,108.2734375,108.2734375,108.2578125,108.265625,609.0
2025-05-06 07:21:00+00:00,108.2734375,108.2734375,108.2734375,108.2734375,136.0
2025-05-06 07:22:00+00:00,108.2890625,108.2890625,108.2734375,108.28125,232.0
2025-05-06 07:23:00+00:00,108.2890625,108.2890625,108.28125,108.2890625,105.0
2025-05-06 07:24:00+00:00,108.28125,108.2890625,108.28125,108.2890625,167.0
2025-05-06 07:25:00+00:00,108.2890625,108.2890625,108.2734375,108.28125,740.0
2025-05-06 07:26:00+00:00,108.296875,108.296875,108.2890625,108.2890625,425.0
2025-05-06 07:27:00+00:00,108.296875,108.296875,108.2890625,108.2890625,311.0
2025-05-06 07:28:00+00:00,108.28125,108.296875,108.2734375,108.2890625,1117.0
2025-05-06 07:29:00+00:00,108.3046875,108.3125,108.28125,108.28125,1821.0
2025-05-06 07:30:00+00:00,108.296875,108.3046875,108.296875,108.3046875,1460.0
2025-05-06 07:31:00+00:00,108.296875,108.3046875,108.2890625,108.296875,577.0
2025-05-06 07:32:00+00:00,108.296875,108.3046875,108.296875,108.296875,312.0
2025-05-06 07:33:00+00:00,108.3046875,108.3046875,108.296875,108.296875,198.0
2025-05-06 07:34:00+00:00,108.3046875,108.3046875,108.296875,108.3046875,314.0
2025-05-06 07:35:00+00:00,108.3203125,108.3203125,108.296875,108.296875,2011.0
2025-05-06 07:36:00+00:00,108.3203125,108.328125,108.3125,108.3203125,966.0
2025-05-06 07:37:00+00:00,108.3203125,108.328125,108.3125,108.3125,242.0
2025-05-06 07:38:00+00:00,108.3203125,108.328125,108.3125,108.3203125,1061.0
2025-05-06 07:39:00+00:00,108.3203125,108.3203125,108.3125,108.3125,633.0
2025-05-06 07:40:00+00:00,108.3125,108.3203125,108.3125,108.3203125,668.0
2025-05-06 07:41:00+00:00,108.3203125,108.328125,108.3203125,108.3203125,90.0
2025-05-06 07:42:00+00:00,108.3203125,108.3203125,108.3203125,108.3203125,251.0
2025-05-06 07:43:00+00:00,108.3203125,108.3203125,108.3203125,108.3203125,122.0
2025-05-06 07:44:00+00:00,108.328125,108.328125,108.3125,108.3203125,134.0
2025-05-06 07:45:00+00:00,108.3203125,108.3203125,108.3125,108.3203125,776.0
2025-05-06 07:46:00+00:00,108.328125,108.328125,108.3203125,108.328125,176.0
2025-05-06 07:48:00+00:00,108.3203125,108.3203125,108.3203125,108.3203125,248.0
2025-05-06 07:49:00+00:00,108.328125,108.328125,108.3203125,108.3203125,109.0
2025-05-06 07:51:00+00:00,108.328125,108.3359375,108.328125,108.328125,383.0
2025-05-06 07:52:00+00:00,108.3203125,108.328125,108.3203125,108.328125,532.0
2025-05-06 07:53:00+00:00,108.3203125,108.328125,108.3203125,108.328125,119.0
2025-05-06 07:54:00+00:00,108.328125,108.328125,108.3203125,108.3203125,60.0
2025-05-06 07:55:00+00:00,108.328125,108.328125,108.3203125,108.3203125,643.0
2025-05-06 07:56:00+00:00,108.328125,108.328125,108.328125,108.328125,115.0
2025-05-06 07:57:00+00:00,108.328125,108.328125,108.328125,108.328125,4.0
2025-05-06 07:59:00+00:00,108.3359375,108.3359375,108.3203125,108.3203125,1382.0
2025-05-06 08:00:00+00:00,108.3359375,108.34375,108.3359375,108.3359375,1335.0
2025-05-06 08:01:00+00:00,108.3359375,108.3359375,108.328125,108.3359375,874.0
2025-05-06 08:02:00+00:00,108.34375,108.34375,108.34375,108.34375,321.0
2025-05-06 08:03:00+00:00,108.3515625,108.359375,108.3515625,108.3515625,1642.0
2025-05-06 08:04:00+00:00,108.3515625,108.3515625,108.3515625,108.3515625,235.0
2025-05-06 08:05:00+00:00,108.34375,108.34375,108.3359375,108.34375,123.0
2025-05-06 08:06:00+00:00,108.3515625,108.3515625,108.3359375,108.34375,885.0
2025-05-06 08:07:00+00:00,108.3671875,108.375,108.3515625,108.359375,1724.0
2025-05-06 08:08:00+00:00,108.34375,108.3671875,108.34375,108.3671875,1364.0
2025-05-06 08:09:00+00:00,108.34375,108.34375,108.34375,108.34375,1177.0
2025-05-06 08:10:00+00:00,108.34375,108.3515625,108.34375,108.3515625,389.0
2025-05-06 08:11:00+00:00,108.34375,108.34375,108.34375,108.34375,254.0
2025-05-06 08:12:00+00:00,108.34375,108.34375,108.3359375,108.34375,138.0
2025-05-06 08:13:00+00:00,108.359375,108.359375,108.34375,108.34375,139.0
2025-05-06 08:14:00+00:00,108.359375,108.359375,108.3515625,108.3515625,516.0
2025-05-06 08:15:00+00:00,108.359375,108.359375,108.359375,108.359375,556.0
2025-05-06 08:16:00+00:00,108.3671875,108.3671875,108.359375,108.359375,715.0
2025-05-06 08:17:00+00:00,108.3671875,108.375,108.3671875,108.375,854.0
2025-05-06 08:18:00+00:00,108.375,108.375,108.3671875,108.3671875,559.0
2025-05-06 08:19:00+00:00,108.375,108.390625,108.3671875,108.3671875,1018.0
2025-05-06 08:20:00+00:00,108.3828125,108.390625,108.3828125,108.3828125,1944.0
2025-05-06 08:21:00+00:00,108.390625,108.390625,108.3828125,108.390625,564.0
2025-05-06 08:22:00+00:00,108.3828125,108.390625,108.3828125,108.390625,492.0
2025-05-06 08:23:00+00:00,108.3828125,108.3828125,108.375,108.3828125,683.0
2025-05-06 08:24:00+00:00,108.3828125,108.3828125,108.375,108.3828125,325.0
2025-05-06 08:25:00+00:00,108.3828125,108.390625,108.375,108.375,1653.0
2025-05-06 08:26:00+00:00,108.375,108.375,108.375,108.375,4.0
2025-05-06 08:27:00+00:00,108.3828125,108.390625,108.3828125,108.3828125,360.0
2025-05-06 08:28:00+00:00,108.3828125,108.3828125,108.3828125,108.3828125,393.0
2025-05-06 08:29:00+00:00,108.375,108.3828125,108.375,108.3828125,3.0
2025-05-06 08:30:00+00:00,108.3828125,108.3828125,108.375,108.3828125,30.0
2025-05-06 08:31:00+00:00,108.3828125,108.3828125,108.3828125,108.3828125,13.0
2025-05-06 08:32:00+00:00,108.375,108.3828125,108.375,108.3828125,1016.0
2025-05-06 08:33:00+00:00,108.375,108.375,108.375,108.375,346.0
2025-05-06 08:34:00+00:00,108.3828125,108.3828125,108.375,108.375,106.0
2025-05-06 08:35:00+00:00,108.3828125,108.3828125,108.3828125,108.3828125,3.0
2025-05-06 08:36:00+00:00,108.375,108.3828125,108.375,108.3828125,386.0
2025-05-06 08:37:00+00:00,108.375,108.375,108.375,108.375,178.0
2025-05-06 08:38:00+00:00,108.3828125,108.390625,108.3828125,108.3828125,365.0
2025-05-06 08:39:00+00:00,108.375,108.3828125,108.375,108.3828125,440.0
2025-05-06 08:40:00+00:00,108.375,108.375,108.375,108.375,195.0
2025-05-06 08:41:00+00:00,108.375,108.375,108.375,108.375,29.0
2025-05-06 08:42:00+00:00,108.375,108.375,108.3671875,108.375,707.0
2025-05-06 08:43:00+00:00,108.375,108.375,108.375,108.375,3.0
2025-05-06 08:44:00+00:00,108.359375,108.3671875,108.359375,108.3671875,1035.0
2025-05-06 08:45:00+00:00,108.3671875,108.3671875,108.3671875,108.3671875,20.0
2025-05-06 08:46:00+00:00,108.3671875,108.3671875,108.3671875,108.3671875,43.0
2025-05-06 08:47:00+00:00,108.34375,108.359375,108.34375,108.359375,1294.0
2025-05-06 08:48:00+00:00,108.34375,108.34375,108.3359375,108.34375,835.0
2025-05-06 08:49:00+00:00,108.3515625,108.3515625,108.34375,108.34375,569.0
2025-05-06 08:50:00+00:00,108.3515625,108.359375,108.3515625,108.3515625,344.0
2025-05-06 08:51:00+00:00,108.359375,108.359375,108.359375,108.359375,359.0
2025-05-06 08:52:00+00:00,108.3515625,108.359375,108.3515625,108.359375,384.0
2025-05-06 08:53:00+00:00,108.3515625,108.3515625,108.3515625,108.3515625,515.0
2025-05-06 08:54:00+00:00,108.34375,108.3515625,108.34375,108.3515625,123.0
2025-05-06 08:55:00+00:00,108.3515625,108.3515625,108.34375,108.34375,28.0
2025-05-06 08:56:00+00:00,108.34375,108.34375,108.34375,108.34375,106.0
2025-05-06 08:57:00+00:00,108.34375,108.34375,108.34375,108.34375,35.0
2025-05-06 08:58:00+00:00,108.3359375,108.34375,108.3359375,108.3359375,895.0
2025-05-06 08:59:00+00:00,108.3359375,108.34375,108.3359375,108.3359375,544.0
2025-05-06 09:00:00+00:00,108.3359375,108.3359375,108.328125,108.3359375,605.0
2025-05-06 09:01:00+00:00,108.34375,108.34375,108.3359375,108.3359375,679.0
2025-05-06 09:02:00+00:00,108.34375,108.34375,108.3359375,108.3359375,71.0
2025-05-06 09:03:00+00:00,108.3359375,108.3359375,108.3359375,108.3359375,105.0
2025-05-06 09:04:00+00:00,108.3359375,108.3359375,108.3359375,108.3359375,4.0
2025-05-06 09:05:00+00:00,108.328125,108.328125,108.328125,108.328125,840.0
2025-05-06 09:07:00+00:00,108.3359375,108.3359375,108.328125,108.3359375,1518.0
2025-05-06 09:08:00+00:00,108.3359375,108.34375,108.3359375,108.34375,70.0
2025-05-06 09:09:00+00:00,108.34375,108.34375,108.3359375,108.3359375,56.0
2025-05-06 09:10:00+00:00,108.3359375,108.3359375,108.3359375,108.3359375,306.0
2025-05-06 09:11:00+00:00,108.3359375,108.3359375,108.3359375,108.3359375,472.0
2025-05-06 09:12:00+00:00,108.3359375,108.3359375,108.3359375,108.3359375,150.0
2025-05-06 09:13:00+00:00,108.3359375,108.3359375,108.3359375,108.3359375,37.0
2025-05-06 09:14:00+00:00,108.3359375,108.34375,108.3359375,108.3359375,142.0
2025-05-06 09:15:00+00:00,108.3515625,108.3515625,108.3359375,108.3359375,595.0
2025-05-06 09:16:00+00:00,108.34375,108.34375,108.34375,108.34375,327.0
2025-05-06 09:17:00+00:00,108.3515625,108.3515625,108.34375,108.34375,12.0
2025-05-06 09:18:00+00:00,108.34375,108.34375,108.34375,108.34375,160.0
2025-05-06 09:19:00+00:00,108.359375,108.359375,108.3515625,108.3515625,1092.0
2025-05-06 09:20:00+00:00,108.3515625,108.3515625,108.3515625,108.3515625,319.0
2025-05-06 09:21:00+00:00,108.3515625,108.3515625,108.3515625,108.3515625,227.0
2025-05-06 09:22:00+00:00,108.34375,108.3515625,108.34375,108.34375,314.0
2025-05-06 09:23:00+00:00,108.34375,108.34375,108.34375,108.34375,21.0
2025-05-06 09:24:00+00:00,108.34375,108.34375,108.34375,108.34375,264.0
2025-05-06 09:25:00+00:00,108.34375,108.34375,108.34375,108.34375,85.0
2025-05-06 09:26:00+00:00,108.3359375,108.34375,108.3359375,108.34375,293.0
2025-05-06 09:27:00+00:00,108.3203125,108.328125,108.3203125,108.328125,1748.0
2025-05-06 09:28:00+00:00,108.3203125,108.3203125,108.3203125,108.3203125,250.0
2025-05-06 09:29:00+00:00,108.328125,108.328125,108.3203125,108.3203125,170.0
2025-05-06 09:30:00+00:00,108.3125,108.3203125,108.3125,108.3203125,729.0
2025-05-06 09:31:00+00:00,108.3125,108.3125,108.3125,108.3125,492.0
2025-05-06 09:32:00+00:00,108.3125,108.3125,108.3125,108.3125,135.0
2025-05-06 09:33:00+00:00,108.3203125,108.3203125,108.3125,108.3125,477.0
2025-05-06 09:34:00+00:00,108.3125,108.3203125,108.3125,108.3203125,52.0
2025-05-06 09:35:00+00:00,108.3125,108.3125,108.3125,108.3125,167.0
2025-05-06 09:37:00+00:00,108.3125,108.3125,108.3046875,108.3046875,195.0
2025-05-06 09:38:00+00:00,108.3125,108.3125,108.3125,108.3125,579.0
2025-05-06 09:39:00+00:00,108.3203125,108.3203125,108.3203125,108.3203125,8.0
2025-05-06 09:40:00+00:00,108.3203125,108.3203125,108.3125,108.3203125,303.0
2025-05-06 09:41:00+00:00,108.3203125,108.3203125,108.3203125,108.3203125,380.0
2025-05-06 09:42:00+00:00,108.3125,108.3125,108.3125,108.3125,312.0
2025-05-06 09:43:00+00:00,108.3125,108.3125,108.3125,108.3125,637.0
2025-05-06 09:44:00+00:00,108.3125,108.3125,108.3125,108.3125,40.0
2025-05-06 09:45:00+00:00,108.3203125,108.3203125,108.3125,108.3125,11.0
2025-05-06 09:46:00+00:00,108.3203125,108.3203125,108.3203125,108.3203125,350.0
2025-05-06 09:47:00+00:00,108.328125,108.328125,108.328125,108.328125,437.0
2025-05-06 09:49:00+00:00,108.328125,108.328125,108.3203125,108.3203125,177.0
2025-05-06 09:50:00+00:00,108.328125,108.328125,108.328125,108.328125,7.0
2025-05-06 09:51:00+00:00,108.328125,108.328125,108.3203125,108.328125,209.0
2025-05-06 09:52:00+00:00,108.328125,108.328125,108.328125,108.328125,681.0
2025-05-06 09:53:00+00:00,108.3203125,108.3203125,108.3203125,108.3203125,402.0
2025-05-06 09:54:00+00:00,108.3203125,108.3203125,108.3125,108.3125,225.0
2025-05-06 09:55:00+00:00,108.3125,108.3125,108.3125,108.3125,546.0
2025-05-06 09:56:00+00:00,108.3125,108.3125,108.3125,108.3125,32.0
2025-05-06 09:58:00+00:00,108.3125,108.3203125,108.3125,108.3203125,395.0
2025-05-06 09:59:00+00:00,108.3203125,108.3203125,108.3203125,108.3203125,238.0
2025-05-06 10:00:00+00:00,108.3203125,108.3203125,108.3203125,108.3203125,87.0
2025-05-06 10:01:00+00:00,108.328125,108.328125,108.3203125,108.3203125,115.0
2025-05-06 10:02:00+00:00,108.328125,108.3359375,108.328125,108.328125,842.0
2025-05-06 10:03:00+00:00,108.3359375,108.3359375,108.328125,108.328125,360.0
2025-05-06 10:04:00+00:00,108.34375,108.34375,108.3359375,108.3359375,284.0
2025-05-06 10:05:00+00:00,108.34375,108.34375,108.3359375,108.34375,91.0
2025-05-06 10:06:00+00:00,108.34375,108.34375,108.34375,108.34375,656.0
2025-05-06 10:07:00+00:00,108.3359375,108.34375,108.3359375,108.34375,1273.0
2025-05-06 10:08:00+00:00,108.3359375,108.34375,108.3359375,108.34375,624.0
2025-05-06 10:19:00+00:00,108.3515625,108.35199737548828,108.3515625,108.35199737548828,3023.0
2025-05-06 10:21:00+00:00,108.359375,108.359375,108.359375,108.359375,1310.0
2025-05-06 10:22:00+00:00,108.3515625,108.3515625,108.3515625,108.3515625,418.0
2025-05-06 10:23:00+00:00,108.359375,108.359375,108.359375,108.359375,418.0
2025-05-06 10:25:00+00:00,108.3515625,108.359375,108.3515625,108.359375,920.0
2025-05-06 10:26:00+00:00,108.34375,108.3515625,108.34375,108.3515625,258.0
2025-05-06 10:27:00+00:00,108.34375,108.34375,108.34375,108.34375,839.0
2025-05-06 10:28:00+00:00,108.34375,108.34375,108.34375,108.34375,20.0
2025-05-06 10:30:00+00:00,108.34375,108.34375,108.34375,108.34375,214.0
2025-05-06 10:31:00+00:00,108.3359375,108.3359375,108.3359375,108.3359375,303.0
2025-05-06 10:32:00+00:00,108.328125,108.3359375,108.328125,108.3359375,391.0
2025-05-06 10:33:00+00:00,108.328125,108.328125,108.328125,108.328125,59.0
2025-05-06 10:34:00+00:00,108.3203125,108.3203125,108.3203125,108.3203125,363.0
2025-05-06 10:35:00+00:00,108.3125,108.3203125,108.3125,108.3203125,275.0
2025-05-06 10:36:00+00:00,108.328125,108.328125,108.3125,108.3203125,465.0
2025-05-06 10:37:00+00:00,108.328125,108.328125,108.3203125,108.328125,19.0
2025-05-06 10:38:00+00:00,108.3359375,108.3359375,108.328125,108.328125,1818.0
2025-05-06 10:39:00+00:00,108.3359375,108.3359375,108.3359375,108.3359375,496.0
2025-05-06 10:40:00+00:00,108.3359375,108.3359375,108.3359375,108.3359375,787.0
2025-05-06 10:41:00+00:00,108.3515625,108.3515625,108.34375,108.34375,1063.0
2025-05-06 10:42:00+00:00,108.34375,108.3515625,108.34375,108.3515625,753.0
2025-05-06 10:43:00+00:00,108.34375,108.34375,108.34375,108.34375,252.0
2025-05-06 10:44:00+00:00,108.3515625,108.359375,108.3515625,108.3515625,530.0
2025-05-06 10:45:00+00:00,108.3515625,108.3515625,108.3515625,108.3515625,208.0
2025-05-06 10:46:00+00:00,108.3515625,108.3515625,108.3515625,108.3515625,573.0
2025-05-06 10:47:00+00:00,108.3515625,108.3515625,108.3515625,108.3515625,187.0
2025-05-06 10:48:00+00:00,108.3515625,108.359375,108.3515625,108.359375,136.0
2025-05-06 10:49:00+00:00,108.3515625,108.3515625,108.3515625,108.3515625,242.0
2025-05-06 10:50:00+00:00,108.3515625,108.3515625,108.3515625,108.3515625,6.0
2025-05-06 10:51:00+00:00,108.34375,108.34375,108.34375,108.34375,162.0
2025-05-06 10:52:00+00:00,108.34375,108.34375,108.3359375,108.3359375,330.0
2025-05-06 10:53:00+00:00,108.34375,108.34375,108.34375,108.34375,81.0
2025-05-06 10:54:00+00:00,108.34375,108.34375,108.3359375,108.34375,255.0
2025-05-06 10:55:00+00:00,108.3515625,108.3515625,108.3515625,108.3515625,750.0
2025-05-06 10:56:00+00:00,108.3515625,108.3515625,108.3515625,108.3515625,53.0
2025-05-06 10:58:00+00:00,108.3515625,108.3515625,108.3515625,108.3515625,296.0
2025-05-06 10:59:00+00:00,108.3515625,108.3515625,108.3515625,108.3515625,137.0
2025-05-06 11:00:00+00:00,108.3515625,108.359375,108.34375,108.34375,694.0
2025-05-06 11:01:00+00:00,108.3515625,108.3515625,108.34375,108.3515625,264.0
2025-05-06 11:03:00+00:00,108.359375,108.359375,108.3515625,108.3515625,510.0
2025-05-06 11:04:00+00:00,108.3515625,108.359375,108.3515625,108.3515625,197.0
2025-05-06 11:05:00+00:00,108.34375,108.3515625,108.34375,108.3515625,96.0
2025-05-06 11:06:00+00:00,108.3515625,108.359375,108.3515625,108.3515625,733.0
2025-05-06 11:07:00+00:00,108.3515625,108.3515625,108.3515625,108.3515625,35.0
2025-05-06 11:08:00+00:00,108.359375,108.359375,108.34375,108.34375,973.0
2025-05-06 11:09:00+00:00,108.359375,108.359375,108.3515625,108.3515625,696.0
2025-05-06 11:10:00+00:00,108.359375,108.359375,108.359375,108.359375,308.0
2025-05-06 11:11:00+00:00,108.3515625,108.3515625,108.3515625,108.3515625,310.0
2025-05-06 11:12:00+00:00,108.3515625,108.359375,108.3515625,108.359375,54.0
2025-05-06 11:13:00+00:00,108.375,108.375,108.359375,108.359375,356.0
2025-05-06 11:14:00+00:00,108.375,108.375,108.375,108.375,804.0
2025-05-06 11:15:00+00:00,108.375,108.3828125,108.375,108.375,82.0
2025-05-06 11:16:00+00:00,108.3828125,108.390625,108.3828125,108.3828125,335.0
2025-05-06 11:17:00+00:00,108.3828125,108.390625,108.3828125,108.390625,202.0
2025-05-06 11:18:00+00:00,108.3671875,108.375,108.3671875,108.375,121.0
2025-05-06 11:19:00+00:00,108.375,108.375,108.375,108.375,245.0
2025-05-06 11:20:00+00:00,108.3828125,108.3828125,108.375,108.375,68.0
2025-05-06 11:22:00+00:00,108.3828125,108.3828125,108.3828125,108.3828125,216.0
2025-05-06 11:23:00+00:00,108.390625,108.3984375,108.375,108.3828125,3116.0
2025-05-06 11:24:00+00:00,108.40625,108.40625,108.3984375,108.3984375,1613.0
2025-05-06 11:25:00+00:00,108.3984375,108.3984375,108.3984375,108.3984375,633.0
2025-05-06 11:26:00+00:00,108.3984375,108.3984375,108.390625,108.390625,6.0
2025-05-06 11:27:00+00:00,108.390625,108.3984375,108.390625,108.3984375,307.0
2025-05-06 11:28:00+00:00,108.390625,108.390625,108.390625,108.390625,171.0
2025-05-06 11:29:00+00:00,108.390625,108.390625,108.390625,108.390625,1041.0
2025-05-06 11:30:00+00:00,108.3828125,108.390625,108.3828125,108.390625,126.0
2025-05-06 11:31:00+00:00,108.3828125,108.3828125,108.3828125,108.3828125,185.0
2025-05-06 11:32:00+00:00,108.3828125,108.3828125,108.3828125,108.3828125,660.0
2025-05-06 11:33:00+00:00,108.3828125,108.3828125,108.3828125,108.3828125,1010.0
2025-05-06 11:34:00+00:00,108.390625,108.390625,108.3828125,108.3828125,19.0
2025-05-06 11:35:00+00:00,108.3828125,108.3828125,108.3828125,108.3828125,674.0
2025-05-06 11:37:00+00:00,108.390625,108.390625,108.3828125,108.3828125,627.0
2025-05-06 11:38:00+00:00,108.3828125,108.390625,108.3828125,108.390625,723.0
2025-05-06 11:39:00+00:00,108.390625,108.390625,108.3828125,108.3828125,43.0
2025-05-06 11:40:00+00:00,108.3828125,108.3828125,108.3828125,108.3828125,731.0
2025-05-06 11:41:00+00:00,108.375,108.3828125,108.375,108.3828125,670.0
2025-05-06 11:42:00+00:00,108.375,108.375,108.3671875,108.375,906.0
2025-05-06 11:43:00+00:00,108.375,108.375,108.375,108.375,229.0
2025-05-06 11:44:00+00:00,108.3828125,108.3828125,108.375,108.375,553.0
2025-05-06 11:45:00+00:00,108.390625,108.390625,108.390625,108.390625,350.0
2025-05-06 11:46:00+00:00,108.390625,108.3984375,108.390625,108.390625,717.0
2025-05-06 11:47:00+00:00,108.3984375,108.3984375,108.3984375,108.3984375,186.0
2025-05-06 11:48:00+00:00,108.390625,108.390625,108.390625,108.390625,4664.0
2025-05-06 11:49:00+00:00,108.390625,108.390625,108.3828125,108.390625,788.0
2025-05-06 11:50:00+00:00,108.390625,108.40625,108.390625,108.3984375,2142.0
2025-05-06 11:51:00+00:00,108.390625,108.3984375,108.390625,108.390625,587.0
2025-05-06 11:52:00+00:00,108.390625,108.390625,108.3828125,108.3828125,142.0
2025-05-06 11:53:00+00:00,108.390625,108.390625,108.3828125,108.390625,222.0
2025-05-06 11:54:00+00:00,108.390625,108.390625,108.3828125,108.390625,344.0
2025-05-06 11:55:00+00:00,108.390625,108.390625,108.390625,108.390625,388.0
2025-05-06 11:56:00+00:00,108.4140625,108.4140625,108.390625,108.390625,2278.0
2025-05-06 11:57:00+00:00,108.4296875,108.4296875,108.4140625,108.4140625,1984.0
2025-05-06 11:58:00+00:00,108.4296875,108.4296875,108.421875,108.421875,185.0
2025-05-06 11:59:00+00:00,108.4140625,108.421875,108.4140625,108.421875,1009.0
2025-05-06 12:00:00+00:00,108.421875,108.421875,108.4140625,108.421875,2286.0
2025-05-06 12:01:00+00:00,108.40625,108.4140625,108.40625,108.4140625,1034.0
2025-05-06 12:02:00+00:00,108.40625,108.40625,108.3984375,108.40625,536.0
2025-05-06 12:03:00+00:00,108.390625,108.3984375,108.390625,108.3984375,846.0
2025-05-06 12:04:00+00:00,108.390625,108.3984375,108.390625,108.390625,203.0
2025-05-06 12:05:00+00:00,108.3984375,108.3984375,108.390625,108.3984375,983.0
2025-05-06 12:06:00+00:00,108.3984375,108.3984375,108.390625,108.3984375,1014.0
2025-05-06 12:07:00+00:00,108.40625,108.40625,108.3984375,108.3984375,560.0
2025-05-06 12:08:00+00:00,108.3984375,108.3984375,108.3984375,108.3984375,364.0
2025-05-06 12:09:00+00:00,108.3984375,108.40625,108.3984375,108.3984375,169.0
2025-05-06 12:10:00+00:00,108.3984375,108.3984375,108.3984375,108.3984375,1103.0
2025-05-06 12:11:00+00:00,108.4140625,108.4140625,108.3984375,108.3984375,1087.0
2025-05-06 12:12:00+00:00,108.40625,108.4140625,108.40625,108.4140625,900.0
2025-05-06 12:13:00+00:00,108.40625,108.40625,108.3984375,108.3984375,799.0
2025-05-06 12:14:00+00:00,108.40625,108.40625,108.3984375,108.40625,167.0
2025-05-06 12:15:00+00:00,108.40625,108.40625,108.3984375,108.40625,1550.0
2025-05-06 12:16:00+00:00,108.40625,108.40625,108.3984375,108.3984375,22.0
2025-05-06 12:17:00+00:00,108.40625,108.40625,108.3984375,108.40625,577.0
2025-05-06 12:18:00+00:00,108.4140625,108.4140625,108.40625,108.40625,903.0
2025-05-06 12:19:00+00:00,108.4140625,108.4140625,108.40625,108.4140625,458.0
2025-05-06 12:20:00+00:00,108.4140625,108.4296875,108.4140625,108.4140625,1325.0
2025-05-06 12:21:00+00:00,108.421875,108.4296875,108.4140625,108.4140625,2385.0
2025-05-06 12:22:00+00:00,108.4140625,108.4296875,108.4140625,108.421875,1337.0
2025-05-06 12:23:00+00:00,108.421875,108.4296875,108.4140625,108.4140625,375.0
2025-05-06 12:24:00+00:00,108.4140625,108.4296875,108.4140625,108.421875,1156.0
2025-05-06 12:25:00+00:00,108.4140625,108.4140625,108.40625,108.4140625,2762.0
2025-05-06 12:26:00+00:00,108.421875,108.421875,108.4140625,108.4140625,1235.0
2025-05-06 12:27:00+00:00,108.421875,108.4296875,108.421875,108.421875,1305.0
2025-05-06 12:28:00+00:00,108.421875,108.421875,108.4140625,108.421875,175.0
2025-05-06 12:29:00+00:00,108.4296875,108.4296875,108.421875,108.421875,782.0
2025-05-06 12:30:00+00:00,108.4296875,108.4296875,108.421875,108.4296875,2322.0
2025-05-06 12:31:00+00:00,108.4296875,108.4375,108.421875,108.421875,1169.0
2025-05-06 12:32:00+00:00,108.4453125,108.4453125,108.4375,108.4375,901.0
2025-05-06 12:33:00+00:00,108.4453125,108.453125,108.4375,108.4453125,2041.0
2025-05-06 12:34:00+00:00,108.4296875,108.4453125,108.4296875,108.4453125,549.0
2025-05-06 12:35:00+00:00,108.4375,108.4375,108.4296875,108.4375,578.0
2025-05-06 12:36:00+00:00,108.4375,108.4375,108.4296875,108.4375,1011.0
2025-05-06 12:37:00+00:00,108.453125,108.453125,108.4375,108.4375,837.0
2025-05-06 12:38:00+00:00,108.4609375,108.4609375,108.4453125,108.453125,1526.0
2025-05-06 12:39:00+00:00,108.4609375,108.4609375,108.453125,108.4609375,178.0
2025-05-06 12:40:00+00:00,108.484375,108.484375,108.4609375,108.4609375,2448.0
2025-05-06 12:41:00+00:00,108.4765625,108.484375,108.46875,108.484375,1302.0
2025-05-06 12:42:00+00:00,108.4765625,108.4765625,108.46875,108.4765625,1555.0
2025-05-06 12:43:00+00:00,108.46875,108.484375,108.46875,108.4765625,1876.0
2025-05-06 12:44:00+00:00,108.4765625,108.484375,108.4765625,108.4765625,320.0
2025-05-06 12:45:00+00:00,108.4609375,108.4765625,108.4609375,108.4765625,1920.0
2025-05-06 12:46:00+00:00,108.46875,108.46875,108.46875,108.46875,36.0
2025-05-06 12:47:00+00:00,108.4453125,108.4609375,108.4375,108.4609375,3223.0
2025-05-06 12:48:00+00:00,108.453125,108.453125,108.4453125,108.4453125,416.0
2025-05-06 12:49:00+00:00,108.46875,108.46875,108.453125,108.453125,750.0
2025-05-06 12:50:00+00:00,108.453125,108.4609375,108.453125,108.4609375,445.0
2025-05-06 12:51:00+00:00,108.46875,108.46875,108.4609375,108.4609375,521.0
2025-05-06 12:52:00+00:00,108.4609375,108.4609375,108.453125,108.4609375,303.0
2025-05-06 12:53:00+00:00,108.4609375,108.4609375,108.453125,108.453125,261.0
2025-05-06 12:54:00+00:00,108.46875,108.4765625,108.4609375,108.4609375,1517.0
2025-05-06 12:55:00+00:00,108.46875,108.46875,108.4609375,108.46875,560.0
2025-05-06 12:56:00+00:00,108.4765625,108.4765625,108.46875,108.46875,2274.0
2025-05-06 12:57:00+00:00,108.46875,108.484375,108.46875,108.4765625,1067.0
2025-05-06 12:58:00+00:00,108.46875,108.46875,108.4609375,108.46875,604.0
2025-05-06 12:59:00+00:00,108.453125,108.4609375,108.453125,108.4609375,705.0
2025-05-06 13:00:00+00:00,108.453125,108.453125,108.453125,108.453125,1096.0
2025-05-06 13:01:00+00:00,108.4609375,108.4609375,108.453125,108.453125,222.0
2025-05-06 13:02:00+00:00,108.453125,108.4609375,108.453125,108.4609375,4525.0
2025-05-06 13:03:00+00:00,108.4609375,108.4609375,108.453125,108.453125,279.0
2025-05-06 13:04:00+00:00,108.4609375,108.4609375,108.4453125,108.453125,909.0
2025-05-06 13:05:00+00:00,108.4609375,108.4609375,108.453125,108.453125,308.0
2025-05-06 13:06:00+00:00,108.453125,108.46875,108.453125,108.4609375,906.0
2025-05-06 13:07:00+00:00,108.4609375,108.4609375,108.453125,108.453125,1786.0
2025-05-06 13:08:00+00:00,108.4453125,108.453125,108.4453125,108.453125,490.0
2025-05-06 13:09:00+00:00,108.4375,108.453125,108.4296875,108.453125,799.0
2025-05-06 13:10:00+00:00,108.4375,108.4453125,108.4296875,108.4453125,1793.0
2025-05-06 13:11:00+00:00,108.4375,108.4453125,108.4375,108.4375,1518.0
2025-05-06 13:12:00+00:00,108.4375,108.4375,108.4296875,108.4296875,823.0
2025-05-06 13:13:00+00:00,108.4296875,108.4453125,108.4296875,108.4453125,462.0
2025-05-06 13:14:00+00:00,108.4375,108.4453125,108.4296875,108.4296875,1279.0
2025-05-06 13:15:00+00:00,108.4375,108.4375,108.4375,108.4375,1833.0
2025-05-06 13:16:00+00:00,108.421875,108.4375,108.421875,108.4296875,1821.0
2025-05-06 13:17:00+00:00,108.4296875,108.4375,108.4296875,108.4296875,1579.0
2025-05-06 13:18:00+00:00,108.4375,108.4453125,108.4296875,108.4296875,1954.0
2025-05-06 13:19:00+00:00,108.4375,108.4453125,108.4375,108.4375,709.0
2025-05-06 13:20:00+00:00,108.4375,108.4375,108.4375,108.4375,714.0
2025-05-06 13:21:00+00:00,108.4453125,108.4453125,108.4296875,108.4296875,86.0
2025-05-06 13:22:00+00:00,108.4375,108.4453125,108.4375,108.4375,300.0
2025-05-06 13:23:00+00:00,108.4453125,108.4453125,108.4296875,108.4296875,1054.0
2025-05-06 13:24:00+00:00,108.4375,108.4453125,108.4375,108.4453125,1361.0
2025-05-06 13:25:00+00:00,108.4375,108.4453125,108.4375,108.4375,1244.0
2025-05-06 13:26:00+00:00,108.4296875,108.4375,108.4296875,108.4375,3609.0
2025-05-06 13:27:00+00:00,108.4375,108.4375,108.4296875,108.4296875,2272.0
2025-05-06 13:28:00+00:00,108.421875,108.4296875,108.421875,108.4296875,1067.0
2025-05-06 13:29:00+00:00,108.421875,108.4296875,108.421875,108.4296875,1106.0
2025-05-06 13:30:00+00:00,108.4296875,108.4375,108.421875,108.4296875,6132.0
2025-05-06 13:31:00+00:00,108.421875,108.4375,108.421875,108.4296875,1682.0
2025-05-06 13:32:00+00:00,108.4296875,108.4296875,108.421875,108.421875,880.0
2025-05-06 13:33:00+00:00,108.4296875,108.4375,108.4296875,108.4296875,1682.0
2025-05-06 13:34:00+00:00,108.421875,108.4296875,108.421875,108.421875,1311.0
2025-05-06 13:35:00+00:00,108.4140625,108.4140625,108.4140625,108.4140625,528.0
2025-05-06 13:36:00+00:00,108.40625,108.421875,108.40625,108.4140625,2729.0
2025-05-06 13:37:00+00:00,108.3984375,108.40625,108.3984375,108.40625,10908.0
2025-05-06 13:38:00+00:00,108.390625,108.40625,108.390625,108.3984375,4365.0
2025-05-06 13:39:00+00:00,108.3828125,108.3984375,108.3828125,108.390625,2623.0
2025-05-06 13:40:00+00:00,108.390625,108.3984375,108.3828125,108.390625,2172.0
2025-05-06 13:41:00+00:00,108.3984375,108.3984375,108.3828125,108.390625,1986.0
2025-05-06 13:42:00+00:00,108.3984375,108.40625,108.390625,108.3984375,1534.0
2025-05-06 13:43:00+00:00,108.40625,108.40625,108.3984375,108.3984375,5125.0
2025-05-06 13:44:00+00:00,108.4140625,108.4140625,108.40625,108.40625,125.0
2025-05-06 13:45:00+00:00,108.40625,108.4140625,108.3984375,108.4140625,5412.0
2025-05-06 13:46:00+00:00,108.4140625,108.421875,108.40625,108.40625,2125.0
2025-05-06 13:47:00+00:00,108.421875,108.421875,108.4140625,108.421875,787.0
2025-05-06 13:48:00+00:00,108.40625,108.421875,108.40625,108.421875,1066.0
2025-05-06 13:49:00+00:00,108.421875,108.421875,108.40625,108.40625,1153.0
2025-05-06 13:50:00+00:00,108.4140625,108.4140625,108.4140625,108.4140625,1104.0
2025-05-06 13:51:00+00:00,108.421875,108.421875,108.40625,108.4140625,816.0
2025-05-06 13:52:00+00:00,108.4140625,108.421875,108.4140625,108.421875,2744.0
2025-05-06 13:53:00+00:00,108.40625,108.4140625,108.40625,108.40625,164.0
2025-05-06 13:54:00+00:00,108.3984375,108.4140625,108.3984375,108.4140625,382.0
2025-05-06 13:55:00+00:00,108.40625,108.40625,108.3984375,108.3984375,1293.0
2025-05-06 13:56:00+00:00,108.390625,108.3984375,108.390625,108.3984375,1518.0
2025-05-06 13:57:00+00:00,108.40625,108.40625,108.390625,108.390625,1578.0
2025-05-06 13:58:00+00:00,108.3984375,108.40625,108.390625,108.40625,1967.0
2025-05-06 13:59:00+00:00,108.40625,108.40625,108.390625,108.3984375,739.0
2025-05-06 14:00:00+00:00,108.4140625,108.4296875,108.40625,108.40625,1214.0
2025-05-06 14:01:00+00:00,108.40625,108.421875,108.3984375,108.4140625,2867.0
2025-05-06 14:02:00+00:00,108.3828125,108.40625,108.3828125,108.40625,1500.0
2025-05-06 14:03:00+00:00,108.3828125,108.3828125,108.375,108.3828125,1663.0
2025-05-06 14:04:00+00:00,108.3828125,108.3828125,108.3828125,108.3828125,891.0
2025-05-06 14:05:00+00:00,108.390625,108.390625,108.375,108.375,383.0
2025-05-06 14:06:00+00:00,108.3828125,108.390625,108.375,108.3828125,2466.0
2025-05-06 14:07:00+00:00,108.375,108.3828125,108.359375,108.3828125,1458.0
2025-05-06 14:08:00+00:00,108.3671875,108.375,108.3671875,108.375,481.0
2025-05-06 14:09:00+00:00,108.375,108.375,108.3671875,108.3671875,3774.0
2025-05-06 14:10:00+00:00,108.375,108.375,108.3671875,108.375,646.0
2025-05-06 14:11:00+00:00,108.3828125,108.390625,108.3671875,108.375,1510.0
2025-05-06 14:12:00+00:00,108.3671875,108.390625,108.3671875,108.390625,1666.0
2025-05-06 14:13:00+00:00,108.375,108.375,108.3671875,108.3671875,621.0
2025-05-06 14:14:00+00:00,108.3671875,108.375,108.3671875,108.375,595.0
2025-05-06 14:15:00+00:00,108.3671875,108.3671875,108.359375,108.3671875,3288.0
2025-05-06 14:16:00+00:00,108.359375,108.3671875,108.359375,108.359375,969.0
2025-05-06 14:17:00+00:00,108.3671875,108.3671875,108.359375,108.359375,340.0
2025-05-06 14:18:00+00:00,108.375,108.375,108.359375,108.3671875,1145.0
2025-05-06 14:19:00+00:00,108.3671875,108.375,108.359375,108.375,2264.0
2025-05-06 14:20:00+00:00,108.375,108.375,108.359375,108.3671875,1821.0
2025-05-06 14:21:00+00:00,108.3671875,108.375,108.3671875,108.375,1084.0
2025-05-06 14:22:00+00:00,108.375,108.3828125,108.3671875,108.375,2517.0
2025-05-06 14:23:00+00:00,108.375,108.375,108.3671875,108.3671875,3610.0
2025-05-06 14:24:00+00:00,108.359375,108.375,108.3515625,108.375,3369.0
2025-05-06 14:25:00+00:00,108.3515625,108.359375,108.3515625,108.359375,1411.0
2025-05-06 14:26:00+00:00,108.3515625,108.359375,108.3515625,108.359375,710.0
2025-05-06 14:27:00+00:00,108.3671875,108.375,108.359375,108.359375,1353.0
2025-05-06 14:28:00+00:00,108.375,108.375,108.3671875,108.3671875,466.0
2025-05-06 14:29:00+00:00,108.359375,108.375,108.359375,108.375,2232.0
2025-05-06 14:30:00+00:00,108.3671875,108.3671875,108.359375,108.359375,3675.0
2025-05-06 14:31:00+00:00,108.359375,108.375,108.359375,108.3671875,2124.0
2025-05-06 14:32:00+00:00,108.3671875,108.3671875,108.359375,108.3671875,2498.0
2025-05-06 14:33:00+00:00,108.3984375,108.3984375,108.359375,108.3671875,3864.0
2025-05-06 14:34:00+00:00,108.390625,108.40625,108.3828125,108.3984375,1677.0
2025-05-06 14:35:00+00:00,108.390625,108.3984375,108.3828125,108.390625,1168.0
2025-05-06 14:36:00+00:00,108.390625,108.3984375,108.3828125,108.390625,1933.0
2025-05-06 14:37:00+00:00,108.390625,108.3984375,108.390625,108.3984375,641.0
2025-05-06 14:38:00+00:00,108.3984375,108.40625,108.390625,108.390625,2708.0
2025-05-06 14:39:00+00:00,108.40625,108.40625,108.390625,108.390625,458.0
2025-05-06 14:40:00+00:00,108.4140625,108.4140625,108.3984375,108.40625,1079.0
2025-05-06 14:41:00+00:00,108.4375,108.4375,108.40625,108.40625,3364.0
2025-05-06 14:42:00+00:00,108.4296875,108.4296875,108.421875,108.4296875,1056.0
2025-05-06 14:43:00+00:00,108.4375,108.4453125,108.4296875,108.4296875,2795.0
2025-05-06 14:44:00+00:00,108.4375,108.4375,108.421875,108.4296875,1400.0
2025-05-06 14:45:00+00:00,108.4375,108.4453125,108.4296875,108.4375,2140.0
2025-05-06 14:46:00+00:00,108.4453125,108.4453125,108.4375,108.4375,1069.0
2025-05-06 14:47:00+00:00,108.4296875,108.4453125,108.4296875,108.4375,606.0
2025-05-06 14:48:00+00:00,108.4375,108.4453125,108.4296875,108.4375,476.0
2025-05-06 14:49:00+00:00,108.4296875,108.4453125,108.421875,108.4375,3416.0
2025-05-06 14:50:00+00:00,108.4296875,108.4453125,108.4296875,108.4296875,2510.0
2025-05-06 14:51:00+00:00,108.421875,108.4296875,108.4140625,108.4296875,2286.0
2025-05-06 14:52:00+00:00,108.421875,108.4296875,108.4140625,108.4140625,1360.0
2025-05-06 14:53:00+00:00,108.4296875,108.4296875,108.421875,108.421875,777.0
2025-05-06 14:54:00+00:00,108.4296875,108.4296875,108.421875,108.4296875,2408.0
2025-05-06 14:55:00+00:00,108.4296875,108.4296875,108.421875,108.421875,668.0
2025-05-06 14:56:00+00:00,108.421875,108.4296875,108.421875,108.4296875,1002.0
2025-05-06 14:57:00+00:00,108.4296875,108.4296875,108.421875,108.421875,821.0
2025-05-06 14:58:00+00:00,108.4296875,108.4296875,108.421875,108.4296875,1700.0
2025-05-06 14:59:00+00:00,108.4296875,108.4296875,108.421875,108.4296875,1677.0
2025-05-06 15:00:00+00:00,108.421875,108.4375,108.421875,108.4296875,1155.0
2025-05-06 15:01:00+00:00,108.4140625,108.421875,108.4140625,108.421875,666.0
2025-05-06 15:02:00+00:00,108.4140625,108.421875,108.40625,108.4140625,1682.0
2025-05-06 15:03:00+00:00,108.4296875,108.4375,108.4140625,108.4140625,4316.0
2025-05-06 15:04:00+00:00,108.4296875,108.4375,108.4296875,108.4296875,1792.0
2025-05-06 15:05:00+00:00,108.4375,108.4375,108.4296875,108.4296875,1229.0
2025-05-06 15:06:00+00:00,108.4375,108.4453125,108.4375,108.4375,1275.0
2025-05-06 15:07:00+00:00,108.4453125,108.453125,108.4375,108.4453125,5104.0
2025-05-06 15:08:00+00:00,108.4375,108.453125,108.4375,108.4453125,1645.0
2025-05-06 15:09:00+00:00,108.453125,108.453125,108.4375,108.4375,847.0
2025-05-06 15:10:00+00:00,108.453125,108.453125,108.4453125,108.4453125,699.0
2025-05-06 15:11:00+00:00,108.4453125,108.453125,108.4453125,108.4453125,2238.0
2025-05-06 15:12:00+00:00,108.4375,108.4453125,108.4375,108.4453125,3025.0
2025-05-06 15:13:00+00:00,108.4296875,108.4375,108.4296875,108.4375,1752.0
2025-05-06 15:14:00+00:00,108.4375,108.4375,108.421875,108.4296875,918.0
2025-05-06 15:15:00+00:00,108.4140625,108.4375,108.40625,108.4375,6718.0
2025-05-06 15:16:00+00:00,108.421875,108.421875,108.40625,108.421875,1783.0
2025-05-06 15:17:00+00:00,108.4140625,108.421875,108.4140625,108.4140625,1397.0
2025-05-06 15:18:00+00:00,108.421875,108.421875,108.40625,108.4140625,1819.0
2025-05-06 15:19:00+00:00,108.4140625,108.421875,108.4140625,108.4140625,1669.0
2025-05-06 15:20:00+00:00,108.4140625,108.4140625,108.40625,108.4140625,902.0
2025-05-06 15:21:00+00:00,108.4140625,108.421875,108.40625,108.421875,1158.0
2025-05-06 15:22:00+00:00,108.421875,108.421875,108.4140625,108.4140625,242.0
2025-05-06 15:23:00+00:00,108.421875,108.4296875,108.4140625,108.421875,1012.0
2025-05-06 15:24:00+00:00,108.4296875,108.4296875,108.421875,108.421875,641.0
2025-05-06 15:25:00+00:00,108.4296875,108.4296875,108.421875,108.421875,111.0
2025-05-06 15:26:00+00:00,108.4296875,108.4296875,108.421875,108.4296875,1024.0
2025-05-06 15:27:00+00:00,108.4296875,108.4296875,108.421875,108.4296875,956.0
2025-05-06 15:28:00+00:00,108.4375,108.4375,108.4296875,108.4296875,2836.0
2025-05-06 15:29:00+00:00,108.4375,108.4375,108.4296875,108.4375,180.0
2025-05-06 15:30:00+00:00,108.4375,108.4453125,108.4296875,108.4375,1003.0
2025-05-06 15:31:00+00:00,108.4375,108.4453125,108.4296875,108.4453125,283.0
2025-05-06 15:32:00+00:00,108.4453125,108.4453125,108.421875,108.4296875,7740.0
2025-05-06 15:33:00+00:00,108.4453125,108.4453125,108.4375,108.4453125,591.0
2025-05-06 15:34:00+00:00,108.4296875,108.4453125,108.4296875,108.4375,908.0
2025-05-06 15:35:00+00:00,108.421875,108.4296875,108.421875,108.421875,516.0
2025-05-06 15:36:00+00:00,108.4375,108.4375,108.4296875,108.4296875,839.0
2025-05-06 15:37:00+00:00,108.4296875,108.4375,108.4296875,108.4296875,537.0
2025-05-06 15:38:00+00:00,108.4375,108.4375,108.421875,108.421875,1162.0
2025-05-06 15:39:00+00:00,108.4375,108.4375,108.4296875,108.4375,985.0
2025-05-06 15:40:00+00:00,108.4375,108.4375,108.4296875,108.4375,129.0
2025-05-06 15:41:00+00:00,108.4375,108.4375,108.4296875,108.4296875,80.0
2025-05-06 15:42:00+00:00,108.4375,108.4375,108.4375,108.4375,1182.0
2025-05-06 15:43:00+00:00,108.4453125,108.4453125,108.4296875,108.4375,684.0
2025-05-06 15:44:00+00:00,108.4453125,108.4453125,108.4375,108.4375,297.0
2025-05-06 15:45:00+00:00,108.4375,108.4453125,108.4375,108.4453125,1017.0
2025-05-06 15:46:00+00:00,108.4375,108.4375,108.4296875,108.4296875,370.0
2025-05-06 15:47:00+00:00,108.4375,108.4375,108.4296875,108.4375,109.0
2025-05-06 15:48:00+00:00,108.4375,108.4375,108.4296875,108.4296875,412.0
2025-05-06 15:49:00+00:00,108.4296875,108.4375,108.4296875,108.4296875,232.0
2025-05-06 15:50:00+00:00,108.4296875,108.4296875,108.4296875,108.4296875,1347.0
2025-05-06 15:51:00+00:00,108.4375,108.4375,108.4296875,108.4296875,812.0
2025-05-06 15:52:00+00:00,108.4296875,108.4296875,108.4296875,108.4296875,738.0
2025-05-06 15:53:00+00:00,108.4375,108.4375,108.4296875,108.4296875,1069.0
2025-05-06 15:54:00+00:00,108.4296875,108.4375,108.4296875,108.4375,590.0
2025-05-06 15:55:00+00:00,108.4296875,108.4296875,108.421875,108.4296875,294.0
2025-05-06 15:56:00+00:00,108.4375,108.4375,108.4296875,108.4296875,2337.0
2025-05-06 15:57:00+00:00,108.4453125,108.4453125,108.4375,108.4375,525.0
2025-05-06 15:58:00+00:00,108.4375,108.4453125,108.4375,108.4453125,133.0
2025-05-06 15:59:00+00:00,108.453125,108.453125,108.4375,108.4453125,2176.0
2025-05-06 16:00:00+00:00,108.453125,108.4609375,108.4453125,108.453125,2241.0
2025-05-06 16:01:00+00:00,108.4453125,108.453125,108.4453125,108.453125,265.0
2025-05-06 16:02:00+00:00,108.4375,108.4453125,108.4296875,108.4453125,447.0
2025-05-06 16:03:00+00:00,108.4375,108.4453125,108.4375,108.4453125,422.0
2025-05-06 16:04:00+00:00,108.4375,108.4453125,108.4296875,108.4453125,314.0
2025-05-06 16:05:00+00:00,108.4375,108.4375,108.4296875,108.4375,504.0
2025-05-06 16:06:00+00:00,108.4375,108.4453125,108.4375,108.4375,1170.0
2025-05-06 16:07:00+00:00,108.4296875,108.4375,108.4296875,108.4375,1101.0
2025-05-06 16:08:00+00:00,108.4296875,108.4375,108.4296875,108.4375,596.0
2025-05-06 16:09:00+00:00,108.4375,108.4375,108.4375,108.4375,506.0
2025-05-06 16:10:00+00:00,108.4375,108.4453125,108.4375,108.4453125,281.0
2025-05-06 16:11:00+00:00,108.421875,108.4375,108.421875,108.4375,2209.0
2025-05-06 16:12:00+00:00,108.421875,108.4296875,108.421875,108.4296875,108.0
2025-05-06 16:13:00+00:00,108.4140625,108.4296875,108.40625,108.4296875,1488.0
2025-05-06 16:14:00+00:00,108.40625,108.421875,108.40625,108.421875,1500.0
2025-05-06 16:15:00+00:00,108.40625,108.40625,108.40625,108.40625,739.0
2025-05-06 16:16:00+00:00,108.40625,108.4140625,108.3984375,108.4140625,1634.0
2025-05-06 16:17:00+00:00,108.3984375,108.4140625,108.3984375,108.40625,245.0
2025-05-06 16:18:00+00:00,108.40625,108.40625,108.3984375,108.40625,478.0
2025-05-06 16:19:00+00:00,108.390625,108.40625,108.390625,108.40625,1383.0
2025-05-06 16:20:00+00:00,108.390625,108.3984375,108.390625,108.3984375,776.0
2025-05-06 16:21:00+00:00,108.3984375,108.40625,108.390625,108.3984375,1342.0
2025-05-06 16:22:00+00:00,108.3984375,108.3984375,108.390625,108.390625,1594.0
2025-05-06 16:23:00+00:00,108.3984375,108.4140625,108.3984375,108.40625,1413.0
2025-05-06 16:24:00+00:00,108.421875,108.421875,108.40625,108.40625,1468.0
2025-05-06 16:25:00+00:00,108.421875,108.421875,108.4140625,108.421875,906.0
2025-05-06 16:26:00+00:00,108.4140625,108.4140625,108.40625,108.4140625,1410.0
2025-05-06 16:27:00+00:00,108.40625,108.4140625,108.40625,108.4140625,542.0
2025-05-06 16:28:00+00:00,108.4140625,108.4140625,108.40625,108.4140625,339.0
2025-05-06 16:29:00+00:00,108.4140625,108.4140625,108.4140625,108.4140625,946.0
2025-05-06 16:30:00+00:00,108.40625,108.4140625,108.40625,108.4140625,489.0
2025-05-06 16:31:00+00:00,108.421875,108.421875,108.40625,108.4140625,1249.0
2025-05-06 16:32:00+00:00,108.421875,108.421875,108.4140625,108.421875,432.0
2025-05-06 16:33:00+00:00,108.4140625,108.421875,108.40625,108.421875,146.0
2025-05-06 16:34:00+00:00,108.40625,108.4140625,108.40625,108.4140625,24.0
2025-05-06 16:35:00+00:00,108.4140625,108.4140625,108.40625,108.4140625,1130.0
2025-05-06 16:36:00+00:00,108.421875,108.4296875,108.421875,108.421875,1518.0
2025-05-06 16:37:00+00:00,108.4296875,108.4296875,108.421875,108.4296875,180.0
2025-05-06 16:38:00+00:00,108.4140625,108.4296875,108.4140625,108.4296875,1590.0
2025-05-06 16:39:00+00:00,108.4140625,108.421875,108.4140625,108.4140625,969.0
2025-05-06 16:40:00+00:00,108.40625,108.4140625,108.3984375,108.4140625,1207.0
2025-05-06 16:41:00+00:00,108.40625,108.40625,108.40625,108.40625,856.0
2025-05-06 16:42:00+00:00,108.4140625,108.421875,108.40625,108.40625,838.0
2025-05-06 16:43:00+00:00,108.4140625,108.421875,108.40625,108.4140625,5617.0
2025-05-06 16:44:00+00:00,108.421875,108.421875,108.4140625,108.421875,133.0
2025-05-06 16:45:00+00:00,108.4140625,108.421875,108.4140625,108.421875,244.0
2025-05-06 16:46:00+00:00,108.421875,108.421875,108.4140625,108.421875,35.0
2025-05-06 16:47:00+00:00,108.4140625,108.421875,108.4140625,108.4140625,987.0
2025-05-06 16:48:00+00:00,108.40625,108.4140625,108.3984375,108.40625,1684.0
2025-05-06 16:49:00+00:00,108.421875,108.421875,108.40625,108.40625,444.0
2025-05-06 16:50:00+00:00,108.421875,108.421875,108.4140625,108.421875,1022.0
2025-05-06 16:51:00+00:00,108.421875,108.421875,108.4140625,108.421875,1042.0
2025-05-06 16:52:00+00:00,108.4296875,108.4296875,108.421875,108.421875,1305.0
2025-05-06 16:53:00+00:00,108.4296875,108.4375,108.4296875,108.4296875,68.0
2025-05-06 16:54:00+00:00,108.4296875,108.4296875,108.421875,108.4296875,1419.0
2025-05-06 16:55:00+00:00,108.4375,108.4375,108.4296875,108.4375,2061.0
2025-05-06 16:56:00+00:00,108.4375,108.4375,108.4296875,108.4375,764.0
2025-05-06 16:57:00+00:00,108.4296875,108.4375,108.421875,108.4375,893.0
2025-05-06 16:58:00+00:00,108.4296875,108.4296875,108.4296875,108.4296875,1080.0
2025-05-06 16:59:00+00:00,108.4453125,108.4453125,108.421875,108.4296875,1594.0
2025-05-06 17:00:00+00:00,108.4375,108.4453125,108.4296875,108.4453125,583.0
2025-05-06 17:01:00+00:00,108.4453125,108.4453125,108.4375,108.4375,641.0
2025-05-06 17:02:00+00:00,108.4765625,108.484375,108.4453125,108.4453125,6596.0
2025-05-06 17:03:00+00:00,108.4921875,108.5,108.4765625,108.484375,3957.0
2025-05-06 17:04:00+00:00,108.4921875,108.5,108.484375,108.4921875,1642.0
2025-05-06 17:05:00+00:00,108.4921875,108.5078125,108.4921875,108.5,2099.0
2025-05-06 17:06:00+00:00,108.5078125,108.5078125,108.4921875,108.4921875,1706.0
2025-05-06 17:07:00+00:00,108.5078125,108.515625,108.5,108.5078125,3891.0
2025-05-06 17:08:00+00:00,108.5078125,108.515625,108.5,108.5078125,2492.0
2025-05-06 17:09:00+00:00,108.5078125,108.5078125,108.5,108.5078125,1585.0
2025-05-06 17:10:00+00:00,108.515625,108.515625,108.5078125,108.5078125,891.0
2025-05-06 17:11:00+00:00,108.515625,108.5234375,108.5078125,108.515625,1866.0
2025-05-06 17:12:00+00:00,108.515625,108.5234375,108.515625,108.5234375,149.0
2025-05-06 17:13:00+00:00,108.515625,108.515625,108.5078125,108.515625,2839.0
2025-05-06 17:14:00+00:00,108.515625,108.5234375,108.515625,108.515625,1416.0
2025-05-06 17:15:00+00:00,108.5390625,108.5390625,108.5234375,108.5234375,1800.0
2025-05-06 17:16:00+00:00,108.5390625,108.5390625,108.53125,108.53125,1223.0
2025-05-06 17:17:00+00:00,108.53125,108.5390625,108.53125,108.5390625,871.0
2025-05-06 17:18:00+00:00,108.53125,108.5390625,108.5234375,108.5390625,1390.0
2025-05-06 17:19:00+00:00,108.5390625,108.5390625,108.53125,108.5390625,105.0
2025-05-06 17:20:00+00:00,108.515625,108.5390625,108.515625,108.5390625,1319.0
2025-05-06 17:21:00+00:00,108.5234375,108.5234375,108.515625,108.515625,887.0
2025-05-06 17:22:00+00:00,108.515625,108.53125,108.515625,108.5234375,792.0
2025-05-06 17:23:00+00:00,108.5234375,108.5234375,108.515625,108.5234375,326.0
2025-05-06 17:24:00+00:00,108.5390625,108.5390625,108.5234375,108.5234375,882.0
2025-05-06 17:25:00+00:00,108.5234375,108.5390625,108.5234375,108.5390625,946.0
2025-05-06 17:26:00+00:00,108.5234375,108.53125,108.5234375,108.53125,487.0
2025-05-06 17:27:00+00:00,108.53125,108.53125,108.5234375,108.53125,86.0
2025-05-06 17:28:00+00:00,108.53125,108.53125,108.5234375,108.5234375,472.0
2025-05-06 17:29:00+00:00,108.53125,108.53125,108.53125,108.53125,36.0
2025-05-06 17:30:00+00:00,108.515625,108.53125,108.515625,108.53125,443.0
2025-05-06 17:31:00+00:00,108.5234375,108.5234375,108.515625,108.5234375,1880.0
2025-05-06 17:32:00+00:00,108.5078125,108.515625,108.5,108.515625,1126.0
2025-05-06 17:33:00+00:00,108.5078125,108.515625,108.5,108.5078125,307.0
2025-05-06 17:34:00+00:00,108.515625,108.515625,108.5,108.515625,460.0
2025-05-06 17:35:00+00:00,108.515625,108.515625,108.5078125,108.5078125,481.0
2025-05-06 17:36:00+00:00,108.515625,108.515625,108.5078125,108.515625,716.0
2025-05-06 17:37:00+00:00,108.5234375,108.53125,108.515625,108.5234375,2752.0
2025-05-06 17:38:00+00:00,108.515625,108.53125,108.515625,108.53125,595.0
2025-05-06 17:39:00+00:00,108.5078125,108.5234375,108.5078125,108.515625,924.0
2025-05-06 17:40:00+00:00,108.515625,108.5234375,108.5078125,108.515625,1971.0
2025-05-06 17:41:00+00:00,108.5078125,108.515625,108.5078125,108.5078125,1757.0
2025-05-06 17:42:00+00:00,108.5078125,108.5078125,108.5,108.5078125,701.0
2025-05-06 17:43:00+00:00,108.5078125,108.5078125,108.5,108.5078125,320.0
2025-05-06 17:44:00+00:00,108.5,108.5078125,108.5,108.5,463.0
2025-05-06 17:45:00+00:00,108.5234375,108.5234375,108.5,108.5078125,1204.0
2025-05-06 17:46:00+00:00,108.53125,108.53125,108.5234375,108.5234375,391.0
2025-05-06 17:47:00+00:00,108.5234375,108.53125,108.5234375,108.53125,1194.0
2025-05-06 17:48:00+00:00,108.5234375,108.53125,108.5234375,108.53125,26.0
2025-05-06 17:49:00+00:00,108.53125,108.5390625,108.5234375,108.5234375,2100.0
2025-05-06 17:50:00+00:00,108.53125,108.53125,108.5234375,108.53125,2789.0
2025-05-06 17:51:00+00:00,108.5234375,108.53125,108.5234375,108.5234375,1973.0
2025-05-06 17:52:00+00:00,108.515625,108.53125,108.515625,108.5234375,500.0
2025-05-06 17:53:00+00:00,108.515625,108.5234375,108.515625,108.515625,761.0
2025-05-06 17:54:00+00:00,108.515625,108.5234375,108.515625,108.515625,455.0
2025-05-06 17:55:00+00:00,108.5234375,108.5234375,108.515625,108.515625,534.0
2025-05-06 17:56:00+00:00,108.515625,108.53125,108.515625,108.5234375,1625.0
2025-05-06 17:57:00+00:00,108.5078125,108.515625,108.5078125,108.515625,1088.0
2025-05-06 17:58:00+00:00,108.5078125,108.515625,108.5078125,108.5078125,1243.0
2025-05-06 17:59:00+00:00,108.515625,108.5234375,108.515625,108.515625,2071.0
2025-05-06 18:00:00+00:00,108.515625,108.5234375,108.515625,108.5234375,2068.0
2025-05-06 18:01:00+00:00,108.5,108.515625,108.5,108.515625,2753.0
2025-05-06 18:02:00+00:00,108.484375,108.5078125,108.484375,108.5078125,903.0
2025-05-06 18:03:00+00:00,108.4765625,108.484375,108.4765625,108.484375,1647.0
2025-05-06 18:04:00+00:00,108.46875,108.4921875,108.46875,108.4765625,3298.0
2025-05-06 18:05:00+00:00,108.4765625,108.4921875,108.4765625,108.4765625,1391.0
2025-05-06 18:06:00+00:00,108.484375,108.4921875,108.4765625,108.484375,613.0
2025-05-06 18:07:00+00:00,108.4921875,108.4921875,108.484375,108.484375,682.0
2025-05-06 18:08:00+00:00,108.5,108.5,108.4921875,108.4921875,447.0
2025-05-06 18:09:00+00:00,108.484375,108.5,108.484375,108.5,771.0
2025-05-06 18:10:00+00:00,108.4921875,108.4921875,108.484375,108.4921875,313.0
2025-05-06 18:11:00+00:00,108.4921875,108.5,108.484375,108.4921875,966.0
2025-05-06 18:12:00+00:00,108.4921875,108.5,108.484375,108.484375,701.0
2025-05-06 18:13:00+00:00,108.4921875,108.5,108.4921875,108.5,519.0
2025-05-06 18:14:00+00:00,108.5,108.5,108.4921875,108.4921875,434.0
2025-05-06 18:15:00+00:00,108.5,108.5,108.5,108.5,1370.0
2025-05-06 18:16:00+00:00,108.4921875,108.5,108.4921875,108.5,3347.0
2025-05-06 18:17:00+00:00,108.4921875,108.4921875,108.484375,108.4921875,323.0
2025-05-06 18:18:00+00:00,108.4921875,108.4921875,108.484375,108.4921875,575.0
2025-05-06 18:19:00+00:00,108.484375,108.5,108.484375,108.4921875,3267.0
2025-05-06 18:20:00+00:00,108.484375,108.4921875,108.484375,108.484375,241.0
2025-05-06 18:21:00+00:00,108.484375,108.4921875,108.484375,108.4921875,255.0
2025-05-06 18:22:00+00:00,108.4921875,108.4921875,108.484375,108.484375,655.0
2025-05-06 18:23:00+00:00,108.4765625,108.4921875,108.46875,108.4921875,7221.0
2025-05-06 18:24:00+00:00,108.484375,108.484375,108.4765625,108.484375,299.0
2025-05-06 18:25:00+00:00,108.484375,108.484375,108.484375,108.484375,129.0
2025-05-06 18:26:00+00:00,108.4921875,108.4921875,108.4765625,108.484375,1532.0
2025-05-06 18:27:00+00:00,108.4921875,108.4921875,108.4921875,108.4921875,55.0
2025-05-06 18:28:00+00:00,108.4765625,108.4921875,108.4765625,108.484375,1808.0
2025-05-06 18:29:00+00:00,108.4921875,108.5,108.484375,108.484375,3935.0
2025-05-06 18:30:00+00:00,108.5,108.5,108.4921875,108.4921875,1549.0
2025-05-06 18:31:00+00:00,108.5078125,108.5078125,108.5,108.5,1484.0
2025-05-06 18:32:00+00:00,108.515625,108.515625,108.5,108.5078125,1973.0
2025-05-06 18:33:00+00:00,108.5078125,108.515625,108.5078125,108.515625,3536.0
2025-05-06 18:34:00+00:00,108.5078125,108.515625,108.5078125,108.5078125,3596.0
2025-05-06 18:35:00+00:00,108.515625,108.515625,108.5078125,108.515625,1251.0
2025-05-06 18:36:00+00:00,108.515625,108.5234375,108.515625,108.515625,299.0
2025-05-06 18:37:00+00:00,108.515625,108.5234375,108.5078125,108.515625,3082.0
2025-05-06 18:38:00+00:00,108.515625,108.515625,108.5078125,108.515625,370.0
2025-05-06 18:39:00+00:00,108.5078125,108.5234375,108.5078125,108.515625,1975.0
2025-05-06 18:40:00+00:00,108.5078125,108.515625,108.5,108.5078125,1055.0
2025-05-06 18:41:00+00:00,108.515625,108.515625,108.5078125,108.5078125,908.0
2025-05-06 18:42:00+00:00,108.5078125,108.515625,108.5078125,108.515625,1202.0
2025-05-06 18:43:00+00:00,108.5,108.515625,108.5,108.5078125,959.0
2025-05-06 18:44:00+00:00,108.515625,108.515625,108.5,108.5,735.0
2025-05-06 18:45:00+00:00,108.5078125,108.515625,108.5078125,108.515625,590.0
2025-05-06 18:46:00+00:00,108.515625,108.515625,108.5078125,108.5078125,1007.0
2025-05-06 18:47:00+00:00,108.515625,108.515625,108.5078125,108.5078125,2246.0
2025-05-06 18:48:00+00:00,108.515625,108.515625,108.5078125,108.5078125,135.0
2025-05-06 18:49:00+00:00,108.5078125,108.515625,108.5078125,108.515625,19.0
2025-05-06 18:50:00+00:00,108.5234375,108.5234375,108.515625,108.515625,894.0
2025-05-06 18:51:00+00:00,108.5234375,108.5234375,108.5234375,108.5234375,471.0
2025-05-06 18:52:00+00:00,108.515625,108.5234375,108.515625,108.515625,36.0
2025-05-06 18:53:00+00:00,108.515625,108.5234375,108.515625,108.515625,2063.0
2025-05-06 18:54:00+00:00,108.5234375,108.5234375,108.5234375,108.5234375,1050.0
2025-05-06 18:55:00+00:00,108.5234375,108.53125,108.5234375,108.53125,1108.0
2025-05-06 18:56:00+00:00,108.515625,108.5234375,108.515625,108.515625,115.0
2025-05-06 18:57:00+00:00,108.5234375,108.5390625,108.515625,108.5234375,1720.0
2025-05-06 18:58:00+00:00,108.53125,108.5390625,108.5234375,108.53125,5444.0
2025-05-06 18:59:00+00:00,108.5234375,108.5390625,108.515625,108.53125,12587.0
2025-05-06 19:00:00+00:00,108.5390625,108.546875,108.5234375,108.5234375,2157.0
2025-05-06 19:01:00+00:00,108.53125,108.546875,108.53125,108.5390625,1137.0
2025-05-06 19:02:00+00:00,108.53125,108.53125,108.5234375,108.53125,910.0
2025-05-06 19:03:00+00:00,108.515625,108.53125,108.515625,108.5234375,1960.0
2025-05-06 19:04:00+00:00,108.5234375,108.5234375,108.515625,108.5234375,765.0
2025-05-06 19:05:00+00:00,108.515625,108.53125,108.515625,108.5234375,1433.0
2025-05-06 19:06:00+00:00,108.515625,108.5234375,108.515625,108.515625,1017.0
2025-05-06 19:07:00+00:00,108.515625,108.515625,108.515625,108.515625,154.0
2025-05-06 19:08:00+00:00,108.515625,108.5234375,108.515625,108.515625,215.0
2025-05-06 19:09:00+00:00,108.5234375,108.5234375,108.515625,108.515625,501.0
2025-05-06 19:10:00+00:00,108.5234375,108.53125,108.5234375,108.5234375,1399.0
2025-05-06 19:11:00+00:00,108.5234375,108.53125,108.5234375,108.5234375,267.0
2025-05-06 19:12:00+00:00,108.5234375,108.53125,108.5234375,108.5234375,499.0
2025-05-06 19:13:00+00:00,108.5234375,108.53125,108.5234375,108.5234375,371.0
2025-05-06 19:14:00+00:00,108.5234375,108.53125,108.515625,108.5234375,1699.0
2025-05-06 19:15:00+00:00,108.53125,108.5390625,108.5234375,108.5234375,453.0
2025-05-06 19:16:00+00:00,108.53125,108.5390625,108.53125,108.5390625,29.0
2025-05-06 19:17:00+00:00,108.53125,108.5390625,108.53125,108.5390625,93.0
2025-05-06 19:18:00+00:00,108.5234375,108.5390625,108.5234375,108.53125,452.0
2025-05-06 19:19:00+00:00,108.5234375,108.53125,108.5234375,108.53125,722.0
2025-05-06 19:20:00+00:00,108.53125,108.53125,108.5234375,108.5234375,857.0
2025-05-06 19:21:00+00:00,108.53125,108.53125,108.53125,108.53125,41.0
2025-05-06 19:23:00+00:00,108.5234375,108.5390625,108.5234375,108.53125,2308.0
2025-05-06 19:24:00+00:00,108.53125,108.53125,108.53125,108.53125,5.0
2025-05-06 19:25:00+00:00,108.5390625,108.5390625,108.53125,108.53125,2582.0
2025-05-06 19:26:00+00:00,108.5390625,108.546875,108.53125,108.5390625,1104.0
2025-05-06 19:27:00+00:00,108.5234375,108.5390625,108.5234375,108.53125,2597.0
2025-05-06 19:28:00+00:00,108.515625,108.515625,108.5078125,108.515625,1717.0
2025-05-06 19:29:00+00:00,108.515625,108.515625,108.515625,108.515625,1783.0
2025-05-06 19:30:00+00:00,108.515625,108.5234375,108.515625,108.515625,2597.0
2025-05-06 19:31:00+00:00,108.515625,108.515625,108.5078125,108.515625,1362.0
2025-05-06 19:32:00+00:00,108.5078125,108.515625,108.5078125,108.515625,513.0
2025-05-06 19:33:00+00:00,108.5078125,108.515625,108.5078125,108.515625,1620.0
2025-05-06 19:34:00+00:00,108.5078125,108.5078125,108.5078125,108.5078125,1855.0
2025-05-06 19:35:00+00:00,108.5078125,108.515625,108.5078125,108.515625,495.0
2025-05-06 19:36:00+00:00,108.5078125,108.515625,108.5,108.5078125,1693.0
2025-05-06 19:37:00+00:00,108.5078125,108.5078125,108.5,108.5078125,1997.0
2025-05-06 19:38:00+00:00,108.5078125,108.515625,108.5078125,108.5078125,634.0
2025-05-06 19:39:00+00:00,108.5,108.5078125,108.5,108.5078125,212.0
2025-05-06 19:40:00+00:00,108.515625,108.515625,108.5,108.5078125,1293.0
2025-05-06 19:41:00+00:00,108.5078125,108.515625,108.5078125,108.5078125,440.0
2025-05-06 19:42:00+00:00,108.515625,108.515625,108.515625,108.515625,26.0
2025-05-06 19:43:00+00:00,108.515625,108.515625,108.5078125,108.515625,715.0
2025-05-06 19:44:00+00:00,108.515625,108.515625,108.5078125,108.515625,966.0
2025-05-06 19:45:00+00:00,108.515625,108.5234375,108.5078125,108.515625,351.0
2025-05-06 19:46:00+00:00,108.515625,108.515625,108.5078125,108.515625,2220.0
2025-05-06 19:47:00+00:00,108.5234375,108.5234375,108.515625,108.515625,723.0
2025-05-06 19:48:00+00:00,108.515625,108.515625,108.5078125,108.515625,1201.0
2025-05-06 19:49:00+00:00,108.515625,108.5234375,108.5078125,108.515625,539.0
2025-05-06 19:50:00+00:00,108.515625,108.5234375,108.5078125,108.515625,1322.0
2025-05-06 19:51:00+00:00,108.5078125,108.515625,108.5078125,108.515625,1167.0
2025-05-06 19:52:00+00:00,108.515625,108.515625,108.5078125,108.515625,1406.0
2025-05-06 19:53:00+00:00,108.5234375,108.5234375,108.515625,108.515625,2247.0
2025-05-06 19:54:00+00:00,108.515625,108.5234375,108.515625,108.5234375,369.0
2025-05-06 19:55:00+00:00,108.515625,108.5234375,108.515625,108.5234375,24.0
2025-05-06 19:56:00+00:00,108.5078125,108.515625,108.5,108.515625,3806.0
2025-05-06 19:57:00+00:00,108.515625,108.515625,108.5078125,108.5078125,276.0
2025-05-06 19:58:00+00:00,108.515625,108.5234375,108.515625,108.515625,3775.0
2025-05-06 19:59:00+00:00,108.5234375,108.5234375,108.5078125,108.515625,5540.0
2025-05-06 20:00:00+00:00,108.515625,108.5234375,108.5,108.5234375,6101.0
2025-05-06 20:01:00+00:00,108.5078125,108.515625,108.5,108.515625,1748.0
2025-05-06 20:02:00+00:00,108.5078125,108.5078125,108.5,108.5078125,3153.0
2025-05-06 20:03:00+00:00,108.5078125,108.5078125,108.5078125,108.5078125,537.0
2025-05-06 20:04:00+00:00,108.5078125,108.5078125,108.5078125,108.5078125,122.0
2025-05-06 20:05:00+00:00,108.5,108.5078125,108.5,108.5078125,311.0
2025-05-06 20:06:00+00:00,108.5078125,108.5078125,108.5078125,108.5078125,279.0
2025-05-06 20:07:00+00:00,108.5,108.5078125,108.5,108.5078125,3459.0
2025-05-06 20:08:00+00:00,108.5,108.5078125,108.5,108.5078125,1876.0
2025-05-06 20:09:00+00:00,108.5,108.5078125,108.5,108.5078125,386.0
2025-05-06 20:10:00+00:00,108.5,108.5078125,108.5,108.5078125,1132.0
2025-05-06 20:11:00+00:00,108.5,108.5078125,108.5,108.5,284.0
2025-05-06 20:12:00+00:00,108.5078125,108.5078125,108.5,108.5,1379.0
2025-05-06 20:13:00+00:00,108.5078125,108.5078125,108.5078125,108.5078125,984.0
2025-05-06 20:14:00+00:00,108.5,108.5078125,108.5,108.5078125,1076.0
2025-05-06 20:15:00+00:00,108.4921875,108.5,108.4921875,108.5,686.0
2025-05-06 20:16:00+00:00,108.4921875,108.5,108.4921875,108.5,331.0
2025-05-06 20:17:00+00:00,108.5,108.5,108.4921875,108.5,155.0
2025-05-06 20:18:00+00:00,108.5,108.5078125,108.5,108.5,939.0
2025-05-06 20:19:00+00:00,108.5,108.5078125,108.4921875,108.5,1414.0
2025-05-06 20:20:00+00:00,108.5,108.5,108.4921875,108.4921875,130.0
2025-05-06 20:21:00+00:00,108.4921875,108.5,108.4921875,108.5,271.0
2025-05-06 20:22:00+00:00,108.4921875,108.5,108.4921875,108.4921875,36.0
2025-05-06 20:23:00+00:00,108.5078125,108.5078125,108.4921875,108.5,3250.0
2025-05-06 20:24:00+00:00,108.5078125,108.5078125,108.5,108.5078125,228.0
2025-05-06 20:25:00+00:00,108.5078125,108.5078125,108.5,108.5078125,390.0
2025-05-06 20:26:00+00:00,108.5078125,108.5078125,108.5,108.5078125,59.0
2025-05-06 20:27:00+00:00,108.5234375,108.5234375,108.5078125,108.5078125,4478.0
2025-05-06 20:28:00+00:00,108.5546875,108.5546875,108.5234375,108.5234375,1657.0
2025-05-06 20:29:00+00:00,108.5546875,108.5625,108.546875,108.546875,3006.0
2025-05-06 20:30:00+00:00,108.546875,108.5625,108.5390625,108.5546875,1671.0
2025-05-06 20:31:00+00:00,108.546875,108.5546875,108.546875,108.5546875,120.0
2025-05-06 20:32:00+00:00,108.546875,108.5546875,108.546875,108.5546875,46.0
2025-05-06 20:33:00+00:00,108.5546875,108.5546875,108.5546875,108.5546875,764.0
2025-05-06 20:34:00+00:00,108.5546875,108.5546875,108.5546875,108.5546875,142.0
2025-05-06 20:35:00+00:00,108.546875,108.5625,108.546875,108.5546875,2383.0
2025-05-06 20:36:00+00:00,108.53125,108.546875,108.53125,108.546875,714.0
2025-05-06 20:37:00+00:00,108.53125,108.5390625,108.53125,108.53125,310.0
2025-05-06 20:38:00+00:00,108.53125,108.53125,108.5234375,108.53125,1052.0
2025-05-06 20:39:00+00:00,108.546875,108.546875,108.5390625,108.5390625,476.0
2025-05-06 20:40:00+00:00,108.546875,108.546875,108.53125,108.5390625,2394.0
2025-05-06 20:41:00+00:00,108.546875,108.546875,108.546875,108.546875,450.0
2025-05-06 20:42:00+00:00,108.5390625,108.546875,108.5390625,108.546875,222.0
2025-05-06 20:43:00+00:00,108.5390625,108.546875,108.5390625,108.5390625,236.0
2025-05-06 20:44:00+00:00,108.5390625,108.5390625,108.5390625,108.5390625,587.0
2025-05-06 20:45:00+00:00,108.5390625,108.546875,108.5390625,108.5390625,1541.0
2025-05-06 20:46:00+00:00,108.5390625,108.5390625,108.53125,108.5390625,313.0
2025-05-06 20:47:00+00:00,108.5390625,108.5390625,108.5390625,108.5390625,156.0
2025-05-06 20:48:00+00:00,108.53125,108.5390625,108.53125,108.53125,422.0
2025-05-06 20:49:00+00:00,108.5390625,108.5390625,108.53125,108.53125,887.0
2025-05-06 20:50:00+00:00,108.546875,108.546875,108.5390625,108.5390625,842.0
2025-05-06 20:51:00+00:00,108.546875,108.546875,108.546875,108.546875,429.0
2025-05-06 20:52:00+00:00,108.546875,108.5546875,108.5390625,108.546875,680.0
2025-05-06 20:53:00+00:00,108.5546875,108.5546875,108.546875,108.546875,47.0
2025-05-06 20:54:00+00:00,108.546875,108.546875,108.5390625,108.546875,1156.0
2025-05-06 20:55:00+00:00,108.546875,108.546875,108.5390625,108.5390625,293.0
2025-05-06 20:56:00+00:00,108.5390625,108.546875,108.5390625,108.546875,277.0
2025-05-06 20:57:00+00:00,108.5390625,108.546875,108.5390625,108.5390625,1259.0
2025-05-06 20:58:00+00:00,108.5390625,108.5390625,108.53125,108.5390625,878.0
2025-05-06 20:59:00+00:00,108.53125,108.5390625,108.53125,108.5390625,541.0
2025-05-06 22:00:00+00:00,108.53125,108.5390625,108.53125,108.53125,0.0
2025-05-06 22:01:00+00:00,108.4921875,108.53125,108.4921875,108.53125,1197.0
2025-05-06 22:02:00+00:00,108.46875,108.5,108.4609375,108.4921875,1501.0
2025-05-06 22:03:00+00:00,108.46875,108.4765625,108.453125,108.46875,194.0
2025-05-06 22:04:00+00:00,108.4375,108.46875,108.4296875,108.4609375,840.0
2025-05-06 22:05:00+00:00,108.421875,108.4453125,108.4140625,108.4375,1049.0
2025-05-06 22:06:00+00:00,108.4140625,108.421875,108.40625,108.421875,1042.0
2025-05-06 22:07:00+00:00,108.3984375,108.421875,108.3984375,108.421875,953.0
2025-05-06 22:08:00+00:00,108.3984375,108.40625,108.3984375,108.3984375,2027.0
2025-05-06 22:09:00+00:00,108.40625,108.40625,108.390625,108.390625,1007.0
2025-05-06 22:10:00+00:00,108.4375,108.4375,108.40625,108.40625,792.0
2025-05-06 22:11:00+00:00,108.40625,108.4296875,108.40625,108.4296875,413.0
2025-05-06 22:12:00+00:00,108.40625,108.40625,108.40625,108.40625,59.0
2025-05-06 22:13:00+00:00,108.4140625,108.4140625,108.40625,108.40625,581.0
2025-05-06 22:14:00+00:00,108.40625,108.4140625,108.40625,108.4140625,142.0
2025-05-06 22:15:00+00:00,108.421875,108.421875,108.40625,108.40625,49.0
2025-05-06 22:16:00+00:00,108.4140625,108.421875,108.40625,108.4140625,827.0
2025-05-06 22:17:00+00:00,108.390625,108.4140625,108.3828125,108.4140625,545.0
2025-05-06 22:18:00+00:00,108.390625,108.3984375,108.390625,108.390625,175.0
2025-05-06 22:19:00+00:00,108.3828125,108.390625,108.375,108.390625,451.0
2025-05-06 22:20:00+00:00,108.3671875,108.375,108.359375,108.375,1605.0
2025-05-06 22:21:00+00:00,108.3671875,108.375,108.3671875,108.3671875,348.0
2025-05-06 22:22:00+00:00,108.375,108.3828125,108.375,108.375,594.0
2025-05-06 22:23:00+00:00,108.3828125,108.3828125,108.375,108.375,377.0
2025-05-06 22:24:00+00:00,108.3984375,108.3984375,108.3828125,108.3828125,165.0
2025-05-06 22:25:00+00:00,108.375,108.390625,108.375,108.390625,219.0
2025-05-06 22:26:00+00:00,108.3828125,108.3828125,108.375,108.3828125,247.0
2025-05-06 22:27:00+00:00,108.375,108.3828125,108.375,108.375,723.0
2025-05-06 22:28:00+00:00,108.3671875,108.3671875,108.359375,108.3671875,169.0
2025-05-06 22:29:00+00:00,108.3671875,108.375,108.359375,108.3671875,127.0
2025-05-06 22:30:00+00:00,108.3671875,108.3671875,108.359375,108.3671875,358.0
2025-05-06 22:31:00+00:00,108.3984375,108.3984375,108.3671875,108.3671875,572.0
2025-05-06 22:32:00+00:00,108.390625,108.390625,108.390625,108.390625,316.0
2025-05-06 22:33:00+00:00,108.3984375,108.3984375,108.390625,108.390625,130.0
2025-05-06 22:34:00+00:00,108.4140625,108.4140625,108.40625,108.40625,1040.0
2025-05-06 22:35:00+00:00,108.4140625,108.4140625,108.4140625,108.4140625,310.0
2025-05-06 22:36:00+00:00,108.4296875,108.4296875,108.421875,108.421875,502.0
2025-05-06 22:37:00+00:00,108.4296875,108.4375,108.4296875,108.4296875,548.0
2025-05-06 22:38:00+00:00,108.4140625,108.421875,108.4140625,108.421875,72.0
2025-05-06 22:39:00+00:00,108.40625,108.4140625,108.40625,108.4140625,170.0
2025-05-06 22:40:00+00:00,108.40625,108.40625,108.40625,108.40625,44.0
2025-05-06 22:41:00+00:00,108.4140625,108.4140625,108.40625,108.40625,17.0
2025-05-06 22:42:00+00:00,108.40625,108.40625,108.40625,108.40625,10.0
2025-05-06 22:43:00+00:00,108.4140625,108.4140625,108.4140625,108.4140625,154.0
2025-05-06 22:44:00+00:00,108.4140625,108.4140625,108.4140625,108.4140625,50.0
2025-05-06 22:45:00+00:00,108.40625,108.4140625,108.40625,108.4140625,27.0
2025-05-06 22:46:00+00:00,108.4140625,108.4140625,108.40625,108.40625,18.0
2025-05-06 22:47:00+00:00,108.3984375,108.40625,108.390625,108.40625,249.0
2025-05-06 22:48:00+00:00,108.40625,108.40625,108.3984375,108.3984375,268.0
2025-05-06 22:49:00+00:00,108.3984375,108.40625,108.3984375,108.40625,85.0
2025-05-06 22:50:00+00:00,108.390625,108.3984375,108.390625,108.3984375,37.0
2025-05-06 22:51:00+00:00,108.390625,108.390625,108.390625,108.390625,2.0
2025-05-06 22:52:00+00:00,108.3984375,108.3984375,108.3984375,108.3984375,103.0
2025-05-06 22:53:00+00:00,108.3984375,108.3984375,108.3984375,108.3984375,16.0
2025-05-06 22:54:00+00:00,108.3984375,108.3984375,108.3984375,108.3984375,2.0
2025-05-06 22:55:00+00:00,108.40625,108.40625,108.40625,108.40625,27.0
2025-05-06 22:56:00+00:00,108.40625,108.40625,108.40625,108.40625,130.0
2025-05-06 22:57:00+00:00,108.40625,108.40625,108.3984375,108.40625,33.0
2025-05-06 22:58:00+00:00,108.40625,108.40625,108.3984375,108.3984375,4.0
2025-05-06 23:00:00+00:00,108.40625,108.40625,108.40625,108.40625,34.0
2025-05-06 23:01:00+00:00,108.4140625,108.4140625,108.40625,108.40625,41.0
2025-05-06 23:02:00+00:00,108.421875,108.421875,108.421875,108.421875,6.0
2025-05-06 23:03:00+00:00,108.421875,108.4296875,108.421875,108.421875,78.0
2025-05-06 23:04:00+00:00,108.421875,108.421875,108.421875,108.421875,54.0
2025-05-06 23:05:00+00:00,108.4375,108.4375,108.4296875,108.4296875,93.0
2025-05-06 23:06:00+00:00,108.4296875,108.4375,108.4296875,108.4375,125.0
2025-05-06 23:08:00+00:00,108.4296875,108.4296875,108.4296875,108.4296875,152.0
2025-05-06 23:10:00+00:00,108.4375,108.4375,108.4375,108.4375,14.0
2025-05-06 23:11:00+00:00,108.4375,108.4375,108.4375,108.4375,96.0
2025-05-06 23:16:00+00:00,108.421875,108.421875,108.421875,108.421875,1.0
2025-05-06 23:17:00+00:00,108.421875,108.421875,108.421875,108.421875,95.0
2025-05-06 23:20:00+00:00,108.4140625,108.4140625,108.4140625,108.4140625,32.0
2025-05-06 23:21:00+00:00,108.40625,108.40625,108.40625,108.40625,124.0
2025-05-06 23:22:00+00:00,108.40625,108.4140625,108.3984375,108.3984375,410.0
2025-05-06 23:23:00+00:00,108.40625,108.40625,108.40625,108.40625,84.0
2025-05-06 23:24:00+00:00,108.3984375,108.3984375,108.3984375,108.3984375,87.0
2025-05-06 23:26:00+00:00,108.3984375,108.3984375,108.3984375,108.3984375,76.0
2025-05-06 23:28:00+00:00,108.40625,108.40625,108.40625,108.40625,11.0
2025-05-06 23:30:00+00:00,108.40625,108.4140625,108.40625,108.40625,67.0
2025-05-06 23:32:00+00:00,108.4140625,108.4140625,108.4140625,108.4140625,63.0
2025-05-06 23:33:00+00:00,108.4140625,108.4140625,108.4140625,108.4140625,44.0
2025-05-06 23:34:00+00:00,108.4140625,108.4140625,108.4140625,108.4140625,11.0
2025-05-06 23:35:00+00:00,108.4296875,108.4296875,108.421875,108.421875,106.0
2025-05-06 23:36:00+00:00,108.421875,108.421875,108.421875,108.421875,166.0
2025-05-06 23:37:00+00:00,108.4296875,108.4296875,108.4296875,108.4296875,5.0
2025-05-06 23:38:00+00:00,108.4140625,108.421875,108.4140625,108.421875,138.0
2025-05-06 23:39:00+00:00,108.421875,108.421875,108.4140625,108.421875,789.0
2025-05-06 23:40:00+00:00,108.4140625,108.4140625,108.4140625,108.4140625,25.0
2025-05-06 23:42:00+00:00,108.4140625,108.4140625,108.4140625,108.4140625,75.0
2025-05-06 23:43:00+00:00,108.4140625,108.4140625,108.4140625,108.4140625,5.0
2025-05-06 23:46:00+00:00,108.4140625,108.4140625,108.4140625,108.4140625,282.0
2025-05-06 23:47:00+00:00,108.40625,108.40625,108.40625,108.40625,174.0
2025-05-06 23:48:00+00:00,108.421875,108.421875,108.4140625,108.4140625,572.0
2025-05-06 23:49:00+00:00,108.40625,108.4140625,108.40625,108.4140625,159.0
2025-05-06 23:50:00+00:00,108.40625,108.40625,108.3984375,108.40625,572.0
2025-05-06 23:51:00+00:00,108.3984375,108.3984375,108.3984375,108.3984375,325.0
2025-05-06 23:52:00+00:00,108.3984375,108.40625,108.3984375,108.40625,262.0
2025-05-06 23:53:00+00:00,108.3984375,108.3984375,108.3984375,108.3984375,53.0
2025-05-06 23:54:00+00:00,108.3984375,108.3984375,108.3984375,108.3984375,75.0
2025-05-06 23:55:00+00:00,108.3984375,108.3984375,108.3984375,108.3984375,1.0
2025-05-06 23:56:00+00:00,108.3984375,108.3984375,108.390625,108.3984375,80.0
2025-05-06 23:57:00+00:00,108.40625,108.40625,108.40625,108.40625,83.0
2025-05-06 23:58:00+00:00,108.40625,108.40625,108.40625,108.40625,277.0
2025-05-06 23:59:00+00:00,108.4140625,108.4140625,108.3984375,108.40625,218.0
2025-05-07 00:00:00+00:00,108.421875,108.421875,108.4140625,108.4140625,197.0
2025-05-07 00:01:00+00:00,108.4375,108.4375,108.4296875,108.4296875,65.0
2025-05-07 00:02:00+00:00,108.4296875,108.4375,108.4296875,108.4375,456.0
2025-05-07 00:03:00+00:00,108.4296875,108.4375,108.4296875,108.4375,242.0
2025-05-07 00:04:00+00:00,108.4375,108.4375,108.4296875,108.4296875,233.0
2025-05-07 00:05:00+00:00,108.4375,108.4375,108.4375,108.4375,172.0
2025-05-07 00:06:00+00:00,108.4453125,108.4453125,108.4375,108.4375,290.0
2025-05-07 00:07:00+00:00,108.4609375,108.4609375,108.4453125,108.4453125,777.0
2025-05-07 00:08:00+00:00,108.4453125,108.4609375,108.4453125,108.4609375,411.0
2025-05-07 00:09:00+00:00,108.4453125,108.453125,108.4453125,108.453125,149.0
2025-05-07 00:10:00+00:00,108.4375,108.4453125,108.4375,108.4453125,353.0
2025-05-07 00:11:00+00:00,108.4375,108.4375,108.4375,108.4375,24.0
2025-05-07 00:12:00+00:00,108.453125,108.453125,108.4375,108.4375,398.0
2025-05-07 00:13:00+00:00,108.4609375,108.4609375,108.453125,108.453125,235.0
2025-05-07 00:14:00+00:00,108.4609375,108.46875,108.4609375,108.4609375,504.0
2025-05-07 00:15:00+00:00,108.453125,108.4609375,108.4453125,108.4609375,262.0
2025-05-07 00:16:00+00:00,108.4453125,108.4453125,108.4453125,108.4453125,47.0
2025-05-07 00:17:00+00:00,108.4453125,108.4453125,108.4375,108.4453125,205.0
2025-05-07 00:18:00+00:00,108.453125,108.453125,108.4453125,108.4453125,159.0
2025-05-07 00:19:00+00:00,108.4453125,108.453125,108.4453125,108.453125,220.0
2025-05-07 00:20:00+00:00,108.4453125,108.4453125,108.4453125,108.4453125,50.0
2025-05-07 00:21:00+00:00,108.4375,108.4453125,108.4375,108.4453125,136.0
2025-05-07 00:22:00+00:00,108.4296875,108.4296875,108.4296875,108.4296875,40.0
2025-05-07 00:23:00+00:00,108.4296875,108.4296875,108.421875,108.4296875,23.0
2025-05-07 00:24:00+00:00,108.421875,108.421875,108.421875,108.421875,11.0
2025-05-07 00:25:00+00:00,108.421875,108.4296875,108.421875,108.421875,164.0
2025-05-07 00:26:00+00:00,108.4296875,108.4296875,108.421875,108.421875,669.0
2025-05-07 00:27:00+00:00,108.4375,108.4453125,108.4375,108.4375,621.0
2025-05-07 00:28:00+00:00,108.4375,108.4453125,108.4296875,108.4296875,996.0
2025-05-07 00:29:00+00:00,108.4296875,108.4375,108.4296875,108.4375,65.0
2025-05-07 00:30:00+00:00,108.4296875,108.4296875,108.4296875,108.4296875,312.0
2025-05-07 00:31:00+00:00,108.4296875,108.4375,108.4296875,108.4375,30.0
2025-05-07 00:32:00+00:00,108.4375,108.4375,108.4296875,108.4375,81.0
2025-05-07 00:33:00+00:00,108.4375,108.4375,108.4375,108.4375,143.0
2025-05-07 00:34:00+00:00,108.4453125,108.4453125,108.4453125,108.4453125,60.0
2025-05-07 00:35:00+00:00,108.4375,108.4453125,108.4375,108.4453125,20.0
2025-05-07 00:36:00+00:00,108.4296875,108.4296875,108.4296875,108.4296875,78.0
2025-05-07 00:37:00+00:00,108.4296875,108.4296875,108.4296875,108.4296875,25.0
2025-05-07 00:38:00+00:00,108.4375,108.4375,108.4375,108.4375,93.0
2025-05-07 00:39:00+00:00,108.4375,108.4375,108.4375,108.4375,51.0
2025-05-07 00:40:00+00:00,108.4375,108.4375,108.4375,108.4375,19.0
2025-05-07 00:41:00+00:00,108.4453125,108.4453125,108.4453125,108.4453125,10.0
2025-05-07 00:44:00+00:00,108.453125,108.453125,108.453125,108.453125,2.0
2025-05-07 00:45:00+00:00,108.4453125,108.453125,108.4453125,108.453125,141.0
2025-05-07 00:46:00+00:00,108.4453125,108.453125,108.4453125,108.453125,53.0
2025-05-07 00:47:00+00:00,108.453125,108.453125,108.4453125,108.453125,51.0
2025-05-07 00:48:00+00:00,108.4453125,108.453125,108.4453125,108.453125,35.0
2025-05-07 00:49:00+00:00,108.4453125,108.4453125,108.4453125,108.4453125,6.0
2025-05-07 00:51:00+00:00,108.4453125,108.4453125,108.4453125,108.4453125,230.0
2025-05-07 00:52:00+00:00,108.4375,108.4375,108.4375,108.4375,41.0
2025-05-07 00:53:00+00:00,108.4453125,108.4453125,108.4375,108.4375,39.0
2025-05-07 00:54:00+00:00,108.4453125,108.453125,108.4453125,108.453125,39.0
2025-05-07 00:55:00+00:00,108.453125,108.453125,108.453125,108.453125,18.0
2025-05-07 00:56:00+00:00,108.4609375,108.4609375,108.4609375,108.4609375,99.0
2025-05-07 00:57:00+00:00,108.46875,108.46875,108.4609375,108.4609375,84.0
2025-05-07 00:58:00+00:00,108.46875,108.46875,108.46875,108.46875,57.0
2025-05-07 01:00:00+00:00,108.4609375,108.46875,108.4609375,108.46875,63.0
2025-05-07 01:01:00+00:00,108.453125,108.453125,108.453125,108.453125,32.0
2025-05-07 01:02:00+00:00,108.453125,108.453125,108.453125,108.453125,140.0
2025-05-07 01:03:00+00:00,108.4609375,108.4609375,108.453125,108.453125,254.0
2025-05-07 01:05:00+00:00,108.46875,108.46875,108.4609375,108.46875,327.0
2025-05-07 01:06:00+00:00,108.4765625,108.4765625,108.4765625,108.4765625,274.0
2025-05-07 01:07:00+00:00,108.4765625,108.484375,108.4765625,108.4765625,221.0
2025-05-07 01:09:00+00:00,108.484375,108.4921875,108.4765625,108.4765625,1041.0
2025-05-07 01:10:00+00:00,108.46875,108.484375,108.46875,108.484375,420.0
2025-05-07 01:12:00+00:00,108.46875,108.46875,108.46875,108.46875,16.0
2025-05-07 01:13:00+00:00,108.46875,108.46875,108.4609375,108.46875,314.0
2025-05-07 01:15:00+00:00,108.46875,108.46875,108.46875,108.46875,135.0
2025-05-07 01:16:00+00:00,108.46875,108.46875,108.46875,108.46875,39.0
2025-05-07 01:19:00+00:00,108.4765625,108.4765625,108.4765625,108.4765625,118.0
2025-05-07 01:20:00+00:00,108.4765625,108.4765625,108.4765625,108.4765625,96.0
2025-05-07 01:21:00+00:00,108.484375,108.484375,108.4765625,108.4765625,311.0
2025-05-07 01:22:00+00:00,108.484375,108.484375,108.484375,108.484375,16.0
2025-05-07 01:23:00+00:00,108.484375,108.484375,108.484375,108.484375,150.0
2025-05-07 01:24:00+00:00,108.4765625,108.484375,108.4765625,108.484375,48.0
2025-05-07 01:25:00+00:00,108.4765625,108.484375,108.4765625,108.484375,204.0
2025-05-07 01:26:00+00:00,108.46875,108.4765625,108.46875,108.4765625,103.0
2025-05-07 01:27:00+00:00,108.4609375,108.4609375,108.4609375,108.4609375,675.0
2025-05-07 01:28:00+00:00,108.4609375,108.4609375,108.453125,108.4609375,110.0
2025-05-07 01:29:00+00:00,108.453125,108.4609375,108.453125,108.4609375,228.0
2025-05-07 01:30:00+00:00,108.4609375,108.4609375,108.453125,108.453125,481.0
2025-05-07 01:31:00+00:00,108.46875,108.4765625,108.46875,108.46875,224.0
2025-05-07 01:32:00+00:00,108.4765625,108.4765625,108.4609375,108.46875,136.0
2025-05-07 01:34:00+00:00,108.4765625,108.4765625,108.4765625,108.4765625,183.0
2025-05-07 01:35:00+00:00,108.4765625,108.4765625,108.46875,108.4765625,223.0
2025-05-07 01:36:00+00:00,108.4765625,108.484375,108.4765625,108.4765625,93.0
2025-05-07 01:37:00+00:00,108.4765625,108.4765625,108.46875,108.4765625,18.0
2025-05-07 01:38:00+00:00,108.46875,108.4765625,108.46875,108.46875,28.0
2025-05-07 01:39:00+00:00,108.4765625,108.4765625,108.46875,108.4765625,68.0
2025-05-07 01:40:00+00:00,108.46875,108.4765625,108.46875,108.4765625,35.0
2025-05-07 01:42:00+00:00,108.4609375,108.46875,108.4609375,108.46875,119.0
2025-05-07 01:43:00+00:00,108.46875,108.46875,108.4609375,108.46875,80.0
2025-05-07 01:44:00+00:00,108.46875,108.4765625,108.46875,108.4765625,34.0
2025-05-07 01:45:00+00:00,108.46875,108.4765625,108.46875,108.4765625,33.0
2025-05-07 01:46:00+00:00,108.4765625,108.4765625,108.4765625,108.4765625,181.0
2025-05-07 01:47:00+00:00,108.4765625,108.4765625,108.4765625,108.4765625,153.0
2025-05-07 01:48:00+00:00,108.484375,108.484375,108.4765625,108.4765625,22.0
2025-05-07 01:49:00+00:00,108.46875,108.484375,108.46875,108.484375,19.0
2025-05-07 01:50:00+00:00,108.4609375,108.46875,108.4609375,108.46875,558.0
2025-05-07 01:51:00+00:00,108.4609375,108.4609375,108.4609375,108.4609375,36.0
2025-05-07 01:52:00+00:00,108.4609375,108.4609375,108.4609375,108.4609375,64.0
2025-05-07 01:54:00+00:00,108.46875,108.46875,108.46875,108.46875,53.0
2025-05-07 01:55:00+00:00,108.46875,108.46875,108.46875,108.46875,415.0
2025-05-07 01:56:00+00:00,108.46875,108.46875,108.4609375,108.46875,18.0
2025-05-07 01:58:00+00:00,108.4609375,108.46875,108.4609375,108.46875,40.0
2025-05-07 01:59:00+00:00,108.4609375,108.4609375,108.4609375,108.4609375,172.0
2025-05-07 02:00:00+00:00,108.4609375,108.4609375,108.4609375,108.4609375,442.0
2025-05-07 02:02:00+00:00,108.46875,108.4765625,108.46875,108.46875,147.0
2025-05-07 02:03:00+00:00,108.4765625,108.4765625,108.4765625,108.4765625,105.0
2025-05-07 02:04:00+00:00,108.46875,108.4765625,108.46875,108.4765625,6.0
2025-05-07 02:05:00+00:00,108.4609375,108.46875,108.4609375,108.46875,350.0
2025-05-07 02:07:00+00:00,108.4609375,108.4609375,108.4609375,108.4609375,52.0
2025-05-07 02:10:00+00:00,108.46875,108.46875,108.46875,108.46875,152.0
2025-05-07 02:11:00+00:00,108.46875,108.46875,108.46875,108.46875,51.0
2025-05-07 02:12:00+00:00,108.46875,108.46875,108.46875,108.46875,106.0
2025-05-07 02:13:00+00:00,108.46875,108.46875,108.46875,108.46875,32.0
2025-05-07 02:14:00+00:00,108.46875,108.46875,108.46875,108.46875,176.0
2025-05-07 02:16:00+00:00,108.4765625,108.4765625,108.4765625,108.4765625,103.0
2025-05-07 02:17:00+00:00,108.46875,108.4765625,108.46875,108.4765625,109.0
2025-05-07 02:18:00+00:00,108.4765625,108.4765625,108.4765625,108.4765625,59.0
2025-05-07 02:19:00+00:00,108.4765625,108.484375,108.4765625,108.4765625,20.0
2025-05-07 02:20:00+00:00,108.484375,108.484375,108.484375,108.484375,15.0
2025-05-07 02:21:00+00:00,108.4765625,108.484375,108.4765625,108.484375,328.0
2025-05-07 02:24:00+00:00,108.4765625,108.4765625,108.4765625,108.4765625,162.0
2025-05-07 02:25:00+00:00,108.4765625,108.484375,108.4765625,108.4765625,379.0
2025-05-07 02:26:00+00:00,108.4765625,108.4765625,108.4765625,108.4765625,98.0
2025-05-07 02:30:00+00:00,108.484375,108.484375,108.484375,108.484375,1.0
2025-05-07 02:33:00+00:00,108.4765625,108.484375,108.4765625,108.484375,23.0
2025-05-07 02:34:00+00:00,108.4765625,108.4765625,108.4765625,108.4765625,30.0
2025-05-07 02:36:00+00:00,108.4765625,108.4765625,108.4765625,108.4765625,106.0
2025-05-07 02:39:00+00:00,108.4765625,108.4765625,108.4765625,108.4765625,76.0
2025-05-07 02:43:00+00:00,108.4765625,108.4765625,108.4765625,108.4765625,62.0
2025-05-07 02:44:00+00:00,108.484375,108.484375,108.484375,108.484375,41.0
2025-05-07 02:45:00+00:00,108.484375,108.484375,108.484375,108.484375,155.0
2025-05-07 02:51:00+00:00,108.4765625,108.484375,108.4765625,108.484375,175.0
2025-05-07 02:52:00+00:00,108.484375,108.484375,108.4765625,108.4765625,2.0
2025-05-07 02:54:00+00:00,108.4765625,108.4765625,108.4765625,108.4765625,42.0
2025-05-07 03:02:00+00:00,108.4765625,108.4765625,108.4765625,108.4765625,61.0
2025-05-07 03:08:00+00:00,108.484375,108.484375,108.4765625,108.4765625,86.0
2025-05-07 03:09:00+00:00,108.484375,108.484375,108.484375,108.484375,14.0
2025-05-07 03:15:00+00:00,108.484375,108.484375,108.484375,108.484375,248.0
2025-05-07 03:16:00+00:00,108.484375,108.484375,108.484375,108.484375,64.0
2025-05-07 03:17:00+00:00,108.484375,108.484375,108.484375,108.484375,72.0
2025-05-07 03:21:00+00:00,108.4921875,108.4921875,108.484375,108.484375,32.0
2025-05-07 03:25:00+00:00,108.484375,108.484375,108.484375,108.484375,277.0
2025-05-07 03:33:00+00:00,108.4765625,108.484375,108.4765625,108.484375,126.0
2025-05-07 03:35:00+00:00,108.46875,108.46875,108.46875,108.46875,82.0
2025-05-07 03:36:00+00:00,108.46875,108.4765625,108.46875,108.46875,76.0
2025-05-07 03:37:00+00:00,108.46875,108.46875,108.46875,108.46875,43.0
2025-05-07 03:38:00+00:00,108.4609375,108.4609375,108.4609375,108.4609375,83.0
2025-05-07 03:40:00+00:00,108.46875,108.46875,108.4609375,108.4609375,35.0
2025-05-07 03:41:00+00:00,108.4765625,108.4765625,108.46875,108.46875,383.0
2025-05-07 03:42:00+00:00,108.4765625,108.4765625,108.4765625,108.4765625,55.0
2025-05-07 03:44:00+00:00,108.46875,108.46875,108.46875,108.46875,494.0
2025-05-07 03:48:00+00:00,108.46875,108.46875,108.46875,108.46875,31.0
2025-05-07 03:55:00+00:00,108.46875,108.46875,108.46875,108.46875,62.0
2025-05-07 03:56:00+00:00,108.46875,108.46875,108.46875,108.46875,105.0
2025-05-07 03:57:00+00:00,108.46875,108.46875,108.46875,108.46875,9.0
2025-05-07 04:04:00+00:00,108.4765625,108.4765625,108.4765625,108.4765625,11.0
2025-05-07 04:09:00+00:00,108.46875,108.46875,108.46875,108.46875,677.0
2025-05-07 04:10:00+00:00,108.46875,108.4765625,108.46875,108.46875,253.0
2025-05-07 04:11:00+00:00,108.46875,108.46875,108.46875,108.46875,76.0
2025-05-07 04:12:00+00:00,108.46875,108.46875,108.46875,108.46875,73.0
2025-05-07 04:14:00+00:00,108.46875,108.46875,108.4609375,108.46875,13.0
2025-05-07 04:15:00+00:00,108.46875,108.4765625,108.46875,108.46875,82.0
2025-05-07 04:16:00+00:00,108.46875,108.46875,108.46875,108.46875,23.0
2025-05-07 04:19:00+00:00,108.46875,108.46875,108.46875,108.46875,34.0
2025-05-07 04:24:00+00:00,108.4765625,108.4765625,108.4765625,108.4765625,89.0
2025-05-07 04:25:00+00:00,108.4765625,108.4765625,108.4765625,108.4765625,54.0
2025-05-07 04:26:00+00:00,108.4765625,108.4765625,108.4765625,108.4765625,19.0
2025-05-07 04:31:00+00:00,108.4765625,108.4765625,108.4765625,108.4765625,46.0
2025-05-07 04:32:00+00:00,108.4765625,108.4765625,108.4765625,108.4765625,196.0
2025-05-07 04:33:00+00:00,108.4765625,108.4765625,108.4765625,108.4765625,71.0
2025-05-07 04:34:00+00:00,108.484375,108.484375,108.4765625,108.4765625,587.0
2025-05-07 04:35:00+00:00,108.484375,108.484375,108.484375,108.484375,133.0
2025-05-07 04:38:00+00:00,108.4765625,108.4765625,108.4765625,108.4765625,45.0
2025-05-07 04:39:00+00:00,108.4765625,108.4765625,108.4765625,108.4765625,43.0
2025-05-07 04:42:00+00:00,108.4765625,108.4765625,108.46875,108.4765625,183.0
2025-05-07 04:45:00+00:00,108.4765625,108.4765625,108.4765625,108.4765625,20.0
2025-05-07 04:49:00+00:00,108.4765625,108.4765625,108.4765625,108.4765625,228.0
2025-05-07 04:51:00+00:00,108.4765625,108.4765625,108.4765625,108.4765625,21.0
2025-05-07 04:57:00+00:00,108.4765625,108.4765625,108.4765625,108.4765625,152.0
2025-05-07 04:58:00+00:00,108.46875,108.46875,108.46875,108.46875,26.0
2025-05-07 04:59:00+00:00,108.4765625,108.4765625,108.4765625,108.4765625,200.0
2025-05-07 05:00:00+00:00,108.4765625,108.4765625,108.4765625,108.4765625,60.0
2025-05-07 05:01:00+00:00,108.4765625,108.4765625,108.4765625,108.4765625,49.0
2025-05-07 05:02:00+00:00,108.46875,108.4765625,108.46875,108.4765625,10.0
2025-05-07 05:03:00+00:00,108.4765625,108.4765625,108.4765625,108.4765625,58.0
2025-05-07 05:07:00+00:00,108.484375,108.484375,108.484375,108.484375,51.0
2025-05-07 05:08:00+00:00,108.484375,108.484375,108.484375,108.484375,586.0
2025-05-07 05:11:00+00:00,108.4765625,108.484375,108.4765625,108.484375,92.0
2025-05-07 05:13:00+00:00,108.46875,108.4765625,108.46875,108.4765625,11.0
2025-05-07 05:14:00+00:00,108.4609375,108.46875,108.4609375,108.46875,572.0
2025-05-07 05:15:00+00:00,108.4609375,108.4609375,108.4609375,108.4609375,47.0
2025-05-07 05:16:00+00:00,108.4609375,108.46875,108.4609375,108.4609375,92.0
2025-05-07 05:20:00+00:00,108.453125,108.4609375,108.453125,108.453125,287.0
2025-05-07 05:21:00+00:00,108.4453125,108.453125,108.4453125,108.453125,12.0
2025-05-07 05:25:00+00:00,108.4453125,108.4453125,108.4453125,108.4453125,398.0
2025-05-07 05:27:00+00:00,108.4375,108.4453125,108.4375,108.4453125,175.0
2025-05-07 05:29:00+00:00,108.4296875,108.4296875,108.4296875,108.4296875,284.0
2025-05-07 05:31:00+00:00,108.4296875,108.4375,108.4296875,108.4375,183.0
2025-05-07 05:33:00+00:00,108.421875,108.421875,108.421875,108.421875,135.0
2025-05-07 05:34:00+00:00,108.4140625,108.4140625,108.4140625,108.4140625,1072.0
2025-05-07 05:35:00+00:00,108.40625,108.4140625,108.40625,108.4140625,488.0
2025-05-07 05:36:00+00:00,108.421875,108.421875,108.4140625,108.4140625,91.0
2025-05-07 05:37:00+00:00,108.421875,108.421875,108.421875,108.421875,579.0
2025-05-07 05:38:00+00:00,108.421875,108.421875,108.421875,108.421875,132.0
2025-05-07 05:39:00+00:00,108.421875,108.421875,108.421875,108.421875,81.0
2025-05-07 05:41:00+00:00,108.421875,108.421875,108.421875,108.421875,50.0
2025-05-07 05:43:00+00:00,108.4140625,108.421875,108.4140625,108.421875,54.0
2025-05-07 05:44:00+00:00,108.4140625,108.4140625,108.4140625,108.4140625,430.0
2025-05-07 05:46:00+00:00,108.40625,108.4140625,108.40625,108.40625,75.0
2025-05-07 05:48:00+00:00,108.4140625,108.4140625,108.40625,108.40625,202.0
2025-05-07 05:49:00+00:00,108.421875,108.421875,108.4140625,108.4140625,460.0
2025-05-07 05:50:00+00:00,108.4140625,108.421875,108.4140625,108.421875,256.0
2025-05-07 05:51:00+00:00,108.4140625,108.421875,108.40625,108.421875,323.0
2025-05-07 05:52:00+00:00,108.4140625,108.4140625,108.4140625,108.4140625,62.0
2025-05-07 05:53:00+00:00,108.4140625,108.4140625,108.4140625,108.4140625,3.0
2025-05-07 05:54:00+00:00,108.4140625,108.421875,108.4140625,108.4140625,1016.0
2025-05-07 05:55:00+00:00,108.4140625,108.4140625,108.40625,108.40625,227.0
2025-05-07 05:56:00+00:00,108.4140625,108.4140625,108.4140625,108.4140625,147.0
2025-05-07 05:57:00+00:00,108.4140625,108.4140625,108.4140625,108.4140625,65.0
2025-05-07 05:58:00+00:00,108.4140625,108.4140625,108.40625,108.4140625,247.0
2025-05-07 06:00:00+00:00,108.421875,108.421875,108.4140625,108.4140625,289.0
2025-05-07 06:01:00+00:00,108.421875,108.4296875,108.421875,108.421875,280.0
2025-05-07 06:02:00+00:00,108.421875,108.421875,108.421875,108.421875,92.0
2025-05-07 06:03:00+00:00,108.421875,108.421875,108.4140625,108.421875,155.0
2025-05-07 06:04:00+00:00,108.421875,108.421875,108.421875,108.421875,144.0
2025-05-07 06:05:00+00:00,108.4296875,108.4296875,108.421875,108.421875,33.0
2025-05-07 06:06:00+00:00,108.421875,108.421875,108.421875,108.421875,80.0
2025-05-07 06:07:00+00:00,108.4296875,108.4296875,108.421875,108.421875,43.0
2025-05-07 06:08:00+00:00,108.4140625,108.4296875,108.4140625,108.4296875,75.0
2025-05-07 06:09:00+00:00,108.4140625,108.421875,108.40625,108.421875,250.0
2025-05-07 06:10:00+00:00,108.421875,108.421875,108.4140625,108.4140625,373.0
2025-05-07 06:11:00+00:00,108.421875,108.421875,108.421875,108.421875,339.0
2025-05-07 06:12:00+00:00,108.4140625,108.421875,108.4140625,108.421875,344.0
2025-05-07 06:13:00+00:00,108.421875,108.421875,108.4140625,108.4140625,157.0
2025-05-07 06:15:00+00:00,108.4140625,108.4140625,108.4140625,108.4140625,252.0
2025-05-07 06:16:00+00:00,108.421875,108.421875,108.421875,108.421875,85.0
2025-05-07 06:17:00+00:00,108.4296875,108.4296875,108.421875,108.421875,296.0
2025-05-07 06:18:00+00:00,108.4296875,108.4296875,108.4296875,108.4296875,22.0
2025-05-07 06:19:00+00:00,108.421875,108.421875,108.421875,108.421875,74.0
2025-05-07 06:20:00+00:00,108.4296875,108.4296875,108.4296875,108.4296875,432.0
2025-05-07 06:21:00+00:00,108.4375,108.4375,108.4375,108.4375,432.0
2025-05-07 06:22:00+00:00,108.4375,108.4375,108.4375,108.4375,61.0
2025-05-07 06:23:00+00:00,108.4375,108.4375,108.4375,108.4375,251.0
2025-05-07 06:24:00+00:00,108.4375,108.4375,108.4375,108.4375,693.0
2025-05-07 06:25:00+00:00,108.4296875,108.4296875,108.4296875,108.4296875,753.0
2025-05-07 06:26:00+00:00,108.4453125,108.4453125,108.4375,108.4375,1076.0
2025-05-07 06:27:00+00:00,108.453125,108.453125,108.4453125,108.4453125,351.0
2025-05-07 06:28:00+00:00,108.453125,108.453125,108.453125,108.453125,93.0
2025-05-07 06:29:00+00:00,108.453125,108.453125,108.453125,108.453125,55.0
2025-05-07 06:30:00+00:00,108.4375,108.4453125,108.4375,108.4453125,403.0
2025-05-07 06:31:00+00:00,108.4453125,108.4453125,108.4375,108.4453125,449.0
2025-05-07 06:32:00+00:00,108.4453125,108.4453125,108.4453125,108.4453125,173.0
2025-05-07 06:33:00+00:00,108.4375,108.4453125,108.4375,108.4453125,421.0
2025-05-07 06:34:00+00:00,108.4453125,108.4453125,108.4375,108.4375,9.0
2025-05-07 06:35:00+00:00,108.4453125,108.4453125,108.4453125,108.4453125,5.0
2025-05-07 06:36:00+00:00,108.4453125,108.4453125,108.4453125,108.4453125,136.0
2025-05-07 06:38:00+00:00,108.4453125,108.4453125,108.4453125,108.4453125,98.0
2025-05-07 06:39:00+00:00,108.4453125,108.4453125,108.4453125,108.4453125,117.0
2025-05-07 06:40:00+00:00,108.453125,108.453125,108.453125,108.453125,10.0
2025-05-07 06:41:00+00:00,108.453125,108.453125,108.453125,108.453125,26.0
2025-05-07 06:43:00+00:00,108.453125,108.4609375,108.453125,108.453125,217.0
2025-05-07 06:45:00+00:00,108.4609375,108.4609375,108.4609375,108.4609375,68.0
2025-05-07 06:46:00+00:00,108.46875,108.46875,108.46875,108.46875,162.0
2025-05-07 06:48:00+00:00,108.46875,108.4765625,108.46875,108.46875,1230.0
2025-05-07 06:49:00+00:00,108.46875,108.46875,108.46875,108.46875,250.0
2025-05-07 06:50:00+00:00,108.46875,108.4765625,108.46875,108.46875,255.0
2025-05-07 06:51:00+00:00,108.46875,108.46875,108.46875,108.46875,298.0
2025-05-07 06:52:00+00:00,108.46875,108.46875,108.46875,108.46875,163.0
2025-05-07 06:53:00+00:00,108.46875,108.46875,108.46875,108.46875,328.0
2025-05-07 06:55:00+00:00,108.46875,108.4765625,108.46875,108.46875,179.0
2025-05-07 06:56:00+00:00,108.453125,108.4609375,108.453125,108.4609375,282.0
2025-05-07 06:57:00+00:00,108.453125,108.46875,108.453125,108.4609375,109.0
2025-05-07 06:58:00+00:00,108.4609375,108.4609375,108.453125,108.4609375,489.0
2025-05-07 06:59:00+00:00,108.4609375,108.4609375,108.453125,108.4609375,124.0
2025-05-07 07:00:00+00:00,108.4453125,108.46875,108.4453125,108.4609375,1313.0
2025-05-07 07:01:00+00:00,108.4375,108.4453125,108.4375,108.4453125,587.0
2025-05-07 07:02:00+00:00,108.4296875,108.4296875,108.4296875,108.4296875,89.0
2025-05-07 07:04:00+00:00,108.421875,108.4296875,108.421875,108.4296875,430.0
2025-05-07 07:05:00+00:00,108.4140625,108.4140625,108.4140625,108.4140625,96.0
2025-05-07 07:06:00+00:00,108.4140625,108.4140625,108.4140625,108.4140625,599.0
2025-05-07 07:07:00+00:00,108.421875,108.421875,108.421875,108.421875,385.0
2025-05-07 07:08:00+00:00,108.4296875,108.4296875,108.4296875,108.4296875,645.0
2025-05-07 07:09:00+00:00,108.4296875,108.4375,108.4296875,108.4296875,564.0
2025-05-07 07:10:00+00:00,108.4296875,108.4296875,108.421875,108.4296875,317.0
2025-05-07 07:11:00+00:00,108.421875,108.4296875,108.421875,108.4296875,290.0
2025-05-07 07:12:00+00:00,108.4296875,108.4296875,108.4296875,108.4296875,234.0
2025-05-07 07:13:00+00:00,108.4296875,108.4296875,108.4296875,108.4296875,1.0
2025-05-07 07:14:00+00:00,108.421875,108.421875,108.421875,108.421875,203.0
2025-05-07 07:15:00+00:00,108.4296875,108.4296875,108.421875,108.421875,190.0
2025-05-07 07:16:00+00:00,108.4296875,108.4296875,108.4296875,108.4296875,57.0
2025-05-07 07:17:00+00:00,108.4296875,108.4296875,108.4296875,108.4296875,330.0
2025-05-07 07:18:00+00:00,108.4375,108.4375,108.4296875,108.4296875,433.0
2025-05-07 07:19:00+00:00,108.4375,108.4453125,108.4375,108.4375,245.0
2025-05-07 07:20:00+00:00,108.4453125,108.4453125,108.4296875,108.4375,372.0
2025-05-07 07:21:00+00:00,108.4375,108.4453125,108.4375,108.4375,663.0
2025-05-07 07:23:00+00:00,108.4453125,108.4453125,108.4375,108.4375,163.0
2025-05-07 07:24:00+00:00,108.453125,108.453125,108.453125,108.453125,98.0
2025-05-07 07:25:00+00:00,108.453125,108.453125,108.453125,108.453125,255.0
2025-05-07 07:27:00+00:00,108.453125,108.453125,108.4453125,108.4453125,679.0
2025-05-07 07:28:00+00:00,108.453125,108.453125,108.453125,108.453125,153.0
2025-05-07 07:29:00+00:00,108.453125,108.453125,108.453125,108.453125,108.0
2025-05-07 07:30:00+00:00,108.4375,108.4453125,108.4375,108.4453125,173.0
2025-05-07 07:31:00+00:00,108.4453125,108.4453125,108.4453125,108.4453125,86.0
2025-05-07 07:32:00+00:00,108.4453125,108.4453125,108.4453125,108.4453125,255.0
2025-05-07 07:33:00+00:00,108.4453125,108.4453125,108.4453125,108.4453125,144.0
2025-05-07 07:34:00+00:00,108.4453125,108.4453125,108.4453125,108.4453125,107.0
2025-05-07 07:35:00+00:00,108.453125,108.453125,108.453125,108.453125,260.0
2025-05-07 07:36:00+00:00,108.4453125,108.4453125,108.4453125,108.4453125,46.0
2025-05-07 07:37:00+00:00,108.4296875,108.4375,108.4296875,108.4375,77.0
2025-05-07 07:38:00+00:00,108.4296875,108.4296875,108.4296875,108.4296875,533.0
2025-05-07 07:39:00+00:00,108.4375,108.4375,108.4296875,108.4375,140.0
2025-05-07 07:40:00+00:00,108.4296875,108.4296875,108.4296875,108.4296875,283.0
2025-05-07 07:41:00+00:00,108.4375,108.4375,108.4375,108.4375,52.0
2025-05-07 07:42:00+00:00,108.4375,108.4375,108.4375,108.4375,11.0
2025-05-07 07:44:00+00:00,108.4375,108.4375,108.4296875,108.4296875,310.0
2025-05-07 07:46:00+00:00,108.4453125,108.4453125,108.4375,108.4375,346.0
2025-05-07 07:48:00+00:00,108.4453125,108.4453125,108.4453125,108.4453125,115.0
2025-05-07 07:49:00+00:00,108.4296875,108.4375,108.4296875,108.4375,424.0
2025-05-07 07:51:00+00:00,108.421875,108.4296875,108.421875,108.4296875,191.0
2025-05-07 07:52:00+00:00,108.40625,108.421875,108.40625,108.421875,868.0
2025-05-07 07:53:00+00:00,108.3984375,108.40625,108.3984375,108.40625,804.0
2025-05-07 07:54:00+00:00,108.3984375,108.3984375,108.3984375,108.3984375,694.0
2025-05-07 07:55:00+00:00,108.3984375,108.3984375,108.390625,108.3984375,2007.0
2025-05-07 07:56:00+00:00,108.40625,108.40625,108.3984375,108.3984375,894.0
2025-05-07 07:57:00+00:00,108.40625,108.40625,108.3984375,108.3984375,524.0
2025-05-07 07:58:00+00:00,108.3984375,108.3984375,108.390625,108.3984375,618.0
2025-05-07 07:59:00+00:00,108.3984375,108.3984375,108.3984375,108.3984375,9.0
2025-05-07 08:00:00+00:00,108.390625,108.3984375,108.3828125,108.3984375,1352.0
2025-05-07 08:01:00+00:00,108.3671875,108.3828125,108.3671875,108.3828125,3516.0
2025-05-07 08:02:00+00:00,108.375,108.375,108.3671875,108.375,789.0
2025-05-07 08:03:00+00:00,108.375,108.375,108.3671875,108.375,817.0
2025-05-07 08:04:00+00:00,108.375,108.375,108.375,108.375,138.0
2025-05-07 08:05:00+00:00,108.3828125,108.390625,108.375,108.3828125,276.0
2025-05-07 08:06:00+00:00,108.3828125,108.390625,108.3828125,108.3828125,497.0
2025-05-07 08:07:00+00:00,108.3828125,108.3828125,108.3828125,108.3828125,318.0
2025-05-07 08:08:00+00:00,108.375,108.375,108.375,108.375,602.0
2025-05-07 08:09:00+00:00,108.375,108.3828125,108.375,108.375,575.0
2025-05-07 08:10:00+00:00,108.3671875,108.3828125,108.3671875,108.3828125,792.0
2025-05-07 08:11:00+00:00,108.375,108.375,108.375,108.375,1.0
2025-05-07 08:21:00+00:00,108.359375,108.359375,108.35900115966797,108.35900115966797,5621.0
2025-05-07 08:23:00+00:00,108.359375,108.359375,108.359375,108.359375,33.0
2025-05-07 08:24:00+00:00,108.3671875,108.3671875,108.359375,108.359375,455.0
2025-05-07 08:25:00+00:00,108.359375,108.359375,108.359375,108.359375,314.0
2025-05-07 08:26:00+00:00,108.359375,108.359375,108.359375,108.359375,6.0
2025-05-07 08:27:00+00:00,108.3515625,108.359375,108.3515625,108.359375,14.0
2025-05-07 08:30:00+00:00,108.3671875,108.3828125,108.359375,108.359375,4581.0
2025-05-07 08:31:00+00:00,108.359375,108.3671875,108.359375,108.3671875,931.0
2025-05-07 08:32:00+00:00,108.359375,108.3671875,108.359375,108.3671875,829.0
2025-05-07 08:33:00+00:00,108.3671875,108.3671875,108.3671875,108.3671875,361.0
2025-05-07 08:34:00+00:00,108.3671875,108.3671875,108.359375,108.359375,407.0
2025-05-07 08:35:00+00:00,108.3671875,108.3671875,108.3671875,108.3671875,458.0
2025-05-07 08:36:00+00:00,108.375,108.375,108.3671875,108.3671875,231.0
2025-05-07 08:37:00+00:00,108.375,108.375,108.375,108.375,108.0
2025-05-07 08:38:00+00:00,108.375,108.375,108.375,108.375,333.0
2025-05-07 08:39:00+00:00,108.3671875,108.3671875,108.3671875,108.3671875,19.0
2025-05-07 08:40:00+00:00,108.3671875,108.3671875,108.3671875,108.3671875,282.0
2025-05-07 08:41:00+00:00,108.375,108.375,108.375,108.375,1014.0
2025-05-07 08:42:00+00:00,108.375,108.375,108.375,108.375,296.0
2025-05-07 08:43:00+00:00,108.3828125,108.390625,108.3828125,108.3828125,579.0
2025-05-07 08:44:00+00:00,108.3828125,108.3828125,108.375,108.375,11.0
2025-05-07 08:45:00+00:00,108.375,108.375,108.375,108.375,331.0
2025-05-07 08:46:00+00:00,108.3828125,108.3828125,108.375,108.375,524.0
2025-05-07 08:47:00+00:00,108.3828125,108.3828125,108.3828125,108.3828125,303.0
2025-05-07 08:48:00+00:00,108.3828125,108.3828125,108.3828125,108.3828125,262.0
2025-05-07 08:49:00+00:00,108.3828125,108.390625,108.3828125,108.3828125,11.0
2025-05-07 08:50:00+00:00,108.3828125,108.3828125,108.3828125,108.3828125,309.0
2025-05-07 08:51:00+00:00,108.3828125,108.3828125,108.3828125,108.3828125,748.0
2025-05-07 08:52:00+00:00,108.3828125,108.390625,108.3828125,108.3828125,388.0
2025-05-07 08:53:00+00:00,108.390625,108.390625,108.3828125,108.3828125,451.0
2025-05-07 08:55:00+00:00,108.3828125,108.3828125,108.3828125,108.3828125,399.0
2025-05-07 08:56:00+00:00,108.390625,108.390625,108.390625,108.390625,9.0
2025-05-07 08:57:00+00:00,108.3828125,108.390625,108.3828125,108.390625,307.0
2025-05-07 08:58:00+00:00,108.3828125,108.3828125,108.3828125,108.3828125,367.0
2025-05-07 08:59:00+00:00,108.3828125,108.3828125,108.3828125,108.3828125,327.0
2025-05-07 09:00:00+00:00,108.3828125,108.3828125,108.375,108.375,153.0
2025-05-07 09:01:00+00:00,108.3828125,108.3828125,108.3828125,108.3828125,61.0
2025-05-07 09:02:00+00:00,108.3828125,108.3828125,108.3828125,108.3828125,416.0
2025-05-07 09:03:00+00:00,108.3828125,108.3828125,108.3828125,108.3828125,64.0
2025-05-07 09:04:00+00:00,108.390625,108.3984375,108.390625,108.390625,254.0
2025-05-07 09:05:00+00:00,108.3984375,108.3984375,108.3984375,108.3984375,72.0
2025-05-07 09:06:00+00:00,108.3984375,108.40625,108.3984375,108.40625,227.0
2025-05-07 09:07:00+00:00,108.3984375,108.3984375,108.390625,108.3984375,243.0
2025-05-07 09:08:00+00:00,108.40625,108.40625,108.3984375,108.3984375,1258.0
2025-05-07 09:09:00+00:00,108.40625,108.40625,108.40625,108.40625,325.0
2025-05-07 09:10:00+00:00,108.3984375,108.40625,108.3984375,108.40625,446.0
2025-05-07 09:11:00+00:00,108.4140625,108.4140625,108.40625,108.40625,421.0
2025-05-07 09:12:00+00:00,108.4140625,108.4140625,108.40625,108.4140625,757.0
2025-05-07 09:13:00+00:00,108.4140625,108.4140625,108.4140625,108.4140625,10.0
2025-05-07 09:14:00+00:00,108.40625,108.4140625,108.40625,108.4140625,10.0
2025-05-07 09:15:00+00:00,108.4140625,108.4140625,108.40625,108.40625,1105.0
2025-05-07 09:16:00+00:00,108.40625,108.421875,108.40625,108.4140625,1647.0
2025-05-07 09:17:00+00:00,108.40625,108.4140625,108.40625,108.40625,512.0
2025-05-07 09:18:00+00:00,108.40625,108.4140625,108.40625,108.4140625,1159.0
2025-05-07 09:19:00+00:00,108.4140625,108.4140625,108.40625,108.40625,411.0
2025-05-07 09:20:00+00:00,108.421875,108.421875,108.4140625,108.4140625,531.0
2025-05-07 09:21:00+00:00,108.4140625,108.4140625,108.4140625,108.4140625,158.0
2025-05-07 09:22:00+00:00,108.421875,108.421875,108.421875,108.421875,221.0
2025-05-07 09:24:00+00:00,108.421875,108.421875,108.4140625,108.421875,176.0
2025-05-07 09:26:00+00:00,108.421875,108.421875,108.4140625,108.4140625,29.0
2025-05-07 09:27:00+00:00,108.421875,108.421875,108.421875,108.421875,207.0
2025-05-07 09:28:00+00:00,108.4296875,108.4296875,108.4296875,108.4296875,3.0
2025-05-07 09:29:00+00:00,108.4296875,108.4296875,108.4296875,108.4296875,42.0
2025-05-07 09:30:00+00:00,108.421875,108.421875,108.421875,108.421875,158.0
2025-05-07 09:31:00+00:00,108.4140625,108.421875,108.4140625,108.421875,909.0
2025-05-07 09:35:00+00:00,108.421875,108.4296875,108.421875,108.4296875,501.0
2025-05-07 09:36:00+00:00,108.421875,108.4296875,108.421875,108.4296875,313.0
2025-05-07 09:37:00+00:00,108.4296875,108.4296875,108.4296875,108.4296875,155.0
2025-05-07 09:38:00+00:00,108.4296875,108.4375,108.4296875,108.4375,115.0
2025-05-07 09:39:00+00:00,108.4296875,108.4296875,108.4296875,108.4296875,219.0
2025-05-07 09:40:00+00:00,108.4296875,108.4296875,108.4296875,108.4296875,644.0
2025-05-07 09:41:00+00:00,108.4296875,108.4296875,108.4296875,108.4296875,63.0
2025-05-07 09:42:00+00:00,108.4296875,108.4296875,108.4296875,108.4296875,108.0
2025-05-07 09:44:00+00:00,108.4375,108.4375,108.4296875,108.4296875,220.0
2025-05-07 09:45:00+00:00,108.4375,108.4375,108.4375,108.4375,496.0
2025-05-07 09:48:00+00:00,108.4453125,108.4453125,108.4453125,108.4453125,283.0
2025-05-07 09:49:00+00:00,108.453125,108.453125,108.453125,108.453125,78.0
2025-05-07 09:50:00+00:00,108.453125,108.453125,108.4453125,108.453125,431.0
2025-05-07 09:51:00+00:00,108.453125,108.453125,108.453125,108.453125,102.0
2025-05-07 09:52:00+00:00,108.4609375,108.4609375,108.453125,108.453125,153.0
2025-05-07 09:54:00+00:00,108.4609375,108.4609375,108.4609375,108.4609375,137.0
2025-05-07 09:56:00+00:00,108.453125,108.453125,108.453125,108.453125,226.0
2025-05-07 09:58:00+00:00,108.453125,108.453125,108.453125,108.453125,517.0
2025-05-07 09:59:00+00:00,108.453125,108.453125,108.453125,108.453125,7.0
2025-05-07 10:00:00+00:00,108.46875,108.46875,108.4453125,108.4453125,584.0
2025-05-07 10:01:00+00:00,108.453125,108.4609375,108.453125,108.4609375,1201.0
2025-05-07 10:03:00+00:00,108.453125,108.4609375,108.453125,108.4609375,869.0
2025-05-07 10:04:00+00:00,108.4609375,108.4609375,108.453125,108.453125,172.0
2025-05-07 10:05:00+00:00,108.46875,108.46875,108.453125,108.453125,260.0
2025-05-07 10:06:00+00:00,108.4609375,108.46875,108.4609375,108.46875,1520.0
2025-05-07 10:07:00+00:00,108.4609375,108.4609375,108.453125,108.4609375,411.0
2025-05-07 10:08:00+00:00,108.4609375,108.4609375,108.453125,108.4609375,518.0
2025-05-07 10:09:00+00:00,108.46099853515625,108.46875,108.4609375,108.46875,58.0
2025-05-07 10:11:00+00:00,108.4609375,108.4609375,108.453125,108.4609375,179.0
2025-05-07 10:12:00+00:00,108.4453125,108.4609375,108.4453125,108.4609375,1250.0
2025-05-07 10:13:00+00:00,108.4453125,108.4453125,108.4375,108.4453125,917.0
2025-05-07 10:14:00+00:00,108.4375,108.4453125,108.4375,108.4453125,1127.0
2025-05-07 10:15:00+00:00,108.4375,108.4453125,108.4375,108.4453125,247.0
2025-05-07 10:16:00+00:00,108.4453125,108.4453125,108.4296875,108.4296875,292.0
2025-05-07 10:17:00+00:00,108.4453125,108.4453125,108.4375,108.4453125,198.0
2025-05-07 10:19:00+00:00,108.4375,108.4375,108.4375,108.4375,101.0
2025-05-07 10:20:00+00:00,108.4375,108.4453125,108.4375,108.4375,281.0
2025-05-07 10:21:00+00:00,108.4375,108.4375,108.4375,108.4375,120.0
2025-05-07 10:22:00+00:00,108.4375,108.4375,108.4375,108.4375,469.0
2025-05-07 10:23:00+00:00,108.4453125,108.4453125,108.4375,108.4375,178.0
2025-05-07 10:24:00+00:00,108.4375,108.4453125,108.4375,108.4453125,16.0
2025-05-07 10:25:00+00:00,108.4375,108.4453125,108.4375,108.4453125,3.0
2025-05-07 10:26:00+00:00,108.4375,108.4453125,108.4375,108.4453125,157.0
2025-05-07 10:27:00+00:00,108.4375,108.4375,108.4375,108.4375,4.0
2025-05-07 10:28:00+00:00,108.4453125,108.4453125,108.4453125,108.4453125,11.0
2025-05-07 10:29:00+00:00,108.453125,108.4609375,108.4453125,108.4453125,554.0
2025-05-07 10:30:00+00:00,108.4609375,108.4609375,108.453125,108.4609375,75.0
2025-05-07 10:31:00+00:00,108.453125,108.4609375,108.453125,108.4609375,141.0
2025-05-07 10:32:00+00:00,108.453125,108.4609375,108.453125,108.453125,39.0
2025-05-07 10:33:00+00:00,108.453125,108.453125,108.453125,108.453125,67.0
2025-05-07 10:34:00+00:00,108.453125,108.453125,108.453125,108.453125,82.0
2025-05-07 10:35:00+00:00,108.453125,108.4609375,108.453125,108.4609375,115.0
2025-05-07 10:36:00+00:00,108.453125,108.4609375,108.453125,108.4609375,24.0
2025-05-07 10:37:00+00:00,108.4453125,108.453125,108.4453125,108.453125,173.0
2025-05-07 10:38:00+00:00,108.4453125,108.453125,108.4453125,108.453125,310.0
2025-05-07 10:40:00+00:00,108.4453125,108.4453125,108.4453125,108.4453125,4.0
2025-05-07 10:41:00+00:00,108.4453125,108.453125,108.4453125,108.4453125,249.0
2025-05-07 10:42:00+00:00,108.4453125,108.4453125,108.4453125,108.4453125,30.0
2025-05-07 10:43:00+00:00,108.4375,108.4375,108.4375,108.4375,210.0
2025-05-07 10:44:00+00:00,108.4375,108.4375,108.4296875,108.4375,282.0
2025-05-07 10:45:00+00:00,108.4375,108.4375,108.4296875,108.4296875,14.0
2025-05-07 10:46:00+00:00,108.4296875,108.4296875,108.4296875,108.4296875,98.0
2025-05-07 10:47:00+00:00,108.4296875,108.4296875,108.4296875,108.4296875,348.0
2025-05-07 10:48:00+00:00,108.4375,108.4375,108.4296875,108.4296875,290.0
2025-05-07 10:50:00+00:00,108.4140625,108.421875,108.4140625,108.421875,754.0
2025-05-07 10:51:00+00:00,108.421875,108.421875,108.421875,108.421875,371.0
2025-05-07 10:52:00+00:00,108.421875,108.421875,108.421875,108.421875,355.0
2025-05-07 10:53:00+00:00,108.4140625,108.421875,108.4140625,108.421875,349.0
2025-05-07 10:55:00+00:00,108.4140625,108.421875,108.40625,108.40625,472.0
2025-05-07 10:56:00+00:00,108.4140625,108.4140625,108.4140625,108.4140625,109.0
2025-05-07 10:59:00+00:00,108.421875,108.421875,108.4140625,108.4140625,190.0
2025-05-07 11:00:00+00:00,108.4296875,108.4296875,108.421875,108.421875,82.0
2025-05-07 11:01:00+00:00,108.4296875,108.4296875,108.4296875,108.4296875,569.0
2025-05-07 11:03:00+00:00,108.4296875,108.4296875,108.4296875,108.4296875,161.0
2025-05-07 11:04:00+00:00,108.421875,108.4296875,108.421875,108.4296875,724.0
2025-05-07 11:05:00+00:00,108.421875,108.421875,108.421875,108.421875,172.0
2025-05-07 11:06:00+00:00,108.4375,108.4375,108.421875,108.421875,1294.0
2025-05-07 11:07:00+00:00,108.4453125,108.4453125,108.4375,108.4453125,196.0
2025-05-07 11:08:00+00:00,108.4453125,108.4453125,108.4453125,108.4453125,229.0
2025-05-07 11:09:00+00:00,108.4453125,108.4453125,108.4375,108.4453125,416.0
2025-05-07 11:10:00+00:00,108.4296875,108.4375,108.4296875,108.4375,282.0
2025-05-07 11:11:00+00:00,108.4296875,108.4296875,108.421875,108.4296875,2035.0
2025-05-07 11:12:00+00:00,108.4296875,108.4296875,108.421875,108.421875,13.0
2025-05-07 11:13:00+00:00,108.421875,108.4375,108.421875,108.421875,374.0
2025-05-07 11:14:00+00:00,108.4375,108.4375,108.4296875,108.4296875,532.0
2025-05-07 11:15:00+00:00,108.4296875,108.4375,108.4296875,108.4375,222.0
2025-05-07 11:16:00+00:00,108.421875,108.4296875,108.421875,108.4296875,749.0
2025-05-07 11:17:00+00:00,108.421875,108.421875,108.421875,108.421875,4.0
2025-05-07 11:18:00+00:00,108.421875,108.421875,108.421875,108.421875,145.0
2025-05-07 11:20:00+00:00,108.4375,108.4375,108.421875,108.421875,311.0
2025-05-07 11:21:00+00:00,108.4296875,108.4375,108.4296875,108.4375,55.0
2025-05-07 11:22:00+00:00,108.4296875,108.4375,108.4296875,108.4375,293.0
2025-05-07 11:23:00+00:00,108.421875,108.421875,108.421875,108.421875,72.0
2025-05-07 11:24:00+00:00,108.421875,108.421875,108.421875,108.421875,334.0
2025-05-07 11:25:00+00:00,108.4296875,108.4296875,108.421875,108.421875,403.0
2025-05-07 11:26:00+00:00,108.4453125,108.4453125,108.4375,108.4375,1424.0
2025-05-07 11:27:00+00:00,108.4453125,108.4453125,108.4453125,108.4453125,621.0
2025-05-07 11:28:00+00:00,108.4453125,108.4453125,108.4375,108.4453125,903.0
2025-05-07 11:29:00+00:00,108.4375,108.453125,108.4375,108.4453125,246.0
2025-05-07 11:30:00+00:00,108.4375,108.4375,108.4375,108.4375,33.0
2025-05-07 11:31:00+00:00,108.4375,108.4453125,108.4375,108.4453125,190.0
2025-05-07 11:32:00+00:00,108.4375,108.4453125,108.4375,108.4453125,392.0
2025-05-07 11:33:00+00:00,108.4375,108.4375,108.4375,108.4375,379.0
2025-05-07 11:36:00+00:00,108.421875,108.4375,108.421875,108.4375,431.0
2025-05-07 11:37:00+00:00,108.421875,108.4296875,108.421875,108.421875,1051.0
2025-05-07 11:38:00+00:00,108.421875,108.421875,108.421875,108.421875,156.0
2025-05-07 11:39:00+00:00,108.421875,108.421875,108.421875,108.421875,728.0
2025-05-07 11:40:00+00:00,108.40625,108.421875,108.40625,108.421875,1388.0
2025-05-07 11:41:00+00:00,108.40625,108.40625,108.40625,108.40625,477.0
2025-05-07 11:42:00+00:00,108.3984375,108.40625,108.3984375,108.40625,628.0
2025-05-07 11:43:00+00:00,108.390625,108.3984375,108.390625,108.390625,388.0
2025-05-07 11:44:00+00:00,108.3984375,108.3984375,108.3984375,108.3984375,273.0
2025-05-07 11:45:00+00:00,108.3984375,108.3984375,108.3984375,108.3984375,63.0
2025-05-07 11:46:00+00:00,108.3984375,108.3984375,108.3984375,108.3984375,311.0
2025-05-07 11:47:00+00:00,108.3984375,108.3984375,108.390625,108.390625,203.0
2025-05-07 11:48:00+00:00,108.3984375,108.3984375,108.3984375,108.3984375,424.0
2025-05-07 11:49:00+00:00,108.3984375,108.3984375,108.3984375,108.3984375,12.0
2025-05-07 11:50:00+00:00,108.40625,108.40625,108.3984375,108.3984375,403.0
2025-05-07 11:51:00+00:00,108.40625,108.40625,108.40625,108.40625,2.0
2025-05-07 11:52:00+00:00,108.3984375,108.40625,108.3984375,108.40625,18.0
2025-05-07 11:53:00+00:00,108.3984375,108.40625,108.3984375,108.3984375,628.0
2025-05-07 11:54:00+00:00,108.390625,108.390625,108.3828125,108.390625,1023.0
2025-05-07 11:55:00+00:00,108.390625,108.390625,108.3828125,108.3828125,1008.0
2025-05-07 11:56:00+00:00,108.375,108.390625,108.375,108.3828125,1290.0
2025-05-07 11:57:00+00:00,108.375,108.3828125,108.3671875,108.375,1058.0
2025-05-07 11:58:00+00:00,108.3828125,108.3828125,108.375,108.3828125,496.0
2025-05-07 11:59:00+00:00,108.3828125,108.3828125,108.3828125,108.3828125,877.0
2025-05-07 12:00:00+00:00,108.390625,108.390625,108.375,108.375,606.0
2025-05-07 12:01:00+00:00,108.390625,108.390625,108.3828125,108.3828125,693.0
2025-05-07 12:02:00+00:00,108.3984375,108.3984375,108.390625,108.390625,168.0
2025-05-07 12:03:00+00:00,108.390625,108.3984375,108.390625,108.3984375,2088.0
2025-05-07 12:04:00+00:00,108.3984375,108.3984375,108.390625,108.390625,1382.0
2025-05-07 12:05:00+00:00,108.40625,108.40625,108.3984375,108.40625,1152.0
2025-05-07 12:06:00+00:00,108.4140625,108.4140625,108.40625,108.40625,595.0
2025-05-07 12:07:00+00:00,108.421875,108.421875,108.4140625,108.4140625,950.0
2025-05-07 12:08:00+00:00,108.421875,108.4296875,108.421875,108.4296875,599.0
2025-05-07 12:09:00+00:00,108.421875,108.4296875,108.421875,108.421875,620.0
2025-05-07 12:10:00+00:00,108.421875,108.4296875,108.4140625,108.4140625,461.0
2025-05-07 12:11:00+00:00,108.421875,108.4296875,108.421875,108.4296875,44.0
2025-05-07 12:13:00+00:00,108.4140625,108.421875,108.40625,108.4140625,1828.0
2025-05-07 12:14:00+00:00,108.421875,108.421875,108.4140625,108.4140625,2426.0
2025-05-07 12:15:00+00:00,108.40625,108.421875,108.3984375,108.421875,1864.0
2025-05-07 12:16:00+00:00,108.4140625,108.4140625,108.3984375,108.40625,723.0
2025-05-07 12:17:00+00:00,108.3984375,108.421875,108.3984375,108.4140625,568.0
2025-05-07 12:18:00+00:00,108.40625,108.40625,108.3984375,108.3984375,221.0
2025-05-07 12:19:00+00:00,108.421875,108.421875,108.40625,108.40625,1223.0
2025-05-07 12:20:00+00:00,108.421875,108.4296875,108.4140625,108.4296875,2055.0
2025-05-07 12:21:00+00:00,108.4140625,108.421875,108.4140625,108.421875,597.0
2025-05-07 12:22:00+00:00,108.3984375,108.4140625,108.390625,108.4140625,3440.0
2025-05-07 12:23:00+00:00,108.40625,108.40625,108.3984375,108.3984375,2470.0
2025-05-07 12:24:00+00:00,108.3984375,108.40625,108.390625,108.40625,1120.0
2025-05-07 12:25:00+00:00,108.4140625,108.421875,108.40625,108.40625,6122.0
2025-05-07 12:26:00+00:00,108.4140625,108.421875,108.4140625,108.4140625,452.0
2025-05-07 12:27:00+00:00,108.4296875,108.4296875,108.421875,108.421875,1395.0
2025-05-07 12:28:00+00:00,108.4296875,108.4375,108.421875,108.4296875,496.0
2025-05-07 12:29:00+00:00,108.4140625,108.4296875,108.4140625,108.4296875,1500.0
2025-05-07 12:30:00+00:00,108.4375,108.4453125,108.4140625,108.4140625,4856.0
2025-05-07 12:31:00+00:00,108.4375,108.4453125,108.4375,108.4375,1085.0
2025-05-07 12:32:00+00:00,108.421875,108.4296875,108.4140625,108.4296875,658.0
2025-05-07 12:33:00+00:00,108.4296875,108.4296875,108.421875,108.421875,1760.0
2025-05-07 12:34:00+00:00,108.421875,108.421875,108.421875,108.421875,1008.0
2025-05-07 12:35:00+00:00,108.4375,108.4453125,108.421875,108.4296875,797.0
2025-05-07 12:36:00+00:00,108.4375,108.4453125,108.4375,108.4453125,648.0
2025-05-07 12:37:00+00:00,108.4375,108.4375,108.4375,108.4375,541.0
2025-05-07 12:38:00+00:00,108.4453125,108.4453125,108.4453125,108.4453125,0.0
