Datetime,Close,High,Low,Open,Volume
2025-03-20 20:11:00+00:00,19707.0,19710.75,19703.0,19703.5,0.0
2025-03-20 20:12:00+00:00,19705.5,19710.25,19705.5,19710.0,86.0
2025-03-20 20:13:00+00:00,19706.25,19707.5,19706.25,19706.25,8.0
2025-03-20 20:14:00+00:00,19702.5,19706.75,19702.25,19706.75,53.0
2025-03-20 20:15:00+00:00,19704.0,19704.75,19702.5,19704.25,50.0
2025-03-20 20:17:00+00:00,19708.25,19708.25,19703.75,19703.75,18.0
2025-03-20 20:18:00+00:00,19710.25,19712.25,19710.25,19710.5,12.0
2025-03-20 20:19:00+00:00,19706.5,19707.0,19706.25,19706.25,7.0
2025-03-20 20:20:00+00:00,19701.75,19701.75,19701.75,19701.75,4.0
2025-03-20 20:21:00+00:00,19703.75,19703.75,19703.75,19703.75,1.0
2025-03-20 20:22:00+00:00,19697.5,19700.0,19694.5,19700.0,15.0
2025-03-20 20:23:00+00:00,19699.5,19699.5,19697.5,19697.5,24.0
2025-03-20 20:24:00+00:00,19701.5,19701.5,19697.0,19697.25,6.0
2025-03-20 20:25:00+00:00,19700.0,19700.0,19700.0,19700.0,1.0
2025-03-20 20:26:00+00:00,19701.25,19701.25,19700.0,19700.75,4.0
2025-03-20 20:27:00+00:00,19700.5,19703.0,19700.5,19703.0,32.0
2025-03-20 20:29:00+00:00,19707.75,19707.75,19706.5,19706.5,8.0
2025-03-20 20:30:00+00:00,19705.0,19705.0,19704.25,19704.25,22.0
2025-03-20 20:31:00+00:00,19704.5,19704.5,19703.25,19703.25,2.0
2025-03-20 20:32:00+00:00,19700.5,19700.75,19700.5,19700.75,5.0
2025-03-20 20:33:00+00:00,19699.0,19699.25,19699.0,19699.25,4.0
2025-03-20 20:34:00+00:00,19700.0,19700.0,19696.25,19698.0,24.0
2025-03-20 20:35:00+00:00,19697.0,19700.0,19697.0,19698.75,26.0
2025-03-20 20:36:00+00:00,19695.0,19698.25,19695.0,19698.0,17.0
2025-03-20 20:38:00+00:00,19694.75,19694.75,19694.5,19694.5,27.0
2025-03-20 20:39:00+00:00,19695.0,19695.0,19695.0,19695.0,12.0
2025-03-20 20:42:00+00:00,19693.25,19695.25,19693.25,19695.25,16.0
2025-03-20 20:43:00+00:00,19694.0,19694.0,19694.0,19694.0,2.0
2025-03-20 20:45:00+00:00,19695.75,19695.75,19694.5,19695.75,54.0
2025-03-20 20:47:00+00:00,19693.0,19695.25,19693.0,19695.25,35.0
2025-03-20 20:48:00+00:00,19696.0,19696.0,19691.0,19693.5,20.0
2025-03-20 20:49:00+00:00,19696.5,19699.0,19696.5,19697.5,9.0
2025-03-20 20:50:00+00:00,19695.5,19697.5,19695.5,19697.5,28.0
2025-03-20 20:52:00+00:00,19697.75,19697.75,19697.75,19697.75,4.0
2025-03-20 20:53:00+00:00,19694.5,19698.75,19690.5,19698.75,178.0
2025-03-20 20:54:00+00:00,19698.25,19698.25,19698.25,19698.25,2.0
2025-03-20 20:55:00+00:00,19698.0,19698.0,19695.5,19696.5,35.0
2025-03-20 20:57:00+00:00,19694.0,19696.25,19693.5,19694.75,44.0
2025-03-20 20:58:00+00:00,19694.0,19694.0,19692.5,19692.5,25.0
2025-03-20 20:59:00+00:00,19690.5,19696.25,19684.0,19691.0,52.0
2025-03-20 22:00:00+00:00,19690.75,19697.5,19680.5,19690.75,0.0
2025-03-20 22:01:00+00:00,19697.25,19698.0,19694.25,19695.0,13.0
2025-03-20 22:02:00+00:00,19691.75,19691.75,19691.75,19691.75,2.0
2025-03-20 22:03:00+00:00,19695.0,19695.0,19695.0,19695.0,5.0
2025-03-20 22:07:00+00:00,19686.5,19686.5,19686.5,19686.5,1.0
2025-03-20 22:09:00+00:00,19683.5,19684.0,19683.5,19684.0,4.0
2025-03-20 22:10:00+00:00,19679.25,19680.0,19679.25,19680.0,23.0
2025-03-20 22:12:00+00:00,19679.0,19679.0,19679.0,19679.0,10.0
2025-03-20 22:13:00+00:00,19683.25,19683.25,19683.25,19683.25,3.0
2025-03-20 22:14:00+00:00,19678.75,19681.0,19678.75,19681.0,2.0
2025-03-20 22:15:00+00:00,19686.5,19686.5,19683.0,19683.0,5.0
2025-03-20 22:16:00+00:00,19692.25,19692.25,19687.5,19688.25,11.0
2025-03-20 22:17:00+00:00,19695.25,19695.25,19692.25,19692.25,2.0
2025-03-20 22:18:00+00:00,19699.25,19700.0,19694.25,19694.25,28.0
2025-03-20 22:19:00+00:00,19700.5,19700.5,19700.25,19700.25,8.0
2025-03-20 22:23:00+00:00,19690.5,19690.5,19690.5,19690.5,1.0
2025-03-20 22:24:00+00:00,19690.0,19690.0,19688.75,19689.25,4.0
2025-03-20 22:25:00+00:00,19693.0,19693.0,19693.0,19693.0,1.0
2025-03-20 22:29:00+00:00,19695.0,19699.0,19695.0,19697.75,12.0
2025-03-20 22:30:00+00:00,19698.0,19698.0,19695.5,19695.5,2.0
2025-03-20 22:31:00+00:00,19695.0,19695.0,19695.0,19695.0,15.0
2025-03-20 22:33:00+00:00,19693.75,19693.75,19693.75,19693.75,1.0
2025-03-20 22:34:00+00:00,19703.25,19704.0,19700.0,19700.0,20.0
2025-03-20 22:35:00+00:00,19702.25,19702.25,19702.25,19702.25,1.0
2025-03-20 22:38:00+00:00,19706.0,19706.0,19704.25,19704.25,5.0
2025-03-20 22:39:00+00:00,19706.25,19715.25,19705.0,19705.25,13.0
2025-03-20 22:40:00+00:00,19699.25,19705.25,19699.25,19705.25,34.0
2025-03-20 22:41:00+00:00,19704.75,19704.75,19699.0,19699.0,10.0
2025-03-20 22:43:00+00:00,19699.5,19702.25,19699.5,19702.25,6.0
2025-03-20 22:44:00+00:00,19702.5,19706.25,19702.5,19706.25,5.0
2025-03-20 22:45:00+00:00,19703.25,19704.25,19703.25,19704.25,2.0
2025-03-20 22:46:00+00:00,19699.75,19699.75,19699.75,19699.75,1.0
2025-03-20 22:47:00+00:00,19698.25,19698.25,19698.25,19698.25,3.0
2025-03-20 22:49:00+00:00,19692.5,19695.0,19692.5,19695.0,11.0
2025-03-20 22:50:00+00:00,19688.25,19692.0,19688.25,19692.0,15.0
2025-03-20 22:54:00+00:00,19687.25,19687.25,19684.5,19684.5,4.0
2025-03-20 22:56:00+00:00,19683.75,19683.75,19683.25,19683.25,3.0
2025-03-20 22:57:00+00:00,19685.5,19685.5,19685.5,19685.5,1.0
2025-03-20 22:58:00+00:00,19684.0,19684.0,19684.0,19684.0,3.0
2025-03-20 23:00:00+00:00,19685.0,19685.0,19685.0,19685.0,1.0
2025-03-20 23:01:00+00:00,19678.75,19682.0,19678.75,19682.0,5.0
2025-03-20 23:02:00+00:00,19666.5,19677.0,19666.5,19677.0,51.0
2025-03-20 23:03:00+00:00,19669.25,19669.25,19669.25,19669.25,2.0
2025-03-20 23:04:00+00:00,19667.75,19671.25,19667.75,19670.25,7.0
2025-03-20 23:05:00+00:00,19656.25,19669.0,19656.25,19669.0,21.0
2025-03-20 23:06:00+00:00,19657.0,19661.75,19657.0,19660.0,39.0
2025-03-20 23:07:00+00:00,19654.25,19656.5,19654.25,19656.5,11.0
2025-03-20 23:08:00+00:00,19657.25,19657.25,19657.25,19657.25,1.0
2025-03-20 23:09:00+00:00,19657.5,19657.5,19652.25,19655.25,4.0
2025-03-20 23:10:00+00:00,19659.25,19659.25,19655.0,19659.25,136.0
2025-03-20 23:11:00+00:00,19657.25,19659.25,19657.25,19659.25,64.0
2025-03-20 23:12:00+00:00,19659.25,19659.25,19659.25,19659.25,2.0
2025-03-20 23:15:00+00:00,19652.0,19654.25,19652.0,19652.75,13.0
2025-03-20 23:16:00+00:00,19656.0,19656.0,19654.25,19654.25,5.0
2025-03-20 23:18:00+00:00,19655.75,19655.75,19654.25,19655.0,6.0
2025-03-20 23:19:00+00:00,19651.25,19651.25,19650.0,19650.0,5.0
2025-03-20 23:20:00+00:00,19649.25,19649.25,19649.25,19649.25,3.0
2025-03-20 23:21:00+00:00,19648.25,19648.25,19647.25,19648.25,3.0
2025-03-20 23:22:00+00:00,19649.75,19649.75,19647.25,19647.25,6.0
2025-03-20 23:26:00+00:00,19657.75,19657.75,19655.0,19655.0,5.0
2025-03-20 23:27:00+00:00,19654.25,19656.0,19654.25,19656.0,17.0
2025-03-20 23:30:00+00:00,19649.0,19655.25,19649.0,19655.25,3.0
2025-03-20 23:31:00+00:00,19650.5,19650.5,19650.5,19650.5,3.0
2025-03-20 23:32:00+00:00,19659.75,19659.75,19658.0,19658.0,4.0
2025-03-20 23:36:00+00:00,19661.0,19661.0,19661.0,19661.0,1.0
2025-03-20 23:37:00+00:00,19659.5,19659.5,19659.5,19659.5,4.0
2025-03-20 23:38:00+00:00,19656.5,19659.75,19656.5,19659.75,6.0
2025-03-20 23:39:00+00:00,19660.5,19660.5,19660.5,19660.5,1.0
2025-03-20 23:40:00+00:00,19665.75,19667.0,19658.25,19658.25,10.0
2025-03-20 23:41:00+00:00,19664.25,19667.75,19664.25,19667.5,6.0
2025-03-20 23:42:00+00:00,19663.75,19665.25,19660.25,19662.5,5.0
2025-03-20 23:44:00+00:00,19664.75,19666.0,19664.75,19666.0,2.0
2025-03-20 23:46:00+00:00,19671.25,19671.25,19667.0,19667.0,6.0
2025-03-20 23:48:00+00:00,19672.25,19673.75,19672.25,19673.75,5.0
2025-03-20 23:51:00+00:00,19673.25,19673.25,19673.25,19673.25,7.0
2025-03-20 23:53:00+00:00,19681.75,19681.75,19678.5,19678.5,9.0
2025-03-20 23:55:00+00:00,19686.25,19686.25,19685.5,19685.5,5.0
2025-03-20 23:58:00+00:00,19683.25,19683.5,19683.25,19683.5,4.0
2025-03-20 23:59:00+00:00,19683.25,19683.25,19683.25,19683.25,7.0
2025-03-21 00:00:00+00:00,19689.5,19689.5,19678.0,19682.25,13.0
2025-03-21 00:01:00+00:00,19692.0,19692.0,19690.0,19690.0,8.0
2025-03-21 00:02:00+00:00,19696.0,19696.0,19691.25,19691.25,11.0
2025-03-21 00:03:00+00:00,19700.5,19700.5,19697.25,19697.5,8.0
2025-03-21 00:04:00+00:00,19705.25,19705.25,19701.0,19701.0,12.0
2025-03-21 00:05:00+00:00,19708.0,19708.0,19708.0,19708.0,1.0
2025-03-21 00:06:00+00:00,19714.25,19714.25,19711.25,19712.0,12.0
2025-03-21 00:07:00+00:00,19707.0,19707.0,19707.0,19707.0,7.0
2025-03-21 00:08:00+00:00,19711.25,19711.5,19707.0,19707.0,12.0
2025-03-21 00:09:00+00:00,19712.75,19712.75,19712.75,19712.75,3.0
2025-03-21 00:10:00+00:00,19715.0,19715.0,19711.0,19711.0,20.0
2025-03-21 00:12:00+00:00,19710.75,19711.75,19710.75,19711.75,29.0
2025-03-21 00:16:00+00:00,19711.0,19711.0,19711.0,19711.0,5.0
2025-03-21 00:18:00+00:00,19706.0,19709.0,19706.0,19709.0,24.0
2025-03-21 00:19:00+00:00,19710.0,19710.0,19710.0,19710.0,6.0
2025-03-21 00:20:00+00:00,19715.0,19715.0,19713.25,19713.25,22.0
2025-03-21 00:21:00+00:00,19718.5,19720.25,19718.0,19718.0,10.0
2025-03-21 00:22:00+00:00,19717.0,19717.0,19717.0,19717.0,1.0
2025-03-21 00:23:00+00:00,19714.0,19716.5,19713.25,19714.25,12.0
2025-03-21 00:24:00+00:00,19713.0,19714.75,19713.0,19714.75,6.0
2025-03-21 00:25:00+00:00,19711.0,19711.5,19711.0,19711.5,5.0
2025-03-21 00:26:00+00:00,19702.75,19709.25,19701.75,19706.25,16.0
2025-03-21 00:27:00+00:00,19706.25,19706.25,19702.0,19702.0,7.0
2025-03-21 00:28:00+00:00,19705.5,19705.5,19705.5,19705.5,6.0
2025-03-21 00:29:00+00:00,19707.25,19707.25,19707.25,19707.25,14.0
2025-03-21 00:30:00+00:00,19715.25,19715.25,19713.0,19713.0,6.0
2025-03-21 00:31:00+00:00,19714.25,19714.25,19714.25,19714.25,4.0
2025-03-21 00:32:00+00:00,19720.0,19720.0,19719.25,19719.25,14.0
2025-03-21 00:35:00+00:00,19713.75,19713.75,19712.0,19712.0,4.0
2025-03-21 00:36:00+00:00,19713.5,19713.5,19713.5,19713.5,3.0
2025-03-21 00:38:00+00:00,19710.5,19710.5,19707.75,19707.75,7.0
2025-03-21 00:41:00+00:00,19706.25,19707.25,19706.25,19707.25,8.0
2025-03-21 00:42:00+00:00,19707.5,19707.5,19707.5,19707.5,1.0
2025-03-21 00:46:00+00:00,19712.25,19712.25,19712.25,19712.25,1.0
2025-03-21 00:50:00+00:00,19708.25,19708.25,19708.25,19708.25,4.0
2025-03-21 00:51:00+00:00,19707.5,19707.5,19707.5,19707.5,8.0
2025-03-21 00:52:00+00:00,19709.5,19709.5,19709.5,19709.5,3.0
2025-03-21 00:53:00+00:00,19717.25,19717.25,19711.5,19711.5,10.0
2025-03-21 00:55:00+00:00,19716.0,19716.25,19716.0,19716.25,8.0
2025-03-21 00:57:00+00:00,19717.0,19717.75,19717.0,19717.75,2.0
2025-03-21 00:58:00+00:00,19712.75,19717.75,19712.75,19716.5,10.0
2025-03-21 00:59:00+00:00,19711.0,19712.25,19711.0,19712.25,12.0
2025-03-21 01:02:00+00:00,19713.5,19713.5,19713.5,19713.5,4.0
2025-03-21 01:03:00+00:00,19711.0,19711.0,19711.0,19711.0,1.0
2025-03-21 01:09:00+00:00,19707.0,19707.25,19706.0,19706.75,13.0
2025-03-21 01:10:00+00:00,19712.0,19712.0,19711.75,19711.75,10.0
2025-03-21 01:12:00+00:00,19705.0,19706.25,19702.25,19704.5,28.0
2025-03-21 01:13:00+00:00,19705.0,19705.0,19705.0,19705.0,1.0
2025-03-21 01:14:00+00:00,19705.0,19705.0,19702.0,19702.5,17.0
2025-03-21 01:15:00+00:00,19708.25,19708.25,19708.25,19708.25,1.0
2025-03-21 01:16:00+00:00,19707.25,19707.25,19707.25,19707.25,2.0
2025-03-21 01:17:00+00:00,19702.0,19704.0,19702.0,19704.0,3.0
2025-03-21 01:19:00+00:00,19704.0,19705.25,19697.0,19697.0,18.0
2025-03-21 01:20:00+00:00,19705.25,19706.75,19705.25,19706.0,9.0
2025-03-21 01:22:00+00:00,19711.0,19711.0,19711.0,19711.0,2.0
2025-03-21 01:27:00+00:00,19708.75,19708.75,19703.75,19703.75,4.0
2025-03-21 01:28:00+00:00,19717.25,19717.25,19711.25,19711.25,21.0
2025-03-21 01:32:00+00:00,19715.0,19715.0,19710.5,19713.5,29.0
2025-03-21 01:33:00+00:00,19718.5,19718.5,19715.0,19715.0,39.0
2025-03-21 01:35:00+00:00,19717.25,19718.5,19717.25,19718.5,7.0
2025-03-21 01:36:00+00:00,19725.0,19725.0,19720.0,19720.0,11.0
2025-03-21 01:37:00+00:00,19726.25,19726.25,19725.0,19725.0,2.0
2025-03-21 01:38:00+00:00,19728.75,19728.75,19728.25,19728.25,4.0
2025-03-21 01:40:00+00:00,19726.75,19726.75,19726.75,19726.75,4.0
2025-03-21 01:41:00+00:00,19722.75,19722.75,19722.75,19722.75,11.0
2025-03-21 01:43:00+00:00,19726.25,19726.25,19725.25,19725.25,11.0
2025-03-21 01:44:00+00:00,19724.0,19724.0,19724.0,19724.0,3.0
2025-03-21 01:46:00+00:00,19723.75,19723.75,19723.75,19723.75,8.0
2025-03-21 01:50:00+00:00,19721.5,19721.5,19720.75,19720.75,4.0
2025-03-21 01:55:00+00:00,19719.25,19723.25,19719.25,19723.25,4.0
2025-03-21 01:59:00+00:00,19721.0,19721.0,19720.5,19720.5,4.0
2025-03-21 02:00:00+00:00,19725.0,19725.0,19725.0,19725.0,4.0
2025-03-21 02:03:00+00:00,19719.75,19719.75,19719.75,19719.75,3.0
2025-03-21 02:04:00+00:00,19716.25,19719.75,19716.25,19719.25,24.0
2025-03-21 02:05:00+00:00,19719.75,19719.75,19717.25,19717.25,14.0
2025-03-21 02:07:00+00:00,19715.75,19715.75,19714.25,19714.25,3.0
2025-03-21 02:08:00+00:00,19719.75,19719.75,19719.5,19719.5,5.0
2025-03-21 02:09:00+00:00,19714.25,19716.75,19714.25,19716.75,7.0
2025-03-21 02:10:00+00:00,19708.0,19710.75,19708.0,19710.75,15.0
2025-03-21 02:11:00+00:00,19708.25,19708.25,19708.0,19708.0,8.0
2025-03-21 02:13:00+00:00,19708.75,19708.75,19708.25,19708.25,2.0
2025-03-21 02:15:00+00:00,19711.0,19711.0,19711.0,19711.0,3.0
2025-03-21 02:20:00+00:00,19693.0,19698.0,19693.0,19698.0,8.0
2025-03-21 02:21:00+00:00,19693.5,19693.5,19693.25,19693.25,5.0
2025-03-21 02:22:00+00:00,19693.0,19693.0,19693.0,19693.0,7.0
2025-03-21 02:23:00+00:00,19692.25,19692.25,19691.0,19691.0,7.0
2025-03-21 02:24:00+00:00,19688.0,19688.0,19688.0,19688.0,5.0
2025-03-21 02:25:00+00:00,19693.25,19693.25,19693.25,19693.25,22.0
2025-03-21 02:27:00+00:00,19695.25,19695.25,19695.25,19695.25,7.0
2025-03-21 02:29:00+00:00,19700.75,19700.75,19700.75,19700.75,1.0
2025-03-21 02:30:00+00:00,19699.5,19699.5,19699.5,19699.5,1.0
2025-03-21 02:31:00+00:00,19698.5,19699.25,19698.5,19699.25,10.0
2025-03-21 02:34:00+00:00,19697.5,19697.5,19697.5,19697.5,7.0
2025-03-21 02:35:00+00:00,19700.75,19700.75,19700.75,19700.75,3.0
2025-03-21 02:43:00+00:00,19698.5,19698.5,19698.5,19698.5,6.0
2025-03-21 02:44:00+00:00,19701.25,19701.25,19698.75,19698.75,10.0
2025-03-21 02:45:00+00:00,19707.25,19707.25,19699.75,19699.75,23.0
2025-03-21 02:48:00+00:00,19705.75,19705.75,19704.5,19704.5,4.0
2025-03-21 02:49:00+00:00,19710.0,19710.0,19707.25,19707.5,5.0
2025-03-21 02:50:00+00:00,19709.0,19709.0,19709.0,19709.0,1.0
2025-03-21 02:51:00+00:00,19708.25,19708.25,19708.25,19708.25,3.0
2025-03-21 02:52:00+00:00,19710.0,19710.0,19710.0,19710.0,5.0
2025-03-21 02:53:00+00:00,19711.0,19711.0,19711.0,19711.0,6.0
2025-03-21 02:57:00+00:00,19705.25,19705.25,19702.0,19702.0,8.0
2025-03-21 03:00:00+00:00,19690.25,19696.0,19690.25,19695.0,17.0
2025-03-21 03:01:00+00:00,19693.25,19693.25,19692.25,19692.25,3.0
2025-03-21 03:02:00+00:00,19682.75,19687.75,19682.0,19687.75,19.0
2025-03-21 03:03:00+00:00,19683.0,19683.0,19683.0,19683.0,1.0
2025-03-21 03:04:00+00:00,19684.75,19684.75,19684.75,19684.75,1.0
2025-03-21 03:05:00+00:00,19681.75,19683.25,19681.25,19681.25,9.0
2025-03-21 03:06:00+00:00,19683.25,19683.25,19683.25,19683.25,1.0
2025-03-21 03:07:00+00:00,19682.25,19682.25,19678.25,19680.5,22.0
2025-03-21 03:09:00+00:00,19680.25,19680.25,19677.25,19677.25,13.0
2025-03-21 03:10:00+00:00,19679.0,19679.0,19679.0,19679.0,1.0
2025-03-21 03:11:00+00:00,19677.0,19678.5,19677.0,19678.5,5.0
2025-03-21 03:12:00+00:00,19680.75,19681.0,19680.75,19681.0,3.0
2025-03-21 03:13:00+00:00,19680.25,19680.25,19680.25,19680.25,1.0
2025-03-21 03:14:00+00:00,19679.0,19679.0,19679.0,19679.0,2.0
2025-03-21 03:15:00+00:00,19672.0,19675.5,19672.0,19675.5,8.0
2025-03-21 03:16:00+00:00,19670.0,19675.0,19670.0,19674.5,11.0
2025-03-21 03:17:00+00:00,19666.75,19668.0,19663.0,19668.0,10.0
2025-03-21 03:18:00+00:00,19669.0,19669.0,19669.0,19669.0,3.0
2025-03-21 03:20:00+00:00,19675.75,19676.25,19675.25,19676.25,10.0
2025-03-21 03:21:00+00:00,19681.75,19681.75,19679.25,19679.25,3.0
2025-03-21 03:22:00+00:00,19682.75,19682.75,19682.25,19682.25,5.0
2025-03-21 03:24:00+00:00,19685.0,19685.0,19683.5,19683.5,5.0
2025-03-21 03:27:00+00:00,19683.5,19683.5,19683.5,19683.5,2.0
2025-03-21 03:29:00+00:00,19681.5,19681.5,19681.5,19681.5,2.0
2025-03-21 03:33:00+00:00,19685.0,19685.0,19685.0,19685.0,3.0
2025-03-21 03:35:00+00:00,19681.25,19681.25,19681.25,19681.25,7.0
2025-03-21 03:36:00+00:00,19682.75,19683.25,19682.75,19683.25,10.0
2025-03-21 03:38:00+00:00,19682.75,19682.75,19680.25,19681.0,15.0
2025-03-21 03:40:00+00:00,19685.25,19685.25,19685.25,19685.25,1.0
2025-03-21 03:41:00+00:00,19685.0,19685.0,19685.0,19685.0,9.0
2025-03-21 03:45:00+00:00,19684.25,19688.25,19684.25,19688.25,21.0
2025-03-21 03:46:00+00:00,19685.0,19686.5,19685.0,19686.5,12.0
2025-03-21 03:47:00+00:00,19679.25,19681.0,19679.25,19680.0,4.0
2025-03-21 03:48:00+00:00,19679.25,19679.25,19679.25,19679.25,1.0
2025-03-21 03:49:00+00:00,19679.75,19679.75,19678.0,19678.25,14.0
2025-03-21 03:50:00+00:00,19680.25,19680.25,19679.0,19679.0,5.0
2025-03-21 03:53:00+00:00,19676.75,19676.75,19673.25,19673.25,5.0
2025-03-21 03:54:00+00:00,19679.75,19679.75,19679.75,19679.75,2.0
2025-03-21 03:55:00+00:00,19678.75,19678.75,19678.75,19678.75,2.0
2025-03-21 03:56:00+00:00,19680.75,19680.75,19680.5,19680.5,2.0
2025-03-21 03:58:00+00:00,19678.75,19684.25,19678.75,19680.25,13.0
2025-03-21 04:09:00+00:00,19687.0,19687.0,19686.25,19686.25,5.0
2025-03-21 04:10:00+00:00,19684.5,19685.5,19684.5,19685.5,7.0
2025-03-21 04:12:00+00:00,19687.75,19687.75,19687.75,19687.75,2.0
2025-03-21 04:13:00+00:00,19689.0,19689.0,19689.0,19689.0,2.0
2025-03-21 04:15:00+00:00,19688.75,19688.75,19688.75,19688.75,2.0
2025-03-21 04:16:00+00:00,19687.75,19687.75,19687.75,19687.75,5.0
2025-03-21 04:18:00+00:00,19683.5,19683.5,19683.5,19683.5,3.0
2025-03-21 04:20:00+00:00,19689.5,19689.5,19689.5,19689.5,5.0
2025-03-21 04:21:00+00:00,19687.0,19687.0,19687.0,19687.0,4.0
2025-03-21 04:22:00+00:00,19687.25,19687.25,19687.25,19687.25,11.0
2025-03-21 04:23:00+00:00,19684.5,19684.5,19683.75,19683.75,5.0
2025-03-21 04:28:00+00:00,19683.5,19683.5,19683.5,19683.5,6.0
2025-03-21 04:29:00+00:00,19684.25,19685.0,19684.25,19685.0,8.0
2025-03-21 04:31:00+00:00,19682.25,19682.25,19682.25,19682.25,1.0
2025-03-21 04:32:00+00:00,19684.5,19684.5,19684.5,19684.5,2.0
2025-03-21 04:35:00+00:00,19680.0,19680.0,19680.0,19680.0,1.0
2025-03-21 04:38:00+00:00,19678.5,19678.5,19678.5,19678.5,1.0
2025-03-21 04:40:00+00:00,19675.0,19675.0,19675.0,19675.0,2.0
2025-03-21 04:41:00+00:00,19674.25,19674.25,19674.25,19674.25,2.0
2025-03-21 04:42:00+00:00,19672.25,19674.25,19671.25,19674.25,26.0
2025-03-21 04:44:00+00:00,19673.75,19673.75,19673.75,19673.75,1.0
2025-03-21 04:47:00+00:00,19672.25,19672.25,19672.25,19672.25,2.0
2025-03-21 04:48:00+00:00,19671.25,19671.25,19671.25,19671.25,2.0
2025-03-21 04:50:00+00:00,19674.0,19674.0,19674.0,19674.0,2.0
2025-03-21 04:52:00+00:00,19670.0,19672.5,19670.0,19672.5,11.0
2025-03-21 04:53:00+00:00,19664.0,19668.75,19664.0,19668.75,5.0
2025-03-21 04:55:00+00:00,19664.75,19665.25,19664.75,19664.75,5.0
2025-03-21 04:56:00+00:00,19667.75,19667.75,19667.75,19667.75,1.0
2025-03-21 05:00:00+00:00,19664.0,19665.5,19661.75,19664.75,5.0
2025-03-21 05:01:00+00:00,19662.75,19662.75,19662.75,19662.75,1.0
2025-03-21 05:02:00+00:00,19659.75,19659.75,19659.5,19659.5,3.0
2025-03-21 05:04:00+00:00,19665.5,19665.5,19664.75,19664.75,4.0
2025-03-21 05:05:00+00:00,19656.5,19658.0,19656.5,19657.25,14.0
2025-03-21 05:06:00+00:00,19655.25,19655.25,19655.25,19655.25,3.0
2025-03-21 05:07:00+00:00,19651.5,19655.0,19651.5,19655.0,3.0
2025-03-21 05:08:00+00:00,19650.0,19650.0,19650.0,19650.0,1.0
2025-03-21 05:09:00+00:00,19648.25,19648.25,19648.25,19648.25,1.0
2025-03-21 05:10:00+00:00,19651.25,19651.25,19651.25,19651.25,2.0
2025-03-21 05:11:00+00:00,19650.75,19652.5,19650.75,19652.5,7.0
2025-03-21 05:12:00+00:00,19655.25,19655.25,19655.25,19655.25,7.0
2025-03-21 05:15:00+00:00,19654.0,19654.0,19651.75,19651.75,6.0
2025-03-21 05:16:00+00:00,19657.75,19657.75,19657.75,19657.75,1.0
2025-03-21 05:18:00+00:00,19664.0,19664.0,19664.0,19664.0,1.0
2025-03-21 05:20:00+00:00,19666.5,19666.5,19666.5,19666.5,7.0
2025-03-21 05:23:00+00:00,19665.75,19665.75,19665.75,19665.75,1.0
2025-03-21 05:25:00+00:00,19661.75,19661.75,19661.75,19661.75,1.0
2025-03-21 05:28:00+00:00,19663.0,19663.0,19662.5,19662.75,22.0
2025-03-21 05:29:00+00:00,19662.75,19664.0,19662.75,19663.0,15.0
2025-03-21 05:30:00+00:00,19661.0,19664.0,19661.0,19664.0,17.0
2025-03-21 05:31:00+00:00,19660.0,19660.0,19660.0,19660.0,1.0
2025-03-21 05:32:00+00:00,19659.5,19659.5,19659.5,19659.5,1.0
2025-03-21 05:33:00+00:00,19664.0,19664.0,19664.0,19664.0,3.0
2025-03-21 05:36:00+00:00,19663.5,19663.5,19663.5,19663.5,4.0
2025-03-21 05:37:00+00:00,19661.0,19661.0,19661.0,19661.0,7.0
2025-03-21 05:38:00+00:00,19647.5,19650.0,19647.5,19650.0,10.0
2025-03-21 05:39:00+00:00,19637.75,19641.0,19637.75,19641.0,12.0
2025-03-21 05:41:00+00:00,19637.75,19638.5,19637.75,19638.5,4.0
2025-03-21 05:42:00+00:00,19641.75,19641.75,19639.5,19640.25,7.0
2025-03-21 05:43:00+00:00,19632.75,19637.0,19632.75,19637.0,3.0
2025-03-21 05:44:00+00:00,19628.0,19630.25,19625.75,19630.25,19.0
2025-03-21 05:45:00+00:00,19626.5,19626.5,19626.5,19626.5,2.0
2025-03-21 05:46:00+00:00,19631.0,19631.0,19630.5,19630.5,10.0
2025-03-21 05:47:00+00:00,19631.75,19634.0,19631.75,19634.0,8.0
2025-03-21 05:48:00+00:00,19629.5,19629.75,19629.0,19629.0,9.0
2025-03-21 05:50:00+00:00,19635.0,19635.0,19632.0,19632.0,7.0
2025-03-21 05:51:00+00:00,19635.0,19635.0,19635.0,19635.0,5.0
2025-03-21 05:52:00+00:00,19637.75,19637.75,19635.0,19635.0,14.0
2025-03-21 05:53:00+00:00,19637.0,19638.5,19637.0,19638.5,9.0
2025-03-21 05:57:00+00:00,19644.0,19644.0,19644.0,19644.0,2.0
2025-03-21 05:59:00+00:00,19643.25,19643.75,19643.25,19643.75,3.0
2025-03-21 06:00:00+00:00,19645.75,19645.75,19640.75,19640.75,4.0
2025-03-21 06:02:00+00:00,19646.0,19646.25,19644.5,19644.5,4.0
2025-03-21 06:03:00+00:00,19649.5,19649.5,19648.25,19648.25,12.0
2025-03-21 06:04:00+00:00,19650.5,19650.5,19650.5,19650.5,2.0
2025-03-21 06:07:00+00:00,19641.5,19646.75,19641.5,19646.75,2.0
2025-03-21 06:08:00+00:00,19641.0,19641.0,19640.5,19640.5,8.0
2025-03-21 06:09:00+00:00,19638.75,19638.75,19638.5,19638.5,4.0
2025-03-21 06:10:00+00:00,19641.0,19641.0,19639.25,19639.25,3.0
2025-03-21 06:11:00+00:00,19640.75,19640.75,19640.75,19640.75,2.0
2025-03-21 06:13:00+00:00,19641.0,19641.0,19640.0,19640.0,6.0
2025-03-21 06:14:00+00:00,19649.5,19649.75,19649.5,19649.75,4.0
2025-03-21 06:16:00+00:00,19645.25,19645.25,19645.25,19645.25,3.0
2025-03-21 06:17:00+00:00,19645.0,19645.0,19645.0,19645.0,9.0
2025-03-21 06:18:00+00:00,19647.5,19647.5,19647.5,19647.5,5.0
2025-03-21 06:19:00+00:00,19646.75,19648.0,19646.75,19646.75,4.0
2025-03-21 06:22:00+00:00,19646.0,19646.0,19646.0,19646.0,5.0
2025-03-21 06:23:00+00:00,19648.25,19648.25,19648.0,19648.0,4.0
2025-03-21 06:24:00+00:00,19650.0,19650.0,19649.0,19649.0,12.0
2025-03-21 06:25:00+00:00,19649.0,19649.0,19649.0,19649.0,7.0
2025-03-21 06:26:00+00:00,19649.0,19649.0,19649.0,19649.0,31.0
2025-03-21 06:29:00+00:00,19654.25,19656.5,19654.25,19656.25,4.0
2025-03-21 06:30:00+00:00,19651.5,19651.5,19651.5,19651.5,3.0
2025-03-21 06:31:00+00:00,19655.75,19655.75,19655.75,19655.75,1.0
2025-03-21 06:33:00+00:00,19651.75,19651.75,19651.75,19651.75,2.0
2025-03-21 06:36:00+00:00,19658.75,19658.75,19654.75,19654.75,6.0
2025-03-21 06:37:00+00:00,19664.0,19664.0,19660.0,19660.0,2.0
2025-03-21 06:38:00+00:00,19671.75,19671.75,19671.75,19671.75,1.0
2025-03-21 06:39:00+00:00,19670.75,19670.75,19670.5,19670.5,4.0
2025-03-21 06:41:00+00:00,19667.0,19667.0,19667.0,19667.0,2.0
2025-03-21 06:44:00+00:00,19661.25,19661.75,19661.25,19661.75,2.0
2025-03-21 06:45:00+00:00,19663.5,19663.5,19663.5,19663.5,1.0
2025-03-21 06:47:00+00:00,19661.25,19661.25,19661.25,19661.25,1.0
2025-03-21 06:48:00+00:00,19665.0,19665.0,19661.75,19663.25,9.0
2025-03-21 06:49:00+00:00,19664.75,19664.75,19664.75,19664.75,1.0
2025-03-21 06:50:00+00:00,19667.0,19667.0,19667.0,19667.0,4.0
2025-03-21 06:52:00+00:00,19669.75,19669.75,19669.75,19669.75,2.0
2025-03-21 06:53:00+00:00,19680.25,19680.25,19673.5,19673.5,108.0
2025-03-21 06:54:00+00:00,19682.0,19682.0,19682.0,19682.0,1.0
2025-03-21 06:55:00+00:00,19682.25,19682.25,19682.25,19682.25,7.0
2025-03-21 06:58:00+00:00,19689.5,19689.5,19689.5,19689.5,1.0
2025-03-21 07:00:00+00:00,19690.25,19690.25,19690.0,19690.0,4.0
2025-03-21 07:01:00+00:00,19688.25,19688.25,19688.25,19688.25,6.0
2025-03-21 07:04:00+00:00,19683.75,19683.75,19677.5,19677.5,4.0
2025-03-21 07:06:00+00:00,19675.25,19677.75,19675.25,19677.5,21.0
2025-03-21 07:07:00+00:00,19676.75,19676.75,19676.75,19676.75,1.0
2025-03-21 07:08:00+00:00,19673.0,19673.0,19673.0,19673.0,2.0
2025-03-21 07:09:00+00:00,19672.0,19672.0,19672.0,19672.0,2.0
2025-03-21 07:12:00+00:00,19670.0,19670.0,19670.0,19670.0,4.0
2025-03-21 07:16:00+00:00,19660.0,19660.25,19660.0,19660.0,25.0
2025-03-21 07:17:00+00:00,19661.5,19661.5,19661.5,19661.5,3.0
2025-03-21 07:21:00+00:00,19657.75,19657.75,19657.75,19657.75,5.0
2025-03-21 07:25:00+00:00,19658.5,19658.5,19658.5,19658.5,1.0
2025-03-21 07:26:00+00:00,19657.25,19659.0,19657.25,19659.0,8.0
2025-03-21 07:27:00+00:00,19653.5,19653.5,19651.25,19651.25,5.0
2025-03-21 07:29:00+00:00,19655.0,19655.0,19655.0,19655.0,2.0
2025-03-21 07:30:00+00:00,19652.0,19652.0,19652.0,19652.0,1.0
2025-03-21 07:40:00+00:00,19625.0,19626.75,19625.0,19625.0,63.0
2025-03-21 07:41:00+00:00,19631.0,19631.0,19631.0,19631.0,3.0
2025-03-21 07:42:00+00:00,19634.75,19634.75,19634.75,19634.75,2.0
2025-03-21 07:44:00+00:00,19628.0,19628.0,19628.0,19628.0,16.0
2025-03-21 07:46:00+00:00,19627.5,19627.5,19627.5,19627.5,45.0
2025-03-21 07:48:00+00:00,19624.75,19624.75,19624.75,19624.75,10.0
2025-03-21 07:49:00+00:00,19629.5,19629.5,19624.75,19624.75,12.0
2025-03-21 07:50:00+00:00,19634.25,19634.25,19628.0,19629.5,10.0
2025-03-21 07:52:00+00:00,19637.0,19637.0,19634.5,19636.5,6.0
2025-03-21 07:53:00+00:00,19637.75,19637.75,19637.5,19637.5,7.0
2025-03-21 07:55:00+00:00,19638.25,19639.0,19638.25,19639.0,2.0
2025-03-21 07:58:00+00:00,19640.0,19641.0,19640.0,19640.0,9.0
2025-03-21 08:00:00+00:00,19647.75,19647.75,19633.25,19633.25,7.0
2025-03-21 08:01:00+00:00,19652.0,19654.0,19652.0,19654.0,9.0
2025-03-21 08:02:00+00:00,19654.75,19654.75,19646.0,19646.0,8.0
2025-03-21 08:03:00+00:00,19655.25,19655.75,19653.25,19654.25,15.0
2025-03-21 08:04:00+00:00,19660.25,19660.25,19653.5,19653.5,19.0
2025-03-21 08:05:00+00:00,19665.0,19665.0,19660.5,19663.0,11.0
2025-03-21 08:06:00+00:00,19663.0,19664.0,19663.0,19664.0,7.0
2025-03-21 08:07:00+00:00,19668.5,19670.0,19668.5,19668.5,19.0
2025-03-21 08:08:00+00:00,19660.0,19662.5,19660.0,19662.5,19.0
2025-03-21 08:10:00+00:00,19655.0,19657.25,19655.0,19657.25,34.0
2025-03-21 08:12:00+00:00,19652.0,19653.25,19652.0,19652.75,7.0
2025-03-21 08:15:00+00:00,19647.5,19653.0,19647.5,19653.0,4.0
2025-03-21 08:17:00+00:00,19646.0,19646.25,19643.75,19643.75,7.0
2025-03-21 08:18:00+00:00,19634.0,19643.0,19634.0,19643.0,13.0
2025-03-21 08:19:00+00:00,19634.0,19634.75,19634.0,19634.75,13.0
2025-03-21 08:20:00+00:00,19619.75,19619.75,19618.0,19618.0,17.0
2025-03-21 08:22:00+00:00,19600.0,19603.0,19600.0,19603.0,63.0
2025-03-21 08:23:00+00:00,19592.0,19592.0,19587.5,19587.5,5.0
2025-03-21 08:24:00+00:00,19586.25,19591.25,19586.0,19591.25,6.0
2025-03-21 08:25:00+00:00,19590.5,19590.5,19588.0,19588.0,8.0
2025-03-21 08:26:00+00:00,19591.5,19591.5,19591.5,19591.5,14.0
2025-03-21 08:27:00+00:00,19591.5,19591.5,19591.5,19591.5,4.0
2025-03-21 08:29:00+00:00,19591.5,19591.5,19591.25,19591.5,10.0
2025-03-21 08:30:00+00:00,19583.25,19586.25,19583.25,19586.0,6.0
2025-03-21 08:31:00+00:00,19588.25,19595.75,19587.5,19595.75,37.0
2025-03-21 08:32:00+00:00,19587.5,19587.5,19587.5,19587.5,9.0
2025-03-21 08:33:00+00:00,19583.0,19583.0,19583.0,19583.0,8.0
2025-03-21 08:34:00+00:00,19578.5,19579.25,19577.75,19577.75,9.0
2025-03-21 08:35:00+00:00,19592.75,19592.75,19583.75,19585.25,5.0
2025-03-21 08:36:00+00:00,19592.75,19592.75,19592.75,19592.75,4.0
2025-03-21 08:37:00+00:00,19596.5,19596.5,19596.5,19596.5,5.0
2025-03-21 08:38:00+00:00,19595.75,19596.75,19594.25,19596.75,10.0
2025-03-21 08:39:00+00:00,19588.0,19597.0,19588.0,19597.0,36.0
2025-03-21 08:40:00+00:00,19601.75,19601.75,19588.0,19588.0,14.0
2025-03-21 08:41:00+00:00,19601.75,19601.75,19601.75,19601.75,9.0
2025-03-21 08:42:00+00:00,19583.75,19583.75,19583.75,19583.75,1.0
2025-03-21 08:43:00+00:00,19576.5,19583.75,19576.25,19583.0,15.0
2025-03-21 08:44:00+00:00,19575.25,19575.25,19569.0,19572.0,13.0
2025-03-21 08:45:00+00:00,19592.0,19592.0,19588.5,19588.75,14.0
2025-03-21 08:46:00+00:00,19589.0,19589.25,19588.25,19588.25,34.0
2025-03-21 08:47:00+00:00,19590.0,19590.0,19588.25,19588.25,19.0
2025-03-21 08:48:00+00:00,19586.0,19586.0,19586.0,19586.0,10.0
2025-03-21 08:49:00+00:00,19579.25,19579.25,19579.25,19579.25,1.0
2025-03-21 08:50:00+00:00,19586.75,19586.75,19580.75,19580.75,23.0
2025-03-21 08:51:00+00:00,19591.0,19591.0,19590.0,19590.0,5.0
2025-03-21 08:52:00+00:00,19582.0,19582.0,19582.0,19582.0,2.0
2025-03-21 08:53:00+00:00,19586.0,19586.0,19570.0,19570.0,5.0
2025-03-21 08:54:00+00:00,19589.25,19592.75,19587.5,19589.0,15.0
2025-03-21 08:55:00+00:00,19595.0,19595.0,19591.0,19592.0,9.0
2025-03-21 08:56:00+00:00,19590.5,19595.0,19590.5,19595.0,7.0
2025-03-21 08:57:00+00:00,19592.0,19592.0,19592.0,19592.0,2.0
2025-03-21 08:58:00+00:00,19594.0,19594.0,19593.5,19593.5,5.0
2025-03-21 08:59:00+00:00,19597.75,19597.75,19597.75,19597.75,8.0
2025-03-21 09:00:00+00:00,19600.0,19600.0,19600.0,19600.0,11.0
2025-03-21 09:02:00+00:00,19584.75,19584.75,19581.25,19581.25,9.0
2025-03-21 09:03:00+00:00,19575.75,19579.75,19575.75,19579.75,11.0
2025-03-21 09:05:00+00:00,19563.5,19567.0,19563.5,19567.0,13.0
2025-03-21 09:08:00+00:00,19581.5,19581.5,19576.0,19576.25,7.0
2025-03-21 09:09:00+00:00,19581.5,19583.75,19581.5,19583.75,3.0
2025-03-21 09:10:00+00:00,19581.0,19582.25,19581.0,19582.25,8.0
2025-03-21 09:11:00+00:00,19579.75,19579.75,19578.5,19579.0,9.0
2025-03-21 09:13:00+00:00,19579.75,19585.25,19579.75,19585.25,8.0
2025-03-21 09:14:00+00:00,19591.75,19591.75,19590.75,19590.75,6.0
2025-03-21 09:15:00+00:00,19590.5,19590.5,19590.5,19590.5,2.0
2025-03-21 09:16:00+00:00,19583.0,19583.0,19583.0,19583.0,2.0
2025-03-21 09:18:00+00:00,19579.75,19579.75,19579.75,19579.75,1.0
2025-03-21 09:19:00+00:00,19576.5,19576.5,19576.5,19576.5,1.0
2025-03-21 09:20:00+00:00,19575.0,19575.0,19575.0,19575.0,1.0
2025-03-21 09:21:00+00:00,19577.75,19577.75,19577.75,19577.75,8.0
2025-03-21 09:23:00+00:00,19586.0,19586.0,19586.0,19586.0,2.0
2025-03-21 09:24:00+00:00,19583.75,19583.75,19583.75,19583.75,4.0
2025-03-21 09:26:00+00:00,19594.0,19594.0,19588.25,19588.25,5.0
2025-03-21 09:27:00+00:00,19597.25,19597.25,19595.75,19596.75,6.0
2025-03-21 09:28:00+00:00,19595.25,19595.25,19595.25,19595.25,12.0
2025-03-21 09:30:00+00:00,19588.25,19589.0,19588.25,19589.0,6.0
2025-03-21 09:32:00+00:00,19596.5,19596.5,19596.5,19596.5,1.0
2025-03-21 09:33:00+00:00,19600.0,19600.0,19600.0,19600.0,5.0
2025-03-21 09:34:00+00:00,19600.25,19604.0,19600.25,19604.0,9.0
2025-03-21 09:36:00+00:00,19598.75,19599.5,19598.75,19599.5,3.0
2025-03-21 09:37:00+00:00,19603.25,19603.25,19603.25,19603.25,3.0
2025-03-21 09:39:00+00:00,19604.75,19604.75,19604.75,19604.75,2.0
2025-03-21 09:40:00+00:00,19609.25,19609.25,19609.25,19609.25,4.0
2025-03-21 09:42:00+00:00,19614.25,19614.25,19613.75,19613.75,11.0
2025-03-21 09:43:00+00:00,19610.25,19613.75,19610.25,19613.75,10.0
2025-03-21 09:45:00+00:00,19607.0,19608.25,19607.0,19608.25,3.0
2025-03-21 09:46:00+00:00,19605.5,19607.0,19605.5,19607.0,4.0
2025-03-21 09:47:00+00:00,19601.0,19605.0,19601.0,19605.0,16.0
2025-03-21 09:49:00+00:00,19597.5,19597.5,19597.5,19597.5,2.0
2025-03-21 09:51:00+00:00,19599.25,19599.25,19598.75,19598.75,11.0
2025-03-21 09:52:00+00:00,19595.75,19600.0,19595.75,19600.0,27.0
2025-03-21 09:54:00+00:00,19599.0,19599.0,19598.75,19598.75,10.0
2025-03-21 09:55:00+00:00,19596.0,19596.0,19595.0,19596.0,21.0
2025-03-21 09:56:00+00:00,19592.75,19592.75,19590.5,19590.5,17.0
2025-03-21 10:00:00+00:00,19601.5,19601.5,19601.5,19601.5,5.0
2025-03-21 10:01:00+00:00,19610.0,19610.0,19610.0,19610.0,2.0
2025-03-21 10:03:00+00:00,19614.0,19614.0,19614.0,19614.0,1.0
2025-03-21 10:04:00+00:00,19623.0,19623.0,19622.0,19623.0,14.0
2025-03-21 10:05:00+00:00,19620.5,19620.5,19620.5,19620.5,3.0
2025-03-21 10:08:00+00:00,19622.0,19622.0,19622.0,19622.0,5.0
2025-03-21 10:13:00+00:00,19630.0,19630.0,19630.0,19630.0,3.0
2025-03-21 10:14:00+00:00,19635.5,19640.0,19631.75,19631.75,14.0
2025-03-21 10:15:00+00:00,19640.0,19646.0,19640.0,19646.0,15.0
2025-03-21 10:16:00+00:00,19637.25,19637.25,19637.25,19637.25,3.0
2025-03-21 10:19:00+00:00,19631.25,19631.25,19628.0,19628.0,6.0
2025-03-21 10:20:00+00:00,19625.0,19628.25,19625.0,19628.25,4.0
2025-03-21 10:21:00+00:00,19621.0,19621.0,19621.0,19621.0,1.0
2025-03-21 10:23:00+00:00,19617.25,19618.25,19617.25,19618.25,6.0
2025-03-21 10:24:00+00:00,19616.25,19617.0,19616.25,19617.0,5.0
2025-03-21 10:30:00+00:00,19597.25,19616.5,19597.25,19616.5,11.0
2025-03-21 10:31:00+00:00,19596.5,19597.25,19596.5,19597.25,2.0
2025-03-21 10:32:00+00:00,19587.25,19595.25,19587.25,19595.25,4.0
2025-03-21 10:33:00+00:00,19588.25,19588.25,19588.25,19588.25,1.0
2025-03-21 10:34:00+00:00,19586.25,19586.25,19584.25,19585.25,8.0
2025-03-21 10:35:00+00:00,19583.0,19589.25,19583.0,19587.75,12.0
2025-03-21 10:36:00+00:00,19580.25,19580.25,19579.25,19579.75,5.0
2025-03-21 10:37:00+00:00,19581.25,19581.25,19581.25,19581.25,2.0
2025-03-21 10:38:00+00:00,19575.25,19579.25,19575.25,19579.25,7.0
2025-03-21 10:39:00+00:00,19576.25,19577.25,19571.25,19571.25,30.0
2025-03-21 10:42:00+00:00,19592.25,19592.25,19591.5,19591.5,3.0
2025-03-21 10:45:00+00:00,19591.25,19591.25,19583.25,19583.25,4.0
2025-03-21 10:46:00+00:00,19594.0,19594.0,19594.0,19594.0,43.0
2025-03-21 10:47:00+00:00,19593.25,19594.25,19593.25,19594.25,15.0
2025-03-21 10:49:00+00:00,19600.0,19600.0,19600.0,19600.0,1.0
2025-03-21 10:50:00+00:00,19600.0,19600.25,19597.25,19597.25,12.0
2025-03-21 10:51:00+00:00,19602.75,19602.75,19600.25,19601.25,6.0
2025-03-21 10:52:00+00:00,19608.25,19608.25,19607.0,19607.0,30.0
2025-03-21 10:53:00+00:00,19607.25,19611.25,19607.25,19609.0,7.0
2025-03-21 10:54:00+00:00,19611.0,19611.0,19609.5,19609.75,14.0
2025-03-21 10:55:00+00:00,19597.25,19597.25,19597.25,19597.25,1.0
2025-03-21 10:56:00+00:00,19600.25,19600.25,19600.25,19600.25,5.0
2025-03-21 10:58:00+00:00,19603.5,19603.5,19602.5,19603.5,10.0
2025-03-21 11:00:00+00:00,19609.0,19609.0,19609.0,19609.0,2.0
2025-03-21 11:02:00+00:00,19608.0,19608.0,19601.5,19603.5,13.0
2025-03-21 11:03:00+00:00,19611.75,19611.75,19609.0,19609.0,16.0
2025-03-21 11:04:00+00:00,19602.75,19602.75,19602.75,19602.75,4.0
2025-03-21 11:05:00+00:00,19609.5,19609.5,19609.5,19609.5,1.0
2025-03-21 11:06:00+00:00,19610.0,19610.0,19610.0,19610.0,7.0
2025-03-21 11:07:00+00:00,19606.0,19606.0,19603.5,19604.75,13.0
2025-03-21 11:09:00+00:00,19596.25,19596.25,19593.5,19595.25,6.0
2025-03-21 11:10:00+00:00,19607.25,19607.25,19604.0,19604.0,8.0
2025-03-21 11:11:00+00:00,19593.0,19593.0,19593.0,19593.0,4.0
2025-03-21 11:13:00+00:00,19593.75,19600.0,19593.0,19600.0,85.0
2025-03-21 11:14:00+00:00,19608.25,19608.25,19599.5,19599.5,15.0
2025-03-21 11:15:00+00:00,19612.5,19612.5,19607.25,19607.25,5.0
2025-03-21 11:16:00+00:00,19604.75,19606.25,19603.75,19605.25,22.0
2025-03-21 11:17:00+00:00,19614.75,19614.75,19611.75,19611.75,6.0
2025-03-21 11:18:00+00:00,19613.5,19613.5,19613.25,19613.25,7.0
2025-03-21 11:19:00+00:00,19610.75,19614.75,19610.75,19614.25,15.0
2025-03-21 11:20:00+00:00,19610.75,19612.5,19610.75,19612.5,3.0
2025-03-21 11:21:00+00:00,19612.0,19612.0,19609.0,19611.25,9.0
2025-03-21 11:22:00+00:00,19607.75,19607.75,19605.25,19605.25,9.0
2025-03-21 11:23:00+00:00,19605.5,19608.5,19605.5,19608.5,9.0
2025-03-21 11:24:00+00:00,19606.5,19606.5,19606.5,19606.5,3.0
2025-03-21 11:25:00+00:00,19605.0,19605.0,19604.5,19604.5,4.0
2025-03-21 11:26:00+00:00,19608.0,19609.25,19606.25,19606.25,4.0
2025-03-21 11:27:00+00:00,19615.0,19615.0,19610.0,19610.75,7.0
2025-03-21 11:29:00+00:00,19619.0,19619.0,19619.0,19619.0,13.0
2025-03-21 11:30:00+00:00,19621.5,19621.75,19619.0,19619.0,14.0
2025-03-21 11:31:00+00:00,19622.0,19623.25,19622.0,19623.25,12.0
2025-03-21 11:32:00+00:00,19619.25,19619.25,19619.25,19619.25,10.0
2025-03-21 11:33:00+00:00,19618.0,19618.0,19618.0,19618.0,4.0
2025-03-21 11:34:00+00:00,19615.25,19615.25,19615.25,19615.25,5.0
2025-03-21 11:35:00+00:00,19618.25,19618.25,19618.25,19618.25,10.0
2025-03-21 11:36:00+00:00,19618.75,19618.75,19617.5,19617.5,6.0
2025-03-21 11:38:00+00:00,19621.25,19621.25,19619.5,19619.5,11.0
2025-03-21 11:40:00+00:00,19619.75,19619.75,19619.75,19619.75,3.0
2025-03-21 11:42:00+00:00,19626.5,19626.5,19623.5,19624.25,4.0
2025-03-21 11:43:00+00:00,19621.25,19621.25,19621.25,19621.25,1.0
2025-03-21 11:44:00+00:00,19612.25,19618.0,19612.25,19618.0,12.0
2025-03-21 11:45:00+00:00,19620.5,19620.5,19612.5,19612.5,20.0
2025-03-21 11:46:00+00:00,19614.5,19618.75,19614.5,19618.75,12.0
2025-03-21 11:47:00+00:00,19613.25,19613.5,19613.25,19613.5,4.0
2025-03-21 11:48:00+00:00,19616.75,19616.75,19614.75,19614.75,7.0
2025-03-21 11:49:00+00:00,19611.0,19612.0,19611.0,19612.0,2.0
2025-03-21 11:50:00+00:00,19612.5,19612.5,19612.5,19612.5,3.0
2025-03-21 11:51:00+00:00,19606.25,19613.75,19606.25,19613.75,9.0
2025-03-21 11:52:00+00:00,19606.25,19607.5,19606.25,19607.5,6.0
2025-03-21 11:53:00+00:00,19610.5,19610.5,19607.75,19607.75,5.0
2025-03-21 11:54:00+00:00,19601.0,19601.0,19601.0,19601.0,4.0
2025-03-21 11:55:00+00:00,19594.75,19594.75,19593.25,19593.5,19.0
2025-03-21 11:57:00+00:00,19599.5,19599.5,19592.5,19597.25,12.0
2025-03-21 11:58:00+00:00,19598.5,19598.5,19598.5,19598.5,10.0
2025-03-21 11:59:00+00:00,19595.75,19601.75,19595.75,19600.0,7.0
2025-03-21 12:00:00+00:00,19605.25,19605.25,19594.25,19594.25,13.0
2025-03-21 12:01:00+00:00,19604.75,19606.0,19601.0,19605.0,20.0
2025-03-21 12:02:00+00:00,19616.75,19616.75,19606.25,19609.0,8.0
2025-03-21 12:03:00+00:00,19618.25,19621.25,19616.0,19618.0,15.0
2025-03-21 12:04:00+00:00,19620.75,19621.25,19620.75,19621.25,3.0
2025-03-21 12:05:00+00:00,19614.5,19614.5,19612.0,19613.25,11.0
2025-03-21 12:06:00+00:00,19616.5,19619.0,19616.5,19619.0,14.0
2025-03-21 12:07:00+00:00,19620.25,19622.0,19620.25,19620.25,19.0
2025-03-21 12:08:00+00:00,19616.5,19617.25,19615.0,19616.5,8.0
2025-03-21 12:10:00+00:00,19615.0,19615.0,19615.0,19615.0,7.0
2025-03-21 12:11:00+00:00,19620.0,19620.0,19619.5,19619.5,4.0
2025-03-21 12:12:00+00:00,19616.5,19616.5,19616.5,19616.5,3.0
2025-03-21 12:13:00+00:00,19621.25,19621.25,19618.5,19618.5,5.0
2025-03-21 12:14:00+00:00,19631.5,19631.5,19622.5,19626.5,24.0
2025-03-21 12:15:00+00:00,19615.25,19627.0,19614.25,19627.0,10.0
2025-03-21 12:16:00+00:00,19610.25,19616.5,19610.25,19616.5,10.0
2025-03-21 12:17:00+00:00,19612.0,19612.0,19609.0,19609.25,20.0
2025-03-21 12:18:00+00:00,19615.0,19615.0,19615.0,19615.0,1.0
2025-03-21 12:19:00+00:00,19614.5,19614.5,19607.75,19610.25,18.0
2025-03-21 12:20:00+00:00,19605.5,19608.75,19605.5,19608.75,10.0
2025-03-21 12:21:00+00:00,19602.75,19604.5,19601.5,19601.5,15.0
2025-03-21 12:22:00+00:00,19604.0,19604.0,19602.0,19602.0,9.0
2025-03-21 12:23:00+00:00,19604.5,19604.5,19602.75,19603.25,4.0
2025-03-21 12:24:00+00:00,19605.0,19606.25,19605.0,19606.25,34.0
2025-03-21 12:25:00+00:00,19598.5,19601.25,19598.5,19601.25,8.0
2025-03-21 12:26:00+00:00,19594.5,19599.0,19594.5,19599.0,10.0
2025-03-21 12:27:00+00:00,19596.5,19596.5,19592.75,19592.75,7.0
2025-03-21 12:28:00+00:00,19595.0,19595.25,19593.0,19595.25,9.0
2025-03-21 12:29:00+00:00,19593.0,19595.25,19593.0,19595.25,3.0
2025-03-21 12:30:00+00:00,19593.25,19595.25,19590.75,19592.25,15.0
2025-03-21 12:31:00+00:00,19580.0,19588.0,19580.0,19586.5,15.0
2025-03-21 12:32:00+00:00,19577.5,19581.0,19577.5,19579.0,20.0
2025-03-21 12:33:00+00:00,19575.75,19583.0,19575.75,19579.75,22.0
2025-03-21 12:34:00+00:00,19574.25,19579.5,19574.25,19579.5,6.0
2025-03-21 12:35:00+00:00,19577.5,19580.25,19576.25,19576.25,30.0
2025-03-21 12:36:00+00:00,19557.25,19571.0,19553.25,19571.0,42.0
2025-03-21 12:37:00+00:00,19541.5,19559.25,19540.5,19559.25,91.0
2025-03-21 12:38:00+00:00,19550.25,19552.0,19544.25,19544.25,24.0
2025-03-21 12:39:00+00:00,19552.25,19552.25,19544.75,19550.25,20.0
2025-03-21 12:40:00+00:00,19515.25,19544.25,19515.25,19542.0,62.0
2025-03-21 12:41:00+00:00,19509.25,19514.25,19505.0,19514.25,31.0
2025-03-21 12:42:00+00:00,19520.0,19520.0,19510.75,19514.5,23.0
2025-03-21 12:43:00+00:00,19499.5,19513.25,19493.0,19513.25,38.0
2025-03-21 12:44:00+00:00,19495.75,19501.5,19489.25,19491.75,74.0
2025-03-21 12:45:00+00:00,19505.25,19507.25,19495.75,19495.75,68.0
2025-03-21 12:46:00+00:00,19509.75,19511.25,19504.75,19505.75,61.0
2025-03-21 12:47:00+00:00,19509.25,19511.25,19509.25,19510.25,7.0
2025-03-21 12:48:00+00:00,19513.25,19515.0,19509.75,19512.5,26.0
2025-03-21 12:49:00+00:00,19515.25,19522.25,19515.0,19515.0,16.0
2025-03-21 12:50:00+00:00,19506.0,19511.5,19506.0,19511.5,9.0
2025-03-21 12:51:00+00:00,19515.0,19515.0,19504.25,19505.75,15.0
2025-03-21 12:52:00+00:00,19501.0,19503.75,19497.25,19502.25,14.0
2025-03-21 12:53:00+00:00,19499.75,19499.75,19495.0,19495.25,32.0
2025-03-21 12:54:00+00:00,19500.0,19500.0,19489.25,19495.0,35.0
2025-03-21 12:55:00+00:00,19498.25,19508.25,19498.0,19502.75,47.0
2025-03-21 12:56:00+00:00,19496.5,19499.5,19496.25,19498.0,26.0
2025-03-21 12:57:00+00:00,19488.25,19499.25,19487.0,19499.25,34.0
2025-03-21 12:58:00+00:00,19486.0,19487.75,19477.0,19480.5,38.0
2025-03-21 12:59:00+00:00,19485.5,19487.0,19482.75,19485.25,17.0
2025-03-21 13:00:00+00:00,19482.0,19483.75,19474.25,19483.75,64.0
2025-03-21 13:01:00+00:00,19475.75,19484.0,19470.5,19479.75,32.0
2025-03-21 13:02:00+00:00,19465.0,19477.0,19462.25,19474.75,47.0
2025-03-21 13:03:00+00:00,19466.75,19466.75,19459.0,19465.0,68.0
2025-03-21 13:04:00+00:00,19470.75,19471.0,19465.0,19467.75,41.0
2025-03-21 13:05:00+00:00,19477.25,19480.5,19472.0,19472.0,23.0
2025-03-21 13:06:00+00:00,19460.5,19472.75,19458.75,19472.75,26.0
2025-03-21 13:07:00+00:00,19462.5,19463.5,19461.25,19461.25,15.0
2025-03-21 13:08:00+00:00,19467.25,19467.25,19460.5,19460.5,16.0
2025-03-21 13:09:00+00:00,19468.75,19468.75,19460.75,19460.75,15.0
2025-03-21 13:10:00+00:00,19466.75,19472.5,19466.75,19468.25,52.0
2025-03-21 13:11:00+00:00,19458.5,19468.0,19454.5,19467.75,42.0
2025-03-21 13:12:00+00:00,19458.0,19460.25,19454.75,19457.75,25.0
2025-03-21 13:13:00+00:00,19454.5,19460.5,19454.5,19459.75,26.0
2025-03-21 13:14:00+00:00,19456.5,19457.75,19455.0,19457.75,7.0
2025-03-21 13:15:00+00:00,19459.5,19464.0,19451.25,19451.75,66.0
2025-03-21 13:16:00+00:00,19458.75,19471.0,19453.25,19455.75,46.0
2025-03-21 13:17:00+00:00,19466.5,19469.75,19456.75,19456.75,34.0
2025-03-21 13:18:00+00:00,19470.5,19474.5,19467.5,19472.0,42.0
2025-03-21 13:19:00+00:00,19472.5,19472.5,19469.5,19471.0,24.0
2025-03-21 13:20:00+00:00,19466.5,19474.5,19466.5,19474.5,31.0
2025-03-21 13:21:00+00:00,19448.5,19462.5,19445.75,19462.5,40.0
2025-03-21 13:22:00+00:00,19452.5,19456.5,19446.5,19446.5,51.0
2025-03-21 13:23:00+00:00,19443.5,19448.5,19437.5,19448.5,56.0
2025-03-21 13:24:00+00:00,19425.75,19442.0,19425.75,19435.5,61.0
2025-03-21 13:25:00+00:00,19430.5,19436.5,19408.0,19419.25,134.0
2025-03-21 13:26:00+00:00,19440.75,19440.75,19430.5,19430.5,181.0
2025-03-21 13:27:00+00:00,19427.5,19446.5,19422.5,19440.5,161.0
2025-03-21 13:28:00+00:00,19480.0,19491.0,19434.0,19434.0,271.0
2025-03-21 13:29:00+00:00,19451.25,19471.75,19450.0,19471.75,57.0
2025-03-21 20:59:00+00:00,19970.75,19970.75,19961.0,19970.75,589029.0
2025-03-23 22:00:00+00:00,20066.75,20072.5,20050.5,20050.5,0.0
2025-03-23 22:01:00+00:00,20096.0,20099.0,20066.25,20066.5,947.0
2025-03-23 22:02:00+00:00,20102.5,20102.5,20085.5,20096.5,603.0
2025-03-23 22:03:00+00:00,20086.0,20101.25,20085.0,20100.75,298.0
2025-03-23 22:04:00+00:00,20079.0,20090.0,20079.0,20086.75,248.0
2025-03-23 22:05:00+00:00,20080.5,20082.25,20074.0,20077.5,289.0
2025-03-23 22:06:00+00:00,20082.5,20087.0,20075.0,20080.25,236.0
2025-03-23 22:07:00+00:00,20084.75,20089.25,20082.5,20082.5,213.0
2025-03-23 22:08:00+00:00,20081.0,20089.75,20080.5,20086.5,317.0
2025-03-23 22:09:00+00:00,20080.0,20084.5,20076.0,20080.25,631.0
2025-03-23 22:10:00+00:00,20079.0,20081.5,20073.25,20080.0,228.0
2025-03-23 22:11:00+00:00,20081.75,20085.25,20074.5,20079.25,435.0
2025-03-23 22:12:00+00:00,20077.5,20085.0,20076.75,20081.25,237.0
2025-03-23 22:13:00+00:00,20074.0,20082.25,20072.75,20077.75,149.0
2025-03-23 22:14:00+00:00,20076.5,20078.75,20072.75,20073.0,198.0
2025-03-23 22:15:00+00:00,20076.5,20079.75,20075.75,20075.75,68.0
2025-03-23 22:16:00+00:00,20080.25,20083.0,20074.75,20075.75,149.0
2025-03-23 22:17:00+00:00,20082.0,20084.75,20080.25,20081.0,122.0
2025-03-23 22:18:00+00:00,20082.25,20086.0,20080.25,20081.75,325.0
2025-03-23 22:19:00+00:00,20074.75,20082.0,20071.75,20080.75,560.0
2025-03-23 22:20:00+00:00,20074.0,20075.75,20071.75,20075.0,810.0
2025-03-23 22:21:00+00:00,20073.25,20075.0,20072.25,20073.5,370.0
2025-03-23 22:22:00+00:00,20072.0,20075.5,20071.25,20072.75,746.0
2025-03-23 22:23:00+00:00,20071.0,20073.0,20069.0,20070.5,414.0
2025-03-23 22:24:00+00:00,20068.75,20071.5,20066.0,20071.0,168.0
2025-03-23 22:25:00+00:00,20075.5,20077.5,20068.75,20068.75,274.0
2025-03-23 22:26:00+00:00,20075.75,20077.25,20074.75,20075.5,94.0
2025-03-23 22:27:00+00:00,20077.0,20077.25,20074.25,20076.0,35.0
2025-03-23 22:28:00+00:00,20076.5,20077.25,20072.5,20076.75,80.0
2025-03-23 22:29:00+00:00,20080.5,20084.0,20074.75,20075.5,240.0
2025-03-23 22:30:00+00:00,20079.75,20083.0,20075.5,20081.25,224.0
2025-03-23 22:31:00+00:00,20078.0,20080.5,20076.5,20078.5,61.0
2025-03-23 22:32:00+00:00,20077.0,20078.0,20069.0,20076.75,212.0
2025-03-23 22:33:00+00:00,20072.25,20080.0,20071.75,20077.75,128.0
2025-03-23 22:34:00+00:00,20079.0,20080.25,20071.5,20072.25,97.0
2025-03-23 22:35:00+00:00,20081.0,20081.5,20079.25,20079.5,58.0
2025-03-23 22:36:00+00:00,20074.5,20080.75,20073.75,20080.75,102.0
2025-03-23 22:37:00+00:00,20074.75,20076.75,20072.25,20074.0,53.0
2025-03-23 22:38:00+00:00,20071.0,20075.0,20069.0,20074.25,113.0
2025-03-23 22:39:00+00:00,20070.0,20074.25,20069.25,20072.0,57.0
2025-03-23 22:40:00+00:00,20073.0,20074.5,20070.25,20070.75,118.0
2025-03-23 22:41:00+00:00,20071.5,20073.5,20068.25,20072.0,124.0
2025-03-23 22:42:00+00:00,20071.0,20077.25,20068.25,20071.0,275.0
2025-03-23 22:43:00+00:00,20070.5,20071.5,20069.0,20071.0,60.0
2025-03-23 22:44:00+00:00,20073.5,20075.25,20069.0,20070.75,241.0
2025-03-23 22:45:00+00:00,20072.25,20076.25,20070.25,20072.25,141.0
2025-03-23 22:46:00+00:00,20075.25,20075.5,20070.0,20072.25,194.0
2025-03-23 22:47:00+00:00,20073.5,20075.5,20071.25,20074.5,103.0
2025-03-23 22:48:00+00:00,20069.25,20077.0,20069.25,20073.25,157.0
2025-03-23 22:49:00+00:00,20071.25,20072.5,20068.0,20070.0,384.0
2025-03-23 22:50:00+00:00,20069.25,20072.0,20068.25,20071.25,461.0
2025-03-23 22:51:00+00:00,20070.0,20071.0,20068.0,20069.0,236.0
2025-03-23 22:52:00+00:00,20066.5,20071.5,20064.5,20070.75,273.0
2025-03-23 22:53:00+00:00,20065.25,20067.75,20064.0,20066.25,165.0
2025-03-23 22:54:00+00:00,20061.5,20067.5,20061.0,20066.0,125.0
2025-03-23 22:55:00+00:00,20060.0,20063.75,20058.5,20061.75,116.0
2025-03-23 22:56:00+00:00,20066.0,20066.5,20060.25,20061.0,553.0
2025-03-23 22:57:00+00:00,20066.75,20067.75,20064.75,20065.25,350.0
2025-03-23 22:58:00+00:00,20065.25,20068.5,20065.0,20067.0,278.0
2025-03-23 22:59:00+00:00,20063.5,20066.25,20061.25,20066.0,75.0
2025-03-23 23:00:00+00:00,20064.5,20071.25,20059.0,20069.0,334.0
2025-03-23 23:01:00+00:00,20064.5,20067.25,20064.0,20064.75,92.0
2025-03-23 23:02:00+00:00,20061.5,20063.25,20059.75,20063.25,122.0
2025-03-23 23:03:00+00:00,20059.0,20064.25,20057.75,20062.0,152.0
2025-03-23 23:04:00+00:00,20057.75,20060.0,20056.5,20059.25,99.0
2025-03-23 23:05:00+00:00,20067.75,20067.75,20056.5,20058.25,137.0
2025-03-23 23:06:00+00:00,20065.5,20068.25,20064.25,20066.75,68.0
2025-03-23 23:07:00+00:00,20067.25,20068.0,20062.75,20064.0,48.0
2025-03-23 23:08:00+00:00,20064.5,20068.25,20063.25,20068.0,44.0
2025-03-23 23:09:00+00:00,20060.0,20064.0,20059.25,20064.0,62.0
2025-03-23 23:10:00+00:00,20063.75,20064.75,20058.75,20059.5,61.0
2025-03-23 23:11:00+00:00,20060.75,20064.0,20060.75,20063.5,9.0
2025-03-23 23:12:00+00:00,20059.75,20062.25,20059.25,20060.0,48.0
2025-03-23 23:13:00+00:00,20060.75,20061.25,20058.0,20059.25,46.0
2025-03-23 23:14:00+00:00,20064.0,20066.25,20061.25,20061.25,71.0
2025-03-23 23:15:00+00:00,20063.25,20064.25,20062.5,20063.25,39.0
2025-03-23 23:16:00+00:00,20063.75,20064.25,20062.5,20062.5,37.0
2025-03-23 23:17:00+00:00,20064.0,20065.0,20062.75,20063.5,28.0
2025-03-23 23:18:00+00:00,20062.75,20065.5,20062.5,20064.25,36.0
2025-03-23 23:19:00+00:00,20065.75,20066.5,20063.25,20063.25,56.0
2025-03-23 23:20:00+00:00,20063.25,20064.75,20061.75,20064.75,41.0
2025-03-23 23:21:00+00:00,20065.0,20065.0,20059.5,20062.75,70.0
2025-03-23 23:22:00+00:00,20065.5,20066.0,20064.0,20064.0,28.0
2025-03-23 23:23:00+00:00,20065.0,20065.75,20062.25,20065.5,33.0
2025-03-23 23:24:00+00:00,20061.0,20065.75,20060.0,20065.25,29.0
2025-03-23 23:25:00+00:00,20064.25,20064.25,20059.25,20061.5,48.0
2025-03-23 23:26:00+00:00,20067.0,20067.25,20064.25,20064.25,54.0
2025-03-23 23:27:00+00:00,20069.5,20070.0,20064.75,20067.5,68.0
2025-03-23 23:28:00+00:00,20068.0,20070.5,20067.5,20069.5,81.0
2025-03-23 23:29:00+00:00,20067.5,20069.0,20065.75,20068.0,80.0
2025-03-23 23:30:00+00:00,20067.5,20069.0,20064.25,20065.25,607.0
2025-03-23 23:31:00+00:00,20066.0,20068.25,20065.0,20067.75,43.0
2025-03-23 23:32:00+00:00,20073.0,20076.0,20065.25,20065.75,273.0
2025-03-23 23:33:00+00:00,20081.5,20081.75,20072.75,20073.5,507.0
2025-03-23 23:34:00+00:00,20081.5,20083.75,20079.0,20080.75,199.0
2025-03-23 23:35:00+00:00,20080.25,20081.25,20078.5,20081.25,196.0
2025-03-23 23:36:00+00:00,20079.75,20080.75,20078.0,20079.5,80.0
2025-03-23 23:37:00+00:00,20079.25,20080.75,20076.75,20078.0,1171.0
2025-03-23 23:38:00+00:00,20081.0,20083.0,20078.25,20079.25,283.0
2025-03-23 23:39:00+00:00,20083.25,20083.25,20080.0,20082.75,388.0
2025-03-23 23:40:00+00:00,20081.5,20083.5,20080.75,20082.75,158.0
2025-03-23 23:41:00+00:00,20080.5,20083.0,20080.25,20081.75,134.0
2025-03-23 23:42:00+00:00,20082.0,20082.0,20079.75,20080.5,38.0
2025-03-23 23:43:00+00:00,20081.75,20083.0,20080.75,20082.25,55.0
2025-03-23 23:44:00+00:00,20081.75,20082.5,20079.75,20082.25,54.0
2025-03-23 23:45:00+00:00,20085.75,20088.0,20081.0,20081.5,138.0
2025-03-23 23:46:00+00:00,20086.0,20088.5,20085.25,20085.5,93.0
2025-03-23 23:47:00+00:00,20081.5,20086.5,20079.75,20085.75,119.0
2025-03-23 23:48:00+00:00,20082.0,20082.0,20080.25,20082.0,33.0
2025-03-23 23:49:00+00:00,20084.5,20084.75,20081.5,20081.5,61.0
2025-03-23 23:50:00+00:00,20081.0,20084.25,20080.75,20084.25,44.0
2025-03-23 23:51:00+00:00,20085.25,20088.5,20080.75,20080.75,115.0
2025-03-23 23:52:00+00:00,20085.0,20086.5,20084.25,20084.5,26.0
2025-03-23 23:53:00+00:00,20085.5,20086.5,20084.25,20085.5,47.0
2025-03-23 23:54:00+00:00,20087.0,20087.75,20084.5,20085.25,48.0
2025-03-23 23:55:00+00:00,20087.75,20088.25,20086.0,20087.0,49.0
2025-03-23 23:56:00+00:00,20091.0,20093.5,20086.75,20088.0,174.0
2025-03-23 23:57:00+00:00,20093.25,20093.25,20089.5,20091.0,97.0
2025-03-23 23:58:00+00:00,20095.75,20096.75,20092.25,20093.25,159.0
2025-03-23 23:59:00+00:00,20108.5,20114.25,20095.75,20095.75,677.0
2025-03-24 00:00:00+00:00,20111.5,20111.75,20102.0,20109.5,559.0
2025-03-24 00:01:00+00:00,20105.75,20111.25,20105.0,20111.0,316.0
2025-03-24 00:02:00+00:00,20109.0,20110.0,20104.0,20106.0,150.0
2025-03-24 00:03:00+00:00,20117.5,20118.25,20105.75,20108.75,274.0
2025-03-24 00:04:00+00:00,20122.75,20124.5,20116.0,20117.0,314.0
2025-03-24 00:05:00+00:00,20128.5,20130.25,20121.5,20122.5,377.0
2025-03-24 00:06:00+00:00,20128.5,20131.25,20127.0,20128.5,213.0
2025-03-24 00:07:00+00:00,20125.75,20130.5,20124.5,20129.25,192.0
2025-03-24 00:08:00+00:00,20125.75,20127.5,20121.5,20125.75,159.0
2025-03-24 00:09:00+00:00,20127.75,20129.25,20125.75,20126.25,70.0
2025-03-24 00:10:00+00:00,20126.5,20128.0,20124.0,20127.25,121.0
2025-03-24 00:11:00+00:00,20126.75,20128.0,20125.0,20126.25,138.0
2025-03-24 00:12:00+00:00,20122.5,20133.0,20121.25,20128.0,293.0
2025-03-24 00:13:00+00:00,20121.5,20123.25,20118.75,20123.0,255.0
2025-03-24 00:14:00+00:00,20117.25,20122.0,20117.0,20121.5,186.0
2025-03-24 00:15:00+00:00,20122.25,20122.25,20117.0,20117.25,141.0
2025-03-24 00:16:00+00:00,20117.25,20123.0,20115.5,20123.0,154.0
2025-03-24 00:17:00+00:00,20119.75,20120.25,20114.25,20116.25,135.0
2025-03-24 00:18:00+00:00,20119.0,20121.0,20118.5,20119.0,87.0
2025-03-24 00:19:00+00:00,20117.75,20118.25,20114.5,20117.25,77.0
2025-03-24 00:20:00+00:00,20115.25,20119.0,20112.75,20118.25,667.0
2025-03-24 00:21:00+00:00,20114.75,20117.0,20114.0,20115.0,41.0
2025-03-24 00:22:00+00:00,20114.0,20116.25,20111.5,20115.0,528.0
2025-03-24 00:23:00+00:00,20112.25,20113.25,20109.25,20112.5,354.0
2025-03-24 00:24:00+00:00,20114.75,20116.75,20110.75,20112.0,377.0
2025-03-24 00:25:00+00:00,20124.5,20125.0,20114.25,20114.25,202.0
2025-03-24 00:26:00+00:00,20133.0,20136.5,20125.0,20125.0,421.0
2025-03-24 00:27:00+00:00,20130.75,20133.0,20128.5,20132.75,131.0
2025-03-24 00:28:00+00:00,20131.25,20132.5,20127.5,20131.0,95.0
2025-03-24 00:29:00+00:00,20135.5,20136.0,20131.25,20132.0,160.0
2025-03-24 00:30:00+00:00,20136.25,20139.0,20130.25,20136.0,246.0
2025-03-24 00:31:00+00:00,20132.75,20134.75,20130.25,20131.5,215.0
2025-03-24 00:32:00+00:00,20125.5,20133.25,20123.0,20132.25,199.0
2025-03-24 00:33:00+00:00,20121.0,20125.75,20120.5,20125.25,161.0
2025-03-24 00:34:00+00:00,20122.25,20124.0,20118.5,20121.25,109.0
2025-03-24 00:35:00+00:00,20119.5,20121.75,20118.0,20121.0,110.0
2025-03-24 00:36:00+00:00,20111.25,20122.5,20111.25,20120.25,838.0
2025-03-24 00:37:00+00:00,20111.75,20116.25,20110.0,20111.75,445.0
2025-03-24 00:38:00+00:00,20110.75,20114.5,20110.0,20112.5,692.0
2025-03-24 00:39:00+00:00,20111.0,20113.75,20109.75,20111.5,364.0
2025-03-24 00:40:00+00:00,20112.75,20114.75,20110.25,20111.75,233.0
2025-03-24 00:41:00+00:00,20107.0,20113.25,20105.5,20112.75,188.0
2025-03-24 00:42:00+00:00,20108.75,20109.75,20107.25,20107.25,66.0
2025-03-24 00:43:00+00:00,20111.0,20112.0,20109.0,20109.5,95.0
2025-03-24 00:44:00+00:00,20113.5,20114.0,20110.5,20111.0,54.0
2025-03-24 00:45:00+00:00,20116.75,20116.75,20113.5,20114.0,116.0
2025-03-24 00:46:00+00:00,20117.25,20117.5,20115.5,20116.5,73.0
2025-03-24 00:47:00+00:00,20123.0,20125.75,20116.0,20117.0,433.0
2025-03-24 00:48:00+00:00,20123.0,20124.25,20120.25,20123.0,141.0
2025-03-24 00:49:00+00:00,20122.5,20123.5,20121.0,20123.25,57.0
2025-03-24 00:50:00+00:00,20124.75,20125.25,20122.25,20122.75,180.0
2025-03-24 00:51:00+00:00,20123.0,20126.0,20121.25,20124.0,138.0
2025-03-24 00:52:00+00:00,20124.25,20125.75,20121.5,20121.5,50.0
2025-03-24 00:53:00+00:00,20124.25,20126.0,20124.0,20124.25,61.0
2025-03-24 00:54:00+00:00,20124.0,20126.0,20123.75,20124.25,61.0
2025-03-24 00:55:00+00:00,20122.5,20123.75,20121.5,20123.75,76.0
2025-03-24 00:56:00+00:00,20123.25,20124.75,20120.0,20122.0,100.0
2025-03-24 00:57:00+00:00,20120.5,20123.5,20119.0,20123.25,88.0
2025-03-24 00:58:00+00:00,20123.0,20123.5,20120.5,20120.5,48.0
2025-03-24 00:59:00+00:00,20123.0,20124.25,20122.0,20123.75,72.0
2025-03-24 01:00:00+00:00,20118.0,20124.25,20118.0,20122.0,117.0
2025-03-24 01:01:00+00:00,20116.75,20119.25,20115.0,20118.25,131.0
2025-03-24 01:02:00+00:00,20115.0,20118.25,20113.75,20115.5,119.0
2025-03-24 01:03:00+00:00,20117.0,20119.25,20115.5,20115.5,97.0
2025-03-24 01:04:00+00:00,20117.25,20117.25,20116.25,20116.25,19.0
2025-03-24 01:05:00+00:00,20114.5,20116.25,20111.25,20116.25,121.0
2025-03-24 01:06:00+00:00,20115.5,20115.5,20112.5,20114.25,47.0
2025-03-24 01:07:00+00:00,20114.25,20115.5,20113.75,20114.5,20.0
2025-03-24 01:08:00+00:00,20108.25,20114.0,20108.25,20114.0,121.0
2025-03-24 01:09:00+00:00,20114.25,20115.75,20107.5,20109.0,127.0
2025-03-24 01:10:00+00:00,20115.5,20117.5,20115.0,20115.0,70.0
2025-03-24 01:11:00+00:00,20114.0,20115.75,20114.0,20115.75,24.0
2025-03-24 01:12:00+00:00,20113.75,20114.75,20113.75,20114.0,12.0
2025-03-24 01:13:00+00:00,20114.25,20114.25,20112.0,20113.75,65.0
2025-03-24 01:14:00+00:00,20118.75,20119.75,20114.5,20114.5,106.0
2025-03-24 01:15:00+00:00,20117.0,20119.5,20114.5,20118.0,87.0
2025-03-24 01:16:00+00:00,20117.5,20117.5,20116.75,20116.75,11.0
2025-03-24 01:17:00+00:00,20119.0,20119.25,20116.75,20117.25,66.0
2025-03-24 01:18:00+00:00,20118.25,20119.0,20116.75,20119.0,54.0
2025-03-24 01:19:00+00:00,20117.25,20119.5,20115.5,20115.75,410.0
2025-03-24 01:20:00+00:00,20115.5,20119.0,20115.25,20118.25,56.0
2025-03-24 01:21:00+00:00,20118.75,20119.75,20115.0,20116.0,40.0
2025-03-24 01:22:00+00:00,20124.5,20127.0,20116.75,20119.5,131.0
2025-03-24 01:23:00+00:00,20125.5,20126.25,20122.75,20124.0,93.0
2025-03-24 01:24:00+00:00,20124.25,20126.0,20122.5,20124.25,1023.0
2025-03-24 01:25:00+00:00,20109.75,20125.0,20109.0,20124.0,1157.0
2025-03-24 01:26:00+00:00,20109.5,20112.75,20108.0,20109.75,439.0
2025-03-24 01:27:00+00:00,20111.5,20114.75,20109.0,20109.0,281.0
2025-03-24 01:28:00+00:00,20113.75,20113.75,20110.25,20111.75,276.0
2025-03-24 01:29:00+00:00,20111.0,20114.25,20110.0,20112.25,446.0
2025-03-24 01:30:00+00:00,20111.0,20112.25,20109.0,20111.25,482.0
2025-03-24 01:31:00+00:00,20107.25,20112.5,20104.75,20111.25,484.0
2025-03-24 01:32:00+00:00,20109.75,20111.25,20107.25,20107.75,377.0
2025-03-24 01:33:00+00:00,20109.0,20110.75,20107.25,20110.25,403.0
2025-03-24 01:34:00+00:00,20109.0,20110.25,20107.25,20109.0,354.0
2025-03-24 01:35:00+00:00,20108.75,20109.25,20107.25,20108.75,43.0
2025-03-24 01:36:00+00:00,20115.0,20115.25,20106.0,20107.75,270.0
2025-03-24 01:37:00+00:00,20123.5,20124.0,20116.0,20116.0,205.0
2025-03-24 01:38:00+00:00,20120.25,20123.5,20116.0,20123.5,132.0
2025-03-24 01:39:00+00:00,20118.75,20120.25,20117.25,20120.25,41.0
2025-03-24 01:40:00+00:00,20119.0,20119.25,20115.5,20118.0,57.0
2025-03-24 01:41:00+00:00,20117.75,20119.0,20116.0,20119.0,47.0
2025-03-24 01:42:00+00:00,20118.0,20120.75,20117.0,20117.75,100.0
2025-03-24 01:43:00+00:00,20101.75,20116.5,20099.25,20116.5,507.0
2025-03-24 01:44:00+00:00,20102.5,20105.0,20100.0,20101.5,116.0
2025-03-24 01:45:00+00:00,20106.5,20106.75,20102.5,20104.5,87.0
2025-03-24 01:46:00+00:00,20108.5,20109.75,20106.75,20106.75,72.0
2025-03-24 01:47:00+00:00,20106.25,20108.0,20105.75,20108.0,71.0
2025-03-24 01:48:00+00:00,20109.75,20109.75,20102.25,20105.25,66.0
2025-03-24 01:49:00+00:00,20108.0,20110.0,20106.75,20110.0,64.0
2025-03-24 01:50:00+00:00,20109.0,20110.75,20108.25,20108.25,52.0
2025-03-24 01:51:00+00:00,20106.5,20109.5,20105.75,20108.5,68.0
2025-03-24 01:52:00+00:00,20106.75,20106.75,20104.5,20106.0,58.0
2025-03-24 01:53:00+00:00,20106.75,20107.75,20106.0,20106.5,32.0
2025-03-24 01:54:00+00:00,20109.75,20109.75,20105.0,20106.75,88.0
2025-03-24 01:55:00+00:00,20109.25,20110.25,20109.0,20109.5,45.0
2025-03-24 01:56:00+00:00,20105.25,20107.75,20104.0,20107.75,55.0
2025-03-24 01:57:00+00:00,20105.0,20109.5,20105.0,20106.0,51.0
2025-03-24 01:58:00+00:00,20110.5,20110.75,20107.0,20107.0,43.0
2025-03-24 01:59:00+00:00,20109.25,20110.0,20108.75,20108.75,19.0
2025-03-24 02:00:00+00:00,20108.5,20109.75,20105.0,20109.75,73.0
2025-03-24 02:01:00+00:00,20107.25,20110.25,20107.25,20108.25,37.0
2025-03-24 02:02:00+00:00,20103.75,20108.25,20103.0,20108.25,48.0
2025-03-24 02:03:00+00:00,20106.75,20107.25,20103.25,20103.25,72.0
2025-03-24 02:04:00+00:00,20107.25,20108.0,20106.5,20106.5,26.0
2025-03-24 02:05:00+00:00,20110.75,20111.5,20107.75,20107.75,60.0
2025-03-24 02:06:00+00:00,20112.0,20115.5,20111.75,20112.5,169.0
2025-03-24 02:07:00+00:00,20111.5,20112.5,20110.5,20112.0,38.0
2025-03-24 02:08:00+00:00,20111.5,20112.0,20111.0,20111.75,29.0
2025-03-24 02:09:00+00:00,20114.5,20114.5,20112.25,20112.25,34.0
2025-03-24 02:10:00+00:00,20112.5,20116.0,20110.75,20115.0,74.0
2025-03-24 02:11:00+00:00,20108.5,20111.5,20108.5,20111.5,32.0
2025-03-24 02:12:00+00:00,20106.75,20109.0,20105.25,20109.0,64.0
2025-03-24 02:13:00+00:00,20108.25,20109.75,20107.25,20107.75,29.0
2025-03-24 02:14:00+00:00,20106.25,20108.75,20105.75,20107.0,58.0
2025-03-24 02:15:00+00:00,20108.25,20109.25,20106.5,20107.0,28.0
2025-03-24 02:16:00+00:00,20107.0,20107.75,20106.0,20107.75,18.0
2025-03-24 02:17:00+00:00,20107.5,20107.75,20105.5,20106.0,16.0
2025-03-24 02:18:00+00:00,20104.5,20107.25,20104.0,20107.25,37.0
2025-03-24 02:19:00+00:00,20105.5,20106.25,20103.5,20104.75,57.0
2025-03-24 02:20:00+00:00,20105.0,20105.5,20104.25,20104.75,29.0
2025-03-24 02:21:00+00:00,20104.75,20106.5,20104.75,20105.5,41.0
2025-03-24 02:22:00+00:00,20103.0,20106.5,20101.25,20105.25,83.0
2025-03-24 02:23:00+00:00,20103.25,20104.75,20102.25,20103.0,61.0
2025-03-24 02:24:00+00:00,20105.0,20106.5,20102.75,20103.25,60.0
2025-03-24 02:25:00+00:00,20107.0,20108.75,20105.5,20106.5,55.0
2025-03-24 02:26:00+00:00,20108.25,20108.25,20106.5,20106.5,33.0
2025-03-24 02:27:00+00:00,20108.0,20108.0,20105.0,20107.75,42.0
2025-03-24 02:28:00+00:00,20107.75,20107.75,20106.75,20106.75,14.0
2025-03-24 02:29:00+00:00,20106.75,20108.25,20106.75,20108.25,9.0
2025-03-24 02:30:00+00:00,20107.25,20108.25,20107.25,20108.25,20.0
2025-03-24 02:31:00+00:00,20107.0,20110.0,20107.0,20107.0,80.0
2025-03-24 02:32:00+00:00,20104.25,20107.0,20104.25,20107.0,29.0
2025-03-24 02:33:00+00:00,20103.5,20105.75,20103.5,20105.0,24.0
2025-03-24 02:34:00+00:00,20103.5,20104.5,20103.5,20104.0,29.0
2025-03-24 02:35:00+00:00,20104.5,20105.25,20103.25,20103.25,28.0
2025-03-24 02:36:00+00:00,20103.75,20104.25,20097.25,20102.0,213.0
2025-03-24 02:37:00+00:00,20104.5,20105.25,20102.75,20102.75,41.0
2025-03-24 02:38:00+00:00,20104.75,20105.0,20104.25,20105.0,19.0
2025-03-24 02:39:00+00:00,20104.5,20105.0,20104.25,20104.25,25.0
2025-03-24 02:40:00+00:00,20107.5,20109.0,20105.75,20106.0,63.0
2025-03-24 02:41:00+00:00,20111.75,20112.0,20107.25,20107.25,108.0
2025-03-24 02:42:00+00:00,20111.5,20112.0,20109.75,20111.25,91.0
2025-03-24 02:43:00+00:00,20112.5,20112.5,20110.75,20110.75,30.0
2025-03-24 02:44:00+00:00,20110.75,20112.25,20110.0,20111.75,29.0
2025-03-24 02:45:00+00:00,20112.5,20113.75,20110.25,20111.5,66.0
2025-03-24 02:46:00+00:00,20112.75,20113.25,20112.0,20113.25,21.0
2025-03-24 02:47:00+00:00,20111.75,20113.0,20110.5,20112.25,30.0
2025-03-24 02:48:00+00:00,20112.5,20113.5,20112.5,20113.0,20.0
2025-03-24 02:49:00+00:00,20113.0,20114.25,20112.5,20112.75,51.0
2025-03-24 02:50:00+00:00,20115.5,20115.5,20113.25,20113.5,44.0
2025-03-24 02:51:00+00:00,20114.25,20115.0,20114.0,20114.75,61.0
2025-03-24 02:52:00+00:00,20114.75,20116.0,20113.75,20115.25,77.0
2025-03-24 02:53:00+00:00,20116.0,20116.5,20113.75,20114.0,37.0
2025-03-24 02:54:00+00:00,20114.5,20117.0,20114.5,20116.75,70.0
2025-03-24 02:55:00+00:00,20116.0,20116.5,20114.25,20115.75,22.0
2025-03-24 02:56:00+00:00,20115.0,20116.25,20114.75,20116.0,23.0
2025-03-24 02:57:00+00:00,20115.25,20116.5,20113.0,20114.0,97.0
2025-03-24 02:58:00+00:00,20115.75,20116.5,20115.0,20115.25,80.0
2025-03-24 02:59:00+00:00,20113.75,20117.0,20113.75,20117.0,77.0
2025-03-24 03:00:00+00:00,20113.5,20115.5,20113.25,20114.0,59.0
2025-03-24 03:01:00+00:00,20114.75,20114.75,20113.5,20114.5,13.0
2025-03-24 03:02:00+00:00,20116.25,20118.5,20115.0,20115.0,67.0
2025-03-24 03:03:00+00:00,20116.0,20116.5,20115.0,20116.25,34.0
2025-03-24 03:04:00+00:00,20116.75,20117.25,20116.5,20116.5,16.0
2025-03-24 03:05:00+00:00,20118.25,20118.5,20117.0,20117.0,13.0
2025-03-24 03:06:00+00:00,20118.0,20120.0,20117.5,20118.5,41.0
2025-03-24 03:07:00+00:00,20116.75,20118.5,20116.75,20118.5,31.0
2025-03-24 03:08:00+00:00,20117.25,20117.5,20117.0,20117.0,6.0
2025-03-24 03:09:00+00:00,20116.25,20118.75,20116.25,20118.75,26.0
2025-03-24 03:10:00+00:00,20117.0,20117.75,20115.75,20117.25,35.0
2025-03-24 03:11:00+00:00,20116.25,20118.0,20115.0,20116.5,35.0
2025-03-24 03:12:00+00:00,20118.0,20118.5,20116.0,20116.0,23.0
2025-03-24 03:13:00+00:00,20118.5,20119.5,20117.75,20119.25,30.0
2025-03-24 03:14:00+00:00,20117.25,20120.25,20116.75,20118.75,67.0
2025-03-24 03:15:00+00:00,20117.0,20117.5,20116.75,20117.5,24.0
2025-03-24 03:16:00+00:00,20116.0,20125.0,20112.0,20116.5,411.0
2025-03-24 03:17:00+00:00,20115.75,20117.5,20115.25,20116.25,58.0
2025-03-24 03:18:00+00:00,20115.5,20116.25,20115.0,20115.25,56.0
2025-03-24 03:19:00+00:00,20115.25,20115.5,20114.0,20114.5,34.0
2025-03-24 03:20:00+00:00,20115.5,20116.5,20114.0,20115.75,59.0
2025-03-24 03:21:00+00:00,20113.5,20115.5,20113.25,20115.25,35.0
2025-03-24 03:22:00+00:00,20117.25,20119.0,20114.0,20114.0,114.0
2025-03-24 03:23:00+00:00,20116.25,20118.0,20115.75,20117.0,32.0
2025-03-24 03:24:00+00:00,20114.5,20117.0,20114.5,20116.5,27.0
2025-03-24 03:25:00+00:00,20113.5,20115.0,20113.0,20114.75,48.0
2025-03-24 03:26:00+00:00,20113.75,20114.75,20111.5,20113.75,64.0
2025-03-24 03:27:00+00:00,20111.0,20112.75,20111.0,20112.75,69.0
2025-03-24 03:28:00+00:00,20108.75,20112.0,20108.5,20111.0,115.0
2025-03-24 03:29:00+00:00,20109.25,20113.0,20107.75,20110.25,174.0
2025-03-24 03:30:00+00:00,20107.25,20109.75,20106.75,20109.0,116.0
2025-03-24 03:31:00+00:00,20108.0,20109.25,20106.5,20107.75,73.0
2025-03-24 03:32:00+00:00,20107.25,20108.75,20106.25,20108.0,86.0
2025-03-24 03:33:00+00:00,20106.5,20107.75,20106.5,20107.75,32.0
2025-03-24 03:34:00+00:00,20102.75,20107.0,20102.0,20107.0,190.0
2025-03-24 03:35:00+00:00,20106.25,20107.5,20103.25,20103.25,74.0
2025-03-24 03:36:00+00:00,20104.5,20106.25,20104.0,20105.0,72.0
2025-03-24 03:37:00+00:00,20101.25,20105.0,20101.25,20105.0,61.0
2025-03-24 03:38:00+00:00,20102.5,20104.0,20100.75,20100.75,44.0
2025-03-24 03:39:00+00:00,20103.25,20104.5,20102.5,20103.0,29.0
2025-03-24 03:40:00+00:00,20105.25,20106.5,20103.5,20103.5,49.0
2025-03-24 03:41:00+00:00,20108.5,20109.25,20106.0,20106.0,65.0
2025-03-24 03:42:00+00:00,20107.25,20109.0,20107.0,20108.0,21.0
2025-03-24 03:43:00+00:00,20106.75,20108.25,20106.0,20107.0,40.0
2025-03-24 03:44:00+00:00,20106.5,20106.5,20104.25,20106.25,35.0
2025-03-24 03:45:00+00:00,20106.5,20106.5,20106.25,20106.25,12.0
2025-03-24 03:46:00+00:00,20106.25,20107.5,20106.25,20106.75,21.0
2025-03-24 03:47:00+00:00,20105.75,20106.5,20105.5,20105.5,20.0
2025-03-24 03:48:00+00:00,20104.25,20106.0,20102.75,20106.0,36.0
2025-03-24 03:49:00+00:00,20102.25,20103.0,20101.25,20103.0,81.0
2025-03-24 03:50:00+00:00,20104.0,20104.0,20101.5,20102.0,24.0
2025-03-24 03:51:00+00:00,20104.25,20104.75,20102.75,20102.75,21.0
2025-03-24 03:52:00+00:00,20104.75,20105.25,20102.75,20104.0,37.0
2025-03-24 03:53:00+00:00,20106.25,20106.25,20105.25,20105.25,21.0
2025-03-24 03:54:00+00:00,20104.5,20105.75,20104.5,20105.75,11.0
2025-03-24 03:55:00+00:00,20105.25,20105.5,20103.75,20104.5,19.0
2025-03-24 03:56:00+00:00,20105.5,20105.5,20105.25,20105.25,26.0
2025-03-24 03:57:00+00:00,20104.75,20105.25,20104.75,20105.25,6.0
2025-03-24 03:58:00+00:00,20105.0,20105.0,20103.75,20104.25,19.0
2025-03-24 04:00:00+00:00,20099.0,20104.0,20098.5,20104.0,108.0
2025-03-24 04:01:00+00:00,20099.0,20099.0,20097.5,20098.0,72.0
2025-03-24 04:02:00+00:00,20099.75,20099.75,20097.0,20097.75,53.0
2025-03-24 04:03:00+00:00,20096.0,20099.5,20096.0,20099.5,120.0
2025-03-24 04:04:00+00:00,20100.25,20100.5,20097.5,20097.5,35.0
2025-03-24 04:05:00+00:00,20101.0,20102.0,20099.75,20100.75,52.0
2025-03-24 04:06:00+00:00,20101.5,20101.75,20099.75,20101.5,32.0
2025-03-24 04:07:00+00:00,20100.25,20102.0,20099.75,20102.0,10.0
2025-03-24 04:08:00+00:00,20099.75,20100.5,20099.25,20100.0,29.0
2025-03-24 04:09:00+00:00,20099.5,20100.75,20099.5,20099.5,16.0
2025-03-24 04:10:00+00:00,20099.75,20100.5,20099.25,20100.0,18.0
2025-03-24 04:11:00+00:00,20101.5,20102.75,20099.5,20100.75,31.0
2025-03-24 04:12:00+00:00,20099.0,20101.5,20098.75,20101.5,17.0
2025-03-24 04:13:00+00:00,20099.0,20100.0,20098.5,20099.75,22.0
2025-03-24 04:14:00+00:00,20098.75,20099.75,20098.75,20099.5,12.0
2025-03-24 04:15:00+00:00,20100.0,20101.5,20098.5,20098.5,39.0
2025-03-24 04:16:00+00:00,20103.0,20104.0,20099.75,20099.75,41.0
2025-03-24 04:17:00+00:00,20102.75,20103.5,20102.25,20103.0,20.0
2025-03-24 04:18:00+00:00,20102.25,20102.75,20101.25,20102.75,17.0
2025-03-24 04:19:00+00:00,20105.0,20105.25,20102.0,20102.0,40.0
2025-03-24 04:20:00+00:00,20103.0,20104.75,20102.0,20104.75,24.0
2025-03-24 04:21:00+00:00,20102.5,20102.5,20102.0,20102.0,3.0
2025-03-24 04:22:00+00:00,20102.5,20104.25,20102.5,20103.0,6.0
2025-03-24 04:23:00+00:00,20102.5,20103.5,20102.25,20103.5,11.0
2025-03-24 04:24:00+00:00,20101.25,20102.5,20101.0,20102.0,18.0
2025-03-24 04:25:00+00:00,20104.5,20104.5,20100.75,20100.75,19.0
2025-03-24 04:26:00+00:00,20107.0,20107.75,20104.75,20105.0,70.0
2025-03-24 04:27:00+00:00,20107.75,20109.0,20105.5,20106.5,99.0
2025-03-24 04:28:00+00:00,20107.0,20108.5,20106.75,20108.5,32.0
2025-03-24 04:29:00+00:00,20105.75,20108.75,20105.5,20107.0,48.0
2025-03-24 04:30:00+00:00,20107.5,20107.75,20106.0,20106.75,14.0
2025-03-24 04:31:00+00:00,20107.0,20108.25,20106.75,20107.5,22.0
2025-03-24 04:32:00+00:00,20107.75,20108.0,20107.0,20107.5,12.0
2025-03-24 04:33:00+00:00,20109.5,20109.5,20107.5,20107.5,39.0
2025-03-24 04:34:00+00:00,20107.5,20109.25,20107.0,20108.25,38.0
2025-03-24 04:35:00+00:00,20108.0,20108.75,20106.5,20108.25,39.0
2025-03-24 04:36:00+00:00,20110.75,20112.0,20107.75,20107.75,103.0
2025-03-24 04:37:00+00:00,20110.5,20113.75,20109.75,20110.25,90.0
2025-03-24 04:38:00+00:00,20110.5,20110.75,20110.0,20110.25,10.0
2025-03-24 04:39:00+00:00,20111.0,20111.0,20111.0,20111.0,1.0
2025-03-24 04:40:00+00:00,20110.0,20111.0,20110.0,20110.75,11.0
2025-03-24 04:41:00+00:00,20110.0,20110.75,20109.75,20110.0,12.0
2025-03-24 04:42:00+00:00,20110.75,20111.0,20109.5,20110.25,26.0
2025-03-24 04:43:00+00:00,20112.75,20112.75,20111.0,20111.0,38.0
2025-03-24 04:44:00+00:00,20111.5,20113.25,20111.5,20113.0,65.0
2025-03-24 04:45:00+00:00,20111.75,20112.5,20111.25,20112.0,16.0
2025-03-24 04:46:00+00:00,20112.0,20112.5,20111.0,20111.5,28.0
2025-03-24 04:47:00+00:00,20113.0,20113.0,20111.0,20111.5,39.0
2025-03-24 04:48:00+00:00,20111.75,20113.0,20111.75,20113.0,7.0
2025-03-24 04:49:00+00:00,20111.5,20112.0,20111.25,20111.25,19.0
2025-03-24 04:50:00+00:00,20112.5,20112.5,20110.75,20111.25,15.0
2025-03-24 04:51:00+00:00,20111.5,20112.5,20111.0,20111.5,29.0
2025-03-24 04:52:00+00:00,20110.5,20111.25,20109.5,20110.75,44.0
2025-03-24 04:53:00+00:00,20111.0,20111.5,20111.0,20111.5,5.0
2025-03-24 04:54:00+00:00,20111.0,20111.25,20110.5,20110.5,6.0
2025-03-24 04:55:00+00:00,20112.0,20112.25,20110.25,20110.25,17.0
2025-03-24 04:56:00+00:00,20111.5,20112.75,20111.5,20112.0,20.0
2025-03-24 04:57:00+00:00,20111.5,20112.5,20111.25,20111.5,20.0
2025-03-24 04:58:00+00:00,20111.5,20113.0,20111.25,20113.0,8.0
2025-03-24 04:59:00+00:00,20112.5,20112.5,20111.75,20111.75,13.0
2025-03-24 05:00:00+00:00,20113.75,20114.75,20111.75,20111.75,73.0
2025-03-24 05:01:00+00:00,20115.25,20116.0,20113.25,20114.25,76.0
2025-03-24 05:02:00+00:00,20115.25,20116.5,20115.25,20116.0,19.0
2025-03-24 05:03:00+00:00,20114.75,20116.0,20114.25,20116.0,27.0
2025-03-24 05:04:00+00:00,20116.5,20117.75,20114.5,20114.5,58.0
2025-03-24 05:05:00+00:00,20116.75,20117.25,20115.5,20115.5,23.0
2025-03-24 05:06:00+00:00,20118.0,20119.75,20116.25,20116.5,49.0
2025-03-24 05:07:00+00:00,20120.0,20120.0,20117.5,20117.5,40.0
2025-03-24 05:08:00+00:00,20117.0,20121.0,20116.75,20119.75,100.0
2025-03-24 05:09:00+00:00,20115.5,20119.0,20115.5,20117.25,73.0
2025-03-24 05:10:00+00:00,20113.75,20115.75,20113.5,20114.5,34.0
2025-03-24 05:11:00+00:00,20117.5,20117.5,20113.75,20114.5,46.0
2025-03-24 05:12:00+00:00,20118.0,20118.0,20115.25,20115.25,19.0
2025-03-24 05:13:00+00:00,20118.75,20119.75,20117.75,20118.5,21.0
2025-03-24 05:14:00+00:00,20121.75,20122.75,20119.25,20119.25,58.0
2025-03-24 05:15:00+00:00,20122.75,20124.5,20122.0,20122.5,69.0
2025-03-24 05:16:00+00:00,20123.0,20123.0,20121.25,20121.5,24.0
2025-03-24 05:17:00+00:00,20122.25,20123.0,20122.0,20122.0,18.0
2025-03-24 05:18:00+00:00,20119.5,20122.75,20119.5,20122.0,65.0
2025-03-24 05:19:00+00:00,20122.5,20123.0,20119.5,20120.0,40.0
2025-03-24 05:20:00+00:00,20121.0,20124.0,20120.75,20122.75,25.0
2025-03-24 05:21:00+00:00,20121.0,20121.75,20120.75,20120.75,16.0
2025-03-24 05:22:00+00:00,20124.75,20124.75,20121.25,20121.25,23.0
2025-03-24 05:23:00+00:00,20123.0,20123.5,20122.5,20123.5,19.0
2025-03-24 05:24:00+00:00,20124.5,20124.5,20123.0,20123.5,27.0
2025-03-24 05:25:00+00:00,20123.25,20126.0,20123.0,20123.0,51.0
2025-03-24 05:26:00+00:00,20122.0,20123.25,20121.5,20123.25,28.0
2025-03-24 05:27:00+00:00,20121.0,20122.25,20120.0,20122.25,25.0
2025-03-24 05:28:00+00:00,20121.0,20122.25,20120.5,20120.75,46.0
2025-03-24 05:29:00+00:00,20119.75,20122.5,20119.75,20121.25,39.0
2025-03-24 05:30:00+00:00,20116.0,20120.0,20116.0,20119.5,102.0
2025-03-24 05:31:00+00:00,20115.5,20116.0,20113.75,20115.75,66.0
2025-03-24 05:32:00+00:00,20118.0,20118.25,20115.5,20115.5,31.0
2025-03-24 05:33:00+00:00,20118.75,20118.75,20118.0,20118.0,11.0
2025-03-24 05:34:00+00:00,20118.5,20119.25,20118.5,20119.25,7.0
2025-03-24 05:35:00+00:00,20117.0,20117.75,20116.75,20117.75,10.0
2025-03-24 05:36:00+00:00,20120.25,20120.25,20118.25,20118.25,21.0
2025-03-24 05:37:00+00:00,20121.25,20121.25,20119.25,20120.0,19.0
2025-03-24 05:38:00+00:00,20118.0,20121.25,20118.0,20121.25,17.0
2025-03-24 05:39:00+00:00,20117.75,20119.0,20117.5,20119.0,14.0
2025-03-24 05:40:00+00:00,20117.25,20118.0,20117.25,20117.25,14.0
2025-03-24 05:41:00+00:00,20116.0,20117.5,20116.0,20117.5,9.0
2025-03-24 05:42:00+00:00,20117.0,20117.0,20115.75,20115.75,7.0
2025-03-24 05:43:00+00:00,20117.0,20119.0,20116.75,20117.5,39.0
2025-03-24 05:44:00+00:00,20117.25,20117.25,20117.0,20117.25,8.0
2025-03-24 05:45:00+00:00,20116.75,20117.25,20116.0,20117.25,26.0
2025-03-24 05:46:00+00:00,20116.75,20117.0,20116.25,20117.0,9.0
2025-03-24 05:47:00+00:00,20117.75,20118.25,20116.75,20117.75,10.0
2025-03-24 05:48:00+00:00,20118.0,20118.0,20117.5,20117.5,2.0
2025-03-24 05:49:00+00:00,20117.5,20117.75,20116.75,20117.0,9.0
2025-03-24 05:50:00+00:00,20118.0,20118.0,20116.75,20116.75,11.0
2025-03-24 05:51:00+00:00,20117.5,20118.25,20117.5,20118.0,9.0
2025-03-24 05:52:00+00:00,20117.0,20117.5,20117.0,20117.0,4.0
2025-03-24 05:53:00+00:00,20116.25,20118.0,20116.25,20117.25,22.0
2025-03-24 05:54:00+00:00,20117.75,20117.75,20117.0,20117.25,16.0
2025-03-24 05:55:00+00:00,20117.25,20119.75,20116.75,20117.0,41.0
2025-03-24 05:56:00+00:00,20115.75,20118.0,20115.5,20116.75,25.0
2025-03-24 05:57:00+00:00,20115.5,20117.25,20114.75,20115.25,42.0
2025-03-24 05:58:00+00:00,20117.0,20117.0,20115.25,20115.25,13.0
2025-03-24 05:59:00+00:00,20117.0,20117.25,20116.75,20116.75,12.0
2025-03-24 06:00:00+00:00,20117.0,20118.25,20115.0,20117.0,90.0
2025-03-24 06:01:00+00:00,20118.0,20118.0,20114.75,20117.0,25.0
2025-03-24 06:02:00+00:00,20117.75,20118.25,20117.5,20118.0,16.0
2025-03-24 06:03:00+00:00,20117.0,20118.25,20117.0,20117.5,13.0
2025-03-24 06:04:00+00:00,20117.0,20117.5,20115.25,20117.25,27.0
2025-03-24 06:05:00+00:00,20116.5,20117.5,20116.25,20117.5,9.0
2025-03-24 06:06:00+00:00,20115.25,20118.0,20114.75,20116.5,25.0
2025-03-24 06:07:00+00:00,20114.75,20115.0,20114.75,20114.75,5.0
2025-03-24 06:08:00+00:00,20114.5,20116.25,20114.5,20116.0,19.0
2025-03-24 06:09:00+00:00,20113.25,20114.0,20111.25,20114.0,78.0
2025-03-24 06:10:00+00:00,20114.5,20114.75,20113.0,20113.25,25.0
2025-03-24 06:11:00+00:00,20116.5,20117.0,20114.75,20114.75,50.0
2025-03-24 06:12:00+00:00,20113.5,20115.75,20113.0,20115.5,17.0
2025-03-24 06:13:00+00:00,20111.75,20114.0,20110.25,20113.5,74.0
2025-03-24 06:14:00+00:00,20113.0,20113.5,20111.25,20111.25,17.0
2025-03-24 06:15:00+00:00,20116.0,20117.0,20114.0,20114.0,32.0
2025-03-24 06:16:00+00:00,20116.25,20117.75,20116.25,20116.5,25.0
2025-03-24 06:17:00+00:00,20116.5,20117.75,20116.5,20117.5,22.0
2025-03-24 06:18:00+00:00,20117.75,20118.5,20117.0,20117.25,31.0
2025-03-24 06:19:00+00:00,20117.0,20117.5,20115.75,20116.75,18.0
2025-03-24 06:20:00+00:00,20115.25,20117.0,20115.25,20116.75,17.0
2025-03-24 06:21:00+00:00,20119.5,20119.5,20115.25,20115.25,43.0
2025-03-24 06:22:00+00:00,20123.0,20123.75,20119.5,20119.75,110.0
2025-03-24 06:23:00+00:00,20120.0,20121.5,20120.0,20121.5,17.0
2025-03-24 06:24:00+00:00,20120.0,20120.75,20118.5,20120.75,20.0
2025-03-24 06:25:00+00:00,20119.75,20120.0,20119.75,20119.75,6.0
2025-03-24 06:26:00+00:00,20118.75,20119.0,20117.5,20119.0,37.0
2025-03-24 06:27:00+00:00,20119.75,20120.0,20117.75,20118.75,35.0
2025-03-24 06:28:00+00:00,20121.5,20121.5,20120.5,20120.5,16.0
2025-03-24 06:29:00+00:00,20121.25,20122.0,20120.0,20121.25,56.0
2025-03-24 06:30:00+00:00,20119.5,20121.25,20116.25,20121.0,84.0
2025-03-24 06:31:00+00:00,20118.0,20120.0,20115.0,20119.25,101.0
2025-03-24 06:32:00+00:00,20117.75,20119.0,20117.5,20118.5,42.0
2025-03-24 06:33:00+00:00,20118.5,20118.5,20116.5,20118.0,35.0
2025-03-24 06:34:00+00:00,20117.5,20117.5,20115.25,20116.75,19.0
2025-03-24 06:35:00+00:00,20114.75,20117.75,20113.75,20117.5,67.0
2025-03-24 06:36:00+00:00,20120.0,20120.0,20114.75,20114.75,76.0
2025-03-24 06:37:00+00:00,20121.25,20123.75,20120.5,20120.5,75.0
2025-03-24 06:38:00+00:00,20118.75,20121.25,20116.75,20121.0,68.0
2025-03-24 06:39:00+00:00,20119.75,20119.75,20118.0,20118.75,18.0
2025-03-24 06:40:00+00:00,20120.5,20122.75,20119.5,20119.5,47.0
2025-03-24 06:41:00+00:00,20121.0,20122.0,20120.75,20120.75,22.0
2025-03-24 06:42:00+00:00,20124.5,20124.5,20121.0,20122.25,39.0
2025-03-24 06:43:00+00:00,20127.25,20129.0,20124.5,20124.5,261.0
2025-03-24 06:44:00+00:00,20128.0,20129.25,20127.0,20127.0,74.0
2025-03-24 06:45:00+00:00,20127.5,20128.25,20126.75,20128.0,70.0
2025-03-24 06:46:00+00:00,20131.25,20131.5,20128.0,20128.0,63.0
2025-03-24 06:47:00+00:00,20134.5,20135.75,20130.25,20130.5,167.0
2025-03-24 06:48:00+00:00,20134.0,20134.5,20132.75,20133.75,61.0
2025-03-24 06:49:00+00:00,20135.25,20135.25,20133.0,20134.0,59.0
2025-03-24 06:50:00+00:00,20135.75,20137.5,20133.0,20136.0,103.0
2025-03-24 06:51:00+00:00,20137.25,20137.75,20135.75,20136.5,57.0
2025-03-24 06:52:00+00:00,20144.25,20146.5,20138.0,20138.0,357.0
2025-03-24 06:53:00+00:00,20142.0,20147.75,20141.0,20144.0,308.0
2025-03-24 06:54:00+00:00,20140.75,20141.75,20139.75,20140.25,93.0
2025-03-24 06:55:00+00:00,20140.75,20141.5,20138.5,20140.75,70.0
2025-03-24 06:56:00+00:00,20147.5,20147.5,20141.0,20141.0,109.0
2025-03-24 06:57:00+00:00,20148.25,20149.5,20145.75,20149.25,204.0
2025-03-24 06:58:00+00:00,20148.75,20149.0,20147.0,20149.0,47.0
2025-03-24 06:59:00+00:00,20146.75,20149.75,20146.25,20149.5,118.0
2025-03-24 07:00:00+00:00,20145.75,20150.0,20140.75,20147.5,277.0
2025-03-24 07:01:00+00:00,20145.25,20147.25,20143.75,20145.5,79.0
2025-03-24 07:02:00+00:00,20148.5,20149.5,20145.0,20145.25,101.0
2025-03-24 07:03:00+00:00,20146.25,20151.0,20145.25,20149.0,196.0
2025-03-24 07:04:00+00:00,20145.0,20147.5,20144.75,20146.25,106.0
2025-03-24 07:05:00+00:00,20145.75,20146.75,20144.75,20145.0,54.0
2025-03-24 07:06:00+00:00,20145.25,20146.0,20144.25,20145.5,38.0
2025-03-24 07:07:00+00:00,20143.0,20146.25,20142.75,20145.0,58.0
2025-03-24 07:08:00+00:00,20145.25,20145.5,20140.75,20143.25,87.0
2025-03-24 07:09:00+00:00,20146.75,20147.5,20145.5,20145.5,90.0
2025-03-24 07:10:00+00:00,20153.5,20153.5,20147.0,20148.0,226.0
2025-03-24 07:11:00+00:00,20151.25,20154.5,20150.0,20153.25,113.0
2025-03-24 07:12:00+00:00,20152.5,20153.5,20151.25,20151.5,97.0
2025-03-24 07:13:00+00:00,20153.25,20156.0,20151.5,20153.0,172.0
2025-03-24 07:14:00+00:00,20159.0,20159.0,20154.0,20154.5,1023.0
2025-03-24 07:15:00+00:00,20172.0,20172.75,20158.75,20160.0,992.0
2025-03-24 07:16:00+00:00,20165.75,20172.5,20162.75,20171.25,264.0
2025-03-24 07:17:00+00:00,20164.25,20166.25,20162.75,20165.25,71.0
2025-03-24 07:18:00+00:00,20162.0,20164.25,20161.25,20163.5,84.0
2025-03-24 07:19:00+00:00,20162.5,20164.0,20161.5,20161.5,47.0
2025-03-24 07:20:00+00:00,20162.5,20165.5,20161.25,20163.0,108.0
2025-03-24 07:21:00+00:00,20164.0,20166.5,20162.5,20163.0,134.0
2025-03-24 07:22:00+00:00,20164.25,20165.75,20163.75,20164.0,36.0
2025-03-24 07:23:00+00:00,20164.75,20167.5,20162.0,20164.0,139.0
2025-03-24 07:24:00+00:00,20167.25,20168.5,20165.5,20165.5,78.0
2025-03-24 07:25:00+00:00,20170.0,20172.75,20166.75,20166.75,283.0
2025-03-24 07:26:00+00:00,20165.75,20170.0,20164.5,20170.0,110.0
2025-03-24 07:27:00+00:00,20169.5,20170.0,20164.0,20165.25,53.0
2025-03-24 07:28:00+00:00,20170.25,20171.25,20166.5,20169.0,101.0
2025-03-24 07:29:00+00:00,20172.0,20172.75,20170.25,20170.25,792.0
2025-03-24 07:30:00+00:00,20166.0,20172.75,20165.5,20172.75,260.0
2025-03-24 07:31:00+00:00,20162.5,20168.0,20162.5,20166.25,130.0
2025-03-24 07:32:00+00:00,20163.5,20165.75,20161.25,20162.75,133.0
2025-03-24 07:33:00+00:00,20163.75,20164.75,20162.25,20163.5,62.0
2025-03-24 07:34:00+00:00,20162.75,20164.25,20161.75,20163.75,86.0
2025-03-24 07:35:00+00:00,20166.0,20166.0,20161.75,20162.75,119.0
2025-03-24 07:36:00+00:00,20166.0,20168.0,20162.25,20167.0,113.0
2025-03-24 07:37:00+00:00,20167.25,20171.25,20166.25,20166.5,117.0
2025-03-24 07:38:00+00:00,20164.25,20168.75,20163.5,20168.0,155.0
2025-03-24 07:39:00+00:00,20161.25,20164.5,20160.75,20164.0,132.0
2025-03-24 07:40:00+00:00,20161.5,20163.25,20161.0,20161.0,44.0
2025-03-24 07:41:00+00:00,20161.25,20161.75,20159.5,20161.5,98.0
2025-03-24 07:42:00+00:00,20161.0,20162.25,20160.25,20161.0,59.0
2025-03-24 07:43:00+00:00,20161.25,20161.25,20159.5,20160.25,58.0
2025-03-24 07:44:00+00:00,20162.0,20162.25,20160.75,20161.5,47.0
2025-03-24 07:45:00+00:00,20163.5,20163.5,20162.0,20162.0,36.0
2025-03-24 07:46:00+00:00,20169.5,20170.25,20163.0,20163.25,158.0
2025-03-24 07:47:00+00:00,20167.5,20170.25,20167.25,20169.25,63.0
2025-03-24 07:48:00+00:00,20167.5,20168.0,20162.5,20166.75,138.0
2025-03-24 07:49:00+00:00,20167.25,20168.5,20167.0,20168.0,56.0
2025-03-24 07:50:00+00:00,20167.75,20168.25,20166.25,20167.75,35.0
2025-03-24 07:51:00+00:00,20164.25,20168.0,20163.5,20167.5,70.0
2025-03-24 07:52:00+00:00,20162.5,20166.0,20161.75,20163.75,75.0
2025-03-24 07:53:00+00:00,20165.5,20166.5,20161.75,20162.25,127.0
2025-03-24 07:54:00+00:00,20166.75,20167.5,20165.5,20165.5,70.0
2025-03-24 07:55:00+00:00,20168.25,20168.5,20166.75,20166.75,40.0
2025-03-24 07:56:00+00:00,20168.5,20169.0,20167.5,20168.25,38.0
2025-03-24 07:57:00+00:00,20170.5,20171.0,20167.25,20169.25,152.0
2025-03-24 07:58:00+00:00,20170.25,20171.5,20168.5,20169.25,139.0
2025-03-24 07:59:00+00:00,20167.0,20171.25,20167.0,20170.0,80.0
2025-03-24 08:00:00+00:00,20161.0,20169.5,20158.75,20165.5,431.0
2025-03-24 08:01:00+00:00,20168.5,20169.0,20158.75,20159.5,261.0
2025-03-24 08:02:00+00:00,20170.0,20172.5,20168.0,20169.25,468.0
2025-03-24 08:03:00+00:00,20177.75,20184.0,20170.75,20170.75,1497.0
2025-03-24 08:04:00+00:00,20187.0,20187.5,20179.0,20179.0,278.0
2025-03-24 08:05:00+00:00,20194.75,20197.5,20186.25,20187.25,477.0
2025-03-24 08:06:00+00:00,20192.75,20198.0,20192.75,20194.25,256.0
2025-03-24 08:07:00+00:00,20194.25,20198.0,20192.25,20193.0,164.0
2025-03-24 08:08:00+00:00,20198.0,20198.0,20193.0,20194.0,154.0
2025-03-24 08:09:00+00:00,20215.0,20215.25,20197.0,20198.0,636.0
2025-03-24 08:10:00+00:00,20205.25,20214.5,20204.5,20214.5,342.0
2025-03-24 08:11:00+00:00,20207.75,20210.75,20206.25,20206.75,164.0
2025-03-24 08:12:00+00:00,20215.75,20217.0,20206.75,20207.5,278.0
2025-03-24 08:13:00+00:00,20217.75,20220.0,20214.5,20215.5,319.0
2025-03-24 08:14:00+00:00,20218.0,20220.25,20215.5,20217.0,238.0
2025-03-24 08:15:00+00:00,20211.25,20227.25,20211.25,20225.25,705.0
2025-03-24 08:16:00+00:00,20209.5,20214.5,20207.75,20212.75,239.0
2025-03-24 08:17:00+00:00,20204.75,20210.75,20204.0,20208.25,237.0
2025-03-24 08:18:00+00:00,20206.5,20208.25,20202.0,20203.75,158.0
2025-03-24 08:19:00+00:00,20203.75,20209.25,20202.25,20207.75,186.0
2025-03-24 08:20:00+00:00,20195.75,20201.5,20193.25,20201.5,214.0
2025-03-24 08:21:00+00:00,20199.25,20203.0,20196.0,20196.25,190.0
2025-03-24 08:22:00+00:00,20208.25,20209.25,20200.0,20200.0,139.0
2025-03-24 08:23:00+00:00,20208.75,20209.0,20203.25,20208.0,143.0
2025-03-24 08:24:00+00:00,20206.5,20209.25,20203.5,20209.0,109.0
2025-03-24 08:25:00+00:00,20206.0,20207.75,20205.0,20206.25,97.0
2025-03-24 08:26:00+00:00,20204.75,20207.25,20202.25,20206.5,211.0
2025-03-24 08:27:00+00:00,20203.75,20207.0,20200.75,20205.0,127.0
2025-03-24 08:28:00+00:00,20204.5,20204.75,20201.25,20202.75,88.0
2025-03-24 08:29:00+00:00,20209.5,20209.5,20202.5,20205.25,105.0
2025-03-24 08:30:00+00:00,20205.0,20210.75,20202.75,20202.75,227.0
2025-03-24 08:31:00+00:00,20202.0,20206.5,20201.5,20206.0,85.0
2025-03-24 08:32:00+00:00,20207.75,20209.5,20202.5,20202.5,115.0
2025-03-24 08:33:00+00:00,20207.75,20209.75,20206.75,20208.5,102.0
2025-03-24 08:34:00+00:00,20207.5,20209.5,20205.5,20209.0,85.0
2025-03-24 08:35:00+00:00,20206.75,20210.0,20205.25,20208.0,126.0
2025-03-24 08:36:00+00:00,20207.25,20210.5,20205.75,20207.0,91.0
2025-03-24 08:37:00+00:00,20205.0,20209.0,20202.75,20206.0,96.0
2025-03-24 08:38:00+00:00,20204.75,20207.0,20202.75,20206.0,51.0
2025-03-24 08:39:00+00:00,20207.25,20208.75,20204.0,20206.0,163.0
2025-03-24 08:40:00+00:00,20212.25,20214.75,20208.0,20208.25,161.0
2025-03-24 08:41:00+00:00,20213.25,20216.5,20210.25,20212.25,182.0
2025-03-24 08:42:00+00:00,20211.0,20213.75,20209.25,20212.25,135.0
2025-03-24 08:43:00+00:00,20209.25,20212.25,20207.0,20210.25,66.0
2025-03-24 08:44:00+00:00,20206.0,20209.5,20204.5,20209.25,125.0
2025-03-24 08:45:00+00:00,20204.5,20206.5,20202.0,20206.0,144.0
2025-03-24 08:46:00+00:00,20201.0,20208.0,20199.0,20204.0,151.0
2025-03-24 08:47:00+00:00,20200.0,20201.75,20197.75,20199.0,83.0
2025-03-24 08:48:00+00:00,20204.25,20204.75,20200.0,20200.75,84.0
2025-03-24 08:49:00+00:00,20209.0,20209.0,20203.75,20204.5,98.0
2025-03-24 08:50:00+00:00,20212.0,20212.25,20207.0,20209.25,64.0
2025-03-24 08:51:00+00:00,20210.5,20214.5,20210.5,20211.0,112.0
2025-03-24 08:52:00+00:00,20208.75,20215.25,20207.25,20211.25,207.0
2025-03-24 08:53:00+00:00,20212.5,20215.0,20209.25,20209.5,201.0
2025-03-24 08:54:00+00:00,20219.75,20220.5,20210.75,20213.0,315.0
2025-03-24 08:55:00+00:00,20220.75,20224.25,20217.25,20219.25,295.0
2025-03-24 08:56:00+00:00,20219.5,20223.0,20218.5,20220.5,143.0
2025-03-24 08:57:00+00:00,20215.75,20218.5,20214.25,20218.5,106.0
2025-03-24 08:58:00+00:00,20211.25,20215.25,20211.0,20214.75,67.0
2025-03-24 08:59:00+00:00,20210.75,20215.0,20210.0,20211.75,100.0
2025-03-24 09:00:00+00:00,20212.5,20212.75,20209.25,20210.0,100.0
2025-03-24 09:01:00+00:00,20204.75,20213.0,20204.5,20213.0,168.0
2025-03-24 09:02:00+00:00,20204.0,20206.25,20201.0,20204.5,151.0
2025-03-24 09:03:00+00:00,20198.25,20203.5,20198.25,20203.5,173.0
2025-03-24 09:04:00+00:00,20201.75,20202.5,20196.75,20198.5,125.0
2025-03-24 09:05:00+00:00,20210.75,20210.75,20200.75,20202.0,203.0
2025-03-24 09:06:00+00:00,20211.25,20214.5,20210.0,20211.0,119.0
2025-03-24 09:07:00+00:00,20209.75,20212.5,20207.75,20211.5,51.0
2025-03-24 09:08:00+00:00,20209.5,20210.75,20207.5,20210.0,59.0
2025-03-24 09:09:00+00:00,20206.5,20211.0,20205.75,20211.0,70.0
2025-03-24 09:10:00+00:00,20206.75,20208.5,20206.25,20207.5,75.0
2025-03-24 09:11:00+00:00,20207.0,20207.5,20206.0,20206.5,34.0
2025-03-24 09:12:00+00:00,20208.25,20209.25,20204.75,20207.5,77.0
2025-03-24 09:13:00+00:00,20213.0,20213.0,20207.0,20207.5,68.0
2025-03-24 09:14:00+00:00,20221.0,20221.5,20213.5,20215.0,197.0
2025-03-24 09:15:00+00:00,20212.75,20221.25,20212.5,20220.5,138.0
2025-03-24 09:16:00+00:00,20211.5,20213.75,20206.25,20212.5,130.0
2025-03-24 09:17:00+00:00,20210.5,20212.25,20207.5,20212.0,78.0
2025-03-24 09:18:00+00:00,20211.25,20212.0,20208.75,20209.75,44.0
2025-03-24 09:19:00+00:00,20212.75,20215.25,20212.0,20212.0,50.0
2025-03-24 09:20:00+00:00,20214.25,20215.25,20211.5,20213.25,62.0
2025-03-24 09:21:00+00:00,20210.25,20215.5,20208.75,20214.5,75.0
2025-03-24 09:22:00+00:00,20208.25,20213.25,20207.25,20211.75,117.0
2025-03-24 09:23:00+00:00,20204.75,20208.25,20203.25,20207.25,135.0
2025-03-24 09:24:00+00:00,20206.25,20207.25,20203.75,20205.25,110.0
2025-03-24 09:25:00+00:00,20201.5,20207.5,20201.5,20207.0,113.0
2025-03-24 09:26:00+00:00,20198.25,20202.5,20195.5,20201.5,290.0
2025-03-24 09:27:00+00:00,20200.0,20200.5,20196.5,20198.0,191.0
2025-03-24 09:28:00+00:00,20200.0,20201.75,20197.0,20200.5,178.0
2025-03-24 09:29:00+00:00,20199.75,20201.75,20198.5,20199.5,65.0
2025-03-24 09:30:00+00:00,20196.75,20200.25,20196.25,20200.0,72.0
2025-03-24 09:40:00+00:00,20186.75,20189.5,20184.75,20188.80078125,2427.0
2025-03-24 09:41:00+00:00,20187.0,20189.0,20184.0,20186.75,81.0
2025-03-24 09:42:00+00:00,20189.75,20190.5,20187.5,20187.75,51.0
2025-03-24 09:43:00+00:00,20188.25,20191.25,20185.75,20189.0,546.0
2025-03-24 09:44:00+00:00,20185.75,20190.75,20185.75,20188.25,690.0
2025-03-24 09:45:00+00:00,20195.0,20195.0,20186.0,20186.75,316.0
2025-03-24 09:46:00+00:00,20197.0,20199.0,20194.25,20194.25,222.0
2025-03-24 09:47:00+00:00,20199.0,20200.25,20195.75,20196.25,197.0
2025-03-24 09:48:00+00:00,20199.5,20200.25,20196.5,20199.5,260.0
2025-03-24 09:49:00+00:00,20202.0,20204.0,20196.25,20198.0,192.0
2025-03-24 09:50:00+00:00,20196.75,20201.0,20195.75,20200.75,90.0
2025-03-24 09:51:00+00:00,20196.25,20199.0,20194.25,20197.0,100.0
2025-03-24 09:52:00+00:00,20194.75,20196.25,20191.0,20196.25,188.0
2025-03-24 09:53:00+00:00,20195.0,20196.75,20193.75,20194.75,44.0
2025-03-24 09:54:00+00:00,20195.0,20196.5,20194.25,20195.25,62.0
2025-03-24 09:55:00+00:00,20192.25,20194.25,20190.75,20194.0,243.0
2025-03-24 09:56:00+00:00,20188.75,20192.0,20187.0,20191.75,105.0
2025-03-24 09:57:00+00:00,20189.75,20190.25,20188.25,20189.0,61.0
2025-03-24 09:58:00+00:00,20191.25,20191.75,20189.5,20191.25,28.0
2025-03-24 09:59:00+00:00,20189.25,20193.0,20188.5,20190.75,83.0
2025-03-24 10:00:00+00:00,20188.5,20189.0,20183.25,20188.5,181.0
2025-03-24 10:01:00+00:00,20186.5,20189.25,20185.5,20188.75,122.0
2025-03-24 10:02:00+00:00,20189.25,20189.75,20184.0,20187.0,99.0
2025-03-24 10:03:00+00:00,20193.25,20193.5,20187.25,20188.75,86.0
2025-03-24 10:04:00+00:00,20187.0,20194.5,20187.0,20194.0,69.0
2025-03-24 10:05:00+00:00,20193.25,20193.25,20186.0,20187.25,73.0
2025-03-24 10:06:00+00:00,20190.0,20192.5,20189.75,20192.25,30.0
2025-03-24 10:07:00+00:00,20191.5,20193.5,20190.0,20192.25,40.0
2025-03-24 10:08:00+00:00,20193.5,20194.5,20189.75,20192.5,77.0
2025-03-24 10:09:00+00:00,20192.75,20194.75,20192.5,20194.0,51.0
2025-03-24 10:10:00+00:00,20192.0,20194.75,20189.0,20191.75,73.0
2025-03-24 10:11:00+00:00,20189.0,20191.5,20189.0,20191.0,33.0
2025-03-24 10:12:00+00:00,20191.0,20191.0,20188.25,20189.75,35.0
2025-03-24 10:13:00+00:00,20191.0,20192.25,20190.0,20191.0,27.0
2025-03-24 10:14:00+00:00,20192.0,20192.0,20187.75,20191.25,42.0
2025-03-24 10:15:00+00:00,20192.0,20193.5,20189.25,20190.5,105.0
2025-03-24 10:16:00+00:00,20196.0,20197.0,20193.0,20193.0,87.0
2025-03-24 10:17:00+00:00,20196.0,20198.75,20195.5,20196.5,103.0
2025-03-24 10:18:00+00:00,20200.0,20200.0,20196.0,20196.0,49.0
2025-03-24 10:19:00+00:00,20201.0,20202.5,20199.5,20200.25,63.0
2025-03-24 10:20:00+00:00,20207.5,20208.25,20199.25,20201.5,288.0
2025-03-24 10:21:00+00:00,20206.5,20214.0,20206.0,20208.0,318.0
2025-03-24 10:22:00+00:00,20206.0,20207.5,20205.0,20206.25,105.0
2025-03-24 10:23:00+00:00,20208.25,20209.25,20204.75,20206.5,66.0
2025-03-24 10:24:00+00:00,20208.5,20210.0,20207.25,20208.5,71.0
2025-03-24 10:25:00+00:00,20205.5,20208.75,20205.5,20208.0,66.0
2025-03-24 10:26:00+00:00,20207.0,20208.5,20205.25,20205.5,92.0
2025-03-24 10:27:00+00:00,20210.25,20211.25,20206.0,20206.0,69.0
2025-03-24 10:28:00+00:00,20208.75,20211.25,20207.5,20210.25,73.0
2025-03-24 10:29:00+00:00,20211.0,20212.0,20208.5,20208.75,57.0
2025-03-24 10:30:00+00:00,20211.75,20212.0,20209.25,20210.75,82.0
2025-03-24 10:31:00+00:00,20213.0,20214.5,20211.0,20211.75,94.0
2025-03-24 10:32:00+00:00,20217.0,20217.25,20211.75,20213.75,190.0
2025-03-24 10:33:00+00:00,20219.25,20220.0,20217.0,20217.5,129.0
2025-03-24 10:34:00+00:00,20219.25,20224.0,20218.5,20219.25,218.0
2025-03-24 10:35:00+00:00,20226.75,20230.0,20218.75,20219.5,450.0
2025-03-24 10:36:00+00:00,20227.0,20229.75,20224.25,20229.25,183.0
2025-03-24 10:37:00+00:00,20226.75,20227.5,20224.5,20226.5,108.0
2025-03-24 10:38:00+00:00,20224.75,20226.0,20223.0,20225.75,89.0
2025-03-24 10:39:00+00:00,20226.75,20227.0,20224.25,20225.0,76.0
2025-03-24 10:40:00+00:00,20223.5,20228.0,20223.0,20227.5,73.0
2025-03-24 10:41:00+00:00,20222.0,20224.75,20221.5,20223.0,95.0
2025-03-24 10:42:00+00:00,20225.5,20226.0,20221.5,20221.75,135.0
2025-03-24 10:43:00+00:00,20223.25,20225.25,20222.25,20225.25,65.0
2025-03-24 10:44:00+00:00,20225.0,20226.5,20221.5,20223.75,97.0
2025-03-24 10:45:00+00:00,20221.75,20226.0,20221.25,20226.0,65.0
2025-03-24 10:46:00+00:00,20221.5,20222.75,20219.25,20222.25,103.0
2025-03-24 10:47:00+00:00,20222.0,20224.0,20220.5,20221.25,45.0
2025-03-24 10:48:00+00:00,20217.75,20221.5,20216.25,20221.5,171.0
2025-03-24 10:49:00+00:00,20216.75,20218.25,20215.75,20217.75,77.0
2025-03-24 10:50:00+00:00,20218.5,20220.5,20218.25,20218.25,80.0
2025-03-24 10:51:00+00:00,20217.0,20219.25,20215.75,20218.5,53.0
2025-03-24 10:52:00+00:00,20216.25,20220.0,20215.25,20216.5,156.0
2025-03-24 10:53:00+00:00,20218.25,20218.5,20215.5,20216.75,125.0
2025-03-24 10:54:00+00:00,20219.0,20219.0,20216.75,20218.75,56.0
2025-03-24 10:55:00+00:00,20216.5,20218.75,20214.5,20218.75,226.0
2025-03-24 10:56:00+00:00,20214.75,20217.25,20214.75,20217.25,69.0
2025-03-24 10:57:00+00:00,20215.5,20215.5,20213.25,20213.75,72.0
2025-03-24 10:58:00+00:00,20215.75,20217.5,20215.25,20216.0,62.0
2025-03-24 10:59:00+00:00,20214.75,20216.25,20213.75,20216.25,129.0
2025-03-24 11:00:00+00:00,20219.5,20220.5,20210.25,20211.5,264.0
2025-03-24 11:01:00+00:00,20220.0,20224.0,20219.25,20219.5,180.0
2025-03-24 11:02:00+00:00,20222.0,20224.0,20219.75,20219.75,99.0
2025-03-24 11:03:00+00:00,20220.75,20224.5,20219.75,20222.5,82.0
2025-03-24 11:04:00+00:00,20219.0,20220.75,20216.0,20220.75,168.0
2025-03-24 11:05:00+00:00,20213.25,20219.5,20213.25,20219.0,102.0
2025-03-24 11:06:00+00:00,20215.75,20216.0,20210.5,20213.25,117.0
2025-03-24 11:07:00+00:00,20218.5,20220.25,20215.5,20215.5,122.0
2025-03-24 11:08:00+00:00,20219.5,20221.25,20215.5,20219.0,133.0
2025-03-24 11:09:00+00:00,20222.0,20223.25,20219.0,20219.5,523.0
2025-03-24 11:10:00+00:00,20225.0,20226.25,20220.25,20221.25,656.0
2025-03-24 11:11:00+00:00,20238.5,20239.5,20222.75,20225.25,1131.0
2025-03-24 11:12:00+00:00,20243.25,20244.25,20237.25,20242.75,498.0
2025-03-24 11:13:00+00:00,20244.5,20247.25,20241.0,20243.0,379.0
2025-03-24 11:14:00+00:00,20246.0,20248.5,20241.75,20245.25,397.0
2025-03-24 11:15:00+00:00,20243.75,20246.25,20242.0,20245.0,352.0
2025-03-24 11:16:00+00:00,20241.5,20244.25,20239.0,20242.5,267.0
2025-03-24 11:17:00+00:00,20249.0,20249.25,20240.75,20241.75,270.0
2025-03-24 11:18:00+00:00,20246.25,20249.25,20245.75,20248.75,264.0
2025-03-24 11:19:00+00:00,20243.25,20246.5,20241.75,20245.5,387.0
2025-03-24 11:20:00+00:00,20248.0,20249.75,20243.0,20243.5,201.0
2025-03-24 11:21:00+00:00,20251.25,20252.75,20247.25,20248.0,366.0
2025-03-24 11:22:00+00:00,20248.0,20251.5,20246.75,20251.0,494.0
2025-03-24 11:23:00+00:00,20241.5,20249.75,20241.5,20248.0,219.0
2025-03-24 11:24:00+00:00,20241.5,20242.25,20240.25,20241.0,109.0
2025-03-24 11:25:00+00:00,20243.25,20246.0,20241.0,20242.0,114.0
2025-03-24 11:26:00+00:00,20240.75,20243.25,20240.0,20243.25,87.0
2025-03-24 11:27:00+00:00,20239.25,20242.25,20235.5,20241.25,219.0
2025-03-24 11:28:00+00:00,20246.5,20247.5,20239.0,20239.75,157.0
2025-03-24 11:29:00+00:00,20242.0,20246.5,20242.0,20246.5,79.0
2025-03-24 11:30:00+00:00,20239.25,20244.25,20238.25,20242.5,114.0
2025-03-24 11:31:00+00:00,20236.25,20240.0,20236.25,20239.75,73.0
2025-03-24 11:32:00+00:00,20234.75,20237.0,20232.25,20236.75,184.0
2025-03-24 11:33:00+00:00,20233.25,20236.25,20231.0,20234.0,76.0
2025-03-24 11:34:00+00:00,20232.0,20235.0,20231.0,20234.0,90.0
2025-03-24 11:35:00+00:00,20230.75,20233.5,20227.25,20231.75,132.0
2025-03-24 11:36:00+00:00,20232.5,20233.75,20228.25,20230.5,215.0
2025-03-24 11:37:00+00:00,20238.5,20240.75,20232.75,20233.75,237.0
2025-03-24 11:38:00+00:00,20246.0,20247.25,20238.0,20238.5,363.0
2025-03-24 11:39:00+00:00,20247.5,20248.0,20244.0,20246.0,314.0
2025-03-24 11:40:00+00:00,20249.0,20251.75,20245.25,20246.75,278.0
2025-03-24 11:41:00+00:00,20244.5,20249.5,20244.5,20248.25,224.0
2025-03-24 11:42:00+00:00,20249.25,20249.75,20242.75,20243.75,320.0
2025-03-24 11:43:00+00:00,20246.25,20249.75,20245.25,20248.5,189.0
2025-03-24 11:44:00+00:00,20239.5,20247.25,20238.0,20247.25,190.0
2025-03-24 11:45:00+00:00,20246.25,20246.25,20238.75,20239.0,170.0
2025-03-24 11:46:00+00:00,20253.5,20254.25,20246.0,20246.25,252.0
2025-03-24 11:47:00+00:00,20256.25,20256.25,20253.25,20253.25,208.0
2025-03-24 11:48:00+00:00,20257.0,20260.25,20255.5,20257.0,278.0
2025-03-24 11:49:00+00:00,20256.5,20258.75,20254.0,20257.25,200.0
2025-03-24 11:50:00+00:00,20253.5,20257.5,20253.0,20256.25,134.0
2025-03-24 11:51:00+00:00,20255.75,20256.5,20252.5,20253.75,94.0
2025-03-24 11:52:00+00:00,20254.0,20256.25,20252.5,20255.25,95.0
2025-03-24 11:53:00+00:00,20255.25,20255.75,20252.75,20254.0,66.0
2025-03-24 11:54:00+00:00,20253.0,20255.5,20253.0,20255.5,39.0
2025-03-24 11:55:00+00:00,20251.5,20255.75,20251.5,20252.75,122.0
2025-03-24 11:56:00+00:00,20248.25,20251.5,20248.25,20250.5,149.0
2025-03-24 11:57:00+00:00,20255.75,20257.0,20248.0,20248.5,179.0
2025-03-24 11:58:00+00:00,20260.25,20262.75,20255.5,20256.0,243.0
2025-03-24 11:59:00+00:00,20253.0,20262.0,20253.0,20260.5,351.0
2025-03-24 12:00:00+00:00,20255.0,20255.25,20248.25,20254.25,418.0
2025-03-24 12:01:00+00:00,20254.25,20260.25,20251.75,20255.25,357.0
2025-03-24 12:02:00+00:00,20251.25,20254.0,20247.0,20254.0,217.0
2025-03-24 12:03:00+00:00,20251.0,20256.75,20250.0,20251.0,153.0
2025-03-24 12:04:00+00:00,20250.0,20252.5,20249.0,20251.25,197.0
2025-03-24 12:05:00+00:00,20250.0,20251.0,20248.5,20249.75,76.0
2025-03-24 12:06:00+00:00,20252.0,20254.5,20249.75,20251.25,103.0
2025-03-24 12:07:00+00:00,20257.5,20259.0,20251.5,20252.0,118.0
2025-03-24 12:08:00+00:00,20256.5,20257.5,20255.25,20256.75,63.0
2025-03-24 12:09:00+00:00,20257.0,20258.0,20254.75,20257.25,96.0
2025-03-24 12:10:00+00:00,20256.5,20260.0,20255.25,20257.5,115.0
2025-03-24 12:11:00+00:00,20248.5,20257.25,20248.25,20256.25,188.0
2025-03-24 12:12:00+00:00,20250.25,20250.5,20244.0,20246.25,218.0
2025-03-24 12:13:00+00:00,20249.5,20250.5,20244.0,20250.5,255.0
2025-03-24 12:14:00+00:00,20246.0,20250.5,20245.5,20248.75,103.0
2025-03-24 12:15:00+00:00,20246.0,20248.5,20242.75,20244.0,188.0
2025-03-24 12:16:00+00:00,20245.0,20248.0,20242.25,20245.0,238.0
2025-03-24 12:17:00+00:00,20241.0,20245.5,20240.0,20244.75,203.0
2025-03-24 12:18:00+00:00,20242.5,20244.75,20240.5,20240.5,173.0
2025-03-24 12:19:00+00:00,20239.5,20242.5,20237.75,20239.5,443.0
2025-03-24 12:20:00+00:00,20244.25,20245.5,20237.75,20239.75,370.0
2025-03-24 12:21:00+00:00,20248.25,20249.5,20243.75,20243.75,225.0
2025-03-24 12:22:00+00:00,20255.25,20255.25,20247.5,20249.0,402.0
2025-03-24 12:23:00+00:00,20253.0,20256.25,20252.25,20254.75,187.0
2025-03-24 12:24:00+00:00,20256.0,20256.0,20252.5,20253.25,151.0
2025-03-24 12:25:00+00:00,20257.75,20260.5,20254.75,20255.25,327.0
2025-03-24 12:26:00+00:00,20257.75,20258.0,20256.25,20258.0,74.0
2025-03-24 12:27:00+00:00,20256.75,20257.75,20254.5,20257.25,103.0
2025-03-24 12:28:00+00:00,20256.0,20259.0,20256.0,20257.0,81.0
2025-03-24 12:29:00+00:00,20259.25,20261.0,20255.0,20256.0,261.0
2025-03-24 12:30:00+00:00,20261.25,20269.75,20258.5,20263.0,828.0
2025-03-24 12:31:00+00:00,20269.75,20270.0,20259.5,20262.0,270.0
2025-03-24 12:32:00+00:00,20270.0,20271.25,20266.5,20269.5,281.0
2025-03-24 12:33:00+00:00,20266.75,20269.5,20265.0,20269.5,239.0
2025-03-24 12:34:00+00:00,20266.5,20267.25,20263.25,20267.0,247.0
2025-03-24 12:35:00+00:00,20269.25,20270.5,20265.0,20266.5,145.0
2025-03-24 12:36:00+00:00,20262.0,20268.75,20260.5,20268.75,319.0
2025-03-24 12:37:00+00:00,20265.75,20266.25,20261.75,20262.75,270.0
2025-03-24 12:38:00+00:00,20267.5,20268.75,20265.0,20266.5,198.0
2025-03-24 12:39:00+00:00,20266.75,20267.5,20263.25,20267.25,150.0
2025-03-24 12:40:00+00:00,20262.0,20269.0,20262.0,20266.5,154.0
2025-03-24 12:41:00+00:00,20264.0,20264.5,20261.0,20262.0,121.0
2025-03-24 12:42:00+00:00,20265.25,20269.0,20263.0,20263.25,192.0
2025-03-24 12:43:00+00:00,20268.5,20268.5,20264.0,20264.75,122.0
2025-03-24 12:44:00+00:00,20273.75,20276.25,20268.5,20269.5,477.0
2025-03-24 12:45:00+00:00,20272.0,20275.75,20271.0,20274.5,240.0
2025-03-24 12:46:00+00:00,20267.0,20273.5,20264.5,20271.25,219.0
2025-03-24 12:47:00+00:00,20265.5,20268.5,20264.0,20266.75,200.0
2025-03-24 12:48:00+00:00,20268.5,20271.5,20265.75,20266.75,217.0
2025-03-24 12:49:00+00:00,20272.5,20273.0,20268.5,20268.5,142.0
2025-03-24 12:50:00+00:00,20272.25,20274.5,20271.25,20273.0,161.0
2025-03-24 12:51:00+00:00,20267.0,20272.0,20266.5,20271.5,152.0
2025-03-24 12:52:00+00:00,20268.75,20268.75,20265.75,20266.5,96.0
2025-03-24 12:53:00+00:00,20267.75,20270.75,20267.0,20269.25,87.0
2025-03-24 12:54:00+00:00,20272.0,20274.25,20266.0,20267.75,259.0
2025-03-24 12:55:00+00:00,20265.0,20271.0,20264.75,20271.0,198.0
2025-03-24 12:56:00+00:00,20268.0,20270.0,20261.5,20265.25,330.0
2025-03-24 12:57:00+00:00,20272.0,20272.75,20265.0,20267.25,222.0
2025-03-24 12:58:00+00:00,20269.5,20275.0,20269.5,20272.25,168.0
2025-03-24 12:59:00+00:00,20272.5,20273.5,20270.0,20270.0,149.0
2025-03-24 13:00:00+00:00,20271.75,20276.75,20266.75,20273.0,525.0
2025-03-24 13:01:00+00:00,20273.75,20275.5,20270.75,20271.25,228.0
2025-03-24 13:02:00+00:00,20280.25,20281.5,20272.75,20274.25,400.0
2025-03-24 13:03:00+00:00,20283.0,20285.0,20278.0,20280.0,433.0
2025-03-24 13:04:00+00:00,20285.5,20285.5,20280.25,20283.0,325.0
2025-03-24 13:05:00+00:00,20283.25,20285.75,20281.5,20285.5,391.0
2025-03-24 13:06:00+00:00,20280.75,20284.5,20278.25,20283.5,335.0
2025-03-24 13:07:00+00:00,20279.5,20282.5,20279.0,20281.0,240.0
2025-03-24 13:08:00+00:00,20283.25,20284.75,20279.25,20279.75,256.0
2025-03-24 13:09:00+00:00,20280.5,20284.0,20280.0,20283.25,198.0
2025-03-24 13:10:00+00:00,20285.0,20286.0,20279.75,20280.75,327.0
2025-03-24 13:11:00+00:00,20279.0,20285.0,20277.25,20285.0,245.0
2025-03-24 13:12:00+00:00,20276.5,20279.0,20275.5,20278.75,256.0
2025-03-24 13:13:00+00:00,20275.25,20280.5,20273.25,20276.25,453.0
2025-03-24 13:14:00+00:00,20275.5,20277.0,20273.75,20274.75,218.0
2025-03-24 13:15:00+00:00,20271.25,20276.5,20270.25,20274.25,316.0
2025-03-24 13:16:00+00:00,20273.75,20276.0,20267.25,20271.25,501.0
2025-03-24 13:17:00+00:00,20285.25,20285.75,20273.0,20273.75,751.0
2025-03-24 13:18:00+00:00,20278.5,20286.0,20276.75,20285.25,383.0
2025-03-24 13:19:00+00:00,20275.75,20281.5,20275.0,20278.75,213.0
2025-03-24 13:20:00+00:00,20276.75,20278.0,20274.25,20275.75,190.0
2025-03-24 13:21:00+00:00,20271.25,20278.0,20271.25,20275.75,159.0
2025-03-24 13:22:00+00:00,20275.0,20277.0,20270.25,20271.25,328.0
2025-03-24 13:23:00+00:00,20270.75,20276.5,20264.5,20275.75,533.0
2025-03-24 13:24:00+00:00,20266.0,20272.0,20265.25,20270.75,353.0
2025-03-24 13:25:00+00:00,20264.0,20266.0,20257.25,20264.25,944.0
2025-03-24 13:26:00+00:00,20266.5,20271.25,20262.5,20263.5,420.0
2025-03-24 13:27:00+00:00,20268.25,20269.5,20261.25,20266.25,507.0
2025-03-24 13:28:00+00:00,20261.5,20270.5,20261.5,20268.0,620.0
2025-03-24 13:29:00+00:00,20256.25,20263.0,20252.5,20262.25,953.0
2025-03-24 13:30:00+00:00,20241.25,20258.5,20240.75,20256.5,4365.0
2025-03-24 13:31:00+00:00,20237.0,20264.5,20235.5,20241.0,4080.0
2025-03-24 13:32:00+00:00,20250.75,20253.75,20235.0,20237.25,2582.0
2025-03-24 13:33:00+00:00,20256.0,20273.25,20250.5,20251.75,3216.0
2025-03-24 13:34:00+00:00,20234.0,20257.75,20229.75,20256.0,3143.0
2025-03-24 13:35:00+00:00,20234.25,20247.0,20229.75,20234.25,2176.0
2025-03-24 13:36:00+00:00,20248.75,20250.5,20229.25,20240.0,2480.0
2025-03-24 13:37:00+00:00,20265.75,20269.5,20250.0,20250.25,2378.0
2025-03-24 13:38:00+00:00,20283.25,20289.5,20264.5,20266.5,3155.0
2025-03-24 13:39:00+00:00,20282.5,20293.0,20276.0,20284.5,2006.0
2025-03-24 13:40:00+00:00,20282.25,20289.75,20276.75,20282.0,1884.0
2025-03-24 13:41:00+00:00,20274.0,20284.75,20268.5,20279.25,2007.0
2025-03-24 13:42:00+00:00,20256.25,20275.25,20252.25,20274.5,2126.0
2025-03-24 13:43:00+00:00,20263.75,20271.25,20252.5,20253.5,1446.0
2025-03-24 13:44:00+00:00,20263.0,20275.0,20247.0,20264.5,1388.0
2025-03-24 13:45:00+00:00,20275.75,20298.5,20262.75,20275.75,2562.0
2025-03-24 13:46:00+00:00,20297.75,20297.75,20268.75,20276.75,1566.0
2025-03-24 13:47:00+00:00,20299.5,20313.5,20294.5,20297.5,2857.0
2025-03-24 13:48:00+00:00,20300.75,20307.25,20290.75,20302.5,1290.0
2025-03-24 13:49:00+00:00,20315.0,20315.5,20292.25,20298.25,1402.0
2025-03-24 13:50:00+00:00,20314.75,20318.5,20304.0,20316.0,1797.0
2025-03-24 13:51:00+00:00,20317.5,20320.25,20308.0,20315.0,1262.0
2025-03-24 13:52:00+00:00,20319.0,20324.0,20308.75,20316.5,1529.0
2025-03-24 13:53:00+00:00,20325.0,20326.5,20308.0,20317.25,1352.0
2025-03-24 13:54:00+00:00,20320.0,20328.0,20315.75,20324.75,1116.0
2025-03-24 13:55:00+00:00,20322.0,20329.25,20315.0,20320.5,1543.0
2025-03-24 13:56:00+00:00,20330.25,20332.5,20318.5,20323.25,1099.0
2025-03-24 13:57:00+00:00,20330.75,20338.5,20327.25,20330.25,1665.0
2025-03-24 13:58:00+00:00,20323.0,20333.25,20317.0,20330.75,1337.0
2025-03-24 13:59:00+00:00,20315.25,20329.0,20310.25,20323.25,1698.0
2025-03-24 14:00:00+00:00,20310.25,20328.75,20310.25,20317.75,1545.0
2025-03-24 14:01:00+00:00,20325.25,20326.5,20304.25,20311.0,1661.0
2025-03-24 14:02:00+00:00,20325.25,20327.25,20319.0,20325.0,1167.0
2025-03-24 14:03:00+00:00,20321.75,20328.0,20306.75,20325.5,1674.0
2025-03-24 14:04:00+00:00,20314.25,20326.25,20310.75,20318.5,1279.0
2025-03-24 14:05:00+00:00,20315.75,20319.25,20310.25,20317.75,869.0
2025-03-24 14:06:00+00:00,20301.0,20318.75,20300.5,20314.5,1410.0
2025-03-24 14:07:00+00:00,20308.0,20313.75,20297.5,20302.25,1604.0
2025-03-24 14:08:00+00:00,20294.5,20308.0,20288.0,20306.0,1987.0
2025-03-24 14:09:00+00:00,20281.5,20295.75,20275.0,20292.25,1887.0
2025-03-24 14:10:00+00:00,20294.75,20297.5,20281.0,20281.75,1981.0
2025-03-24 14:11:00+00:00,20293.75,20301.25,20286.75,20294.75,1286.0
2025-03-24 14:12:00+00:00,20308.25,20308.25,20283.75,20295.0,1364.0
2025-03-24 14:13:00+00:00,20317.0,20317.75,20308.0,20308.5,1520.0
2025-03-24 14:14:00+00:00,20318.5,20320.0,20312.25,20316.75,1082.0
2025-03-24 14:15:00+00:00,20317.75,20329.0,20311.5,20318.0,2390.0
2025-03-24 14:16:00+00:00,20327.0,20327.75,20310.0,20318.5,1347.0
2025-03-24 14:17:00+00:00,20328.5,20329.5,20318.75,20327.25,1173.0
2025-03-24 14:18:00+00:00,20325.75,20329.25,20314.5,20329.0,938.0
2025-03-24 14:19:00+00:00,20334.25,20337.0,20326.0,20326.0,1334.0
2025-03-24 14:20:00+00:00,20330.5,20336.0,20324.25,20334.75,1234.0
2025-03-24 14:21:00+00:00,20337.0,20345.5,20329.75,20330.5,1579.0
2025-03-24 14:22:00+00:00,20337.0,20340.25,20331.0,20335.25,918.0
2025-03-24 14:23:00+00:00,20340.25,20342.25,20333.75,20339.25,992.0
2025-03-24 14:24:00+00:00,20344.25,20347.5,20338.5,20340.25,1277.0
2025-03-24 14:25:00+00:00,20341.25,20344.5,20332.0,20344.0,1245.0
2025-03-24 14:26:00+00:00,20338.25,20343.75,20332.5,20341.5,884.0
2025-03-24 14:27:00+00:00,20335.75,20342.0,20333.0,20337.0,1062.0
2025-03-24 14:28:00+00:00,20342.0,20343.0,20333.5,20334.75,1070.0
2025-03-24 14:29:00+00:00,20338.75,20344.75,20335.75,20343.0,905.0
2025-03-24 14:30:00+00:00,20338.5,20341.0,20327.75,20339.75,1699.0
2025-03-24 14:31:00+00:00,20338.0,20341.5,20329.0,20338.5,1261.0
2025-03-24 14:32:00+00:00,20337.75,20350.0,20332.75,20338.0,2005.0
2025-03-24 14:33:00+00:00,20325.5,20340.5,20325.0,20337.75,1662.0
2025-03-24 14:34:00+00:00,20328.75,20329.25,20316.25,20326.75,1930.0
2025-03-24 14:35:00+00:00,20326.75,20335.25,20319.5,20329.25,1467.0
2025-03-24 14:36:00+00:00,20338.25,20340.5,20324.5,20327.25,1139.0
2025-03-24 14:37:00+00:00,20339.25,20341.25,20332.5,20338.75,938.0
2025-03-24 14:38:00+00:00,20331.0,20339.25,20327.25,20338.25,870.0
2025-03-24 14:39:00+00:00,20319.5,20334.5,20317.25,20330.5,1251.0
2025-03-24 14:40:00+00:00,20327.0,20328.0,20315.5,20320.25,1295.0
2025-03-24 14:41:00+00:00,20332.0,20335.0,20324.25,20326.75,767.0
2025-03-24 14:42:00+00:00,20332.25,20337.25,20327.75,20332.5,702.0
2025-03-24 14:43:00+00:00,20338.5,20339.5,20324.25,20330.5,904.0
2025-03-24 14:44:00+00:00,20331.0,20339.25,20322.75,20338.25,1080.0
2025-03-24 14:45:00+00:00,20338.5,20338.75,20328.5,20331.25,632.0
2025-03-24 14:46:00+00:00,20344.5,20345.5,20337.25,20339.0,1174.0
2025-03-24 14:47:00+00:00,20340.25,20345.5,20337.5,20344.75,705.0
2025-03-24 14:48:00+00:00,20346.0,20346.75,20340.5,20341.25,957.0
2025-03-24 14:49:00+00:00,20356.25,20357.5,20346.5,20347.0,2182.0
2025-03-24 14:50:00+00:00,20353.75,20359.5,20353.0,20356.0,1723.0
2025-03-24 14:51:00+00:00,20351.0,20358.5,20349.75,20355.0,943.0
2025-03-24 14:52:00+00:00,20355.75,20356.5,20350.75,20352.0,769.0
2025-03-24 14:53:00+00:00,20355.5,20358.0,20349.0,20355.0,861.0
2025-03-24 14:54:00+00:00,20352.5,20356.0,20351.5,20355.5,434.0
2025-03-24 14:55:00+00:00,20350.25,20353.0,20344.0,20352.25,1205.0
2025-03-24 14:56:00+00:00,20349.25,20353.0,20347.25,20351.0,640.0
2025-03-24 14:57:00+00:00,20354.25,20354.75,20345.75,20347.25,724.0
2025-03-24 14:58:00+00:00,20346.0,20356.0,20345.0,20355.0,807.0
2025-03-24 14:59:00+00:00,20349.0,20350.0,20341.75,20346.0,827.0
2025-03-24 15:00:00+00:00,20345.0,20351.25,20342.75,20349.25,934.0
2025-03-24 15:01:00+00:00,20345.0,20350.5,20339.0,20345.0,988.0
2025-03-24 15:02:00+00:00,20338.5,20352.25,20328.25,20345.25,1795.0
2025-03-24 15:03:00+00:00,20350.0,20351.0,20337.25,20337.25,1052.0
2025-03-24 15:04:00+00:00,20352.75,20356.75,20347.0,20350.5,1121.0
2025-03-24 15:05:00+00:00,20355.0,20357.0,20349.5,20352.25,681.0
2025-03-24 15:06:00+00:00,20361.0,20363.25,20354.75,20355.0,1564.0
2025-03-24 15:07:00+00:00,20368.5,20370.0,20361.25,20362.75,1289.0
2025-03-24 15:08:00+00:00,20363.0,20370.25,20360.25,20368.75,1167.0
2025-03-24 15:09:00+00:00,20362.25,20366.5,20361.0,20363.0,751.0
2025-03-24 15:10:00+00:00,20361.75,20365.5,20358.75,20361.75,714.0
2025-03-24 15:11:00+00:00,20360.25,20368.5,20356.0,20364.5,1243.0
2025-03-24 15:12:00+00:00,20364.0,20365.0,20355.0,20361.25,836.0
2025-03-24 15:13:00+00:00,20365.25,20367.0,20362.75,20365.0,505.0
2025-03-24 15:14:00+00:00,20358.25,20365.75,20352.75,20365.25,1038.0
2025-03-24 15:15:00+00:00,20363.0,20363.0,20356.25,20360.5,627.0
2025-03-24 15:16:00+00:00,20362.75,20363.75,20358.0,20363.75,626.0
2025-03-24 15:17:00+00:00,20365.75,20368.0,20362.25,20362.5,786.0
2025-03-24 15:18:00+00:00,20364.5,20369.0,20363.75,20365.0,510.0
2025-03-24 15:19:00+00:00,20365.75,20367.25,20360.0,20364.5,580.0
2025-03-24 15:20:00+00:00,20365.0,20369.5,20363.25,20365.25,512.0
2025-03-24 15:21:00+00:00,20359.25,20369.75,20358.25,20365.25,740.0
2025-03-24 15:22:00+00:00,20360.0,20362.0,20355.0,20359.5,707.0
2025-03-24 15:23:00+00:00,20362.25,20365.0,20358.0,20360.5,525.0
2025-03-24 15:24:00+00:00,20360.25,20364.75,20359.25,20362.5,362.0
2025-03-24 15:25:00+00:00,20358.0,20362.0,20356.0,20360.75,566.0
2025-03-24 15:26:00+00:00,20355.5,20361.75,20351.5,20359.0,799.0
2025-03-24 15:27:00+00:00,20351.0,20355.5,20347.5,20354.25,882.0
2025-03-24 15:28:00+00:00,20353.25,20353.25,20344.75,20352.0,904.0
2025-03-24 15:29:00+00:00,20355.75,20357.5,20351.75,20353.5,657.0
2025-03-24 15:30:00+00:00,20349.0,20356.25,20341.75,20356.0,1099.0
2025-03-24 15:31:00+00:00,20345.0,20349.5,20342.75,20348.0,705.0
2025-03-24 15:32:00+00:00,20347.0,20351.0,20345.0,20345.25,723.0
2025-03-24 15:33:00+00:00,20350.0,20352.0,20346.0,20347.25,523.0
2025-03-24 15:34:00+00:00,20354.75,20355.0,20345.25,20349.75,578.0
2025-03-24 15:35:00+00:00,20356.25,20361.5,20353.5,20353.75,1296.0
2025-03-24 15:36:00+00:00,20350.25,20356.75,20348.5,20354.75,764.0
2025-03-24 15:37:00+00:00,20340.75,20350.5,20338.0,20350.0,1114.0
2025-03-24 15:38:00+00:00,20339.25,20342.0,20336.0,20341.25,756.0
2025-03-24 15:39:00+00:00,20333.0,20339.75,20329.75,20339.0,965.0
2025-03-24 15:40:00+00:00,20332.0,20339.0,20328.5,20332.25,1119.0
2025-03-24 15:41:00+00:00,20339.5,20339.75,20331.75,20331.75,451.0
2025-03-24 15:42:00+00:00,20335.0,20342.75,20332.25,20340.5,696.0
2025-03-24 15:43:00+00:00,20339.25,20341.0,20329.25,20334.0,833.0
2025-03-24 15:44:00+00:00,20334.5,20338.75,20331.0,20337.5,536.0
2025-03-24 15:45:00+00:00,20338.25,20340.75,20332.0,20335.25,503.0
2025-03-24 15:46:00+00:00,20343.25,20343.5,20333.25,20338.5,807.0
2025-03-24 15:47:00+00:00,20340.5,20345.0,20338.75,20343.5,739.0
2025-03-24 15:48:00+00:00,20337.0,20341.0,20334.0,20340.75,577.0
2025-03-24 15:49:00+00:00,20330.75,20337.5,20330.0,20337.5,772.0
2025-03-24 15:50:00+00:00,20333.0,20334.75,20330.5,20334.25,468.0
2025-03-24 15:51:00+00:00,20340.5,20342.75,20332.5,20333.75,617.0
2025-03-24 15:52:00+00:00,20346.5,20348.0,20339.25,20340.5,851.0
2025-03-24 15:53:00+00:00,20349.75,20358.5,20344.5,20347.0,1264.0
2025-03-24 15:54:00+00:00,20351.5,20353.75,20349.5,20349.75,515.0
2025-03-24 15:55:00+00:00,20356.0,20357.25,20351.25,20353.5,659.0
2025-03-24 15:56:00+00:00,20353.75,20356.5,20351.0,20355.75,438.0
2025-03-24 15:57:00+00:00,20355.0,20356.25,20350.5,20354.25,377.0
2025-03-24 15:58:00+00:00,20356.0,20358.25,20351.75,20355.0,460.0
2025-03-24 15:59:00+00:00,20355.0,20357.5,20353.25,20356.0,288.0
2025-03-24 16:00:00+00:00,20359.5,20361.0,20351.0,20354.75,801.0
2025-03-24 16:01:00+00:00,20357.5,20364.0,20353.25,20360.0,1026.0
2025-03-24 16:02:00+00:00,20355.25,20358.25,20347.5,20358.25,1395.0
2025-03-24 16:03:00+00:00,20360.25,20362.0,20351.75,20354.25,544.0
2025-03-24 16:04:00+00:00,20361.75,20363.5,20358.5,20359.75,428.0
2025-03-24 16:05:00+00:00,20367.75,20369.0,20361.5,20362.0,1166.0
2025-03-24 16:06:00+00:00,20379.25,20379.5,20367.5,20368.25,1704.0
2025-03-24 16:07:00+00:00,20378.5,20380.75,20377.25,20379.5,856.0
2025-03-24 16:08:00+00:00,20375.0,20380.25,20374.75,20379.0,736.0
2025-03-24 16:09:00+00:00,20374.25,20377.5,20372.0,20375.25,659.0
2025-03-24 16:10:00+00:00,20370.5,20375.75,20370.0,20373.75,734.0
2025-03-24 16:11:00+00:00,20366.5,20371.0,20362.5,20370.25,872.0
2025-03-24 16:12:00+00:00,20366.75,20371.75,20364.5,20366.25,811.0
2025-03-24 16:13:00+00:00,20368.0,20370.0,20363.75,20367.25,422.0
2025-03-24 16:14:00+00:00,20369.5,20371.0,20367.0,20367.5,344.0
2025-03-24 16:15:00+00:00,20369.25,20372.5,20365.25,20370.75,604.0
2025-03-24 16:16:00+00:00,20368.25,20371.75,20364.25,20369.25,474.0
2025-03-24 16:17:00+00:00,20361.0,20370.5,20361.0,20368.75,815.0
2025-03-24 16:18:00+00:00,20360.25,20363.0,20357.5,20361.25,822.0
2025-03-24 16:19:00+00:00,20358.5,20365.5,20356.5,20359.75,634.0
2025-03-24 16:20:00+00:00,20360.0,20361.5,20356.0,20359.0,401.0
2025-03-24 16:21:00+00:00,20365.75,20369.75,20359.5,20359.5,544.0
2025-03-24 16:22:00+00:00,20371.75,20373.25,20365.0,20365.25,697.0
2025-03-24 16:23:00+00:00,20369.0,20373.25,20367.75,20371.75,407.0
2025-03-24 16:24:00+00:00,20374.75,20375.0,20366.5,20368.75,490.0
2025-03-24 16:25:00+00:00,20351.25,20374.25,20348.75,20373.25,1622.0
2025-03-24 16:26:00+00:00,20343.75,20357.5,20334.5,20349.25,4097.0
2025-03-24 16:27:00+00:00,20348.75,20353.0,20334.0,20342.25,1590.0
2025-03-24 16:28:00+00:00,20348.75,20362.75,20345.5,20349.0,1263.0
2025-03-24 16:29:00+00:00,20338.0,20349.5,20337.0,20348.25,975.0
2025-03-24 16:30:00+00:00,20338.75,20341.25,20324.0,20338.25,1603.0
2025-03-24 16:31:00+00:00,20337.25,20347.25,20335.25,20338.0,1006.0
2025-03-24 16:32:00+00:00,20340.25,20341.75,20331.0,20337.75,573.0
2025-03-24 16:33:00+00:00,20338.5,20342.25,20333.5,20340.25,628.0
2025-03-24 16:34:00+00:00,20343.5,20348.0,20334.5,20337.5,775.0
2025-03-24 16:35:00+00:00,20350.5,20351.25,20343.0,20343.0,928.0
2025-03-24 16:36:00+00:00,20347.75,20353.5,20345.5,20348.75,717.0
2025-03-24 16:37:00+00:00,20339.5,20352.0,20338.25,20347.0,668.0
2025-03-24 16:38:00+00:00,20347.0,20348.75,20339.25,20341.25,507.0
2025-03-24 16:39:00+00:00,20341.5,20346.75,20338.25,20346.75,638.0
2025-03-24 16:40:00+00:00,20336.5,20344.75,20334.75,20342.0,527.0
2025-03-24 16:41:00+00:00,20324.75,20335.75,20323.25,20335.0,1132.0
2025-03-24 16:42:00+00:00,20327.75,20329.0,20319.0,20324.0,1280.0
2025-03-24 16:43:00+00:00,20333.25,20337.75,20324.0,20328.0,829.0
2025-03-24 16:44:00+00:00,20340.0,20342.75,20331.75,20334.25,654.0
2025-03-24 16:45:00+00:00,20351.0,20353.75,20339.5,20340.0,1096.0
2025-03-24 16:46:00+00:00,20352.25,20355.5,20350.25,20351.5,787.0
2025-03-24 16:47:00+00:00,20353.25,20360.5,20349.5,20352.25,997.0
2025-03-24 16:48:00+00:00,20356.25,20357.25,20352.75,20354.25,483.0
2025-03-24 16:49:00+00:00,20352.75,20356.0,20345.5,20356.0,869.0
2025-03-24 16:50:00+00:00,20351.25,20358.5,20350.0,20353.0,705.0
2025-03-24 16:51:00+00:00,20346.0,20354.5,20344.25,20351.25,629.0
2025-03-24 16:52:00+00:00,20348.0,20350.0,20343.0,20345.0,479.0
2025-03-24 16:53:00+00:00,20348.0,20353.25,20346.0,20349.75,433.0
2025-03-24 16:54:00+00:00,20348.5,20351.25,20346.5,20348.25,305.0
2025-03-24 16:55:00+00:00,20346.75,20350.75,20345.25,20350.5,364.0
2025-03-24 16:56:00+00:00,20339.5,20347.0,20335.75,20347.0,1109.0
2025-03-24 16:57:00+00:00,20337.25,20343.5,20335.75,20339.5,496.0
2025-03-24 16:58:00+00:00,20336.25,20339.0,20334.25,20336.75,392.0
2025-03-24 16:59:00+00:00,20341.75,20348.0,20336.5,20337.5,527.0
2025-03-24 17:00:00+00:00,20343.75,20346.0,20336.75,20342.5,620.0
2025-03-24 17:01:00+00:00,20345.75,20346.75,20333.0,20341.0,792.0
2025-03-24 17:02:00+00:00,20334.25,20346.5,20330.0,20346.0,769.0
2025-03-24 17:03:00+00:00,20341.25,20342.5,20331.25,20334.5,450.0
2025-03-24 17:04:00+00:00,20334.25,20342.0,20332.75,20340.75,484.0
2025-03-24 17:05:00+00:00,20333.0,20339.0,20330.75,20334.0,563.0
2025-03-24 17:06:00+00:00,20342.0,20343.5,20330.5,20333.0,492.0
2025-03-24 17:07:00+00:00,20342.5,20347.5,20340.0,20344.0,678.0
2025-03-24 17:08:00+00:00,20333.25,20342.75,20331.75,20342.5,639.0
2025-03-24 17:09:00+00:00,20332.75,20335.75,20329.75,20332.0,641.0
2025-03-24 17:10:00+00:00,20335.75,20336.0,20328.5,20332.0,665.0
2025-03-24 17:11:00+00:00,20326.5,20336.5,20325.5,20335.25,504.0
2025-03-24 17:12:00+00:00,20327.0,20329.5,20324.25,20327.5,549.0
2025-03-24 17:13:00+00:00,20320.0,20327.5,20317.0,20327.0,967.0
2025-03-24 17:14:00+00:00,20323.0,20324.0,20317.75,20319.25,503.0
2025-03-24 17:15:00+00:00,20320.25,20323.75,20316.25,20322.5,766.0
2025-03-24 17:16:00+00:00,20326.25,20329.25,20320.0,20321.5,824.0
2025-03-24 17:17:00+00:00,20326.75,20335.0,20324.75,20326.25,1078.0
2025-03-24 17:18:00+00:00,20323.25,20327.75,20320.25,20326.5,631.0
2025-03-24 17:19:00+00:00,20318.75,20328.5,20318.25,20324.0,625.0
2025-03-24 17:20:00+00:00,20315.25,20319.5,20309.0,20317.75,1145.0
2025-03-24 17:21:00+00:00,20321.25,20323.0,20312.25,20313.5,702.0
2025-03-24 17:22:00+00:00,20327.0,20327.75,20318.5,20321.0,680.0
2025-03-24 17:23:00+00:00,20325.75,20328.75,20321.75,20325.75,563.0
2025-03-24 17:24:00+00:00,20324.25,20328.25,20321.75,20325.25,493.0
2025-03-24 17:25:00+00:00,20328.0,20330.0,20323.75,20324.0,521.0
2025-03-24 17:26:00+00:00,20328.5,20333.5,20326.5,20328.0,753.0
2025-03-24 17:27:00+00:00,20328.5,20330.25,20321.5,20328.25,584.0
2025-03-24 17:28:00+00:00,20331.75,20332.0,20326.5,20328.25,343.0
2025-03-24 17:29:00+00:00,20337.25,20338.25,20331.5,20331.75,1020.0
2025-03-24 17:30:00+00:00,20342.25,20342.75,20334.25,20337.75,1091.0
2025-03-24 17:31:00+00:00,20338.25,20345.0,20334.0,20343.0,1011.0
2025-03-24 17:32:00+00:00,20342.75,20346.0,20338.0,20338.25,576.0
2025-03-24 17:33:00+00:00,20347.0,20347.5,20340.75,20343.0,459.0
2025-03-24 17:34:00+00:00,20343.0,20349.25,20341.25,20346.75,661.0
2025-03-24 17:35:00+00:00,20337.25,20343.0,20330.75,20343.0,918.0
2025-03-24 17:36:00+00:00,20343.25,20344.25,20332.75,20337.0,629.0
2025-03-24 17:37:00+00:00,20341.25,20345.75,20339.75,20342.75,430.0
2025-03-24 17:38:00+00:00,20347.0,20347.75,20339.75,20341.25,396.0
2025-03-24 17:39:00+00:00,20348.25,20350.25,20346.75,20348.5,577.0
2025-03-24 17:40:00+00:00,20345.5,20348.5,20342.75,20347.5,436.0
2025-03-24 17:41:00+00:00,20344.0,20345.75,20336.0,20345.0,611.0
2025-03-24 17:42:00+00:00,20334.25,20345.0,20333.0,20344.25,488.0
2025-03-24 17:43:00+00:00,20331.0,20338.75,20329.25,20335.5,760.0
2025-03-24 17:44:00+00:00,20336.0,20336.5,20329.75,20331.25,443.0
2025-03-24 17:45:00+00:00,20334.25,20339.25,20331.25,20336.0,570.0
2025-03-24 17:46:00+00:00,20339.25,20341.5,20332.5,20334.25,571.0
2025-03-24 17:47:00+00:00,20336.75,20340.75,20334.25,20340.75,446.0
2025-03-24 17:48:00+00:00,20334.5,20340.0,20331.25,20337.0,704.0
2025-03-24 17:49:00+00:00,20339.25,20341.0,20334.5,20335.5,346.0
2025-03-24 17:50:00+00:00,20340.25,20343.25,20338.0,20340.0,430.0
2025-03-24 17:51:00+00:00,20347.0,20347.75,20336.75,20339.5,382.0
2025-03-24 17:52:00+00:00,20343.75,20349.75,20343.5,20347.0,382.0
2025-03-24 17:53:00+00:00,20337.0,20345.5,20336.75,20344.25,471.0
2025-03-24 17:54:00+00:00,20336.0,20338.0,20330.5,20336.75,637.0
2025-03-24 17:55:00+00:00,20332.5,20339.25,20331.25,20336.25,438.0
2025-03-24 17:56:00+00:00,20333.75,20334.25,20327.25,20331.75,524.0
2025-03-24 17:57:00+00:00,20329.75,20334.25,20327.75,20333.5,300.0
2025-03-24 17:58:00+00:00,20328.75,20330.75,20326.0,20329.0,482.0
2025-03-24 17:59:00+00:00,20342.5,20343.0,20328.5,20329.0,792.0
2025-03-24 18:00:00+00:00,20340.25,20345.0,20338.5,20343.0,702.0
2025-03-24 18:01:00+00:00,20332.0,20341.75,20330.0,20340.25,631.0
2025-03-24 18:02:00+00:00,20325.5,20328.25,20323.75,20327.0,805.0
2025-03-24 18:03:00+00:00,20313.75,20326.5,20313.5,20324.25,1304.0
2025-03-24 18:04:00+00:00,20319.0,20319.25,20308.25,20314.5,1083.0
2025-03-24 18:05:00+00:00,20328.5,20330.5,20318.25,20319.0,866.0
2025-03-24 18:06:00+00:00,20331.25,20335.5,20328.75,20329.5,601.0
2025-03-24 18:07:00+00:00,20330.0,20335.0,20323.25,20331.0,812.0
2025-03-24 18:08:00+00:00,20324.5,20334.25,20323.75,20330.25,489.0
2025-03-24 18:09:00+00:00,20327.75,20329.25,20320.0,20325.25,607.0
2025-03-24 18:10:00+00:00,20321.25,20326.75,20320.5,20325.75,457.0
2025-03-24 18:11:00+00:00,20326.25,20327.25,20318.25,20320.75,667.0
2025-03-24 18:12:00+00:00,20325.0,20326.5,20322.0,20326.0,307.0
2025-03-24 18:13:00+00:00,20325.75,20330.0,20321.5,20325.5,626.0
2025-03-24 18:14:00+00:00,20321.0,20327.0,20320.0,20325.5,403.0
2025-03-24 18:15:00+00:00,20324.25,20326.25,20315.5,20320.0,605.0
2025-03-24 18:16:00+00:00,20325.0,20326.5,20320.25,20324.0,419.0
2025-03-24 18:17:00+00:00,20332.75,20338.5,20325.25,20326.0,717.0
2025-03-24 18:18:00+00:00,20332.75,20333.0,20328.5,20331.0,518.0
2025-03-24 18:19:00+00:00,20328.0,20332.25,20326.75,20331.25,470.0
2025-03-24 18:20:00+00:00,20326.0,20330.75,20323.25,20327.25,547.0
2025-03-24 18:21:00+00:00,20333.75,20334.75,20325.75,20326.0,630.0
2025-03-24 18:22:00+00:00,20328.75,20335.75,20328.0,20334.0,426.0
2025-03-24 18:23:00+00:00,20331.0,20332.25,20323.5,20329.0,574.0
2025-03-24 18:24:00+00:00,20332.75,20335.75,20330.0,20330.5,397.0
2025-03-24 18:25:00+00:00,20327.5,20331.5,20322.75,20331.5,606.0
2025-03-24 18:26:00+00:00,20334.0,20335.25,20325.75,20327.25,483.0
2025-03-24 18:27:00+00:00,20336.0,20339.75,20333.25,20334.0,687.0
2025-03-24 18:28:00+00:00,20337.75,20338.5,20334.5,20335.25,309.0
2025-03-24 18:29:00+00:00,20335.0,20338.25,20333.5,20337.25,390.0
2025-03-24 18:30:00+00:00,20334.5,20338.0,20325.75,20335.25,985.0
2025-03-24 18:31:00+00:00,20327.0,20335.25,20324.75,20335.0,696.0
2025-03-24 18:32:00+00:00,20320.75,20326.0,20318.75,20325.0,806.0
2025-03-24 18:33:00+00:00,20325.25,20326.5,20318.75,20320.5,570.0
2025-03-24 18:34:00+00:00,20324.25,20327.5,20321.0,20325.0,457.0
2025-03-24 18:35:00+00:00,20323.0,20325.25,20317.0,20324.5,474.0
2025-03-24 18:36:00+00:00,20326.75,20328.0,20322.5,20323.25,510.0
2025-03-24 18:37:00+00:00,20328.5,20329.75,20323.5,20327.0,365.0
2025-03-24 18:38:00+00:00,20329.25,20331.25,20325.25,20328.5,475.0
2025-03-24 18:39:00+00:00,20346.25,20359.5,20326.0,20329.0,3290.0
2025-03-24 18:40:00+00:00,20352.75,20356.75,20337.25,20345.75,3494.0
2025-03-24 18:41:00+00:00,20344.0,20356.5,20342.0,20353.25,1180.0
2025-03-24 18:42:00+00:00,20346.5,20349.25,20340.5,20343.25,714.0
2025-03-24 18:43:00+00:00,20362.0,20372.75,20342.25,20348.25,1903.0
2025-03-24 18:44:00+00:00,20359.5,20365.5,20357.0,20363.0,826.0
2025-03-24 18:45:00+00:00,20358.75,20362.5,20354.75,20359.5,748.0
2025-03-24 18:46:00+00:00,20354.75,20361.5,20328.25,20359.0,5303.0
2025-03-24 18:47:00+00:00,20355.25,20360.5,20349.5,20354.5,664.0
2025-03-24 18:48:00+00:00,20357.5,20361.25,20350.0,20356.0,564.0
2025-03-24 18:49:00+00:00,20360.75,20363.75,20354.75,20357.25,490.0
2025-03-24 18:50:00+00:00,20371.25,20373.5,20360.0,20361.5,1517.0
2025-03-24 18:51:00+00:00,20363.25,20370.5,20359.0,20370.0,1037.0
2025-03-24 18:52:00+00:00,20368.0,20370.0,20362.5,20362.5,585.0
2025-03-24 18:53:00+00:00,20368.75,20368.75,20364.5,20367.25,671.0
2025-03-24 18:54:00+00:00,20368.0,20369.75,20365.0,20367.0,448.0
2025-03-24 18:55:00+00:00,20362.5,20368.0,20362.0,20367.75,479.0
2025-03-24 18:56:00+00:00,20365.5,20366.5,20360.0,20362.5,599.0
2025-03-24 18:57:00+00:00,20366.5,20367.75,20361.75,20364.5,512.0
2025-03-24 18:58:00+00:00,20365.5,20367.5,20364.5,20365.5,437.0
2025-03-24 18:59:00+00:00,20365.75,20369.25,20364.0,20366.0,863.0
2025-03-24 19:00:00+00:00,20367.25,20367.75,20359.75,20367.25,833.0
2025-03-24 19:01:00+00:00,20364.5,20368.25,20362.0,20367.0,355.0
2025-03-24 19:02:00+00:00,20373.75,20373.75,20364.5,20364.5,805.0
2025-03-24 19:03:00+00:00,20375.0,20376.25,20371.5,20373.75,756.0
2025-03-24 19:04:00+00:00,20375.0,20376.5,20372.25,20376.5,533.0
2025-03-24 19:05:00+00:00,20388.0,20391.0,20374.75,20375.75,2105.0
2025-03-24 19:06:00+00:00,20389.75,20391.0,20386.75,20387.75,834.0
2025-03-24 19:07:00+00:00,20389.5,20391.5,20388.25,20389.75,477.0
2025-03-24 19:08:00+00:00,20383.5,20389.75,20383.0,20389.5,1120.0
2025-03-24 19:09:00+00:00,20384.25,20386.25,20380.5,20383.5,667.0
2025-03-24 19:10:00+00:00,20378.75,20383.75,20376.75,20383.75,888.0
2025-03-24 19:11:00+00:00,20382.5,20385.0,20379.25,20380.5,525.0
2025-03-24 19:12:00+00:00,20384.5,20385.0,20381.75,20382.5,283.0
2025-03-24 19:13:00+00:00,20377.0,20384.5,20375.75,20384.5,727.0
2025-03-24 19:14:00+00:00,20374.5,20377.75,20373.25,20377.25,534.0
2025-03-24 19:15:00+00:00,20381.0,20382.25,20374.0,20375.0,836.0
2025-03-24 19:16:00+00:00,20386.0,20386.5,20380.25,20381.0,691.0
2025-03-24 19:17:00+00:00,20383.0,20387.0,20382.0,20385.5,400.0
2025-03-24 19:18:00+00:00,20385.5,20387.0,20381.0,20383.0,484.0
2025-03-24 19:19:00+00:00,20384.75,20386.25,20384.0,20385.5,336.0
2025-03-24 19:20:00+00:00,20377.75,20384.75,20375.75,20384.25,789.0
2025-03-24 19:21:00+00:00,20377.25,20379.75,20374.25,20378.0,398.0
2025-03-24 19:22:00+00:00,20375.5,20379.0,20375.5,20377.0,359.0
2025-03-24 19:23:00+00:00,20376.5,20379.5,20374.0,20375.25,397.0
2025-03-24 19:24:00+00:00,20380.75,20382.0,20376.25,20376.75,625.0
2025-03-24 19:25:00+00:00,20377.75,20383.5,20377.75,20382.0,610.0
2025-03-24 19:26:00+00:00,20369.75,20377.75,20369.25,20377.0,945.0
2025-03-24 19:27:00+00:00,20375.75,20376.0,20368.75,20369.5,672.0
2025-03-24 19:28:00+00:00,20377.25,20378.5,20374.25,20376.0,441.0
2025-03-24 19:29:00+00:00,20370.75,20379.0,20366.5,20378.5,870.0
2025-03-24 19:30:00+00:00,20367.75,20373.25,20367.0,20370.5,888.0
2025-03-24 19:31:00+00:00,20375.25,20376.75,20366.25,20368.0,797.0
2025-03-24 19:32:00+00:00,20375.75,20376.5,20374.0,20375.0,390.0
2025-03-24 19:33:00+00:00,20371.5,20375.75,20370.75,20375.75,434.0
2025-03-24 19:34:00+00:00,20370.25,20371.75,20367.75,20371.5,635.0
2025-03-24 19:35:00+00:00,20366.75,20370.75,20362.0,20368.75,1007.0
2025-03-24 19:36:00+00:00,20369.25,20371.75,20360.75,20365.75,964.0
2025-03-24 19:37:00+00:00,20366.75,20372.25,20365.5,20367.5,547.0
2025-03-24 19:38:00+00:00,20367.0,20371.5,20366.0,20366.75,432.0
2025-03-24 19:39:00+00:00,20365.5,20367.5,20362.75,20367.0,574.0
2025-03-24 19:40:00+00:00,20367.5,20369.75,20365.25,20365.5,553.0
2025-03-24 19:41:00+00:00,20365.75,20368.25,20363.0,20367.5,618.0
2025-03-24 19:42:00+00:00,20371.0,20371.25,20364.5,20365.75,604.0
2025-03-24 19:43:00+00:00,20378.5,20384.0,20370.0,20371.0,1542.0
2025-03-24 19:44:00+00:00,20373.0,20380.0,20371.0,20378.0,820.0
2025-03-24 19:45:00+00:00,20372.25,20376.75,20371.25,20373.25,779.0
2025-03-24 19:46:00+00:00,20376.0,20376.75,20369.5,20372.5,768.0
2025-03-24 19:47:00+00:00,20388.25,20389.25,20374.75,20375.25,1670.0
2025-03-24 19:48:00+00:00,20381.0,20391.25,20380.5,20388.5,1916.0
2025-03-24 19:49:00+00:00,20384.75,20385.5,20379.25,20381.0,857.0
2025-03-24 19:50:00+00:00,20385.5,20389.25,20372.0,20382.5,2548.0
2025-03-24 19:51:00+00:00,20380.75,20386.75,20379.0,20385.25,996.0
2025-03-24 19:52:00+00:00,20369.25,20383.5,20368.0,20381.0,1571.0
2025-03-24 19:53:00+00:00,20373.5,20376.75,20368.5,20369.25,1141.0
2025-03-24 19:54:00+00:00,20397.75,20407.5,20368.75,20373.5,4426.0
2025-03-24 19:55:00+00:00,20388.5,20409.5,20386.75,20398.25,3464.0
2025-03-24 19:56:00+00:00,20391.0,20391.25,20380.75,20388.75,1995.0
2025-03-24 19:57:00+00:00,20389.0,20395.5,20388.0,20391.5,2266.0
2025-03-24 19:58:00+00:00,20386.75,20391.25,20386.0,20388.25,2180.0
2025-03-24 19:59:00+00:00,20366.5,20391.75,20366.25,20387.25,12263.0
2025-03-24 20:00:00+00:00,20369.75,20377.25,20360.25,20366.0,5098.0
2025-03-24 20:01:00+00:00,20369.75,20375.75,20368.75,20368.75,1501.0
2025-03-24 20:02:00+00:00,20365.5,20371.25,20364.75,20369.5,942.0
2025-03-24 20:03:00+00:00,20364.75,20369.0,20363.75,20365.25,682.0
2025-03-24 20:04:00+00:00,20362.25,20366.25,20360.75,20365.25,644.0
2025-03-24 20:05:00+00:00,20359.75,20363.0,20357.25,20361.0,1012.0
2025-03-24 20:06:00+00:00,20361.0,20362.5,20357.25,20358.75,529.0
2025-03-24 20:07:00+00:00,20367.0,20369.25,20361.25,20361.75,755.0
2025-03-24 20:08:00+00:00,20369.75,20370.5,20365.75,20367.5,417.0
2025-03-24 20:09:00+00:00,20369.0,20370.75,20368.5,20369.75,336.0
2025-03-24 20:10:00+00:00,20367.0,20369.75,20365.5,20369.5,336.0
2025-03-24 20:11:00+00:00,20367.5,20368.0,20365.5,20367.0,192.0
2025-03-24 20:12:00+00:00,20366.75,20367.0,20362.5,20367.0,361.0
2025-03-24 20:13:00+00:00,20372.0,20373.5,20366.5,20366.75,456.0
2025-03-24 20:14:00+00:00,20370.75,20374.0,20370.5,20372.0,444.0
2025-03-24 20:15:00+00:00,20372.75,20373.75,20369.25,20370.25,209.0
2025-03-24 20:16:00+00:00,20378.0,20378.5,20373.25,20373.25,328.0
2025-03-24 20:17:00+00:00,20375.75,20379.25,20374.5,20377.75,275.0
2025-03-24 20:18:00+00:00,20373.75,20375.75,20373.5,20375.75,129.0
2025-03-24 20:19:00+00:00,20374.25,20375.25,20373.5,20374.0,133.0
2025-03-24 20:20:00+00:00,20374.25,20375.25,20373.25,20374.0,98.0
2025-03-24 20:21:00+00:00,20373.25,20374.5,20373.25,20374.25,77.0
2025-03-24 20:22:00+00:00,20373.75,20374.0,20372.5,20373.0,72.0
2025-03-24 20:23:00+00:00,20372.5,20374.5,20370.75,20374.0,137.0
2025-03-24 20:24:00+00:00,20374.0,20375.75,20372.75,20372.75,75.0
2025-03-24 20:25:00+00:00,20373.5,20374.75,20372.25,20374.25,101.0
2025-03-24 20:26:00+00:00,20370.0,20373.5,20369.0,20373.25,132.0
2025-03-24 20:27:00+00:00,20368.5,20370.25,20367.75,20370.25,127.0
2025-03-24 20:28:00+00:00,20366.5,20368.75,20366.0,20368.5,156.0
2025-03-24 20:29:00+00:00,20367.25,20367.75,20366.0,20366.0,63.0
2025-03-24 20:30:00+00:00,20367.75,20368.25,20366.5,20367.0,82.0
2025-03-24 20:31:00+00:00,20370.75,20371.25,20368.25,20368.25,120.0
2025-03-24 20:32:00+00:00,20370.75,20371.25,20370.0,20370.5,105.0
2025-03-24 20:33:00+00:00,20369.0,20370.5,20368.75,20370.5,87.0
2025-03-24 20:34:00+00:00,20364.25,20369.0,20363.5,20368.75,233.0
2025-03-24 20:35:00+00:00,20365.0,20365.25,20362.75,20364.25,101.0
2025-03-24 20:36:00+00:00,20365.25,20365.75,20364.0,20364.5,49.0
2025-03-24 20:37:00+00:00,20364.5,20366.0,20363.5,20365.5,57.0
2025-03-24 20:38:00+00:00,20365.0,20365.25,20364.0,20364.25,79.0
2025-03-24 20:39:00+00:00,20366.25,20366.75,20364.5,20364.5,71.0
2025-03-24 20:40:00+00:00,20368.0,20368.25,20365.75,20366.25,154.0
2025-03-24 20:41:00+00:00,20366.5,20368.25,20365.5,20367.75,74.0
2025-03-24 20:42:00+00:00,20366.25,20367.0,20366.0,20367.0,29.0
2025-03-24 20:43:00+00:00,20366.5,20367.0,20366.0,20366.0,58.0
2025-03-24 20:44:00+00:00,20366.0,20368.0,20365.75,20367.25,85.0
2025-03-24 20:45:00+00:00,20364.25,20366.5,20363.75,20366.25,246.0
2025-03-24 20:46:00+00:00,20366.0,20366.25,20364.5,20364.75,57.0
2025-03-24 20:47:00+00:00,20367.0,20367.0,20365.0,20366.25,52.0
2025-03-24 20:48:00+00:00,20367.75,20368.5,20366.75,20367.25,86.0
2025-03-24 20:49:00+00:00,20368.5,20368.75,20367.5,20367.75,87.0
2025-03-24 20:50:00+00:00,20366.75,20368.0,20366.0,20367.25,56.0
2025-03-24 20:51:00+00:00,20365.25,20367.25,20365.25,20366.25,72.0
2025-03-24 20:52:00+00:00,20365.25,20365.75,20363.75,20365.25,81.0
2025-03-24 20:53:00+00:00,20365.25,20365.5,20364.75,20365.5,52.0
2025-03-24 20:54:00+00:00,20359.0,20365.5,20359.0,20364.25,240.0
2025-03-24 20:55:00+00:00,20359.0,20361.0,20359.0,20359.25,141.0
2025-03-24 20:56:00+00:00,20358.0,20360.25,20357.75,20360.0,114.0
2025-03-24 20:57:00+00:00,20358.0,20359.0,20357.75,20358.0,102.0
2025-03-24 20:58:00+00:00,20357.5,20359.0,20357.0,20357.25,156.0
2025-03-24 20:59:00+00:00,20357.25,20358.25,20356.25,20357.25,146.0
2025-03-24 22:00:00+00:00,20360.75,20366.25,20353.0,20353.0,0.0
2025-03-24 22:01:00+00:00,20360.5,20364.25,20360.0,20362.25,76.0
2025-03-24 22:02:00+00:00,20361.5,20362.25,20358.5,20362.0,58.0
2025-03-24 22:03:00+00:00,20364.0,20364.0,20360.75,20362.0,40.0
2025-03-24 22:04:00+00:00,20359.0,20364.0,20359.0,20363.75,41.0
2025-03-24 22:05:00+00:00,20359.0,20361.75,20358.0,20359.0,36.0
2025-03-24 22:06:00+00:00,20359.75,20360.5,20358.0,20359.5,39.0
2025-03-24 22:07:00+00:00,20359.75,20362.25,20359.0,20360.0,44.0
2025-03-24 22:08:00+00:00,20354.25,20359.5,20354.0,20359.5,64.0
2025-03-24 22:09:00+00:00,20354.0,20356.5,20353.25,20355.25,53.0
2025-03-24 22:10:00+00:00,20353.5,20355.0,20349.5,20355.0,171.0
2025-03-24 22:11:00+00:00,20350.0,20356.25,20349.0,20353.5,123.0
2025-03-24 22:12:00+00:00,20346.25,20350.0,20346.0,20349.25,78.0
2025-03-24 22:13:00+00:00,20346.5,20348.75,20342.5,20346.0,162.0
2025-03-24 22:14:00+00:00,20348.25,20348.25,20346.5,20347.25,31.0
2025-03-24 22:15:00+00:00,20347.75,20350.25,20346.75,20348.5,73.0
2025-03-24 22:16:00+00:00,20346.25,20347.0,20344.5,20347.0,53.0
2025-03-24 22:17:00+00:00,20346.25,20348.25,20345.0,20346.0,53.0
2025-03-24 22:18:00+00:00,20347.75,20349.0,20347.0,20347.0,22.0
2025-03-24 22:19:00+00:00,20347.5,20349.0,20345.75,20347.5,43.0
2025-03-24 22:20:00+00:00,20349.5,20349.75,20347.5,20347.5,34.0
2025-03-24 22:21:00+00:00,20347.0,20349.5,20346.5,20349.5,50.0
2025-03-24 22:22:00+00:00,20347.5,20347.5,20345.5,20346.5,23.0
2025-03-24 22:23:00+00:00,20347.5,20348.25,20346.5,20347.0,21.0
2025-03-24 22:24:00+00:00,20348.0,20349.5,20347.25,20347.5,44.0
2025-03-24 22:25:00+00:00,20349.5,20350.75,20347.5,20348.5,43.0
2025-03-24 22:26:00+00:00,20349.25,20350.25,20348.25,20349.0,20.0
2025-03-24 22:27:00+00:00,20342.75,20349.25,20342.5,20349.25,133.0
2025-03-24 22:28:00+00:00,20345.0,20346.0,20342.75,20343.75,87.0
2025-03-24 22:29:00+00:00,20343.75,20345.5,20342.75,20345.5,38.0
2025-03-24 22:30:00+00:00,20346.5,20347.0,20343.25,20344.0,54.0
2025-03-24 22:31:00+00:00,20347.25,20347.25,20345.0,20346.5,23.0
2025-03-24 22:32:00+00:00,20345.25,20347.5,20345.0,20347.0,23.0
2025-03-24 22:33:00+00:00,20346.5,20346.75,20345.0,20345.75,6.0
2025-03-24 22:34:00+00:00,20351.75,20353.5,20346.0,20346.5,112.0
2025-03-24 22:35:00+00:00,20351.75,20356.5,20350.75,20351.0,111.0
2025-03-24 22:36:00+00:00,20353.5,20353.75,20351.25,20351.5,44.0
2025-03-24 22:37:00+00:00,20352.5,20354.0,20350.0,20354.0,44.0
2025-03-24 22:38:00+00:00,20352.0,20352.75,20351.75,20352.5,13.0
2025-03-24 22:39:00+00:00,20350.5,20351.5,20349.25,20351.5,21.0
2025-03-24 22:40:00+00:00,20353.5,20353.75,20351.75,20351.75,21.0
2025-03-24 22:41:00+00:00,20351.5,20354.0,20351.5,20352.75,22.0
2025-03-24 22:42:00+00:00,20351.75,20351.75,20350.5,20351.0,13.0
2025-03-24 22:43:00+00:00,20349.0,20352.75,20349.0,20351.0,21.0
2025-03-24 22:44:00+00:00,20353.25,20354.0,20348.75,20348.75,36.0
2025-03-24 22:45:00+00:00,20352.75,20355.0,20352.25,20352.25,25.0
2025-03-24 22:46:00+00:00,20353.25,20353.5,20352.5,20352.5,16.0
2025-03-24 22:47:00+00:00,20349.5,20352.25,20349.0,20351.0,37.0
2025-03-24 22:48:00+00:00,20347.75,20350.5,20347.0,20349.5,27.0
2025-03-24 22:49:00+00:00,20348.0,20348.0,20346.5,20347.25,22.0
2025-03-24 22:50:00+00:00,20344.5,20348.0,20342.25,20347.0,117.0
2025-03-24 22:51:00+00:00,20346.25,20347.0,20343.5,20344.5,29.0
2025-03-24 22:52:00+00:00,20346.5,20346.5,20344.5,20345.5,28.0
2025-03-24 22:53:00+00:00,20348.5,20348.5,20345.5,20346.0,37.0
2025-03-24 22:54:00+00:00,20349.25,20349.5,20347.75,20349.5,12.0
2025-03-24 22:55:00+00:00,20349.0,20350.0,20349.0,20349.5,12.0
2025-03-24 22:56:00+00:00,20347.75,20349.0,20347.75,20349.0,22.0
2025-03-24 22:57:00+00:00,20347.75,20348.25,20347.75,20348.25,3.0
2025-03-24 22:58:00+00:00,20347.25,20347.5,20346.0,20347.5,22.0
2025-03-24 22:59:00+00:00,20348.25,20348.5,20346.75,20347.0,15.0
2025-03-24 23:00:00+00:00,20350.5,20351.0,20346.25,20347.25,88.0
2025-03-24 23:01:00+00:00,20352.0,20354.5,20350.5,20351.25,95.0
2025-03-24 23:02:00+00:00,20354.25,20354.25,20351.0,20352.0,39.0
2025-03-24 23:03:00+00:00,20354.25,20358.0,20354.0,20355.25,130.0
2025-03-24 23:04:00+00:00,20353.5,20355.75,20353.25,20355.5,45.0
2025-03-24 23:05:00+00:00,20354.0,20355.25,20353.25,20353.25,23.0
2025-03-24 23:06:00+00:00,20345.5,20354.0,20345.5,20353.25,105.0
2025-03-24 23:07:00+00:00,20348.75,20349.5,20343.5,20345.5,110.0
2025-03-24 23:08:00+00:00,20350.0,20350.0,20347.75,20349.0,14.0
2025-03-24 23:09:00+00:00,20349.25,20350.75,20349.0,20350.5,24.0
2025-03-24 23:10:00+00:00,20348.0,20350.0,20347.75,20350.0,38.0
2025-03-24 23:11:00+00:00,20346.25,20349.5,20346.25,20348.0,35.0
2025-03-24 23:12:00+00:00,20345.75,20347.75,20345.25,20346.0,55.0
2025-03-24 23:13:00+00:00,20348.75,20348.75,20345.75,20345.75,49.0
2025-03-24 23:14:00+00:00,20348.75,20349.0,20347.75,20348.75,18.0
2025-03-24 23:15:00+00:00,20349.5,20349.75,20348.5,20348.75,25.0
2025-03-24 23:16:00+00:00,20350.25,20350.75,20348.0,20348.5,26.0
2025-03-24 23:17:00+00:00,20349.25,20351.25,20349.25,20350.25,36.0
2025-03-24 23:18:00+00:00,20351.0,20351.75,20350.0,20350.0,22.0
2025-03-24 23:19:00+00:00,20350.75,20350.75,20349.25,20350.0,16.0
2025-03-24 23:20:00+00:00,20348.25,20349.75,20347.75,20349.5,32.0
2025-03-24 23:21:00+00:00,20349.0,20349.5,20348.75,20348.75,6.0
2025-03-24 23:22:00+00:00,20348.5,20349.75,20347.5,20349.0,19.0
2025-03-24 23:23:00+00:00,20349.75,20349.75,20348.75,20348.75,17.0
2025-03-24 23:24:00+00:00,20349.75,20350.0,20348.25,20348.75,13.0
2025-03-24 23:25:00+00:00,20347.75,20350.0,20347.0,20350.0,38.0
2025-03-24 23:26:00+00:00,20348.5,20349.0,20347.25,20347.75,23.0
2025-03-24 23:27:00+00:00,20348.5,20348.5,20347.25,20347.25,11.0
2025-03-24 23:28:00+00:00,20347.75,20349.0,20347.75,20348.5,13.0
2025-03-24 23:29:00+00:00,20351.0,20351.0,20348.25,20348.5,61.0
2025-03-24 23:30:00+00:00,20354.25,20356.25,20351.75,20354.0,242.0
2025-03-24 23:31:00+00:00,20354.25,20356.75,20353.5,20354.25,52.0
2025-03-24 23:32:00+00:00,20353.0,20354.25,20352.75,20353.75,23.0
2025-03-24 23:33:00+00:00,20355.75,20356.5,20352.5,20352.5,24.0
2025-03-24 23:34:00+00:00,20358.75,20361.75,20356.0,20356.25,141.0
2025-03-24 23:35:00+00:00,20363.75,20364.0,20358.5,20360.75,93.0
2025-03-24 23:36:00+00:00,20360.75,20364.75,20360.75,20363.75,80.0
2025-03-24 23:37:00+00:00,20362.75,20363.25,20361.0,20361.75,48.0
2025-03-24 23:38:00+00:00,20363.25,20363.5,20362.0,20363.5,17.0
2025-03-24 23:39:00+00:00,20362.5,20364.0,20362.25,20363.5,34.0
2025-03-24 23:40:00+00:00,20361.75,20363.25,20361.0,20363.25,27.0
2025-03-24 23:41:00+00:00,20365.0,20365.0,20360.75,20360.75,28.0
2025-03-24 23:42:00+00:00,20363.75,20365.0,20362.75,20364.75,18.0
2025-03-24 23:43:00+00:00,20364.75,20366.0,20363.75,20363.75,42.0
2025-03-24 23:44:00+00:00,20366.5,20367.25,20364.0,20365.0,132.0
2025-03-24 23:45:00+00:00,20365.5,20367.75,20363.75,20366.75,136.0
2025-03-24 23:46:00+00:00,20365.0,20366.5,20364.5,20365.5,21.0
2025-03-24 23:47:00+00:00,20361.75,20364.75,20361.5,20364.75,72.0
2025-03-24 23:48:00+00:00,20361.0,20361.75,20359.75,20361.75,76.0
2025-03-24 23:49:00+00:00,20361.0,20362.0,20360.75,20361.75,31.0
2025-03-24 23:50:00+00:00,20361.5,20362.5,20361.0,20361.75,20.0
2025-03-24 23:51:00+00:00,20358.25,20361.75,20358.25,20361.25,44.0
2025-03-24 23:52:00+00:00,20359.5,20361.25,20359.25,20359.25,18.0
2025-03-24 23:53:00+00:00,20360.75,20360.75,20359.25,20360.0,16.0
2025-03-24 23:54:00+00:00,20359.75,20360.75,20359.25,20360.75,10.0
2025-03-24 23:55:00+00:00,20358.75,20360.0,20358.0,20359.5,37.0
2025-03-24 23:56:00+00:00,20358.75,20359.0,20357.5,20358.25,26.0
2025-03-24 23:57:00+00:00,20361.0,20361.25,20359.5,20359.5,25.0
2025-03-24 23:58:00+00:00,20359.0,20360.5,20358.5,20359.75,25.0
2025-03-24 23:59:00+00:00,20355.0,20359.0,20354.0,20359.0,103.0
2025-03-25 00:00:00+00:00,20357.5,20360.0,20353.25,20354.75,121.0
2025-03-25 00:01:00+00:00,20359.25,20360.75,20355.0,20356.5,61.0
2025-03-25 00:02:00+00:00,20357.5,20363.0,20357.5,20360.0,60.0
2025-03-25 00:03:00+00:00,20356.0,20359.25,20354.25,20357.75,61.0
2025-03-25 00:04:00+00:00,20355.0,20356.75,20352.75,20355.0,91.0
2025-03-25 00:05:00+00:00,20355.0,20357.0,20354.25,20354.75,29.0
2025-03-25 00:06:00+00:00,20356.5,20358.25,20356.0,20356.0,46.0
2025-03-25 00:07:00+00:00,20351.0,20357.0,20348.5,20355.0,153.0
2025-03-25 00:08:00+00:00,20348.25,20351.75,20343.5,20351.0,150.0
2025-03-25 00:09:00+00:00,20350.0,20351.0,20346.25,20346.75,41.0
2025-03-25 00:10:00+00:00,20351.0,20352.0,20349.5,20350.0,41.0
2025-03-25 00:11:00+00:00,20352.0,20353.25,20350.75,20351.75,32.0
2025-03-25 00:12:00+00:00,20348.5,20351.5,20347.5,20351.25,74.0
2025-03-25 00:13:00+00:00,20348.5,20349.25,20346.25,20347.75,79.0
2025-03-25 00:14:00+00:00,20348.5,20352.25,20348.5,20350.75,51.0
2025-03-25 00:15:00+00:00,20346.25,20349.75,20344.25,20349.25,148.0
2025-03-25 00:16:00+00:00,20337.25,20345.75,20334.0,20345.75,256.0
2025-03-25 00:17:00+00:00,20347.25,20348.5,20334.5,20337.25,278.0
2025-03-25 00:18:00+00:00,20353.75,20357.0,20346.75,20347.5,296.0
2025-03-25 00:19:00+00:00,20355.25,20358.25,20353.75,20354.75,319.0
2025-03-25 00:20:00+00:00,20357.25,20358.75,20354.5,20355.25,367.0
2025-03-25 00:21:00+00:00,20357.5,20361.0,20356.0,20356.75,401.0
2025-03-25 00:22:00+00:00,20354.75,20358.0,20354.0,20357.5,212.0
2025-03-25 00:23:00+00:00,20350.75,20354.75,20348.75,20354.0,183.0
2025-03-25 00:24:00+00:00,20352.5,20354.25,20349.0,20351.0,112.0
2025-03-25 00:25:00+00:00,20349.75,20355.5,20349.75,20352.5,75.0
2025-03-25 00:26:00+00:00,20351.5,20353.5,20348.75,20349.25,85.0
2025-03-25 00:27:00+00:00,20352.25,20353.0,20351.0,20351.25,40.0
2025-03-25 00:28:00+00:00,20353.75,20354.5,20350.0,20352.25,108.0
2025-03-25 00:29:00+00:00,20350.5,20358.25,20350.5,20354.0,352.0
2025-03-25 00:30:00+00:00,20349.5,20351.0,20348.25,20350.0,165.0
2025-03-25 00:31:00+00:00,20348.0,20350.5,20346.5,20349.25,77.0
2025-03-25 00:32:00+00:00,20351.0,20353.5,20346.75,20348.25,193.0
2025-03-25 00:33:00+00:00,20352.5,20353.5,20349.75,20350.75,68.0
2025-03-25 00:34:00+00:00,20352.75,20354.5,20351.0,20353.75,249.0
2025-03-25 00:35:00+00:00,20351.0,20352.5,20350.75,20352.5,15.0
2025-03-25 00:36:00+00:00,20350.0,20352.5,20349.5,20350.75,80.0
2025-03-25 00:37:00+00:00,20350.25,20351.75,20347.5,20349.0,72.0
2025-03-25 00:38:00+00:00,20351.25,20352.5,20350.25,20350.75,26.0
2025-03-25 00:39:00+00:00,20352.75,20353.5,20349.25,20351.0,151.0
2025-03-25 00:40:00+00:00,20352.0,20352.75,20349.25,20352.75,45.0
2025-03-25 00:41:00+00:00,20351.25,20352.0,20349.0,20350.5,85.0
2025-03-25 00:42:00+00:00,20348.75,20352.0,20348.5,20350.25,83.0
2025-03-25 00:43:00+00:00,20349.0,20350.0,20348.0,20349.0,47.0
2025-03-25 00:44:00+00:00,20349.5,20351.0,20347.75,20348.25,20.0
2025-03-25 00:45:00+00:00,20351.0,20352.25,20349.5,20349.5,16.0
2025-03-25 00:46:00+00:00,20350.0,20351.25,20349.25,20351.25,22.0
2025-03-25 00:47:00+00:00,20348.25,20351.75,20348.25,20350.0,68.0
2025-03-25 00:48:00+00:00,20350.25,20351.25,20348.25,20348.75,64.0
2025-03-25 00:49:00+00:00,20354.25,20354.5,20351.0,20352.25,89.0
2025-03-25 00:50:00+00:00,20357.25,20359.25,20353.75,20354.25,220.0
2025-03-25 00:51:00+00:00,20358.25,20358.5,20356.75,20357.75,234.0
2025-03-25 00:52:00+00:00,20358.0,20359.5,20356.5,20358.5,47.0
2025-03-25 00:53:00+00:00,20364.0,20365.0,20358.5,20358.5,138.0
2025-03-25 00:54:00+00:00,20364.0,20364.25,20362.0,20364.0,56.0
2025-03-25 00:55:00+00:00,20365.0,20365.5,20362.75,20363.25,56.0
2025-03-25 00:56:00+00:00,20365.5,20366.0,20364.5,20364.75,74.0
2025-03-25 00:57:00+00:00,20362.5,20366.75,20362.5,20365.5,54.0
2025-03-25 00:58:00+00:00,20366.75,20367.25,20361.0,20362.5,64.0
2025-03-25 00:59:00+00:00,20368.75,20371.5,20366.25,20366.5,121.0
2025-03-25 01:00:00+00:00,20364.5,20367.75,20364.25,20367.75,45.0
2025-03-25 01:01:00+00:00,20363.0,20366.0,20362.0,20364.75,49.0
2025-03-25 01:02:00+00:00,20364.25,20365.75,20363.0,20363.25,79.0
2025-03-25 01:03:00+00:00,20363.25,20365.0,20362.0,20364.25,39.0
2025-03-25 01:04:00+00:00,20364.5,20364.75,20361.75,20363.25,46.0
2025-03-25 01:05:00+00:00,20362.75,20366.0,20362.75,20364.75,33.0
2025-03-25 01:06:00+00:00,20360.25,20362.25,20360.0,20361.5,98.0
2025-03-25 01:07:00+00:00,20361.0,20362.75,20360.75,20360.75,14.0
2025-03-25 01:08:00+00:00,20361.75,20361.75,20360.25,20360.25,10.0
2025-03-25 01:09:00+00:00,20360.25,20363.0,20360.25,20362.5,13.0
2025-03-25 01:10:00+00:00,20362.0,20362.0,20360.25,20361.5,29.0
2025-03-25 01:11:00+00:00,20363.25,20364.0,20362.0,20363.25,64.0
2025-03-25 01:12:00+00:00,20369.75,20371.25,20363.25,20363.75,140.0
2025-03-25 01:13:00+00:00,20370.5,20374.75,20369.5,20370.0,189.0
2025-03-25 01:14:00+00:00,20369.25,20371.75,20369.25,20371.0,55.0
2025-03-25 01:15:00+00:00,20367.75,20370.5,20366.25,20369.75,57.0
2025-03-25 01:16:00+00:00,20363.0,20367.0,20362.25,20366.0,57.0
2025-03-25 01:17:00+00:00,20363.25,20364.5,20362.25,20362.5,100.0
2025-03-25 01:18:00+00:00,20367.0,20367.25,20362.0,20363.25,46.0
2025-03-25 01:19:00+00:00,20367.25,20367.25,20366.5,20366.5,18.0
2025-03-25 01:20:00+00:00,20366.5,20368.0,20366.5,20367.75,26.0
2025-03-25 01:21:00+00:00,20369.5,20369.75,20367.0,20367.0,62.0
2025-03-25 01:22:00+00:00,20368.75,20369.5,20367.25,20369.5,27.0
2025-03-25 01:23:00+00:00,20370.5,20371.5,20368.0,20368.25,62.0
2025-03-25 01:24:00+00:00,20368.0,20369.25,20366.5,20368.25,43.0
2025-03-25 01:25:00+00:00,20367.75,20369.75,20367.25,20368.5,36.0
2025-03-25 01:26:00+00:00,20367.25,20367.25,20365.5,20367.0,21.0
2025-03-25 01:27:00+00:00,20367.0,20368.75,20366.5,20368.75,28.0
2025-03-25 01:28:00+00:00,20366.75,20368.25,20366.5,20368.25,16.0
2025-03-25 01:29:00+00:00,20365.0,20366.5,20363.75,20366.5,45.0
2025-03-25 01:30:00+00:00,20360.75,20364.0,20359.25,20362.75,63.0
2025-03-25 01:31:00+00:00,20363.75,20363.75,20358.5,20360.5,59.0
2025-03-25 01:32:00+00:00,20362.75,20364.0,20362.0,20363.5,35.0
2025-03-25 01:33:00+00:00,20365.25,20366.5,20361.25,20362.25,63.0
2025-03-25 01:34:00+00:00,20364.0,20365.5,20363.0,20365.0,27.0
2025-03-25 01:35:00+00:00,20361.0,20364.25,20360.5,20364.25,40.0
2025-03-25 01:36:00+00:00,20363.5,20363.75,20361.0,20361.25,16.0
2025-03-25 01:37:00+00:00,20367.5,20369.25,20365.0,20365.5,66.0
2025-03-25 01:38:00+00:00,20367.5,20368.25,20367.25,20368.25,32.0
2025-03-25 01:39:00+00:00,20369.75,20369.75,20367.25,20367.5,107.0
2025-03-25 01:40:00+00:00,20369.75,20371.5,20368.75,20369.5,97.0
2025-03-25 01:41:00+00:00,20367.75,20372.75,20367.75,20370.5,86.0
2025-03-25 01:42:00+00:00,20370.0,20370.5,20366.5,20366.75,35.0
2025-03-25 01:43:00+00:00,20370.5,20373.25,20369.25,20370.0,58.0
2025-03-25 01:44:00+00:00,20371.5,20372.0,20369.25,20370.25,25.0
2025-03-25 01:45:00+00:00,20371.5,20373.0,20370.75,20373.0,44.0
2025-03-25 01:46:00+00:00,20371.25,20372.5,20371.0,20371.0,53.0
2025-03-25 01:47:00+00:00,20369.25,20371.25,20368.0,20370.75,50.0
2025-03-25 01:48:00+00:00,20371.75,20371.75,20370.25,20370.25,11.0
2025-03-25 01:49:00+00:00,20370.5,20371.75,20369.75,20370.0,39.0
2025-03-25 01:50:00+00:00,20368.0,20371.5,20367.0,20369.75,51.0
2025-03-25 01:51:00+00:00,20367.75,20369.25,20366.5,20366.5,53.0
2025-03-25 01:52:00+00:00,20366.75,20368.25,20365.75,20368.25,46.0
2025-03-25 01:53:00+00:00,20365.0,20366.75,20364.5,20366.25,100.0
2025-03-25 01:54:00+00:00,20366.75,20367.0,20364.75,20364.75,26.0
2025-03-25 01:55:00+00:00,20366.25,20366.5,20363.75,20366.25,72.0
2025-03-25 01:56:00+00:00,20362.75,20365.5,20362.25,20365.5,46.0
2025-03-25 01:57:00+00:00,20363.0,20363.75,20360.5,20363.75,128.0
2025-03-25 01:58:00+00:00,20362.5,20363.0,20359.75,20362.5,53.0
2025-03-25 01:59:00+00:00,20361.0,20362.0,20359.75,20362.0,129.0
2025-03-25 02:00:00+00:00,20353.75,20360.75,20353.0,20360.75,196.0
2025-03-25 02:01:00+00:00,20352.75,20355.0,20351.25,20353.0,113.0
2025-03-25 02:02:00+00:00,20349.5,20353.5,20347.75,20351.75,160.0
2025-03-25 02:03:00+00:00,20350.75,20351.75,20349.25,20350.25,69.0
2025-03-25 02:04:00+00:00,20349.75,20352.5,20349.0,20350.75,50.0
2025-03-25 02:05:00+00:00,20348.25,20351.5,20346.0,20351.25,71.0
2025-03-25 02:06:00+00:00,20347.0,20348.75,20344.75,20346.25,95.0
2025-03-25 02:07:00+00:00,20346.75,20347.5,20344.0,20346.0,117.0
2025-03-25 02:08:00+00:00,20346.5,20348.0,20345.5,20346.25,84.0
2025-03-25 02:09:00+00:00,20346.75,20347.0,20345.0,20345.5,21.0
2025-03-25 02:10:00+00:00,20345.0,20347.5,20345.0,20346.75,31.0
2025-03-25 02:11:00+00:00,20345.75,20346.25,20345.0,20345.0,29.0
2025-03-25 02:12:00+00:00,20346.0,20347.0,20345.25,20346.25,30.0
2025-03-25 02:13:00+00:00,20346.25,20347.0,20345.0,20345.5,32.0
2025-03-25 02:14:00+00:00,20346.25,20347.0,20346.25,20346.25,20.0
2025-03-25 02:15:00+00:00,20346.75,20347.0,20345.0,20346.75,26.0
2025-03-25 02:16:00+00:00,20346.0,20347.25,20346.0,20346.25,19.0
2025-03-25 02:17:00+00:00,20346.5,20347.25,20345.5,20347.25,23.0
2025-03-25 02:18:00+00:00,20345.75,20346.25,20344.5,20345.75,30.0
2025-03-25 02:19:00+00:00,20346.5,20347.5,20345.25,20346.25,28.0
2025-03-25 02:20:00+00:00,20346.25,20347.0,20345.25,20346.5,16.0
2025-03-25 02:21:00+00:00,20348.5,20350.75,20345.75,20346.5,78.0
2025-03-25 02:22:00+00:00,20346.75,20348.75,20345.75,20348.0,69.0
2025-03-25 02:23:00+00:00,20344.0,20347.0,20343.5,20345.25,72.0
2025-03-25 02:24:00+00:00,20346.75,20347.0,20344.0,20344.0,33.0
2025-03-25 02:25:00+00:00,20349.0,20350.0,20347.0,20347.0,52.0
2025-03-25 02:26:00+00:00,20350.25,20350.25,20348.25,20349.25,53.0
2025-03-25 02:27:00+00:00,20350.25,20351.5,20348.5,20349.75,324.0
2025-03-25 02:28:00+00:00,20350.25,20350.75,20348.0,20350.0,893.0
2025-03-25 02:29:00+00:00,20353.5,20353.75,20350.25,20350.5,714.0
2025-03-25 02:30:00+00:00,20352.25,20353.75,20351.5,20353.5,141.0
2025-03-25 02:31:00+00:00,20348.0,20353.0,20346.0,20351.75,147.0
2025-03-25 02:32:00+00:00,20348.0,20348.25,20345.5,20347.25,72.0
2025-03-25 02:33:00+00:00,20349.75,20349.75,20348.25,20348.25,28.0
2025-03-25 02:34:00+00:00,20350.0,20350.0,20348.25,20348.75,25.0
2025-03-25 02:35:00+00:00,20350.5,20350.75,20349.5,20350.0,26.0
2025-03-25 02:36:00+00:00,20351.25,20351.25,20349.5,20351.0,34.0
2025-03-25 02:37:00+00:00,20352.25,20352.25,20350.5,20351.0,29.0
2025-03-25 02:38:00+00:00,20351.0,20352.25,20350.25,20352.25,19.0
2025-03-25 02:39:00+00:00,20352.75,20353.0,20351.75,20351.75,40.0
2025-03-25 02:40:00+00:00,20349.5,20352.5,20349.0,20352.5,69.0
2025-03-25 02:41:00+00:00,20350.25,20350.75,20349.75,20350.0,27.0
2025-03-25 02:42:00+00:00,20349.75,20350.0,20348.5,20349.75,31.0
2025-03-25 02:43:00+00:00,20347.5,20349.75,20346.75,20349.75,39.0
2025-03-25 02:44:00+00:00,20348.0,20348.5,20346.0,20348.25,42.0
2025-03-25 02:45:00+00:00,20348.0,20348.5,20346.75,20347.5,43.0
2025-03-25 02:46:00+00:00,20345.0,20347.25,20342.25,20345.0,131.0
2025-03-25 02:47:00+00:00,20339.5,20344.5,20338.0,20344.5,161.0
2025-03-25 02:48:00+00:00,20341.25,20342.75,20339.5,20339.75,70.0
2025-03-25 02:49:00+00:00,20341.0,20343.0,20340.5,20341.5,39.0
2025-03-25 02:50:00+00:00,20341.0,20342.25,20339.0,20340.5,42.0
2025-03-25 02:51:00+00:00,20342.25,20342.25,20340.25,20340.25,32.0
2025-03-25 02:52:00+00:00,20342.25,20342.25,20340.75,20341.5,23.0
2025-03-25 02:53:00+00:00,20343.0,20343.0,20340.25,20341.25,40.0
2025-03-25 02:54:00+00:00,20342.5,20343.5,20341.25,20342.75,50.0
2025-03-25 02:55:00+00:00,20343.0,20344.5,20342.75,20343.25,55.0
2025-03-25 02:56:00+00:00,20342.0,20343.25,20341.25,20343.25,26.0
2025-03-25 02:57:00+00:00,20341.75,20342.25,20340.0,20342.25,65.0
2025-03-25 02:58:00+00:00,20342.75,20344.0,20341.0,20341.75,24.0
2025-03-25 02:59:00+00:00,20344.25,20344.5,20343.25,20343.75,26.0
2025-03-25 03:00:00+00:00,20346.25,20346.25,20343.5,20343.5,78.0
2025-03-25 03:01:00+00:00,20345.25,20345.75,20344.5,20345.25,23.0
2025-03-25 03:02:00+00:00,20344.75,20344.75,20343.75,20344.0,13.0
2025-03-25 03:03:00+00:00,20344.25,20345.75,20344.0,20345.0,12.0
2025-03-25 03:04:00+00:00,20344.25,20345.75,20344.0,20345.0,18.0
2025-03-25 03:05:00+00:00,20345.0,20346.5,20345.0,20345.0,30.0
2025-03-25 03:06:00+00:00,20344.25,20346.25,20344.25,20346.25,15.0
2025-03-25 03:07:00+00:00,20344.75,20346.0,20344.5,20345.25,14.0
2025-03-25 03:08:00+00:00,20345.0,20346.0,20344.0,20345.75,38.0
2025-03-25 03:09:00+00:00,20344.75,20345.75,20344.5,20345.0,16.0
2025-03-25 03:10:00+00:00,20343.5,20344.75,20343.0,20344.5,29.0
2025-03-25 03:11:00+00:00,20346.0,20346.75,20344.25,20344.5,42.0
2025-03-25 03:12:00+00:00,20346.5,20348.0,20345.75,20346.25,40.0
2025-03-25 03:13:00+00:00,20345.75,20348.25,20345.75,20346.75,28.0
2025-03-25 03:14:00+00:00,20346.75,20347.5,20346.5,20346.75,18.0
2025-03-25 03:15:00+00:00,20343.5,20346.5,20343.25,20346.5,64.0
2025-03-25 03:16:00+00:00,20342.0,20344.0,20341.0,20343.75,72.0
2025-03-25 03:17:00+00:00,20341.0,20341.5,20340.0,20341.5,53.0
2025-03-25 03:18:00+00:00,20338.5,20341.0,20338.25,20341.0,72.0
2025-03-25 03:19:00+00:00,20336.5,20339.25,20333.0,20338.5,198.0
2025-03-25 03:20:00+00:00,20335.75,20337.75,20335.5,20336.5,52.0
2025-03-25 03:21:00+00:00,20337.0,20337.25,20335.75,20335.75,16.0
2025-03-25 03:22:00+00:00,20337.75,20337.75,20335.75,20336.75,23.0
2025-03-25 03:23:00+00:00,20337.25,20339.25,20337.25,20338.25,61.0
2025-03-25 03:24:00+00:00,20335.75,20339.25,20335.5,20338.25,43.0
2025-03-25 03:25:00+00:00,20335.75,20336.5,20334.25,20336.0,44.0
2025-03-25 03:26:00+00:00,20335.0,20335.5,20334.0,20335.0,46.0
2025-03-25 03:27:00+00:00,20334.0,20336.0,20333.75,20335.5,28.0
2025-03-25 03:28:00+00:00,20335.0,20335.5,20333.25,20335.25,49.0
2025-03-25 03:29:00+00:00,20335.25,20335.25,20333.5,20334.5,46.0
2025-03-25 03:30:00+00:00,20333.5,20335.5,20329.75,20334.25,175.0
2025-03-25 03:31:00+00:00,20335.25,20335.75,20332.5,20332.75,34.0
2025-03-25 03:32:00+00:00,20335.0,20336.75,20335.0,20335.75,70.0
2025-03-25 03:33:00+00:00,20335.25,20337.0,20334.0,20337.0,50.0
2025-03-25 03:34:00+00:00,20333.25,20336.25,20333.0,20336.25,22.0
2025-03-25 03:35:00+00:00,20335.5,20337.0,20334.0,20335.25,47.0
2025-03-25 03:36:00+00:00,20337.75,20337.75,20335.75,20335.75,21.0
2025-03-25 03:37:00+00:00,20336.5,20337.0,20336.5,20336.75,7.0
2025-03-25 03:38:00+00:00,20337.25,20338.0,20336.75,20337.0,29.0
2025-03-25 03:39:00+00:00,20337.25,20337.25,20336.0,20336.5,16.0
2025-03-25 03:40:00+00:00,20334.75,20337.25,20334.75,20337.25,22.0
2025-03-25 03:41:00+00:00,20335.75,20335.75,20334.75,20335.25,7.0
2025-03-25 03:42:00+00:00,20335.5,20337.25,20335.5,20335.5,21.0
2025-03-25 03:43:00+00:00,20336.5,20337.0,20335.5,20336.5,21.0
2025-03-25 03:44:00+00:00,20337.0,20337.5,20336.75,20337.5,14.0
2025-03-25 03:45:00+00:00,20336.5,20337.5,20334.75,20337.5,18.0
2025-03-25 03:46:00+00:00,20337.25,20338.0,20337.0,20337.0,27.0
2025-03-25 03:47:00+00:00,20337.75,20338.75,20335.25,20337.5,71.0
2025-03-25 03:48:00+00:00,20337.75,20339.0,20337.0,20338.5,22.0
2025-03-25 03:49:00+00:00,20336.5,20337.5,20335.75,20337.5,25.0
2025-03-25 03:50:00+00:00,20338.0,20338.0,20336.0,20337.0,19.0
2025-03-25 03:51:00+00:00,20335.25,20337.25,20334.0,20336.75,54.0
2025-03-25 03:52:00+00:00,20336.0,20336.75,20335.0,20336.0,11.0
2025-03-25 03:53:00+00:00,20336.25,20336.75,20335.25,20336.0,23.0
2025-03-25 03:54:00+00:00,20335.75,20336.25,20335.75,20336.25,11.0
2025-03-25 03:55:00+00:00,20337.5,20338.0,20335.75,20335.75,33.0
2025-03-25 03:56:00+00:00,20337.5,20337.75,20336.0,20336.75,21.0
2025-03-25 03:57:00+00:00,20337.0,20338.25,20336.5,20336.5,17.0
2025-03-25 03:58:00+00:00,20336.5,20337.0,20335.0,20335.0,9.0
2025-03-25 04:09:00+00:00,20334.75,20334.75,20333.0,20333.0,24.0
2025-03-25 04:10:00+00:00,20335.0,20335.0,20333.5,20335.0,14.0
2025-03-25 04:11:00+00:00,20335.25,20335.75,20334.0,20335.75,24.0
2025-03-25 04:12:00+00:00,20334.0,20334.25,20334.0,20334.25,3.0
2025-03-25 04:13:00+00:00,20333.0,20333.75,20332.0,20333.5,33.0
2025-03-25 04:14:00+00:00,20332.75,20333.5,20332.75,20333.25,16.0
2025-03-25 04:15:00+00:00,20331.0,20332.25,20331.0,20332.0,21.0
2025-03-25 04:16:00+00:00,20331.0,20331.75,20330.25,20331.5,22.0
2025-03-25 04:17:00+00:00,20331.75,20332.5,20330.75,20331.25,28.0
2025-03-25 04:18:00+00:00,20333.5,20335.0,20332.25,20332.25,54.0
2025-03-25 04:19:00+00:00,20332.25,20333.75,20330.25,20333.5,65.0
2025-03-25 04:20:00+00:00,20332.75,20333.5,20332.25,20332.75,31.0
2025-03-25 04:21:00+00:00,20332.75,20332.75,20331.0,20332.5,24.0
2025-03-25 04:22:00+00:00,20331.5,20333.25,20331.5,20332.5,21.0
2025-03-25 04:23:00+00:00,20331.75,20331.75,20330.25,20331.0,31.0
2025-03-25 04:24:00+00:00,20332.5,20332.5,20330.5,20331.5,22.0
2025-03-25 04:25:00+00:00,20332.0,20332.5,20330.0,20331.75,40.0
2025-03-25 04:26:00+00:00,20331.75,20333.0,20331.75,20332.5,12.0
2025-03-25 04:27:00+00:00,20332.5,20332.5,20331.25,20332.0,13.0
2025-03-25 04:28:00+00:00,20330.0,20332.25,20330.0,20332.0,11.0
2025-03-25 04:29:00+00:00,20330.25,20330.5,20329.0,20329.25,57.0
2025-03-25 04:30:00+00:00,20331.0,20331.75,20330.75,20331.5,16.0
2025-03-25 04:31:00+00:00,20330.0,20331.5,20329.5,20331.5,46.0
2025-03-25 04:32:00+00:00,20329.25,20329.75,20328.5,20329.75,29.0
2025-03-25 04:33:00+00:00,20330.25,20330.25,20329.0,20329.25,16.0
2025-03-25 04:34:00+00:00,20332.25,20332.75,20329.75,20329.75,40.0
2025-03-25 04:35:00+00:00,20333.25,20333.5,20332.0,20332.0,24.0
2025-03-25 04:36:00+00:00,20333.75,20334.5,20332.75,20333.75,44.0
2025-03-25 04:37:00+00:00,20335.25,20335.75,20334.0,20334.5,47.0
2025-03-25 04:38:00+00:00,20335.25,20336.75,20334.5,20334.75,30.0
2025-03-25 04:39:00+00:00,20335.0,20336.25,20333.75,20335.25,32.0
2025-03-25 04:40:00+00:00,20336.25,20336.75,20335.5,20335.5,16.0
2025-03-25 04:41:00+00:00,20336.0,20336.0,20335.25,20335.75,12.0
2025-03-25 04:42:00+00:00,20338.25,20338.25,20336.0,20336.0,49.0
2025-03-25 04:43:00+00:00,20338.25,20338.75,20336.25,20338.25,52.0
2025-03-25 04:44:00+00:00,20337.75,20339.0,20336.75,20338.75,21.0
2025-03-25 04:45:00+00:00,20337.0,20337.25,20335.5,20337.25,29.0
2025-03-25 04:46:00+00:00,20336.25,20337.0,20336.0,20336.75,7.0
2025-03-25 04:47:00+00:00,20335.75,20336.25,20335.5,20336.25,5.0
2025-03-25 04:48:00+00:00,20336.5,20336.5,20335.5,20335.5,15.0
2025-03-25 04:49:00+00:00,20336.5,20336.5,20334.5,20335.5,17.0
2025-03-25 04:50:00+00:00,20337.75,20338.25,20336.25,20337.0,15.0
2025-03-25 04:51:00+00:00,20337.0,20337.75,20336.5,20337.75,11.0
2025-03-25 04:52:00+00:00,20337.5,20337.75,20337.25,20337.25,13.0
2025-03-25 04:53:00+00:00,20337.0,20337.75,20337.0,20337.0,6.0
2025-03-25 04:54:00+00:00,20336.75,20338.0,20336.75,20338.0,7.0
2025-03-25 04:55:00+00:00,20338.0,20338.0,20337.0,20337.0,24.0
2025-03-25 04:56:00+00:00,20336.5,20337.75,20336.5,20337.75,12.0
2025-03-25 04:57:00+00:00,20336.75,20337.75,20336.25,20337.25,25.0
2025-03-25 04:58:00+00:00,20336.0,20337.75,20335.5,20337.25,18.0
2025-03-25 04:59:00+00:00,20336.0,20336.25,20335.5,20336.25,11.0
2025-03-25 05:00:00+00:00,20335.0,20336.0,20333.75,20336.0,54.0
2025-03-25 05:01:00+00:00,20334.75,20335.5,20334.5,20334.75,18.0
2025-03-25 05:02:00+00:00,20334.75,20336.25,20333.75,20335.25,32.0
2025-03-25 05:03:00+00:00,20334.5,20335.0,20333.0,20335.0,40.0
2025-03-25 05:04:00+00:00,20334.25,20335.75,20334.0,20334.0,16.0
2025-03-25 05:05:00+00:00,20334.0,20336.25,20334.0,20336.0,41.0
2025-03-25 05:06:00+00:00,20334.75,20335.5,20334.0,20335.0,12.0
2025-03-25 05:07:00+00:00,20337.75,20339.0,20335.0,20335.25,39.0
2025-03-25 05:08:00+00:00,20338.0,20339.75,20337.75,20338.25,47.0
2025-03-25 05:09:00+00:00,20339.0,20339.5,20338.5,20338.5,28.0
2025-03-25 05:10:00+00:00,20337.5,20338.75,20337.5,20338.75,12.0
2025-03-25 05:11:00+00:00,20337.75,20338.25,20337.0,20337.25,41.0
2025-03-25 05:12:00+00:00,20338.25,20338.25,20337.5,20338.0,7.0
2025-03-25 05:13:00+00:00,20339.75,20340.25,20338.75,20338.75,47.0
2025-03-25 05:14:00+00:00,20340.5,20341.25,20339.75,20339.75,45.0
2025-03-25 05:15:00+00:00,20340.75,20342.25,20339.75,20341.0,83.0
2025-03-25 05:16:00+00:00,20340.75,20341.0,20340.5,20341.0,13.0
2025-03-25 05:17:00+00:00,20340.5,20341.75,20340.25,20340.5,19.0
2025-03-25 05:18:00+00:00,20342.0,20343.0,20340.75,20341.0,53.0
2025-03-25 05:19:00+00:00,20341.5,20342.5,20341.25,20342.5,21.0
2025-03-25 05:20:00+00:00,20339.0,20341.0,20339.0,20340.5,36.0
2025-03-25 05:21:00+00:00,20339.0,20340.0,20338.0,20339.25,20.0
2025-03-25 05:22:00+00:00,20336.25,20339.0,20336.25,20339.0,32.0
2025-03-25 05:23:00+00:00,20336.5,20337.75,20336.25,20336.25,13.0
2025-03-25 05:24:00+00:00,20338.75,20339.0,20337.0,20337.25,21.0
2025-03-25 05:25:00+00:00,20338.75,20339.75,20337.5,20339.0,20.0
2025-03-25 05:26:00+00:00,20337.75,20339.25,20337.75,20339.25,21.0
2025-03-25 05:27:00+00:00,20338.5,20338.5,20338.0,20338.0,8.0
2025-03-25 05:28:00+00:00,20338.5,20338.5,20337.25,20337.75,21.0
2025-03-25 05:29:00+00:00,20339.5,20341.5,20338.75,20338.75,57.0
2025-03-25 05:30:00+00:00,20336.0,20339.75,20335.25,20339.75,53.0
2025-03-25 05:31:00+00:00,20337.75,20337.75,20336.25,20336.25,11.0
2025-03-25 05:32:00+00:00,20337.25,20337.25,20337.0,20337.0,3.0
2025-03-25 05:33:00+00:00,20337.75,20337.75,20336.25,20337.25,17.0
2025-03-25 05:34:00+00:00,20338.0,20338.25,20338.0,20338.25,8.0
2025-03-25 05:35:00+00:00,20337.75,20338.5,20337.75,20337.75,9.0
2025-03-25 05:36:00+00:00,20336.75,20337.5,20335.5,20337.25,27.0
2025-03-25 05:37:00+00:00,20337.0,20337.0,20336.0,20336.0,8.0
2025-03-25 05:38:00+00:00,20337.0,20338.5,20336.75,20336.75,62.0
2025-03-25 05:39:00+00:00,20337.75,20337.75,20337.0,20337.0,3.0
2025-03-25 05:40:00+00:00,20338.5,20338.75,20336.75,20337.5,29.0
2025-03-25 05:41:00+00:00,20338.75,20339.75,20338.25,20338.25,24.0
2025-03-25 05:43:00+00:00,20336.75,20337.25,20336.75,20336.75,12.0
2025-03-25 05:44:00+00:00,20337.25,20337.5,20337.25,20337.5,3.0
2025-03-25 05:45:00+00:00,20339.5,20339.5,20337.75,20337.75,12.0
2025-03-25 05:46:00+00:00,20340.0,20340.0,20339.5,20340.0,13.0
2025-03-25 05:47:00+00:00,20340.0,20341.5,20339.75,20340.5,12.0
2025-03-25 05:48:00+00:00,20339.5,20339.5,20339.0,20339.5,5.0
2025-03-25 05:49:00+00:00,20339.5,20339.5,20338.75,20339.25,15.0
2025-03-25 05:50:00+00:00,20340.25,20340.25,20339.25,20339.5,11.0
2025-03-25 05:51:00+00:00,20341.0,20341.0,20339.5,20340.0,17.0
2025-03-25 05:52:00+00:00,20341.25,20341.5,20340.5,20341.5,10.0
2025-03-25 05:53:00+00:00,20340.5,20341.5,20340.0,20341.25,14.0
2025-03-25 05:54:00+00:00,20340.25,20340.75,20340.0,20340.25,12.0
2025-03-25 05:55:00+00:00,20340.5,20342.25,20340.5,20340.5,33.0
2025-03-25 05:56:00+00:00,20341.5,20341.5,20340.5,20340.5,9.0
2025-03-25 05:57:00+00:00,20341.25,20341.25,20340.75,20340.75,9.0
2025-03-25 05:58:00+00:00,20341.0,20341.25,20341.0,20341.0,8.0
2025-03-25 05:59:00+00:00,20341.25,20341.5,20340.75,20341.25,16.0
2025-03-25 06:00:00+00:00,20340.25,20342.5,20340.25,20342.0,74.0
2025-03-25 06:01:00+00:00,20339.5,20340.75,20338.75,20340.5,81.0
2025-03-25 06:02:00+00:00,20338.0,20340.75,20337.75,20339.75,52.0
2025-03-25 06:03:00+00:00,20341.5,20342.75,20339.75,20339.75,45.0
2025-03-25 06:04:00+00:00,20341.75,20341.75,20341.0,20341.25,14.0
2025-03-25 06:05:00+00:00,20340.75,20342.0,20340.75,20341.5,14.0
2025-03-25 06:06:00+00:00,20341.75,20343.0,20341.25,20341.5,37.0
2025-03-25 06:07:00+00:00,20341.5,20341.5,20341.25,20341.5,5.0
2025-03-25 06:08:00+00:00,20339.5,20341.25,20339.5,20341.25,16.0
2025-03-25 06:09:00+00:00,20339.25,20339.75,20338.25,20339.5,30.0
2025-03-25 06:10:00+00:00,20340.25,20340.25,20338.75,20338.75,30.0
2025-03-25 06:11:00+00:00,20339.75,20341.0,20339.0,20340.25,57.0
2025-03-25 06:12:00+00:00,20339.75,20339.75,20337.5,20338.75,43.0
2025-03-25 06:13:00+00:00,20340.75,20341.25,20339.75,20340.0,38.0
2025-03-25 06:14:00+00:00,20341.5,20342.5,20341.0,20341.75,30.0
2025-03-25 06:15:00+00:00,20341.75,20342.75,20340.75,20341.25,39.0
2025-03-25 06:16:00+00:00,20342.5,20343.0,20342.25,20342.25,19.0
2025-03-25 06:17:00+00:00,20339.75,20343.0,20339.75,20343.0,25.0
2025-03-25 06:18:00+00:00,20335.75,20339.5,20335.5,20339.5,60.0
2025-03-25 06:19:00+00:00,20336.5,20337.75,20336.0,20336.0,18.0
2025-03-25 06:20:00+00:00,20337.75,20338.5,20336.75,20336.75,22.0
2025-03-25 06:21:00+00:00,20337.5,20338.75,20337.5,20338.25,15.0
2025-03-25 06:22:00+00:00,20338.5,20340.25,20336.75,20337.75,73.0
2025-03-25 06:23:00+00:00,20340.0,20341.25,20339.0,20339.0,47.0
2025-03-25 06:24:00+00:00,20339.75,20341.5,20339.25,20341.0,37.0
2025-03-25 06:25:00+00:00,20337.25,20339.25,20337.25,20339.25,22.0
2025-03-25 06:26:00+00:00,20337.0,20338.0,20336.0,20338.0,44.0
2025-03-25 06:27:00+00:00,20337.75,20338.0,20336.5,20336.75,32.0
2025-03-25 06:28:00+00:00,20337.25,20338.0,20337.0,20337.25,19.0
2025-03-25 06:29:00+00:00,20337.25,20338.0,20337.0,20337.0,13.0
2025-03-25 06:30:00+00:00,20338.25,20338.5,20332.25,20338.0,147.0
2025-03-25 06:31:00+00:00,20336.25,20338.75,20335.5,20338.5,36.0
2025-03-25 06:32:00+00:00,20338.5,20339.25,20335.25,20336.5,43.0
2025-03-25 06:33:00+00:00,20341.25,20341.25,20339.5,20340.25,44.0
2025-03-25 06:34:00+00:00,20342.0,20342.5,20339.5,20339.5,29.0
2025-03-25 06:35:00+00:00,20340.75,20345.25,20340.75,20342.5,101.0
2025-03-25 06:36:00+00:00,20339.5,20340.25,20339.0,20340.0,29.0
2025-03-25 06:37:00+00:00,20339.0,20340.5,20338.5,20338.5,20.0
2025-03-25 06:38:00+00:00,20342.0,20342.0,20339.25,20339.5,29.0
2025-03-25 06:39:00+00:00,20342.75,20343.25,20342.25,20342.25,21.0
2025-03-25 06:40:00+00:00,20341.5,20342.75,20340.75,20342.75,33.0
2025-03-25 06:41:00+00:00,20341.25,20342.5,20341.0,20341.5,22.0
2025-03-25 06:42:00+00:00,20341.0,20342.5,20341.0,20342.5,16.0
2025-03-25 06:43:00+00:00,20341.0,20342.0,20341.0,20342.0,4.0
2025-03-25 06:44:00+00:00,20341.0,20341.5,20340.5,20341.5,9.0
2025-03-25 06:45:00+00:00,20342.0,20342.75,20341.75,20341.75,18.0
2025-03-25 06:46:00+00:00,20340.0,20342.0,20339.25,20342.0,27.0
2025-03-25 06:47:00+00:00,20340.5,20341.75,20340.0,20340.5,15.0
2025-03-25 06:48:00+00:00,20338.0,20340.0,20336.5,20340.0,58.0
2025-03-25 06:49:00+00:00,20338.5,20338.5,20338.5,20338.5,1.0
2025-03-25 06:50:00+00:00,20341.5,20342.25,20339.0,20339.0,33.0
2025-03-25 06:51:00+00:00,20343.25,20343.25,20341.5,20342.5,38.0
2025-03-25 06:52:00+00:00,20342.25,20344.25,20341.25,20343.75,76.0
2025-03-25 06:53:00+00:00,20342.25,20342.75,20341.25,20341.5,29.0
2025-03-25 06:54:00+00:00,20342.5,20344.0,20342.25,20342.25,36.0
2025-03-25 06:55:00+00:00,20344.5,20346.0,20342.75,20342.75,45.0
2025-03-25 06:56:00+00:00,20345.75,20345.75,20344.25,20344.25,26.0
2025-03-25 06:57:00+00:00,20345.5,20345.5,20344.5,20345.25,13.0
2025-03-25 06:58:00+00:00,20349.25,20349.75,20345.5,20345.5,79.0
2025-03-25 06:59:00+00:00,20351.0,20351.0,20347.25,20348.25,81.0
2025-03-25 07:00:00+00:00,20355.25,20357.5,20349.5,20350.25,203.0
2025-03-25 07:01:00+00:00,20356.75,20357.75,20354.75,20355.5,93.0
2025-03-25 07:02:00+00:00,20357.5,20359.0,20357.0,20357.5,100.0
2025-03-25 07:03:00+00:00,20359.25,20359.25,20356.75,20357.5,52.0
2025-03-25 07:04:00+00:00,20360.25,20360.5,20358.25,20359.5,99.0
2025-03-25 07:05:00+00:00,20361.0,20363.0,20359.5,20360.5,121.0
2025-03-25 07:06:00+00:00,20361.25,20363.5,20361.0,20361.25,44.0
2025-03-25 07:07:00+00:00,20368.75,20369.0,20360.75,20361.5,158.0
2025-03-25 07:08:00+00:00,20369.0,20372.0,20368.5,20369.0,150.0
2025-03-25 07:09:00+00:00,20365.5,20370.5,20365.5,20369.25,141.0
2025-03-25 07:10:00+00:00,20363.75,20368.25,20363.0,20365.75,101.0
2025-03-25 07:11:00+00:00,20366.25,20367.0,20363.75,20363.75,54.0
2025-03-25 07:12:00+00:00,20365.5,20366.25,20365.0,20366.25,25.0
2025-03-25 07:13:00+00:00,20368.75,20368.75,20365.75,20365.75,67.0
2025-03-25 07:14:00+00:00,20368.0,20370.25,20366.5,20369.0,59.0
2025-03-25 07:15:00+00:00,20369.75,20371.25,20368.0,20369.0,86.0
2025-03-25 07:16:00+00:00,20368.25,20371.25,20368.25,20369.25,54.0
2025-03-25 07:17:00+00:00,20367.25,20367.75,20365.25,20367.0,80.0
2025-03-25 07:18:00+00:00,20367.0,20368.75,20367.0,20367.0,34.0
2025-03-25 07:19:00+00:00,20365.25,20370.0,20364.25,20368.0,72.0
2025-03-25 07:20:00+00:00,20367.0,20368.25,20366.0,20366.0,58.0
2025-03-25 07:21:00+00:00,20367.0,20368.0,20364.75,20366.0,35.0
2025-03-25 07:22:00+00:00,20361.75,20366.25,20361.5,20366.0,126.0
2025-03-25 07:23:00+00:00,20362.75,20365.75,20362.75,20363.0,44.0
2025-03-25 07:24:00+00:00,20362.0,20363.5,20361.75,20363.0,59.0
2025-03-25 07:25:00+00:00,20359.75,20362.0,20358.75,20361.25,86.0
2025-03-25 07:26:00+00:00,20360.25,20361.25,20357.5,20360.0,70.0
2025-03-25 07:27:00+00:00,20360.0,20360.25,20359.0,20360.25,23.0
2025-03-25 07:28:00+00:00,20359.5,20361.0,20359.0,20360.0,63.0
2025-03-25 07:29:00+00:00,20358.75,20360.5,20357.5,20359.5,77.0
2025-03-25 07:30:00+00:00,20360.25,20361.0,20358.25,20358.25,66.0
2025-03-25 07:31:00+00:00,20357.25,20359.5,20355.5,20359.25,70.0
2025-03-25 07:32:00+00:00,20360.0,20360.0,20354.0,20356.75,128.0
2025-03-25 07:33:00+00:00,20358.0,20360.0,20358.0,20359.5,41.0
2025-03-25 07:34:00+00:00,20351.5,20358.5,20351.5,20358.0,126.0
2025-03-25 07:35:00+00:00,20350.5,20352.75,20350.0,20352.25,177.0
2025-03-25 07:36:00+00:00,20351.25,20352.0,20350.5,20351.0,45.0
2025-03-25 07:37:00+00:00,20353.0,20353.5,20351.5,20352.0,35.0
2025-03-25 07:38:00+00:00,20351.5,20353.25,20350.25,20352.75,39.0
2025-03-25 07:39:00+00:00,20353.0,20353.0,20350.5,20351.0,32.0
2025-03-25 07:40:00+00:00,20353.0,20354.0,20351.75,20352.75,40.0
2025-03-25 07:41:00+00:00,20352.5,20352.75,20351.75,20352.75,44.0
2025-03-25 07:42:00+00:00,20350.0,20354.5,20349.75,20353.5,69.0
2025-03-25 07:43:00+00:00,20349.5,20351.0,20349.25,20350.25,41.0
2025-03-25 07:44:00+00:00,20347.25,20350.0,20346.75,20350.0,126.0
2025-03-25 07:45:00+00:00,20345.75,20348.0,20342.25,20347.0,195.0
2025-03-25 07:46:00+00:00,20345.25,20348.0,20345.0,20346.25,31.0
2025-03-25 07:47:00+00:00,20343.75,20346.5,20343.5,20345.5,51.0
2025-03-25 07:48:00+00:00,20346.75,20347.25,20343.75,20343.75,47.0
2025-03-25 07:49:00+00:00,20346.75,20348.0,20346.75,20347.25,48.0
2025-03-25 07:50:00+00:00,20346.75,20349.0,20346.5,20346.5,66.0
2025-03-25 07:51:00+00:00,20345.75,20347.25,20345.0,20346.5,40.0
2025-03-25 07:52:00+00:00,20347.75,20348.25,20346.5,20347.5,42.0
2025-03-25 07:53:00+00:00,20346.75,20349.25,20346.0,20348.25,51.0
2025-03-25 07:54:00+00:00,20346.5,20349.0,20346.25,20346.75,59.0
2025-03-25 07:55:00+00:00,20345.5,20348.0,20345.25,20346.0,69.0
2025-03-25 07:56:00+00:00,20343.25,20345.75,20342.0,20345.25,96.0
2025-03-25 07:57:00+00:00,20343.75,20345.75,20343.0,20343.25,54.0
2025-03-25 07:58:00+00:00,20342.5,20345.0,20342.5,20344.5,52.0
2025-03-25 07:59:00+00:00,20338.25,20344.0,20338.25,20342.75,146.0
2025-03-25 08:00:00+00:00,20345.75,20348.25,20339.0,20341.0,445.0
2025-03-25 08:01:00+00:00,20344.5,20347.5,20343.25,20345.5,106.0
2025-03-25 08:02:00+00:00,20346.5,20346.5,20342.0,20345.25,141.0
2025-03-25 08:03:00+00:00,20348.5,20348.5,20345.75,20346.5,101.0
2025-03-25 08:04:00+00:00,20347.5,20349.0,20343.75,20348.25,127.0
2025-03-25 08:05:00+00:00,20336.75,20350.5,20336.0,20348.0,225.0
2025-03-25 08:06:00+00:00,20337.0,20340.0,20334.25,20337.75,289.0
2025-03-25 08:07:00+00:00,20324.25,20339.0,20323.5,20337.0,654.0
2025-03-25 08:08:00+00:00,20326.25,20327.75,20324.0,20325.0,267.0
2025-03-25 08:09:00+00:00,20328.25,20329.25,20324.75,20326.0,165.0
2025-03-25 08:10:00+00:00,20326.25,20333.25,20326.25,20327.75,170.0
2025-03-25 08:11:00+00:00,20325.25,20327.0,20322.25,20327.0,152.0
2025-03-25 08:12:00+00:00,20323.5,20328.25,20319.0,20325.0,296.0
2025-03-25 08:13:00+00:00,20320.5,20326.5,20320.5,20324.5,121.0
2025-03-25 08:14:00+00:00,20318.5,20321.25,20316.5,20320.5,307.0
2025-03-25 08:15:00+00:00,20311.0,20318.75,20305.0,20318.5,769.0
2025-03-25 08:16:00+00:00,20307.25,20314.75,20306.0,20312.0,249.0
2025-03-25 08:17:00+00:00,20302.0,20307.75,20300.25,20306.25,288.0
2025-03-25 08:18:00+00:00,20304.75,20311.0,20301.0,20301.0,303.0
2025-03-25 08:19:00+00:00,20297.25,20304.25,20294.0,20303.75,489.0
2025-03-25 08:20:00+00:00,20302.5,20306.5,20297.0,20297.75,223.0
2025-03-25 08:21:00+00:00,20308.5,20310.0,20302.75,20303.0,215.0
2025-03-25 08:22:00+00:00,20304.75,20312.5,20303.75,20308.25,378.0
2025-03-25 08:23:00+00:00,20312.25,20314.75,20305.75,20305.75,184.0
2025-03-25 08:24:00+00:00,20312.75,20314.25,20308.0,20312.0,200.0
2025-03-25 08:25:00+00:00,20309.0,20317.5,20309.0,20314.0,254.0
2025-03-25 08:26:00+00:00,20308.0,20310.5,20307.0,20308.5,113.0
2025-03-25 08:27:00+00:00,20309.25,20310.0,20305.75,20307.75,126.0
2025-03-25 08:28:00+00:00,20304.25,20309.0,20303.25,20309.0,140.0
2025-03-25 08:29:00+00:00,20299.5,20305.0,20299.0,20302.75,282.0
2025-03-25 08:30:00+00:00,20299.75,20302.25,20293.25,20297.0,177.0
2025-03-25 08:31:00+00:00,20301.25,20303.0,20297.5,20299.25,140.0
2025-03-25 08:32:00+00:00,20301.25,20303.75,20299.5,20300.75,86.0
2025-03-25 08:33:00+00:00,20298.25,20300.25,20295.75,20300.0,139.0
2025-03-25 08:34:00+00:00,20296.25,20299.75,20294.75,20298.25,147.0
2025-03-25 08:35:00+00:00,20294.75,20297.25,20294.0,20297.25,89.0
2025-03-25 08:36:00+00:00,20304.5,20308.25,20296.0,20297.75,205.0
2025-03-25 08:37:00+00:00,20304.75,20306.0,20302.75,20305.0,96.0
2025-03-25 08:38:00+00:00,20306.0,20307.5,20303.0,20305.5,86.0
2025-03-25 08:39:00+00:00,20307.0,20308.5,20304.75,20306.0,118.0
2025-03-25 08:40:00+00:00,20304.75,20306.0,20300.0,20306.0,139.0
2025-03-25 08:41:00+00:00,20306.75,20308.25,20305.0,20305.0,83.0
2025-03-25 08:42:00+00:00,20302.5,20308.25,20302.0,20308.0,118.0
2025-03-25 08:43:00+00:00,20302.5,20304.5,20302.0,20303.0,74.0
2025-03-25 08:44:00+00:00,20307.5,20307.5,20301.0,20302.75,86.0
2025-03-25 08:45:00+00:00,20308.0,20308.5,20303.75,20306.75,95.0
2025-03-25 08:46:00+00:00,20303.0,20308.25,20301.25,20308.25,128.0
2025-03-25 08:47:00+00:00,20309.0,20309.75,20303.5,20303.5,91.0
2025-03-25 08:48:00+00:00,20310.75,20311.25,20308.0,20310.25,90.0
2025-03-25 08:49:00+00:00,20310.5,20312.0,20310.0,20311.0,63.0
2025-03-25 08:50:00+00:00,20317.0,20318.0,20310.25,20310.25,300.0
2025-03-25 08:51:00+00:00,20319.5,20321.0,20316.25,20316.75,220.0
2025-03-25 08:52:00+00:00,20314.25,20319.5,20313.5,20318.5,117.0
2025-03-25 08:53:00+00:00,20315.75,20316.0,20311.25,20313.75,81.0
2025-03-25 08:54:00+00:00,20313.5,20315.25,20312.0,20314.75,93.0
2025-03-25 08:55:00+00:00,20311.75,20314.5,20311.75,20312.75,47.0
2025-03-25 08:56:00+00:00,20312.0,20313.0,20310.5,20311.0,61.0
2025-03-25 08:57:00+00:00,20306.25,20311.5,20305.0,20311.5,214.0
2025-03-25 08:58:00+00:00,20305.0,20306.25,20302.0,20306.0,126.0
2025-03-25 08:59:00+00:00,20303.75,20308.25,20302.25,20303.25,171.0
2025-03-25 09:00:00+00:00,20302.25,20304.75,20297.25,20304.0,254.0
2025-03-25 09:01:00+00:00,20304.0,20305.5,20301.25,20301.25,79.0
2025-03-25 09:02:00+00:00,20308.75,20308.75,20302.25,20304.75,173.0
2025-03-25 09:03:00+00:00,20306.5,20312.25,20306.5,20308.5,113.0
2025-03-25 09:04:00+00:00,20307.25,20308.5,20303.0,20306.75,81.0
2025-03-25 09:05:00+00:00,20305.25,20309.5,20304.25,20307.5,158.0
2025-03-25 09:06:00+00:00,20309.25,20310.0,20306.0,20306.0,52.0
2025-03-25 09:07:00+00:00,20308.75,20313.75,20308.75,20310.25,172.0
2025-03-25 09:08:00+00:00,20302.0,20308.25,20299.75,20308.25,177.0
2025-03-25 09:09:00+00:00,20297.25,20302.0,20296.5,20302.0,167.0
2025-03-25 09:10:00+00:00,20303.5,20304.25,20297.5,20298.5,90.0
2025-03-25 09:11:00+00:00,20303.75,20305.0,20300.75,20303.25,69.0
2025-03-25 09:12:00+00:00,20303.0,20303.5,20299.0,20303.0,63.0
2025-03-25 09:13:00+00:00,20302.25,20304.5,20301.5,20304.0,40.0
2025-03-25 09:14:00+00:00,20303.5,20304.25,20301.25,20302.0,47.0
2025-03-25 09:15:00+00:00,20306.75,20307.0,20301.5,20302.75,78.0
2025-03-25 09:16:00+00:00,20302.5,20308.75,20302.5,20307.5,194.0
2025-03-25 09:17:00+00:00,20302.75,20303.5,20301.5,20302.75,36.0
2025-03-25 09:18:00+00:00,20305.25,20306.0,20302.5,20303.25,75.0
2025-03-25 09:19:00+00:00,20306.25,20308.75,20302.75,20304.25,84.0
2025-03-25 09:20:00+00:00,20306.25,20309.25,20305.0,20307.25,78.0
2025-03-25 09:21:00+00:00,20313.5,20313.5,20306.25,20306.75,141.0
2025-03-25 09:22:00+00:00,20316.0,20317.75,20313.75,20314.0,204.0
2025-03-25 09:23:00+00:00,20312.75,20316.25,20310.5,20315.5,110.0
2025-03-25 09:24:00+00:00,20310.75,20313.5,20307.75,20313.0,190.0
2025-03-25 09:25:00+00:00,20314.0,20315.5,20306.25,20311.0,146.0
2025-03-25 09:26:00+00:00,20319.0,20322.0,20312.25,20313.25,486.0
2025-03-25 09:27:00+00:00,20320.75,20326.0,20318.5,20320.75,641.0
2025-03-25 09:28:00+00:00,20317.75,20322.5,20317.5,20320.75,182.0
2025-03-25 09:29:00+00:00,20315.75,20319.75,20314.75,20317.25,139.0
2025-03-25 09:30:00+00:00,20315.75,20317.5,20312.0,20315.75,141.0
2025-03-25 09:40:00+00:00,20326.5,20329.0,20325.75,20329.0,3808.0
2025-03-25 09:41:00+00:00,20323.75,20326.75,20322.75,20326.75,130.0
2025-03-25 09:42:00+00:00,20327.25,20328.75,20323.75,20324.25,68.0
2025-03-25 09:43:00+00:00,20327.0,20328.0,20326.5,20328.0,45.0
2025-03-25 09:44:00+00:00,20330.25,20331.75,20326.75,20327.5,86.0
2025-03-25 09:45:00+00:00,20330.5,20331.75,20329.0,20330.0,85.0
2025-03-25 09:46:00+00:00,20332.0,20333.75,20330.25,20330.75,148.0
2025-03-25 09:47:00+00:00,20334.5,20336.75,20331.5,20332.5,228.0
2025-03-25 09:48:00+00:00,20339.5,20340.25,20333.25,20334.5,231.0
2025-03-25 09:49:00+00:00,20337.0,20340.0,20334.75,20338.75,156.0
2025-03-25 09:50:00+00:00,20335.0,20338.25,20335.0,20337.5,178.0
2025-03-25 09:51:00+00:00,20333.75,20335.75,20333.25,20335.0,94.0
2025-03-25 09:52:00+00:00,20335.75,20338.25,20332.5,20334.0,116.0
2025-03-25 09:53:00+00:00,20339.5,20341.5,20335.75,20335.75,130.0
2025-03-25 09:54:00+00:00,20343.0,20345.5,20340.25,20340.25,293.0
2025-03-25 09:55:00+00:00,20340.75,20343.25,20339.5,20343.25,106.0
2025-03-25 09:56:00+00:00,20340.25,20343.0,20338.75,20341.0,67.0
2025-03-25 09:57:00+00:00,20341.75,20342.25,20340.75,20340.75,70.0
2025-03-25 09:58:00+00:00,20342.75,20344.25,20341.75,20341.75,33.0
2025-03-25 09:59:00+00:00,20344.0,20344.0,20341.25,20343.25,125.0
2025-03-25 10:00:00+00:00,20344.25,20345.25,20340.0,20342.75,129.0
2025-03-25 10:01:00+00:00,20344.25,20348.75,20343.5,20344.25,200.0
2025-03-25 10:02:00+00:00,20342.25,20345.5,20340.75,20345.25,102.0
2025-03-25 10:03:00+00:00,20341.75,20342.75,20339.0,20342.0,91.0
2025-03-25 10:04:00+00:00,20336.75,20340.5,20336.25,20340.25,107.0
2025-03-25 10:05:00+00:00,20334.0,20337.0,20334.0,20336.0,122.0
2025-03-25 10:06:00+00:00,20333.5,20335.0,20331.75,20334.0,148.0
2025-03-25 10:07:00+00:00,20332.75,20335.25,20332.0,20332.5,207.0
2025-03-25 10:08:00+00:00,20332.0,20334.0,20331.0,20333.5,116.0
2025-03-25 10:09:00+00:00,20331.25,20333.0,20329.5,20332.25,203.0
2025-03-25 10:10:00+00:00,20323.25,20331.5,20320.75,20330.75,274.0
2025-03-25 10:11:00+00:00,20321.5,20323.75,20321.5,20323.5,64.0
2025-03-25 10:12:00+00:00,20322.25,20325.75,20321.5,20322.0,107.0
2025-03-25 10:13:00+00:00,20332.25,20332.75,20323.25,20323.25,176.0
2025-03-25 10:14:00+00:00,20334.0,20334.0,20330.25,20332.25,240.0
2025-03-25 10:15:00+00:00,20342.0,20342.75,20334.25,20334.5,236.0
2025-03-25 10:16:00+00:00,20343.25,20343.5,20338.25,20342.5,162.0
2025-03-25 10:17:00+00:00,20345.0,20346.25,20343.0,20343.5,114.0
2025-03-25 10:18:00+00:00,20344.0,20347.75,20342.75,20344.5,98.0
2025-03-25 10:19:00+00:00,20346.5,20346.5,20342.5,20342.5,130.0
2025-03-25 10:20:00+00:00,20351.5,20355.0,20347.0,20347.0,452.0
2025-03-25 10:21:00+00:00,20352.5,20353.5,20350.0,20352.5,107.0
2025-03-25 10:22:00+00:00,20364.0,20369.25,20353.0,20353.0,421.0
2025-03-25 10:23:00+00:00,20357.25,20364.75,20356.5,20364.0,130.0
2025-03-25 10:24:00+00:00,20356.25,20358.75,20354.0,20357.75,74.0
2025-03-25 10:25:00+00:00,20356.75,20357.25,20354.25,20356.0,63.0
2025-03-25 10:26:00+00:00,20357.25,20360.0,20355.5,20356.25,78.0
2025-03-25 10:27:00+00:00,20357.5,20358.25,20354.75,20357.75,38.0
2025-03-25 10:28:00+00:00,20357.25,20359.0,20355.5,20357.75,48.0
2025-03-25 10:29:00+00:00,20356.5,20358.25,20355.75,20357.5,31.0
2025-03-25 10:30:00+00:00,20359.0,20359.0,20355.25,20357.0,71.0
2025-03-25 10:31:00+00:00,20361.75,20362.5,20358.0,20359.0,110.0
2025-03-25 10:32:00+00:00,20360.0,20362.75,20359.5,20362.0,111.0
2025-03-25 10:33:00+00:00,20362.75,20362.75,20358.5,20359.0,111.0
2025-03-25 10:34:00+00:00,20360.5,20364.0,20359.25,20363.0,93.0
2025-03-25 10:35:00+00:00,20357.5,20362.0,20357.5,20360.5,55.0
2025-03-25 10:36:00+00:00,20355.5,20359.5,20355.5,20357.75,85.0
2025-03-25 10:37:00+00:00,20361.75,20362.5,20355.0,20356.0,152.0
2025-03-25 10:38:00+00:00,20362.5,20363.75,20360.75,20361.0,48.0
2025-03-25 10:39:00+00:00,20364.0,20366.5,20361.0,20362.5,191.0
2025-03-25 10:40:00+00:00,20361.0,20366.75,20361.0,20363.25,140.0
2025-03-25 10:41:00+00:00,20364.25,20364.5,20360.25,20360.75,61.0
2025-03-25 10:42:00+00:00,20368.0,20369.25,20364.25,20365.5,164.0
2025-03-25 10:43:00+00:00,20370.25,20372.75,20368.5,20368.75,158.0
2025-03-25 10:44:00+00:00,20372.75,20373.5,20370.75,20371.0,129.0
2025-03-25 10:45:00+00:00,20370.0,20374.0,20370.0,20372.5,167.0
2025-03-25 10:46:00+00:00,20373.75,20377.75,20370.5,20371.0,376.0
2025-03-25 10:47:00+00:00,20378.5,20379.0,20373.0,20374.25,184.0
2025-03-25 10:48:00+00:00,20382.0,20383.0,20377.25,20377.25,307.0
2025-03-25 10:49:00+00:00,20376.5,20382.75,20375.75,20381.75,194.0
2025-03-25 10:50:00+00:00,20376.0,20377.0,20373.25,20376.5,93.0
2025-03-25 10:51:00+00:00,20373.0,20376.0,20371.5,20376.0,76.0
2025-03-25 10:52:00+00:00,20375.0,20377.0,20373.5,20374.25,78.0
2025-03-25 10:53:00+00:00,20371.5,20374.75,20371.25,20374.5,73.0
2025-03-25 10:54:00+00:00,20372.0,20373.5,20368.75,20372.75,141.0
2025-03-25 10:55:00+00:00,20369.75,20371.5,20367.25,20371.25,155.0
2025-03-25 10:56:00+00:00,20372.25,20372.5,20369.5,20370.25,68.0
2025-03-25 10:57:00+00:00,20373.0,20373.5,20371.0,20372.25,57.0
2025-03-25 10:58:00+00:00,20371.25,20374.5,20371.25,20373.5,105.0
2025-03-25 10:59:00+00:00,20374.5,20377.75,20372.25,20372.25,261.0
2025-03-25 11:00:00+00:00,20380.0,20382.0,20373.25,20373.75,142.0
2025-03-25 11:01:00+00:00,20387.0,20391.75,20379.5,20380.25,235.0
2025-03-25 11:02:00+00:00,20394.25,20395.0,20385.5,20387.0,393.0
2025-03-25 11:03:00+00:00,20387.0,20396.0,20387.0,20394.25,284.0
2025-03-25 11:04:00+00:00,20382.0,20389.0,20380.25,20388.5,154.0
2025-03-25 11:05:00+00:00,20377.25,20382.5,20375.25,20381.5,184.0
2025-03-25 11:06:00+00:00,20377.0,20382.5,20375.25,20377.75,135.0
2025-03-25 11:07:00+00:00,20378.25,20378.25,20370.75,20376.25,196.0
2025-03-25 11:08:00+00:00,20380.25,20381.25,20377.75,20378.5,107.0
2025-03-25 11:09:00+00:00,20368.25,20385.5,20364.0,20380.0,654.0
2025-03-25 11:10:00+00:00,20375.5,20380.5,20368.25,20369.25,839.0
2025-03-25 11:11:00+00:00,20376.5,20378.5,20374.25,20375.75,174.0
2025-03-25 11:12:00+00:00,20378.0,20380.25,20372.25,20376.75,193.0
2025-03-25 11:13:00+00:00,20373.5,20378.25,20371.0,20376.25,116.0
2025-03-25 11:14:00+00:00,20374.0,20378.0,20369.75,20374.25,137.0
2025-03-25 11:15:00+00:00,20374.25,20375.0,20367.5,20374.5,109.0
2025-03-25 11:16:00+00:00,20377.75,20377.75,20373.75,20375.0,136.0
2025-03-25 11:17:00+00:00,20381.5,20382.25,20375.75,20378.0,88.0
2025-03-25 11:18:00+00:00,20377.75,20383.75,20377.5,20382.75,109.0
2025-03-25 11:19:00+00:00,20376.75,20380.0,20376.5,20378.25,50.0
2025-03-25 11:20:00+00:00,20379.5,20380.75,20376.75,20377.25,21.0
2025-03-25 11:21:00+00:00,20379.75,20381.0,20378.25,20379.5,69.0
2025-03-25 11:22:00+00:00,20378.0,20380.75,20377.0,20380.25,57.0
2025-03-25 11:23:00+00:00,20381.0,20382.25,20377.5,20377.5,68.0
2025-03-25 11:24:00+00:00,20377.75,20382.5,20377.0,20381.25,102.0
2025-03-25 11:25:00+00:00,20375.5,20378.25,20374.25,20377.75,82.0
2025-03-25 11:26:00+00:00,20380.25,20380.75,20374.0,20375.5,69.0
2025-03-25 11:27:00+00:00,20381.75,20384.75,20380.0,20380.75,93.0
2025-03-25 11:28:00+00:00,20383.25,20383.25,20380.0,20381.5,57.0
2025-03-25 11:29:00+00:00,20385.5,20386.25,20382.5,20383.0,142.0
2025-03-25 11:30:00+00:00,20380.0,20386.75,20378.0,20386.0,181.0
2025-03-25 11:31:00+00:00,20384.0,20385.0,20380.0,20381.0,87.0
2025-03-25 11:32:00+00:00,20387.5,20388.0,20384.0,20384.25,96.0
2025-03-25 11:33:00+00:00,20390.25,20391.5,20385.75,20386.75,115.0
2025-03-25 11:34:00+00:00,20390.5,20393.0,20389.25,20390.75,134.0
2025-03-25 11:35:00+00:00,20391.0,20393.0,20388.0,20390.75,242.0
2025-03-25 11:36:00+00:00,20393.5,20395.0,20391.5,20391.5,150.0
2025-03-25 11:37:00+00:00,20390.0,20393.75,20388.0,20393.5,166.0
2025-03-25 11:38:00+00:00,20389.0,20390.75,20388.0,20389.75,86.0
2025-03-25 11:39:00+00:00,20388.75,20391.25,20388.0,20389.5,93.0
2025-03-25 11:40:00+00:00,20390.75,20391.25,20389.0,20389.5,41.0
2025-03-25 11:41:00+00:00,20393.5,20395.0,20391.0,20391.0,115.0
2025-03-25 11:42:00+00:00,20398.5,20399.25,20393.25,20393.5,282.0
2025-03-25 11:43:00+00:00,20395.5,20398.5,20393.5,20398.5,109.0
2025-03-25 11:44:00+00:00,20395.0,20396.0,20394.25,20394.75,52.0
2025-03-25 11:45:00+00:00,20397.0,20397.0,20392.5,20395.0,126.0
2025-03-25 11:46:00+00:00,20399.75,20401.0,20397.0,20397.25,350.0
2025-03-25 11:47:00+00:00,20403.75,20404.0,20399.25,20400.0,176.0
2025-03-25 11:48:00+00:00,20403.0,20404.0,20402.0,20403.5,116.0
2025-03-25 11:49:00+00:00,20403.5,20404.0,20401.25,20404.0,123.0
2025-03-25 11:50:00+00:00,20402.25,20404.0,20399.25,20403.0,150.0
2025-03-25 11:51:00+00:00,20404.0,20410.5,20400.75,20402.5,487.0
2025-03-25 11:52:00+00:00,20404.0,20404.25,20401.75,20403.0,102.0
2025-03-25 11:53:00+00:00,20404.75,20405.5,20402.25,20403.0,77.0
2025-03-25 11:54:00+00:00,20405.5,20406.5,20404.25,20405.5,79.0
2025-03-25 11:55:00+00:00,20410.25,20410.5,20405.25,20406.0,179.0
2025-03-25 11:56:00+00:00,20412.25,20416.5,20408.25,20410.5,381.0
2025-03-25 11:57:00+00:00,20414.0,20415.75,20411.5,20411.5,127.0
2025-03-25 11:58:00+00:00,20415.5,20415.75,20413.0,20414.5,113.0
2025-03-25 11:59:00+00:00,20411.75,20416.0,20408.75,20416.0,209.0
2025-03-25 12:00:00+00:00,20414.75,20419.25,20411.75,20412.0,485.0
2025-03-25 12:01:00+00:00,20412.25,20417.5,20411.5,20415.5,233.0
2025-03-25 12:02:00+00:00,20412.25,20414.5,20411.25,20411.75,164.0
2025-03-25 12:03:00+00:00,20408.0,20413.25,20407.0,20412.0,174.0
2025-03-25 12:04:00+00:00,20411.5,20414.75,20407.25,20407.25,133.0
2025-03-25 12:05:00+00:00,20412.25,20413.25,20409.0,20410.25,184.0
2025-03-25 12:06:00+00:00,20411.5,20413.75,20409.0,20413.0,167.0
2025-03-25 12:07:00+00:00,20414.25,20414.75,20410.25,20410.5,117.0
2025-03-25 12:08:00+00:00,20410.25,20415.0,20408.75,20415.0,133.0
2025-03-25 12:09:00+00:00,20408.5,20411.25,20406.75,20410.75,180.0
2025-03-25 12:10:00+00:00,20404.75,20408.75,20404.0,20407.25,190.0
2025-03-25 12:11:00+00:00,20412.0,20413.0,20404.0,20404.75,160.0
2025-03-25 12:12:00+00:00,20411.25,20412.5,20410.25,20412.25,57.0
2025-03-25 12:13:00+00:00,20409.5,20411.75,20408.25,20411.5,70.0
2025-03-25 12:14:00+00:00,20412.5,20414.0,20409.75,20410.5,105.0
2025-03-25 12:15:00+00:00,20412.25,20413.5,20409.25,20412.25,150.0
2025-03-25 12:16:00+00:00,20410.25,20412.75,20409.75,20412.5,83.0
2025-03-25 12:17:00+00:00,20408.25,20410.75,20406.25,20410.0,125.0
2025-03-25 12:18:00+00:00,20410.5,20411.0,20406.25,20407.75,121.0
2025-03-25 12:19:00+00:00,20410.75,20412.25,20408.75,20410.0,85.0
2025-03-25 12:20:00+00:00,20408.0,20411.5,20405.0,20411.0,159.0
2025-03-25 12:21:00+00:00,20413.75,20414.0,20407.25,20408.0,146.0
2025-03-25 12:22:00+00:00,20408.5,20413.0,20408.0,20412.75,136.0
2025-03-25 12:23:00+00:00,20412.5,20413.75,20407.25,20408.75,120.0
2025-03-25 12:24:00+00:00,20412.0,20413.25,20411.75,20413.0,74.0
2025-03-25 12:25:00+00:00,20412.0,20415.0,20411.25,20414.0,106.0
2025-03-25 12:26:00+00:00,20414.75,20418.25,20412.5,20412.75,162.0
2025-03-25 12:27:00+00:00,20421.0,20426.5,20415.0,20415.0,319.0
2025-03-25 12:28:00+00:00,20421.5,20423.25,20421.0,20421.0,197.0
2025-03-25 12:29:00+00:00,20421.75,20422.5,20420.5,20421.5,125.0
2025-03-25 12:30:00+00:00,20431.25,20433.25,20419.25,20422.0,547.0
2025-03-25 12:31:00+00:00,20438.75,20440.75,20430.5,20432.5,654.0
2025-03-25 12:32:00+00:00,20443.75,20445.5,20438.25,20439.5,574.0
2025-03-25 12:33:00+00:00,20443.5,20445.75,20441.75,20444.0,347.0
2025-03-25 12:34:00+00:00,20443.75,20447.5,20441.0,20443.75,350.0
2025-03-25 12:35:00+00:00,20443.0,20444.5,20439.25,20443.0,278.0
2025-03-25 12:36:00+00:00,20444.75,20445.0,20441.25,20443.5,215.0
2025-03-25 12:37:00+00:00,20440.25,20444.25,20438.5,20444.25,227.0
2025-03-25 12:38:00+00:00,20437.25,20441.5,20437.25,20440.5,143.0
2025-03-25 12:39:00+00:00,20434.5,20439.75,20434.25,20437.5,230.0
2025-03-25 12:40:00+00:00,20432.0,20436.5,20430.5,20435.0,395.0
2025-03-25 12:41:00+00:00,20431.25,20434.5,20429.75,20433.25,177.0
2025-03-25 12:42:00+00:00,20427.25,20431.25,20426.25,20431.0,155.0
2025-03-25 12:43:00+00:00,20426.75,20428.75,20425.5,20427.5,134.0
2025-03-25 12:44:00+00:00,20427.75,20428.75,20425.5,20427.25,131.0
2025-03-25 12:45:00+00:00,20429.25,20429.25,20426.0,20427.25,105.0
2025-03-25 12:46:00+00:00,20428.5,20431.25,20428.25,20429.0,125.0
2025-03-25 12:47:00+00:00,20432.25,20433.25,20427.0,20428.25,192.0
2025-03-25 12:48:00+00:00,20428.5,20433.25,20427.0,20431.5,231.0
2025-03-25 12:49:00+00:00,20427.0,20428.75,20424.25,20428.75,219.0
2025-03-25 12:50:00+00:00,20421.75,20428.25,20420.5,20427.75,253.0
2025-03-25 12:51:00+00:00,20414.25,20422.0,20413.75,20420.0,500.0
2025-03-25 12:52:00+00:00,20418.25,20419.0,20414.0,20414.75,222.0
2025-03-25 12:53:00+00:00,20420.5,20421.75,20418.0,20418.25,183.0
2025-03-25 12:54:00+00:00,20412.5,20420.75,20410.25,20420.5,258.0
2025-03-25 12:55:00+00:00,20411.75,20412.75,20409.0,20412.25,202.0
2025-03-25 12:56:00+00:00,20408.75,20411.75,20408.5,20411.25,170.0
2025-03-25 12:57:00+00:00,20404.75,20409.0,20404.75,20409.0,312.0
2025-03-25 12:58:00+00:00,20404.25,20407.75,20403.5,20405.0,294.0
2025-03-25 12:59:00+00:00,20407.0,20407.25,20403.75,20404.0,265.0
2025-03-25 13:00:00+00:00,20407.75,20409.0,20402.25,20406.25,329.0
2025-03-25 13:01:00+00:00,20409.75,20410.25,20406.25,20408.5,262.0
2025-03-25 13:02:00+00:00,20416.75,20417.25,20407.25,20409.25,352.0
2025-03-25 13:03:00+00:00,20411.75,20420.0,20411.0,20417.25,366.0
2025-03-25 13:04:00+00:00,20417.0,20417.0,20409.0,20412.25,426.0
2025-03-25 13:05:00+00:00,20418.5,20418.75,20413.25,20417.25,200.0
2025-03-25 13:06:00+00:00,20421.0,20421.5,20416.75,20419.0,177.0
2025-03-25 13:07:00+00:00,20425.0,20425.25,20418.75,20421.75,343.0
2025-03-25 13:08:00+00:00,20425.75,20428.0,20422.5,20425.0,258.0
2025-03-25 13:09:00+00:00,20428.25,20429.0,20425.5,20426.25,251.0
2025-03-25 13:10:00+00:00,20427.5,20429.25,20423.75,20428.5,238.0
2025-03-25 13:11:00+00:00,20433.5,20434.0,20428.0,20428.0,340.0
2025-03-25 13:12:00+00:00,20433.5,20434.75,20427.25,20433.5,360.0
2025-03-25 13:13:00+00:00,20430.0,20433.75,20429.0,20433.5,180.0
2025-03-25 13:14:00+00:00,20426.5,20432.25,20425.0,20431.25,223.0
2025-03-25 13:15:00+00:00,20427.25,20427.75,20424.0,20426.75,191.0
2025-03-25 13:16:00+00:00,20427.75,20431.75,20425.75,20427.5,212.0
2025-03-25 13:17:00+00:00,20428.5,20431.5,20425.0,20428.0,212.0
2025-03-25 13:18:00+00:00,20426.5,20428.5,20425.0,20427.75,120.0
2025-03-25 13:19:00+00:00,20421.0,20427.25,20421.0,20426.5,262.0
2025-03-25 13:20:00+00:00,20425.0,20425.0,20418.5,20420.75,300.0
2025-03-25 13:21:00+00:00,20426.75,20429.75,20424.75,20425.5,171.0
2025-03-25 13:22:00+00:00,20426.75,20428.0,20422.25,20427.5,139.0
2025-03-25 13:23:00+00:00,20426.0,20427.0,20424.5,20426.25,86.0
2025-03-25 13:24:00+00:00,20426.5,20429.75,20425.25,20426.0,293.0
2025-03-25 13:25:00+00:00,20422.5,20429.25,20422.25,20426.5,442.0
2025-03-25 13:26:00+00:00,20423.25,20424.5,20421.25,20422.5,179.0
2025-03-25 13:27:00+00:00,20422.0,20427.5,20420.0,20422.5,493.0
2025-03-25 13:28:00+00:00,20400.25,20421.75,20398.0,20421.75,1409.0
2025-03-25 13:29:00+00:00,20401.0,20404.0,20394.75,20400.0,939.0
2025-03-25 13:30:00+00:00,20404.5,20406.25,20386.0,20403.25,3289.0
2025-03-25 13:31:00+00:00,20406.0,20419.25,20400.25,20404.75,2974.0
2025-03-25 13:32:00+00:00,20410.5,20421.5,20404.75,20406.75,2067.0
2025-03-25 13:33:00+00:00,20404.5,20415.75,20398.5,20409.5,2244.0
2025-03-25 13:34:00+00:00,20402.5,20413.25,20400.0,20406.25,1407.0
2025-03-25 13:35:00+00:00,20394.0,20405.5,20388.0,20402.5,2923.0
2025-03-25 13:36:00+00:00,20388.0,20396.0,20379.25,20394.0,2690.0
2025-03-25 13:37:00+00:00,20395.0,20406.5,20385.25,20388.5,2224.0
2025-03-25 13:38:00+00:00,20396.5,20403.5,20389.25,20395.0,1715.0
2025-03-25 13:39:00+00:00,20397.25,20404.75,20391.5,20396.25,1339.0
2025-03-25 13:40:00+00:00,20406.25,20414.25,20393.75,20396.25,2033.0
2025-03-25 13:41:00+00:00,20425.75,20426.5,20405.25,20405.5,1743.0
2025-03-25 13:42:00+00:00,20413.75,20429.0,20411.75,20424.25,1794.0
2025-03-25 13:43:00+00:00,20375.75,20415.25,20369.0,20412.5,3891.0
2025-03-25 13:44:00+00:00,20394.0,20396.5,20370.0,20373.25,2235.0
2025-03-25 13:45:00+00:00,20398.25,20399.5,20386.5,20395.5,1314.0
2025-03-25 13:46:00+00:00,20406.25,20406.5,20389.25,20397.0,1130.0
2025-03-25 13:47:00+00:00,20388.0,20408.5,20386.75,20405.0,1528.0
2025-03-25 13:48:00+00:00,20367.5,20391.25,20362.25,20386.25,2858.0
2025-03-25 13:49:00+00:00,20373.25,20376.5,20361.75,20367.75,1622.0
2025-03-25 13:50:00+00:00,20376.5,20377.25,20364.5,20372.5,1383.0
2025-03-25 13:51:00+00:00,20380.25,20385.0,20363.75,20374.5,1614.0
2025-03-25 13:52:00+00:00,20386.0,20390.0,20374.5,20378.0,908.0
2025-03-25 13:53:00+00:00,20397.0,20398.25,20381.0,20386.25,1316.0
2025-03-25 13:54:00+00:00,20401.75,20407.25,20395.0,20397.0,1237.0
2025-03-25 13:55:00+00:00,20409.75,20413.5,20399.75,20400.5,1264.0
2025-03-25 13:56:00+00:00,20410.0,20422.5,20407.75,20410.75,1726.0
2025-03-25 13:57:00+00:00,20415.75,20417.0,20407.5,20411.25,788.0
2025-03-25 13:58:00+00:00,20416.25,20423.25,20413.0,20415.0,994.0
2025-03-25 13:59:00+00:00,20412.75,20420.75,20407.75,20412.0,945.0
2025-03-25 14:00:00+00:00,20407.75,20440.25,20397.25,20415.5,3054.0
2025-03-25 14:01:00+00:00,20392.5,20407.5,20385.0,20406.0,2044.0
2025-03-25 14:02:00+00:00,20379.75,20393.75,20379.25,20388.25,1596.0
2025-03-25 14:03:00+00:00,20375.75,20382.75,20371.0,20375.25,1421.0
2025-03-25 14:04:00+00:00,20387.0,20389.25,20371.25,20377.5,1144.0
2025-03-25 14:05:00+00:00,20402.75,20404.75,20386.0,20387.25,1463.0
2025-03-25 14:06:00+00:00,20404.0,20412.5,20395.0,20402.5,1941.0
2025-03-25 14:07:00+00:00,20413.5,20415.25,20399.0,20403.25,1171.0
2025-03-25 14:08:00+00:00,20411.75,20420.0,20406.0,20415.25,1203.0
2025-03-25 14:09:00+00:00,20412.25,20416.75,20404.0,20412.0,860.0
2025-03-25 14:10:00+00:00,20425.0,20430.5,20406.0,20411.0,1746.0
2025-03-25 14:11:00+00:00,20414.0,20432.5,20411.5,20424.0,1446.0
2025-03-25 14:12:00+00:00,20423.5,20423.5,20406.25,20413.0,1111.0
2025-03-25 14:13:00+00:00,20427.75,20428.25,20417.75,20423.75,803.0
2025-03-25 14:14:00+00:00,20425.5,20436.0,20421.25,20426.5,1562.0
2025-03-25 14:15:00+00:00,20434.5,20437.0,20419.5,20422.75,1285.0
2025-03-25 14:16:00+00:00,20437.5,20442.0,20433.0,20435.25,1406.0
2025-03-25 14:17:00+00:00,20426.25,20438.25,20424.75,20437.0,1043.0
2025-03-25 14:18:00+00:00,20424.75,20428.75,20419.5,20424.25,894.0
2025-03-25 14:19:00+00:00,20425.25,20434.0,20421.75,20422.5,910.0
2025-03-25 14:20:00+00:00,20425.75,20428.75,20415.75,20423.75,911.0
2025-03-25 14:21:00+00:00,20432.5,20433.0,20418.25,20425.5,922.0
2025-03-25 14:22:00+00:00,20431.5,20435.5,20426.0,20433.25,818.0
2025-03-25 14:23:00+00:00,20429.0,20437.25,20427.75,20431.0,692.0
2025-03-25 14:24:00+00:00,20430.75,20432.0,20424.0,20427.5,632.0
2025-03-25 14:25:00+00:00,20432.25,20439.75,20428.75,20431.75,1049.0
2025-03-25 14:26:00+00:00,20432.0,20434.0,20425.5,20431.75,762.0
2025-03-25 14:27:00+00:00,20418.0,20434.25,20416.75,20432.5,1065.0
2025-03-25 14:28:00+00:00,20436.75,20443.25,20417.75,20418.5,1229.0
2025-03-25 14:29:00+00:00,20453.5,20454.75,20436.0,20437.5,2120.0
2025-03-25 14:30:00+00:00,20453.75,20455.75,20446.5,20454.5,1354.0
2025-03-25 14:31:00+00:00,20442.5,20455.0,20442.0,20453.5,1095.0
2025-03-25 14:32:00+00:00,20434.5,20444.75,20434.5,20441.25,1274.0
2025-03-25 14:33:00+00:00,20424.75,20435.25,20421.75,20434.5,1323.0
2025-03-25 14:34:00+00:00,20433.75,20434.75,20423.0,20425.0,905.0
2025-03-25 14:35:00+00:00,20444.0,20445.25,20432.5,20433.75,1129.0
2025-03-25 14:36:00+00:00,20449.25,20450.0,20440.5,20444.0,887.0
2025-03-25 14:37:00+00:00,20452.5,20453.75,20447.75,20449.25,921.0
2025-03-25 14:38:00+00:00,20464.25,20464.75,20449.25,20452.25,1325.0
2025-03-25 14:39:00+00:00,20462.5,20465.0,20460.75,20465.0,926.0
2025-03-25 14:40:00+00:00,20467.25,20469.5,20459.25,20462.5,1422.0
2025-03-25 14:41:00+00:00,20474.75,20476.0,20465.0,20467.25,1117.0
2025-03-25 14:42:00+00:00,20472.75,20479.0,20469.75,20474.5,1390.0
2025-03-25 14:43:00+00:00,20476.25,20480.0,20472.75,20473.75,777.0
2025-03-25 14:44:00+00:00,20479.75,20481.0,20475.5,20476.25,946.0
2025-03-25 14:45:00+00:00,20481.0,20483.0,20476.75,20480.75,916.0
2025-03-25 14:46:00+00:00,20480.5,20481.25,20475.25,20479.5,1123.0
2025-03-25 14:47:00+00:00,20486.5,20488.5,20479.5,20481.5,1117.0
2025-03-25 14:48:00+00:00,20484.5,20486.5,20480.0,20486.5,936.0
2025-03-25 14:49:00+00:00,20474.5,20486.5,20473.75,20484.0,1304.0
2025-03-25 14:50:00+00:00,20476.5,20480.25,20470.75,20474.5,1275.0
2025-03-25 14:51:00+00:00,20485.75,20487.5,20473.75,20476.0,1129.0
2025-03-25 14:52:00+00:00,20487.5,20491.0,20483.25,20486.0,1115.0
2025-03-25 14:53:00+00:00,20479.25,20490.75,20478.25,20487.5,1179.0
2025-03-25 14:54:00+00:00,20478.25,20483.75,20477.75,20478.25,644.0
2025-03-25 14:55:00+00:00,20487.0,20487.5,20478.5,20478.75,634.0
2025-03-25 14:56:00+00:00,20479.0,20488.0,20474.75,20487.0,971.0
2025-03-25 14:57:00+00:00,20468.5,20478.75,20466.5,20478.0,1424.0
2025-03-25 14:58:00+00:00,20471.25,20471.5,20461.5,20467.5,1453.0
2025-03-25 14:59:00+00:00,20477.0,20482.0,20470.0,20471.5,1179.0
2025-03-25 15:00:00+00:00,20479.75,20483.5,20472.5,20476.5,1192.0
2025-03-25 15:01:00+00:00,20479.5,20482.25,20476.25,20480.5,697.0
2025-03-25 15:02:00+00:00,20486.25,20487.25,20479.5,20479.75,778.0
2025-03-25 15:03:00+00:00,20489.5,20494.25,20485.5,20486.75,1223.0
2025-03-25 15:04:00+00:00,20477.0,20489.25,20476.5,20488.75,869.0
2025-03-25 15:05:00+00:00,20484.75,20487.0,20477.0,20477.5,685.0
2025-03-25 15:06:00+00:00,20488.0,20488.75,20483.25,20484.25,534.0
2025-03-25 15:07:00+00:00,20483.0,20495.25,20482.75,20487.0,1107.0
2025-03-25 15:08:00+00:00,20485.75,20488.25,20480.25,20482.5,569.0
2025-03-25 15:09:00+00:00,20489.5,20490.0,20483.5,20486.5,425.0
2025-03-25 15:10:00+00:00,20487.75,20491.25,20483.0,20488.75,576.0
2025-03-25 15:11:00+00:00,20484.75,20491.0,20483.5,20487.5,434.0
2025-03-25 15:12:00+00:00,20478.75,20484.25,20476.5,20483.25,1050.0
2025-03-25 15:13:00+00:00,20477.5,20481.25,20474.5,20478.5,511.0
2025-03-25 15:14:00+00:00,20480.0,20485.0,20476.0,20477.25,716.0
2025-03-25 15:15:00+00:00,20476.5,20485.0,20474.5,20480.5,871.0
2025-03-25 15:16:00+00:00,20473.25,20479.5,20472.25,20476.5,730.0
2025-03-25 15:17:00+00:00,20475.25,20479.75,20470.75,20472.25,837.0
2025-03-25 15:18:00+00:00,20473.25,20476.5,20471.25,20476.25,424.0
2025-03-25 15:19:00+00:00,20479.0,20482.75,20472.75,20473.25,788.0
2025-03-25 15:20:00+00:00,20474.0,20480.75,20470.75,20479.25,736.0
2025-03-25 15:21:00+00:00,20474.0,20478.25,20465.5,20473.75,988.0
2025-03-25 15:22:00+00:00,20479.5,20480.5,20473.25,20474.0,515.0
2025-03-25 15:23:00+00:00,20478.75,20483.5,20475.0,20479.0,633.0
2025-03-25 15:24:00+00:00,20479.25,20481.5,20475.75,20478.0,382.0
2025-03-25 15:25:00+00:00,20486.0,20486.25,20475.5,20479.25,589.0
2025-03-25 15:26:00+00:00,20482.25,20486.0,20480.25,20485.75,403.0
2025-03-25 15:27:00+00:00,20482.75,20485.75,20481.5,20482.25,321.0
2025-03-25 15:28:00+00:00,20477.0,20483.25,20476.0,20483.0,530.0
2025-03-25 15:29:00+00:00,20474.5,20478.0,20473.25,20477.0,493.0
2025-03-25 15:30:00+00:00,20471.5,20478.0,20470.25,20474.75,646.0
2025-03-25 15:31:00+00:00,20466.5,20477.0,20465.5,20471.5,718.0
2025-03-25 15:32:00+00:00,20461.0,20469.75,20458.75,20466.5,1098.0
2025-03-25 15:33:00+00:00,20462.5,20463.25,20458.75,20459.75,863.0
2025-03-25 15:34:00+00:00,20466.25,20466.75,20456.5,20462.5,1145.0
2025-03-25 15:35:00+00:00,20457.25,20468.25,20454.75,20467.75,1100.0
2025-03-25 15:36:00+00:00,20456.75,20460.25,20453.25,20457.5,1051.0
2025-03-25 15:37:00+00:00,20456.0,20459.25,20455.0,20456.75,488.0
2025-03-25 15:38:00+00:00,20462.25,20464.0,20454.0,20457.0,634.0
2025-03-25 15:39:00+00:00,20460.0,20462.75,20457.75,20461.25,680.0
2025-03-25 15:40:00+00:00,20454.75,20464.5,20449.5,20460.75,1215.0
2025-03-25 15:41:00+00:00,20456.5,20457.75,20450.5,20451.0,561.0
2025-03-25 15:42:00+00:00,20459.25,20462.0,20455.25,20456.25,556.0
2025-03-25 15:43:00+00:00,20463.75,20464.25,20458.0,20460.0,541.0
2025-03-25 15:44:00+00:00,20464.25,20465.25,20458.0,20462.5,421.0
2025-03-25 15:45:00+00:00,20451.75,20466.75,20451.25,20463.75,1098.0
2025-03-25 15:46:00+00:00,20452.25,20454.25,20447.75,20451.25,861.0
2025-03-25 15:47:00+00:00,20458.75,20460.0,20452.25,20453.5,641.0
2025-03-25 15:48:00+00:00,20454.5,20462.25,20454.0,20458.5,527.0
2025-03-25 15:49:00+00:00,20457.0,20458.0,20452.75,20453.0,469.0
2025-03-25 15:50:00+00:00,20463.0,20463.75,20455.75,20457.5,595.0
2025-03-25 15:51:00+00:00,20456.25,20464.25,20453.25,20463.0,741.0
2025-03-25 15:52:00+00:00,20449.5,20455.5,20447.75,20455.5,896.0
2025-03-25 15:53:00+00:00,20447.5,20452.75,20443.5,20450.5,902.0
2025-03-25 15:54:00+00:00,20442.0,20448.25,20441.5,20447.25,804.0
2025-03-25 15:55:00+00:00,20446.5,20449.5,20440.0,20441.5,888.0
2025-03-25 15:56:00+00:00,20441.25,20447.5,20438.5,20447.0,937.0
2025-03-25 15:57:00+00:00,20442.0,20446.0,20435.5,20439.5,1010.0
2025-03-25 15:58:00+00:00,20438.5,20441.75,20432.25,20441.75,1141.0
2025-03-25 15:59:00+00:00,20442.5,20445.0,20438.5,20439.0,625.0
2025-03-25 16:00:00+00:00,20445.0,20452.25,20442.0,20443.25,1107.0
2025-03-25 16:01:00+00:00,20449.75,20454.25,20441.0,20445.5,1090.0
2025-03-25 16:02:00+00:00,20441.25,20450.75,20438.0,20450.0,779.0
2025-03-25 16:03:00+00:00,20453.5,20454.75,20441.0,20442.75,882.0
2025-03-25 16:04:00+00:00,20443.75,20454.5,20443.0,20453.5,858.0
2025-03-25 16:05:00+00:00,20438.5,20444.75,20436.0,20442.25,877.0
2025-03-25 16:06:00+00:00,20442.75,20444.75,20435.0,20438.25,727.0
2025-03-25 16:07:00+00:00,20444.75,20445.5,20437.25,20443.5,562.0
2025-03-25 16:08:00+00:00,20442.0,20445.75,20439.25,20444.25,488.0
2025-03-25 16:09:00+00:00,20449.5,20451.5,20441.5,20442.0,769.0
2025-03-25 16:10:00+00:00,20455.0,20456.0,20444.25,20450.0,685.0
2025-03-25 16:11:00+00:00,20453.75,20459.25,20453.0,20453.75,1030.0
2025-03-25 16:12:00+00:00,20445.0,20455.25,20442.5,20453.75,890.0
2025-03-25 16:13:00+00:00,20447.75,20449.0,20442.5,20444.0,506.0
2025-03-25 16:14:00+00:00,20451.75,20453.0,20445.75,20448.0,488.0
2025-03-25 16:15:00+00:00,20441.25,20450.75,20440.5,20450.75,649.0
2025-03-25 16:16:00+00:00,20441.0,20442.25,20436.25,20440.5,640.0
2025-03-25 16:17:00+00:00,20435.0,20441.5,20434.0,20441.25,654.0
2025-03-25 16:18:00+00:00,20432.25,20438.5,20432.0,20435.0,750.0
2025-03-25 16:19:00+00:00,20434.75,20437.0,20427.75,20432.5,1155.0
2025-03-25 16:20:00+00:00,20435.5,20438.5,20433.25,20436.0,551.0
2025-03-25 16:21:00+00:00,20441.25,20443.25,20432.5,20436.0,670.0
2025-03-25 16:22:00+00:00,20444.5,20446.0,20440.5,20441.25,944.0
2025-03-25 16:23:00+00:00,20446.5,20451.0,20444.75,20444.75,835.0
2025-03-25 16:24:00+00:00,20447.75,20450.5,20444.5,20446.25,556.0
2025-03-25 16:25:00+00:00,20445.5,20449.0,20444.0,20447.5,569.0
2025-03-25 16:26:00+00:00,20436.5,20448.25,20436.25,20445.5,692.0
2025-03-25 16:27:00+00:00,20434.25,20441.25,20433.5,20436.75,705.0
2025-03-25 16:28:00+00:00,20434.5,20439.0,20433.0,20435.0,508.0
2025-03-25 16:29:00+00:00,20432.25,20436.0,20430.0,20433.0,570.0
2025-03-25 16:30:00+00:00,20426.0,20438.0,20423.0,20431.75,1319.0
2025-03-25 16:31:00+00:00,20424.25,20429.0,20420.5,20426.25,1222.0
2025-03-25 16:32:00+00:00,20420.0,20428.25,20417.75,20424.25,917.0
2025-03-25 16:33:00+00:00,20423.25,20425.25,20417.5,20420.25,1016.0
2025-03-25 16:34:00+00:00,20424.5,20427.0,20421.5,20423.5,959.0
2025-03-25 16:35:00+00:00,20422.25,20427.5,20421.0,20424.0,622.0
2025-03-25 16:36:00+00:00,20424.0,20430.0,20421.75,20422.25,707.0
2025-03-25 16:37:00+00:00,20423.25,20425.75,20420.0,20424.25,606.0
2025-03-25 16:38:00+00:00,20431.25,20431.75,20424.0,20424.25,606.0
2025-03-25 16:39:00+00:00,20430.0,20435.0,20428.75,20431.25,1008.0
2025-03-25 16:40:00+00:00,20431.0,20433.0,20427.5,20430.25,526.0
2025-03-25 16:41:00+00:00,20437.5,20438.5,20431.5,20431.75,822.0
2025-03-25 16:42:00+00:00,20444.25,20445.5,20436.25,20436.75,746.0
2025-03-25 16:43:00+00:00,20438.25,20443.75,20438.0,20443.5,514.0
2025-03-25 16:44:00+00:00,20441.25,20444.5,20438.25,20438.5,427.0
2025-03-25 16:45:00+00:00,20437.25,20443.5,20436.75,20441.75,465.0
2025-03-25 16:46:00+00:00,20443.5,20443.5,20432.75,20436.25,646.0
2025-03-25 16:47:00+00:00,20447.0,20448.25,20439.25,20443.75,646.0
2025-03-25 16:48:00+00:00,20441.25,20447.75,20439.75,20447.25,568.0
2025-03-25 16:49:00+00:00,20440.75,20442.5,20439.0,20440.75,407.0
2025-03-25 16:50:00+00:00,20450.25,20450.25,20438.25,20440.75,732.0
2025-03-25 16:51:00+00:00,20450.25,20453.25,20448.75,20449.75,765.0
2025-03-25 16:52:00+00:00,20453.75,20456.5,20448.25,20450.0,823.0
2025-03-25 16:53:00+00:00,20453.0,20455.25,20451.5,20453.5,529.0
2025-03-25 16:54:00+00:00,20458.5,20461.25,20453.5,20453.75,1005.0
2025-03-25 16:55:00+00:00,20458.25,20461.0,20456.75,20458.5,656.0
2025-03-25 16:56:00+00:00,20446.25,20459.5,20445.0,20458.5,1033.0
2025-03-25 16:57:00+00:00,20452.5,20454.0,20444.25,20446.25,776.0
2025-03-25 16:58:00+00:00,20446.75,20452.25,20445.5,20452.25,468.0
2025-03-25 16:59:00+00:00,20450.0,20450.75,20445.5,20446.75,421.0
2025-03-25 17:00:00+00:00,20456.75,20457.75,20449.75,20450.25,732.0
2025-03-25 17:01:00+00:00,20462.75,20462.75,20456.0,20458.25,743.0
2025-03-25 17:02:00+00:00,20468.0,20470.75,20462.0,20462.5,1036.0
2025-03-25 17:03:00+00:00,20466.75,20470.75,20465.5,20468.75,582.0
2025-03-25 17:04:00+00:00,20469.25,20469.75,20465.5,20466.75,409.0
2025-03-25 17:05:00+00:00,20468.25,20470.75,20467.25,20468.75,513.0
2025-03-25 17:06:00+00:00,20472.25,20472.25,20466.75,20469.0,534.0
2025-03-25 17:07:00+00:00,20473.5,20474.0,20470.5,20471.25,343.0
2025-03-25 17:08:00+00:00,20474.25,20479.25,20473.5,20474.0,746.0
2025-03-25 17:09:00+00:00,20477.5,20480.0,20473.75,20475.0,671.0
2025-03-25 17:10:00+00:00,20473.5,20478.0,20472.5,20477.5,637.0
2025-03-25 17:11:00+00:00,20468.75,20475.0,20468.5,20473.75,790.0
2025-03-25 17:12:00+00:00,20463.25,20471.0,20461.25,20469.0,908.0
2025-03-25 17:13:00+00:00,20463.0,20466.0,20461.0,20463.5,471.0
2025-03-25 17:14:00+00:00,20458.25,20463.25,20456.5,20463.25,656.0
2025-03-25 17:15:00+00:00,20459.25,20460.0,20453.75,20458.5,703.0
2025-03-25 17:16:00+00:00,20457.25,20459.25,20455.75,20457.25,376.0
2025-03-25 17:17:00+00:00,20446.5,20457.5,20443.0,20457.0,1497.0
2025-03-25 17:18:00+00:00,20441.5,20448.0,20440.25,20445.0,763.0
2025-03-25 17:19:00+00:00,20441.5,20445.25,20440.5,20442.25,651.0
2025-03-25 17:20:00+00:00,20438.5,20447.5,20435.5,20441.5,1094.0
2025-03-25 17:21:00+00:00,20438.75,20439.5,20433.0,20439.0,753.0
2025-03-25 17:22:00+00:00,20436.25,20440.5,20432.75,20438.5,679.0
2025-03-25 17:23:00+00:00,20431.25,20442.25,20431.25,20435.75,753.0
2025-03-25 17:24:00+00:00,20433.75,20435.5,20429.5,20431.25,577.0
2025-03-25 17:25:00+00:00,20428.75,20433.0,20423.75,20429.75,1248.0
2025-03-25 17:26:00+00:00,20427.75,20429.75,20424.0,20428.75,579.0
2025-03-25 17:27:00+00:00,20423.75,20428.75,20419.0,20428.0,867.0
2025-03-25 17:28:00+00:00,20418.0,20423.75,20416.0,20423.0,986.0
2025-03-25 17:29:00+00:00,20409.25,20418.25,20402.0,20417.25,1789.0
2025-03-25 17:30:00+00:00,20418.5,20421.5,20408.0,20409.0,1371.0
2025-03-25 17:31:00+00:00,20415.5,20421.0,20411.0,20417.25,823.0
2025-03-25 17:32:00+00:00,20418.25,20420.5,20413.75,20415.5,495.0
2025-03-25 17:33:00+00:00,20416.0,20419.75,20415.0,20419.0,399.0
2025-03-25 17:34:00+00:00,20420.5,20422.25,20410.5,20415.75,910.0
2025-03-25 17:35:00+00:00,20422.5,20424.0,20418.75,20418.75,486.0
2025-03-25 17:36:00+00:00,20416.25,20427.75,20416.0,20424.75,1323.0
2025-03-25 17:37:00+00:00,20419.75,20422.75,20415.5,20416.75,490.0
2025-03-25 17:38:00+00:00,20421.5,20422.5,20416.5,20419.5,357.0
2025-03-25 17:39:00+00:00,20416.5,20421.0,20414.25,20421.0,435.0
2025-03-25 17:40:00+00:00,20421.5,20422.25,20412.25,20416.75,645.0
2025-03-25 17:41:00+00:00,20427.5,20428.5,20421.25,20421.25,795.0
2025-03-25 17:42:00+00:00,20423.0,20428.25,20422.0,20427.25,522.0
2025-03-25 17:43:00+00:00,20422.25,20428.5,20421.25,20423.0,549.0
2025-03-25 17:44:00+00:00,20425.5,20426.75,20422.0,20422.5,337.0
2025-03-25 17:45:00+00:00,20423.5,20424.75,20416.75,20423.75,515.0
2025-03-25 17:46:00+00:00,20422.0,20424.5,20417.25,20423.25,512.0
2025-03-25 17:47:00+00:00,20426.25,20428.25,20419.0,20420.0,505.0
2025-03-25 17:48:00+00:00,20419.5,20427.0,20419.0,20427.0,501.0
2025-03-25 17:49:00+00:00,20419.25,20424.0,20416.0,20421.5,746.0
2025-03-25 17:50:00+00:00,20418.0,20421.0,20414.5,20419.0,700.0
2025-03-25 17:51:00+00:00,20416.5,20419.0,20410.75,20418.5,635.0
2025-03-25 17:52:00+00:00,20412.25,20421.75,20410.5,20415.5,654.0
2025-03-25 17:53:00+00:00,20415.5,20417.5,20410.0,20412.75,358.0
2025-03-25 17:54:00+00:00,20420.75,20422.25,20415.75,20416.25,466.0
2025-03-25 17:55:00+00:00,20421.5,20424.75,20417.5,20419.75,522.0
2025-03-25 17:56:00+00:00,20424.0,20426.5,20420.0,20421.5,401.0
2025-03-25 17:57:00+00:00,20425.75,20427.75,20423.5,20424.0,412.0
2025-03-25 17:58:00+00:00,20412.25,20426.0,20410.0,20424.5,893.0
2025-03-25 17:59:00+00:00,20414.5,20416.5,20411.5,20412.0,562.0
2025-03-25 18:00:00+00:00,20417.25,20417.75,20406.25,20413.25,1219.0
2025-03-25 18:01:00+00:00,20416.0,20418.0,20409.0,20414.0,763.0
2025-03-25 18:02:00+00:00,20415.25,20416.0,20411.0,20416.0,511.0
2025-03-25 18:03:00+00:00,20412.75,20416.0,20407.25,20415.25,407.0
2025-03-25 18:04:00+00:00,20415.75,20417.0,20411.0,20412.5,326.0
2025-03-25 18:05:00+00:00,20410.25,20418.75,20410.0,20415.0,529.0
2025-03-25 18:06:00+00:00,20409.25,20411.0,20402.75,20410.5,1433.0
2025-03-25 18:07:00+00:00,20410.25,20411.25,20406.0,20408.75,525.0
2025-03-25 18:08:00+00:00,20421.25,20423.0,20410.0,20411.5,1148.0
2025-03-25 18:09:00+00:00,20425.0,20427.25,20420.75,20421.25,779.0
2025-03-25 18:10:00+00:00,20434.5,20436.25,20423.75,20425.5,1438.0
2025-03-25 18:11:00+00:00,20434.75,20437.5,20431.75,20435.5,599.0
2025-03-25 18:12:00+00:00,20433.5,20438.75,20430.25,20435.75,686.0
2025-03-25 18:13:00+00:00,20436.0,20437.5,20432.5,20434.25,398.0
2025-03-25 18:14:00+00:00,20440.0,20441.25,20431.5,20435.75,718.0
2025-03-25 18:15:00+00:00,20435.25,20446.5,20434.25,20440.25,1261.0
2025-03-25 18:16:00+00:00,20438.0,20438.5,20430.75,20435.25,786.0
2025-03-25 18:17:00+00:00,20439.25,20443.5,20436.75,20437.75,477.0
2025-03-25 18:18:00+00:00,20446.75,20447.5,20439.0,20439.5,645.0
2025-03-25 18:19:00+00:00,20445.5,20449.0,20443.25,20446.0,862.0
2025-03-25 18:20:00+00:00,20454.25,20456.25,20445.25,20445.5,1142.0
2025-03-25 18:21:00+00:00,20455.5,20456.75,20451.75,20454.5,648.0
2025-03-25 18:22:00+00:00,20451.25,20457.25,20451.0,20455.75,623.0
2025-03-25 18:23:00+00:00,20448.0,20452.5,20447.5,20451.0,616.0
2025-03-25 18:24:00+00:00,20446.5,20450.25,20444.75,20448.0,566.0
2025-03-25 18:25:00+00:00,20431.0,20447.5,20429.75,20446.0,1391.0
2025-03-25 18:26:00+00:00,20434.25,20438.0,20430.25,20431.25,660.0
2025-03-25 18:27:00+00:00,20433.75,20439.25,20433.0,20435.5,385.0
2025-03-25 18:28:00+00:00,20434.5,20437.75,20431.0,20433.0,481.0
2025-03-25 18:29:00+00:00,20434.5,20435.5,20429.25,20434.5,462.0
2025-03-25 18:30:00+00:00,20435.25,20441.0,20431.0,20434.5,958.0
2025-03-25 18:31:00+00:00,20428.75,20438.0,20427.0,20434.25,881.0
2025-03-25 18:32:00+00:00,20426.75,20430.25,20424.25,20428.25,821.0
2025-03-25 18:33:00+00:00,20436.75,20438.25,20425.75,20427.0,809.0
2025-03-25 18:34:00+00:00,20434.5,20437.75,20429.75,20436.5,559.0
2025-03-25 18:35:00+00:00,20430.0,20439.75,20429.25,20435.0,706.0
2025-03-25 18:36:00+00:00,20432.0,20438.25,20428.25,20429.5,487.0
2025-03-25 18:37:00+00:00,20430.75,20435.0,20430.75,20432.75,228.0
2025-03-25 18:38:00+00:00,20431.5,20432.5,20428.25,20430.75,385.0
2025-03-25 18:39:00+00:00,20428.5,20431.75,20425.25,20431.5,456.0
2025-03-25 18:40:00+00:00,20428.5,20431.75,20426.25,20428.5,382.0
2025-03-25 18:41:00+00:00,20418.5,20430.0,20418.0,20427.0,994.0
2025-03-25 18:42:00+00:00,20421.0,20423.25,20415.75,20418.75,685.0
2025-03-25 18:43:00+00:00,20421.75,20423.75,20417.5,20420.5,533.0
2025-03-25 18:44:00+00:00,20425.75,20427.75,20421.25,20421.5,479.0
2025-03-25 18:45:00+00:00,20428.75,20429.0,20423.25,20424.75,476.0
2025-03-25 18:46:00+00:00,20422.25,20431.0,20422.0,20429.5,494.0
2025-03-25 18:47:00+00:00,20428.0,20429.25,20422.0,20423.25,479.0
2025-03-25 18:48:00+00:00,20428.75,20433.5,20426.75,20428.5,612.0
2025-03-25 18:49:00+00:00,20416.5,20429.0,20415.5,20427.5,742.0
2025-03-25 18:50:00+00:00,20422.25,20426.0,20413.25,20415.5,945.0
2025-03-25 18:51:00+00:00,20424.75,20424.75,20419.25,20421.5,476.0
2025-03-25 18:52:00+00:00,20414.75,20424.5,20412.0,20423.25,778.0
2025-03-25 18:53:00+00:00,20430.75,20430.75,20414.75,20414.75,1014.0
2025-03-25 18:54:00+00:00,20427.75,20431.5,20425.5,20430.0,682.0
2025-03-25 18:55:00+00:00,20430.25,20435.25,20426.25,20427.5,679.0
2025-03-25 18:56:00+00:00,20428.0,20430.75,20422.5,20430.75,694.0
2025-03-25 18:57:00+00:00,20431.0,20431.75,20426.75,20427.25,369.0
2025-03-25 18:58:00+00:00,20431.5,20433.0,20426.5,20432.25,330.0
2025-03-25 18:59:00+00:00,20427.75,20431.75,20426.5,20431.5,297.0
2025-03-25 19:00:00+00:00,20436.0,20436.0,20425.0,20427.5,623.0
2025-03-25 19:01:00+00:00,20436.25,20438.25,20431.0,20435.5,495.0
2025-03-25 19:02:00+00:00,20441.0,20444.5,20436.0,20437.25,1024.0
2025-03-25 19:03:00+00:00,20445.25,20446.0,20441.0,20442.25,451.0
2025-03-25 19:04:00+00:00,20441.25,20446.0,20441.0,20445.0,523.0
2025-03-25 19:05:00+00:00,20441.25,20444.5,20439.25,20441.75,442.0
2025-03-25 19:06:00+00:00,20446.25,20447.5,20441.0,20442.0,609.0
2025-03-25 19:07:00+00:00,20447.5,20449.5,20444.5,20446.25,666.0
2025-03-25 19:08:00+00:00,20438.5,20448.75,20437.75,20448.25,688.0
2025-03-25 19:09:00+00:00,20444.75,20446.0,20436.0,20436.5,531.0
2025-03-25 19:10:00+00:00,20448.75,20453.5,20445.5,20447.0,999.0
2025-03-25 19:11:00+00:00,20443.5,20452.25,20443.5,20449.0,859.0
2025-03-25 19:12:00+00:00,20432.5,20444.0,20432.0,20443.75,904.0
2025-03-25 19:13:00+00:00,20433.5,20438.0,20427.25,20432.5,978.0
2025-03-25 19:14:00+00:00,20433.5,20435.5,20429.25,20434.0,597.0
2025-03-25 19:15:00+00:00,20430.0,20437.0,20429.25,20433.25,457.0
2025-03-25 19:16:00+00:00,20430.25,20434.5,20426.25,20431.25,478.0
2025-03-25 19:17:00+00:00,20437.25,20439.25,20429.0,20430.25,778.0
2025-03-25 19:18:00+00:00,20437.5,20438.5,20431.25,20437.0,427.0
2025-03-25 19:19:00+00:00,20441.5,20443.0,20436.25,20436.75,835.0
2025-03-25 19:20:00+00:00,20442.25,20442.5,20436.5,20441.25,465.0
2025-03-25 19:21:00+00:00,20441.75,20447.0,20440.0,20440.75,588.0
2025-03-25 19:22:00+00:00,20443.75,20446.25,20440.75,20442.0,388.0
2025-03-25 19:23:00+00:00,20450.25,20450.75,20443.25,20443.75,337.0
2025-03-25 19:24:00+00:00,20450.75,20452.0,20446.0,20449.75,442.0
2025-03-25 19:25:00+00:00,20449.0,20452.25,20446.0,20450.75,400.0
2025-03-25 19:26:00+00:00,20448.0,20451.0,20447.5,20449.5,318.0
2025-03-25 19:27:00+00:00,20444.75,20448.25,20439.75,20448.0,827.0
2025-03-25 19:28:00+00:00,20446.0,20448.25,20443.25,20445.0,341.0
2025-03-25 19:29:00+00:00,20437.5,20445.75,20437.5,20445.75,515.0
2025-03-25 19:30:00+00:00,20446.75,20447.25,20437.0,20437.5,927.0
2025-03-25 19:31:00+00:00,20452.25,20454.75,20445.25,20446.25,836.0
2025-03-25 19:32:00+00:00,20452.0,20453.25,20448.5,20452.5,783.0
2025-03-25 19:33:00+00:00,20452.5,20455.0,20449.75,20454.0,507.0
2025-03-25 19:34:00+00:00,20455.5,20456.75,20452.25,20452.5,617.0
2025-03-25 19:35:00+00:00,20457.25,20458.75,20450.0,20454.75,1249.0
2025-03-25 19:36:00+00:00,20457.25,20465.75,20453.75,20455.5,1499.0
2025-03-25 19:37:00+00:00,20465.25,20466.75,20455.5,20458.0,897.0
2025-03-25 19:38:00+00:00,20458.25,20467.5,20452.25,20466.0,1047.0
2025-03-25 19:39:00+00:00,20458.75,20460.5,20453.0,20457.25,720.0
2025-03-25 19:40:00+00:00,20460.5,20463.0,20457.0,20458.5,627.0
2025-03-25 19:41:00+00:00,20460.75,20464.5,20457.0,20461.5,618.0
2025-03-25 19:42:00+00:00,20463.5,20464.75,20458.25,20460.5,642.0
2025-03-25 19:43:00+00:00,20463.0,20468.25,20462.0,20463.0,718.0
2025-03-25 19:44:00+00:00,20465.0,20469.25,20461.75,20465.75,783.0
2025-03-25 19:45:00+00:00,20468.25,20468.75,20461.75,20465.75,555.0
2025-03-25 19:46:00+00:00,20474.75,20476.0,20466.75,20468.25,1204.0
2025-03-25 19:47:00+00:00,20478.75,20485.0,20473.5,20475.5,1697.0
2025-03-25 19:48:00+00:00,20480.25,20485.5,20478.5,20480.25,854.0
2025-03-25 19:49:00+00:00,20481.5,20487.0,20479.25,20480.0,856.0
2025-03-25 19:50:00+00:00,20476.75,20482.75,20462.0,20480.0,2530.0
2025-03-25 19:51:00+00:00,20480.0,20483.5,20475.5,20477.5,1019.0
2025-03-25 19:52:00+00:00,20481.25,20483.5,20475.75,20479.0,947.0
2025-03-25 19:53:00+00:00,20485.75,20491.75,20475.0,20480.25,1575.0
2025-03-25 19:54:00+00:00,20482.25,20492.75,20478.75,20483.25,2487.0
2025-03-25 19:55:00+00:00,20482.5,20492.75,20477.75,20481.5,1827.0
2025-03-25 19:56:00+00:00,20486.75,20488.75,20483.75,20484.0,783.0
2025-03-25 19:57:00+00:00,20488.25,20491.25,20485.5,20488.0,1150.0
2025-03-25 19:58:00+00:00,20482.25,20489.0,20482.25,20488.75,1242.0
2025-03-25 19:59:00+00:00,20488.0,20492.0,20475.5,20483.5,7838.0
2025-03-25 20:00:00+00:00,20501.0,20503.0,20486.75,20487.75,3686.0
2025-03-25 20:01:00+00:00,20500.75,20503.5,20494.5,20501.5,1215.0
2025-03-25 20:02:00+00:00,20501.0,20503.0,20497.5,20501.0,683.0
2025-03-25 20:03:00+00:00,20498.75,20502.0,20498.25,20501.0,447.0
2025-03-25 20:04:00+00:00,20501.5,20502.75,20496.75,20498.5,371.0
2025-03-25 20:05:00+00:00,20500.75,20502.5,20498.25,20501.0,290.0
2025-03-25 20:06:00+00:00,20503.5,20504.5,20499.5,20500.75,326.0
2025-03-25 20:07:00+00:00,20505.5,20506.75,20503.0,20505.0,538.0
2025-03-25 20:08:00+00:00,20505.25,20510.0,20504.25,20506.0,551.0
2025-03-25 20:09:00+00:00,20504.75,20507.0,20503.75,20504.0,153.0
2025-03-25 20:10:00+00:00,20505.5,20507.25,20504.25,20504.25,140.0
2025-03-25 20:11:00+00:00,20504.25,20506.0,20502.5,20505.75,300.0
2025-03-25 20:12:00+00:00,20504.0,20504.25,20502.25,20504.0,235.0
2025-03-25 20:13:00+00:00,20502.0,20503.5,20500.0,20503.5,330.0
2025-03-25 20:14:00+00:00,20502.75,20504.25,20500.25,20502.0,337.0
2025-03-25 20:15:00+00:00,20505.0,20505.25,20502.75,20503.0,105.0
2025-03-25 20:16:00+00:00,20507.25,20508.75,20504.75,20505.0,215.0
2025-03-25 20:17:00+00:00,20509.0,20509.0,20506.75,20507.0,81.0
2025-03-25 20:18:00+00:00,20511.0,20512.5,20508.5,20508.5,353.0
2025-03-25 20:19:00+00:00,20510.25,20511.5,20510.0,20511.0,118.0
2025-03-25 20:20:00+00:00,20509.25,20511.5,20508.75,20511.0,83.0
2025-03-25 20:21:00+00:00,20508.0,20510.25,20507.25,20509.0,160.0
2025-03-25 20:22:00+00:00,20509.25,20510.0,20506.75,20508.0,184.0
2025-03-25 20:23:00+00:00,20511.75,20512.75,20509.75,20509.75,150.0
2025-03-25 20:24:00+00:00,20511.25,20512.0,20510.25,20511.25,99.0
2025-03-25 20:25:00+00:00,20511.5,20512.0,20510.5,20511.0,91.0
2025-03-25 20:26:00+00:00,20513.75,20514.25,20511.5,20511.75,205.0
2025-03-25 20:27:00+00:00,20514.25,20515.25,20512.75,20513.0,134.0
2025-03-25 20:28:00+00:00,20517.5,20518.75,20514.5,20515.5,304.0
2025-03-25 20:29:00+00:00,20518.25,20520.25,20515.5,20517.5,351.0
2025-03-25 20:30:00+00:00,20516.5,20518.5,20515.5,20517.75,157.0
2025-03-25 20:31:00+00:00,20517.5,20517.75,20515.75,20516.0,77.0
2025-03-25 20:32:00+00:00,20517.0,20517.5,20516.5,20517.5,44.0
2025-03-25 20:33:00+00:00,20517.75,20518.0,20516.75,20517.25,112.0
2025-03-25 20:34:00+00:00,20518.5,20519.25,20517.5,20517.5,103.0
2025-03-25 20:35:00+00:00,20519.75,20519.75,20517.5,20518.25,78.0
2025-03-25 20:36:00+00:00,20522.0,20522.75,20519.0,20519.5,140.0
2025-03-25 20:37:00+00:00,20521.5,20523.25,20521.0,20522.0,124.0
2025-03-25 20:38:00+00:00,20522.25,20523.5,20521.0,20522.0,80.0
2025-03-25 20:39:00+00:00,20522.5,20524.75,20522.0,20522.25,205.0
2025-03-25 20:40:00+00:00,20519.75,20522.0,20518.0,20521.75,187.0
2025-03-25 20:41:00+00:00,20520.0,20520.25,20518.25,20519.5,65.0
2025-03-25 20:42:00+00:00,20519.25,20520.25,20518.75,20520.25,42.0
2025-03-25 20:43:00+00:00,20518.0,20519.25,20517.5,20519.0,107.0
2025-03-25 20:44:00+00:00,20519.0,20519.0,20517.5,20518.0,109.0
2025-03-25 20:45:00+00:00,20520.0,20520.75,20518.0,20518.75,133.0
2025-03-25 20:46:00+00:00,20517.0,20520.25,20517.0,20519.75,99.0
2025-03-25 20:47:00+00:00,20516.75,20518.25,20516.5,20516.75,74.0
2025-03-25 20:48:00+00:00,20518.0,20518.25,20516.25,20516.75,47.0
2025-03-25 20:49:00+00:00,20516.75,20519.0,20515.5,20518.0,130.0
2025-03-25 20:50:00+00:00,20515.0,20517.25,20515.0,20516.5,88.0
2025-03-25 20:51:00+00:00,20515.75,20516.75,20515.0,20515.25,86.0
2025-03-25 20:52:00+00:00,20516.25,20516.5,20515.25,20515.5,50.0
2025-03-25 20:53:00+00:00,20516.25,20516.5,20515.0,20516.25,45.0
2025-03-25 20:54:00+00:00,20514.75,20516.5,20514.75,20516.0,77.0
2025-03-25 20:55:00+00:00,20513.75,20515.25,20512.0,20514.25,152.0
2025-03-25 20:56:00+00:00,20515.5,20516.25,20513.25,20513.5,52.0
2025-03-25 20:57:00+00:00,20513.5,20515.5,20513.0,20515.5,47.0
2025-03-25 20:58:00+00:00,20512.75,20513.25,20512.0,20512.5,100.0
2025-03-25 20:59:00+00:00,20517.25,20519.25,20512.0,20513.5,232.0
2025-03-25 22:00:00+00:00,20509.75,20518.5,20509.75,20515.0,0.0
2025-03-25 22:01:00+00:00,20512.75,20516.25,20508.0,20513.0,160.0
2025-03-25 22:02:00+00:00,20516.0,20516.0,20511.75,20512.75,65.0
2025-03-25 22:03:00+00:00,20516.25,20518.5,20514.75,20514.75,73.0
2025-03-25 22:04:00+00:00,20513.75,20515.75,20513.25,20514.5,41.0
2025-03-25 22:05:00+00:00,20512.75,20517.0,20511.75,20514.75,106.0
2025-03-25 22:06:00+00:00,20513.5,20514.0,20511.75,20513.0,55.0
2025-03-25 22:07:00+00:00,20515.0,20516.25,20513.5,20513.75,39.0
2025-03-25 22:08:00+00:00,20519.0,20519.0,20515.25,20515.5,112.0
2025-03-25 22:09:00+00:00,20518.25,20522.5,20517.75,20519.5,114.0
2025-03-25 22:10:00+00:00,20527.25,20531.5,20519.25,20519.25,248.0
2025-03-25 22:11:00+00:00,20524.5,20529.0,20524.0,20526.5,101.0
2025-03-25 22:12:00+00:00,20525.0,20525.75,20524.0,20524.75,59.0
2025-03-25 22:13:00+00:00,20521.0,20526.25,20520.5,20525.5,103.0
2025-03-25 22:14:00+00:00,20517.0,20521.75,20517.0,20521.5,100.0
2025-03-25 22:15:00+00:00,20517.25,20519.25,20516.75,20517.25,57.0
2025-03-25 22:16:00+00:00,20518.25,20518.25,20514.75,20516.5,62.0
2025-03-25 22:17:00+00:00,20516.75,20517.75,20516.75,20517.75,11.0
2025-03-25 22:18:00+00:00,20516.75,20516.75,20513.5,20516.0,67.0
2025-03-25 22:19:00+00:00,20515.0,20517.25,20514.75,20517.0,31.0
2025-03-25 22:20:00+00:00,20514.75,20516.0,20514.5,20515.75,24.0
2025-03-25 22:21:00+00:00,20514.75,20515.75,20513.75,20514.5,39.0
2025-03-25 22:22:00+00:00,20515.25,20516.0,20513.0,20515.0,61.0
2025-03-25 22:23:00+00:00,20513.25,20515.5,20512.5,20515.5,64.0
2025-03-25 22:24:00+00:00,20513.25,20514.5,20511.75,20513.75,65.0
2025-03-25 22:25:00+00:00,20513.25,20513.75,20513.25,20513.5,7.0
2025-03-25 22:26:00+00:00,20512.75,20513.25,20511.75,20513.0,40.0
2025-03-25 22:27:00+00:00,20512.25,20513.0,20510.75,20512.75,42.0
2025-03-25 22:28:00+00:00,20512.25,20512.5,20510.0,20512.0,50.0
2025-03-25 22:29:00+00:00,20512.0,20512.25,20511.0,20512.25,21.0
2025-03-25 22:30:00+00:00,20511.75,20512.0,20510.0,20512.0,37.0
2025-03-25 22:31:00+00:00,20511.25,20512.5,20511.0,20511.0,16.0
2025-03-25 22:32:00+00:00,20513.25,20513.25,20510.5,20511.25,36.0
2025-03-25 22:33:00+00:00,20511.25,20512.0,20510.0,20512.0,22.0
2025-03-25 22:34:00+00:00,20510.5,20512.25,20510.5,20512.0,13.0
2025-03-25 22:35:00+00:00,20509.25,20510.25,20508.0,20509.75,87.0
2025-03-25 22:36:00+00:00,20509.0,20511.25,20508.5,20509.75,60.0
2025-03-25 22:37:00+00:00,20511.0,20511.0,20509.25,20509.5,25.0
2025-03-25 22:38:00+00:00,20512.75,20512.75,20510.25,20511.0,49.0
2025-03-25 22:39:00+00:00,20507.5,20512.25,20507.5,20512.0,111.0
2025-03-25 22:40:00+00:00,20506.5,20509.0,20504.0,20508.5,179.0
2025-03-25 22:41:00+00:00,20508.0,20508.25,20506.75,20506.75,30.0
2025-03-25 22:42:00+00:00,20508.5,20509.25,20507.5,20508.5,33.0
2025-03-25 22:43:00+00:00,20508.25,20509.5,20508.0,20508.0,20.0
2025-03-25 22:44:00+00:00,20509.0,20509.0,20508.25,20508.5,16.0
2025-03-25 22:45:00+00:00,20506.5,20508.75,20506.5,20508.75,34.0
2025-03-25 22:46:00+00:00,20508.75,20508.75,20506.75,20507.0,23.0
2025-03-25 22:47:00+00:00,20508.25,20509.25,20507.75,20509.0,16.0
2025-03-25 22:48:00+00:00,20511.0,20511.25,20508.75,20508.75,73.0
2025-03-25 22:49:00+00:00,20510.0,20510.75,20509.25,20510.0,20.0
2025-03-25 22:50:00+00:00,20509.75,20512.0,20509.75,20509.75,53.0
2025-03-25 22:51:00+00:00,20511.25,20511.5,20509.75,20510.25,24.0
2025-03-25 22:52:00+00:00,20510.25,20511.5,20510.25,20511.0,24.0
2025-03-25 22:53:00+00:00,20512.25,20513.25,20511.0,20511.25,54.0
2025-03-25 22:54:00+00:00,20511.0,20513.75,20511.0,20513.0,45.0
2025-03-25 22:55:00+00:00,20512.0,20513.5,20511.25,20511.25,22.0
2025-03-25 22:56:00+00:00,20510.5,20510.75,20509.25,20510.75,32.0
2025-03-25 22:57:00+00:00,20510.75,20511.25,20510.0,20510.25,16.0
2025-03-25 22:58:00+00:00,20509.75,20511.5,20509.25,20510.25,46.0
2025-03-25 22:59:00+00:00,20508.75,20511.0,20508.0,20510.5,51.0
2025-03-25 23:00:00+00:00,20510.25,20512.5,20508.75,20508.75,76.0
2025-03-25 23:01:00+00:00,20512.5,20512.5,20510.0,20510.5,31.0
2025-03-25 23:02:00+00:00,20516.25,20516.75,20512.0,20512.0,96.0
2025-03-25 23:03:00+00:00,20514.0,20516.5,20513.0,20516.25,71.0
2025-03-25 23:04:00+00:00,20513.0,20513.5,20511.25,20512.75,41.0
2025-03-25 23:05:00+00:00,20512.25,20514.25,20512.25,20513.5,22.0
2025-03-25 23:06:00+00:00,20512.75,20513.0,20512.5,20512.5,13.0
2025-03-25 23:07:00+00:00,20512.25,20513.5,20512.0,20512.75,13.0
2025-03-25 23:08:00+00:00,20514.25,20514.25,20512.0,20512.0,18.0
2025-03-25 23:09:00+00:00,20514.0,20515.5,20513.75,20514.5,24.0
2025-03-25 23:10:00+00:00,20515.0,20516.75,20514.0,20516.25,68.0
2025-03-25 23:11:00+00:00,20513.25,20515.0,20513.25,20514.5,8.0
2025-03-25 23:12:00+00:00,20513.75,20513.75,20511.75,20513.0,29.0
2025-03-25 23:13:00+00:00,20513.0,20513.25,20512.75,20512.75,5.0
2025-03-25 23:14:00+00:00,20515.0,20515.0,20512.5,20513.0,30.0
2025-03-25 23:15:00+00:00,20515.0,20516.0,20514.0,20515.0,26.0
2025-03-25 23:16:00+00:00,20515.25,20515.75,20515.0,20515.0,17.0
2025-03-25 23:17:00+00:00,20515.0,20516.0,20513.25,20515.5,47.0
2025-03-25 23:18:00+00:00,20514.25,20514.75,20513.75,20514.0,7.0
2025-03-25 23:19:00+00:00,20512.75,20514.25,20512.75,20514.0,14.0
2025-03-25 23:20:00+00:00,20513.5,20513.5,20512.75,20512.75,13.0
2025-03-25 23:21:00+00:00,20511.5,20513.25,20511.0,20513.25,34.0
2025-03-25 23:22:00+00:00,20512.75,20513.25,20512.0,20512.0,20.0
2025-03-25 23:23:00+00:00,20513.75,20515.25,20513.25,20513.25,25.0
2025-03-25 23:24:00+00:00,20514.5,20515.0,20513.0,20514.0,17.0
2025-03-25 23:25:00+00:00,20514.75,20515.0,20514.0,20514.5,16.0
2025-03-25 23:26:00+00:00,20515.5,20518.0,20515.25,20515.5,64.0
2025-03-25 23:27:00+00:00,20515.5,20516.75,20515.5,20516.25,11.0
2025-03-25 23:28:00+00:00,20516.75,20516.75,20515.25,20516.5,5.0
2025-03-25 23:29:00+00:00,20516.25,20517.5,20516.25,20517.0,17.0
2025-03-25 23:30:00+00:00,20514.5,20516.25,20512.75,20515.5,37.0
2025-03-25 23:31:00+00:00,20513.5,20514.25,20511.25,20514.25,26.0
2025-03-25 23:32:00+00:00,20513.0,20514.0,20513.0,20513.5,10.0
2025-03-25 23:33:00+00:00,20514.75,20515.75,20514.0,20514.0,44.0
2025-03-25 23:34:00+00:00,20516.0,20518.25,20515.75,20516.0,59.0
2025-03-25 23:35:00+00:00,20515.75,20516.75,20515.0,20516.75,14.0
2025-03-25 23:36:00+00:00,20516.0,20516.25,20515.0,20515.0,12.0
2025-03-25 23:37:00+00:00,20516.5,20517.75,20516.25,20517.0,12.0
2025-03-25 23:38:00+00:00,20517.5,20518.0,20516.25,20516.25,15.0
2025-03-25 23:39:00+00:00,20519.75,20520.25,20518.0,20518.0,86.0
2025-03-25 23:40:00+00:00,20520.25,20520.75,20518.75,20519.5,30.0
2025-03-25 23:41:00+00:00,20519.75,20520.25,20519.0,20520.25,17.0
2025-03-25 23:42:00+00:00,20520.0,20520.25,20519.0,20520.0,15.0
2025-03-25 23:43:00+00:00,20520.75,20521.25,20519.5,20520.0,27.0
2025-03-25 23:44:00+00:00,20522.5,20523.5,20519.25,20520.5,64.0
2025-03-25 23:45:00+00:00,20521.75,20522.5,20520.75,20521.75,46.0
2025-03-25 23:46:00+00:00,20531.25,20534.0,20521.0,20521.0,295.0
2025-03-25 23:47:00+00:00,20528.25,20532.0,20527.25,20531.0,130.0
2025-03-25 23:48:00+00:00,20530.5,20531.25,20527.0,20527.25,76.0
2025-03-25 23:49:00+00:00,20527.5,20530.5,20527.5,20530.5,37.0
2025-03-25 23:50:00+00:00,20529.0,20529.0,20526.0,20527.5,55.0
2025-03-25 23:51:00+00:00,20529.25,20529.75,20528.5,20528.75,25.0
2025-03-25 23:52:00+00:00,20527.5,20528.75,20526.5,20528.0,32.0
2025-03-25 23:53:00+00:00,20525.0,20527.25,20524.0,20527.25,74.0
2025-03-25 23:54:00+00:00,20526.0,20526.5,20524.5,20524.75,20.0
2025-03-25 23:55:00+00:00,20524.75,20526.0,20522.75,20525.75,79.0
2025-03-25 23:56:00+00:00,20523.5,20525.25,20522.25,20524.25,51.0
2025-03-25 23:57:00+00:00,20523.5,20524.5,20523.0,20523.0,32.0
2025-03-25 23:58:00+00:00,20522.75,20524.0,20521.5,20523.5,32.0
2025-03-25 23:59:00+00:00,20523.5,20524.25,20522.5,20522.75,43.0
2025-03-26 00:00:00+00:00,20515.25,20524.75,20515.0,20523.5,255.0
2025-03-26 00:01:00+00:00,20514.75,20516.75,20512.25,20514.25,101.0
2025-03-26 00:02:00+00:00,20513.25,20515.75,20512.75,20514.75,50.0
2025-03-26 00:03:00+00:00,20512.75,20515.0,20511.0,20514.25,82.0
2025-03-26 00:04:00+00:00,20513.0,20514.75,20512.75,20513.0,29.0
2025-03-26 00:05:00+00:00,20514.0,20514.0,20512.25,20513.25,21.0
2025-03-26 00:06:00+00:00,20515.25,20516.25,20512.75,20512.75,30.0
2025-03-26 00:07:00+00:00,20516.25,20517.0,20514.5,20515.5,43.0
2025-03-26 00:08:00+00:00,20515.25,20515.5,20513.25,20515.0,31.0
2025-03-26 00:09:00+00:00,20514.75,20516.5,20514.75,20515.0,14.0
2025-03-26 00:10:00+00:00,20515.5,20516.0,20513.25,20516.0,33.0
2025-03-26 00:11:00+00:00,20517.0,20518.0,20516.0,20516.25,38.0
2025-03-26 00:12:00+00:00,20516.25,20517.25,20515.0,20517.0,50.0
2025-03-26 00:13:00+00:00,20519.0,20519.75,20516.75,20516.75,62.0
2025-03-26 00:14:00+00:00,20521.0,20521.0,20519.0,20519.5,51.0
2025-03-26 00:15:00+00:00,20518.25,20522.25,20518.0,20520.25,68.0
2025-03-26 00:16:00+00:00,20521.5,20522.25,20518.5,20518.75,58.0
2025-03-26 00:17:00+00:00,20522.5,20526.25,20521.25,20521.25,123.0
2025-03-26 00:18:00+00:00,20524.0,20524.0,20521.5,20522.75,34.0
2025-03-26 00:19:00+00:00,20520.0,20523.0,20519.25,20523.0,57.0
2025-03-26 00:20:00+00:00,20521.0,20521.5,20519.0,20519.75,35.0
2025-03-26 00:21:00+00:00,20524.25,20524.25,20520.75,20521.75,32.0
2025-03-26 00:22:00+00:00,20523.25,20523.25,20522.5,20523.25,13.0
2025-03-26 00:23:00+00:00,20524.0,20524.75,20522.5,20522.75,64.0
2025-03-26 00:24:00+00:00,20522.0,20524.5,20520.75,20524.5,35.0
2025-03-26 00:25:00+00:00,20521.25,20521.75,20520.25,20521.75,22.0
2025-03-26 00:26:00+00:00,20522.0,20522.25,20521.0,20521.25,12.0
2025-03-26 00:27:00+00:00,20519.25,20522.0,20518.5,20522.0,27.0
2025-03-26 00:28:00+00:00,20520.25,20521.0,20518.0,20518.75,39.0
2025-03-26 00:29:00+00:00,20519.75,20521.75,20519.5,20519.5,23.0
2025-03-26 00:30:00+00:00,20521.5,20521.5,20518.0,20518.5,50.0
2025-03-26 00:31:00+00:00,20525.0,20526.0,20521.75,20523.5,138.0
2025-03-26 00:32:00+00:00,20530.0,20530.25,20524.75,20525.25,106.0
2025-03-26 00:33:00+00:00,20529.25,20530.5,20528.5,20530.0,58.0
2025-03-26 00:34:00+00:00,20530.75,20531.25,20528.5,20529.5,62.0
2025-03-26 00:35:00+00:00,20532.0,20533.5,20530.5,20531.0,88.0
2025-03-26 00:36:00+00:00,20530.0,20532.25,20530.0,20532.25,77.0
2025-03-26 00:37:00+00:00,20530.5,20531.5,20528.5,20529.25,108.0
2025-03-26 00:38:00+00:00,20531.25,20531.5,20529.0,20530.75,33.0
2025-03-26 00:39:00+00:00,20532.75,20533.0,20530.75,20531.75,112.0
2025-03-26 00:40:00+00:00,20532.75,20533.0,20530.5,20533.0,25.0
2025-03-26 00:41:00+00:00,20532.5,20533.5,20531.25,20531.75,49.0
2025-03-26 00:42:00+00:00,20534.25,20536.75,20532.5,20532.5,185.0
2025-03-26 00:43:00+00:00,20533.0,20534.0,20532.0,20534.0,37.0
2025-03-26 00:44:00+00:00,20533.25,20533.5,20530.5,20532.75,58.0
2025-03-26 00:45:00+00:00,20530.5,20533.0,20530.5,20532.75,50.0
2025-03-26 00:46:00+00:00,20530.5,20531.25,20529.0,20529.5,79.0
2025-03-26 00:47:00+00:00,20531.0,20531.5,20530.75,20530.75,27.0
2025-03-26 00:48:00+00:00,20529.0,20530.5,20528.75,20529.75,31.0
2025-03-26 00:49:00+00:00,20528.25,20529.25,20528.0,20529.0,25.0
2025-03-26 00:50:00+00:00,20529.0,20529.25,20528.0,20528.75,34.0
2025-03-26 00:51:00+00:00,20529.25,20530.0,20528.25,20528.25,31.0
2025-03-26 00:52:00+00:00,20528.25,20529.5,20528.25,20529.5,20.0
2025-03-26 00:53:00+00:00,20527.25,20529.5,20526.5,20528.5,42.0
2025-03-26 00:54:00+00:00,20529.25,20529.75,20527.5,20527.5,25.0
2025-03-26 00:55:00+00:00,20528.25,20529.75,20528.0,20529.75,26.0
2025-03-26 00:56:00+00:00,20527.5,20528.5,20527.5,20528.5,11.0
2025-03-26 00:57:00+00:00,20526.25,20527.5,20525.5,20527.25,54.0
2025-03-26 00:58:00+00:00,20526.75,20527.75,20526.0,20526.0,24.0
2025-03-26 00:59:00+00:00,20527.0,20527.75,20525.5,20526.5,37.0
2025-03-26 01:00:00+00:00,20523.0,20526.5,20520.75,20526.25,106.0
2025-03-26 01:01:00+00:00,20523.25,20524.0,20522.5,20523.5,20.0
2025-03-26 01:02:00+00:00,20523.75,20524.25,20523.25,20523.25,12.0
2025-03-26 01:03:00+00:00,20522.0,20524.0,20521.25,20524.0,70.0
2025-03-26 01:04:00+00:00,20520.75,20522.0,20520.0,20522.0,59.0
2025-03-26 01:05:00+00:00,20521.25,20521.5,20520.5,20520.5,17.0
2025-03-26 01:06:00+00:00,20519.0,20521.25,20519.0,20521.0,27.0
2025-03-26 01:07:00+00:00,20517.25,20519.25,20513.0,20519.25,196.0
2025-03-26 01:08:00+00:00,20517.25,20517.75,20515.0,20517.25,61.0
2025-03-26 01:09:00+00:00,20517.0,20521.0,20516.25,20517.75,94.0
2025-03-26 01:10:00+00:00,20520.25,20520.25,20517.0,20517.0,29.0
2025-03-26 01:11:00+00:00,20520.25,20522.0,20519.75,20520.0,57.0
2025-03-26 01:12:00+00:00,20519.75,20522.0,20519.5,20521.25,49.0
2025-03-26 01:13:00+00:00,20519.0,20521.5,20518.5,20520.25,47.0
2025-03-26 01:14:00+00:00,20519.5,20520.0,20518.75,20518.75,16.0
2025-03-26 01:15:00+00:00,20521.25,20522.0,20519.5,20519.5,38.0
2025-03-26 01:16:00+00:00,20522.25,20522.25,20521.25,20521.75,12.0
2025-03-26 01:17:00+00:00,20521.5,20522.5,20521.5,20521.5,31.0
2025-03-26 01:18:00+00:00,20521.5,20522.25,20521.0,20521.75,16.0
2025-03-26 01:19:00+00:00,20519.5,20520.75,20517.0,20520.75,53.0
2025-03-26 01:20:00+00:00,20519.75,20519.75,20518.25,20519.75,11.0
2025-03-26 01:21:00+00:00,20518.25,20520.75,20517.25,20520.0,38.0
2025-03-26 01:22:00+00:00,20514.5,20518.75,20512.75,20518.0,147.0
2025-03-26 01:23:00+00:00,20513.75,20514.75,20513.25,20514.25,77.0
2025-03-26 01:24:00+00:00,20515.25,20516.75,20513.0,20514.0,78.0
2025-03-26 01:25:00+00:00,20516.75,20518.75,20516.75,20516.75,42.0
2025-03-26 01:26:00+00:00,20516.0,20517.5,20514.75,20516.0,45.0
2025-03-26 01:27:00+00:00,20516.5,20516.5,20513.75,20515.5,59.0
2025-03-26 01:28:00+00:00,20514.5,20515.5,20513.5,20515.5,49.0
2025-03-26 01:29:00+00:00,20513.25,20514.75,20510.5,20514.5,82.0
2025-03-26 01:30:00+00:00,20513.25,20513.75,20511.5,20512.75,44.0
2025-03-26 01:31:00+00:00,20512.25,20513.0,20511.25,20512.75,27.0
2025-03-26 01:32:00+00:00,20510.25,20512.25,20510.0,20512.0,47.0
2025-03-26 01:33:00+00:00,20514.0,20514.0,20508.5,20510.75,111.0
2025-03-26 01:34:00+00:00,20510.5,20514.0,20510.25,20513.25,74.0
2025-03-26 01:35:00+00:00,20509.25,20511.0,20509.25,20510.5,25.0
2025-03-26 01:36:00+00:00,20510.75,20511.0,20509.0,20509.25,25.0
2025-03-26 01:37:00+00:00,20510.5,20511.5,20509.75,20510.75,20.0
2025-03-26 01:38:00+00:00,20511.5,20513.0,20510.25,20510.25,26.0
2025-03-26 01:39:00+00:00,20509.25,20512.5,20509.25,20511.75,28.0
2025-03-26 01:40:00+00:00,20507.25,20511.25,20507.25,20510.25,155.0
2025-03-26 01:41:00+00:00,20510.25,20510.5,20507.25,20508.5,40.0
2025-03-26 01:42:00+00:00,20510.0,20510.25,20509.5,20510.25,10.0
2025-03-26 01:43:00+00:00,20509.25,20510.5,20507.75,20510.0,49.0
2025-03-26 01:44:00+00:00,20509.75,20510.75,20509.5,20510.0,28.0
2025-03-26 01:45:00+00:00,20512.25,20513.0,20510.75,20510.75,63.0
2025-03-26 01:46:00+00:00,20513.75,20515.0,20512.5,20512.5,72.0
2025-03-26 01:47:00+00:00,20509.25,20514.25,20508.5,20514.25,85.0
2025-03-26 01:48:00+00:00,20511.75,20512.0,20509.25,20509.25,51.0
2025-03-26 01:49:00+00:00,20512.25,20512.5,20510.25,20511.25,15.0
2025-03-26 01:50:00+00:00,20510.0,20513.0,20505.0,20512.5,174.0
2025-03-26 01:51:00+00:00,20512.0,20514.25,20510.75,20514.25,189.0
2025-03-26 01:52:00+00:00,20511.5,20513.5,20511.5,20512.25,27.0
2025-03-26 01:53:00+00:00,20511.5,20512.25,20510.25,20512.25,27.0
2025-03-26 01:54:00+00:00,20513.0,20513.5,20511.25,20512.5,82.0
2025-03-26 01:55:00+00:00,20511.0,20513.0,20510.0,20513.0,42.0
2025-03-26 01:56:00+00:00,20511.5,20511.5,20510.25,20511.0,19.0
2025-03-26 01:57:00+00:00,20511.0,20511.0,20508.75,20510.25,29.0
2025-03-26 01:58:00+00:00,20511.25,20511.25,20509.75,20510.0,31.0
2025-03-26 01:59:00+00:00,20510.5,20511.75,20510.5,20511.0,38.0
2025-03-26 02:00:00+00:00,20511.0,20512.25,20508.75,20510.75,56.0
2025-03-26 02:01:00+00:00,20511.5,20512.5,20510.0,20511.75,41.0
2025-03-26 02:02:00+00:00,20507.25,20513.0,20506.75,20512.5,93.0
2025-03-26 02:03:00+00:00,20507.75,20508.75,20506.75,20507.5,29.0
2025-03-26 02:04:00+00:00,20506.25,20507.5,20505.25,20506.75,36.0
2025-03-26 02:05:00+00:00,20504.0,20506.75,20504.0,20506.0,80.0
2025-03-26 02:06:00+00:00,20503.25,20505.0,20499.25,20504.75,327.0
2025-03-26 02:07:00+00:00,20504.5,20506.0,20504.0,20504.5,64.0
2025-03-26 02:08:00+00:00,20505.0,20505.5,20504.5,20505.25,25.0
2025-03-26 02:09:00+00:00,20504.0,20504.75,20503.5,20504.25,21.0
2025-03-26 02:10:00+00:00,20503.5,20504.0,20503.25,20503.75,33.0
2025-03-26 02:11:00+00:00,20502.0,20503.25,20502.0,20503.0,44.0
2025-03-26 02:12:00+00:00,20504.0,20505.0,20502.0,20502.5,26.0
2025-03-26 02:13:00+00:00,20501.25,20503.75,20500.5,20503.5,123.0
2025-03-26 02:14:00+00:00,20499.25,20502.0,20499.0,20502.0,77.0
2025-03-26 02:15:00+00:00,20499.25,20501.75,20498.75,20501.0,77.0
2025-03-26 02:16:00+00:00,20499.5,20500.25,20499.0,20499.5,40.0
2025-03-26 02:17:00+00:00,20497.5,20499.5,20495.5,20499.0,116.0
2025-03-26 02:18:00+00:00,20498.75,20500.0,20497.5,20498.5,64.0
2025-03-26 02:19:00+00:00,20498.5,20498.5,20497.25,20498.5,18.0
2025-03-26 02:20:00+00:00,20500.0,20500.0,20498.0,20498.5,43.0
2025-03-26 02:21:00+00:00,20498.75,20500.0,20497.75,20499.75,23.0
2025-03-26 02:22:00+00:00,20499.5,20500.0,20499.0,20499.0,18.0
2025-03-26 02:23:00+00:00,20491.25,20498.75,20490.75,20498.75,189.0
2025-03-26 02:24:00+00:00,20479.25,20492.25,20477.5,20491.25,536.0
2025-03-26 02:25:00+00:00,20477.0,20481.5,20476.0,20477.0,182.0
2025-03-26 02:26:00+00:00,20479.25,20480.25,20477.0,20477.0,73.0
2025-03-26 02:27:00+00:00,20473.5,20479.25,20471.75,20479.25,237.0
2025-03-26 02:28:00+00:00,20478.25,20479.0,20472.0,20473.0,141.0
2025-03-26 02:29:00+00:00,20476.25,20479.5,20475.25,20478.25,89.0
2025-03-26 02:30:00+00:00,20476.5,20477.5,20475.5,20476.0,60.0
2025-03-26 02:31:00+00:00,20477.5,20479.5,20477.0,20478.0,61.0
2025-03-26 02:32:00+00:00,20477.5,20478.75,20475.75,20477.75,41.0
2025-03-26 02:33:00+00:00,20475.25,20478.5,20473.75,20477.75,149.0
2025-03-26 02:34:00+00:00,20478.5,20479.0,20476.5,20476.5,52.0
2025-03-26 02:35:00+00:00,20481.5,20482.0,20477.5,20478.75,98.0
2025-03-26 02:36:00+00:00,20482.5,20482.75,20480.5,20481.75,122.0
2025-03-26 02:37:00+00:00,20477.75,20481.75,20476.5,20481.75,145.0
2025-03-26 02:38:00+00:00,20478.25,20478.5,20476.75,20477.25,55.0
2025-03-26 02:39:00+00:00,20480.0,20481.25,20478.75,20478.75,58.0
2025-03-26 02:40:00+00:00,20481.0,20481.75,20478.5,20479.5,83.0
2025-03-26 02:41:00+00:00,20481.75,20482.5,20480.25,20480.25,72.0
2025-03-26 02:42:00+00:00,20482.5,20483.0,20481.0,20482.0,36.0
2025-03-26 02:43:00+00:00,20481.75,20482.5,20480.5,20482.25,57.0
2025-03-26 02:44:00+00:00,20483.75,20484.25,20481.75,20481.75,84.0
2025-03-26 02:45:00+00:00,20483.5,20485.0,20483.25,20483.75,56.0
2025-03-26 02:46:00+00:00,20484.5,20484.75,20482.0,20483.0,49.0
2025-03-26 02:47:00+00:00,20486.75,20487.0,20485.0,20485.0,70.0
2025-03-26 02:48:00+00:00,20488.5,20489.0,20486.75,20486.75,95.0
2025-03-26 02:49:00+00:00,20489.25,20489.75,20487.5,20488.5,100.0
2025-03-26 02:50:00+00:00,20492.25,20493.25,20487.25,20489.0,147.0
2025-03-26 02:51:00+00:00,20491.5,20493.0,20490.5,20491.75,51.0
2025-03-26 02:52:00+00:00,20489.25,20492.0,20488.75,20492.0,58.0
2025-03-26 02:53:00+00:00,20490.75,20491.5,20489.75,20490.0,47.0
2025-03-26 02:54:00+00:00,20491.5,20491.5,20490.25,20490.25,28.0
2025-03-26 02:55:00+00:00,20492.0,20492.25,20491.25,20491.25,27.0
2025-03-26 02:56:00+00:00,20489.5,20491.5,20489.25,20491.5,49.0
2025-03-26 02:57:00+00:00,20491.25,20491.75,20489.25,20489.5,41.0
2025-03-26 02:58:00+00:00,20492.75,20493.75,20491.0,20491.25,70.0
2025-03-26 02:59:00+00:00,20493.5,20495.25,20493.0,20494.0,56.0
2025-03-26 03:00:00+00:00,20492.75,20493.25,20490.0,20493.25,57.0
2025-03-26 03:01:00+00:00,20492.25,20494.0,20491.0,20492.25,36.0
2025-03-26 03:02:00+00:00,20491.75,20492.5,20491.0,20491.75,20.0
2025-03-26 03:03:00+00:00,20491.75,20492.5,20491.25,20492.0,23.0
2025-03-26 03:04:00+00:00,20492.5,20492.75,20491.25,20491.75,17.0
2025-03-26 03:05:00+00:00,20493.25,20493.25,20492.25,20492.25,22.0
2025-03-26 03:06:00+00:00,20493.5,20494.25,20492.0,20492.25,25.0
2025-03-26 03:07:00+00:00,20491.25,20494.25,20491.0,20494.25,31.0
2025-03-26 03:08:00+00:00,20491.5,20492.5,20491.0,20491.25,32.0
2025-03-26 03:09:00+00:00,20492.25,20492.75,20492.0,20492.0,7.0
2025-03-26 03:10:00+00:00,20491.0,20492.5,20491.0,20492.0,11.0
2025-03-26 03:11:00+00:00,20487.0,20492.0,20486.75,20492.0,126.0
2025-03-26 03:12:00+00:00,20485.25,20488.25,20485.25,20488.25,52.0
2025-03-26 03:13:00+00:00,20487.75,20489.25,20485.75,20486.25,64.0
2025-03-26 03:14:00+00:00,20486.25,20488.0,20486.0,20487.25,50.0
2025-03-26 03:15:00+00:00,20488.75,20489.25,20486.25,20486.5,37.0
2025-03-26 03:16:00+00:00,20488.25,20489.75,20488.25,20488.25,55.0
2025-03-26 03:17:00+00:00,20484.5,20488.0,20484.0,20487.5,87.0
2025-03-26 03:18:00+00:00,20485.0,20486.5,20484.75,20484.75,35.0
2025-03-26 03:19:00+00:00,20485.0,20486.25,20484.25,20485.5,21.0
2025-03-26 03:20:00+00:00,20487.25,20487.25,20485.5,20485.75,53.0
2025-03-26 03:21:00+00:00,20487.25,20487.75,20486.0,20487.0,20.0
2025-03-26 03:22:00+00:00,20485.5,20487.0,20485.5,20486.75,30.0
2025-03-26 03:23:00+00:00,20486.25,20487.0,20485.5,20485.75,11.0
2025-03-26 03:24:00+00:00,20485.25,20486.5,20484.75,20485.25,20.0
2025-03-26 03:25:00+00:00,20486.0,20486.75,20485.25,20485.25,23.0
2025-03-26 03:26:00+00:00,20487.75,20487.75,20486.0,20486.25,35.0
2025-03-26 03:27:00+00:00,20487.5,20487.75,20485.25,20487.75,34.0
2025-03-26 03:28:00+00:00,20486.75,20488.0,20486.75,20487.25,12.0
2025-03-26 03:29:00+00:00,20485.25,20486.25,20483.75,20486.25,27.0
2025-03-26 03:30:00+00:00,20482.5,20485.0,20481.5,20485.0,91.0
2025-03-26 03:31:00+00:00,20481.75,20484.0,20481.75,20483.0,39.0
2025-03-26 03:32:00+00:00,20480.75,20481.75,20479.25,20481.0,69.0
2025-03-26 03:33:00+00:00,20480.5,20481.25,20480.0,20480.75,13.0
2025-03-26 03:34:00+00:00,20481.5,20482.0,20480.5,20480.5,8.0
2025-03-26 03:35:00+00:00,20481.25,20481.5,20480.5,20481.0,20.0
2025-03-26 03:36:00+00:00,20475.5,20480.75,20471.25,20480.5,183.0
2025-03-26 03:37:00+00:00,20475.75,20477.0,20474.5,20474.75,64.0
2025-03-26 03:38:00+00:00,20475.25,20476.0,20474.0,20475.0,30.0
2025-03-26 03:39:00+00:00,20475.5,20476.5,20475.5,20475.5,19.0
2025-03-26 03:40:00+00:00,20477.25,20478.25,20475.0,20476.0,50.0
2025-03-26 03:41:00+00:00,20477.0,20478.0,20476.75,20477.5,28.0
2025-03-26 03:42:00+00:00,20478.0,20478.25,20477.5,20478.0,25.0
2025-03-26 03:43:00+00:00,20475.25,20478.0,20474.5,20478.0,33.0
2025-03-26 03:44:00+00:00,20475.5,20476.75,20475.5,20475.5,12.0
2025-03-26 03:45:00+00:00,20476.5,20476.75,20476.0,20476.5,16.0
2025-03-26 03:46:00+00:00,20476.0,20477.25,20474.5,20476.5,37.0
2025-03-26 03:47:00+00:00,20472.5,20475.75,20469.25,20475.5,227.0
2025-03-26 03:48:00+00:00,20474.0,20474.0,20472.0,20472.5,49.0
2025-03-26 03:49:00+00:00,20476.75,20477.5,20473.5,20473.5,55.0
2025-03-26 03:50:00+00:00,20478.0,20480.0,20476.0,20477.25,93.0
2025-03-26 03:51:00+00:00,20477.0,20479.75,20476.75,20478.75,82.0
2025-03-26 03:52:00+00:00,20477.25,20477.75,20476.25,20476.75,22.0
2025-03-26 03:53:00+00:00,20477.5,20477.5,20475.75,20477.0,21.0
2025-03-26 03:54:00+00:00,20475.75,20477.5,20475.75,20477.5,17.0
2025-03-26 03:55:00+00:00,20476.25,20476.25,20476.0,20476.0,5.0
2025-03-26 03:56:00+00:00,20477.5,20478.0,20476.25,20476.25,14.0
2025-03-26 03:57:00+00:00,20478.75,20479.0,20476.75,20478.0,29.0
2025-03-26 03:58:00+00:00,20478.75,20479.25,20478.0,20478.75,27.0
2025-03-26 04:09:00+00:00,20480.0,20480.0,20477.5,20477.75,21.0
2025-03-26 04:10:00+00:00,20478.5,20480.25,20478.0,20479.25,41.0
2025-03-26 04:11:00+00:00,20478.0,20479.0,20478.0,20478.75,9.0
2025-03-26 04:12:00+00:00,20477.25,20479.0,20476.5,20478.75,60.0
2025-03-26 04:13:00+00:00,20477.25,20477.25,20476.0,20477.0,26.0
2025-03-26 04:14:00+00:00,20476.5,20477.5,20475.75,20477.5,35.0
2025-03-26 04:15:00+00:00,20476.0,20477.0,20476.0,20476.75,26.0
2025-03-26 04:16:00+00:00,20475.25,20476.5,20474.5,20476.25,43.0
2025-03-26 04:17:00+00:00,20475.5,20476.25,20474.25,20475.5,29.0
2025-03-26 04:18:00+00:00,20477.5,20478.0,20476.5,20476.5,26.0
2025-03-26 04:19:00+00:00,20476.5,20477.5,20476.5,20477.0,14.0
2025-03-26 04:20:00+00:00,20476.0,20476.75,20475.75,20476.5,10.0
2025-03-26 04:21:00+00:00,20475.0,20476.0,20474.5,20475.75,20.0
2025-03-26 04:22:00+00:00,20474.5,20475.75,20474.25,20475.0,22.0
2025-03-26 04:23:00+00:00,20474.5,20475.5,20473.75,20474.25,19.0
2025-03-26 04:24:00+00:00,20473.25,20474.0,20473.25,20473.75,4.0
2025-03-26 04:25:00+00:00,20474.0,20474.25,20473.0,20473.5,16.0
2025-03-26 04:26:00+00:00,20476.0,20476.0,20473.5,20474.25,27.0
2025-03-26 04:27:00+00:00,20474.5,20475.75,20474.5,20475.5,4.0
2025-03-26 04:28:00+00:00,20474.0,20474.25,20473.5,20474.25,20.0
2025-03-26 04:29:00+00:00,20473.75,20474.0,20473.75,20473.75,5.0
2025-03-26 04:30:00+00:00,20473.0,20474.5,20473.0,20473.25,23.0
2025-03-26 04:31:00+00:00,20473.0,20474.0,20473.0,20473.75,11.0
2025-03-26 04:32:00+00:00,20473.5,20473.5,20472.75,20472.75,13.0
2025-03-26 04:33:00+00:00,20475.75,20475.75,20472.75,20473.0,37.0
2025-03-26 04:34:00+00:00,20477.5,20477.75,20475.5,20475.5,29.0
2025-03-26 04:35:00+00:00,20479.25,20479.25,20476.5,20476.5,21.0
2025-03-26 04:36:00+00:00,20478.75,20480.25,20478.75,20479.25,25.0
2025-03-26 04:37:00+00:00,20480.25,20480.25,20479.0,20479.25,20.0
2025-03-26 04:38:00+00:00,20480.25,20480.25,20479.25,20479.25,13.0
2025-03-26 04:39:00+00:00,20479.75,20481.75,20479.75,20480.5,19.0
2025-03-26 04:40:00+00:00,20479.25,20481.5,20479.0,20481.25,29.0
2025-03-26 04:41:00+00:00,20479.0,20479.5,20477.5,20478.75,27.0
2025-03-26 04:42:00+00:00,20480.5,20480.5,20479.0,20479.0,27.0
2025-03-26 04:43:00+00:00,20481.25,20483.0,20480.75,20481.5,48.0
2025-03-26 04:44:00+00:00,20480.25,20481.75,20480.25,20481.75,9.0
2025-03-26 04:45:00+00:00,20480.5,20481.0,20479.25,20480.75,26.0
2025-03-26 04:46:00+00:00,20479.5,20481.25,20479.5,20480.75,15.0
2025-03-26 04:47:00+00:00,20478.75,20480.25,20478.25,20479.5,18.0
2025-03-26 04:48:00+00:00,20477.25,20479.75,20477.25,20479.25,30.0
2025-03-26 04:49:00+00:00,20477.25,20478.0,20476.25,20476.75,25.0
2025-03-26 04:50:00+00:00,20478.75,20478.75,20477.25,20478.5,17.0
2025-03-26 04:51:00+00:00,20481.25,20481.25,20478.25,20478.75,21.0
2025-03-26 04:52:00+00:00,20481.75,20482.0,20481.0,20481.5,21.0
2025-03-26 04:53:00+00:00,20481.5,20482.25,20481.5,20482.25,8.0
2025-03-26 04:54:00+00:00,20482.75,20482.75,20481.5,20482.0,12.0
2025-03-26 04:55:00+00:00,20482.0,20482.25,20481.0,20482.0,17.0
2025-03-26 04:56:00+00:00,20482.25,20483.0,20481.75,20483.0,18.0
2025-03-26 04:57:00+00:00,20483.0,20483.25,20482.75,20482.75,9.0
2025-03-26 04:58:00+00:00,20483.75,20484.25,20482.5,20482.75,23.0
2025-03-26 04:59:00+00:00,20483.5,20484.25,20483.0,20483.75,23.0
2025-03-26 05:00:00+00:00,20482.5,20486.0,20482.0,20483.25,36.0
2025-03-26 05:01:00+00:00,20484.0,20484.0,20482.75,20483.25,15.0
2025-03-26 05:02:00+00:00,20486.0,20486.75,20483.0,20483.5,42.0
2025-03-26 05:03:00+00:00,20486.25,20486.5,20484.75,20486.0,25.0
2025-03-26 05:04:00+00:00,20487.0,20487.5,20486.25,20486.25,26.0
2025-03-26 05:05:00+00:00,20487.25,20488.5,20487.25,20487.5,30.0
2025-03-26 05:06:00+00:00,20486.5,20488.5,20486.5,20487.0,21.0
2025-03-26 05:07:00+00:00,20487.25,20487.25,20487.25,20487.25,2.0
2025-03-26 05:08:00+00:00,20488.5,20490.0,20487.75,20487.75,35.0
2025-03-26 05:09:00+00:00,20488.0,20488.0,20487.25,20487.75,8.0
2025-03-26 05:10:00+00:00,20487.75,20488.75,20487.0,20487.5,22.0
2025-03-26 05:11:00+00:00,20487.5,20489.75,20487.25,20487.25,42.0
2025-03-26 05:12:00+00:00,20489.0,20489.75,20486.5,20487.0,40.0
2025-03-26 05:13:00+00:00,20489.0,20489.75,20489.0,20489.25,12.0
2025-03-26 05:14:00+00:00,20488.5,20489.0,20488.5,20489.0,10.0
2025-03-26 05:15:00+00:00,20488.75,20489.75,20488.5,20488.75,28.0
2025-03-26 05:16:00+00:00,20489.75,20491.0,20489.0,20489.25,27.0
2025-03-26 05:17:00+00:00,20490.25,20490.25,20489.25,20489.75,19.0
2025-03-26 05:18:00+00:00,20490.25,20490.25,20489.0,20490.0,15.0
2025-03-26 05:19:00+00:00,20490.25,20491.25,20490.0,20490.5,25.0
2025-03-26 05:20:00+00:00,20490.75,20491.75,20489.5,20490.5,30.0
2025-03-26 05:21:00+00:00,20494.25,20494.5,20491.25,20491.25,63.0
2025-03-26 05:22:00+00:00,20491.75,20494.75,20491.75,20494.75,57.0
2025-03-26 05:23:00+00:00,20489.0,20491.5,20489.0,20491.5,27.0
2025-03-26 05:24:00+00:00,20489.25,20489.25,20488.25,20488.75,19.0
2025-03-26 05:25:00+00:00,20486.25,20488.75,20485.75,20488.25,38.0
2025-03-26 05:26:00+00:00,20483.25,20487.0,20482.5,20486.75,62.0
2025-03-26 05:27:00+00:00,20481.5,20483.0,20481.5,20482.75,40.0
2025-03-26 05:28:00+00:00,20483.5,20484.25,20482.5,20482.5,9.0
2025-03-26 05:29:00+00:00,20482.5,20483.5,20481.75,20483.0,21.0
2025-03-26 05:30:00+00:00,20482.25,20482.75,20480.25,20482.75,36.0
2025-03-26 05:31:00+00:00,20481.5,20482.0,20480.0,20481.0,49.0
2025-03-26 05:32:00+00:00,20480.0,20481.25,20480.0,20480.75,15.0
2025-03-26 05:33:00+00:00,20481.0,20481.0,20479.5,20480.25,17.0
2025-03-26 05:34:00+00:00,20479.5,20481.0,20479.5,20481.0,10.0
2025-03-26 05:35:00+00:00,20478.25,20480.5,20477.25,20479.25,41.0
2025-03-26 05:36:00+00:00,20479.5,20479.5,20478.5,20478.5,6.0
2025-03-26 05:37:00+00:00,20479.0,20480.25,20479.0,20480.25,6.0
2025-03-26 05:38:00+00:00,20477.25,20477.75,20476.5,20477.75,17.0
2025-03-26 05:39:00+00:00,20477.0,20477.25,20476.25,20477.0,18.0
2025-03-26 05:40:00+00:00,20474.75,20477.0,20474.5,20477.0,49.0
2025-03-26 05:41:00+00:00,20477.5,20478.25,20475.0,20475.5,42.0
2025-03-26 05:42:00+00:00,20470.0,20477.5,20469.75,20477.5,96.0
2025-03-26 05:43:00+00:00,20472.75,20473.25,20470.0,20470.0,37.0
2025-03-26 05:44:00+00:00,20473.5,20474.75,20473.0,20473.0,41.0
2025-03-26 05:45:00+00:00,20472.0,20474.25,20471.5,20473.0,35.0
2025-03-26 05:46:00+00:00,20471.75,20474.5,20471.0,20472.75,45.0
2025-03-26 05:47:00+00:00,20471.25,20472.25,20471.0,20472.25,11.0
2025-03-26 05:48:00+00:00,20466.0,20470.75,20465.0,20470.75,120.0
2025-03-26 05:49:00+00:00,20464.75,20467.25,20463.0,20466.5,108.0
2025-03-26 05:50:00+00:00,20464.5,20466.0,20462.75,20466.0,82.0
2025-03-26 05:51:00+00:00,20464.0,20465.0,20461.0,20464.5,89.0
2025-03-26 05:52:00+00:00,20466.0,20467.0,20464.5,20464.5,52.0
2025-03-26 05:53:00+00:00,20464.5,20466.0,20464.5,20465.75,57.0
2025-03-26 05:54:00+00:00,20466.0,20466.5,20464.25,20464.25,18.0
2025-03-26 05:55:00+00:00,20464.5,20465.75,20463.75,20465.75,31.0
2025-03-26 05:56:00+00:00,20463.0,20464.0,20462.75,20464.0,24.0
2025-03-26 05:57:00+00:00,20462.0,20464.25,20461.5,20462.5,44.0
2025-03-26 05:58:00+00:00,20461.5,20462.25,20458.5,20462.0,104.0
2025-03-26 05:59:00+00:00,20459.5,20461.75,20458.75,20461.5,68.0
2025-03-26 06:00:00+00:00,20461.75,20461.75,20457.75,20460.0,130.0
2025-03-26 06:01:00+00:00,20459.0,20461.25,20458.5,20461.25,52.0
2025-03-26 06:02:00+00:00,20458.75,20459.5,20458.5,20459.0,27.0
2025-03-26 06:03:00+00:00,20457.25,20459.0,20456.75,20459.0,53.0
2025-03-26 06:04:00+00:00,20458.0,20460.25,20456.0,20457.0,60.0
2025-03-26 06:05:00+00:00,20462.75,20462.75,20459.0,20459.0,47.0
2025-03-26 06:06:00+00:00,20461.75,20463.0,20460.75,20463.0,42.0
2025-03-26 06:07:00+00:00,20462.0,20462.0,20460.25,20461.0,13.0
2025-03-26 06:08:00+00:00,20461.5,20463.0,20461.25,20462.5,22.0
2025-03-26 06:09:00+00:00,20460.0,20461.25,20458.5,20461.0,41.0
2025-03-26 06:10:00+00:00,20459.25,20459.25,20458.25,20459.0,10.0
2025-03-26 06:11:00+00:00,20459.5,20460.75,20457.75,20459.0,45.0
2025-03-26 06:12:00+00:00,20458.75,20459.5,20457.0,20458.5,44.0
2025-03-26 06:13:00+00:00,20460.0,20460.0,20459.25,20459.75,20.0
2025-03-26 06:14:00+00:00,20458.0,20459.75,20457.75,20458.75,17.0
2025-03-26 06:15:00+00:00,20458.25,20459.25,20457.75,20458.5,29.0
2025-03-26 06:16:00+00:00,20457.75,20458.75,20457.0,20458.75,22.0
2025-03-26 06:17:00+00:00,20460.0,20460.0,20458.0,20458.0,43.0
2025-03-26 06:18:00+00:00,20457.75,20459.25,20457.0,20459.25,34.0
2025-03-26 06:19:00+00:00,20459.25,20459.5,20458.5,20458.75,21.0
2025-03-26 06:20:00+00:00,20462.5,20462.5,20458.75,20458.75,47.0
2025-03-26 06:21:00+00:00,20461.25,20464.25,20460.75,20462.0,46.0
2025-03-26 06:22:00+00:00,20460.25,20460.25,20457.25,20460.0,45.0
2025-03-26 06:23:00+00:00,20463.25,20463.25,20460.5,20460.5,40.0
2025-03-26 06:24:00+00:00,20461.75,20462.25,20461.25,20462.0,13.0
2025-03-26 06:25:00+00:00,20461.0,20462.25,20460.5,20461.75,27.0
2025-03-26 06:26:00+00:00,20464.25,20465.25,20462.25,20462.25,33.0
2025-03-26 06:27:00+00:00,20462.25,20465.0,20462.0,20465.0,26.0
2025-03-26 06:28:00+00:00,20461.25,20462.25,20459.75,20462.0,35.0
2025-03-26 06:29:00+00:00,20454.5,20460.5,20453.5,20460.5,144.0
2025-03-26 06:30:00+00:00,20454.25,20460.0,20454.0,20454.5,84.0
2025-03-26 06:31:00+00:00,20458.25,20458.75,20454.25,20454.25,33.0
2025-03-26 06:32:00+00:00,20456.5,20458.5,20456.0,20457.75,33.0
2025-03-26 06:33:00+00:00,20454.75,20456.5,20454.25,20456.5,18.0
2025-03-26 06:34:00+00:00,20453.75,20455.75,20453.5,20455.75,37.0
2025-03-26 06:35:00+00:00,20458.75,20459.5,20453.25,20453.75,31.0
2025-03-26 06:36:00+00:00,20460.5,20461.25,20458.75,20459.5,31.0
2025-03-26 06:37:00+00:00,20460.25,20461.25,20459.25,20460.25,28.0
2025-03-26 06:38:00+00:00,20458.75,20460.0,20458.5,20460.0,21.0
2025-03-26 06:39:00+00:00,20459.75,20459.75,20458.5,20458.75,12.0
2025-03-26 06:40:00+00:00,20464.0,20464.75,20459.75,20459.75,75.0
2025-03-26 06:41:00+00:00,20465.25,20466.75,20463.0,20463.75,74.0
2025-03-26 06:42:00+00:00,20462.75,20465.25,20461.0,20465.25,83.0
2025-03-26 06:43:00+00:00,20463.5,20464.5,20463.25,20463.25,12.0
2025-03-26 06:44:00+00:00,20464.5,20466.5,20463.25,20464.75,65.0
2025-03-26 06:45:00+00:00,20464.25,20467.5,20463.75,20464.5,49.0
2025-03-26 06:46:00+00:00,20464.25,20465.0,20463.75,20464.5,15.0
2025-03-26 06:47:00+00:00,20465.25,20467.0,20465.0,20465.0,28.0
2025-03-26 06:48:00+00:00,20464.25,20465.0,20464.25,20464.5,11.0
2025-03-26 06:49:00+00:00,20465.75,20466.5,20464.5,20464.75,10.0
2025-03-26 06:50:00+00:00,20469.25,20469.25,20464.75,20465.75,76.0
2025-03-26 06:51:00+00:00,20469.25,20470.25,20468.0,20469.75,41.0
2025-03-26 06:52:00+00:00,20469.25,20470.25,20469.0,20469.0,18.0
2025-03-26 06:53:00+00:00,20471.75,20472.25,20469.0,20469.25,51.0
2025-03-26 06:54:00+00:00,20471.75,20472.5,20471.25,20471.5,22.0
2025-03-26 06:55:00+00:00,20470.5,20472.25,20470.5,20470.75,21.0
2025-03-26 06:56:00+00:00,20470.75,20470.75,20470.0,20470.25,23.0
2025-03-26 06:57:00+00:00,20472.25,20473.0,20470.75,20470.75,29.0
2025-03-26 06:58:00+00:00,20472.75,20473.0,20472.25,20472.75,16.0
2025-03-26 06:59:00+00:00,20473.75,20474.5,20472.25,20472.75,104.0
2025-03-26 07:00:00+00:00,20477.5,20478.25,20469.5,20473.25,277.0
2025-03-26 07:01:00+00:00,20477.25,20480.5,20477.0,20477.25,98.0
2025-03-26 07:02:00+00:00,20478.0,20479.5,20474.5,20478.0,79.0
2025-03-26 07:03:00+00:00,20478.5,20478.75,20477.25,20478.0,26.0
2025-03-26 07:04:00+00:00,20477.5,20479.5,20476.0,20478.75,21.0
2025-03-26 07:05:00+00:00,20477.5,20478.5,20476.0,20478.0,30.0
2025-03-26 07:06:00+00:00,20481.5,20483.75,20476.25,20476.25,129.0
2025-03-26 07:07:00+00:00,20478.5,20482.0,20478.5,20481.0,86.0
2025-03-26 07:08:00+00:00,20477.0,20478.75,20476.5,20478.0,47.0
2025-03-26 07:09:00+00:00,20476.25,20477.25,20475.5,20476.0,37.0
2025-03-26 07:10:00+00:00,20476.75,20477.25,20474.5,20475.25,38.0
2025-03-26 07:11:00+00:00,20474.25,20476.5,20471.5,20476.25,76.0
2025-03-26 07:12:00+00:00,20472.5,20473.75,20472.0,20473.75,31.0
2025-03-26 07:13:00+00:00,20472.25,20473.0,20471.0,20472.5,36.0
2025-03-26 07:14:00+00:00,20471.75,20473.25,20471.75,20473.0,14.0
2025-03-26 07:15:00+00:00,20474.25,20474.25,20471.5,20472.0,33.0
2025-03-26 07:16:00+00:00,20474.0,20474.75,20472.5,20474.25,18.0
2025-03-26 07:17:00+00:00,20481.0,20481.75,20473.75,20474.75,109.0
2025-03-26 07:18:00+00:00,20485.0,20486.0,20481.5,20482.25,103.0
2025-03-26 07:19:00+00:00,20484.5,20486.0,20484.5,20485.5,39.0
2025-03-26 07:20:00+00:00,20486.75,20488.0,20484.0,20485.5,187.0
2025-03-26 07:21:00+00:00,20486.5,20487.75,20486.25,20487.5,23.0
2025-03-26 07:22:00+00:00,20487.5,20488.5,20485.75,20486.0,58.0
2025-03-26 07:23:00+00:00,20485.5,20487.0,20483.25,20486.5,47.0
2025-03-26 07:24:00+00:00,20488.25,20488.75,20486.5,20487.0,29.0
2025-03-26 07:25:00+00:00,20487.25,20488.25,20486.75,20487.75,33.0
2025-03-26 07:26:00+00:00,20488.5,20488.5,20486.25,20487.75,37.0
2025-03-26 07:27:00+00:00,20488.5,20490.0,20488.0,20488.25,46.0
2025-03-26 07:28:00+00:00,20488.0,20491.5,20488.0,20488.25,59.0
2025-03-26 07:29:00+00:00,20490.5,20490.5,20488.0,20488.25,22.0
2025-03-26 07:30:00+00:00,20487.75,20490.75,20487.75,20490.0,54.0
2025-03-26 07:31:00+00:00,20490.25,20490.75,20488.25,20488.25,20.0
2025-03-26 07:32:00+00:00,20490.25,20491.0,20489.75,20490.5,27.0
2025-03-26 07:33:00+00:00,20490.0,20490.5,20489.25,20490.25,25.0
2025-03-26 07:34:00+00:00,20491.0,20492.25,20490.5,20490.5,52.0
2025-03-26 07:35:00+00:00,20492.25,20493.25,20489.5,20490.75,50.0
2025-03-26 07:36:00+00:00,20493.25,20494.75,20488.75,20493.5,135.0
2025-03-26 07:37:00+00:00,20495.25,20498.25,20492.75,20493.5,139.0
2025-03-26 07:38:00+00:00,20493.75,20496.5,20493.75,20495.25,40.0
2025-03-26 07:39:00+00:00,20497.5,20497.5,20495.25,20495.25,46.0
2025-03-26 07:40:00+00:00,20495.25,20498.0,20494.75,20497.5,33.0
2025-03-26 07:41:00+00:00,20495.0,20496.5,20494.0,20495.25,20.0
2025-03-26 07:42:00+00:00,20493.0,20494.25,20491.5,20494.25,66.0
2025-03-26 07:43:00+00:00,20493.25,20494.25,20492.25,20493.0,41.0
2025-03-26 07:44:00+00:00,20493.25,20495.0,20492.5,20494.25,23.0
2025-03-26 07:45:00+00:00,20493.75,20494.25,20492.75,20493.25,21.0
2025-03-26 07:46:00+00:00,20491.75,20493.75,20491.0,20493.75,44.0
2025-03-26 07:47:00+00:00,20494.0,20495.25,20490.75,20490.75,34.0
2025-03-26 07:48:00+00:00,20492.75,20494.0,20492.25,20493.75,39.0
2025-03-26 07:49:00+00:00,20490.0,20492.5,20486.0,20492.5,138.0
2025-03-26 07:50:00+00:00,20489.5,20490.75,20488.75,20489.75,54.0
2025-03-26 07:51:00+00:00,20489.75,20491.5,20489.25,20489.25,29.0
2025-03-26 07:52:00+00:00,20486.5,20490.25,20485.5,20489.25,44.0
2025-03-26 07:53:00+00:00,20488.0,20490.25,20486.0,20486.25,68.0
2025-03-26 07:54:00+00:00,20490.25,20491.5,20488.75,20489.0,50.0
2025-03-26 07:55:00+00:00,20487.75,20492.0,20487.75,20491.0,63.0
2025-03-26 07:56:00+00:00,20486.25,20488.5,20485.75,20488.25,32.0
2025-03-26 07:57:00+00:00,20485.75,20487.75,20483.5,20486.25,59.0
2025-03-26 07:58:00+00:00,20483.5,20486.75,20482.5,20486.0,50.0
2025-03-26 07:59:00+00:00,20478.5,20483.75,20477.0,20483.75,194.0
2025-03-26 08:00:00+00:00,20478.25,20482.75,20472.5,20478.75,397.0
2025-03-26 08:01:00+00:00,20478.5,20484.0,20477.25,20477.25,183.0
2025-03-26 08:02:00+00:00,20475.25,20479.5,20474.5,20479.25,115.0
2025-03-26 08:03:00+00:00,20471.5,20476.25,20468.5,20475.5,166.0
2025-03-26 08:04:00+00:00,20472.0,20474.25,20469.0,20472.5,140.0
2025-03-26 08:05:00+00:00,20470.75,20474.0,20469.0,20472.75,176.0
2025-03-26 08:06:00+00:00,20460.0,20472.0,20458.5,20471.5,308.0
2025-03-26 08:07:00+00:00,20464.0,20464.75,20458.0,20460.25,161.0
2025-03-26 08:08:00+00:00,20466.0,20470.0,20464.25,20464.25,197.0
2025-03-26 08:09:00+00:00,20463.25,20466.75,20462.5,20465.75,97.0
2025-03-26 08:10:00+00:00,20462.0,20469.75,20461.0,20464.5,162.0
2025-03-26 08:11:00+00:00,20460.0,20462.75,20459.5,20460.75,87.0
2025-03-26 08:12:00+00:00,20448.0,20460.5,20440.75,20460.5,737.0
2025-03-26 08:13:00+00:00,20456.25,20456.25,20447.25,20447.75,199.0
2025-03-26 08:14:00+00:00,20458.5,20459.0,20453.0,20454.25,142.0
2025-03-26 08:15:00+00:00,20463.5,20464.75,20456.75,20459.25,189.0
2025-03-26 08:16:00+00:00,20452.75,20464.0,20452.75,20462.25,131.0
2025-03-26 08:17:00+00:00,20448.25,20454.25,20445.0,20453.25,209.0
2025-03-26 08:18:00+00:00,20448.5,20449.5,20446.0,20449.5,76.0
2025-03-26 08:19:00+00:00,20447.5,20450.25,20442.5,20444.5,180.0
2025-03-26 08:20:00+00:00,20452.5,20452.5,20445.0,20446.25,154.0
2025-03-26 08:21:00+00:00,20453.0,20454.25,20447.75,20453.0,140.0
2025-03-26 08:22:00+00:00,20453.25,20454.0,20449.5,20452.25,155.0
2025-03-26 08:23:00+00:00,20453.5,20456.0,20452.0,20453.5,99.0
2025-03-26 08:24:00+00:00,20454.0,20454.5,20449.5,20453.75,122.0
2025-03-26 08:25:00+00:00,20459.25,20461.0,20454.75,20454.75,121.0
2025-03-26 08:26:00+00:00,20461.75,20462.75,20457.25,20459.25,102.0
2025-03-26 08:27:00+00:00,20463.25,20463.25,20458.0,20461.25,105.0
2025-03-26 08:28:00+00:00,20462.25,20464.25,20461.0,20463.0,91.0
2025-03-26 08:29:00+00:00,20461.75,20462.25,20460.0,20461.0,70.0
2025-03-26 08:30:00+00:00,20468.5,20469.25,20460.75,20463.0,148.0
2025-03-26 08:31:00+00:00,20467.25,20469.5,20463.75,20468.5,113.0
2025-03-26 08:32:00+00:00,20467.0,20467.0,20464.0,20466.5,82.0
2025-03-26 08:33:00+00:00,20466.75,20467.75,20465.25,20467.75,29.0
2025-03-26 08:34:00+00:00,20472.0,20473.0,20466.0,20466.25,119.0
2025-03-26 08:35:00+00:00,20469.75,20471.0,20467.5,20471.0,51.0
2025-03-26 08:36:00+00:00,20469.25,20469.75,20467.75,20469.0,38.0
2025-03-26 08:37:00+00:00,20468.25,20471.0,20464.75,20468.25,89.0
2025-03-26 08:38:00+00:00,20468.0,20470.0,20466.0,20468.5,76.0
2025-03-26 08:39:00+00:00,20463.5,20468.0,20463.5,20466.5,51.0
2025-03-26 08:40:00+00:00,20462.25,20465.25,20460.75,20462.25,133.0
2025-03-26 08:41:00+00:00,20465.75,20466.25,20462.0,20462.0,48.0
2025-03-26 08:42:00+00:00,20470.75,20471.75,20466.0,20466.75,128.0
2025-03-26 08:43:00+00:00,20472.25,20472.75,20470.0,20471.25,106.0
2025-03-26 08:44:00+00:00,20467.75,20471.75,20467.75,20471.75,91.0
2025-03-26 08:45:00+00:00,20466.25,20467.75,20463.25,20467.5,90.0
2025-03-26 08:46:00+00:00,20464.0,20468.25,20463.25,20468.0,51.0
2025-03-26 08:47:00+00:00,20458.25,20466.0,20456.0,20464.5,150.0
2025-03-26 08:48:00+00:00,20454.75,20459.25,20453.75,20458.25,124.0
2025-03-26 08:49:00+00:00,20453.75,20455.5,20451.0,20454.25,137.0
2025-03-26 08:50:00+00:00,20454.5,20457.25,20452.5,20453.25,112.0
2025-03-26 08:51:00+00:00,20455.75,20457.0,20453.25,20455.5,85.0
2025-03-26 08:52:00+00:00,20457.25,20460.0,20454.5,20456.75,99.0
2025-03-26 08:53:00+00:00,20452.75,20457.75,20452.75,20456.5,87.0
2025-03-26 08:54:00+00:00,20451.0,20454.25,20450.75,20453.25,79.0
2025-03-26 08:55:00+00:00,20456.0,20456.0,20451.25,20451.25,43.0
2025-03-26 08:56:00+00:00,20456.0,20456.5,20454.25,20455.25,52.0
2025-03-26 08:57:00+00:00,20456.25,20458.25,20455.0,20456.75,55.0
2025-03-26 08:58:00+00:00,20455.0,20457.0,20453.25,20456.5,88.0
2025-03-26 08:59:00+00:00,20452.5,20455.5,20451.0,20455.5,55.0
2025-03-26 09:00:00+00:00,20457.5,20457.5,20450.25,20454.75,90.0
2025-03-26 09:01:00+00:00,20458.75,20459.0,20453.75,20457.25,47.0
2025-03-26 09:02:00+00:00,20457.0,20462.0,20457.0,20458.25,116.0
2025-03-26 09:03:00+00:00,20459.5,20462.25,20456.0,20456.75,59.0
2025-03-26 09:04:00+00:00,20451.5,20459.0,20450.0,20458.5,141.0
2025-03-26 09:05:00+00:00,20448.75,20453.5,20446.75,20451.0,124.0
2025-03-26 09:06:00+00:00,20452.25,20452.25,20445.5,20447.0,101.0
2025-03-26 09:07:00+00:00,20461.5,20463.0,20448.75,20452.5,205.0
2025-03-26 09:08:00+00:00,20462.75,20465.0,20461.0,20461.75,129.0
2025-03-26 09:09:00+00:00,20459.5,20463.0,20458.0,20462.5,95.0
2025-03-26 09:10:00+00:00,20464.0,20464.0,20460.75,20461.0,44.0
2025-03-26 09:11:00+00:00,20463.25,20468.0,20463.25,20464.75,98.0
2025-03-26 09:12:00+00:00,20462.5,20463.75,20460.25,20463.25,41.0
2025-03-26 09:13:00+00:00,20462.0,20462.0,20459.75,20461.75,38.0
2025-03-26 09:14:00+00:00,20462.0,20464.25,20461.0,20463.0,28.0
2025-03-26 09:15:00+00:00,20465.0,20465.0,20461.0,20462.5,39.0
2025-03-26 09:16:00+00:00,20461.0,20463.5,20459.0,20463.5,36.0
2025-03-26 09:17:00+00:00,20460.0,20461.75,20458.0,20460.75,34.0
2025-03-26 09:18:00+00:00,20455.25,20459.5,20453.5,20458.0,102.0
2025-03-26 09:19:00+00:00,20451.0,20457.5,20451.0,20455.5,171.0
2025-03-26 09:20:00+00:00,20448.25,20450.75,20447.25,20450.75,114.0
2025-03-26 09:21:00+00:00,20448.75,20449.5,20446.75,20447.0,105.0
2025-03-26 09:22:00+00:00,20451.0,20451.0,20446.5,20447.75,68.0
2025-03-26 09:23:00+00:00,20448.25,20453.0,20446.75,20451.0,123.0
2025-03-26 09:24:00+00:00,20449.25,20451.25,20445.75,20448.5,148.0
2025-03-26 09:25:00+00:00,20451.75,20452.25,20446.75,20449.0,69.0
2025-03-26 09:26:00+00:00,20455.0,20457.25,20452.0,20452.5,114.0
2025-03-26 09:27:00+00:00,20455.75,20456.75,20452.75,20455.0,116.0
2025-03-26 09:28:00+00:00,20455.25,20456.75,20454.25,20456.5,94.0
2025-03-26 09:29:00+00:00,20452.75,20455.75,20450.25,20455.25,82.0
2025-03-26 09:30:00+00:00,20458.0,20459.75,20453.5,20453.5,119.0
2025-03-26 09:31:00+00:00,20457.75,20460.75,20457.75,20459.5,67.0
2025-03-26 09:32:00+00:00,20458.5,20458.75,20456.0,20457.5,55.0
2025-03-26 09:33:00+00:00,20460.5,20463.25,20457.75,20458.25,55.0
2025-03-26 09:34:00+00:00,20461.75,20461.75,20458.5,20459.75,52.0
2025-03-26 09:35:00+00:00,20461.0,20461.0,20459.0,20460.75,37.0
2025-03-26 09:36:00+00:00,20460.5,20462.0,20459.0,20461.25,28.0
2025-03-26 09:37:00+00:00,20461.5,20463.0,20460.5,20462.0,93.0
2025-03-26 09:38:00+00:00,20459.0,20461.25,20458.0,20458.5,43.0
2025-03-26 09:39:00+00:00,20460.0,20461.5,20457.5,20458.75,110.0
2025-03-26 09:40:00+00:00,20461.0,20462.0,20456.25,20460.5,83.0
2025-03-26 09:41:00+00:00,20458.75,20462.25,20458.75,20461.5,107.0
2025-03-26 09:42:00+00:00,20453.0,20459.5,20450.5,20459.5,159.0
2025-03-26 09:43:00+00:00,20455.75,20456.0,20451.75,20453.0,70.0
2025-03-26 09:44:00+00:00,20454.0,20456.5,20452.75,20456.0,50.0
2025-03-26 09:45:00+00:00,20452.5,20454.5,20451.75,20454.5,47.0
2025-03-26 09:46:00+00:00,20446.75,20454.0,20446.0,20451.25,123.0
2025-03-26 09:47:00+00:00,20449.5,20450.0,20445.0,20447.75,105.0
2025-03-26 09:48:00+00:00,20452.25,20452.75,20445.75,20448.0,157.0
2025-03-26 09:49:00+00:00,20452.25,20453.75,20451.5,20451.5,60.0
2025-03-26 09:50:00+00:00,20459.25,20459.5,20452.5,20452.5,158.0
2025-03-26 09:51:00+00:00,20454.5,20460.5,20453.25,20460.0,113.0
2025-03-26 09:52:00+00:00,20453.0,20454.0,20452.0,20454.0,45.0
2025-03-26 09:53:00+00:00,20446.75,20452.75,20445.25,20452.75,149.0
2025-03-26 09:54:00+00:00,20437.5,20445.75,20434.0,20440.75,644.0
2025-03-26 09:55:00+00:00,20439.25,20440.75,20433.5,20437.75,196.0
2025-03-26 09:56:00+00:00,20439.0,20439.25,20436.5,20437.0,81.0
2025-03-26 09:57:00+00:00,20436.5,20440.75,20435.5,20437.0,145.0
2025-03-26 09:58:00+00:00,20439.25,20439.25,20435.0,20436.25,115.0
2025-03-26 09:59:00+00:00,20432.75,20438.5,20432.75,20438.25,131.0
2025-03-26 10:00:00+00:00,20432.25,20433.5,20429.5,20432.75,314.0
2025-03-26 10:01:00+00:00,20431.75,20434.75,20430.25,20432.75,140.0
2025-03-26 10:02:00+00:00,20433.25,20438.25,20430.5,20432.5,214.0
2025-03-26 10:03:00+00:00,20437.0,20438.25,20430.0,20433.25,264.0
2025-03-26 10:04:00+00:00,20438.75,20440.25,20437.0,20438.0,66.0
2025-03-26 10:05:00+00:00,20436.5,20439.75,20435.5,20439.25,83.0
2025-03-26 10:06:00+00:00,20440.5,20441.5,20435.5,20437.5,202.0
2025-03-26 10:07:00+00:00,20443.0,20443.75,20440.0,20441.25,138.0
2025-03-26 10:08:00+00:00,20446.25,20446.25,20441.5,20443.75,162.0
2025-03-26 10:09:00+00:00,20441.0,20447.0,20440.75,20446.25,105.0
2025-03-26 10:10:00+00:00,20444.5,20445.5,20440.0,20441.25,120.0
2025-03-26 10:11:00+00:00,20445.0,20447.0,20442.5,20444.75,74.0
2025-03-26 10:12:00+00:00,20442.0,20447.25,20441.75,20445.0,123.0
2025-03-26 10:13:00+00:00,20446.25,20446.25,20439.25,20441.5,109.0
2025-03-26 10:14:00+00:00,20444.25,20448.0,20442.25,20447.0,130.0
2025-03-26 10:15:00+00:00,20446.5,20447.25,20444.25,20445.75,77.0
2025-03-26 10:16:00+00:00,20451.5,20452.25,20446.75,20448.75,212.0
2025-03-26 10:17:00+00:00,20452.5,20453.75,20451.5,20452.0,83.0
2025-03-26 10:18:00+00:00,20454.75,20456.0,20453.0,20453.0,85.0
2025-03-26 10:19:00+00:00,20453.75,20455.5,20453.0,20453.75,42.0
2025-03-26 10:20:00+00:00,20453.5,20455.0,20451.0,20453.25,67.0
2025-03-26 10:21:00+00:00,20453.5,20454.25,20451.5,20453.25,57.0
2025-03-26 10:22:00+00:00,20451.0,20454.75,20451.0,20453.25,55.0
2025-03-26 10:23:00+00:00,20453.5,20453.75,20449.5,20450.5,63.0
2025-03-26 10:24:00+00:00,20452.0,20454.0,20450.75,20453.75,104.0
2025-03-26 10:25:00+00:00,20450.5,20453.25,20450.5,20452.0,49.0
2025-03-26 10:26:00+00:00,20448.0,20450.75,20447.75,20449.25,100.0
2025-03-26 10:27:00+00:00,20444.75,20448.5,20442.25,20447.0,181.0
2025-03-26 10:28:00+00:00,20448.25,20448.5,20444.75,20444.75,78.0
2025-03-26 10:29:00+00:00,20448.0,20449.25,20447.0,20447.75,53.0
2025-03-26 10:30:00+00:00,20450.75,20450.75,20445.5,20446.75,88.0
2025-03-26 10:31:00+00:00,20453.0,20454.25,20449.75,20450.25,87.0
2025-03-26 10:32:00+00:00,20455.75,20455.75,20451.0,20452.5,78.0
2025-03-26 10:33:00+00:00,20455.75,20457.5,20454.75,20454.75,71.0
2025-03-26 10:34:00+00:00,20455.5,20456.0,20453.75,20456.0,88.0
2025-03-26 10:35:00+00:00,20451.25,20454.75,20450.0,20454.75,95.0
2025-03-26 10:36:00+00:00,20456.0,20458.25,20451.5,20451.75,65.0
2025-03-26 10:37:00+00:00,20451.5,20457.5,20451.5,20456.5,79.0
2025-03-26 10:38:00+00:00,20459.0,20459.0,20451.75,20451.75,111.0
2025-03-26 10:39:00+00:00,20464.75,20467.0,20457.75,20459.25,440.0
2025-03-26 10:40:00+00:00,20459.75,20465.0,20457.75,20465.0,132.0
2025-03-26 10:41:00+00:00,20459.5,20460.75,20458.5,20460.0,57.0
2025-03-26 10:42:00+00:00,20460.75,20462.75,20458.25,20460.0,163.0
2025-03-26 10:43:00+00:00,20458.0,20462.5,20457.5,20459.5,241.0
2025-03-26 10:44:00+00:00,20456.25,20458.5,20456.0,20458.5,64.0
2025-03-26 10:45:00+00:00,20463.25,20463.25,20455.75,20455.75,65.0
2025-03-26 10:46:00+00:00,20462.0,20465.25,20462.0,20463.25,83.0
2025-03-26 10:47:00+00:00,20461.5,20463.0,20460.75,20462.5,35.0
2025-03-26 10:48:00+00:00,20462.5,20463.25,20461.25,20462.25,25.0
2025-03-26 10:49:00+00:00,20460.75,20462.5,20460.5,20461.75,31.0
2025-03-26 10:50:00+00:00,20460.25,20461.5,20460.25,20460.5,20.0
2025-03-26 10:51:00+00:00,20460.75,20460.75,20459.0,20460.0,44.0
2025-03-26 10:52:00+00:00,20459.5,20461.5,20457.0,20460.0,448.0
2025-03-26 10:53:00+00:00,20460.0,20460.25,20457.5,20459.0,159.0
2025-03-26 10:54:00+00:00,20461.5,20462.25,20459.5,20459.75,84.0
2025-03-26 10:55:00+00:00,20466.5,20468.25,20461.0,20462.25,152.0
2025-03-26 10:56:00+00:00,20470.0,20471.75,20464.5,20466.5,149.0
2025-03-26 10:57:00+00:00,20471.5,20472.75,20469.0,20470.75,135.0
2025-03-26 10:58:00+00:00,20472.0,20472.0,20469.25,20470.75,77.0
2025-03-26 10:59:00+00:00,20473.5,20473.75,20470.25,20473.25,161.0
2025-03-26 11:00:00+00:00,20474.75,20479.0,20473.25,20474.0,203.0
2025-03-26 11:01:00+00:00,20470.5,20474.5,20469.75,20474.5,194.0
2025-03-26 11:02:00+00:00,20469.5,20471.5,20468.25,20470.75,111.0
2025-03-26 11:03:00+00:00,20469.5,20471.75,20467.5,20467.5,122.0
2025-03-26 11:04:00+00:00,20466.0,20469.25,20465.75,20469.25,105.0
2025-03-26 11:05:00+00:00,20467.0,20469.0,20467.0,20467.0,70.0
2025-03-26 11:06:00+00:00,20466.75,20469.5,20466.0,20468.5,35.0
2025-03-26 11:07:00+00:00,20464.0,20467.5,20462.5,20467.5,106.0
2025-03-26 11:08:00+00:00,20459.75,20463.75,20459.25,20463.75,168.0
2025-03-26 11:09:00+00:00,20462.25,20463.0,20458.5,20462.25,189.0
2025-03-26 11:10:00+00:00,20460.75,20462.0,20459.0,20462.0,64.0
2025-03-26 11:11:00+00:00,20460.5,20461.75,20459.25,20459.75,57.0
2025-03-26 11:12:00+00:00,20463.0,20464.0,20461.5,20461.5,34.0
2025-03-26 11:13:00+00:00,20464.0,20465.0,20462.0,20463.5,55.0
2025-03-26 11:14:00+00:00,20468.75,20469.25,20463.0,20464.5,126.0
2025-03-26 11:15:00+00:00,20470.25,20471.25,20468.0,20468.25,83.0
2025-03-26 11:16:00+00:00,20468.75,20471.0,20467.5,20469.5,64.0
2025-03-26 11:17:00+00:00,20468.0,20468.75,20466.75,20468.25,47.0
2025-03-26 11:18:00+00:00,20465.0,20468.0,20462.5,20468.0,105.0
2025-03-26 11:19:00+00:00,20463.5,20465.0,20461.75,20464.5,60.0
2025-03-26 11:20:00+00:00,20466.5,20466.5,20461.0,20463.75,51.0
2025-03-26 11:21:00+00:00,20470.0,20470.75,20466.75,20466.75,54.0
2025-03-26 11:22:00+00:00,20471.25,20473.5,20469.0,20470.25,84.0
2025-03-26 11:23:00+00:00,20471.25,20474.25,20470.0,20470.75,56.0
2025-03-26 11:24:00+00:00,20471.5,20473.0,20471.0,20472.75,51.0
2025-03-26 11:25:00+00:00,20473.0,20475.0,20470.75,20472.0,75.0
2025-03-26 11:26:00+00:00,20473.0,20473.5,20471.25,20472.75,54.0
2025-03-26 11:27:00+00:00,20478.0,20479.25,20472.75,20473.5,122.0
2025-03-26 11:28:00+00:00,20473.25,20478.5,20472.75,20478.0,95.0
2025-03-26 11:29:00+00:00,20473.75,20477.25,20473.0,20473.0,87.0
2025-03-26 11:30:00+00:00,20473.25,20475.25,20470.25,20474.0,132.0
2025-03-26 11:31:00+00:00,20473.5,20475.5,20471.25,20472.0,147.0
2025-03-26 11:32:00+00:00,20475.0,20476.25,20472.5,20473.75,46.0
2025-03-26 11:33:00+00:00,20478.5,20478.5,20473.75,20475.75,82.0
2025-03-26 11:34:00+00:00,20478.75,20478.75,20476.5,20477.5,32.0
2025-03-26 11:35:00+00:00,20481.0,20483.25,20477.0,20479.0,156.0
2025-03-26 11:36:00+00:00,20483.5,20488.0,20479.25,20481.25,347.0
2025-03-26 11:37:00+00:00,20485.0,20487.5,20482.25,20483.25,116.0
2025-03-26 11:38:00+00:00,20488.25,20489.75,20483.5,20483.5,108.0
2025-03-26 11:39:00+00:00,20486.0,20489.5,20485.0,20488.5,92.0
2025-03-26 11:40:00+00:00,20485.25,20486.75,20483.0,20486.25,93.0
2025-03-26 11:41:00+00:00,20484.0,20485.5,20483.0,20484.75,43.0
2025-03-26 11:42:00+00:00,20486.75,20487.5,20481.5,20483.0,75.0
2025-03-26 11:43:00+00:00,20487.5,20491.25,20485.75,20486.75,129.0
2025-03-26 11:44:00+00:00,20485.5,20488.5,20484.75,20486.5,88.0
2025-03-26 11:45:00+00:00,20488.25,20489.75,20484.75,20486.75,58.0
2025-03-26 11:46:00+00:00,20489.75,20490.0,20486.75,20488.25,98.0
2025-03-26 11:47:00+00:00,20487.0,20489.75,20487.0,20488.5,72.0
2025-03-26 11:48:00+00:00,20489.75,20491.25,20487.75,20487.75,61.0
2025-03-26 11:49:00+00:00,20489.25,20490.75,20488.0,20489.5,60.0
2025-03-26 11:50:00+00:00,20489.25,20489.25,20487.25,20488.75,50.0
2025-03-26 11:51:00+00:00,20490.25,20493.0,20488.75,20490.0,83.0
2025-03-26 11:52:00+00:00,20489.5,20493.0,20489.5,20491.0,66.0
2025-03-26 11:53:00+00:00,20485.75,20489.75,20484.25,20489.25,124.0
2025-03-26 11:54:00+00:00,20486.75,20487.5,20484.25,20486.5,88.0
2025-03-26 11:55:00+00:00,20484.75,20487.25,20483.5,20486.75,66.0
2025-03-26 11:56:00+00:00,20483.5,20485.0,20482.0,20484.25,124.0
2025-03-26 11:57:00+00:00,20482.75,20484.75,20481.75,20483.25,55.0
2025-03-26 11:58:00+00:00,20482.5,20484.25,20482.5,20482.75,39.0
2025-03-26 11:59:00+00:00,20482.5,20485.25,20482.25,20482.25,74.0
2025-03-26 12:00:00+00:00,20476.5,20484.25,20473.25,20482.25,398.0
2025-03-26 12:01:00+00:00,20476.0,20477.25,20474.0,20475.75,133.0
2025-03-26 12:02:00+00:00,20476.0,20477.0,20472.5,20475.75,148.0
2025-03-26 12:03:00+00:00,20473.0,20479.5,20472.75,20476.0,129.0
2025-03-26 12:04:00+00:00,20473.0,20474.25,20472.5,20472.75,64.0
2025-03-26 12:05:00+00:00,20473.75,20477.5,20471.0,20471.75,98.0
2025-03-26 12:06:00+00:00,20472.75,20474.75,20472.0,20473.75,79.0
2025-03-26 12:07:00+00:00,20476.0,20476.25,20472.75,20473.25,70.0
2025-03-26 12:08:00+00:00,20475.5,20477.25,20471.75,20475.75,104.0
2025-03-26 12:09:00+00:00,20477.25,20477.5,20474.25,20475.25,61.0
2025-03-26 12:10:00+00:00,20475.0,20478.5,20472.25,20477.25,140.0
2025-03-26 12:11:00+00:00,20475.0,20477.25,20474.5,20475.0,53.0
2025-03-26 12:12:00+00:00,20480.25,20480.75,20475.0,20475.25,121.0
2025-03-26 12:13:00+00:00,20477.25,20482.25,20475.75,20479.0,136.0
2025-03-26 12:14:00+00:00,20476.0,20478.25,20474.0,20478.25,54.0
2025-03-26 12:15:00+00:00,20469.75,20476.5,20469.25,20475.5,204.0
2025-03-26 12:16:00+00:00,20468.0,20470.75,20467.0,20470.5,211.0
2025-03-26 12:17:00+00:00,20466.75,20468.75,20466.5,20468.0,80.0
2025-03-26 12:18:00+00:00,20468.0,20468.5,20465.75,20467.25,108.0
2025-03-26 12:19:00+00:00,20468.25,20470.75,20467.0,20467.5,104.0
2025-03-26 12:20:00+00:00,20466.5,20469.25,20465.25,20469.0,185.0
2025-03-26 12:21:00+00:00,20463.75,20467.5,20463.5,20466.0,126.0
2025-03-26 12:22:00+00:00,20464.0,20466.5,20462.0,20463.0,184.0
2025-03-26 12:23:00+00:00,20464.5,20465.75,20461.5,20464.25,172.0
2025-03-26 12:24:00+00:00,20461.5,20466.75,20460.0,20465.5,138.0
2025-03-26 12:25:00+00:00,20463.0,20464.75,20461.5,20462.25,159.0
2025-03-26 12:26:00+00:00,20461.75,20464.75,20461.75,20463.25,120.0
2025-03-26 12:27:00+00:00,20463.0,20463.5,20460.0,20461.75,127.0
2025-03-26 12:28:00+00:00,20461.5,20463.5,20460.25,20462.75,105.0
2025-03-26 12:29:00+00:00,20462.25,20466.25,20458.0,20463.25,342.0
2025-03-26 12:30:00+00:00,20464.25,20474.0,20458.5,20465.25,670.0
2025-03-26 12:31:00+00:00,20457.0,20464.0,20454.5,20464.0,617.0
2025-03-26 12:32:00+00:00,20457.5,20461.5,20451.0,20455.25,468.0
2025-03-26 12:33:00+00:00,20458.5,20458.75,20453.75,20456.75,240.0
2025-03-26 12:34:00+00:00,20459.25,20465.25,20456.25,20457.25,350.0
2025-03-26 12:35:00+00:00,20461.5,20462.25,20459.0,20459.5,160.0
2025-03-26 12:36:00+00:00,20457.25,20462.0,20456.75,20461.0,234.0
2025-03-26 12:37:00+00:00,20454.5,20458.75,20450.25,20457.5,457.0
2025-03-26 12:38:00+00:00,20455.0,20458.5,20451.5,20454.75,141.0
2025-03-26 12:39:00+00:00,20456.5,20456.5,20452.5,20455.25,158.0
2025-03-26 12:40:00+00:00,20453.5,20462.0,20450.0,20456.75,542.0
2025-03-26 12:41:00+00:00,20458.25,20461.5,20453.75,20454.0,333.0
2025-03-26 12:42:00+00:00,20462.5,20463.75,20454.0,20458.25,268.0
2025-03-26 12:43:00+00:00,20461.75,20466.5,20461.25,20462.5,399.0
2025-03-26 12:44:00+00:00,20466.5,20466.5,20462.0,20462.75,176.0
2025-03-26 12:45:00+00:00,20467.0,20469.5,20465.0,20465.5,266.0
2025-03-26 12:46:00+00:00,20468.25,20469.5,20466.25,20467.75,222.0
2025-03-26 12:47:00+00:00,20474.0,20474.0,20467.75,20468.0,220.0
2025-03-26 12:48:00+00:00,20481.0,20481.25,20473.25,20474.5,321.0
2025-03-26 12:49:00+00:00,20479.5,20482.25,20478.25,20480.75,274.0
2025-03-26 12:50:00+00:00,20474.5,20481.75,20473.0,20479.5,348.0
2025-03-26 12:51:00+00:00,20475.75,20476.5,20471.75,20474.5,255.0
2025-03-26 12:52:00+00:00,20476.5,20476.75,20472.25,20475.5,122.0
2025-03-26 12:53:00+00:00,20480.5,20481.0,20473.75,20476.0,204.0
2025-03-26 12:54:00+00:00,20478.5,20485.5,20476.25,20480.25,353.0
2025-03-26 12:55:00+00:00,20476.75,20479.75,20476.0,20477.75,190.0
2025-03-26 12:56:00+00:00,20476.5,20479.0,20475.5,20477.0,103.0
2025-03-26 12:57:00+00:00,20476.0,20478.5,20474.25,20477.0,123.0
2025-03-26 12:58:00+00:00,20477.5,20479.75,20476.25,20476.5,94.0
2025-03-26 12:59:00+00:00,20480.5,20480.5,20477.0,20477.25,88.0
2025-03-26 13:00:00+00:00,20483.0,20483.0,20477.25,20480.0,132.0
2025-03-26 13:01:00+00:00,20473.75,20483.25,20473.5,20482.5,247.0
2025-03-26 13:02:00+00:00,20477.0,20477.5,20470.75,20474.0,295.0
2025-03-26 13:03:00+00:00,20477.5,20479.5,20474.75,20477.0,133.0
2025-03-26 13:04:00+00:00,20476.25,20478.5,20475.25,20477.75,112.0
2025-03-26 13:05:00+00:00,20471.0,20477.25,20469.5,20477.25,249.0
2025-03-26 13:06:00+00:00,20472.75,20473.75,20468.0,20470.75,217.0
2025-03-26 13:07:00+00:00,20485.25,20486.5,20473.0,20473.0,401.0
2025-03-26 13:08:00+00:00,20481.0,20486.0,20478.75,20485.5,248.0
2025-03-26 13:09:00+00:00,20479.5,20481.5,20479.0,20481.0,59.0
2025-03-26 13:10:00+00:00,20478.25,20480.5,20476.0,20479.75,115.0
2025-03-26 13:11:00+00:00,20476.25,20479.5,20471.0,20477.25,232.0
2025-03-26 13:12:00+00:00,20473.75,20476.75,20473.25,20476.25,100.0
2025-03-26 13:13:00+00:00,20471.0,20475.25,20469.75,20475.0,166.0
2025-03-26 13:14:00+00:00,20473.25,20474.5,20470.75,20470.75,105.0
2025-03-26 13:15:00+00:00,20472.0,20473.5,20470.75,20472.75,121.0
2025-03-26 13:16:00+00:00,20466.25,20474.25,20466.25,20472.25,350.0
2025-03-26 13:17:00+00:00,20462.5,20468.25,20461.25,20466.25,459.0
2025-03-26 13:18:00+00:00,20458.75,20462.75,20458.25,20462.75,283.0
2025-03-26 13:19:00+00:00,20457.0,20460.0,20456.25,20459.0,291.0
2025-03-26 13:20:00+00:00,20458.0,20460.75,20452.75,20457.75,421.0
2025-03-26 13:21:00+00:00,20454.5,20458.75,20453.5,20458.0,145.0
2025-03-26 13:22:00+00:00,20455.5,20457.5,20452.75,20454.0,177.0
2025-03-26 13:23:00+00:00,20450.25,20455.0,20448.5,20455.0,470.0
2025-03-26 13:24:00+00:00,20449.25,20452.25,20447.0,20449.75,425.0
2025-03-26 13:25:00+00:00,20444.75,20457.0,20444.75,20449.5,569.0
2025-03-26 13:26:00+00:00,20446.0,20447.75,20440.25,20445.25,560.0
2025-03-26 13:27:00+00:00,20441.75,20451.75,20441.25,20446.0,555.0
2025-03-26 13:28:00+00:00,20440.5,20445.25,20437.0,20444.75,705.0
2025-03-26 13:29:00+00:00,20437.0,20446.0,20437.0,20440.5,798.0
2025-03-26 13:30:00+00:00,20445.0,20450.25,20432.5,20440.75,2935.0
2025-03-26 13:31:00+00:00,20445.0,20456.0,20436.0,20444.25,2273.0
2025-03-26 13:32:00+00:00,20436.25,20460.5,20436.25,20445.0,2435.0
2025-03-26 13:33:00+00:00,20420.5,20437.25,20415.0,20436.5,3528.0
2025-03-26 13:34:00+00:00,20428.5,20435.5,20413.0,20421.0,2111.0
2025-03-26 13:35:00+00:00,20454.5,20454.5,20428.25,20431.0,2276.0
2025-03-26 13:36:00+00:00,20448.0,20463.25,20444.75,20454.75,2503.0
2025-03-26 13:37:00+00:00,20456.25,20458.0,20442.0,20448.0,1467.0
2025-03-26 13:38:00+00:00,20469.5,20471.5,20453.0,20456.25,2272.0
2025-03-26 13:39:00+00:00,20458.5,20475.0,20449.0,20467.25,4000.0
2025-03-26 13:40:00+00:00,20459.25,20474.0,20456.75,20458.5,1661.0
2025-03-26 13:41:00+00:00,20449.5,20465.0,20442.5,20458.75,2126.0
2025-03-26 13:42:00+00:00,20439.25,20455.0,20436.25,20448.0,1855.0
2025-03-26 13:43:00+00:00,20441.0,20444.5,20425.25,20438.75,2012.0
2025-03-26 13:44:00+00:00,20445.5,20445.5,20427.0,20438.0,1364.0
2025-03-26 13:45:00+00:00,20437.5,20454.25,20434.0,20445.5,1799.0
2025-03-26 13:46:00+00:00,20418.75,20436.75,20418.0,20434.0,2034.0
2025-03-26 13:47:00+00:00,20417.5,20424.0,20406.25,20418.75,2705.0
2025-03-26 13:48:00+00:00,20409.0,20422.5,20400.0,20418.25,1838.0
2025-03-26 13:49:00+00:00,20399.5,20410.25,20390.0,20406.5,2226.0
2025-03-26 13:50:00+00:00,20395.0,20399.5,20384.0,20397.5,2504.0
2025-03-26 13:51:00+00:00,20388.0,20407.25,20384.0,20393.25,2304.0
2025-03-26 13:52:00+00:00,20387.75,20396.25,20381.0,20387.0,2087.0
2025-03-26 13:53:00+00:00,20369.0,20387.75,20358.75,20383.5,3629.0
2025-03-26 13:54:00+00:00,20374.25,20379.25,20366.5,20371.0,1657.0
2025-03-26 13:55:00+00:00,20357.0,20376.25,20353.25,20373.0,2098.0
2025-03-26 13:56:00+00:00,20343.75,20362.75,20339.5,20354.5,2590.0
2025-03-26 13:57:00+00:00,20313.75,20343.5,20307.0,20341.5,4151.0
2025-03-26 13:58:00+00:00,20327.5,20329.75,20306.0,20310.75,2624.0
2025-03-26 13:59:00+00:00,20316.5,20330.75,20313.25,20330.0,2209.0
2025-03-26 14:00:00+00:00,20335.25,20340.75,20308.75,20312.75,3488.0
2025-03-26 14:01:00+00:00,20332.0,20338.75,20322.5,20335.75,1607.0
2025-03-26 14:02:00+00:00,20340.0,20356.25,20319.75,20332.0,3793.0
2025-03-26 14:03:00+00:00,20333.75,20352.5,20331.75,20339.75,2076.0
2025-03-26 14:04:00+00:00,20327.75,20341.25,20318.25,20332.75,1629.0
2025-03-26 14:05:00+00:00,20331.75,20339.0,20318.75,20327.25,1535.0
2025-03-26 14:06:00+00:00,20329.0,20340.0,20319.25,20331.25,1377.0
2025-03-26 14:07:00+00:00,20330.5,20340.75,20316.25,20325.5,1626.0
2025-03-26 14:08:00+00:00,20328.5,20333.0,20318.5,20330.25,1560.0
2025-03-26 14:09:00+00:00,20312.25,20329.0,20299.25,20329.0,2642.0
2025-03-26 14:10:00+00:00,20323.25,20327.0,20311.0,20312.25,1367.0
2025-03-26 14:11:00+00:00,20317.25,20324.75,20311.0,20323.0,1078.0
2025-03-26 14:12:00+00:00,20300.5,20317.5,20296.75,20317.5,2464.0
2025-03-26 14:13:00+00:00,20298.25,20315.75,20294.0,20301.25,1872.0
2025-03-26 14:14:00+00:00,20318.0,20322.5,20297.0,20298.25,1853.0
2025-03-26 14:15:00+00:00,20304.75,20325.75,20303.25,20318.75,1761.0
2025-03-26 14:16:00+00:00,20302.25,20312.5,20290.75,20304.75,2188.0
2025-03-26 14:17:00+00:00,20304.25,20307.5,20292.25,20300.0,1448.0
2025-03-26 14:18:00+00:00,20296.0,20310.5,20295.25,20302.25,1379.0
2025-03-26 14:19:00+00:00,20279.0,20295.25,20277.25,20295.0,2863.0
2025-03-26 14:20:00+00:00,20258.75,20281.5,20253.75,20277.5,4797.0
2025-03-26 14:21:00+00:00,20247.75,20259.5,20242.75,20259.25,2596.0
2025-03-26 14:22:00+00:00,20237.25,20250.25,20233.75,20248.0,2761.0
2025-03-26 14:23:00+00:00,20242.5,20247.0,20227.0,20239.0,2647.0
2025-03-26 14:24:00+00:00,20254.25,20259.0,20240.0,20240.75,2505.0
2025-03-26 14:25:00+00:00,20256.25,20266.0,20250.0,20253.0,2436.0
2025-03-26 14:26:00+00:00,20265.75,20270.0,20253.25,20258.75,1487.0
2025-03-26 14:27:00+00:00,20276.5,20282.5,20265.0,20268.0,1963.0
2025-03-26 14:28:00+00:00,20276.0,20283.5,20275.0,20277.0,1505.0
2025-03-26 14:29:00+00:00,20284.5,20286.5,20273.25,20274.25,1275.0
2025-03-26 14:30:00+00:00,20276.0,20287.25,20271.75,20285.0,1938.0
2025-03-26 14:31:00+00:00,20290.25,20291.5,20270.25,20278.0,1816.0
2025-03-26 14:32:00+00:00,20289.25,20292.25,20285.0,20290.25,1208.0
2025-03-26 14:33:00+00:00,20284.75,20293.0,20281.75,20289.5,1038.0
2025-03-26 14:34:00+00:00,20286.0,20286.0,20276.75,20285.75,1142.0
2025-03-26 14:35:00+00:00,20286.75,20290.0,20278.5,20285.25,965.0
2025-03-26 14:36:00+00:00,20284.0,20296.25,20283.0,20286.75,1799.0
2025-03-26 14:37:00+00:00,20288.0,20290.75,20281.25,20284.75,948.0
2025-03-26 14:38:00+00:00,20289.75,20295.75,20288.75,20289.75,915.0
2025-03-26 14:39:00+00:00,20282.75,20290.5,20277.5,20289.75,1317.0
2025-03-26 14:40:00+00:00,20289.75,20293.25,20279.0,20281.5,1210.0
2025-03-26 14:41:00+00:00,20291.75,20292.25,20279.0,20289.25,740.0
2025-03-26 14:42:00+00:00,20280.5,20293.0,20278.5,20292.75,862.0
2025-03-26 14:43:00+00:00,20279.25,20283.25,20277.5,20280.5,654.0
2025-03-26 14:44:00+00:00,20279.75,20282.5,20274.25,20279.75,928.0
2025-03-26 14:45:00+00:00,20274.25,20283.5,20272.25,20282.0,1047.0
2025-03-26 14:46:00+00:00,20267.0,20275.5,20257.75,20273.5,2032.0
2025-03-26 14:47:00+00:00,20266.75,20272.5,20263.5,20267.75,838.0
2025-03-26 14:48:00+00:00,20263.0,20271.75,20260.25,20269.25,842.0
2025-03-26 14:49:00+00:00,20259.75,20265.5,20258.0,20263.0,1036.0
2025-03-26 14:50:00+00:00,20278.5,20281.25,20259.25,20261.25,1489.0
2025-03-26 14:51:00+00:00,20287.25,20290.0,20279.25,20279.25,1424.0
2025-03-26 14:52:00+00:00,20299.5,20299.75,20283.5,20287.75,1603.0
2025-03-26 14:53:00+00:00,20310.0,20312.25,20296.0,20299.75,2551.0
2025-03-26 14:54:00+00:00,20304.0,20311.5,20297.75,20310.0,1884.0
2025-03-26 14:55:00+00:00,20300.5,20306.0,20298.75,20305.0,697.0
2025-03-26 14:56:00+00:00,20287.5,20307.75,20283.25,20299.75,1745.0
2025-03-26 14:57:00+00:00,20291.25,20296.25,20286.75,20289.25,1021.0
2025-03-26 14:58:00+00:00,20301.75,20303.25,20290.25,20291.75,1098.0
2025-03-26 14:59:00+00:00,20294.5,20302.25,20285.25,20301.75,1205.0
2025-03-26 15:00:00+00:00,20304.5,20305.5,20284.75,20295.75,1236.0
2025-03-26 15:01:00+00:00,20299.5,20307.25,20293.75,20305.75,1068.0
2025-03-26 15:02:00+00:00,20308.25,20310.5,20298.5,20299.5,1123.0
2025-03-26 15:03:00+00:00,20298.75,20312.0,20298.5,20307.0,967.0
2025-03-26 15:04:00+00:00,20300.25,20304.5,20294.75,20298.5,817.0
2025-03-26 15:05:00+00:00,20302.25,20305.5,20298.5,20302.0,635.0
2025-03-26 15:06:00+00:00,20308.0,20309.5,20300.0,20302.5,738.0
2025-03-26 15:07:00+00:00,20304.0,20309.25,20301.0,20308.5,703.0
2025-03-26 15:08:00+00:00,20308.75,20311.5,20304.5,20305.5,695.0
2025-03-26 15:09:00+00:00,20308.75,20313.5,20305.75,20309.25,822.0
2025-03-26 15:10:00+00:00,20312.75,20316.75,20306.0,20307.0,1198.0
2025-03-26 15:11:00+00:00,20307.0,20314.5,20300.75,20313.25,977.0
2025-03-26 15:12:00+00:00,20304.0,20313.0,20302.0,20306.75,915.0
2025-03-26 15:13:00+00:00,20305.25,20315.75,20301.5,20303.0,1123.0
2025-03-26 15:14:00+00:00,20310.25,20311.5,20300.25,20304.0,738.0
2025-03-26 15:15:00+00:00,20308.0,20311.5,20301.5,20310.5,740.0
2025-03-26 15:16:00+00:00,20306.5,20313.0,20305.25,20308.25,596.0
2025-03-26 15:17:00+00:00,20310.75,20316.5,20306.0,20306.25,670.0
2025-03-26 15:18:00+00:00,20310.75,20317.0,20307.75,20310.5,757.0
2025-03-26 15:19:00+00:00,20315.5,20317.5,20309.5,20310.0,589.0
2025-03-26 15:20:00+00:00,20313.25,20320.5,20312.25,20315.5,1131.0
2025-03-26 15:21:00+00:00,20316.0,20316.25,20303.0,20313.0,1018.0
2025-03-26 15:22:00+00:00,20295.5,20317.0,20295.25,20315.5,1175.0
2025-03-26 15:23:00+00:00,20293.25,20304.25,20292.25,20295.5,1216.0
2025-03-26 15:24:00+00:00,20288.5,20294.25,20287.0,20291.75,1131.0
2025-03-26 15:25:00+00:00,20278.25,20290.0,20268.25,20288.25,2425.0
2025-03-26 15:26:00+00:00,20281.0,20281.25,20267.75,20276.75,1366.0
2025-03-26 15:27:00+00:00,20269.25,20280.75,20267.0,20280.25,967.0
2025-03-26 15:28:00+00:00,20265.0,20269.25,20254.25,20267.0,1920.0
2025-03-26 15:29:00+00:00,20273.0,20276.25,20264.25,20264.5,998.0
2025-03-26 15:30:00+00:00,20287.25,20289.75,20271.75,20273.25,1483.0
2025-03-26 15:31:00+00:00,20287.0,20294.5,20285.0,20288.25,1094.0
2025-03-26 15:32:00+00:00,20293.5,20295.25,20285.75,20287.5,749.0
2025-03-26 15:33:00+00:00,20289.0,20296.75,20287.75,20293.75,668.0
2025-03-26 15:34:00+00:00,20281.25,20291.0,20278.5,20289.5,921.0
2025-03-26 15:35:00+00:00,20283.75,20286.25,20279.5,20282.25,813.0
2025-03-26 15:36:00+00:00,20278.25,20286.5,20275.5,20284.0,739.0
2025-03-26 15:37:00+00:00,20275.75,20280.0,20272.5,20278.0,632.0
2025-03-26 15:38:00+00:00,20270.25,20275.0,20268.75,20275.0,659.0
2025-03-26 15:39:00+00:00,20277.0,20279.75,20269.5,20269.75,660.0
2025-03-26 15:40:00+00:00,20271.25,20283.75,20270.0,20276.5,1154.0
2025-03-26 15:41:00+00:00,20265.25,20271.75,20262.0,20270.0,1014.0
2025-03-26 15:42:00+00:00,20264.0,20269.0,20257.75,20265.25,1110.0
2025-03-26 15:43:00+00:00,20253.0,20265.75,20251.25,20263.75,1003.0
2025-03-26 15:44:00+00:00,20251.75,20257.25,20246.75,20252.5,1456.0
2025-03-26 15:45:00+00:00,20250.5,20257.5,20250.25,20251.25,939.0
2025-03-26 15:46:00+00:00,20257.25,20260.75,20250.0,20250.0,1010.0
2025-03-26 15:47:00+00:00,20261.0,20261.75,20251.5,20257.25,826.0
2025-03-26 15:48:00+00:00,20244.25,20261.25,20243.75,20261.0,1262.0
2025-03-26 15:49:00+00:00,20242.5,20247.25,20237.75,20244.75,1648.0
2025-03-26 15:50:00+00:00,20234.0,20246.5,20233.5,20243.25,1330.0
2025-03-26 15:51:00+00:00,20231.0,20238.0,20228.5,20233.25,1048.0
2025-03-26 15:52:00+00:00,20210.5,20230.25,20203.5,20230.25,3335.0
2025-03-26 15:53:00+00:00,20203.5,20209.5,20193.0,20205.25,2863.0
2025-03-26 15:54:00+00:00,20208.25,20212.5,20200.0,20202.25,1433.0
2025-03-26 15:55:00+00:00,20204.0,20208.25,20197.5,20205.75,1072.0
2025-03-26 15:56:00+00:00,20184.25,20209.0,20170.25,20204.25,4636.0
2025-03-26 15:57:00+00:00,20194.5,20199.75,20176.5,20184.0,2265.0
2025-03-26 15:58:00+00:00,20196.25,20200.5,20190.0,20194.75,1413.0
2025-03-26 15:59:00+00:00,20192.5,20196.5,20187.5,20196.0,1055.0
2025-03-26 16:00:00+00:00,20188.5,20194.5,20174.25,20193.5,2485.0
2025-03-26 16:01:00+00:00,20186.0,20194.25,20179.0,20188.25,1672.0
2025-03-26 16:02:00+00:00,20177.0,20190.5,20176.5,20185.5,1023.0
2025-03-26 16:03:00+00:00,20167.75,20180.25,20165.5,20175.75,1961.0
2025-03-26 16:04:00+00:00,20177.0,20181.0,20166.75,20169.5,1148.0
2025-03-26 16:05:00+00:00,20192.0,20197.75,20175.25,20176.25,1509.0
2025-03-26 16:06:00+00:00,20197.0,20204.75,20190.5,20191.75,1359.0
2025-03-26 16:07:00+00:00,20185.5,20197.25,20183.5,20196.5,1056.0
2025-03-26 16:08:00+00:00,20192.0,20195.5,20182.5,20184.25,886.0
2025-03-26 16:09:00+00:00,20187.5,20192.0,20185.25,20191.5,585.0
2025-03-26 16:10:00+00:00,20196.25,20196.5,20182.25,20187.0,755.0
2025-03-26 16:11:00+00:00,20196.25,20201.0,20192.25,20196.25,948.0
2025-03-26 16:12:00+00:00,20183.5,20198.25,20177.0,20197.25,1192.0
2025-03-26 16:13:00+00:00,20176.75,20185.5,20175.5,20183.75,917.0
2025-03-26 16:14:00+00:00,20187.0,20188.75,20173.75,20177.0,813.0
2025-03-26 16:15:00+00:00,20176.5,20188.0,20175.25,20186.0,730.0
2025-03-26 16:16:00+00:00,20176.5,20179.75,20175.5,20179.0,568.0
2025-03-26 16:17:00+00:00,20182.75,20184.25,20171.25,20176.0,1192.0
2025-03-26 16:18:00+00:00,20174.0,20184.0,20169.25,20182.75,1125.0
2025-03-26 16:19:00+00:00,20169.25,20178.5,20169.25,20172.5,728.0
2025-03-26 16:20:00+00:00,20171.75,20176.25,20166.25,20169.75,1391.0
2025-03-26 16:21:00+00:00,20186.0,20187.5,20167.75,20172.0,1290.0
2025-03-26 16:22:00+00:00,20181.25,20192.5,20180.75,20184.75,1017.0
2025-03-26 16:23:00+00:00,20176.75,20181.75,20170.5,20180.25,688.0
2025-03-26 16:24:00+00:00,20178.0,20179.25,20173.25,20177.75,415.0
2025-03-26 16:25:00+00:00,20185.0,20189.0,20177.5,20177.75,738.0
2025-03-26 16:26:00+00:00,20191.25,20194.75,20184.75,20185.5,906.0
2025-03-26 16:27:00+00:00,20191.25,20196.5,20188.25,20190.5,559.0
2025-03-26 16:28:00+00:00,20196.0,20197.25,20188.25,20189.25,648.0
2025-03-26 16:29:00+00:00,20205.25,20208.0,20196.75,20197.25,1687.0
2025-03-26 16:30:00+00:00,20216.75,20218.0,20202.0,20205.0,1552.0
2025-03-26 16:31:00+00:00,20212.75,20217.75,20209.25,20212.75,988.0
2025-03-26 16:32:00+00:00,20199.0,20214.75,20198.75,20212.5,945.0
2025-03-26 16:33:00+00:00,20187.25,20201.25,20184.5,20198.75,1427.0
2025-03-26 16:34:00+00:00,20189.75,20201.25,20185.5,20187.0,1017.0
2025-03-26 16:35:00+00:00,20207.75,20209.5,20190.5,20190.75,932.0
2025-03-26 16:36:00+00:00,20209.75,20210.25,20203.25,20208.0,499.0
2025-03-26 16:37:00+00:00,20197.0,20210.0,20193.0,20209.75,595.0
2025-03-26 16:38:00+00:00,20187.25,20197.25,20183.5,20196.5,880.0
2025-03-26 16:39:00+00:00,20185.75,20189.0,20182.5,20186.75,481.0
2025-03-26 16:40:00+00:00,20190.25,20193.5,20184.0,20185.0,716.0
2025-03-26 16:41:00+00:00,20196.0,20197.75,20188.25,20190.0,709.0
2025-03-26 16:42:00+00:00,20189.75,20195.25,20184.75,20195.25,492.0
2025-03-26 16:43:00+00:00,20180.25,20190.75,20178.5,20188.75,719.0
2025-03-26 16:44:00+00:00,20177.25,20183.75,20172.75,20180.25,974.0
2025-03-26 16:45:00+00:00,20181.75,20183.0,20172.5,20175.75,870.0
2025-03-26 16:46:00+00:00,20173.75,20182.25,20171.0,20181.75,875.0
2025-03-26 16:47:00+00:00,20177.75,20179.5,20170.25,20172.75,751.0
2025-03-26 16:48:00+00:00,20189.0,20189.0,20177.25,20178.75,922.0
2025-03-26 16:49:00+00:00,20193.5,20196.5,20188.5,20189.0,884.0
2025-03-26 16:50:00+00:00,20180.5,20198.0,20179.75,20192.25,844.0
2025-03-26 16:51:00+00:00,20174.25,20184.75,20174.25,20180.25,811.0
2025-03-26 16:52:00+00:00,20167.5,20176.0,20162.5,20173.75,1560.0
2025-03-26 16:53:00+00:00,20160.5,20170.0,20155.25,20167.25,1296.0
2025-03-26 16:54:00+00:00,20154.0,20161.0,20151.75,20161.0,1328.0
2025-03-26 16:55:00+00:00,20147.25,20154.75,20145.25,20153.75,1499.0
2025-03-26 16:56:00+00:00,20136.25,20151.0,20132.25,20148.0,2094.0
2025-03-26 16:57:00+00:00,20130.25,20137.5,20124.75,20136.0,2388.0
2025-03-26 16:58:00+00:00,20145.0,20145.25,20126.75,20129.5,1783.0
2025-03-26 16:59:00+00:00,20132.25,20148.0,20128.25,20144.75,1283.0
2025-03-26 17:00:00+00:00,20142.25,20144.75,20129.25,20131.75,1300.0
2025-03-26 17:01:00+00:00,20137.0,20143.0,20129.5,20140.25,1109.0
2025-03-26 17:02:00+00:00,20151.0,20153.5,20132.5,20137.5,1481.0
2025-03-26 17:03:00+00:00,20141.25,20152.75,20138.75,20151.5,924.0
2025-03-26 17:04:00+00:00,20136.25,20141.75,20131.25,20141.25,863.0
2025-03-26 17:05:00+00:00,20140.0,20141.25,20131.5,20136.25,922.0
2025-03-26 17:06:00+00:00,20145.5,20148.25,20135.25,20139.25,1205.0
2025-03-26 17:07:00+00:00,20136.5,20146.75,20134.5,20145.75,730.0
2025-03-26 17:08:00+00:00,20140.75,20146.25,20134.75,20136.75,435.0
2025-03-26 17:09:00+00:00,20140.25,20143.25,20137.5,20141.25,319.0
2025-03-26 17:10:00+00:00,20147.25,20148.5,20134.75,20139.75,861.0
2025-03-26 17:11:00+00:00,20142.25,20149.0,20137.0,20145.0,706.0
2025-03-26 17:12:00+00:00,20147.5,20149.0,20137.0,20142.75,583.0
2025-03-26 17:13:00+00:00,20146.5,20157.75,20139.75,20150.0,1724.0
2025-03-26 17:14:00+00:00,20144.0,20151.0,20139.75,20146.25,781.0
2025-03-26 17:15:00+00:00,20138.75,20145.25,20136.75,20143.25,1129.0
2025-03-26 17:16:00+00:00,20145.0,20147.0,20129.75,20137.0,1336.0
2025-03-26 17:17:00+00:00,20124.25,20144.75,20116.0,20143.75,2635.0
2025-03-26 17:18:00+00:00,20118.25,20125.75,20116.0,20124.0,1585.0
2025-03-26 17:19:00+00:00,20120.75,20130.0,20117.5,20119.25,1169.0
2025-03-26 17:20:00+00:00,20127.0,20133.0,20119.5,20120.0,909.0
2025-03-26 17:21:00+00:00,20121.0,20128.75,20114.0,20127.0,1532.0
2025-03-26 17:22:00+00:00,20128.0,20132.25,20120.0,20120.75,1034.0
2025-03-26 17:23:00+00:00,20127.25,20130.25,20122.25,20126.75,495.0
2025-03-26 17:24:00+00:00,20130.5,20135.0,20126.25,20127.0,698.0
2025-03-26 17:25:00+00:00,20117.0,20135.25,20115.75,20133.0,1156.0
2025-03-26 17:26:00+00:00,20130.5,20130.5,20115.5,20116.5,700.0
2025-03-26 17:27:00+00:00,20129.25,20131.25,20122.75,20129.75,543.0
2025-03-26 17:28:00+00:00,20126.0,20129.0,20112.75,20128.25,1100.0
2025-03-26 17:29:00+00:00,20121.25,20134.25,20120.5,20127.0,1128.0
2025-03-26 17:30:00+00:00,20113.25,20124.0,20111.0,20120.5,1005.0
2025-03-26 17:31:00+00:00,20103.75,20113.25,20101.5,20113.25,1931.0
2025-03-26 17:32:00+00:00,20099.0,20106.0,20098.5,20103.25,1685.0
2025-03-26 17:33:00+00:00,20094.5,20102.75,20093.25,20098.5,1574.0
2025-03-26 17:34:00+00:00,20094.75,20104.75,20091.5,20095.5,1500.0
2025-03-26 17:35:00+00:00,20089.75,20101.0,20088.5,20093.5,1163.0
2025-03-26 17:36:00+00:00,20086.75,20094.25,20083.5,20089.0,1506.0
2025-03-26 17:37:00+00:00,20079.0,20087.25,20076.5,20086.75,1727.0
2025-03-26 17:38:00+00:00,20083.75,20089.0,20079.0,20079.25,824.0
2025-03-26 17:39:00+00:00,20095.25,20096.5,20078.75,20085.0,1251.0
2025-03-26 17:40:00+00:00,20107.25,20114.5,20094.25,20094.25,2851.0
2025-03-26 17:41:00+00:00,20117.5,20122.75,20106.25,20110.5,2687.0
2025-03-26 17:42:00+00:00,20122.75,20129.25,20114.0,20117.75,1598.0
2025-03-26 17:43:00+00:00,20104.0,20123.75,20103.25,20123.25,1313.0
2025-03-26 17:44:00+00:00,20101.25,20109.0,20101.25,20104.0,811.0
2025-03-26 17:45:00+00:00,20119.75,20121.0,20100.0,20101.75,1060.0
2025-03-26 17:46:00+00:00,20094.25,20120.5,20094.25,20120.5,1021.0
2025-03-26 17:47:00+00:00,20093.75,20102.25,20092.75,20093.5,926.0
2025-03-26 17:48:00+00:00,20094.75,20096.0,20087.75,20093.5,922.0
2025-03-26 17:49:00+00:00,20096.0,20098.5,20093.0,20093.75,640.0
2025-03-26 17:50:00+00:00,20100.75,20106.5,20094.5,20096.0,1101.0
2025-03-26 17:51:00+00:00,20104.0,20105.5,20090.5,20097.25,906.0
2025-03-26 17:52:00+00:00,20097.25,20104.25,20095.0,20102.5,594.0
2025-03-26 17:53:00+00:00,20095.0,20101.0,20092.75,20096.25,461.0
2025-03-26 17:54:00+00:00,20097.25,20100.5,20095.75,20096.5,443.0
2025-03-26 17:55:00+00:00,20097.5,20101.0,20093.0,20096.75,561.0
2025-03-26 17:56:00+00:00,20091.0,20101.75,20091.0,20097.5,518.0
2025-03-26 17:57:00+00:00,20092.0,20095.5,20090.0,20091.5,450.0
2025-03-26 17:58:00+00:00,20083.75,20093.75,20082.5,20091.75,1129.0
2025-03-26 17:59:00+00:00,20083.75,20085.75,20081.0,20083.0,760.0
2025-03-26 18:00:00+00:00,20101.0,20101.75,20081.5,20081.75,1397.0
2025-03-26 18:01:00+00:00,20088.0,20102.25,20086.25,20100.75,1177.0
2025-03-26 18:02:00+00:00,20085.75,20088.25,20080.0,20086.75,745.0
2025-03-26 18:03:00+00:00,20079.0,20087.0,20074.75,20086.25,815.0
2025-03-26 18:04:00+00:00,20090.25,20093.0,20077.0,20078.0,898.0
2025-03-26 18:05:00+00:00,20078.75,20094.25,20076.5,20088.25,923.0
2025-03-26 18:06:00+00:00,20089.75,20090.25,20076.0,20076.75,625.0
2025-03-26 18:07:00+00:00,20081.75,20090.5,20081.0,20089.25,341.0
2025-03-26 18:08:00+00:00,20095.5,20096.0,20080.75,20082.75,659.0
2025-03-26 18:09:00+00:00,20100.75,20102.25,20095.25,20097.0,1037.0
2025-03-26 18:10:00+00:00,20109.25,20114.0,20097.5,20098.5,1305.0
2025-03-26 18:11:00+00:00,20113.25,20118.75,20104.75,20108.0,1187.0
2025-03-26 18:12:00+00:00,20120.0,20121.0,20110.0,20112.5,1180.0
2025-03-26 18:13:00+00:00,20127.0,20128.0,20118.25,20119.75,1057.0
2025-03-26 18:14:00+00:00,20121.5,20133.0,20117.25,20127.25,1706.0
2025-03-26 18:15:00+00:00,20128.75,20132.5,20118.5,20120.5,1195.0
2025-03-26 18:16:00+00:00,20116.75,20128.0,20115.0,20127.5,1148.0
2025-03-26 18:17:00+00:00,20117.75,20123.25,20114.25,20115.75,789.0
2025-03-26 18:18:00+00:00,20130.75,20132.0,20117.25,20118.5,846.0
2025-03-26 18:19:00+00:00,20125.0,20135.0,20122.0,20130.5,899.0
2025-03-26 18:20:00+00:00,20122.75,20129.75,20119.0,20122.0,833.0
2025-03-26 18:21:00+00:00,20123.5,20126.25,20120.5,20122.75,523.0
2025-03-26 18:22:00+00:00,20127.5,20137.25,20122.25,20124.5,1045.0
2025-03-26 18:23:00+00:00,20134.0,20137.5,20126.0,20128.5,579.0
2025-03-26 18:24:00+00:00,20131.5,20137.5,20131.5,20132.5,674.0
2025-03-26 18:25:00+00:00,20136.0,20140.0,20129.5,20131.75,1102.0
2025-03-26 18:26:00+00:00,20138.5,20143.0,20134.0,20136.5,833.0
2025-03-26 18:27:00+00:00,20125.75,20144.25,20123.25,20140.5,1213.0
2025-03-26 18:28:00+00:00,20139.75,20143.5,20124.25,20127.0,1100.0
2025-03-26 18:29:00+00:00,20135.5,20141.5,20133.0,20140.25,606.0
2025-03-26 18:30:00+00:00,20143.0,20144.0,20131.0,20133.75,839.0
2025-03-26 18:31:00+00:00,20142.25,20146.5,20138.75,20142.75,577.0
2025-03-26 18:32:00+00:00,20129.25,20143.0,20127.5,20142.25,845.0
2025-03-26 18:33:00+00:00,20121.25,20129.25,20121.0,20126.75,1028.0
2025-03-26 18:34:00+00:00,20114.5,20122.25,20113.75,20120.75,1093.0
2025-03-26 18:35:00+00:00,20116.25,20118.75,20113.0,20114.5,578.0
2025-03-26 18:36:00+00:00,20114.75,20118.25,20107.75,20116.0,1050.0
2025-03-26 18:37:00+00:00,20113.25,20120.75,20111.25,20115.5,821.0
2025-03-26 18:38:00+00:00,20109.5,20113.75,20106.25,20111.75,627.0
2025-03-26 18:39:00+00:00,20105.25,20111.0,20104.5,20110.0,521.0
2025-03-26 18:40:00+00:00,20108.75,20113.25,20104.75,20105.75,604.0
2025-03-26 18:41:00+00:00,20094.75,20110.5,20093.0,20109.75,1185.0
2025-03-26 18:42:00+00:00,20092.5,20099.0,20091.5,20094.25,846.0
2025-03-26 18:43:00+00:00,20091.0,20096.0,20087.25,20093.5,771.0
2025-03-26 18:44:00+00:00,20084.75,20093.25,20076.0,20090.75,1489.0
2025-03-26 18:45:00+00:00,20089.0,20091.0,20083.5,20083.5,719.0
2025-03-26 18:46:00+00:00,20080.0,20090.0,20078.25,20089.25,897.0
2025-03-26 18:47:00+00:00,20058.25,20081.75,20054.25,20079.5,3378.0
2025-03-26 18:48:00+00:00,20055.75,20064.25,20050.25,20056.75,2233.0
2025-03-26 18:49:00+00:00,20063.5,20065.25,20051.5,20054.25,1311.0
2025-03-26 18:50:00+00:00,20056.75,20070.25,20056.0,20063.25,1187.0
2025-03-26 18:51:00+00:00,20067.0,20068.0,20055.25,20056.25,913.0
2025-03-26 18:52:00+00:00,20061.75,20069.75,20058.5,20067.5,884.0
2025-03-26 18:53:00+00:00,20064.0,20067.25,20061.25,20063.0,784.0
2025-03-26 18:54:00+00:00,20062.75,20068.25,20058.5,20063.75,835.0
2025-03-26 18:55:00+00:00,20055.75,20065.5,20055.25,20064.25,600.0
2025-03-26 18:56:00+00:00,20060.75,20063.25,20053.5,20055.25,473.0
2025-03-26 18:57:00+00:00,20058.25,20063.75,20058.0,20061.0,651.0
2025-03-26 18:58:00+00:00,20059.25,20060.25,20050.0,20058.5,1226.0
2025-03-26 18:59:00+00:00,20057.25,20062.5,20053.25,20060.75,640.0
2025-03-26 19:00:00+00:00,20071.75,20075.5,20055.75,20056.5,1849.0
2025-03-26 19:01:00+00:00,20069.75,20073.0,20062.75,20071.25,834.0
2025-03-26 19:02:00+00:00,20077.0,20083.25,20068.0,20069.0,1243.0
2025-03-26 19:03:00+00:00,20066.5,20078.25,20063.5,20077.25,1021.0
2025-03-26 19:04:00+00:00,20068.75,20076.5,20065.5,20066.0,611.0
2025-03-26 19:05:00+00:00,20064.25,20070.0,20062.5,20069.25,540.0
2025-03-26 19:06:00+00:00,20059.25,20068.0,20055.0,20065.0,1029.0
2025-03-26 19:07:00+00:00,20048.0,20060.75,20045.0,20059.0,1543.0
2025-03-26 19:08:00+00:00,20061.25,20066.0,20047.25,20047.25,1416.0
2025-03-26 19:09:00+00:00,20057.25,20066.0,20054.5,20062.75,533.0
2025-03-26 19:10:00+00:00,20060.5,20063.75,20056.5,20057.25,794.0
2025-03-26 19:11:00+00:00,20055.0,20063.25,20054.5,20059.0,370.0
2025-03-26 19:12:00+00:00,20049.75,20061.75,20049.25,20055.5,660.0
2025-03-26 19:13:00+00:00,20054.5,20055.75,20047.5,20049.75,765.0
2025-03-26 19:14:00+00:00,20060.75,20063.0,20052.75,20053.5,674.0
2025-03-26 19:15:00+00:00,20063.0,20066.75,20056.75,20061.25,785.0
2025-03-26 19:16:00+00:00,20071.5,20072.75,20063.0,20064.75,946.0
2025-03-26 19:17:00+00:00,20079.75,20081.0,20072.0,20073.0,1289.0
2025-03-26 19:18:00+00:00,20078.75,20082.0,20073.5,20078.75,946.0
2025-03-26 19:19:00+00:00,20088.75,20092.25,20078.0,20079.25,1444.0
2025-03-26 19:20:00+00:00,20089.25,20092.0,20078.25,20088.25,1200.0
2025-03-26 19:21:00+00:00,20088.75,20095.0,20087.5,20089.25,940.0
2025-03-26 19:22:00+00:00,20096.0,20097.0,20085.75,20088.5,965.0
2025-03-26 19:23:00+00:00,20086.75,20103.25,20086.5,20095.75,1808.0
2025-03-26 19:24:00+00:00,20077.25,20089.0,20076.5,20086.0,951.0
2025-03-26 19:25:00+00:00,20074.0,20080.25,20070.25,20076.0,1354.0
2025-03-26 19:26:00+00:00,20087.5,20087.75,20073.0,20074.0,935.0
2025-03-26 19:27:00+00:00,20082.25,20090.0,20081.0,20087.0,676.0
2025-03-26 19:28:00+00:00,20067.0,20084.75,20061.75,20082.25,1185.0
2025-03-26 19:29:00+00:00,20064.25,20071.5,20062.75,20067.5,843.0
2025-03-26 19:30:00+00:00,20069.75,20075.0,20064.5,20066.0,1393.0
2025-03-26 19:31:00+00:00,20065.75,20070.75,20062.0,20068.75,923.0
2025-03-26 19:32:00+00:00,20074.0,20077.5,20065.25,20065.25,739.0
2025-03-26 19:33:00+00:00,20068.25,20083.5,20065.25,20074.25,933.0
2025-03-26 19:34:00+00:00,20079.75,20081.0,20066.5,20069.25,841.0
2025-03-26 19:35:00+00:00,20079.5,20083.0,20073.5,20080.75,962.0
2025-03-26 19:36:00+00:00,20072.75,20083.0,20071.5,20079.25,725.0
2025-03-26 19:37:00+00:00,20077.0,20080.5,20068.0,20072.5,787.0
2025-03-26 19:38:00+00:00,20081.25,20083.25,20073.5,20077.0,796.0
2025-03-26 19:39:00+00:00,20078.75,20084.25,20076.5,20081.75,762.0
2025-03-26 19:40:00+00:00,20084.0,20085.0,20076.0,20077.75,941.0
2025-03-26 19:41:00+00:00,20096.25,20097.25,20082.25,20084.5,1484.0
2025-03-26 19:42:00+00:00,20084.25,20097.0,20076.0,20096.25,1519.0
2025-03-26 19:43:00+00:00,20098.0,20100.0,20082.75,20083.75,1220.0
2025-03-26 19:44:00+00:00,20093.75,20104.75,20091.75,20098.75,1721.0
2025-03-26 19:45:00+00:00,20091.25,20102.25,20088.5,20095.0,1115.0
2025-03-26 19:46:00+00:00,20094.5,20095.0,20084.25,20091.5,1039.0
2025-03-26 19:47:00+00:00,20102.75,20103.25,20091.5,20095.0,1180.0
2025-03-26 19:48:00+00:00,20104.25,20107.75,20095.5,20103.0,1387.0
2025-03-26 19:49:00+00:00,20113.0,20114.75,20099.5,20104.0,1669.0
2025-03-26 19:50:00+00:00,20128.5,20130.0,20104.75,20113.25,3202.0
2025-03-26 19:51:00+00:00,20129.5,20135.0,20120.5,20127.25,2293.0
2025-03-26 19:52:00+00:00,20121.25,20129.5,20111.75,20128.25,2208.0
2025-03-26 19:53:00+00:00,20116.75,20130.0,20116.0,20122.5,1871.0
2025-03-26 19:54:00+00:00,20125.5,20126.5,20110.5,20119.75,2675.0
2025-03-26 19:55:00+00:00,20119.0,20125.0,20108.0,20122.5,2860.0
2025-03-26 19:56:00+00:00,20120.25,20123.75,20115.5,20119.75,1657.0
2025-03-26 19:57:00+00:00,20120.25,20125.25,20118.5,20121.5,1743.0
2025-03-26 19:58:00+00:00,20126.75,20130.5,20118.75,20120.5,2658.0
2025-03-26 19:59:00+00:00,20113.5,20132.0,20111.75,20127.5,10856.0
2025-03-26 20:00:00+00:00,20114.0,20115.25,20097.75,20112.5,4659.0
2025-03-26 20:01:00+00:00,20115.75,20120.5,20113.5,20115.5,1437.0
2025-03-26 20:02:00+00:00,20116.75,20119.25,20114.0,20115.75,531.0
2025-03-26 20:03:00+00:00,20107.0,20118.0,20106.5,20116.75,683.0
2025-03-26 20:04:00+00:00,20105.5,20107.75,20101.5,20106.75,459.0
2025-03-26 20:05:00+00:00,20104.25,20108.25,20102.0,20106.0,497.0
2025-03-26 20:06:00+00:00,20107.5,20109.5,20103.25,20105.0,561.0
2025-03-26 20:07:00+00:00,20108.25,20111.5,20106.0,20106.5,414.0
2025-03-26 20:08:00+00:00,20108.5,20111.5,20108.25,20108.25,167.0
2025-03-26 20:09:00+00:00,20108.0,20109.75,20105.5,20108.75,272.0
2025-03-26 20:10:00+00:00,20109.75,20112.25,20106.0,20107.0,318.0
2025-03-26 20:11:00+00:00,20114.5,20116.0,20111.0,20111.5,255.0
2025-03-26 20:12:00+00:00,20116.0,20117.75,20113.25,20115.0,304.0
2025-03-26 20:13:00+00:00,20111.75,20116.25,20110.0,20116.25,247.0
2025-03-26 20:14:00+00:00,20111.5,20115.25,20109.25,20112.25,367.0
2025-03-26 20:15:00+00:00,20109.75,20113.0,20108.25,20112.5,257.0
2025-03-26 20:16:00+00:00,20107.25,20110.75,20103.5,20109.5,216.0
2025-03-26 20:17:00+00:00,20105.75,20110.0,20104.5,20106.25,194.0
2025-03-26 20:18:00+00:00,20105.25,20107.0,20105.0,20106.25,84.0
2025-03-26 20:19:00+00:00,20109.25,20109.5,20104.0,20104.5,192.0
2025-03-26 20:20:00+00:00,20107.0,20111.25,20106.5,20109.5,130.0
2025-03-26 20:21:00+00:00,20104.75,20108.5,20104.0,20108.25,128.0
2025-03-26 20:22:00+00:00,20101.0,20104.25,20097.0,20103.25,296.0
2025-03-26 20:23:00+00:00,20102.5,20105.25,20100.0,20100.75,181.0
2025-03-26 20:24:00+00:00,20100.5,20102.5,20099.25,20101.75,138.0
2025-03-26 20:25:00+00:00,20096.0,20100.5,20093.75,20100.0,223.0
2025-03-26 20:26:00+00:00,20095.25,20096.25,20093.5,20096.25,191.0
2025-03-26 20:27:00+00:00,20098.75,20099.0,20095.25,20095.5,66.0
2025-03-26 20:28:00+00:00,20096.0,20099.75,20096.0,20098.75,125.0
2025-03-26 20:29:00+00:00,20095.75,20099.0,20095.25,20096.0,103.0
2025-03-26 20:30:00+00:00,20096.25,20097.25,20093.75,20094.75,88.0
2025-03-26 20:31:00+00:00,20096.0,20096.5,20094.5,20096.25,42.0
2025-03-26 20:32:00+00:00,20094.5,20096.75,20091.5,20095.5,102.0
2025-03-26 20:33:00+00:00,20094.0,20095.25,20092.25,20093.25,110.0
2025-03-26 20:34:00+00:00,20094.5,20096.25,20092.25,20094.25,145.0
2025-03-26 20:35:00+00:00,20096.25,20096.5,20094.75,20095.0,30.0
2025-03-26 20:36:00+00:00,20093.25,20095.75,20092.5,20095.75,63.0
2025-03-26 20:37:00+00:00,20089.0,20094.5,20083.75,20093.25,294.0
2025-03-26 20:38:00+00:00,20088.0,20090.5,20087.5,20089.0,66.0
2025-03-26 20:39:00+00:00,20094.25,20095.5,20087.0,20088.75,173.0
2025-03-26 20:40:00+00:00,20094.75,20096.0,20093.0,20094.5,87.0
2025-03-26 20:41:00+00:00,20094.5,20094.5,20092.0,20094.25,37.0
2025-03-26 20:42:00+00:00,20095.25,20097.25,20094.75,20096.0,83.0
2025-03-26 20:43:00+00:00,20093.5,20095.0,20093.0,20094.75,62.0
2025-03-26 20:44:00+00:00,20092.25,20095.25,20092.0,20093.5,77.0
2025-03-26 20:45:00+00:00,20094.75,20099.0,20090.25,20092.75,317.0
2025-03-26 20:46:00+00:00,20097.5,20097.5,20095.0,20095.25,86.0
2025-03-26 20:47:00+00:00,20100.5,20100.5,20097.25,20098.0,82.0
2025-03-26 20:48:00+00:00,20098.0,20100.25,20097.75,20099.75,126.0
2025-03-26 20:49:00+00:00,20099.75,20101.25,20098.75,20099.0,90.0
2025-03-26 20:50:00+00:00,20097.25,20100.25,20096.25,20099.25,66.0
2025-03-26 20:51:00+00:00,20096.5,20097.5,20095.75,20096.75,41.0
2025-03-26 20:52:00+00:00,20093.25,20097.75,20092.5,20096.25,134.0
2025-03-26 20:53:00+00:00,20088.5,20092.75,20087.0,20092.5,159.0
2025-03-26 20:54:00+00:00,20085.0,20090.0,20084.25,20089.0,240.0
2025-03-26 20:55:00+00:00,20084.5,20086.75,20081.5,20085.5,230.0
2025-03-26 20:56:00+00:00,20083.25,20086.75,20082.5,20084.25,124.0
2025-03-26 20:57:00+00:00,20086.25,20086.5,20081.75,20082.5,116.0
2025-03-26 20:58:00+00:00,20085.75,20089.5,20082.75,20088.25,157.0
2025-03-26 20:59:00+00:00,20090.5,20091.25,20085.5,20085.5,139.0
2025-03-26 22:00:00+00:00,20047.25,20057.25,20010.0,20045.5,0.0
2025-03-26 22:01:00+00:00,20058.0,20073.0,20046.25,20050.75,658.0
2025-03-26 22:02:00+00:00,20051.75,20064.5,20051.5,20059.5,227.0
2025-03-26 22:03:00+00:00,20065.0,20065.25,20047.25,20053.25,234.0
2025-03-26 22:04:00+00:00,20070.25,20075.25,20060.0,20065.0,270.0
2025-03-26 22:05:00+00:00,20078.25,20082.5,20066.75,20070.5,225.0
2025-03-26 22:06:00+00:00,20083.5,20085.25,20075.5,20080.5,306.0
2025-03-26 22:07:00+00:00,20092.0,20098.0,20080.5,20082.0,410.0
2025-03-26 22:08:00+00:00,20085.5,20094.75,20078.0,20091.0,383.0
2025-03-26 22:09:00+00:00,20072.5,20086.75,20071.0,20086.75,249.0
2025-03-26 22:10:00+00:00,20061.25,20074.0,20060.25,20072.25,286.0
2025-03-26 22:11:00+00:00,20065.75,20068.5,20059.75,20061.75,179.0
2025-03-26 22:12:00+00:00,20057.0,20068.75,20055.0,20067.0,134.0
2025-03-26 22:13:00+00:00,20057.25,20061.25,20055.25,20057.75,99.0
2025-03-26 22:14:00+00:00,20044.5,20057.75,20042.25,20057.75,353.0
2025-03-26 22:15:00+00:00,20046.75,20048.25,20040.5,20043.75,277.0
2025-03-26 22:16:00+00:00,20030.75,20047.0,20024.25,20047.0,406.0
2025-03-26 22:17:00+00:00,20024.0,20037.0,20021.75,20033.0,301.0
2025-03-26 22:18:00+00:00,20024.0,20029.0,20020.5,20023.75,179.0
2025-03-26 22:19:00+00:00,20011.0,20025.25,20011.0,20024.0,258.0
2025-03-26 22:20:00+00:00,20014.75,20022.0,20012.0,20012.25,288.0
2025-03-26 22:21:00+00:00,20017.25,20018.25,20005.25,20015.5,331.0
2025-03-26 22:22:00+00:00,20022.5,20022.5,20016.0,20017.5,170.0
2025-03-26 22:23:00+00:00,20032.25,20036.0,20022.25,20023.25,307.0
2025-03-26 22:24:00+00:00,20028.5,20036.75,20024.75,20032.25,135.0
2025-03-26 22:25:00+00:00,20021.5,20029.0,20018.5,20027.0,188.0
2025-03-26 22:26:00+00:00,20013.5,20023.0,20013.5,20022.25,138.0
2025-03-26 22:27:00+00:00,20004.25,20014.0,20003.25,20012.0,308.0
2025-03-26 22:28:00+00:00,20013.25,20013.75,20003.75,20005.5,205.0
2025-03-26 22:29:00+00:00,20018.0,20019.25,20010.25,20013.0,326.0
2025-03-26 22:30:00+00:00,20037.25,20038.75,20018.0,20019.0,403.0
2025-03-26 22:31:00+00:00,20033.5,20039.75,20030.5,20036.5,203.0
2025-03-26 22:32:00+00:00,20035.75,20037.5,20033.0,20035.0,149.0
2025-03-26 22:33:00+00:00,20036.25,20039.0,20029.75,20035.0,138.0
2025-03-26 22:34:00+00:00,20038.25,20038.75,20033.5,20036.75,139.0
2025-03-26 22:35:00+00:00,20036.0,20039.25,20032.5,20038.5,111.0
2025-03-26 22:36:00+00:00,20035.0,20038.75,20032.75,20036.5,74.0
2025-03-26 22:37:00+00:00,20033.5,20039.25,20033.0,20036.75,81.0
2025-03-26 22:38:00+00:00,20031.5,20033.75,20025.0,20033.0,121.0
2025-03-26 22:39:00+00:00,20041.0,20042.75,20031.0,20031.0,225.0
2025-03-26 22:40:00+00:00,20033.0,20043.5,20029.75,20041.5,368.0
2025-03-26 22:41:00+00:00,20022.75,20034.25,20020.75,20034.0,209.0
2025-03-26 22:42:00+00:00,20028.25,20030.0,20021.0,20023.0,255.0
2025-03-26 22:43:00+00:00,20036.75,20037.5,20027.5,20028.5,165.0
2025-03-26 22:44:00+00:00,20033.25,20038.25,20032.25,20036.75,86.0
2025-03-26 22:45:00+00:00,20031.5,20034.0,20030.75,20033.25,50.0
2025-03-26 22:46:00+00:00,20031.75,20032.75,20030.5,20032.5,29.0
2025-03-26 22:47:00+00:00,20034.0,20035.75,20026.25,20031.5,167.0
2025-03-26 22:48:00+00:00,20027.5,20034.25,20027.0,20033.25,89.0
2025-03-26 22:49:00+00:00,20031.0,20039.75,20027.25,20027.25,161.0
2025-03-26 22:50:00+00:00,20027.5,20033.5,20024.25,20030.5,134.0
2025-03-26 22:51:00+00:00,20031.5,20032.0,20027.75,20027.75,48.0
2025-03-26 22:52:00+00:00,20034.0,20037.0,20032.75,20033.0,65.0
2025-03-26 22:53:00+00:00,20032.75,20035.0,20031.75,20034.0,54.0
2025-03-26 22:54:00+00:00,20034.0,20035.75,20032.25,20032.75,26.0
2025-03-26 22:55:00+00:00,20028.25,20034.0,20027.0,20032.25,65.0
2025-03-26 22:56:00+00:00,20027.25,20030.0,20026.5,20028.75,56.0
2025-03-26 22:57:00+00:00,20022.25,20028.75,20022.25,20028.25,85.0
2025-03-26 22:58:00+00:00,20021.5,20023.5,20015.25,20022.75,212.0
2025-03-26 22:59:00+00:00,20019.0,20020.75,20017.25,20020.25,63.0
2025-03-26 23:00:00+00:00,20019.25,20022.75,20015.0,20019.75,145.0
2025-03-26 23:01:00+00:00,20020.25,20022.25,20017.5,20020.0,94.0
2025-03-26 23:02:00+00:00,20024.5,20030.5,20020.25,20021.25,237.0
2025-03-26 23:03:00+00:00,20029.5,20030.25,20024.75,20024.75,62.0
2025-03-26 23:04:00+00:00,20027.25,20033.5,20024.75,20030.0,216.0
2025-03-26 23:05:00+00:00,20026.75,20026.75,20022.25,20026.75,43.0
2025-03-26 23:06:00+00:00,20017.75,20025.75,20017.75,20025.75,80.0
2025-03-26 23:07:00+00:00,20015.5,20017.25,20012.5,20016.0,188.0
2025-03-26 23:08:00+00:00,20023.25,20023.75,20016.5,20016.5,133.0
2025-03-26 23:09:00+00:00,20024.5,20027.5,20021.75,20023.5,90.0
2025-03-26 23:10:00+00:00,20021.75,20024.0,20021.0,20023.0,40.0
2025-03-26 23:11:00+00:00,20024.5,20024.75,20021.0,20021.75,55.0
2025-03-26 23:12:00+00:00,20024.5,20025.75,20023.0,20023.5,82.0
2025-03-26 23:13:00+00:00,20023.75,20027.0,20023.75,20024.25,49.0
2025-03-26 23:14:00+00:00,20022.0,20024.5,20022.0,20023.75,36.0
2025-03-26 23:15:00+00:00,20024.75,20024.75,20019.5,20022.0,139.0
2025-03-26 23:16:00+00:00,20024.0,20025.25,20022.25,20024.5,83.0
2025-03-26 23:17:00+00:00,20022.25,20025.25,20022.0,20025.0,69.0
2025-03-26 23:18:00+00:00,20022.5,20025.75,20022.5,20022.5,80.0
2025-03-26 23:19:00+00:00,20023.0,20023.75,20022.5,20023.5,17.0
2025-03-26 23:20:00+00:00,20025.75,20026.5,20022.5,20023.5,60.0
2025-03-26 23:21:00+00:00,20027.75,20029.5,20023.5,20024.25,135.0
2025-03-26 23:22:00+00:00,20029.0,20032.5,20027.5,20030.25,179.0
2025-03-26 23:23:00+00:00,20029.0,20031.25,20028.5,20028.75,80.0
2025-03-26 23:24:00+00:00,20029.5,20031.25,20028.0,20028.25,71.0
2025-03-26 23:25:00+00:00,20030.25,20032.5,20028.25,20029.0,101.0
2025-03-26 23:26:00+00:00,20032.5,20033.5,20030.5,20031.25,73.0
2025-03-26 23:27:00+00:00,20030.25,20031.75,20029.5,20031.75,43.0
2025-03-26 23:28:00+00:00,20031.5,20032.75,20031.0,20031.0,28.0
2025-03-26 23:29:00+00:00,20032.5,20033.5,20031.75,20033.25,32.0
2025-03-26 23:30:00+00:00,20039.75,20040.25,20032.75,20032.75,163.0
2025-03-26 23:31:00+00:00,20039.75,20042.5,20038.5,20041.5,105.0
2025-03-26 23:32:00+00:00,20042.75,20045.0,20039.0,20039.5,129.0
2025-03-26 23:33:00+00:00,20043.5,20043.75,20041.25,20042.75,44.0
2025-03-26 23:34:00+00:00,20042.5,20044.75,20041.5,20044.75,50.0
2025-03-26 23:35:00+00:00,20042.5,20043.5,20041.5,20042.25,44.0
2025-03-26 23:36:00+00:00,20042.75,20044.0,20042.25,20042.5,29.0
2025-03-26 23:37:00+00:00,20040.25,20042.25,20039.75,20041.75,52.0
2025-03-26 23:38:00+00:00,20041.75,20042.5,20039.25,20039.5,50.0
2025-03-26 23:39:00+00:00,20042.5,20044.0,20041.25,20042.5,32.0
2025-03-26 23:40:00+00:00,20041.5,20043.0,20038.0,20043.0,55.0
2025-03-26 23:41:00+00:00,20041.5,20042.5,20040.75,20041.75,37.0
2025-03-26 23:42:00+00:00,20047.5,20049.0,20041.25,20041.25,161.0
2025-03-26 23:43:00+00:00,20047.25,20049.25,20046.25,20048.25,96.0
2025-03-26 23:44:00+00:00,20049.5,20049.5,20046.5,20047.25,64.0
2025-03-26 23:45:00+00:00,20050.25,20050.75,20048.0,20049.5,98.0
2025-03-26 23:46:00+00:00,20055.25,20057.5,20050.5,20050.75,243.0
2025-03-26 23:47:00+00:00,20060.0,20062.0,20053.5,20054.75,253.0
2025-03-26 23:48:00+00:00,20059.25,20060.5,20057.5,20060.0,101.0
2025-03-26 23:49:00+00:00,20059.0,20060.25,20057.5,20058.75,64.0
2025-03-26 23:50:00+00:00,20055.5,20059.25,20055.0,20058.75,69.0
2025-03-26 23:51:00+00:00,20060.75,20061.0,20055.75,20055.75,41.0
2025-03-26 23:52:00+00:00,20067.25,20068.0,20057.75,20061.5,184.0
2025-03-26 23:53:00+00:00,20069.75,20070.75,20065.0,20067.25,146.0
2025-03-26 23:54:00+00:00,20066.25,20069.25,20065.25,20069.25,84.0
2025-03-26 23:55:00+00:00,20062.75,20067.25,20058.0,20067.0,166.0
2025-03-26 23:56:00+00:00,20060.5,20064.75,20058.5,20062.0,108.0
2025-03-26 23:57:00+00:00,20057.0,20061.5,20053.5,20060.75,180.0
2025-03-26 23:58:00+00:00,20056.75,20059.75,20056.0,20056.5,83.0
2025-03-26 23:59:00+00:00,20059.75,20060.75,20056.5,20056.5,80.0
2025-03-27 00:00:00+00:00,20057.0,20062.0,20054.0,20059.25,182.0
2025-03-27 00:01:00+00:00,20051.0,20058.0,20050.0,20058.0,146.0
2025-03-27 00:02:00+00:00,20052.75,20054.5,20051.0,20051.5,34.0
2025-03-27 00:03:00+00:00,20055.0,20056.75,20051.25,20053.0,54.0
2025-03-27 00:04:00+00:00,20057.25,20060.5,20054.0,20055.5,143.0
2025-03-27 00:05:00+00:00,20052.75,20056.0,20052.75,20055.5,83.0
2025-03-27 00:06:00+00:00,20055.0,20055.5,20049.5,20053.75,117.0
2025-03-27 00:07:00+00:00,20057.0,20059.25,20055.25,20055.5,70.0
2025-03-27 00:08:00+00:00,20059.5,20061.25,20056.0,20057.75,87.0
2025-03-27 00:09:00+00:00,20068.5,20069.75,20060.0,20060.5,185.0
2025-03-27 00:10:00+00:00,20069.75,20070.0,20065.5,20067.5,147.0
2025-03-27 00:11:00+00:00,20071.0,20078.25,20068.25,20068.5,566.0
2025-03-27 00:12:00+00:00,20060.0,20070.75,20059.0,20069.25,236.0
2025-03-27 00:13:00+00:00,20059.5,20061.75,20058.25,20060.5,106.0
2025-03-27 00:14:00+00:00,20061.75,20061.75,20058.25,20059.75,83.0
2025-03-27 00:15:00+00:00,20059.75,20062.0,20056.75,20061.25,137.0
2025-03-27 00:16:00+00:00,20063.5,20064.75,20060.0,20060.0,151.0
2025-03-27 00:17:00+00:00,20058.5,20063.25,20057.75,20062.5,124.0
2025-03-27 00:18:00+00:00,20052.5,20058.25,20052.25,20057.25,136.0
2025-03-27 00:19:00+00:00,20054.5,20054.5,20049.75,20052.25,79.0
2025-03-27 00:20:00+00:00,20059.5,20059.5,20051.5,20054.75,106.0
2025-03-27 00:21:00+00:00,20057.0,20062.75,20056.0,20059.75,122.0
2025-03-27 00:22:00+00:00,20058.75,20061.0,20057.5,20057.5,52.0
2025-03-27 00:23:00+00:00,20057.5,20059.0,20056.5,20059.0,27.0
2025-03-27 00:24:00+00:00,20060.75,20061.75,20058.75,20058.75,69.0
2025-03-27 00:25:00+00:00,20063.75,20066.25,20061.0,20061.0,118.0
2025-03-27 00:26:00+00:00,20077.75,20079.0,20064.75,20065.25,259.0
2025-03-27 00:27:00+00:00,20073.75,20087.75,20073.75,20077.75,383.0
2025-03-27 00:28:00+00:00,20072.5,20075.25,20070.25,20074.5,99.0
2025-03-27 00:29:00+00:00,20073.75,20074.5,20070.25,20072.0,67.0
2025-03-27 00:30:00+00:00,20072.25,20074.0,20070.25,20073.75,40.0
2025-03-27 00:31:00+00:00,20073.5,20077.25,20072.25,20072.75,111.0
2025-03-27 00:32:00+00:00,20074.75,20076.25,20072.5,20075.25,43.0
2025-03-27 00:33:00+00:00,20073.0,20075.0,20072.75,20075.0,17.0
2025-03-27 00:34:00+00:00,20073.75,20073.75,20068.25,20073.0,116.0
2025-03-27 00:35:00+00:00,20075.25,20075.5,20072.0,20073.25,58.0
2025-03-27 00:36:00+00:00,20083.0,20085.0,20075.5,20077.75,268.0
2025-03-27 00:37:00+00:00,20086.0,20091.5,20083.0,20083.0,207.0
2025-03-27 00:38:00+00:00,20084.0,20087.0,20083.75,20086.25,73.0
2025-03-27 00:39:00+00:00,20081.75,20085.25,20081.75,20084.75,60.0
2025-03-27 00:40:00+00:00,20083.25,20083.25,20077.5,20082.75,78.0
2025-03-27 00:41:00+00:00,20084.25,20088.0,20082.5,20084.75,109.0
2025-03-27 00:42:00+00:00,20082.25,20084.75,20082.0,20084.25,83.0
2025-03-27 00:43:00+00:00,20083.5,20083.5,20080.75,20081.5,47.0
2025-03-27 00:44:00+00:00,20087.25,20088.25,20082.75,20084.75,63.0
2025-03-27 00:45:00+00:00,20086.25,20088.5,20083.5,20087.5,71.0
2025-03-27 00:46:00+00:00,20087.75,20089.75,20087.0,20087.0,187.0
2025-03-27 00:47:00+00:00,20088.5,20092.5,20086.75,20087.75,131.0
2025-03-27 00:48:00+00:00,20084.0,20089.75,20084.0,20089.25,57.0
2025-03-27 00:49:00+00:00,20080.25,20086.0,20080.25,20084.0,174.0
2025-03-27 00:50:00+00:00,20080.0,20081.0,20077.5,20080.5,128.0
2025-03-27 00:51:00+00:00,20081.5,20081.75,20078.75,20080.0,73.0
2025-03-27 00:52:00+00:00,20075.0,20080.75,20074.25,20078.5,312.0
2025-03-27 00:53:00+00:00,20072.25,20078.0,20070.25,20075.75,117.0
2025-03-27 00:54:00+00:00,20074.0,20076.5,20072.0,20072.5,93.0
2025-03-27 00:55:00+00:00,20073.5,20074.75,20072.25,20074.0,56.0
2025-03-27 00:56:00+00:00,20075.0,20076.0,20070.0,20073.25,212.0
2025-03-27 00:57:00+00:00,20076.75,20077.5,20073.5,20075.25,95.0
2025-03-27 00:58:00+00:00,20075.25,20077.25,20074.75,20076.5,59.0
2025-03-27 00:59:00+00:00,20072.0,20074.25,20070.25,20073.75,143.0
2025-03-27 01:00:00+00:00,20071.25,20076.75,20071.25,20075.0,102.0
2025-03-27 01:01:00+00:00,20077.75,20078.25,20070.5,20071.0,133.0
2025-03-27 01:02:00+00:00,20078.25,20081.25,20076.75,20077.75,156.0
2025-03-27 01:03:00+00:00,20077.25,20080.0,20075.0,20076.75,97.0
2025-03-27 01:04:00+00:00,20074.75,20079.5,20073.75,20077.5,75.0
2025-03-27 01:05:00+00:00,20076.25,20076.5,20074.5,20075.5,39.0
2025-03-27 01:06:00+00:00,20075.0,20076.0,20072.75,20076.0,45.0
2025-03-27 01:07:00+00:00,20080.5,20081.75,20075.0,20075.5,111.0
2025-03-27 01:08:00+00:00,20079.0,20082.5,20075.75,20081.0,58.0
2025-03-27 01:09:00+00:00,20075.75,20079.25,20073.25,20078.5,85.0
2025-03-27 01:10:00+00:00,20077.25,20078.25,20075.25,20075.25,39.0
2025-03-27 01:11:00+00:00,20089.0,20090.75,20077.75,20077.75,211.0
2025-03-27 01:12:00+00:00,20086.25,20089.0,20084.0,20087.75,137.0
2025-03-27 01:13:00+00:00,20080.25,20086.25,20078.0,20086.25,106.0
2025-03-27 01:14:00+00:00,20081.0,20084.75,20079.0,20080.0,105.0
2025-03-27 01:15:00+00:00,20084.0,20084.0,20076.25,20081.25,193.0
2025-03-27 01:16:00+00:00,20081.75,20085.75,20080.75,20084.25,84.0
2025-03-27 01:17:00+00:00,20080.0,20083.0,20078.25,20082.5,138.0
2025-03-27 01:18:00+00:00,20080.0,20082.75,20077.75,20081.0,97.0
2025-03-27 01:19:00+00:00,20083.25,20083.25,20080.25,20080.25,46.0
2025-03-27 01:20:00+00:00,20083.0,20084.25,20080.0,20083.25,75.0
2025-03-27 01:21:00+00:00,20083.0,20085.75,20081.0,20082.75,67.0
2025-03-27 01:22:00+00:00,20082.0,20083.5,20080.0,20083.5,36.0
2025-03-27 01:23:00+00:00,20078.0,20081.0,20077.25,20080.25,64.0
2025-03-27 01:24:00+00:00,20077.25,20080.0,20073.5,20078.0,94.0
2025-03-27 01:25:00+00:00,20083.0,20084.25,20075.25,20078.0,139.0
2025-03-27 01:26:00+00:00,20083.0,20084.0,20080.75,20083.5,69.0
2025-03-27 01:27:00+00:00,20084.0,20084.75,20081.75,20082.75,39.0
2025-03-27 01:28:00+00:00,20082.25,20084.0,20080.0,20084.0,53.0
2025-03-27 01:29:00+00:00,20081.25,20082.75,20081.0,20082.5,32.0
2025-03-27 01:30:00+00:00,20081.75,20083.0,20076.5,20082.0,118.0
2025-03-27 01:31:00+00:00,20078.75,20082.25,20075.5,20081.75,103.0
2025-03-27 01:32:00+00:00,20072.75,20077.75,20072.75,20077.25,71.0
2025-03-27 01:33:00+00:00,20076.75,20077.75,20071.75,20072.5,105.0
2025-03-27 01:34:00+00:00,20073.75,20076.25,20072.25,20076.25,113.0
2025-03-27 01:35:00+00:00,20076.25,20078.5,20073.75,20073.75,126.0
2025-03-27 01:36:00+00:00,20075.75,20077.0,20072.5,20076.25,136.0
2025-03-27 01:37:00+00:00,20074.75,20077.5,20074.0,20075.25,40.0
2025-03-27 01:38:00+00:00,20073.0,20075.0,20071.5,20075.0,105.0
2025-03-27 01:39:00+00:00,20073.5,20074.75,20072.0,20072.25,52.0
2025-03-27 01:40:00+00:00,20082.25,20084.0,20075.0,20077.5,144.0
2025-03-27 01:41:00+00:00,20084.5,20085.0,20082.25,20083.25,91.0
2025-03-27 01:42:00+00:00,20081.75,20084.5,20080.0,20083.75,53.0
2025-03-27 01:43:00+00:00,20083.75,20085.5,20082.25,20083.75,69.0
2025-03-27 01:44:00+00:00,20084.5,20086.25,20083.0,20084.5,99.0
2025-03-27 01:45:00+00:00,20088.0,20088.75,20084.0,20084.0,82.0
2025-03-27 01:46:00+00:00,20084.75,20088.0,20083.0,20088.0,42.0
2025-03-27 01:47:00+00:00,20087.5,20089.75,20085.25,20085.25,60.0
2025-03-27 01:48:00+00:00,20091.75,20092.75,20086.75,20087.75,88.0
2025-03-27 01:49:00+00:00,20091.75,20092.25,20088.5,20090.0,36.0
2025-03-27 01:50:00+00:00,20090.25,20093.0,20090.25,20092.0,63.0
2025-03-27 01:51:00+00:00,20098.0,20101.25,20091.25,20092.25,243.0
2025-03-27 01:52:00+00:00,20094.25,20097.5,20093.25,20097.0,72.0
2025-03-27 01:53:00+00:00,20093.75,20096.75,20093.5,20094.25,53.0
2025-03-27 01:54:00+00:00,20093.5,20098.25,20093.0,20094.25,63.0
2025-03-27 01:55:00+00:00,20093.75,20094.5,20091.25,20092.75,67.0
2025-03-27 01:56:00+00:00,20091.5,20094.5,20091.5,20093.75,44.0
2025-03-27 01:57:00+00:00,20092.5,20092.75,20091.25,20091.25,21.0
2025-03-27 01:58:00+00:00,20090.25,20092.75,20086.25,20092.75,107.0
2025-03-27 01:59:00+00:00,20088.75,20088.75,20087.25,20088.25,28.0
2025-03-27 02:00:00+00:00,20091.0,20091.25,20088.0,20088.5,66.0
2025-03-27 02:01:00+00:00,20096.25,20096.25,20091.0,20091.5,98.0
2025-03-27 02:02:00+00:00,20097.75,20100.75,20096.5,20096.5,118.0
2025-03-27 02:03:00+00:00,20098.75,20099.0,20097.5,20098.0,42.0
2025-03-27 02:04:00+00:00,20106.5,20108.75,20099.0,20099.5,300.0
2025-03-27 02:05:00+00:00,20108.5,20109.0,20105.75,20106.0,114.0
2025-03-27 02:06:00+00:00,20107.25,20110.25,20107.0,20108.75,56.0
2025-03-27 02:07:00+00:00,20109.25,20109.5,20107.75,20108.0,38.0
2025-03-27 02:08:00+00:00,20108.5,20109.0,20107.0,20108.25,44.0
2025-03-27 02:09:00+00:00,20108.75,20110.25,20108.25,20108.25,35.0
2025-03-27 02:10:00+00:00,20109.0,20110.25,20107.25,20109.0,56.0
2025-03-27 02:11:00+00:00,20111.5,20112.0,20109.25,20109.25,56.0
2025-03-27 02:12:00+00:00,20110.25,20112.75,20108.75,20112.25,56.0
2025-03-27 02:13:00+00:00,20109.25,20111.0,20108.75,20110.75,105.0
2025-03-27 02:14:00+00:00,20108.75,20110.0,20107.25,20109.5,41.0
2025-03-27 02:15:00+00:00,20109.0,20110.0,20107.75,20109.25,65.0
2025-03-27 02:16:00+00:00,20111.25,20111.5,20107.75,20109.25,67.0
2025-03-27 02:17:00+00:00,20112.25,20114.5,20111.5,20111.5,116.0
2025-03-27 02:18:00+00:00,20112.75,20115.75,20112.0,20112.25,66.0
2025-03-27 02:19:00+00:00,20113.75,20116.5,20113.25,20113.75,89.0
2025-03-27 02:20:00+00:00,20110.5,20115.75,20110.5,20114.0,100.0
2025-03-27 02:21:00+00:00,20109.5,20111.5,20108.75,20111.25,84.0
2025-03-27 02:22:00+00:00,20111.5,20112.75,20108.75,20109.0,51.0
2025-03-27 02:23:00+00:00,20110.25,20111.0,20109.5,20110.75,31.0
2025-03-27 02:24:00+00:00,20114.5,20115.0,20111.0,20111.0,58.0
2025-03-27 02:25:00+00:00,20113.25,20115.0,20113.0,20115.0,33.0
2025-03-27 02:26:00+00:00,20118.75,20119.0,20113.5,20113.5,171.0
2025-03-27 02:27:00+00:00,20119.5,20119.5,20116.75,20118.25,83.0
2025-03-27 02:28:00+00:00,20114.5,20118.75,20114.5,20118.75,62.0
2025-03-27 02:29:00+00:00,20113.75,20116.25,20113.25,20114.25,43.0
2025-03-27 02:30:00+00:00,20111.75,20114.0,20108.25,20112.5,92.0
2025-03-27 02:31:00+00:00,20114.0,20115.0,20111.75,20112.75,61.0
2025-03-27 02:32:00+00:00,20119.25,20121.0,20114.0,20114.0,121.0
2025-03-27 02:33:00+00:00,20118.0,20119.75,20117.0,20119.75,42.0
2025-03-27 02:34:00+00:00,20120.0,20120.0,20118.0,20118.25,24.0
2025-03-27 02:35:00+00:00,20122.25,20123.5,20119.25,20120.5,108.0
2025-03-27 02:36:00+00:00,20118.75,20122.75,20117.75,20122.75,103.0
2025-03-27 02:37:00+00:00,20117.0,20119.75,20117.0,20118.0,44.0
2025-03-27 02:38:00+00:00,20116.0,20119.25,20115.25,20117.0,73.0
2025-03-27 02:39:00+00:00,20117.0,20117.25,20115.25,20116.75,36.0
2025-03-27 02:40:00+00:00,20117.5,20118.5,20116.75,20117.25,74.0
2025-03-27 02:41:00+00:00,20122.25,20123.5,20118.0,20118.0,71.0
2025-03-27 02:42:00+00:00,20122.5,20122.75,20121.25,20121.75,27.0
2025-03-27 02:43:00+00:00,20122.0,20122.75,20120.25,20122.0,90.0
2025-03-27 02:44:00+00:00,20120.75,20122.75,20120.0,20122.0,67.0
2025-03-27 02:45:00+00:00,20118.5,20122.0,20118.25,20122.0,58.0
2025-03-27 02:46:00+00:00,20114.5,20119.0,20114.5,20119.0,84.0
2025-03-27 02:47:00+00:00,20118.0,20118.0,20114.5,20114.5,53.0
2025-03-27 02:48:00+00:00,20116.75,20119.0,20116.0,20117.5,50.0
2025-03-27 02:49:00+00:00,20116.25,20119.5,20116.25,20117.25,78.0
2025-03-27 02:50:00+00:00,20117.25,20118.0,20114.75,20116.0,45.0
2025-03-27 02:51:00+00:00,20115.5,20120.0,20115.5,20117.25,120.0
2025-03-27 02:52:00+00:00,20117.25,20117.25,20114.75,20115.25,37.0
2025-03-27 02:53:00+00:00,20117.0,20117.25,20114.0,20117.0,123.0
2025-03-27 02:54:00+00:00,20114.75,20116.5,20114.75,20116.25,36.0
2025-03-27 02:55:00+00:00,20115.25,20115.5,20113.25,20114.75,49.0
2025-03-27 02:56:00+00:00,20115.25,20116.25,20114.0,20114.25,42.0
2025-03-27 02:57:00+00:00,20117.0,20117.0,20114.25,20115.25,66.0
2025-03-27 02:58:00+00:00,20117.0,20120.0,20116.0,20117.0,78.0
2025-03-27 02:59:00+00:00,20118.25,20118.75,20114.5,20117.25,55.0
2025-03-27 03:00:00+00:00,20121.25,20125.25,20116.5,20118.75,311.0
2025-03-27 03:01:00+00:00,20122.0,20128.0,20121.75,20121.75,168.0
2025-03-27 03:02:00+00:00,20124.0,20125.5,20122.25,20124.25,59.0
2025-03-27 03:03:00+00:00,20121.25,20124.25,20121.25,20124.0,66.0
2025-03-27 03:04:00+00:00,20117.75,20121.25,20116.75,20120.75,102.0
2025-03-27 03:05:00+00:00,20118.25,20120.75,20117.0,20117.5,69.0
2025-03-27 03:06:00+00:00,20117.0,20119.5,20117.0,20118.5,40.0
2025-03-27 03:07:00+00:00,20116.0,20119.0,20115.0,20117.5,118.0
2025-03-27 03:08:00+00:00,20118.0,20120.0,20116.5,20116.5,71.0
2025-03-27 03:09:00+00:00,20117.0,20117.25,20116.0,20117.0,22.0
2025-03-27 03:10:00+00:00,20117.75,20119.5,20117.75,20118.25,37.0
2025-03-27 03:11:00+00:00,20119.0,20119.5,20117.75,20119.0,41.0
2025-03-27 03:12:00+00:00,20118.0,20119.0,20116.0,20118.5,26.0
2025-03-27 03:13:00+00:00,20118.25,20118.25,20117.25,20118.0,21.0
2025-03-27 03:14:00+00:00,20119.0,20119.5,20118.0,20118.0,24.0
2025-03-27 03:15:00+00:00,20118.0,20119.5,20115.25,20119.5,60.0
2025-03-27 03:16:00+00:00,20118.0,20118.25,20116.5,20117.0,25.0
2025-03-27 03:17:00+00:00,20122.25,20122.25,20117.75,20117.75,81.0
2025-03-27 03:18:00+00:00,20122.5,20123.25,20121.0,20121.75,42.0
2025-03-27 03:19:00+00:00,20123.5,20124.0,20121.5,20122.5,45.0
2025-03-27 03:20:00+00:00,20123.0,20123.25,20120.75,20122.75,60.0
2025-03-27 03:21:00+00:00,20123.5,20124.0,20122.5,20123.25,30.0
2025-03-27 03:22:00+00:00,20123.0,20124.75,20123.0,20123.75,21.0
2025-03-27 03:23:00+00:00,20119.25,20123.0,20118.0,20122.75,79.0
2025-03-27 03:24:00+00:00,20118.75,20119.0,20117.75,20118.5,25.0
2025-03-27 03:25:00+00:00,20119.25,20119.25,20117.5,20119.0,31.0
2025-03-27 03:26:00+00:00,20119.0,20119.5,20118.5,20119.0,9.0
2025-03-27 03:27:00+00:00,20118.5,20119.0,20117.75,20118.75,39.0
2025-03-27 03:28:00+00:00,20120.5,20120.5,20118.75,20119.0,28.0
2025-03-27 03:29:00+00:00,20119.25,20120.0,20118.5,20120.0,17.0
2025-03-27 03:30:00+00:00,20120.75,20122.0,20119.0,20119.5,44.0
2025-03-27 03:31:00+00:00,20121.5,20121.75,20120.5,20120.5,18.0
2025-03-27 03:32:00+00:00,20124.0,20125.5,20121.25,20121.25,54.0
2025-03-27 03:33:00+00:00,20128.75,20130.0,20123.5,20124.25,144.0
2025-03-27 03:34:00+00:00,20125.75,20128.75,20125.75,20128.25,31.0
2025-03-27 03:35:00+00:00,20131.5,20131.5,20124.75,20126.25,231.0
2025-03-27 03:36:00+00:00,20140.25,20141.75,20131.5,20131.5,381.0
2025-03-27 03:37:00+00:00,20142.0,20142.5,20139.25,20140.0,100.0
2025-03-27 03:38:00+00:00,20138.75,20147.5,20138.0,20142.75,258.0
2025-03-27 03:39:00+00:00,20140.0,20140.75,20137.5,20138.75,77.0
2025-03-27 03:40:00+00:00,20138.25,20142.25,20137.5,20139.75,109.0
2025-03-27 03:41:00+00:00,20139.5,20139.5,20137.25,20138.75,61.0
2025-03-27 03:42:00+00:00,20137.0,20139.5,20137.0,20139.5,64.0
2025-03-27 03:43:00+00:00,20136.75,20138.5,20136.75,20138.0,32.0
2025-03-27 03:44:00+00:00,20138.75,20141.5,20137.75,20137.75,94.0
2025-03-27 03:45:00+00:00,20137.0,20138.75,20137.0,20138.75,21.0
2025-03-27 03:46:00+00:00,20139.25,20141.25,20138.0,20138.5,40.0
2025-03-27 03:47:00+00:00,20139.75,20140.0,20138.5,20139.0,35.0
2025-03-27 03:48:00+00:00,20139.5,20140.5,20138.5,20138.75,32.0
2025-03-27 03:49:00+00:00,20138.0,20138.75,20137.25,20138.75,33.0
2025-03-27 03:50:00+00:00,20132.0,20137.5,20132.0,20137.5,197.0
2025-03-27 03:51:00+00:00,20132.5,20133.5,20131.5,20132.5,37.0
2025-03-27 03:52:00+00:00,20136.0,20136.0,20133.0,20133.0,64.0
2025-03-27 03:53:00+00:00,20134.75,20136.75,20134.0,20136.0,43.0
2025-03-27 03:54:00+00:00,20135.25,20136.5,20133.75,20134.5,76.0
2025-03-27 03:55:00+00:00,20134.5,20135.5,20134.5,20135.25,19.0
2025-03-27 03:56:00+00:00,20135.0,20135.5,20134.25,20134.25,22.0
2025-03-27 03:57:00+00:00,20135.5,20135.75,20134.25,20134.25,30.0
2025-03-27 03:58:00+00:00,20136.25,20136.75,20134.75,20135.25,41.0
2025-03-27 04:09:00+00:00,20144.25,20146.0,20143.75,20144.0,55.0
2025-03-27 04:10:00+00:00,20144.0,20147.5,20143.5,20144.0,86.0
2025-03-27 04:11:00+00:00,20138.25,20143.75,20137.5,20143.25,90.0
2025-03-27 04:12:00+00:00,20131.75,20138.0,20129.0,20138.0,150.0
2025-03-27 04:13:00+00:00,20128.25,20132.0,20128.0,20132.0,83.0
2025-03-27 04:14:00+00:00,20128.5,20131.25,20128.25,20131.0,77.0
2025-03-27 04:15:00+00:00,20130.0,20130.25,20128.25,20129.25,28.0
2025-03-27 04:16:00+00:00,20129.0,20131.5,20128.75,20130.25,29.0
2025-03-27 04:17:00+00:00,20130.5,20131.0,20129.0,20129.5,26.0
2025-03-27 04:18:00+00:00,20129.25,20130.5,20127.75,20130.0,37.0
2025-03-27 04:19:00+00:00,20128.25,20129.5,20128.25,20129.5,16.0
2025-03-27 04:20:00+00:00,20128.0,20129.25,20126.25,20129.25,63.0
2025-03-27 04:21:00+00:00,20128.0,20128.0,20125.5,20128.0,57.0
2025-03-27 04:22:00+00:00,20127.75,20129.25,20127.25,20127.25,39.0
2025-03-27 04:23:00+00:00,20129.5,20130.0,20128.5,20128.75,24.0
2025-03-27 04:24:00+00:00,20130.5,20131.5,20129.75,20130.0,42.0
2025-03-27 04:25:00+00:00,20130.75,20132.0,20130.0,20130.75,33.0
2025-03-27 04:26:00+00:00,20133.75,20134.25,20131.5,20131.75,33.0
2025-03-27 04:27:00+00:00,20134.25,20135.5,20133.25,20133.25,33.0
2025-03-27 04:28:00+00:00,20134.0,20135.0,20133.5,20134.0,16.0
2025-03-27 04:29:00+00:00,20133.0,20134.25,20132.75,20134.25,19.0
2025-03-27 04:30:00+00:00,20132.0,20132.5,20131.25,20132.5,32.0
2025-03-27 04:31:00+00:00,20131.5,20132.75,20130.25,20132.75,33.0
2025-03-27 04:32:00+00:00,20128.0,20130.75,20127.5,20130.75,65.0
2025-03-27 04:33:00+00:00,20129.5,20130.25,20128.25,20128.25,45.0
2025-03-27 04:34:00+00:00,20130.75,20132.5,20129.0,20129.0,24.0
2025-03-27 04:35:00+00:00,20133.5,20134.0,20131.5,20132.0,24.0
2025-03-27 04:36:00+00:00,20136.75,20138.25,20133.25,20133.75,96.0
2025-03-27 04:37:00+00:00,20134.0,20136.75,20133.75,20136.0,39.0
2025-03-27 04:38:00+00:00,20131.5,20134.0,20131.25,20133.75,35.0
2025-03-27 04:39:00+00:00,20129.5,20131.75,20128.75,20131.25,75.0
2025-03-27 04:40:00+00:00,20129.5,20129.75,20129.0,20129.25,6.0
2025-03-27 04:41:00+00:00,20132.5,20133.0,20129.75,20129.75,26.0
2025-03-27 04:42:00+00:00,20134.5,20135.25,20133.25,20133.25,29.0
2025-03-27 04:43:00+00:00,20131.5,20134.75,20131.25,20134.75,45.0
2025-03-27 04:44:00+00:00,20133.0,20134.5,20132.0,20132.0,36.0
2025-03-27 04:45:00+00:00,20133.0,20133.0,20132.5,20132.75,8.0
2025-03-27 04:46:00+00:00,20130.5,20133.25,20130.5,20132.25,13.0
2025-03-27 04:47:00+00:00,20131.5,20131.75,20130.75,20130.75,12.0
2025-03-27 04:48:00+00:00,20132.75,20134.5,20130.75,20131.5,39.0
2025-03-27 04:49:00+00:00,20134.25,20134.5,20132.5,20132.75,31.0
2025-03-27 04:50:00+00:00,20132.0,20136.0,20131.25,20134.5,42.0
2025-03-27 04:51:00+00:00,20134.0,20134.25,20132.5,20132.5,22.0
2025-03-27 04:52:00+00:00,20130.5,20133.75,20130.5,20133.75,28.0
2025-03-27 04:53:00+00:00,20131.25,20132.5,20130.75,20131.0,30.0
2025-03-27 04:54:00+00:00,20132.0,20132.0,20130.0,20131.0,13.0
2025-03-27 04:55:00+00:00,20133.0,20133.0,20131.25,20133.0,24.0
2025-03-27 04:56:00+00:00,20135.0,20136.0,20132.75,20132.75,58.0
2025-03-27 04:57:00+00:00,20134.25,20135.0,20133.75,20134.25,22.0
2025-03-27 04:58:00+00:00,20134.25,20136.25,20133.5,20135.5,36.0
2025-03-27 04:59:00+00:00,20134.25,20136.25,20133.5,20135.0,38.0
2025-03-27 05:00:00+00:00,20131.5,20134.0,20131.25,20133.5,30.0
2025-03-27 05:01:00+00:00,20131.5,20132.5,20131.0,20132.25,28.0
2025-03-27 05:02:00+00:00,20132.25,20134.25,20132.0,20132.75,23.0
2025-03-27 05:03:00+00:00,20132.5,20133.75,20132.5,20132.5,12.0
2025-03-27 05:04:00+00:00,20131.25,20133.25,20131.25,20133.0,18.0
2025-03-27 05:05:00+00:00,20133.25,20134.75,20132.25,20132.25,29.0
2025-03-27 05:06:00+00:00,20128.5,20132.5,20127.25,20132.5,44.0
2025-03-27 05:07:00+00:00,20124.75,20128.75,20121.75,20128.75,136.0
2025-03-27 05:08:00+00:00,20124.5,20125.0,20119.0,20124.5,145.0
2025-03-27 05:09:00+00:00,20123.5,20126.25,20123.5,20124.25,55.0
2025-03-27 05:10:00+00:00,20123.25,20125.5,20122.75,20123.75,37.0
2025-03-27 05:11:00+00:00,20124.25,20125.5,20123.5,20123.5,16.0
2025-03-27 05:12:00+00:00,20127.25,20129.75,20123.75,20124.5,99.0
2025-03-27 05:13:00+00:00,20126.5,20128.5,20126.5,20128.0,25.0
2025-03-27 05:14:00+00:00,20122.75,20127.5,20122.75,20125.25,60.0
2025-03-27 05:15:00+00:00,20122.75,20125.25,20122.75,20123.0,20.0
2025-03-27 05:16:00+00:00,20123.0,20123.5,20121.75,20121.75,30.0
2025-03-27 05:17:00+00:00,20122.75,20124.75,20122.5,20123.5,30.0
2025-03-27 05:18:00+00:00,20125.0,20125.25,20123.5,20123.75,22.0
2025-03-27 05:19:00+00:00,20124.5,20126.0,20123.0,20126.0,39.0
2025-03-27 05:20:00+00:00,20125.0,20125.25,20123.5,20125.0,20.0
2025-03-27 05:21:00+00:00,20127.75,20132.0,20126.25,20126.25,116.0
2025-03-27 05:22:00+00:00,20127.5,20128.5,20125.5,20127.5,27.0
2025-03-27 05:23:00+00:00,20131.25,20131.25,20128.0,20128.75,38.0
2025-03-27 05:24:00+00:00,20128.5,20131.25,20128.5,20130.75,42.0
2025-03-27 05:25:00+00:00,20128.25,20128.5,20128.25,20128.5,4.0
2025-03-27 05:26:00+00:00,20128.75,20128.75,20128.0,20128.25,15.0
2025-03-27 05:27:00+00:00,20128.75,20130.25,20128.25,20128.75,24.0
2025-03-27 05:28:00+00:00,20128.75,20129.0,20127.5,20128.0,14.0
2025-03-27 05:29:00+00:00,20129.5,20130.25,20129.0,20129.25,16.0
2025-03-27 05:30:00+00:00,20130.25,20130.5,20125.75,20128.25,97.0
2025-03-27 05:31:00+00:00,20130.75,20133.0,20129.75,20130.75,57.0
2025-03-27 05:32:00+00:00,20130.0,20131.0,20129.5,20131.0,18.0
2025-03-27 05:33:00+00:00,20133.5,20134.75,20131.0,20131.0,68.0
2025-03-27 05:34:00+00:00,20132.0,20133.75,20132.0,20132.75,43.0
2025-03-27 05:35:00+00:00,20133.25,20133.25,20130.5,20132.0,35.0
2025-03-27 05:36:00+00:00,20133.0,20133.5,20131.5,20133.5,22.0
2025-03-27 05:37:00+00:00,20137.25,20138.0,20133.5,20133.5,63.0
2025-03-27 05:38:00+00:00,20142.0,20143.0,20136.25,20138.25,126.0
2025-03-27 05:39:00+00:00,20140.5,20143.5,20140.0,20141.75,63.0
2025-03-27 05:40:00+00:00,20139.0,20141.0,20138.25,20141.0,49.0
2025-03-27 05:41:00+00:00,20141.25,20141.25,20139.5,20139.5,24.0
2025-03-27 05:42:00+00:00,20141.5,20143.75,20141.25,20142.0,57.0
2025-03-27 05:43:00+00:00,20141.0,20142.25,20141.0,20142.0,28.0
2025-03-27 05:44:00+00:00,20140.75,20141.5,20140.5,20141.5,17.0
2025-03-27 05:45:00+00:00,20136.5,20141.75,20135.75,20141.0,53.0
2025-03-27 05:46:00+00:00,20136.0,20138.0,20136.0,20137.0,34.0
2025-03-27 05:47:00+00:00,20135.0,20135.75,20133.25,20135.75,72.0
2025-03-27 05:48:00+00:00,20134.25,20134.25,20133.0,20134.25,29.0
2025-03-27 05:49:00+00:00,20129.0,20134.75,20127.5,20134.75,165.0
2025-03-27 05:50:00+00:00,20124.25,20127.5,20124.0,20127.5,81.0
2025-03-27 05:51:00+00:00,20121.0,20124.75,20121.0,20124.75,61.0
2025-03-27 05:52:00+00:00,20125.0,20125.25,20119.0,20122.0,141.0
2025-03-27 05:53:00+00:00,20123.25,20126.75,20121.75,20125.0,89.0
2025-03-27 05:54:00+00:00,20121.75,20124.25,20119.0,20123.5,106.0
2025-03-27 05:55:00+00:00,20116.0,20121.75,20113.5,20121.75,156.0
2025-03-27 05:56:00+00:00,20116.25,20117.0,20113.75,20116.5,134.0
2025-03-27 05:57:00+00:00,20114.75,20117.5,20113.5,20117.0,85.0
2025-03-27 05:58:00+00:00,20116.25,20117.75,20115.0,20115.25,44.0
2025-03-27 05:59:00+00:00,20114.5,20117.75,20112.25,20117.0,97.0
2025-03-27 06:00:00+00:00,20115.25,20115.75,20108.0,20114.5,256.0
2025-03-27 06:01:00+00:00,20113.25,20116.75,20107.0,20116.0,133.0
2025-03-27 06:02:00+00:00,20115.25,20116.25,20113.0,20114.0,75.0
2025-03-27 06:03:00+00:00,20108.75,20116.25,20107.0,20115.0,138.0
2025-03-27 06:04:00+00:00,20108.25,20111.0,20108.25,20109.75,53.0
2025-03-27 06:05:00+00:00,20108.5,20110.75,20107.5,20109.0,72.0
2025-03-27 06:06:00+00:00,20113.0,20113.75,20109.25,20109.25,223.0
2025-03-27 06:07:00+00:00,20114.0,20114.25,20113.0,20113.75,45.0
2025-03-27 06:08:00+00:00,20119.25,20119.5,20113.0,20114.0,237.0
2025-03-27 06:09:00+00:00,20119.5,20122.5,20119.0,20119.0,87.0
2025-03-27 06:10:00+00:00,20120.0,20124.25,20120.0,20121.5,90.0
2025-03-27 06:11:00+00:00,20119.5,20121.75,20118.5,20120.75,77.0
2025-03-27 06:12:00+00:00,20124.5,20124.75,20119.25,20119.75,114.0
2025-03-27 06:13:00+00:00,20126.5,20126.75,20124.5,20124.75,47.0
2025-03-27 06:14:00+00:00,20127.75,20128.25,20126.0,20126.5,61.0
2025-03-27 06:15:00+00:00,20129.5,20131.25,20127.5,20128.25,85.0
2025-03-27 06:16:00+00:00,20130.5,20132.0,20130.25,20130.25,62.0
2025-03-27 06:17:00+00:00,20132.5,20133.5,20131.0,20131.25,69.0
2025-03-27 06:18:00+00:00,20131.5,20132.75,20130.0,20132.5,134.0
2025-03-27 06:19:00+00:00,20132.5,20133.0,20130.5,20132.0,184.0
2025-03-27 06:20:00+00:00,20125.0,20133.0,20124.25,20132.25,236.0
2025-03-27 06:21:00+00:00,20126.25,20126.25,20120.0,20124.75,248.0
2025-03-27 06:22:00+00:00,20132.25,20132.25,20127.0,20127.0,139.0
2025-03-27 06:23:00+00:00,20136.75,20139.0,20132.0,20132.5,157.0
2025-03-27 06:24:00+00:00,20135.25,20137.0,20134.0,20136.0,58.0
2025-03-27 06:25:00+00:00,20130.25,20136.5,20127.25,20135.75,138.0
2025-03-27 06:26:00+00:00,20134.25,20134.75,20127.0,20129.75,80.0
2025-03-27 06:27:00+00:00,20133.75,20136.0,20133.25,20134.0,75.0
2025-03-27 06:28:00+00:00,20134.25,20135.5,20132.25,20134.0,38.0
2025-03-27 06:29:00+00:00,20135.25,20138.0,20134.5,20134.5,129.0
2025-03-27 06:30:00+00:00,20133.0,20140.0,20133.0,20136.0,109.0
2025-03-27 06:31:00+00:00,20128.25,20133.75,20125.0,20132.5,124.0
2025-03-27 06:32:00+00:00,20128.5,20130.25,20126.25,20129.5,54.0
2025-03-27 06:33:00+00:00,20130.0,20131.25,20128.25,20128.25,19.0
2025-03-27 06:34:00+00:00,20125.5,20130.75,20125.0,20130.5,42.0
2025-03-27 06:35:00+00:00,20130.0,20130.0,20125.5,20126.0,39.0
2025-03-27 06:36:00+00:00,20129.0,20131.0,20129.0,20129.75,20.0
2025-03-27 06:37:00+00:00,20130.5,20131.75,20129.25,20130.25,30.0
2025-03-27 06:38:00+00:00,20133.0,20134.0,20128.5,20128.5,46.0
2025-03-27 06:39:00+00:00,20135.0,20135.0,20132.25,20132.5,29.0
2025-03-27 06:40:00+00:00,20132.5,20134.75,20131.0,20134.75,40.0
2025-03-27 06:41:00+00:00,20131.0,20135.25,20129.0,20132.25,68.0
2025-03-27 06:42:00+00:00,20132.75,20134.25,20129.5,20130.75,34.0
2025-03-27 06:43:00+00:00,20129.0,20132.75,20129.0,20132.5,36.0
2025-03-27 06:44:00+00:00,20127.0,20130.75,20127.0,20128.75,44.0
2025-03-27 06:45:00+00:00,20123.0,20128.75,20123.0,20127.25,58.0
2025-03-27 06:46:00+00:00,20122.25,20125.0,20121.25,20123.0,62.0
2025-03-27 06:47:00+00:00,20118.75,20121.5,20115.5,20119.75,127.0
2025-03-27 06:48:00+00:00,20115.25,20117.75,20114.25,20117.75,55.0
2025-03-27 06:49:00+00:00,20114.25,20115.0,20112.5,20115.0,41.0
2025-03-27 06:50:00+00:00,20117.0,20118.25,20114.0,20114.0,102.0
2025-03-27 06:51:00+00:00,20114.25,20116.0,20111.0,20115.75,100.0
2025-03-27 06:52:00+00:00,20107.75,20113.75,20103.0,20113.75,202.0
2025-03-27 06:53:00+00:00,20109.25,20112.0,20108.5,20108.5,54.0
2025-03-27 06:54:00+00:00,20111.25,20111.25,20108.75,20109.5,45.0
2025-03-27 06:55:00+00:00,20111.75,20113.25,20109.75,20111.5,55.0
2025-03-27 06:56:00+00:00,20107.5,20111.75,20103.5,20111.75,117.0
2025-03-27 06:57:00+00:00,20109.25,20109.25,20106.5,20107.0,49.0
2025-03-27 06:58:00+00:00,20112.5,20114.25,20107.5,20108.5,101.0
2025-03-27 06:59:00+00:00,20112.0,20115.0,20110.75,20112.5,55.0
2025-03-27 07:00:00+00:00,20117.25,20119.25,20109.25,20111.25,209.0
2025-03-27 07:01:00+00:00,20107.25,20118.25,20107.25,20117.5,148.0
2025-03-27 07:02:00+00:00,20102.25,20107.5,20101.25,20106.0,154.0
2025-03-27 07:03:00+00:00,20101.25,20102.75,20095.25,20101.5,293.0
2025-03-27 07:04:00+00:00,20098.5,20104.25,20097.0,20102.0,210.0
2025-03-27 07:05:00+00:00,20085.5,20099.25,20083.5,20098.0,554.0
2025-03-27 07:06:00+00:00,20103.25,20105.25,20083.5,20085.0,229.0
2025-03-27 07:07:00+00:00,20108.75,20108.75,20104.0,20104.0,104.0
2025-03-27 07:08:00+00:00,20110.5,20111.5,20107.25,20107.5,143.0
2025-03-27 07:09:00+00:00,20111.25,20112.0,20108.25,20111.0,67.0
2025-03-27 07:10:00+00:00,20115.5,20118.25,20112.0,20112.0,128.0
2025-03-27 07:11:00+00:00,20114.5,20117.75,20113.25,20116.5,63.0
2025-03-27 07:12:00+00:00,20116.0,20120.25,20113.75,20114.0,68.0
2025-03-27 07:13:00+00:00,20113.0,20118.25,20111.25,20117.25,77.0
2025-03-27 07:14:00+00:00,20114.75,20115.25,20110.5,20112.75,99.0
2025-03-27 07:15:00+00:00,20111.25,20115.25,20104.0,20115.25,136.0
2025-03-27 07:16:00+00:00,20118.0,20118.5,20112.75,20112.75,106.0
2025-03-27 07:17:00+00:00,20115.5,20119.75,20115.0,20117.75,95.0
2025-03-27 07:18:00+00:00,20108.25,20117.0,20107.25,20116.25,105.0
2025-03-27 07:19:00+00:00,20100.25,20108.75,20100.25,20108.75,127.0
2025-03-27 07:20:00+00:00,20106.0,20106.75,20102.25,20102.25,122.0
2025-03-27 07:21:00+00:00,20108.5,20108.5,20105.0,20106.25,55.0
2025-03-27 07:22:00+00:00,20106.75,20107.25,20104.0,20107.0,64.0
2025-03-27 07:23:00+00:00,20105.75,20109.5,20104.25,20106.0,82.0
2025-03-27 07:24:00+00:00,20105.0,20106.0,20100.75,20103.0,75.0
2025-03-27 07:25:00+00:00,20107.5,20111.0,20104.5,20105.5,54.0
2025-03-27 07:26:00+00:00,20102.25,20108.0,20101.75,20105.0,69.0
2025-03-27 07:27:00+00:00,20103.0,20104.5,20100.0,20104.0,76.0
2025-03-27 07:28:00+00:00,20103.75,20107.25,20101.75,20104.0,84.0
2025-03-27 07:29:00+00:00,20104.0,20105.25,20098.25,20103.5,79.0
2025-03-27 07:30:00+00:00,20105.0,20109.0,20103.25,20104.0,109.0
2025-03-27 07:40:00+00:00,20100.0,20101.0,20089.25,20099.0,1451.0
2025-03-27 07:41:00+00:00,20104.0,20105.0,20099.0,20100.75,163.0
2025-03-27 07:42:00+00:00,20104.0,20109.0,20102.75,20104.75,103.0
2025-03-27 07:43:00+00:00,20097.0,20104.75,20094.25,20104.5,302.0
2025-03-27 07:44:00+00:00,20084.25,20097.5,20081.25,20097.5,299.0
2025-03-27 07:45:00+00:00,20087.25,20090.25,20081.25,20082.5,208.0
2025-03-27 07:46:00+00:00,20092.75,20092.75,20086.0,20087.75,129.0
2025-03-27 07:47:00+00:00,20094.75,20095.25,20089.25,20092.0,98.0
2025-03-27 07:48:00+00:00,20091.25,20094.75,20090.5,20094.25,101.0
2025-03-27 07:49:00+00:00,20087.75,20090.75,20083.0,20090.5,92.0
2025-03-27 07:50:00+00:00,20082.75,20087.5,20082.0,20087.5,77.0
2025-03-27 07:51:00+00:00,20076.5,20086.0,20071.75,20083.0,339.0
2025-03-27 07:52:00+00:00,20080.0,20082.75,20076.5,20077.0,157.0
2025-03-27 07:53:00+00:00,20082.75,20083.75,20078.5,20080.0,118.0
2025-03-27 07:54:00+00:00,20076.25,20085.0,20076.25,20083.5,172.0
2025-03-27 07:55:00+00:00,20071.75,20079.25,20070.25,20076.25,218.0
2025-03-27 07:56:00+00:00,20075.0,20077.5,20070.75,20071.0,229.0
2025-03-27 07:57:00+00:00,20074.75,20076.0,20068.25,20074.5,157.0
2025-03-27 07:58:00+00:00,20079.0,20079.25,20074.25,20074.75,91.0
2025-03-27 07:59:00+00:00,20073.25,20079.25,20073.0,20079.0,81.0
2025-03-27 08:00:00+00:00,20088.25,20092.0,20070.5,20075.75,480.0
2025-03-27 08:01:00+00:00,20085.75,20091.25,20084.5,20088.0,176.0
2025-03-27 08:02:00+00:00,20080.5,20090.75,20077.75,20084.0,210.0
2025-03-27 08:03:00+00:00,20066.5,20080.5,20066.25,20080.5,304.0
2025-03-27 08:04:00+00:00,20061.75,20066.0,20057.0,20064.0,434.0
2025-03-27 08:05:00+00:00,20047.5,20062.5,20046.5,20059.5,537.0
2025-03-27 08:06:00+00:00,20046.25,20053.25,20044.0,20048.0,312.0
2025-03-27 08:07:00+00:00,20044.5,20052.25,20039.25,20045.0,303.0
2025-03-27 08:08:00+00:00,20036.0,20046.75,20031.25,20042.25,450.0
2025-03-27 08:09:00+00:00,20029.0,20038.25,20026.25,20035.5,452.0
2025-03-27 08:10:00+00:00,20028.25,20030.0,20020.0,20029.5,589.0
2025-03-27 08:11:00+00:00,20026.5,20039.75,20025.0,20027.25,405.0
2025-03-27 08:12:00+00:00,20025.75,20030.5,20022.0,20026.75,357.0
2025-03-27 08:13:00+00:00,20031.75,20032.75,20021.5,20025.0,309.0
2025-03-27 08:14:00+00:00,20037.75,20039.25,20028.0,20032.25,401.0
2025-03-27 08:15:00+00:00,20042.0,20048.75,20036.25,20038.75,314.0
2025-03-27 08:16:00+00:00,20052.0,20054.0,20042.0,20044.0,247.0
2025-03-27 08:17:00+00:00,20044.25,20057.0,20043.0,20051.25,220.0
2025-03-27 08:18:00+00:00,20053.25,20055.0,20040.25,20043.5,272.0
2025-03-27 08:19:00+00:00,20062.25,20063.0,20050.5,20053.0,263.0
2025-03-27 08:20:00+00:00,20060.5,20069.5,20058.75,20063.25,309.0
2025-03-27 08:21:00+00:00,20073.75,20073.75,20059.5,20060.25,190.0
2025-03-27 08:22:00+00:00,20067.25,20074.25,20063.5,20073.75,154.0
2025-03-27 08:23:00+00:00,20068.0,20072.25,20063.5,20067.25,106.0
2025-03-27 08:24:00+00:00,20069.75,20071.0,20063.25,20067.75,105.0
2025-03-27 08:25:00+00:00,20060.0,20074.0,20060.0,20068.75,187.0
2025-03-27 08:26:00+00:00,20056.75,20061.5,20053.5,20057.0,369.0
2025-03-27 08:27:00+00:00,20068.5,20069.5,20058.0,20059.0,157.0
2025-03-27 08:28:00+00:00,20069.75,20070.75,20061.5,20069.5,162.0
2025-03-27 08:29:00+00:00,20069.75,20073.75,20068.5,20070.25,143.0
2025-03-27 08:30:00+00:00,20079.25,20082.5,20071.0,20071.0,313.0
2025-03-27 08:31:00+00:00,20076.0,20081.25,20073.5,20078.5,128.0
2025-03-27 08:32:00+00:00,20079.75,20082.5,20074.5,20075.0,115.0
2025-03-27 08:33:00+00:00,20075.25,20081.25,20074.0,20079.5,81.0
2025-03-27 08:34:00+00:00,20077.25,20078.0,20071.5,20074.5,135.0
2025-03-27 08:35:00+00:00,20076.5,20082.25,20074.25,20077.5,108.0
2025-03-27 08:36:00+00:00,20081.0,20084.0,20077.75,20077.75,134.0
2025-03-27 08:37:00+00:00,20081.75,20088.0,20078.25,20080.5,155.0
2025-03-27 08:38:00+00:00,20089.0,20094.0,20082.75,20083.5,218.0
2025-03-27 08:39:00+00:00,20087.75,20091.25,20086.5,20089.0,92.0
2025-03-27 08:40:00+00:00,20087.0,20090.0,20084.0,20088.0,96.0
2025-03-27 08:41:00+00:00,20090.0,20091.25,20085.0,20087.75,69.0
2025-03-27 08:42:00+00:00,20088.25,20091.75,20083.25,20089.25,136.0
2025-03-27 08:43:00+00:00,20087.0,20091.0,20085.25,20088.0,86.0
2025-03-27 08:44:00+00:00,20085.5,20088.75,20084.75,20086.75,91.0
2025-03-27 08:45:00+00:00,20079.0,20085.75,20077.5,20085.75,209.0
2025-03-27 08:46:00+00:00,20073.0,20081.75,20073.0,20079.5,196.0
2025-03-27 08:47:00+00:00,20077.25,20077.25,20072.75,20073.0,122.0
2025-03-27 08:48:00+00:00,20079.75,20082.5,20075.5,20076.5,105.0
2025-03-27 08:49:00+00:00,20084.0,20084.0,20073.5,20080.25,144.0
2025-03-27 08:50:00+00:00,20076.0,20085.5,20074.75,20084.25,107.0
2025-03-27 08:51:00+00:00,20073.75,20075.75,20070.0,20075.0,105.0
2025-03-27 08:52:00+00:00,20070.25,20074.25,20066.25,20072.5,165.0
2025-03-27 08:53:00+00:00,20079.25,20081.25,20068.5,20068.75,124.0
2025-03-27 08:54:00+00:00,20080.75,20082.75,20077.25,20081.25,90.0
2025-03-27 08:55:00+00:00,20094.5,20096.25,20081.0,20081.0,236.0
2025-03-27 08:56:00+00:00,20096.75,20099.5,20093.0,20096.75,307.0
2025-03-27 08:57:00+00:00,20109.75,20111.0,20094.75,20096.0,408.0
2025-03-27 08:58:00+00:00,20109.0,20114.75,20108.75,20109.5,382.0
2025-03-27 08:59:00+00:00,20112.25,20114.75,20106.5,20109.0,222.0
2025-03-27 09:00:00+00:00,20105.0,20115.0,20102.75,20112.25,238.0
2025-03-27 09:01:00+00:00,20101.75,20105.5,20098.0,20103.75,164.0
2025-03-27 09:02:00+00:00,20108.75,20110.0,20099.75,20103.75,141.0
2025-03-27 09:03:00+00:00,20114.0,20115.75,20107.5,20107.75,136.0
2025-03-27 09:04:00+00:00,20113.25,20117.0,20110.25,20116.0,129.0
2025-03-27 09:05:00+00:00,20105.5,20113.5,20104.25,20113.5,95.0
2025-03-27 09:06:00+00:00,20104.75,20108.25,20104.75,20106.0,60.0
2025-03-27 09:07:00+00:00,20104.5,20113.0,20101.75,20105.75,161.0
2025-03-27 09:08:00+00:00,20104.0,20104.25,20099.25,20103.5,116.0
2025-03-27 09:09:00+00:00,20099.25,20106.25,20095.25,20102.75,134.0
2025-03-27 09:10:00+00:00,20103.25,20106.25,20099.75,20100.0,104.0
2025-03-27 09:11:00+00:00,20105.0,20107.75,20101.75,20103.25,101.0
2025-03-27 09:12:00+00:00,20098.75,20104.5,20098.5,20104.5,95.0
2025-03-27 09:13:00+00:00,20106.75,20108.0,20100.25,20100.5,71.0
2025-03-27 09:14:00+00:00,20109.75,20110.75,20105.0,20106.0,71.0
2025-03-27 09:15:00+00:00,20113.25,20115.0,20108.25,20110.5,120.0
2025-03-27 09:16:00+00:00,20114.0,20114.5,20109.25,20114.0,122.0
2025-03-27 09:17:00+00:00,20113.25,20114.75,20109.75,20114.25,136.0
2025-03-27 09:18:00+00:00,20111.5,20113.25,20109.0,20113.25,118.0
2025-03-27 09:19:00+00:00,20113.75,20115.0,20110.5,20111.75,70.0
2025-03-27 09:20:00+00:00,20108.5,20114.5,20108.5,20113.0,80.0
2025-03-27 09:21:00+00:00,20106.25,20112.5,20101.75,20108.5,118.0
2025-03-27 09:22:00+00:00,20096.75,20106.0,20096.25,20106.0,107.0
2025-03-27 09:23:00+00:00,20094.75,20100.0,20094.75,20096.0,89.0
2025-03-27 09:24:00+00:00,20104.75,20104.75,20094.0,20095.25,129.0
2025-03-27 09:25:00+00:00,20104.25,20108.5,20102.0,20105.25,177.0
2025-03-27 09:26:00+00:00,20106.75,20110.75,20104.25,20104.75,102.0
2025-03-27 09:27:00+00:00,20113.75,20114.0,20106.5,20106.5,79.0
2025-03-27 09:28:00+00:00,20120.25,20120.5,20113.0,20113.25,219.0
2025-03-27 09:29:00+00:00,20120.0,20123.25,20117.0,20119.0,176.0
2025-03-27 09:30:00+00:00,20119.5,20123.25,20117.0,20120.0,91.0
2025-03-27 09:31:00+00:00,20117.5,20120.0,20115.75,20120.0,92.0
2025-03-27 09:32:00+00:00,20117.0,20119.25,20114.5,20118.25,80.0
2025-03-27 09:33:00+00:00,20114.25,20117.75,20111.0,20117.25,120.0
2025-03-27 09:34:00+00:00,20113.0,20116.0,20112.75,20115.0,79.0
2025-03-27 09:35:00+00:00,20115.0,20115.25,20110.5,20113.5,81.0
2025-03-27 09:36:00+00:00,20113.0,20115.5,20112.25,20115.0,35.0
2025-03-27 09:37:00+00:00,20111.75,20114.75,20111.25,20114.5,49.0
2025-03-27 09:38:00+00:00,20102.5,20112.25,20100.75,20111.75,171.0
2025-03-27 09:39:00+00:00,20103.75,20104.75,20099.25,20101.75,84.0
2025-03-27 09:40:00+00:00,20098.75,20103.0,20098.0,20103.0,121.0
2025-03-27 09:41:00+00:00,20104.25,20104.25,20096.25,20099.0,84.0
2025-03-27 09:42:00+00:00,20099.75,20108.25,20099.25,20105.0,122.0
2025-03-27 09:43:00+00:00,20103.25,20104.0,20098.0,20099.5,53.0
2025-03-27 09:44:00+00:00,20106.5,20107.75,20103.75,20104.75,54.0
2025-03-27 09:45:00+00:00,20112.5,20112.5,20106.5,20106.5,96.0
2025-03-27 09:46:00+00:00,20115.0,20116.75,20112.5,20112.5,129.0
2025-03-27 09:47:00+00:00,20113.5,20116.5,20113.0,20115.0,62.0
2025-03-27 09:48:00+00:00,20115.5,20117.0,20112.25,20113.75,59.0
2025-03-27 09:49:00+00:00,20119.75,20122.25,20116.25,20116.25,188.0
2025-03-27 09:50:00+00:00,20123.25,20124.25,20117.75,20119.0,100.0
2025-03-27 09:51:00+00:00,20125.5,20129.25,20122.25,20123.25,225.0
2025-03-27 09:52:00+00:00,20120.75,20126.5,20120.5,20126.25,96.0
2025-03-27 09:53:00+00:00,20118.0,20121.0,20116.5,20120.75,115.0
2025-03-27 09:54:00+00:00,20114.5,20122.0,20113.75,20118.75,122.0
2025-03-27 09:55:00+00:00,20114.5,20117.0,20114.5,20115.25,91.0
2025-03-27 09:56:00+00:00,20114.25,20119.0,20112.25,20114.5,99.0
2025-03-27 09:57:00+00:00,20116.5,20119.0,20115.0,20115.5,56.0
2025-03-27 09:58:00+00:00,20119.25,20119.25,20115.25,20117.0,38.0
2025-03-27 09:59:00+00:00,20116.25,20119.0,20114.5,20119.0,32.0
2025-03-27 10:00:00+00:00,20116.0,20121.75,20116.0,20117.25,90.0
2025-03-27 10:01:00+00:00,20112.5,20116.25,20111.25,20116.0,96.0
2025-03-27 10:02:00+00:00,20114.0,20114.5,20110.5,20113.0,41.0
2025-03-27 10:03:00+00:00,20130.0,20132.0,20114.75,20114.75,346.0
2025-03-27 10:04:00+00:00,20135.75,20136.5,20128.25,20131.75,176.0
2025-03-27 10:05:00+00:00,20135.5,20138.5,20132.25,20135.0,114.0
2025-03-27 10:06:00+00:00,20135.25,20138.0,20131.0,20136.0,120.0
2025-03-27 10:07:00+00:00,20134.0,20136.0,20132.5,20135.5,58.0
2025-03-27 10:08:00+00:00,20129.5,20133.5,20129.0,20132.25,137.0
2025-03-27 10:09:00+00:00,20128.75,20132.0,20126.75,20130.0,121.0
2025-03-27 10:10:00+00:00,20123.0,20129.5,20122.0,20128.75,97.0
2025-03-27 10:11:00+00:00,20133.0,20134.0,20124.0,20124.0,150.0
2025-03-27 10:12:00+00:00,20132.75,20133.5,20131.25,20133.0,57.0
2025-03-27 10:13:00+00:00,20129.0,20131.5,20127.75,20131.0,29.0
2025-03-27 10:14:00+00:00,20125.75,20129.25,20124.75,20129.25,48.0
2025-03-27 10:15:00+00:00,20123.75,20126.25,20117.25,20126.25,171.0
2025-03-27 10:16:00+00:00,20125.0,20126.75,20118.75,20124.0,191.0
2025-03-27 10:17:00+00:00,20122.5,20128.25,20120.75,20124.0,58.0
2025-03-27 10:18:00+00:00,20118.5,20122.25,20114.5,20122.0,98.0
2025-03-27 10:19:00+00:00,20116.5,20121.75,20114.75,20119.25,57.0
2025-03-27 10:20:00+00:00,20116.0,20118.0,20112.5,20115.75,89.0
2025-03-27 10:21:00+00:00,20115.5,20122.0,20114.75,20116.75,129.0
2025-03-27 10:22:00+00:00,20109.25,20117.5,20108.75,20115.75,81.0
2025-03-27 10:23:00+00:00,20107.75,20111.75,20104.5,20109.5,196.0
2025-03-27 10:24:00+00:00,20115.5,20116.25,20107.0,20108.0,91.0
2025-03-27 10:25:00+00:00,20115.25,20118.0,20112.5,20115.75,90.0
2025-03-27 10:26:00+00:00,20114.0,20118.75,20114.0,20115.5,58.0
2025-03-27 10:27:00+00:00,20114.5,20117.75,20114.0,20114.0,32.0
2025-03-27 10:28:00+00:00,20113.0,20117.75,20113.0,20114.5,38.0
2025-03-27 10:29:00+00:00,20113.25,20113.75,20108.75,20113.0,82.0
2025-03-27 10:30:00+00:00,20115.0,20118.5,20111.5,20113.25,66.0
2025-03-27 10:31:00+00:00,20114.75,20117.5,20114.0,20114.25,38.0
2025-03-27 10:32:00+00:00,20113.0,20118.25,20112.75,20116.0,39.0
2025-03-27 10:33:00+00:00,20110.75,20115.0,20108.5,20112.5,163.0
2025-03-27 10:34:00+00:00,20118.75,20119.0,20110.0,20110.75,175.0
2025-03-27 10:35:00+00:00,20118.5,20120.0,20117.5,20118.5,101.0
2025-03-27 10:36:00+00:00,20117.5,20120.25,20116.75,20118.75,71.0
2025-03-27 10:37:00+00:00,20119.25,20119.5,20117.0,20117.25,30.0
2025-03-27 10:38:00+00:00,20112.75,20120.25,20111.25,20119.25,91.0
2025-03-27 10:39:00+00:00,20105.25,20113.5,20105.25,20112.5,86.0
2025-03-27 10:40:00+00:00,20104.75,20108.25,20100.5,20103.75,186.0
2025-03-27 10:41:00+00:00,20105.25,20108.0,20104.75,20105.5,54.0
2025-03-27 10:42:00+00:00,20106.0,20109.5,20106.0,20106.5,53.0
2025-03-27 10:43:00+00:00,20106.5,20108.5,20106.0,20106.0,29.0
2025-03-27 10:44:00+00:00,20105.0,20109.0,20105.0,20106.0,27.0
2025-03-27 10:45:00+00:00,20106.5,20107.5,20101.0,20105.25,95.0
2025-03-27 10:46:00+00:00,20099.25,20109.75,20099.25,20107.25,155.0
2025-03-27 10:47:00+00:00,20098.25,20100.25,20092.5,20099.5,168.0
2025-03-27 10:48:00+00:00,20096.75,20100.0,20096.5,20096.75,61.0
2025-03-27 10:49:00+00:00,20096.75,20101.0,20094.0,20097.75,131.0
2025-03-27 10:50:00+00:00,20094.0,20100.25,20092.0,20097.0,164.0
2025-03-27 10:51:00+00:00,20095.0,20099.5,20091.75,20094.0,129.0
2025-03-27 10:52:00+00:00,20089.5,20095.0,20086.75,20094.5,191.0
2025-03-27 10:53:00+00:00,20087.5,20092.0,20085.5,20087.75,168.0
2025-03-27 10:54:00+00:00,20086.75,20091.25,20085.75,20087.5,83.0
2025-03-27 10:55:00+00:00,20080.0,20087.5,20077.75,20086.75,574.0
2025-03-27 10:56:00+00:00,20075.5,20082.0,20073.0,20079.75,308.0
2025-03-27 10:57:00+00:00,20077.25,20080.75,20073.75,20075.25,152.0
2025-03-27 10:58:00+00:00,20081.5,20081.75,20073.0,20075.5,172.0
2025-03-27 10:59:00+00:00,20075.5,20082.75,20073.75,20081.0,164.0
2025-03-27 11:00:00+00:00,20072.75,20077.5,20061.75,20074.75,467.0
2025-03-27 11:01:00+00:00,20079.0,20080.25,20071.0,20073.75,171.0
2025-03-27 11:02:00+00:00,20071.25,20079.0,20068.25,20078.75,140.0
2025-03-27 11:03:00+00:00,20076.75,20076.75,20068.75,20073.0,139.0
2025-03-27 11:04:00+00:00,20084.0,20088.75,20077.25,20081.25,188.0
2025-03-27 11:05:00+00:00,20087.5,20091.0,20081.75,20083.5,263.0
2025-03-27 11:06:00+00:00,20090.5,20091.5,20088.0,20088.0,81.0
2025-03-27 11:07:00+00:00,20094.75,20096.25,20091.0,20091.5,147.0
2025-03-27 11:08:00+00:00,20093.75,20097.0,20092.5,20094.75,112.0
2025-03-27 11:09:00+00:00,20096.0,20097.0,20092.75,20093.25,65.0
2025-03-27 11:10:00+00:00,20085.75,20096.75,20083.0,20094.5,314.0
2025-03-27 11:11:00+00:00,20081.75,20085.75,20078.25,20085.5,134.0
2025-03-27 11:12:00+00:00,20070.75,20083.0,20067.25,20081.75,209.0
2025-03-27 11:13:00+00:00,20066.75,20073.75,20065.0,20070.25,162.0
2025-03-27 11:14:00+00:00,20067.75,20071.0,20058.25,20066.25,300.0
2025-03-27 11:15:00+00:00,20069.75,20072.5,20066.5,20066.75,98.0
2025-03-27 11:16:00+00:00,20066.0,20076.5,20066.0,20069.0,142.0
2025-03-27 11:17:00+00:00,20061.0,20066.0,20057.5,20066.0,163.0
2025-03-27 11:18:00+00:00,20066.25,20071.25,20060.0,20060.5,101.0
2025-03-27 11:19:00+00:00,20066.25,20066.25,20060.5,20065.0,135.0
2025-03-27 11:20:00+00:00,20060.75,20068.0,20059.25,20066.0,127.0
2025-03-27 11:21:00+00:00,20054.75,20061.5,20053.0,20060.0,236.0
2025-03-27 11:22:00+00:00,20051.0,20055.5,20047.75,20054.25,303.0
2025-03-27 11:23:00+00:00,20049.25,20056.25,20048.0,20053.25,160.0
2025-03-27 11:24:00+00:00,20052.25,20053.0,20046.75,20050.0,237.0
2025-03-27 11:25:00+00:00,20053.25,20054.75,20048.75,20052.5,114.0
2025-03-27 11:26:00+00:00,20046.0,20053.5,20040.5,20053.5,298.0
2025-03-27 11:27:00+00:00,20043.25,20048.5,20040.25,20046.25,169.0
2025-03-27 11:28:00+00:00,20034.25,20042.75,20031.0,20042.5,342.0
2025-03-27 11:29:00+00:00,20035.75,20042.25,20033.0,20035.75,255.0
2025-03-27 11:30:00+00:00,20039.5,20045.5,20036.0,20036.0,284.0
2025-03-27 11:31:00+00:00,20046.25,20047.25,20037.25,20037.75,109.0
2025-03-27 11:32:00+00:00,20043.0,20050.25,20043.0,20047.0,138.0
2025-03-27 11:33:00+00:00,20046.0,20047.25,20041.25,20044.0,101.0
2025-03-27 11:34:00+00:00,20045.5,20048.75,20039.0,20047.0,155.0
2025-03-27 11:35:00+00:00,20062.5,20063.5,20044.75,20046.5,339.0
2025-03-27 11:36:00+00:00,20066.75,20067.0,20061.25,20062.0,367.0
2025-03-27 11:37:00+00:00,20064.5,20067.25,20063.75,20067.25,150.0
2025-03-27 11:38:00+00:00,20070.75,20071.5,20064.5,20064.5,161.0
2025-03-27 11:39:00+00:00,20071.25,20072.0,20068.0,20071.0,92.0
2025-03-27 11:40:00+00:00,20063.5,20072.25,20061.75,20071.25,257.0
2025-03-27 11:41:00+00:00,20062.5,20065.0,20058.5,20062.75,178.0
2025-03-27 11:42:00+00:00,20057.75,20064.25,20054.75,20062.25,184.0
2025-03-27 11:43:00+00:00,20071.25,20072.75,20057.5,20057.5,401.0
2025-03-27 11:44:00+00:00,20069.25,20072.75,20068.5,20071.75,108.0
2025-03-27 11:45:00+00:00,20075.5,20076.75,20067.25,20068.25,180.0
2025-03-27 11:46:00+00:00,20076.0,20081.25,20075.25,20076.25,189.0
2025-03-27 11:47:00+00:00,20078.25,20078.75,20073.25,20075.5,86.0
2025-03-27 11:48:00+00:00,20078.25,20079.75,20077.25,20078.5,97.0
2025-03-27 11:49:00+00:00,20079.0,20081.0,20076.75,20078.0,131.0
2025-03-27 11:50:00+00:00,20078.5,20082.25,20077.75,20078.5,113.0
2025-03-27 11:51:00+00:00,20079.0,20080.0,20075.0,20078.0,161.0
2025-03-27 11:52:00+00:00,20074.5,20080.25,20072.75,20079.75,111.0
2025-03-27 11:53:00+00:00,20072.75,20076.0,20070.5,20073.75,147.0
2025-03-27 11:54:00+00:00,20073.5,20076.75,20071.5,20072.25,128.0
2025-03-27 11:55:00+00:00,20080.25,20081.25,20073.75,20073.75,119.0
2025-03-27 11:56:00+00:00,20087.5,20088.5,20080.25,20080.5,194.0
2025-03-27 11:57:00+00:00,20089.5,20093.0,20087.0,20087.0,250.0
2025-03-27 11:58:00+00:00,20093.25,20094.75,20088.75,20089.25,168.0
2025-03-27 11:59:00+00:00,20090.25,20094.25,20088.0,20093.25,115.0
2025-03-27 12:00:00+00:00,20085.75,20091.25,20080.0,20087.5,314.0
2025-03-27 12:01:00+00:00,20082.5,20086.75,20081.25,20085.25,135.0
2025-03-27 12:02:00+00:00,20081.0,20087.0,20079.5,20084.25,82.0
2025-03-27 12:03:00+00:00,20072.5,20080.5,20072.5,20080.5,258.0
2025-03-27 12:04:00+00:00,20070.0,20076.75,20068.75,20073.0,279.0
2025-03-27 12:05:00+00:00,20067.75,20074.75,20065.75,20070.25,225.0
2025-03-27 12:06:00+00:00,20057.25,20068.0,20054.0,20066.75,361.0
2025-03-27 12:07:00+00:00,20057.25,20062.75,20055.25,20057.0,229.0
2025-03-27 12:08:00+00:00,20063.75,20065.25,20054.75,20056.5,170.0
2025-03-27 12:09:00+00:00,20067.0,20070.5,20064.25,20064.75,160.0
2025-03-27 12:10:00+00:00,20072.5,20073.5,20067.25,20067.75,153.0
2025-03-27 12:11:00+00:00,20065.5,20075.75,20065.25,20075.75,332.0
2025-03-27 12:12:00+00:00,20068.5,20069.75,20060.25,20064.75,179.0
2025-03-27 12:13:00+00:00,20067.5,20069.0,20064.5,20069.0,67.0
2025-03-27 12:14:00+00:00,20067.75,20073.0,20066.75,20066.75,69.0
2025-03-27 12:15:00+00:00,20070.25,20072.25,20066.25,20066.75,78.0
2025-03-27 12:16:00+00:00,20067.25,20070.5,20066.0,20070.5,68.0
2025-03-27 12:17:00+00:00,20064.5,20070.75,20064.0,20068.25,421.0
2025-03-27 12:18:00+00:00,20067.75,20067.75,20060.25,20064.25,143.0
2025-03-27 12:19:00+00:00,20066.0,20067.25,20062.0,20066.75,106.0
2025-03-27 12:20:00+00:00,20062.25,20066.0,20060.5,20065.5,214.0
2025-03-27 12:21:00+00:00,20060.0,20065.5,20058.0,20062.0,137.0
2025-03-27 12:22:00+00:00,20053.75,20062.5,20053.25,20061.25,189.0
2025-03-27 12:23:00+00:00,20061.75,20062.75,20050.25,20053.75,362.0
2025-03-27 12:24:00+00:00,20061.75,20062.5,20058.25,20060.75,88.0
2025-03-27 12:25:00+00:00,20065.25,20066.75,20061.5,20061.75,135.0
2025-03-27 12:26:00+00:00,20056.0,20065.0,20056.0,20065.0,136.0
2025-03-27 12:27:00+00:00,20050.5,20055.25,20049.5,20055.25,241.0
2025-03-27 12:28:00+00:00,20053.25,20057.25,20051.25,20051.75,156.0
2025-03-27 12:29:00+00:00,20056.5,20056.5,20050.5,20053.5,194.0
2025-03-27 12:30:00+00:00,20081.0,20083.5,20051.5,20055.0,1059.0
2025-03-27 12:31:00+00:00,20090.5,20098.75,20081.25,20086.0,876.0
2025-03-27 12:32:00+00:00,20094.25,20099.25,20083.5,20090.5,504.0
2025-03-27 12:33:00+00:00,20084.0,20099.25,20083.75,20094.25,360.0
2025-03-27 12:34:00+00:00,20078.25,20086.25,20071.25,20083.75,516.0
2025-03-27 12:35:00+00:00,20097.75,20099.0,20076.5,20079.25,474.0
2025-03-27 12:36:00+00:00,20098.75,20104.0,20096.5,20097.5,542.0
2025-03-27 12:37:00+00:00,20098.5,20105.25,20096.25,20099.0,336.0
2025-03-27 12:38:00+00:00,20099.75,20100.25,20091.25,20097.5,309.0
2025-03-27 12:39:00+00:00,20090.75,20099.0,20086.5,20099.0,280.0
2025-03-27 12:40:00+00:00,20087.0,20094.0,20086.5,20092.75,216.0
2025-03-27 12:41:00+00:00,20076.75,20091.25,20073.5,20088.0,502.0
2025-03-27 12:42:00+00:00,20086.5,20088.25,20072.75,20077.5,662.0
2025-03-27 12:43:00+00:00,20085.25,20093.0,20084.75,20086.0,281.0
2025-03-27 12:44:00+00:00,20077.25,20086.25,20074.0,20085.75,300.0
2025-03-27 12:45:00+00:00,20078.5,20086.0,20072.5,20079.0,330.0
2025-03-27 12:46:00+00:00,20074.5,20079.0,20073.0,20079.0,112.0
2025-03-27 12:47:00+00:00,20069.75,20076.25,20065.0,20074.0,760.0
2025-03-27 12:48:00+00:00,20065.5,20077.5,20063.5,20070.75,497.0
2025-03-27 12:49:00+00:00,20070.75,20072.0,20061.25,20065.25,342.0
2025-03-27 12:50:00+00:00,20068.5,20072.25,20062.75,20071.0,355.0
2025-03-27 12:51:00+00:00,20061.75,20070.75,20057.5,20068.75,413.0
2025-03-27 12:52:00+00:00,20061.5,20069.0,20058.75,20061.5,385.0
2025-03-27 12:53:00+00:00,20066.0,20068.0,20057.25,20061.0,283.0
2025-03-27 12:54:00+00:00,20066.75,20069.25,20064.75,20066.25,318.0
2025-03-27 12:55:00+00:00,20070.5,20073.25,20065.5,20068.5,289.0
2025-03-27 12:56:00+00:00,20065.75,20071.0,20062.5,20069.75,163.0
2025-03-27 12:57:00+00:00,20071.25,20072.5,20060.75,20065.5,282.0
2025-03-27 12:58:00+00:00,20068.25,20073.25,20067.0,20072.25,195.0
2025-03-27 12:59:00+00:00,20066.25,20073.0,20065.0,20068.75,275.0
2025-03-27 13:00:00+00:00,20066.25,20068.75,20058.0,20068.25,477.0
2025-03-27 13:01:00+00:00,20068.5,20076.0,20064.0,20066.5,537.0
2025-03-27 13:02:00+00:00,20061.75,20068.5,20060.0,20068.25,458.0
2025-03-27 13:03:00+00:00,20061.0,20064.0,20057.5,20061.25,375.0
2025-03-27 13:04:00+00:00,20068.75,20069.0,20056.0,20059.5,333.0
2025-03-27 13:05:00+00:00,20067.5,20073.75,20062.5,20068.5,267.0
2025-03-27 13:06:00+00:00,20074.0,20075.25,20061.25,20067.25,380.0
2025-03-27 13:07:00+00:00,20079.5,20080.75,20074.0,20074.0,377.0
2025-03-27 13:08:00+00:00,20071.75,20081.75,20071.25,20080.75,292.0
2025-03-27 13:09:00+00:00,20068.75,20074.25,20067.75,20071.75,328.0
2025-03-27 13:10:00+00:00,20067.0,20072.5,20066.25,20068.75,175.0
2025-03-27 13:11:00+00:00,20064.0,20068.25,20062.25,20066.75,302.0
2025-03-27 13:12:00+00:00,20063.75,20066.25,20061.25,20064.0,165.0
2025-03-27 13:13:00+00:00,20062.25,20066.75,20059.75,20062.25,267.0
2025-03-27 13:14:00+00:00,20055.5,20061.0,20053.25,20060.75,348.0
2025-03-27 13:15:00+00:00,20054.25,20059.5,20051.25,20053.75,355.0
2025-03-27 13:16:00+00:00,20053.0,20057.25,20052.25,20055.75,235.0
2025-03-27 13:17:00+00:00,20047.5,20054.25,20045.75,20053.5,338.0
2025-03-27 13:18:00+00:00,20048.25,20050.5,20042.5,20047.25,434.0
2025-03-27 13:19:00+00:00,20050.25,20051.75,20045.75,20049.0,252.0
2025-03-27 13:20:00+00:00,20046.75,20050.25,20042.5,20050.0,359.0
2025-03-27 13:21:00+00:00,20042.25,20047.5,20041.0,20047.0,302.0
2025-03-27 13:22:00+00:00,20042.75,20049.75,20040.5,20041.5,335.0
2025-03-27 13:23:00+00:00,20040.0,20043.25,20035.0,20042.5,525.0
2025-03-27 13:24:00+00:00,20034.5,20043.5,20033.5,20039.75,345.0
2025-03-27 13:25:00+00:00,20029.0,20036.25,20026.5,20035.25,924.0
2025-03-27 13:26:00+00:00,20017.75,20028.75,20016.5,20028.0,751.0
2025-03-27 13:27:00+00:00,20023.25,20023.25,20011.5,20017.75,987.0
2025-03-27 13:28:00+00:00,20024.0,20031.5,20020.75,20027.75,1203.0
2025-03-27 13:29:00+00:00,20027.5,20031.0,20023.25,20023.5,931.0
2025-03-27 13:30:00+00:00,20044.5,20044.75,20004.75,20027.75,4660.0
2025-03-27 13:31:00+00:00,20049.0,20072.0,20029.5,20043.25,3922.0
2025-03-27 13:32:00+00:00,20003.75,20053.0,19999.0,20048.5,4228.0
2025-03-27 13:33:00+00:00,19980.25,20002.75,19977.5,20002.75,4122.0
2025-03-27 13:34:00+00:00,19997.0,20008.0,19976.75,19977.75,3135.0
2025-03-27 13:35:00+00:00,19989.75,20004.5,19974.0,19998.25,3649.0
2025-03-27 13:36:00+00:00,19966.5,20004.0,19963.5,19990.0,3059.0
2025-03-27 13:37:00+00:00,19954.25,19970.5,19952.25,19963.5,3288.0
2025-03-27 13:38:00+00:00,19960.25,19969.0,19944.25,19953.5,3005.0
2025-03-27 13:39:00+00:00,19951.5,19966.5,19947.75,19961.0,2082.0
2025-03-27 13:40:00+00:00,19961.75,19962.25,19939.5,19949.75,2818.0
2025-03-27 13:41:00+00:00,19948.5,19964.25,19937.25,19961.5,2562.0
2025-03-27 13:42:00+00:00,19947.75,19962.75,19939.5,19948.0,2185.0
2025-03-27 13:43:00+00:00,19969.5,19970.0,19942.75,19947.5,1989.0
2025-03-27 13:44:00+00:00,19979.75,19981.5,19959.25,19970.5,2630.0
2025-03-27 13:45:00+00:00,19989.25,19997.25,19979.0,19979.75,3190.0
2025-03-27 13:46:00+00:00,19983.0,20007.5,19974.5,19990.75,3237.0
2025-03-27 13:47:00+00:00,19978.0,19990.25,19967.5,19984.25,2053.0
2025-03-27 13:48:00+00:00,19983.75,19986.5,19960.75,19978.5,1928.0
2025-03-27 13:49:00+00:00,20013.75,20024.75,19982.5,19984.75,3078.0
2025-03-27 13:50:00+00:00,20027.5,20035.0,20009.75,20017.75,3518.0
2025-03-27 13:51:00+00:00,20017.75,20038.25,20016.5,20027.0,2381.0
2025-03-27 13:52:00+00:00,20018.5,20027.75,20007.5,20015.75,2133.0
2025-03-27 13:53:00+00:00,20026.0,20028.75,20000.25,20019.25,2037.0
2025-03-27 13:54:00+00:00,20065.5,20079.25,20023.0,20025.75,4722.0
2025-03-27 13:55:00+00:00,20077.0,20091.0,20062.75,20067.75,3451.0
2025-03-27 13:56:00+00:00,20081.5,20089.25,20065.75,20078.25,2399.0
2025-03-27 13:57:00+00:00,20076.0,20083.0,20066.0,20078.75,1754.0
2025-03-27 13:58:00+00:00,20074.75,20087.5,20064.5,20073.75,1937.0
2025-03-27 13:59:00+00:00,20077.25,20081.25,20069.0,20074.25,1232.0
2025-03-27 14:00:00+00:00,20098.0,20101.25,20066.75,20074.0,3233.0
2025-03-27 14:01:00+00:00,20081.5,20102.75,20077.5,20097.25,1955.0
2025-03-27 14:02:00+00:00,20087.25,20100.0,20073.5,20083.5,1843.0
2025-03-27 14:03:00+00:00,20072.5,20093.0,20072.25,20086.0,1495.0
2025-03-27 14:04:00+00:00,20078.25,20088.5,20072.0,20073.25,1399.0
2025-03-27 14:05:00+00:00,20083.5,20092.5,20075.75,20081.25,1492.0
2025-03-27 14:06:00+00:00,20091.75,20094.0,20072.0,20082.0,1527.0
2025-03-27 14:07:00+00:00,20072.75,20093.0,20059.25,20089.0,2351.0
2025-03-27 14:08:00+00:00,20042.5,20072.5,20042.25,20072.25,2621.0
2025-03-27 14:09:00+00:00,20058.0,20064.0,20038.75,20042.0,2157.0
2025-03-27 14:10:00+00:00,20034.0,20060.5,20027.75,20060.25,2002.0
2025-03-27 14:11:00+00:00,20051.75,20058.0,20031.75,20033.75,1785.0
2025-03-27 14:12:00+00:00,20063.0,20066.5,20045.5,20049.5,1553.0
2025-03-27 14:13:00+00:00,20086.25,20087.0,20063.75,20067.75,2190.0
2025-03-27 14:14:00+00:00,20089.75,20096.75,20081.25,20086.0,2018.0
2025-03-27 14:15:00+00:00,20073.0,20095.0,20066.75,20087.75,1876.0
2025-03-27 14:16:00+00:00,20068.25,20079.0,20064.25,20072.0,1279.0
2025-03-27 14:17:00+00:00,20081.0,20083.0,20060.5,20069.75,1697.0
2025-03-27 14:18:00+00:00,20070.5,20087.25,20068.0,20081.75,1214.0
2025-03-27 14:19:00+00:00,20087.5,20096.0,20070.5,20075.25,1573.0
2025-03-27 14:20:00+00:00,20056.5,20095.75,20054.25,20088.25,2045.0
2025-03-27 14:21:00+00:00,20058.5,20065.0,20051.25,20052.0,1290.0
2025-03-27 14:22:00+00:00,20052.5,20068.5,20052.0,20059.25,959.0
2025-03-27 14:23:00+00:00,20050.5,20059.0,20047.75,20053.5,1013.0
2025-03-27 14:24:00+00:00,20065.5,20069.75,20048.25,20050.75,1122.0
2025-03-27 14:25:00+00:00,20081.75,20087.5,20060.25,20067.75,1474.0
2025-03-27 14:26:00+00:00,20080.75,20085.0,20074.25,20082.0,898.0
2025-03-27 14:27:00+00:00,20083.25,20091.5,20076.5,20079.75,1258.0
2025-03-27 14:28:00+00:00,20099.25,20101.25,20080.0,20083.75,1385.0
2025-03-27 14:29:00+00:00,20120.75,20122.0,20097.25,20098.5,3478.0
2025-03-27 14:30:00+00:00,20116.75,20130.25,20111.5,20120.75,2284.0
2025-03-27 14:31:00+00:00,20110.5,20127.0,20106.5,20116.0,1883.0
2025-03-27 14:32:00+00:00,20126.5,20129.0,20108.0,20110.0,1629.0
2025-03-27 14:33:00+00:00,20120.25,20132.0,20117.25,20127.5,1258.0
2025-03-27 14:34:00+00:00,20128.5,20132.5,20119.5,20120.5,1091.0
2025-03-27 14:35:00+00:00,20133.0,20135.5,20124.5,20128.75,1032.0
2025-03-27 14:36:00+00:00,20126.5,20135.75,20125.5,20128.25,1486.0
2025-03-27 14:37:00+00:00,20149.25,20149.75,20125.0,20126.75,1944.0
2025-03-27 14:38:00+00:00,20165.75,20168.75,20149.5,20149.5,2690.0
2025-03-27 14:39:00+00:00,20151.0,20166.5,20150.0,20165.5,1957.0
2025-03-27 14:40:00+00:00,20155.25,20156.75,20140.0,20150.75,1606.0
2025-03-27 14:41:00+00:00,20159.0,20162.5,20148.5,20156.25,1540.0
2025-03-27 14:42:00+00:00,20160.5,20168.25,20155.5,20159.5,1016.0
2025-03-27 14:43:00+00:00,20158.75,20171.25,20158.75,20162.5,963.0
2025-03-27 14:44:00+00:00,20159.25,20160.75,20152.25,20158.75,997.0
2025-03-27 14:45:00+00:00,20162.75,20167.75,20153.5,20158.75,954.0
2025-03-27 14:46:00+00:00,20163.5,20166.25,20156.25,20163.25,672.0
2025-03-27 14:47:00+00:00,20155.25,20167.75,20153.75,20162.75,960.0
2025-03-27 14:48:00+00:00,20153.25,20157.75,20148.0,20156.25,1253.0
2025-03-27 14:49:00+00:00,20143.0,20159.25,20140.25,20156.25,1265.0
2025-03-27 14:50:00+00:00,20134.0,20154.5,20133.5,20143.5,1237.0
2025-03-27 14:51:00+00:00,20153.5,20154.0,20130.0,20134.0,1133.0
2025-03-27 14:52:00+00:00,20159.25,20162.0,20150.0,20154.0,871.0
2025-03-27 14:53:00+00:00,20178.0,20182.25,20157.5,20160.0,2028.0
2025-03-27 14:54:00+00:00,20184.5,20185.25,20172.25,20177.75,1410.0
2025-03-27 14:55:00+00:00,20193.75,20194.25,20181.0,20184.5,1324.0
2025-03-27 14:56:00+00:00,20177.5,20199.5,20172.0,20194.5,2035.0
2025-03-27 14:57:00+00:00,20177.75,20181.75,20173.5,20177.25,750.0
2025-03-27 14:58:00+00:00,20175.0,20179.5,20170.5,20177.75,773.0
2025-03-27 14:59:00+00:00,20188.5,20190.5,20173.0,20173.5,838.0
2025-03-27 15:00:00+00:00,20190.25,20193.75,20180.5,20189.75,1357.0
2025-03-27 15:01:00+00:00,20181.5,20193.5,20177.0,20189.5,911.0
2025-03-27 15:02:00+00:00,20173.25,20184.5,20172.75,20182.0,777.0
2025-03-27 15:03:00+00:00,20169.75,20177.25,20164.0,20174.0,964.0
2025-03-27 15:04:00+00:00,20173.0,20175.0,20165.5,20169.75,673.0
2025-03-27 15:05:00+00:00,20172.75,20180.25,20166.5,20172.5,816.0
2025-03-27 15:06:00+00:00,20182.25,20184.75,20171.5,20173.0,704.0
2025-03-27 15:07:00+00:00,20176.0,20183.75,20170.0,20181.5,791.0
2025-03-27 15:08:00+00:00,20156.75,20177.0,20154.25,20176.0,1374.0
2025-03-27 15:09:00+00:00,20149.0,20157.0,20148.0,20157.0,1187.0
2025-03-27 15:10:00+00:00,20171.75,20176.0,20144.75,20150.25,1821.0
2025-03-27 15:11:00+00:00,20166.0,20174.0,20155.0,20171.75,1486.0
2025-03-27 15:12:00+00:00,20164.75,20170.75,20156.25,20167.5,753.0
2025-03-27 15:13:00+00:00,20157.75,20166.0,20155.5,20164.75,529.0
2025-03-27 15:14:00+00:00,20164.25,20166.0,20156.75,20160.5,428.0
2025-03-27 15:15:00+00:00,20153.5,20163.75,20146.0,20163.75,957.0
2025-03-27 15:16:00+00:00,20143.5,20157.0,20143.0,20153.25,899.0
2025-03-27 15:17:00+00:00,20153.75,20154.5,20140.25,20141.0,941.0
2025-03-27 15:18:00+00:00,20157.25,20161.75,20151.75,20152.75,784.0
2025-03-27 15:19:00+00:00,20165.0,20169.5,20155.75,20157.5,800.0
2025-03-27 15:20:00+00:00,20144.5,20167.0,20142.5,20163.25,1088.0
2025-03-27 15:21:00+00:00,20156.5,20157.0,20141.0,20142.5,800.0
2025-03-27 15:22:00+00:00,20143.75,20157.25,20138.75,20157.0,698.0
2025-03-27 15:23:00+00:00,20154.5,20156.75,20143.25,20144.25,1065.0
2025-03-27 15:24:00+00:00,20159.0,20160.0,20154.25,20154.5,607.0
2025-03-27 15:25:00+00:00,20162.25,20164.5,20149.0,20157.0,912.0
2025-03-27 15:26:00+00:00,20156.75,20166.75,20153.75,20161.25,601.0
2025-03-27 15:27:00+00:00,20149.75,20159.5,20146.5,20156.75,645.0
2025-03-27 15:28:00+00:00,20146.25,20153.75,20142.75,20149.25,771.0
2025-03-27 15:29:00+00:00,20133.75,20147.75,20131.0,20145.75,1397.0
2025-03-27 15:30:00+00:00,20108.0,20135.25,20105.5,20133.75,2951.0
2025-03-27 15:31:00+00:00,20107.0,20120.5,20104.0,20108.25,1646.0
2025-03-27 15:32:00+00:00,20110.5,20112.0,20098.5,20109.0,1410.0
2025-03-27 15:33:00+00:00,20101.0,20112.75,20093.75,20108.75,1596.0
2025-03-27 15:34:00+00:00,20096.0,20101.25,20091.25,20100.25,1291.0
2025-03-27 15:35:00+00:00,20105.75,20109.0,20095.0,20096.25,1060.0
2025-03-27 15:36:00+00:00,20100.5,20107.0,20092.5,20105.25,1064.0
2025-03-27 15:37:00+00:00,20093.0,20103.0,20085.5,20100.0,1399.0
2025-03-27 15:38:00+00:00,20080.0,20096.0,20080.0,20092.75,1238.0
2025-03-27 15:39:00+00:00,20085.25,20086.5,20073.25,20079.5,1605.0
2025-03-27 15:40:00+00:00,20073.5,20089.5,20071.5,20084.25,1286.0
2025-03-27 15:41:00+00:00,20062.5,20074.75,20060.5,20073.25,1595.0
2025-03-27 15:42:00+00:00,20077.5,20084.0,20059.5,20060.75,1518.0
2025-03-27 15:43:00+00:00,20073.75,20082.75,20071.0,20079.0,745.0
2025-03-27 15:44:00+00:00,20074.25,20079.5,20063.25,20073.25,1381.0
2025-03-27 15:45:00+00:00,20066.75,20079.5,20062.75,20075.25,1199.0
2025-03-27 15:46:00+00:00,20063.0,20073.25,20060.25,20067.75,770.0
2025-03-27 15:47:00+00:00,20056.5,20066.25,20049.0,20062.5,1719.0
2025-03-27 15:48:00+00:00,20056.5,20064.0,20049.5,20059.25,1227.0
2025-03-27 15:49:00+00:00,20054.75,20060.25,20048.5,20059.5,1053.0
2025-03-27 15:50:00+00:00,20071.5,20074.5,20054.0,20054.0,1400.0
2025-03-27 15:51:00+00:00,20079.5,20082.0,20072.0,20072.25,1380.0
2025-03-27 15:52:00+00:00,20064.75,20083.0,20062.0,20080.0,1432.0
2025-03-27 15:53:00+00:00,20072.0,20080.5,20066.0,20067.25,876.0
2025-03-27 15:54:00+00:00,20080.75,20081.0,20069.0,20072.25,575.0
2025-03-27 15:55:00+00:00,20075.75,20082.0,20069.25,20081.0,684.0
2025-03-27 15:56:00+00:00,20069.5,20076.25,20063.0,20075.75,635.0
2025-03-27 15:57:00+00:00,20062.5,20073.5,20061.0,20068.0,606.0
2025-03-27 15:58:00+00:00,20047.5,20063.5,20046.5,20063.5,1385.0
2025-03-27 15:59:00+00:00,20047.25,20052.0,20040.5,20047.0,1135.0
2025-03-27 16:00:00+00:00,20056.0,20058.25,20039.0,20048.5,1746.0
2025-03-27 16:01:00+00:00,20057.75,20063.0,20045.0,20056.75,1173.0
2025-03-27 16:02:00+00:00,20059.5,20061.0,20046.75,20058.5,802.0
2025-03-27 16:03:00+00:00,20068.25,20072.5,20059.25,20060.0,1179.0
2025-03-27 16:04:00+00:00,20069.75,20075.5,20066.75,20069.25,761.0
2025-03-27 16:05:00+00:00,20065.25,20075.5,20063.0,20069.0,891.0
2025-03-27 16:06:00+00:00,20091.75,20093.5,20064.5,20065.25,1550.0
2025-03-27 16:07:00+00:00,20085.0,20100.75,20082.25,20088.75,1566.0
2025-03-27 16:08:00+00:00,20085.5,20087.0,20074.75,20082.0,932.0
2025-03-27 16:09:00+00:00,20101.0,20103.75,20084.25,20084.25,1223.0
2025-03-27 16:10:00+00:00,20085.0,20103.0,20079.0,20101.75,1174.0
2025-03-27 16:11:00+00:00,20090.5,20094.75,20080.5,20083.75,664.0
2025-03-27 16:12:00+00:00,20094.0,20096.25,20086.0,20092.5,531.0
2025-03-27 16:13:00+00:00,20100.0,20100.5,20087.5,20093.75,504.0
2025-03-27 16:14:00+00:00,20101.25,20103.0,20095.0,20101.75,549.0
2025-03-27 16:15:00+00:00,20113.5,20113.75,20095.5,20100.5,1315.0
2025-03-27 16:16:00+00:00,20122.25,20128.25,20112.25,20113.5,1495.0
2025-03-27 16:17:00+00:00,20131.75,20133.75,20123.5,20126.0,1099.0
2025-03-27 16:18:00+00:00,20137.25,20140.0,20130.75,20133.25,1045.0
2025-03-27 16:19:00+00:00,20135.75,20145.5,20134.25,20137.25,1158.0
2025-03-27 16:20:00+00:00,20147.0,20155.75,20135.5,20135.75,1905.0
2025-03-27 16:21:00+00:00,20131.75,20151.0,20130.25,20147.75,1432.0
2025-03-27 16:22:00+00:00,20127.0,20137.75,20124.25,20133.0,1081.0
2025-03-27 16:23:00+00:00,20116.5,20128.75,20116.0,20127.5,1288.0
2025-03-27 16:24:00+00:00,20112.5,20118.75,20110.0,20115.0,822.0
2025-03-27 16:25:00+00:00,20094.5,20113.0,20092.5,20113.0,1430.0
2025-03-27 16:26:00+00:00,20100.25,20105.25,20089.75,20094.5,1329.0
2025-03-27 16:27:00+00:00,20095.75,20100.5,20087.75,20099.5,893.0
2025-03-27 16:28:00+00:00,20089.0,20100.5,20089.0,20096.0,705.0
2025-03-27 16:29:00+00:00,20079.75,20092.0,20073.75,20088.5,1281.0
2025-03-27 16:30:00+00:00,20094.75,20099.0,20077.75,20078.25,1123.0
2025-03-27 16:31:00+00:00,20094.75,20103.75,20092.0,20095.25,1003.0
2025-03-27 16:32:00+00:00,20105.75,20107.5,20094.25,20095.75,838.0
2025-03-27 16:33:00+00:00,20105.0,20110.75,20102.75,20105.75,762.0
2025-03-27 16:34:00+00:00,20088.5,20106.75,20086.5,20103.75,1194.0
2025-03-27 16:35:00+00:00,20077.75,20092.75,20077.0,20089.5,1033.0
2025-03-27 16:36:00+00:00,20082.75,20084.25,20074.75,20077.5,904.0
2025-03-27 16:37:00+00:00,20073.75,20091.75,20069.25,20082.5,1244.0
2025-03-27 16:38:00+00:00,20078.25,20082.25,20070.75,20073.75,823.0
2025-03-27 16:39:00+00:00,20086.0,20090.75,20078.0,20078.25,675.0
2025-03-27 16:40:00+00:00,20095.0,20095.25,20078.0,20085.25,718.0
2025-03-27 16:41:00+00:00,20095.75,20098.5,20089.75,20094.0,599.0
2025-03-27 16:42:00+00:00,20087.5,20099.25,20086.75,20098.0,627.0
2025-03-27 16:43:00+00:00,20104.25,20106.75,20084.5,20087.0,1073.0
2025-03-27 16:44:00+00:00,20090.25,20105.5,20086.0,20104.75,690.0
2025-03-27 16:45:00+00:00,20087.25,20101.25,20084.75,20089.0,993.0
2025-03-27 16:46:00+00:00,20080.0,20087.75,20079.5,20086.75,662.0
2025-03-27 16:47:00+00:00,20068.25,20082.0,20065.5,20080.5,1345.0
2025-03-27 16:48:00+00:00,20054.0,20069.0,20053.75,20066.0,1031.0
2025-03-27 16:49:00+00:00,20047.0,20056.75,20045.5,20055.0,1016.0
2025-03-27 16:50:00+00:00,20035.5,20052.5,20028.0,20046.5,2050.0
2025-03-27 16:51:00+00:00,20038.0,20045.0,20025.5,20035.75,1277.0
2025-03-27 16:52:00+00:00,20035.0,20039.0,20025.75,20038.75,909.0
2025-03-27 16:53:00+00:00,20036.0,20044.25,20032.25,20033.75,938.0
2025-03-27 16:54:00+00:00,20041.25,20041.75,20030.0,20031.75,713.0
2025-03-27 16:55:00+00:00,20028.5,20043.0,20027.0,20041.0,846.0
2025-03-27 16:56:00+00:00,20027.0,20031.0,20017.75,20028.0,1070.0
2025-03-27 16:57:00+00:00,20016.0,20028.0,20010.75,20025.75,1017.0
2025-03-27 16:58:00+00:00,20016.0,20017.25,20007.0,20016.5,803.0
2025-03-27 16:59:00+00:00,20008.5,20016.0,20006.0,20015.0,675.0
2025-03-27 17:00:00+00:00,20011.0,20021.5,20007.25,20008.5,1299.0
2025-03-27 17:01:00+00:00,20011.0,20024.0,20008.75,20008.75,706.0
2025-03-27 17:02:00+00:00,20012.75,20019.75,20001.0,20011.75,1273.0
2025-03-27 17:03:00+00:00,20035.0,20035.25,20010.0,20010.0,1348.0
2025-03-27 17:04:00+00:00,20028.0,20036.5,20024.75,20034.0,1002.0
2025-03-27 17:05:00+00:00,20025.5,20034.75,20014.75,20028.25,1048.0
2025-03-27 17:06:00+00:00,20038.5,20039.25,20019.5,20024.25,715.0
2025-03-27 17:07:00+00:00,20037.5,20042.0,20035.0,20038.5,784.0
2025-03-27 17:08:00+00:00,20044.25,20045.25,20037.0,20037.75,816.0
2025-03-27 17:09:00+00:00,20040.75,20050.75,20038.0,20043.75,721.0
2025-03-27 17:10:00+00:00,20044.0,20044.75,20034.0,20040.0,648.0
2025-03-27 17:11:00+00:00,20051.75,20055.75,20040.75,20040.75,752.0
2025-03-27 17:12:00+00:00,20050.5,20062.0,20049.25,20052.5,766.0
2025-03-27 17:13:00+00:00,20049.75,20058.25,20049.25,20051.75,421.0
2025-03-27 17:14:00+00:00,20063.75,20064.25,20050.0,20050.0,448.0
2025-03-27 17:15:00+00:00,20061.5,20067.0,20059.0,20063.0,737.0
2025-03-27 17:16:00+00:00,20062.25,20070.75,20060.25,20063.25,802.0
2025-03-27 17:17:00+00:00,20060.25,20064.5,20056.0,20062.25,615.0
2025-03-27 17:18:00+00:00,20057.5,20063.0,20054.75,20060.0,391.0
2025-03-27 17:19:00+00:00,20050.75,20066.25,20048.5,20057.25,837.0
2025-03-27 17:20:00+00:00,20057.0,20060.0,20044.75,20050.0,1054.0
2025-03-27 17:21:00+00:00,20049.25,20061.5,20047.75,20056.5,419.0
2025-03-27 17:22:00+00:00,20041.25,20052.5,20034.25,20049.75,893.0
2025-03-27 17:23:00+00:00,20036.75,20044.5,20032.25,20041.25,739.0
2025-03-27 17:24:00+00:00,20049.0,20049.25,20033.0,20035.75,649.0
2025-03-27 17:25:00+00:00,20035.5,20049.5,20030.0,20047.75,805.0
2025-03-27 17:26:00+00:00,20043.0,20046.25,20029.0,20035.5,702.0
2025-03-27 17:27:00+00:00,20034.75,20048.25,20032.0,20043.0,452.0
2025-03-27 17:28:00+00:00,20028.0,20037.5,20027.75,20033.75,479.0
2025-03-27 17:29:00+00:00,20010.5,20030.0,20006.75,20027.5,1354.0
2025-03-27 17:30:00+00:00,20029.75,20033.0,20006.25,20007.0,1263.0
2025-03-27 17:31:00+00:00,20033.25,20034.0,20016.5,20030.75,1158.0
2025-03-27 17:32:00+00:00,20023.0,20035.0,20021.5,20033.75,595.0
2025-03-27 17:33:00+00:00,20042.5,20042.5,20023.75,20025.75,647.0
2025-03-27 17:34:00+00:00,20028.0,20043.75,20026.75,20041.25,721.0
2025-03-27 17:35:00+00:00,20028.0,20032.75,20022.75,20026.0,727.0
2025-03-27 17:36:00+00:00,20009.75,20028.75,20006.75,20028.25,809.0
2025-03-27 17:37:00+00:00,20015.0,20018.0,20004.5,20008.25,987.0
2025-03-27 17:38:00+00:00,20013.0,20017.5,20008.0,20014.0,647.0
2025-03-27 17:39:00+00:00,20026.5,20031.0,20012.75,20012.75,773.0
2025-03-27 17:40:00+00:00,20018.0,20029.0,20017.25,20026.5,567.0
2025-03-27 17:41:00+00:00,20034.0,20034.75,20015.5,20016.5,664.0
2025-03-27 17:42:00+00:00,20026.0,20034.5,20021.5,20034.5,727.0
2025-03-27 17:43:00+00:00,20021.25,20030.5,20019.75,20026.0,329.0
2025-03-27 17:44:00+00:00,20021.5,20023.5,20015.0,20020.5,444.0
2025-03-27 17:45:00+00:00,20030.75,20031.0,20021.25,20024.0,818.0
2025-03-27 17:46:00+00:00,20039.0,20041.0,20026.0,20031.5,786.0
2025-03-27 17:47:00+00:00,20051.0,20057.5,20039.25,20039.75,1526.0
2025-03-27 17:48:00+00:00,20036.5,20051.0,20033.5,20049.5,980.0
2025-03-27 17:49:00+00:00,20050.0,20050.75,20035.0,20036.5,726.0
2025-03-27 17:50:00+00:00,20058.25,20063.0,20048.75,20050.5,1182.0
2025-03-27 17:51:00+00:00,20045.25,20064.75,20043.75,20062.25,841.0
2025-03-27 17:52:00+00:00,20035.5,20052.25,20033.75,20044.5,697.0
2025-03-27 17:53:00+00:00,20020.0,20036.75,20017.75,20035.25,1277.0
2025-03-27 17:54:00+00:00,20011.25,20021.75,20007.0,20018.5,994.0
2025-03-27 17:55:00+00:00,20013.0,20016.25,20008.5,20010.5,729.0
2025-03-27 17:56:00+00:00,20018.75,20023.0,20012.25,20013.75,542.0
2025-03-27 17:57:00+00:00,20018.75,20024.75,20013.75,20017.75,479.0
2025-03-27 17:58:00+00:00,20018.5,20019.75,20009.5,20018.75,600.0
2025-03-27 17:59:00+00:00,20014.5,20021.0,20010.75,20017.75,374.0
2025-03-27 18:00:00+00:00,20027.75,20030.75,20011.0,20015.0,972.0
2025-03-27 18:01:00+00:00,20024.75,20031.75,20016.5,20030.25,789.0
2025-03-27 18:02:00+00:00,20035.25,20040.75,20024.0,20024.0,800.0
2025-03-27 18:03:00+00:00,20038.5,20042.5,20033.5,20033.75,587.0
2025-03-27 18:04:00+00:00,20042.75,20045.75,20031.75,20037.75,512.0
2025-03-27 18:05:00+00:00,20047.75,20052.5,20042.0,20044.25,812.0
2025-03-27 18:06:00+00:00,20060.25,20061.0,20047.5,20048.5,1183.0
2025-03-27 18:07:00+00:00,20065.5,20068.25,20058.0,20060.25,962.0
2025-03-27 18:08:00+00:00,20064.5,20072.0,20050.0,20066.0,1249.0
2025-03-27 18:09:00+00:00,20059.0,20073.5,20056.0,20066.0,741.0
2025-03-27 18:10:00+00:00,20066.0,20069.0,20056.75,20059.75,554.0
2025-03-27 18:11:00+00:00,20054.75,20073.5,20052.75,20067.5,717.0
2025-03-27 18:12:00+00:00,20061.5,20071.0,20052.75,20054.5,664.0
2025-03-27 18:13:00+00:00,20067.25,20067.25,20053.75,20062.0,518.0
2025-03-27 18:14:00+00:00,20080.0,20082.25,20067.5,20069.0,1537.0
2025-03-27 18:15:00+00:00,20084.75,20085.25,20070.0,20080.25,980.0
2025-03-27 18:16:00+00:00,20078.25,20088.0,20077.5,20086.75,954.0
2025-03-27 18:17:00+00:00,20070.75,20082.0,20070.25,20078.0,675.0
2025-03-27 18:18:00+00:00,20059.5,20071.5,20057.0,20070.75,1164.0
2025-03-27 18:19:00+00:00,20064.5,20068.0,20057.0,20060.0,495.0
2025-03-27 18:20:00+00:00,20070.5,20072.0,20059.5,20061.75,443.0
2025-03-27 18:21:00+00:00,20070.5,20076.5,20068.5,20071.25,492.0
2025-03-27 18:22:00+00:00,20080.0,20080.25,20070.0,20070.0,574.0
2025-03-27 18:23:00+00:00,20076.5,20083.0,20074.5,20081.25,602.0
2025-03-27 18:24:00+00:00,20056.5,20080.0,20054.0,20076.5,1004.0
2025-03-27 18:25:00+00:00,20060.0,20063.75,20043.5,20053.5,1446.0
2025-03-27 18:26:00+00:00,20061.0,20068.0,20052.25,20057.0,783.0
2025-03-27 18:27:00+00:00,20063.0,20073.25,20059.0,20062.25,806.0
2025-03-27 18:28:00+00:00,20070.0,20070.75,20056.0,20063.75,569.0
2025-03-27 18:29:00+00:00,20059.25,20071.25,20054.75,20069.0,526.0
2025-03-27 18:30:00+00:00,20067.0,20069.25,20050.75,20055.5,967.0
2025-03-27 18:31:00+00:00,20059.0,20068.0,20054.25,20067.0,588.0
2025-03-27 18:32:00+00:00,20055.5,20061.0,20047.5,20060.0,680.0
2025-03-27 18:33:00+00:00,20059.0,20063.0,20038.5,20055.5,1226.0
2025-03-27 18:34:00+00:00,20064.75,20065.25,20055.5,20059.75,457.0
2025-03-27 18:35:00+00:00,20070.25,20072.25,20060.25,20064.75,666.0
2025-03-27 18:36:00+00:00,20070.25,20080.0,20059.0,20070.25,1454.0
2025-03-27 18:37:00+00:00,20076.25,20078.25,20064.25,20069.75,588.0
2025-03-27 18:38:00+00:00,20061.75,20078.25,20059.5,20077.0,674.0
2025-03-27 18:39:00+00:00,20076.25,20080.75,20060.5,20061.25,583.0
2025-03-27 18:40:00+00:00,20077.5,20083.75,20072.5,20077.5,650.0
2025-03-27 18:41:00+00:00,20085.75,20087.25,20070.5,20076.5,779.0
2025-03-27 18:42:00+00:00,20090.5,20102.0,20085.75,20085.75,1612.0
2025-03-27 18:43:00+00:00,20077.75,20091.25,20075.75,20091.25,711.0
2025-03-27 18:44:00+00:00,20078.0,20085.25,20074.0,20077.5,741.0
2025-03-27 18:45:00+00:00,20081.75,20086.75,20079.0,20081.5,453.0
2025-03-27 18:46:00+00:00,20093.25,20095.25,20078.75,20080.0,953.0
2025-03-27 18:47:00+00:00,20084.25,20094.75,20084.25,20093.75,491.0
2025-03-27 18:48:00+00:00,20095.0,20096.0,20085.0,20087.25,380.0
2025-03-27 18:49:00+00:00,20094.75,20097.75,20091.25,20093.75,820.0
2025-03-27 18:50:00+00:00,20097.25,20099.5,20091.5,20094.5,2139.0
2025-03-27 18:51:00+00:00,20102.5,20105.0,20093.5,20097.25,767.0
2025-03-27 18:52:00+00:00,20100.75,20109.25,20099.75,20104.25,640.0
2025-03-27 18:53:00+00:00,20085.75,20105.75,20083.5,20102.75,1042.0
2025-03-27 18:54:00+00:00,20096.0,20098.25,20084.0,20085.25,848.0
2025-03-27 18:55:00+00:00,20070.0,20097.0,20067.25,20095.25,1269.0
2025-03-27 18:56:00+00:00,20067.25,20076.5,20064.0,20070.25,1083.0
2025-03-27 18:57:00+00:00,20061.0,20071.75,20058.0,20067.75,791.0
2025-03-27 18:58:00+00:00,20057.0,20062.0,20054.75,20061.0,682.0
2025-03-27 18:59:00+00:00,20045.25,20056.0,20040.0,20050.5,1544.0
2025-03-27 19:00:00+00:00,20053.5,20055.5,20037.0,20045.0,1384.0
2025-03-27 19:01:00+00:00,20059.25,20063.25,20048.75,20050.75,1012.0
2025-03-27 19:02:00+00:00,20062.5,20070.0,20058.0,20061.5,874.0
2025-03-27 19:03:00+00:00,20065.5,20072.0,20060.0,20061.75,729.0
2025-03-27 19:04:00+00:00,20061.25,20070.25,20058.0,20065.5,601.0
2025-03-27 19:05:00+00:00,20048.25,20061.0,20044.5,20060.0,1020.0
2025-03-27 19:06:00+00:00,20064.5,20064.5,20046.0,20046.0,999.0
2025-03-27 19:07:00+00:00,20056.0,20066.5,20055.5,20064.0,718.0
2025-03-27 19:08:00+00:00,20057.75,20060.5,20048.5,20057.0,819.0
2025-03-27 19:09:00+00:00,20057.0,20064.25,20055.75,20059.0,685.0
2025-03-27 19:10:00+00:00,20061.0,20062.0,20051.5,20060.25,443.0
2025-03-27 19:11:00+00:00,20068.75,20069.0,20059.0,20063.0,610.0
2025-03-27 19:12:00+00:00,20066.25,20073.25,20063.75,20069.5,696.0
2025-03-27 19:13:00+00:00,20082.0,20083.75,20065.75,20066.5,1040.0
2025-03-27 19:14:00+00:00,20096.75,20097.75,20080.0,20082.0,1637.0
2025-03-27 19:15:00+00:00,20095.75,20106.5,20090.25,20095.0,1921.0
2025-03-27 19:16:00+00:00,20092.0,20097.25,20083.5,20095.25,1023.0
2025-03-27 19:17:00+00:00,20095.5,20098.5,20085.5,20092.5,577.0
2025-03-27 19:18:00+00:00,20094.25,20097.25,20087.0,20095.5,411.0
2025-03-27 19:19:00+00:00,20098.75,20102.5,20094.0,20097.5,623.0
2025-03-27 19:20:00+00:00,20102.25,20104.75,20094.75,20101.5,614.0
2025-03-27 19:21:00+00:00,20112.75,20120.0,20100.5,20104.25,1362.0
2025-03-27 19:22:00+00:00,20127.5,20129.75,20111.5,20114.0,1543.0
2025-03-27 19:23:00+00:00,20117.75,20128.25,20112.75,20125.75,889.0
2025-03-27 19:24:00+00:00,20116.75,20122.25,20111.25,20118.0,725.0
2025-03-27 19:25:00+00:00,20108.25,20116.5,20107.5,20115.0,703.0
2025-03-27 19:26:00+00:00,20114.5,20116.25,20099.5,20105.5,932.0
2025-03-27 19:27:00+00:00,20107.25,20117.5,20106.5,20112.75,513.0
2025-03-27 19:28:00+00:00,20110.0,20113.5,20101.25,20107.25,646.0
2025-03-27 19:29:00+00:00,20110.0,20114.75,20105.5,20111.25,568.0
2025-03-27 19:30:00+00:00,20085.5,20111.75,20083.25,20109.5,1881.0
2025-03-27 19:31:00+00:00,20074.5,20086.0,20071.75,20083.75,1523.0
2025-03-27 19:32:00+00:00,20083.75,20085.75,20074.25,20075.0,1305.0
2025-03-27 19:33:00+00:00,20073.25,20085.5,20072.5,20084.25,748.0
2025-03-27 19:34:00+00:00,20083.75,20085.0,20067.75,20073.0,944.0
2025-03-27 19:35:00+00:00,20073.25,20089.0,20071.0,20088.25,843.0
2025-03-27 19:36:00+00:00,20075.5,20075.5,20067.75,20074.5,696.0
2025-03-27 19:37:00+00:00,20071.5,20081.75,20066.0,20073.75,973.0
2025-03-27 19:38:00+00:00,20066.75,20073.75,20061.0,20073.25,771.0
2025-03-27 19:39:00+00:00,20061.75,20068.75,20060.0,20066.5,594.0
2025-03-27 19:40:00+00:00,20069.75,20072.5,20053.25,20066.0,1144.0
2025-03-27 19:41:00+00:00,20067.75,20083.75,20066.0,20071.5,1005.0
2025-03-27 19:42:00+00:00,20063.5,20069.5,20052.0,20067.75,841.0
2025-03-27 19:43:00+00:00,20066.75,20076.25,20062.75,20063.0,828.0
2025-03-27 19:44:00+00:00,20066.0,20072.25,20063.25,20069.0,1147.0
2025-03-27 19:45:00+00:00,20070.5,20072.5,20060.0,20065.5,737.0
2025-03-27 19:46:00+00:00,20059.5,20071.5,20058.75,20068.25,727.0
2025-03-27 19:47:00+00:00,20064.75,20064.75,20055.0,20060.0,636.0
2025-03-27 19:48:00+00:00,20066.5,20068.0,20057.0,20061.25,721.0
2025-03-27 19:49:00+00:00,20068.25,20072.25,20061.75,20065.75,577.0
2025-03-27 19:50:00+00:00,20030.25,20068.0,20030.0,20065.0,2631.0
2025-03-27 19:51:00+00:00,20015.0,20034.0,20012.25,20030.75,2578.0
2025-03-27 19:52:00+00:00,20008.5,20014.75,20000.0,20014.25,2153.0
2025-03-27 19:53:00+00:00,19985.0,20007.75,19983.0,20004.25,2772.0
2025-03-27 19:54:00+00:00,20005.75,20018.0,19975.0,19986.0,4083.0
2025-03-27 19:55:00+00:00,20012.0,20023.5,20006.0,20006.0,2522.0
2025-03-27 19:56:00+00:00,20010.0,20021.5,20008.5,20011.5,1284.0
2025-03-27 19:57:00+00:00,20009.75,20012.0,20000.25,20012.0,1383.0
2025-03-27 19:58:00+00:00,20006.0,20016.75,20001.75,20009.25,1825.0
2025-03-27 19:59:00+00:00,19996.0,20008.75,19984.25,20008.0,9210.0
2025-03-27 20:00:00+00:00,20000.25,20011.5,19989.75,19995.0,0.0
