Datetime,Close,High,Low,Open,Volume
2025-05-29 05:29:00+00:00,3268.89990234375,3269.199951171875,3268.39990234375,3269.10009765625,0.0
2025-05-29 05:30:00+00:00,3268.699951171875,3268.89990234375,3268.699951171875,3268.89990234375,2.0
2025-05-29 05:34:00+00:00,3268.300048828125,3268.300048828125,3267.39990234375,3267.39990234375,6.0
2025-05-29 05:35:00+00:00,3267.300048828125,3267.300048828125,3266.800048828125,3266.800048828125,2.0
2025-05-29 05:36:00+00:00,3265.199951171875,3265.699951171875,3264.89990234375,3265.10009765625,16.0
2025-05-29 05:37:00+00:00,3265.0,3265.10009765625,3264.800048828125,3265.10009765625,14.0
2025-05-29 05:38:00+00:00,3265.0,3265.0,3265.0,3265.0,2.0
2025-05-29 05:39:00+00:00,3263.5,3264.0,3263.5,3263.699951171875,5.0
2025-05-29 05:40:00+00:00,3263.300048828125,3263.5,3263.300048828125,3263.39990234375,11.0
2025-05-29 05:41:00+00:00,3264.10009765625,3264.199951171875,3263.699951171875,3264.199951171875,4.0
2025-05-29 05:42:00+00:00,3264.60009765625,3264.60009765625,3264.60009765625,3264.60009765625,1.0
2025-05-29 05:43:00+00:00,3264.300048828125,3264.300048828125,3264.199951171875,3264.199951171875,2.0
2025-05-29 05:44:00+00:00,3264.800048828125,3264.800048828125,3264.800048828125,3264.800048828125,3.0
2025-05-29 05:45:00+00:00,3266.0,3266.0,3265.60009765625,3265.800048828125,9.0
2025-05-29 05:46:00+00:00,3264.800048828125,3264.800048828125,3264.800048828125,3264.800048828125,2.0
2025-05-29 05:47:00+00:00,3264.800048828125,3264.800048828125,3264.800048828125,3264.800048828125,1.0
2025-05-29 05:48:00+00:00,3264.699951171875,3264.699951171875,3264.10009765625,3264.10009765625,3.0
2025-05-29 05:49:00+00:00,3263.800048828125,3263.800048828125,3263.800048828125,3263.800048828125,3.0
2025-05-29 05:50:00+00:00,3263.699951171875,3263.699951171875,3263.699951171875,3263.699951171875,1.0
2025-05-29 05:54:00+00:00,3266.699951171875,3266.699951171875,3266.60009765625,3266.60009765625,5.0
2025-05-29 05:56:00+00:00,3267.10009765625,3267.10009765625,3267.10009765625,3267.10009765625,1.0
2025-05-29 05:58:00+00:00,3269.199951171875,3269.199951171875,3269.10009765625,3269.10009765625,3.0
2025-05-29 05:59:00+00:00,3269.60009765625,3269.60009765625,3269.60009765625,3269.60009765625,1.0
2025-05-29 06:01:00+00:00,3270.800048828125,3271.89990234375,3270.800048828125,3271.89990234375,4.0
2025-05-29 06:03:00+00:00,3270.10009765625,3270.10009765625,3270.10009765625,3270.10009765625,50.0
2025-05-29 06:09:00+00:00,3268.5,3268.5,3268.5,3268.5,24.0
2025-05-29 06:10:00+00:00,3267.300048828125,3268.10009765625,3267.300048828125,3268.10009765625,100.0
2025-05-29 06:11:00+00:00,3266.10009765625,3266.800048828125,3266.10009765625,3266.60009765625,10.0
2025-05-29 06:13:00+00:00,3265.10009765625,3265.89990234375,3265.10009765625,3265.5,7.0
2025-05-29 06:14:00+00:00,3266.10009765625,3266.10009765625,3265.89990234375,3265.89990234375,6.0
2025-05-29 06:15:00+00:00,3266.699951171875,3266.699951171875,3265.60009765625,3266.0,15.0
2025-05-29 06:16:00+00:00,3267.699951171875,3267.800048828125,3266.199951171875,3266.800048828125,16.0
2025-05-29 06:17:00+00:00,3267.89990234375,3268.300048828125,3267.89990234375,3268.300048828125,10.0
2025-05-29 06:18:00+00:00,3268.300048828125,3268.300048828125,3268.300048828125,3268.300048828125,7.0
2025-05-29 06:19:00+00:00,3269.10009765625,3269.10009765625,3269.10009765625,3269.10009765625,1.0
2025-05-29 06:20:00+00:00,3269.60009765625,3269.60009765625,3269.39990234375,3269.39990234375,17.0
2025-05-29 06:21:00+00:00,3269.5,3269.5,3269.5,3269.5,0.0
2025-05-29 06:22:00+00:00,3268.39990234375,3268.39990234375,3268.39990234375,3268.39990234375,5833.0
2025-05-29 06:23:00+00:00,3269.199951171875,3269.199951171875,3267.800048828125,3267.800048828125,9.0
2025-05-29 06:24:00+00:00,3270.300048828125,3270.60009765625,3270.0,3270.0,7.0
2025-05-29 06:25:00+00:00,3270.699951171875,3270.699951171875,3270.699951171875,3270.699951171875,0.0
2025-05-29 06:26:00+00:00,3270.800048828125,3270.800048828125,3270.800048828125,3270.800048828125,5862.0
2025-05-29 06:29:00+00:00,3270.89990234375,3270.89990234375,3270.89990234375,3270.89990234375,58.0
2025-05-29 06:30:00+00:00,3271.0,3271.0,3271.0,3271.0,2.0
2025-05-29 06:31:00+00:00,3270.89990234375,3270.89990234375,3270.89990234375,3270.89990234375,45.0
2025-05-29 06:35:00+00:00,3269.39990234375,3269.39990234375,3269.39990234375,3269.39990234375,5.0
2025-05-29 06:36:00+00:00,3269.699951171875,3269.699951171875,3269.699951171875,3269.699951171875,5.0
2025-05-29 06:38:00+00:00,3268.300048828125,3269.39990234375,3268.300048828125,3269.39990234375,6.0
2025-05-29 06:39:00+00:00,3268.800048828125,3268.800048828125,3268.800048828125,3268.800048828125,16.0
2025-05-29 06:40:00+00:00,3268.39990234375,3268.39990234375,3268.39990234375,3268.39990234375,5.0
2025-05-29 06:41:00+00:00,3268.89990234375,3268.89990234375,3268.10009765625,3268.10009765625,10.0
2025-05-29 06:42:00+00:00,3268.60009765625,3268.60009765625,3268.60009765625,3268.60009765625,6.0
2025-05-29 06:43:00+00:00,3269.5,3269.60009765625,3269.39990234375,3269.39990234375,4.0
2025-05-29 06:45:00+00:00,3268.699951171875,3268.800048828125,3267.60009765625,3268.199951171875,11.0
2025-05-29 06:47:00+00:00,3269.89990234375,3269.89990234375,3269.10009765625,3269.10009765625,27.0
2025-05-29 06:48:00+00:00,3269.39990234375,3269.39990234375,3269.39990234375,3269.39990234375,14.0
2025-05-29 06:50:00+00:00,3267.89990234375,3268.0,3267.60009765625,3267.60009765625,16.0
2025-05-29 06:53:00+00:00,3268.10009765625,3268.10009765625,3268.10009765625,3268.10009765625,1.0
2025-05-29 06:54:00+00:00,3268.10009765625,3268.199951171875,3267.89990234375,3268.199951171875,12.0
2025-05-29 06:55:00+00:00,3268.199951171875,3268.5,3267.699951171875,3268.39990234375,5.0
2025-05-29 06:57:00+00:00,3268.800048828125,3268.800048828125,3268.699951171875,3268.699951171875,13.0
2025-05-29 06:58:00+00:00,3268.699951171875,3268.699951171875,3268.699951171875,3268.699951171875,25.0
2025-05-29 06:59:00+00:00,3267.89990234375,3267.89990234375,3267.800048828125,3267.800048828125,2.0
2025-05-29 07:00:00+00:00,3269.199951171875,3269.199951171875,3268.699951171875,3268.699951171875,8.0
2025-05-29 07:02:00+00:00,3270.699951171875,3271.199951171875,3270.60009765625,3270.89990234375,10.0
2025-05-29 07:03:00+00:00,3269.60009765625,3270.199951171875,3269.5,3270.199951171875,9.0
2025-05-29 07:04:00+00:00,3271.199951171875,3271.199951171875,3268.60009765625,3269.300048828125,17.0
2025-05-29 07:05:00+00:00,3272.39990234375,3272.39990234375,3271.300048828125,3271.39990234375,4.0
2025-05-29 07:06:00+00:00,3272.39990234375,3272.39990234375,3272.39990234375,3272.39990234375,1.0
2025-05-29 07:07:00+00:00,3272.0,3272.0,3272.0,3272.0,1.0
2025-05-29 07:08:00+00:00,3271.89990234375,3272.0,3271.60009765625,3271.800048828125,11.0
2025-05-29 07:09:00+00:00,3271.39990234375,3271.39990234375,3271.39990234375,3271.39990234375,3.0
2025-05-29 07:11:00+00:00,3272.699951171875,3272.800048828125,3272.699951171875,3272.800048828125,4.0
2025-05-29 07:12:00+00:00,3272.60009765625,3272.60009765625,3272.60009765625,3272.60009765625,1.0
2025-05-29 07:13:00+00:00,3272.89990234375,3272.89990234375,3272.89990234375,3272.89990234375,1.0
2025-05-29 07:14:00+00:00,3274.699951171875,3274.89990234375,3274.0,3274.0,26.0
2025-05-29 07:15:00+00:00,3279.5,3279.5,3276.0,3276.0,10.0
2025-05-29 07:16:00+00:00,3277.0,3279.39990234375,3277.0,3279.39990234375,13.0
2025-05-29 07:17:00+00:00,3277.300048828125,3277.300048828125,3277.300048828125,3277.300048828125,1.0
2025-05-29 07:18:00+00:00,3276.60009765625,3276.60009765625,3276.60009765625,3276.60009765625,23.0
2025-05-29 07:19:00+00:00,3275.699951171875,3276.0,3274.89990234375,3276.0,5.0
2025-05-29 07:21:00+00:00,3276.0,3276.0,3276.0,3276.0,3.0
2025-05-29 07:24:00+00:00,3278.39990234375,3278.39990234375,3278.39990234375,3278.39990234375,73.0
2025-05-29 07:26:00+00:00,3280.60009765625,3280.800048828125,3280.5,3280.5,5.0
2025-05-29 07:27:00+00:00,3279.5,3280.0,3279.5,3280.0,54.0
2025-05-29 07:28:00+00:00,3279.0,3279.0,3279.0,3279.0,2.0
2025-05-29 07:29:00+00:00,3279.10009765625,3279.10009765625,3278.60009765625,3278.699951171875,5.0
2025-05-29 07:30:00+00:00,3304.39990234375,3304.699951171875,3304.199951171875,3304.699951171875,81448.0
2025-05-29 07:31:00+00:00,3303.5,3304.60009765625,3277.0,3304.199951171875,208.0
2025-05-29 07:32:00+00:00,3303.300048828125,3303.699951171875,3276.199951171875,3303.300048828125,61.0
2025-05-29 07:33:00+00:00,3302.800048828125,3303.300048828125,3276.10009765625,3303.0,76.0
2025-05-29 07:34:00+00:00,3301.39990234375,3302.800048828125,3301.0,3302.60009765625,235.0
2025-05-29 07:35:00+00:00,3301.199951171875,3301.89990234375,3274.199951171875,3301.300048828125,203.0
2025-05-29 07:36:00+00:00,3276.10009765625,3302.60009765625,3274.60009765625,3300.89990234375,0.0
2025-05-29 07:37:00+00:00,3302.89990234375,3303.199951171875,3276.199951171875,3276.199951171875,82174.0
2025-05-29 07:38:00+00:00,3302.5,3302.800048828125,3302.39990234375,3302.699951171875,16.0
2025-05-29 07:39:00+00:00,3302.0,3303.60009765625,3276.5,3302.800048828125,105.0
2025-05-29 07:40:00+00:00,3303.10009765625,3303.10009765625,3275.89990234375,3302.10009765625,109.0
2025-05-29 07:41:00+00:00,3302.699951171875,3303.199951171875,3302.699951171875,3303.199951171875,9.0
2025-05-29 07:42:00+00:00,3302.89990234375,3303.39990234375,3302.300048828125,3302.60009765625,95.0
2025-05-29 07:43:00+00:00,3303.60009765625,3303.800048828125,3276.800048828125,3303.0,71.0
2025-05-29 07:44:00+00:00,3303.89990234375,3304.0,3303.10009765625,3303.39990234375,66.0
2025-05-29 07:45:00+00:00,3277.5,3304.199951171875,3277.300048828125,3303.800048828125,0.0
2025-05-29 07:46:00+00:00,3304.0,3304.39990234375,3277.199951171875,3304.199951171875,82654.0
2025-05-29 07:47:00+00:00,3305.10009765625,3305.199951171875,3303.699951171875,3304.0,122.0
2025-05-29 07:48:00+00:00,3305.300048828125,3305.60009765625,3304.800048828125,3304.89990234375,62.0
2025-05-29 07:49:00+00:00,3305.10009765625,3305.699951171875,3304.89990234375,3305.39990234375,48.0
2025-05-29 07:50:00+00:00,3306.5,3306.89990234375,3305.0,3305.0,43.0
2025-05-29 07:51:00+00:00,3307.60009765625,3308.300048828125,3281.60009765625,3306.699951171875,146.0
2025-05-29 07:52:00+00:00,3307.89990234375,3309.199951171875,3281.800048828125,3307.800048828125,177.0
2025-05-29 07:53:00+00:00,3308.800048828125,3308.800048828125,3281.10009765625,3307.89990234375,174.0
2025-05-29 07:54:00+00:00,3308.699951171875,3309.10009765625,3282.0,3308.800048828125,270.0
2025-05-29 07:55:00+00:00,3308.60009765625,3308.89990234375,3308.199951171875,3308.800048828125,139.0
2025-05-29 07:56:00+00:00,3309.0,3309.699951171875,3282.0,3308.39990234375,159.0
2025-05-29 07:57:00+00:00,3310.800048828125,3311.699951171875,3283.39990234375,3309.10009765625,445.0
2025-05-29 07:58:00+00:00,3311.39990234375,3311.699951171875,3284.199951171875,3285.0,265.0
2025-05-29 07:59:00+00:00,3310.699951171875,3311.60009765625,3310.699951171875,3311.5,146.0
2025-05-29 08:00:00+00:00,3311.300048828125,3311.800048828125,3284.300048828125,3310.800048828125,259.0
2025-05-29 08:01:00+00:00,3312.0,3314.10009765625,3285.0,3311.199951171875,711.0
2025-05-29 08:02:00+00:00,3309.800048828125,3312.300048828125,3308.699951171875,3312.199951171875,514.0
2025-05-29 08:03:00+00:00,3311.0,3311.0,3283.39990234375,3310.0,74.0
2025-05-29 08:04:00+00:00,3310.10009765625,3311.300048828125,3309.89990234375,3311.199951171875,59.0
2025-05-29 08:05:00+00:00,3309.5,3310.300048828125,3282.300048828125,3310.199951171875,79.0
2025-05-29 08:06:00+00:00,3310.0,3310.300048828125,3283.10009765625,3309.60009765625,81.0
2025-05-29 08:07:00+00:00,3310.10009765625,3310.800048828125,3283.39990234375,3310.10009765625,35.0
2025-05-29 08:08:00+00:00,3308.60009765625,3310.5,3282.199951171875,3310.10009765625,134.0
2025-05-29 08:09:00+00:00,3308.89990234375,3309.0,3308.199951171875,3308.699951171875,107.0
2025-05-29 08:10:00+00:00,3308.60009765625,3309.39990234375,3282.10009765625,3309.10009765625,38.0
2025-05-29 08:11:00+00:00,3309.5,3309.89990234375,3282.699951171875,3308.699951171875,67.0
2025-05-29 08:12:00+00:00,3309.60009765625,3310.800048828125,3309.60009765625,3309.699951171875,80.0
2025-05-29 08:13:00+00:00,3308.699951171875,3310.10009765625,3282.0,3309.800048828125,76.0
2025-05-29 08:14:00+00:00,3308.199951171875,3309.300048828125,3307.699951171875,3308.89990234375,97.0
2025-05-29 08:15:00+00:00,3308.5,3308.800048828125,3281.199951171875,3308.5,81.0
2025-05-29 08:16:00+00:00,3308.300048828125,3309.0,3308.199951171875,3308.60009765625,42.0
2025-05-29 08:17:00+00:00,3308.60009765625,3309.0,3308.10009765625,3308.10009765625,31.0
2025-05-29 08:18:00+00:00,3308.300048828125,3308.60009765625,3307.800048828125,3308.5,48.0
2025-05-29 08:19:00+00:00,3307.300048828125,3308.5,3306.5,3308.0,109.0
2025-05-29 08:20:00+00:00,3307.199951171875,3307.5,3280.300048828125,3307.39990234375,110.0
2025-05-29 08:21:00+00:00,3306.300048828125,3307.39990234375,3279.199951171875,3307.199951171875,150.0
2025-05-29 08:22:00+00:00,3307.0,3307.60009765625,3280.199951171875,3306.699951171875,98.0
2025-05-29 08:23:00+00:00,3307.39990234375,3307.699951171875,3306.800048828125,3307.10009765625,58.0
2025-05-29 08:24:00+00:00,3306.199951171875,3307.60009765625,3280.699951171875,3307.60009765625,64.0
2025-05-29 08:25:00+00:00,3306.699951171875,3306.699951171875,3305.800048828125,3306.10009765625,63.0
2025-05-29 08:26:00+00:00,3308.0,3308.5,3280.699951171875,3306.800048828125,244.0
2025-05-29 08:27:00+00:00,3307.89990234375,3308.60009765625,3307.800048828125,3308.199951171875,30.0
2025-05-29 08:28:00+00:00,3308.10009765625,3308.60009765625,3307.39990234375,3307.800048828125,127.0
2025-05-29 08:29:00+00:00,3307.60009765625,3308.199951171875,3281.199951171875,3308.0,91.0
2025-05-29 08:30:00+00:00,3307.89990234375,3308.300048828125,3307.39990234375,3307.39990234375,69.0
2025-05-29 08:31:00+00:00,3305.699951171875,3308.10009765625,3278.699951171875,3308.0,202.0
2025-05-29 08:32:00+00:00,3305.60009765625,3306.39990234375,3278.89990234375,3305.89990234375,35.0
2025-05-29 08:33:00+00:00,3304.89990234375,3305.60009765625,3278.10009765625,3305.5,118.0
2025-05-29 08:34:00+00:00,3305.300048828125,3305.89990234375,3278.699951171875,3305.199951171875,64.0
2025-05-29 08:35:00+00:00,3304.5,3305.60009765625,3304.39990234375,3305.39990234375,53.0
2025-05-29 08:36:00+00:00,3304.39990234375,3305.0,3303.89990234375,3304.5,185.0
2025-05-29 08:37:00+00:00,3304.39990234375,3304.89990234375,3277.5,3304.5,48.0
2025-05-29 08:38:00+00:00,3304.199951171875,3304.699951171875,3277.699951171875,3304.60009765625,40.0
2025-05-29 08:39:00+00:00,3304.300048828125,3304.300048828125,3276.60009765625,3304.300048828125,97.0
2025-05-29 08:40:00+00:00,3303.199951171875,3304.39990234375,3302.5,3304.300048828125,122.0
2025-05-29 08:41:00+00:00,3304.0,3304.10009765625,3303.300048828125,3303.300048828125,65.0
2025-05-29 08:42:00+00:00,3303.60009765625,3304.300048828125,3303.60009765625,3303.800048828125,50.0
2025-05-29 08:43:00+00:00,3304.0,3304.10009765625,3276.89990234375,3303.39990234375,84.0
2025-05-29 08:44:00+00:00,3304.89990234375,3305.0,3278.300048828125,3304.300048828125,59.0
2025-05-29 08:45:00+00:00,3304.60009765625,3305.39990234375,3278.10009765625,3305.0,43.0
2025-05-29 08:46:00+00:00,3304.89990234375,3305.0,3304.39990234375,3304.5,27.0
2025-05-29 08:47:00+00:00,3305.60009765625,3306.0,3304.699951171875,3305.10009765625,127.0
2025-05-29 08:48:00+00:00,3304.199951171875,3305.5,3304.10009765625,3305.5,78.0
2025-05-29 08:49:00+00:00,3304.89990234375,3304.89990234375,3304.199951171875,3304.199951171875,38.0
2025-05-29 08:50:00+00:00,3304.5,3304.89990234375,3304.300048828125,3304.89990234375,8.0
2025-05-29 08:51:00+00:00,3304.89990234375,3305.199951171875,3278.10009765625,3304.60009765625,15.0
2025-05-29 08:52:00+00:00,3305.10009765625,3305.300048828125,3304.800048828125,3304.89990234375,27.0
2025-05-29 08:53:00+00:00,3304.699951171875,3305.300048828125,3278.5,3305.199951171875,39.0
2025-05-29 08:54:00+00:00,3304.89990234375,3304.89990234375,3304.300048828125,3304.60009765625,42.0
2025-05-29 08:55:00+00:00,3305.199951171875,3305.5,3304.800048828125,3304.800048828125,17.0
2025-05-29 08:56:00+00:00,3305.800048828125,3306.5,3279.300048828125,3305.199951171875,93.0
2025-05-29 08:57:00+00:00,3305.800048828125,3306.5,3305.5,3306.0,95.0
2025-05-29 08:58:00+00:00,3306.60009765625,3306.60009765625,3305.699951171875,3305.699951171875,38.0
2025-05-29 08:59:00+00:00,3306.300048828125,3306.39990234375,3306.10009765625,3306.39990234375,14.0
2025-05-29 09:00:00+00:00,3305.699951171875,3306.800048828125,3305.699951171875,3305.89990234375,65.0
2025-05-29 09:01:00+00:00,3305.5,3305.89990234375,3305.10009765625,3305.89990234375,93.0
2025-05-29 09:02:00+00:00,3305.800048828125,3306.0,3305.10009765625,3305.10009765625,32.0
2025-05-29 09:03:00+00:00,3305.199951171875,3305.699951171875,3305.10009765625,3305.60009765625,43.0
2025-05-29 09:04:00+00:00,3305.5,3305.699951171875,3305.0,3305.300048828125,51.0
2025-05-29 09:05:00+00:00,3305.10009765625,3305.5,3305.10009765625,3305.5,16.0
2025-05-29 09:06:00+00:00,3305.300048828125,3305.699951171875,3305.10009765625,3305.10009765625,17.0
2025-05-29 09:07:00+00:00,3305.300048828125,3305.699951171875,3305.10009765625,3305.10009765625,29.0
2025-05-29 09:08:00+00:00,3304.199951171875,3305.300048828125,3304.10009765625,3305.300048828125,66.0
2025-05-29 09:09:00+00:00,3304.5,3304.699951171875,3277.39990234375,3304.10009765625,42.0
2025-05-29 09:10:00+00:00,3304.5,3304.699951171875,3277.5,3304.699951171875,24.0
2025-05-29 09:11:00+00:00,3304.199951171875,3304.800048828125,3277.89990234375,3304.5,24.0
2025-05-29 09:12:00+00:00,3304.800048828125,3304.89990234375,3304.10009765625,3304.199951171875,35.0
2025-05-29 09:13:00+00:00,3304.39990234375,3304.699951171875,3304.199951171875,3304.699951171875,32.0
2025-05-29 09:14:00+00:00,3303.699951171875,3304.199951171875,3303.199951171875,3304.199951171875,59.0
2025-05-29 09:15:00+00:00,3303.0,3304.800048828125,3302.89990234375,3303.699951171875,100.0
2025-05-29 09:16:00+00:00,3302.89990234375,3303.699951171875,3302.699951171875,3303.300048828125,50.0
2025-05-29 09:17:00+00:00,3303.800048828125,3304.300048828125,3302.89990234375,3302.89990234375,54.0
2025-05-29 09:18:00+00:00,3303.699951171875,3304.0,3303.199951171875,3303.300048828125,16.0
2025-05-29 09:19:00+00:00,3303.800048828125,3304.10009765625,3303.60009765625,3303.699951171875,22.0
2025-05-29 09:20:00+00:00,3303.300048828125,3304.10009765625,3303.300048828125,3304.0,8.0
2025-05-29 09:21:00+00:00,3303.0,3303.0,3276.39990234375,3303.0,131.0
2025-05-29 09:22:00+00:00,3302.300048828125,3302.89990234375,3302.300048828125,3302.89990234375,46.0
2025-05-29 09:23:00+00:00,3301.60009765625,3302.699951171875,3275.0,3302.300048828125,40.0
2025-05-29 09:24:00+00:00,3301.199951171875,3301.800048828125,3300.89990234375,3301.5,93.0
2025-05-29 09:25:00+00:00,3300.60009765625,3301.5,3273.800048828125,3301.199951171875,160.0
2025-05-29 09:26:00+00:00,3301.39990234375,3301.39990234375,3273.800048828125,3300.5,69.0
2025-05-29 09:27:00+00:00,3302.89990234375,3302.89990234375,3275.0,3301.300048828125,87.0
2025-05-29 09:28:00+00:00,3303.300048828125,3304.0,3276.5,3302.89990234375,137.0
2025-05-29 09:29:00+00:00,3302.800048828125,3303.60009765625,3276.89990234375,3303.39990234375,71.0
2025-05-29 09:30:00+00:00,3302.89990234375,3303.10009765625,3275.60009765625,3302.60009765625,48.0
2025-05-29 09:40:00+00:00,3306.60009765625,3306.699951171875,3279.699951171875,3306.5,855.0
2025-05-29 09:41:00+00:00,3306.10009765625,3307.0,3280.39990234375,3306.5,58.0
2025-05-29 09:42:00+00:00,3306.60009765625,3307.199951171875,3280.39990234375,3305.89990234375,121.0
2025-05-29 09:43:00+00:00,3305.89990234375,3306.39990234375,3305.89990234375,3306.39990234375,31.0
2025-05-29 09:44:00+00:00,3306.199951171875,3306.199951171875,3305.800048828125,3306.10009765625,43.0
2025-05-29 09:45:00+00:00,3305.39990234375,3306.300048828125,3305.39990234375,3306.0,72.0
2025-05-29 09:46:00+00:00,3305.60009765625,3305.60009765625,3278.800048828125,3305.300048828125,30.0
2025-05-29 09:47:00+00:00,3304.699951171875,3305.39990234375,3278.39990234375,3305.300048828125,142.0
2025-05-29 09:48:00+00:00,3304.300048828125,3306.10009765625,3304.300048828125,3304.800048828125,245.0
2025-05-29 09:49:00+00:00,3304.199951171875,3304.5,3303.89990234375,3304.10009765625,31.0
2025-05-29 09:50:00+00:00,3304.300048828125,3304.300048828125,3304.0,3304.199951171875,17.0
2025-05-29 09:51:00+00:00,3304.5,3304.800048828125,3277.39990234375,3304.10009765625,33.0
2025-05-29 09:52:00+00:00,3304.800048828125,3304.800048828125,3277.5,3304.5,19.0
2025-05-29 09:53:00+00:00,3305.60009765625,3305.60009765625,3305.0,3305.0,38.0
2025-05-29 09:54:00+00:00,3305.60009765625,3306.300048828125,3305.5,3305.699951171875,21.0
2025-05-29 09:55:00+00:00,3305.5,3306.199951171875,3305.300048828125,3305.699951171875,62.0
2025-05-29 09:56:00+00:00,3304.699951171875,3305.800048828125,3278.60009765625,3305.5,90.0
2025-05-29 09:57:00+00:00,3305.5,3305.5,3304.5,3304.60009765625,33.0
2025-05-29 09:58:00+00:00,3305.699951171875,3306.300048828125,3305.5,3305.5,26.0
2025-05-29 09:59:00+00:00,3306.199951171875,3306.5,3279.800048828125,3306.0,30.0
2025-05-29 10:00:00+00:00,3307.0,3307.300048828125,3280.10009765625,3306.300048828125,0.0
2025-05-29 10:01:00+00:00,3308.699951171875,3309.89990234375,3280.39990234375,3307.10009765625,94018.0
2025-05-29 10:02:00+00:00,3310.5,3310.699951171875,3281.89990234375,3308.89990234375,285.0
2025-05-29 10:03:00+00:00,3310.699951171875,3311.60009765625,3310.0,3310.5,285.0
2025-05-29 10:04:00+00:00,3309.5,3310.5,3283.300048828125,3310.5,131.0
2025-05-29 10:05:00+00:00,3310.0,3310.5,3309.300048828125,3309.800048828125,177.0
2025-05-29 10:06:00+00:00,3309.800048828125,3310.60009765625,3309.800048828125,3310.10009765625,147.0
2025-05-29 10:07:00+00:00,3311.0,3311.0,3283.60009765625,3309.800048828125,60.0
2025-05-29 10:08:00+00:00,3311.699951171875,3311.699951171875,3310.800048828125,3310.89990234375,399.0
2025-05-29 10:09:00+00:00,3311.699951171875,3312.0,3311.39990234375,3311.800048828125,80.0
2025-05-29 10:10:00+00:00,3312.10009765625,3313.199951171875,3285.800048828125,3311.699951171875,375.0
2025-05-29 10:11:00+00:00,3312.300048828125,3312.5,3311.800048828125,3312.0,72.0
2025-05-29 10:12:00+00:00,3311.89990234375,3312.300048828125,3285.39990234375,3312.199951171875,114.0
2025-05-29 10:13:00+00:00,3311.800048828125,3312.0,3284.699951171875,3311.699951171875,52.0
2025-05-29 10:14:00+00:00,3313.199951171875,3313.89990234375,3286.89990234375,3312.10009765625,161.0
2025-05-29 10:15:00+00:00,3314.39990234375,3315.0,3286.800048828125,3313.300048828125,465.0
2025-05-29 10:16:00+00:00,3316.199951171875,3316.60009765625,3289.199951171875,3314.60009765625,275.0
2025-05-29 10:17:00+00:00,3316.39990234375,3316.89990234375,3289.5,3316.39990234375,199.0
2025-05-29 10:18:00+00:00,3317.800048828125,3318.300048828125,3290.0,3316.199951171875,327.0
2025-05-29 10:19:00+00:00,3319.300048828125,3319.89990234375,3291.800048828125,3317.699951171875,423.0
2025-05-29 10:20:00+00:00,3320.39990234375,3320.800048828125,3292.89990234375,3319.60009765625,495.0
2025-05-29 10:21:00+00:00,3321.39990234375,3321.699951171875,3294.5,3320.5,293.0
2025-05-29 10:22:00+00:00,3321.5,3321.800048828125,3294.699951171875,3321.5,222.0
2025-05-29 10:23:00+00:00,3320.10009765625,3322.39990234375,3294.0,3321.60009765625,480.0
2025-05-29 10:24:00+00:00,3321.699951171875,3321.699951171875,3294.699951171875,3320.199951171875,244.0
2025-05-29 10:25:00+00:00,3320.699951171875,3321.89990234375,3294.39990234375,3321.699951171875,189.0
2025-05-29 10:26:00+00:00,3321.699951171875,3322.199951171875,3294.60009765625,3320.800048828125,145.0
2025-05-29 10:27:00+00:00,3322.199951171875,3322.300048828125,3295.0,3295.10009765625,188.0
2025-05-29 10:28:00+00:00,3323.5,3323.699951171875,3295.300048828125,3322.199951171875,376.0
2025-05-29 10:29:00+00:00,3323.0,3324.300048828125,3297.0,3323.699951171875,286.0
2025-05-29 10:30:00+00:00,3323.300048828125,3323.60009765625,3296.199951171875,3323.10009765625,217.0
2025-05-29 10:31:00+00:00,3323.5,3323.89990234375,3296.699951171875,3323.60009765625,93.0
2025-05-29 10:32:00+00:00,3321.5,3323.60009765625,3320.699951171875,3323.60009765625,334.0
2025-05-29 10:33:00+00:00,3322.0,3322.60009765625,3295.300048828125,3321.5,122.0
2025-05-29 10:34:00+00:00,3323.0,3323.199951171875,3321.60009765625,3321.89990234375,102.0
2025-05-29 10:35:00+00:00,3322.800048828125,3323.5,3322.800048828125,3323.199951171875,53.0
2025-05-29 10:36:00+00:00,3321.800048828125,3322.699951171875,3321.60009765625,3322.699951171875,124.0
2025-05-29 10:37:00+00:00,3322.699951171875,3322.89990234375,3295.39990234375,3321.800048828125,109.0
2025-05-29 10:38:00+00:00,3322.300048828125,3323.0,3295.800048828125,3322.5,62.0
2025-05-29 10:39:00+00:00,3322.39990234375,3322.800048828125,3321.60009765625,3322.5,92.0
2025-05-29 10:40:00+00:00,3321.60009765625,3322.39990234375,3320.89990234375,3322.39990234375,113.0
2025-05-29 10:41:00+00:00,3320.800048828125,3321.800048828125,3320.699951171875,3321.800048828125,93.0
2025-05-29 10:42:00+00:00,3321.199951171875,3321.60009765625,3294.39990234375,3320.699951171875,76.0
2025-05-29 10:43:00+00:00,3321.10009765625,3321.39990234375,3294.39990234375,3321.10009765625,61.0
2025-05-29 10:44:00+00:00,3321.5,3321.60009765625,3294.800048828125,3321.39990234375,35.0
2025-05-29 10:45:00+00:00,3321.199951171875,3322.0,3294.0,3321.300048828125,198.0
2025-05-29 10:46:00+00:00,3320.89990234375,3321.300048828125,3320.699951171875,3321.199951171875,216.0
2025-05-29 10:47:00+00:00,3320.300048828125,3321.199951171875,3319.60009765625,3320.89990234375,387.0
2025-05-29 10:48:00+00:00,3321.0,3321.60009765625,3294.5,3320.39990234375,130.0
2025-05-29 10:49:00+00:00,3321.0,3321.199951171875,3320.699951171875,3320.800048828125,82.0
2025-05-29 10:50:00+00:00,3321.0,3321.60009765625,3320.89990234375,3321.0,40.0
2025-05-29 10:51:00+00:00,3321.5,3321.60009765625,3294.39990234375,3320.89990234375,21.0
2025-05-29 10:52:00+00:00,3321.800048828125,3322.300048828125,3295.300048828125,3321.60009765625,94.0
2025-05-29 10:53:00+00:00,3322.300048828125,3322.60009765625,3295.199951171875,3321.89990234375,93.0
2025-05-29 10:54:00+00:00,3323.699951171875,3323.699951171875,3296.10009765625,3322.39990234375,179.0
2025-05-29 10:55:00+00:00,3324.5,3324.800048828125,3297.10009765625,3297.10009765625,377.0
2025-05-29 10:56:00+00:00,3322.39990234375,3325.199951171875,3295.60009765625,3324.60009765625,384.0
2025-05-29 10:57:00+00:00,3322.5,3322.800048828125,3295.300048828125,3322.699951171875,130.0
2025-05-29 10:58:00+00:00,3321.89990234375,3322.800048828125,3294.800048828125,3322.60009765625,118.0
2025-05-29 10:59:00+00:00,3321.5,3321.89990234375,3321.300048828125,3321.800048828125,55.0
2025-05-29 11:00:00+00:00,3321.39990234375,3322.300048828125,3320.699951171875,3321.300048828125,92.0
2025-05-29 11:01:00+00:00,3322.10009765625,3322.800048828125,3294.60009765625,3294.60009765625,93.0
2025-05-29 11:02:00+00:00,3321.60009765625,3322.10009765625,3295.10009765625,3322.0,107.0
2025-05-29 11:03:00+00:00,3323.39990234375,3323.5,3321.300048828125,3321.60009765625,133.0
2025-05-29 11:04:00+00:00,3322.39990234375,3323.699951171875,3322.199951171875,3323.5,219.0
2025-05-29 11:05:00+00:00,3323.800048828125,3324.699951171875,3296.800048828125,3322.5,196.0
2025-05-29 11:06:00+00:00,3322.800048828125,3324.300048828125,3322.39990234375,3323.800048828125,114.0
2025-05-29 11:07:00+00:00,3321.39990234375,3322.800048828125,3294.699951171875,3322.800048828125,154.0
2025-05-29 11:08:00+00:00,3321.39990234375,3322.300048828125,3321.300048828125,3321.60009765625,84.0
2025-05-29 11:09:00+00:00,3322.0,3322.10009765625,3294.5,3321.300048828125,90.0
2025-05-29 11:10:00+00:00,3322.0,3322.5,3321.800048828125,3322.300048828125,31.0
2025-05-29 11:11:00+00:00,3321.5,3321.800048828125,3321.5,3321.60009765625,22.0
2025-05-29 11:12:00+00:00,3320.800048828125,3321.89990234375,3320.699951171875,3321.699951171875,81.0
2025-05-29 11:13:00+00:00,3321.89990234375,3321.89990234375,3320.800048828125,3320.800048828125,43.0
2025-05-29 11:14:00+00:00,3321.39990234375,3322.0,3294.699951171875,3321.39990234375,60.0
2025-05-29 11:15:00+00:00,3322.699951171875,3322.800048828125,3295.300048828125,3321.300048828125,153.0
2025-05-29 11:16:00+00:00,3321.89990234375,3322.60009765625,3321.89990234375,3322.39990234375,30.0
2025-05-29 11:17:00+00:00,3320.5,3322.10009765625,3294.0,3322.10009765625,81.0
2025-05-29 11:18:00+00:00,3320.39990234375,3321.10009765625,3320.10009765625,3320.39990234375,178.0
2025-05-29 11:19:00+00:00,3321.300048828125,3321.300048828125,3320.300048828125,3320.5,44.0
2025-05-29 11:20:00+00:00,3321.39990234375,3321.89990234375,3321.39990234375,3321.60009765625,23.0
2025-05-29 11:21:00+00:00,3321.89990234375,3322.0,3321.300048828125,3321.39990234375,28.0
2025-05-29 11:22:00+00:00,3322.60009765625,3322.60009765625,3322.0,3322.10009765625,34.0
2025-05-29 11:23:00+00:00,3323.39990234375,3323.39990234375,3295.699951171875,3322.60009765625,96.0
2025-05-29 11:24:00+00:00,3323.199951171875,3323.60009765625,3322.800048828125,3323.300048828125,155.0
2025-05-29 11:25:00+00:00,3323.60009765625,3324.10009765625,3322.800048828125,3323.300048828125,126.0
2025-05-29 11:26:00+00:00,3323.10009765625,3324.199951171875,3323.10009765625,3323.800048828125,72.0
2025-05-29 11:27:00+00:00,3323.89990234375,3324.199951171875,3323.10009765625,3323.10009765625,81.0
2025-05-29 11:28:00+00:00,3324.5,3324.5,3323.10009765625,3323.800048828125,92.0
2025-05-29 11:29:00+00:00,3326.800048828125,3327.0,3298.300048828125,3324.5,743.0
2025-05-29 11:30:00+00:00,3325.5,3327.0,3299.5,3326.800048828125,337.0
2025-05-29 11:31:00+00:00,3327.199951171875,3327.5,3300.0,3325.800048828125,243.0
2025-05-29 11:32:00+00:00,3328.699951171875,3329.5,3300.699951171875,3300.699951171875,538.0
2025-05-29 11:33:00+00:00,3327.39990234375,3329.5,3300.800048828125,3328.60009765625,413.0
2025-05-29 11:34:00+00:00,3326.699951171875,3327.5,3299.800048828125,3327.5,108.0
2025-05-29 11:35:00+00:00,3325.699951171875,3326.800048828125,3299.199951171875,3326.699951171875,203.0
2025-05-29 11:36:00+00:00,3325.800048828125,3326.300048828125,3298.300048828125,3299.10009765625,84.0
2025-05-29 11:37:00+00:00,3325.199951171875,3326.0,3298.0,3325.800048828125,147.0
2025-05-29 11:38:00+00:00,3324.300048828125,3325.300048828125,3297.10009765625,3325.199951171875,116.0
2025-05-29 11:39:00+00:00,3325.0,3325.10009765625,3324.199951171875,3324.199951171875,87.0
2025-05-29 11:40:00+00:00,3326.10009765625,3327.0,3324.5,3325.10009765625,103.0
2025-05-29 11:41:00+00:00,3325.89990234375,3326.699951171875,3299.39990234375,3326.39990234375,40.0
2025-05-29 11:42:00+00:00,3325.300048828125,3326.10009765625,3298.800048828125,3326.0,105.0
2025-05-29 11:43:00+00:00,3326.199951171875,3326.39990234375,3298.60009765625,3298.60009765625,59.0
2025-05-29 11:44:00+00:00,3326.300048828125,3326.60009765625,3325.60009765625,3326.199951171875,85.0
2025-05-29 11:45:00+00:00,3326.300048828125,3326.800048828125,3326.10009765625,3326.199951171875,56.0
2025-05-29 11:46:00+00:00,3327.199951171875,3327.39990234375,3325.699951171875,3326.199951171875,207.0
2025-05-29 11:47:00+00:00,3328.39990234375,3328.39990234375,3300.699951171875,3327.5,222.0
2025-05-29 11:48:00+00:00,3328.300048828125,3329.0,3301.300048828125,3328.199951171875,185.0
2025-05-29 11:49:00+00:00,3329.699951171875,3330.0,3328.10009765625,3328.300048828125,491.0
2025-05-29 11:50:00+00:00,3328.60009765625,3330.60009765625,3301.699951171875,3329.699951171875,356.0
2025-05-29 11:51:00+00:00,3328.39990234375,3329.10009765625,3301.60009765625,3328.60009765625,131.0
2025-05-29 11:52:00+00:00,3328.199951171875,3328.800048828125,3301.5,3328.60009765625,210.0
2025-05-29 11:53:00+00:00,3327.699951171875,3328.39990234375,3300.800048828125,3328.10009765625,108.0
2025-05-29 11:54:00+00:00,3326.10009765625,3327.699951171875,3300.199951171875,3327.60009765625,199.0
2025-05-29 11:55:00+00:00,3324.5,3326.0,3298.39990234375,3326.0,201.0
2025-05-29 11:56:00+00:00,3324.699951171875,3325.39990234375,3324.39990234375,3324.699951171875,94.0
2025-05-29 11:57:00+00:00,3324.5,3325.60009765625,3297.699951171875,3324.699951171875,163.0
2025-05-29 11:58:00+00:00,3324.800048828125,3325.0,3297.800048828125,3324.800048828125,97.0
2025-05-29 11:59:00+00:00,3324.199951171875,3325.10009765625,3297.39990234375,3324.89990234375,123.0
2025-05-29 12:00:00+00:00,3324.5,3325.300048828125,3323.89990234375,3324.60009765625,204.0
2025-05-29 12:01:00+00:00,3324.5,3324.699951171875,3323.39990234375,3324.300048828125,234.0
2025-05-29 12:02:00+00:00,3326.0,3326.39990234375,3324.300048828125,3324.5,145.0
2025-05-29 12:03:00+00:00,3326.199951171875,3326.60009765625,3299.300048828125,3325.89990234375,87.0
2025-05-29 12:04:00+00:00,3327.0,3327.60009765625,3300.5,3326.5,182.0
2025-05-29 12:05:00+00:00,3326.5,3328.300048828125,3324.699951171875,3327.10009765625,341.0
2025-05-29 12:06:00+00:00,3325.5,3326.699951171875,3299.0,3326.39990234375,100.0
2025-05-29 12:07:00+00:00,3326.699951171875,3326.800048828125,3299.0,3325.39990234375,195.0
2025-05-29 12:08:00+00:00,3326.10009765625,3327.5,3299.60009765625,3300.10009765625,93.0
2025-05-29 12:09:00+00:00,3327.0,3327.39990234375,3325.300048828125,3326.199951171875,83.0
2025-05-29 12:10:00+00:00,3328.800048828125,3328.89990234375,3302.0,3327.5,232.0
2025-05-29 12:11:00+00:00,3328.39990234375,3329.699951171875,3302.199951171875,3329.0,161.0
2025-05-29 12:12:00+00:00,3328.39990234375,3329.39990234375,3302.199951171875,3328.60009765625,99.0
2025-05-29 12:13:00+00:00,3328.0,3328.699951171875,3327.300048828125,3328.5,94.0
2025-05-29 12:14:00+00:00,3329.300048828125,3329.699951171875,3301.39990234375,3327.89990234375,138.0
2025-05-29 12:15:00+00:00,3331.39990234375,3331.60009765625,3303.0,3329.39990234375,436.0
2025-05-29 12:16:00+00:00,3332.5,3333.10009765625,3305.0,3331.199951171875,677.0
2025-05-29 12:17:00+00:00,3334.800048828125,3335.300048828125,3307.199951171875,3332.5,652.0
2025-05-29 12:18:00+00:00,3334.5,3335.60009765625,3308.199951171875,3335.0,327.0
2025-05-29 12:19:00+00:00,3333.800048828125,3335.199951171875,3307.10009765625,3334.699951171875,267.0
2025-05-29 12:20:00+00:00,3335.39990234375,3336.199951171875,3307.10009765625,3333.800048828125,510.0
2025-05-29 12:21:00+00:00,3333.199951171875,3335.60009765625,3306.89990234375,3335.5,196.0
2025-05-29 12:22:00+00:00,3333.89990234375,3334.60009765625,3306.5,3333.199951171875,198.0
2025-05-29 12:23:00+00:00,3335.0,3335.5,3308.0,3334.0,226.0
2025-05-29 12:24:00+00:00,3334.39990234375,3336.39990234375,3334.199951171875,3335.10009765625,185.0
2025-05-29 12:25:00+00:00,3333.800048828125,3334.89990234375,3307.5,3334.300048828125,151.0
2025-05-29 12:26:00+00:00,3333.60009765625,3335.0,3307.199951171875,3334.0,130.0
2025-05-29 12:27:00+00:00,3333.800048828125,3335.39990234375,3306.89990234375,3333.699951171875,274.0
2025-05-29 12:28:00+00:00,3334.10009765625,3334.300048828125,3306.800048828125,3334.0,305.0
2025-05-29 12:29:00+00:00,3334.699951171875,3335.0,3307.199951171875,3334.300048828125,175.0
2025-05-29 12:30:00+00:00,3337.39990234375,3337.800048828125,3309.39990234375,3335.0,846.0
2025-05-29 12:31:00+00:00,3336.800048828125,3337.800048828125,3310.0,3337.199951171875,437.0
2025-05-29 12:32:00+00:00,3336.699951171875,3338.5,3310.0,3337.0,444.0
2025-05-29 12:33:00+00:00,3337.39990234375,3337.699951171875,3309.0,3336.60009765625,681.0
2025-05-29 12:34:00+00:00,3311.39990234375,3338.39990234375,3310.199951171875,3337.5,0.0
2025-05-29 12:35:00+00:00,3312.300048828125,3340.10009765625,3312.199951171875,3337.800048828125,8.0
2025-05-29 12:36:00+00:00,3336.5,3339.0,3310.300048828125,3312.300048828125,121956.0
2025-05-29 12:37:00+00:00,3337.699951171875,3337.800048828125,3335.800048828125,3336.39990234375,231.0
2025-05-29 12:38:00+00:00,3336.699951171875,3338.10009765625,3336.300048828125,3337.699951171875,145.0
2025-05-29 12:39:00+00:00,3336.199951171875,3338.300048828125,3311.199951171875,3337.0,222.0
2025-05-29 12:40:00+00:00,3335.5,3337.60009765625,3309.5,3310.5,147.0
2025-05-29 12:41:00+00:00,3335.699951171875,3336.5,3308.0,3335.5,257.0
2025-05-29 12:42:00+00:00,3337.10009765625,3337.39990234375,3335.699951171875,3335.89990234375,154.0
2025-05-29 12:43:00+00:00,3336.800048828125,3337.5,3335.5,3336.800048828125,101.0
2025-05-29 12:44:00+00:00,3338.199951171875,3338.60009765625,3310.5,3336.699951171875,192.0
2025-05-29 12:45:00+00:00,3339.0,3339.39990234375,3311.39990234375,3338.300048828125,217.0
2025-05-29 12:46:00+00:00,3338.89990234375,3339.199951171875,3312.10009765625,3339.199951171875,268.0
2025-05-29 12:47:00+00:00,3339.10009765625,3340.699951171875,3311.800048828125,3339.0,651.0
2025-05-29 12:48:00+00:00,3337.89990234375,3339.800048828125,3311.5,3339.300048828125,343.0
2025-05-29 12:49:00+00:00,3336.89990234375,3338.300048828125,3310.199951171875,3338.10009765625,362.0
2025-05-29 12:50:00+00:00,3336.300048828125,3336.89990234375,3309.0,3336.89990234375,224.0
2025-05-29 12:51:00+00:00,3335.300048828125,3336.300048828125,3309.39990234375,3336.199951171875,99.0
2025-05-29 12:52:00+00:00,3335.199951171875,3336.0,3307.699951171875,3335.5,313.0
2025-05-29 12:53:00+00:00,3335.89990234375,3336.39990234375,3309.199951171875,3335.199951171875,88.0
2025-05-29 12:54:00+00:00,3336.199951171875,3337.0,3309.699951171875,3336.199951171875,134.0
2025-05-29 12:55:00+00:00,3338.699951171875,3339.300048828125,3312.39990234375,3336.300048828125,359.0
2025-05-29 12:56:00+00:00,3338.89990234375,3340.10009765625,3312.699951171875,3338.89990234375,156.0
2025-05-29 12:57:00+00:00,3340.300048828125,3340.39990234375,3338.10009765625,3338.60009765625,329.0
2025-05-29 12:58:00+00:00,3342.10009765625,3342.10009765625,3313.699951171875,3340.39990234375,419.0
2025-05-29 12:59:00+00:00,3341.300048828125,3342.300048828125,3315.199951171875,3315.199951171875,243.0
2025-05-29 13:00:00+00:00,3342.39990234375,3343.5,3313.89990234375,3341.5,933.0
2025-05-29 13:01:00+00:00,3339.89990234375,3343.300048828125,3314.800048828125,3342.39990234375,470.0
2025-05-29 13:02:00+00:00,3339.800048828125,3340.199951171875,3312.800048828125,3340.0,468.0
2025-05-29 13:03:00+00:00,3337.5,3339.89990234375,3312.699951171875,3339.89990234375,346.0
2025-05-29 13:04:00+00:00,3336.199951171875,3338.0,3309.5,3337.699951171875,447.0
2025-05-29 13:05:00+00:00,3336.0,3337.5,3335.39990234375,3336.199951171875,295.0
2025-05-29 13:06:00+00:00,3335.800048828125,3336.0,3335.0,3335.800048828125,207.0
2025-05-29 13:07:00+00:00,3335.699951171875,3337.10009765625,3309.5,3335.89990234375,209.0
2025-05-29 13:08:00+00:00,3335.39990234375,3336.699951171875,3309.10009765625,3335.699951171875,147.0
2025-05-29 13:09:00+00:00,3335.89990234375,3336.60009765625,3335.39990234375,3335.60009765625,223.0
2025-05-29 13:10:00+00:00,3338.800048828125,3338.800048828125,3309.60009765625,3335.89990234375,257.0
2025-05-29 13:11:00+00:00,3338.10009765625,3340.300048828125,3311.800048828125,3338.699951171875,420.0
2025-05-29 13:12:00+00:00,3336.89990234375,3338.5,3310.5,3338.10009765625,217.0
2025-05-29 13:13:00+00:00,3336.199951171875,3337.300048828125,3309.699951171875,3336.89990234375,241.0
2025-05-29 13:14:00+00:00,3335.89990234375,3337.0,3308.89990234375,3336.199951171875,343.0
2025-05-29 13:15:00+00:00,3337.300048828125,3337.39990234375,3309.39990234375,3309.39990234375,192.0
2025-05-29 13:16:00+00:00,3336.89990234375,3338.0,3310.5,3337.199951171875,285.0
2025-05-29 13:17:00+00:00,3338.199951171875,3338.199951171875,3336.699951171875,3337.0,55.0
2025-05-29 13:18:00+00:00,3338.5,3339.199951171875,3312.199951171875,3338.10009765625,256.0
2025-05-29 13:19:00+00:00,3339.39990234375,3339.5,3312.10009765625,3338.300048828125,200.0
2025-05-29 13:20:00+00:00,3340.60009765625,3340.89990234375,3313.10009765625,3339.10009765625,279.0
2025-05-29 13:21:00+00:00,3340.5,3341.0,3339.89990234375,3340.60009765625,106.0
2025-05-29 13:22:00+00:00,3340.800048828125,3341.10009765625,3340.10009765625,3340.5,121.0
2025-05-29 13:23:00+00:00,3343.10009765625,3343.199951171875,3314.39990234375,3340.60009765625,388.0
2025-05-29 13:24:00+00:00,3342.89990234375,3343.699951171875,3316.0,3342.89990234375,280.0
2025-05-29 13:25:00+00:00,3316.60009765625,3343.60009765625,3316.0,3342.5,0.0
2025-05-29 13:26:00+00:00,3342.5,3344.0,3315.699951171875,3343.300048828125,134531.0
2025-05-29 13:27:00+00:00,3343.199951171875,3343.60009765625,3316.199951171875,3342.300048828125,442.0
2025-05-29 13:28:00+00:00,3343.0,3343.699951171875,3315.5,3343.300048828125,190.0
2025-05-29 13:29:00+00:00,3343.5,3343.699951171875,3342.800048828125,3343.0,706.0
2025-05-29 13:30:00+00:00,3344.60009765625,3346.0,3316.39990234375,3343.60009765625,709.0
2025-05-29 13:31:00+00:00,3345.800048828125,3346.0,3318.0,3318.300048828125,462.0
2025-05-29 13:32:00+00:00,3345.800048828125,3347.199951171875,3319.10009765625,3319.39990234375,549.0
2025-05-29 13:33:00+00:00,3343.800048828125,3346.5,3319.10009765625,3346.0,546.0
2025-05-29 13:34:00+00:00,3342.5,3345.699951171875,3315.89990234375,3343.800048828125,842.0
2025-05-29 13:35:00+00:00,3343.10009765625,3343.39990234375,3314.199951171875,3315.0,595.0
2025-05-29 13:36:00+00:00,3342.60009765625,3344.60009765625,3316.699951171875,3343.0,429.0
2025-05-29 13:37:00+00:00,3341.10009765625,3343.199951171875,3314.39990234375,3342.5,383.0
2025-05-29 13:38:00+00:00,3340.300048828125,3341.10009765625,3313.39990234375,3341.10009765625,322.0
2025-05-29 13:39:00+00:00,3339.89990234375,3340.699951171875,3312.699951171875,3340.39990234375,256.0
2025-05-29 13:40:00+00:00,3339.89990234375,3340.300048828125,3312.300048828125,3339.60009765625,178.0
2025-05-29 13:41:00+00:00,3340.10009765625,3341.300048828125,3313.5,3339.89990234375,265.0
2025-05-29 13:42:00+00:00,3339.10009765625,3340.10009765625,3311.60009765625,3339.800048828125,224.0
2025-05-29 13:43:00+00:00,3338.199951171875,3339.300048828125,3311.699951171875,3339.10009765625,240.0
2025-05-29 13:44:00+00:00,3337.5,3339.300048828125,3311.0,3338.300048828125,263.0
2025-05-29 13:45:00+00:00,3338.199951171875,3338.60009765625,3337.0,3337.800048828125,325.0
2025-05-29 13:47:00+00:00,3339.300048828125,3339.60009765625,3311.5,3337.39990234375,1614.0
2025-05-29 13:48:00+00:00,3338.800048828125,3341.300048828125,3312.300048828125,3339.5,496.0
2025-05-29 13:49:00+00:00,3339.800048828125,3340.199951171875,3311.800048828125,3338.5,210.0
2025-05-29 13:50:00+00:00,3341.39990234375,3341.699951171875,3339.0,3339.699951171875,442.0
2025-05-29 13:51:00+00:00,3342.199951171875,3342.5,3315.199951171875,3341.39990234375,298.0
2025-05-29 13:52:00+00:00,3343.800048828125,3343.89990234375,3315.300048828125,3315.300048828125,346.0
2025-05-29 13:53:00+00:00,3342.300048828125,3344.0,3315.800048828125,3343.699951171875,184.0
2025-05-29 13:54:00+00:00,3344.699951171875,3345.10009765625,3344.5,3344.800048828125,544.0
2025-05-29 13:55:00+00:00,3342.699951171875,3344.800048828125,3342.5,3344.60009765625,320.0
2025-05-29 13:56:00+00:00,3342.199951171875,3343.0,3315.60009765625,3342.699951171875,334.0
2025-05-29 13:57:00+00:00,3338.800048828125,3342.39990234375,3312.300048828125,3342.39990234375,245.0
2025-05-29 13:58:00+00:00,3338.0,3339.0,3311.699951171875,3338.699951171875,273.0
2025-05-29 13:59:00+00:00,3337.300048828125,3339.39990234375,3310.39990234375,3338.10009765625,586.0
2025-05-29 14:00:00+00:00,3338.39990234375,3339.5,3311.60009765625,3337.5,903.0
2025-05-29 14:01:00+00:00,3337.0,3340.0,3311.800048828125,3338.199951171875,591.0
2025-05-29 14:02:00+00:00,3335.10009765625,3336.89990234375,3308.39990234375,3336.89990234375,787.0
2025-05-29 14:03:00+00:00,3337.800048828125,3338.5,3334.699951171875,3335.10009765625,392.0
2025-05-29 14:04:00+00:00,3337.39990234375,3338.5,3310.89990234375,3337.89990234375,287.0
2025-05-29 14:05:00+00:00,3340.0,3340.39990234375,3312.300048828125,3337.39990234375,340.0
2025-05-29 14:06:00+00:00,3341.800048828125,3342.199951171875,3314.199951171875,3340.5,425.0
2025-05-29 14:07:00+00:00,3341.60009765625,3342.800048828125,3315.5,3341.89990234375,348.0
2025-05-29 14:08:00+00:00,3341.89990234375,3343.5,3341.60009765625,3341.800048828125,259.0
2025-05-29 14:09:00+00:00,3342.699951171875,3342.800048828125,3341.199951171875,3342.0,278.0
2025-05-29 14:10:00+00:00,3343.39990234375,3344.699951171875,3316.0,3342.800048828125,448.0
2025-05-29 14:11:00+00:00,3343.10009765625,3344.300048828125,3316.5,3343.60009765625,207.0
2025-05-29 14:12:00+00:00,3341.300048828125,3343.300048828125,3315.60009765625,3316.199951171875,204.0
2025-05-29 14:13:00+00:00,3341.60009765625,3342.0,3315.10009765625,3341.300048828125,103.0
2025-05-29 14:14:00+00:00,3342.5,3342.699951171875,3314.5,3341.5,200.0
2025-05-29 14:15:00+00:00,3341.699951171875,3342.300048828125,3314.699951171875,3342.300048828125,154.0
2025-05-29 14:16:00+00:00,3342.199951171875,3342.60009765625,3315.5,3341.800048828125,77.0
2025-05-29 14:17:00+00:00,3342.60009765625,3342.800048828125,3315.0,3342.10009765625,70.0
2025-05-29 14:18:00+00:00,3341.699951171875,3342.5,3315.199951171875,3342.5,79.0
2025-05-29 14:19:00+00:00,3341.10009765625,3342.39990234375,3314.5,3342.0,189.0
2025-05-29 14:20:00+00:00,3339.89990234375,3342.300048828125,3314.5,3341.300048828125,309.0
2025-05-29 14:21:00+00:00,3340.300048828125,3340.89990234375,3312.800048828125,3340.10009765625,274.0
2025-05-29 14:22:00+00:00,3339.39990234375,3342.699951171875,3313.800048828125,3313.800048828125,133.0
2025-05-29 14:23:00+00:00,3339.300048828125,3339.699951171875,3311.699951171875,3339.39990234375,251.0
2025-05-29 14:24:00+00:00,3339.699951171875,3340.89990234375,3339.300048828125,3339.300048828125,205.0
2025-05-29 14:25:00+00:00,3338.699951171875,3339.5,3311.10009765625,3339.5,488.0
2025-05-29 14:26:00+00:00,3337.60009765625,3338.800048828125,3311.699951171875,3338.699951171875,91.0
2025-05-29 14:27:00+00:00,3335.5,3337.800048828125,3335.39990234375,3337.60009765625,372.0
2025-05-29 14:28:00+00:00,3335.199951171875,3335.89990234375,3308.199951171875,3335.60009765625,280.0
2025-05-29 14:29:00+00:00,3335.39990234375,3336.199951171875,3308.699951171875,3335.199951171875,238.0
2025-05-29 14:30:00+00:00,3333.60009765625,3336.699951171875,3308.0,3335.39990234375,384.0
2025-05-29 14:31:00+00:00,3333.5,3333.800048828125,3305.60009765625,3333.60009765625,867.0
2025-05-29 14:32:00+00:00,3334.300048828125,3335.199951171875,3308.199951171875,3333.39990234375,278.0
2025-05-29 14:33:00+00:00,3335.300048828125,3335.5,3308.10009765625,3334.199951171875,226.0
2025-05-29 14:34:00+00:00,3337.0,3337.0,3308.699951171875,3335.199951171875,365.0
2025-05-29 14:35:00+00:00,3336.5,3337.10009765625,3334.800048828125,3336.89990234375,316.0
2025-05-29 14:36:00+00:00,3334.800048828125,3336.60009765625,3310.0,3310.0,129.0
2025-05-29 14:37:00+00:00,3333.800048828125,3335.5,3307.300048828125,3334.60009765625,205.0
2025-05-29 14:38:00+00:00,3334.0,3334.800048828125,3307.300048828125,3333.699951171875,94.0
2025-05-29 14:39:00+00:00,3333.5,3334.39990234375,3306.89990234375,3333.89990234375,164.0
2025-05-29 14:40:00+00:00,3331.699951171875,3333.5,3305.199951171875,3333.5,375.0
2025-05-29 14:41:00+00:00,3332.0,3333.199951171875,3304.800048828125,3331.5,420.0
2025-05-29 14:42:00+00:00,3330.300048828125,3332.0,3329.0,3331.800048828125,523.0
2025-05-29 14:43:00+00:00,3330.300048828125,3331.10009765625,3303.39990234375,3303.39990234375,339.0
2025-05-29 14:44:00+00:00,3332.39990234375,3332.39990234375,3303.0,3330.199951171875,289.0
2025-05-29 14:45:00+00:00,3333.699951171875,3333.800048828125,3306.5,3332.39990234375,245.0
2025-05-29 14:46:00+00:00,3335.5,3335.60009765625,3308.300048828125,3333.699951171875,337.0
2025-05-29 14:47:00+00:00,3336.5,3336.5,3335.0,3335.60009765625,324.0
2025-05-29 14:48:00+00:00,3336.800048828125,3337.10009765625,3309.800048828125,3336.5,273.0
2025-05-29 14:49:00+00:00,3336.800048828125,3337.300048828125,3309.5,3337.0,577.0
2025-05-29 14:50:00+00:00,3337.0,3337.89990234375,3336.5,3336.699951171875,275.0
2025-05-29 14:51:00+00:00,3337.0,3338.0,3336.699951171875,3337.0,120.0
2025-05-29 14:52:00+00:00,3336.300048828125,3337.5,3309.89990234375,3337.199951171875,217.0
2025-05-29 14:53:00+00:00,3336.10009765625,3336.39990234375,3309.39990234375,3336.199951171875,558.0
2025-05-29 14:54:00+00:00,3335.800048828125,3336.5,3309.89990234375,3336.199951171875,73.0
2025-05-29 14:55:00+00:00,3337.0,3337.10009765625,3335.699951171875,3335.89990234375,106.0
2025-05-29 14:56:00+00:00,3337.60009765625,3338.60009765625,3336.800048828125,3336.89990234375,266.0
2025-05-29 14:57:00+00:00,3335.699951171875,3337.5,3309.0,3337.5,236.0
2025-05-29 14:58:00+00:00,3335.10009765625,3336.60009765625,3309.199951171875,3335.89990234375,172.0
2025-05-29 14:59:00+00:00,3334.699951171875,3335.300048828125,3307.89990234375,3334.800048828125,79.0
2025-05-29 15:00:00+00:00,3308.300048828125,3335.39990234375,3308.199951171875,3334.89990234375,190.0
2025-05-29 15:01:00+00:00,3336.800048828125,3337.10009765625,3334.60009765625,3334.800048828125,135.0
2025-05-29 15:02:00+00:00,3337.60009765625,3337.89990234375,3310.60009765625,3336.89990234375,90.0
2025-05-29 15:03:00+00:00,3338.39990234375,3338.5,3311.10009765625,3337.5,141.0
2025-05-29 15:04:00+00:00,3339.0,3339.300048828125,3338.39990234375,3338.5,261.0
2025-05-29 15:05:00+00:00,3339.60009765625,3339.60009765625,3312.10009765625,3339.199951171875,202.0
2025-05-29 15:06:00+00:00,3313.10009765625,3341.10009765625,3312.800048828125,3339.5,0.0
2025-05-29 15:07:00+00:00,3340.60009765625,3340.699951171875,3313.10009765625,3339.5,163509.0
2025-05-29 15:08:00+00:00,3340.699951171875,3340.800048828125,3314.0,3340.300048828125,164.0
2025-05-29 15:09:00+00:00,3341.300048828125,3341.39990234375,3313.89990234375,3340.699951171875,206.0
2025-05-29 15:10:00+00:00,3339.60009765625,3341.699951171875,3313.300048828125,3341.199951171875,285.0
2025-05-29 15:11:00+00:00,3313.199951171875,3340.39990234375,3312.800048828125,3339.39990234375,0.0
2025-05-29 15:12:00+00:00,3341.300048828125,3341.800048828125,3313.300048828125,3339.699951171875,164299.0
2025-05-29 15:13:00+00:00,3341.60009765625,3341.800048828125,3340.699951171875,3341.300048828125,111.0
2025-05-29 15:14:00+00:00,3340.5,3341.5,3340.300048828125,3341.199951171875,123.0
2025-05-29 15:15:00+00:00,3340.0,3340.699951171875,3339.60009765625,3340.699951171875,127.0
2025-05-29 15:16:00+00:00,3340.89990234375,3341.199951171875,3313.60009765625,3340.10009765625,61.0
2025-05-29 15:17:00+00:00,3340.89990234375,3342.0,3314.10009765625,3341.0,160.0
2025-05-29 15:18:00+00:00,3340.5,3340.89990234375,3313.800048828125,3340.800048828125,74.0
2025-05-29 15:19:00+00:00,3340.39990234375,3340.60009765625,3339.699951171875,3340.5,84.0
2025-05-29 15:20:00+00:00,3340.39990234375,3340.699951171875,3340.0,3340.199951171875,41.0
2025-05-29 15:21:00+00:00,3339.199951171875,3340.5,3339.0,3340.199951171875,138.0
2025-05-29 15:22:00+00:00,3339.39990234375,3340.0,3312.60009765625,3339.10009765625,84.0
2025-05-29 15:23:00+00:00,3340.0,3340.10009765625,3339.199951171875,3339.60009765625,33.0
2025-05-29 15:24:00+00:00,3313.699951171875,3340.39990234375,3313.60009765625,3340.10009765625,0.0
2025-05-29 15:25:00+00:00,3339.199951171875,3340.39990234375,3339.0,3340.0,165424.0
2025-05-29 15:26:00+00:00,3339.699951171875,3339.699951171875,3312.60009765625,3312.89990234375,37.0
2025-05-29 15:27:00+00:00,3339.39990234375,3340.39990234375,3312.89990234375,3339.89990234375,64.0
2025-05-29 15:28:00+00:00,3340.5,3340.60009765625,3314.0,3339.60009765625,78.0
2025-05-29 15:29:00+00:00,3340.699951171875,3341.199951171875,3339.699951171875,3340.39990234375,97.0
2025-05-29 15:30:00+00:00,3340.800048828125,3341.300048828125,3314.0,3340.699951171875,122.0
2025-05-29 15:31:00+00:00,3340.89990234375,3341.39990234375,3314.5,3340.800048828125,88.0
2025-05-29 15:32:00+00:00,3340.0,3341.10009765625,3339.60009765625,3341.10009765625,80.0
2025-05-29 15:33:00+00:00,3340.199951171875,3341.0,3340.10009765625,3340.10009765625,64.0
2025-05-29 15:34:00+00:00,3340.300048828125,3340.5,3339.89990234375,3340.10009765625,70.0
2025-05-29 15:35:00+00:00,3340.5,3340.800048828125,3313.300048828125,3340.300048828125,145.0
2025-05-29 15:36:00+00:00,3314.800048828125,3341.699951171875,3314.800048828125,3340.39990234375,0.0
2025-05-29 15:37:00+00:00,3341.699951171875,3342.5,3341.39990234375,3341.5,166535.0
2025-05-29 15:38:00+00:00,3340.800048828125,3341.699951171875,3340.60009765625,3341.699951171875,78.0
2025-05-29 15:39:00+00:00,3340.89990234375,3341.300048828125,3314.10009765625,3340.800048828125,73.0
2025-05-29 15:40:00+00:00,3340.0,3341.199951171875,3339.60009765625,3341.10009765625,86.0
2025-05-29 15:41:00+00:00,3339.199951171875,3339.89990234375,3339.199951171875,3339.60009765625,37.0
2025-05-29 15:42:00+00:00,3339.800048828125,3339.89990234375,3339.10009765625,3339.39990234375,85.0
2025-05-29 15:43:00+00:00,3341.39990234375,3341.39990234375,3313.199951171875,3340.0,91.0
2025-05-29 15:44:00+00:00,3341.300048828125,3341.5,3341.199951171875,3341.5,44.0
2025-05-29 15:45:00+00:00,3342.199951171875,3342.300048828125,3341.199951171875,3341.199951171875,154.0
2025-05-29 15:46:00+00:00,3341.89990234375,3342.39990234375,3341.60009765625,3342.199951171875,90.0
2025-05-29 15:47:00+00:00,3343.199951171875,3343.300048828125,3341.699951171875,3341.89990234375,149.0
2025-05-29 15:48:00+00:00,3343.199951171875,3343.5,3342.5,3343.199951171875,352.0
2025-05-29 15:49:00+00:00,3343.5,3344.0,3343.0,3343.10009765625,107.0
2025-05-29 15:50:00+00:00,3342.39990234375,3344.0,3342.39990234375,3343.5,527.0
2025-05-29 15:51:00+00:00,3342.89990234375,3343.39990234375,3341.699951171875,3342.5,218.0
2025-05-29 15:52:00+00:00,3342.5,3343.0,3342.39990234375,3343.0,62.0
2025-05-29 15:53:00+00:00,3341.39990234375,3342.60009765625,3341.39990234375,3342.10009765625,261.0
2025-05-29 15:54:00+00:00,3342.60009765625,3342.89990234375,3341.0,3341.39990234375,277.0
2025-05-29 15:55:00+00:00,3343.300048828125,3344.10009765625,3317.39990234375,3342.699951171875,199.0
2025-05-29 15:56:00+00:00,3344.300048828125,3344.39990234375,3317.10009765625,3343.699951171875,123.0
2025-05-29 15:57:00+00:00,3345.5,3345.699951171875,3317.800048828125,3344.39990234375,607.0
2025-05-29 15:58:00+00:00,3345.699951171875,3346.0,3345.10009765625,3345.39990234375,421.0
2025-05-29 15:59:00+00:00,3346.199951171875,3346.800048828125,3319.60009765625,3345.5,850.0
2025-05-29 16:00:00+00:00,3346.5,3347.0,3319.699951171875,3346.199951171875,491.0
2025-05-29 16:01:00+00:00,3344.60009765625,3346.39990234375,3318.39990234375,3346.39990234375,483.0
2025-05-29 16:02:00+00:00,3346.0,3346.39990234375,3344.300048828125,3344.699951171875,146.0
2025-05-29 16:03:00+00:00,3320.199951171875,3346.89990234375,3319.10009765625,3346.0,0.0
2025-05-29 16:04:00+00:00,3351.199951171875,3351.300048828125,3320.199951171875,3320.199951171875,173400.0
2025-05-29 16:05:00+00:00,3350.5,3353.39990234375,3324.39990234375,3351.0,1288.0
2025-05-29 16:06:00+00:00,3351.300048828125,3351.60009765625,3323.89990234375,3350.699951171875,249.0
2025-05-29 16:07:00+00:00,3351.10009765625,3351.800048828125,3350.5,3351.5,238.0
2025-05-29 16:08:00+00:00,3353.0,3353.0,3350.800048828125,3351.10009765625,274.0
2025-05-29 16:09:00+00:00,3351.10009765625,3353.39990234375,3350.800048828125,3353.0,466.0
2025-05-29 16:10:00+00:00,3350.800048828125,3351.199951171875,3323.89990234375,3351.199951171875,868.0
2025-05-29 16:11:00+00:00,3351.300048828125,3351.89990234375,3324.5,3350.800048828125,116.0
2025-05-29 16:12:00+00:00,3352.39990234375,3352.800048828125,3351.39990234375,3351.60009765625,439.0
2025-05-29 16:13:00+00:00,3352.89990234375,3353.300048828125,3352.199951171875,3352.39990234375,745.0
2025-05-29 16:14:00+00:00,3354.39990234375,3354.39990234375,3352.300048828125,3352.89990234375,327.0
2025-05-29 16:15:00+00:00,3355.39990234375,3356.300048828125,3328.800048828125,3354.39990234375,864.0
2025-05-29 16:16:00+00:00,3353.39990234375,3355.699951171875,3328.800048828125,3355.300048828125,569.0
2025-05-29 16:17:00+00:00,3352.699951171875,3353.89990234375,3326.699951171875,3353.39990234375,228.0
2025-05-29 16:18:00+00:00,3352.10009765625,3352.800048828125,3325.300048828125,3352.699951171875,149.0
2025-05-29 16:19:00+00:00,3352.300048828125,3352.5,3325.199951171875,3352.10009765625,498.0
2025-05-29 16:20:00+00:00,3352.5,3352.800048828125,3326.199951171875,3352.199951171875,109.0
2025-05-29 16:21:00+00:00,3352.800048828125,3352.800048828125,3351.800048828125,3352.39990234375,83.0
2025-05-29 16:22:00+00:00,3351.0,3352.5,3351.0,3352.5,92.0
2025-05-29 16:23:00+00:00,3350.10009765625,3351.199951171875,3323.39990234375,3351.10009765625,140.0
2025-05-29 16:24:00+00:00,3349.800048828125,3350.39990234375,3323.0,3350.199951171875,163.0
2025-05-29 16:25:00+00:00,3349.800048828125,3350.39990234375,3349.800048828125,3349.89990234375,69.0
2025-05-29 16:26:00+00:00,3350.89990234375,3351.0,3349.89990234375,3349.89990234375,221.0
2025-05-29 16:27:00+00:00,3350.800048828125,3351.0,3350.39990234375,3350.800048828125,44.0
2025-05-29 16:28:00+00:00,3350.5,3351.10009765625,3349.699951171875,3350.800048828125,179.0
2025-05-29 16:29:00+00:00,3350.89990234375,3350.89990234375,3350.199951171875,3350.699951171875,54.0
2025-05-29 16:30:00+00:00,3351.5,3351.60009765625,3350.800048828125,3350.800048828125,90.0
2025-05-29 16:31:00+00:00,3350.800048828125,3352.10009765625,3325.0,3351.300048828125,101.0
2025-05-29 16:32:00+00:00,3351.0,3351.10009765625,3324.10009765625,3350.800048828125,112.0
2025-05-29 16:33:00+00:00,3351.300048828125,3351.5,3350.89990234375,3351.0,46.0
2025-05-29 16:34:00+00:00,3350.89990234375,3351.800048828125,3324.0,3351.39990234375,91.0
2025-05-29 16:35:00+00:00,3350.0,3350.89990234375,3350.0,3350.800048828125,444.0
2025-05-29 16:36:00+00:00,3350.800048828125,3351.0,3350.0,3350.10009765625,32.0
2025-05-29 16:37:00+00:00,3350.60009765625,3351.10009765625,3350.199951171875,3351.10009765625,82.0
2025-05-29 16:38:00+00:00,3349.89990234375,3350.89990234375,3349.800048828125,3350.89990234375,30.0
2025-05-29 16:39:00+00:00,3349.60009765625,3350.60009765625,3323.10009765625,3349.800048828125,98.0
2025-05-29 16:40:00+00:00,3349.300048828125,3350.0,3322.800048828125,3349.5,70.0
2025-05-29 16:41:00+00:00,3349.89990234375,3350.0,3349.5,3349.60009765625,46.0
2025-05-29 16:42:00+00:00,3350.699951171875,3351.199951171875,3324.0,3350.0,53.0
2025-05-29 16:43:00+00:00,3351.60009765625,3351.800048828125,3350.39990234375,3350.699951171875,99.0
2025-05-29 16:44:00+00:00,3350.699951171875,3351.699951171875,3324.5,3351.60009765625,68.0
2025-05-29 16:45:00+00:00,3350.800048828125,3351.39990234375,3350.60009765625,3351.0,64.0
2025-05-29 16:46:00+00:00,3351.0,3351.199951171875,3350.60009765625,3350.60009765625,30.0
2025-05-29 16:47:00+00:00,3349.60009765625,3351.0,3322.89990234375,3350.800048828125,78.0
2025-05-29 16:48:00+00:00,3349.39990234375,3349.60009765625,3322.5,3349.300048828125,81.0
2025-05-29 16:49:00+00:00,3349.0,3350.10009765625,3322.89990234375,3349.39990234375,117.0
2025-05-29 16:50:00+00:00,3348.0,3349.39990234375,3347.699951171875,3349.10009765625,153.0
2025-05-29 16:51:00+00:00,3347.699951171875,3348.199951171875,3321.0,3348.10009765625,98.0
2025-05-29 16:52:00+00:00,3348.10009765625,3348.60009765625,3347.39990234375,3347.699951171875,94.0
2025-05-29 16:53:00+00:00,3348.300048828125,3348.300048828125,3347.800048828125,3348.199951171875,68.0
2025-05-29 16:54:00+00:00,3348.0,3348.39990234375,3347.39990234375,3348.199951171875,77.0
2025-05-29 16:55:00+00:00,3348.0,3348.300048828125,3347.800048828125,3348.10009765625,62.0
2025-05-29 16:56:00+00:00,3347.699951171875,3348.10009765625,3347.5,3348.0,157.0
2025-05-29 16:57:00+00:00,3346.89990234375,3347.89990234375,3346.5,3347.800048828125,964.0
2025-05-29 16:58:00+00:00,3347.0,3347.0,3346.5,3347.0,53.0
2025-05-29 16:59:00+00:00,3347.10009765625,3347.39990234375,3346.89990234375,3346.89990234375,75.0
2025-05-29 17:00:00+00:00,3347.60009765625,3347.89990234375,3346.89990234375,3347.10009765625,63.0
2025-05-29 17:01:00+00:00,3347.5,3348.10009765625,3321.0,3347.39990234375,68.0
2025-05-29 17:02:00+00:00,3347.199951171875,3348.39990234375,3320.39990234375,3347.39990234375,203.0
2025-05-29 17:03:00+00:00,3347.300048828125,3347.89990234375,3321.0,3347.5,143.0
2025-05-29 17:04:00+00:00,3346.5,3347.199951171875,3346.10009765625,3347.199951171875,164.0
2025-05-29 17:05:00+00:00,3347.60009765625,3347.89990234375,3320.199951171875,3346.5,174.0
2025-05-29 17:06:00+00:00,3346.60009765625,3347.60009765625,3320.0,3347.5,155.0
2025-05-29 17:07:00+00:00,3346.60009765625,3347.10009765625,3319.800048828125,3346.800048828125,107.0
2025-05-29 17:08:00+00:00,3346.199951171875,3346.699951171875,3346.10009765625,3346.60009765625,84.0
2025-05-29 17:09:00+00:00,3345.60009765625,3346.699951171875,3345.300048828125,3346.199951171875,160.0
2025-05-29 17:10:00+00:00,3345.89990234375,3346.300048828125,3319.300048828125,3345.39990234375,94.0
2025-05-29 17:11:00+00:00,3345.5,3345.89990234375,3345.39990234375,3345.800048828125,107.0
2025-05-29 17:12:00+00:00,3346.60009765625,3346.89990234375,3320.0,3345.5,710.0
2025-05-29 17:13:00+00:00,3347.10009765625,3347.10009765625,3320.0,3346.5,86.0
2025-05-29 17:14:00+00:00,3346.699951171875,3347.39990234375,3320.5,3347.10009765625,246.0
2025-05-29 17:15:00+00:00,3346.199951171875,3347.199951171875,3345.699951171875,3346.699951171875,275.0
2025-05-29 17:16:00+00:00,3345.39990234375,3345.89990234375,3344.699951171875,3345.89990234375,128.0
2025-05-29 17:17:00+00:00,3345.300048828125,3345.699951171875,3318.800048828125,3345.300048828125,42.0
2025-05-29 17:18:00+00:00,3345.0,3345.39990234375,3344.699951171875,3345.10009765625,45.0
2025-05-29 17:19:00+00:00,3345.300048828125,3345.699951171875,3318.89990234375,3344.89990234375,46.0
2025-05-29 17:20:00+00:00,3345.699951171875,3345.800048828125,3318.699951171875,3345.39990234375,72.0
2025-05-29 17:21:00+00:00,3345.199951171875,3345.5,3345.0,3345.300048828125,1185.0
2025-05-29 17:22:00+00:00,3346.199951171875,3346.199951171875,3345.199951171875,3345.199951171875,75.0
2025-05-29 17:23:00+00:00,3346.5,3347.0,3346.199951171875,3346.39990234375,105.0
2025-05-29 17:24:00+00:00,3346.60009765625,3346.699951171875,3319.199951171875,3346.5,50.0
2025-05-29 17:25:00+00:00,3346.10009765625,3346.800048828125,3319.60009765625,3319.60009765625,603.0
2025-05-29 17:26:00+00:00,3346.199951171875,3346.300048828125,3345.800048828125,3345.89990234375,63.0
2025-05-29 17:27:00+00:00,3345.89990234375,3346.39990234375,3319.10009765625,3346.10009765625,0.0
2025-05-29 17:28:00+00:00,3344.39990234375,3346.10009765625,3317.800048828125,3345.89990234375,186550.0
2025-05-29 17:29:00+00:00,3343.699951171875,3344.5,3316.699951171875,3344.300048828125,701.0
2025-05-29 17:30:00+00:00,3343.199951171875,3344.10009765625,3343.199951171875,3343.699951171875,813.0
2025-05-29 17:31:00+00:00,3343.39990234375,3343.39990234375,3316.39990234375,3343.199951171875,261.0
2025-05-29 17:32:00+00:00,3343.5,3343.89990234375,3343.199951171875,3343.5,104.0
2025-05-29 17:33:00+00:00,3344.10009765625,3344.300048828125,3317.199951171875,3343.60009765625,96.0
2025-05-29 17:34:00+00:00,3344.89990234375,3345.39990234375,3316.800048828125,3344.5,134.0
2025-05-29 17:35:00+00:00,3344.89990234375,3345.199951171875,3344.699951171875,3344.89990234375,113.0
2025-05-29 17:36:00+00:00,3345.39990234375,3345.5,3344.699951171875,3344.89990234375,108.0
2025-05-29 17:37:00+00:00,3345.39990234375,3345.39990234375,3344.60009765625,3345.300048828125,87.0
2025-05-29 17:38:00+00:00,3344.89990234375,3346.300048828125,3344.800048828125,3345.199951171875,250.0
2025-05-29 17:39:00+00:00,3345.0,3345.39990234375,3345.0,3345.0,40.0
2025-05-29 17:40:00+00:00,3344.800048828125,3345.199951171875,3344.39990234375,3344.800048828125,66.0
2025-05-29 17:41:00+00:00,3344.89990234375,3345.300048828125,3344.5,3344.800048828125,140.0
2025-05-29 17:42:00+00:00,3345.800048828125,3345.89990234375,3345.10009765625,3345.10009765625,40.0
2025-05-29 17:43:00+00:00,3346.39990234375,3346.699951171875,3345.699951171875,3345.89990234375,105.0
2025-05-29 17:44:00+00:00,3347.89990234375,3348.0,3319.39990234375,3346.60009765625,353.0
2025-05-29 17:45:00+00:00,3348.300048828125,3348.699951171875,3347.800048828125,3347.800048828125,278.0
2025-05-29 17:46:00+00:00,3348.0,3348.39990234375,3347.699951171875,3348.300048828125,62.0
2025-05-29 17:47:00+00:00,3347.800048828125,3348.10009765625,3347.60009765625,3347.89990234375,67.0
2025-05-29 17:48:00+00:00,3348.5,3348.60009765625,3347.699951171875,3347.699951171875,57.0
2025-05-29 17:49:00+00:00,3348.5,3349.0,3348.300048828125,3348.5,64.0
2025-05-29 17:50:00+00:00,3347.800048828125,3348.5,3347.699951171875,3348.5,35.0
2025-05-29 17:51:00+00:00,3347.89990234375,3348.10009765625,3347.5,3347.89990234375,67.0
2025-05-29 17:52:00+00:00,3347.300048828125,3347.800048828125,3347.300048828125,3347.699951171875,56.0
2025-05-29 17:53:00+00:00,3346.699951171875,3347.39990234375,3346.699951171875,3347.300048828125,42.0
2025-05-29 17:54:00+00:00,3346.300048828125,3347.0,3346.199951171875,3346.60009765625,166.0
2025-05-29 17:55:00+00:00,3347.199951171875,3347.300048828125,3346.39990234375,3346.39990234375,87.0
2025-05-29 17:56:00+00:00,3348.10009765625,3348.39990234375,3320.300048828125,3347.39990234375,101.0
2025-05-29 17:57:00+00:00,3348.0,3348.300048828125,3346.89990234375,3348.300048828125,188.0
2025-05-29 17:58:00+00:00,3348.60009765625,3348.800048828125,3347.60009765625,3347.89990234375,352.0
2025-05-29 17:59:00+00:00,3349.0,3349.300048828125,3321.800048828125,3348.60009765625,205.0
2025-05-29 18:00:00+00:00,3349.39990234375,3349.39990234375,3348.699951171875,3349.0,106.0
2025-05-29 18:01:00+00:00,3350.10009765625,3350.39990234375,3349.300048828125,3349.300048828125,99.0
2025-05-29 18:02:00+00:00,3349.5,3350.5,3349.300048828125,3350.300048828125,170.0
2025-05-29 18:03:00+00:00,3348.199951171875,3349.60009765625,3347.89990234375,3349.39990234375,338.0
2025-05-29 18:04:00+00:00,3347.699951171875,3348.39990234375,3346.699951171875,3348.300048828125,273.0
2025-05-29 18:05:00+00:00,3347.800048828125,3348.300048828125,3320.89990234375,3347.800048828125,120.0
2025-05-29 18:06:00+00:00,3348.10009765625,3348.199951171875,3347.699951171875,3347.89990234375,56.0
2025-05-29 18:07:00+00:00,3348.39990234375,3348.699951171875,3321.300048828125,3348.199951171875,61.0
2025-05-29 18:08:00+00:00,3347.39990234375,3348.300048828125,3320.199951171875,3348.300048828125,203.0
2025-05-29 18:09:00+00:00,3347.39990234375,3347.699951171875,3320.5,3347.300048828125,65.0
2025-05-29 18:10:00+00:00,3346.89990234375,3347.5,3346.800048828125,3347.5,49.0
2025-05-29 18:11:00+00:00,3345.39990234375,3346.800048828125,3345.10009765625,3346.800048828125,279.0
2025-05-29 18:12:00+00:00,3346.0,3346.0,3344.39990234375,3345.5,173.0
2025-05-29 18:13:00+00:00,3345.699951171875,3346.60009765625,3319.39990234375,3346.0,72.0
2025-05-29 18:14:00+00:00,3346.10009765625,3346.199951171875,3345.10009765625,3345.5,49.0
2025-05-29 18:15:00+00:00,3346.0,3346.5,3345.699951171875,3346.300048828125,39.0
2025-05-29 18:16:00+00:00,3345.300048828125,3346.0,3345.10009765625,3345.89990234375,101.0
2025-05-29 18:17:00+00:00,3345.800048828125,3346.10009765625,3345.39990234375,3345.39990234375,47.0
2025-05-29 18:18:00+00:00,3345.300048828125,3346.0,3345.0,3345.199951171875,62.0
2025-05-29 18:19:00+00:00,3345.300048828125,3345.800048828125,3345.199951171875,3345.5,34.0
2025-05-29 18:20:00+00:00,3343.89990234375,3345.800048828125,3343.699951171875,3345.60009765625,146.0
2025-05-29 18:21:00+00:00,3344.199951171875,3345.199951171875,3343.800048828125,3344.199951171875,130.0
2025-05-29 18:22:00+00:00,3344.300048828125,3344.699951171875,3344.199951171875,3344.39990234375,233.0
2025-05-29 18:23:00+00:00,3343.800048828125,3344.699951171875,3343.60009765625,3344.300048828125,103.0
2025-05-29 18:24:00+00:00,3342.39990234375,3344.0,3342.199951171875,3344.0,258.0
2025-05-29 18:25:00+00:00,3344.0,3344.10009765625,3317.0,3342.699951171875,81.0
2025-05-29 18:26:00+00:00,3343.0,3344.10009765625,3342.699951171875,3343.89990234375,46.0
2025-05-29 18:27:00+00:00,3343.800048828125,3344.199951171875,3342.699951171875,3343.10009765625,79.0
2025-05-29 18:28:00+00:00,3343.800048828125,3344.300048828125,3343.39990234375,3344.0,66.0
2025-05-29 18:29:00+00:00,3343.800048828125,3344.199951171875,3343.199951171875,3343.800048828125,117.0
2025-05-29 18:30:00+00:00,3343.39990234375,3344.800048828125,3342.89990234375,3344.0,194.0
2025-05-29 18:31:00+00:00,3343.60009765625,3344.39990234375,3343.39990234375,3343.39990234375,61.0
2025-05-29 18:32:00+00:00,3343.0,3343.89990234375,3342.89990234375,3343.89990234375,42.0
2025-05-29 18:33:00+00:00,3343.5,3344.0,3317.10009765625,3343.300048828125,42.0
2025-05-29 18:34:00+00:00,3343.699951171875,3344.10009765625,3343.300048828125,3343.5,25.0
2025-05-29 18:35:00+00:00,3344.10009765625,3344.5,3343.60009765625,3343.60009765625,54.0
2025-05-29 18:36:00+00:00,3344.39990234375,3344.5,3344.10009765625,3344.199951171875,27.0
2025-05-29 18:37:00+00:00,3344.199951171875,3344.300048828125,3317.10009765625,3344.199951171875,76.0
2025-05-29 18:38:00+00:00,3344.199951171875,3344.699951171875,3317.5,3344.10009765625,91.0
2025-05-29 18:39:00+00:00,3344.0,3345.10009765625,3317.199951171875,3344.39990234375,91.0
2025-05-29 18:40:00+00:00,3343.5,3344.300048828125,3343.39990234375,3344.10009765625,175.0
2025-05-29 18:41:00+00:00,3345.199951171875,3345.5,3343.300048828125,3343.699951171875,198.0
2025-05-29 18:42:00+00:00,3344.800048828125,3345.199951171875,3344.800048828125,3345.199951171875,48.0
2025-05-29 18:43:00+00:00,3344.800048828125,3345.199951171875,3344.60009765625,3344.699951171875,90.0
2025-05-29 18:44:00+00:00,3344.89990234375,3344.89990234375,3344.300048828125,3344.5,42.0
2025-05-29 18:45:00+00:00,3345.199951171875,3345.39990234375,3344.800048828125,3345.39990234375,12.0
2025-05-29 18:46:00+00:00,3344.39990234375,3345.199951171875,3344.39990234375,3345.10009765625,22.0
2025-05-29 18:47:00+00:00,3345.0,3345.199951171875,3317.5,3344.300048828125,81.0
2025-05-29 18:48:00+00:00,3345.10009765625,3345.5,3344.800048828125,3345.0,210.0
2025-05-29 18:49:00+00:00,3345.199951171875,3345.300048828125,3344.5,3345.0,60.0
2025-05-29 18:50:00+00:00,3345.0,3345.199951171875,3344.5,3345.199951171875,68.0
2025-05-29 18:51:00+00:00,3344.800048828125,3345.10009765625,3344.800048828125,3345.0,36.0
2025-05-29 18:52:00+00:00,3344.60009765625,3345.0,3344.39990234375,3345.0,56.0
2025-05-29 18:53:00+00:00,3344.800048828125,3345.0,3344.60009765625,3344.699951171875,56.0
2025-05-29 18:54:00+00:00,3344.89990234375,3345.199951171875,3344.699951171875,3345.199951171875,82.0
2025-05-29 18:55:00+00:00,3344.300048828125,3345.0,3344.10009765625,3344.89990234375,246.0
2025-05-29 18:56:00+00:00,3344.5,3344.800048828125,3344.199951171875,3344.199951171875,103.0
2025-05-29 18:57:00+00:00,3344.800048828125,3344.800048828125,3317.39990234375,3344.60009765625,34.0
2025-05-29 18:58:00+00:00,3345.199951171875,3345.300048828125,3344.800048828125,3344.89990234375,66.0
2025-05-29 18:59:00+00:00,3345.5,3345.60009765625,3345.10009765625,3345.10009765625,61.0
2025-05-29 19:00:00+00:00,3344.5,3345.699951171875,3317.699951171875,3345.5,68.0
2025-05-29 19:01:00+00:00,3344.300048828125,3344.699951171875,3343.800048828125,3344.300048828125,56.0
2025-05-29 19:02:00+00:00,3344.5,3344.699951171875,3344.39990234375,3344.39990234375,23.0
2025-05-29 19:03:00+00:00,3344.0,3344.699951171875,3343.800048828125,3344.699951171875,39.0
2025-05-29 19:04:00+00:00,3344.10009765625,3344.199951171875,3344.0,3344.199951171875,14.0
2025-05-29 19:05:00+00:00,3344.199951171875,3344.5,3344.199951171875,3344.199951171875,10.0
2025-05-29 19:06:00+00:00,3344.5,3344.800048828125,3343.60009765625,3344.10009765625,96.0
2025-05-29 19:07:00+00:00,3344.60009765625,3344.800048828125,3344.300048828125,3344.699951171875,38.0
2025-05-29 19:08:00+00:00,3344.39990234375,3344.39990234375,3343.300048828125,3344.39990234375,70.0
2025-05-29 19:09:00+00:00,3344.39990234375,3344.800048828125,3344.10009765625,3344.10009765625,24.0
2025-05-29 19:10:00+00:00,3343.60009765625,3344.5,3317.0,3344.300048828125,37.0
2025-05-29 19:11:00+00:00,3342.89990234375,3343.89990234375,3316.60009765625,3343.699951171875,77.0
2025-05-29 19:12:00+00:00,3344.199951171875,3344.199951171875,3342.699951171875,3342.89990234375,86.0
2025-05-29 19:13:00+00:00,3344.0,3344.39990234375,3343.699951171875,3344.199951171875,52.0
2025-05-29 19:14:00+00:00,3343.699951171875,3344.300048828125,3343.60009765625,3344.0,23.0
2025-05-29 19:15:00+00:00,3343.199951171875,3343.800048828125,3342.699951171875,3343.60009765625,364.0
2025-05-29 19:16:00+00:00,3343.199951171875,3343.699951171875,3343.199951171875,3343.39990234375,34.0
2025-05-29 19:17:00+00:00,3343.199951171875,3343.800048828125,3342.800048828125,3343.199951171875,57.0
2025-05-29 19:18:00+00:00,3341.39990234375,3343.10009765625,3315.0,3343.10009765625,138.0
2025-05-29 19:19:00+00:00,3341.89990234375,3342.10009765625,3341.10009765625,3341.39990234375,67.0
2025-05-29 19:20:00+00:00,3341.89990234375,3342.10009765625,3341.5,3341.89990234375,48.0
2025-05-29 19:21:00+00:00,3342.5,3342.699951171875,3341.60009765625,3341.699951171875,62.0
2025-05-29 19:22:00+00:00,3342.89990234375,3343.199951171875,3342.39990234375,3342.39990234375,52.0
2025-05-29 19:23:00+00:00,3343.0,3343.199951171875,3342.800048828125,3342.800048828125,43.0
2025-05-29 19:24:00+00:00,3342.800048828125,3343.10009765625,3342.699951171875,3343.0,18.0
2025-05-29 19:25:00+00:00,3343.10009765625,3343.89990234375,3343.0,3343.199951171875,45.0
2025-05-29 19:26:00+00:00,3342.60009765625,3343.10009765625,3342.60009765625,3342.800048828125,31.0
2025-05-29 19:27:00+00:00,3342.39990234375,3342.89990234375,3342.300048828125,3342.699951171875,39.0
2025-05-29 19:28:00+00:00,3343.0,3343.39990234375,3342.39990234375,3342.60009765625,49.0
2025-05-29 19:29:00+00:00,3343.39990234375,3343.39990234375,3342.699951171875,3343.199951171875,18.0
2025-05-29 19:30:00+00:00,3342.60009765625,3343.5,3342.199951171875,3343.39990234375,39.0
2025-05-29 19:31:00+00:00,3341.39990234375,3342.60009765625,3341.39990234375,3342.60009765625,78.0
2025-05-29 19:32:00+00:00,3342.199951171875,3342.5,3315.199951171875,3341.300048828125,92.0
2025-05-29 19:33:00+00:00,3341.89990234375,3342.5,3315.60009765625,3342.199951171875,35.0
2025-05-29 19:34:00+00:00,3341.5,3342.39990234375,3315.10009765625,3342.10009765625,73.0
2025-05-29 19:35:00+00:00,3342.0,3342.10009765625,3314.699951171875,3341.5,37.0
2025-05-29 19:36:00+00:00,3342.300048828125,3342.39990234375,3341.699951171875,3342.0,86.0
2025-05-29 19:37:00+00:00,3341.300048828125,3342.300048828125,3341.300048828125,3342.300048828125,35.0
2025-05-29 19:38:00+00:00,3341.300048828125,3342.199951171875,3340.39990234375,3341.300048828125,216.0
2025-05-29 19:39:00+00:00,3340.89990234375,3341.300048828125,3340.800048828125,3341.0,54.0
2025-05-29 19:40:00+00:00,3340.10009765625,3341.10009765625,3313.0,3340.5,170.0
2025-05-29 19:41:00+00:00,3339.89990234375,3340.300048828125,3339.699951171875,3340.300048828125,55.0
2025-05-29 19:42:00+00:00,3340.39990234375,3340.699951171875,3339.89990234375,3339.89990234375,57.0
2025-05-29 19:43:00+00:00,3340.199951171875,3340.699951171875,3313.5,3340.5,50.0
2025-05-29 19:44:00+00:00,3340.300048828125,3340.800048828125,3340.199951171875,3340.39990234375,31.0
2025-05-29 19:45:00+00:00,3341.60009765625,3341.60009765625,3340.5,3340.5,110.0
2025-05-29 19:46:00+00:00,3341.0,3341.60009765625,3340.89990234375,3341.5,31.0
2025-05-29 19:47:00+00:00,3340.60009765625,3341.0,3340.5,3340.89990234375,79.0
2025-05-29 19:48:00+00:00,3339.800048828125,3340.800048828125,3339.800048828125,3340.60009765625,109.0
2025-05-29 19:49:00+00:00,3340.800048828125,3340.800048828125,3339.89990234375,3339.89990234375,49.0
2025-05-29 19:50:00+00:00,3340.300048828125,3340.60009765625,3340.10009765625,3340.39990234375,53.0
2025-05-29 19:51:00+00:00,3340.5,3340.5,3339.699951171875,3340.300048828125,74.0
2025-05-29 19:52:00+00:00,3340.5,3340.5,3340.199951171875,3340.300048828125,49.0
2025-05-29 19:53:00+00:00,3340.300048828125,3340.39990234375,3339.699951171875,3340.39990234375,75.0
2025-05-29 19:54:00+00:00,3340.0,3340.199951171875,3339.89990234375,3340.10009765625,108.0
2025-05-29 19:55:00+00:00,3340.800048828125,3340.89990234375,3340.0,3340.0,115.0
2025-05-29 19:56:00+00:00,3340.89990234375,3341.0,3340.699951171875,3340.800048828125,25.0
2025-05-29 19:57:00+00:00,3340.39990234375,3341.199951171875,3340.39990234375,3340.800048828125,69.0
2025-05-29 19:58:00+00:00,3340.800048828125,3340.800048828125,3340.10009765625,3340.39990234375,85.0
2025-05-29 19:59:00+00:00,3340.60009765625,3341.199951171875,3340.60009765625,3340.89990234375,100.0
2025-05-29 20:00:00+00:00,3339.89990234375,3340.89990234375,3339.89990234375,3340.5,88.0
2025-05-29 20:01:00+00:00,3340.300048828125,3340.800048828125,3339.800048828125,3339.89990234375,66.0
2025-05-29 20:02:00+00:00,3340.300048828125,3340.39990234375,3340.10009765625,3340.39990234375,21.0
2025-05-29 20:03:00+00:00,3340.199951171875,3340.5,3340.199951171875,3340.300048828125,10.0
2025-05-29 20:04:00+00:00,3340.699951171875,3340.800048828125,3340.0,3340.300048828125,53.0
2025-05-29 20:05:00+00:00,3341.0,3341.5,3340.60009765625,3340.60009765625,59.0
2025-05-29 20:06:00+00:00,3341.0,3341.0,3340.800048828125,3340.89990234375,14.0
2025-05-29 20:07:00+00:00,3341.0,3341.0,3340.800048828125,3341.0,6.0
2025-05-29 20:08:00+00:00,3340.60009765625,3340.800048828125,3340.300048828125,3340.800048828125,30.0
2025-05-29 20:09:00+00:00,3340.60009765625,3340.60009765625,3340.199951171875,3340.39990234375,59.0
2025-05-29 20:10:00+00:00,3340.0,3340.60009765625,3340.0,3340.60009765625,51.0
2025-05-29 20:11:00+00:00,3339.800048828125,3340.199951171875,3339.60009765625,3340.0,58.0
2025-05-29 20:12:00+00:00,3340.199951171875,3340.199951171875,3339.89990234375,3339.89990234375,11.0
2025-05-29 20:13:00+00:00,3339.89990234375,3340.10009765625,3339.800048828125,3340.10009765625,5.0
2025-05-29 20:14:00+00:00,3340.39990234375,3340.60009765625,3340.199951171875,3340.300048828125,26.0
2025-05-29 20:15:00+00:00,3340.0,3340.5,3340.0,3340.5,6.0
2025-05-29 20:16:00+00:00,3313.199951171875,3340.10009765625,3313.199951171875,3340.10009765625,0.0
2025-05-29 20:17:00+00:00,3339.89990234375,3339.89990234375,3339.800048828125,3339.800048828125,200741.0
2025-05-29 20:18:00+00:00,3339.89990234375,3340.10009765625,3339.800048828125,3340.0,16.0
2025-05-29 20:19:00+00:00,3339.89990234375,3339.89990234375,3339.89990234375,3339.89990234375,1.0
2025-05-29 20:20:00+00:00,3339.5,3340.10009765625,3339.5,3339.89990234375,28.0
2025-05-29 20:21:00+00:00,3339.89990234375,3340.300048828125,3339.199951171875,3339.5,86.0
2025-05-29 20:22:00+00:00,3341.0,3341.0,3314.0,3340.0,84.0
2025-05-29 20:23:00+00:00,3340.300048828125,3341.0,3340.10009765625,3341.0,53.0
2025-05-29 20:24:00+00:00,3340.89990234375,3341.0,3340.5,3340.60009765625,25.0
2025-05-29 20:25:00+00:00,3341.0,3341.10009765625,3340.300048828125,3341.0,45.0
2025-05-29 20:26:00+00:00,3341.199951171875,3341.199951171875,3340.699951171875,3341.10009765625,21.0
2025-05-29 20:27:00+00:00,3341.5,3341.60009765625,3341.10009765625,3341.10009765625,17.0
2025-05-29 20:28:00+00:00,3341.5,3341.60009765625,3341.10009765625,3341.39990234375,31.0
2025-05-29 20:29:00+00:00,3342.10009765625,3342.10009765625,3341.5,3341.5,24.0
2025-05-29 20:30:00+00:00,3342.10009765625,3342.5,3315.300048828125,3342.0,46.0
2025-05-29 20:31:00+00:00,3341.60009765625,3342.10009765625,3341.60009765625,3342.0,25.0
2025-05-29 20:32:00+00:00,3341.699951171875,3341.699951171875,3341.60009765625,3341.699951171875,7.0
2025-05-29 20:33:00+00:00,3341.60009765625,3341.800048828125,3314.800048828125,3341.60009765625,15.0
2025-05-29 20:34:00+00:00,3341.699951171875,3341.699951171875,3314.60009765625,3314.699951171875,9.0
2025-05-29 20:35:00+00:00,3341.39990234375,3341.39990234375,3341.199951171875,3341.300048828125,10.0
2025-05-29 20:36:00+00:00,3341.800048828125,3341.800048828125,3341.60009765625,3341.699951171875,13.0
2025-05-29 20:37:00+00:00,3341.5,3341.699951171875,3341.5,3341.699951171875,8.0
2025-05-29 20:38:00+00:00,3341.10009765625,3341.5,3341.10009765625,3341.5,7.0
2025-05-29 20:39:00+00:00,3340.89990234375,3341.0,3340.800048828125,3341.0,8.0
2025-05-29 20:40:00+00:00,3340.39990234375,3340.699951171875,3340.199951171875,3340.699951171875,33.0
2025-05-29 20:41:00+00:00,3340.89990234375,3341.0,3340.39990234375,3340.39990234375,17.0
2025-05-29 20:42:00+00:00,3340.800048828125,3341.199951171875,3340.800048828125,3340.89990234375,42.0
2025-05-29 20:43:00+00:00,3341.0,3341.0,3340.800048828125,3340.800048828125,7.0
2025-05-29 20:44:00+00:00,3341.10009765625,3341.300048828125,3340.699951171875,3341.300048828125,23.0
2025-05-29 20:45:00+00:00,3341.0,3341.39990234375,3340.39990234375,3341.0,48.0
2025-05-29 20:46:00+00:00,3314.699951171875,3341.39990234375,3314.699951171875,3341.199951171875,0.0
2025-05-29 20:47:00+00:00,3341.89990234375,3342.0,3341.800048828125,3341.800048828125,201480.0
2025-05-29 20:48:00+00:00,3341.89990234375,3342.10009765625,3341.699951171875,3341.800048828125,8.0
2025-05-29 20:49:00+00:00,3342.10009765625,3342.10009765625,3342.10009765625,3342.10009765625,2.0
2025-05-29 20:50:00+00:00,3342.5,3342.5,3342.0,3342.10009765625,37.0
2025-05-29 20:51:00+00:00,3341.89990234375,3342.300048828125,3341.89990234375,3342.300048828125,8.0
2025-05-29 20:52:00+00:00,3342.0,3342.10009765625,3315.10009765625,3341.89990234375,8.0
2025-05-29 20:53:00+00:00,3342.199951171875,3342.300048828125,3341.89990234375,3341.89990234375,6.0
2025-05-29 20:54:00+00:00,3342.300048828125,3342.60009765625,3342.199951171875,3342.199951171875,18.0
2025-05-29 20:55:00+00:00,3342.39990234375,3342.699951171875,3342.0,3342.5,49.0
2025-05-29 20:56:00+00:00,3342.300048828125,3342.300048828125,3342.10009765625,3342.300048828125,12.0
2025-05-29 20:57:00+00:00,3342.0,3342.199951171875,3341.800048828125,3342.199951171875,17.0
2025-05-29 20:58:00+00:00,3342.0,3342.199951171875,3341.60009765625,3341.699951171875,31.0
2025-05-29 20:59:00+00:00,3342.60009765625,3342.60009765625,3341.60009765625,3341.89990234375,46.0
2025-05-29 22:00:00+00:00,3344.10009765625,3344.10009765625,3342.300048828125,3343.199951171875,0.0
2025-05-29 22:01:00+00:00,3343.39990234375,3345.300048828125,3343.39990234375,3344.0,135.0
2025-05-29 22:02:00+00:00,3342.800048828125,3343.800048828125,3342.300048828125,3343.800048828125,43.0
2025-05-29 22:03:00+00:00,3342.0,3342.5,3342.0,3342.5,16.0
2025-05-29 22:04:00+00:00,3342.199951171875,3342.199951171875,3341.800048828125,3341.800048828125,10.0
2025-05-29 22:05:00+00:00,3341.800048828125,3342.199951171875,3341.800048828125,3341.89990234375,13.0
2025-05-29 22:06:00+00:00,3341.699951171875,3342.199951171875,3341.699951171875,3342.199951171875,8.0
2025-05-29 22:07:00+00:00,3342.0,3342.199951171875,3342.0,3342.10009765625,13.0
2025-05-29 22:08:00+00:00,3341.89990234375,3342.300048828125,3341.89990234375,3342.300048828125,3.0
2025-05-29 22:09:00+00:00,3340.10009765625,3341.60009765625,3340.0,3341.60009765625,50.0
2025-05-29 22:10:00+00:00,3341.5,3341.5,3340.39990234375,3340.39990234375,2.0
2025-05-29 22:11:00+00:00,3341.0,3341.199951171875,3341.0,3341.199951171875,18.0
2025-05-29 22:12:00+00:00,3341.199951171875,3341.300048828125,3340.699951171875,3340.89990234375,17.0
2025-05-29 22:13:00+00:00,3340.89990234375,3341.10009765625,3340.800048828125,3341.10009765625,41.0
2025-05-29 22:14:00+00:00,3340.5,3340.800048828125,3340.5,3340.699951171875,47.0
2025-05-29 22:17:00+00:00,3340.60009765625,3341.0,3340.5,3341.0,69.0
2025-05-29 22:18:00+00:00,3340.699951171875,3340.800048828125,3340.5,3340.699951171875,9.0
2025-05-29 22:19:00+00:00,3340.800048828125,3341.0,3340.39990234375,3340.699951171875,10.0
2025-05-29 22:20:00+00:00,3340.89990234375,3341.199951171875,3340.5,3341.0,20.0
2025-05-29 22:21:00+00:00,3340.699951171875,3340.89990234375,3340.699951171875,3340.89990234375,2.0
2025-05-29 22:22:00+00:00,3341.0,3341.300048828125,3340.699951171875,3340.699951171875,17.0
2025-05-29 22:23:00+00:00,3341.5,3341.60009765625,3341.10009765625,3341.10009765625,21.0
2025-05-29 22:24:00+00:00,3341.699951171875,3341.800048828125,3341.5,3341.5,16.0
2025-05-29 22:25:00+00:00,3341.800048828125,3341.89990234375,3341.300048828125,3341.800048828125,23.0
2025-05-29 22:26:00+00:00,3341.39990234375,3341.89990234375,3341.39990234375,3341.699951171875,10.0
2025-05-29 22:27:00+00:00,3341.60009765625,3341.60009765625,3341.199951171875,3341.300048828125,6.0
2025-05-29 22:28:00+00:00,3341.89990234375,3341.89990234375,3341.800048828125,3341.89990234375,4.0
2025-05-29 22:29:00+00:00,3341.60009765625,3341.699951171875,3341.60009765625,3341.699951171875,3.0
2025-05-29 22:30:00+00:00,3341.60009765625,3341.89990234375,3341.60009765625,3341.800048828125,11.0
2025-05-29 22:31:00+00:00,3341.699951171875,3342.0,3314.89990234375,3341.5,0.0
2025-05-29 22:32:00+00:00,3341.300048828125,3341.800048828125,3341.10009765625,3341.800048828125,766.0
2025-05-29 22:33:00+00:00,3341.300048828125,3341.300048828125,3340.800048828125,3341.10009765625,43.0
2025-05-29 22:34:00+00:00,3341.10009765625,3341.60009765625,3341.10009765625,3341.39990234375,12.0
2025-05-29 22:35:00+00:00,3340.300048828125,3341.0,3340.300048828125,3341.0,30.0
2025-05-29 22:36:00+00:00,3340.10009765625,3340.800048828125,3340.10009765625,3340.39990234375,11.0
2025-05-29 22:37:00+00:00,3340.10009765625,3340.39990234375,3340.10009765625,3340.199951171875,14.0
2025-05-29 22:38:00+00:00,3340.0,3340.39990234375,3340.0,3340.199951171875,9.0
2025-05-29 22:39:00+00:00,3339.5,3340.39990234375,3339.5,3340.39990234375,33.0
2025-05-29 22:40:00+00:00,3339.10009765625,3339.5,3338.5,3339.39990234375,208.0
2025-05-29 22:41:00+00:00,3339.60009765625,3339.60009765625,3339.199951171875,3339.300048828125,44.0
2025-05-29 22:42:00+00:00,3339.89990234375,3340.0,3338.800048828125,3339.39990234375,63.0
2025-05-29 22:43:00+00:00,3339.300048828125,3340.199951171875,3339.10009765625,3340.10009765625,38.0
2025-05-29 22:44:00+00:00,3340.0,3340.39990234375,3338.699951171875,3339.10009765625,48.0
2025-05-29 22:45:00+00:00,3341.0,3341.39990234375,3340.0,3340.10009765625,81.0
2025-05-29 22:46:00+00:00,3341.60009765625,3341.60009765625,3341.0,3341.10009765625,90.0
2025-05-29 22:47:00+00:00,3340.5,3341.60009765625,3340.199951171875,3341.5,72.0
2025-05-29 22:48:00+00:00,3340.89990234375,3341.0,3340.10009765625,3340.39990234375,56.0
2025-05-29 22:49:00+00:00,3340.10009765625,3340.800048828125,3340.10009765625,3340.800048828125,26.0
2025-05-29 22:50:00+00:00,3340.0,3340.39990234375,3340.0,3340.300048828125,13.0
2025-05-29 22:51:00+00:00,3339.5,3340.0,3339.199951171875,3340.0,38.0
2025-05-29 22:52:00+00:00,3339.300048828125,3339.5,3339.199951171875,3339.300048828125,22.0
2025-05-29 22:53:00+00:00,3338.89990234375,3339.300048828125,3338.699951171875,3339.10009765625,50.0
2025-05-29 22:54:00+00:00,3339.0,3339.199951171875,3338.60009765625,3338.89990234375,27.0
2025-05-29 22:55:00+00:00,3338.39990234375,3339.0,3338.39990234375,3339.0,44.0
2025-05-29 22:56:00+00:00,3337.5,3338.89990234375,3337.10009765625,3338.699951171875,179.0
2025-05-29 22:57:00+00:00,3337.5,3337.800048828125,3336.89990234375,3337.60009765625,157.0
2025-05-29 22:58:00+00:00,3337.199951171875,3337.800048828125,3337.0,3337.60009765625,42.0
2025-05-29 22:59:00+00:00,3337.39990234375,3337.800048828125,3336.800048828125,3337.39990234375,71.0
2025-05-29 23:00:00+00:00,3339.0,3339.39990234375,3337.699951171875,3337.699951171875,70.0
2025-05-29 23:01:00+00:00,3338.699951171875,3339.300048828125,3338.699951171875,3339.0,26.0
2025-05-29 23:02:00+00:00,3339.0,3339.0,3338.0,3338.39990234375,38.0
2025-05-29 23:03:00+00:00,3338.800048828125,3339.10009765625,3338.5,3339.10009765625,17.0
2025-05-29 23:04:00+00:00,3338.199951171875,3338.800048828125,3337.800048828125,3338.60009765625,39.0
2025-05-29 23:05:00+00:00,3338.39990234375,3338.39990234375,3338.0,3338.199951171875,15.0
2025-05-29 23:06:00+00:00,3338.0,3338.800048828125,3336.300048828125,3338.300048828125,188.0
2025-05-29 23:07:00+00:00,3337.89990234375,3338.300048828125,3337.89990234375,3338.300048828125,21.0
2025-05-29 23:08:00+00:00,3338.699951171875,3338.699951171875,3338.0,3338.10009765625,18.0
2025-05-29 23:09:00+00:00,3338.699951171875,3339.0,3338.699951171875,3338.800048828125,19.0
2025-05-29 23:10:00+00:00,3338.199951171875,3338.5,3337.800048828125,3338.5,29.0
2025-05-29 23:11:00+00:00,3337.89990234375,3338.39990234375,3337.699951171875,3338.199951171875,20.0
2025-05-29 23:12:00+00:00,3337.199951171875,3337.699951171875,3337.199951171875,3337.699951171875,31.0
2025-05-29 23:13:00+00:00,3337.199951171875,3337.5,3337.0,3337.39990234375,30.0
2025-05-29 23:14:00+00:00,3338.0,3338.10009765625,3336.89990234375,3337.0,48.0
2025-05-29 23:15:00+00:00,3337.60009765625,3338.0,3337.39990234375,3338.0,7.0
2025-05-29 23:16:00+00:00,3337.39990234375,3337.60009765625,3337.39990234375,3337.39990234375,12.0
2025-05-29 23:17:00+00:00,3337.39990234375,3337.39990234375,3337.199951171875,3337.199951171875,12.0
2025-05-29 23:18:00+00:00,3337.5,3337.60009765625,3337.199951171875,3337.5,31.0
2025-05-29 23:19:00+00:00,3337.10009765625,3337.5,3337.10009765625,3337.5,11.0
2025-05-29 23:20:00+00:00,3337.60009765625,3338.199951171875,3336.89990234375,3337.10009765625,76.0
2025-05-29 23:21:00+00:00,3338.0,3338.199951171875,3337.60009765625,3337.60009765625,11.0
2025-05-29 23:22:00+00:00,3337.5,3338.199951171875,3337.199951171875,3338.199951171875,28.0
2025-05-29 23:23:00+00:00,3338.39990234375,3338.60009765625,3337.5,3337.5,84.0
2025-05-29 23:24:00+00:00,3338.10009765625,3338.300048828125,3338.10009765625,3338.300048828125,5.0
2025-05-29 23:25:00+00:00,3338.0,3338.0,3337.699951171875,3337.89990234375,8.0
2025-05-29 23:26:00+00:00,3338.800048828125,3338.800048828125,3338.10009765625,3338.10009765625,26.0
2025-05-29 23:27:00+00:00,3339.300048828125,3339.39990234375,3338.60009765625,3338.699951171875,22.0
2025-05-29 23:28:00+00:00,3340.0,3340.699951171875,3339.0,3339.39990234375,155.0
2025-05-29 23:29:00+00:00,3339.10009765625,3340.300048828125,3339.10009765625,3340.300048828125,72.0
2025-05-29 23:30:00+00:00,3338.300048828125,3339.300048828125,3338.199951171875,3339.0,56.0
2025-05-29 23:31:00+00:00,3338.199951171875,3338.60009765625,3337.699951171875,3338.10009765625,87.0
2025-05-29 23:32:00+00:00,3339.199951171875,3339.199951171875,3337.60009765625,3338.10009765625,96.0
2025-05-29 23:33:00+00:00,3339.5,3339.89990234375,3339.199951171875,3339.199951171875,20.0
2025-05-29 23:34:00+00:00,3338.300048828125,3339.39990234375,3338.0,3339.39990234375,43.0
2025-05-29 23:35:00+00:00,3338.199951171875,3338.699951171875,3338.199951171875,3338.300048828125,11.0
2025-05-29 23:36:00+00:00,3338.199951171875,3338.199951171875,3338.199951171875,3338.199951171875,8.0
2025-05-29 23:37:00+00:00,3338.199951171875,3338.699951171875,3338.199951171875,3338.300048828125,23.0
2025-05-29 23:38:00+00:00,3338.0,3338.199951171875,3337.89990234375,3338.199951171875,10.0
2025-05-29 23:39:00+00:00,3337.800048828125,3337.89990234375,3337.5,3337.89990234375,26.0
2025-05-29 23:40:00+00:00,3337.300048828125,3338.0,3311.5,3337.89990234375,28.0
2025-05-29 23:41:00+00:00,3336.300048828125,3337.199951171875,3336.300048828125,3337.199951171875,49.0
2025-05-29 23:42:00+00:00,3337.300048828125,3337.300048828125,3336.39990234375,3336.60009765625,53.0
2025-05-29 23:43:00+00:00,3337.60009765625,3337.60009765625,3337.199951171875,3337.300048828125,16.0
2025-05-29 23:44:00+00:00,3337.800048828125,3338.0,3337.39990234375,3337.699951171875,35.0
2025-05-29 23:45:00+00:00,3337.800048828125,3338.199951171875,3337.699951171875,3337.800048828125,62.0
2025-05-29 23:46:00+00:00,3338.10009765625,3338.10009765625,3337.60009765625,3337.800048828125,45.0
2025-05-29 23:47:00+00:00,3338.199951171875,3338.39990234375,3338.0,3338.0,24.0
2025-05-29 23:48:00+00:00,3337.39990234375,3338.0,3337.39990234375,3338.0,17.0
2025-05-29 23:49:00+00:00,3337.60009765625,3337.699951171875,3337.0,3337.0,18.0
2025-05-29 23:50:00+00:00,3338.199951171875,3338.199951171875,3337.5,3337.5,60.0
2025-05-29 23:51:00+00:00,3337.800048828125,3338.10009765625,3337.5,3338.10009765625,13.0
2025-05-29 23:52:00+00:00,3337.800048828125,3338.199951171875,3337.800048828125,3337.89990234375,23.0
2025-05-29 23:53:00+00:00,3338.300048828125,3338.39990234375,3337.699951171875,3337.800048828125,15.0
2025-05-29 23:54:00+00:00,3338.300048828125,3338.60009765625,3338.199951171875,3338.199951171875,16.0
2025-05-29 23:55:00+00:00,3338.699951171875,3338.699951171875,3338.199951171875,3338.199951171875,19.0
2025-05-29 23:56:00+00:00,3338.5,3339.300048828125,3338.5,3338.89990234375,58.0
2025-05-29 23:57:00+00:00,3338.5,3338.699951171875,3338.39990234375,3338.5,12.0
2025-05-29 23:58:00+00:00,3339.0,3339.199951171875,3338.300048828125,3338.60009765625,31.0
2025-05-29 23:59:00+00:00,3339.0,3339.0,3338.699951171875,3338.89990234375,23.0
2025-05-30 00:00:00+00:00,3339.5,3339.699951171875,3338.60009765625,3338.800048828125,118.0
2025-05-30 00:01:00+00:00,3341.0,3341.0,3339.39990234375,3339.60009765625,119.0
2025-05-30 00:02:00+00:00,3341.10009765625,3341.699951171875,3340.39990234375,3340.800048828125,172.0
2025-05-30 00:03:00+00:00,3341.39990234375,3341.800048828125,3340.5,3341.0,80.0
2025-05-30 00:04:00+00:00,3341.60009765625,3341.60009765625,3341.10009765625,3341.39990234375,53.0
2025-05-30 00:05:00+00:00,3341.10009765625,3342.300048828125,3341.0,3342.0,83.0
2025-05-30 00:06:00+00:00,3340.10009765625,3340.5,3339.89990234375,3340.5,35.0
2025-05-30 00:07:00+00:00,3340.10009765625,3340.199951171875,3339.89990234375,3340.10009765625,66.0
2025-05-30 00:08:00+00:00,3339.5,3340.10009765625,3339.5,3340.10009765625,51.0
2025-05-30 00:09:00+00:00,3339.800048828125,3339.89990234375,3339.5,3339.60009765625,28.0
2025-05-30 00:10:00+00:00,3339.0,3339.800048828125,3339.0,3339.699951171875,48.0
2025-05-30 00:11:00+00:00,3338.10009765625,3339.300048828125,3338.10009765625,3339.0,79.0
2025-05-30 00:12:00+00:00,3337.199951171875,3338.199951171875,3311.199951171875,3338.10009765625,48.0
2025-05-30 00:13:00+00:00,3337.89990234375,3338.0,3337.0,3337.300048828125,57.0
2025-05-30 00:14:00+00:00,3337.699951171875,3338.0,3337.699951171875,3338.0,8.0
2025-05-30 00:15:00+00:00,3337.10009765625,3337.5,3336.89990234375,3337.5,40.0
2025-05-30 00:16:00+00:00,3337.60009765625,3337.800048828125,3337.0,3337.0,29.0
2025-05-30 00:17:00+00:00,3337.699951171875,3338.10009765625,3337.39990234375,3337.699951171875,33.0
2025-05-30 00:18:00+00:00,3336.699951171875,3337.699951171875,3336.699951171875,3337.60009765625,58.0
2025-05-30 00:19:00+00:00,3337.89990234375,3337.89990234375,3337.199951171875,3337.199951171875,37.0
2025-05-30 00:20:00+00:00,3336.39990234375,3337.89990234375,3336.39990234375,3337.699951171875,50.0
2025-05-30 00:21:00+00:00,3336.0,3336.39990234375,3335.5,3336.300048828125,91.0
2025-05-30 00:22:00+00:00,3337.199951171875,3337.199951171875,3336.10009765625,3336.10009765625,49.0
2025-05-30 00:23:00+00:00,3337.300048828125,3337.89990234375,3337.10009765625,3337.300048828125,43.0
2025-05-30 00:24:00+00:00,3336.800048828125,3337.39990234375,3336.800048828125,3337.39990234375,26.0
2025-05-30 00:25:00+00:00,3337.0,3337.39990234375,3336.699951171875,3336.89990234375,29.0
2025-05-30 00:26:00+00:00,3337.60009765625,3337.699951171875,3337.10009765625,3337.10009765625,14.0
2025-05-30 00:27:00+00:00,3336.89990234375,3337.300048828125,3336.5,3337.300048828125,40.0
2025-05-30 00:28:00+00:00,3336.699951171875,3336.89990234375,3336.39990234375,3336.89990234375,16.0
2025-05-30 00:29:00+00:00,3336.89990234375,3337.39990234375,3336.699951171875,3337.0,26.0
2025-05-30 00:30:00+00:00,3336.60009765625,3337.0,3336.39990234375,3336.89990234375,29.0
2025-05-30 00:31:00+00:00,3336.300048828125,3336.699951171875,3336.0,3336.60009765625,28.0
2025-05-30 00:32:00+00:00,3335.800048828125,3336.89990234375,3335.199951171875,3336.60009765625,93.0
2025-05-30 00:33:00+00:00,3335.39990234375,3335.89990234375,3334.89990234375,3335.800048828125,119.0
2025-05-30 00:34:00+00:00,3335.10009765625,3336.0,3309.60009765625,3335.60009765625,205.0
2025-05-30 00:35:00+00:00,3335.800048828125,3335.800048828125,3335.10009765625,3335.10009765625,69.0
2025-05-30 00:36:00+00:00,3334.89990234375,3335.89990234375,3309.0,3335.89990234375,118.0
2025-05-30 00:37:00+00:00,3333.89990234375,3334.800048828125,3333.699951171875,3334.800048828125,155.0
2025-05-30 00:38:00+00:00,3335.60009765625,3335.60009765625,3333.699951171875,3334.199951171875,147.0
2025-05-30 00:39:00+00:00,3336.300048828125,3336.5,3335.39990234375,3335.800048828125,202.0
2025-05-30 00:40:00+00:00,3335.699951171875,3336.300048828125,3335.60009765625,3336.10009765625,46.0
2025-05-30 00:41:00+00:00,3336.39990234375,3336.5,3335.800048828125,3335.800048828125,36.0
2025-05-30 00:42:00+00:00,3335.89990234375,3336.300048828125,3335.800048828125,3336.300048828125,55.0
2025-05-30 00:43:00+00:00,3336.39990234375,3336.60009765625,3335.699951171875,3335.800048828125,24.0
2025-05-30 00:44:00+00:00,3336.60009765625,3337.10009765625,3336.39990234375,3336.39990234375,61.0
2025-05-30 00:45:00+00:00,3336.800048828125,3337.0,3310.10009765625,3336.699951171875,37.0
2025-05-30 00:46:00+00:00,3337.300048828125,3337.39990234375,3336.60009765625,3336.699951171875,36.0
2025-05-30 00:47:00+00:00,3336.60009765625,3337.60009765625,3336.60009765625,3337.300048828125,37.0
2025-05-30 00:48:00+00:00,3336.60009765625,3337.0,3310.199951171875,3336.39990234375,37.0
2025-05-30 00:49:00+00:00,3337.0,3337.39990234375,3336.800048828125,3336.800048828125,34.0
2025-05-30 00:50:00+00:00,3335.60009765625,3336.89990234375,3335.39990234375,3336.89990234375,58.0
2025-05-30 00:51:00+00:00,3335.10009765625,3335.699951171875,3335.10009765625,3335.60009765625,37.0
2025-05-30 00:52:00+00:00,3334.199951171875,3335.10009765625,3334.0,3335.0,66.0
2025-05-30 00:53:00+00:00,3334.699951171875,3335.0,3332.800048828125,3334.199951171875,256.0
2025-05-30 00:54:00+00:00,3335.5,3336.10009765625,3334.39990234375,3334.699951171875,120.0
2025-05-30 00:55:00+00:00,3335.10009765625,3335.89990234375,3334.699951171875,3335.60009765625,63.0
2025-05-30 00:56:00+00:00,3335.199951171875,3335.800048828125,3309.10009765625,3335.199951171875,28.0
2025-05-30 00:57:00+00:00,3335.60009765625,3335.699951171875,3335.10009765625,3335.10009765625,32.0
2025-05-30 00:58:00+00:00,3336.10009765625,3336.10009765625,3335.0,3335.0,53.0
2025-05-30 00:59:00+00:00,3335.89990234375,3336.199951171875,3310.0,3336.10009765625,52.0
2025-05-30 01:00:00+00:00,3338.0,3338.0,3335.800048828125,3335.800048828125,153.0
2025-05-30 01:01:00+00:00,3337.89990234375,3338.89990234375,3337.800048828125,3338.0,192.0
2025-05-30 01:02:00+00:00,3336.5,3337.699951171875,3335.800048828125,3337.699951171875,117.0
2025-05-30 01:03:00+00:00,3335.60009765625,3336.60009765625,3310.300048828125,3336.5,55.0
2025-05-30 01:04:00+00:00,3336.10009765625,3336.300048828125,3309.5,3335.699951171875,169.0
2025-05-30 01:05:00+00:00,3338.199951171875,3339.199951171875,3336.0,3336.300048828125,245.0
2025-05-30 01:07:00+00:00,3341.300048828125,3341.800048828125,3339.39990234375,3339.5,469.0
2025-05-30 01:08:00+00:00,3340.300048828125,3341.39990234375,3339.699951171875,3341.10009765625,148.0
2025-05-30 01:09:00+00:00,3340.300048828125,3340.60009765625,3340.10009765625,3340.300048828125,272.0
2025-05-30 01:10:00+00:00,3339.199951171875,3339.60009765625,3339.0,3339.60009765625,111.0
2025-05-30 01:11:00+00:00,3340.800048828125,3340.89990234375,3339.199951171875,3339.300048828125,145.0
2025-05-30 01:12:00+00:00,3342.199951171875,3342.699951171875,3340.60009765625,3340.800048828125,160.0
2025-05-30 01:13:00+00:00,3340.0,3342.60009765625,3340.0,3342.199951171875,111.0
2025-05-30 01:14:00+00:00,3340.199951171875,3340.60009765625,3314.300048828125,3339.60009765625,118.0
2025-05-30 01:15:00+00:00,3340.60009765625,3341.89990234375,3340.0,3340.199951171875,71.0
2025-05-30 01:16:00+00:00,3340.800048828125,3341.60009765625,3340.300048828125,3340.800048828125,46.0
2025-05-30 01:17:00+00:00,3342.0,3342.39990234375,3340.300048828125,3340.800048828125,71.0
2025-05-30 01:18:00+00:00,3343.300048828125,3343.39990234375,3341.800048828125,3342.199951171875,122.0
2025-05-30 01:20:00+00:00,3343.60009765625,3344.199951171875,3317.89990234375,3343.699951171875,444.0
2025-05-30 01:21:00+00:00,3346.300048828125,3346.60009765625,3342.800048828125,3343.39990234375,356.0
2025-05-30 01:22:00+00:00,3345.199951171875,3347.0,3344.699951171875,3346.300048828125,220.0
2025-05-30 01:23:00+00:00,3344.300048828125,3345.5,3343.300048828125,3345.10009765625,125.0
2025-05-30 01:24:00+00:00,3342.199951171875,3344.300048828125,3342.10009765625,3344.10009765625,140.0
2025-05-30 01:25:00+00:00,3341.199951171875,3342.10009765625,3341.0,3342.10009765625,127.0
2025-05-30 01:26:00+00:00,3341.300048828125,3342.5,3340.89990234375,3341.199951171875,119.0
2025-05-30 01:27:00+00:00,3339.699951171875,3341.199951171875,3339.0,3341.199951171875,168.0
2025-05-30 01:28:00+00:00,3340.39990234375,3341.300048828125,3313.89990234375,3313.89990234375,174.0
2025-05-30 01:29:00+00:00,3340.5,3341.60009765625,3340.0,3340.5,130.0
2025-05-30 01:30:00+00:00,3339.5,3341.5,3339.39990234375,3340.300048828125,166.0
2025-05-30 01:31:00+00:00,3337.800048828125,3339.39990234375,3337.60009765625,3339.300048828125,227.0
2025-05-30 01:32:00+00:00,3337.10009765625,3337.800048828125,3336.199951171875,3337.699951171875,135.0
2025-05-30 01:33:00+00:00,3338.0,3338.800048828125,3337.10009765625,3337.10009765625,137.0
2025-05-30 01:34:00+00:00,3339.0,3340.199951171875,3337.699951171875,3337.89990234375,152.0
2025-05-30 01:35:00+00:00,3340.300048828125,3340.39990234375,3339.199951171875,3339.199951171875,108.0
2025-05-30 01:36:00+00:00,3339.5,3341.5,3338.800048828125,3340.300048828125,182.0
2025-05-30 01:37:00+00:00,3338.0,3340.0,3338.0,3339.699951171875,51.0
2025-05-30 01:38:00+00:00,3336.60009765625,3338.10009765625,3311.800048828125,3338.10009765625,118.0
2025-05-30 01:39:00+00:00,3338.800048828125,3338.800048828125,3336.39990234375,3336.800048828125,110.0
2025-05-30 01:40:00+00:00,3337.199951171875,3339.39990234375,3337.199951171875,3338.699951171875,101.0
2025-05-30 01:41:00+00:00,3336.39990234375,3337.300048828125,3336.10009765625,3337.10009765625,112.0
2025-05-30 01:42:00+00:00,3334.800048828125,3337.0,3334.699951171875,3336.60009765625,137.0
2025-05-30 01:43:00+00:00,3336.60009765625,3337.0,3308.89990234375,3334.89990234375,110.0
2025-05-30 01:44:00+00:00,3336.5,3337.39990234375,3335.300048828125,3336.699951171875,196.0
2025-05-30 01:45:00+00:00,3333.89990234375,3336.39990234375,3333.89990234375,3336.39990234375,140.0
2025-05-30 01:46:00+00:00,3334.39990234375,3334.800048828125,3308.39990234375,3333.800048828125,126.0
2025-05-30 01:47:00+00:00,3334.89990234375,3335.5,3334.300048828125,3334.300048828125,42.0
2025-05-30 01:48:00+00:00,3334.300048828125,3335.199951171875,3334.0,3334.800048828125,46.0
2025-05-30 01:49:00+00:00,3334.60009765625,3335.199951171875,3334.10009765625,3334.10009765625,36.0
2025-05-30 01:50:00+00:00,3334.5,3335.0,3334.199951171875,3334.5,35.0
2025-05-30 01:51:00+00:00,3332.5,3335.0,3332.199951171875,3334.699951171875,170.0
2025-05-30 01:52:00+00:00,3334.89990234375,3334.89990234375,3332.5,3332.699951171875,160.0
2025-05-30 01:53:00+00:00,3335.199951171875,3335.5,3334.5,3334.800048828125,48.0
2025-05-30 01:54:00+00:00,3334.199951171875,3335.39990234375,3334.199951171875,3335.0,65.0
2025-05-30 01:55:00+00:00,3334.300048828125,3334.60009765625,3332.800048828125,3333.699951171875,82.0
2025-05-30 01:56:00+00:00,3335.0,3335.0,3308.699951171875,3334.199951171875,68.0
2025-05-30 01:57:00+00:00,3334.10009765625,3335.0,3308.800048828125,3334.89990234375,78.0
2025-05-30 01:58:00+00:00,3334.699951171875,3334.800048828125,3333.60009765625,3334.199951171875,33.0
2025-05-30 01:59:00+00:00,3334.10009765625,3335.0,3333.60009765625,3334.89990234375,41.0
2025-05-30 02:00:00+00:00,3335.800048828125,3336.300048828125,3308.39990234375,3333.89990234375,112.0
2025-05-30 02:01:00+00:00,3335.60009765625,3336.300048828125,3335.0,3335.699951171875,106.0
2025-05-30 02:02:00+00:00,3335.60009765625,3336.39990234375,3335.39990234375,3335.5,51.0
2025-05-30 02:03:00+00:00,3333.60009765625,3335.800048828125,3307.5,3335.800048828125,100.0
2025-05-30 02:04:00+00:00,3330.89990234375,3333.60009765625,3330.60009765625,3333.60009765625,302.0
2025-05-30 02:05:00+00:00,3331.89990234375,3332.60009765625,3330.89990234375,3331.10009765625,267.0
2025-05-30 02:06:00+00:00,3332.300048828125,3332.800048828125,3331.5,3331.60009765625,47.0
2025-05-30 02:07:00+00:00,3332.10009765625,3332.60009765625,3331.699951171875,3332.199951171875,62.0
2025-05-30 02:08:00+00:00,3332.39990234375,3333.5,3331.800048828125,3331.89990234375,174.0
2025-05-30 02:09:00+00:00,3331.89990234375,3332.699951171875,3331.89990234375,3332.10009765625,63.0
2025-05-30 02:10:00+00:00,3330.5,3332.5,3329.699951171875,3332.0,221.0
2025-05-30 02:11:00+00:00,3329.0,3331.199951171875,3328.0,3330.5,482.0
2025-05-30 02:12:00+00:00,3328.5,3329.300048828125,3327.60009765625,3329.300048828125,189.0
2025-05-30 02:13:00+00:00,3328.10009765625,3329.0,3326.10009765625,3328.60009765625,390.0
2025-05-30 02:14:00+00:00,3329.10009765625,3329.60009765625,3327.0,3328.39990234375,223.0
2025-05-30 02:15:00+00:00,3328.800048828125,3330.199951171875,3328.800048828125,3329.300048828125,153.0
2025-05-30 02:16:00+00:00,3328.60009765625,3329.300048828125,3328.39990234375,3328.60009765625,29.0
2025-05-30 02:17:00+00:00,3327.39990234375,3328.5,3301.300048828125,3328.300048828125,145.0
2025-05-30 02:18:00+00:00,3329.0,3329.199951171875,3327.10009765625,3327.60009765625,65.0
2025-05-30 02:19:00+00:00,3329.300048828125,3329.60009765625,3328.199951171875,3329.199951171875,99.0
2025-05-30 02:20:00+00:00,3328.39990234375,3329.199951171875,3328.199951171875,3329.0,56.0
2025-05-30 02:21:00+00:00,3325.5,3328.5,3299.699951171875,3328.39990234375,634.0
2025-05-30 02:22:00+00:00,3326.699951171875,3326.800048828125,3325.300048828125,3325.300048828125,102.0
2025-05-30 02:23:00+00:00,3325.60009765625,3327.5,3325.39990234375,3326.60009765625,98.0
2025-05-30 02:24:00+00:00,3325.60009765625,3326.5,3325.39990234375,3325.699951171875,76.0
2025-05-30 02:25:00+00:00,3325.0,3326.39990234375,3323.5,3325.5,362.0
2025-05-30 02:26:00+00:00,3326.0,3326.60009765625,3325.10009765625,3325.10009765625,149.0
2025-05-30 02:27:00+00:00,3324.89990234375,3326.699951171875,3300.5,3326.0,246.0
2025-05-30 02:28:00+00:00,3323.60009765625,3325.5,3322.39990234375,3325.10009765625,192.0
2025-05-30 02:29:00+00:00,3325.0,3326.0,3323.5,3323.5,169.0
2025-05-30 02:30:00+00:00,3324.5,3325.0,3323.39990234375,3325.0,131.0
2025-05-30 02:31:00+00:00,3323.10009765625,3324.300048828125,3322.89990234375,3324.300048828125,109.0
2025-05-30 02:32:00+00:00,3323.89990234375,3324.5,3322.699951171875,3322.800048828125,177.0
2025-05-30 02:33:00+00:00,3324.199951171875,3324.60009765625,3323.39990234375,3324.0,88.0
2025-05-30 02:34:00+00:00,3325.10009765625,3325.60009765625,3324.199951171875,3324.199951171875,78.0
2025-05-30 02:35:00+00:00,3326.5,3326.800048828125,3325.10009765625,3325.39990234375,178.0
2025-05-30 02:36:00+00:00,3326.39990234375,3327.39990234375,3325.5,3326.5,183.0
2025-05-30 02:37:00+00:00,3324.5,3326.800048828125,3324.39990234375,3326.300048828125,178.0
2025-05-30 02:38:00+00:00,3323.699951171875,3324.39990234375,3323.5,3324.39990234375,136.0
2025-05-30 02:39:00+00:00,3323.800048828125,3324.0,3323.0,3323.60009765625,114.0
2025-05-30 02:40:00+00:00,3322.199951171875,3324.0,3321.89990234375,3323.699951171875,105.0
2025-05-30 02:43:00+00:00,3323.89990234375,3324.300048828125,3323.5,3324.300048828125,290.0
2025-05-30 02:44:00+00:00,3323.699951171875,3324.699951171875,3323.199951171875,3323.800048828125,90.0
2025-05-30 02:45:00+00:00,3323.800048828125,3323.800048828125,3323.300048828125,3323.60009765625,24.0
2025-05-30 02:46:00+00:00,3322.300048828125,3323.199951171875,3296.800048828125,3322.199951171875,106.0
2025-05-30 02:47:00+00:00,3321.5,3323.199951171875,3321.5,3322.39990234375,69.0
2025-05-30 02:48:00+00:00,3322.0,3323.0,3321.5,3321.5,78.0
2025-05-30 02:49:00+00:00,3321.0,3321.89990234375,3319.699951171875,3321.800048828125,318.0
2025-05-30 02:50:00+00:00,3320.10009765625,3321.0,3318.300048828125,3320.60009765625,537.0
2025-05-30 02:51:00+00:00,3320.800048828125,3320.800048828125,3318.60009765625,3319.89990234375,147.0
2025-05-30 02:52:00+00:00,3320.0,3321.199951171875,3294.5,3320.5,155.0
2025-05-30 02:53:00+00:00,3319.199951171875,3319.89990234375,3319.199951171875,3319.60009765625,42.0
2025-05-30 02:54:00+00:00,3319.699951171875,3320.199951171875,3293.300048828125,3319.300048828125,142.0
2025-05-30 02:55:00+00:00,3319.199951171875,3319.60009765625,3318.39990234375,3319.60009765625,79.0
2025-05-30 02:56:00+00:00,3319.800048828125,3319.89990234375,3292.60009765625,3319.199951171875,67.0
2025-05-30 02:57:00+00:00,3320.89990234375,3321.0,3320.0,3320.0,75.0
2025-05-30 02:58:00+00:00,3319.699951171875,3320.800048828125,3319.0,3320.699951171875,63.0
2025-05-30 02:59:00+00:00,3320.5,3320.5,3319.199951171875,3319.60009765625,43.0
2025-05-30 03:00:00+00:00,3321.300048828125,3321.300048828125,3294.5,3320.39990234375,99.0
2025-05-30 03:01:00+00:00,3321.60009765625,3322.300048828125,3296.0,3321.199951171875,154.0
2025-05-30 03:02:00+00:00,3323.0,3323.0,3321.199951171875,3321.699951171875,167.0
2025-05-30 03:03:00+00:00,3323.0,3323.60009765625,3322.60009765625,3322.60009765625,136.0
2025-05-30 03:04:00+00:00,3322.0,3323.0,3321.0,3322.89990234375,184.0
2025-05-30 03:05:00+00:00,3322.60009765625,3322.60009765625,3295.800048828125,3321.89990234375,66.0
2025-05-30 03:06:00+00:00,3323.39990234375,3323.5,3322.39990234375,3322.699951171875,55.0
2025-05-30 03:07:00+00:00,3323.300048828125,3324.199951171875,3297.5,3323.39990234375,135.0
2025-05-30 03:08:00+00:00,3324.5,3325.10009765625,3297.39990234375,3323.39990234375,237.0
2025-05-30 03:09:00+00:00,3324.89990234375,3325.199951171875,3324.199951171875,3324.699951171875,86.0
2025-05-30 03:10:00+00:00,3325.10009765625,3325.199951171875,3324.5,3324.89990234375,56.0
2025-05-30 03:11:00+00:00,3324.699951171875,3325.89990234375,3324.5,3325.10009765625,150.0
2025-05-30 03:12:00+00:00,3324.89990234375,3325.0,3324.10009765625,3324.60009765625,60.0
2025-05-30 03:13:00+00:00,3325.0,3325.5,3324.39990234375,3324.89990234375,111.0
2025-05-30 03:14:00+00:00,3324.10009765625,3325.199951171875,3323.39990234375,3325.10009765625,142.0
2025-05-30 03:15:00+00:00,3324.300048828125,3324.300048828125,3323.60009765625,3324.0,59.0
2025-05-30 03:16:00+00:00,3323.60009765625,3324.60009765625,3323.5,3324.199951171875,59.0
2025-05-30 03:17:00+00:00,3324.10009765625,3324.300048828125,3323.39990234375,3323.60009765625,33.0
2025-05-30 03:18:00+00:00,3322.800048828125,3324.10009765625,3322.800048828125,3324.10009765625,60.0
2025-05-30 03:19:00+00:00,3322.5,3323.39990234375,3322.5,3323.10009765625,50.0
2025-05-30 03:20:00+00:00,3322.300048828125,3323.0,3321.60009765625,3322.800048828125,129.0
2025-05-30 03:21:00+00:00,3323.0,3323.0,3322.199951171875,3322.5,62.0
2025-05-30 03:22:00+00:00,3322.300048828125,3323.300048828125,3322.199951171875,3323.10009765625,55.0
2025-05-30 03:23:00+00:00,3322.89990234375,3323.199951171875,3296.5,3322.199951171875,37.0
2025-05-30 03:24:00+00:00,3322.5,3323.199951171875,3322.39990234375,3323.10009765625,36.0
2025-05-30 03:25:00+00:00,3323.800048828125,3323.800048828125,3322.39990234375,3322.39990234375,75.0
2025-05-30 03:26:00+00:00,3322.60009765625,3323.699951171875,3322.60009765625,3323.699951171875,33.0
2025-05-30 03:27:00+00:00,3321.10009765625,3322.699951171875,3321.10009765625,3322.5,64.0
2025-05-30 03:28:00+00:00,3321.0,3321.800048828125,3295.0,3321.39990234375,97.0
2025-05-30 03:29:00+00:00,3320.5,3321.5,3320.5,3321.10009765625,123.0
2025-05-30 03:30:00+00:00,3321.39990234375,3322.300048828125,3320.199951171875,3320.5,144.0
2025-05-30 03:31:00+00:00,3322.300048828125,3322.300048828125,3321.699951171875,3321.699951171875,43.0
2025-05-30 03:32:00+00:00,3321.89990234375,3322.300048828125,3321.10009765625,3322.199951171875,77.0
2025-05-30 03:33:00+00:00,3322.60009765625,3322.800048828125,3322.0,3322.0,60.0
2025-05-30 03:34:00+00:00,3322.89990234375,3323.199951171875,3296.300048828125,3322.39990234375,41.0
2025-05-30 03:35:00+00:00,3321.5,3322.699951171875,3321.39990234375,3322.699951171875,55.0
2025-05-30 03:36:00+00:00,3321.60009765625,3322.5,3321.39990234375,3321.39990234375,78.0
2025-05-30 03:37:00+00:00,3321.10009765625,3321.60009765625,3320.89990234375,3321.60009765625,45.0
2025-05-30 03:38:00+00:00,3321.10009765625,3321.39990234375,3295.199951171875,3321.0,41.0
2025-05-30 03:39:00+00:00,3321.39990234375,3321.39990234375,3321.10009765625,3321.10009765625,11.0
2025-05-30 03:40:00+00:00,3320.699951171875,3321.0,3320.5,3321.0,27.0
2025-05-30 03:41:00+00:00,3320.10009765625,3321.0,3319.60009765625,3320.89990234375,104.0
2025-05-30 03:42:00+00:00,3319.89990234375,3320.5,3319.89990234375,3320.10009765625,37.0
2025-05-30 03:43:00+00:00,3319.60009765625,3320.300048828125,3293.800048828125,3319.89990234375,58.0
2025-05-30 03:44:00+00:00,3317.39990234375,3319.60009765625,3316.800048828125,3319.60009765625,307.0
2025-05-30 03:45:00+00:00,3317.300048828125,3317.300048828125,3317.300048828125,3317.300048828125,1.0
2025-05-30 03:47:00+00:00,3316.10009765625,3316.5,3316.10009765625,3316.39990234375,682.0
2025-05-30 03:48:00+00:00,3315.300048828125,3316.60009765625,3289.89990234375,3316.10009765625,120.0
2025-05-30 03:49:00+00:00,3315.699951171875,3316.0,3314.699951171875,3315.39990234375,93.0
2025-05-30 03:50:00+00:00,3316.300048828125,3316.39990234375,3288.800048828125,3315.10009765625,92.0
2025-05-30 03:51:00+00:00,3316.5,3316.89990234375,3316.199951171875,3316.5,102.0
2025-05-30 03:52:00+00:00,3318.300048828125,3318.300048828125,3291.5,3316.800048828125,165.0
2025-05-30 03:53:00+00:00,3318.800048828125,3319.10009765625,3318.0,3318.39990234375,126.0
2025-05-30 03:54:00+00:00,3319.5,3319.89990234375,3292.800048828125,3318.89990234375,200.0
2025-05-30 03:55:00+00:00,3317.5,3319.300048828125,3317.39990234375,3319.300048828125,139.0
2025-05-30 03:56:00+00:00,3317.5,3317.89990234375,3317.199951171875,3317.39990234375,82.0
2025-05-30 03:57:00+00:00,3317.800048828125,3317.800048828125,3316.699951171875,3317.199951171875,116.0
2025-05-30 03:58:00+00:00,3318.199951171875,3318.699951171875,3317.89990234375,3317.89990234375,29.0
2025-05-30 04:00:00+00:00,3318.199951171875,3318.5,3317.300048828125,3317.699951171875,44.0
2025-05-30 04:01:00+00:00,3317.800048828125,3318.199951171875,3317.5,3318.199951171875,49.0
2025-05-30 04:02:00+00:00,3317.699951171875,3317.800048828125,3317.199951171875,3317.5,43.0
2025-05-30 04:03:00+00:00,3317.0,3317.5,3316.39990234375,3317.39990234375,52.0
2025-05-30 04:04:00+00:00,3316.5,3317.300048828125,3316.300048828125,3317.0,83.0
2025-05-30 04:05:00+00:00,3317.300048828125,3317.60009765625,3290.300048828125,3316.5,25.0
2025-05-30 04:06:00+00:00,3315.89990234375,3317.0,3290.39990234375,3317.0,36.0
2025-05-30 04:07:00+00:00,3316.10009765625,3316.5,3315.800048828125,3316.199951171875,60.0
2025-05-30 04:08:00+00:00,3316.10009765625,3316.5,3315.60009765625,3316.5,16.0
2025-05-30 04:09:00+00:00,3316.0,3316.39990234375,3290.5,3316.0,34.0
2025-05-30 04:10:00+00:00,3315.89990234375,3316.5,3315.699951171875,3316.199951171875,33.0
2025-05-30 04:11:00+00:00,3316.199951171875,3316.5,3315.800048828125,3315.89990234375,44.0
2025-05-30 04:12:00+00:00,3316.800048828125,3317.10009765625,3316.39990234375,3316.39990234375,49.0
2025-05-30 04:13:00+00:00,3317.0,3317.5,3316.699951171875,3316.89990234375,62.0
2025-05-30 04:14:00+00:00,3317.300048828125,3317.300048828125,3316.800048828125,3316.800048828125,22.0
2025-05-30 04:15:00+00:00,3317.699951171875,3318.0,3317.10009765625,3317.10009765625,41.0
2025-05-30 04:16:00+00:00,3317.0,3317.89990234375,3316.699951171875,3317.800048828125,43.0
2025-05-30 04:17:00+00:00,3317.300048828125,3317.60009765625,3316.699951171875,3316.699951171875,34.0
2025-05-30 04:18:00+00:00,3317.39990234375,3317.39990234375,3317.0,3317.10009765625,22.0
2025-05-30 04:19:00+00:00,3318.0,3318.699951171875,3317.300048828125,3317.300048828125,128.0
2025-05-30 04:20:00+00:00,3317.300048828125,3318.300048828125,3317.300048828125,3318.10009765625,34.0
2025-05-30 04:21:00+00:00,3317.699951171875,3317.699951171875,3316.89990234375,3317.10009765625,44.0
2025-05-30 04:22:00+00:00,3317.89990234375,3317.89990234375,3317.60009765625,3317.60009765625,13.0
2025-05-30 04:23:00+00:00,3317.199951171875,3318.39990234375,3317.199951171875,3317.89990234375,54.0
2025-05-30 04:24:00+00:00,3317.89990234375,3318.0,3317.199951171875,3317.199951171875,53.0
2025-05-30 04:25:00+00:00,3317.39990234375,3317.89990234375,3317.39990234375,3317.60009765625,31.0
2025-05-30 04:26:00+00:00,3317.89990234375,3318.39990234375,3317.0,3317.199951171875,73.0
2025-05-30 04:27:00+00:00,3318.199951171875,3318.199951171875,3317.60009765625,3317.89990234375,29.0
2025-05-30 04:28:00+00:00,3318.300048828125,3318.800048828125,3317.89990234375,3318.10009765625,83.0
2025-05-30 04:29:00+00:00,3318.0,3318.60009765625,3318.0,3318.39990234375,36.0
2025-05-30 04:30:00+00:00,3317.699951171875,3317.89990234375,3317.39990234375,3317.89990234375,40.0
2025-05-30 04:31:00+00:00,3317.39990234375,3318.300048828125,3317.39990234375,3317.5,56.0
2025-05-30 04:32:00+00:00,3316.5,3317.5,3290.5,3317.300048828125,109.0
2025-05-30 04:33:00+00:00,3316.5,3316.800048828125,3316.199951171875,3316.60009765625,48.0
2025-05-30 04:34:00+00:00,3317.10009765625,3317.10009765625,3290.199951171875,3316.60009765625,24.0
2025-05-30 04:35:00+00:00,3316.89990234375,3316.89990234375,3316.60009765625,3316.699951171875,18.0
2025-05-30 04:36:00+00:00,3316.60009765625,3316.699951171875,3316.60009765625,3316.699951171875,3.0
2025-05-30 04:38:00+00:00,3315.699951171875,3316.0,3315.5,3315.5,224.0
2025-05-30 04:39:00+00:00,3316.5,3316.699951171875,3315.60009765625,3315.699951171875,63.0
2025-05-30 04:40:00+00:00,3317.10009765625,3317.10009765625,3316.39990234375,3316.5,27.0
2025-05-30 04:41:00+00:00,3317.0,3317.5,3316.800048828125,3317.0,45.0
2025-05-30 04:42:00+00:00,3316.60009765625,3317.0,3316.60009765625,3317.0,28.0
2025-05-30 04:43:00+00:00,3316.5,3316.800048828125,3316.5,3316.800048828125,10.0
2025-05-30 04:44:00+00:00,3315.699951171875,3316.699951171875,3315.60009765625,3316.699951171875,71.0
2025-05-30 04:45:00+00:00,3316.0,3316.10009765625,3315.60009765625,3315.89990234375,23.0
2025-05-30 04:46:00+00:00,3316.89990234375,3316.89990234375,3316.10009765625,3316.10009765625,11.0
2025-05-30 04:47:00+00:00,3317.0,3317.300048828125,3316.5,3316.89990234375,23.0
2025-05-30 04:48:00+00:00,3317.5,3317.5,3317.0,3317.0,26.0
2025-05-30 04:49:00+00:00,3317.60009765625,3318.0,3317.300048828125,3317.300048828125,50.0
2025-05-30 04:50:00+00:00,3317.60009765625,3318.10009765625,3317.300048828125,3317.5,187.0
2025-05-30 04:51:00+00:00,3317.800048828125,3317.800048828125,3317.800048828125,3317.800048828125,28.0
2025-05-30 04:52:00+00:00,3317.10009765625,3317.300048828125,3316.89990234375,3316.89990234375,57.0
2025-05-30 04:53:00+00:00,3317.60009765625,3317.89990234375,3316.89990234375,3317.199951171875,31.0
2025-05-30 04:54:00+00:00,3317.5,3317.60009765625,3317.0,3317.5,144.0
2025-05-30 04:55:00+00:00,3317.5,3317.699951171875,3317.39990234375,3317.5,13.0
2025-05-30 04:56:00+00:00,3317.60009765625,3317.800048828125,3317.199951171875,3317.300048828125,68.0
2025-05-30 04:57:00+00:00,3317.89990234375,3318.0,3317.60009765625,3317.60009765625,37.0
2025-05-30 04:58:00+00:00,3318.10009765625,3318.39990234375,3317.699951171875,3317.800048828125,53.0
2025-05-30 04:59:00+00:00,3319.5,3320.300048828125,3317.89990234375,3317.89990234375,196.0
2025-05-30 05:00:00+00:00,3319.39990234375,3319.60009765625,3293.5,3319.5,135.0
2025-05-30 05:01:00+00:00,3318.60009765625,3319.5,3318.300048828125,3319.10009765625,131.0
2025-05-30 05:02:00+00:00,3318.5,3318.800048828125,3292.800048828125,3318.5,31.0
2025-05-30 05:03:00+00:00,3319.10009765625,3319.699951171875,3293.0,3318.39990234375,64.0
2025-05-30 05:04:00+00:00,3317.5,3318.89990234375,3316.300048828125,3318.89990234375,250.0
2025-05-30 05:05:00+00:00,3316.800048828125,3317.60009765625,3316.39990234375,3317.5,76.0
2025-05-30 05:06:00+00:00,3316.10009765625,3317.5,3316.10009765625,3317.0,65.0
2025-05-30 05:07:00+00:00,3315.0,3316.39990234375,3313.699951171875,3316.300048828125,295.0
2025-05-30 05:08:00+00:00,3314.39990234375,3315.699951171875,3314.300048828125,3315.0,147.0
2025-05-30 05:09:00+00:00,3315.89990234375,3315.89990234375,3313.699951171875,3314.5,136.0
2025-05-30 05:10:00+00:00,3316.60009765625,3316.699951171875,3315.699951171875,3315.800048828125,49.0
2025-05-30 05:11:00+00:00,3316.39990234375,3317.10009765625,3315.89990234375,3316.60009765625,54.0
2025-05-30 05:12:00+00:00,3315.699951171875,3316.699951171875,3315.699951171875,3316.5,36.0
2025-05-30 05:13:00+00:00,3315.0,3316.39990234375,3314.800048828125,3315.89990234375,68.0
2025-05-30 05:14:00+00:00,3315.800048828125,3315.800048828125,3314.0,3315.10009765625,152.0
2025-05-30 05:15:00+00:00,3315.699951171875,3316.60009765625,3315.60009765625,3315.699951171875,38.0
2025-05-30 05:16:00+00:00,3315.199951171875,3315.699951171875,3315.0,3315.60009765625,42.0
2025-05-30 05:17:00+00:00,3315.10009765625,3315.60009765625,3314.89990234375,3315.5,18.0
2025-05-30 05:18:00+00:00,3315.800048828125,3315.800048828125,3314.60009765625,3314.699951171875,49.0
2025-05-30 05:19:00+00:00,3316.0,3316.10009765625,3315.5,3315.89990234375,28.0
2025-05-30 05:20:00+00:00,3317.199951171875,3317.800048828125,3291.10009765625,3316.0,112.0
2025-05-30 05:21:00+00:00,3317.89990234375,3318.800048828125,3316.5,3316.699951171875,217.0
2025-05-30 05:22:00+00:00,3318.10009765625,3318.5,3317.89990234375,3317.89990234375,35.0
2025-05-30 05:23:00+00:00,3317.89990234375,3318.0,3317.699951171875,3317.89990234375,21.0
2025-05-30 05:24:00+00:00,3318.60009765625,3319.199951171875,3317.89990234375,3317.89990234375,94.0
2025-05-30 05:25:00+00:00,3319.300048828125,3319.300048828125,3318.10009765625,3318.5,51.0
2025-05-30 05:26:00+00:00,3320.800048828125,3321.199951171875,3319.10009765625,3319.10009765625,240.0
2025-05-30 05:27:00+00:00,3321.699951171875,3322.300048828125,3320.5,3320.699951171875,251.0
2025-05-30 05:28:00+00:00,3321.199951171875,3321.60009765625,3320.60009765625,3321.60009765625,132.0
2025-05-30 05:29:00+00:00,3320.300048828125,3320.89990234375,3319.89990234375,3320.89990234375,128.0
2025-05-30 05:30:00+00:00,3322.199951171875,3322.699951171875,3320.10009765625,3320.199951171875,135.0
2025-05-30 05:31:00+00:00,3321.699951171875,3322.800048828125,3321.699951171875,3322.39990234375,101.0
2025-05-30 05:32:00+00:00,3321.10009765625,3322.60009765625,3320.10009765625,3321.89990234375,209.0
2025-05-30 05:33:00+00:00,3321.300048828125,3321.5,3320.699951171875,3321.0,75.0
2025-05-30 05:34:00+00:00,3322.300048828125,3322.300048828125,3321.5,3321.60009765625,42.0
2025-05-30 05:35:00+00:00,3321.5,3322.60009765625,3320.89990234375,3322.0,103.0
2025-05-30 05:36:00+00:00,3320.699951171875,3321.800048828125,3320.60009765625,3321.5,102.0
2025-05-30 05:37:00+00:00,3322.10009765625,3322.10009765625,3321.0,3321.0,25.0
2025-05-30 05:38:00+00:00,3322.60009765625,3322.60009765625,3322.0,3322.300048828125,35.0
2025-05-30 05:39:00+00:00,3323.699951171875,3323.699951171875,3322.39990234375,3322.800048828125,104.0
2025-05-30 05:40:00+00:00,3323.5,3323.800048828125,3322.39990234375,3323.699951171875,140.0
2025-05-30 05:41:00+00:00,3322.0,3323.300048828125,3321.800048828125,3323.300048828125,60.0
2025-05-30 05:42:00+00:00,3322.300048828125,3322.300048828125,3321.39990234375,3321.800048828125,110.0
2025-05-30 05:43:00+00:00,3323.10009765625,3323.699951171875,3322.39990234375,3322.39990234375,97.0
2025-05-30 05:44:00+00:00,3322.699951171875,3323.300048828125,3322.699951171875,3323.199951171875,29.0
2025-05-30 05:45:00+00:00,3321.199951171875,3322.300048828125,3321.199951171875,3322.300048828125,47.0
2025-05-30 05:46:00+00:00,3321.5,3321.89990234375,3296.0,3321.10009765625,46.0
2025-05-30 05:47:00+00:00,3321.300048828125,3321.5,3321.0,3321.5,36.0
2025-05-30 05:48:00+00:00,3322.5,3322.5,3295.800048828125,3321.10009765625,89.0
2025-05-30 05:49:00+00:00,3324.0,3324.0,3297.60009765625,3322.5,147.0
2025-05-30 05:50:00+00:00,3324.300048828125,3324.300048828125,3298.0,3324.0,115.0
2025-05-30 05:51:00+00:00,3325.5,3326.0,3298.39990234375,3324.199951171875,504.0
2025-05-30 05:52:00+00:00,3325.300048828125,3326.0,3299.60009765625,3325.39990234375,181.0
2025-05-30 05:53:00+00:00,3325.699951171875,3325.800048828125,3324.800048828125,3325.300048828125,37.0
2025-05-30 05:54:00+00:00,3326.199951171875,3326.699951171875,3300.60009765625,3325.60009765625,171.0
2025-05-30 05:55:00+00:00,3327.699951171875,3328.10009765625,3301.0,3326.199951171875,286.0
2025-05-30 05:56:00+00:00,3328.300048828125,3328.300048828125,3301.39990234375,3327.60009765625,175.0
2025-05-30 05:57:00+00:00,3326.89990234375,3328.39990234375,3301.39990234375,3328.199951171875,198.0
2025-05-30 05:58:00+00:00,3327.800048828125,3328.300048828125,3327.0,3327.0,55.0
2025-05-30 05:59:00+00:00,3327.300048828125,3327.89990234375,3301.800048828125,3327.699951171875,142.0
2025-05-30 06:00:00+00:00,3325.699951171875,3327.800048828125,3325.5,3327.0,296.0
2025-05-30 06:01:00+00:00,3326.199951171875,3326.300048828125,3325.60009765625,3325.89990234375,55.0
2025-05-30 06:02:00+00:00,3325.300048828125,3326.199951171875,3325.0,3326.199951171875,116.0
2025-05-30 06:03:00+00:00,3325.5,3326.699951171875,3325.300048828125,3325.39990234375,101.0
2025-05-30 06:04:00+00:00,3325.10009765625,3325.300048828125,3324.300048828125,3325.300048828125,92.0
2025-05-30 06:05:00+00:00,3323.0,3325.0,3322.39990234375,3325.0,304.0
2025-05-30 06:06:00+00:00,3323.0,3323.39990234375,3322.199951171875,3323.0,101.0
2025-05-30 06:07:00+00:00,3321.0,3322.699951171875,3320.5,3322.699951171875,189.0
2025-05-30 06:08:00+00:00,3320.5,3321.699951171875,3320.300048828125,3321.10009765625,106.0
2025-05-30 06:09:00+00:00,3319.60009765625,3320.699951171875,3319.0,3320.5,163.0
2025-05-30 06:10:00+00:00,3316.60009765625,3319.699951171875,3316.300048828125,3319.699951171875,254.0
2025-05-30 06:11:00+00:00,3315.5,3317.300048828125,3315.10009765625,3316.60009765625,183.0
2025-05-30 06:12:00+00:00,3317.10009765625,3317.5,3315.5,3315.60009765625,211.0
2025-05-30 06:13:00+00:00,3316.39990234375,3317.89990234375,3316.39990234375,3317.300048828125,189.0
2025-05-30 06:14:00+00:00,3317.89990234375,3318.199951171875,3316.10009765625,3316.199951171875,139.0
2025-05-30 06:15:00+00:00,3318.5,3318.5,3317.60009765625,3318.0,58.0
2025-05-30 06:16:00+00:00,3319.39990234375,3319.39990234375,3318.10009765625,3318.39990234375,101.0
2025-05-30 06:17:00+00:00,3320.300048828125,3320.800048828125,3319.199951171875,3319.300048828125,129.0
2025-05-30 06:18:00+00:00,3320.199951171875,3320.300048828125,3294.199951171875,3320.199951171875,54.0
2025-05-30 06:20:00+00:00,3317.300048828125,3317.5,3317.0,3317.39990234375,218.0
2025-05-30 06:21:00+00:00,3317.39990234375,3317.89990234375,3317.39990234375,3317.60009765625,41.0
2025-05-30 06:22:00+00:00,3318.300048828125,3318.60009765625,3317.89990234375,3318.60009765625,241.0
2025-05-30 06:23:00+00:00,3318.89990234375,3318.89990234375,3318.800048828125,3318.800048828125,12.0
2025-05-30 06:25:00+00:00,3316.699951171875,3316.89990234375,3316.199951171875,3316.39990234375,154.0
2025-05-30 06:26:00+00:00,3315.5,3316.89990234375,3290.300048828125,3316.800048828125,89.0
2025-05-30 06:27:00+00:00,3315.699951171875,3316.39990234375,3315.300048828125,3315.60009765625,76.0
2025-05-30 06:28:00+00:00,3314.5,3315.60009765625,3314.10009765625,3315.60009765625,194.0
2025-05-30 06:29:00+00:00,3314.89990234375,3315.5,3314.300048828125,3314.5,98.0
2025-05-30 06:30:00+00:00,3317.300048828125,3317.300048828125,3314.699951171875,3314.699951171875,78.0
2025-05-30 06:31:00+00:00,3317.39990234375,3318.300048828125,3317.0,3317.39990234375,167.0
2025-05-30 06:33:00+00:00,3319.199951171875,3319.300048828125,3318.10009765625,3318.300048828125,132.0
2025-05-30 06:35:00+00:00,3319.300048828125,3319.39990234375,3318.699951171875,3318.699951171875,83.0
2025-05-30 06:36:00+00:00,3319.0,3319.10009765625,3319.0,3319.0,4.0
2025-05-30 06:37:00+00:00,3319.699951171875,3320.199951171875,3319.699951171875,3319.699951171875,119.0
2025-05-30 06:38:00+00:00,3321.0,3321.5,3294.800048828125,3320.10009765625,98.0
2025-05-30 06:39:00+00:00,3321.5,3321.89990234375,3321.0,3321.0,71.0
2025-05-30 06:40:00+00:00,3321.5,3322.300048828125,3321.300048828125,3321.39990234375,71.0
2025-05-30 06:41:00+00:00,3321.300048828125,3321.39990234375,3321.300048828125,3321.300048828125,53.0
2025-05-30 06:42:00+00:00,3321.699951171875,3321.699951171875,3321.5,3321.5,57.0
2025-05-30 06:44:00+00:00,3319.800048828125,3321.0,3319.800048828125,3320.5,162.0
2025-05-30 06:46:00+00:00,3319.300048828125,3320.10009765625,3319.10009765625,3320.10009765625,230.0
2025-05-30 06:47:00+00:00,3319.300048828125,3319.5,3293.60009765625,3319.39990234375,51.0
2025-05-30 06:48:00+00:00,3320.5,3320.5,3319.300048828125,3319.5,67.0
2025-05-30 06:49:00+00:00,3321.39990234375,3321.60009765625,3320.0,3320.5,77.0
2025-05-30 06:50:00+00:00,3321.89990234375,3322.0,3321.10009765625,3321.39990234375,81.0
2025-05-30 06:51:00+00:00,3323.10009765625,3323.10009765625,3321.300048828125,3321.5,101.0
2025-05-30 06:52:00+00:00,3323.699951171875,3323.89990234375,3322.89990234375,3323.0,124.0
2025-05-30 06:53:00+00:00,3324.39990234375,3324.5,3322.800048828125,3323.5,99.0
2025-05-30 06:54:00+00:00,3324.800048828125,3325.10009765625,3324.199951171875,3324.199951171875,115.0
2025-05-30 06:55:00+00:00,3324.800048828125,3324.89990234375,3324.300048828125,3324.800048828125,43.0
2025-05-30 06:56:00+00:00,3324.39990234375,3325.300048828125,3324.0,3324.60009765625,153.0
2025-05-30 06:57:00+00:00,3324.39990234375,3324.60009765625,3323.60009765625,3324.300048828125,131.0
2025-05-30 06:58:00+00:00,3325.5,3325.5,3324.10009765625,3324.10009765625,120.0
2025-05-30 06:59:00+00:00,3325.5,3325.89990234375,3325.10009765625,3325.5,161.0
2025-05-30 07:00:00+00:00,3322.39990234375,3325.39990234375,3297.300048828125,3325.39990234375,351.0
2025-05-30 07:01:00+00:00,3318.0,3322.699951171875,3317.89990234375,3322.39990234375,243.0
2025-05-30 07:02:00+00:00,3318.89990234375,3319.39990234375,3317.5,3318.199951171875,245.0
2025-05-30 07:03:00+00:00,3320.10009765625,3320.199951171875,3318.5,3318.699951171875,62.0
2025-05-30 07:04:00+00:00,3320.199951171875,3320.5,3319.89990234375,3320.10009765625,107.0
2025-05-30 07:05:00+00:00,3320.699951171875,3320.699951171875,3319.60009765625,3320.300048828125,140.0
2025-05-30 07:06:00+00:00,3320.60009765625,3320.800048828125,3319.800048828125,3320.60009765625,152.0
2025-05-30 07:07:00+00:00,3320.5,3320.800048828125,3294.10009765625,3320.800048828125,176.0
2025-05-30 07:08:00+00:00,3318.300048828125,3320.199951171875,3318.199951171875,3320.199951171875,88.0
2025-05-30 07:09:00+00:00,3318.39990234375,3318.699951171875,3317.300048828125,3318.300048828125,176.0
2025-05-30 07:10:00+00:00,3317.89990234375,3318.0,3317.699951171875,3317.89990234375,172.0
2025-05-30 07:11:00+00:00,3318.60009765625,3318.800048828125,3317.800048828125,3317.800048828125,124.0
2025-05-30 07:12:00+00:00,3315.89990234375,3318.5,3315.699951171875,3318.5,177.0
2025-05-30 07:13:00+00:00,3314.5,3315.699951171875,3287.0,3315.699951171875,896.0
2025-05-30 07:14:00+00:00,3316.0,3316.300048828125,3314.199951171875,3314.60009765625,247.0
2025-05-30 07:15:00+00:00,3316.5,3316.699951171875,3314.199951171875,3315.800048828125,237.0
2025-05-30 07:16:00+00:00,3316.89990234375,3317.39990234375,3316.199951171875,3316.39990234375,112.0
2025-05-30 07:17:00+00:00,3316.699951171875,3317.10009765625,3316.39990234375,3316.89990234375,32.0
2025-05-30 07:18:00+00:00,3317.5,3317.60009765625,3316.39990234375,3316.5,180.0
2025-05-30 07:19:00+00:00,3318.5,3318.5,3317.300048828125,3317.5,69.0
2025-05-30 07:20:00+00:00,3319.5,3319.5,3292.0,3318.10009765625,125.0
2025-05-30 07:21:00+00:00,3319.300048828125,3319.89990234375,3318.89990234375,3319.5,94.0
2025-05-30 07:22:00+00:00,3318.300048828125,3318.800048828125,3317.800048828125,3318.800048828125,46.0
2025-05-30 07:23:00+00:00,3318.300048828125,3318.300048828125,3317.39990234375,3318.0,58.0
2025-05-30 07:24:00+00:00,3320.199951171875,3320.300048828125,3319.699951171875,3319.89990234375,113.0
2025-05-30 07:25:00+00:00,3320.39990234375,3320.5,3319.60009765625,3320.10009765625,55.0
2025-05-30 07:26:00+00:00,3319.60009765625,3320.5,3319.199951171875,3320.39990234375,41.0
2025-05-30 07:27:00+00:00,3321.10009765625,3321.10009765625,3319.60009765625,3319.699951171875,101.0
2025-05-30 07:28:00+00:00,3321.199951171875,3321.300048828125,3320.39990234375,3321.199951171875,74.0
2025-05-30 07:29:00+00:00,3319.800048828125,3320.89990234375,3319.800048828125,3320.89990234375,87.0
2025-05-30 07:30:00+00:00,3319.5,3319.60009765625,3319.199951171875,3319.60009765625,20.0
2025-05-30 07:40:00+00:00,3317.60009765625,3317.89990234375,3317.10009765625,3317.89990234375,679.0
2025-05-30 07:41:00+00:00,3318.39990234375,3318.699951171875,3317.699951171875,3317.89990234375,51.0
2025-05-30 07:42:00+00:00,3318.89990234375,3319.300048828125,3318.199951171875,3318.300048828125,55.0
2025-05-30 07:43:00+00:00,3318.699951171875,3319.300048828125,3318.60009765625,3318.89990234375,26.0
2025-05-30 07:44:00+00:00,3317.800048828125,3319.699951171875,3317.800048828125,3318.5,67.0
2025-05-30 07:45:00+00:00,3318.10009765625,3319.300048828125,3317.89990234375,3317.89990234375,63.0
2025-05-30 07:46:00+00:00,3318.800048828125,3318.800048828125,3318.10009765625,3318.10009765625,61.0
2025-05-30 07:47:00+00:00,3319.0,3319.60009765625,3318.60009765625,3319.10009765625,49.0
2025-05-30 07:48:00+00:00,3320.0,3320.10009765625,3318.39990234375,3319.10009765625,105.0
2025-05-30 07:49:00+00:00,3320.0,3320.800048828125,3320.0,3320.199951171875,96.0
2025-05-30 07:50:00+00:00,3320.5,3320.60009765625,3319.800048828125,3320.199951171875,82.0
2025-05-30 07:51:00+00:00,3320.300048828125,3320.800048828125,3320.10009765625,3320.699951171875,42.0
2025-05-30 07:52:00+00:00,3319.89990234375,3320.89990234375,3319.699951171875,3320.199951171875,121.0
2025-05-30 07:53:00+00:00,3320.89990234375,3321.10009765625,3319.699951171875,3320.0,71.0
2025-05-30 07:54:00+00:00,3320.60009765625,3320.89990234375,3320.300048828125,3320.89990234375,30.0
2025-05-30 07:55:00+00:00,3319.60009765625,3320.39990234375,3319.10009765625,3320.39990234375,51.0
2025-05-30 07:56:00+00:00,3318.800048828125,3320.0,3318.10009765625,3319.5,94.0
2025-05-30 07:57:00+00:00,3317.699951171875,3319.199951171875,3317.699951171875,3318.800048828125,60.0
2025-05-30 07:58:00+00:00,3318.800048828125,3319.10009765625,3318.300048828125,3318.5,47.0
2025-05-30 07:59:00+00:00,3319.199951171875,3319.199951171875,3318.60009765625,3318.699951171875,25.0
2025-05-30 08:00:00+00:00,3319.0,3319.39990234375,3318.39990234375,3318.699951171875,66.0
2025-05-30 08:01:00+00:00,3318.89990234375,3319.60009765625,3318.5,3318.89990234375,48.0
2025-05-30 08:02:00+00:00,3319.300048828125,3320.300048828125,3319.0,3319.10009765625,32.0
2025-05-30 08:03:00+00:00,3319.699951171875,3319.800048828125,3319.5,3319.60009765625,27.0
2025-05-30 08:04:00+00:00,3320.0,3320.300048828125,3319.39990234375,3319.60009765625,60.0
2025-05-30 08:05:00+00:00,3322.10009765625,3322.199951171875,3319.89990234375,3320.0,283.0
2025-05-30 08:06:00+00:00,3323.300048828125,3323.39990234375,3322.0,3322.0,170.0
2025-05-30 08:07:00+00:00,3320.300048828125,3323.10009765625,3319.89990234375,3323.10009765625,205.0
2025-05-30 08:08:00+00:00,3318.199951171875,3320.5,3318.10009765625,3320.5,146.0
2025-05-30 08:09:00+00:00,3318.10009765625,3318.39990234375,3317.5,3318.300048828125,90.0
2025-05-30 08:10:00+00:00,3317.89990234375,3319.300048828125,3316.89990234375,3318.199951171875,188.0
2025-05-30 08:11:00+00:00,3317.699951171875,3318.10009765625,3317.10009765625,3317.699951171875,55.0
2025-05-30 08:12:00+00:00,3317.199951171875,3317.89990234375,3315.60009765625,3317.5,234.0
2025-05-30 08:13:00+00:00,3319.39990234375,3320.0,3316.800048828125,3316.89990234375,232.0
2025-05-30 08:14:00+00:00,3319.800048828125,3320.0,3318.800048828125,3319.699951171875,73.0
2025-05-30 08:15:00+00:00,3319.0,3320.0,3319.0,3320.0,50.0
2025-05-30 08:16:00+00:00,3319.800048828125,3319.89990234375,3319.0,3319.10009765625,44.0
2025-05-30 08:17:00+00:00,3319.800048828125,3320.39990234375,3293.0,3320.0,104.0
2025-05-30 08:18:00+00:00,3321.0,3321.199951171875,3319.699951171875,3320.0,70.0
2025-05-30 08:19:00+00:00,3322.10009765625,3322.10009765625,3320.89990234375,3321.199951171875,94.0
2025-05-30 08:20:00+00:00,3321.0,3322.10009765625,3320.60009765625,3322.0,72.0
2025-05-30 08:21:00+00:00,3320.800048828125,3321.300048828125,3320.60009765625,3320.89990234375,49.0
2025-05-30 08:22:00+00:00,3320.60009765625,3321.0,3320.300048828125,3320.800048828125,33.0
2025-05-30 08:23:00+00:00,3320.89990234375,3321.199951171875,3320.60009765625,3320.800048828125,38.0
2025-05-30 08:24:00+00:00,3321.800048828125,3321.89990234375,3321.10009765625,3321.199951171875,48.0
2025-05-30 08:25:00+00:00,3321.39990234375,3322.0,3321.39990234375,3321.89990234375,34.0
2025-05-30 08:26:00+00:00,3322.89990234375,3322.89990234375,3321.5,3321.699951171875,52.0
2025-05-30 08:27:00+00:00,3322.89990234375,3323.0,3322.300048828125,3322.699951171875,40.0
2025-05-30 08:28:00+00:00,3322.39990234375,3323.0,3322.39990234375,3322.800048828125,43.0
2025-05-30 08:29:00+00:00,3322.300048828125,3323.5,3321.800048828125,3322.89990234375,119.0
2025-05-30 08:30:00+00:00,3322.300048828125,3323.0,3321.800048828125,3321.89990234375,137.0
2025-05-30 08:31:00+00:00,3323.0,3323.300048828125,3296.300048828125,3322.300048828125,69.0
2025-05-30 08:32:00+00:00,3323.0,3323.199951171875,3322.699951171875,3323.10009765625,35.0
2025-05-30 08:33:00+00:00,3322.0,3322.800048828125,3322.0,3322.800048828125,28.0
2025-05-30 08:34:00+00:00,3321.10009765625,3322.10009765625,3320.699951171875,3322.10009765625,99.0
2025-05-30 08:35:00+00:00,3322.0,3322.199951171875,3321.199951171875,3321.199951171875,125.0
2025-05-30 08:36:00+00:00,3320.800048828125,3321.89990234375,3320.699951171875,3321.89990234375,15.0
2025-05-30 08:37:00+00:00,3321.300048828125,3321.699951171875,3320.800048828125,3320.800048828125,33.0
2025-05-30 08:38:00+00:00,3321.60009765625,3322.0,3320.800048828125,3321.39990234375,59.0
2025-05-30 08:39:00+00:00,3320.89990234375,3321.800048828125,3320.699951171875,3321.800048828125,18.0
2025-05-30 08:40:00+00:00,3320.39990234375,3320.89990234375,3319.800048828125,3320.89990234375,53.0
2025-05-30 08:41:00+00:00,3321.0,3321.10009765625,3320.300048828125,3320.300048828125,9.0
2025-05-30 08:42:00+00:00,3320.5,3321.10009765625,3320.199951171875,3321.0,45.0
2025-05-30 08:43:00+00:00,3321.10009765625,3321.39990234375,3320.300048828125,3320.800048828125,79.0
2025-05-30 08:44:00+00:00,3321.0,3321.5,3321.0,3321.39990234375,11.0
2025-05-30 08:45:00+00:00,3320.60009765625,3320.89990234375,3320.39990234375,3320.800048828125,26.0
2025-05-30 08:46:00+00:00,3320.10009765625,3321.199951171875,3320.0,3321.10009765625,64.0
2025-05-30 08:47:00+00:00,3320.39990234375,3320.39990234375,3319.60009765625,3320.0,43.0
2025-05-30 08:48:00+00:00,3320.60009765625,3321.0,3319.699951171875,3320.300048828125,54.0
2025-05-30 08:49:00+00:00,3320.699951171875,3320.699951171875,3320.10009765625,3320.39990234375,19.0
2025-05-30 08:50:00+00:00,3320.699951171875,3321.300048828125,3293.89990234375,3320.39990234375,71.0
2025-05-30 08:51:00+00:00,3321.39990234375,3321.5,3320.699951171875,3320.800048828125,28.0
2025-05-30 08:52:00+00:00,3320.89990234375,3321.5,3320.89990234375,3321.300048828125,65.0
2025-05-30 08:53:00+00:00,3321.39990234375,3321.39990234375,3320.60009765625,3321.10009765625,53.0
2025-05-30 08:54:00+00:00,3319.39990234375,3321.699951171875,3319.10009765625,3321.5,153.0
2025-05-30 08:55:00+00:00,3319.699951171875,3319.800048828125,3319.10009765625,3319.699951171875,60.0
2025-05-30 08:56:00+00:00,3319.300048828125,3319.60009765625,3318.60009765625,3319.60009765625,79.0
2025-05-30 08:57:00+00:00,3319.300048828125,3319.5,3319.199951171875,3319.199951171875,17.0
2025-05-30 08:58:00+00:00,3319.699951171875,3319.89990234375,3319.39990234375,3319.5,26.0
2025-05-30 08:59:00+00:00,3320.0,3320.300048828125,3319.800048828125,3319.800048828125,46.0
2025-05-30 09:00:00+00:00,3320.10009765625,3320.5,3319.199951171875,3319.89990234375,85.0
2025-05-30 09:01:00+00:00,3320.60009765625,3320.800048828125,3319.300048828125,3320.10009765625,35.0
2025-05-30 09:02:00+00:00,3320.10009765625,3321.199951171875,3319.60009765625,3320.60009765625,52.0
2025-05-30 09:03:00+00:00,3319.39990234375,3320.199951171875,3319.199951171875,3319.89990234375,30.0
2025-05-30 09:04:00+00:00,3319.39990234375,3320.0,3319.10009765625,3319.300048828125,65.0
2025-05-30 09:05:00+00:00,3319.0,3319.300048828125,3318.60009765625,3319.300048828125,31.0
2025-05-30 09:06:00+00:00,3319.0,3319.199951171875,3318.300048828125,3318.89990234375,100.0
2025-05-30 09:07:00+00:00,3319.60009765625,3319.800048828125,3318.5,3318.89990234375,117.0
2025-05-30 09:08:00+00:00,3319.10009765625,3319.60009765625,3318.89990234375,3319.39990234375,93.0
2025-05-30 09:09:00+00:00,3319.699951171875,3319.800048828125,3318.89990234375,3318.89990234375,33.0
2025-05-30 09:10:00+00:00,3319.5,3319.89990234375,3319.199951171875,3319.800048828125,46.0
2025-05-30 09:11:00+00:00,3320.699951171875,3320.699951171875,3319.5,3319.699951171875,124.0
2025-05-30 09:12:00+00:00,3321.800048828125,3321.800048828125,3320.10009765625,3320.300048828125,46.0
2025-05-30 09:13:00+00:00,3322.699951171875,3322.699951171875,3321.699951171875,3321.699951171875,85.0
2025-05-30 09:14:00+00:00,3321.800048828125,3322.60009765625,3321.39990234375,3322.39990234375,63.0
2025-05-30 09:15:00+00:00,3321.5,3322.10009765625,3321.10009765625,3321.800048828125,39.0
2025-05-30 09:16:00+00:00,3321.5,3321.5,3321.0,3321.5,30.0
2025-05-30 09:17:00+00:00,3322.10009765625,3322.10009765625,3296.0,3321.300048828125,26.0
2025-05-30 09:18:00+00:00,3321.89990234375,3322.10009765625,3296.0,3322.10009765625,115.0
2025-05-30 09:19:00+00:00,3322.60009765625,3322.60009765625,3321.699951171875,3321.800048828125,108.0
2025-05-30 09:20:00+00:00,3321.60009765625,3322.699951171875,3321.60009765625,3322.60009765625,151.0
2025-05-30 09:21:00+00:00,3322.5,3322.5,3321.39990234375,3321.699951171875,42.0
2025-05-30 09:22:00+00:00,3323.300048828125,3323.699951171875,3322.699951171875,3322.699951171875,74.0
2025-05-30 09:23:00+00:00,3322.699951171875,3323.0,3322.5,3323.0,18.0
2025-05-30 09:24:00+00:00,3321.89990234375,3322.60009765625,3321.800048828125,3322.60009765625,26.0
2025-05-30 09:25:00+00:00,3321.199951171875,3321.89990234375,3321.0,3321.89990234375,145.0
2025-05-30 09:26:00+00:00,3321.10009765625,3321.60009765625,3321.0,3321.199951171875,52.0
2025-05-30 09:27:00+00:00,3320.89990234375,3321.800048828125,3320.89990234375,3321.0,60.0
2025-05-30 09:28:00+00:00,3320.699951171875,3321.199951171875,3320.300048828125,3320.800048828125,59.0
2025-05-30 09:29:00+00:00,3320.60009765625,3321.0,3320.0,3320.60009765625,159.0
2025-05-30 09:30:00+00:00,3319.39990234375,3320.5,3319.300048828125,3320.5,41.0
2025-05-30 09:40:00+00:00,3319.89990234375,3320.300048828125,3319.60009765625,3320.0,1243.0
2025-05-30 09:41:00+00:00,3320.699951171875,3321.10009765625,3320.199951171875,3320.199951171875,62.0
2025-05-30 09:42:00+00:00,3321.300048828125,3321.300048828125,3320.39990234375,3320.699951171875,22.0
2025-05-30 09:43:00+00:00,3321.699951171875,3321.699951171875,3321.39990234375,3321.5,29.0
2025-05-30 09:44:00+00:00,3322.199951171875,3322.300048828125,3296.10009765625,3321.60009765625,60.0
2025-05-30 09:45:00+00:00,3321.10009765625,3322.300048828125,3321.10009765625,3322.300048828125,41.0
2025-05-30 09:46:00+00:00,3321.5,3321.800048828125,3321.199951171875,3321.199951171875,21.0
2025-05-30 09:47:00+00:00,3322.0,3322.199951171875,3321.300048828125,3321.39990234375,35.0
2025-05-30 09:48:00+00:00,3321.699951171875,3322.5,3296.10009765625,3322.0,59.0
2025-05-30 09:49:00+00:00,3322.199951171875,3322.199951171875,3321.699951171875,3321.699951171875,58.0
2025-05-30 09:50:00+00:00,3322.199951171875,3322.199951171875,3321.800048828125,3322.199951171875,39.0
2025-05-30 09:51:00+00:00,3321.800048828125,3322.0,3321.39990234375,3322.0,49.0
2025-05-30 09:52:00+00:00,3321.800048828125,3322.10009765625,3321.39990234375,3321.89990234375,46.0
2025-05-30 09:53:00+00:00,3322.199951171875,3322.300048828125,3321.800048828125,3321.800048828125,78.0
2025-05-30 09:54:00+00:00,3321.699951171875,3322.10009765625,3321.699951171875,3322.10009765625,22.0
2025-05-30 09:55:00+00:00,3321.300048828125,3321.699951171875,3321.0,3321.699951171875,37.0
2025-05-30 09:56:00+00:00,3321.60009765625,3321.800048828125,3321.39990234375,3321.5,16.0
2025-05-30 09:57:00+00:00,3321.199951171875,3321.89990234375,3321.10009765625,3321.5,34.0
2025-05-30 09:58:00+00:00,3321.0,3321.60009765625,3321.0,3321.300048828125,33.0
2025-05-30 09:59:00+00:00,3320.0,3321.199951171875,3293.0,3321.0,149.0
2025-05-30 10:00:00+00:00,3320.699951171875,3321.0,3319.300048828125,3319.800048828125,145.0
2025-05-30 10:01:00+00:00,3321.199951171875,3321.199951171875,3320.699951171875,3320.699951171875,15.0
2025-05-30 10:02:00+00:00,3322.0,3322.199951171875,3321.300048828125,3321.39990234375,55.0
2025-05-30 10:03:00+00:00,3322.39990234375,3322.800048828125,3322.199951171875,3322.199951171875,22.0
2025-05-30 10:04:00+00:00,3323.0,3323.300048828125,3322.0,3322.699951171875,79.0
2025-05-30 10:05:00+00:00,3323.89990234375,3324.0,3323.10009765625,3323.10009765625,41.0
2025-05-30 10:06:00+00:00,3323.89990234375,3324.0,3323.60009765625,3323.89990234375,51.0
2025-05-30 10:07:00+00:00,3324.10009765625,3324.5,3323.800048828125,3323.800048828125,58.0
2025-05-30 10:08:00+00:00,3324.10009765625,3324.60009765625,3323.800048828125,3323.89990234375,57.0
2025-05-30 10:09:00+00:00,3323.699951171875,3324.39990234375,3323.300048828125,3324.300048828125,65.0
2025-05-30 10:10:00+00:00,3322.89990234375,3323.699951171875,3322.89990234375,3323.39990234375,39.0
2025-05-30 10:11:00+00:00,3322.800048828125,3323.300048828125,3322.5,3323.300048828125,15.0
2025-05-30 10:12:00+00:00,3322.60009765625,3322.89990234375,3322.60009765625,3322.89990234375,19.0
2025-05-30 10:13:00+00:00,3323.300048828125,3323.60009765625,3297.0,3322.699951171875,45.0
2025-05-30 10:14:00+00:00,3323.699951171875,3324.10009765625,3323.39990234375,3323.39990234375,35.0
2025-05-30 10:15:00+00:00,3324.10009765625,3324.699951171875,3323.5,3323.699951171875,131.0
2025-05-30 10:16:00+00:00,3323.5,3324.39990234375,3323.5,3324.0,87.0
2025-05-30 10:17:00+00:00,3324.0,3324.800048828125,3323.800048828125,3323.800048828125,59.0
2025-05-30 10:18:00+00:00,3324.699951171875,3324.699951171875,3323.800048828125,3323.89990234375,30.0
2025-05-30 10:19:00+00:00,3324.10009765625,3324.39990234375,3323.89990234375,3324.39990234375,28.0
2025-05-30 10:20:00+00:00,3323.39990234375,3324.5,3323.300048828125,3324.10009765625,66.0
2025-05-30 10:21:00+00:00,3322.39990234375,3323.5,3322.39990234375,3323.300048828125,130.0
2025-05-30 10:22:00+00:00,3322.5,3322.800048828125,3296.10009765625,3322.300048828125,32.0
2025-05-30 10:23:00+00:00,3321.699951171875,3322.60009765625,3321.39990234375,3322.300048828125,91.0
2025-05-30 10:24:00+00:00,3321.199951171875,3321.89990234375,3321.199951171875,3321.60009765625,53.0
2025-05-30 10:25:00+00:00,3320.699951171875,3321.300048828125,3320.60009765625,3321.10009765625,44.0
2025-05-30 10:26:00+00:00,3320.39990234375,3320.60009765625,3320.10009765625,3320.60009765625,26.0
2025-05-30 10:27:00+00:00,3320.39990234375,3320.60009765625,3320.0,3320.39990234375,60.0
2025-05-30 10:28:00+00:00,3320.300048828125,3320.800048828125,3294.5,3320.39990234375,105.0
2025-05-30 10:29:00+00:00,3294.39990234375,3320.699951171875,3294.0,3320.39990234375,96.0
2025-05-30 10:30:00+00:00,3320.39990234375,3321.0,3294.5,3320.60009765625,90.0
2025-05-30 10:31:00+00:00,3320.5,3320.60009765625,3294.5,3294.5,31.0
2025-05-30 10:32:00+00:00,3320.199951171875,3320.5,3319.699951171875,3320.199951171875,79.0
2025-05-30 10:33:00+00:00,3319.89990234375,3320.10009765625,3319.199951171875,3319.89990234375,83.0
2025-05-30 10:34:00+00:00,3319.800048828125,3319.89990234375,3319.5,3319.699951171875,42.0
2025-05-30 10:35:00+00:00,3319.300048828125,3319.89990234375,3319.199951171875,3319.89990234375,23.0
2025-05-30 10:36:00+00:00,3319.199951171875,3319.300048828125,3318.60009765625,3319.300048828125,63.0
2025-05-30 10:37:00+00:00,3318.800048828125,3319.39990234375,3292.60009765625,3319.39990234375,54.0
2025-05-30 10:38:00+00:00,3319.89990234375,3320.5,3318.89990234375,3318.89990234375,83.0
2025-05-30 10:39:00+00:00,3318.800048828125,3319.89990234375,3318.699951171875,3319.699951171875,40.0
2025-05-30 10:40:00+00:00,3318.89990234375,3319.0,3318.5,3318.60009765625,100.0
2025-05-30 10:41:00+00:00,3319.39990234375,3319.39990234375,3318.60009765625,3319.0,47.0
2025-05-30 10:42:00+00:00,3319.60009765625,3320.199951171875,3319.300048828125,3319.300048828125,39.0
2025-05-30 10:43:00+00:00,3318.39990234375,3319.699951171875,3318.39990234375,3319.60009765625,77.0
2025-05-30 10:44:00+00:00,3318.39990234375,3318.699951171875,3318.0,3318.5,58.0
2025-05-30 10:45:00+00:00,3318.699951171875,3319.5,3318.199951171875,3318.699951171875,88.0
2025-05-30 10:46:00+00:00,3317.800048828125,3319.199951171875,3317.60009765625,3319.0,99.0
2025-05-30 10:47:00+00:00,3318.699951171875,3318.699951171875,3317.60009765625,3317.800048828125,101.0
2025-05-30 10:48:00+00:00,3318.300048828125,3318.89990234375,3318.0,3318.699951171875,59.0
2025-05-30 10:49:00+00:00,3317.39990234375,3318.300048828125,3317.300048828125,3318.300048828125,38.0
2025-05-30 10:50:00+00:00,3317.0,3317.60009765625,3316.89990234375,3317.5,95.0
2025-05-30 10:51:00+00:00,3317.5,3317.5,3316.699951171875,3317.10009765625,74.0
2025-05-30 10:52:00+00:00,3318.300048828125,3318.39990234375,3317.0,3317.5,146.0
2025-05-30 10:53:00+00:00,3319.300048828125,3319.300048828125,3317.800048828125,3318.0,74.0
2025-05-30 10:54:00+00:00,3319.300048828125,3319.5,3319.10009765625,3319.10009765625,29.0
2025-05-30 10:55:00+00:00,3318.89990234375,3319.89990234375,3318.89990234375,3319.199951171875,57.0
2025-05-30 10:56:00+00:00,3319.89990234375,3319.89990234375,3318.800048828125,3318.800048828125,19.0
2025-05-30 10:57:00+00:00,3320.0,3320.300048828125,3319.5,3319.89990234375,68.0
2025-05-30 10:58:00+00:00,3319.800048828125,3320.199951171875,3319.300048828125,3320.199951171875,45.0
2025-05-30 10:59:00+00:00,3319.300048828125,3319.699951171875,3319.199951171875,3319.60009765625,23.0
2025-05-30 11:00:00+00:00,3319.39990234375,3319.800048828125,3319.300048828125,3319.300048828125,38.0
2025-05-30 11:01:00+00:00,3318.39990234375,3319.39990234375,3317.39990234375,3319.10009765625,101.0
2025-05-30 11:02:00+00:00,3320.0,3320.0,3293.300048828125,3318.5,67.0
2025-05-30 11:03:00+00:00,3320.89990234375,3321.199951171875,3319.89990234375,3320.10009765625,52.0
2025-05-30 11:04:00+00:00,3321.10009765625,3321.5,3319.699951171875,3320.699951171875,195.0
2025-05-30 11:05:00+00:00,3320.89990234375,3321.5,3319.5,3321.10009765625,113.0
2025-05-30 11:06:00+00:00,3320.5,3321.0,3320.5,3321.0,11.0
2025-05-30 11:07:00+00:00,3319.89990234375,3320.5,3319.89990234375,3320.5,18.0
2025-05-30 11:08:00+00:00,3320.5,3320.60009765625,3320.0,3320.0,17.0
2025-05-30 11:09:00+00:00,3320.300048828125,3320.300048828125,3319.89990234375,3320.0,12.0
2025-05-30 11:10:00+00:00,3319.60009765625,3320.300048828125,3319.60009765625,3320.199951171875,63.0
2025-05-30 11:11:00+00:00,3319.39990234375,3320.0,3319.39990234375,3320.0,10.0
2025-05-30 11:12:00+00:00,3318.300048828125,3319.199951171875,3317.699951171875,3319.199951171875,101.0
2025-05-30 11:13:00+00:00,3318.0,3318.60009765625,3317.800048828125,3318.300048828125,61.0
2025-05-30 11:14:00+00:00,3317.800048828125,3318.199951171875,3317.5,3318.199951171875,26.0
2025-05-30 11:15:00+00:00,3318.10009765625,3318.199951171875,3317.300048828125,3317.89990234375,53.0
2025-05-30 11:16:00+00:00,3318.39990234375,3319.300048828125,3318.0,3318.0,56.0
2025-05-30 11:17:00+00:00,3317.199951171875,3318.5,3317.0,3318.5,55.0
2025-05-30 11:18:00+00:00,3317.199951171875,3317.699951171875,3316.699951171875,3317.0,92.0
2025-05-30 11:19:00+00:00,3316.300048828125,3317.0,3316.0,3317.0,129.0
2025-05-30 11:20:00+00:00,3315.800048828125,3316.699951171875,3290.0,3316.5,73.0
2025-05-30 11:21:00+00:00,3314.800048828125,3315.800048828125,3314.5,3315.699951171875,133.0
2025-05-30 11:22:00+00:00,3315.10009765625,3315.60009765625,3314.39990234375,3314.89990234375,67.0
2025-05-30 11:23:00+00:00,3316.300048828125,3316.300048828125,3315.199951171875,3315.199951171875,35.0
2025-05-30 11:24:00+00:00,3316.60009765625,3316.800048828125,3316.10009765625,3316.10009765625,72.0
2025-05-30 11:25:00+00:00,3316.300048828125,3316.39990234375,3315.300048828125,3316.10009765625,65.0
2025-05-30 11:26:00+00:00,3316.89990234375,3316.89990234375,3316.300048828125,3316.300048828125,41.0
2025-05-30 11:27:00+00:00,3317.0,3317.699951171875,3316.800048828125,3316.800048828125,104.0
2025-05-30 11:28:00+00:00,3317.800048828125,3318.5,3317.199951171875,3317.300048828125,339.0
2025-05-30 11:29:00+00:00,3317.60009765625,3318.199951171875,3317.10009765625,3317.699951171875,63.0
2025-05-30 11:30:00+00:00,3317.89990234375,3318.0,3317.199951171875,3317.699951171875,38.0
2025-05-30 11:31:00+00:00,3317.39990234375,3318.10009765625,3317.0,3318.0,65.0
2025-05-30 11:32:00+00:00,3317.60009765625,3317.60009765625,3317.199951171875,3317.5,26.0
2025-05-30 11:33:00+00:00,3317.89990234375,3318.0,3317.10009765625,3317.60009765625,37.0
2025-05-30 11:34:00+00:00,3317.199951171875,3318.0,3317.199951171875,3317.89990234375,35.0
2025-05-30 11:35:00+00:00,3317.5,3317.699951171875,3317.300048828125,3317.39990234375,23.0
2025-05-30 11:36:00+00:00,3317.699951171875,3317.89990234375,3317.300048828125,3317.5,29.0
2025-05-30 11:37:00+00:00,3316.10009765625,3317.800048828125,3316.10009765625,3317.800048828125,57.0
2025-05-30 11:38:00+00:00,3316.300048828125,3317.39990234375,3290.5,3316.300048828125,100.0
2025-05-30 11:39:00+00:00,3316.89990234375,3317.199951171875,3316.199951171875,3316.5,58.0
2025-05-30 11:40:00+00:00,3315.800048828125,3316.89990234375,3315.60009765625,3316.89990234375,49.0
2025-05-30 11:41:00+00:00,3315.89990234375,3316.5,3315.39990234375,3316.0,82.0
2025-05-30 11:42:00+00:00,3316.5,3316.800048828125,3315.5,3316.0,263.0
2025-05-30 11:43:00+00:00,3317.10009765625,3317.39990234375,3316.800048828125,3316.800048828125,91.0
2025-05-30 11:44:00+00:00,3316.199951171875,3317.5,3316.10009765625,3317.0,95.0
2025-05-30 11:45:00+00:00,3316.300048828125,3316.699951171875,3316.0,3316.199951171875,91.0
2025-05-30 11:46:00+00:00,3316.800048828125,3316.800048828125,3316.0,3316.300048828125,84.0
2025-05-30 11:47:00+00:00,3316.199951171875,3317.60009765625,3316.199951171875,3316.699951171875,240.0
2025-05-30 11:48:00+00:00,3315.60009765625,3316.699951171875,3315.10009765625,3316.10009765625,142.0
2025-05-30 11:49:00+00:00,3315.0,3315.300048828125,3314.800048828125,3315.10009765625,147.0
2025-05-30 11:50:00+00:00,3314.300048828125,3315.10009765625,3314.0,3315.10009765625,74.0
2025-05-30 11:51:00+00:00,3313.300048828125,3314.5,3311.39990234375,3314.5,446.0
2025-05-30 11:52:00+00:00,3313.800048828125,3314.199951171875,3312.60009765625,3313.0,305.0
2025-05-30 11:53:00+00:00,3315.5,3316.10009765625,3313.5,3313.800048828125,463.0
2025-05-30 11:54:00+00:00,3316.5,3316.89990234375,3315.300048828125,3315.699951171875,165.0
2025-05-30 11:55:00+00:00,3317.10009765625,3317.5,3316.60009765625,3316.60009765625,54.0
2025-05-30 11:56:00+00:00,3318.39990234375,3318.800048828125,3316.89990234375,3317.300048828125,119.0
2025-05-30 11:57:00+00:00,3317.199951171875,3318.39990234375,3317.199951171875,3318.199951171875,359.0
2025-05-30 11:58:00+00:00,3318.699951171875,3318.699951171875,3317.300048828125,3317.300048828125,58.0
2025-05-30 11:59:00+00:00,3318.199951171875,3319.199951171875,3317.89990234375,3318.800048828125,109.0
2025-05-30 12:00:00+00:00,3317.199951171875,3319.0,3291.0,3318.39990234375,321.0
2025-05-30 12:01:00+00:00,3314.89990234375,3317.300048828125,3290.0,3317.300048828125,735.0
2025-05-30 12:02:00+00:00,3314.199951171875,3315.0,3313.300048828125,3314.89990234375,141.0
2025-05-30 12:03:00+00:00,3312.89990234375,3314.300048828125,3312.60009765625,3314.300048828125,122.0
2025-05-30 12:04:00+00:00,3313.60009765625,3314.800048828125,3312.39990234375,3312.89990234375,397.0
2025-05-30 12:05:00+00:00,3315.800048828125,3316.300048828125,3313.39990234375,3313.60009765625,807.0
2025-05-30 12:06:00+00:00,3315.300048828125,3316.39990234375,3315.10009765625,3316.0,191.0
2025-05-30 12:07:00+00:00,3315.39990234375,3315.39990234375,3314.199951171875,3314.89990234375,78.0
2025-05-30 12:08:00+00:00,3315.300048828125,3316.39990234375,3315.10009765625,3315.39990234375,304.0
2025-05-30 12:09:00+00:00,3313.10009765625,3320.0,3313.0,3315.10009765625,1038.0
2025-05-30 12:10:00+00:00,3311.60009765625,3313.10009765625,3281.89990234375,3313.10009765625,2201.0
2025-05-30 12:11:00+00:00,3317.10009765625,3318.10009765625,3286.0,3311.89990234375,1012.0
2025-05-30 12:12:00+00:00,3323.699951171875,3323.699951171875,3316.5,3317.10009765625,1106.0
2025-05-30 12:13:00+00:00,3327.0,3327.5,3300.89990234375,3323.39990234375,1105.0
2025-05-30 12:14:00+00:00,3327.10009765625,3331.5,3303.0,3327.0,1478.0
2025-05-30 12:15:00+00:00,3325.39990234375,3328.0,3322.39990234375,3326.89990234375,1143.0
2025-05-30 12:16:00+00:00,3322.5,3326.199951171875,3322.0,3325.199951171875,336.0
2025-05-30 12:17:00+00:00,3323.0,3325.0,3322.0,3322.800048828125,489.0
2025-05-30 12:18:00+00:00,3325.300048828125,3325.60009765625,3299.699951171875,3323.199951171875,335.0
2025-05-30 12:19:00+00:00,3326.199951171875,3328.60009765625,3301.0,3325.10009765625,1126.0
2025-05-30 12:20:00+00:00,3325.800048828125,3328.89990234375,3325.39990234375,3326.5,778.0
2025-05-30 12:21:00+00:00,3326.89990234375,3329.5,3326.300048828125,3326.300048828125,650.0
2025-05-30 12:22:00+00:00,3328.0,3328.0,3325.89990234375,3327.300048828125,216.0
2025-05-30 12:23:00+00:00,3326.800048828125,3329.39990234375,3325.0,3328.300048828125,974.0
2025-05-30 12:24:00+00:00,3325.199951171875,3327.0,3324.60009765625,3326.800048828125,240.0
2025-05-30 12:25:00+00:00,3327.800048828125,3328.10009765625,3324.699951171875,3325.300048828125,626.0
2025-05-30 12:26:00+00:00,3329.300048828125,3329.5,3327.300048828125,3327.800048828125,563.0
2025-05-30 12:27:00+00:00,3328.699951171875,3330.39990234375,3303.300048828125,3304.0,450.0
2025-05-30 12:28:00+00:00,3328.5,3329.300048828125,3328.10009765625,3328.89990234375,97.0
2025-05-30 12:29:00+00:00,3326.5,3328.60009765625,3301.5,3328.39990234375,250.0
2025-05-30 12:30:00+00:00,3327.60009765625,3327.89990234375,3325.300048828125,3326.60009765625,216.0
2025-05-30 12:31:00+00:00,3326.699951171875,3327.89990234375,3326.300048828125,3327.800048828125,181.0
2025-05-30 12:32:00+00:00,3323.39990234375,3327.5,3322.800048828125,3326.699951171875,453.0
2025-05-30 12:33:00+00:00,3321.60009765625,3323.5,3320.5,3323.10009765625,439.0
2025-05-30 12:34:00+00:00,3323.60009765625,3323.89990234375,3321.5,3321.60009765625,345.0
2025-05-30 12:35:00+00:00,3324.89990234375,3325.699951171875,3323.5,3323.60009765625,390.0
2025-05-30 12:36:00+00:00,3324.199951171875,3325.5,3323.5,3325.10009765625,196.0
2025-05-30 12:37:00+00:00,3323.89990234375,3324.699951171875,3322.89990234375,3324.199951171875,199.0
2025-05-30 12:38:00+00:00,3325.60009765625,3325.60009765625,3322.39990234375,3323.800048828125,332.0
2025-05-30 12:39:00+00:00,3326.199951171875,3326.300048828125,3324.89990234375,3325.89990234375,108.0
2025-05-30 12:40:00+00:00,3328.60009765625,3328.89990234375,3325.89990234375,3326.300048828125,594.0
2025-05-30 12:41:00+00:00,3329.60009765625,3330.39990234375,3328.39990234375,3329.0,416.0
2025-05-30 12:42:00+00:00,3329.39990234375,3330.699951171875,3328.89990234375,3329.699951171875,183.0
2025-05-30 12:43:00+00:00,3328.199951171875,3330.199951171875,3328.0,3329.60009765625,163.0
2025-05-30 12:44:00+00:00,3328.89990234375,3329.60009765625,3327.89990234375,3328.300048828125,185.0
2025-05-30 12:45:00+00:00,3327.89990234375,3329.300048828125,3327.199951171875,3329.300048828125,98.0
2025-05-30 12:46:00+00:00,3327.89990234375,3329.699951171875,3302.39990234375,3327.89990234375,236.0
2025-05-30 12:47:00+00:00,3326.39990234375,3328.0,3300.800048828125,3328.0,135.0
2025-05-30 12:48:00+00:00,3326.89990234375,3327.39990234375,3300.89990234375,3326.60009765625,82.0
2025-05-30 12:49:00+00:00,3326.89990234375,3328.39990234375,3326.5,3327.10009765625,104.0
2025-05-30 12:50:00+00:00,3327.300048828125,3327.89990234375,3326.10009765625,3327.300048828125,88.0
2025-05-30 12:51:00+00:00,3328.60009765625,3328.699951171875,3327.0,3327.39990234375,75.0
2025-05-30 12:52:00+00:00,3328.0,3328.60009765625,3327.199951171875,3328.39990234375,97.0
2025-05-30 12:53:00+00:00,3327.199951171875,3328.10009765625,3326.699951171875,3327.800048828125,72.0
2025-05-30 12:54:00+00:00,3327.60009765625,3327.89990234375,3326.800048828125,3327.5,71.0
2025-05-30 12:55:00+00:00,3328.199951171875,3328.60009765625,3327.39990234375,3328.0,114.0
2025-05-30 12:56:00+00:00,3328.89990234375,3329.300048828125,3302.89990234375,3328.199951171875,113.0
2025-05-30 12:57:00+00:00,3329.199951171875,3329.800048828125,3302.60009765625,3329.300048828125,118.0
2025-05-30 12:58:00+00:00,3329.39990234375,3330.199951171875,3303.39990234375,3329.300048828125,175.0
2025-05-30 12:59:00+00:00,3328.800048828125,3329.800048828125,3303.5,3303.5,89.0
2025-05-30 13:00:00+00:00,3328.800048828125,3329.699951171875,3327.89990234375,3328.5,290.0
2025-05-30 13:01:00+00:00,3329.89990234375,3330.10009765625,3328.89990234375,3329.0,147.0
2025-05-30 13:02:00+00:00,3329.199951171875,3330.39990234375,3328.89990234375,3330.10009765625,158.0
2025-05-30 13:03:00+00:00,3330.199951171875,3330.699951171875,3329.300048828125,3329.5,131.0
2025-05-30 13:04:00+00:00,3328.89990234375,3330.199951171875,3328.5,3330.199951171875,99.0
2025-05-30 13:05:00+00:00,3328.0,3328.800048828125,3326.89990234375,3328.800048828125,533.0
2025-05-30 13:06:00+00:00,3327.60009765625,3328.800048828125,3327.60009765625,3328.10009765625,139.0
2025-05-30 13:07:00+00:00,3330.0,3330.699951171875,3326.699951171875,3327.5,218.0
2025-05-30 13:08:00+00:00,3330.0,3330.199951171875,3328.39990234375,3329.699951171875,121.0
2025-05-30 13:09:00+00:00,3331.199951171875,3331.300048828125,3329.89990234375,3329.89990234375,121.0
2025-05-30 13:10:00+00:00,3331.699951171875,3332.89990234375,3331.10009765625,3331.199951171875,628.0
2025-05-30 13:11:00+00:00,3331.60009765625,3332.0,3305.300048828125,3331.800048828125,286.0
2025-05-30 13:12:00+00:00,3329.699951171875,3332.300048828125,3329.60009765625,3331.5,198.0
2025-05-30 13:13:00+00:00,3329.10009765625,3330.89990234375,3328.89990234375,3329.699951171875,166.0
2025-05-30 13:14:00+00:00,3327.39990234375,3329.39990234375,3327.199951171875,3329.300048828125,237.0
2025-05-30 13:15:00+00:00,3325.0,3327.60009765625,3324.300048828125,3327.300048828125,601.0
2025-05-30 13:16:00+00:00,3319.199951171875,3325.39990234375,3318.60009765625,3325.300048828125,1223.0
2025-05-30 13:17:00+00:00,3319.699951171875,3320.800048828125,3318.199951171875,3319.300048828125,420.0
2025-05-30 13:18:00+00:00,3322.199951171875,3322.39990234375,3319.5,3319.89990234375,285.0
2025-05-30 13:19:00+00:00,3322.5,3322.699951171875,3320.800048828125,3322.300048828125,122.0
2025-05-30 13:20:00+00:00,3322.60009765625,3323.0,3320.60009765625,3322.300048828125,282.0
2025-05-30 13:21:00+00:00,3322.89990234375,3323.5,3297.199951171875,3321.89990234375,127.0
2025-05-30 13:22:00+00:00,3321.699951171875,3322.60009765625,3321.39990234375,3322.60009765625,73.0
2025-05-30 13:23:00+00:00,3322.60009765625,3324.699951171875,3322.60009765625,3324.10009765625,227.0
2025-05-30 13:24:00+00:00,3323.0,3324.0,3322.10009765625,3322.699951171875,122.0
2025-05-30 13:25:00+00:00,3322.800048828125,3323.89990234375,3322.60009765625,3323.199951171875,57.0
2025-05-30 13:26:00+00:00,3321.5,3323.60009765625,3321.199951171875,3323.0,183.0
2025-05-30 13:27:00+00:00,3320.300048828125,3322.39990234375,3320.0,3321.5,174.0
2025-05-30 13:28:00+00:00,3320.699951171875,3321.699951171875,3319.89990234375,3320.0,131.0
2025-05-30 13:29:00+00:00,3318.60009765625,3320.89990234375,3317.800048828125,3320.5,292.0
2025-05-30 13:30:00+00:00,3318.5,3319.89990234375,3316.60009765625,3318.5,575.0
2025-05-30 13:31:00+00:00,3318.300048828125,3319.39990234375,3315.89990234375,3318.699951171875,578.0
2025-05-30 13:32:00+00:00,3317.699951171875,3318.699951171875,3290.699951171875,3318.60009765625,385.0
2025-05-30 13:33:00+00:00,3316.300048828125,3318.60009765625,3290.39990234375,3317.800048828125,411.0
2025-05-30 13:34:00+00:00,3316.60009765625,3318.60009765625,3289.39990234375,3316.5,687.0
2025-05-30 13:35:00+00:00,3318.60009765625,3318.699951171875,3316.89990234375,3316.89990234375,353.0
2025-05-30 13:36:00+00:00,3320.89990234375,3321.199951171875,3318.0,3318.300048828125,378.0
2025-05-30 13:37:00+00:00,3322.0,3322.10009765625,3294.699951171875,3320.89990234375,270.0
2025-05-30 13:38:00+00:00,3323.300048828125,3323.300048828125,3321.0,3322.0,315.0
2025-05-30 13:39:00+00:00,3321.199951171875,3324.300048828125,3320.89990234375,3323.5,294.0
2025-05-30 13:40:00+00:00,3320.5,3321.800048828125,3320.300048828125,3321.10009765625,182.0
2025-05-30 13:41:00+00:00,3320.199951171875,3320.5,3319.5,3320.5,145.0
2025-05-30 13:42:00+00:00,3318.0,3320.39990234375,3294.0,3320.39990234375,168.0
2025-05-30 13:43:00+00:00,3316.800048828125,3318.89990234375,3315.800048828125,3318.199951171875,493.0
2025-05-30 13:44:00+00:00,3314.199951171875,3317.60009765625,3311.300048828125,3316.60009765625,735.0
2025-05-30 13:45:00+00:00,3310.199951171875,3315.699951171875,3286.5,3314.39990234375,911.0
2025-05-30 13:46:00+00:00,3310.39990234375,3312.300048828125,3283.800048828125,3310.300048828125,521.0
2025-05-30 13:47:00+00:00,3311.0,3312.0,3285.0,3310.300048828125,489.0
2025-05-30 13:48:00+00:00,3309.39990234375,3311.60009765625,3308.5,3310.89990234375,564.0
2025-05-30 13:49:00+00:00,3311.0,3312.199951171875,3308.800048828125,3309.300048828125,372.0
2025-05-30 13:50:00+00:00,3311.5,3313.699951171875,3284.10009765625,3310.89990234375,377.0
2025-05-30 13:51:00+00:00,3308.89990234375,3312.5,3308.5,3311.60009765625,669.0
2025-05-30 13:52:00+00:00,3309.39990234375,3309.699951171875,3308.199951171875,3309.0,366.0
2025-05-30 13:53:00+00:00,3306.10009765625,3309.699951171875,3279.0,3309.5,1126.0
2025-05-30 13:54:00+00:00,3305.199951171875,3306.89990234375,3304.5,3306.199951171875,440.0
2025-05-30 13:55:00+00:00,3303.0,3306.10009765625,3277.60009765625,3305.699951171875,780.0
2025-05-30 13:56:00+00:00,3303.60009765625,3305.300048828125,3276.800048828125,3303.0,445.0
2025-05-30 13:57:00+00:00,3301.800048828125,3304.699951171875,3301.5,3303.5,403.0
2025-05-30 13:58:00+00:00,3302.0,3303.0,3301.10009765625,3301.89990234375,349.0
2025-05-30 13:59:00+00:00,3300.60009765625,3302.10009765625,3298.89990234375,3302.0,576.0
2025-05-30 14:00:00+00:00,3298.89990234375,3301.300048828125,3297.199951171875,3300.60009765625,1012.0
2025-05-30 14:01:00+00:00,3295.800048828125,3299.199951171875,3270.89990234375,3298.699951171875,732.0
2025-05-30 14:02:00+00:00,3298.0,3299.39990234375,3271.39990234375,3295.699951171875,808.0
2025-05-30 14:03:00+00:00,3299.800048828125,3300.300048828125,3297.39990234375,3297.89990234375,646.0
2025-05-30 14:04:00+00:00,3301.10009765625,3302.0,3299.0,3299.5,579.0
2025-05-30 14:05:00+00:00,3303.699951171875,3303.699951171875,3274.800048828125,3300.800048828125,589.0
2025-05-30 14:06:00+00:00,3305.699951171875,3305.699951171875,3277.39990234375,3303.699951171875,624.0
2025-05-30 14:07:00+00:00,3305.199951171875,3306.39990234375,3277.5,3305.800048828125,544.0
2025-05-30 14:08:00+00:00,3307.699951171875,3308.699951171875,3304.60009765625,3304.89990234375,578.0
2025-05-30 14:09:00+00:00,3307.39990234375,3308.0,3280.800048828125,3307.800048828125,190.0
2025-05-30 14:10:00+00:00,3309.60009765625,3310.300048828125,3307.300048828125,3307.300048828125,355.0
2025-05-30 14:11:00+00:00,3309.60009765625,3310.300048828125,3283.300048828125,3309.699951171875,214.0
2025-05-30 14:12:00+00:00,3309.0,3309.699951171875,3308.5,3309.39990234375,168.0
2025-05-30 14:13:00+00:00,3309.199951171875,3310.699951171875,3308.199951171875,3309.0,330.0
2025-05-30 14:14:00+00:00,3306.199951171875,3309.60009765625,3280.10009765625,3309.0,701.0
2025-05-30 14:15:00+00:00,3305.199951171875,3306.89990234375,3305.0,3306.199951171875,349.0
2025-05-30 14:16:00+00:00,3304.10009765625,3305.800048828125,3303.699951171875,3305.300048828125,219.0
2025-05-30 14:17:00+00:00,3306.0,3306.10009765625,3279.5,3304.300048828125,309.0
2025-05-30 14:18:00+00:00,3307.89990234375,3308.10009765625,3305.800048828125,3306.0,455.0
2025-05-30 14:19:00+00:00,3308.60009765625,3309.300048828125,3307.800048828125,3307.800048828125,185.0
2025-05-30 14:20:00+00:00,3308.39990234375,3309.0,3308.199951171875,3308.199951171875,130.0
2025-05-30 14:21:00+00:00,3308.800048828125,3309.699951171875,3308.10009765625,3308.5,226.0
2025-05-30 14:22:00+00:00,3310.60009765625,3311.300048828125,3308.800048828125,3308.89990234375,269.0
2025-05-30 14:23:00+00:00,3309.800048828125,3311.199951171875,3309.39990234375,3311.0,120.0
2025-05-30 14:24:00+00:00,3309.300048828125,3310.5,3309.10009765625,3309.800048828125,95.0
2025-05-30 14:25:00+00:00,3310.10009765625,3310.39990234375,3308.800048828125,3309.199951171875,196.0
2025-05-30 14:26:00+00:00,3308.10009765625,3309.89990234375,3307.39990234375,3309.89990234375,243.0
2025-05-30 14:27:00+00:00,3306.5,3309.0,3306.0,3308.300048828125,99.0
2025-05-30 14:28:00+00:00,3306.39990234375,3306.89990234375,3305.300048828125,3306.89990234375,153.0
2025-05-30 14:29:00+00:00,3307.39990234375,3307.89990234375,3306.199951171875,3306.5,158.0
2025-05-30 14:30:00+00:00,3307.800048828125,3309.300048828125,3307.0,3307.5,233.0
2025-05-30 14:31:00+00:00,3305.89990234375,3308.89990234375,3280.800048828125,3307.5,148.0
2025-05-30 14:32:00+00:00,3303.89990234375,3306.39990234375,3303.699951171875,3305.699951171875,291.0
2025-05-30 14:33:00+00:00,3302.800048828125,3303.800048828125,3301.199951171875,3303.60009765625,510.0
2025-05-30 14:34:00+00:00,3303.800048828125,3304.89990234375,3302.800048828125,3302.800048828125,228.0
2025-05-30 14:35:00+00:00,3305.39990234375,3305.60009765625,3303.60009765625,3303.60009765625,171.0
2025-05-30 14:36:00+00:00,3304.699951171875,3305.89990234375,3304.300048828125,3305.10009765625,89.0
2025-05-30 14:37:00+00:00,3305.0,3306.800048828125,3304.5,3304.5,188.0
2025-05-30 14:38:00+00:00,3302.39990234375,3305.199951171875,3302.199951171875,3305.10009765625,185.0
2025-05-30 14:39:00+00:00,3300.39990234375,3302.39990234375,3300.199951171875,3302.39990234375,205.0
2025-05-30 14:40:00+00:00,3298.60009765625,3300.60009765625,3271.89990234375,3300.60009765625,416.0
2025-05-30 14:41:00+00:00,3298.89990234375,3299.39990234375,3297.300048828125,3298.39990234375,283.0
2025-05-30 14:42:00+00:00,3299.10009765625,3300.0,3297.800048828125,3298.89990234375,332.0
2025-05-30 14:43:00+00:00,3299.39990234375,3300.10009765625,3297.0,3298.800048828125,248.0
2025-05-30 14:44:00+00:00,3302.699951171875,3302.800048828125,3276.39990234375,3299.300048828125,432.0
2025-05-30 14:45:00+00:00,3303.60009765625,3303.60009765625,3301.5,3302.60009765625,271.0
2025-05-30 14:46:00+00:00,3302.699951171875,3303.39990234375,3276.60009765625,3303.199951171875,180.0
2025-05-30 14:47:00+00:00,3302.5,3303.800048828125,3302.199951171875,3302.800048828125,118.0
2025-05-30 14:48:00+00:00,3301.300048828125,3302.89990234375,3275.39990234375,3302.60009765625,211.0
2025-05-30 14:49:00+00:00,3300.800048828125,3302.199951171875,3300.0,3301.39990234375,273.0
2025-05-30 14:50:00+00:00,3301.0,3302.10009765625,3300.39990234375,3301.0,120.0
2025-05-30 14:51:00+00:00,3303.10009765625,3303.60009765625,3301.0,3301.199951171875,132.0
2025-05-30 14:52:00+00:00,3300.89990234375,3304.300048828125,3300.5,3303.10009765625,190.0
2025-05-30 14:53:00+00:00,3302.39990234375,3302.60009765625,3300.89990234375,3301.0,91.0
2025-05-30 14:54:00+00:00,3304.5,3305.199951171875,3278.300048828125,3302.699951171875,250.0
2025-05-30 14:55:00+00:00,3304.10009765625,3305.199951171875,3303.300048828125,3304.10009765625,185.0
2025-05-30 14:56:00+00:00,3304.699951171875,3305.60009765625,3279.0,3304.0,186.0
2025-05-30 14:57:00+00:00,3306.39990234375,3306.800048828125,3304.5,3304.699951171875,129.0
2025-05-30 14:58:00+00:00,3306.5,3306.5,3305.5,3306.300048828125,170.0
2025-05-30 14:59:00+00:00,3306.60009765625,3306.89990234375,3305.89990234375,3306.5,116.0
2025-05-30 15:00:00+00:00,3305.300048828125,3306.800048828125,3305.300048828125,3306.60009765625,182.0
2025-05-30 15:01:00+00:00,3303.699951171875,3307.0,3277.89990234375,3305.199951171875,423.0
2025-05-30 15:02:00+00:00,3302.800048828125,3303.800048828125,3274.800048828125,3303.800048828125,754.0
2025-05-30 15:03:00+00:00,3299.89990234375,3303.60009765625,3299.800048828125,3303.0,783.0
2025-05-30 15:04:00+00:00,3303.89990234375,3303.89990234375,3299.699951171875,3300.0,537.0
2025-05-30 15:05:00+00:00,3303.89990234375,3304.89990234375,3303.0,3304.0,216.0
2025-05-30 15:06:00+00:00,3306.5,3306.800048828125,3280.0,3303.800048828125,378.0
2025-05-30 15:07:00+00:00,3305.699951171875,3306.800048828125,3304.300048828125,3306.60009765625,276.0
2025-05-30 15:08:00+00:00,3305.10009765625,3307.0,3303.39990234375,3305.60009765625,1050.0
2025-05-30 15:09:00+00:00,3304.800048828125,3305.699951171875,3278.89990234375,3305.199951171875,201.0
2025-05-30 15:10:00+00:00,3306.10009765625,3306.199951171875,3279.5,3304.800048828125,127.0
2025-05-30 15:11:00+00:00,3309.800048828125,3310.300048828125,3282.60009765625,3306.199951171875,593.0
2025-05-30 15:12:00+00:00,3310.0,3310.10009765625,3309.0,3309.5,268.0
2025-05-30 15:13:00+00:00,3308.89990234375,3311.699951171875,3308.800048828125,3309.800048828125,834.0
2025-05-30 15:14:00+00:00,3308.300048828125,3310.39990234375,3308.0,3309.0,475.0
2025-05-30 15:15:00+00:00,3308.39990234375,3309.10009765625,3307.0,3308.10009765625,312.0
2025-05-30 15:16:00+00:00,3311.10009765625,3311.10009765625,3308.39990234375,3308.39990234375,283.0
2025-05-30 15:17:00+00:00,3311.39990234375,3312.60009765625,3310.800048828125,3310.89990234375,400.0
2025-05-30 15:18:00+00:00,3309.5,3311.699951171875,3309.300048828125,3311.300048828125,262.0
2025-05-30 15:19:00+00:00,3309.800048828125,3310.89990234375,3309.5,3309.60009765625,94.0
2025-05-30 15:20:00+00:00,3310.0,3310.0,3307.89990234375,3309.60009765625,227.0
2025-05-30 15:21:00+00:00,3311.199951171875,3311.60009765625,3310.0,3310.0,124.0
2025-05-30 15:22:00+00:00,3311.300048828125,3311.89990234375,3310.5,3311.0,205.0
2025-05-30 15:23:00+00:00,3311.300048828125,3312.199951171875,3310.800048828125,3311.60009765625,181.0
2025-05-30 15:24:00+00:00,3312.800048828125,3313.10009765625,3311.10009765625,3311.5,330.0
2025-05-30 15:25:00+00:00,3312.699951171875,3313.199951171875,3312.199951171875,3312.60009765625,207.0
2025-05-30 15:26:00+00:00,3312.300048828125,3313.0,3311.699951171875,3313.0,150.0
2025-05-30 15:27:00+00:00,3313.0,3313.300048828125,3311.10009765625,3312.300048828125,129.0
2025-05-30 15:28:00+00:00,3311.699951171875,3313.300048828125,3286.39990234375,3312.89990234375,184.0
2025-05-30 15:29:00+00:00,3311.300048828125,3312.10009765625,3311.199951171875,3311.60009765625,63.0
2025-05-30 15:30:00+00:00,3312.60009765625,3312.89990234375,3311.0,3311.5,178.0
2025-05-30 15:31:00+00:00,3313.300048828125,3313.300048828125,3312.5,3312.60009765625,107.0
2025-05-30 15:32:00+00:00,3313.39990234375,3314.300048828125,3312.89990234375,3313.199951171875,290.0
2025-05-30 15:33:00+00:00,3312.800048828125,3313.300048828125,3312.39990234375,3313.199951171875,221.0
2025-05-30 15:34:00+00:00,3314.0,3314.5,3311.0,3312.800048828125,1185.0
2025-05-30 15:35:00+00:00,3314.300048828125,3315.699951171875,3314.10009765625,3314.10009765625,387.0
2025-05-30 15:36:00+00:00,3315.10009765625,3316.199951171875,3314.39990234375,3314.39990234375,362.0
2025-05-30 15:37:00+00:00,3315.0,3315.60009765625,3314.300048828125,3315.10009765625,175.0
2025-05-30 15:38:00+00:00,3314.199951171875,3315.199951171875,3314.199951171875,3314.5,157.0
2025-05-30 15:39:00+00:00,3314.199951171875,3315.199951171875,3313.800048828125,3314.10009765625,134.0
2025-05-30 15:40:00+00:00,3315.5,3316.39990234375,3314.199951171875,3314.199951171875,350.0
2025-05-30 15:41:00+00:00,3316.39990234375,3316.800048828125,3315.5,3315.5,221.0
2025-05-30 15:42:00+00:00,3316.0,3316.800048828125,3316.0,3316.60009765625,117.0
2025-05-30 15:43:00+00:00,3315.60009765625,3316.10009765625,3314.300048828125,3316.0,359.0
2025-05-30 15:44:00+00:00,3315.0,3317.199951171875,3314.60009765625,3315.39990234375,547.0
2025-05-30 15:45:00+00:00,3314.699951171875,3315.699951171875,3313.89990234375,3315.10009765625,757.0
2025-05-30 15:46:00+00:00,3315.699951171875,3315.89990234375,3314.5,3314.699951171875,127.0
2025-05-30 15:47:00+00:00,3315.300048828125,3315.800048828125,3315.10009765625,3315.300048828125,71.0
2025-05-30 15:48:00+00:00,3314.10009765625,3315.10009765625,3313.39990234375,3315.10009765625,284.0
2025-05-30 15:49:00+00:00,3313.699951171875,3314.300048828125,3312.5,3314.300048828125,206.0
2025-05-30 15:50:00+00:00,3315.5,3315.89990234375,3313.89990234375,3314.10009765625,868.0
2025-05-30 15:51:00+00:00,3315.800048828125,3315.800048828125,3315.10009765625,3315.300048828125,97.0
2025-05-30 15:52:00+00:00,3314.699951171875,3316.0,3314.39990234375,3315.800048828125,70.0
2025-05-30 15:53:00+00:00,3313.89990234375,3314.89990234375,3312.800048828125,3314.800048828125,144.0
2025-05-30 15:54:00+00:00,3312.699951171875,3314.199951171875,3286.89990234375,3313.89990234375,71.0
2025-05-30 15:55:00+00:00,3312.199951171875,3313.0,3286.5,3312.89990234375,126.0
2025-05-30 15:56:00+00:00,3312.10009765625,3312.699951171875,3311.89990234375,3312.0,119.0
2025-05-30 15:57:00+00:00,3312.0,3312.10009765625,3311.5,3312.0,78.0
2025-05-30 15:58:00+00:00,3312.10009765625,3312.199951171875,3311.60009765625,3312.0,103.0
2025-05-30 15:59:00+00:00,3312.60009765625,3313.300048828125,3286.800048828125,3312.199951171875,105.0
2025-05-30 16:00:00+00:00,3313.89990234375,3314.199951171875,3286.39990234375,3312.800048828125,98.0
2025-05-30 16:01:00+00:00,3314.60009765625,3314.89990234375,3313.89990234375,3313.89990234375,105.0
2025-05-30 16:02:00+00:00,3315.0,3315.39990234375,3288.60009765625,3314.89990234375,182.0
2025-05-30 16:03:00+00:00,3314.300048828125,3314.89990234375,3314.199951171875,3314.89990234375,71.0
2025-05-30 16:04:00+00:00,3314.10009765625,3315.10009765625,3313.5,3314.39990234375,161.0
2025-05-30 16:05:00+00:00,3313.699951171875,3315.10009765625,3313.5,3314.199951171875,105.0
2025-05-30 16:06:00+00:00,3313.39990234375,3313.89990234375,3313.300048828125,3313.5,83.0
2025-05-30 16:07:00+00:00,3313.699951171875,3313.800048828125,3313.199951171875,3313.39990234375,60.0
2025-05-30 16:08:00+00:00,3313.0,3313.89990234375,3312.89990234375,3313.699951171875,74.0
2025-05-30 16:09:00+00:00,3312.60009765625,3313.0,3312.199951171875,3312.89990234375,140.0
2025-05-30 16:10:00+00:00,3312.39990234375,3313.0,3312.0,3312.699951171875,70.0
2025-05-30 16:11:00+00:00,3313.300048828125,3313.89990234375,3312.5,3312.5,100.0
2025-05-30 16:12:00+00:00,3314.39990234375,3314.39990234375,3313.300048828125,3313.39990234375,100.0
2025-05-30 16:13:00+00:00,3314.39990234375,3314.800048828125,3314.10009765625,3314.39990234375,76.0
2025-05-30 16:14:00+00:00,3313.39990234375,3314.39990234375,3313.10009765625,3314.300048828125,112.0
2025-05-30 16:15:00+00:00,3313.89990234375,3314.10009765625,3313.10009765625,3313.300048828125,69.0
2025-05-30 16:16:00+00:00,3314.300048828125,3314.5,3313.60009765625,3313.60009765625,46.0
2025-05-30 16:17:00+00:00,3314.60009765625,3314.800048828125,3313.699951171875,3314.300048828125,118.0
2025-05-30 16:18:00+00:00,3313.5,3314.39990234375,3313.5,3314.39990234375,57.0
2025-05-30 16:19:00+00:00,3313.89990234375,3314.300048828125,3313.39990234375,3313.60009765625,102.0
2025-05-30 16:20:00+00:00,3313.89990234375,3314.5,3313.5,3313.800048828125,63.0
2025-05-30 16:21:00+00:00,3314.60009765625,3314.89990234375,3314.0,3314.0,157.0
2025-05-30 16:22:00+00:00,3314.39990234375,3314.699951171875,3314.0,3314.699951171875,85.0
2025-05-30 16:23:00+00:00,3314.199951171875,3314.5,3313.699951171875,3314.300048828125,70.0
2025-05-30 16:24:00+00:00,3313.199951171875,3314.300048828125,3313.10009765625,3314.10009765625,84.0
2025-05-30 16:25:00+00:00,3311.800048828125,3313.10009765625,3311.60009765625,3313.10009765625,137.0
2025-05-30 16:26:00+00:00,3311.39990234375,3311.699951171875,3311.0,3311.699951171875,153.0
2025-05-30 16:27:00+00:00,3313.10009765625,3313.10009765625,3311.0,3311.199951171875,181.0
2025-05-30 16:28:00+00:00,3314.89990234375,3315.39990234375,3312.10009765625,3313.10009765625,570.0
2025-05-30 16:29:00+00:00,3313.199951171875,3316.39990234375,3312.300048828125,3315.10009765625,477.0
2025-05-30 16:30:00+00:00,3311.699951171875,3313.89990234375,3311.699951171875,3313.0,221.0
2025-05-30 16:31:00+00:00,3311.60009765625,3312.199951171875,3310.5,3311.60009765625,219.0
2025-05-30 16:32:00+00:00,3314.10009765625,3314.10009765625,3311.10009765625,3311.5,311.0
2025-05-30 16:33:00+00:00,3310.199951171875,3313.800048828125,3309.699951171875,3313.800048828125,319.0
2025-05-30 16:34:00+00:00,3310.0,3310.800048828125,3309.0,3310.10009765625,243.0
2025-05-30 16:35:00+00:00,3309.89990234375,3310.800048828125,3307.60009765625,3309.89990234375,839.0
2025-05-30 16:36:00+00:00,3311.0,3312.199951171875,3310.0,3310.0,191.0
2025-05-30 16:37:00+00:00,3308.699951171875,3311.300048828125,3284.10009765625,3310.89990234375,298.0
2025-05-30 16:38:00+00:00,3309.89990234375,3310.0,3308.60009765625,3308.89990234375,150.0
2025-05-30 16:39:00+00:00,3309.5,3310.199951171875,3307.699951171875,3309.89990234375,214.0
2025-05-30 16:40:00+00:00,3309.60009765625,3310.300048828125,3308.60009765625,3309.5,125.0
2025-05-30 16:41:00+00:00,3309.10009765625,3310.0,3308.699951171875,3309.5,94.0
2025-05-30 16:42:00+00:00,3309.800048828125,3310.0,3308.800048828125,3309.39990234375,92.0
2025-05-30 16:43:00+00:00,3311.5,3311.699951171875,3284.10009765625,3309.60009765625,171.0
2025-05-30 16:44:00+00:00,3311.699951171875,3312.0,3310.699951171875,3311.199951171875,148.0
2025-05-30 16:45:00+00:00,3311.0,3312.5,3310.39990234375,3311.699951171875,153.0
2025-05-30 16:46:00+00:00,3310.300048828125,3311.89990234375,3309.89990234375,3311.0,115.0
2025-05-30 16:47:00+00:00,3310.300048828125,3310.89990234375,3309.89990234375,3310.39990234375,77.0
2025-05-30 16:48:00+00:00,3311.199951171875,3311.60009765625,3284.60009765625,3310.199951171875,131.0
2025-05-30 16:49:00+00:00,3312.800048828125,3313.60009765625,3311.300048828125,3311.300048828125,183.0
2025-05-30 16:50:00+00:00,3312.60009765625,3313.60009765625,3312.60009765625,3312.800048828125,93.0
2025-05-30 16:51:00+00:00,3314.300048828125,3314.300048828125,3312.39990234375,3312.5,144.0
2025-05-30 16:52:00+00:00,3314.199951171875,3314.800048828125,3313.89990234375,3314.10009765625,134.0
2025-05-30 16:53:00+00:00,3315.39990234375,3315.699951171875,3314.10009765625,3314.10009765625,133.0
2025-05-30 16:54:00+00:00,3315.699951171875,3315.89990234375,3315.10009765625,3315.300048828125,95.0
2025-05-30 16:55:00+00:00,3318.300048828125,3319.199951171875,3315.89990234375,3315.89990234375,515.0
2025-05-30 16:56:00+00:00,3318.60009765625,3318.89990234375,3317.0,3318.199951171875,257.0
2025-05-30 16:57:00+00:00,3318.60009765625,3320.199951171875,3318.300048828125,3318.39990234375,424.0
2025-05-30 16:58:00+00:00,3318.60009765625,3319.0,3318.39990234375,3318.60009765625,103.0
2025-05-30 16:59:00+00:00,3317.5,3319.39990234375,3317.39990234375,3318.60009765625,263.0
2025-05-30 17:00:00+00:00,3317.60009765625,3318.199951171875,3316.5,3317.699951171875,208.0
2025-05-30 17:01:00+00:00,3316.199951171875,3317.5,3316.10009765625,3317.5,119.0
2025-05-30 17:02:00+00:00,3316.0,3317.0,3316.0,3316.10009765625,97.0
2025-05-30 17:03:00+00:00,3316.199951171875,3316.60009765625,3315.699951171875,3316.300048828125,87.0
2025-05-30 17:04:00+00:00,3316.699951171875,3317.0,3316.0,3316.10009765625,82.0
2025-05-30 17:05:00+00:00,3317.39990234375,3318.10009765625,3316.39990234375,3316.699951171875,130.0
2025-05-30 17:06:00+00:00,3315.60009765625,3317.39990234375,3315.5,3317.199951171875,94.0
2025-05-30 17:07:00+00:00,3316.39990234375,3316.60009765625,3315.300048828125,3315.60009765625,83.0
2025-05-30 17:08:00+00:00,3316.10009765625,3316.699951171875,3315.800048828125,3316.39990234375,86.0
2025-05-30 17:09:00+00:00,3316.0,3316.5,3315.5,3316.300048828125,274.0
2025-05-30 17:10:00+00:00,3316.10009765625,3316.699951171875,3315.699951171875,3316.199951171875,91.0
2025-05-30 17:11:00+00:00,3315.89990234375,3316.60009765625,3289.699951171875,3316.10009765625,126.0
2025-05-30 17:12:00+00:00,3316.10009765625,3316.800048828125,3290.10009765625,3316.10009765625,120.0
2025-05-30 17:13:00+00:00,3317.300048828125,3317.300048828125,3316.0,3316.199951171875,80.0
2025-05-30 17:14:00+00:00,3318.60009765625,3318.89990234375,3316.800048828125,3317.10009765625,232.0
2025-05-30 17:15:00+00:00,3316.199951171875,3319.0,3316.199951171875,3318.699951171875,205.0
2025-05-30 17:16:00+00:00,3315.800048828125,3316.199951171875,3315.5,3316.0,97.0
2025-05-30 17:17:00+00:00,3315.199951171875,3315.699951171875,3314.800048828125,3315.699951171875,141.0
2025-05-30 17:18:00+00:00,3316.5,3317.199951171875,3315.39990234375,3315.39990234375,85.0
2025-05-30 17:19:00+00:00,3315.300048828125,3316.60009765625,3315.300048828125,3316.60009765625,142.0
2025-05-30 17:20:00+00:00,3316.5,3316.60009765625,3315.10009765625,3315.5,97.0
2025-05-30 17:21:00+00:00,3316.39990234375,3316.699951171875,3315.89990234375,3316.699951171875,76.0
2025-05-30 17:22:00+00:00,3316.699951171875,3316.89990234375,3315.60009765625,3316.300048828125,97.0
2025-05-30 17:23:00+00:00,3316.300048828125,3316.89990234375,3315.800048828125,3316.800048828125,65.0
2025-05-30 17:24:00+00:00,3316.39990234375,3316.800048828125,3315.800048828125,3316.300048828125,76.0
2025-05-30 17:25:00+00:00,3316.5,3316.699951171875,3315.89990234375,3316.199951171875,79.0
2025-05-30 17:26:00+00:00,3315.800048828125,3316.60009765625,3315.300048828125,3316.5,63.0
2025-05-30 17:27:00+00:00,3314.5,3315.89990234375,3314.39990234375,3315.89990234375,100.0
2025-05-30 17:28:00+00:00,3314.10009765625,3314.800048828125,3313.800048828125,3314.60009765625,262.0
2025-05-30 17:29:00+00:00,3315.699951171875,3316.10009765625,3314.10009765625,3314.199951171875,1013.0
2025-05-30 17:30:00+00:00,3315.10009765625,3316.0,3314.89990234375,3315.800048828125,179.0
2025-05-30 17:31:00+00:00,3315.199951171875,3315.5,3314.199951171875,3315.199951171875,152.0
2025-05-30 17:32:00+00:00,3314.800048828125,3315.39990234375,3314.699951171875,3314.89990234375,63.0
2025-05-30 17:33:00+00:00,3315.699951171875,3315.800048828125,3314.60009765625,3314.60009765625,65.0
2025-05-30 17:34:00+00:00,3316.10009765625,3316.5,3315.5,3315.5,97.0
2025-05-30 17:35:00+00:00,3316.699951171875,3316.699951171875,3315.89990234375,3316.0,52.0
2025-05-30 17:36:00+00:00,3316.699951171875,3317.0,3316.300048828125,3316.699951171875,40.0
2025-05-30 17:37:00+00:00,3316.800048828125,3317.0,3316.5,3316.800048828125,27.0
2025-05-30 17:38:00+00:00,3317.5,3318.10009765625,3316.300048828125,3317.0,162.0
2025-05-30 17:39:00+00:00,3317.60009765625,3318.0,3316.89990234375,3317.300048828125,55.0
2025-05-30 17:40:00+00:00,3315.699951171875,3317.60009765625,3315.300048828125,3317.39990234375,229.0
2025-05-30 17:41:00+00:00,3315.89990234375,3316.300048828125,3315.699951171875,3315.699951171875,47.0
2025-05-30 17:42:00+00:00,3315.89990234375,3316.39990234375,3315.699951171875,3315.89990234375,48.0
2025-05-30 17:43:00+00:00,3316.89990234375,3316.89990234375,3315.699951171875,3315.699951171875,74.0
2025-05-30 17:44:00+00:00,3318.10009765625,3318.5,3316.89990234375,3317.0,166.0
2025-05-30 17:45:00+00:00,3317.0,3318.39990234375,3316.89990234375,3318.0,86.0
2025-05-30 17:46:00+00:00,3316.800048828125,3317.10009765625,3316.699951171875,3317.0,15.0
2025-05-30 17:47:00+00:00,3315.800048828125,3316.60009765625,3315.699951171875,3316.60009765625,47.0
2025-05-30 17:48:00+00:00,3316.10009765625,3316.800048828125,3315.800048828125,3315.800048828125,30.0
2025-05-30 17:49:00+00:00,3316.39990234375,3316.5,3315.89990234375,3316.0,35.0
2025-05-30 17:50:00+00:00,3316.10009765625,3316.300048828125,3315.60009765625,3316.300048828125,39.0
2025-05-30 17:51:00+00:00,3316.699951171875,3317.0,3316.10009765625,3316.10009765625,38.0
2025-05-30 17:52:00+00:00,3316.39990234375,3316.39990234375,3316.0,3316.199951171875,27.0
2025-05-30 17:53:00+00:00,3316.5,3316.699951171875,3316.0,3316.300048828125,16.0
2025-05-30 17:54:00+00:00,3316.300048828125,3316.300048828125,3316.199951171875,3316.300048828125,6.0
2025-05-30 17:55:00+00:00,3316.89990234375,3317.0,3316.0,3316.0,31.0
2025-05-30 17:56:00+00:00,3316.39990234375,3316.699951171875,3316.300048828125,3316.699951171875,13.0
2025-05-30 17:57:00+00:00,3315.800048828125,3316.199951171875,3315.699951171875,3316.199951171875,41.0
2025-05-30 17:58:00+00:00,3315.60009765625,3315.89990234375,3315.300048828125,3315.699951171875,20.0
2025-05-30 17:59:00+00:00,3315.199951171875,3315.800048828125,3314.89990234375,3315.699951171875,36.0
2025-05-30 18:00:00+00:00,3315.699951171875,3316.0,3315.199951171875,3315.199951171875,87.0
2025-05-30 18:01:00+00:00,3316.5,3316.800048828125,3315.699951171875,3315.800048828125,76.0
2025-05-30 18:02:00+00:00,3316.800048828125,3316.89990234375,3315.89990234375,3316.60009765625,71.0
2025-05-30 18:03:00+00:00,3316.800048828125,3317.0,3316.699951171875,3316.89990234375,36.0
2025-05-30 18:04:00+00:00,3317.39990234375,3317.60009765625,3316.60009765625,3316.800048828125,89.0
2025-05-30 18:05:00+00:00,3318.39990234375,3318.699951171875,3317.199951171875,3317.300048828125,108.0
2025-05-30 18:06:00+00:00,3317.89990234375,3318.60009765625,3317.800048828125,3318.5,43.0
2025-05-30 18:07:00+00:00,3318.199951171875,3318.89990234375,3318.0,3318.10009765625,94.0
2025-05-30 18:08:00+00:00,3318.60009765625,3318.800048828125,3318.199951171875,3318.39990234375,47.0
2025-05-30 18:09:00+00:00,3318.699951171875,3319.10009765625,3318.300048828125,3318.5,46.0
2025-05-30 18:10:00+00:00,3318.199951171875,3318.89990234375,3317.89990234375,3318.800048828125,84.0
2025-05-30 18:11:00+00:00,3317.699951171875,3318.5,3317.699951171875,3318.199951171875,52.0
2025-05-30 18:12:00+00:00,3318.0,3318.60009765625,3317.800048828125,3317.89990234375,71.0
2025-05-30 18:13:00+00:00,3317.89990234375,3318.199951171875,3317.60009765625,3317.89990234375,24.0
2025-05-30 18:14:00+00:00,3318.199951171875,3318.60009765625,3317.89990234375,3317.89990234375,89.0
2025-05-30 18:15:00+00:00,3318.60009765625,3318.699951171875,3318.199951171875,3318.199951171875,35.0
2025-05-30 18:16:00+00:00,3318.39990234375,3318.5,3318.300048828125,3318.39990234375,24.0
2025-05-30 18:17:00+00:00,3318.0,3318.39990234375,3317.800048828125,3318.39990234375,28.0
2025-05-30 18:18:00+00:00,3317.699951171875,3318.39990234375,3315.89990234375,3318.199951171875,226.0
2025-05-30 18:19:00+00:00,3316.800048828125,3318.10009765625,3316.300048828125,3317.60009765625,102.0
2025-05-30 18:20:00+00:00,3317.0,3317.199951171875,3316.199951171875,3316.199951171875,65.0
2025-05-30 18:21:00+00:00,3317.60009765625,3318.0,3316.800048828125,3317.0,45.0
2025-05-30 18:22:00+00:00,3318.199951171875,3318.199951171875,3317.60009765625,3317.60009765625,57.0
2025-05-30 18:23:00+00:00,3318.5,3318.5,3317.699951171875,3318.199951171875,33.0
2025-05-30 18:24:00+00:00,3317.60009765625,3318.39990234375,3317.39990234375,3318.39990234375,54.0
2025-05-30 18:25:00+00:00,3317.800048828125,3317.89990234375,3317.5,3317.699951171875,22.0
2025-05-30 18:26:00+00:00,3318.10009765625,3318.10009765625,3317.699951171875,3317.800048828125,23.0
2025-05-30 18:27:00+00:00,3317.699951171875,3318.0,3317.5,3317.800048828125,24.0
2025-05-30 18:28:00+00:00,3317.89990234375,3318.199951171875,3317.39990234375,3317.699951171875,71.0
2025-05-30 18:29:00+00:00,3318.60009765625,3319.199951171875,3318.0,3318.0,112.0
2025-05-30 18:30:00+00:00,3318.60009765625,3318.60009765625,3318.199951171875,3318.60009765625,29.0
2025-05-30 18:31:00+00:00,3318.199951171875,3318.699951171875,3317.800048828125,3318.5,55.0
2025-05-30 18:32:00+00:00,3319.0,3319.0,3318.39990234375,3318.39990234375,16.0
2025-05-30 18:33:00+00:00,3318.5,3319.199951171875,3318.5,3319.10009765625,40.0
2025-05-30 18:34:00+00:00,3319.10009765625,3319.300048828125,3318.60009765625,3318.60009765625,26.0
2025-05-30 18:35:00+00:00,3318.60009765625,3319.10009765625,3318.5,3319.10009765625,40.0
2025-05-30 18:36:00+00:00,3317.89990234375,3318.39990234375,3317.699951171875,3318.300048828125,25.0
2025-05-30 18:37:00+00:00,3317.89990234375,3317.89990234375,3317.699951171875,3317.89990234375,28.0
2025-05-30 18:38:00+00:00,3318.300048828125,3318.60009765625,3317.699951171875,3318.10009765625,36.0
2025-05-30 18:39:00+00:00,3318.10009765625,3318.300048828125,3291.60009765625,3318.199951171875,9.0
2025-05-30 18:40:00+00:00,3317.89990234375,3318.10009765625,3317.699951171875,3317.699951171875,24.0
2025-05-30 18:41:00+00:00,3317.699951171875,3318.10009765625,3317.699951171875,3317.800048828125,24.0
2025-05-30 18:42:00+00:00,3318.300048828125,3318.60009765625,3317.800048828125,3317.800048828125,39.0
2025-05-30 18:43:00+00:00,3318.0,3318.699951171875,3318.0,3318.60009765625,18.0
2025-05-30 18:44:00+00:00,3318.60009765625,3318.699951171875,3317.800048828125,3317.89990234375,33.0
2025-05-30 18:45:00+00:00,3318.89990234375,3318.89990234375,3318.5,3318.60009765625,13.0
2025-05-30 18:46:00+00:00,3319.0,3319.300048828125,3318.800048828125,3319.0,37.0
2025-05-30 18:47:00+00:00,3319.0,3319.199951171875,3318.699951171875,3319.10009765625,20.0
2025-05-30 18:48:00+00:00,3319.0,3319.0,3318.60009765625,3318.89990234375,22.0
2025-05-30 18:49:00+00:00,3318.60009765625,3319.199951171875,3318.39990234375,3319.0,27.0
2025-05-30 18:50:00+00:00,3318.39990234375,3318.60009765625,3318.199951171875,3318.60009765625,20.0
2025-05-30 18:51:00+00:00,3318.199951171875,3318.699951171875,3318.199951171875,3318.60009765625,25.0
2025-05-30 18:52:00+00:00,3318.5,3318.800048828125,3318.199951171875,3318.199951171875,28.0
2025-05-30 18:53:00+00:00,3318.39990234375,3318.699951171875,3318.300048828125,3318.699951171875,13.0
2025-05-30 18:54:00+00:00,3318.199951171875,3318.5,3318.10009765625,3318.300048828125,29.0
2025-05-30 18:55:00+00:00,3318.39990234375,3318.5,3318.0,3318.39990234375,29.0
2025-05-30 18:56:00+00:00,3318.300048828125,3318.5,3318.300048828125,3318.5,11.0
2025-05-30 18:57:00+00:00,3318.800048828125,3319.0,3318.39990234375,3318.39990234375,37.0
2025-05-30 18:58:00+00:00,3318.60009765625,3318.699951171875,3318.39990234375,3318.60009765625,19.0
2025-05-30 18:59:00+00:00,3318.10009765625,3318.5,3317.800048828125,3318.5,28.0
2025-05-30 19:00:00+00:00,3317.60009765625,3318.0,3316.699951171875,3317.89990234375,173.0
2025-05-30 19:01:00+00:00,3318.5,3318.5,3317.800048828125,3317.800048828125,90.0
2025-05-30 19:02:00+00:00,3318.60009765625,3318.60009765625,3317.89990234375,3318.300048828125,39.0
2025-05-30 19:03:00+00:00,3319.10009765625,3319.39990234375,3292.60009765625,3318.60009765625,78.0
2025-05-30 19:04:00+00:00,3318.89990234375,3319.199951171875,3318.800048828125,3318.89990234375,23.0
2025-05-30 19:05:00+00:00,3318.699951171875,3319.300048828125,3318.699951171875,3318.89990234375,36.0
2025-05-30 19:06:00+00:00,3318.300048828125,3318.89990234375,3317.89990234375,3318.699951171875,56.0
2025-05-30 19:07:00+00:00,3317.800048828125,3318.5,3317.800048828125,3318.199951171875,58.0
2025-05-30 19:08:00+00:00,3317.699951171875,3318.10009765625,3317.5,3317.800048828125,42.0
2025-05-30 19:09:00+00:00,3317.89990234375,3318.10009765625,3317.60009765625,3317.800048828125,31.0
2025-05-30 19:10:00+00:00,3317.800048828125,3318.199951171875,3317.800048828125,3317.89990234375,34.0
2025-05-30 19:11:00+00:00,3318.199951171875,3318.199951171875,3317.89990234375,3317.89990234375,24.0
2025-05-30 19:12:00+00:00,3318.300048828125,3318.39990234375,3318.10009765625,3318.300048828125,23.0
2025-05-30 19:13:00+00:00,3318.39990234375,3318.39990234375,3318.199951171875,3318.300048828125,8.0
2025-05-30 19:14:00+00:00,3318.300048828125,3318.60009765625,3318.300048828125,3318.300048828125,7.0
2025-05-30 19:15:00+00:00,3318.300048828125,3318.5,3318.300048828125,3318.5,16.0
2025-05-30 19:16:00+00:00,3317.89990234375,3318.199951171875,3317.89990234375,3318.199951171875,16.0
2025-05-30 19:17:00+00:00,3317.5,3318.10009765625,3291.199951171875,3318.10009765625,37.0
2025-05-30 19:18:00+00:00,3316.800048828125,3317.39990234375,3316.800048828125,3317.39990234375,23.0
2025-05-30 19:19:00+00:00,3316.60009765625,3317.300048828125,3316.39990234375,3317.0,99.0
2025-05-30 19:20:00+00:00,3317.199951171875,3317.39990234375,3316.60009765625,3316.800048828125,75.0
2025-05-30 19:21:00+00:00,3317.89990234375,3318.0,3291.199951171875,3317.10009765625,52.0
2025-05-30 19:22:00+00:00,3317.5,3317.89990234375,3317.5,3317.800048828125,47.0
2025-05-30 19:23:00+00:00,3317.39990234375,3317.800048828125,3317.199951171875,3317.60009765625,28.0
2025-05-30 19:24:00+00:00,3317.60009765625,3317.89990234375,3317.5,3317.5,24.0
2025-05-30 19:25:00+00:00,3317.300048828125,3317.60009765625,3317.199951171875,3317.300048828125,17.0
2025-05-30 19:26:00+00:00,3317.60009765625,3317.699951171875,3317.199951171875,3317.199951171875,22.0
2025-05-30 19:27:00+00:00,3317.60009765625,3317.800048828125,3317.60009765625,3317.699951171875,10.0
2025-05-30 19:28:00+00:00,3317.10009765625,3317.699951171875,3316.89990234375,3317.60009765625,15.0
2025-05-30 19:29:00+00:00,3317.199951171875,3317.5,3317.0,3317.10009765625,13.0
2025-05-30 19:30:00+00:00,3317.800048828125,3317.800048828125,3317.300048828125,3317.300048828125,74.0
2025-05-30 19:33:00+00:00,3317.5,3318.199951171875,3317.5,3318.199951171875,100.0
2025-05-30 19:34:00+00:00,3317.199951171875,3318.300048828125,3317.199951171875,3317.60009765625,49.0
2025-05-30 19:35:00+00:00,3317.199951171875,3317.89990234375,3317.199951171875,3317.199951171875,24.0
2025-05-30 19:36:00+00:00,3317.199951171875,3317.800048828125,3317.10009765625,3317.10009765625,42.0
2025-05-30 19:37:00+00:00,3317.39990234375,3317.60009765625,3317.199951171875,3317.5,22.0
2025-05-30 19:38:00+00:00,3317.300048828125,3317.5,3317.0,3317.39990234375,30.0
2025-05-30 19:39:00+00:00,3316.800048828125,3317.39990234375,3316.800048828125,3317.39990234375,48.0
2025-05-30 19:40:00+00:00,3317.0,3317.10009765625,3316.699951171875,3317.0,82.0
2025-05-30 19:41:00+00:00,3317.10009765625,3317.199951171875,3316.39990234375,3316.89990234375,70.0
2025-05-30 19:42:00+00:00,3317.199951171875,3317.39990234375,3316.699951171875,3317.10009765625,79.0
2025-05-30 19:43:00+00:00,3317.300048828125,3317.39990234375,3316.699951171875,3317.300048828125,90.0
2025-05-30 19:44:00+00:00,3317.60009765625,3317.699951171875,3317.199951171875,3317.199951171875,41.0
2025-05-30 19:45:00+00:00,3317.5,3317.800048828125,3291.10009765625,3317.699951171875,80.0
2025-05-30 19:46:00+00:00,3317.10009765625,3317.5,3316.89990234375,3317.5,42.0
2025-05-30 19:47:00+00:00,3316.699951171875,3317.0,3316.5,3316.89990234375,41.0
2025-05-30 19:48:00+00:00,3315.5,3316.60009765625,3315.39990234375,3316.60009765625,172.0
2025-05-30 19:49:00+00:00,3315.60009765625,3315.89990234375,3315.300048828125,3315.300048828125,93.0
2025-05-30 19:50:00+00:00,3315.60009765625,3315.699951171875,3315.300048828125,3315.60009765625,70.0
2025-05-30 19:51:00+00:00,3316.699951171875,3316.800048828125,3315.699951171875,3315.699951171875,147.0
2025-05-30 19:52:00+00:00,3317.10009765625,3317.5,3316.39990234375,3316.89990234375,133.0
2025-05-30 19:53:00+00:00,3317.300048828125,3317.60009765625,3317.10009765625,3317.10009765625,65.0
2025-05-30 19:54:00+00:00,3318.199951171875,3318.300048828125,3317.300048828125,3317.5,76.0
2025-05-30 19:55:00+00:00,3317.60009765625,3318.60009765625,3317.10009765625,3318.300048828125,86.0
2025-05-30 19:56:00+00:00,3317.0,3317.699951171875,3317.0,3317.60009765625,42.0
2025-05-30 19:57:00+00:00,3317.10009765625,3317.300048828125,3316.699951171875,3316.89990234375,63.0
2025-05-30 19:58:00+00:00,3318.199951171875,3318.300048828125,3316.800048828125,3317.0,76.0
2025-05-30 19:59:00+00:00,3318.699951171875,3318.89990234375,3317.800048828125,3318.300048828125,260.0
2025-05-30 20:00:00+00:00,3318.60009765625,3319.0,3317.60009765625,3318.60009765625,196.0
2025-05-30 20:01:00+00:00,3319.10009765625,3319.10009765625,3318.5,3318.89990234375,56.0
2025-05-30 20:02:00+00:00,3318.699951171875,3319.699951171875,3318.10009765625,3319.10009765625,128.0
2025-05-30 20:03:00+00:00,3318.0,3318.89990234375,3292.5,3318.699951171875,92.0
2025-05-30 20:04:00+00:00,3318.39990234375,3318.5,3317.89990234375,3318.300048828125,46.0
2025-05-30 20:05:00+00:00,3318.199951171875,3318.699951171875,3318.10009765625,3318.60009765625,47.0
2025-05-30 20:06:00+00:00,3318.10009765625,3318.39990234375,3318.10009765625,3318.199951171875,25.0
2025-05-30 20:07:00+00:00,3318.0,3318.39990234375,3317.699951171875,3318.10009765625,28.0
2025-05-30 20:08:00+00:00,3317.89990234375,3317.89990234375,3317.39990234375,3317.800048828125,40.0
2025-05-30 20:09:00+00:00,3318.10009765625,3318.199951171875,3317.89990234375,3317.89990234375,16.0
2025-05-30 20:10:00+00:00,3317.60009765625,3318.0,3317.199951171875,3318.0,34.0
2025-05-30 20:11:00+00:00,3317.5,3317.5,3317.39990234375,3317.5,16.0
2025-05-30 20:12:00+00:00,3317.60009765625,3317.699951171875,3317.0,3317.300048828125,78.0
2025-05-30 20:13:00+00:00,3317.300048828125,3317.60009765625,3317.0,3317.60009765625,50.0
2025-05-30 20:14:00+00:00,3317.10009765625,3317.60009765625,3316.89990234375,3317.60009765625,53.0
2025-05-30 20:15:00+00:00,3317.300048828125,3317.60009765625,3315.699951171875,3317.300048828125,318.0
2025-05-30 20:16:00+00:00,3316.300048828125,3317.10009765625,3289.39990234375,3317.10009765625,71.0
2025-05-30 20:17:00+00:00,3316.10009765625,3316.800048828125,3316.10009765625,3316.300048828125,55.0
2025-05-30 20:18:00+00:00,3315.39990234375,3316.60009765625,3315.199951171875,3316.39990234375,121.0
2025-05-30 20:19:00+00:00,3315.39990234375,3315.5,3315.39990234375,3315.5,5.0
2025-05-30 20:20:00+00:00,3315.300048828125,3315.800048828125,3315.300048828125,3315.39990234375,34.0
2025-05-30 20:21:00+00:00,3315.199951171875,3315.300048828125,3315.0,3315.300048828125,31.0
2025-05-30 20:22:00+00:00,3315.39990234375,3315.5,3315.300048828125,3315.39990234375,6.0
2025-05-30 20:23:00+00:00,3315.5,3315.5,3315.300048828125,3315.39990234375,7.0
2025-05-30 20:24:00+00:00,3315.39990234375,3315.699951171875,3315.300048828125,3315.300048828125,81.0
2025-05-30 20:25:00+00:00,3315.300048828125,3315.699951171875,3315.300048828125,3315.39990234375,17.0
2025-05-30 20:26:00+00:00,3315.39990234375,3315.39990234375,3315.199951171875,3315.300048828125,8.0
2025-05-30 20:27:00+00:00,3315.10009765625,3315.60009765625,3315.10009765625,3315.10009765625,21.0
2025-05-30 20:28:00+00:00,3315.10009765625,3315.10009765625,3314.5,3315.0,52.0
2025-05-30 20:29:00+00:00,3314.39990234375,3315.199951171875,3314.39990234375,3315.199951171875,36.0
2025-05-30 20:30:00+00:00,3314.5,3314.5,3314.10009765625,3314.39990234375,27.0
2025-05-30 20:31:00+00:00,3314.800048828125,3314.800048828125,3314.60009765625,3314.60009765625,6.0
2025-05-30 20:32:00+00:00,3314.699951171875,3315.0,3314.699951171875,3315.0,10.0
2025-05-30 20:33:00+00:00,3314.5,3314.89990234375,3314.5,3314.800048828125,11.0
2025-05-30 20:34:00+00:00,3314.800048828125,3314.800048828125,3314.39990234375,3314.60009765625,20.0
2025-05-30 20:35:00+00:00,3314.89990234375,3314.89990234375,3314.800048828125,3314.800048828125,3.0
2025-05-30 20:36:00+00:00,3315.0,3315.0,3314.60009765625,3314.800048828125,18.0
2025-05-30 20:37:00+00:00,3315.699951171875,3315.800048828125,3315.10009765625,3315.10009765625,14.0
2025-05-30 20:38:00+00:00,3314.60009765625,3315.800048828125,3314.300048828125,3315.800048828125,73.0
2025-05-30 20:39:00+00:00,3314.800048828125,3315.0,3314.39990234375,3314.800048828125,56.0
2025-05-30 20:40:00+00:00,3314.300048828125,3314.699951171875,3314.300048828125,3314.60009765625,7.0
2025-05-30 20:41:00+00:00,3315.0,3315.39990234375,3314.300048828125,3314.300048828125,89.0
2025-05-30 20:42:00+00:00,3315.0,3315.199951171875,3314.60009765625,3315.199951171875,37.0
2025-05-30 20:43:00+00:00,3315.39990234375,3315.39990234375,3315.10009765625,3315.10009765625,14.0
2025-05-30 20:44:00+00:00,3316.39990234375,3316.5,3315.5,3315.5,53.0
2025-05-30 20:45:00+00:00,3316.300048828125,3316.5,3316.10009765625,3316.300048828125,67.0
2025-05-30 20:46:00+00:00,3316.39990234375,3316.60009765625,3316.300048828125,3316.39990234375,12.0
2025-05-30 20:47:00+00:00,3316.199951171875,3316.39990234375,3316.199951171875,3316.39990234375,18.0
2025-05-30 20:48:00+00:00,3316.10009765625,3316.199951171875,3316.0,3316.199951171875,7.0
2025-05-30 20:49:00+00:00,3316.199951171875,3316.39990234375,3316.10009765625,3316.10009765625,13.0
2025-05-30 20:50:00+00:00,3316.39990234375,3316.39990234375,3316.0,3316.199951171875,42.0
2025-05-30 20:51:00+00:00,3316.199951171875,3316.5,3316.10009765625,3316.39990234375,17.0
2025-05-30 20:52:00+00:00,3316.39990234375,3316.39990234375,3316.199951171875,3316.39990234375,17.0
2025-05-30 20:53:00+00:00,3315.89990234375,3316.300048828125,3315.89990234375,3316.300048828125,49.0
2025-05-30 20:54:00+00:00,3315.300048828125,3315.800048828125,3314.5,3315.800048828125,119.0
2025-05-30 20:55:00+00:00,3314.39990234375,3315.60009765625,3313.89990234375,3315.60009765625,149.0
2025-05-30 20:56:00+00:00,3313.0,3314.60009765625,3312.89990234375,3314.5,118.0
2025-05-30 20:57:00+00:00,3313.800048828125,3314.0,3312.699951171875,3312.89990234375,39.0
2025-05-30 20:58:00+00:00,3313.5,3313.89990234375,3313.199951171875,3313.800048828125,46.0
2025-05-30 20:59:00+00:00,3313.10009765625,3315.39990234375,3312.699951171875,3313.60009765625,86.0
2025-06-01 22:00:00+00:00,3322.60009765625,3323.39990234375,3296.89990234375,3323.0,0.0
2025-06-01 22:01:00+00:00,3329.699951171875,3330.800048828125,3322.0,3322.800048828125,418.0
2025-06-01 22:02:00+00:00,3330.199951171875,3330.39990234375,3327.0,3329.60009765625,241.0
2025-06-01 22:03:00+00:00,3330.300048828125,3331.10009765625,3329.5,3330.300048828125,234.0
2025-06-01 22:04:00+00:00,3327.89990234375,3330.39990234375,3327.60009765625,3330.199951171875,129.0
2025-06-01 22:05:00+00:00,3329.60009765625,3331.800048828125,3328.39990234375,3328.39990234375,288.0
2025-06-01 22:06:00+00:00,3328.300048828125,3329.39990234375,3328.0,3329.39990234375,65.0
2025-06-01 22:07:00+00:00,3333.60009765625,3333.60009765625,3327.60009765625,3328.5,714.0
2025-06-01 22:08:00+00:00,3331.5,3333.39990234375,3331.10009765625,3333.199951171875,131.0
2025-06-01 22:09:00+00:00,3332.800048828125,3333.0,3331.199951171875,3331.39990234375,82.0
2025-06-01 22:10:00+00:00,3331.60009765625,3332.5,3331.5,3332.5,38.0
2025-06-01 22:11:00+00:00,3331.199951171875,3331.89990234375,3330.199951171875,3331.5,134.0
2025-06-01 22:12:00+00:00,3332.5,3334.0,3331.5,3331.5,172.0
2025-06-01 22:13:00+00:00,3331.800048828125,3332.39990234375,3331.5,3332.10009765625,69.0
2025-06-01 22:14:00+00:00,3331.800048828125,3332.199951171875,3331.60009765625,3332.0,28.0
2025-06-01 22:15:00+00:00,3331.89990234375,3332.199951171875,3331.199951171875,3331.5,51.0
2025-06-01 22:16:00+00:00,3330.89990234375,3332.89990234375,3330.800048828125,3331.89990234375,128.0
2025-06-01 22:17:00+00:00,3330.10009765625,3331.0,3329.10009765625,3331.0,180.0
2025-06-01 22:18:00+00:00,3331.39990234375,3331.39990234375,3330.199951171875,3330.199951171875,34.0
2025-06-01 22:19:00+00:00,3331.10009765625,3331.60009765625,3330.699951171875,3331.0,39.0
2025-06-01 22:20:00+00:00,3330.5,3331.199951171875,3330.10009765625,3331.199951171875,35.0
2025-06-01 22:21:00+00:00,3329.0,3330.60009765625,3327.39990234375,3330.5,193.0
2025-06-01 22:22:00+00:00,3328.300048828125,3329.300048828125,3328.0,3329.0,94.0
2025-06-01 22:23:00+00:00,3327.89990234375,3328.39990234375,3327.800048828125,3328.300048828125,42.0
2025-06-01 22:24:00+00:00,3326.800048828125,3328.5,3326.199951171875,3327.800048828125,193.0
2025-06-01 22:25:00+00:00,3325.699951171875,3326.60009765625,3322.39990234375,3326.60009765625,371.0
2025-06-01 22:26:00+00:00,3327.0,3327.300048828125,3325.39990234375,3325.89990234375,93.0
2025-06-01 22:27:00+00:00,3327.800048828125,3328.39990234375,3327.10009765625,3327.199951171875,94.0
2025-06-01 22:28:00+00:00,3328.60009765625,3328.60009765625,3327.699951171875,3327.699951171875,40.0
2025-06-01 22:29:00+00:00,3327.60009765625,3328.699951171875,3327.60009765625,3328.699951171875,39.0
2025-06-01 22:30:00+00:00,3328.5,3328.60009765625,3327.60009765625,3327.800048828125,52.0
2025-06-01 22:31:00+00:00,3327.5,3328.60009765625,3326.699951171875,3328.39990234375,57.0
2025-06-01 22:32:00+00:00,3328.199951171875,3328.39990234375,3327.39990234375,3327.39990234375,35.0
2025-06-01 22:33:00+00:00,3327.39990234375,3327.89990234375,3327.199951171875,3327.89990234375,11.0
2025-06-01 22:34:00+00:00,3327.800048828125,3327.89990234375,3327.300048828125,3327.5,24.0
2025-06-01 22:35:00+00:00,3327.10009765625,3328.0,3327.10009765625,3327.800048828125,46.0
2025-06-01 22:36:00+00:00,3326.5,3327.10009765625,3326.199951171875,3327.0,69.0
2025-06-01 22:37:00+00:00,3327.199951171875,3327.89990234375,3301.5,3326.699951171875,65.0
2025-06-01 22:38:00+00:00,3327.800048828125,3327.800048828125,3327.39990234375,3327.60009765625,11.0
2025-06-01 22:39:00+00:00,3327.800048828125,3328.0,3327.300048828125,3327.60009765625,21.0
2025-06-01 22:40:00+00:00,3327.800048828125,3328.60009765625,3327.699951171875,3327.800048828125,46.0
2025-06-01 22:41:00+00:00,3328.699951171875,3328.699951171875,3327.699951171875,3327.699951171875,15.0
2025-06-01 22:42:00+00:00,3328.699951171875,3328.699951171875,3328.10009765625,3328.5,22.0
2025-06-01 22:43:00+00:00,3328.5,3329.300048828125,3328.5,3328.699951171875,48.0
2025-06-01 22:44:00+00:00,3329.5,3329.699951171875,3328.300048828125,3328.60009765625,63.0
2025-06-01 22:45:00+00:00,3331.199951171875,3331.199951171875,3329.39990234375,3329.39990234375,109.0
2025-06-01 22:46:00+00:00,3330.39990234375,3332.0,3330.39990234375,3331.199951171875,177.0
2025-06-01 22:47:00+00:00,3329.699951171875,3330.39990234375,3329.699951171875,3330.39990234375,31.0
2025-06-01 22:48:00+00:00,3330.800048828125,3330.89990234375,3329.89990234375,3329.89990234375,66.0
2025-06-01 22:49:00+00:00,3331.39990234375,3331.800048828125,3330.60009765625,3330.60009765625,32.0
2025-06-01 22:50:00+00:00,3332.800048828125,3333.0,3331.60009765625,3331.60009765625,116.0
2025-06-01 22:51:00+00:00,3332.89990234375,3333.0,3332.300048828125,3332.800048828125,24.0
2025-06-01 22:52:00+00:00,3334.0,3335.10009765625,3333.0,3333.0,179.0
2025-06-01 22:53:00+00:00,3333.60009765625,3334.699951171875,3333.5,3334.199951171875,60.0
2025-06-01 22:54:00+00:00,3334.10009765625,3334.39990234375,3333.199951171875,3333.5,32.0
2025-06-01 22:55:00+00:00,3335.199951171875,3335.5,3334.0,3334.0,65.0
2025-06-01 22:56:00+00:00,3338.199951171875,3338.699951171875,3335.199951171875,3335.199951171875,260.0
2025-06-01 22:57:00+00:00,3337.10009765625,3338.300048828125,3336.699951171875,3337.800048828125,118.0
2025-06-01 22:58:00+00:00,3337.0,3337.300048828125,3336.39990234375,3337.0,56.0
2025-06-01 22:59:00+00:00,3336.39990234375,3337.199951171875,3335.60009765625,3336.89990234375,79.0
2025-06-01 23:00:00+00:00,3336.10009765625,3336.89990234375,3336.0,3336.39990234375,76.0
2025-06-01 23:01:00+00:00,3337.10009765625,3337.39990234375,3336.10009765625,3336.199951171875,47.0
2025-06-01 23:02:00+00:00,3338.60009765625,3338.89990234375,3337.199951171875,3337.199951171875,93.0
2025-06-01 23:03:00+00:00,3339.60009765625,3339.89990234375,3338.60009765625,3338.800048828125,270.0
2025-06-01 23:04:00+00:00,3338.300048828125,3339.800048828125,3338.0,3339.800048828125,98.0
2025-06-01 23:05:00+00:00,3336.699951171875,3338.300048828125,3336.39990234375,3338.300048828125,107.0
2025-06-01 23:06:00+00:00,3336.89990234375,3337.699951171875,3336.60009765625,3336.60009765625,47.0
2025-06-01 23:07:00+00:00,3338.10009765625,3338.10009765625,3336.800048828125,3336.89990234375,37.0
2025-06-01 23:08:00+00:00,3337.60009765625,3338.5,3337.39990234375,3338.0,54.0
2025-06-01 23:09:00+00:00,3337.300048828125,3337.89990234375,3311.699951171875,3337.39990234375,46.0
2025-06-01 23:10:00+00:00,3337.60009765625,3337.89990234375,3336.5,3337.0,49.0
2025-06-01 23:11:00+00:00,3337.199951171875,3337.5,3337.0,3337.39990234375,19.0
2025-06-01 23:12:00+00:00,3337.5,3337.699951171875,3337.300048828125,3337.39990234375,53.0
2025-06-01 23:13:00+00:00,3337.300048828125,3337.60009765625,3336.89990234375,3337.5,46.0
2025-06-01 23:14:00+00:00,3336.89990234375,3337.5,3336.60009765625,3336.89990234375,48.0
2025-06-01 23:15:00+00:00,3336.39990234375,3337.39990234375,3336.39990234375,3337.10009765625,33.0
2025-06-01 23:16:00+00:00,3335.800048828125,3336.5,3335.5,3336.39990234375,90.0
2025-06-01 23:17:00+00:00,3335.699951171875,3336.0,3335.699951171875,3336.0,19.0
2025-06-01 23:18:00+00:00,3336.5,3337.0,3335.89990234375,3335.89990234375,40.0
2025-06-01 23:19:00+00:00,3336.39990234375,3336.60009765625,3336.0,3336.300048828125,48.0
2025-06-01 23:20:00+00:00,3335.300048828125,3336.199951171875,3335.10009765625,3336.0,35.0
2025-06-01 23:21:00+00:00,3335.89990234375,3336.10009765625,3334.699951171875,3335.5,123.0
2025-06-01 23:22:00+00:00,3335.89990234375,3336.800048828125,3335.699951171875,3336.0,52.0
2025-06-01 23:23:00+00:00,3336.39990234375,3336.699951171875,3335.89990234375,3335.89990234375,33.0
2025-06-01 23:24:00+00:00,3336.0,3336.199951171875,3336.0,3336.199951171875,3.0
2025-06-01 23:25:00+00:00,3335.39990234375,3336.0,3335.0,3336.0,27.0
2025-06-01 23:26:00+00:00,3335.300048828125,3335.699951171875,3335.300048828125,3335.5,17.0
2025-06-01 23:27:00+00:00,3335.800048828125,3335.800048828125,3335.0,3335.199951171875,24.0
2025-06-01 23:28:00+00:00,3335.699951171875,3335.89990234375,3335.300048828125,3335.89990234375,19.0
2025-06-01 23:29:00+00:00,3335.300048828125,3335.800048828125,3335.0,3335.800048828125,16.0
2025-06-01 23:30:00+00:00,3335.60009765625,3336.199951171875,3335.5,3335.5,25.0
2025-06-01 23:31:00+00:00,3335.39990234375,3336.0,3335.10009765625,3335.5,32.0
2025-06-01 23:32:00+00:00,3336.10009765625,3336.10009765625,3334.89990234375,3335.5,28.0
2025-06-01 23:33:00+00:00,3335.800048828125,3336.10009765625,3335.800048828125,3336.10009765625,9.0
2025-06-01 23:34:00+00:00,3335.89990234375,3336.199951171875,3335.800048828125,3336.0,26.0
2025-06-01 23:35:00+00:00,3336.0,3336.39990234375,3335.89990234375,3336.0,20.0
2025-06-01 23:36:00+00:00,3335.0,3336.5,3335.0,3336.39990234375,79.0
2025-06-01 23:37:00+00:00,3335.10009765625,3335.60009765625,3334.699951171875,3334.89990234375,59.0
2025-06-01 23:38:00+00:00,3335.89990234375,3336.0,3335.199951171875,3335.39990234375,8.0
2025-06-01 23:39:00+00:00,3335.39990234375,3335.60009765625,3335.300048828125,3335.60009765625,5.0
2025-06-01 23:40:00+00:00,3334.89990234375,3335.39990234375,3334.89990234375,3335.39990234375,20.0
2025-06-01 23:41:00+00:00,3334.60009765625,3335.0,3334.5,3335.0,32.0
2025-06-01 23:42:00+00:00,3334.800048828125,3335.0,3308.5,3334.89990234375,70.0
2025-06-01 23:43:00+00:00,3334.199951171875,3334.60009765625,3333.199951171875,3334.60009765625,126.0
2025-06-01 23:44:00+00:00,3334.699951171875,3335.0,3334.300048828125,3334.300048828125,58.0
2025-06-01 23:45:00+00:00,3334.800048828125,3334.800048828125,3333.699951171875,3334.300048828125,79.0
2025-06-01 23:46:00+00:00,3335.699951171875,3335.800048828125,3334.5,3334.699951171875,107.0
2025-06-01 23:47:00+00:00,3335.10009765625,3335.800048828125,3335.10009765625,3335.699951171875,27.0
2025-06-01 23:48:00+00:00,3334.800048828125,3335.60009765625,3334.60009765625,3335.199951171875,17.0
2025-06-01 23:49:00+00:00,3334.89990234375,3335.0,3334.699951171875,3335.0,22.0
2025-06-01 23:50:00+00:00,3334.5,3334.89990234375,3334.300048828125,3334.89990234375,17.0
2025-06-01 23:51:00+00:00,3333.10009765625,3334.699951171875,3332.699951171875,3334.60009765625,79.0
2025-06-01 23:52:00+00:00,3333.199951171875,3334.300048828125,3333.199951171875,3333.60009765625,97.0
2025-06-01 23:53:00+00:00,3334.0,3334.199951171875,3333.60009765625,3333.60009765625,72.0
2025-06-01 23:54:00+00:00,3334.199951171875,3334.39990234375,3333.800048828125,3334.10009765625,23.0
2025-06-01 23:55:00+00:00,3334.0,3334.800048828125,3333.89990234375,3334.10009765625,31.0
2025-06-01 23:56:00+00:00,3334.39990234375,3334.39990234375,3333.699951171875,3334.0,35.0
2025-06-01 23:57:00+00:00,3332.89990234375,3334.39990234375,3332.800048828125,3334.39990234375,67.0
2025-06-01 23:58:00+00:00,3333.60009765625,3333.699951171875,3333.10009765625,3333.199951171875,24.0
2025-06-01 23:59:00+00:00,3333.300048828125,3333.699951171875,3333.300048828125,3333.5,12.0
2025-06-02 00:00:00+00:00,3334.699951171875,3335.0,3333.0,3333.199951171875,73.0
2025-06-02 00:01:00+00:00,3335.10009765625,3335.60009765625,3334.5,3335.0,73.0
2025-06-02 00:02:00+00:00,3335.89990234375,3336.0,3334.5,3335.0,87.0
2025-06-02 00:03:00+00:00,3334.60009765625,3335.89990234375,3334.60009765625,3335.89990234375,69.0
2025-06-02 00:04:00+00:00,3334.800048828125,3335.10009765625,3333.800048828125,3334.699951171875,84.0
2025-06-02 00:05:00+00:00,3335.60009765625,3335.699951171875,3335.10009765625,3335.10009765625,21.0
2025-06-02 00:06:00+00:00,3334.89990234375,3335.300048828125,3334.60009765625,3335.300048828125,72.0
2025-06-02 00:07:00+00:00,3335.300048828125,3335.699951171875,3334.800048828125,3335.10009765625,35.0
2025-06-02 00:08:00+00:00,3335.0,3335.60009765625,3335.0,3335.5,27.0
2025-06-02 00:09:00+00:00,3336.89990234375,3337.39990234375,3335.300048828125,3335.300048828125,163.0
2025-06-02 00:10:00+00:00,3336.300048828125,3337.5,3336.10009765625,3336.60009765625,135.0
2025-06-02 00:11:00+00:00,3336.699951171875,3336.800048828125,3336.0,3336.5,47.0
2025-06-02 00:12:00+00:00,3337.89990234375,3338.0,3336.89990234375,3336.89990234375,100.0
2025-06-02 00:13:00+00:00,3337.10009765625,3338.39990234375,3337.10009765625,3337.699951171875,94.0
2025-06-02 00:14:00+00:00,3336.699951171875,3337.800048828125,3336.60009765625,3337.39990234375,43.0
2025-06-02 00:15:00+00:00,3336.199951171875,3336.89990234375,3336.0,3336.89990234375,42.0
2025-06-02 00:16:00+00:00,3336.89990234375,3337.300048828125,3336.10009765625,3336.300048828125,70.0
2025-06-02 00:17:00+00:00,3336.5,3337.39990234375,3336.5,3337.0,27.0
2025-06-02 00:18:00+00:00,3337.89990234375,3337.89990234375,3336.60009765625,3336.60009765625,39.0
2025-06-02 00:19:00+00:00,3336.800048828125,3338.699951171875,3336.800048828125,3338.199951171875,78.0
2025-06-02 00:20:00+00:00,3337.199951171875,3337.39990234375,3336.60009765625,3337.10009765625,31.0
2025-06-02 00:21:00+00:00,3336.5,3337.39990234375,3336.39990234375,3337.39990234375,35.0
2025-06-02 00:22:00+00:00,3335.39990234375,3336.60009765625,3335.0,3336.60009765625,113.0
2025-06-02 00:23:00+00:00,3336.10009765625,3336.800048828125,3335.0,3335.39990234375,75.0
2025-06-02 00:24:00+00:00,3335.699951171875,3336.5,3335.60009765625,3336.0,38.0
2025-06-02 00:25:00+00:00,3335.39990234375,3336.10009765625,3335.39990234375,3335.699951171875,57.0
2025-06-02 00:26:00+00:00,3337.60009765625,3337.800048828125,3335.10009765625,3335.39990234375,63.0
2025-06-02 00:27:00+00:00,3336.60009765625,3337.89990234375,3336.10009765625,3337.60009765625,88.0
2025-06-02 00:28:00+00:00,3336.5,3336.699951171875,3336.199951171875,3336.5,12.0
2025-06-02 00:29:00+00:00,3336.39990234375,3336.39990234375,3336.10009765625,3336.199951171875,8.0
2025-06-02 00:30:00+00:00,3335.699951171875,3337.0,3335.699951171875,3336.5,29.0
2025-06-02 00:31:00+00:00,3334.0,3335.60009765625,3333.699951171875,3335.5,135.0
2025-06-02 00:32:00+00:00,3335.5,3335.60009765625,3307.699951171875,3333.89990234375,147.0
2025-06-02 00:33:00+00:00,3335.60009765625,3335.699951171875,3334.5,3335.5,79.0
2025-06-02 00:34:00+00:00,3334.300048828125,3335.39990234375,3333.89990234375,3335.39990234375,33.0
2025-06-02 00:35:00+00:00,3334.0,3334.39990234375,3333.699951171875,3333.89990234375,24.0
2025-06-02 00:36:00+00:00,3334.699951171875,3334.800048828125,3333.800048828125,3333.800048828125,36.0
2025-06-02 00:37:00+00:00,3333.5,3334.800048828125,3333.300048828125,3334.699951171875,63.0
2025-06-02 00:38:00+00:00,3331.60009765625,3333.39990234375,3331.0,3333.39990234375,323.0
2025-06-02 00:39:00+00:00,3329.699951171875,3331.60009765625,3329.300048828125,3331.60009765625,310.0
2025-06-02 00:40:00+00:00,3327.39990234375,3330.0,3327.300048828125,3329.60009765625,337.0
2025-06-02 00:41:00+00:00,3326.89990234375,3328.5,3326.199951171875,3327.60009765625,255.0
2025-06-02 00:42:00+00:00,3328.60009765625,3329.10009765625,3326.300048828125,3326.699951171875,271.0
2025-06-02 00:43:00+00:00,3330.300048828125,3330.300048828125,3328.300048828125,3328.300048828125,121.0
2025-06-02 00:44:00+00:00,3330.5,3331.0,3330.0,3330.0,82.0
2025-06-02 00:45:00+00:00,3331.300048828125,3331.699951171875,3330.60009765625,3330.800048828125,40.0
2025-06-02 00:46:00+00:00,3332.800048828125,3333.300048828125,3331.10009765625,3331.300048828125,101.0
2025-06-02 00:47:00+00:00,3333.60009765625,3334.0,3332.5,3332.89990234375,91.0
2025-06-02 00:48:00+00:00,3333.39990234375,3333.89990234375,3332.300048828125,3333.699951171875,113.0
2025-06-02 00:49:00+00:00,3331.800048828125,3333.89990234375,3331.39990234375,3333.39990234375,142.0
2025-06-02 00:50:00+00:00,3330.60009765625,3332.5,3330.39990234375,3331.800048828125,72.0
2025-06-02 00:51:00+00:00,3331.5,3332.199951171875,3305.300048828125,3330.60009765625,55.0
2025-06-02 00:52:00+00:00,3332.699951171875,3333.199951171875,3330.800048828125,3331.5,66.0
2025-06-02 00:53:00+00:00,3333.10009765625,3333.10009765625,3332.60009765625,3332.800048828125,30.0
2025-06-02 00:54:00+00:00,3334.10009765625,3334.199951171875,3332.699951171875,3332.699951171875,52.0
2025-06-02 00:55:00+00:00,3333.60009765625,3334.0,3332.89990234375,3333.89990234375,39.0
2025-06-02 00:56:00+00:00,3334.10009765625,3334.300048828125,3332.5,3333.39990234375,69.0
2025-06-02 00:57:00+00:00,3334.0,3334.0,3333.5,3333.89990234375,39.0
2025-06-02 00:58:00+00:00,3333.800048828125,3334.39990234375,3333.800048828125,3333.800048828125,34.0
2025-06-02 00:59:00+00:00,3334.5,3334.800048828125,3333.5,3333.699951171875,46.0
2025-06-02 01:00:00+00:00,3334.60009765625,3335.0,3333.60009765625,3334.699951171875,140.0
2025-06-02 01:01:00+00:00,3335.800048828125,3335.89990234375,3334.199951171875,3334.39990234375,85.0
2025-06-02 01:02:00+00:00,3334.800048828125,3336.5,3334.300048828125,3335.699951171875,196.0
2025-06-02 01:03:00+00:00,3334.10009765625,3334.89990234375,3334.10009765625,3334.800048828125,59.0
2025-06-02 01:04:00+00:00,3334.699951171875,3335.0,3334.0,3334.0,23.0
2025-06-02 01:05:00+00:00,3336.0,3336.10009765625,3334.5,3334.60009765625,33.0
2025-06-02 01:07:00+00:00,3335.5,3335.699951171875,3335.5,3335.699951171875,84.0
2025-06-02 01:08:00+00:00,3336.10009765625,3336.89990234375,3335.699951171875,3335.699951171875,87.0
2025-06-02 01:09:00+00:00,3336.39990234375,3336.60009765625,3335.800048828125,3335.800048828125,26.0
2025-06-02 01:10:00+00:00,3335.699951171875,3337.10009765625,3335.5,3336.300048828125,81.0
2025-06-02 01:11:00+00:00,3335.5,3336.10009765625,3335.10009765625,3335.800048828125,55.0
2025-06-02 01:12:00+00:00,3335.10009765625,3336.10009765625,3335.10009765625,3335.699951171875,21.0
2025-06-02 01:13:00+00:00,3334.699951171875,3335.300048828125,3334.300048828125,3335.199951171875,45.0
2025-06-02 01:14:00+00:00,3335.5,3335.800048828125,3335.0,3335.0,41.0
2025-06-02 01:15:00+00:00,3335.39990234375,3335.89990234375,3309.89990234375,3335.60009765625,35.0
2025-06-02 01:16:00+00:00,3335.39990234375,3335.89990234375,3335.10009765625,3335.5,53.0
2025-06-02 01:17:00+00:00,3336.5,3336.800048828125,3334.89990234375,3335.5,75.0
2025-06-02 01:18:00+00:00,3335.10009765625,3336.89990234375,3335.10009765625,3336.5,86.0
2025-06-02 01:19:00+00:00,3332.800048828125,3335.0,3332.800048828125,3335.0,97.0
2025-06-02 01:20:00+00:00,3333.60009765625,3333.699951171875,3332.10009765625,3332.800048828125,132.0
2025-06-02 01:21:00+00:00,3333.699951171875,3334.0,3332.89990234375,3333.699951171875,64.0
2025-06-02 01:22:00+00:00,3333.0,3333.199951171875,3332.60009765625,3333.199951171875,26.0
2025-06-02 01:23:00+00:00,3331.89990234375,3333.199951171875,3331.89990234375,3333.0,63.0
2025-06-02 01:24:00+00:00,3333.39990234375,3333.5,3332.0,3332.300048828125,54.0
2025-06-02 01:25:00+00:00,3332.800048828125,3334.800048828125,3332.699951171875,3333.60009765625,144.0
2025-06-02 01:26:00+00:00,3332.60009765625,3333.60009765625,3332.39990234375,3332.699951171875,65.0
2025-06-02 01:27:00+00:00,3333.10009765625,3333.89990234375,3332.699951171875,3332.699951171875,41.0
2025-06-02 01:28:00+00:00,3333.0,3333.60009765625,3331.800048828125,3333.199951171875,156.0
2025-06-02 01:29:00+00:00,3333.0,3334.0,3332.699951171875,3333.10009765625,154.0
2025-06-02 01:30:00+00:00,3333.699951171875,3334.0,3332.699951171875,3333.300048828125,64.0
2025-06-02 01:31:00+00:00,3334.10009765625,3334.199951171875,3333.5,3334.0,35.0
2025-06-02 01:32:00+00:00,3332.300048828125,3334.60009765625,3332.199951171875,3334.199951171875,62.0
2025-06-02 01:33:00+00:00,3330.699951171875,3332.60009765625,3330.699951171875,3332.199951171875,124.0
2025-06-02 01:34:00+00:00,3331.10009765625,3331.699951171875,3330.800048828125,3330.800048828125,68.0
2025-06-02 01:35:00+00:00,3330.0,3331.10009765625,3330.0,3330.89990234375,97.0
2025-06-02 01:36:00+00:00,3328.300048828125,3330.300048828125,3328.0,3330.0,188.0
2025-06-02 01:37:00+00:00,3330.0,3330.300048828125,3327.199951171875,3328.300048828125,267.0
2025-06-02 01:38:00+00:00,3330.10009765625,3330.199951171875,3329.0,3330.0,63.0
2025-06-02 01:39:00+00:00,3332.300048828125,3332.60009765625,3330.199951171875,3330.199951171875,131.0
2025-06-02 01:40:00+00:00,3329.89990234375,3332.0,3305.39990234375,3331.89990234375,60.0
2025-06-02 01:41:00+00:00,3330.39990234375,3330.60009765625,3329.800048828125,3329.800048828125,33.0
2025-06-02 01:42:00+00:00,3329.60009765625,3330.199951171875,3329.300048828125,3330.0,45.0
2025-06-02 01:43:00+00:00,3329.5,3330.60009765625,3329.300048828125,3329.5,75.0
2025-06-02 01:44:00+00:00,3329.89990234375,3329.89990234375,3328.89990234375,3329.39990234375,40.0
2025-06-02 01:45:00+00:00,3328.699951171875,3330.300048828125,3328.60009765625,3329.89990234375,46.0
2025-06-02 01:46:00+00:00,3328.5,3328.800048828125,3327.5,3328.800048828125,79.0
2025-06-02 01:47:00+00:00,3328.10009765625,3328.699951171875,3328.10009765625,3328.5,25.0
2025-06-02 01:48:00+00:00,3328.0,3328.89990234375,3328.0,3328.39990234375,34.0
2025-06-02 01:49:00+00:00,3327.0,3328.199951171875,3326.699951171875,3328.10009765625,293.0
2025-06-02 01:50:00+00:00,3328.699951171875,3328.800048828125,3327.199951171875,3327.199951171875,58.0
2025-06-02 01:51:00+00:00,3327.89990234375,3328.699951171875,3327.800048828125,3328.699951171875,16.0
2025-06-02 01:52:00+00:00,3326.800048828125,3327.800048828125,3301.60009765625,3327.60009765625,123.0
2025-06-02 01:53:00+00:00,3326.5,3326.800048828125,3326.39990234375,3326.699951171875,55.0
2025-06-02 01:54:00+00:00,3326.800048828125,3327.199951171875,3325.5,3326.699951171875,116.0
2025-06-02 01:55:00+00:00,3324.800048828125,3326.800048828125,3324.300048828125,3326.800048828125,203.0
2025-06-02 01:56:00+00:00,3325.199951171875,3325.699951171875,3324.699951171875,3324.699951171875,62.0
2025-06-02 01:57:00+00:00,3326.39990234375,3326.5,3325.5,3325.5,59.0
2025-06-02 01:58:00+00:00,3326.800048828125,3327.199951171875,3326.5,3326.699951171875,49.0
2025-06-02 01:59:00+00:00,3326.60009765625,3326.800048828125,3326.10009765625,3326.699951171875,24.0
2025-06-02 02:00:00+00:00,3328.800048828125,3328.89990234375,3326.39990234375,3326.60009765625,160.0
2025-06-02 02:01:00+00:00,3329.39990234375,3329.39990234375,3328.800048828125,3328.89990234375,83.0
2025-06-02 02:02:00+00:00,3329.0,3330.10009765625,3328.800048828125,3329.39990234375,166.0
2025-06-02 02:03:00+00:00,3329.0,3329.39990234375,3328.89990234375,3329.0,22.0
2025-06-02 02:04:00+00:00,3330.0,3330.10009765625,3329.199951171875,3329.199951171875,29.0
2025-06-02 02:05:00+00:00,3331.0,3332.0,3330.10009765625,3330.10009765625,190.0
2025-06-02 02:06:00+00:00,3332.199951171875,3332.199951171875,3330.89990234375,3330.89990234375,24.0
2025-06-02 02:07:00+00:00,3331.39990234375,3332.10009765625,3331.0,3332.10009765625,34.0
2025-06-02 02:08:00+00:00,3330.89990234375,3331.699951171875,3330.5,3331.60009765625,67.0
2025-06-02 02:09:00+00:00,3331.0,3332.10009765625,3330.5,3330.699951171875,65.0
2025-06-02 02:10:00+00:00,3331.60009765625,3331.800048828125,3331.0,3331.0,25.0
2025-06-02 02:11:00+00:00,3331.699951171875,3332.199951171875,3306.60009765625,3331.699951171875,35.0
2025-06-02 02:12:00+00:00,3332.10009765625,3332.699951171875,3331.89990234375,3331.89990234375,27.0
2025-06-02 02:13:00+00:00,3331.800048828125,3332.39990234375,3331.5,3332.39990234375,74.0
2025-06-02 02:14:00+00:00,3332.199951171875,3332.199951171875,3331.5,3331.699951171875,30.0
2025-06-02 02:15:00+00:00,3333.0,3333.199951171875,3331.60009765625,3332.199951171875,73.0
2025-06-02 02:16:00+00:00,3334.0,3334.300048828125,3332.89990234375,3332.89990234375,113.0
2025-06-02 02:17:00+00:00,3334.39990234375,3335.39990234375,3333.89990234375,3334.199951171875,215.0
2025-06-02 02:18:00+00:00,3332.60009765625,3334.699951171875,3332.5,3334.300048828125,155.0
2025-06-02 02:19:00+00:00,3331.60009765625,3333.0,3331.300048828125,3332.800048828125,213.0
2025-06-02 02:20:00+00:00,3331.5,3332.10009765625,3331.0,3331.5,145.0
2025-06-02 02:21:00+00:00,3330.699951171875,3331.300048828125,3330.5,3331.300048828125,116.0
2025-06-02 02:22:00+00:00,3330.800048828125,3331.10009765625,3330.5,3330.60009765625,19.0
2025-06-02 02:23:00+00:00,3330.5,3331.10009765625,3330.39990234375,3330.39990234375,24.0
2025-06-02 02:24:00+00:00,3330.10009765625,3330.60009765625,3329.800048828125,3330.60009765625,51.0
2025-06-02 02:25:00+00:00,3330.699951171875,3330.699951171875,3330.0,3330.0,54.0
2025-06-02 02:26:00+00:00,3331.0,3331.39990234375,3330.39990234375,3330.89990234375,35.0
2025-06-02 02:27:00+00:00,3331.199951171875,3331.800048828125,3331.0,3331.0,18.0
2025-06-02 02:28:00+00:00,3330.0,3331.10009765625,3330.0,3331.0,89.0
2025-06-02 02:29:00+00:00,3330.5,3330.5,3329.800048828125,3330.300048828125,20.0
2025-06-02 02:30:00+00:00,3331.199951171875,3331.199951171875,3330.199951171875,3330.39990234375,20.0
2025-06-02 02:31:00+00:00,3331.199951171875,3331.60009765625,3331.0,3331.10009765625,18.0
2025-06-02 02:32:00+00:00,3332.39990234375,3332.39990234375,3331.60009765625,3331.60009765625,27.0
2025-06-02 02:33:00+00:00,3333.0,3333.199951171875,3332.300048828125,3332.5,55.0
2025-06-02 02:34:00+00:00,3332.0,3332.699951171875,3332.0,3332.699951171875,20.0
2025-06-02 02:35:00+00:00,3331.39990234375,3332.300048828125,3331.10009765625,3331.800048828125,22.0
2025-06-02 02:36:00+00:00,3331.699951171875,3331.699951171875,3330.800048828125,3331.60009765625,28.0
2025-06-02 02:37:00+00:00,3332.199951171875,3332.300048828125,3331.60009765625,3331.60009765625,32.0
2025-06-02 02:38:00+00:00,3331.89990234375,3332.300048828125,3331.800048828125,3332.199951171875,14.0
2025-06-02 02:39:00+00:00,3331.800048828125,3332.39990234375,3331.699951171875,3332.300048828125,25.0
2025-06-02 02:40:00+00:00,3331.89990234375,3332.39990234375,3331.800048828125,3332.0,17.0
2025-06-02 02:41:00+00:00,3332.300048828125,3332.300048828125,3331.800048828125,3331.800048828125,16.0
2025-06-02 02:42:00+00:00,3332.10009765625,3332.10009765625,3331.60009765625,3332.10009765625,17.0
2025-06-02 02:43:00+00:00,3330.800048828125,3332.0,3330.5,3332.0,65.0
2025-06-02 02:44:00+00:00,3330.800048828125,3330.800048828125,3330.10009765625,3330.60009765625,53.0
2025-06-02 02:45:00+00:00,3330.300048828125,3330.60009765625,3330.300048828125,3330.60009765625,16.0
2025-06-02 02:46:00+00:00,3330.300048828125,3330.60009765625,3330.0,3330.199951171875,27.0
2025-06-02 02:47:00+00:00,3330.60009765625,3330.800048828125,3330.5,3330.800048828125,5.0
2025-06-02 02:48:00+00:00,3331.5,3331.800048828125,3330.800048828125,3330.89990234375,111.0
2025-06-02 02:49:00+00:00,3331.0,3331.89990234375,3331.0,3331.60009765625,34.0
2025-06-02 02:50:00+00:00,3330.60009765625,3332.199951171875,3330.60009765625,3330.89990234375,37.0
2025-06-02 02:51:00+00:00,3330.39990234375,3331.0,3330.39990234375,3330.5,19.0
2025-06-02 02:52:00+00:00,3330.800048828125,3331.0,3330.300048828125,3330.60009765625,22.0
2025-06-02 02:53:00+00:00,3330.60009765625,3331.0,3330.10009765625,3330.800048828125,43.0
2025-06-02 02:54:00+00:00,3329.800048828125,3330.300048828125,3328.800048828125,3330.300048828125,93.0
2025-06-02 02:55:00+00:00,3328.89990234375,3330.0,3328.60009765625,3330.0,122.0
2025-06-02 02:56:00+00:00,3329.10009765625,3329.5,3328.39990234375,3328.89990234375,54.0
2025-06-02 02:57:00+00:00,3329.39990234375,3329.60009765625,3328.60009765625,3328.89990234375,43.0
2025-06-02 02:58:00+00:00,3329.800048828125,3329.89990234375,3328.60009765625,3329.0,28.0
2025-06-02 02:59:00+00:00,3330.5,3331.199951171875,3330.0,3330.0,55.0
2025-06-02 03:00:00+00:00,3329.60009765625,3330.39990234375,3329.5,3330.39990234375,16.0
2025-06-02 03:01:00+00:00,3330.5,3330.699951171875,3329.699951171875,3329.699951171875,10.0
2025-06-02 03:02:00+00:00,3329.89990234375,3330.800048828125,3329.89990234375,3330.60009765625,30.0
2025-06-02 03:03:00+00:00,3330.39990234375,3330.699951171875,3329.39990234375,3330.199951171875,40.0
2025-06-02 03:04:00+00:00,3329.800048828125,3330.39990234375,3329.5,3330.199951171875,42.0
2025-06-02 03:05:00+00:00,3329.60009765625,3330.699951171875,3329.60009765625,3330.10009765625,30.0
2025-06-02 03:06:00+00:00,3330.5,3330.5,3329.5,3329.5,15.0
2025-06-02 03:07:00+00:00,3329.699951171875,3330.300048828125,3329.5,3330.300048828125,16.0
2025-06-02 03:08:00+00:00,3329.39990234375,3331.0,3329.10009765625,3329.699951171875,56.0
2025-06-02 03:09:00+00:00,3329.0,3329.5,3329.0,3329.39990234375,25.0
2025-06-02 03:10:00+00:00,3328.89990234375,3329.0,3328.300048828125,3329.0,46.0
2025-06-02 03:11:00+00:00,3328.39990234375,3328.60009765625,3327.60009765625,3328.60009765625,84.0
2025-06-02 03:12:00+00:00,3329.300048828125,3329.39990234375,3328.5,3328.5,54.0
2025-06-02 03:13:00+00:00,3327.800048828125,3329.300048828125,3327.800048828125,3329.300048828125,110.0
2025-06-02 03:14:00+00:00,3328.5,3328.800048828125,3328.0,3328.199951171875,29.0
2025-06-02 03:15:00+00:00,3329.0,3329.199951171875,3328.89990234375,3328.89990234375,9.0
2025-06-02 03:16:00+00:00,3329.699951171875,3329.800048828125,3329.0,3329.10009765625,33.0
2025-06-02 03:17:00+00:00,3329.39990234375,3330.300048828125,3329.39990234375,3329.800048828125,38.0
2025-06-02 03:18:00+00:00,3330.0,3330.10009765625,3329.5,3329.5,18.0
2025-06-02 03:19:00+00:00,3329.89990234375,3330.699951171875,3329.699951171875,3330.199951171875,40.0
2025-06-02 03:20:00+00:00,3330.60009765625,3330.89990234375,3329.0,3329.10009765625,33.0
2025-06-02 03:21:00+00:00,3331.0,3331.199951171875,3330.5,3330.5,34.0
2025-06-02 03:22:00+00:00,3331.199951171875,3331.300048828125,3330.60009765625,3330.800048828125,34.0
2025-06-02 03:23:00+00:00,3331.39990234375,3331.800048828125,3331.10009765625,3331.5,31.0
2025-06-02 03:24:00+00:00,3331.300048828125,3331.699951171875,3331.10009765625,3331.39990234375,13.0
2025-06-02 03:25:00+00:00,3331.300048828125,3331.5,3330.699951171875,3331.0,36.0
2025-06-02 03:26:00+00:00,3331.199951171875,3331.39990234375,3330.89990234375,3331.39990234375,22.0
2025-06-02 03:27:00+00:00,3330.699951171875,3331.10009765625,3330.300048828125,3331.10009765625,20.0
2025-06-02 03:28:00+00:00,3329.5,3330.60009765625,3329.5,3330.5,37.0
2025-06-02 03:29:00+00:00,3329.0,3329.5,3328.699951171875,3329.5,77.0
2025-06-02 03:30:00+00:00,3327.89990234375,3328.89990234375,3327.300048828125,3328.89990234375,126.0
2025-06-02 03:31:00+00:00,3327.800048828125,3328.0,3327.199951171875,3327.60009765625,100.0
2025-06-02 03:32:00+00:00,3327.60009765625,3327.89990234375,3327.199951171875,3327.800048828125,37.0
2025-06-02 03:33:00+00:00,3328.60009765625,3328.800048828125,3327.39990234375,3327.60009765625,58.0
2025-06-02 03:34:00+00:00,3328.10009765625,3328.60009765625,3328.0,3328.300048828125,85.0
2025-06-02 03:35:00+00:00,3327.199951171875,3328.199951171875,3327.0,3327.89990234375,108.0
2025-06-02 03:36:00+00:00,3327.199951171875,3327.5,3326.5,3327.0,73.0
2025-06-02 03:37:00+00:00,3327.300048828125,3327.60009765625,3327.10009765625,3327.10009765625,47.0
2025-06-02 03:38:00+00:00,3328.10009765625,3328.10009765625,3326.89990234375,3327.39990234375,25.0
2025-06-02 03:39:00+00:00,3327.699951171875,3328.39990234375,3327.699951171875,3327.800048828125,47.0
2025-06-02 03:40:00+00:00,3328.0,3328.0,3327.5,3327.699951171875,22.0
2025-06-02 03:41:00+00:00,3328.89990234375,3329.10009765625,3327.60009765625,3327.60009765625,67.0
2025-06-02 03:42:00+00:00,3328.89990234375,3329.10009765625,3328.5,3328.800048828125,27.0
2025-06-02 03:43:00+00:00,3328.60009765625,3329.199951171875,3328.199951171875,3329.0,71.0
2025-06-02 03:44:00+00:00,3328.60009765625,3328.800048828125,3328.300048828125,3328.5,29.0
2025-06-02 03:45:00+00:00,3329.199951171875,3329.300048828125,3328.5,3328.699951171875,33.0
2025-06-02 03:46:00+00:00,3329.199951171875,3329.199951171875,3328.5,3329.0,8.0
2025-06-02 03:47:00+00:00,3329.60009765625,3330.0,3329.199951171875,3329.300048828125,93.0
2025-06-02 03:48:00+00:00,3329.800048828125,3330.39990234375,3329.60009765625,3329.800048828125,51.0
2025-06-02 03:49:00+00:00,3330.60009765625,3331.0,3329.800048828125,3330.0,55.0
2025-06-02 03:50:00+00:00,3331.199951171875,3331.39990234375,3330.800048828125,3330.800048828125,46.0
2025-06-02 03:51:00+00:00,3331.0,3331.199951171875,3330.5,3331.199951171875,38.0
2025-06-02 03:52:00+00:00,3330.800048828125,3331.39990234375,3330.39990234375,3330.699951171875,72.0
2025-06-02 03:53:00+00:00,3331.199951171875,3331.39990234375,3330.800048828125,3330.89990234375,41.0
2025-06-02 03:54:00+00:00,3331.300048828125,3331.60009765625,3331.0,3331.10009765625,26.0
2025-06-02 03:55:00+00:00,3330.699951171875,3331.300048828125,3330.39990234375,3331.199951171875,28.0
2025-06-02 03:56:00+00:00,3330.89990234375,3330.89990234375,3330.10009765625,3330.5,31.0
2025-06-02 03:57:00+00:00,3330.800048828125,3331.0,3330.0,3331.0,50.0
2025-06-02 03:58:00+00:00,3332.10009765625,3332.39990234375,3331.10009765625,3331.199951171875,85.0
2025-06-02 04:00:00+00:00,3333.199951171875,3333.300048828125,3332.60009765625,3332.60009765625,66.0
2025-06-02 04:01:00+00:00,3333.89990234375,3334.199951171875,3333.300048828125,3333.300048828125,179.0
2025-06-02 04:02:00+00:00,3334.800048828125,3334.89990234375,3333.60009765625,3333.60009765625,46.0
2025-06-02 04:03:00+00:00,3334.699951171875,3335.300048828125,3334.199951171875,3334.699951171875,171.0
2025-06-02 04:04:00+00:00,3335.10009765625,3335.39990234375,3334.60009765625,3334.699951171875,50.0
2025-06-02 04:05:00+00:00,3333.699951171875,3335.5,3333.60009765625,3334.89990234375,161.0
2025-06-02 04:06:00+00:00,3333.60009765625,3333.89990234375,3333.300048828125,3333.89990234375,71.0
2025-06-02 04:07:00+00:00,3333.800048828125,3333.89990234375,3333.5,3333.699951171875,31.0
2025-06-02 04:08:00+00:00,3334.10009765625,3334.10009765625,3333.5,3333.89990234375,30.0
2025-06-02 04:09:00+00:00,3334.89990234375,3334.89990234375,3333.89990234375,3333.89990234375,39.0
2025-06-02 04:10:00+00:00,3334.800048828125,3335.0,3334.5,3334.800048828125,41.0
2025-06-02 04:11:00+00:00,3335.300048828125,3335.39990234375,3334.800048828125,3334.89990234375,64.0
2025-06-02 04:12:00+00:00,3335.60009765625,3335.699951171875,3335.300048828125,3335.300048828125,46.0
2025-06-02 04:13:00+00:00,3335.5,3336.199951171875,3335.0,3335.699951171875,146.0
2025-06-02 04:14:00+00:00,3335.39990234375,3335.89990234375,3334.800048828125,3335.5,54.0
2025-06-02 04:15:00+00:00,3335.60009765625,3335.699951171875,3335.199951171875,3335.5,45.0
2025-06-02 04:16:00+00:00,3335.699951171875,3336.39990234375,3335.699951171875,3335.699951171875,57.0
2025-06-02 04:17:00+00:00,3335.60009765625,3336.800048828125,3335.39990234375,3335.5,85.0
2025-06-02 04:18:00+00:00,3336.5,3336.5,3335.0,3335.39990234375,40.0
2025-06-02 04:19:00+00:00,3337.0,3337.0,3336.5,3336.5,54.0
2025-06-02 04:20:00+00:00,3336.800048828125,3337.10009765625,3336.39990234375,3337.0,56.0
2025-06-02 04:21:00+00:00,3336.89990234375,3337.39990234375,3336.5,3336.800048828125,62.0
2025-06-02 04:22:00+00:00,3337.199951171875,3337.199951171875,3336.699951171875,3336.699951171875,13.0
2025-06-02 04:23:00+00:00,3337.199951171875,3337.60009765625,3337.10009765625,3337.10009765625,43.0
2025-06-02 04:24:00+00:00,3336.199951171875,3337.0,3336.10009765625,3337.0,19.0
2025-06-02 04:25:00+00:00,3336.39990234375,3336.800048828125,3336.10009765625,3336.300048828125,59.0
2025-06-02 04:26:00+00:00,3336.699951171875,3336.699951171875,3336.39990234375,3336.5,25.0
2025-06-02 04:27:00+00:00,3337.60009765625,3337.800048828125,3336.800048828125,3336.800048828125,41.0
2025-06-02 04:28:00+00:00,3337.0,3337.60009765625,3337.0,3337.5,30.0
2025-06-02 04:29:00+00:00,3337.39990234375,3337.39990234375,3336.199951171875,3337.0,54.0
2025-06-02 04:30:00+00:00,3337.699951171875,3338.10009765625,3312.199951171875,3337.39990234375,79.0
2025-06-02 04:31:00+00:00,3338.10009765625,3338.60009765625,3337.800048828125,3338.0,108.0
2025-06-02 04:32:00+00:00,3338.0,3338.300048828125,3337.699951171875,3338.300048828125,21.0
2025-06-02 04:33:00+00:00,3338.5,3338.800048828125,3338.10009765625,3338.10009765625,63.0
2025-06-02 04:34:00+00:00,3337.89990234375,3338.5,3337.60009765625,3338.39990234375,25.0
2025-06-02 04:35:00+00:00,3337.699951171875,3337.89990234375,3337.699951171875,3337.89990234375,15.0
2025-06-02 04:36:00+00:00,3337.39990234375,3337.89990234375,3337.300048828125,3337.89990234375,48.0
2025-06-02 04:37:00+00:00,3336.699951171875,3337.39990234375,3336.60009765625,3337.39990234375,65.0
2025-06-02 04:38:00+00:00,3337.10009765625,3337.300048828125,3336.39990234375,3336.800048828125,39.0
2025-06-02 04:39:00+00:00,3337.10009765625,3337.699951171875,3337.10009765625,3337.300048828125,16.0
2025-06-02 04:40:00+00:00,3336.89990234375,3337.10009765625,3336.699951171875,3337.10009765625,24.0
2025-06-02 04:41:00+00:00,3337.5,3338.199951171875,3336.60009765625,3336.89990234375,65.0
2025-06-02 04:42:00+00:00,3338.39990234375,3339.5,3337.699951171875,3337.699951171875,188.0
2025-06-02 04:43:00+00:00,3339.0,3339.10009765625,3338.5,3338.5,63.0
2025-06-02 04:44:00+00:00,3338.300048828125,3338.800048828125,3313.199951171875,3313.5,25.0
2025-06-02 04:45:00+00:00,3337.60009765625,3338.300048828125,3337.199951171875,3338.300048828125,59.0
2025-06-02 04:46:00+00:00,3337.800048828125,3338.0,3337.39990234375,3337.5,44.0
2025-06-02 04:47:00+00:00,3337.39990234375,3337.89990234375,3337.300048828125,3337.800048828125,22.0
2025-06-02 04:48:00+00:00,3337.5,3337.699951171875,3337.39990234375,3337.5,12.0
2025-06-02 04:49:00+00:00,3337.5,3337.699951171875,3337.0,3337.699951171875,26.0
2025-06-02 04:50:00+00:00,3337.800048828125,3337.800048828125,3337.5,3337.5,22.0
2025-06-02 04:51:00+00:00,3337.89990234375,3338.199951171875,3337.699951171875,3338.0,28.0
2025-06-02 04:52:00+00:00,3339.10009765625,3339.10009765625,3337.10009765625,3337.5,67.0
2025-06-02 04:53:00+00:00,3338.60009765625,3339.300048828125,3337.89990234375,3339.300048828125,34.0
2025-06-02 04:54:00+00:00,3338.300048828125,3339.10009765625,3338.300048828125,3338.89990234375,19.0
2025-06-02 04:55:00+00:00,3338.699951171875,3338.699951171875,3338.300048828125,3338.5,30.0
2025-06-02 04:56:00+00:00,3340.5,3341.10009765625,3314.0,3338.5,322.0
2025-06-02 04:57:00+00:00,3340.300048828125,3341.89990234375,3340.199951171875,3340.699951171875,361.0
2025-06-02 04:58:00+00:00,3338.199951171875,3340.89990234375,3338.199951171875,3340.199951171875,146.0
2025-06-02 04:59:00+00:00,3337.699951171875,3338.5,3337.60009765625,3338.5,65.0
2025-06-02 05:00:00+00:00,3339.300048828125,3339.300048828125,3337.60009765625,3337.60009765625,75.0
2025-06-02 05:01:00+00:00,3339.89990234375,3340.10009765625,3339.39990234375,3339.5,57.0
2025-06-02 05:02:00+00:00,3340.60009765625,3341.10009765625,3340.10009765625,3340.199951171875,95.0
2025-06-02 05:03:00+00:00,3339.699951171875,3340.800048828125,3339.699951171875,3340.800048828125,112.0
2025-06-02 05:04:00+00:00,3339.89990234375,3340.300048828125,3339.60009765625,3339.699951171875,36.0
2025-06-02 05:05:00+00:00,3339.800048828125,3340.0,3339.0,3339.699951171875,58.0
2025-06-02 05:06:00+00:00,3339.300048828125,3339.89990234375,3313.699951171875,3339.89990234375,57.0
2025-06-02 05:07:00+00:00,3340.10009765625,3340.300048828125,3338.60009765625,3339.39990234375,86.0
2025-06-02 05:08:00+00:00,3339.5,3340.0,3339.5,3340.0,24.0
2025-06-02 05:09:00+00:00,3339.300048828125,3339.5,3339.199951171875,3339.300048828125,17.0
2025-06-02 05:10:00+00:00,3338.699951171875,3339.300048828125,3338.699951171875,3339.300048828125,25.0
2025-06-02 05:11:00+00:00,3338.89990234375,3339.5,3338.5,3338.5,70.0
2025-06-02 05:12:00+00:00,3341.199951171875,3341.699951171875,3316.0,3339.0,102.0
2025-06-02 05:13:00+00:00,3341.10009765625,3341.699951171875,3340.5,3341.199951171875,124.0
2025-06-02 05:14:00+00:00,3342.60009765625,3343.5,3340.89990234375,3340.89990234375,653.0
2025-06-02 05:15:00+00:00,3343.0,3343.89990234375,3342.5,3342.800048828125,156.0
2025-06-02 05:16:00+00:00,3341.89990234375,3342.800048828125,3341.300048828125,3342.800048828125,90.0
2025-06-02 05:17:00+00:00,3342.60009765625,3342.89990234375,3341.199951171875,3341.800048828125,107.0
2025-06-02 05:18:00+00:00,3341.699951171875,3343.0,3341.5,3342.699951171875,256.0
2025-06-02 05:19:00+00:00,3341.10009765625,3342.199951171875,3340.699951171875,3341.60009765625,154.0
2025-06-02 05:20:00+00:00,3340.699951171875,3341.10009765625,3340.5,3340.89990234375,37.0
2025-06-02 05:21:00+00:00,3341.0,3341.0,3340.300048828125,3340.800048828125,52.0
2025-06-02 05:22:00+00:00,3341.39990234375,3341.39990234375,3315.89990234375,3340.89990234375,53.0
2025-06-02 05:23:00+00:00,3340.39990234375,3341.0,3340.199951171875,3341.0,30.0
2025-06-02 05:24:00+00:00,3340.800048828125,3340.89990234375,3340.300048828125,3340.39990234375,19.0
2025-06-02 05:25:00+00:00,3340.800048828125,3341.0,3340.5,3340.800048828125,44.0
2025-06-02 05:26:00+00:00,3341.300048828125,3341.300048828125,3340.5,3340.699951171875,24.0
2025-06-02 05:27:00+00:00,3341.0,3341.300048828125,3340.89990234375,3341.199951171875,19.0
2025-06-02 05:28:00+00:00,3341.89990234375,3341.89990234375,3341.10009765625,3341.199951171875,144.0
2025-06-02 05:29:00+00:00,3342.300048828125,3342.60009765625,3341.800048828125,3341.800048828125,95.0
2025-06-02 05:30:00+00:00,3341.60009765625,3342.300048828125,3340.39990234375,3342.0,80.0
2025-06-02 05:31:00+00:00,3341.60009765625,3341.60009765625,3340.699951171875,3341.5,33.0
2025-06-02 05:32:00+00:00,3341.60009765625,3342.0,3341.60009765625,3341.60009765625,24.0
2025-06-02 05:33:00+00:00,3341.60009765625,3341.800048828125,3341.300048828125,3341.60009765625,30.0
2025-06-02 05:34:00+00:00,3342.300048828125,3342.5,3341.5,3341.60009765625,40.0
2025-06-02 05:35:00+00:00,3343.39990234375,3343.5,3342.60009765625,3342.60009765625,60.0
2025-06-02 05:36:00+00:00,3342.300048828125,3343.300048828125,3342.300048828125,3343.199951171875,59.0
2025-06-02 05:37:00+00:00,3343.5,3343.5,3317.60009765625,3342.60009765625,49.0
2025-06-02 05:38:00+00:00,3343.60009765625,3343.800048828125,3343.5,3343.60009765625,34.0
2025-06-02 05:39:00+00:00,3343.60009765625,3343.60009765625,3343.0,3343.5,65.0
2025-06-02 05:40:00+00:00,3343.800048828125,3344.0,3343.0,3343.699951171875,93.0
2025-06-02 05:41:00+00:00,3345.0,3345.300048828125,3343.800048828125,3343.800048828125,303.0
2025-06-02 05:42:00+00:00,3344.89990234375,3345.300048828125,3344.699951171875,3345.0,57.0
2025-06-02 05:43:00+00:00,3344.60009765625,3345.199951171875,3344.5,3344.800048828125,137.0
2025-06-02 05:44:00+00:00,3346.89990234375,3347.5,3320.0,3344.699951171875,465.0
2025-06-02 05:45:00+00:00,3348.300048828125,3348.89990234375,3346.699951171875,3346.89990234375,312.0
2025-06-02 05:46:00+00:00,3347.5,3348.39990234375,3347.5,3348.199951171875,108.0
2025-06-02 05:47:00+00:00,3347.300048828125,3348.0,3347.0,3347.300048828125,87.0
2025-06-02 05:48:00+00:00,3346.60009765625,3348.0,3346.60009765625,3347.300048828125,237.0
2025-06-02 05:49:00+00:00,3346.800048828125,3347.39990234375,3346.5,3346.699951171875,49.0
2025-06-02 05:50:00+00:00,3347.300048828125,3348.300048828125,3321.39990234375,3346.699951171875,155.0
2025-06-02 05:51:00+00:00,3347.699951171875,3350.0,3347.0,3347.39990234375,451.0
2025-06-02 05:52:00+00:00,3348.0,3348.60009765625,3347.60009765625,3347.699951171875,122.0
2025-06-02 05:53:00+00:00,3347.39990234375,3348.0,3347.0,3347.699951171875,120.0
2025-06-02 05:54:00+00:00,3347.39990234375,3347.800048828125,3347.10009765625,3347.300048828125,26.0
2025-06-02 05:55:00+00:00,3348.60009765625,3348.800048828125,3347.0,3347.300048828125,99.0
2025-06-02 05:56:00+00:00,3347.5,3348.39990234375,3347.5,3348.39990234375,86.0
2025-06-02 05:57:00+00:00,3348.300048828125,3348.300048828125,3347.5,3347.60009765625,41.0
2025-06-02 05:58:00+00:00,3347.199951171875,3348.39990234375,3347.10009765625,3348.199951171875,47.0
2025-06-02 05:59:00+00:00,3347.800048828125,3348.199951171875,3322.5,3347.300048828125,57.0
2025-06-02 06:00:00+00:00,3348.89990234375,3349.0,3347.60009765625,3347.89990234375,111.0
2025-06-02 06:01:00+00:00,3348.89990234375,3349.0,3323.89990234375,3348.800048828125,61.0
2025-06-02 06:02:00+00:00,3350.300048828125,3350.39990234375,3349.800048828125,3349.800048828125,358.0
2025-06-02 06:03:00+00:00,3350.39990234375,3350.60009765625,3349.800048828125,3350.300048828125,66.0
2025-06-02 06:04:00+00:00,3350.300048828125,3350.5,3325.0,3350.199951171875,108.0
2025-06-02 06:05:00+00:00,3350.5,3350.60009765625,3324.89990234375,3350.10009765625,137.0
2025-06-02 06:06:00+00:00,3351.300048828125,3352.0,3350.199951171875,3350.699951171875,350.0
2025-06-02 06:07:00+00:00,3350.800048828125,3351.5,3350.199951171875,3351.10009765625,124.0
2025-06-02 06:08:00+00:00,3350.5,3351.0,3350.300048828125,3351.0,69.0
2025-06-02 06:09:00+00:00,3351.60009765625,3351.699951171875,3350.199951171875,3350.300048828125,152.0
2025-06-02 06:10:00+00:00,3351.5,3351.800048828125,3351.10009765625,3351.39990234375,81.0
2025-06-02 06:11:00+00:00,3350.300048828125,3351.60009765625,3350.300048828125,3351.39990234375,184.0
2025-06-02 06:12:00+00:00,3351.60009765625,3351.89990234375,3349.39990234375,3350.300048828125,193.0
2025-06-02 06:13:00+00:00,3352.60009765625,3353.39990234375,3351.5,3351.5,234.0
2025-06-02 06:14:00+00:00,3351.89990234375,3353.199951171875,3351.800048828125,3352.800048828125,133.0
2025-06-02 06:15:00+00:00,3352.5,3352.800048828125,3351.60009765625,3352.0,161.0
2025-06-02 06:16:00+00:00,3353.699951171875,3353.800048828125,3352.5,3352.60009765625,140.0
2025-06-02 06:17:00+00:00,3353.39990234375,3354.10009765625,3352.800048828125,3353.699951171875,142.0
2025-06-02 06:18:00+00:00,3355.10009765625,3356.300048828125,3353.300048828125,3353.300048828125,684.0
2025-06-02 06:19:00+00:00,3357.800048828125,3358.5,3355.300048828125,3355.300048828125,729.0
2025-06-02 06:20:00+00:00,3358.89990234375,3359.800048828125,3357.800048828125,3358.10009765625,502.0
2025-06-02 06:21:00+00:00,3356.300048828125,3358.800048828125,3332.199951171875,3358.800048828125,396.0
2025-06-02 06:22:00+00:00,3357.60009765625,3358.10009765625,3355.300048828125,3356.5,218.0
2025-06-02 06:23:00+00:00,3358.199951171875,3358.60009765625,3357.60009765625,3357.800048828125,91.0
2025-06-02 06:24:00+00:00,3358.89990234375,3358.89990234375,3358.0,3358.0,48.0
2025-06-02 06:25:00+00:00,3357.89990234375,3359.199951171875,3357.89990234375,3358.800048828125,107.0
2025-06-02 06:26:00+00:00,3359.10009765625,3359.699951171875,3357.89990234375,3358.199951171875,187.0
2025-06-02 06:27:00+00:00,3361.699951171875,3361.89990234375,3359.0,3359.10009765625,374.0
2025-06-02 06:28:00+00:00,3361.39990234375,3361.800048828125,3336.199951171875,3361.39990234375,193.0
2025-06-02 06:29:00+00:00,3361.699951171875,3362.199951171875,3361.39990234375,3361.60009765625,109.0
2025-06-02 06:30:00+00:00,3362.300048828125,3362.800048828125,3361.39990234375,3361.89990234375,130.0
2025-06-02 06:31:00+00:00,3363.0,3363.0,3361.60009765625,3362.5,149.0
2025-06-02 06:32:00+00:00,3360.89990234375,3362.89990234375,3335.300048828125,3362.699951171875,160.0
2025-06-02 06:33:00+00:00,3361.5,3362.0,3360.199951171875,3360.800048828125,203.0
2025-06-02 06:34:00+00:00,3361.10009765625,3362.39990234375,3361.10009765625,3361.60009765625,128.0
2025-06-02 06:35:00+00:00,3361.699951171875,3362.10009765625,3361.39990234375,3361.39990234375,141.0
2025-06-02 06:36:00+00:00,3360.39990234375,3361.89990234375,3360.39990234375,3361.699951171875,206.0
2025-06-02 06:37:00+00:00,3362.39990234375,3362.39990234375,3360.10009765625,3360.60009765625,169.0
2025-06-02 06:38:00+00:00,3363.199951171875,3363.699951171875,3362.39990234375,3362.39990234375,184.0
2025-06-02 06:39:00+00:00,3364.10009765625,3365.0,3362.89990234375,3363.300048828125,372.0
2025-06-02 06:40:00+00:00,3365.39990234375,3365.60009765625,3363.300048828125,3364.0,257.0
2025-06-02 06:41:00+00:00,3366.5,3367.5,3365.10009765625,3365.300048828125,366.0
2025-06-02 06:42:00+00:00,3366.89990234375,3367.0,3366.0,3366.300048828125,132.0
2025-06-02 06:43:00+00:00,3367.39990234375,3368.10009765625,3366.699951171875,3366.800048828125,243.0
2025-06-02 06:44:00+00:00,3369.39990234375,3369.60009765625,3367.199951171875,3367.60009765625,595.0
2025-06-02 06:45:00+00:00,3367.5,3369.89990234375,3366.199951171875,3369.60009765625,434.0
2025-06-02 06:46:00+00:00,3366.5,3367.699951171875,3366.0,3367.300048828125,159.0
2025-06-02 06:47:00+00:00,3368.60009765625,3368.699951171875,3366.0,3366.5,257.0
2025-06-02 06:48:00+00:00,3366.699951171875,3368.699951171875,3366.60009765625,3368.60009765625,87.0
2025-06-02 06:49:00+00:00,3365.60009765625,3366.800048828125,3365.199951171875,3366.60009765625,126.0
2025-06-02 06:50:00+00:00,3366.300048828125,3366.60009765625,3365.5,3365.800048828125,93.0
2025-06-02 06:51:00+00:00,3365.300048828125,3366.5,3365.10009765625,3366.39990234375,106.0
2025-06-02 06:52:00+00:00,3365.10009765625,3366.39990234375,3364.89990234375,3365.5,149.0
2025-06-02 06:53:00+00:00,3365.800048828125,3366.199951171875,3365.300048828125,3365.300048828125,95.0
2025-06-02 06:54:00+00:00,3365.60009765625,3366.300048828125,3365.199951171875,3366.300048828125,80.0
2025-06-02 06:55:00+00:00,3366.199951171875,3366.300048828125,3364.39990234375,3365.5,120.0
2025-06-02 06:56:00+00:00,3367.300048828125,3367.300048828125,3366.10009765625,3366.10009765625,137.0
2025-06-02 06:57:00+00:00,3367.300048828125,3367.89990234375,3367.10009765625,3367.5,107.0
2025-06-02 06:58:00+00:00,3367.60009765625,3368.10009765625,3367.0,3367.199951171875,96.0
2025-06-02 06:59:00+00:00,3368.89990234375,3368.89990234375,3367.5,3367.60009765625,78.0
2025-06-02 07:00:00+00:00,3369.699951171875,3371.39990234375,3368.699951171875,3369.0,659.0
2025-06-02 07:01:00+00:00,3369.5,3370.0,3367.699951171875,3369.5,387.0
2025-06-02 07:02:00+00:00,3368.699951171875,3370.800048828125,3368.5,3369.60009765625,193.0
2025-06-02 07:03:00+00:00,3369.10009765625,3369.199951171875,3367.89990234375,3368.699951171875,168.0
2025-06-02 07:04:00+00:00,3370.199951171875,3370.699951171875,3368.89990234375,3369.199951171875,155.0
2025-06-02 07:05:00+00:00,3371.699951171875,3372.0,3345.300048828125,3370.60009765625,259.0
2025-06-02 07:06:00+00:00,3372.699951171875,3373.89990234375,3371.89990234375,3371.89990234375,347.0
2025-06-02 07:07:00+00:00,3372.60009765625,3373.199951171875,3372.10009765625,3372.5,313.0
2025-06-02 07:08:00+00:00,3372.10009765625,3372.699951171875,3371.300048828125,3372.5,142.0
2025-06-02 07:09:00+00:00,3373.10009765625,3373.39990234375,3371.89990234375,3372.10009765625,94.0
2025-06-02 07:10:00+00:00,3374.199951171875,3374.800048828125,3373.199951171875,3373.300048828125,280.0
2025-06-02 07:11:00+00:00,3374.10009765625,3375.5,3373.800048828125,3374.199951171875,255.0
2025-06-02 07:12:00+00:00,3374.60009765625,3374.800048828125,3373.699951171875,3374.10009765625,138.0
2025-06-02 07:13:00+00:00,3376.300048828125,3377.800048828125,3374.5,3374.60009765625,378.0
2025-06-02 07:14:00+00:00,3376.699951171875,3377.699951171875,3375.699951171875,3376.39990234375,681.0
2025-06-02 07:15:00+00:00,3379.5,3379.5,3376.10009765625,3376.199951171875,425.0
2025-06-02 07:16:00+00:00,3381.60009765625,3381.800048828125,3355.699951171875,3379.300048828125,926.0
2025-06-02 07:17:00+00:00,3381.60009765625,3383.199951171875,3380.0,3381.800048828125,799.0
2025-06-02 07:18:00+00:00,3380.199951171875,3383.39990234375,3380.199951171875,3381.39990234375,451.0
2025-06-02 07:19:00+00:00,3381.199951171875,3381.300048828125,3379.10009765625,3380.300048828125,279.0
2025-06-02 07:20:00+00:00,3379.89990234375,3381.39990234375,3379.89990234375,3381.39990234375,124.0
2025-06-02 07:21:00+00:00,3380.10009765625,3380.699951171875,3379.199951171875,3380.199951171875,200.0
2025-06-02 07:22:00+00:00,3380.300048828125,3381.39990234375,3380.10009765625,3380.10009765625,128.0
2025-06-02 07:23:00+00:00,3381.39990234375,3382.199951171875,3380.39990234375,3380.39990234375,132.0
2025-06-02 07:24:00+00:00,3381.300048828125,3382.800048828125,3381.199951171875,3381.699951171875,219.0
2025-06-02 07:25:00+00:00,3383.39990234375,3383.89990234375,3381.0,3381.39990234375,443.0
2025-06-02 07:26:00+00:00,3382.60009765625,3384.0,3382.10009765625,3383.10009765625,240.0
2025-06-02 07:27:00+00:00,3382.89990234375,3383.0,3381.699951171875,3382.89990234375,131.0
2025-06-02 07:28:00+00:00,3379.60009765625,3383.60009765625,3379.39990234375,3382.699951171875,328.0
2025-06-02 07:29:00+00:00,3377.89990234375,3380.39990234375,3377.89990234375,3379.699951171875,466.0
2025-06-02 07:30:00+00:00,3379.10009765625,3379.39990234375,3378.0,3378.0,222.0
2025-06-02 07:40:00+00:00,3380.10009765625,3380.5,3379.199951171875,3379.39990234375,1500.0
2025-06-02 07:41:00+00:00,3380.0,3380.60009765625,3379.39990234375,3380.300048828125,87.0
2025-06-02 07:42:00+00:00,3379.699951171875,3380.89990234375,3379.699951171875,3380.300048828125,66.0
2025-06-02 07:43:00+00:00,3379.699951171875,3380.0,3354.199951171875,3379.300048828125,91.0
2025-06-02 07:44:00+00:00,3379.300048828125,3379.699951171875,3379.199951171875,3379.60009765625,42.0
2025-06-02 07:45:00+00:00,3381.0,3381.199951171875,3378.89990234375,3379.39990234375,196.0
2025-06-02 07:46:00+00:00,3381.60009765625,3381.800048828125,3380.300048828125,3381.39990234375,96.0
2025-06-02 07:47:00+00:00,3380.10009765625,3381.5,3380.0,3381.5,65.0
2025-06-02 07:48:00+00:00,3379.89990234375,3380.800048828125,3379.60009765625,3380.0,97.0
2025-06-02 07:49:00+00:00,3378.5,3379.800048828125,3377.60009765625,3379.699951171875,231.0
2025-06-02 07:50:00+00:00,3379.39990234375,3379.800048828125,3378.60009765625,3378.60009765625,113.0
2025-06-02 07:51:00+00:00,3378.300048828125,3379.39990234375,3377.699951171875,3379.39990234375,138.0
2025-06-02 07:52:00+00:00,3378.300048828125,3378.699951171875,3377.699951171875,3378.39990234375,135.0
2025-06-02 07:53:00+00:00,3377.699951171875,3378.89990234375,3377.39990234375,3378.5,167.0
2025-06-02 07:54:00+00:00,3377.199951171875,3377.89990234375,3376.199951171875,3377.39990234375,258.0
2025-06-02 07:55:00+00:00,3376.10009765625,3377.300048828125,3375.5,3376.89990234375,297.0
2025-06-02 07:56:00+00:00,3377.5,3378.0,3375.89990234375,3376.199951171875,221.0
2025-06-02 07:57:00+00:00,3377.300048828125,3378.60009765625,3377.0,3377.60009765625,233.0
2025-06-02 07:58:00+00:00,3377.39990234375,3378.0,3376.800048828125,3377.5,101.0
2025-06-02 07:59:00+00:00,3377.199951171875,3377.60009765625,3376.5,3377.39990234375,148.0
2025-06-02 08:00:00+00:00,3376.699951171875,3377.39990234375,3375.10009765625,3377.199951171875,198.0
2025-06-02 08:01:00+00:00,3377.60009765625,3378.60009765625,3376.39990234375,3376.800048828125,149.0
2025-06-02 08:02:00+00:00,3378.5,3378.800048828125,3377.39990234375,3377.699951171875,141.0
2025-06-02 08:03:00+00:00,3379.39990234375,3379.60009765625,3378.60009765625,3378.89990234375,76.0
2025-06-02 08:04:00+00:00,3380.10009765625,3380.5,3378.699951171875,3379.60009765625,305.0
2025-06-02 08:05:00+00:00,3378.89990234375,3380.10009765625,3378.699951171875,3380.0,71.0
2025-06-02 08:06:00+00:00,3378.10009765625,3379.10009765625,3377.89990234375,3378.800048828125,71.0
2025-06-02 08:07:00+00:00,3379.10009765625,3379.300048828125,3378.0,3378.0,68.0
2025-06-02 08:08:00+00:00,3380.300048828125,3380.300048828125,3379.199951171875,3379.199951171875,34.0
2025-06-02 08:09:00+00:00,3380.10009765625,3381.199951171875,3379.699951171875,3380.199951171875,232.0
2025-06-02 08:10:00+00:00,3378.199951171875,3380.10009765625,3377.699951171875,3380.0,220.0
2025-06-02 08:11:00+00:00,3376.300048828125,3377.89990234375,3376.199951171875,3377.89990234375,146.0
2025-06-02 08:12:00+00:00,3376.800048828125,3376.89990234375,3375.0,3376.39990234375,161.0
2025-06-02 08:13:00+00:00,3377.300048828125,3378.300048828125,3376.699951171875,3377.10009765625,87.0
2025-06-02 08:14:00+00:00,3378.0,3378.199951171875,3377.10009765625,3377.10009765625,97.0
2025-06-02 08:15:00+00:00,3378.5,3379.60009765625,3377.699951171875,3378.0,89.0
2025-06-02 08:16:00+00:00,3377.800048828125,3378.699951171875,3377.699951171875,3378.300048828125,29.0
2025-06-02 08:17:00+00:00,3378.10009765625,3378.39990234375,3377.5,3377.800048828125,63.0
2025-06-02 08:18:00+00:00,3376.699951171875,3377.800048828125,3376.699951171875,3377.800048828125,60.0
2025-06-02 08:19:00+00:00,3378.0,3378.300048828125,3376.39990234375,3376.699951171875,124.0
2025-06-02 08:20:00+00:00,3377.699951171875,3378.0,3377.5,3377.89990234375,15.0
2025-06-02 08:21:00+00:00,3376.800048828125,3378.0,3351.699951171875,3377.89990234375,43.0
2025-06-02 08:22:00+00:00,3376.89990234375,3377.300048828125,3376.60009765625,3376.699951171875,33.0
2025-06-02 08:23:00+00:00,3377.300048828125,3377.800048828125,3376.5,3377.0,56.0
2025-06-02 08:24:00+00:00,3377.800048828125,3377.800048828125,3351.60009765625,3377.39990234375,28.0
2025-06-02 08:25:00+00:00,3376.89990234375,3377.89990234375,3376.699951171875,3377.699951171875,51.0
2025-06-02 08:26:00+00:00,3376.699951171875,3377.199951171875,3376.5,3377.0,45.0
2025-06-02 08:27:00+00:00,3376.0,3377.199951171875,3376.0,3377.0,62.0
2025-06-02 08:28:00+00:00,3375.300048828125,3376.5,3375.10009765625,3375.800048828125,101.0
2025-06-02 08:29:00+00:00,3377.699951171875,3377.800048828125,3375.10009765625,3375.10009765625,269.0
2025-06-02 08:30:00+00:00,3375.89990234375,3378.0,3375.89990234375,3377.699951171875,142.0
2025-06-02 08:31:00+00:00,3375.800048828125,3376.10009765625,3375.39990234375,3375.89990234375,77.0
2025-06-02 08:32:00+00:00,3375.5,3376.199951171875,3375.300048828125,3376.10009765625,88.0
2025-06-02 08:33:00+00:00,3376.5,3376.800048828125,3374.699951171875,3375.5,437.0
2025-06-02 08:34:00+00:00,3375.60009765625,3376.800048828125,3374.800048828125,3376.39990234375,229.0
2025-06-02 08:35:00+00:00,3377.0,3377.89990234375,3375.5,3375.800048828125,227.0
2025-06-02 08:36:00+00:00,3377.0,3377.199951171875,3376.60009765625,3376.699951171875,49.0
2025-06-02 08:37:00+00:00,3378.10009765625,3378.300048828125,3376.5,3376.89990234375,161.0
2025-06-02 08:38:00+00:00,3378.5,3378.5,3378.0,3378.10009765625,44.0
2025-06-02 08:39:00+00:00,3378.89990234375,3378.89990234375,3351.89990234375,3378.39990234375,47.0
2025-06-02 08:40:00+00:00,3378.300048828125,3379.199951171875,3378.300048828125,3378.800048828125,63.0
2025-06-02 08:41:00+00:00,3378.10009765625,3378.300048828125,3377.699951171875,3378.300048828125,50.0
2025-06-02 08:42:00+00:00,3377.89990234375,3378.699951171875,3377.699951171875,3378.199951171875,31.0
2025-06-02 08:43:00+00:00,3377.5,3378.10009765625,3377.39990234375,3377.89990234375,53.0
2025-06-02 08:44:00+00:00,3378.10009765625,3378.60009765625,3352.0,3377.60009765625,114.0
2025-06-02 08:45:00+00:00,3379.10009765625,3379.10009765625,3378.199951171875,3378.300048828125,73.0
2025-06-02 08:46:00+00:00,3378.800048828125,3379.39990234375,3378.60009765625,3378.89990234375,69.0
2025-06-02 08:47:00+00:00,3378.699951171875,3378.699951171875,3378.10009765625,3378.699951171875,28.0
2025-06-02 08:48:00+00:00,3379.300048828125,3379.60009765625,3378.60009765625,3378.60009765625,59.0
2025-06-02 08:49:00+00:00,3379.800048828125,3380.199951171875,3379.10009765625,3379.300048828125,95.0
2025-06-02 08:50:00+00:00,3379.39990234375,3380.0,3378.800048828125,3379.89990234375,88.0
2025-06-02 08:51:00+00:00,3379.0,3379.699951171875,3379.0,3379.39990234375,29.0
2025-06-02 08:52:00+00:00,3378.89990234375,3379.300048828125,3378.60009765625,3378.800048828125,74.0
2025-06-02 08:53:00+00:00,3378.800048828125,3378.800048828125,3378.0,3378.699951171875,70.0
2025-06-02 08:54:00+00:00,3378.699951171875,3379.0,3378.39990234375,3379.0,35.0
2025-06-02 08:55:00+00:00,3377.89990234375,3378.699951171875,3377.89990234375,3378.699951171875,46.0
2025-06-02 08:56:00+00:00,3377.699951171875,3377.800048828125,3377.39990234375,3377.699951171875,26.0
2025-06-02 08:57:00+00:00,3378.5,3378.5,3377.60009765625,3377.800048828125,59.0
2025-06-02 08:58:00+00:00,3377.10009765625,3378.39990234375,3377.10009765625,3378.10009765625,49.0
2025-06-02 08:59:00+00:00,3376.5,3377.300048828125,3376.5,3377.300048828125,58.0
2025-06-02 09:00:00+00:00,3376.800048828125,3376.89990234375,3375.10009765625,3376.60009765625,92.0
2025-06-02 09:01:00+00:00,3375.5,3376.800048828125,3375.5,3376.800048828125,65.0
2025-06-02 09:02:00+00:00,3374.5,3375.39990234375,3373.5,3375.39990234375,276.0
2025-06-02 09:03:00+00:00,3374.89990234375,3375.5,3374.39990234375,3374.699951171875,89.0
2025-06-02 09:04:00+00:00,3375.5,3375.89990234375,3375.10009765625,3375.10009765625,72.0
2025-06-02 09:05:00+00:00,3375.89990234375,3376.10009765625,3375.199951171875,3375.60009765625,127.0
2025-06-02 09:06:00+00:00,3375.5,3376.39990234375,3375.39990234375,3375.89990234375,68.0
2025-06-02 09:07:00+00:00,3375.39990234375,3375.800048828125,3374.60009765625,3375.5,86.0
2025-06-02 09:08:00+00:00,3376.10009765625,3376.5,3375.5,3375.699951171875,137.0
2025-06-02 09:09:00+00:00,3373.89990234375,3376.39990234375,3373.800048828125,3376.10009765625,168.0
2025-06-02 09:10:00+00:00,3373.60009765625,3374.39990234375,3347.0,3348.10009765625,200.0
2025-06-02 09:11:00+00:00,3373.5,3373.89990234375,3372.89990234375,3373.699951171875,137.0
2025-06-02 09:12:00+00:00,3372.800048828125,3373.699951171875,3370.89990234375,3373.5,365.0
2025-06-02 09:13:00+00:00,3372.89990234375,3372.89990234375,3372.39990234375,3372.800048828125,49.0
2025-06-02 09:14:00+00:00,3373.0,3373.300048828125,3372.5,3373.0,88.0
2025-06-02 09:15:00+00:00,3373.60009765625,3373.800048828125,3372.800048828125,3373.0,57.0
2025-06-02 09:16:00+00:00,3372.5,3373.800048828125,3371.699951171875,3373.800048828125,183.0
2025-06-02 09:17:00+00:00,3373.199951171875,3373.199951171875,3372.39990234375,3372.39990234375,34.0
2025-06-02 09:18:00+00:00,3374.300048828125,3374.39990234375,3373.199951171875,3373.199951171875,137.0
2025-06-02 09:19:00+00:00,3375.199951171875,3375.300048828125,3374.39990234375,3374.39990234375,66.0
2025-06-02 09:20:00+00:00,3374.800048828125,3375.39990234375,3374.699951171875,3375.300048828125,99.0
2025-06-02 09:21:00+00:00,3375.199951171875,3375.60009765625,3349.0,3375.0,96.0
2025-06-02 09:22:00+00:00,3374.10009765625,3375.5,3349.5,3349.5,46.0
2025-06-02 09:23:00+00:00,3373.89990234375,3374.300048828125,3373.89990234375,3374.199951171875,20.0
2025-06-02 09:24:00+00:00,3374.10009765625,3374.60009765625,3374.10009765625,3374.10009765625,18.0
2025-06-02 09:25:00+00:00,3373.800048828125,3374.5,3373.5,3374.10009765625,38.0
2025-06-02 09:26:00+00:00,3373.0,3374.199951171875,3373.0,3374.0,55.0
2025-06-02 09:27:00+00:00,3372.10009765625,3373.60009765625,3372.10009765625,3373.199951171875,183.0
2025-06-02 09:28:00+00:00,3372.39990234375,3372.800048828125,3371.699951171875,3372.300048828125,67.0
2025-06-02 09:29:00+00:00,3371.39990234375,3372.699951171875,3370.60009765625,3372.39990234375,93.0
2025-06-02 09:30:00+00:00,3371.5,3371.699951171875,3371.39990234375,3371.5,24.0
2025-06-02 09:40:00+00:00,3369.39990234375,3370.199951171875,3369.10009765625,3369.10009765625,1620.0
2025-06-02 09:41:00+00:00,3369.60009765625,3370.0,3369.0,3369.39990234375,156.0
2025-06-02 09:42:00+00:00,3370.10009765625,3370.39990234375,3369.60009765625,3369.699951171875,47.0
2025-06-02 09:43:00+00:00,3370.699951171875,3371.199951171875,3369.89990234375,3370.10009765625,151.0
2025-06-02 09:44:00+00:00,3370.800048828125,3370.89990234375,3370.300048828125,3370.5,75.0
2025-06-02 09:45:00+00:00,3370.39990234375,3371.5,3370.300048828125,3370.699951171875,111.0
2025-06-02 09:46:00+00:00,3370.89990234375,3371.0,3370.10009765625,3370.300048828125,43.0
2025-06-02 09:47:00+00:00,3371.89990234375,3371.89990234375,3371.10009765625,3371.300048828125,171.0
2025-06-02 09:48:00+00:00,3372.10009765625,3372.5,3371.60009765625,3371.699951171875,122.0
2025-06-02 09:49:00+00:00,3371.800048828125,3372.199951171875,3371.5,3372.0,46.0
2025-06-02 09:50:00+00:00,3371.5,3372.10009765625,3371.10009765625,3371.89990234375,69.0
2025-06-02 09:51:00+00:00,3371.300048828125,3371.5,3370.89990234375,3371.5,44.0
2025-06-02 09:52:00+00:00,3371.60009765625,3371.60009765625,3345.699951171875,3371.300048828125,70.0
2025-06-02 09:53:00+00:00,3371.800048828125,3371.89990234375,3371.5,3371.5,28.0
2025-06-02 09:54:00+00:00,3371.5,3371.89990234375,3371.0,3371.800048828125,64.0
2025-06-02 09:55:00+00:00,3371.10009765625,3372.10009765625,3370.699951171875,3371.5,159.0
2025-06-02 09:56:00+00:00,3371.0,3371.5,3370.39990234375,3371.199951171875,76.0
2025-06-02 09:57:00+00:00,3372.300048828125,3372.300048828125,3370.89990234375,3371.0,74.0
2025-06-02 09:58:00+00:00,3372.699951171875,3372.699951171875,3372.0,3372.300048828125,89.0
2025-06-02 09:59:00+00:00,3372.699951171875,3373.0,3372.300048828125,3372.5,39.0
2025-06-02 10:00:00+00:00,3372.0,3373.0,3371.699951171875,3372.89990234375,70.0
2025-06-02 10:01:00+00:00,3371.800048828125,3372.199951171875,3371.5,3372.0,42.0
2025-06-02 10:02:00+00:00,3373.0,3373.0,3371.39990234375,3372.10009765625,60.0
2025-06-02 10:03:00+00:00,3373.10009765625,3373.199951171875,3372.699951171875,3372.800048828125,33.0
2025-06-02 10:04:00+00:00,3373.60009765625,3373.60009765625,3372.89990234375,3372.89990234375,46.0
2025-06-02 10:05:00+00:00,3372.5,3373.800048828125,3372.5,3373.60009765625,67.0
2025-06-02 10:06:00+00:00,3372.0,3372.39990234375,3371.800048828125,3372.39990234375,46.0
2025-06-02 10:07:00+00:00,3371.800048828125,3372.0,3371.5,3371.89990234375,53.0
2025-06-02 10:08:00+00:00,3371.800048828125,3371.89990234375,3370.800048828125,3371.699951171875,83.0
2025-06-02 10:09:00+00:00,3372.0,3372.0,3371.5,3371.89990234375,33.0
2025-06-02 10:10:00+00:00,3371.699951171875,3371.89990234375,3371.199951171875,3371.800048828125,42.0
2025-06-02 10:11:00+00:00,3370.0,3371.60009765625,3369.60009765625,3371.5,159.0
2025-06-02 10:12:00+00:00,3370.5,3370.60009765625,3369.89990234375,3369.89990234375,30.0
2025-06-02 10:13:00+00:00,3370.699951171875,3370.800048828125,3370.0,3370.39990234375,40.0
2025-06-02 10:14:00+00:00,3370.5,3371.39990234375,3370.5,3370.60009765625,82.0
2025-06-02 10:15:00+00:00,3371.39990234375,3371.5,3370.60009765625,3370.60009765625,26.0
2025-06-02 10:16:00+00:00,3372.10009765625,3372.10009765625,3371.39990234375,3371.60009765625,41.0
2025-06-02 10:17:00+00:00,3372.0,3372.10009765625,3371.89990234375,3372.10009765625,8.0
2025-06-02 10:18:00+00:00,3371.89990234375,3372.5,3371.89990234375,3371.89990234375,25.0
2025-06-02 10:19:00+00:00,3372.60009765625,3372.699951171875,3371.800048828125,3371.89990234375,132.0
2025-06-02 10:20:00+00:00,3372.10009765625,3372.60009765625,3345.5,3372.5,86.0
2025-06-02 10:21:00+00:00,3372.10009765625,3372.60009765625,3371.800048828125,3372.0,28.0
2025-06-02 10:22:00+00:00,3372.0,3372.300048828125,3371.800048828125,3372.0,38.0
2025-06-02 10:23:00+00:00,3371.699951171875,3372.0,3371.39990234375,3372.0,250.0
2025-06-02 10:24:00+00:00,3373.699951171875,3373.89990234375,3345.5,3371.39990234375,557.0
2025-06-02 10:25:00+00:00,3374.5,3374.5,3373.699951171875,3373.800048828125,436.0
2025-06-02 10:26:00+00:00,3374.800048828125,3374.89990234375,3348.60009765625,3374.5,175.0
2025-06-02 10:27:00+00:00,3374.5,3374.699951171875,3374.199951171875,3374.699951171875,72.0
2025-06-02 10:28:00+00:00,3373.5,3374.699951171875,3373.300048828125,3374.60009765625,73.0
2025-06-02 10:29:00+00:00,3373.60009765625,3374.0,3373.10009765625,3373.5,85.0
2025-06-02 10:30:00+00:00,3373.0,3373.5,3372.60009765625,3373.5,66.0
2025-06-02 10:31:00+00:00,3372.89990234375,3373.300048828125,3372.5,3372.89990234375,44.0
2025-06-02 10:32:00+00:00,3374.39990234375,3374.60009765625,3373.0,3373.0,89.0
2025-06-02 10:33:00+00:00,3373.60009765625,3374.89990234375,3373.39990234375,3374.699951171875,237.0
2025-06-02 10:34:00+00:00,3372.800048828125,3373.60009765625,3372.10009765625,3373.60009765625,112.0
2025-06-02 10:35:00+00:00,3372.300048828125,3373.10009765625,3372.300048828125,3372.800048828125,54.0
2025-06-02 10:36:00+00:00,3372.199951171875,3372.5,3371.800048828125,3372.5,72.0
2025-06-02 10:37:00+00:00,3373.60009765625,3373.699951171875,3372.10009765625,3372.10009765625,89.0
2025-06-02 10:38:00+00:00,3372.89990234375,3374.0,3372.39990234375,3373.699951171875,77.0
2025-06-02 10:39:00+00:00,3373.0,3373.199951171875,3372.699951171875,3373.10009765625,24.0
2025-06-02 10:40:00+00:00,3373.199951171875,3373.89990234375,3372.60009765625,3373.0,60.0
2025-06-02 10:41:00+00:00,3372.0,3374.10009765625,3371.60009765625,3373.10009765625,302.0
2025-06-02 10:42:00+00:00,3371.10009765625,3372.10009765625,3345.5,3372.0,703.0
2025-06-02 10:43:00+00:00,3370.10009765625,3371.60009765625,3370.10009765625,3371.10009765625,110.0
2025-06-02 10:44:00+00:00,3369.60009765625,3370.199951171875,3369.199951171875,3370.199951171875,85.0
2025-06-02 10:45:00+00:00,3369.5,3370.199951171875,3369.5,3369.60009765625,57.0
2025-06-02 10:46:00+00:00,3369.39990234375,3369.89990234375,3368.800048828125,3369.5,92.0
2025-06-02 10:47:00+00:00,3369.60009765625,3370.10009765625,3369.39990234375,3369.39990234375,30.0
2025-06-02 10:48:00+00:00,3370.199951171875,3370.5,3369.5,3370.0,102.0
2025-06-02 10:49:00+00:00,3371.300048828125,3372.5,3370.300048828125,3370.39990234375,254.0
2025-06-02 10:50:00+00:00,3371.199951171875,3371.39990234375,3370.89990234375,3371.199951171875,61.0
2025-06-02 10:51:00+00:00,3371.10009765625,3371.300048828125,3370.800048828125,3371.199951171875,27.0
2025-06-02 10:52:00+00:00,3371.0,3371.5,3370.699951171875,3371.199951171875,33.0
2025-06-02 10:53:00+00:00,3371.300048828125,3371.300048828125,3370.699951171875,3371.0,39.0
2025-06-02 10:54:00+00:00,3371.60009765625,3371.800048828125,3371.10009765625,3371.300048828125,169.0
2025-06-02 10:55:00+00:00,3370.800048828125,3371.800048828125,3370.699951171875,3371.699951171875,158.0
2025-06-02 10:56:00+00:00,3374.5,3374.800048828125,3370.800048828125,3370.89990234375,783.0
2025-06-02 10:57:00+00:00,3375.800048828125,3376.10009765625,3374.0,3374.5,442.0
2025-06-02 10:58:00+00:00,3374.60009765625,3376.300048828125,3374.300048828125,3375.800048828125,326.0
2025-06-02 10:59:00+00:00,3373.300048828125,3374.89990234375,3373.199951171875,3374.60009765625,464.0
2025-06-02 11:00:00+00:00,3372.60009765625,3373.300048828125,3371.10009765625,3373.300048828125,466.0
2025-06-02 11:01:00+00:00,3372.89990234375,3373.800048828125,3372.60009765625,3372.699951171875,181.0
2025-06-02 11:02:00+00:00,3373.39990234375,3373.60009765625,3372.5,3372.800048828125,110.0
2025-06-02 11:03:00+00:00,3372.89990234375,3373.699951171875,3372.800048828125,3373.5,81.0
2025-06-02 11:04:00+00:00,3371.60009765625,3373.10009765625,3371.5,3373.0,175.0
2025-06-02 11:05:00+00:00,3371.5,3371.60009765625,3370.39990234375,3371.5,104.0
2025-06-02 11:06:00+00:00,3372.300048828125,3372.300048828125,3370.89990234375,3371.60009765625,86.0
2025-06-02 11:07:00+00:00,3372.0,3372.5,3371.5,3372.199951171875,212.0
2025-06-02 11:08:00+00:00,3373.0,3373.199951171875,3371.89990234375,3371.89990234375,174.0
2025-06-02 11:09:00+00:00,3373.5,3373.60009765625,3373.0,3373.199951171875,61.0
2025-06-02 11:10:00+00:00,3374.300048828125,3374.5,3373.10009765625,3373.699951171875,97.0
2025-06-02 11:11:00+00:00,3374.0,3374.89990234375,3373.800048828125,3374.60009765625,115.0
2025-06-02 11:12:00+00:00,3374.39990234375,3374.39990234375,3373.699951171875,3374.0,49.0
2025-06-02 11:13:00+00:00,3374.0,3374.5,3373.89990234375,3374.39990234375,43.0
2025-06-02 11:14:00+00:00,3374.199951171875,3374.199951171875,3373.89990234375,3374.199951171875,63.0
2025-06-02 11:15:00+00:00,3375.0,3375.199951171875,3374.39990234375,3374.5,198.0
2025-06-02 11:16:00+00:00,3375.39990234375,3375.39990234375,3374.800048828125,3375.10009765625,101.0
2025-06-02 11:17:00+00:00,3375.300048828125,3375.60009765625,3375.10009765625,3375.300048828125,36.0
2025-06-02 11:18:00+00:00,3375.699951171875,3375.89990234375,3375.199951171875,3375.300048828125,65.0
2025-06-02 11:19:00+00:00,3373.800048828125,3375.5,3373.800048828125,3375.5,100.0
2025-06-02 11:20:00+00:00,3374.39990234375,3375.0,3373.89990234375,3373.89990234375,112.0
2025-06-02 11:21:00+00:00,3377.199951171875,3377.199951171875,3374.5,3374.5,359.0
2025-06-02 11:22:00+00:00,3377.5,3377.60009765625,3351.5,3377.0,176.0
2025-06-02 11:23:00+00:00,3377.60009765625,3377.800048828125,3377.10009765625,3377.39990234375,318.0
2025-06-02 11:24:00+00:00,3377.10009765625,3378.39990234375,3376.800048828125,3377.60009765625,200.0
2025-06-02 11:25:00+00:00,3377.89990234375,3378.300048828125,3377.10009765625,3377.10009765625,112.0
2025-06-02 11:26:00+00:00,3378.5,3378.5,3377.89990234375,3377.89990234375,51.0
2025-06-02 11:27:00+00:00,3378.39990234375,3379.0,3377.60009765625,3378.39990234375,199.0
2025-06-02 11:28:00+00:00,3378.199951171875,3378.39990234375,3377.699951171875,3378.300048828125,49.0
2025-06-02 11:29:00+00:00,3378.199951171875,3378.5,3377.800048828125,3378.300048828125,44.0
2025-06-02 11:30:00+00:00,3379.300048828125,3379.39990234375,3378.39990234375,3378.39990234375,197.0
2025-06-02 11:31:00+00:00,3382.89990234375,3383.10009765625,3379.10009765625,3379.300048828125,694.0
2025-06-02 11:32:00+00:00,3381.0,3382.5,3380.5,3382.5,266.0
2025-06-02 11:33:00+00:00,3378.89990234375,3381.0,3353.0,3381.0,132.0
2025-06-02 11:34:00+00:00,3380.5,3380.89990234375,3378.800048828125,3378.800048828125,241.0
2025-06-02 11:35:00+00:00,3381.300048828125,3382.0,3355.699951171875,3380.89990234375,109.0
2025-06-02 11:36:00+00:00,3380.699951171875,3381.699951171875,3379.800048828125,3381.39990234375,143.0
2025-06-02 11:37:00+00:00,3382.699951171875,3383.0,3355.60009765625,3380.800048828125,211.0
2025-06-02 11:38:00+00:00,3382.800048828125,3383.39990234375,3382.5,3382.5,108.0
2025-06-02 11:39:00+00:00,3384.0,3385.60009765625,3382.89990234375,3383.199951171875,728.0
2025-06-02 11:40:00+00:00,3384.0,3385.5,3383.199951171875,3383.800048828125,429.0
2025-06-02 11:41:00+00:00,3384.199951171875,3384.89990234375,3384.0,3384.0,107.0
2025-06-02 11:42:00+00:00,3381.10009765625,3384.300048828125,3381.0,3384.300048828125,255.0
2025-06-02 11:43:00+00:00,3382.0,3382.199951171875,3380.39990234375,3381.0,130.0
2025-06-02 11:44:00+00:00,3381.300048828125,3382.199951171875,3380.89990234375,3382.199951171875,85.0
2025-06-02 11:45:00+00:00,3381.199951171875,3381.5,3380.39990234375,3381.300048828125,184.0
2025-06-02 11:46:00+00:00,3382.89990234375,3383.39990234375,3381.0,3381.10009765625,168.0
2025-06-02 11:47:00+00:00,3381.199951171875,3382.800048828125,3380.89990234375,3382.800048828125,180.0
2025-06-02 11:48:00+00:00,3380.300048828125,3381.10009765625,3380.300048828125,3381.10009765625,145.0
2025-06-02 11:49:00+00:00,3379.800048828125,3380.60009765625,3379.0,3380.60009765625,299.0
2025-06-02 11:50:00+00:00,3379.5,3379.800048828125,3378.60009765625,3379.800048828125,163.0
2025-06-02 11:51:00+00:00,3379.300048828125,3379.39990234375,3378.39990234375,3379.39990234375,75.0
2025-06-02 11:52:00+00:00,3379.0,3379.800048828125,3378.800048828125,3379.60009765625,84.0
2025-06-02 11:53:00+00:00,3378.89990234375,3378.89990234375,3377.89990234375,3378.89990234375,85.0
2025-06-02 11:54:00+00:00,3379.800048828125,3380.199951171875,3379.10009765625,3379.10009765625,135.0
2025-06-02 11:55:00+00:00,3380.300048828125,3380.699951171875,3379.800048828125,3379.800048828125,57.0
2025-06-02 11:56:00+00:00,3380.800048828125,3381.199951171875,3380.10009765625,3380.10009765625,54.0
2025-06-02 11:57:00+00:00,3380.89990234375,3381.10009765625,3380.199951171875,3380.60009765625,54.0
2025-06-02 11:58:00+00:00,3379.699951171875,3381.0,3379.699951171875,3380.89990234375,45.0
2025-06-02 11:59:00+00:00,3381.199951171875,3381.199951171875,3379.0,3379.60009765625,126.0
2025-06-02 12:00:00+00:00,3381.10009765625,3382.699951171875,3380.89990234375,3380.89990234375,279.0
2025-06-02 12:01:00+00:00,3381.0,3382.199951171875,3380.89990234375,3381.5,86.0
2025-06-02 12:02:00+00:00,3380.300048828125,3381.5,3380.10009765625,3381.10009765625,102.0
2025-06-02 12:03:00+00:00,3379.5,3380.699951171875,3379.39990234375,3380.300048828125,72.0
2025-06-02 12:04:00+00:00,3379.0,3379.60009765625,3378.699951171875,3379.60009765625,92.0
2025-06-02 12:05:00+00:00,3379.699951171875,3380.0,3378.800048828125,3379.0,70.0
2025-06-02 12:06:00+00:00,3380.60009765625,3380.800048828125,3379.60009765625,3379.60009765625,83.0
2025-06-02 12:07:00+00:00,3383.199951171875,3383.300048828125,3380.800048828125,3380.800048828125,219.0
2025-06-02 12:08:00+00:00,3384.699951171875,3384.800048828125,3382.89990234375,3383.10009765625,461.0
2025-06-02 12:09:00+00:00,3383.5,3385.10009765625,3383.300048828125,3384.60009765625,338.0
2025-06-02 12:10:00+00:00,3384.199951171875,3385.199951171875,3382.800048828125,3383.300048828125,398.0
2025-06-02 12:11:00+00:00,3383.39990234375,3384.5,3382.5,3384.39990234375,96.0
2025-06-02 12:12:00+00:00,3383.39990234375,3384.0,3383.300048828125,3383.60009765625,48.0
2025-06-02 12:13:00+00:00,3384.199951171875,3384.300048828125,3383.39990234375,3383.60009765625,81.0
2025-06-02 12:14:00+00:00,3383.0,3384.0,3382.699951171875,3384.0,109.0
2025-06-02 12:15:00+00:00,3382.60009765625,3383.0,3382.300048828125,3382.60009765625,62.0
2025-06-02 12:16:00+00:00,3382.199951171875,3382.699951171875,3382.0,3382.39990234375,63.0
2025-06-02 12:17:00+00:00,3382.89990234375,3383.300048828125,3382.300048828125,3382.39990234375,52.0
2025-06-02 12:18:00+00:00,3384.800048828125,3385.0,3382.89990234375,3382.89990234375,212.0
2025-06-02 12:19:00+00:00,3384.39990234375,3385.0,3384.10009765625,3384.89990234375,92.0
2025-06-02 12:20:00+00:00,3383.699951171875,3384.89990234375,3383.5,3384.199951171875,251.0
2025-06-02 12:21:00+00:00,3385.0,3385.60009765625,3383.60009765625,3383.60009765625,273.0
2025-06-02 12:22:00+00:00,3387.199951171875,3387.199951171875,3384.89990234375,3384.89990234375,456.0
2025-06-02 12:23:00+00:00,3387.0,3387.800048828125,3386.10009765625,3387.10009765625,210.0
2025-06-02 12:24:00+00:00,3387.5,3388.0,3361.699951171875,3387.10009765625,250.0
2025-06-02 12:25:00+00:00,3387.699951171875,3388.800048828125,3387.39990234375,3387.39990234375,348.0
2025-06-02 12:26:00+00:00,3388.300048828125,3388.5,3386.89990234375,3387.89990234375,170.0
2025-06-02 12:27:00+00:00,3386.39990234375,3388.300048828125,3386.10009765625,3388.300048828125,186.0
2025-06-02 12:28:00+00:00,3385.60009765625,3386.5,3385.5,3386.5,360.0
2025-06-02 12:29:00+00:00,3386.0,3386.10009765625,3385.199951171875,3385.800048828125,126.0
2025-06-02 12:30:00+00:00,3386.699951171875,3387.0,3385.800048828125,3385.89990234375,120.0
2025-06-02 12:31:00+00:00,3387.699951171875,3388.0,3386.89990234375,3386.89990234375,253.0
2025-06-02 12:32:00+00:00,3387.699951171875,3388.89990234375,3387.300048828125,3388.0,257.0
2025-06-02 12:33:00+00:00,3386.10009765625,3388.10009765625,3386.10009765625,3387.800048828125,131.0
2025-06-02 12:34:00+00:00,3386.39990234375,3387.39990234375,3386.199951171875,3386.300048828125,115.0
2025-06-02 12:35:00+00:00,3387.0,3388.60009765625,3386.60009765625,3386.60009765625,214.0
2025-06-02 12:36:00+00:00,3386.300048828125,3387.39990234375,3386.300048828125,3387.300048828125,124.0
2025-06-02 12:37:00+00:00,3386.699951171875,3387.10009765625,3386.0,3386.39990234375,301.0
2025-06-02 12:38:00+00:00,3386.60009765625,3387.5,3386.300048828125,3386.699951171875,140.0
2025-06-02 12:39:00+00:00,3387.39990234375,3387.39990234375,3386.0,3386.800048828125,113.0
2025-06-02 12:40:00+00:00,3386.300048828125,3388.0,3386.300048828125,3387.39990234375,93.0
2025-06-02 12:41:00+00:00,3385.800048828125,3386.300048828125,3385.5,3386.0,122.0
2025-06-02 12:42:00+00:00,3386.39990234375,3386.5,3359.800048828125,3385.89990234375,83.0
2025-06-02 12:43:00+00:00,3387.60009765625,3387.89990234375,3386.5,3386.5,135.0
2025-06-02 12:44:00+00:00,3386.800048828125,3388.300048828125,3386.800048828125,3387.60009765625,173.0
2025-06-02 12:45:00+00:00,3385.800048828125,3387.199951171875,3385.800048828125,3386.89990234375,117.0
2025-06-02 12:46:00+00:00,3386.39990234375,3387.0,3385.10009765625,3385.699951171875,81.0
2025-06-02 12:47:00+00:00,3385.5,3386.699951171875,3360.300048828125,3386.39990234375,177.0
2025-06-02 12:48:00+00:00,3384.800048828125,3385.800048828125,3383.800048828125,3385.5,253.0
2025-06-02 12:49:00+00:00,3385.300048828125,3385.39990234375,3384.300048828125,3384.800048828125,168.0
2025-06-02 12:50:00+00:00,3385.300048828125,3385.800048828125,3384.5,3385.5,151.0
2025-06-02 12:51:00+00:00,3384.5,3385.800048828125,3384.10009765625,3385.300048828125,86.0
2025-06-02 12:52:00+00:00,3382.699951171875,3384.89990234375,3382.699951171875,3384.699951171875,166.0
2025-06-02 12:53:00+00:00,3382.0,3383.800048828125,3382.0,3383.0,189.0
2025-06-02 12:54:00+00:00,3381.10009765625,3382.10009765625,3380.699951171875,3382.0,226.0
2025-06-02 12:55:00+00:00,3380.5,3381.300048828125,3379.300048828125,3381.10009765625,298.0
2025-06-02 12:56:00+00:00,3380.89990234375,3381.300048828125,3379.699951171875,3380.699951171875,241.0
2025-06-02 12:57:00+00:00,3380.60009765625,3381.10009765625,3355.0,3380.89990234375,156.0
2025-06-02 12:58:00+00:00,3380.0,3381.10009765625,3379.5,3380.699951171875,157.0
2025-06-02 12:59:00+00:00,3380.10009765625,3381.0,3379.60009765625,3380.10009765625,137.0
2025-06-02 13:00:00+00:00,3381.60009765625,3382.300048828125,3355.0,3380.10009765625,161.0
2025-06-02 13:01:00+00:00,3380.60009765625,3382.10009765625,3379.60009765625,3381.699951171875,171.0
2025-06-02 13:02:00+00:00,3379.89990234375,3380.800048828125,3378.10009765625,3380.60009765625,260.0
2025-06-02 13:03:00+00:00,3379.89990234375,3381.300048828125,3379.800048828125,3379.800048828125,181.0
2025-06-02 13:04:00+00:00,3379.0,3380.39990234375,3378.5,3380.0,110.0
2025-06-02 13:05:00+00:00,3378.5,3379.89990234375,3378.0,3379.10009765625,198.0
2025-06-02 13:06:00+00:00,3378.699951171875,3379.199951171875,3377.60009765625,3378.699951171875,124.0
2025-06-02 13:07:00+00:00,3379.199951171875,3379.5,3378.300048828125,3379.0,92.0
2025-06-02 13:08:00+00:00,3378.199951171875,3380.0,3378.199951171875,3379.39990234375,79.0
2025-06-02 13:09:00+00:00,3378.800048828125,3379.199951171875,3377.89990234375,3378.60009765625,108.0
2025-06-02 13:10:00+00:00,3378.800048828125,3378.89990234375,3377.199951171875,3378.699951171875,218.0
2025-06-02 13:11:00+00:00,3380.0,3380.10009765625,3378.199951171875,3378.89990234375,142.0
2025-06-02 13:12:00+00:00,3381.199951171875,3381.60009765625,3380.0,3380.0,192.0
2025-06-02 13:13:00+00:00,3380.10009765625,3381.39990234375,3380.10009765625,3381.199951171875,110.0
2025-06-02 13:14:00+00:00,3381.0,3381.10009765625,3379.89990234375,3380.10009765625,66.0
2025-06-02 13:15:00+00:00,3380.60009765625,3381.800048828125,3380.60009765625,3381.10009765625,89.0
2025-06-02 13:16:00+00:00,3381.0,3381.39990234375,3380.5,3380.5,79.0
2025-06-02 13:17:00+00:00,3381.0,3382.10009765625,3380.60009765625,3381.199951171875,198.0
2025-06-02 13:18:00+00:00,3381.10009765625,3381.60009765625,3380.199951171875,3381.39990234375,89.0
2025-06-02 13:19:00+00:00,3381.0,3381.199951171875,3380.10009765625,3380.89990234375,58.0
2025-06-02 13:20:00+00:00,3380.39990234375,3381.60009765625,3380.300048828125,3381.300048828125,56.0
2025-06-02 13:21:00+00:00,3379.699951171875,3380.699951171875,3379.199951171875,3380.39990234375,116.0
2025-06-02 13:22:00+00:00,3380.10009765625,3380.300048828125,3379.60009765625,3379.800048828125,66.0
2025-06-02 13:23:00+00:00,3380.60009765625,3380.89990234375,3379.89990234375,3380.10009765625,58.0
2025-06-02 13:24:00+00:00,3379.800048828125,3381.0,3379.199951171875,3380.699951171875,83.0
2025-06-02 13:25:00+00:00,3376.89990234375,3379.800048828125,3376.199951171875,3379.60009765625,274.0
2025-06-02 13:26:00+00:00,3379.699951171875,3379.699951171875,3376.800048828125,3376.800048828125,248.0
2025-06-02 13:27:00+00:00,3380.699951171875,3380.699951171875,3379.10009765625,3379.699951171875,75.0
2025-06-02 13:28:00+00:00,3381.60009765625,3382.300048828125,3380.5,3380.5,206.0
2025-06-02 13:29:00+00:00,3380.39990234375,3382.10009765625,3380.0,3381.89990234375,119.0
2025-06-02 13:30:00+00:00,3376.89990234375,3380.800048828125,3350.0,3380.39990234375,511.0
2025-06-02 13:31:00+00:00,3376.699951171875,3377.699951171875,3349.60009765625,3376.60009765625,524.0
2025-06-02 13:32:00+00:00,3379.5,3379.5,3376.800048828125,3376.800048828125,310.0
2025-06-02 13:33:00+00:00,3380.10009765625,3381.10009765625,3354.39990234375,3379.699951171875,302.0
2025-06-02 13:34:00+00:00,3380.699951171875,3381.60009765625,3380.0,3380.10009765625,185.0
2025-06-02 13:35:00+00:00,3381.0,3381.800048828125,3355.0,3380.699951171875,362.0
2025-06-02 13:36:00+00:00,3382.800048828125,3383.0,3380.699951171875,3380.89990234375,310.0
2025-06-02 13:37:00+00:00,3383.89990234375,3384.199951171875,3357.5,3382.699951171875,217.0
2025-06-02 13:38:00+00:00,3384.0,3384.699951171875,3383.199951171875,3384.0,290.0
2025-06-02 13:39:00+00:00,3383.199951171875,3384.39990234375,3358.0,3384.0,199.0
2025-06-02 13:40:00+00:00,3386.0,3387.199951171875,3358.0,3358.0,634.0
2025-06-02 13:41:00+00:00,3387.800048828125,3388.300048828125,3385.39990234375,3386.0,388.0
2025-06-02 13:42:00+00:00,3389.300048828125,3389.699951171875,3362.5,3388.0,505.0
2025-06-02 13:43:00+00:00,3390.89990234375,3391.5,3388.89990234375,3389.300048828125,630.0
2025-06-02 13:44:00+00:00,3392.0,3392.199951171875,3365.5,3390.89990234375,634.0
2025-06-02 13:45:00+00:00,3391.800048828125,3393.199951171875,3390.800048828125,3391.89990234375,825.0
2025-06-02 13:46:00+00:00,3395.0,3396.89990234375,3391.89990234375,3391.89990234375,1024.0
2025-06-02 13:47:00+00:00,3394.5,3395.699951171875,3393.699951171875,3395.10009765625,642.0
2025-06-02 13:48:00+00:00,3391.89990234375,3394.800048828125,3391.39990234375,3394.10009765625,513.0
2025-06-02 13:49:00+00:00,3390.800048828125,3392.300048828125,3390.0,3392.199951171875,395.0
2025-06-02 13:50:00+00:00,3392.10009765625,3392.800048828125,3390.5,3390.699951171875,254.0
2025-06-02 13:51:00+00:00,3394.800048828125,3395.0,3392.10009765625,3392.10009765625,308.0
2025-06-02 13:52:00+00:00,3394.199951171875,3395.300048828125,3394.10009765625,3394.800048828125,292.0
2025-06-02 13:53:00+00:00,3395.10009765625,3395.300048828125,3393.5,3394.199951171875,313.0
2025-06-02 13:54:00+00:00,3399.5,3400.10009765625,3370.60009765625,3395.10009765625,997.0
2025-06-02 13:55:00+00:00,3399.60009765625,3401.300048828125,3398.5,3399.800048828125,766.0
2025-06-02 13:56:00+00:00,3399.60009765625,3400.0,3398.60009765625,3399.89990234375,306.0
2025-06-02 13:57:00+00:00,3397.800048828125,3399.89990234375,3397.800048828125,3399.800048828125,391.0
2025-06-02 13:58:00+00:00,3398.39990234375,3399.199951171875,3397.60009765625,3398.0,212.0
2025-06-02 13:59:00+00:00,3395.800048828125,3398.5,3395.0,3398.5,462.0
2025-06-02 14:00:00+00:00,3400.10009765625,3400.10009765625,3371.60009765625,3371.60009765625,1423.0
2025-06-02 14:01:00+00:00,3399.10009765625,3401.300048828125,3399.10009765625,3400.10009765625,710.0
2025-06-02 14:02:00+00:00,3398.199951171875,3401.199951171875,3397.60009765625,3399.10009765625,820.0
2025-06-02 14:03:00+00:00,3396.300048828125,3400.300048828125,3396.0,3398.39990234375,578.0
2025-06-02 14:04:00+00:00,3396.800048828125,3397.39990234375,3369.60009765625,3396.300048828125,255.0
2025-06-02 14:05:00+00:00,3396.89990234375,3398.300048828125,3395.800048828125,3397.199951171875,323.0
2025-06-02 14:06:00+00:00,3397.5,3397.89990234375,3395.60009765625,3396.89990234375,312.0
2025-06-02 14:07:00+00:00,3395.300048828125,3397.300048828125,3395.0,3397.300048828125,212.0
2025-06-02 14:08:00+00:00,3395.199951171875,3395.800048828125,3394.10009765625,3395.5,316.0
2025-06-02 14:09:00+00:00,3394.39990234375,3395.60009765625,3394.199951171875,3395.199951171875,174.0
2025-06-02 14:10:00+00:00,3395.699951171875,3396.5,3393.800048828125,3394.300048828125,276.0
2025-06-02 14:11:00+00:00,3396.800048828125,3396.800048828125,3391.800048828125,3395.300048828125,444.0
2025-06-02 14:12:00+00:00,3395.699951171875,3397.60009765625,3395.5,3396.89990234375,180.0
2025-06-02 14:13:00+00:00,3395.699951171875,3396.0,3394.699951171875,3395.800048828125,168.0
2025-06-02 14:14:00+00:00,3399.10009765625,3399.39990234375,3372.0,3395.89990234375,384.0
2025-06-02 14:15:00+00:00,3399.5,3399.699951171875,3372.800048828125,3399.10009765625,218.0
2025-06-02 14:16:00+00:00,3398.5,3399.800048828125,3397.699951171875,3399.39990234375,301.0
2025-06-02 14:17:00+00:00,3401.199951171875,3401.89990234375,3375.0,3398.699951171875,556.0
2025-06-02 14:18:00+00:00,3402.39990234375,3402.60009765625,3400.300048828125,3401.10009765625,361.0
2025-06-02 14:19:00+00:00,3402.800048828125,3403.199951171875,3401.39990234375,3402.199951171875,301.0
2025-06-02 14:20:00+00:00,3401.39990234375,3403.10009765625,3401.10009765625,3402.60009765625,227.0
2025-06-02 14:21:00+00:00,3400.60009765625,3401.800048828125,3400.5,3401.5,143.0
2025-06-02 14:22:00+00:00,3398.39990234375,3400.89990234375,3397.5,3400.800048828125,365.0
2025-06-02 14:23:00+00:00,3397.800048828125,3398.60009765625,3397.0,3398.60009765625,267.0
2025-06-02 14:24:00+00:00,3398.10009765625,3399.10009765625,3397.199951171875,3398.0,198.0
2025-06-02 14:25:00+00:00,3399.39990234375,3399.800048828125,3398.300048828125,3398.5,236.0
2025-06-02 14:26:00+00:00,3397.699951171875,3399.300048828125,3396.800048828125,3399.300048828125,186.0
2025-06-02 14:27:00+00:00,3398.800048828125,3399.0,3396.800048828125,3398.10009765625,260.0
2025-06-02 14:28:00+00:00,3399.39990234375,3401.0,3374.5,3398.699951171875,179.0
2025-06-02 14:29:00+00:00,3397.800048828125,3400.39990234375,3397.699951171875,3399.10009765625,200.0
2025-06-02 14:30:00+00:00,3397.800048828125,3398.89990234375,3396.699951171875,3398.10009765625,214.0
2025-06-02 14:31:00+00:00,3399.5,3400.199951171875,3397.60009765625,3397.800048828125,220.0
2025-06-02 14:32:00+00:00,3399.699951171875,3399.89990234375,3398.39990234375,3399.5,146.0
2025-06-02 14:33:00+00:00,3399.699951171875,3400.10009765625,3396.60009765625,3399.39990234375,362.0
2025-06-02 14:34:00+00:00,3400.0,3401.39990234375,3399.60009765625,3399.89990234375,211.0
2025-06-02 14:35:00+00:00,3401.60009765625,3401.699951171875,3398.5,3399.89990234375,205.0
2025-06-02 14:36:00+00:00,3402.10009765625,3402.5,3400.60009765625,3401.39990234375,252.0
2025-06-02 14:37:00+00:00,3400.300048828125,3402.89990234375,3400.0,3402.10009765625,288.0
2025-06-02 14:38:00+00:00,3400.39990234375,3402.60009765625,3399.800048828125,3400.300048828125,356.0
2025-06-02 14:39:00+00:00,3399.800048828125,3401.0,3399.39990234375,3400.60009765625,326.0
2025-06-02 14:40:00+00:00,3401.800048828125,3402.0,3398.89990234375,3400.0,271.0
2025-06-02 14:41:00+00:00,3401.5,3402.199951171875,3401.0,3401.800048828125,149.0
2025-06-02 14:42:00+00:00,3401.60009765625,3401.89990234375,3401.0,3401.5,99.0
2025-06-02 14:43:00+00:00,3402.39990234375,3402.89990234375,3401.699951171875,3401.800048828125,205.0
2025-06-02 14:44:00+00:00,3402.699951171875,3402.89990234375,3401.300048828125,3402.39990234375,150.0
2025-06-02 14:45:00+00:00,3400.89990234375,3402.89990234375,3400.800048828125,3402.89990234375,184.0
2025-06-02 14:46:00+00:00,3401.39990234375,3401.5,3400.300048828125,3400.699951171875,122.0
2025-06-02 14:47:00+00:00,3401.300048828125,3401.5,3400.199951171875,3400.89990234375,185.0
2025-06-02 14:48:00+00:00,3401.699951171875,3401.699951171875,3399.89990234375,3400.89990234375,143.0
2025-06-02 14:49:00+00:00,3401.10009765625,3401.699951171875,3400.699951171875,3401.60009765625,117.0
2025-06-02 14:50:00+00:00,3401.199951171875,3401.699951171875,3400.10009765625,3400.89990234375,142.0
2025-06-02 14:51:00+00:00,3400.800048828125,3402.300048828125,3400.699951171875,3401.5,118.0
2025-06-02 14:52:00+00:00,3401.300048828125,3401.800048828125,3400.199951171875,3400.800048828125,108.0
2025-06-02 14:53:00+00:00,3401.800048828125,3402.199951171875,3401.10009765625,3401.60009765625,147.0
2025-06-02 14:54:00+00:00,3402.39990234375,3402.60009765625,3401.0,3401.800048828125,134.0
2025-06-02 14:55:00+00:00,3401.800048828125,3402.60009765625,3401.5,3402.5,106.0
2025-06-02 14:56:00+00:00,3402.199951171875,3402.60009765625,3401.39990234375,3401.800048828125,132.0
2025-06-02 14:57:00+00:00,3403.5,3404.199951171875,3401.699951171875,3402.10009765625,297.0
2025-06-02 14:58:00+00:00,3401.10009765625,3401.39990234375,3401.0,3401.39990234375,249.0
2025-06-02 14:59:00+00:00,3400.60009765625,3401.5,3400.199951171875,3401.0,233.0
2025-06-02 15:00:00+00:00,3400.699951171875,3401.10009765625,3398.89990234375,3400.5,354.0
2025-06-02 15:01:00+00:00,3400.800048828125,3401.199951171875,3400.10009765625,3400.5,330.0
2025-06-02 15:02:00+00:00,3401.10009765625,3402.0,3400.60009765625,3401.0,156.0
2025-06-02 15:03:00+00:00,3400.5,3401.89990234375,3400.5,3401.0,130.0
2025-06-02 15:04:00+00:00,3401.60009765625,3401.800048828125,3373.89990234375,3400.199951171875,102.0
2025-06-02 15:05:00+00:00,3401.800048828125,3403.10009765625,3401.5,3401.5,215.0
2025-06-02 15:06:00+00:00,3402.699951171875,3402.699951171875,3401.300048828125,3401.699951171875,117.0
2025-06-02 15:07:00+00:00,3402.39990234375,3402.89990234375,3401.39990234375,3402.800048828125,169.0
2025-06-02 15:08:00+00:00,3402.199951171875,3403.5,3402.0,3402.60009765625,169.0
2025-06-02 15:09:00+00:00,3401.800048828125,3402.699951171875,3401.300048828125,3402.60009765625,168.0
2025-06-02 15:10:00+00:00,3400.699951171875,3401.699951171875,3400.39990234375,3401.699951171875,94.0
2025-06-02 15:11:00+00:00,3398.199951171875,3400.60009765625,3398.10009765625,3400.60009765625,213.0
2025-06-02 15:12:00+00:00,3399.0,3399.39990234375,3397.800048828125,3398.300048828125,184.0
2025-06-02 15:13:00+00:00,3399.10009765625,3399.199951171875,3398.199951171875,3399.0,81.0
2025-06-02 15:14:00+00:00,3399.0,3399.60009765625,3398.699951171875,3399.199951171875,207.0
2025-06-02 15:15:00+00:00,3398.60009765625,3399.699951171875,3398.10009765625,3399.10009765625,112.0
2025-06-02 15:16:00+00:00,3399.5,3399.89990234375,3398.0,3398.39990234375,216.0
2025-06-02 15:17:00+00:00,3400.60009765625,3400.60009765625,3399.39990234375,3399.60009765625,179.0
2025-06-02 15:18:00+00:00,3399.60009765625,3400.5,3398.800048828125,3400.300048828125,104.0
2025-06-02 15:19:00+00:00,3400.39990234375,3400.39990234375,3399.199951171875,3399.60009765625,86.0
2025-06-02 15:20:00+00:00,3400.5,3401.5,3374.199951171875,3400.39990234375,139.0
2025-06-02 15:21:00+00:00,3401.800048828125,3401.800048828125,3400.300048828125,3400.5,208.0
2025-06-02 15:22:00+00:00,3401.39990234375,3402.39990234375,3401.39990234375,3401.89990234375,156.0
2025-06-02 15:23:00+00:00,3399.699951171875,3401.5,3374.5,3401.39990234375,156.0
2025-06-02 15:24:00+00:00,3399.300048828125,3400.10009765625,3399.0,3399.699951171875,144.0
2025-06-02 15:25:00+00:00,3396.10009765625,3399.300048828125,3395.800048828125,3399.300048828125,335.0
2025-06-02 15:26:00+00:00,3394.699951171875,3396.10009765625,3366.89990234375,3395.89990234375,643.0
2025-06-02 15:27:00+00:00,3396.300048828125,3396.699951171875,3394.5,3394.5,223.0
2025-06-02 15:28:00+00:00,3395.89990234375,3396.89990234375,3395.39990234375,3396.300048828125,142.0
2025-06-02 15:29:00+00:00,3397.5,3397.800048828125,3396.0,3396.0,166.0
2025-06-02 15:30:00+00:00,3396.699951171875,3397.60009765625,3396.199951171875,3397.60009765625,180.0
2025-06-02 15:31:00+00:00,3396.60009765625,3396.699951171875,3395.300048828125,3396.699951171875,142.0
2025-06-02 15:32:00+00:00,3396.5,3397.199951171875,3396.5,3396.60009765625,136.0
2025-06-02 15:33:00+00:00,3396.39990234375,3397.0,3395.39990234375,3396.699951171875,163.0
2025-06-02 15:34:00+00:00,3397.300048828125,3398.10009765625,3396.199951171875,3396.60009765625,235.0
2025-06-02 15:35:00+00:00,3395.800048828125,3397.300048828125,3395.699951171875,3397.300048828125,125.0
2025-06-02 15:36:00+00:00,3395.5,3395.5,3395.5,3395.5,2.0
2025-06-02 15:38:00+00:00,3397.5,3397.60009765625,3397.199951171875,3397.199951171875,258.0
2025-06-02 15:39:00+00:00,3398.0,3398.0,3370.199951171875,3397.5,197.0
2025-06-02 15:40:00+00:00,3398.60009765625,3399.39990234375,3371.800048828125,3397.800048828125,249.0
2025-06-02 15:41:00+00:00,3399.0,3399.10009765625,3397.89990234375,3398.60009765625,125.0
2025-06-02 15:42:00+00:00,3398.60009765625,3399.60009765625,3372.800048828125,3399.199951171875,178.0
2025-06-02 15:43:00+00:00,3398.39990234375,3398.800048828125,3372.199951171875,3398.699951171875,87.0
2025-06-02 15:44:00+00:00,3399.300048828125,3399.5,3398.699951171875,3398.699951171875,97.0
2025-06-02 15:45:00+00:00,3399.199951171875,3399.699951171875,3399.0,3399.5,101.0
2025-06-02 15:46:00+00:00,3400.199951171875,3400.199951171875,3398.800048828125,3399.300048828125,127.0
2025-06-02 15:47:00+00:00,3399.800048828125,3400.60009765625,3399.800048828125,3400.0,60.0
2025-06-02 15:48:00+00:00,3399.39990234375,3400.10009765625,3399.10009765625,3399.800048828125,94.0
2025-06-02 15:49:00+00:00,3399.39990234375,3399.800048828125,3399.300048828125,3399.5,70.0
2025-06-02 15:50:00+00:00,3399.300048828125,3399.800048828125,3399.10009765625,3399.5,74.0
2025-06-02 15:51:00+00:00,3399.300048828125,3399.800048828125,3399.10009765625,3399.300048828125,210.0
2025-06-02 15:52:00+00:00,3400.0,3400.10009765625,3399.39990234375,3399.39990234375,64.0
2025-06-02 15:53:00+00:00,3399.39990234375,3400.699951171875,3399.300048828125,3399.89990234375,116.0
2025-06-02 15:54:00+00:00,3398.60009765625,3399.60009765625,3398.10009765625,3399.5,191.0
2025-06-02 15:55:00+00:00,3398.800048828125,3399.60009765625,3398.300048828125,3398.5,103.0
2025-06-02 15:56:00+00:00,3397.39990234375,3398.699951171875,3397.199951171875,3398.699951171875,122.0
2025-06-02 15:57:00+00:00,3398.39990234375,3398.60009765625,3397.10009765625,3397.800048828125,80.0
2025-06-02 15:58:00+00:00,3399.0,3399.0,3398.39990234375,3398.39990234375,44.0
2025-06-02 15:59:00+00:00,3399.10009765625,3399.60009765625,3398.5,3398.89990234375,82.0
2025-06-02 16:00:00+00:00,3400.199951171875,3400.199951171875,3399.300048828125,3399.300048828125,100.0
2025-06-02 16:01:00+00:00,3400.39990234375,3400.5,3399.39990234375,3400.10009765625,190.0
2025-06-02 16:02:00+00:00,3400.10009765625,3400.5,3399.800048828125,3400.199951171875,123.0
2025-06-02 16:03:00+00:00,3402.0,3402.10009765625,3399.800048828125,3400.10009765625,251.0
2025-06-02 16:04:00+00:00,3403.300048828125,3403.39990234375,3401.300048828125,3401.89990234375,278.0
2025-06-02 16:05:00+00:00,3403.300048828125,3403.60009765625,3402.199951171875,3403.39990234375,125.0
2025-06-02 16:06:00+00:00,3404.0,3404.699951171875,3403.0,3403.199951171875,241.0
2025-06-02 16:07:00+00:00,3403.10009765625,3404.0,3402.89990234375,3404.0,118.0
2025-06-02 16:08:00+00:00,3401.10009765625,3403.199951171875,3400.89990234375,3403.199951171875,150.0
2025-06-02 16:09:00+00:00,3401.60009765625,3401.89990234375,3400.5,3401.0,163.0
2025-06-02 16:10:00+00:00,3400.300048828125,3401.89990234375,3400.300048828125,3401.5,94.0
2025-06-02 16:11:00+00:00,3400.699951171875,3401.0,3400.199951171875,3400.39990234375,42.0
2025-06-02 16:12:00+00:00,3399.39990234375,3400.800048828125,3399.300048828125,3400.699951171875,92.0
2025-06-02 16:13:00+00:00,3397.300048828125,3399.39990234375,3397.300048828125,3399.199951171875,207.0
2025-06-02 16:14:00+00:00,3397.89990234375,3398.300048828125,3396.10009765625,3397.5,307.0
2025-06-02 16:15:00+00:00,3397.800048828125,3398.5,3397.5,3397.60009765625,140.0
2025-06-02 16:16:00+00:00,3397.5,3397.89990234375,3397.199951171875,3397.800048828125,47.0
2025-06-02 16:17:00+00:00,3397.89990234375,3398.300048828125,3397.699951171875,3397.89990234375,52.0
2025-06-02 16:18:00+00:00,3397.89990234375,3398.199951171875,3397.5,3397.89990234375,54.0
2025-06-02 16:19:00+00:00,3397.60009765625,3398.39990234375,3397.5,3397.800048828125,44.0
2025-06-02 16:20:00+00:00,3396.199951171875,3397.60009765625,3370.0,3397.60009765625,140.0
2025-06-02 16:21:00+00:00,3396.199951171875,3396.300048828125,3369.89990234375,3396.10009765625,100.0
2025-06-02 16:22:00+00:00,3396.10009765625,3396.10009765625,3395.60009765625,3396.0,56.0
2025-06-02 16:23:00+00:00,3396.0,3396.5,3395.5,3396.199951171875,99.0
2025-06-02 16:24:00+00:00,3396.60009765625,3396.800048828125,3395.800048828125,3395.89990234375,73.0
2025-06-02 16:25:00+00:00,3397.39990234375,3397.60009765625,3396.5,3396.60009765625,87.0
2025-06-02 16:26:00+00:00,3397.60009765625,3397.699951171875,3397.10009765625,3397.10009765625,78.0
2025-06-02 16:27:00+00:00,3397.699951171875,3398.0,3397.39990234375,3397.699951171875,63.0
2025-06-02 16:28:00+00:00,3399.0,3399.0,3396.699951171875,3397.5,230.0
2025-06-02 16:29:00+00:00,3398.39990234375,3399.0,3398.39990234375,3399.0,47.0
2025-06-02 16:30:00+00:00,3398.5,3398.800048828125,3398.10009765625,3398.60009765625,53.0
2025-06-02 16:31:00+00:00,3398.699951171875,3398.800048828125,3398.39990234375,3398.5,28.0
2025-06-02 16:32:00+00:00,3399.60009765625,3399.800048828125,3398.89990234375,3398.89990234375,154.0
2025-06-02 16:33:00+00:00,3400.10009765625,3400.5,3399.300048828125,3399.5,112.0
2025-06-02 16:34:00+00:00,3399.699951171875,3400.5,3399.699951171875,3400.300048828125,55.0
2025-06-02 16:35:00+00:00,3399.5,3400.39990234375,3399.39990234375,3400.0,61.0
2025-06-02 16:36:00+00:00,3399.89990234375,3400.0,3399.199951171875,3399.699951171875,74.0
2025-06-02 16:37:00+00:00,3398.300048828125,3400.300048828125,3398.199951171875,3399.89990234375,165.0
2025-06-02 16:38:00+00:00,3399.199951171875,3399.5,3398.199951171875,3398.199951171875,96.0
2025-06-02 16:39:00+00:00,3399.10009765625,3399.60009765625,3398.800048828125,3399.10009765625,89.0
2025-06-02 16:40:00+00:00,3398.89990234375,3399.39990234375,3398.699951171875,3398.89990234375,76.0
2025-06-02 16:41:00+00:00,3397.699951171875,3398.89990234375,3396.89990234375,3398.89990234375,206.0
2025-06-02 16:42:00+00:00,3397.60009765625,3398.199951171875,3397.5,3397.89990234375,64.0
2025-06-02 16:43:00+00:00,3396.39990234375,3397.5,3396.300048828125,3397.5,68.0
2025-06-02 16:44:00+00:00,3395.800048828125,3396.300048828125,3394.300048828125,3396.10009765625,488.0
2025-06-02 16:45:00+00:00,3396.800048828125,3397.300048828125,3395.60009765625,3395.699951171875,145.0
2025-06-02 16:46:00+00:00,3397.199951171875,3397.300048828125,3395.39990234375,3396.800048828125,149.0
2025-06-02 16:47:00+00:00,3398.0,3398.10009765625,3397.199951171875,3397.39990234375,98.0
2025-06-02 16:48:00+00:00,3397.699951171875,3397.89990234375,3397.0,3397.89990234375,59.0
2025-06-02 16:49:00+00:00,3396.39990234375,3398.0,3396.10009765625,3398.0,95.0
2025-06-02 16:50:00+00:00,3395.5,3396.89990234375,3395.39990234375,3396.39990234375,71.0
2025-06-02 16:51:00+00:00,3396.0,3396.39990234375,3395.5,3395.5,39.0
2025-06-02 16:52:00+00:00,3395.10009765625,3396.60009765625,3394.800048828125,3396.199951171875,84.0
2025-06-02 16:53:00+00:00,3395.0,3395.10009765625,3394.300048828125,3395.0,102.0
2025-06-02 16:54:00+00:00,3394.800048828125,3395.199951171875,3394.39990234375,3395.199951171875,116.0
2025-06-02 16:55:00+00:00,3395.0,3395.300048828125,3394.5,3394.699951171875,112.0
2025-06-02 16:56:00+00:00,3395.300048828125,3395.5,3394.699951171875,3394.89990234375,55.0
2025-06-02 16:57:00+00:00,3396.60009765625,3396.60009765625,3395.199951171875,3395.300048828125,56.0
2025-06-02 16:58:00+00:00,3397.10009765625,3397.10009765625,3396.199951171875,3396.60009765625,75.0
2025-06-02 16:59:00+00:00,3396.89990234375,3397.39990234375,3396.699951171875,3397.10009765625,160.0
2025-06-02 17:00:00+00:00,3397.699951171875,3397.699951171875,3396.699951171875,3396.89990234375,71.0
2025-06-02 17:01:00+00:00,3398.199951171875,3398.300048828125,3397.5,3397.60009765625,96.0
2025-06-02 17:02:00+00:00,3398.5,3398.89990234375,3398.0,3398.10009765625,215.0
2025-06-02 17:03:00+00:00,3398.300048828125,3398.5,3397.300048828125,3398.39990234375,123.0
2025-06-02 17:04:00+00:00,3399.5,3399.699951171875,3398.199951171875,3398.300048828125,240.0
2025-06-02 17:05:00+00:00,3399.800048828125,3400.10009765625,3399.39990234375,3399.39990234375,115.0
2025-06-02 17:06:00+00:00,3398.699951171875,3400.10009765625,3398.39990234375,3399.800048828125,92.0
2025-06-02 17:07:00+00:00,3399.300048828125,3399.5,3398.800048828125,3398.800048828125,66.0
2025-06-02 17:08:00+00:00,3400.0,3400.0,3399.0,3399.300048828125,57.0
2025-06-02 17:09:00+00:00,3399.39990234375,3400.300048828125,3398.699951171875,3399.800048828125,137.0
2025-06-02 17:10:00+00:00,3399.60009765625,3399.800048828125,3399.10009765625,3399.199951171875,165.0
2025-06-02 17:11:00+00:00,3400.199951171875,3400.199951171875,3399.10009765625,3399.60009765625,42.0
2025-06-02 17:12:00+00:00,3400.60009765625,3400.60009765625,3400.0,3400.300048828125,137.0
2025-06-02 17:13:00+00:00,3400.89990234375,3400.89990234375,3399.89990234375,3400.60009765625,104.0
2025-06-02 17:14:00+00:00,3400.10009765625,3400.89990234375,3399.300048828125,3400.699951171875,143.0
2025-06-02 17:15:00+00:00,3398.199951171875,3400.10009765625,3398.0,3400.0,216.0
2025-06-02 17:16:00+00:00,3398.300048828125,3398.89990234375,3397.89990234375,3398.10009765625,103.0
2025-06-02 17:17:00+00:00,3398.0,3398.699951171875,3397.60009765625,3398.5,119.0
2025-06-02 17:18:00+00:00,3398.699951171875,3399.199951171875,3397.89990234375,3398.199951171875,167.0
2025-06-02 17:19:00+00:00,3399.0,3399.199951171875,3398.300048828125,3398.5,93.0
2025-06-02 17:20:00+00:00,3398.60009765625,3399.0,3398.0,3398.89990234375,146.0
2025-06-02 17:21:00+00:00,3398.60009765625,3399.0,3398.300048828125,3398.60009765625,70.0
2025-06-02 17:22:00+00:00,3399.60009765625,3399.60009765625,3398.5,3398.699951171875,56.0
2025-06-02 17:23:00+00:00,3400.39990234375,3400.699951171875,3399.39990234375,3399.699951171875,134.0
2025-06-02 17:24:00+00:00,3398.5,3400.300048828125,3398.10009765625,3400.300048828125,167.0
2025-06-02 17:25:00+00:00,3398.300048828125,3398.89990234375,3397.800048828125,3398.39990234375,117.0
2025-06-02 17:26:00+00:00,3397.199951171875,3398.60009765625,3396.800048828125,3398.10009765625,140.0
2025-06-02 17:27:00+00:00,3397.89990234375,3398.0,3397.10009765625,3397.10009765625,124.0
2025-06-02 17:28:00+00:00,3397.0,3397.89990234375,3369.89990234375,3397.89990234375,355.0
2025-06-02 17:29:00+00:00,3397.300048828125,3397.699951171875,3396.39990234375,3397.0,1372.0
2025-06-02 17:30:00+00:00,3398.10009765625,3398.39990234375,3397.10009765625,3397.199951171875,323.0
2025-06-02 17:31:00+00:00,3399.699951171875,3400.0,3398.0,3398.199951171875,239.0
2025-06-02 17:32:00+00:00,3399.699951171875,3400.199951171875,3399.300048828125,3399.89990234375,68.0
2025-06-02 17:33:00+00:00,3399.39990234375,3399.699951171875,3399.199951171875,3399.699951171875,52.0
2025-06-02 17:34:00+00:00,3399.0,3399.60009765625,3399.0,3399.300048828125,36.0
2025-06-02 17:35:00+00:00,3398.39990234375,3399.199951171875,3398.300048828125,3399.199951171875,60.0
2025-06-02 17:36:00+00:00,3398.0,3398.699951171875,3397.699951171875,3398.60009765625,61.0
2025-06-02 17:37:00+00:00,3398.0,3398.300048828125,3397.5,3397.89990234375,43.0
2025-06-02 17:38:00+00:00,3398.10009765625,3398.199951171875,3397.699951171875,3397.89990234375,41.0
2025-06-02 17:39:00+00:00,3398.39990234375,3398.5,3397.89990234375,3398.199951171875,49.0
2025-06-02 17:40:00+00:00,3399.10009765625,3399.300048828125,3398.300048828125,3398.300048828125,98.0
2025-06-02 17:41:00+00:00,3399.0,3399.300048828125,3398.89990234375,3399.0,81.0
2025-06-02 17:42:00+00:00,3399.89990234375,3399.89990234375,3399.199951171875,3399.199951171875,34.0
2025-06-02 17:43:00+00:00,3399.800048828125,3400.0,3399.5,3400.0,81.0
2025-06-02 17:44:00+00:00,3399.800048828125,3399.89990234375,3399.39990234375,3399.60009765625,28.0
2025-06-02 17:45:00+00:00,3400.0,3400.199951171875,3399.60009765625,3399.800048828125,43.0
2025-06-02 17:46:00+00:00,3400.39990234375,3400.60009765625,3399.699951171875,3400.10009765625,71.0
2025-06-02 17:47:00+00:00,3400.39990234375,3400.699951171875,3400.199951171875,3400.39990234375,61.0
2025-06-02 17:48:00+00:00,3400.89990234375,3400.89990234375,3400.300048828125,3400.5,71.0
2025-06-02 17:49:00+00:00,3399.89990234375,3400.89990234375,3399.699951171875,3400.800048828125,145.0
2025-06-02 17:50:00+00:00,3399.199951171875,3400.0,3399.10009765625,3400.0,209.0
2025-06-02 17:51:00+00:00,3398.699951171875,3399.5,3398.699951171875,3399.10009765625,72.0
2025-06-02 17:52:00+00:00,3398.89990234375,3399.0,3398.5,3398.800048828125,70.0
2025-06-02 17:53:00+00:00,3398.60009765625,3398.699951171875,3398.300048828125,3398.699951171875,28.0
2025-06-02 17:54:00+00:00,3398.60009765625,3398.89990234375,3398.10009765625,3398.39990234375,65.0
2025-06-02 17:55:00+00:00,3398.800048828125,3399.0,3398.60009765625,3398.800048828125,21.0
2025-06-02 17:56:00+00:00,3398.39990234375,3398.800048828125,3398.300048828125,3398.800048828125,13.0
2025-06-02 17:57:00+00:00,3398.60009765625,3398.89990234375,3398.39990234375,3398.39990234375,21.0
2025-06-02 17:58:00+00:00,3398.699951171875,3398.89990234375,3398.300048828125,3398.89990234375,40.0
2025-06-02 17:59:00+00:00,3399.199951171875,3399.699951171875,3398.60009765625,3398.60009765625,93.0
2025-06-02 18:00:00+00:00,3398.199951171875,3399.39990234375,3398.10009765625,3399.39990234375,78.0
2025-06-02 18:01:00+00:00,3397.89990234375,3398.5,3397.699951171875,3398.199951171875,84.0
2025-06-02 18:02:00+00:00,3397.699951171875,3398.39990234375,3396.10009765625,3397.800048828125,340.0
2025-06-02 18:03:00+00:00,3396.800048828125,3397.60009765625,3396.800048828125,3397.60009765625,64.0
2025-06-02 18:04:00+00:00,3397.89990234375,3398.0,3396.60009765625,3396.89990234375,101.0
2025-06-02 18:05:00+00:00,3397.800048828125,3398.39990234375,3397.5,3397.699951171875,120.0
2025-06-02 18:06:00+00:00,3398.800048828125,3399.0,3397.800048828125,3398.10009765625,99.0
2025-06-02 18:07:00+00:00,3398.300048828125,3398.89990234375,3397.89990234375,3398.699951171875,64.0
2025-06-02 18:08:00+00:00,3398.5,3398.60009765625,3397.89990234375,3398.39990234375,34.0
2025-06-02 18:09:00+00:00,3398.10009765625,3399.300048828125,3398.10009765625,3398.60009765625,98.0
2025-06-02 18:10:00+00:00,3398.39990234375,3398.5,3397.699951171875,3398.300048828125,78.0
2025-06-02 18:11:00+00:00,3397.800048828125,3398.199951171875,3397.699951171875,3398.199951171875,54.0
2025-06-02 18:12:00+00:00,3398.89990234375,3399.199951171875,3397.89990234375,3397.89990234375,57.0
2025-06-02 18:13:00+00:00,3398.89990234375,3399.300048828125,3398.800048828125,3399.300048828125,48.0
2025-06-02 18:14:00+00:00,3398.5,3398.89990234375,3397.89990234375,3398.89990234375,58.0
2025-06-02 18:15:00+00:00,3397.5,3398.5,3396.699951171875,3398.5,109.0
2025-06-02 18:16:00+00:00,3397.39990234375,3397.800048828125,3397.10009765625,3397.60009765625,55.0
2025-06-02 18:17:00+00:00,3397.699951171875,3397.699951171875,3397.300048828125,3397.39990234375,47.0
2025-06-02 18:18:00+00:00,3397.699951171875,3397.89990234375,3397.5,3397.699951171875,76.0
2025-06-02 18:19:00+00:00,3398.0,3398.39990234375,3397.60009765625,3397.60009765625,192.0
2025-06-02 18:20:00+00:00,3397.199951171875,3398.10009765625,3397.10009765625,3398.0,80.0
2025-06-02 18:21:00+00:00,3397.5,3397.60009765625,3397.0,3397.10009765625,35.0
2025-06-02 18:22:00+00:00,3396.5,3397.699951171875,3396.199951171875,3397.39990234375,118.0
2025-06-02 18:23:00+00:00,3395.800048828125,3396.39990234375,3395.800048828125,3396.39990234375,84.0
2025-06-02 18:24:00+00:00,3397.0,3397.0,3395.800048828125,3396.0,177.0
2025-06-02 18:25:00+00:00,3396.699951171875,3397.300048828125,3396.5,3397.0,39.0
2025-06-02 18:26:00+00:00,3396.199951171875,3396.89990234375,3395.800048828125,3396.699951171875,46.0
2025-06-02 18:27:00+00:00,3396.5,3396.60009765625,3396.0,3396.199951171875,45.0
2025-06-02 18:28:00+00:00,3396.89990234375,3397.0,3396.5,3396.60009765625,42.0
2025-06-02 18:29:00+00:00,3397.10009765625,3397.300048828125,3396.800048828125,3397.10009765625,84.0
2025-06-02 18:30:00+00:00,3396.89990234375,3397.199951171875,3396.699951171875,3397.10009765625,53.0
2025-06-02 18:31:00+00:00,3397.199951171875,3397.60009765625,3397.0,3397.0,69.0
2025-06-02 18:32:00+00:00,3397.0,3397.60009765625,3397.0,3397.39990234375,31.0
2025-06-02 18:33:00+00:00,3397.0,3397.5,3396.800048828125,3396.800048828125,57.0
2025-06-02 18:34:00+00:00,3396.60009765625,3397.10009765625,3396.300048828125,3397.0,117.0
2025-06-02 18:35:00+00:00,3397.300048828125,3397.39990234375,3396.800048828125,3396.800048828125,53.0
2025-06-02 18:36:00+00:00,3398.0,3398.0,3371.5,3397.300048828125,59.0
2025-06-02 18:37:00+00:00,3398.0,3398.39990234375,3397.800048828125,3398.0,69.0
2025-06-02 18:38:00+00:00,3398.0,3398.10009765625,3397.39990234375,3398.0,41.0
2025-06-02 18:39:00+00:00,3400.60009765625,3401.0,3398.199951171875,3398.300048828125,733.0
2025-06-02 18:40:00+00:00,3401.89990234375,3402.199951171875,3400.199951171875,3400.60009765625,527.0
2025-06-02 18:41:00+00:00,3401.800048828125,3402.300048828125,3401.39990234375,3401.89990234375,276.0
2025-06-02 18:42:00+00:00,3402.199951171875,3402.699951171875,3401.699951171875,3401.800048828125,184.0
2025-06-02 18:43:00+00:00,3402.10009765625,3402.39990234375,3401.800048828125,3402.10009765625,62.0
2025-06-02 18:44:00+00:00,3402.39990234375,3402.800048828125,3401.60009765625,3402.0,137.0
2025-06-02 18:45:00+00:00,3402.39990234375,3402.800048828125,3402.10009765625,3402.39990234375,100.0
2025-06-02 18:46:00+00:00,3403.0,3403.0,3402.5,3402.5,103.0
2025-06-02 18:47:00+00:00,3403.0,3403.199951171875,3402.800048828125,3403.0,79.0
2025-06-02 18:48:00+00:00,3402.5,3403.10009765625,3402.39990234375,3403.0,180.0
2025-06-02 18:49:00+00:00,3402.199951171875,3402.5,3402.10009765625,3402.5,108.0
2025-06-02 18:50:00+00:00,3403.300048828125,3403.300048828125,3402.199951171875,3402.300048828125,121.0
2025-06-02 18:53:00+00:00,3403.39990234375,3403.39990234375,3403.0,3403.199951171875,230.0
2025-06-02 18:54:00+00:00,3404.800048828125,3405.10009765625,3403.39990234375,3403.5,286.0
2025-06-02 18:55:00+00:00,3405.10009765625,3405.39990234375,3404.5,3404.89990234375,230.0
2025-06-02 18:56:00+00:00,3404.60009765625,3405.0,3378.199951171875,3405.0,105.0
2025-06-02 18:57:00+00:00,3404.699951171875,3404.89990234375,3404.0,3404.60009765625,155.0
2025-06-02 18:58:00+00:00,3404.300048828125,3404.60009765625,3404.300048828125,3404.5,103.0
2025-06-02 18:59:00+00:00,3404.39990234375,3404.699951171875,3378.0,3404.39990234375,102.0
2025-06-02 19:00:00+00:00,3404.0,3404.800048828125,3404.0,3404.300048828125,118.0
2025-06-02 19:01:00+00:00,3404.699951171875,3405.0,3404.199951171875,3404.300048828125,188.0
2025-06-02 19:02:00+00:00,3403.0,3404.699951171875,3403.0,3404.60009765625,160.0
2025-06-02 19:03:00+00:00,3403.300048828125,3403.699951171875,3403.0,3403.199951171875,81.0
2025-06-02 19:04:00+00:00,3403.800048828125,3404.0,3403.0,3403.199951171875,51.0
2025-06-02 19:05:00+00:00,3404.0,3404.199951171875,3377.39990234375,3377.39990234375,30.0
2025-06-02 19:06:00+00:00,3404.5,3404.5,3403.89990234375,3403.89990234375,30.0
2025-06-02 19:07:00+00:00,3404.199951171875,3404.39990234375,3403.89990234375,3404.39990234375,40.0
2025-06-02 19:08:00+00:00,3404.699951171875,3405.0,3404.5,3404.60009765625,58.0
2025-06-02 19:09:00+00:00,3405.10009765625,3405.699951171875,3404.699951171875,3404.699951171875,98.0
2025-06-02 19:10:00+00:00,3405.300048828125,3405.39990234375,3404.800048828125,3405.0,93.0
2025-06-02 19:11:00+00:00,3405.10009765625,3405.300048828125,3404.5,3405.300048828125,41.0
2025-06-02 19:12:00+00:00,3405.10009765625,3405.300048828125,3404.800048828125,3405.300048828125,23.0
2025-06-02 19:13:00+00:00,3404.60009765625,3405.10009765625,3404.60009765625,3405.0,18.0
2025-06-02 19:14:00+00:00,3404.60009765625,3405.199951171875,3404.5,3404.5,54.0
2025-06-02 19:15:00+00:00,3404.89990234375,3405.300048828125,3404.800048828125,3404.800048828125,38.0
2025-06-02 19:16:00+00:00,3404.60009765625,3404.800048828125,3404.39990234375,3404.800048828125,43.0
2025-06-02 19:17:00+00:00,3405.0,3405.39990234375,3404.699951171875,3404.699951171875,49.0
2025-06-02 19:18:00+00:00,3405.0,3405.0,3404.800048828125,3405.0,16.0
2025-06-02 19:19:00+00:00,3405.10009765625,3405.10009765625,3404.699951171875,3404.89990234375,26.0
2025-06-02 19:20:00+00:00,3404.60009765625,3405.300048828125,3404.300048828125,3405.0,41.0
2025-06-02 19:21:00+00:00,3405.10009765625,3405.10009765625,3404.5,3404.60009765625,16.0
2025-06-02 19:22:00+00:00,3404.800048828125,3404.89990234375,3404.5,3404.800048828125,33.0
2025-06-02 19:23:00+00:00,3404.800048828125,3405.10009765625,3404.800048828125,3405.0,39.0
2025-06-02 19:24:00+00:00,3404.60009765625,3404.89990234375,3404.300048828125,3404.89990234375,37.0
2025-06-02 19:25:00+00:00,3404.89990234375,3404.89990234375,3404.300048828125,3404.300048828125,35.0
2025-06-02 19:26:00+00:00,3404.800048828125,3404.89990234375,3404.5,3404.5,29.0
2025-06-02 19:27:00+00:00,3404.800048828125,3404.89990234375,3404.60009765625,3404.89990234375,21.0
2025-06-02 19:28:00+00:00,3404.60009765625,3404.800048828125,3404.5,3404.60009765625,16.0
2025-06-02 19:29:00+00:00,3403.699951171875,3404.5,3403.699951171875,3404.39990234375,91.0
2025-06-02 19:30:00+00:00,3403.39990234375,3404.0,3403.300048828125,3404.0,89.0
2025-06-02 19:31:00+00:00,3403.800048828125,3404.0,3377.199951171875,3403.39990234375,81.0
2025-06-02 19:32:00+00:00,3404.300048828125,3404.5,3403.60009765625,3403.800048828125,67.0
2025-06-02 19:33:00+00:00,3404.60009765625,3405.0,3404.300048828125,3404.39990234375,36.0
2025-06-02 19:34:00+00:00,3404.699951171875,3404.800048828125,3404.10009765625,3404.60009765625,91.0
2025-06-02 19:35:00+00:00,3404.0,3404.699951171875,3404.0,3404.60009765625,68.0
2025-06-02 19:36:00+00:00,3404.5,3404.699951171875,3404.0,3404.0,32.0
2025-06-02 19:37:00+00:00,3404.5,3404.800048828125,3404.5,3404.60009765625,26.0
2025-06-02 19:38:00+00:00,3404.800048828125,3405.0,3404.60009765625,3404.60009765625,50.0
2025-06-02 19:39:00+00:00,3405.10009765625,3405.300048828125,3405.0,3405.0,41.0
2025-06-02 19:40:00+00:00,3405.60009765625,3405.699951171875,3405.0,3405.10009765625,62.0
2025-06-02 19:41:00+00:00,3405.60009765625,3405.699951171875,3405.10009765625,3405.60009765625,31.0
2025-06-02 19:42:00+00:00,3405.300048828125,3405.60009765625,3404.89990234375,3405.60009765625,65.0
2025-06-02 19:43:00+00:00,3405.300048828125,3405.5,3405.0,3405.300048828125,43.0
2025-06-02 19:44:00+00:00,3405.39990234375,3405.699951171875,3405.199951171875,3405.300048828125,29.0
2025-06-02 19:45:00+00:00,3405.10009765625,3405.89990234375,3405.0,3405.5,117.0
2025-06-02 19:46:00+00:00,3405.5,3405.5,3379.0,3405.10009765625,58.0
2025-06-02 19:47:00+00:00,3405.800048828125,3405.800048828125,3405.39990234375,3405.5,145.0
2025-06-02 19:48:00+00:00,3405.60009765625,3405.699951171875,3405.10009765625,3405.699951171875,83.0
2025-06-02 19:49:00+00:00,3405.39990234375,3405.800048828125,3405.199951171875,3405.699951171875,31.0
2025-06-02 19:50:00+00:00,3405.39990234375,3405.5,3405.10009765625,3405.199951171875,58.0
2025-06-02 19:51:00+00:00,3405.60009765625,3405.60009765625,3404.89990234375,3405.39990234375,78.0
2025-06-02 19:52:00+00:00,3407.0,3407.10009765625,3405.5,3405.5,308.0
2025-06-02 19:53:00+00:00,3407.199951171875,3407.300048828125,3406.300048828125,3407.10009765625,133.0
2025-06-02 19:54:00+00:00,3406.60009765625,3407.199951171875,3406.60009765625,3407.199951171875,107.0
2025-06-02 19:55:00+00:00,3406.0,3406.800048828125,3405.89990234375,3406.5,155.0
2025-06-02 19:56:00+00:00,3406.300048828125,3406.5,3405.89990234375,3405.89990234375,34.0
2025-06-02 19:57:00+00:00,3406.10009765625,3406.5,3405.89990234375,3406.199951171875,39.0
2025-06-02 19:58:00+00:00,3407.0,3407.300048828125,3406.199951171875,3406.199951171875,94.0
2025-06-02 19:59:00+00:00,3406.300048828125,3407.300048828125,3406.300048828125,3407.10009765625,96.0
2025-06-02 20:00:00+00:00,3405.699951171875,3406.800048828125,3405.699951171875,3406.300048828125,173.0
2025-06-02 20:01:00+00:00,3405.300048828125,3405.800048828125,3404.89990234375,3405.800048828125,78.0
2025-06-02 20:02:00+00:00,3406.199951171875,3406.199951171875,3405.5,3405.5,37.0
2025-06-02 20:03:00+00:00,3406.199951171875,3406.39990234375,3379.800048828125,3406.300048828125,38.0
2025-06-02 20:04:00+00:00,3406.5,3406.800048828125,3380.10009765625,3406.300048828125,49.0
2025-06-02 20:05:00+00:00,3406.0,3406.5,3379.10009765625,3406.5,160.0
2025-06-02 20:06:00+00:00,3403.89990234375,3406.0,3403.60009765625,3406.0,340.0
2025-06-02 20:07:00+00:00,3404.60009765625,3404.699951171875,3403.300048828125,3403.800048828125,131.0
2025-06-02 20:08:00+00:00,3404.5,3404.699951171875,3404.300048828125,3404.699951171875,43.0
2025-06-02 20:09:00+00:00,3405.199951171875,3405.300048828125,3404.5,3404.800048828125,44.0
2025-06-02 20:10:00+00:00,3404.89990234375,3405.39990234375,3404.60009765625,3405.300048828125,49.0
2025-06-02 20:11:00+00:00,3404.89990234375,3404.89990234375,3404.300048828125,3404.800048828125,76.0
2025-06-02 20:12:00+00:00,3404.60009765625,3405.0,3404.60009765625,3404.60009765625,21.0
2025-06-02 20:13:00+00:00,3404.89990234375,3405.10009765625,3404.300048828125,3404.60009765625,90.0
2025-06-02 20:14:00+00:00,3405.199951171875,3405.300048828125,3404.60009765625,3404.800048828125,97.0
2025-06-02 20:15:00+00:00,3405.699951171875,3405.89990234375,3405.199951171875,3405.199951171875,37.0
2025-06-02 20:16:00+00:00,3405.699951171875,3405.89990234375,3405.699951171875,3405.699951171875,15.0
2025-06-02 20:17:00+00:00,3406.5,3406.5,3406.0,3406.199951171875,41.0
2025-06-02 20:18:00+00:00,3406.0,3406.699951171875,3406.0,3406.300048828125,58.0
2025-06-02 20:19:00+00:00,3406.5,3406.5,3406.0,3406.0,12.0
2025-06-02 20:20:00+00:00,3406.5,3406.699951171875,3406.300048828125,3406.5,12.0
2025-06-02 20:21:00+00:00,3406.39990234375,3406.5,3406.300048828125,3406.5,11.0
2025-06-02 20:22:00+00:00,3406.800048828125,3406.800048828125,3406.39990234375,3406.39990234375,15.0
2025-06-02 20:23:00+00:00,3406.699951171875,3406.699951171875,3406.60009765625,3406.699951171875,3.0
2025-06-02 20:24:00+00:00,3406.60009765625,3407.0,3406.60009765625,3406.699951171875,31.0
2025-06-02 20:25:00+00:00,3406.699951171875,3406.89990234375,3406.699951171875,3406.800048828125,23.0
2025-06-02 20:26:00+00:00,3406.699951171875,3406.89990234375,3406.60009765625,3406.800048828125,14.0
2025-06-02 20:27:00+00:00,3406.0,3406.60009765625,3405.89990234375,3406.60009765625,91.0
2025-06-02 20:28:00+00:00,3405.60009765625,3406.10009765625,3405.60009765625,3406.0,44.0
2025-06-02 20:29:00+00:00,3405.0,3405.60009765625,3404.89990234375,3405.60009765625,82.0
2025-06-02 20:30:00+00:00,3404.5,3405.39990234375,3404.0,3404.89990234375,98.0
2025-06-02 20:31:00+00:00,3404.5,3404.800048828125,3404.39990234375,3404.699951171875,34.0
2025-06-02 20:32:00+00:00,3405.5,3405.5,3404.699951171875,3404.699951171875,40.0
2025-06-02 20:33:00+00:00,3405.39990234375,3405.5,3405.0,3405.199951171875,18.0
2025-06-02 20:34:00+00:00,3405.0,3405.199951171875,3405.0,3405.199951171875,7.0
2025-06-02 20:35:00+00:00,3404.60009765625,3405.10009765625,3404.60009765625,3404.89990234375,22.0
2025-06-02 20:36:00+00:00,3405.199951171875,3405.199951171875,3404.699951171875,3404.699951171875,20.0
2025-06-02 20:37:00+00:00,3405.10009765625,3405.199951171875,3404.60009765625,3405.10009765625,53.0
2025-06-02 20:38:00+00:00,3405.5,3405.5,3405.0,3405.0,35.0
2025-06-02 20:39:00+00:00,3405.39990234375,3405.699951171875,3405.39990234375,3405.39990234375,25.0
2025-06-02 20:40:00+00:00,3405.199951171875,3405.699951171875,3405.199951171875,3405.5,20.0
2025-06-02 20:41:00+00:00,3405.199951171875,3405.39990234375,3405.10009765625,3405.300048828125,15.0
2025-06-02 20:42:00+00:00,3405.89990234375,3405.89990234375,3405.0,3405.10009765625,65.0
2025-06-02 20:43:00+00:00,3406.0,3406.10009765625,3405.5,3405.699951171875,94.0
2025-06-02 20:44:00+00:00,3405.800048828125,3406.10009765625,3405.199951171875,3406.10009765625,54.0
2025-06-02 20:45:00+00:00,3406.10009765625,3406.300048828125,3405.300048828125,3405.60009765625,54.0
2025-06-02 20:46:00+00:00,3407.300048828125,3407.60009765625,3405.800048828125,3406.0,110.0
2025-06-02 20:47:00+00:00,3406.89990234375,3408.10009765625,3406.699951171875,3407.5,166.0
2025-06-02 20:48:00+00:00,3407.199951171875,3407.300048828125,3406.800048828125,3406.89990234375,70.0
2025-06-02 20:49:00+00:00,3407.199951171875,3407.60009765625,3407.10009765625,3407.39990234375,43.0
2025-06-02 20:50:00+00:00,3407.10009765625,3407.300048828125,3406.5,3407.0,143.0
2025-06-02 20:51:00+00:00,3380.800048828125,3407.10009765625,3380.800048828125,3407.0,0.0
2025-06-02 20:52:00+00:00,3407.39990234375,3407.39990234375,3406.89990234375,3406.89990234375,174611.0
2025-06-02 20:53:00+00:00,3407.800048828125,3408.0,3407.5,3407.5,40.0
2025-06-02 20:54:00+00:00,3407.699951171875,3407.89990234375,3407.60009765625,3407.699951171875,79.0
2025-06-02 20:55:00+00:00,3407.300048828125,3407.800048828125,3407.300048828125,3407.699951171875,35.0
2025-06-02 20:56:00+00:00,3407.300048828125,3407.300048828125,3407.0,3407.199951171875,20.0
2025-06-02 20:57:00+00:00,3406.89990234375,3407.300048828125,3406.60009765625,3407.300048828125,28.0
2025-06-02 20:58:00+00:00,3406.800048828125,3406.89990234375,3405.89990234375,3406.699951171875,76.0
2025-06-02 20:59:00+00:00,3406.39990234375,3406.89990234375,3406.300048828125,3406.800048828125,43.0
2025-06-02 22:00:00+00:00,3409.699951171875,3411.0,3406.5,3406.5,0.0
2025-06-02 22:01:00+00:00,3409.39990234375,3410.0,3408.39990234375,3408.89990234375,236.0
2025-06-02 22:02:00+00:00,3410.60009765625,3411.300048828125,3409.199951171875,3409.60009765625,150.0
2025-06-02 22:03:00+00:00,3410.5,3411.300048828125,3410.0,3410.699951171875,150.0
2025-06-02 22:04:00+00:00,3410.0,3410.699951171875,3409.60009765625,3410.300048828125,85.0
2025-06-02 22:05:00+00:00,3408.60009765625,3410.0,3408.300048828125,3409.89990234375,93.0
2025-06-02 22:06:00+00:00,3408.199951171875,3408.89990234375,3408.0,3408.199951171875,50.0
2025-06-02 22:07:00+00:00,3410.199951171875,3410.199951171875,3408.60009765625,3408.60009765625,28.0
2025-06-02 22:08:00+00:00,3409.699951171875,3410.699951171875,3409.699951171875,3410.5,56.0
2025-06-02 22:09:00+00:00,3410.39990234375,3410.39990234375,3409.5,3409.60009765625,47.0
2025-06-02 22:10:00+00:00,3409.5,3410.89990234375,3409.300048828125,3410.5,64.0
2025-06-02 22:11:00+00:00,3411.60009765625,3411.699951171875,3409.699951171875,3409.699951171875,75.0
2025-06-02 22:12:00+00:00,3411.60009765625,3411.60009765625,3411.0,3411.199951171875,41.0
2025-06-02 22:13:00+00:00,3410.39990234375,3411.199951171875,3410.39990234375,3411.199951171875,38.0
2025-06-02 22:14:00+00:00,3411.199951171875,3411.89990234375,3410.39990234375,3410.39990234375,55.0
2025-06-02 22:15:00+00:00,3410.60009765625,3411.60009765625,3410.39990234375,3411.199951171875,31.0
2025-06-02 22:16:00+00:00,3410.60009765625,3410.89990234375,3410.60009765625,3410.699951171875,12.0
2025-06-02 22:17:00+00:00,3412.300048828125,3413.5,3385.10009765625,3410.800048828125,211.0
2025-06-02 22:18:00+00:00,3412.300048828125,3412.60009765625,3411.800048828125,3412.5,58.0
2025-06-02 22:19:00+00:00,3413.0,3413.300048828125,3412.0,3412.0,48.0
2025-06-02 22:20:00+00:00,3413.89990234375,3414.10009765625,3412.800048828125,3413.0,105.0
2025-06-02 22:21:00+00:00,3413.89990234375,3415.89990234375,3413.5,3413.800048828125,290.0
2025-06-02 22:22:00+00:00,3414.89990234375,3415.60009765625,3414.10009765625,3414.10009765625,87.0
2025-06-02 22:23:00+00:00,3413.300048828125,3415.0,3412.39990234375,3414.60009765625,273.0
2025-06-02 22:24:00+00:00,3413.0,3413.699951171875,3412.5,3413.300048828125,54.0
2025-06-02 22:25:00+00:00,3415.199951171875,3415.39990234375,3388.800048828125,3413.300048828125,171.0
2025-06-02 22:26:00+00:00,3415.5,3416.5,3389.10009765625,3415.199951171875,183.0
2025-06-02 22:27:00+00:00,3416.0,3416.60009765625,3415.5,3415.60009765625,166.0
2025-06-02 22:28:00+00:00,3414.89990234375,3416.199951171875,3413.800048828125,3416.0,96.0
2025-06-02 22:29:00+00:00,3414.699951171875,3415.300048828125,3414.300048828125,3414.800048828125,67.0
2025-06-02 22:30:00+00:00,3414.300048828125,3414.800048828125,3413.699951171875,3414.60009765625,65.0
2025-06-02 22:31:00+00:00,3413.699951171875,3414.5,3413.60009765625,3414.0,43.0
2025-06-02 22:32:00+00:00,3413.699951171875,3414.199951171875,3413.0,3413.39990234375,47.0
2025-06-02 22:33:00+00:00,3414.0,3414.0,3413.0,3413.800048828125,42.0
2025-06-02 22:34:00+00:00,3413.10009765625,3414.10009765625,3413.0,3414.10009765625,39.0
2025-06-02 22:35:00+00:00,3414.60009765625,3415.300048828125,3413.10009765625,3413.10009765625,107.0
2025-06-02 22:36:00+00:00,3414.300048828125,3414.699951171875,3414.0,3414.39990234375,14.0
2025-06-02 22:37:00+00:00,3413.800048828125,3414.199951171875,3413.5,3414.199951171875,26.0
2025-06-02 22:38:00+00:00,3413.699951171875,3414.10009765625,3413.5,3413.699951171875,13.0
2025-06-02 22:39:00+00:00,3414.0,3414.199951171875,3413.800048828125,3414.0,35.0
2025-06-02 22:40:00+00:00,3414.800048828125,3415.10009765625,3413.800048828125,3414.300048828125,29.0
2025-06-02 22:41:00+00:00,3415.39990234375,3415.60009765625,3414.60009765625,3414.60009765625,48.0
2025-06-02 22:42:00+00:00,3414.60009765625,3415.39990234375,3414.39990234375,3415.39990234375,23.0
2025-06-02 22:43:00+00:00,3413.39990234375,3414.300048828125,3413.39990234375,3414.199951171875,20.0
2025-06-02 22:44:00+00:00,3413.800048828125,3413.89990234375,3413.300048828125,3413.699951171875,18.0
2025-06-02 22:45:00+00:00,3413.699951171875,3414.39990234375,3413.60009765625,3413.60009765625,32.0
2025-06-02 22:46:00+00:00,3414.0,3414.39990234375,3413.60009765625,3413.60009765625,32.0
2025-06-02 22:47:00+00:00,3414.199951171875,3414.39990234375,3413.89990234375,3413.89990234375,7.0
2025-06-02 22:48:00+00:00,3414.300048828125,3414.60009765625,3414.10009765625,3414.300048828125,76.0
2025-06-02 22:49:00+00:00,3414.0,3414.199951171875,3414.0,3414.10009765625,11.0
2025-06-02 22:50:00+00:00,3413.89990234375,3414.39990234375,3413.699951171875,3414.300048828125,13.0
2025-06-02 22:51:00+00:00,3414.300048828125,3414.300048828125,3413.699951171875,3413.699951171875,6.0
2025-06-02 22:52:00+00:00,3414.10009765625,3414.199951171875,3414.0,3414.0,5.0
2025-06-02 22:53:00+00:00,3413.699951171875,3414.10009765625,3413.60009765625,3414.10009765625,11.0
2025-06-02 22:54:00+00:00,3414.0,3414.300048828125,3413.5,3413.5,22.0
2025-06-02 22:55:00+00:00,3414.199951171875,3414.300048828125,3413.800048828125,3413.800048828125,10.0
2025-06-02 22:56:00+00:00,3414.300048828125,3414.300048828125,3413.699951171875,3414.0,13.0
2025-06-02 22:57:00+00:00,3413.800048828125,3414.199951171875,3413.800048828125,3414.199951171875,9.0
2025-06-02 22:58:00+00:00,3414.800048828125,3414.800048828125,3414.0,3414.0,12.0
2025-06-02 22:59:00+00:00,3414.800048828125,3414.800048828125,3413.89990234375,3414.199951171875,26.0
2025-06-02 23:00:00+00:00,3414.10009765625,3415.39990234375,3413.89990234375,3414.800048828125,82.0
2025-06-02 23:01:00+00:00,3413.0,3414.10009765625,3413.0,3414.10009765625,66.0
2025-06-02 23:02:00+00:00,3413.10009765625,3413.60009765625,3413.0,3413.0,44.0
2025-06-02 23:03:00+00:00,3414.0,3414.0,3413.10009765625,3413.39990234375,38.0
2025-06-02 23:04:00+00:00,3413.800048828125,3414.300048828125,3413.699951171875,3414.300048828125,19.0
2025-06-02 23:05:00+00:00,3413.699951171875,3413.800048828125,3413.39990234375,3413.800048828125,12.0
2025-06-02 23:06:00+00:00,3414.0,3414.10009765625,3413.60009765625,3413.800048828125,17.0
2025-06-02 23:07:00+00:00,3414.0,3414.60009765625,3414.0,3414.199951171875,14.0
2025-06-02 23:08:00+00:00,3414.39990234375,3414.699951171875,3414.300048828125,3414.300048828125,14.0
2025-06-02 23:09:00+00:00,3414.39990234375,3414.39990234375,3414.0,3414.39990234375,9.0
2025-06-02 23:10:00+00:00,3414.89990234375,3414.89990234375,3414.300048828125,3414.300048828125,17.0
2025-06-02 23:11:00+00:00,3414.60009765625,3415.0,3414.60009765625,3415.0,6.0
2025-06-02 23:12:00+00:00,3414.699951171875,3414.89990234375,3414.60009765625,3414.699951171875,12.0
2025-06-02 23:13:00+00:00,3414.39990234375,3414.699951171875,3414.10009765625,3414.699951171875,10.0
2025-06-02 23:14:00+00:00,3414.0,3414.199951171875,3413.800048828125,3414.199951171875,42.0
2025-06-02 23:15:00+00:00,3414.5,3414.5,3413.89990234375,3413.89990234375,12.0
2025-06-02 23:16:00+00:00,3413.699951171875,3414.39990234375,3413.699951171875,3414.39990234375,8.0
2025-06-02 23:17:00+00:00,3414.199951171875,3414.199951171875,3413.699951171875,3413.699951171875,12.0
2025-06-02 23:18:00+00:00,3414.89990234375,3415.39990234375,3414.199951171875,3414.199951171875,89.0
2025-06-02 23:19:00+00:00,3414.89990234375,3414.89990234375,3414.199951171875,3414.60009765625,23.0
2025-06-02 23:20:00+00:00,3414.800048828125,3414.89990234375,3414.699951171875,3414.699951171875,6.0
2025-06-02 23:21:00+00:00,3414.199951171875,3414.800048828125,3414.199951171875,3414.800048828125,9.0
2025-06-02 23:22:00+00:00,3414.699951171875,3414.699951171875,3414.199951171875,3414.300048828125,12.0
2025-06-02 23:23:00+00:00,3415.10009765625,3415.10009765625,3414.800048828125,3415.0,27.0
2025-06-02 23:24:00+00:00,3414.699951171875,3415.199951171875,3414.699951171875,3415.199951171875,17.0
2025-06-02 23:25:00+00:00,3417.10009765625,3417.800048828125,3389.0,3415.0,278.0
2025-06-02 23:26:00+00:00,3412.39990234375,3417.5,3412.39990234375,3417.10009765625,336.0
2025-06-02 23:27:00+00:00,3413.0,3413.10009765625,3410.0,3412.300048828125,255.0
2025-06-02 23:28:00+00:00,3385.0,3413.10009765625,3385.0,3413.10009765625,0.0
2025-06-02 23:29:00+00:00,3411.10009765625,3412.0,3410.60009765625,3411.5,5893.0
2025-06-02 23:30:00+00:00,3412.300048828125,3412.89990234375,3411.10009765625,3411.10009765625,65.0
2025-06-02 23:31:00+00:00,3413.300048828125,3413.5,3412.5,3412.60009765625,73.0
2025-06-02 23:32:00+00:00,3411.60009765625,3413.300048828125,3411.300048828125,3413.300048828125,48.0
2025-06-02 23:33:00+00:00,3410.199951171875,3411.800048828125,3410.199951171875,3411.5,69.0
2025-06-02 23:34:00+00:00,3409.10009765625,3410.60009765625,3408.89990234375,3410.300048828125,139.0
2025-06-02 23:35:00+00:00,3410.39990234375,3410.5,3408.300048828125,3409.10009765625,108.0
2025-06-02 23:36:00+00:00,3410.699951171875,3411.300048828125,3410.0,3410.39990234375,71.0
2025-06-02 23:37:00+00:00,3410.800048828125,3411.5,3410.699951171875,3411.10009765625,16.0
2025-06-02 23:38:00+00:00,3411.10009765625,3411.39990234375,3410.5,3410.699951171875,20.0
2025-06-02 23:39:00+00:00,3411.5,3411.60009765625,3411.10009765625,3411.10009765625,12.0
2025-06-02 23:40:00+00:00,3411.0,3411.199951171875,3410.699951171875,3411.199951171875,17.0
2025-06-02 23:41:00+00:00,3411.300048828125,3411.300048828125,3410.39990234375,3410.699951171875,18.0
2025-06-02 23:42:00+00:00,3411.39990234375,3411.5,3410.699951171875,3411.199951171875,47.0
2025-06-02 23:43:00+00:00,3410.300048828125,3412.10009765625,3410.10009765625,3411.5,119.0
2025-06-02 23:44:00+00:00,3412.0,3412.199951171875,3410.60009765625,3410.60009765625,41.0
2025-06-02 23:45:00+00:00,3411.5,3412.199951171875,3411.0,3411.800048828125,56.0
2025-06-02 23:46:00+00:00,3412.0,3412.800048828125,3411.699951171875,3411.699951171875,88.0
2025-06-02 23:47:00+00:00,3411.10009765625,3411.89990234375,3411.0,3411.89990234375,30.0
2025-06-02 23:48:00+00:00,3411.300048828125,3411.300048828125,3411.10009765625,3411.300048828125,8.0
2025-06-02 23:49:00+00:00,3411.5,3411.699951171875,3411.0,3411.300048828125,48.0
2025-06-02 23:50:00+00:00,3411.10009765625,3412.0,3409.699951171875,3411.699951171875,256.0
2025-06-02 23:51:00+00:00,3411.39990234375,3411.39990234375,3410.699951171875,3410.800048828125,24.0
2025-06-02 23:52:00+00:00,3410.800048828125,3411.5,3410.60009765625,3411.5,10.0
2025-06-02 23:53:00+00:00,3410.60009765625,3410.800048828125,3410.60009765625,3410.800048828125,7.0
2025-06-02 23:54:00+00:00,3410.60009765625,3410.699951171875,3410.0,3410.5,24.0
2025-06-02 23:55:00+00:00,3410.199951171875,3410.89990234375,3409.89990234375,3410.89990234375,37.0
2025-06-02 23:56:00+00:00,3411.300048828125,3411.300048828125,3410.39990234375,3410.39990234375,22.0
2025-06-02 23:57:00+00:00,3411.60009765625,3411.699951171875,3411.199951171875,3411.199951171875,17.0
2025-06-02 23:58:00+00:00,3412.10009765625,3412.10009765625,3411.5,3411.5,9.0
2025-06-02 23:59:00+00:00,3412.800048828125,3412.800048828125,3411.89990234375,3412.0,37.0
2025-06-03 00:00:00+00:00,3413.300048828125,3414.199951171875,3411.89990234375,3412.5,113.0
2025-06-03 00:01:00+00:00,3412.39990234375,3413.5,3412.10009765625,3413.5,56.0
2025-06-03 00:02:00+00:00,3411.39990234375,3412.300048828125,3410.89990234375,3412.300048828125,43.0
2025-06-03 00:03:00+00:00,3411.10009765625,3411.5,3410.699951171875,3411.5,57.0
2025-06-03 00:04:00+00:00,3410.10009765625,3410.89990234375,3410.0,3410.89990234375,29.0
2025-06-03 00:05:00+00:00,3407.10009765625,3409.800048828125,3407.10009765625,3409.800048828125,233.0
2025-06-03 00:06:00+00:00,3408.300048828125,3408.300048828125,3407.0,3407.10009765625,104.0
2025-06-03 00:07:00+00:00,3407.60009765625,3408.60009765625,3407.300048828125,3408.39990234375,114.0
2025-06-03 00:08:00+00:00,3407.300048828125,3407.39990234375,3406.10009765625,3407.300048828125,159.0
2025-06-03 00:09:00+00:00,3408.5,3408.60009765625,3407.5,3407.5,43.0
2025-06-03 00:10:00+00:00,3408.300048828125,3409.199951171875,3408.300048828125,3408.39990234375,40.0
2025-06-03 00:11:00+00:00,3407.699951171875,3407.800048828125,3407.300048828125,3407.699951171875,45.0
2025-06-03 00:12:00+00:00,3406.60009765625,3407.60009765625,3406.60009765625,3407.5,26.0
2025-06-03 00:13:00+00:00,3406.39990234375,3407.0,3406.39990234375,3406.699951171875,35.0
2025-06-03 00:14:00+00:00,3407.39990234375,3407.39990234375,3405.699951171875,3406.39990234375,161.0
2025-06-03 00:15:00+00:00,3406.199951171875,3407.5,3405.10009765625,3407.5,115.0
2025-06-03 00:16:00+00:00,3405.800048828125,3406.60009765625,3405.5,3406.199951171875,80.0
2025-06-03 00:17:00+00:00,3405.10009765625,3406.0,3404.89990234375,3405.89990234375,75.0
2025-06-03 00:18:00+00:00,3403.5,3405.199951171875,3400.800048828125,3405.199951171875,728.0
2025-06-03 00:19:00+00:00,3403.5,3404.60009765625,3403.5,3404.0,108.0
2025-06-03 00:20:00+00:00,3404.39990234375,3405.5,3403.699951171875,3403.699951171875,138.0
2025-06-03 00:21:00+00:00,3405.300048828125,3406.10009765625,3404.39990234375,3404.5,89.0
2025-06-03 00:22:00+00:00,3404.800048828125,3406.10009765625,3404.10009765625,3405.300048828125,107.0
2025-06-03 00:23:00+00:00,3405.300048828125,3405.5,3404.60009765625,3404.60009765625,30.0
2025-06-03 00:24:00+00:00,3405.199951171875,3405.699951171875,3405.199951171875,3405.300048828125,19.0
2025-06-03 00:25:00+00:00,3405.800048828125,3406.300048828125,3405.300048828125,3405.300048828125,31.0
2025-06-03 00:26:00+00:00,3405.199951171875,3406.199951171875,3405.199951171875,3405.89990234375,38.0
2025-06-03 00:27:00+00:00,3404.800048828125,3405.39990234375,3404.10009765625,3405.199951171875,26.0
2025-06-03 00:28:00+00:00,3404.60009765625,3405.699951171875,3404.60009765625,3404.800048828125,22.0
2025-06-03 00:29:00+00:00,3404.89990234375,3405.39990234375,3404.300048828125,3404.300048828125,25.0
2025-06-03 00:30:00+00:00,3406.60009765625,3406.60009765625,3404.89990234375,3405.0,55.0
2025-06-03 00:31:00+00:00,3405.39990234375,3406.39990234375,3404.89990234375,3406.39990234375,92.0
2025-06-03 00:32:00+00:00,3405.699951171875,3406.10009765625,3405.199951171875,3405.89990234375,83.0
2025-06-03 00:33:00+00:00,3405.300048828125,3406.5,3405.10009765625,3405.89990234375,19.0
2025-06-03 00:34:00+00:00,3404.0,3405.5,3404.0,3405.5,75.0
2025-06-03 00:35:00+00:00,3404.0,3404.300048828125,3403.800048828125,3404.0,59.0
2025-06-03 00:36:00+00:00,3403.5,3404.10009765625,3402.800048828125,3404.10009765625,104.0
2025-06-03 00:37:00+00:00,3404.10009765625,3404.300048828125,3403.199951171875,3403.300048828125,53.0
2025-06-03 00:38:00+00:00,3402.0,3404.0,3402.0,3403.800048828125,71.0
2025-06-03 00:39:00+00:00,3401.300048828125,3402.699951171875,3400.800048828125,3402.10009765625,182.0
2025-06-03 00:40:00+00:00,3400.199951171875,3402.10009765625,3400.10009765625,3401.300048828125,189.0
2025-06-03 00:41:00+00:00,3399.10009765625,3401.5,3398.5,3400.39990234375,346.0
2025-06-03 00:42:00+00:00,3399.699951171875,3401.199951171875,3399.10009765625,3399.10009765625,290.0
2025-06-03 00:43:00+00:00,3403.60009765625,3403.60009765625,3400.10009765625,3400.10009765625,318.0
2025-06-03 00:44:00+00:00,3402.10009765625,3403.699951171875,3402.10009765625,3403.60009765625,90.0
2025-06-03 00:45:00+00:00,3401.60009765625,3402.89990234375,3401.199951171875,3402.0,122.0
2025-06-03 00:46:00+00:00,3402.300048828125,3402.39990234375,3401.39990234375,3401.800048828125,146.0
2025-06-03 00:47:00+00:00,3402.89990234375,3403.800048828125,3402.39990234375,3402.39990234375,89.0
2025-06-03 00:48:00+00:00,3403.199951171875,3403.300048828125,3402.5,3403.10009765625,57.0
2025-06-03 00:49:00+00:00,3403.0,3404.10009765625,3401.89990234375,3403.39990234375,150.0
2025-06-03 00:50:00+00:00,3402.800048828125,3403.300048828125,3402.699951171875,3402.89990234375,31.0
2025-06-03 00:51:00+00:00,3402.300048828125,3402.699951171875,3401.89990234375,3402.699951171875,35.0
2025-06-03 00:52:00+00:00,3402.39990234375,3402.39990234375,3401.300048828125,3402.10009765625,110.0
2025-06-03 00:53:00+00:00,3402.39990234375,3403.39990234375,3401.699951171875,3402.39990234375,128.0
2025-06-03 00:54:00+00:00,3402.60009765625,3402.89990234375,3402.10009765625,3402.10009765625,54.0
2025-06-03 00:55:00+00:00,3403.199951171875,3403.300048828125,3402.60009765625,3402.800048828125,224.0
2025-06-03 00:56:00+00:00,3402.800048828125,3403.39990234375,3402.0,3403.39990234375,46.0
2025-06-03 00:57:00+00:00,3402.10009765625,3404.5,3402.10009765625,3402.699951171875,317.0
2025-06-03 00:58:00+00:00,3401.300048828125,3402.199951171875,3400.699951171875,3402.199951171875,105.0
2025-06-03 00:59:00+00:00,3401.300048828125,3401.39990234375,3400.199951171875,3401.10009765625,198.0
2025-06-03 01:00:00+00:00,3398.60009765625,3401.300048828125,3397.10009765625,3401.199951171875,1042.0
2025-06-03 01:01:00+00:00,3397.199951171875,3399.89990234375,3397.199951171875,3398.300048828125,237.0
2025-06-03 01:02:00+00:00,3399.699951171875,3400.300048828125,3396.60009765625,3397.0,389.0
2025-06-03 01:03:00+00:00,3399.300048828125,3399.800048828125,3396.199951171875,3399.800048828125,256.0
2025-06-03 01:04:00+00:00,3397.60009765625,3399.39990234375,3396.800048828125,3399.39990234375,185.0
2025-06-03 01:05:00+00:00,3396.5,3397.60009765625,3395.699951171875,3397.60009765625,311.0
2025-06-03 01:06:00+00:00,3395.199951171875,3396.39990234375,3394.60009765625,3396.300048828125,425.0
2025-06-03 01:07:00+00:00,3396.5,3396.800048828125,3394.5,3395.39990234375,190.0
2025-06-03 01:08:00+00:00,3394.89990234375,3397.60009765625,3394.5,3396.39990234375,127.0
2025-06-03 01:09:00+00:00,3395.300048828125,3395.800048828125,3394.5,3395.10009765625,145.0
2025-06-03 01:10:00+00:00,3398.10009765625,3398.199951171875,3394.800048828125,3395.39990234375,175.0
2025-06-03 01:11:00+00:00,3396.300048828125,3398.300048828125,3395.89990234375,3398.0,136.0
2025-06-03 01:12:00+00:00,3394.60009765625,3396.39990234375,3394.199951171875,3396.300048828125,216.0
2025-06-03 01:13:00+00:00,3394.60009765625,3395.10009765625,3392.60009765625,3394.89990234375,313.0
2025-06-03 01:14:00+00:00,3392.0,3394.5,3391.60009765625,3394.5,323.0
2025-06-03 01:15:00+00:00,3389.39990234375,3392.89990234375,3364.10009765625,3392.10009765625,575.0
2025-06-03 01:16:00+00:00,3389.800048828125,3390.89990234375,3389.39990234375,3389.39990234375,328.0
2025-06-03 01:17:00+00:00,3389.89990234375,3391.5,3389.5,3389.699951171875,392.0
2025-06-03 01:18:00+00:00,3389.60009765625,3390.10009765625,3387.800048828125,3390.0,393.0
2025-06-03 01:19:00+00:00,3389.800048828125,3390.800048828125,3389.300048828125,3389.699951171875,141.0
2025-06-03 01:20:00+00:00,3390.10009765625,3390.89990234375,3389.300048828125,3390.199951171875,195.0
2025-06-03 01:21:00+00:00,3390.5,3390.5,3389.10009765625,3390.10009765625,97.0
2025-06-03 01:22:00+00:00,3390.300048828125,3392.60009765625,3390.10009765625,3390.39990234375,198.0
2025-06-03 01:23:00+00:00,3389.699951171875,3390.60009765625,3389.5,3390.199951171875,105.0
2025-06-03 01:24:00+00:00,3391.300048828125,3391.5,3389.199951171875,3389.89990234375,101.0
2025-06-03 01:25:00+00:00,3390.39990234375,3391.0,3390.0,3390.89990234375,98.0
2025-06-03 01:26:00+00:00,3389.0,3390.300048828125,3387.89990234375,3390.300048828125,121.0
2025-06-03 01:27:00+00:00,3388.699951171875,3389.800048828125,3388.5,3389.10009765625,96.0
2025-06-03 01:28:00+00:00,3392.5,3392.60009765625,3388.699951171875,3389.0,192.0
2025-06-03 01:29:00+00:00,3393.199951171875,3393.89990234375,3392.0,3392.5,192.0
2025-06-03 01:30:00+00:00,3393.699951171875,3394.0,3392.10009765625,3393.39990234375,298.0
2025-06-03 01:31:00+00:00,3393.199951171875,3394.0,3392.89990234375,3393.800048828125,178.0
2025-06-03 01:32:00+00:00,3394.300048828125,3394.5,3392.699951171875,3393.0,172.0
2025-06-03 01:33:00+00:00,3395.800048828125,3396.0,3392.89990234375,3394.10009765625,268.0
2025-06-03 01:34:00+00:00,3393.39990234375,3395.89990234375,3393.300048828125,3395.699951171875,137.0
2025-06-03 01:35:00+00:00,3392.199951171875,3393.10009765625,3391.699951171875,3393.0,111.0
2025-06-03 01:36:00+00:00,3392.10009765625,3392.89990234375,3391.199951171875,3391.89990234375,124.0
2025-06-03 01:37:00+00:00,3394.39990234375,3395.0,3392.10009765625,3392.199951171875,147.0
2025-06-03 01:38:00+00:00,3394.800048828125,3395.39990234375,3393.199951171875,3394.5,139.0
2025-06-03 01:39:00+00:00,3396.300048828125,3396.699951171875,3394.10009765625,3394.800048828125,136.0
2025-06-03 01:40:00+00:00,3396.800048828125,3397.199951171875,3395.699951171875,3396.199951171875,225.0
2025-06-03 01:41:00+00:00,3397.10009765625,3397.699951171875,3396.10009765625,3397.0,230.0
2025-06-03 01:42:00+00:00,3396.199951171875,3396.800048828125,3395.39990234375,3396.5,128.0
2025-06-03 01:43:00+00:00,3397.300048828125,3398.800048828125,3396.60009765625,3396.60009765625,208.0
2025-06-03 01:44:00+00:00,3398.199951171875,3398.39990234375,3396.89990234375,3397.199951171875,87.0
2025-06-03 01:45:00+00:00,3396.39990234375,3398.199951171875,3395.5,3398.199951171875,196.0
2025-06-03 01:46:00+00:00,3398.800048828125,3398.89990234375,3395.699951171875,3396.300048828125,123.0
2025-06-03 01:47:00+00:00,3398.5,3399.699951171875,3398.300048828125,3398.699951171875,140.0
2025-06-03 01:48:00+00:00,3400.0,3400.0,3397.89990234375,3398.300048828125,225.0
2025-06-03 01:49:00+00:00,3399.0,3400.5,3398.800048828125,3399.89990234375,138.0
2025-06-03 01:50:00+00:00,3400.300048828125,3400.39990234375,3398.699951171875,3399.0,135.0
2025-06-03 01:51:00+00:00,3399.10009765625,3400.199951171875,3399.0,3400.10009765625,111.0
2025-06-03 01:52:00+00:00,3399.60009765625,3400.300048828125,3399.199951171875,3399.199951171875,97.0
2025-06-03 01:53:00+00:00,3397.60009765625,3399.800048828125,3397.60009765625,3399.5,122.0
2025-06-03 01:54:00+00:00,3397.60009765625,3398.0,3397.199951171875,3397.60009765625,100.0
2025-06-03 01:55:00+00:00,3396.199951171875,3398.0,3395.89990234375,3397.699951171875,121.0
2025-06-03 01:56:00+00:00,3395.300048828125,3396.699951171875,3395.10009765625,3396.199951171875,155.0
2025-06-03 01:57:00+00:00,3396.199951171875,3397.39990234375,3394.89990234375,3395.39990234375,122.0
2025-06-03 01:58:00+00:00,3397.10009765625,3397.10009765625,3396.0,3396.10009765625,73.0
2025-06-03 01:59:00+00:00,3397.300048828125,3397.5,3396.5,3397.10009765625,96.0
2025-06-03 02:00:00+00:00,3398.5,3398.699951171875,3397.0,3397.300048828125,160.0
2025-06-03 02:01:00+00:00,3398.800048828125,3399.0,3396.39990234375,3398.199951171875,117.0
2025-06-03 02:02:00+00:00,3397.800048828125,3398.699951171875,3397.5,3398.699951171875,84.0
2025-06-03 02:03:00+00:00,3397.0,3397.89990234375,3396.10009765625,3397.89990234375,60.0
2025-06-03 02:04:00+00:00,3398.5,3398.5,3396.199951171875,3396.800048828125,65.0
2025-06-03 02:05:00+00:00,3399.89990234375,3400.199951171875,3397.699951171875,3398.60009765625,233.0
2025-06-03 02:06:00+00:00,3399.0,3400.0,3372.89990234375,3400.0,70.0
2025-06-03 02:07:00+00:00,3398.10009765625,3398.800048828125,3397.800048828125,3398.800048828125,88.0
2025-06-03 02:08:00+00:00,3397.800048828125,3398.39990234375,3397.0,3398.39990234375,77.0
2025-06-03 02:09:00+00:00,3397.39990234375,3397.89990234375,3396.89990234375,3397.89990234375,49.0
2025-06-03 02:10:00+00:00,3398.699951171875,3398.89990234375,3397.10009765625,3397.300048828125,146.0
2025-06-03 02:11:00+00:00,3398.39990234375,3398.89990234375,3397.699951171875,3398.800048828125,35.0
2025-06-03 02:12:00+00:00,3397.5,3398.800048828125,3371.5,3398.60009765625,59.0
2025-06-03 02:13:00+00:00,3398.800048828125,3398.89990234375,3397.699951171875,3397.800048828125,38.0
2025-06-03 02:14:00+00:00,3399.5,3399.699951171875,3398.199951171875,3398.800048828125,75.0
2025-06-03 02:15:00+00:00,3401.199951171875,3401.60009765625,3399.699951171875,3399.699951171875,145.0
2025-06-03 02:16:00+00:00,3400.800048828125,3401.300048828125,3400.0,3401.300048828125,98.0
2025-06-03 02:17:00+00:00,3402.39990234375,3402.60009765625,3400.699951171875,3400.800048828125,201.0
2025-06-03 02:18:00+00:00,3402.300048828125,3403.0,3402.0,3402.300048828125,133.0
2025-06-03 02:19:00+00:00,3402.10009765625,3402.60009765625,3401.699951171875,3402.10009765625,58.0
2025-06-03 02:20:00+00:00,3400.60009765625,3402.10009765625,3374.699951171875,3402.10009765625,107.0
2025-06-03 02:21:00+00:00,3401.300048828125,3401.800048828125,3374.800048828125,3400.699951171875,68.0
2025-06-03 02:22:00+00:00,3400.199951171875,3401.699951171875,3399.800048828125,3401.5,82.0
2025-06-03 02:23:00+00:00,3399.800048828125,3401.199951171875,3399.300048828125,3400.300048828125,105.0
2025-06-03 02:24:00+00:00,3397.800048828125,3399.699951171875,3396.89990234375,3399.699951171875,188.0
2025-06-03 02:25:00+00:00,3398.10009765625,3398.10009765625,3396.39990234375,3397.89990234375,146.0
2025-06-03 02:26:00+00:00,3398.199951171875,3398.39990234375,3397.5,3398.199951171875,115.0
2025-06-03 02:27:00+00:00,3397.60009765625,3399.0,3397.199951171875,3398.199951171875,109.0
2025-06-03 02:28:00+00:00,3397.5,3397.89990234375,3397.300048828125,3397.60009765625,39.0
2025-06-03 02:29:00+00:00,3397.39990234375,3398.0,3396.800048828125,3397.60009765625,81.0
2025-06-03 02:30:00+00:00,3395.60009765625,3397.5,3395.10009765625,3397.5,136.0
2025-06-03 02:31:00+00:00,3394.5,3396.39990234375,3394.300048828125,3395.39990234375,164.0
2025-06-03 02:32:00+00:00,3394.199951171875,3395.300048828125,3393.89990234375,3394.5,59.0
2025-06-03 02:34:00+00:00,3392.800048828125,3393.89990234375,3392.800048828125,3393.89990234375,303.0
2025-06-03 02:35:00+00:00,3392.89990234375,3393.89990234375,3392.5,3392.60009765625,109.0
2025-06-03 02:36:00+00:00,3391.10009765625,3393.0,3391.10009765625,3392.60009765625,133.0
2025-06-03 02:37:00+00:00,3391.699951171875,3392.0,3390.699951171875,3391.39990234375,155.0
2025-06-03 02:38:00+00:00,3392.60009765625,3392.60009765625,3391.0,3391.60009765625,66.0
2025-06-03 02:39:00+00:00,3392.699951171875,3393.5,3392.39990234375,3392.5,129.0
2025-06-03 02:40:00+00:00,3390.89990234375,3392.89990234375,3390.800048828125,3392.699951171875,89.0
2025-06-03 02:41:00+00:00,3389.10009765625,3391.0,3389.10009765625,3390.89990234375,264.0
2025-06-03 02:42:00+00:00,3389.800048828125,3390.300048828125,3389.0,3389.10009765625,139.0
2025-06-03 02:43:00+00:00,3390.39990234375,3390.39990234375,3389.300048828125,3389.800048828125,91.0
2025-06-03 02:44:00+00:00,3392.39990234375,3393.699951171875,3389.800048828125,3390.300048828125,356.0
2025-06-03 02:45:00+00:00,3393.10009765625,3394.0,3392.10009765625,3392.39990234375,106.0
2025-06-03 02:46:00+00:00,3394.0,3394.5,3392.60009765625,3392.800048828125,101.0
2025-06-03 02:47:00+00:00,3393.89990234375,3393.89990234375,3393.199951171875,3393.800048828125,101.0
2025-06-03 02:48:00+00:00,3394.60009765625,3395.300048828125,3393.699951171875,3393.800048828125,160.0
2025-06-03 02:49:00+00:00,3395.699951171875,3396.0,3369.800048828125,3394.60009765625,155.0
2025-06-03 02:50:00+00:00,3396.800048828125,3397.0,3395.5,3395.800048828125,137.0
2025-06-03 02:51:00+00:00,3398.300048828125,3398.60009765625,3396.800048828125,3396.800048828125,213.0
2025-06-03 02:52:00+00:00,3399.10009765625,3399.699951171875,3397.800048828125,3398.300048828125,140.0
2025-06-03 02:53:00+00:00,3398.5,3399.60009765625,3397.699951171875,3398.89990234375,164.0
2025-06-03 02:54:00+00:00,3398.300048828125,3398.60009765625,3397.39990234375,3398.39990234375,68.0
2025-06-03 02:55:00+00:00,3397.0,3398.0,3396.300048828125,3397.89990234375,93.0
2025-06-03 02:56:00+00:00,3397.5,3398.10009765625,3396.699951171875,3396.699951171875,194.0
2025-06-03 02:57:00+00:00,3395.199951171875,3397.5,3395.199951171875,3397.5,102.0
2025-06-03 02:58:00+00:00,3394.0,3395.5,3393.89990234375,3395.39990234375,90.0
2025-06-03 02:59:00+00:00,3393.60009765625,3394.699951171875,3393.300048828125,3394.199951171875,114.0
2025-06-03 03:00:00+00:00,3391.800048828125,3393.199951171875,3389.0,3393.199951171875,520.0
2025-06-03 03:01:00+00:00,3392.300048828125,3392.800048828125,3391.5,3391.60009765625,83.0
2025-06-03 03:02:00+00:00,3393.699951171875,3394.0,3392.5,3392.699951171875,49.0
2025-06-03 03:03:00+00:00,3392.300048828125,3394.10009765625,3392.300048828125,3393.699951171875,66.0
2025-06-03 03:04:00+00:00,3391.39990234375,3392.5,3391.300048828125,3392.10009765625,83.0
2025-06-03 03:05:00+00:00,3390.699951171875,3391.699951171875,3390.39990234375,3391.5,93.0
2025-06-03 03:06:00+00:00,3390.39990234375,3391.0,3364.0,3390.60009765625,102.0
2025-06-03 03:07:00+00:00,3392.10009765625,3392.10009765625,3365.300048828125,3389.89990234375,172.0
2025-06-03 03:08:00+00:00,3392.60009765625,3392.699951171875,3365.39990234375,3392.300048828125,109.0
2025-06-03 03:09:00+00:00,3391.800048828125,3394.0,3366.300048828125,3392.699951171875,177.0
2025-06-03 03:10:00+00:00,3392.5,3393.0,3391.89990234375,3392.0,33.0
2025-06-03 03:11:00+00:00,3392.699951171875,3393.10009765625,3392.0,3392.39990234375,72.0
2025-06-03 03:12:00+00:00,3392.10009765625,3393.5,3391.5,3392.89990234375,138.0
2025-06-03 03:13:00+00:00,3393.199951171875,3393.300048828125,3392.10009765625,3392.199951171875,55.0
2025-06-03 03:14:00+00:00,3393.60009765625,3393.60009765625,3392.699951171875,3393.10009765625,33.0
2025-06-03 03:15:00+00:00,3391.89990234375,3394.0,3391.699951171875,3393.60009765625,88.0
2025-06-03 03:16:00+00:00,3392.300048828125,3392.60009765625,3391.10009765625,3391.699951171875,62.0
2025-06-03 03:17:00+00:00,3392.89990234375,3393.10009765625,3392.199951171875,3392.199951171875,19.0
2025-06-03 03:18:00+00:00,3393.199951171875,3393.800048828125,3392.60009765625,3393.199951171875,27.0
2025-06-03 03:19:00+00:00,3392.0,3393.0,3391.800048828125,3393.0,40.0
2025-06-03 03:20:00+00:00,3390.800048828125,3391.89990234375,3390.800048828125,3391.89990234375,41.0
2025-06-03 03:21:00+00:00,3391.0,3391.199951171875,3364.699951171875,3391.0,83.0
2025-06-03 03:22:00+00:00,3391.39990234375,3391.60009765625,3390.60009765625,3390.800048828125,33.0
2025-06-03 03:23:00+00:00,3391.199951171875,3391.89990234375,3390.800048828125,3391.5,52.0
2025-06-03 03:24:00+00:00,3390.60009765625,3391.39990234375,3390.5,3391.10009765625,62.0
2025-06-03 03:25:00+00:00,3391.39990234375,3391.39990234375,3390.5,3390.699951171875,18.0
2025-06-03 03:26:00+00:00,3391.699951171875,3391.699951171875,3391.199951171875,3391.300048828125,18.0
2025-06-03 03:27:00+00:00,3391.60009765625,3392.0,3391.0,3391.5,87.0
2025-06-03 03:28:00+00:00,3392.300048828125,3392.800048828125,3365.199951171875,3391.699951171875,231.0
2025-06-03 03:29:00+00:00,3389.60009765625,3392.199951171875,3389.60009765625,3392.199951171875,183.0
2025-06-03 03:30:00+00:00,3390.5,3390.800048828125,3388.199951171875,3389.89990234375,204.0
2025-06-03 03:31:00+00:00,3391.60009765625,3391.60009765625,3390.60009765625,3390.800048828125,36.0
2025-06-03 03:32:00+00:00,3390.39990234375,3391.60009765625,3390.39990234375,3391.60009765625,23.0
2025-06-03 03:33:00+00:00,3390.800048828125,3390.800048828125,3389.60009765625,3390.300048828125,51.0
2025-06-03 03:34:00+00:00,3391.10009765625,3391.10009765625,3390.5,3390.60009765625,8.0
2025-06-03 03:35:00+00:00,3389.5,3390.89990234375,3389.300048828125,3390.89990234375,46.0
2025-06-03 03:36:00+00:00,3391.0,3391.0,3390.39990234375,3390.5,51.0
2025-06-03 03:37:00+00:00,3391.199951171875,3391.5,3390.89990234375,3391.0,37.0
2025-06-03 03:38:00+00:00,3392.10009765625,3392.199951171875,3391.10009765625,3391.10009765625,103.0
2025-06-03 03:39:00+00:00,3391.0,3392.0,3391.0,3392.0,80.0
2025-06-03 03:40:00+00:00,3390.0,3391.39990234375,3390.0,3391.0,78.0
2025-06-03 03:41:00+00:00,3388.60009765625,3390.10009765625,3388.60009765625,3390.10009765625,95.0
2025-06-03 03:42:00+00:00,3386.800048828125,3388.800048828125,3361.5,3388.699951171875,551.0
2025-06-03 03:43:00+00:00,3386.10009765625,3387.699951171875,3386.0,3386.89990234375,141.0
2025-06-03 03:44:00+00:00,3386.10009765625,3386.199951171875,3384.199951171875,3386.10009765625,464.0
2025-06-03 03:45:00+00:00,3386.699951171875,3387.300048828125,3385.89990234375,3386.300048828125,117.0
2025-06-03 03:46:00+00:00,3386.89990234375,3387.60009765625,3386.699951171875,3386.699951171875,57.0
2025-06-03 03:47:00+00:00,3386.39990234375,3387.10009765625,3386.300048828125,3386.89990234375,41.0
2025-06-03 03:48:00+00:00,3386.60009765625,3387.10009765625,3386.199951171875,3386.699951171875,70.0
2025-06-03 03:49:00+00:00,3387.10009765625,3387.699951171875,3386.699951171875,3387.0,48.0
2025-06-03 03:50:00+00:00,3387.10009765625,3387.60009765625,3386.800048828125,3386.89990234375,50.0
2025-06-03 03:51:00+00:00,3387.300048828125,3387.699951171875,3387.0,3387.199951171875,46.0
2025-06-03 03:52:00+00:00,3386.800048828125,3387.5,3386.60009765625,3387.199951171875,31.0
2025-06-03 03:53:00+00:00,3387.199951171875,3387.300048828125,3386.60009765625,3386.800048828125,35.0
2025-06-03 03:54:00+00:00,3386.5,3387.10009765625,3386.199951171875,3387.0,68.0
2025-06-03 03:55:00+00:00,3387.300048828125,3387.300048828125,3386.5,3386.5,41.0
2025-06-03 03:56:00+00:00,3387.300048828125,3387.39990234375,3387.10009765625,3387.39990234375,12.0
2025-06-03 03:57:00+00:00,3386.60009765625,3387.300048828125,3386.300048828125,3387.10009765625,58.0
2025-06-03 03:58:00+00:00,3387.10009765625,3388.10009765625,3386.699951171875,3386.699951171875,96.0
2025-06-03 04:00:00+00:00,3387.39990234375,3387.39990234375,3385.5,3385.699951171875,86.0
2025-06-03 04:01:00+00:00,3388.699951171875,3389.0,3387.699951171875,3387.699951171875,86.0
2025-06-03 04:02:00+00:00,3389.0,3389.10009765625,3388.300048828125,3388.699951171875,32.0
2025-06-03 04:03:00+00:00,3389.199951171875,3389.199951171875,3388.0,3388.89990234375,25.0
2025-06-03 04:04:00+00:00,3388.10009765625,3389.300048828125,3387.89990234375,3389.0,72.0
2025-06-03 04:05:00+00:00,3388.699951171875,3389.0,3388.0,3388.300048828125,37.0
2025-06-03 04:06:00+00:00,3389.199951171875,3389.199951171875,3388.699951171875,3388.89990234375,86.0
2025-06-03 04:07:00+00:00,3388.89990234375,3389.39990234375,3388.699951171875,3388.699951171875,25.0
2025-06-03 04:08:00+00:00,3389.300048828125,3389.300048828125,3388.300048828125,3388.699951171875,18.0
2025-06-03 04:09:00+00:00,3389.0,3389.800048828125,3388.800048828125,3388.89990234375,44.0
2025-06-03 04:10:00+00:00,3388.699951171875,3389.39990234375,3362.39990234375,3389.10009765625,32.0
2025-06-03 04:11:00+00:00,3387.800048828125,3388.699951171875,3361.699951171875,3388.699951171875,57.0
2025-06-03 04:12:00+00:00,3387.5,3387.89990234375,3387.5,3387.89990234375,31.0
2025-06-03 04:13:00+00:00,3387.5,3388.0,3387.0,3387.300048828125,30.0
2025-06-03 04:14:00+00:00,3388.0,3388.699951171875,3361.39990234375,3387.60009765625,116.0
2025-06-03 04:15:00+00:00,3388.0,3388.0,3387.60009765625,3387.89990234375,15.0
2025-06-03 04:16:00+00:00,3388.0,3388.199951171875,3387.60009765625,3387.89990234375,38.0
2025-06-03 04:17:00+00:00,3389.10009765625,3389.5,3388.0,3388.0,53.0
2025-06-03 04:18:00+00:00,3388.800048828125,3389.39990234375,3388.800048828125,3389.0,43.0
2025-06-03 04:19:00+00:00,3387.60009765625,3388.89990234375,3387.5,3388.699951171875,53.0
2025-06-03 04:20:00+00:00,3386.800048828125,3387.800048828125,3386.5,3387.699951171875,88.0
2025-06-03 04:21:00+00:00,3388.60009765625,3388.60009765625,3386.89990234375,3386.89990234375,150.0
2025-06-03 04:22:00+00:00,3389.699951171875,3389.699951171875,3387.800048828125,3388.39990234375,115.0
2025-06-03 04:23:00+00:00,3389.5,3389.699951171875,3389.199951171875,3389.60009765625,27.0
2025-06-03 04:24:00+00:00,3388.10009765625,3389.199951171875,3388.10009765625,3389.199951171875,55.0
2025-06-03 04:25:00+00:00,3387.699951171875,3388.0,3387.5,3388.0,15.0
2025-06-03 04:26:00+00:00,3387.5,3387.5,3387.0,3387.5,27.0
2025-06-03 04:27:00+00:00,3385.300048828125,3387.699951171875,3385.10009765625,3387.699951171875,124.0
2025-06-03 04:28:00+00:00,3386.199951171875,3386.300048828125,3385.199951171875,3385.199951171875,45.0
2025-06-03 04:29:00+00:00,3387.0,3387.300048828125,3385.800048828125,3385.800048828125,84.0
2025-06-03 04:30:00+00:00,3386.0,3386.89990234375,3385.699951171875,3386.800048828125,28.0
2025-06-03 04:31:00+00:00,3385.0,3386.199951171875,3385.0,3386.0,67.0
2025-06-03 04:32:00+00:00,3387.0,3387.10009765625,3384.39990234375,3385.0,141.0
2025-06-03 04:33:00+00:00,3386.89990234375,3387.60009765625,3386.699951171875,3387.10009765625,82.0
2025-06-03 04:34:00+00:00,3385.5,3387.199951171875,3385.5,3386.89990234375,88.0
2025-06-03 04:35:00+00:00,3385.699951171875,3386.199951171875,3384.89990234375,3385.300048828125,66.0
2025-06-03 04:36:00+00:00,3385.39990234375,3385.699951171875,3385.0,3385.699951171875,27.0
2025-06-03 04:37:00+00:00,3384.199951171875,3385.39990234375,3383.39990234375,3385.300048828125,217.0
2025-06-03 04:38:00+00:00,3384.699951171875,3385.39990234375,3384.0,3384.0,55.0
2025-06-03 04:39:00+00:00,3384.300048828125,3385.10009765625,3384.300048828125,3385.10009765625,20.0
2025-06-03 04:40:00+00:00,3385.199951171875,3385.199951171875,3384.39990234375,3384.5,23.0
2025-06-03 04:41:00+00:00,3385.800048828125,3385.800048828125,3385.10009765625,3385.300048828125,37.0
2025-06-03 04:42:00+00:00,3385.800048828125,3385.800048828125,3385.39990234375,3385.699951171875,18.0
2025-06-03 04:43:00+00:00,3386.0,3386.199951171875,3385.5,3385.60009765625,25.0
2025-06-03 04:44:00+00:00,3386.800048828125,3387.10009765625,3359.89990234375,3386.0,69.0
2025-06-03 04:45:00+00:00,3386.300048828125,3386.800048828125,3386.0,3386.800048828125,25.0
2025-06-03 04:46:00+00:00,3386.300048828125,3386.39990234375,3386.0,3386.10009765625,12.0
2025-06-03 04:47:00+00:00,3387.0,3387.300048828125,3386.300048828125,3386.300048828125,22.0
2025-06-03 04:48:00+00:00,3388.0,3388.10009765625,3387.10009765625,3387.300048828125,64.0
2025-06-03 04:49:00+00:00,3387.60009765625,3388.0,3387.300048828125,3387.89990234375,41.0
2025-06-03 04:50:00+00:00,3387.199951171875,3388.10009765625,3387.199951171875,3387.89990234375,24.0
2025-06-03 04:51:00+00:00,3386.5,3387.5,3386.10009765625,3387.5,36.0
2025-06-03 04:52:00+00:00,3386.5,3386.5,3386.10009765625,3386.199951171875,15.0
2025-06-03 04:53:00+00:00,3385.60009765625,3386.699951171875,3385.60009765625,3386.39990234375,50.0
2025-06-03 04:54:00+00:00,3386.10009765625,3386.5,3385.60009765625,3385.60009765625,27.0
2025-06-03 04:55:00+00:00,3386.800048828125,3386.800048828125,3386.0,3386.10009765625,25.0
2025-06-03 04:56:00+00:00,3386.0,3387.39990234375,3385.89990234375,3386.89990234375,54.0
2025-06-03 04:57:00+00:00,3386.10009765625,3386.10009765625,3385.60009765625,3385.800048828125,24.0
2025-06-03 04:58:00+00:00,3386.60009765625,3387.199951171875,3386.0,3386.0,73.0
2025-06-03 04:59:00+00:00,3386.89990234375,3387.300048828125,3386.800048828125,3386.800048828125,10.0
2025-06-03 05:00:00+00:00,3387.10009765625,3387.60009765625,3387.0,3387.10009765625,112.0
2025-06-03 05:01:00+00:00,3387.60009765625,3387.800048828125,3387.0,3387.0,34.0
2025-06-03 05:02:00+00:00,3385.699951171875,3387.699951171875,3385.699951171875,3387.60009765625,147.0
2025-06-03 05:03:00+00:00,3385.5,3385.89990234375,3385.199951171875,3385.89990234375,37.0
2025-06-03 05:04:00+00:00,3386.5,3386.60009765625,3385.699951171875,3385.699951171875,47.0
2025-06-03 05:05:00+00:00,3387.300048828125,3387.699951171875,3386.60009765625,3386.60009765625,85.0
2025-06-03 05:06:00+00:00,3386.699951171875,3387.10009765625,3386.699951171875,3387.10009765625,4.0
2025-06-03 05:08:00+00:00,3387.300048828125,3387.39990234375,3387.0,3387.0,141.0
2025-06-03 05:09:00+00:00,3386.89990234375,3387.39990234375,3386.39990234375,3387.39990234375,63.0
2025-06-03 05:10:00+00:00,3387.10009765625,3387.5,3386.89990234375,3387.0,40.0
2025-06-03 05:11:00+00:00,3386.89990234375,3387.39990234375,3386.699951171875,3386.89990234375,10.0
2025-06-03 05:12:00+00:00,3387.5,3387.699951171875,3386.39990234375,3386.800048828125,49.0
2025-06-03 05:13:00+00:00,3387.199951171875,3387.800048828125,3387.0,3387.5,27.0
2025-06-03 05:14:00+00:00,3386.699951171875,3387.300048828125,3386.0,3387.300048828125,101.0
2025-06-03 05:15:00+00:00,3387.10009765625,3387.199951171875,3386.39990234375,3386.60009765625,47.0
2025-06-03 05:16:00+00:00,3386.199951171875,3387.199951171875,3385.5,3387.10009765625,49.0
2025-06-03 05:17:00+00:00,3386.10009765625,3386.300048828125,3385.89990234375,3385.89990234375,23.0
2025-06-03 05:18:00+00:00,3386.39990234375,3386.89990234375,3386.300048828125,3386.39990234375,24.0
2025-06-03 05:19:00+00:00,3386.60009765625,3386.60009765625,3386.199951171875,3386.300048828125,19.0
2025-06-03 05:20:00+00:00,3387.0,3387.199951171875,3386.39990234375,3387.0,23.0
2025-06-03 05:21:00+00:00,3387.0,3387.199951171875,3386.5,3387.199951171875,26.0
2025-06-03 05:22:00+00:00,3387.0,3387.199951171875,3387.0,3387.0,5.0
2025-06-03 05:23:00+00:00,3388.39990234375,3388.800048828125,3386.699951171875,3387.0,167.0
2025-06-03 05:24:00+00:00,3387.5,3388.60009765625,3387.39990234375,3388.5,105.0
2025-06-03 05:25:00+00:00,3386.300048828125,3388.699951171875,3386.10009765625,3387.60009765625,235.0
2025-06-03 05:26:00+00:00,3385.800048828125,3387.10009765625,3385.800048828125,3386.300048828125,66.0
2025-06-03 05:27:00+00:00,3385.39990234375,3386.10009765625,3385.39990234375,3385.800048828125,31.0
2025-06-03 05:28:00+00:00,3385.10009765625,3385.699951171875,3384.800048828125,3385.39990234375,101.0
2025-06-03 05:29:00+00:00,3383.800048828125,3385.0,3383.60009765625,3385.0,219.0
2025-06-03 05:30:00+00:00,3383.800048828125,3384.699951171875,3382.0,3384.0,472.0
2025-06-03 05:31:00+00:00,3384.5,3384.699951171875,3383.300048828125,3383.699951171875,58.0
2025-06-03 05:32:00+00:00,3384.0,3385.199951171875,3382.800048828125,3384.800048828125,158.0
2025-06-03 05:33:00+00:00,3384.199951171875,3384.39990234375,3383.5,3383.800048828125,56.0
2025-06-03 05:34:00+00:00,3383.5,3384.199951171875,3382.800048828125,3384.199951171875,117.0
2025-06-03 05:35:00+00:00,3383.60009765625,3383.800048828125,3382.39990234375,3383.60009765625,157.0
2025-06-03 05:36:00+00:00,3382.89990234375,3383.800048828125,3382.699951171875,3383.800048828125,39.0
2025-06-03 05:37:00+00:00,3382.5,3383.0,3381.10009765625,3382.800048828125,313.0
2025-06-03 05:38:00+00:00,3383.5,3383.800048828125,3382.0,3383.0,236.0
2025-06-03 05:39:00+00:00,3384.39990234375,3384.89990234375,3383.39990234375,3383.5,224.0
2025-06-03 05:40:00+00:00,3384.800048828125,3385.10009765625,3384.39990234375,3384.5,27.0
2025-06-03 05:41:00+00:00,3385.39990234375,3385.800048828125,3384.39990234375,3385.10009765625,58.0
2025-06-03 05:42:00+00:00,3386.39990234375,3386.800048828125,3385.60009765625,3385.60009765625,49.0
2025-06-03 05:43:00+00:00,3386.199951171875,3387.300048828125,3386.10009765625,3386.5,157.0
2025-06-03 05:44:00+00:00,3385.89990234375,3386.800048828125,3385.60009765625,3386.300048828125,106.0
2025-06-03 05:45:00+00:00,3385.800048828125,3385.89990234375,3385.10009765625,3385.800048828125,60.0
2025-06-03 05:46:00+00:00,3387.5,3387.60009765625,3385.699951171875,3385.699951171875,73.0
2025-06-03 05:47:00+00:00,3388.39990234375,3388.5,3387.199951171875,3387.60009765625,82.0
2025-06-03 05:48:00+00:00,3389.199951171875,3389.39990234375,3388.199951171875,3388.5,90.0
2025-06-03 05:49:00+00:00,3389.800048828125,3390.800048828125,3389.0,3389.0,185.0
2025-06-03 05:50:00+00:00,3390.60009765625,3391.199951171875,3389.89990234375,3389.89990234375,103.0
2025-06-03 05:51:00+00:00,3390.800048828125,3390.89990234375,3389.800048828125,3390.699951171875,99.0
2025-06-03 05:52:00+00:00,3391.39990234375,3391.800048828125,3390.60009765625,3390.89990234375,81.0
2025-06-03 05:53:00+00:00,3391.800048828125,3392.800048828125,3391.39990234375,3391.5,217.0
2025-06-03 05:54:00+00:00,3390.5,3392.10009765625,3390.5,3392.0,108.0
2025-06-03 05:55:00+00:00,3390.800048828125,3391.300048828125,3389.89990234375,3390.699951171875,109.0
2025-06-03 05:56:00+00:00,3391.0,3391.5,3390.699951171875,3390.89990234375,41.0
2025-06-03 05:57:00+00:00,3390.89990234375,3390.89990234375,3389.800048828125,3390.60009765625,145.0
2025-06-03 05:58:00+00:00,3390.300048828125,3390.89990234375,3364.10009765625,3390.89990234375,40.0
2025-06-03 05:59:00+00:00,3389.800048828125,3390.39990234375,3389.39990234375,3390.300048828125,86.0
2025-06-03 06:00:00+00:00,3391.0,3391.0,3389.5,3389.89990234375,126.0
2025-06-03 06:01:00+00:00,3390.60009765625,3392.10009765625,3390.60009765625,3391.300048828125,104.0
2025-06-03 06:02:00+00:00,3390.199951171875,3391.199951171875,3389.800048828125,3390.60009765625,65.0
2025-06-03 06:03:00+00:00,3391.199951171875,3391.5,3390.5,3390.5,28.0
2025-06-03 06:04:00+00:00,3390.0,3391.10009765625,3389.89990234375,3391.10009765625,50.0
2025-06-03 06:05:00+00:00,3388.800048828125,3390.0,3388.39990234375,3389.5,100.0
2025-06-03 06:06:00+00:00,3388.89990234375,3389.39990234375,3388.39990234375,3388.699951171875,493.0
2025-06-03 06:07:00+00:00,3389.300048828125,3389.300048828125,3388.39990234375,3389.10009765625,67.0
2025-06-03 06:08:00+00:00,3388.199951171875,3389.10009765625,3388.199951171875,3389.10009765625,90.0
2025-06-03 06:09:00+00:00,3387.10009765625,3388.300048828125,3387.0,3388.199951171875,74.0
2025-06-03 06:10:00+00:00,3385.699951171875,3387.10009765625,3384.60009765625,3387.10009765625,248.0
2025-06-03 06:11:00+00:00,3384.800048828125,3385.699951171875,3358.0,3385.5,157.0
2025-06-03 06:12:00+00:00,3385.800048828125,3385.89990234375,3358.0,3358.0,159.0
2025-06-03 06:14:00+00:00,3386.300048828125,3386.300048828125,3386.300048828125,3386.300048828125,138.0
2025-06-03 06:15:00+00:00,3386.800048828125,3387.5,3386.199951171875,3386.5,74.0
2025-06-03 06:16:00+00:00,3387.800048828125,3388.199951171875,3386.699951171875,3386.699951171875,73.0
2025-06-03 06:17:00+00:00,3387.60009765625,3388.0,3387.0,3387.699951171875,96.0
2025-06-03 06:18:00+00:00,3388.199951171875,3388.60009765625,3386.60009765625,3387.5,198.0
2025-06-03 06:19:00+00:00,3389.39990234375,3389.60009765625,3388.199951171875,3388.199951171875,157.0
2025-06-03 06:20:00+00:00,3388.60009765625,3389.5,3388.0,3389.5,90.0
2025-06-03 06:21:00+00:00,3390.5,3390.5,3388.60009765625,3388.60009765625,102.0
2025-06-03 06:22:00+00:00,3389.10009765625,3390.5,3363.0,3390.5,165.0
2025-06-03 06:23:00+00:00,3388.89990234375,3389.39990234375,3388.800048828125,3389.10009765625,72.0
2025-06-03 06:24:00+00:00,3389.10009765625,3389.89990234375,3388.39990234375,3388.89990234375,155.0
2025-06-03 06:25:00+00:00,3388.89990234375,3389.10009765625,3388.10009765625,3389.10009765625,134.0
2025-06-03 06:26:00+00:00,3388.699951171875,3389.10009765625,3388.10009765625,3389.0,91.0
2025-06-03 06:27:00+00:00,3388.800048828125,3388.89990234375,3387.800048828125,3388.800048828125,60.0
2025-06-03 06:28:00+00:00,3388.699951171875,3389.199951171875,3388.199951171875,3388.699951171875,137.0
2025-06-03 06:29:00+00:00,3388.60009765625,3388.800048828125,3388.10009765625,3388.60009765625,49.0
2025-06-03 06:30:00+00:00,3388.5,3389.39990234375,3388.5,3388.800048828125,68.0
2025-06-03 06:31:00+00:00,3388.0,3388.89990234375,3387.5,3388.300048828125,107.0
2025-06-03 06:32:00+00:00,3387.0,3387.89990234375,3386.39990234375,3387.89990234375,114.0
2025-06-03 06:33:00+00:00,3386.60009765625,3387.39990234375,3386.0,3386.89990234375,58.0
2025-06-03 06:34:00+00:00,3385.800048828125,3386.699951171875,3385.39990234375,3386.699951171875,95.0
2025-06-03 06:35:00+00:00,3386.39990234375,3386.60009765625,3385.0,3385.699951171875,94.0
2025-06-03 06:36:00+00:00,3385.300048828125,3386.60009765625,3385.10009765625,3386.5,77.0
2025-06-03 06:37:00+00:00,3385.199951171875,3385.60009765625,3384.60009765625,3385.300048828125,106.0
2025-06-03 06:38:00+00:00,3384.300048828125,3385.699951171875,3384.0,3385.300048828125,94.0
2025-06-03 06:39:00+00:00,3384.39990234375,3384.800048828125,3357.5,3384.5,176.0
2025-06-03 06:40:00+00:00,3383.60009765625,3384.5,3383.39990234375,3384.300048828125,117.0
2025-06-03 06:41:00+00:00,3383.0,3383.800048828125,3356.5,3383.60009765625,126.0
2025-06-03 06:42:00+00:00,3381.39990234375,3382.699951171875,3354.5,3356.0,965.0
2025-06-03 06:43:00+00:00,3379.199951171875,3381.199951171875,3353.0,3381.10009765625,741.0
2025-06-03 06:44:00+00:00,3380.5,3381.5,3379.10009765625,3379.199951171875,217.0
2025-06-03 06:45:00+00:00,3380.89990234375,3381.5,3378.699951171875,3380.5,387.0
2025-06-03 06:46:00+00:00,3379.5,3381.199951171875,3378.699951171875,3381.0,169.0
2025-06-03 06:47:00+00:00,3378.199951171875,3379.89990234375,3352.5,3379.60009765625,221.0
2025-06-03 06:48:00+00:00,3377.300048828125,3378.800048828125,3350.0,3378.10009765625,612.0
2025-06-03 06:49:00+00:00,3378.800048828125,3379.0,3376.800048828125,3376.800048828125,163.0
2025-06-03 06:50:00+00:00,3378.699951171875,3379.89990234375,3377.199951171875,3378.60009765625,256.0
2025-06-03 06:51:00+00:00,3379.699951171875,3379.699951171875,3378.5,3378.699951171875,61.0
2025-06-03 06:52:00+00:00,3380.0,3380.699951171875,3378.60009765625,3379.800048828125,268.0
2025-06-03 06:53:00+00:00,3380.699951171875,3381.10009765625,3379.699951171875,3380.0,136.0
2025-06-03 06:54:00+00:00,3381.800048828125,3381.89990234375,3380.60009765625,3380.60009765625,111.0
2025-06-03 06:55:00+00:00,3382.10009765625,3382.60009765625,3381.5,3381.60009765625,136.0
2025-06-03 06:56:00+00:00,3382.699951171875,3383.0,3382.0,3382.0,114.0
2025-06-03 06:57:00+00:00,3381.800048828125,3383.10009765625,3381.60009765625,3382.60009765625,203.0
2025-06-03 06:58:00+00:00,3383.39990234375,3383.5,3381.60009765625,3381.699951171875,332.0
2025-06-03 06:59:00+00:00,3383.199951171875,3384.0,3382.39990234375,3383.39990234375,205.0
2025-06-03 07:00:00+00:00,3385.0,3385.5,3382.699951171875,3382.699951171875,402.0
2025-06-03 07:01:00+00:00,3382.800048828125,3384.800048828125,3382.5,3384.60009765625,123.0
2025-06-03 07:02:00+00:00,3381.39990234375,3382.699951171875,3381.199951171875,3382.5,154.0
2025-06-03 07:03:00+00:00,3380.300048828125,3381.199951171875,3380.0,3381.199951171875,97.0
2025-06-03 07:04:00+00:00,3379.60009765625,3380.0,3379.60009765625,3379.800048828125,260.0
2025-06-03 07:05:00+00:00,3378.699951171875,3379.300048828125,3377.699951171875,3379.300048828125,216.0
2025-06-03 07:06:00+00:00,3378.199951171875,3379.89990234375,3378.0,3378.89990234375,111.0
2025-06-03 07:07:00+00:00,3378.800048828125,3378.800048828125,3377.800048828125,3378.10009765625,52.0
2025-06-03 07:08:00+00:00,3379.10009765625,3379.5,3378.699951171875,3378.699951171875,66.0
2025-06-03 07:09:00+00:00,3377.5,3378.89990234375,3377.199951171875,3378.89990234375,90.0
2025-06-03 07:10:00+00:00,3379.10009765625,3379.699951171875,3377.699951171875,3377.699951171875,113.0
2025-06-03 07:11:00+00:00,3380.60009765625,3380.60009765625,3378.199951171875,3379.199951171875,248.0
2025-06-03 07:12:00+00:00,3379.39990234375,3380.60009765625,3377.89990234375,3380.60009765625,178.0
2025-06-03 07:13:00+00:00,3376.89990234375,3378.89990234375,3376.89990234375,3378.89990234375,118.0
2025-06-03 07:14:00+00:00,3379.10009765625,3379.699951171875,3376.699951171875,3377.10009765625,157.0
2025-06-03 07:15:00+00:00,3379.699951171875,3379.699951171875,3377.800048828125,3378.800048828125,90.0
2025-06-03 07:16:00+00:00,3380.300048828125,3380.800048828125,3379.300048828125,3379.60009765625,73.0
2025-06-03 07:17:00+00:00,3381.39990234375,3381.699951171875,3379.300048828125,3380.10009765625,97.0
2025-06-03 07:18:00+00:00,3382.199951171875,3382.800048828125,3381.0,3381.39990234375,371.0
2025-06-03 07:19:00+00:00,3382.5,3382.800048828125,3381.699951171875,3382.10009765625,162.0
2025-06-03 07:20:00+00:00,3381.300048828125,3383.699951171875,3380.89990234375,3382.5,248.0
2025-06-03 07:22:00+00:00,3380.699951171875,3381.5,3380.10009765625,3381.39990234375,182.0
2025-06-03 07:23:00+00:00,3380.89990234375,3381.10009765625,3380.800048828125,3381.0,5.0
2025-06-03 07:24:00+00:00,3382.699951171875,3382.699951171875,3382.39990234375,3382.39990234375,121.0
2025-06-03 07:25:00+00:00,3382.800048828125,3383.0,3382.10009765625,3382.800048828125,52.0
2025-06-03 07:26:00+00:00,3383.60009765625,3383.699951171875,3355.60009765625,3383.0,134.0
2025-06-03 07:27:00+00:00,3383.300048828125,3385.10009765625,3382.89990234375,3383.699951171875,387.0
2025-06-03 07:28:00+00:00,3383.39990234375,3383.699951171875,3382.800048828125,3383.300048828125,190.0
2025-06-03 07:29:00+00:00,3381.800048828125,3383.300048828125,3381.699951171875,3383.300048828125,214.0
2025-06-03 07:30:00+00:00,3381.0,3381.89990234375,3380.800048828125,3381.699951171875,139.0
2025-06-03 07:31:00+00:00,3381.10009765625,3381.300048828125,3380.300048828125,3380.89990234375,91.0
2025-06-03 07:32:00+00:00,3379.300048828125,3381.199951171875,3378.800048828125,3381.199951171875,194.0
2025-06-03 07:33:00+00:00,3380.60009765625,3381.39990234375,3379.10009765625,3379.5,127.0
2025-06-03 07:34:00+00:00,3380.89990234375,3381.39990234375,3380.5,3380.89990234375,73.0
2025-06-03 07:35:00+00:00,3380.60009765625,3381.10009765625,3380.5,3381.0,51.0
2025-06-03 07:36:00+00:00,3380.60009765625,3380.89990234375,3380.300048828125,3380.699951171875,24.0
2025-06-03 07:37:00+00:00,3380.5,3381.199951171875,3380.199951171875,3380.5,124.0
2025-06-03 07:38:00+00:00,3380.699951171875,3380.800048828125,3380.199951171875,3380.60009765625,53.0
2025-06-03 07:39:00+00:00,3380.60009765625,3380.800048828125,3380.39990234375,3380.699951171875,17.0
2025-06-03 07:40:00+00:00,3382.60009765625,3382.60009765625,3380.300048828125,3380.699951171875,137.0
2025-06-03 07:41:00+00:00,3381.699951171875,3382.5,3381.5,3382.5,56.0
2025-06-03 07:42:00+00:00,3381.60009765625,3381.699951171875,3381.199951171875,3381.699951171875,60.0
2025-06-03 07:43:00+00:00,3383.199951171875,3383.199951171875,3381.800048828125,3381.800048828125,47.0
2025-06-03 07:44:00+00:00,3383.800048828125,3383.800048828125,3383.199951171875,3383.199951171875,75.0
2025-06-03 07:45:00+00:00,3384.699951171875,3384.699951171875,3383.60009765625,3383.699951171875,123.0
2025-06-03 07:46:00+00:00,3383.800048828125,3384.699951171875,3383.699951171875,3384.699951171875,64.0
2025-06-03 07:47:00+00:00,3383.60009765625,3383.699951171875,3382.699951171875,3383.699951171875,207.0
2025-06-03 07:48:00+00:00,3383.0,3384.0,3383.0,3383.699951171875,55.0
2025-06-03 07:49:00+00:00,3383.39990234375,3383.60009765625,3382.89990234375,3383.10009765625,23.0
2025-06-03 07:50:00+00:00,3383.39990234375,3383.89990234375,3383.199951171875,3383.199951171875,31.0
2025-06-03 07:51:00+00:00,3383.5,3384.0,3383.0,3383.60009765625,46.0
2025-06-03 07:52:00+00:00,3383.5,3383.800048828125,3383.199951171875,3383.300048828125,48.0
2025-06-03 07:53:00+00:00,3383.60009765625,3384.0,3383.300048828125,3383.5,69.0
2025-06-03 07:54:00+00:00,3383.5,3384.199951171875,3383.300048828125,3383.699951171875,62.0
2025-06-03 07:55:00+00:00,3382.89990234375,3383.5,3382.800048828125,3383.5,64.0
2025-06-03 07:56:00+00:00,3382.699951171875,3382.800048828125,3382.699951171875,3382.800048828125,9.0
2025-06-03 07:57:00+00:00,3384.0,3384.0,3382.800048828125,3383.199951171875,180.0
2025-06-03 07:58:00+00:00,3384.0,3384.39990234375,3383.60009765625,3383.89990234375,96.0
2025-06-03 07:59:00+00:00,3384.60009765625,3384.60009765625,3383.60009765625,3384.199951171875,43.0
2025-06-03 08:00:00+00:00,3385.699951171875,3386.199951171875,3384.5,3384.699951171875,179.0
2025-06-03 08:01:00+00:00,3386.800048828125,3387.300048828125,3385.39990234375,3385.60009765625,157.0
2025-06-03 08:02:00+00:00,3385.300048828125,3386.800048828125,3385.10009765625,3386.699951171875,67.0
2025-06-03 08:03:00+00:00,3385.5,3385.699951171875,3385.199951171875,3385.5,54.0
2025-06-03 08:04:00+00:00,3387.10009765625,3387.10009765625,3385.5,3385.5,153.0
2025-06-03 08:05:00+00:00,3388.39990234375,3389.800048828125,3387.0,3387.0,511.0
2025-06-03 08:06:00+00:00,3387.300048828125,3389.699951171875,3387.10009765625,3388.5,478.0
2025-06-03 08:07:00+00:00,3388.300048828125,3388.39990234375,3387.199951171875,3387.199951171875,116.0
2025-06-03 08:08:00+00:00,3387.699951171875,3388.5,3387.199951171875,3388.39990234375,231.0
2025-06-03 08:09:00+00:00,3386.89990234375,3387.699951171875,3386.199951171875,3387.60009765625,127.0
2025-06-03 08:10:00+00:00,3387.199951171875,3387.699951171875,3386.60009765625,3386.800048828125,61.0
2025-06-03 08:11:00+00:00,3386.5,3387.699951171875,3386.39990234375,3387.199951171875,145.0
2025-06-03 08:12:00+00:00,3386.800048828125,3386.89990234375,3386.39990234375,3386.699951171875,41.0
2025-06-03 08:13:00+00:00,3388.39990234375,3388.39990234375,3386.800048828125,3386.89990234375,59.0
2025-06-03 08:14:00+00:00,3388.199951171875,3388.5,3387.800048828125,3388.300048828125,67.0
2025-06-03 08:15:00+00:00,3387.800048828125,3388.800048828125,3387.39990234375,3388.300048828125,68.0
2025-06-03 08:16:00+00:00,3388.199951171875,3388.5,3387.699951171875,3387.89990234375,68.0
2025-06-03 08:17:00+00:00,3389.10009765625,3389.10009765625,3387.89990234375,3388.10009765625,51.0
2025-06-03 08:18:00+00:00,3388.199951171875,3389.199951171875,3388.199951171875,3389.199951171875,39.0
2025-06-03 08:19:00+00:00,3388.39990234375,3389.10009765625,3387.800048828125,3388.10009765625,39.0
2025-06-03 08:20:00+00:00,3387.199951171875,3388.60009765625,3387.199951171875,3388.300048828125,67.0
2025-06-03 08:21:00+00:00,3387.699951171875,3388.300048828125,3387.0,3387.199951171875,76.0
2025-06-03 08:22:00+00:00,3388.10009765625,3388.699951171875,3361.10009765625,3387.699951171875,103.0
2025-06-03 08:23:00+00:00,3387.60009765625,3388.0,3387.300048828125,3387.89990234375,77.0
2025-06-03 08:24:00+00:00,3387.300048828125,3387.5,3387.10009765625,3387.300048828125,18.0
2025-06-03 08:25:00+00:00,3387.10009765625,3387.800048828125,3386.60009765625,3387.10009765625,46.0
2025-06-03 08:26:00+00:00,3387.39990234375,3387.699951171875,3386.699951171875,3386.800048828125,108.0
2025-06-03 08:27:00+00:00,3387.10009765625,3387.5,3387.0,3387.10009765625,46.0
2025-06-03 08:28:00+00:00,3387.10009765625,3387.300048828125,3386.89990234375,3386.89990234375,25.0
2025-06-03 08:29:00+00:00,3386.10009765625,3387.199951171875,3386.0,3386.89990234375,130.0
2025-06-03 08:30:00+00:00,3386.699951171875,3387.10009765625,3360.5,3386.10009765625,77.0
2025-06-03 08:31:00+00:00,3387.800048828125,3387.800048828125,3386.5,3386.699951171875,59.0
2025-06-03 08:32:00+00:00,3388.199951171875,3388.39990234375,3387.699951171875,3387.699951171875,43.0
2025-06-03 08:33:00+00:00,3388.5,3388.5,3387.60009765625,3388.300048828125,47.0
2025-06-03 08:34:00+00:00,3388.199951171875,3388.699951171875,3388.10009765625,3388.5,32.0
2025-06-03 08:35:00+00:00,3387.39990234375,3387.800048828125,3387.39990234375,3387.800048828125,29.0
2025-06-03 08:36:00+00:00,3387.39990234375,3388.199951171875,3387.39990234375,3387.5,47.0
2025-06-03 08:37:00+00:00,3387.300048828125,3387.5,3387.0,3387.199951171875,47.0
2025-06-03 08:38:00+00:00,3388.199951171875,3388.300048828125,3387.39990234375,3387.5,33.0
2025-06-03 08:39:00+00:00,3387.10009765625,3388.300048828125,3387.10009765625,3388.300048828125,21.0
2025-06-03 08:40:00+00:00,3386.300048828125,3387.10009765625,3386.300048828125,3387.10009765625,30.0
2025-06-03 08:41:00+00:00,3384.800048828125,3386.39990234375,3384.800048828125,3386.39990234375,112.0
2025-06-03 08:42:00+00:00,3386.199951171875,3386.699951171875,3384.89990234375,3385.10009765625,99.0
2025-06-03 08:43:00+00:00,3386.0,3386.5,3385.89990234375,3386.300048828125,59.0
2025-06-03 08:44:00+00:00,3384.89990234375,3385.800048828125,3384.60009765625,3385.800048828125,130.0
2025-06-03 08:45:00+00:00,3385.800048828125,3385.89990234375,3384.60009765625,3384.800048828125,58.0
2025-06-03 08:46:00+00:00,3385.699951171875,3386.0,3385.39990234375,3385.699951171875,54.0
2025-06-03 08:47:00+00:00,3385.699951171875,3385.89990234375,3385.60009765625,3385.60009765625,10.0
2025-06-03 08:48:00+00:00,3386.300048828125,3386.39990234375,3359.5,3385.699951171875,14.0
2025-06-03 08:49:00+00:00,3386.300048828125,3386.699951171875,3386.10009765625,3386.10009765625,19.0
2025-06-03 08:50:00+00:00,3386.699951171875,3386.800048828125,3386.5,3386.5,18.0
2025-06-03 08:51:00+00:00,3386.10009765625,3386.89990234375,3385.800048828125,3386.800048828125,23.0
2025-06-03 08:52:00+00:00,3386.199951171875,3386.60009765625,3359.699951171875,3359.699951171875,26.0
2025-06-03 08:53:00+00:00,3386.5,3386.699951171875,3386.10009765625,3386.10009765625,15.0
2025-06-03 08:54:00+00:00,3387.10009765625,3387.300048828125,3386.800048828125,3386.800048828125,39.0
2025-06-03 08:55:00+00:00,3386.5,3387.300048828125,3386.39990234375,3387.199951171875,24.0
2025-06-03 08:56:00+00:00,3385.300048828125,3386.89990234375,3385.300048828125,3386.5,87.0
2025-06-03 08:57:00+00:00,3384.60009765625,3385.39990234375,3384.300048828125,3385.199951171875,50.0
2025-06-03 08:58:00+00:00,3385.199951171875,3385.300048828125,3358.10009765625,3384.300048828125,60.0
2025-06-03 08:59:00+00:00,3385.5,3385.60009765625,3385.0,3385.199951171875,83.0
2025-06-03 09:00:00+00:00,3386.300048828125,3386.300048828125,3385.199951171875,3385.5,43.0
2025-06-03 09:01:00+00:00,3386.60009765625,3386.800048828125,3385.39990234375,3386.0,70.0
2025-06-03 09:02:00+00:00,3386.300048828125,3387.0,3386.199951171875,3386.5,54.0
2025-06-03 09:03:00+00:00,3385.0,3386.60009765625,3385.0,3386.300048828125,74.0
2025-06-03 09:04:00+00:00,3385.800048828125,3386.0,3384.300048828125,3385.199951171875,82.0
2025-06-03 09:05:00+00:00,3385.800048828125,3385.89990234375,3384.89990234375,3385.699951171875,96.0
2025-06-03 09:06:00+00:00,3384.699951171875,3385.800048828125,3384.699951171875,3385.800048828125,62.0
2025-06-03 09:07:00+00:00,3384.89990234375,3385.199951171875,3384.300048828125,3384.5,86.0
2025-06-03 09:08:00+00:00,3384.800048828125,3385.300048828125,3384.5,3385.0,68.0
2025-06-03 09:09:00+00:00,3383.699951171875,3385.0,3383.699951171875,3385.0,51.0
2025-06-03 09:10:00+00:00,3383.199951171875,3384.10009765625,3382.699951171875,3383.800048828125,125.0
2025-06-03 09:11:00+00:00,3383.89990234375,3384.39990234375,3383.300048828125,3383.39990234375,47.0
2025-06-03 09:12:00+00:00,3384.39990234375,3384.800048828125,3383.89990234375,3383.89990234375,88.0
2025-06-03 09:13:00+00:00,3384.89990234375,3385.199951171875,3384.60009765625,3384.60009765625,32.0
2025-06-03 09:14:00+00:00,3383.699951171875,3384.800048828125,3383.0,3384.800048828125,129.0
2025-06-03 09:15:00+00:00,3383.39990234375,3384.699951171875,3383.300048828125,3383.800048828125,77.0
2025-06-03 09:16:00+00:00,3383.800048828125,3383.89990234375,3383.300048828125,3383.699951171875,34.0
2025-06-03 09:17:00+00:00,3383.800048828125,3384.199951171875,3383.60009765625,3383.699951171875,20.0
2025-06-03 09:18:00+00:00,3382.800048828125,3383.699951171875,3382.60009765625,3383.60009765625,45.0
2025-06-03 09:19:00+00:00,3383.0,3383.0,3382.10009765625,3382.699951171875,42.0
2025-06-03 09:20:00+00:00,3384.0,3384.300048828125,3383.10009765625,3383.300048828125,39.0
2025-06-03 09:21:00+00:00,3384.800048828125,3385.199951171875,3358.0,3384.10009765625,73.0
2025-06-03 09:22:00+00:00,3384.699951171875,3385.199951171875,3384.60009765625,3384.60009765625,17.0
2025-06-03 09:23:00+00:00,3384.699951171875,3384.699951171875,3383.699951171875,3384.699951171875,57.0
2025-06-03 09:24:00+00:00,3384.300048828125,3384.699951171875,3357.39990234375,3384.699951171875,34.0
2025-06-03 09:25:00+00:00,3384.39990234375,3384.60009765625,3384.10009765625,3384.39990234375,16.0
2025-06-03 09:26:00+00:00,3384.10009765625,3384.60009765625,3383.699951171875,3384.60009765625,44.0
2025-06-03 09:27:00+00:00,3384.10009765625,3384.199951171875,3383.89990234375,3384.10009765625,14.0
2025-06-03 09:28:00+00:00,3384.199951171875,3384.5,3383.89990234375,3384.199951171875,29.0
2025-06-03 09:29:00+00:00,3383.5,3384.199951171875,3383.300048828125,3384.199951171875,86.0
2025-06-03 09:30:00+00:00,3383.0,3383.300048828125,3383.0,3383.199951171875,15.0
2025-06-03 09:40:00+00:00,3383.89990234375,3384.300048828125,3383.0,3383.5,1359.0
2025-06-03 09:41:00+00:00,3384.10009765625,3384.10009765625,3383.699951171875,3384.0,17.0
2025-06-03 09:42:00+00:00,3384.199951171875,3384.800048828125,3384.0,3384.0,54.0
2025-06-03 09:43:00+00:00,3384.699951171875,3385.10009765625,3384.199951171875,3384.39990234375,93.0
2025-06-03 09:44:00+00:00,3384.39990234375,3385.10009765625,3384.10009765625,3384.89990234375,53.0
2025-06-03 09:45:00+00:00,3384.60009765625,3385.10009765625,3383.89990234375,3384.5,87.0
2025-06-03 09:46:00+00:00,3384.800048828125,3384.89990234375,3384.199951171875,3384.300048828125,29.0
2025-06-03 09:47:00+00:00,3384.699951171875,3385.0,3384.60009765625,3384.699951171875,20.0
2025-06-03 09:48:00+00:00,3383.699951171875,3384.699951171875,3383.699951171875,3384.699951171875,28.0
2025-06-03 09:49:00+00:00,3383.39990234375,3383.89990234375,3356.800048828125,3383.800048828125,25.0
2025-06-03 09:50:00+00:00,3383.699951171875,3383.699951171875,3382.800048828125,3383.199951171875,42.0
2025-06-03 09:51:00+00:00,3382.699951171875,3383.5,3382.5,3383.5,20.0
2025-06-03 09:52:00+00:00,3381.5,3382.60009765625,3355.300048828125,3382.60009765625,61.0
2025-06-03 09:53:00+00:00,3381.5,3381.800048828125,3355.300048828125,3381.39990234375,61.0
2025-06-03 09:54:00+00:00,3381.10009765625,3381.39990234375,3355.300048828125,3381.300048828125,61.0
2025-06-03 09:55:00+00:00,3380.39990234375,3380.89990234375,3380.199951171875,3380.89990234375,102.0
2025-06-03 09:56:00+00:00,3381.10009765625,3381.10009765625,3380.60009765625,3380.60009765625,73.0
2025-06-03 09:57:00+00:00,3380.300048828125,3381.5,3380.199951171875,3381.10009765625,83.0
2025-06-03 09:58:00+00:00,3381.199951171875,3381.199951171875,3355.60009765625,3380.10009765625,51.0
2025-06-03 09:59:00+00:00,3381.199951171875,3381.199951171875,3381.0,3381.10009765625,16.0
2025-06-03 10:00:00+00:00,3381.199951171875,3381.60009765625,3381.199951171875,3381.5,20.0
2025-06-03 10:01:00+00:00,3380.89990234375,3381.0,3380.5,3381.0,15.0
2025-06-03 10:02:00+00:00,3381.800048828125,3382.10009765625,3381.0,3381.0,22.0
2025-06-03 10:03:00+00:00,3382.0,3382.199951171875,3381.699951171875,3381.699951171875,34.0
2025-06-03 10:04:00+00:00,3381.5,3382.10009765625,3381.300048828125,3382.0,65.0
2025-06-03 10:05:00+00:00,3380.800048828125,3381.300048828125,3380.39990234375,3381.300048828125,66.0
2025-06-03 10:06:00+00:00,3380.89990234375,3380.89990234375,3379.699951171875,3380.89990234375,56.0
2025-06-03 10:07:00+00:00,3381.0,3381.0,3380.60009765625,3380.60009765625,20.0
2025-06-03 10:08:00+00:00,3380.89990234375,3381.199951171875,3380.699951171875,3381.199951171875,20.0
2025-06-03 10:09:00+00:00,3380.89990234375,3381.199951171875,3380.699951171875,3381.0,28.0
2025-06-03 10:10:00+00:00,3380.699951171875,3381.10009765625,3380.300048828125,3381.0,23.0
2025-06-03 10:11:00+00:00,3381.699951171875,3381.699951171875,3381.10009765625,3381.10009765625,27.0
2025-06-03 10:12:00+00:00,3382.699951171875,3382.89990234375,3381.699951171875,3381.800048828125,102.0
2025-06-03 10:13:00+00:00,3381.89990234375,3382.89990234375,3381.89990234375,3382.800048828125,91.0
2025-06-03 10:14:00+00:00,3382.10009765625,3382.300048828125,3381.60009765625,3382.0,86.0
2025-06-03 10:15:00+00:00,3381.60009765625,3382.199951171875,3381.0,3382.10009765625,38.0
2025-06-03 10:16:00+00:00,3381.800048828125,3381.800048828125,3381.300048828125,3381.60009765625,17.0
2025-06-03 10:17:00+00:00,3381.5,3381.89990234375,3381.5,3381.89990234375,9.0
2025-06-03 10:18:00+00:00,3380.800048828125,3381.5,3380.10009765625,3381.300048828125,56.0
2025-06-03 10:19:00+00:00,3380.60009765625,3381.0,3380.60009765625,3381.0,7.0
2025-06-03 10:20:00+00:00,3380.39990234375,3380.60009765625,3380.300048828125,3380.300048828125,28.0
2025-06-03 10:21:00+00:00,3380.60009765625,3381.10009765625,3380.199951171875,3380.5,109.0
2025-06-03 10:22:00+00:00,3380.39990234375,3381.10009765625,3380.300048828125,3380.60009765625,32.0
2025-06-03 10:23:00+00:00,3380.300048828125,3380.800048828125,3379.10009765625,3380.5,146.0
2025-06-03 10:24:00+00:00,3380.800048828125,3380.800048828125,3380.199951171875,3380.5,135.0
2025-06-03 10:25:00+00:00,3381.5,3381.60009765625,3380.60009765625,3380.800048828125,93.0
2025-06-03 10:26:00+00:00,3381.300048828125,3381.5,3381.0,3381.5,23.0
2025-06-03 10:27:00+00:00,3380.60009765625,3381.199951171875,3380.5,3381.199951171875,33.0
2025-06-03 10:28:00+00:00,3381.300048828125,3381.300048828125,3354.300048828125,3380.699951171875,13.0
2025-06-03 10:29:00+00:00,3382.10009765625,3382.5,3381.5,3381.5,89.0
2025-06-03 10:30:00+00:00,3381.5,3382.300048828125,3381.199951171875,3382.300048828125,67.0
2025-06-03 10:31:00+00:00,3382.699951171875,3382.800048828125,3381.5,3381.5,111.0
2025-06-03 10:32:00+00:00,3382.5,3382.699951171875,3382.39990234375,3382.60009765625,16.0
2025-06-03 10:33:00+00:00,3382.199951171875,3382.60009765625,3381.89990234375,3382.60009765625,37.0
2025-06-03 10:34:00+00:00,3381.699951171875,3382.10009765625,3381.699951171875,3382.10009765625,28.0
2025-06-03 10:35:00+00:00,3381.89990234375,3382.300048828125,3381.699951171875,3381.699951171875,36.0
2025-06-03 10:36:00+00:00,3381.89990234375,3382.10009765625,3381.39990234375,3381.60009765625,86.0
2025-06-03 10:37:00+00:00,3382.10009765625,3382.199951171875,3381.5,3381.800048828125,39.0
2025-06-03 10:38:00+00:00,3382.10009765625,3382.10009765625,3381.89990234375,3381.89990234375,15.0
2025-06-03 10:39:00+00:00,3381.800048828125,3382.39990234375,3381.60009765625,3382.10009765625,63.0
2025-06-03 10:40:00+00:00,3382.699951171875,3382.800048828125,3381.39990234375,3381.699951171875,126.0
2025-06-03 10:41:00+00:00,3382.699951171875,3383.10009765625,3382.5,3382.800048828125,52.0
2025-06-03 10:42:00+00:00,3382.39990234375,3382.89990234375,3382.199951171875,3382.699951171875,25.0
2025-06-03 10:43:00+00:00,3382.39990234375,3382.5,3382.0,3382.39990234375,40.0
2025-06-03 10:44:00+00:00,3381.699951171875,3382.699951171875,3381.5,3382.39990234375,48.0
2025-06-03 10:45:00+00:00,3381.10009765625,3381.5,3380.60009765625,3381.5,64.0
2025-06-03 10:46:00+00:00,3381.10009765625,3381.300048828125,3380.800048828125,3381.300048828125,38.0
2025-06-03 10:47:00+00:00,3380.89990234375,3381.199951171875,3380.300048828125,3381.10009765625,37.0
2025-06-03 10:48:00+00:00,3380.699951171875,3381.0,3380.60009765625,3381.0,24.0
2025-06-03 10:49:00+00:00,3380.699951171875,3381.199951171875,3380.60009765625,3380.800048828125,22.0
2025-06-03 10:50:00+00:00,3380.0,3380.60009765625,3379.39990234375,3380.60009765625,54.0
2025-06-03 10:51:00+00:00,3380.300048828125,3380.300048828125,3379.89990234375,3379.89990234375,19.0
2025-06-03 10:52:00+00:00,3380.10009765625,3380.300048828125,3380.0,3380.300048828125,17.0
2025-06-03 10:53:00+00:00,3380.800048828125,3381.10009765625,3379.5,3380.199951171875,85.0
2025-06-03 10:54:00+00:00,3380.39990234375,3380.699951171875,3380.300048828125,3380.699951171875,18.0
2025-06-03 10:55:00+00:00,3380.10009765625,3380.5,3380.0,3380.5,16.0
2025-06-03 10:56:00+00:00,3380.300048828125,3380.39990234375,3379.89990234375,3380.10009765625,18.0
2025-06-03 10:57:00+00:00,3379.60009765625,3380.39990234375,3379.300048828125,3380.300048828125,47.0
2025-06-03 10:58:00+00:00,3379.800048828125,3380.10009765625,3379.39990234375,3379.39990234375,31.0
2025-06-03 10:59:00+00:00,3379.89990234375,3380.300048828125,3379.60009765625,3379.800048828125,33.0
2025-06-03 11:00:00+00:00,3380.0,3380.699951171875,3379.800048828125,3380.10009765625,82.0
2025-06-03 11:01:00+00:00,3380.699951171875,3380.89990234375,3380.199951171875,3380.199951171875,36.0
2025-06-03 11:02:00+00:00,3381.5,3381.60009765625,3380.699951171875,3380.800048828125,56.0
2025-06-03 11:03:00+00:00,3382.0,3382.0,3381.199951171875,3381.5,55.0
2025-06-03 11:04:00+00:00,3381.199951171875,3382.10009765625,3381.199951171875,3381.89990234375,41.0
2025-06-03 11:05:00+00:00,3380.199951171875,3381.300048828125,3380.199951171875,3381.300048828125,37.0
2025-06-03 11:06:00+00:00,3380.0,3380.60009765625,3380.0,3380.199951171875,19.0
2025-06-03 11:07:00+00:00,3381.800048828125,3382.0,3380.0,3380.0,84.0
2025-06-03 11:08:00+00:00,3380.800048828125,3381.800048828125,3380.60009765625,3381.800048828125,63.0
2025-06-03 11:09:00+00:00,3380.39990234375,3380.60009765625,3380.10009765625,3380.5,26.0
2025-06-03 11:10:00+00:00,3379.60009765625,3380.199951171875,3352.699951171875,3380.10009765625,84.0
2025-06-03 11:11:00+00:00,3379.39990234375,3380.0,3352.699951171875,3352.699951171875,71.0
2025-06-03 11:12:00+00:00,3379.300048828125,3379.5,3378.60009765625,3379.10009765625,65.0
2025-06-03 11:13:00+00:00,3380.39990234375,3380.89990234375,3377.699951171875,3379.39990234375,303.0
2025-06-03 11:14:00+00:00,3381.5,3381.699951171875,3354.60009765625,3380.39990234375,106.0
2025-06-03 11:15:00+00:00,3381.60009765625,3381.800048828125,3354.60009765625,3381.5,48.0
2025-06-03 11:16:00+00:00,3381.39990234375,3381.699951171875,3381.10009765625,3381.5,39.0
2025-06-03 11:17:00+00:00,3381.5,3382.10009765625,3381.5,3381.5,28.0
2025-06-03 11:18:00+00:00,3381.800048828125,3381.800048828125,3381.10009765625,3381.39990234375,39.0
2025-06-03 11:19:00+00:00,3381.699951171875,3382.0,3381.5,3381.89990234375,31.0
2025-06-03 11:20:00+00:00,3380.89990234375,3381.60009765625,3380.800048828125,3381.60009765625,27.0
2025-06-03 11:21:00+00:00,3381.300048828125,3381.5,3380.5,3380.800048828125,30.0
2025-06-03 11:22:00+00:00,3381.300048828125,3381.5,3381.10009765625,3381.10009765625,26.0
2025-06-03 11:23:00+00:00,3380.60009765625,3381.300048828125,3380.39990234375,3381.10009765625,39.0
2025-06-03 11:24:00+00:00,3381.5,3381.60009765625,3380.60009765625,3380.60009765625,27.0
2025-06-03 11:25:00+00:00,3382.39990234375,3382.60009765625,3381.39990234375,3381.5,64.0
2025-06-03 11:26:00+00:00,3382.39990234375,3383.0,3382.0,3382.60009765625,107.0
2025-06-03 11:27:00+00:00,3381.199951171875,3382.39990234375,3380.89990234375,3382.39990234375,119.0
2025-06-03 11:28:00+00:00,3381.0,3381.800048828125,3380.60009765625,3381.10009765625,130.0
2025-06-03 11:29:00+00:00,3381.300048828125,3381.699951171875,3380.699951171875,3381.0,112.0
2025-06-03 11:30:00+00:00,3380.89990234375,3381.89990234375,3380.60009765625,3381.300048828125,56.0
2025-06-03 11:31:00+00:00,3381.10009765625,3381.5,3380.699951171875,3380.800048828125,36.0
2025-06-03 11:32:00+00:00,3382.5,3382.5,3355.300048828125,3381.300048828125,32.0
2025-06-03 11:33:00+00:00,3383.10009765625,3383.10009765625,3382.5,3382.60009765625,104.0
2025-06-03 11:34:00+00:00,3383.0,3383.10009765625,3382.5,3383.10009765625,72.0
2025-06-03 11:35:00+00:00,3384.10009765625,3384.10009765625,3383.0,3383.10009765625,221.0
2025-06-03 11:36:00+00:00,3383.10009765625,3384.10009765625,3383.0,3384.0,125.0
2025-06-03 11:37:00+00:00,3383.199951171875,3383.60009765625,3382.89990234375,3383.0,50.0
2025-06-03 11:38:00+00:00,3383.199951171875,3383.199951171875,3382.800048828125,3383.199951171875,20.0
2025-06-03 11:39:00+00:00,3383.199951171875,3383.60009765625,3382.800048828125,3383.10009765625,14.0
2025-06-03 11:40:00+00:00,3382.60009765625,3383.60009765625,3382.39990234375,3383.199951171875,116.0
2025-06-03 11:41:00+00:00,3383.39990234375,3383.60009765625,3382.800048828125,3382.800048828125,47.0
2025-06-03 11:42:00+00:00,3383.0,3383.39990234375,3382.800048828125,3383.300048828125,13.0
2025-06-03 11:43:00+00:00,3383.199951171875,3383.199951171875,3382.89990234375,3383.10009765625,8.0
2025-06-03 11:44:00+00:00,3382.199951171875,3382.89990234375,3382.199951171875,3382.89990234375,14.0
2025-06-03 11:45:00+00:00,3382.699951171875,3382.699951171875,3381.89990234375,3382.199951171875,30.0
2025-06-03 11:46:00+00:00,3382.89990234375,3382.89990234375,3382.10009765625,3382.5,12.0
2025-06-03 11:47:00+00:00,3383.0,3383.60009765625,3383.0,3383.0,37.0
2025-06-03 11:48:00+00:00,3382.89990234375,3383.5,3382.800048828125,3383.10009765625,22.0
2025-06-03 11:49:00+00:00,3383.300048828125,3383.39990234375,3382.89990234375,3382.89990234375,21.0
2025-06-03 11:50:00+00:00,3383.800048828125,3383.800048828125,3382.5,3383.10009765625,89.0
2025-06-03 11:51:00+00:00,3383.89990234375,3384.0,3383.800048828125,3383.89990234375,15.0
2025-06-03 11:52:00+00:00,3384.60009765625,3384.699951171875,3383.699951171875,3384.0,80.0
2025-06-03 11:53:00+00:00,3384.800048828125,3384.800048828125,3384.39990234375,3384.699951171875,26.0
2025-06-03 11:54:00+00:00,3383.60009765625,3384.800048828125,3357.5,3384.699951171875,191.0
2025-06-03 11:55:00+00:00,3383.800048828125,3383.800048828125,3356.0,3383.60009765625,108.0
2025-06-03 11:56:00+00:00,3383.5,3383.89990234375,3383.5,3383.89990234375,21.0
2025-06-03 11:57:00+00:00,3383.5,3383.699951171875,3383.199951171875,3383.699951171875,26.0
2025-06-03 11:58:00+00:00,3383.39990234375,3383.699951171875,3383.199951171875,3383.39990234375,41.0
2025-06-03 11:59:00+00:00,3383.300048828125,3383.39990234375,3383.0,3383.39990234375,95.0
2025-06-03 12:00:00+00:00,3383.800048828125,3384.199951171875,3356.800048828125,3383.5,173.0
2025-06-03 12:01:00+00:00,3381.800048828125,3383.699951171875,3355.10009765625,3383.699951171875,222.0
2025-06-03 12:02:00+00:00,3381.699951171875,3382.300048828125,3355.10009765625,3381.699951171875,107.0
2025-06-03 12:03:00+00:00,3382.300048828125,3382.800048828125,3355.300048828125,3381.89990234375,295.0
2025-06-03 12:04:00+00:00,3380.39990234375,3382.60009765625,3355.300048828125,3382.300048828125,323.0
2025-06-03 12:05:00+00:00,3378.39990234375,3380.699951171875,3378.300048828125,3380.699951171875,263.0
2025-06-03 12:06:00+00:00,3376.199951171875,3378.89990234375,3350.0,3378.300048828125,374.0
2025-06-03 12:07:00+00:00,3375.89990234375,3376.199951171875,3349.10009765625,3349.10009765625,972.0
2025-06-03 12:08:00+00:00,3377.699951171875,3377.699951171875,3375.699951171875,3375.800048828125,248.0
2025-06-03 12:09:00+00:00,3378.800048828125,3379.10009765625,3377.39990234375,3377.699951171875,310.0
2025-06-03 12:10:00+00:00,3378.800048828125,3379.300048828125,3378.0,3378.699951171875,224.0
2025-06-03 12:11:00+00:00,3376.39990234375,3378.60009765625,3376.10009765625,3378.60009765625,239.0
2025-06-03 12:12:00+00:00,3377.60009765625,3377.800048828125,3376.10009765625,3376.300048828125,107.0
2025-06-03 12:13:00+00:00,3377.89990234375,3379.10009765625,3377.60009765625,3377.699951171875,208.0
2025-06-03 12:14:00+00:00,3377.300048828125,3378.5,3376.800048828125,3378.300048828125,102.0
2025-06-03 12:15:00+00:00,3376.89990234375,3378.199951171875,3376.0,3377.199951171875,247.0
2025-06-03 12:16:00+00:00,3376.5,3376.89990234375,3375.300048828125,3376.800048828125,237.0
2025-06-03 12:17:00+00:00,3375.5,3377.0,3348.5,3376.199951171875,99.0
2025-06-03 12:18:00+00:00,3374.699951171875,3375.39990234375,3374.199951171875,3375.39990234375,181.0
2025-06-03 12:19:00+00:00,3375.300048828125,3376.10009765625,3374.39990234375,3375.0,170.0
2025-06-03 12:20:00+00:00,3374.199951171875,3375.60009765625,3371.0,3375.199951171875,1108.0
2025-06-03 12:21:00+00:00,3376.699951171875,3377.199951171875,3374.199951171875,3374.199951171875,461.0
2025-06-03 12:22:00+00:00,3377.0,3377.699951171875,3376.0,3376.800048828125,310.0
2025-06-03 12:23:00+00:00,3377.39990234375,3377.39990234375,3376.0,3377.10009765625,92.0
2025-06-03 12:24:00+00:00,3377.10009765625,3377.800048828125,3376.89990234375,3377.39990234375,137.0
2025-06-03 12:25:00+00:00,3379.300048828125,3379.699951171875,3377.199951171875,3377.300048828125,322.0
2025-06-03 12:26:00+00:00,3379.10009765625,3379.199951171875,3352.0,3379.0,153.0
2025-06-03 12:27:00+00:00,3378.5,3379.699951171875,3351.5,3379.0,117.0
2025-06-03 12:28:00+00:00,3379.10009765625,3379.199951171875,3378.199951171875,3378.39990234375,73.0
2025-06-03 12:29:00+00:00,3378.5,3379.10009765625,3378.10009765625,3379.10009765625,101.0
2025-06-03 12:30:00+00:00,3380.10009765625,3380.39990234375,3378.10009765625,3378.39990234375,235.0
2025-06-03 12:31:00+00:00,3378.5,3380.699951171875,3378.300048828125,3380.0,361.0
2025-06-03 12:32:00+00:00,3377.60009765625,3378.39990234375,3350.699951171875,3378.39990234375,85.0
2025-06-03 12:33:00+00:00,3377.699951171875,3378.199951171875,3377.300048828125,3377.699951171875,85.0
2025-06-03 12:34:00+00:00,3377.5,3378.10009765625,3377.0,3377.800048828125,100.0
2025-06-03 12:35:00+00:00,3377.800048828125,3378.10009765625,3377.199951171875,3377.699951171875,82.0
2025-06-03 12:36:00+00:00,3379.89990234375,3379.89990234375,3377.699951171875,3377.800048828125,117.0
2025-06-03 12:37:00+00:00,3381.199951171875,3381.5,3353.300048828125,3379.800048828125,492.0
2025-06-03 12:38:00+00:00,3381.5,3381.5,3380.5,3381.10009765625,219.0
2025-06-03 12:39:00+00:00,3382.800048828125,3383.10009765625,3356.0,3381.60009765625,355.0
2025-06-03 12:40:00+00:00,3382.300048828125,3384.10009765625,3356.0,3383.0,409.0
2025-06-03 12:41:00+00:00,3384.800048828125,3385.300048828125,3382.199951171875,3382.199951171875,478.0
2025-06-03 12:42:00+00:00,3386.300048828125,3386.699951171875,3384.10009765625,3384.800048828125,281.0
2025-06-03 12:43:00+00:00,3386.10009765625,3387.199951171875,3360.0,3386.300048828125,338.0
2025-06-03 12:44:00+00:00,3385.300048828125,3386.39990234375,3384.39990234375,3386.10009765625,227.0
2025-06-03 12:45:00+00:00,3385.199951171875,3387.0,3385.10009765625,3385.300048828125,221.0
2025-06-03 12:46:00+00:00,3385.0,3386.0,3384.699951171875,3385.5,96.0
2025-06-03 12:47:00+00:00,3383.699951171875,3385.199951171875,3383.699951171875,3385.10009765625,93.0
2025-06-03 12:48:00+00:00,3384.199951171875,3384.300048828125,3357.10009765625,3383.699951171875,107.0
2025-06-03 12:49:00+00:00,3384.199951171875,3384.5,3356.800048828125,3384.5,96.0
2025-06-03 12:50:00+00:00,3383.5,3384.39990234375,3356.699951171875,3384.10009765625,116.0
2025-06-03 12:51:00+00:00,3382.39990234375,3383.699951171875,3355.300048828125,3383.39990234375,270.0
2025-06-03 12:52:00+00:00,3382.60009765625,3383.10009765625,3381.60009765625,3382.199951171875,133.0
2025-06-03 12:53:00+00:00,3382.10009765625,3383.39990234375,3356.699951171875,3382.800048828125,97.0
2025-06-03 12:54:00+00:00,3382.699951171875,3382.800048828125,3381.800048828125,3382.199951171875,92.0
2025-06-03 12:55:00+00:00,3382.10009765625,3383.699951171875,3382.10009765625,3382.5,113.0
2025-06-03 12:56:00+00:00,3382.699951171875,3383.10009765625,3382.0,3382.199951171875,73.0
2025-06-03 12:57:00+00:00,3383.5,3384.5,3382.699951171875,3382.699951171875,294.0
2025-06-03 12:58:00+00:00,3383.39990234375,3383.5,3382.699951171875,3383.39990234375,59.0
2025-06-03 12:59:00+00:00,3383.60009765625,3383.699951171875,3382.199951171875,3383.60009765625,113.0
2025-06-03 13:00:00+00:00,3383.199951171875,3383.800048828125,3381.10009765625,3383.699951171875,293.0
2025-06-03 13:01:00+00:00,3384.5,3384.699951171875,3383.0,3383.5,97.0
2025-06-03 13:02:00+00:00,3384.39990234375,3385.39990234375,3383.800048828125,3384.199951171875,126.0
2025-06-03 13:03:00+00:00,3385.0,3385.699951171875,3384.39990234375,3384.39990234375,105.0
2025-06-03 13:04:00+00:00,3385.10009765625,3385.800048828125,3384.800048828125,3385.300048828125,97.0
2025-06-03 13:05:00+00:00,3385.0,3386.199951171875,3384.89990234375,3385.199951171875,124.0
2025-06-03 13:06:00+00:00,3385.10009765625,3385.5,3384.699951171875,3384.800048828125,87.0
2025-06-03 13:07:00+00:00,3384.800048828125,3385.199951171875,3384.5,3385.10009765625,83.0
2025-06-03 13:08:00+00:00,3385.39990234375,3386.800048828125,3360.0,3384.699951171875,194.0
2025-06-03 13:09:00+00:00,3385.39990234375,3387.0,3360.0,3385.300048828125,395.0
2025-06-03 13:10:00+00:00,3385.39990234375,3385.800048828125,3384.699951171875,3385.199951171875,95.0
2025-06-03 13:11:00+00:00,3384.800048828125,3385.39990234375,3382.699951171875,3385.39990234375,524.0
2025-06-03 13:12:00+00:00,3384.300048828125,3385.60009765625,3384.199951171875,3384.89990234375,157.0
2025-06-03 13:13:00+00:00,3383.699951171875,3384.60009765625,3383.699951171875,3384.199951171875,64.0
2025-06-03 13:14:00+00:00,3383.800048828125,3384.300048828125,3383.300048828125,3383.60009765625,141.0
2025-06-03 13:15:00+00:00,3385.199951171875,3385.699951171875,3383.199951171875,3384.0,405.0
2025-06-03 13:16:00+00:00,3384.699951171875,3385.39990234375,3384.699951171875,3385.0,70.0
2025-06-03 13:17:00+00:00,3383.699951171875,3385.0,3383.39990234375,3384.5,99.0
2025-06-03 13:18:00+00:00,3384.10009765625,3384.39990234375,3383.5,3383.5,59.0
2025-06-03 13:19:00+00:00,3384.0,3384.300048828125,3383.199951171875,3383.800048828125,57.0
2025-06-03 13:20:00+00:00,3384.300048828125,3384.5,3383.800048828125,3384.199951171875,41.0
2025-06-03 13:21:00+00:00,3384.800048828125,3384.89990234375,3384.10009765625,3384.5,68.0
2025-06-03 13:22:00+00:00,3385.199951171875,3385.5,3384.699951171875,3384.800048828125,80.0
2025-06-03 13:23:00+00:00,3384.10009765625,3385.199951171875,3383.89990234375,3385.0,66.0
2025-06-03 13:24:00+00:00,3385.10009765625,3385.5,3383.5,3384.10009765625,129.0
2025-06-03 13:25:00+00:00,3385.699951171875,3386.10009765625,3358.699951171875,3385.199951171875,89.0
2025-06-03 13:26:00+00:00,3384.300048828125,3385.60009765625,3384.10009765625,3385.60009765625,61.0
2025-06-03 13:27:00+00:00,3383.0,3384.300048828125,3382.699951171875,3384.10009765625,116.0
2025-06-03 13:28:00+00:00,3382.199951171875,3383.39990234375,3381.800048828125,3383.0,131.0
2025-06-03 13:29:00+00:00,3383.300048828125,3383.39990234375,3382.0,3382.300048828125,78.0
2025-06-03 13:30:00+00:00,3378.5,3383.5,3377.0,3383.39990234375,1080.0
2025-06-03 13:31:00+00:00,3377.39990234375,3378.89990234375,3377.0,3378.199951171875,436.0
2025-06-03 13:32:00+00:00,3379.199951171875,3379.800048828125,3375.60009765625,3377.60009765625,494.0
2025-06-03 13:33:00+00:00,3380.39990234375,3380.699951171875,3378.199951171875,3379.10009765625,347.0
2025-06-03 13:34:00+00:00,3378.300048828125,3380.60009765625,3378.300048828125,3380.5,185.0
2025-06-03 13:35:00+00:00,3376.60009765625,3378.199951171875,3375.699951171875,3378.199951171875,338.0
2025-06-03 13:36:00+00:00,3379.199951171875,3379.199951171875,3376.300048828125,3376.5,282.0
2025-06-03 13:37:00+00:00,3379.10009765625,3379.5,3377.800048828125,3378.89990234375,187.0
2025-06-03 13:38:00+00:00,3378.5,3380.5,3377.5,3379.0,239.0
2025-06-03 13:39:00+00:00,3377.39990234375,3378.300048828125,3376.699951171875,3378.10009765625,202.0
2025-06-03 13:40:00+00:00,3376.39990234375,3377.699951171875,3375.39990234375,3377.300048828125,202.0
2025-06-03 13:42:00+00:00,3372.89990234375,3375.0,3372.699951171875,3374.39990234375,957.0
2025-06-03 13:43:00+00:00,3375.60009765625,3376.199951171875,3347.89990234375,3373.10009765625,275.0
2025-06-03 13:44:00+00:00,3375.699951171875,3376.10009765625,3375.10009765625,3375.5,202.0
2025-06-03 13:45:00+00:00,3372.199951171875,3376.10009765625,3346.39990234375,3376.10009765625,555.0
2025-06-03 13:46:00+00:00,3367.0,3372.300048828125,3366.5,3372.300048828125,1897.0
2025-06-03 13:47:00+00:00,3367.199951171875,3367.89990234375,3364.60009765625,3367.10009765625,1129.0
2025-06-03 13:48:00+00:00,3367.800048828125,3367.800048828125,3365.199951171875,3367.10009765625,709.0
2025-06-03 13:49:00+00:00,3367.800048828125,3368.699951171875,3366.699951171875,3367.89990234375,479.0
2025-06-03 13:50:00+00:00,3369.60009765625,3371.10009765625,3341.10009765625,3367.89990234375,704.0
2025-06-03 13:51:00+00:00,3368.699951171875,3370.699951171875,3368.39990234375,3369.60009765625,344.0
2025-06-03 13:52:00+00:00,3366.699951171875,3368.5,3340.89990234375,3368.5,435.0
2025-06-03 13:53:00+00:00,3365.0,3368.5,3339.199951171875,3366.89990234375,621.0
2025-06-03 13:54:00+00:00,3367.10009765625,3367.800048828125,3364.89990234375,3365.0,431.0
2025-06-03 13:55:00+00:00,3368.5,3368.800048828125,3367.300048828125,3367.300048828125,223.0
2025-06-03 13:56:00+00:00,3368.10009765625,3369.0,3367.300048828125,3368.39990234375,178.0
2025-06-03 13:57:00+00:00,3368.800048828125,3369.300048828125,3367.39990234375,3368.0,214.0
2025-06-03 13:58:00+00:00,3369.199951171875,3370.199951171875,3343.0,3369.0,216.0
2025-06-03 13:59:00+00:00,3370.39990234375,3370.39990234375,3340.800048828125,3369.199951171875,321.0
2025-06-03 14:00:00+00:00,3364.0,3370.800048828125,3335.39990234375,3369.800048828125,1991.0
2025-06-03 14:01:00+00:00,3363.10009765625,3365.39990234375,3362.89990234375,3363.89990234375,423.0
2025-06-03 14:02:00+00:00,3360.89990234375,3363.800048828125,3360.800048828125,3363.300048828125,908.0
2025-06-03 14:03:00+00:00,3361.60009765625,3361.60009765625,3358.39990234375,3361.0,1653.0
2025-06-03 14:04:00+00:00,3360.199951171875,3363.199951171875,3333.89990234375,3361.5,1267.0
2025-06-03 14:05:00+00:00,3358.0,3360.300048828125,3331.300048828125,3360.300048828125,872.0
2025-06-03 14:06:00+00:00,3358.39990234375,3359.5,3357.699951171875,3357.800048828125,608.0
2025-06-03 14:07:00+00:00,3362.300048828125,3363.5,3332.800048828125,3358.300048828125,1176.0
2025-06-03 14:08:00+00:00,3361.39990234375,3365.10009765625,3360.5,3362.5,781.0
2025-06-03 14:09:00+00:00,3363.300048828125,3363.699951171875,3336.0,3361.199951171875,489.0
2025-06-03 14:10:00+00:00,3364.300048828125,3365.699951171875,3337.0,3363.300048828125,807.0
2025-06-03 14:11:00+00:00,3366.0,3366.0,3364.199951171875,3364.39990234375,385.0
2025-06-03 14:12:00+00:00,3365.300048828125,3366.0,3364.0,3366.0,476.0
2025-06-03 14:13:00+00:00,3364.39990234375,3365.39990234375,3363.60009765625,3365.39990234375,350.0
2025-06-03 14:14:00+00:00,3363.300048828125,3365.60009765625,3363.300048828125,3364.5,355.0
2025-06-03 14:15:00+00:00,3361.199951171875,3363.800048828125,3336.300048828125,3363.10009765625,446.0
2025-06-03 14:16:00+00:00,3364.699951171875,3364.699951171875,3361.300048828125,3361.60009765625,221.0
2025-06-03 14:17:00+00:00,3366.0,3366.39990234375,3338.5,3364.699951171875,338.0
2025-06-03 14:18:00+00:00,3365.300048828125,3366.199951171875,3364.800048828125,3366.0,217.0
2025-06-03 14:19:00+00:00,3364.5,3365.199951171875,3338.10009765625,3365.0,194.0
2025-06-03 14:20:00+00:00,3365.60009765625,3365.699951171875,3363.699951171875,3364.5,358.0
2025-06-03 14:21:00+00:00,3368.39990234375,3368.89990234375,3365.699951171875,3365.699951171875,587.0
2025-06-03 14:22:00+00:00,3368.5,3368.60009765625,3367.199951171875,3368.300048828125,390.0
2025-06-03 14:23:00+00:00,3368.0,3369.300048828125,3367.39990234375,3368.60009765625,391.0
2025-06-03 14:24:00+00:00,3367.89990234375,3368.699951171875,3367.800048828125,3367.89990234375,153.0
2025-06-03 14:25:00+00:00,3368.199951171875,3368.300048828125,3341.10009765625,3367.89990234375,128.0
2025-06-03 14:26:00+00:00,3369.39990234375,3369.39990234375,3367.0,3368.0,148.0
2025-06-03 14:27:00+00:00,3369.300048828125,3370.699951171875,3368.89990234375,3369.5,513.0
2025-06-03 14:28:00+00:00,3369.60009765625,3370.0,3368.89990234375,3369.199951171875,178.0
2025-06-03 14:29:00+00:00,3370.89990234375,3371.39990234375,3369.699951171875,3369.699951171875,281.0
2025-06-03 14:30:00+00:00,3371.89990234375,3372.300048828125,3370.800048828125,3371.0,366.0
2025-06-03 14:31:00+00:00,3371.89990234375,3372.5,3371.39990234375,3371.89990234375,272.0
2025-06-03 14:32:00+00:00,3370.89990234375,3372.10009765625,3370.39990234375,3372.0,299.0
2025-06-03 14:33:00+00:00,3370.300048828125,3371.5,3369.800048828125,3370.89990234375,231.0
2025-06-03 14:34:00+00:00,3369.800048828125,3371.0,3369.5,3370.300048828125,199.0
2025-06-03 14:35:00+00:00,3372.39990234375,3372.800048828125,3343.60009765625,3370.0,266.0
2025-06-03 14:36:00+00:00,3371.89990234375,3372.5,3371.300048828125,3372.300048828125,227.0
2025-06-03 14:37:00+00:00,3372.60009765625,3374.0,3371.800048828125,3371.89990234375,393.0
2025-06-03 14:38:00+00:00,3372.199951171875,3372.89990234375,3345.199951171875,3345.199951171875,182.0
2025-06-03 14:39:00+00:00,3372.0,3372.39990234375,3371.60009765625,3372.199951171875,90.0
2025-06-03 14:40:00+00:00,3372.60009765625,3373.39990234375,3372.0,3372.0,160.0
2025-06-03 14:41:00+00:00,3373.39990234375,3373.39990234375,3372.10009765625,3372.60009765625,76.0
2025-06-03 14:42:00+00:00,3372.800048828125,3373.89990234375,3372.60009765625,3373.5,156.0
2025-06-03 14:43:00+00:00,3374.0,3374.0,3372.699951171875,3372.699951171875,98.0
2025-06-03 14:44:00+00:00,3374.10009765625,3374.60009765625,3373.5,3373.800048828125,294.0
2025-06-03 14:45:00+00:00,3372.199951171875,3374.199951171875,3372.199951171875,3374.0,250.0
2025-06-03 14:46:00+00:00,3372.60009765625,3373.10009765625,3371.39990234375,3372.39990234375,243.0
2025-06-03 14:47:00+00:00,3372.60009765625,3372.800048828125,3371.300048828125,3372.60009765625,135.0
2025-06-03 14:48:00+00:00,3371.10009765625,3372.39990234375,3370.5,3372.39990234375,379.0
2025-06-03 14:49:00+00:00,3370.199951171875,3371.5,3370.199951171875,3371.0,70.0
2025-06-03 14:50:00+00:00,3369.89990234375,3370.60009765625,3369.0,3370.39990234375,331.0
2025-06-03 14:51:00+00:00,3370.0,3370.89990234375,3369.89990234375,3369.89990234375,94.0
2025-06-03 14:52:00+00:00,3370.800048828125,3370.800048828125,3369.800048828125,3370.199951171875,83.0
2025-06-03 14:53:00+00:00,3372.0,3372.10009765625,3370.800048828125,3370.800048828125,100.0
2025-06-03 14:54:00+00:00,3372.89990234375,3372.89990234375,3345.39990234375,3372.199951171875,125.0
2025-06-03 14:55:00+00:00,3373.10009765625,3373.10009765625,3345.800048828125,3345.800048828125,176.0
2025-06-03 14:56:00+00:00,3373.300048828125,3373.39990234375,3372.699951171875,3373.0,41.0
2025-06-03 14:57:00+00:00,3372.89990234375,3372.89990234375,3372.39990234375,3372.5,163.0
2025-06-03 14:58:00+00:00,3372.199951171875,3373.10009765625,3371.5,3372.800048828125,117.0
2025-06-03 14:59:00+00:00,3370.5,3372.10009765625,3370.199951171875,3372.10009765625,217.0
2025-06-03 15:00:00+00:00,3369.199951171875,3370.39990234375,3368.800048828125,3370.39990234375,226.0
2025-06-03 15:01:00+00:00,3370.300048828125,3371.10009765625,3342.800048828125,3369.199951171875,172.0
2025-06-03 15:02:00+00:00,3370.800048828125,3371.199951171875,3369.300048828125,3370.0,149.0
2025-06-03 15:03:00+00:00,3368.60009765625,3371.10009765625,3368.5,3371.0,238.0
2025-06-03 15:04:00+00:00,3368.800048828125,3369.5,3368.199951171875,3368.699951171875,149.0
2025-06-03 15:05:00+00:00,3368.300048828125,3368.800048828125,3368.0,3368.800048828125,135.0
2025-06-03 15:06:00+00:00,3369.199951171875,3369.800048828125,3368.5,3368.60009765625,113.0
2025-06-03 15:07:00+00:00,3370.0,3371.0,3369.199951171875,3369.199951171875,146.0
2025-06-03 15:08:00+00:00,3368.699951171875,3370.300048828125,3368.5,3369.89990234375,253.0
2025-06-03 15:09:00+00:00,3368.800048828125,3369.39990234375,3368.5,3368.89990234375,216.0
2025-06-03 15:10:00+00:00,3370.300048828125,3370.300048828125,3368.39990234375,3368.699951171875,84.0
2025-06-03 15:11:00+00:00,3370.89990234375,3371.199951171875,3370.300048828125,3370.300048828125,196.0
2025-06-03 15:12:00+00:00,3370.5,3370.89990234375,3370.199951171875,3370.699951171875,102.0
2025-06-03 15:13:00+00:00,3372.300048828125,3372.5,3370.39990234375,3370.60009765625,156.0
2025-06-03 15:14:00+00:00,3373.300048828125,3373.39990234375,3372.300048828125,3372.300048828125,199.0
2025-06-03 15:15:00+00:00,3371.800048828125,3373.39990234375,3371.699951171875,3373.300048828125,216.0
2025-06-03 15:16:00+00:00,3373.300048828125,3373.60009765625,3371.10009765625,3371.800048828125,287.0
2025-06-03 15:17:00+00:00,3373.800048828125,3374.5,3372.800048828125,3373.199951171875,261.0
2025-06-03 15:18:00+00:00,3372.300048828125,3373.89990234375,3346.89990234375,3373.60009765625,122.0
2025-06-03 15:19:00+00:00,3372.300048828125,3372.800048828125,3372.10009765625,3372.300048828125,73.0
2025-06-03 15:20:00+00:00,3371.0,3372.89990234375,3370.699951171875,3372.5,161.0
2025-06-03 15:23:00+00:00,3370.699951171875,3370.800048828125,3370.5,3370.800048828125,334.0
2025-06-03 15:24:00+00:00,3371.10009765625,3371.39990234375,3370.699951171875,3370.699951171875,75.0
2025-06-03 15:25:00+00:00,3371.89990234375,3372.0,3371.199951171875,3371.39990234375,73.0
2025-06-03 15:26:00+00:00,3372.89990234375,3373.39990234375,3372.0,3372.0,82.0
2025-06-03 15:27:00+00:00,3373.10009765625,3373.60009765625,3372.5,3372.89990234375,324.0
2025-06-03 15:28:00+00:00,3373.199951171875,3373.5,3372.699951171875,3373.10009765625,106.0
2025-06-03 15:29:00+00:00,3373.699951171875,3373.89990234375,3373.10009765625,3373.39990234375,69.0
2025-06-03 15:30:00+00:00,3374.39990234375,3374.60009765625,3373.5,3373.60009765625,210.0
2025-06-03 15:31:00+00:00,3372.60009765625,3374.39990234375,3372.199951171875,3374.39990234375,181.0
2025-06-03 15:32:00+00:00,3373.39990234375,3374.10009765625,3372.199951171875,3372.39990234375,146.0
2025-06-03 15:33:00+00:00,3374.300048828125,3374.60009765625,3373.199951171875,3373.5,92.0
2025-06-03 15:34:00+00:00,3373.699951171875,3375.39990234375,3373.199951171875,3374.199951171875,219.0
2025-06-03 15:35:00+00:00,3374.0,3374.199951171875,3373.0,3373.60009765625,118.0
2025-06-03 15:36:00+00:00,3375.10009765625,3375.5,3373.800048828125,3373.800048828125,120.0
2025-06-03 15:37:00+00:00,3374.199951171875,3375.39990234375,3373.800048828125,3375.0,87.0
2025-06-03 15:38:00+00:00,3374.300048828125,3374.60009765625,3373.89990234375,3374.300048828125,56.0
2025-06-03 15:39:00+00:00,3374.300048828125,3374.800048828125,3374.0,3374.39990234375,81.0
2025-06-03 15:40:00+00:00,3373.300048828125,3374.5,3373.199951171875,3374.300048828125,91.0
2025-06-03 15:41:00+00:00,3373.89990234375,3374.300048828125,3373.10009765625,3373.300048828125,84.0
2025-06-03 15:42:00+00:00,3373.199951171875,3373.800048828125,3372.699951171875,3373.5,65.0
2025-06-03 15:43:00+00:00,3373.5,3373.699951171875,3372.89990234375,3373.199951171875,43.0
2025-06-03 15:44:00+00:00,3374.199951171875,3374.60009765625,3373.60009765625,3373.60009765625,104.0
2025-06-03 15:45:00+00:00,3374.300048828125,3374.60009765625,3374.199951171875,3374.300048828125,51.0
2025-06-03 15:46:00+00:00,3374.10009765625,3375.0,3373.5,3374.300048828125,125.0
2025-06-03 15:47:00+00:00,3373.199951171875,3374.0,3372.699951171875,3374.0,86.0
2025-06-03 15:48:00+00:00,3372.0,3373.0,3371.199951171875,3373.0,274.0
2025-06-03 15:49:00+00:00,3370.800048828125,3372.89990234375,3343.39990234375,3372.0,305.0
2025-06-03 15:50:00+00:00,3372.10009765625,3372.5,3370.800048828125,3370.800048828125,463.0
2025-06-03 15:51:00+00:00,3371.800048828125,3372.300048828125,3371.699951171875,3372.10009765625,53.0
2025-06-03 15:52:00+00:00,3371.10009765625,3372.300048828125,3371.0,3371.800048828125,413.0
2025-06-03 15:53:00+00:00,3372.39990234375,3372.5,3370.60009765625,3371.0,123.0
2025-06-03 15:54:00+00:00,3372.89990234375,3373.5,3372.39990234375,3372.39990234375,119.0
2025-06-03 15:55:00+00:00,3373.5,3373.60009765625,3373.0,3373.10009765625,82.0
2025-06-03 15:56:00+00:00,3373.199951171875,3373.699951171875,3373.0,3373.60009765625,59.0
2025-06-03 15:57:00+00:00,3373.0,3373.300048828125,3372.89990234375,3373.10009765625,85.0
2025-06-03 15:58:00+00:00,3373.699951171875,3374.10009765625,3373.300048828125,3373.300048828125,94.0
2025-06-03 15:59:00+00:00,3374.0,3374.0,3372.89990234375,3374.0,151.0
2025-06-03 16:00:00+00:00,3374.199951171875,3374.39990234375,3373.89990234375,3374.0,74.0
2025-06-03 16:03:00+00:00,3372.199951171875,3372.89990234375,3371.89990234375,3372.699951171875,375.0
2025-06-03 16:04:00+00:00,3372.60009765625,3372.800048828125,3372.0,3372.0,46.0
2025-06-03 16:05:00+00:00,3372.39990234375,3373.5,3372.39990234375,3372.39990234375,263.0
2025-06-03 16:06:00+00:00,3372.199951171875,3372.60009765625,3372.0,3372.39990234375,65.0
2025-06-03 16:07:00+00:00,3372.89990234375,3373.39990234375,3372.0,3372.0,78.0
2025-06-03 16:08:00+00:00,3374.699951171875,3374.699951171875,3373.0,3373.0,114.0
2025-06-03 16:09:00+00:00,3375.699951171875,3375.800048828125,3374.60009765625,3374.800048828125,574.0
2025-06-03 16:10:00+00:00,3376.0,3376.199951171875,3375.5,3375.699951171875,149.0
2025-06-03 16:11:00+00:00,3376.89990234375,3377.39990234375,3375.39990234375,3376.0,218.0
2025-06-03 16:12:00+00:00,3376.0,3376.699951171875,3375.5,3376.60009765625,120.0
2025-06-03 16:13:00+00:00,3375.10009765625,3376.199951171875,3374.60009765625,3376.0,94.0
2025-06-03 16:14:00+00:00,3374.199951171875,3375.10009765625,3374.199951171875,3375.0,68.0
2025-06-03 16:15:00+00:00,3373.5,3374.10009765625,3373.300048828125,3374.0,73.0
2025-06-03 16:16:00+00:00,3373.10009765625,3373.699951171875,3372.699951171875,3373.5,45.0
2025-06-03 16:17:00+00:00,3372.300048828125,3373.199951171875,3372.300048828125,3373.0,98.0
2025-06-03 16:18:00+00:00,3372.60009765625,3372.89990234375,3372.199951171875,3372.39990234375,90.0
2025-06-03 16:19:00+00:00,3372.10009765625,3372.699951171875,3371.89990234375,3372.5,111.0
2025-06-03 16:20:00+00:00,3372.5,3373.199951171875,3372.10009765625,3372.199951171875,120.0
2025-06-03 16:21:00+00:00,3372.39990234375,3372.699951171875,3372.0,3372.60009765625,68.0
2025-06-03 16:22:00+00:00,3373.10009765625,3373.5,3372.5,3372.5,51.0
2025-06-03 16:23:00+00:00,3373.199951171875,3373.60009765625,3373.0,3373.199951171875,35.0
2025-06-03 16:24:00+00:00,3373.0,3373.5,3372.89990234375,3373.300048828125,33.0
2025-06-03 16:25:00+00:00,3373.5,3373.5,3372.800048828125,3373.0,79.0
2025-06-03 16:26:00+00:00,3373.60009765625,3373.800048828125,3373.10009765625,3373.5,72.0
2025-06-03 16:27:00+00:00,3373.89990234375,3374.0,3373.10009765625,3373.60009765625,52.0
2025-06-03 16:28:00+00:00,3373.0,3374.0,3372.89990234375,3373.89990234375,53.0
2025-06-03 16:29:00+00:00,3372.800048828125,3373.5,3345.89990234375,3373.0,119.0
2025-06-03 16:30:00+00:00,3371.60009765625,3373.0,3370.89990234375,3372.60009765625,288.0
2025-06-03 16:31:00+00:00,3370.5,3372.199951171875,3369.800048828125,3371.60009765625,307.0
2025-06-03 16:32:00+00:00,3370.89990234375,3371.199951171875,3370.199951171875,3370.5,93.0
2025-06-03 16:33:00+00:00,3371.300048828125,3371.800048828125,3371.10009765625,3371.300048828125,79.0
2025-06-03 16:34:00+00:00,3370.300048828125,3371.60009765625,3370.300048828125,3371.300048828125,92.0
2025-06-03 16:35:00+00:00,3370.39990234375,3370.89990234375,3370.300048828125,3370.300048828125,40.0
2025-06-03 16:36:00+00:00,3370.89990234375,3371.199951171875,3370.5,3370.5,52.0
2025-06-03 16:37:00+00:00,3370.60009765625,3371.300048828125,3370.5,3371.300048828125,17.0
2025-06-03 16:38:00+00:00,3370.800048828125,3371.0,3343.39990234375,3371.0,126.0
2025-06-03 16:39:00+00:00,3371.0,3371.10009765625,3370.60009765625,3370.60009765625,38.0
2025-06-03 16:40:00+00:00,3371.300048828125,3371.60009765625,3370.60009765625,3371.0,198.0
2025-06-03 16:41:00+00:00,3372.300048828125,3372.300048828125,3371.10009765625,3371.300048828125,71.0
2025-06-03 16:42:00+00:00,3372.300048828125,3372.60009765625,3372.0,3372.199951171875,47.0
2025-06-03 16:43:00+00:00,3371.800048828125,3372.39990234375,3371.60009765625,3372.300048828125,46.0
2025-06-03 16:44:00+00:00,3370.89990234375,3371.5,3370.5,3371.5,131.0
2025-06-03 16:45:00+00:00,3368.89990234375,3370.800048828125,3367.89990234375,3370.800048828125,450.0
2025-06-03 16:46:00+00:00,3369.0,3369.39990234375,3368.39990234375,3368.89990234375,141.0
2025-06-03 16:47:00+00:00,3368.699951171875,3369.300048828125,3342.199951171875,3369.0,176.0
2025-06-03 16:48:00+00:00,3370.60009765625,3370.60009765625,3368.699951171875,3368.699951171875,123.0
2025-06-03 16:49:00+00:00,3370.300048828125,3370.800048828125,3369.800048828125,3370.60009765625,81.0
2025-06-03 16:50:00+00:00,3370.0,3370.5,3343.0,3370.10009765625,46.0
2025-06-03 16:51:00+00:00,3369.699951171875,3370.300048828125,3369.699951171875,3369.800048828125,25.0
2025-06-03 16:52:00+00:00,3369.89990234375,3370.10009765625,3369.199951171875,3369.60009765625,62.0
2025-06-03 16:53:00+00:00,3370.89990234375,3371.10009765625,3370.0,3370.0,55.0
2025-06-03 16:54:00+00:00,3371.199951171875,3371.5,3370.800048828125,3371.0,38.0
2025-06-03 16:55:00+00:00,3371.60009765625,3371.60009765625,3370.89990234375,3371.199951171875,46.0
2025-06-03 16:56:00+00:00,3371.5,3371.5,3371.0,3371.300048828125,43.0
2025-06-03 16:57:00+00:00,3371.699951171875,3371.89990234375,3371.5,3371.60009765625,34.0
2025-06-03 16:58:00+00:00,3371.699951171875,3372.39990234375,3371.60009765625,3371.699951171875,97.0
2025-06-03 16:59:00+00:00,3372.300048828125,3372.39990234375,3371.5,3371.5,84.0
2025-06-03 17:00:00+00:00,3373.300048828125,3373.699951171875,3346.300048828125,3372.300048828125,152.0
2025-06-03 17:01:00+00:00,3373.0,3373.300048828125,3372.89990234375,3373.300048828125,25.0
2025-06-03 17:02:00+00:00,3372.5,3373.199951171875,3371.800048828125,3373.0,88.0
2025-06-03 17:03:00+00:00,3371.39990234375,3372.89990234375,3371.0,3372.699951171875,120.0
2025-06-03 17:04:00+00:00,3372.10009765625,3372.199951171875,3371.300048828125,3371.39990234375,99.0
2025-06-03 17:05:00+00:00,3373.10009765625,3373.300048828125,3371.89990234375,3372.199951171875,111.0
2025-06-03 17:06:00+00:00,3372.89990234375,3373.39990234375,3372.800048828125,3373.199951171875,32.0
2025-06-03 17:07:00+00:00,3373.89990234375,3373.89990234375,3372.5,3372.89990234375,119.0
2025-06-03 17:08:00+00:00,3374.0,3374.39990234375,3373.699951171875,3373.89990234375,93.0
2025-06-03 17:09:00+00:00,3374.5,3374.699951171875,3373.800048828125,3373.89990234375,67.0
2025-06-03 17:10:00+00:00,3374.5,3374.699951171875,3374.10009765625,3374.5,120.0
2025-06-03 17:11:00+00:00,3375.10009765625,3375.10009765625,3374.10009765625,3374.39990234375,74.0
2025-06-03 17:12:00+00:00,3374.89990234375,3375.39990234375,3374.800048828125,3375.0,76.0
2025-06-03 17:13:00+00:00,3375.300048828125,3375.5,3374.89990234375,3374.89990234375,75.0
2025-06-03 17:14:00+00:00,3375.0,3375.60009765625,3375.0,3375.300048828125,55.0
2025-06-03 17:15:00+00:00,3374.89990234375,3375.0,3374.10009765625,3374.89990234375,116.0
2025-06-03 17:16:00+00:00,3374.699951171875,3375.199951171875,3374.60009765625,3375.10009765625,48.0
2025-06-03 17:17:00+00:00,3374.5,3374.800048828125,3374.39990234375,3374.800048828125,48.0
2025-06-03 17:18:00+00:00,3375.199951171875,3375.60009765625,3374.39990234375,3374.5,74.0
2025-06-03 17:19:00+00:00,3375.800048828125,3376.10009765625,3375.199951171875,3375.199951171875,147.0
2025-06-03 17:20:00+00:00,3376.300048828125,3376.39990234375,3375.5,3375.89990234375,83.0
2025-06-03 17:21:00+00:00,3376.0,3376.39990234375,3375.800048828125,3376.199951171875,61.0
2025-06-03 17:22:00+00:00,3376.199951171875,3376.199951171875,3375.60009765625,3376.199951171875,73.0
2025-06-03 17:23:00+00:00,3376.300048828125,3376.39990234375,3376.0,3376.10009765625,91.0
2025-06-03 17:24:00+00:00,3377.0,3377.60009765625,3376.199951171875,3376.300048828125,158.0
2025-06-03 17:25:00+00:00,3377.199951171875,3377.5,3376.800048828125,3377.0,99.0
2025-06-03 17:26:00+00:00,3376.699951171875,3377.10009765625,3376.199951171875,3377.0,84.0
2025-06-03 17:27:00+00:00,3376.5,3376.89990234375,3376.300048828125,3376.699951171875,67.0
2025-06-03 17:28:00+00:00,3375.699951171875,3376.39990234375,3374.60009765625,3376.39990234375,378.0
2025-06-03 17:29:00+00:00,3377.699951171875,3377.800048828125,3375.699951171875,3375.800048828125,640.0
2025-06-03 17:30:00+00:00,3377.800048828125,3377.800048828125,3377.0,3377.60009765625,138.0
2025-06-03 17:31:00+00:00,3377.5,3378.10009765625,3350.60009765625,3377.800048828125,98.0
2025-06-03 17:32:00+00:00,3376.89990234375,3377.39990234375,3376.89990234375,3377.39990234375,91.0
2025-06-03 17:33:00+00:00,3377.10009765625,3377.199951171875,3376.699951171875,3377.199951171875,55.0
2025-06-03 17:34:00+00:00,3376.699951171875,3377.199951171875,3376.699951171875,3377.199951171875,33.0
2025-06-03 17:35:00+00:00,3377.300048828125,3377.5,3376.89990234375,3376.89990234375,40.0
2025-06-03 17:36:00+00:00,3378.300048828125,3378.699951171875,3377.5,3377.5,87.0
2025-06-03 17:37:00+00:00,3378.300048828125,3378.60009765625,3378.10009765625,3378.39990234375,62.0
2025-06-03 17:38:00+00:00,3378.5,3378.699951171875,3378.199951171875,3378.199951171875,110.0
2025-06-03 17:39:00+00:00,3378.10009765625,3378.5,3377.699951171875,3378.5,110.0
2025-06-03 17:40:00+00:00,3378.199951171875,3378.300048828125,3377.800048828125,3378.199951171875,57.0
2025-06-03 17:41:00+00:00,3378.0,3378.300048828125,3377.5,3378.0,51.0
2025-06-03 17:42:00+00:00,3378.300048828125,3378.5,3378.0,3378.0,21.0
2025-06-03 17:43:00+00:00,3378.199951171875,3378.300048828125,3377.89990234375,3378.300048828125,35.0
2025-06-03 17:44:00+00:00,3377.5,3378.39990234375,3377.39990234375,3378.300048828125,60.0
2025-06-03 17:45:00+00:00,3377.60009765625,3377.699951171875,3377.300048828125,3377.5,51.0
2025-06-03 17:46:00+00:00,3377.60009765625,3377.60009765625,3377.10009765625,3377.60009765625,36.0
2025-06-03 17:47:00+00:00,3377.5,3377.699951171875,3377.199951171875,3377.5,23.0
2025-06-03 17:48:00+00:00,3377.699951171875,3377.800048828125,3377.39990234375,3377.5,34.0
2025-06-03 17:49:00+00:00,3377.5,3377.699951171875,3377.300048828125,3377.60009765625,18.0
2025-06-03 17:50:00+00:00,3377.300048828125,3377.699951171875,3377.0,3377.699951171875,93.0
2025-06-03 17:51:00+00:00,3377.5,3377.5,3377.0,3377.39990234375,137.0
2025-06-03 17:52:00+00:00,3377.199951171875,3377.60009765625,3350.800048828125,3377.39990234375,30.0
2025-06-03 17:53:00+00:00,3376.60009765625,3377.199951171875,3376.5,3377.10009765625,63.0
2025-06-03 17:54:00+00:00,3377.10009765625,3377.10009765625,3376.60009765625,3376.60009765625,17.0
2025-06-03 17:55:00+00:00,3376.800048828125,3377.10009765625,3376.5,3377.10009765625,17.0
2025-06-03 17:56:00+00:00,3376.89990234375,3377.0,3376.60009765625,3376.89990234375,58.0
2025-06-03 17:57:00+00:00,3377.39990234375,3377.39990234375,3376.60009765625,3376.89990234375,84.0
2025-06-03 17:58:00+00:00,3377.39990234375,3377.5,3377.0,3377.300048828125,42.0
2025-06-03 17:59:00+00:00,3377.60009765625,3377.699951171875,3377.199951171875,3377.5,37.0
2025-06-03 18:00:00+00:00,3377.10009765625,3377.800048828125,3377.10009765625,3377.60009765625,40.0
2025-06-03 18:01:00+00:00,3377.60009765625,3377.800048828125,3350.60009765625,3377.199951171875,48.0
2025-06-03 18:02:00+00:00,3377.699951171875,3377.699951171875,3377.5,3377.60009765625,17.0
2025-06-03 18:03:00+00:00,3377.39990234375,3377.800048828125,3377.39990234375,3377.800048828125,29.0
2025-06-03 18:04:00+00:00,3377.10009765625,3377.39990234375,3377.0,3377.39990234375,76.0
2025-06-03 18:05:00+00:00,3378.10009765625,3378.10009765625,3377.39990234375,3377.39990234375,83.0
2025-06-03 18:06:00+00:00,3377.89990234375,3378.199951171875,3377.699951171875,3378.10009765625,29.0
2025-06-03 18:07:00+00:00,3377.39990234375,3377.89990234375,3377.39990234375,3377.800048828125,20.0
2025-06-03 18:08:00+00:00,3377.300048828125,3377.800048828125,3377.300048828125,3377.39990234375,26.0
2025-06-03 18:09:00+00:00,3377.0,3377.300048828125,3376.699951171875,3377.300048828125,24.0
2025-06-03 18:10:00+00:00,3376.800048828125,3377.0,3376.300048828125,3377.0,105.0
2025-06-03 18:11:00+00:00,3376.39990234375,3376.89990234375,3376.0,3376.39990234375,148.0
2025-06-03 18:12:00+00:00,3375.800048828125,3376.5,3375.699951171875,3376.39990234375,70.0
2025-06-03 18:13:00+00:00,3375.60009765625,3375.89990234375,3375.300048828125,3375.60009765625,73.0
2025-06-03 18:14:00+00:00,3375.10009765625,3375.89990234375,3375.0,3375.89990234375,212.0
2025-06-03 18:15:00+00:00,3374.89990234375,3375.39990234375,3374.60009765625,3375.10009765625,151.0
2025-06-03 18:16:00+00:00,3375.60009765625,3375.699951171875,3374.699951171875,3374.89990234375,157.0
2025-06-03 18:17:00+00:00,3375.699951171875,3375.800048828125,3375.39990234375,3375.39990234375,28.0
2025-06-03 18:18:00+00:00,3375.89990234375,3376.0,3375.39990234375,3375.699951171875,30.0
2025-06-03 18:19:00+00:00,3376.5,3376.60009765625,3375.699951171875,3375.699951171875,34.0
2025-06-03 18:20:00+00:00,3375.89990234375,3376.699951171875,3375.89990234375,3376.5,92.0
2025-06-03 18:21:00+00:00,3375.699951171875,3376.0,3375.5,3376.0,43.0
2025-06-03 18:22:00+00:00,3376.199951171875,3376.300048828125,3375.60009765625,3375.60009765625,23.0
2025-06-03 18:23:00+00:00,3376.60009765625,3376.60009765625,3376.199951171875,3376.199951171875,17.0
2025-06-03 18:24:00+00:00,3376.800048828125,3377.0,3376.5,3376.5,52.0
2025-06-03 18:25:00+00:00,3376.800048828125,3376.800048828125,3376.800048828125,3376.800048828125,5.0
2025-06-03 18:26:00+00:00,3377.0,3377.0,3376.89990234375,3377.0,12.0
2025-06-03 18:27:00+00:00,3376.699951171875,3377.10009765625,3376.60009765625,3376.89990234375,44.0
2025-06-03 18:28:00+00:00,3376.60009765625,3376.800048828125,3376.60009765625,3376.800048828125,24.0
2025-06-03 18:29:00+00:00,3376.800048828125,3377.39990234375,3376.60009765625,3376.800048828125,121.0
2025-06-03 18:30:00+00:00,3375.89990234375,3376.89990234375,3375.699951171875,3376.800048828125,119.0
2025-06-03 18:31:00+00:00,3375.89990234375,3375.89990234375,3375.199951171875,3375.89990234375,142.0
2025-06-03 18:32:00+00:00,3375.60009765625,3376.10009765625,3375.60009765625,3375.800048828125,31.0
2025-06-03 18:33:00+00:00,3376.199951171875,3376.300048828125,3375.89990234375,3375.89990234375,32.0
2025-06-03 18:34:00+00:00,3376.300048828125,3376.39990234375,3376.199951171875,3376.300048828125,90.0
2025-06-03 18:35:00+00:00,3376.199951171875,3376.199951171875,3375.89990234375,3376.199951171875,23.0
2025-06-03 18:36:00+00:00,3376.10009765625,3376.199951171875,3376.10009765625,3376.199951171875,5.0
2025-06-03 18:37:00+00:00,3375.699951171875,3376.10009765625,3375.60009765625,3376.10009765625,26.0
2025-06-03 18:38:00+00:00,3376.199951171875,3376.199951171875,3375.5,3375.60009765625,9.0
2025-06-03 18:39:00+00:00,3376.5,3376.5,3376.0,3376.10009765625,31.0
2025-06-03 18:40:00+00:00,3376.39990234375,3376.89990234375,3376.39990234375,3376.60009765625,29.0
2025-06-03 18:41:00+00:00,3376.60009765625,3376.699951171875,3376.39990234375,3376.39990234375,26.0
2025-06-03 18:42:00+00:00,3376.300048828125,3376.5,3376.199951171875,3376.5,11.0
2025-06-03 18:43:00+00:00,3376.699951171875,3376.699951171875,3376.300048828125,3376.300048828125,9.0
2025-06-03 18:44:00+00:00,3375.699951171875,3376.699951171875,3375.699951171875,3376.699951171875,25.0
2025-06-03 18:45:00+00:00,3376.5,3376.5,3375.60009765625,3375.89990234375,45.0
2025-06-03 18:46:00+00:00,3376.0,3376.60009765625,3376.0,3376.39990234375,21.0
2025-06-03 18:47:00+00:00,3375.800048828125,3375.89990234375,3375.800048828125,3375.800048828125,11.0
2025-06-03 18:48:00+00:00,3376.300048828125,3376.300048828125,3375.89990234375,3375.89990234375,12.0
2025-06-03 18:49:00+00:00,3376.699951171875,3376.89990234375,3376.300048828125,3376.300048828125,17.0
2025-06-03 18:50:00+00:00,3376.699951171875,3376.699951171875,3376.5,3376.699951171875,13.0
2025-06-03 18:51:00+00:00,3376.60009765625,3376.60009765625,3376.39990234375,3376.60009765625,9.0
2025-06-03 18:52:00+00:00,3376.5,3376.5,3376.5,3376.5,2.0
2025-06-03 18:53:00+00:00,3376.39990234375,3376.89990234375,3376.39990234375,3376.60009765625,11.0
2025-06-03 18:54:00+00:00,3376.699951171875,3376.699951171875,3376.5,3376.5,6.0
2025-06-03 18:55:00+00:00,3376.699951171875,3376.699951171875,3376.300048828125,3376.5,25.0
2025-06-03 18:56:00+00:00,3377.199951171875,3377.39990234375,3376.800048828125,3376.89990234375,24.0
2025-06-03 18:57:00+00:00,3377.10009765625,3377.199951171875,3376.800048828125,3377.199951171875,25.0
2025-06-03 18:58:00+00:00,3377.300048828125,3377.39990234375,3377.10009765625,3377.10009765625,22.0
2025-06-03 18:59:00+00:00,3377.60009765625,3377.89990234375,3377.5,3377.5,15.0
2025-06-03 19:00:00+00:00,3378.300048828125,3378.5,3377.800048828125,3377.800048828125,56.0
2025-06-03 19:01:00+00:00,3378.699951171875,3379.0,3378.300048828125,3378.300048828125,73.0
2025-06-03 19:02:00+00:00,3378.5,3378.5,3378.300048828125,3378.5,9.0
2025-06-03 19:03:00+00:00,3378.60009765625,3378.60009765625,3377.800048828125,3378.199951171875,57.0
2025-06-03 19:04:00+00:00,3378.699951171875,3379.10009765625,3378.39990234375,3378.39990234375,91.0
2025-06-03 19:05:00+00:00,3378.0,3379.199951171875,3378.0,3378.60009765625,137.0
2025-06-03 19:06:00+00:00,3378.300048828125,3378.300048828125,3378.0,3378.0,18.0
2025-06-03 19:07:00+00:00,3379.199951171875,3379.5,3378.5,3378.5,82.0
2025-06-03 19:08:00+00:00,3379.39990234375,3379.699951171875,3379.10009765625,3379.300048828125,31.0
2025-06-03 19:09:00+00:00,3379.5,3379.800048828125,3379.39990234375,3379.5,30.0
2025-06-03 19:10:00+00:00,3379.60009765625,3379.60009765625,3379.10009765625,3379.300048828125,52.0
2025-06-03 19:11:00+00:00,3378.89990234375,3379.60009765625,3378.89990234375,3379.60009765625,13.0
2025-06-03 19:12:00+00:00,3378.800048828125,3379.10009765625,3378.699951171875,3379.10009765625,21.0
2025-06-03 19:13:00+00:00,3378.89990234375,3379.199951171875,3378.60009765625,3379.0,21.0
2025-06-03 19:14:00+00:00,3378.5,3379.0,3378.300048828125,3378.800048828125,38.0
2025-06-03 19:15:00+00:00,3378.300048828125,3378.60009765625,3378.300048828125,3378.60009765625,16.0
2025-06-03 19:16:00+00:00,3377.5,3378.300048828125,3377.199951171875,3378.300048828125,62.0
2025-06-03 19:17:00+00:00,3377.5,3377.5,3377.10009765625,3377.5,19.0
2025-06-03 19:18:00+00:00,3377.5,3377.800048828125,3377.5,3377.60009765625,17.0
2025-06-03 19:19:00+00:00,3377.300048828125,3377.5,3377.300048828125,3377.39990234375,12.0
2025-06-03 19:20:00+00:00,3377.699951171875,3377.699951171875,3377.199951171875,3377.300048828125,19.0
2025-06-03 19:21:00+00:00,3377.39990234375,3377.699951171875,3377.39990234375,3377.39990234375,10.0
2025-06-03 19:22:00+00:00,3377.39990234375,3377.5,3377.39990234375,3377.39990234375,4.0
2025-06-03 19:23:00+00:00,3377.300048828125,3377.300048828125,3377.199951171875,3377.300048828125,5.0
2025-06-03 19:24:00+00:00,3377.800048828125,3378.0,3377.39990234375,3377.39990234375,26.0
2025-06-03 19:25:00+00:00,3378.10009765625,3378.199951171875,3377.60009765625,3377.699951171875,56.0
2025-06-03 19:26:00+00:00,3377.60009765625,3378.300048828125,3377.60009765625,3378.300048828125,7.0
2025-06-03 19:27:00+00:00,3378.0,3378.0,3377.60009765625,3377.800048828125,19.0
2025-06-03 19:28:00+00:00,3377.800048828125,3378.0,3377.699951171875,3377.89990234375,15.0
2025-06-03 19:29:00+00:00,3377.0,3377.699951171875,3377.0,3377.699951171875,31.0
2025-06-03 19:30:00+00:00,3376.89990234375,3377.39990234375,3376.60009765625,3377.10009765625,37.0
2025-06-03 19:31:00+00:00,3377.39990234375,3377.39990234375,3376.800048828125,3377.0,12.0
2025-06-03 19:32:00+00:00,3377.39990234375,3377.5,3377.10009765625,3377.5,13.0
2025-06-03 19:33:00+00:00,3377.300048828125,3377.800048828125,3377.300048828125,3377.800048828125,34.0
2025-06-03 19:34:00+00:00,3377.800048828125,3378.0,3377.60009765625,3377.60009765625,15.0
2025-06-03 19:35:00+00:00,3377.800048828125,3378.0,3377.699951171875,3377.89990234375,40.0
2025-06-03 19:36:00+00:00,3377.89990234375,3377.89990234375,3377.699951171875,3377.699951171875,21.0
2025-06-03 19:37:00+00:00,3378.0,3378.199951171875,3377.89990234375,3378.0,21.0
2025-06-03 19:38:00+00:00,3378.10009765625,3378.300048828125,3377.89990234375,3378.10009765625,23.0
2025-06-03 19:39:00+00:00,3378.0,3378.10009765625,3377.89990234375,3378.0,19.0
2025-06-03 19:40:00+00:00,3377.89990234375,3378.10009765625,3377.699951171875,3377.89990234375,15.0
2025-06-03 19:41:00+00:00,3378.39990234375,3378.5,3378.0,3378.10009765625,15.0
2025-06-03 19:42:00+00:00,3378.39990234375,3378.60009765625,3378.199951171875,3378.199951171875,13.0
2025-06-03 19:43:00+00:00,3378.89990234375,3378.89990234375,3378.39990234375,3378.5,21.0
2025-06-03 19:44:00+00:00,3378.800048828125,3379.199951171875,3378.60009765625,3378.800048828125,75.0
2025-06-03 19:45:00+00:00,3378.199951171875,3378.800048828125,3378.10009765625,3378.699951171875,42.0
2025-06-03 19:46:00+00:00,3377.800048828125,3378.39990234375,3377.800048828125,3378.39990234375,32.0
2025-06-03 19:47:00+00:00,3377.89990234375,3377.89990234375,3377.39990234375,3377.699951171875,46.0
2025-06-03 19:48:00+00:00,3377.60009765625,3377.800048828125,3377.39990234375,3377.699951171875,10.0
2025-06-03 19:49:00+00:00,3377.0,3377.60009765625,3377.0,3377.60009765625,22.0
2025-06-03 19:50:00+00:00,3376.10009765625,3377.199951171875,3376.10009765625,3377.199951171875,80.0
2025-06-03 19:51:00+00:00,3375.39990234375,3376.10009765625,3375.39990234375,3376.0,92.0
2025-06-03 19:52:00+00:00,3375.800048828125,3375.800048828125,3375.39990234375,3375.5,28.0
2025-06-03 19:53:00+00:00,3375.60009765625,3376.0,3375.60009765625,3375.800048828125,26.0
2025-06-03 19:54:00+00:00,3375.60009765625,3375.800048828125,3375.39990234375,3375.800048828125,26.0
2025-06-03 19:55:00+00:00,3375.300048828125,3375.699951171875,3374.89990234375,3375.60009765625,88.0
2025-06-03 19:56:00+00:00,3375.5,3375.89990234375,3375.39990234375,3375.39990234375,25.0
2025-06-03 19:57:00+00:00,3375.39990234375,3375.800048828125,3375.199951171875,3375.5,58.0
2025-06-03 19:58:00+00:00,3375.39990234375,3375.5,3375.0,3375.5,49.0
2025-06-03 19:59:00+00:00,3376.39990234375,3376.5,3375.39990234375,3375.5,116.0
2025-06-03 20:00:00+00:00,3377.199951171875,3377.60009765625,3376.39990234375,3376.39990234375,76.0
2025-06-03 20:01:00+00:00,3376.89990234375,3377.199951171875,3376.699951171875,3377.199951171875,35.0
2025-06-03 20:02:00+00:00,3377.0,3377.10009765625,3376.199951171875,3376.39990234375,49.0
2025-06-03 20:03:00+00:00,3377.300048828125,3377.300048828125,3376.89990234375,3377.0,42.0
2025-06-03 20:04:00+00:00,3377.10009765625,3377.5,3377.10009765625,3377.300048828125,23.0
2025-06-03 20:05:00+00:00,3377.10009765625,3377.300048828125,3376.800048828125,3377.300048828125,25.0
2025-06-03 20:06:00+00:00,3376.800048828125,3377.199951171875,3376.800048828125,3377.199951171875,30.0
2025-06-03 20:07:00+00:00,3376.699951171875,3377.199951171875,3376.699951171875,3376.800048828125,38.0
2025-06-03 20:08:00+00:00,3377.0,3377.0,3376.89990234375,3376.89990234375,9.0
2025-06-03 20:09:00+00:00,3377.199951171875,3377.699951171875,3376.699951171875,3377.0,72.0
2025-06-03 20:10:00+00:00,3377.199951171875,3377.39990234375,3376.699951171875,3376.89990234375,21.0
2025-06-03 20:11:00+00:00,3377.10009765625,3377.199951171875,3377.10009765625,3377.10009765625,7.0
2025-06-03 20:12:00+00:00,3377.10009765625,3377.199951171875,3377.0,3377.199951171875,8.0
2025-06-03 20:13:00+00:00,3377.199951171875,3377.199951171875,3377.10009765625,3377.10009765625,8.0
2025-06-03 20:14:00+00:00,3377.10009765625,3377.10009765625,3377.0,3377.0,5.0
2025-06-03 20:15:00+00:00,3376.89990234375,3377.300048828125,3376.39990234375,3377.10009765625,54.0
2025-06-03 20:16:00+00:00,3377.0,3377.0,3376.699951171875,3376.89990234375,8.0
2025-06-03 20:17:00+00:00,3376.89990234375,3376.89990234375,3376.89990234375,3376.89990234375,3.0
2025-06-03 20:18:00+00:00,3376.89990234375,3376.89990234375,3376.89990234375,3376.89990234375,2.0
2025-06-03 20:19:00+00:00,3377.300048828125,3377.39990234375,3377.0,3377.0,51.0
2025-06-03 20:20:00+00:00,3377.199951171875,3377.300048828125,3377.199951171875,3377.300048828125,7.0
2025-06-03 20:21:00+00:00,3377.300048828125,3377.300048828125,3377.10009765625,3377.199951171875,14.0
2025-06-03 20:22:00+00:00,3377.199951171875,3377.39990234375,3377.199951171875,3377.300048828125,8.0
2025-06-03 20:23:00+00:00,3377.10009765625,3377.10009765625,3377.10009765625,3377.10009765625,1.0
2025-06-03 20:24:00+00:00,3377.199951171875,3377.300048828125,3377.199951171875,3377.199951171875,3.0
2025-06-03 20:25:00+00:00,3377.300048828125,3377.39990234375,3377.199951171875,3377.199951171875,9.0
2025-06-03 20:26:00+00:00,3377.800048828125,3377.89990234375,3377.300048828125,3377.300048828125,25.0
2025-06-03 20:27:00+00:00,3378.0,3378.10009765625,3377.800048828125,3377.800048828125,15.0
2025-06-03 20:28:00+00:00,3378.0,3378.199951171875,3377.800048828125,3378.199951171875,56.0
2025-06-03 20:29:00+00:00,3377.800048828125,3377.89990234375,3377.800048828125,3377.89990234375,14.0
2025-06-03 20:30:00+00:00,3379.0,3379.300048828125,3377.89990234375,3377.89990234375,122.0
2025-06-03 20:31:00+00:00,3378.5,3378.89990234375,3378.300048828125,3378.699951171875,37.0
2025-06-03 20:32:00+00:00,3378.300048828125,3378.60009765625,3378.300048828125,3378.60009765625,12.0
2025-06-03 20:33:00+00:00,3378.300048828125,3378.5,3378.199951171875,3378.199951171875,11.0
2025-06-03 20:34:00+00:00,3378.300048828125,3378.300048828125,3378.10009765625,3378.199951171875,9.0
2025-06-03 20:35:00+00:00,3378.39990234375,3378.5,3378.300048828125,3378.39990234375,6.0
2025-06-03 20:36:00+00:00,3378.199951171875,3378.5,3378.199951171875,3378.39990234375,11.0
2025-06-03 20:37:00+00:00,3378.10009765625,3378.10009765625,3378.0,3378.10009765625,10.0
2025-06-03 20:38:00+00:00,3377.89990234375,3378.0,3377.89990234375,3378.0,3.0
2025-06-03 20:39:00+00:00,3377.89990234375,3378.10009765625,3377.699951171875,3378.10009765625,11.0
2025-06-03 20:40:00+00:00,3377.800048828125,3378.0,3377.699951171875,3377.89990234375,14.0
2025-06-03 20:41:00+00:00,3377.800048828125,3377.800048828125,3377.800048828125,3377.800048828125,3.0
2025-06-03 20:42:00+00:00,3377.5,3377.800048828125,3377.5,3377.800048828125,9.0
2025-06-03 20:43:00+00:00,3377.300048828125,3377.60009765625,3377.199951171875,3377.60009765625,34.0
2025-06-03 20:44:00+00:00,3377.39990234375,3377.39990234375,3377.39990234375,3377.39990234375,4.0
2025-06-03 20:45:00+00:00,3377.5,3377.5,3377.300048828125,3377.5,16.0
2025-06-03 20:46:00+00:00,3377.39990234375,3377.39990234375,3377.199951171875,3377.39990234375,56.0
2025-06-03 20:47:00+00:00,3377.5,3377.5,3377.300048828125,3377.39990234375,9.0
2025-06-03 20:48:00+00:00,3377.60009765625,3377.60009765625,3377.199951171875,3377.199951171875,13.0
2025-06-03 20:49:00+00:00,3377.10009765625,3377.60009765625,3377.10009765625,3377.5,19.0
2025-06-03 20:50:00+00:00,3377.199951171875,3377.199951171875,3377.0,3377.199951171875,10.0
2025-06-03 20:51:00+00:00,3377.199951171875,3377.199951171875,3377.0,3377.10009765625,19.0
2025-06-03 20:52:00+00:00,3378.10009765625,3378.10009765625,3377.10009765625,3377.10009765625,105.0
2025-06-03 20:53:00+00:00,3377.800048828125,3377.800048828125,3377.699951171875,3377.699951171875,2.0
2025-06-03 20:54:00+00:00,3377.800048828125,3378.199951171875,3377.800048828125,3377.800048828125,29.0
2025-06-03 20:55:00+00:00,3377.800048828125,3378.10009765625,3377.60009765625,3378.0,35.0
2025-06-03 20:56:00+00:00,3377.5,3377.89990234375,3377.39990234375,3377.89990234375,22.0
2025-06-03 20:57:00+00:00,3377.300048828125,3377.5,3377.199951171875,3377.5,41.0
2025-06-03 20:58:00+00:00,3377.199951171875,3377.300048828125,3377.0,3377.0,16.0
2025-06-03 20:59:00+00:00,3376.89990234375,3377.199951171875,3350.0,3377.10009765625,61.0
2025-06-03 22:00:00+00:00,3379.39990234375,3379.39990234375,3377.199951171875,3377.800048828125,0.0
2025-06-03 22:01:00+00:00,3378.5,3379.300048828125,3378.39990234375,3379.199951171875,51.0
2025-06-03 22:02:00+00:00,3379.0,3379.199951171875,3379.0,3379.199951171875,2.0
2025-06-03 22:03:00+00:00,3379.800048828125,3380.699951171875,3379.0,3379.0,99.0
2025-06-03 22:04:00+00:00,3380.300048828125,3380.300048828125,3379.60009765625,3379.800048828125,31.0
2025-06-03 22:05:00+00:00,3380.5,3380.699951171875,3380.10009765625,3380.199951171875,42.0
2025-06-03 22:06:00+00:00,3380.39990234375,3380.699951171875,3380.300048828125,3380.699951171875,19.0
2025-06-03 22:07:00+00:00,3380.10009765625,3380.699951171875,3380.10009765625,3380.699951171875,32.0
2025-06-03 22:08:00+00:00,3379.699951171875,3380.300048828125,3379.60009765625,3380.10009765625,27.0
2025-06-03 22:09:00+00:00,3379.60009765625,3380.0,3379.5,3380.0,8.0
2025-06-03 22:10:00+00:00,3379.800048828125,3379.89990234375,3379.300048828125,3379.60009765625,28.0
2025-06-03 22:11:00+00:00,3379.89990234375,3379.89990234375,3379.60009765625,3379.699951171875,14.0
2025-06-03 22:12:00+00:00,3379.39990234375,3379.60009765625,3379.39990234375,3379.39990234375,11.0
2025-06-03 22:13:00+00:00,3379.89990234375,3379.89990234375,3379.300048828125,3379.39990234375,10.0
2025-06-03 22:14:00+00:00,3380.0,3380.10009765625,3379.800048828125,3379.89990234375,16.0
2025-06-03 22:15:00+00:00,3380.0,3380.199951171875,3379.800048828125,3380.199951171875,17.0
2025-06-03 22:16:00+00:00,3380.60009765625,3380.60009765625,3380.10009765625,3380.10009765625,17.0
2025-06-03 22:17:00+00:00,3380.300048828125,3380.60009765625,3380.0,3380.5,19.0
2025-06-03 22:18:00+00:00,3380.10009765625,3380.39990234375,3380.0,3380.39990234375,7.0
2025-06-03 22:19:00+00:00,3380.699951171875,3380.800048828125,3380.199951171875,3380.5,25.0
2025-06-03 22:20:00+00:00,3381.39990234375,3381.699951171875,3380.800048828125,3380.800048828125,63.0
2025-06-03 22:21:00+00:00,3381.699951171875,3381.699951171875,3381.39990234375,3381.39990234375,10.0
2025-06-03 22:22:00+00:00,3381.10009765625,3381.800048828125,3381.0,3381.699951171875,40.0
2025-06-03 22:23:00+00:00,3381.10009765625,3381.10009765625,3380.5,3381.0,27.0
2025-06-03 22:24:00+00:00,3381.300048828125,3381.39990234375,3380.800048828125,3380.89990234375,35.0
2025-06-03 22:25:00+00:00,3381.5,3381.60009765625,3381.10009765625,3381.300048828125,39.0
2025-06-03 22:26:00+00:00,3381.5,3381.5,3380.800048828125,3381.5,42.0
2025-06-03 22:27:00+00:00,3381.60009765625,3381.60009765625,3381.10009765625,3381.300048828125,21.0
2025-06-03 22:28:00+00:00,3381.39990234375,3381.60009765625,3381.300048828125,3381.300048828125,13.0
2025-06-03 22:29:00+00:00,3381.39990234375,3381.39990234375,3381.300048828125,3381.39990234375,7.0
2025-06-03 22:30:00+00:00,3381.199951171875,3381.300048828125,3381.0,3381.300048828125,19.0
2025-06-03 22:31:00+00:00,3381.300048828125,3381.300048828125,3381.10009765625,3381.10009765625,14.0
2025-06-03 22:32:00+00:00,3381.0,3381.39990234375,3380.89990234375,3381.199951171875,23.0
2025-06-03 22:33:00+00:00,3381.60009765625,3381.800048828125,3381.199951171875,3381.199951171875,57.0
2025-06-03 22:34:00+00:00,3381.5,3381.699951171875,3381.300048828125,3381.39990234375,17.0
2025-06-03 22:35:00+00:00,3382.0,3382.10009765625,3381.60009765625,3381.60009765625,44.0
2025-06-03 22:36:00+00:00,3381.800048828125,3382.10009765625,3381.699951171875,3382.10009765625,17.0
2025-06-03 22:37:00+00:00,3381.89990234375,3382.10009765625,3381.60009765625,3381.699951171875,23.0
2025-06-03 22:38:00+00:00,3381.300048828125,3381.89990234375,3381.300048828125,3381.800048828125,22.0
2025-06-03 22:39:00+00:00,3381.60009765625,3381.800048828125,3381.60009765625,3381.60009765625,5.0
2025-06-03 22:40:00+00:00,3382.10009765625,3382.10009765625,3381.800048828125,3381.89990234375,9.0
2025-06-03 22:41:00+00:00,3381.699951171875,3382.5,3381.60009765625,3382.199951171875,20.0
2025-06-03 22:42:00+00:00,3381.699951171875,3381.89990234375,3381.699951171875,3381.800048828125,5.0
2025-06-03 22:43:00+00:00,3381.60009765625,3381.800048828125,3381.5,3381.699951171875,8.0
2025-06-03 22:44:00+00:00,3382.0,3382.0,3381.699951171875,3381.800048828125,4.0
2025-06-03 22:45:00+00:00,3382.0,3382.0,3381.699951171875,3382.0,8.0
2025-06-03 22:46:00+00:00,3382.10009765625,3382.199951171875,3382.0,3382.0,5.0
2025-06-03 22:47:00+00:00,3382.199951171875,3382.300048828125,3382.10009765625,3382.10009765625,6.0
2025-06-03 22:48:00+00:00,3382.0,3382.10009765625,3382.0,3382.10009765625,3.0
2025-06-03 22:49:00+00:00,3381.699951171875,3382.199951171875,3381.699951171875,3382.0,18.0
2025-06-03 22:50:00+00:00,3381.89990234375,3381.89990234375,3381.800048828125,3381.800048828125,7.0
2025-06-03 22:51:00+00:00,3381.699951171875,3381.89990234375,3381.60009765625,3381.89990234375,9.0
2025-06-03 22:52:00+00:00,3381.5,3381.5,3381.39990234375,3381.5,5.0
2025-06-03 22:53:00+00:00,3381.300048828125,3381.699951171875,3381.199951171875,3381.699951171875,20.0
2025-06-03 22:54:00+00:00,3381.300048828125,3381.300048828125,3381.10009765625,3381.199951171875,7.0
2025-06-03 22:55:00+00:00,3381.300048828125,3381.300048828125,3381.199951171875,3381.199951171875,2.0
2025-06-03 22:56:00+00:00,3381.39990234375,3381.39990234375,3381.199951171875,3381.199951171875,5.0
2025-06-03 22:57:00+00:00,3381.199951171875,3381.60009765625,3381.199951171875,3381.60009765625,13.0
2025-06-03 22:58:00+00:00,3381.300048828125,3381.300048828125,3381.10009765625,3381.10009765625,3.0
2025-06-03 22:59:00+00:00,3381.199951171875,3381.199951171875,3381.0,3381.0,2.0
2025-06-03 23:00:00+00:00,3382.0,3382.0,3381.0,3381.0,31.0
2025-06-03 23:01:00+00:00,3381.60009765625,3382.0,3381.60009765625,3382.0,4.0
2025-06-03 23:02:00+00:00,3382.0,3382.10009765625,3381.5,3381.800048828125,38.0
2025-06-03 23:03:00+00:00,3381.699951171875,3381.89990234375,3381.300048828125,3381.89990234375,14.0
2025-06-03 23:04:00+00:00,3381.60009765625,3381.800048828125,3381.39990234375,3381.39990234375,11.0
2025-06-03 23:05:00+00:00,3381.89990234375,3381.89990234375,3381.60009765625,3381.60009765625,2.0
2025-06-03 23:06:00+00:00,3382.699951171875,3382.699951171875,3382.10009765625,3382.10009765625,24.0
2025-06-03 23:07:00+00:00,3382.89990234375,3383.0,3382.5,3382.5,24.0
2025-06-03 23:08:00+00:00,3382.89990234375,3383.10009765625,3382.39990234375,3382.800048828125,34.0
2025-06-03 23:09:00+00:00,3383.5,3383.5,3383.0,3383.0,16.0
2025-06-03 23:10:00+00:00,3383.60009765625,3384.800048828125,3383.5,3383.60009765625,175.0
2025-06-03 23:11:00+00:00,3384.10009765625,3384.300048828125,3383.800048828125,3383.800048828125,30.0
2025-06-03 23:12:00+00:00,3383.89990234375,3384.0,3383.89990234375,3384.0,11.0
2025-06-03 23:13:00+00:00,3384.10009765625,3384.10009765625,3383.60009765625,3383.699951171875,19.0
2025-06-03 23:14:00+00:00,3384.5,3384.699951171875,3384.0,3384.0,21.0
2025-06-03 23:15:00+00:00,3385.39990234375,3386.10009765625,3384.5,3384.5,207.0
2025-06-03 23:16:00+00:00,3385.39990234375,3385.60009765625,3385.199951171875,3385.5,25.0
2025-06-03 23:17:00+00:00,3385.0,3385.39990234375,3385.0,3385.199951171875,12.0
2025-06-03 23:18:00+00:00,3384.10009765625,3385.10009765625,3383.89990234375,3385.0,47.0
2025-06-03 23:19:00+00:00,3384.39990234375,3384.800048828125,3384.199951171875,3384.300048828125,34.0
2025-06-03 23:20:00+00:00,3384.39990234375,3384.699951171875,3384.39990234375,3384.5,9.0
2025-06-03 23:21:00+00:00,3384.10009765625,3384.39990234375,3383.89990234375,3384.39990234375,38.0
2025-06-03 23:22:00+00:00,3383.800048828125,3384.0,3383.699951171875,3383.89990234375,19.0
2025-06-03 23:23:00+00:00,3382.39990234375,3384.10009765625,3382.0,3383.89990234375,158.0
2025-06-03 23:24:00+00:00,3382.699951171875,3382.800048828125,3382.199951171875,3382.300048828125,50.0
2025-06-03 23:25:00+00:00,3382.39990234375,3382.699951171875,3382.300048828125,3382.5,12.0
2025-06-03 23:26:00+00:00,3381.89990234375,3382.300048828125,3381.699951171875,3382.300048828125,32.0
2025-06-03 23:27:00+00:00,3382.300048828125,3382.39990234375,3381.800048828125,3381.800048828125,13.0
2025-06-03 23:28:00+00:00,3382.89990234375,3382.89990234375,3382.0,3382.0,38.0
2025-06-03 23:29:00+00:00,3382.800048828125,3383.10009765625,3382.60009765625,3382.800048828125,23.0
2025-06-03 23:30:00+00:00,3383.10009765625,3383.39990234375,3382.60009765625,3382.699951171875,25.0
2025-06-03 23:31:00+00:00,3382.89990234375,3382.89990234375,3382.800048828125,3382.89990234375,8.0
2025-06-03 23:32:00+00:00,3383.39990234375,3383.39990234375,3382.89990234375,3383.0,11.0
2025-06-03 23:33:00+00:00,3383.300048828125,3383.5,3383.0,3383.5,17.0
2025-06-03 23:34:00+00:00,3383.10009765625,3383.39990234375,3383.10009765625,3383.39990234375,7.0
2025-06-03 23:35:00+00:00,3383.39990234375,3383.39990234375,3383.0,3383.0,9.0
2025-06-03 23:36:00+00:00,3383.199951171875,3383.199951171875,3382.89990234375,3383.0,12.0
2025-06-03 23:37:00+00:00,3383.39990234375,3383.39990234375,3383.39990234375,3383.39990234375,2.0
2025-06-03 23:38:00+00:00,3383.10009765625,3383.5,3382.800048828125,3383.39990234375,41.0
2025-06-03 23:39:00+00:00,3381.60009765625,3383.0,3381.10009765625,3383.0,100.0
2025-06-03 23:40:00+00:00,3380.5,3381.39990234375,3378.60009765625,3381.39990234375,447.0
2025-06-03 23:41:00+00:00,3382.0,3382.0,3380.39990234375,3380.39990234375,139.0
2025-06-03 23:42:00+00:00,3383.0,3383.199951171875,3381.699951171875,3381.800048828125,56.0
2025-06-03 23:43:00+00:00,3383.10009765625,3383.10009765625,3382.5,3383.0,15.0
2025-06-03 23:44:00+00:00,3383.800048828125,3383.800048828125,3383.10009765625,3383.10009765625,36.0
2025-06-03 23:45:00+00:00,3383.800048828125,3384.89990234375,3383.0,3383.5,263.0
2025-06-03 23:46:00+00:00,3383.5,3383.800048828125,3383.39990234375,3383.5,20.0
2025-06-03 23:47:00+00:00,3383.5,3383.800048828125,3383.0,3383.5,38.0
2025-06-03 23:48:00+00:00,3383.60009765625,3384.0,3383.5,3383.60009765625,23.0
2025-06-03 23:49:00+00:00,3383.89990234375,3384.0,3383.699951171875,3383.699951171875,13.0
2025-06-03 23:50:00+00:00,3384.10009765625,3384.10009765625,3383.89990234375,3384.10009765625,21.0
2025-06-03 23:51:00+00:00,3384.10009765625,3384.300048828125,3383.800048828125,3384.300048828125,30.0
2025-06-03 23:52:00+00:00,3384.0,3384.199951171875,3384.0,3384.199951171875,12.0
2025-06-03 23:53:00+00:00,3382.89990234375,3384.199951171875,3382.699951171875,3384.199951171875,97.0
2025-06-03 23:54:00+00:00,3383.5,3384.199951171875,3383.0,3383.0,84.0
2025-06-03 23:55:00+00:00,3383.60009765625,3383.89990234375,3383.60009765625,3383.89990234375,15.0
2025-06-03 23:56:00+00:00,3383.300048828125,3383.699951171875,3383.300048828125,3383.39990234375,13.0
2025-06-03 23:57:00+00:00,3383.699951171875,3383.699951171875,3383.300048828125,3383.300048828125,24.0
2025-06-03 23:58:00+00:00,3383.800048828125,3383.89990234375,3383.699951171875,3383.89990234375,5.0
2025-06-03 23:59:00+00:00,3384.5,3384.5,3383.800048828125,3383.800048828125,15.0
2025-06-04 00:00:00+00:00,3383.300048828125,3384.699951171875,3383.10009765625,3384.39990234375,108.0
2025-06-04 00:01:00+00:00,3382.89990234375,3383.800048828125,3382.89990234375,3383.199951171875,57.0
2025-06-04 00:02:00+00:00,3381.699951171875,3382.800048828125,3381.5,3382.699951171875,69.0
2025-06-04 00:03:00+00:00,3381.300048828125,3381.89990234375,3380.89990234375,3381.800048828125,44.0
2025-06-04 00:04:00+00:00,3380.699951171875,3381.60009765625,3380.699951171875,3381.300048828125,54.0
2025-06-04 00:05:00+00:00,3379.199951171875,3380.699951171875,3378.10009765625,3380.699951171875,288.0
2025-06-04 00:06:00+00:00,3379.89990234375,3380.39990234375,3379.89990234375,3380.0,80.0
2025-06-04 00:07:00+00:00,3379.89990234375,3380.199951171875,3379.89990234375,3380.10009765625,25.0
2025-06-04 00:08:00+00:00,3378.699951171875,3379.89990234375,3377.39990234375,3379.800048828125,208.0
2025-06-04 00:09:00+00:00,3377.89990234375,3379.199951171875,3377.699951171875,3378.800048828125,59.0
2025-06-04 00:10:00+00:00,3377.699951171875,3378.10009765625,3375.39990234375,3377.60009765625,301.0
2025-06-04 00:11:00+00:00,3377.699951171875,3378.300048828125,3377.5,3377.800048828125,54.0
2025-06-04 00:12:00+00:00,3377.0,3377.60009765625,3376.0,3377.60009765625,90.0
2025-06-04 00:13:00+00:00,3376.800048828125,3377.300048828125,3376.60009765625,3376.89990234375,36.0
2025-06-04 00:14:00+00:00,3378.300048828125,3378.39990234375,3376.300048828125,3376.5,76.0
2025-06-04 00:15:00+00:00,3379.800048828125,3380.0,3378.10009765625,3378.39990234375,68.0
2025-06-04 00:16:00+00:00,3380.699951171875,3380.800048828125,3379.800048828125,3379.800048828125,104.0
2025-06-04 00:17:00+00:00,3381.800048828125,3381.800048828125,3380.5,3380.699951171875,50.0
2025-06-04 00:18:00+00:00,3382.300048828125,3382.5,3381.5,3381.5,70.0
2025-06-04 00:19:00+00:00,3382.699951171875,3383.10009765625,3381.800048828125,3382.300048828125,89.0
2025-06-04 00:20:00+00:00,3382.10009765625,3383.60009765625,3380.800048828125,3382.699951171875,242.0
2025-06-04 00:21:00+00:00,3381.699951171875,3383.10009765625,3381.5,3382.39990234375,156.0
2025-06-04 00:22:00+00:00,3380.699951171875,3382.10009765625,3380.199951171875,3381.60009765625,103.0
2025-06-04 00:23:00+00:00,3380.699951171875,3381.0,3380.60009765625,3381.0,22.0
2025-06-04 00:24:00+00:00,3380.60009765625,3380.89990234375,3380.5,3380.699951171875,15.0
2025-06-04 00:25:00+00:00,3381.60009765625,3381.699951171875,3380.800048828125,3380.800048828125,361.0
2025-06-04 00:26:00+00:00,3382.300048828125,3382.60009765625,3381.800048828125,3381.800048828125,33.0
2025-06-04 00:27:00+00:00,3381.89990234375,3382.10009765625,3381.5,3382.0,51.0
2025-06-04 00:28:00+00:00,3381.699951171875,3382.0,3381.699951171875,3381.89990234375,25.0
2025-06-04 00:29:00+00:00,3381.699951171875,3382.300048828125,3381.699951171875,3381.89990234375,10.0
2025-06-04 00:30:00+00:00,3381.5,3382.199951171875,3355.0,3381.699951171875,72.0
2025-06-04 00:31:00+00:00,3380.0,3381.300048828125,3355.0,3381.300048828125,87.0
2025-06-04 00:32:00+00:00,3379.5,3380.39990234375,3379.5,3380.199951171875,56.0
2025-06-04 00:33:00+00:00,3379.199951171875,3379.800048828125,3378.699951171875,3379.5,74.0
2025-06-04 00:34:00+00:00,3379.60009765625,3380.10009765625,3379.0,3379.199951171875,108.0
2025-06-04 00:35:00+00:00,3379.89990234375,3380.300048828125,3379.5,3379.60009765625,25.0
2025-06-04 00:36:00+00:00,3380.0,3380.5,3379.800048828125,3379.800048828125,27.0
2025-06-04 00:37:00+00:00,3379.60009765625,3380.39990234375,3379.10009765625,3380.0,57.0
2025-06-04 00:38:00+00:00,3379.39990234375,3379.699951171875,3379.10009765625,3379.300048828125,24.0
2025-06-04 00:39:00+00:00,3377.300048828125,3379.60009765625,3377.10009765625,3379.5,264.0
2025-06-04 00:40:00+00:00,3377.5,3378.199951171875,3376.10009765625,3377.60009765625,283.0
2025-06-04 00:41:00+00:00,3377.10009765625,3378.199951171875,3351.60009765625,3377.60009765625,141.0
2025-06-04 00:42:00+00:00,3375.89990234375,3377.199951171875,3375.0,3377.199951171875,376.0
2025-06-04 00:43:00+00:00,3375.699951171875,3376.39990234375,3375.0,3376.199951171875,193.0
2025-06-04 00:44:00+00:00,3377.300048828125,3378.10009765625,3375.699951171875,3376.10009765625,235.0
2025-06-04 00:45:00+00:00,3375.800048828125,3377.5,3375.10009765625,3377.199951171875,135.0
2025-06-04 00:46:00+00:00,3376.39990234375,3376.800048828125,3375.60009765625,3375.60009765625,58.0
2025-06-04 00:47:00+00:00,3376.60009765625,3376.60009765625,3375.60009765625,3376.0,30.0
2025-06-04 00:48:00+00:00,3375.89990234375,3376.800048828125,3375.800048828125,3376.699951171875,45.0
2025-06-04 00:49:00+00:00,3377.39990234375,3377.800048828125,3376.0,3376.0,76.0
2025-06-04 00:50:00+00:00,3378.800048828125,3379.199951171875,3377.300048828125,3377.300048828125,262.0
2025-06-04 00:51:00+00:00,3376.10009765625,3379.10009765625,3375.800048828125,3378.60009765625,143.0
2025-06-04 00:52:00+00:00,3374.800048828125,3375.89990234375,3374.0,3375.89990234375,232.0
2025-06-04 00:53:00+00:00,3375.0,3376.300048828125,3374.39990234375,3374.60009765625,91.0
2025-06-04 00:54:00+00:00,3375.199951171875,3376.800048828125,3374.89990234375,3374.89990234375,167.0
2025-06-04 00:55:00+00:00,3373.89990234375,3375.89990234375,3373.5,3375.199951171875,205.0
2025-06-04 00:56:00+00:00,3373.800048828125,3374.10009765625,3373.300048828125,3374.0,89.0
2025-06-04 00:57:00+00:00,3373.60009765625,3374.39990234375,3373.10009765625,3373.89990234375,66.0
2025-06-04 00:58:00+00:00,3374.60009765625,3374.60009765625,3373.10009765625,3373.60009765625,75.0
2025-06-04 00:59:00+00:00,3373.60009765625,3375.699951171875,3373.60009765625,3374.699951171875,126.0
2025-06-04 01:00:00+00:00,3370.0,3373.800048828125,3369.800048828125,3373.60009765625,571.0
2025-06-04 01:01:00+00:00,3371.800048828125,3374.0,3369.699951171875,3369.800048828125,272.0
2025-06-04 01:02:00+00:00,3375.0,3375.0,3371.60009765625,3371.60009765625,94.0
2025-06-04 01:03:00+00:00,3377.10009765625,3378.0,3375.10009765625,3375.10009765625,261.0
2025-06-04 01:04:00+00:00,3378.60009765625,3378.60009765625,3376.800048828125,3377.10009765625,105.0
2025-06-04 01:05:00+00:00,3377.39990234375,3379.199951171875,3376.300048828125,3378.60009765625,216.0
2025-06-04 01:06:00+00:00,3378.199951171875,3378.39990234375,3377.199951171875,3377.199951171875,40.0
2025-06-04 01:07:00+00:00,3377.39990234375,3378.5,3377.0,3378.10009765625,67.0
2025-06-04 01:08:00+00:00,3378.199951171875,3378.39990234375,3377.10009765625,3377.5,26.0
2025-06-04 01:09:00+00:00,3379.0,3379.10009765625,3377.89990234375,3378.300048828125,120.0
2025-06-04 01:10:00+00:00,3378.699951171875,3379.300048828125,3378.39990234375,3378.89990234375,84.0
2025-06-04 01:11:00+00:00,3378.699951171875,3378.89990234375,3378.199951171875,3378.300048828125,39.0
2025-06-04 01:12:00+00:00,3380.5,3381.0,3378.89990234375,3378.89990234375,143.0
2025-06-04 01:13:00+00:00,3380.699951171875,3381.0,3380.0,3380.300048828125,94.0
2025-06-04 01:14:00+00:00,3381.699951171875,3381.89990234375,3380.60009765625,3380.800048828125,167.0
2025-06-04 01:15:00+00:00,3381.5,3382.10009765625,3380.800048828125,3381.699951171875,111.0
2025-06-04 01:16:00+00:00,3381.0,3382.5,3381.0,3381.699951171875,99.0
2025-06-04 01:17:00+00:00,3382.39990234375,3382.60009765625,3380.800048828125,3381.10009765625,94.0
2025-06-04 01:18:00+00:00,3383.5,3384.0,3382.39990234375,3382.39990234375,205.0
2025-06-04 01:20:00+00:00,3385.5,3386.5,3384.699951171875,3386.0,592.0
2025-06-04 01:21:00+00:00,3386.60009765625,3386.699951171875,3384.60009765625,3385.199951171875,125.0
2025-06-04 01:22:00+00:00,3386.300048828125,3387.0,3386.10009765625,3386.60009765625,139.0
2025-06-04 01:23:00+00:00,3387.89990234375,3388.300048828125,3386.39990234375,3386.60009765625,211.0
2025-06-04 01:24:00+00:00,3387.699951171875,3388.199951171875,3387.39990234375,3388.0,110.0
2025-06-04 01:25:00+00:00,3388.199951171875,3388.60009765625,3386.699951171875,3387.699951171875,255.0
2025-06-04 01:26:00+00:00,3387.60009765625,3389.0,3387.10009765625,3388.199951171875,257.0
2025-06-04 01:27:00+00:00,3387.699951171875,3388.199951171875,3387.10009765625,3387.300048828125,50.0
2025-06-04 01:28:00+00:00,3387.60009765625,3388.0,3386.800048828125,3387.800048828125,103.0
2025-06-04 01:29:00+00:00,3388.10009765625,3388.5,3387.39990234375,3387.699951171875,130.0
2025-06-04 01:30:00+00:00,3387.60009765625,3388.699951171875,3387.60009765625,3388.199951171875,138.0
2025-06-04 01:31:00+00:00,3389.10009765625,3389.39990234375,3386.800048828125,3387.5,217.0
2025-06-04 01:32:00+00:00,3390.89990234375,3391.300048828125,3389.199951171875,3389.199951171875,290.0
2025-06-04 01:33:00+00:00,3390.199951171875,3391.0,3389.5,3390.89990234375,93.0
2025-06-04 01:34:00+00:00,3391.60009765625,3391.699951171875,3389.0,3390.0,172.0
2025-06-04 01:35:00+00:00,3392.0,3392.5,3391.60009765625,3391.699951171875,180.0
2025-06-04 01:36:00+00:00,3392.60009765625,3392.60009765625,3390.39990234375,3392.0,152.0
2025-06-04 01:37:00+00:00,3392.39990234375,3394.10009765625,3392.39990234375,3392.699951171875,291.0
2025-06-04 01:38:00+00:00,3391.800048828125,3392.800048828125,3391.300048828125,3392.300048828125,154.0
2025-06-04 01:39:00+00:00,3393.5,3393.89990234375,3391.699951171875,3392.0,135.0
2025-06-04 01:40:00+00:00,3393.10009765625,3393.800048828125,3392.89990234375,3393.60009765625,55.0
2025-06-04 01:41:00+00:00,3390.800048828125,3393.800048828125,3390.800048828125,3393.199951171875,218.0
2025-06-04 01:42:00+00:00,3391.39990234375,3392.0,3390.89990234375,3390.89990234375,121.0
2025-06-04 01:43:00+00:00,3393.0,3393.10009765625,3391.199951171875,3391.60009765625,142.0
2025-06-04 01:44:00+00:00,3391.39990234375,3393.5,3391.300048828125,3392.89990234375,130.0
2025-06-04 01:45:00+00:00,3392.199951171875,3392.5,3390.800048828125,3391.39990234375,152.0
2025-06-04 01:46:00+00:00,3391.89990234375,3393.699951171875,3391.699951171875,3391.89990234375,113.0
2025-06-04 01:47:00+00:00,3393.10009765625,3393.39990234375,3391.300048828125,3391.60009765625,84.0
2025-06-04 01:48:00+00:00,3392.89990234375,3393.699951171875,3367.10009765625,3393.10009765625,94.0
2025-06-04 01:49:00+00:00,3393.199951171875,3393.300048828125,3392.5,3393.0,64.0
2025-06-04 01:50:00+00:00,3393.300048828125,3393.699951171875,3392.10009765625,3393.300048828125,112.0
2025-06-04 01:51:00+00:00,3393.300048828125,3394.5,3392.89990234375,3393.5,164.0
2025-06-04 01:52:00+00:00,3393.10009765625,3394.10009765625,3392.699951171875,3393.10009765625,202.0
2025-06-04 01:53:00+00:00,3394.199951171875,3395.10009765625,3392.199951171875,3393.300048828125,515.0
2025-06-04 01:54:00+00:00,3394.699951171875,3395.10009765625,3392.800048828125,3394.199951171875,160.0
2025-06-04 01:55:00+00:00,3394.300048828125,3395.300048828125,3393.89990234375,3394.699951171875,112.0
2025-06-04 01:56:00+00:00,3395.10009765625,3395.60009765625,3393.5,3393.89990234375,235.0
2025-06-04 01:57:00+00:00,3394.39990234375,3395.0,3394.0,3394.699951171875,55.0
2025-06-04 01:58:00+00:00,3396.10009765625,3396.699951171875,3394.300048828125,3394.60009765625,287.0
2025-06-04 01:59:00+00:00,3395.199951171875,3396.300048828125,3394.800048828125,3396.10009765625,127.0
2025-06-04 02:00:00+00:00,3394.800048828125,3396.199951171875,3393.800048828125,3395.10009765625,118.0
2025-06-04 02:01:00+00:00,3394.39990234375,3394.800048828125,3394.0,3394.699951171875,51.0
2025-06-04 02:02:00+00:00,3394.5,3394.800048828125,3394.0,3394.39990234375,37.0
2025-06-04 02:03:00+00:00,3395.10009765625,3395.39990234375,3394.0,3394.5,67.0
2025-06-04 02:04:00+00:00,3396.199951171875,3397.0,3394.89990234375,3395.10009765625,235.0
2025-06-04 02:05:00+00:00,3396.199951171875,3397.0,3396.0,3396.10009765625,145.0
2025-06-04 02:06:00+00:00,3396.199951171875,3396.300048828125,3395.39990234375,3396.10009765625,93.0
2025-06-04 02:07:00+00:00,3395.60009765625,3396.300048828125,3395.300048828125,3396.0,63.0
2025-06-04 02:08:00+00:00,3394.89990234375,3395.800048828125,3394.89990234375,3395.800048828125,48.0
2025-06-04 02:09:00+00:00,3395.10009765625,3395.300048828125,3394.5,3394.89990234375,49.0
2025-06-04 02:10:00+00:00,3394.5,3395.39990234375,3394.0,3395.10009765625,60.0
2025-06-04 02:11:00+00:00,3394.60009765625,3395.0,3394.39990234375,3394.5,42.0
2025-06-04 02:12:00+00:00,3395.89990234375,3396.0,3394.0,3394.300048828125,79.0
2025-06-04 02:13:00+00:00,3396.0,3396.60009765625,3395.60009765625,3395.800048828125,92.0
2025-06-04 02:14:00+00:00,3396.60009765625,3397.10009765625,3396.10009765625,3396.10009765625,131.0
2025-06-04 02:15:00+00:00,3395.5,3396.800048828125,3395.199951171875,3396.5,72.0
2025-06-04 02:16:00+00:00,3395.5,3396.0,3395.300048828125,3395.699951171875,32.0
2025-06-04 02:17:00+00:00,3394.60009765625,3395.60009765625,3394.39990234375,3395.60009765625,53.0
2025-06-04 02:18:00+00:00,3394.89990234375,3395.300048828125,3394.60009765625,3394.60009765625,42.0
2025-06-04 02:19:00+00:00,3394.5,3394.89990234375,3394.39990234375,3394.89990234375,19.0
2025-06-04 02:20:00+00:00,3393.800048828125,3394.5,3393.10009765625,3394.39990234375,175.0
2025-06-04 02:21:00+00:00,3394.0,3394.199951171875,3393.5,3393.60009765625,87.0
2025-06-04 02:22:00+00:00,3394.199951171875,3394.699951171875,3393.89990234375,3394.10009765625,47.0
2025-06-04 02:23:00+00:00,3393.39990234375,3394.199951171875,3393.39990234375,3394.10009765625,55.0
2025-06-04 02:24:00+00:00,3393.89990234375,3394.0,3393.60009765625,3393.60009765625,42.0
2025-06-04 02:25:00+00:00,3394.60009765625,3394.60009765625,3393.89990234375,3393.89990234375,37.0
2025-06-04 02:26:00+00:00,3393.699951171875,3394.60009765625,3393.39990234375,3394.39990234375,90.0
2025-06-04 02:27:00+00:00,3393.199951171875,3393.60009765625,3392.89990234375,3393.60009765625,54.0
2025-06-04 02:28:00+00:00,3393.199951171875,3393.60009765625,3393.10009765625,3393.300048828125,28.0
2025-06-04 02:29:00+00:00,3393.300048828125,3393.39990234375,3392.800048828125,3393.199951171875,67.0
2025-06-04 02:30:00+00:00,3392.10009765625,3393.199951171875,3391.800048828125,3393.199951171875,213.0
2025-06-04 02:31:00+00:00,3392.199951171875,3392.800048828125,3392.199951171875,3392.199951171875,60.0
2025-06-04 02:32:00+00:00,3390.699951171875,3392.10009765625,3390.699951171875,3392.10009765625,105.0
2025-06-04 02:33:00+00:00,3391.0,3391.10009765625,3390.5,3390.60009765625,83.0
2025-06-04 02:34:00+00:00,3390.10009765625,3391.0,3389.699951171875,3391.0,113.0
2025-06-04 02:35:00+00:00,3389.0,3390.199951171875,3388.699951171875,3390.0,177.0
2025-06-04 02:36:00+00:00,3389.800048828125,3389.800048828125,3388.5,3389.10009765625,66.0
2025-06-04 02:37:00+00:00,3389.800048828125,3390.300048828125,3387.60009765625,3389.39990234375,345.0
2025-06-04 02:38:00+00:00,3390.300048828125,3390.39990234375,3389.89990234375,3390.0,68.0
2025-06-04 02:39:00+00:00,3389.5,3390.5,3389.5,3390.5,37.0
2025-06-04 02:40:00+00:00,3388.5,3389.300048828125,3388.5,3389.300048828125,64.0
2025-06-04 02:41:00+00:00,3388.10009765625,3389.10009765625,3387.10009765625,3388.699951171875,116.0
2025-06-04 02:42:00+00:00,3387.5,3388.300048828125,3387.5,3388.10009765625,60.0
2025-06-04 02:43:00+00:00,3388.699951171875,3389.199951171875,3386.800048828125,3387.39990234375,331.0
2025-06-04 02:44:00+00:00,3390.10009765625,3390.199951171875,3388.5,3388.699951171875,225.0
2025-06-04 02:45:00+00:00,3388.60009765625,3390.0,3388.5,3389.89990234375,96.0
2025-06-04 02:46:00+00:00,3388.699951171875,3389.0,3388.300048828125,3388.800048828125,51.0
2025-06-04 02:47:00+00:00,3388.199951171875,3389.300048828125,3388.199951171875,3388.5,20.0
2025-06-04 02:48:00+00:00,3388.800048828125,3389.5,3388.10009765625,3388.39990234375,63.0
2025-06-04 02:49:00+00:00,3388.39990234375,3388.699951171875,3388.10009765625,3388.60009765625,54.0
2025-06-04 02:50:00+00:00,3388.699951171875,3388.800048828125,3388.199951171875,3388.5,30.0
2025-06-04 02:51:00+00:00,3389.300048828125,3390.10009765625,3388.800048828125,3388.800048828125,75.0
2025-06-04 02:52:00+00:00,3390.10009765625,3390.5,3389.10009765625,3389.10009765625,60.0
2025-06-04 02:53:00+00:00,3389.89990234375,3390.300048828125,3389.60009765625,3390.10009765625,33.0
2025-06-04 02:54:00+00:00,3390.89990234375,3390.89990234375,3389.800048828125,3389.89990234375,75.0
2025-06-04 02:55:00+00:00,3391.199951171875,3391.89990234375,3390.89990234375,3390.89990234375,134.0
2025-06-04 02:56:00+00:00,3391.5,3392.0,3391.10009765625,3391.199951171875,87.0
2025-06-04 02:57:00+00:00,3389.89990234375,3391.39990234375,3389.89990234375,3391.39990234375,87.0
2025-06-04 02:58:00+00:00,3389.60009765625,3390.0,3389.199951171875,3390.0,44.0
2025-06-04 02:59:00+00:00,3389.39990234375,3390.199951171875,3389.10009765625,3389.699951171875,48.0
2025-06-04 03:00:00+00:00,3388.800048828125,3390.199951171875,3388.5,3389.5,102.0
2025-06-04 03:01:00+00:00,3388.60009765625,3389.800048828125,3388.39990234375,3388.699951171875,80.0
2025-06-04 03:02:00+00:00,3388.5,3388.5,3387.89990234375,3388.39990234375,62.0
2025-06-04 03:03:00+00:00,3388.800048828125,3388.800048828125,3388.10009765625,3388.10009765625,26.0
2025-06-04 03:04:00+00:00,3388.800048828125,3389.60009765625,3388.39990234375,3388.89990234375,39.0
2025-06-04 03:05:00+00:00,3390.10009765625,3390.10009765625,3388.199951171875,3389.10009765625,64.0
2025-06-04 03:08:00+00:00,3390.0,3390.60009765625,3389.800048828125,3390.60009765625,137.0
2025-06-04 03:09:00+00:00,3389.5,3390.199951171875,3389.5,3390.10009765625,28.0
2025-06-04 03:10:00+00:00,3388.699951171875,3389.5,3388.199951171875,3389.39990234375,52.0
2025-06-04 03:11:00+00:00,3388.199951171875,3388.699951171875,3388.199951171875,3388.699951171875,18.0
2025-06-04 03:12:00+00:00,3387.89990234375,3388.699951171875,3387.89990234375,3388.10009765625,46.0
2025-06-04 03:13:00+00:00,3389.5,3389.699951171875,3388.0,3388.0,42.0
2025-06-04 03:14:00+00:00,3388.199951171875,3389.60009765625,3388.0,3389.5,78.0
2025-06-04 03:15:00+00:00,3387.89990234375,3388.199951171875,3387.300048828125,3388.199951171875,48.0
2025-06-04 03:16:00+00:00,3388.0,3388.199951171875,3387.800048828125,3387.89990234375,27.0
2025-06-04 03:17:00+00:00,3387.699951171875,3388.199951171875,3387.199951171875,3388.0,26.0
2025-06-04 03:18:00+00:00,3389.0,3389.0,3387.800048828125,3387.800048828125,25.0
2025-06-04 03:19:00+00:00,3389.10009765625,3389.199951171875,3388.699951171875,3388.699951171875,40.0
2025-06-04 03:20:00+00:00,3388.60009765625,3389.39990234375,3388.60009765625,3389.300048828125,28.0
2025-06-04 03:21:00+00:00,3389.199951171875,3389.300048828125,3388.699951171875,3388.699951171875,19.0
2025-06-04 03:22:00+00:00,3389.0,3389.5,3388.800048828125,3389.10009765625,36.0
2025-06-04 03:23:00+00:00,3389.89990234375,3390.39990234375,3389.300048828125,3389.300048828125,57.0
2025-06-04 03:24:00+00:00,3390.10009765625,3390.300048828125,3389.699951171875,3389.800048828125,30.0
2025-06-04 03:25:00+00:00,3390.300048828125,3390.39990234375,3390.0,3390.300048828125,23.0
2025-06-04 03:26:00+00:00,3390.5,3390.5,3390.0,3390.199951171875,22.0
2025-06-04 03:27:00+00:00,3390.5,3391.199951171875,3390.5,3390.800048828125,54.0
2025-06-04 03:28:00+00:00,3390.0,3390.60009765625,3390.0,3390.60009765625,20.0
2025-06-04 03:30:00+00:00,3388.300048828125,3388.300048828125,3388.10009765625,3388.199951171875,237.0
2025-06-04 03:31:00+00:00,3387.39990234375,3388.39990234375,3387.39990234375,3388.300048828125,38.0
2025-06-04 03:32:00+00:00,3386.0,3387.39990234375,3385.300048828125,3387.39990234375,237.0
2025-06-04 03:33:00+00:00,3386.60009765625,3387.10009765625,3386.0,3386.10009765625,95.0
2025-06-04 03:34:00+00:00,3385.699951171875,3387.0,3384.800048828125,3386.60009765625,209.0
2025-06-04 03:35:00+00:00,3386.0,3386.39990234375,3385.0,3386.0,114.0
2025-06-04 03:36:00+00:00,3385.800048828125,3386.5,3385.699951171875,3386.0,67.0
2025-06-04 03:37:00+00:00,3385.0,3386.0,3384.5,3386.0,120.0
2025-06-04 03:38:00+00:00,3384.60009765625,3385.699951171875,3384.39990234375,3385.0,45.0
2025-06-04 03:39:00+00:00,3384.699951171875,3384.89990234375,3384.5,3384.89990234375,31.0
2025-06-04 03:40:00+00:00,3384.39990234375,3384.89990234375,3384.39990234375,3384.60009765625,68.0
2025-06-04 03:41:00+00:00,3384.699951171875,3385.0,3384.5,3384.699951171875,48.0
2025-06-04 03:42:00+00:00,3385.300048828125,3385.5,3384.5,3384.800048828125,37.0
2025-06-04 03:43:00+00:00,3385.199951171875,3385.800048828125,3385.199951171875,3385.199951171875,28.0
2025-06-04 03:44:00+00:00,3384.39990234375,3385.39990234375,3384.199951171875,3385.199951171875,83.0
2025-06-04 03:45:00+00:00,3384.199951171875,3384.39990234375,3383.60009765625,3384.39990234375,58.0
2025-06-04 03:46:00+00:00,3383.5,3384.300048828125,3383.300048828125,3384.300048828125,64.0
2025-06-04 03:47:00+00:00,3383.39990234375,3383.60009765625,3383.300048828125,3383.60009765625,65.0
2025-06-04 03:48:00+00:00,3383.0,3383.300048828125,3382.10009765625,3383.199951171875,103.0
2025-06-04 03:49:00+00:00,3384.10009765625,3384.10009765625,3383.10009765625,3383.10009765625,46.0
2025-06-04 03:50:00+00:00,3384.89990234375,3385.39990234375,3383.89990234375,3384.300048828125,95.0
2025-06-04 03:51:00+00:00,3384.199951171875,3385.0,3384.199951171875,3385.0,20.0
2025-06-04 03:52:00+00:00,3384.0,3384.300048828125,3383.5,3384.10009765625,49.0
2025-06-04 03:53:00+00:00,3384.0,3384.199951171875,3383.800048828125,3384.0,34.0
2025-06-04 03:54:00+00:00,3384.199951171875,3385.199951171875,3384.10009765625,3384.10009765625,93.0
2025-06-04 03:55:00+00:00,3383.5,3384.199951171875,3383.300048828125,3384.10009765625,32.0
2025-06-04 03:56:00+00:00,3383.699951171875,3384.199951171875,3383.5,3383.5,39.0
2025-06-04 03:57:00+00:00,3384.5,3384.60009765625,3383.800048828125,3383.800048828125,65.0
2025-06-04 03:58:00+00:00,3383.699951171875,3384.5,3383.60009765625,3384.39990234375,36.0
2025-06-04 04:00:00+00:00,3383.10009765625,3383.5,3382.699951171875,3383.5,45.0
2025-06-04 04:01:00+00:00,3382.5,3383.60009765625,3381.10009765625,3383.199951171875,252.0
2025-06-04 04:02:00+00:00,3383.699951171875,3383.89990234375,3382.300048828125,3382.699951171875,70.0
2025-06-04 04:03:00+00:00,3383.800048828125,3384.39990234375,3383.60009765625,3383.89990234375,78.0
2025-06-04 04:04:00+00:00,3384.0,3384.10009765625,3383.699951171875,3383.699951171875,27.0
2025-06-04 04:05:00+00:00,3383.5,3384.10009765625,3383.5,3384.10009765625,72.0
2025-06-04 04:06:00+00:00,3384.5,3385.39990234375,3383.699951171875,3383.699951171875,108.0
2025-06-04 04:07:00+00:00,3382.699951171875,3384.5,3382.5,3384.5,108.0
2025-06-04 04:08:00+00:00,3383.699951171875,3384.10009765625,3382.300048828125,3382.699951171875,124.0
2025-06-04 04:09:00+00:00,3383.60009765625,3383.89990234375,3383.5,3383.800048828125,13.0
2025-06-04 04:10:00+00:00,3384.699951171875,3384.699951171875,3383.800048828125,3383.800048828125,32.0
2025-06-04 04:11:00+00:00,3384.89990234375,3385.199951171875,3384.5,3384.800048828125,66.0
2025-06-04 04:12:00+00:00,3384.0,3384.800048828125,3384.0,3384.699951171875,8.0
2025-06-04 04:13:00+00:00,3383.39990234375,3384.199951171875,3383.199951171875,3384.10009765625,58.0
2025-06-04 04:14:00+00:00,3383.0,3383.699951171875,3383.0,3383.199951171875,28.0
2025-06-04 04:15:00+00:00,3382.60009765625,3383.199951171875,3382.300048828125,3383.0,33.0
2025-06-04 04:16:00+00:00,3383.60009765625,3383.60009765625,3382.39990234375,3382.5,124.0
2025-06-04 04:17:00+00:00,3382.800048828125,3383.800048828125,3382.60009765625,3383.300048828125,31.0
2025-06-04 04:18:00+00:00,3381.89990234375,3383.0,3381.800048828125,3382.699951171875,55.0
2025-06-04 04:19:00+00:00,3382.699951171875,3383.10009765625,3381.5,3381.89990234375,102.0
2025-06-04 04:20:00+00:00,3382.300048828125,3382.800048828125,3381.699951171875,3382.5,75.0
2025-06-04 04:21:00+00:00,3382.60009765625,3383.0,3381.89990234375,3381.89990234375,79.0
2025-06-04 04:22:00+00:00,3383.10009765625,3383.60009765625,3382.0,3382.60009765625,122.0
2025-06-04 04:23:00+00:00,3383.39990234375,3383.39990234375,3383.10009765625,3383.10009765625,13.0
2025-06-04 04:24:00+00:00,3384.0,3384.199951171875,3383.39990234375,3383.39990234375,24.0
2025-06-04 04:25:00+00:00,3385.0,3385.0,3384.10009765625,3384.10009765625,47.0
2025-06-04 04:26:00+00:00,3384.800048828125,3384.89990234375,3384.5,3384.800048828125,22.0
2025-06-04 04:27:00+00:00,3384.39990234375,3384.89990234375,3384.39990234375,3384.800048828125,24.0
2025-06-04 04:28:00+00:00,3385.0,3385.699951171875,3384.5,3384.5,85.0
2025-06-04 04:29:00+00:00,3384.199951171875,3385.0,3383.699951171875,3385.0,67.0
2025-06-04 04:30:00+00:00,3384.5,3384.89990234375,3384.199951171875,3384.300048828125,52.0
2025-06-04 04:31:00+00:00,3384.10009765625,3384.699951171875,3384.10009765625,3384.699951171875,16.0
2025-06-04 04:32:00+00:00,3384.199951171875,3384.300048828125,3384.0,3384.199951171875,9.0
2025-06-04 04:33:00+00:00,3384.0,3384.0,3383.39990234375,3384.0,22.0
2025-06-04 04:34:00+00:00,3383.10009765625,3384.39990234375,3382.800048828125,3384.10009765625,70.0
2025-06-04 04:35:00+00:00,3383.0,3383.199951171875,3382.699951171875,3383.199951171875,38.0
2025-06-04 04:36:00+00:00,3382.800048828125,3383.10009765625,3382.699951171875,3383.0,12.0
2025-06-04 04:37:00+00:00,3382.89990234375,3383.300048828125,3382.800048828125,3382.800048828125,15.0
2025-06-04 04:38:00+00:00,3382.699951171875,3383.0,3382.300048828125,3382.89990234375,24.0
2025-06-04 04:39:00+00:00,3382.699951171875,3383.0,3382.5,3382.60009765625,19.0
2025-06-04 04:40:00+00:00,3380.39990234375,3382.5,3379.60009765625,3382.5,300.0
2025-06-04 04:41:00+00:00,3380.39990234375,3381.60009765625,3380.199951171875,3380.5,92.0
2025-06-04 04:42:00+00:00,3379.60009765625,3380.39990234375,3379.39990234375,3380.199951171875,99.0
2025-06-04 04:43:00+00:00,3379.39990234375,3380.10009765625,3379.300048828125,3379.5,55.0
2025-06-04 04:44:00+00:00,3378.800048828125,3379.699951171875,3378.10009765625,3379.699951171875,198.0
2025-06-04 04:45:00+00:00,3378.300048828125,3378.800048828125,3375.89990234375,3378.800048828125,447.0
2025-06-04 04:46:00+00:00,3378.5,3378.800048828125,3378.10009765625,3378.39990234375,89.0
2025-06-04 04:47:00+00:00,3378.800048828125,3379.199951171875,3378.5,3378.5,53.0
2025-06-04 04:48:00+00:00,3379.199951171875,3379.199951171875,3378.699951171875,3378.800048828125,34.0
2025-06-04 04:49:00+00:00,3378.39990234375,3379.300048828125,3352.800048828125,3379.300048828125,64.0
2025-06-04 04:50:00+00:00,3377.60009765625,3378.39990234375,3351.800048828125,3378.39990234375,61.0
2025-06-04 04:51:00+00:00,3377.60009765625,3378.199951171875,3377.300048828125,3377.60009765625,58.0
2025-06-04 04:52:00+00:00,3376.800048828125,3377.800048828125,3351.60009765625,3377.60009765625,88.0
2025-06-04 04:53:00+00:00,3377.199951171875,3377.300048828125,3376.60009765625,3376.89990234375,29.0
2025-06-04 04:54:00+00:00,3376.800048828125,3377.5,3376.800048828125,3377.199951171875,22.0
2025-06-04 04:55:00+00:00,3377.699951171875,3377.699951171875,3376.0,3376.60009765625,69.0
2025-06-04 04:56:00+00:00,3377.89990234375,3378.0,3377.0,3377.60009765625,88.0
2025-06-04 04:57:00+00:00,3378.300048828125,3378.699951171875,3377.10009765625,3377.699951171875,100.0
2025-06-04 04:58:00+00:00,3378.0,3378.60009765625,3377.800048828125,3378.5,41.0
2025-06-04 04:59:00+00:00,3378.39990234375,3379.0,3378.300048828125,3378.300048828125,98.0
2025-06-04 05:00:00+00:00,3379.199951171875,3379.699951171875,3378.199951171875,3378.39990234375,103.0
2025-06-04 05:01:00+00:00,3379.0,3380.300048828125,3378.199951171875,3379.5,257.0
2025-06-04 05:02:00+00:00,3377.800048828125,3379.60009765625,3377.39990234375,3378.89990234375,178.0
2025-06-04 05:03:00+00:00,3376.800048828125,3378.199951171875,3376.39990234375,3377.699951171875,214.0
2025-06-04 05:04:00+00:00,3375.5,3377.199951171875,3375.300048828125,3376.699951171875,235.0
2025-06-04 05:05:00+00:00,3376.60009765625,3376.699951171875,3375.300048828125,3375.5,66.0
2025-06-04 05:06:00+00:00,3377.89990234375,3378.199951171875,3376.5,3376.800048828125,57.0
2025-06-04 05:07:00+00:00,3378.699951171875,3379.10009765625,3378.0,3378.0,64.0
2025-06-04 05:08:00+00:00,3378.800048828125,3379.199951171875,3352.5,3379.0,74.0
2025-06-04 05:09:00+00:00,3379.0,3379.0,3378.39990234375,3378.5,10.0
2025-06-04 05:10:00+00:00,3378.60009765625,3379.0,3352.5,3379.0,63.0
2025-06-04 05:11:00+00:00,3378.800048828125,3378.800048828125,3352.5,3352.5,17.0
2025-06-04 05:12:00+00:00,3378.89990234375,3379.10009765625,3353.0,3378.699951171875,51.0
2025-06-04 05:13:00+00:00,3378.199951171875,3379.0,3353.300048828125,3378.800048828125,18.0
2025-06-04 05:14:00+00:00,3378.89990234375,3378.89990234375,3378.60009765625,3378.60009765625,8.0
2025-06-04 05:15:00+00:00,3378.699951171875,3378.800048828125,3378.699951171875,3378.699951171875,4.0
2025-06-04 05:16:00+00:00,3377.699951171875,3378.5,3377.5,3378.5,56.0
2025-06-04 05:17:00+00:00,3377.5,3378.0,3377.5,3377.699951171875,19.0
2025-06-04 05:18:00+00:00,3377.800048828125,3377.800048828125,3377.39990234375,3377.699951171875,24.0
2025-06-04 05:19:00+00:00,3377.0,3378.0,3376.89990234375,3377.89990234375,36.0
2025-06-04 05:20:00+00:00,3376.800048828125,3377.199951171875,3376.699951171875,3376.89990234375,14.0
2025-06-04 05:21:00+00:00,3376.89990234375,3377.199951171875,3376.699951171875,3377.10009765625,31.0
2025-06-04 05:22:00+00:00,3376.10009765625,3376.800048828125,3375.699951171875,3376.699951171875,89.0
2025-06-04 05:23:00+00:00,3375.39990234375,3375.89990234375,3375.199951171875,3375.89990234375,102.0
2025-06-04 05:24:00+00:00,3375.60009765625,3375.800048828125,3375.300048828125,3375.300048828125,18.0
2025-06-04 05:25:00+00:00,3374.5,3375.699951171875,3373.5,3375.60009765625,253.0
2025-06-04 05:26:00+00:00,3374.39990234375,3374.699951171875,3373.89990234375,3374.39990234375,75.0
2025-06-04 05:27:00+00:00,3373.60009765625,3374.5,3373.300048828125,3374.300048828125,105.0
2025-06-04 05:28:00+00:00,3374.60009765625,3375.0,3373.800048828125,3373.800048828125,100.0
2025-06-04 05:29:00+00:00,3375.60009765625,3376.0,3374.699951171875,3374.699951171875,54.0
2025-06-04 05:30:00+00:00,3376.699951171875,3377.10009765625,3374.60009765625,3375.39990234375,219.0
2025-06-04 05:31:00+00:00,3377.0,3377.5,3376.39990234375,3376.89990234375,100.0
2025-06-04 05:32:00+00:00,3377.89990234375,3378.0,3377.0,3377.0,85.0
2025-06-04 05:33:00+00:00,3376.800048828125,3378.5,3376.5,3377.89990234375,253.0
2025-06-04 05:34:00+00:00,3375.10009765625,3376.800048828125,3373.699951171875,3376.699951171875,218.0
2025-06-04 05:35:00+00:00,3374.89990234375,3375.60009765625,3374.5,3374.800048828125,42.0
2025-06-04 05:36:00+00:00,3374.300048828125,3374.800048828125,3373.800048828125,3374.300048828125,68.0
2025-06-04 05:37:00+00:00,3372.60009765625,3374.699951171875,3372.60009765625,3374.300048828125,91.0
2025-06-04 05:38:00+00:00,3373.60009765625,3373.60009765625,3372.699951171875,3372.800048828125,83.0
2025-06-04 05:39:00+00:00,3372.199951171875,3373.89990234375,3372.0,3373.699951171875,133.0
2025-06-04 05:40:00+00:00,3374.5,3374.699951171875,3372.10009765625,3372.199951171875,122.0
2025-06-04 05:41:00+00:00,3375.5,3375.699951171875,3374.5,3374.5,108.0
2025-06-04 05:42:00+00:00,3376.0,3376.699951171875,3375.300048828125,3375.39990234375,114.0
2025-06-04 05:43:00+00:00,3377.39990234375,3378.300048828125,3376.0,3376.0,165.0
2025-06-04 05:44:00+00:00,3377.199951171875,3378.300048828125,3376.89990234375,3377.699951171875,152.0
2025-06-04 05:45:00+00:00,3377.89990234375,3378.0,3376.800048828125,3377.199951171875,63.0
2025-06-04 05:46:00+00:00,3377.5,3378.199951171875,3377.199951171875,3377.800048828125,48.0
2025-06-04 05:47:00+00:00,3377.699951171875,3377.699951171875,3377.199951171875,3377.60009765625,30.0
2025-06-04 05:48:00+00:00,3377.0,3378.199951171875,3376.800048828125,3377.699951171875,107.0
2025-06-04 05:49:00+00:00,3374.89990234375,3376.89990234375,3374.89990234375,3376.89990234375,191.0
2025-06-04 05:50:00+00:00,3374.60009765625,3374.89990234375,3374.10009765625,3374.89990234375,42.0
2025-06-04 05:51:00+00:00,3373.39990234375,3374.60009765625,3372.60009765625,3374.5,108.0
2025-06-04 05:52:00+00:00,3375.300048828125,3376.300048828125,3373.10009765625,3373.5,287.0
2025-06-04 05:53:00+00:00,3375.800048828125,3375.89990234375,3375.0,3375.300048828125,73.0
2025-06-04 05:54:00+00:00,3374.60009765625,3375.89990234375,3374.39990234375,3375.89990234375,61.0
2025-06-04 05:55:00+00:00,3374.699951171875,3375.10009765625,3374.0,3374.39990234375,65.0
2025-06-04 05:56:00+00:00,3375.39990234375,3375.699951171875,3374.800048828125,3374.800048828125,37.0
2025-06-04 05:57:00+00:00,3375.800048828125,3376.39990234375,3375.300048828125,3375.5,58.0
2025-06-04 05:58:00+00:00,3375.300048828125,3376.300048828125,3375.10009765625,3376.0,66.0
2025-06-04 05:59:00+00:00,3374.699951171875,3375.0,3373.60009765625,3375.0,83.0
2025-06-04 06:00:00+00:00,3374.800048828125,3375.39990234375,3374.0,3374.5,67.0
2025-06-04 06:01:00+00:00,3374.800048828125,3375.199951171875,3374.300048828125,3374.699951171875,30.0
2025-06-04 06:02:00+00:00,3376.199951171875,3376.199951171875,3374.89990234375,3374.89990234375,74.0
2025-06-04 06:03:00+00:00,3376.60009765625,3376.60009765625,3375.699951171875,3376.10009765625,57.0
2025-06-04 06:04:00+00:00,3376.0,3376.699951171875,3375.699951171875,3376.699951171875,40.0
2025-06-04 06:05:00+00:00,3374.39990234375,3376.199951171875,3374.0,3376.199951171875,246.0
2025-06-04 06:06:00+00:00,3374.60009765625,3374.89990234375,3372.5,3374.39990234375,182.0
2025-06-04 06:07:00+00:00,3373.60009765625,3374.300048828125,3373.199951171875,3374.300048828125,29.0
2025-06-04 06:08:00+00:00,3374.89990234375,3375.10009765625,3373.699951171875,3373.89990234375,39.0
2025-06-04 06:09:00+00:00,3374.60009765625,3375.39990234375,3374.300048828125,3375.10009765625,46.0
2025-06-04 06:10:00+00:00,3374.699951171875,3375.199951171875,3374.60009765625,3375.0,34.0
2025-06-04 06:11:00+00:00,3376.199951171875,3377.800048828125,3374.300048828125,3374.300048828125,202.0
2025-06-04 06:12:00+00:00,3376.199951171875,3377.10009765625,3376.0,3376.39990234375,78.0
2025-06-04 06:13:00+00:00,3376.0,3376.5,3375.300048828125,3376.199951171875,86.0
2025-06-04 06:14:00+00:00,3376.199951171875,3376.199951171875,3375.199951171875,3375.5,43.0
2025-06-04 06:15:00+00:00,3375.89990234375,3376.300048828125,3375.60009765625,3375.699951171875,32.0
2025-06-04 06:16:00+00:00,3375.10009765625,3375.199951171875,3374.800048828125,3374.89990234375,117.0
2025-06-04 06:17:00+00:00,3377.300048828125,3377.60009765625,3376.10009765625,3376.199951171875,118.0
2025-06-04 06:18:00+00:00,3376.10009765625,3379.0,3376.10009765625,3377.699951171875,193.0
2025-06-04 06:19:00+00:00,3376.10009765625,3377.199951171875,3375.89990234375,3376.10009765625,119.0
2025-06-04 06:20:00+00:00,3376.800048828125,3376.800048828125,3375.699951171875,3376.39990234375,69.0
2025-06-04 06:21:00+00:00,3376.5,3377.300048828125,3376.5,3376.5,51.0
2025-06-04 06:22:00+00:00,3378.10009765625,3378.39990234375,3376.300048828125,3376.60009765625,71.0
2025-06-04 06:23:00+00:00,3377.199951171875,3378.5,3377.0,3378.199951171875,42.0
2025-06-04 06:24:00+00:00,3376.699951171875,3377.10009765625,3376.60009765625,3377.0,15.0
2025-06-04 06:25:00+00:00,3376.39990234375,3376.800048828125,3375.699951171875,3376.60009765625,47.0
2025-06-04 06:26:00+00:00,3376.699951171875,3377.39990234375,3376.300048828125,3376.300048828125,28.0
2025-06-04 06:27:00+00:00,3377.5,3378.199951171875,3377.10009765625,3377.5,55.0
2025-06-04 06:28:00+00:00,3377.89990234375,3378.10009765625,3377.199951171875,3377.89990234375,70.0
2025-06-04 06:29:00+00:00,3379.699951171875,3379.800048828125,3377.699951171875,3377.699951171875,133.0
2025-06-04 06:30:00+00:00,3379.699951171875,3380.39990234375,3379.39990234375,3379.5,135.0
2025-06-04 06:31:00+00:00,3380.0,3380.199951171875,3378.89990234375,3379.5,123.0
2025-06-04 06:32:00+00:00,3380.800048828125,3381.0,3379.5,3379.60009765625,118.0
2025-06-04 06:33:00+00:00,3380.5,3381.10009765625,3379.89990234375,3380.800048828125,138.0
2025-06-04 06:34:00+00:00,3380.10009765625,3380.699951171875,3379.699951171875,3380.699951171875,29.0
2025-06-04 06:35:00+00:00,3380.89990234375,3381.0,3379.699951171875,3379.800048828125,58.0
2025-06-04 06:36:00+00:00,3380.300048828125,3380.89990234375,3380.0,3380.800048828125,62.0
2025-06-04 06:37:00+00:00,3380.300048828125,3381.0,3380.300048828125,3380.60009765625,22.0
2025-06-04 06:38:00+00:00,3381.0,3381.39990234375,3380.199951171875,3380.300048828125,44.0
2025-06-04 06:39:00+00:00,3380.10009765625,3380.800048828125,3379.800048828125,3380.800048828125,40.0
2025-06-04 06:40:00+00:00,3379.699951171875,3380.5,3379.5,3380.10009765625,27.0
2025-06-04 06:41:00+00:00,3379.60009765625,3380.699951171875,3379.0,3379.5,73.0
2025-06-04 06:42:00+00:00,3380.699951171875,3380.800048828125,3379.39990234375,3379.39990234375,44.0
2025-06-04 06:43:00+00:00,3381.800048828125,3382.0,3380.699951171875,3380.89990234375,157.0
2025-06-04 06:44:00+00:00,3379.89990234375,3382.10009765625,3379.60009765625,3381.89990234375,223.0
2025-06-04 06:45:00+00:00,3380.300048828125,3380.60009765625,3379.699951171875,3379.800048828125,46.0
2025-06-04 06:46:00+00:00,3380.699951171875,3380.699951171875,3379.89990234375,3380.199951171875,29.0
2025-06-04 06:47:00+00:00,3380.89990234375,3380.89990234375,3380.5,3380.800048828125,24.0
2025-06-04 06:48:00+00:00,3381.5,3382.199951171875,3380.800048828125,3380.800048828125,68.0
2025-06-04 06:49:00+00:00,3381.300048828125,3381.800048828125,3381.199951171875,3381.800048828125,12.0
2025-06-04 06:50:00+00:00,3380.800048828125,3381.699951171875,3380.800048828125,3381.300048828125,115.0
2025-06-04 06:53:00+00:00,3381.300048828125,3381.60009765625,3381.10009765625,3381.300048828125,197.0
2025-06-04 06:54:00+00:00,3380.39990234375,3381.0,3380.10009765625,3380.89990234375,49.0
2025-06-04 06:55:00+00:00,3379.39990234375,3380.5,3379.199951171875,3380.199951171875,93.0
2025-06-04 06:56:00+00:00,3378.5,3379.800048828125,3378.300048828125,3379.300048828125,92.0
2025-06-04 06:57:00+00:00,3379.10009765625,3379.199951171875,3378.199951171875,3378.300048828125,51.0
2025-06-04 06:58:00+00:00,3379.10009765625,3379.10009765625,3378.60009765625,3378.89990234375,25.0
2025-06-04 06:59:00+00:00,3379.60009765625,3379.89990234375,3378.89990234375,3379.10009765625,39.0
2025-06-04 07:00:00+00:00,3380.5,3380.800048828125,3379.60009765625,3379.699951171875,67.0
2025-06-04 07:01:00+00:00,3380.89990234375,3381.0,3379.699951171875,3380.5,64.0
2025-06-04 07:02:00+00:00,3381.60009765625,3381.60009765625,3380.39990234375,3381.10009765625,86.0
2025-06-04 07:03:00+00:00,3382.199951171875,3382.199951171875,3381.5,3381.5,62.0
2025-06-04 07:04:00+00:00,3382.699951171875,3382.89990234375,3381.800048828125,3382.10009765625,87.0
2025-06-04 07:05:00+00:00,3384.199951171875,3384.5,3382.699951171875,3382.699951171875,390.0
2025-06-04 07:06:00+00:00,3384.699951171875,3385.10009765625,3383.89990234375,3384.10009765625,132.0
2025-06-04 07:07:00+00:00,3385.699951171875,3386.0,3384.800048828125,3384.800048828125,183.0
2025-06-04 07:08:00+00:00,3386.300048828125,3386.300048828125,3385.5,3385.800048828125,149.0
2025-06-04 07:09:00+00:00,3385.89990234375,3386.699951171875,3385.5,3386.300048828125,104.0
2025-06-04 07:10:00+00:00,3386.0,3387.0,3385.89990234375,3386.0,168.0
2025-06-04 07:11:00+00:00,3386.699951171875,3387.10009765625,3385.89990234375,3386.10009765625,87.0
2025-06-04 07:12:00+00:00,3386.300048828125,3387.0,3386.199951171875,3386.800048828125,80.0
2025-06-04 07:13:00+00:00,3385.10009765625,3386.39990234375,3384.89990234375,3386.39990234375,129.0
2025-06-04 07:14:00+00:00,3383.89990234375,3385.199951171875,3383.89990234375,3385.199951171875,74.0
2025-06-04 07:15:00+00:00,3384.5,3384.60009765625,3383.699951171875,3384.199951171875,59.0
2025-06-04 07:16:00+00:00,3384.10009765625,3384.699951171875,3383.800048828125,3384.5,30.0
2025-06-04 07:17:00+00:00,3383.5,3384.199951171875,3383.5,3384.199951171875,69.0
2025-06-04 07:18:00+00:00,3383.699951171875,3383.89990234375,3383.199951171875,3383.60009765625,34.0
2025-06-04 07:19:00+00:00,3383.800048828125,3383.800048828125,3383.0,3383.699951171875,56.0
2025-06-04 07:20:00+00:00,3383.5,3383.800048828125,3383.199951171875,3383.60009765625,46.0
2025-06-04 07:21:00+00:00,3383.5,3383.60009765625,3382.89990234375,3383.39990234375,30.0
2025-06-04 07:22:00+00:00,3384.199951171875,3384.60009765625,3383.60009765625,3383.60009765625,65.0
2025-06-04 07:23:00+00:00,3383.10009765625,3384.199951171875,3383.10009765625,3384.10009765625,52.0
2025-06-04 07:24:00+00:00,3383.39990234375,3383.699951171875,3383.0,3383.300048828125,30.0
2025-06-04 07:25:00+00:00,3383.300048828125,3383.699951171875,3383.0,3383.300048828125,37.0
2025-06-04 07:26:00+00:00,3382.89990234375,3384.0,3382.699951171875,3383.699951171875,73.0
2025-06-04 07:27:00+00:00,3384.89990234375,3385.0,3382.60009765625,3383.0,233.0
2025-06-04 07:28:00+00:00,3385.5,3385.60009765625,3384.60009765625,3384.89990234375,92.0
2025-06-04 07:29:00+00:00,3385.10009765625,3385.5,3385.0,3385.39990234375,46.0
2025-06-04 07:30:00+00:00,3385.300048828125,3385.300048828125,3385.199951171875,3385.199951171875,4.0
2025-06-04 07:40:00+00:00,3385.5,3385.60009765625,3385.0,3385.300048828125,1462.0
2025-06-04 07:41:00+00:00,3385.199951171875,3385.39990234375,3384.5,3385.39990234375,62.0
2025-06-04 07:42:00+00:00,3384.300048828125,3385.199951171875,3383.5,3385.199951171875,146.0
2025-06-04 07:43:00+00:00,3383.800048828125,3384.39990234375,3383.60009765625,3384.39990234375,56.0
2025-06-04 07:44:00+00:00,3384.300048828125,3384.39990234375,3383.699951171875,3383.89990234375,38.0
2025-06-04 07:45:00+00:00,3384.699951171875,3385.5,3384.300048828125,3384.300048828125,91.0
2025-06-04 07:46:00+00:00,3383.89990234375,3384.800048828125,3383.800048828125,3384.699951171875,52.0
2025-06-04 07:47:00+00:00,3383.89990234375,3384.0,3383.60009765625,3383.89990234375,23.0
2025-06-04 07:48:00+00:00,3382.800048828125,3383.89990234375,3382.39990234375,3383.89990234375,73.0
2025-06-04 07:49:00+00:00,3382.300048828125,3383.300048828125,3382.0,3383.10009765625,78.0
2025-06-04 07:50:00+00:00,3382.300048828125,3382.60009765625,3381.800048828125,3382.300048828125,58.0
2025-06-04 07:51:00+00:00,3382.5,3383.199951171875,3382.300048828125,3382.39990234375,60.0
2025-06-04 07:52:00+00:00,3381.39990234375,3382.60009765625,3381.39990234375,3382.60009765625,34.0
2025-06-04 07:53:00+00:00,3381.199951171875,3381.5,3380.699951171875,3381.10009765625,110.0
2025-06-04 07:54:00+00:00,3381.0,3381.10009765625,3380.5,3381.0,36.0
2025-06-04 07:55:00+00:00,3379.10009765625,3381.0,3379.0,3380.89990234375,267.0
2025-06-04 07:56:00+00:00,3378.300048828125,3379.89990234375,3377.800048828125,3379.5,174.0
2025-06-04 07:57:00+00:00,3379.199951171875,3379.199951171875,3377.199951171875,3378.10009765625,137.0
2025-06-04 07:58:00+00:00,3379.300048828125,3379.800048828125,3379.0,3379.199951171875,159.0
2025-06-04 07:59:00+00:00,3378.0,3379.39990234375,3377.89990234375,3379.300048828125,77.0
2025-06-04 08:00:00+00:00,3377.5,3378.0,3376.0,3378.0,313.0
2025-06-04 08:01:00+00:00,3378.60009765625,3379.300048828125,3377.300048828125,3377.5,126.0
2025-06-04 08:02:00+00:00,3378.89990234375,3379.10009765625,3378.0,3378.199951171875,44.0
2025-06-04 08:03:00+00:00,3377.300048828125,3379.0,3377.300048828125,3379.0,65.0
2025-06-04 08:04:00+00:00,3378.5,3378.699951171875,3377.0,3377.5,161.0
2025-06-04 08:05:00+00:00,3377.89990234375,3378.89990234375,3377.60009765625,3378.5,147.0
2025-06-04 08:08:00+00:00,3378.199951171875,3378.5,3377.699951171875,3378.10009765625,452.0
2025-06-04 08:09:00+00:00,3379.10009765625,3379.10009765625,3378.300048828125,3378.300048828125,40.0
2025-06-04 08:10:00+00:00,3379.800048828125,3380.0,3378.89990234375,3379.10009765625,135.0
2025-06-04 08:11:00+00:00,3380.5,3380.699951171875,3379.60009765625,3379.800048828125,56.0
2025-06-04 08:12:00+00:00,3380.199951171875,3381.10009765625,3379.89990234375,3380.60009765625,78.0
2025-06-04 08:13:00+00:00,3380.300048828125,3380.60009765625,3379.699951171875,3380.39990234375,81.0
2025-06-04 08:14:00+00:00,3379.39990234375,3380.5,3379.0,3380.300048828125,83.0
2025-06-04 08:15:00+00:00,3379.300048828125,3380.0,3378.60009765625,3379.60009765625,82.0
2025-06-04 08:16:00+00:00,3378.699951171875,3379.39990234375,3352.10009765625,3379.39990234375,105.0
2025-06-04 08:17:00+00:00,3378.60009765625,3379.10009765625,3378.0,3378.89990234375,44.0
2025-06-04 08:18:00+00:00,3378.89990234375,3378.89990234375,3378.0,3378.300048828125,50.0
2025-06-04 08:19:00+00:00,3379.300048828125,3379.300048828125,3378.89990234375,3379.0,33.0
2025-06-04 08:20:00+00:00,3380.0,3380.0,3379.199951171875,3379.300048828125,21.0
2025-06-04 08:21:00+00:00,3380.699951171875,3380.699951171875,3379.89990234375,3380.10009765625,21.0
2025-06-04 08:22:00+00:00,3379.199951171875,3380.800048828125,3379.199951171875,3380.699951171875,32.0
2025-06-04 08:23:00+00:00,3379.699951171875,3379.800048828125,3379.199951171875,3379.199951171875,9.0
2025-06-04 08:24:00+00:00,3378.699951171875,3379.60009765625,3378.199951171875,3379.60009765625,83.0
2025-06-04 08:25:00+00:00,3378.800048828125,3378.800048828125,3378.300048828125,3378.5,74.0
2025-06-04 08:26:00+00:00,3378.800048828125,3379.10009765625,3378.5,3378.699951171875,23.0
2025-06-04 08:27:00+00:00,3378.10009765625,3378.89990234375,3377.699951171875,3378.39990234375,42.0
2025-06-04 08:28:00+00:00,3378.10009765625,3378.699951171875,3378.0,3378.0,31.0
2025-06-04 08:29:00+00:00,3378.89990234375,3378.89990234375,3378.300048828125,3378.300048828125,17.0
2025-06-04 08:30:00+00:00,3379.89990234375,3380.0,3379.10009765625,3379.199951171875,30.0
2025-06-04 08:33:00+00:00,3380.199951171875,3380.60009765625,3380.10009765625,3380.10009765625,330.0
2025-06-04 08:34:00+00:00,3379.60009765625,3380.300048828125,3379.39990234375,3380.10009765625,36.0
2025-06-04 08:35:00+00:00,3379.699951171875,3379.800048828125,3353.699951171875,3353.699951171875,4.0
2025-06-04 08:36:00+00:00,3379.300048828125,3380.0,3353.699951171875,3379.699951171875,29.0
2025-06-04 08:37:00+00:00,3379.800048828125,3380.199951171875,3379.39990234375,3379.5,72.0
2025-06-04 08:38:00+00:00,3380.39990234375,3380.5,3379.39990234375,3379.89990234375,43.0
2025-06-04 08:39:00+00:00,3381.39990234375,3381.5,3379.699951171875,3380.39990234375,125.0
2025-06-04 08:40:00+00:00,3381.199951171875,3381.699951171875,3380.89990234375,3381.300048828125,64.0
2025-06-04 08:41:00+00:00,3381.800048828125,3381.800048828125,3380.89990234375,3381.5,81.0
2025-06-04 08:42:00+00:00,3383.199951171875,3383.199951171875,3381.699951171875,3381.699951171875,137.0
2025-06-04 08:43:00+00:00,3383.300048828125,3384.0,3383.10009765625,3383.300048828125,88.0
2025-06-04 08:44:00+00:00,3384.10009765625,3384.199951171875,3383.10009765625,3383.39990234375,114.0
2025-06-04 08:45:00+00:00,3385.5,3385.800048828125,3384.10009765625,3384.199951171875,324.0
2025-06-04 08:46:00+00:00,3384.39990234375,3385.300048828125,3384.199951171875,3385.199951171875,89.0
2025-06-04 08:47:00+00:00,3385.0,3385.0,3384.39990234375,3384.5,90.0
2025-06-04 08:48:00+00:00,3385.0,3385.199951171875,3384.10009765625,3385.0,100.0
2025-06-04 08:49:00+00:00,3384.89990234375,3385.10009765625,3384.5,3385.0,38.0
2025-06-04 08:50:00+00:00,3385.300048828125,3385.5,3384.699951171875,3385.10009765625,128.0
2025-06-04 08:51:00+00:00,3386.10009765625,3386.10009765625,3385.300048828125,3385.300048828125,158.0
2025-06-04 08:52:00+00:00,3386.10009765625,3386.10009765625,3385.5,3385.89990234375,40.0
2025-06-04 08:53:00+00:00,3386.199951171875,3386.800048828125,3386.0,3386.10009765625,134.0
2025-06-04 08:54:00+00:00,3386.300048828125,3386.60009765625,3385.5,3386.39990234375,78.0
2025-06-04 08:55:00+00:00,3386.800048828125,3387.300048828125,3385.60009765625,3386.10009765625,122.0
2025-06-04 08:58:00+00:00,3387.0,3387.39990234375,3386.5,3386.5,329.0
2025-06-04 08:59:00+00:00,3386.5,3387.199951171875,3386.10009765625,3387.10009765625,118.0
2025-06-04 09:00:00+00:00,3386.5,3386.699951171875,3385.699951171875,3386.5,123.0
2025-06-04 09:01:00+00:00,3386.300048828125,3386.699951171875,3386.300048828125,3386.39990234375,57.0
2025-06-04 09:02:00+00:00,3387.0,3387.0,3360.699951171875,3386.300048828125,63.0
2025-06-04 09:03:00+00:00,3387.0,3387.199951171875,3360.699951171875,3386.699951171875,119.0
2025-06-04 09:04:00+00:00,3386.10009765625,3387.39990234375,3360.699951171875,3387.10009765625,46.0
2025-06-04 09:05:00+00:00,3386.300048828125,3386.39990234375,3360.699951171875,3386.199951171875,64.0
2025-06-04 09:06:00+00:00,3385.5,3386.5,3360.699951171875,3386.300048828125,164.0
2025-06-04 09:07:00+00:00,3386.0,3386.89990234375,3385.60009765625,3385.699951171875,95.0
2025-06-04 09:08:00+00:00,3386.60009765625,3386.800048828125,3385.800048828125,3385.89990234375,24.0
2025-06-04 09:09:00+00:00,3387.60009765625,3387.699951171875,3386.800048828125,3386.800048828125,89.0
2025-06-04 09:10:00+00:00,3388.0,3388.39990234375,3387.10009765625,3387.5,118.0
2025-06-04 09:11:00+00:00,3387.5,3388.0,3387.39990234375,3388.0,41.0
2025-06-04 09:12:00+00:00,3385.89990234375,3387.39990234375,3385.800048828125,3387.300048828125,45.0
2025-06-04 09:13:00+00:00,3385.5,3386.10009765625,3384.89990234375,3385.800048828125,142.0
2025-06-04 09:14:00+00:00,3385.39990234375,3385.89990234375,3385.0,3385.300048828125,49.0
2025-06-04 09:15:00+00:00,3385.300048828125,3386.10009765625,3385.300048828125,3385.39990234375,33.0
2025-06-04 09:16:00+00:00,3386.199951171875,3386.199951171875,3385.39990234375,3385.39990234375,35.0
2025-06-04 09:17:00+00:00,3386.300048828125,3386.300048828125,3385.800048828125,3386.300048828125,25.0
2025-06-04 09:18:00+00:00,3386.699951171875,3386.699951171875,3385.5,3386.5,67.0
2025-06-04 09:19:00+00:00,3385.39990234375,3386.300048828125,3385.39990234375,3386.199951171875,43.0
2025-06-04 09:20:00+00:00,3385.89990234375,3385.89990234375,3385.0,3385.60009765625,57.0
2025-06-04 09:21:00+00:00,3386.10009765625,3386.39990234375,3385.89990234375,3386.10009765625,72.0
2025-06-04 09:22:00+00:00,3386.300048828125,3386.60009765625,3385.800048828125,3386.0,56.0
2025-06-04 09:23:00+00:00,3387.10009765625,3387.39990234375,3386.699951171875,3386.699951171875,37.0
2025-06-04 09:24:00+00:00,3387.0,3387.300048828125,3386.800048828125,3386.800048828125,34.0
2025-06-04 09:25:00+00:00,3387.300048828125,3387.60009765625,3386.800048828125,3386.89990234375,40.0
2025-06-04 09:26:00+00:00,3387.89990234375,3388.10009765625,3387.5,3387.5,64.0
2025-06-04 09:27:00+00:00,3387.800048828125,3388.10009765625,3387.699951171875,3388.10009765625,38.0
2025-06-04 09:28:00+00:00,3388.0,3388.39990234375,3387.800048828125,3387.800048828125,54.0
2025-06-04 09:29:00+00:00,3388.300048828125,3389.0,3387.60009765625,3388.10009765625,206.0
2025-06-04 09:30:00+00:00,3387.199951171875,3388.60009765625,3386.199951171875,3388.300048828125,219.0
2025-06-04 09:40:00+00:00,3384.5,3385.300048828125,3384.199951171875,3384.39990234375,831.0
2025-06-04 09:41:00+00:00,3384.300048828125,3385.199951171875,3384.10009765625,3384.60009765625,96.0
2025-06-04 09:42:00+00:00,3384.5,3384.89990234375,3384.39990234375,3384.5,11.0
2025-06-04 09:43:00+00:00,3385.199951171875,3385.5,3384.800048828125,3384.800048828125,92.0
2025-06-04 09:44:00+00:00,3385.89990234375,3386.300048828125,3385.199951171875,3385.300048828125,149.0
2025-06-04 09:45:00+00:00,3384.800048828125,3386.0,3384.39990234375,3385.800048828125,86.0
2025-06-04 09:46:00+00:00,3384.0,3384.699951171875,3383.39990234375,3384.699951171875,214.0
2025-06-04 09:47:00+00:00,3384.199951171875,3384.39990234375,3383.800048828125,3384.199951171875,32.0
2025-06-04 09:48:00+00:00,3383.89990234375,3384.199951171875,3383.300048828125,3384.199951171875,69.0
2025-06-04 09:49:00+00:00,3384.10009765625,3384.300048828125,3383.699951171875,3384.0,35.0
2025-06-04 09:50:00+00:00,3384.300048828125,3384.699951171875,3383.89990234375,3384.0,59.0
2025-06-04 09:51:00+00:00,3384.800048828125,3385.0,3384.10009765625,3384.300048828125,57.0
2025-06-04 09:52:00+00:00,3385.5,3385.5,3384.5,3384.5,27.0
2025-06-04 09:53:00+00:00,3385.699951171875,3385.800048828125,3385.199951171875,3385.39990234375,22.0
2025-06-04 09:54:00+00:00,3386.10009765625,3386.39990234375,3385.89990234375,3386.0,52.0
2025-06-04 09:55:00+00:00,3387.0,3387.199951171875,3386.300048828125,3386.300048828125,97.0
2025-06-04 09:56:00+00:00,3388.39990234375,3388.39990234375,3387.199951171875,3387.199951171875,63.0
2025-06-04 09:57:00+00:00,3387.800048828125,3388.60009765625,3387.5,3388.5,115.0
2025-06-04 09:58:00+00:00,3387.800048828125,3387.89990234375,3387.300048828125,3387.800048828125,36.0
2025-06-04 09:59:00+00:00,3387.10009765625,3388.10009765625,3387.10009765625,3387.699951171875,48.0
2025-06-04 10:00:00+00:00,3386.800048828125,3386.800048828125,3386.5,3386.699951171875,30.0
2025-06-04 10:01:00+00:00,3386.800048828125,3387.699951171875,3386.800048828125,3386.89990234375,110.0
2025-06-04 10:02:00+00:00,3385.199951171875,3387.0,3385.10009765625,3386.89990234375,74.0
2025-06-04 10:03:00+00:00,3386.89990234375,3386.89990234375,3385.300048828125,3385.300048828125,100.0
2025-06-04 10:04:00+00:00,3387.60009765625,3387.699951171875,3386.60009765625,3386.699951171875,128.0
2025-06-04 10:05:00+00:00,3387.300048828125,3387.699951171875,3387.10009765625,3387.60009765625,35.0
2025-06-04 10:06:00+00:00,3387.300048828125,3388.39990234375,3387.199951171875,3387.5,76.0
2025-06-04 10:07:00+00:00,3385.5,3387.199951171875,3385.39990234375,3387.199951171875,142.0
2025-06-04 10:08:00+00:00,3385.199951171875,3385.699951171875,3385.0,3385.699951171875,103.0
2025-06-04 10:09:00+00:00,3384.800048828125,3385.39990234375,3384.699951171875,3385.10009765625,28.0
2025-06-04 10:10:00+00:00,3384.39990234375,3384.800048828125,3384.199951171875,3384.699951171875,38.0
2025-06-04 10:11:00+00:00,3383.60009765625,3384.39990234375,3383.39990234375,3384.199951171875,76.0
2025-06-04 10:12:00+00:00,3383.199951171875,3383.699951171875,3382.5,3383.60009765625,82.0
2025-06-04 10:13:00+00:00,3384.10009765625,3384.10009765625,3382.89990234375,3383.300048828125,101.0
2025-06-04 10:14:00+00:00,3383.699951171875,3384.60009765625,3383.300048828125,3384.0,79.0
2025-06-04 10:15:00+00:00,3384.39990234375,3384.39990234375,3383.300048828125,3383.699951171875,27.0
2025-06-04 10:16:00+00:00,3384.300048828125,3384.39990234375,3383.89990234375,3384.199951171875,28.0
2025-06-04 10:17:00+00:00,3384.0,3384.60009765625,3383.60009765625,3384.300048828125,62.0
2025-06-04 10:18:00+00:00,3384.199951171875,3384.199951171875,3383.300048828125,3383.89990234375,36.0
2025-06-04 10:19:00+00:00,3383.800048828125,3384.199951171875,3383.699951171875,3384.10009765625,38.0
2025-06-04 10:20:00+00:00,3384.5,3384.5,3383.5,3383.800048828125,24.0
2025-06-04 10:21:00+00:00,3383.60009765625,3384.60009765625,3383.60009765625,3384.60009765625,29.0
2025-06-04 10:22:00+00:00,3383.199951171875,3383.5,3383.10009765625,3383.5,36.0
2025-06-04 10:23:00+00:00,3383.199951171875,3383.300048828125,3383.0,3383.300048828125,18.0
2025-06-04 10:24:00+00:00,3382.60009765625,3383.10009765625,3382.60009765625,3383.10009765625,36.0
2025-06-04 10:25:00+00:00,3381.89990234375,3382.89990234375,3381.5,3382.60009765625,72.0
2025-06-04 10:26:00+00:00,3382.300048828125,3382.39990234375,3381.89990234375,3381.89990234375,22.0
2025-06-04 10:27:00+00:00,3382.5,3382.699951171875,3382.300048828125,3382.60009765625,13.0
2025-06-04 10:28:00+00:00,3382.300048828125,3382.800048828125,3382.10009765625,3382.5,32.0
2025-06-04 10:29:00+00:00,3382.39990234375,3382.5,3382.10009765625,3382.10009765625,19.0
2025-06-04 10:30:00+00:00,3381.39990234375,3382.5,3381.300048828125,3382.199951171875,85.0
2025-06-04 10:31:00+00:00,3382.60009765625,3383.0,3381.0,3381.60009765625,80.0
2025-06-04 10:32:00+00:00,3382.60009765625,3382.89990234375,3382.300048828125,3382.5,48.0
2025-06-04 10:33:00+00:00,3382.300048828125,3382.800048828125,3382.0,3382.699951171875,51.0
2025-06-04 10:34:00+00:00,3381.60009765625,3382.5,3381.60009765625,3382.39990234375,44.0
2025-06-04 10:35:00+00:00,3381.39990234375,3381.60009765625,3380.300048828125,3381.60009765625,161.0
2025-06-04 10:36:00+00:00,3382.39990234375,3382.5,3381.300048828125,3381.5,59.0
2025-06-04 10:37:00+00:00,3382.199951171875,3382.39990234375,3382.10009765625,3382.39990234375,13.0
2025-06-04 10:38:00+00:00,3382.199951171875,3382.5,3381.89990234375,3382.199951171875,25.0
2025-06-04 10:39:00+00:00,3381.39990234375,3382.60009765625,3381.39990234375,3382.10009765625,29.0
2025-06-04 10:40:00+00:00,3380.300048828125,3381.300048828125,3380.10009765625,3381.300048828125,67.0
2025-06-04 10:41:00+00:00,3379.699951171875,3380.39990234375,3379.5,3380.300048828125,92.0
2025-06-04 10:42:00+00:00,3378.800048828125,3379.89990234375,3377.800048828125,3379.800048828125,339.0
2025-06-04 10:43:00+00:00,3378.5,3379.0,3378.5,3378.800048828125,51.0
2025-06-04 10:44:00+00:00,3378.0,3378.800048828125,3377.39990234375,3378.800048828125,135.0
2025-06-04 10:45:00+00:00,3377.800048828125,3378.199951171875,3377.0,3377.89990234375,201.0
2025-06-04 10:46:00+00:00,3373.39990234375,3377.699951171875,3372.0,3377.60009765625,764.0
2025-06-04 10:47:00+00:00,3375.10009765625,3375.699951171875,3373.5,3373.5,352.0
2025-06-04 10:48:00+00:00,3373.89990234375,3375.300048828125,3373.300048828125,3375.0,186.0
2025-06-04 10:49:00+00:00,3375.10009765625,3375.699951171875,3373.199951171875,3373.800048828125,225.0
2025-06-04 10:50:00+00:00,3374.10009765625,3375.300048828125,3373.699951171875,3375.10009765625,130.0
2025-06-04 10:51:00+00:00,3370.800048828125,3374.39990234375,3370.5,3374.0,666.0
2025-06-04 10:52:00+00:00,3371.89990234375,3372.199951171875,3370.699951171875,3370.699951171875,377.0
2025-06-04 10:53:00+00:00,3373.300048828125,3373.300048828125,3371.699951171875,3372.10009765625,191.0
2025-06-04 10:54:00+00:00,3374.199951171875,3374.300048828125,3372.39990234375,3373.0,350.0
2025-06-04 10:55:00+00:00,3373.699951171875,3374.5,3373.199951171875,3374.199951171875,131.0
2025-06-04 10:56:00+00:00,3374.60009765625,3375.0,3373.39990234375,3373.60009765625,192.0
2025-06-04 10:57:00+00:00,3374.39990234375,3375.5,3374.39990234375,3374.60009765625,270.0
2025-06-04 10:58:00+00:00,3374.800048828125,3374.800048828125,3374.5,3374.60009765625,12.0
2025-06-04 10:59:00+00:00,3374.60009765625,3375.300048828125,3374.60009765625,3375.0,99.0
2025-06-04 11:00:00+00:00,3374.89990234375,3376.199951171875,3374.60009765625,3374.60009765625,226.0
2025-06-04 11:01:00+00:00,3375.10009765625,3375.199951171875,3374.699951171875,3374.89990234375,36.0
2025-06-04 11:02:00+00:00,3374.300048828125,3375.199951171875,3373.800048828125,3375.10009765625,107.0
2025-06-04 11:03:00+00:00,3373.300048828125,3374.5,3373.300048828125,3374.0,156.0
2025-06-04 11:04:00+00:00,3373.699951171875,3374.199951171875,3373.300048828125,3373.60009765625,59.0
2025-06-04 11:05:00+00:00,3374.199951171875,3374.60009765625,3373.5,3373.800048828125,93.0
2025-06-04 11:06:00+00:00,3373.60009765625,3374.699951171875,3373.60009765625,3374.300048828125,63.0
2025-06-04 11:07:00+00:00,3373.39990234375,3373.800048828125,3373.0,3373.300048828125,72.0
2025-06-04 11:08:00+00:00,3373.60009765625,3374.300048828125,3373.39990234375,3373.39990234375,37.0
2025-06-04 11:09:00+00:00,3374.5,3374.60009765625,3373.300048828125,3373.39990234375,55.0
2025-06-04 11:10:00+00:00,3375.5,3375.5,3374.39990234375,3374.699951171875,70.0
2025-06-04 11:11:00+00:00,3374.699951171875,3375.5,3374.699951171875,3375.5,65.0
2025-06-04 11:12:00+00:00,3375.199951171875,3375.699951171875,3374.699951171875,3374.699951171875,82.0
2025-06-04 11:13:00+00:00,3373.5,3375.39990234375,3373.5,3375.39990234375,116.0
2025-06-04 11:14:00+00:00,3374.699951171875,3374.699951171875,3373.300048828125,3373.5,81.0
2025-06-04 11:15:00+00:00,3373.699951171875,3374.800048828125,3373.300048828125,3374.699951171875,41.0
2025-06-04 11:16:00+00:00,3374.39990234375,3374.699951171875,3373.5,3373.5,61.0
2025-06-04 11:17:00+00:00,3374.300048828125,3374.699951171875,3373.699951171875,3374.60009765625,60.0
2025-06-04 11:18:00+00:00,3375.199951171875,3375.300048828125,3374.60009765625,3374.699951171875,143.0
2025-06-04 11:19:00+00:00,3375.39990234375,3375.60009765625,3375.0,3375.300048828125,121.0
2025-06-04 11:20:00+00:00,3374.39990234375,3375.300048828125,3374.39990234375,3375.300048828125,70.0
2025-06-04 11:21:00+00:00,3373.39990234375,3374.300048828125,3347.699951171875,3374.300048828125,110.0
2025-06-04 11:22:00+00:00,3372.199951171875,3373.5,3371.60009765625,3373.5,123.0
2025-06-04 11:23:00+00:00,3372.300048828125,3372.89990234375,3370.60009765625,3372.10009765625,455.0
2025-06-04 11:24:00+00:00,3372.89990234375,3374.0,3372.199951171875,3372.300048828125,434.0
2025-06-04 11:25:00+00:00,3373.39990234375,3373.39990234375,3372.699951171875,3372.89990234375,79.0
2025-06-04 11:26:00+00:00,3372.800048828125,3373.39990234375,3371.699951171875,3373.300048828125,151.0
2025-06-04 11:27:00+00:00,3368.800048828125,3372.60009765625,3368.199951171875,3372.60009765625,681.0
2025-06-04 11:28:00+00:00,3370.0,3370.60009765625,3366.89990234375,3368.800048828125,845.0
2025-06-04 11:29:00+00:00,3370.199951171875,3370.60009765625,3369.60009765625,3370.0,113.0
2025-06-04 11:30:00+00:00,3368.699951171875,3370.199951171875,3368.199951171875,3370.10009765625,237.0
2025-06-04 11:31:00+00:00,3370.699951171875,3371.0,3344.0,3368.699951171875,230.0
2025-06-04 11:32:00+00:00,3371.199951171875,3372.10009765625,3370.800048828125,3370.800048828125,248.0
2025-06-04 11:33:00+00:00,3371.300048828125,3371.699951171875,3370.89990234375,3371.300048828125,112.0
2025-06-04 11:34:00+00:00,3371.0,3371.800048828125,3371.0,3371.199951171875,66.0
2025-06-04 11:35:00+00:00,3371.300048828125,3372.0,3370.89990234375,3370.89990234375,101.0
2025-06-04 11:36:00+00:00,3371.699951171875,3372.0,3371.0,3371.39990234375,215.0
2025-06-04 11:37:00+00:00,3372.0,3372.10009765625,3371.39990234375,3371.89990234375,130.0
2025-06-04 11:38:00+00:00,3371.199951171875,3372.0,3371.0,3371.89990234375,328.0
2025-06-04 11:39:00+00:00,3371.300048828125,3371.39990234375,3370.5,3371.199951171875,166.0
2025-06-04 11:40:00+00:00,3372.800048828125,3373.10009765625,3371.300048828125,3371.300048828125,176.0
2025-06-04 11:41:00+00:00,3372.800048828125,3373.199951171875,3372.60009765625,3373.10009765625,61.0
2025-06-04 11:42:00+00:00,3372.699951171875,3372.800048828125,3371.89990234375,3372.800048828125,52.0
2025-06-04 11:43:00+00:00,3372.60009765625,3373.10009765625,3372.199951171875,3372.5,84.0
2025-06-04 11:44:00+00:00,3373.199951171875,3373.199951171875,3372.39990234375,3372.699951171875,51.0
2025-06-04 11:45:00+00:00,3372.699951171875,3373.60009765625,3372.699951171875,3373.300048828125,237.0
2025-06-04 11:46:00+00:00,3371.5,3372.89990234375,3371.5,3372.699951171875,58.0
2025-06-04 11:47:00+00:00,3372.199951171875,3372.699951171875,3371.800048828125,3371.800048828125,44.0
2025-06-04 11:48:00+00:00,3371.800048828125,3372.5,3371.800048828125,3372.300048828125,27.0
2025-06-04 11:49:00+00:00,3372.0,3372.300048828125,3371.5,3371.60009765625,61.0
2025-06-04 11:50:00+00:00,3371.60009765625,3372.5,3371.300048828125,3372.10009765625,86.0
2025-06-04 11:51:00+00:00,3374.0,3374.0,3371.800048828125,3371.800048828125,99.0
2025-06-04 11:52:00+00:00,3372.89990234375,3374.39990234375,3372.89990234375,3373.89990234375,162.0
2025-06-04 11:53:00+00:00,3372.199951171875,3372.800048828125,3371.800048828125,3372.800048828125,46.0
2025-06-04 11:54:00+00:00,3371.5,3372.300048828125,3371.199951171875,3372.300048828125,39.0
2025-06-04 11:55:00+00:00,3371.800048828125,3372.0,3371.199951171875,3371.5,64.0
2025-06-04 11:56:00+00:00,3371.0,3371.800048828125,3371.0,3371.60009765625,67.0
2025-06-04 11:57:00+00:00,3369.10009765625,3371.199951171875,3369.10009765625,3371.199951171875,165.0
2025-06-04 11:58:00+00:00,3370.300048828125,3370.5,3369.10009765625,3369.199951171875,106.0
2025-06-04 11:59:00+00:00,3370.5,3370.89990234375,3370.0,3370.60009765625,152.0
2025-06-04 12:00:00+00:00,3370.699951171875,3371.60009765625,3370.199951171875,3370.5,225.0
2025-06-04 12:01:00+00:00,3371.300048828125,3371.300048828125,3370.0,3370.699951171875,195.0
2025-06-04 12:02:00+00:00,3370.300048828125,3371.699951171875,3370.300048828125,3371.199951171875,102.0
2025-06-04 12:03:00+00:00,3370.300048828125,3371.10009765625,3369.60009765625,3370.300048828125,298.0
2025-06-04 12:04:00+00:00,3370.5,3371.60009765625,3369.89990234375,3370.5,165.0
2025-06-04 12:05:00+00:00,3372.60009765625,3372.60009765625,3370.39990234375,3370.5,214.0
2025-06-04 12:06:00+00:00,3371.5,3373.10009765625,3371.199951171875,3372.60009765625,94.0
2025-06-04 12:07:00+00:00,3372.199951171875,3372.39990234375,3371.199951171875,3371.5,95.0
2025-06-04 12:08:00+00:00,3372.39990234375,3373.10009765625,3372.199951171875,3372.300048828125,146.0
2025-06-04 12:09:00+00:00,3373.10009765625,3373.39990234375,3372.300048828125,3372.300048828125,88.0
2025-06-04 12:10:00+00:00,3373.5,3373.699951171875,3373.199951171875,3373.300048828125,176.0
2025-06-04 12:11:00+00:00,3373.60009765625,3374.0,3373.300048828125,3373.5,154.0
2025-06-04 12:12:00+00:00,3372.0,3373.800048828125,3371.60009765625,3373.60009765625,166.0
2025-06-04 12:13:00+00:00,3372.0,3372.5,3371.5,3372.10009765625,82.0
2025-06-04 12:14:00+00:00,3372.39990234375,3372.60009765625,3371.89990234375,3372.10009765625,41.0
2025-06-04 12:15:00+00:00,3377.300048828125,3378.39990234375,3372.60009765625,3372.60009765625,925.0
2025-06-04 12:16:00+00:00,3375.89990234375,3379.10009765625,3351.800048828125,3377.199951171875,564.0
2025-06-04 12:17:00+00:00,3376.39990234375,3377.0,3375.10009765625,3375.800048828125,547.0
2025-06-04 12:18:00+00:00,3375.800048828125,3377.0,3375.300048828125,3376.60009765625,159.0
2025-06-04 12:19:00+00:00,3375.5,3376.10009765625,3373.60009765625,3375.699951171875,216.0
2025-06-04 12:20:00+00:00,3376.0,3376.60009765625,3375.10009765625,3375.39990234375,208.0
2025-06-04 12:21:00+00:00,3376.89990234375,3378.5,3375.699951171875,3375.89990234375,447.0
2025-06-04 12:22:00+00:00,3379.699951171875,3379.699951171875,3376.60009765625,3377.0,514.0
2025-06-04 12:23:00+00:00,3378.699951171875,3379.800048828125,3378.10009765625,3379.60009765625,211.0
2025-06-04 12:24:00+00:00,3378.5,3379.10009765625,3378.0,3378.60009765625,122.0
2025-06-04 12:25:00+00:00,3376.89990234375,3378.699951171875,3376.699951171875,3378.60009765625,127.0
2025-06-04 12:26:00+00:00,3374.89990234375,3376.60009765625,3374.60009765625,3376.60009765625,220.0
2025-06-04 12:27:00+00:00,3369.60009765625,3374.800048828125,3369.199951171875,3374.699951171875,648.0
2025-06-04 12:28:00+00:00,3372.10009765625,3372.10009765625,3368.199951171875,3369.800048828125,472.0
2025-06-04 12:29:00+00:00,3373.39990234375,3374.0,3371.800048828125,3371.89990234375,395.0
2025-06-04 12:30:00+00:00,3373.699951171875,3374.39990234375,3372.89990234375,3373.60009765625,187.0
2025-06-04 12:31:00+00:00,3373.699951171875,3374.0,3373.10009765625,3373.5,110.0
2025-06-04 12:32:00+00:00,3378.89990234375,3378.89990234375,3373.699951171875,3373.699951171875,698.0
2025-06-04 12:33:00+00:00,3377.60009765625,3379.39990234375,3377.0,3378.89990234375,550.0
2025-06-04 12:34:00+00:00,3378.5,3378.5,3376.699951171875,3377.800048828125,825.0
2025-06-04 12:35:00+00:00,3378.199951171875,3379.10009765625,3377.10009765625,3378.60009765625,222.0
2025-06-04 12:36:00+00:00,3379.699951171875,3380.800048828125,3376.60009765625,3378.10009765625,726.0
2025-06-04 12:37:00+00:00,3378.60009765625,3380.199951171875,3378.39990234375,3379.60009765625,302.0
2025-06-04 12:38:00+00:00,3377.5,3379.10009765625,3376.10009765625,3378.699951171875,197.0
2025-06-04 12:39:00+00:00,3377.0,3378.0,3376.5,3377.39990234375,123.0
2025-06-04 12:40:00+00:00,3379.60009765625,3379.89990234375,3377.0,3377.0,292.0
2025-06-04 12:41:00+00:00,3377.60009765625,3379.89990234375,3377.39990234375,3379.699951171875,113.0
2025-06-04 12:42:00+00:00,3377.699951171875,3378.39990234375,3377.0,3378.0,180.0
2025-06-04 12:43:00+00:00,3377.800048828125,3378.10009765625,3377.0,3378.0,90.0
2025-06-04 12:44:00+00:00,3380.0,3380.199951171875,3376.5,3377.60009765625,317.0
2025-06-04 12:45:00+00:00,3380.39990234375,3381.39990234375,3379.300048828125,3380.10009765625,988.0
2025-06-04 12:46:00+00:00,3382.800048828125,3383.0,3380.300048828125,3380.300048828125,307.0
2025-06-04 12:47:00+00:00,3382.800048828125,3383.0,3381.5,3382.89990234375,346.0
2025-06-04 12:48:00+00:00,3383.10009765625,3385.10009765625,3382.199951171875,3382.89990234375,531.0
2025-06-04 12:49:00+00:00,3383.39990234375,3384.699951171875,3383.10009765625,3383.39990234375,188.0
2025-06-04 12:50:00+00:00,3383.699951171875,3385.39990234375,3383.60009765625,3383.60009765625,340.0
2025-06-04 12:51:00+00:00,3382.199951171875,3383.89990234375,3381.39990234375,3383.699951171875,343.0
2025-06-04 12:52:00+00:00,3381.60009765625,3382.199951171875,3380.699951171875,3382.199951171875,199.0
2025-06-04 12:53:00+00:00,3382.89990234375,3382.89990234375,3381.199951171875,3381.800048828125,207.0
2025-06-04 12:54:00+00:00,3382.10009765625,3383.10009765625,3381.199951171875,3383.0,172.0
2025-06-04 12:55:00+00:00,3382.89990234375,3383.0,3381.699951171875,3382.10009765625,75.0
2025-06-04 12:56:00+00:00,3382.199951171875,3384.0,3381.699951171875,3383.10009765625,475.0
2025-06-04 12:57:00+00:00,3382.199951171875,3382.800048828125,3381.5,3382.300048828125,683.0
2025-06-04 12:58:00+00:00,3382.5,3382.800048828125,3381.89990234375,3382.300048828125,76.0
2025-06-04 12:59:00+00:00,3383.0,3383.10009765625,3382.0,3382.800048828125,155.0
2025-06-04 13:00:00+00:00,3383.39990234375,3384.10009765625,3382.39990234375,3383.199951171875,246.0
2025-06-04 13:01:00+00:00,3383.10009765625,3384.10009765625,3382.39990234375,3383.800048828125,195.0
2025-06-04 13:02:00+00:00,3382.10009765625,3383.199951171875,3381.60009765625,3383.199951171875,260.0
2025-06-04 13:03:00+00:00,3382.10009765625,3382.60009765625,3380.5,3382.5,322.0
2025-06-04 13:04:00+00:00,3384.199951171875,3384.5,3381.800048828125,3382.199951171875,763.0
2025-06-04 13:05:00+00:00,3384.89990234375,3385.0,3384.10009765625,3384.300048828125,147.0
2025-06-04 13:06:00+00:00,3386.199951171875,3386.300048828125,3384.5,3385.0,306.0
2025-06-04 13:07:00+00:00,3385.89990234375,3387.199951171875,3385.800048828125,3386.199951171875,426.0
2025-06-04 13:08:00+00:00,3385.0,3386.0,3384.39990234375,3386.0,206.0
2025-06-04 13:09:00+00:00,3384.89990234375,3385.800048828125,3384.800048828125,3385.300048828125,104.0
2025-06-04 13:10:00+00:00,3383.300048828125,3385.300048828125,3383.300048828125,3385.0,222.0
2025-06-04 13:11:00+00:00,3385.60009765625,3386.0,3382.800048828125,3383.60009765625,867.0
2025-06-04 13:12:00+00:00,3385.60009765625,3386.199951171875,3385.10009765625,3385.60009765625,167.0
2025-06-04 13:13:00+00:00,3383.699951171875,3386.10009765625,3383.5,3385.800048828125,219.0
2025-06-04 13:14:00+00:00,3382.800048828125,3384.0,3382.800048828125,3384.0,105.0
2025-06-04 13:15:00+00:00,3381.800048828125,3382.89990234375,3381.300048828125,3382.89990234375,301.0
2025-06-04 13:16:00+00:00,3382.60009765625,3382.60009765625,3381.39990234375,3381.60009765625,87.0
2025-06-04 13:17:00+00:00,3382.699951171875,3383.199951171875,3381.60009765625,3382.5,104.0
2025-06-04 13:18:00+00:00,3383.0,3383.300048828125,3382.10009765625,3383.0,167.0
2025-06-04 13:19:00+00:00,3383.39990234375,3383.800048828125,3383.10009765625,3383.10009765625,68.0
2025-06-04 13:20:00+00:00,3383.800048828125,3384.300048828125,3382.89990234375,3383.5,162.0
2025-06-04 13:21:00+00:00,3382.89990234375,3384.5,3382.89990234375,3384.0,179.0
2025-06-04 13:22:00+00:00,3381.0,3383.0,3379.60009765625,3382.800048828125,1102.0
2025-06-04 13:23:00+00:00,3381.10009765625,3381.300048828125,3380.199951171875,3381.10009765625,164.0
2025-06-04 13:24:00+00:00,3381.60009765625,3382.10009765625,3380.89990234375,3381.0,70.0
2025-06-04 13:25:00+00:00,3381.800048828125,3382.0,3380.300048828125,3381.800048828125,237.0
2025-06-04 13:26:00+00:00,3381.10009765625,3382.0,3380.800048828125,3382.0,43.0
2025-06-04 13:27:00+00:00,3379.60009765625,3381.300048828125,3379.39990234375,3381.199951171875,195.0
2025-06-04 13:28:00+00:00,3379.89990234375,3381.10009765625,3379.60009765625,3379.89990234375,231.0
2025-06-04 13:29:00+00:00,3382.10009765625,3382.300048828125,3379.0,3380.0,503.0
2025-06-04 13:30:00+00:00,3381.800048828125,3383.39990234375,3381.199951171875,3382.10009765625,786.0
2025-06-04 13:31:00+00:00,3382.199951171875,3382.300048828125,3380.39990234375,3382.0,172.0
2025-06-04 13:32:00+00:00,3378.89990234375,3382.39990234375,3353.800048828125,3382.39990234375,201.0
2025-06-04 13:33:00+00:00,3377.39990234375,3379.60009765625,3377.0,3379.10009765625,379.0
2025-06-04 13:34:00+00:00,3379.10009765625,3379.39990234375,3376.199951171875,3377.10009765625,278.0
2025-06-04 13:35:00+00:00,3376.5,3379.300048828125,3376.5,3379.300048828125,257.0
2025-06-04 13:36:00+00:00,3376.699951171875,3376.699951171875,3376.300048828125,3376.39990234375,11.0
2025-06-04 13:37:00+00:00,3378.10009765625,3379.0,3377.60009765625,3378.800048828125,297.0
2025-06-04 13:38:00+00:00,3379.300048828125,3380.10009765625,3353.89990234375,3378.0,345.0
2025-06-04 13:39:00+00:00,3379.89990234375,3380.199951171875,3377.60009765625,3378.699951171875,134.0
2025-06-04 13:40:00+00:00,3379.60009765625,3381.10009765625,3354.89990234375,3380.0,250.0
2025-06-04 13:43:00+00:00,3376.699951171875,3377.60009765625,3376.10009765625,3377.199951171875,756.0
2025-06-04 13:44:00+00:00,3377.5,3378.39990234375,3376.699951171875,3376.89990234375,138.0
2025-06-04 13:45:00+00:00,3377.5,3377.89990234375,3376.60009765625,3377.199951171875,139.0
2025-06-04 13:46:00+00:00,3377.800048828125,3378.0,3376.5,3377.300048828125,75.0
2025-06-04 13:47:00+00:00,3378.0,3378.89990234375,3377.0,3377.89990234375,112.0
2025-06-04 13:48:00+00:00,3376.199951171875,3377.89990234375,3376.0,3377.89990234375,101.0
2025-06-04 13:49:00+00:00,3376.699951171875,3377.10009765625,3375.5,3375.89990234375,76.0
2025-06-04 13:50:00+00:00,3375.800048828125,3377.10009765625,3375.199951171875,3376.89990234375,105.0
2025-06-04 13:51:00+00:00,3377.5,3377.699951171875,3375.39990234375,3375.800048828125,94.0
2025-06-04 13:52:00+00:00,3378.0,3378.300048828125,3377.39990234375,3377.39990234375,87.0
2025-06-04 13:53:00+00:00,3379.39990234375,3379.89990234375,3377.800048828125,3378.199951171875,194.0
2025-06-04 13:54:00+00:00,3377.800048828125,3379.60009765625,3377.60009765625,3379.5,136.0
2025-06-04 13:55:00+00:00,3377.60009765625,3378.10009765625,3377.10009765625,3377.800048828125,64.0
2025-06-04 13:56:00+00:00,3377.699951171875,3377.89990234375,3376.699951171875,3377.699951171875,191.0
2025-06-04 13:57:00+00:00,3377.10009765625,3378.300048828125,3376.199951171875,3378.0,114.0
2025-06-04 13:58:00+00:00,3377.199951171875,3377.699951171875,3350.800048828125,3376.800048828125,88.0
2025-06-04 13:59:00+00:00,3376.800048828125,3377.89990234375,3376.800048828125,3377.300048828125,101.0
2025-06-04 14:00:00+00:00,3376.199951171875,3382.800048828125,3375.699951171875,3376.89990234375,1284.0
2025-06-04 14:01:00+00:00,3376.199951171875,3378.800048828125,3375.10009765625,3376.10009765625,1041.0
2025-06-04 14:02:00+00:00,3380.10009765625,3380.89990234375,3376.39990234375,3376.39990234375,329.0
2025-06-04 14:03:00+00:00,3382.699951171875,3382.89990234375,3379.699951171875,3380.39990234375,437.0
2025-06-04 14:04:00+00:00,3382.60009765625,3383.39990234375,3381.699951171875,3382.60009765625,375.0
2025-06-04 14:05:00+00:00,3382.89990234375,3383.60009765625,3380.199951171875,3382.699951171875,665.0
2025-06-04 14:06:00+00:00,3383.5,3384.39990234375,3381.89990234375,3382.60009765625,336.0
2025-06-04 14:07:00+00:00,3388.5,3388.5,3383.699951171875,3383.699951171875,976.0
2025-06-04 14:08:00+00:00,3389.60009765625,3390.0,3388.0,3388.60009765625,843.0
2025-06-04 14:09:00+00:00,3388.89990234375,3390.199951171875,3388.5,3389.5,477.0
2025-06-04 14:10:00+00:00,3390.10009765625,3390.699951171875,3388.800048828125,3389.0,493.0
2025-06-04 14:11:00+00:00,3389.10009765625,3391.0,3388.199951171875,3390.199951171875,535.0
2025-06-04 14:12:00+00:00,3387.800048828125,3390.199951171875,3361.89990234375,3389.300048828125,386.0
2025-06-04 14:13:00+00:00,3390.89990234375,3390.89990234375,3387.800048828125,3387.800048828125,254.0
2025-06-04 14:14:00+00:00,3391.199951171875,3392.199951171875,3363.5,3390.800048828125,468.0
2025-06-04 14:15:00+00:00,3390.699951171875,3391.800048828125,3388.800048828125,3391.39990234375,466.0
2025-06-04 14:16:00+00:00,3392.89990234375,3393.800048828125,3390.800048828125,3390.89990234375,537.0
2025-06-04 14:17:00+00:00,3392.5,3393.300048828125,3392.300048828125,3393.199951171875,186.0
2025-06-04 14:18:00+00:00,3390.39990234375,3393.199951171875,3390.199951171875,3392.300048828125,312.0
2025-06-04 14:19:00+00:00,3390.199951171875,3391.300048828125,3389.699951171875,3390.699951171875,303.0
2025-06-04 14:20:00+00:00,3390.800048828125,3390.800048828125,3363.5,3390.39990234375,218.0
2025-06-04 14:21:00+00:00,3389.300048828125,3390.699951171875,3389.0,3390.699951171875,143.0
2025-06-04 14:22:00+00:00,3390.300048828125,3390.60009765625,3388.39990234375,3389.5,286.0
2025-06-04 14:23:00+00:00,3391.10009765625,3391.60009765625,3390.10009765625,3390.300048828125,156.0
2025-06-04 14:24:00+00:00,3391.0,3391.5,3390.5,3391.10009765625,109.0
2025-06-04 14:25:00+00:00,3390.5,3391.800048828125,3389.699951171875,3390.89990234375,185.0
2025-06-04 14:26:00+00:00,3389.5,3390.699951171875,3388.5,3390.60009765625,329.0
2025-06-04 14:27:00+00:00,3390.199951171875,3390.199951171875,3388.699951171875,3389.60009765625,163.0
2025-06-04 14:28:00+00:00,3392.60009765625,3393.199951171875,3389.5,3390.199951171875,278.0
2025-06-04 14:29:00+00:00,3394.0,3394.300048828125,3392.699951171875,3392.800048828125,310.0
2025-06-04 14:30:00+00:00,3395.199951171875,3395.39990234375,3393.300048828125,3394.10009765625,430.0
2025-06-04 14:31:00+00:00,3395.0,3395.5,3394.199951171875,3395.199951171875,240.0
2025-06-04 14:32:00+00:00,3398.199951171875,3398.39990234375,3394.5,3395.10009765625,1045.0
2025-06-04 14:33:00+00:00,3397.300048828125,3398.60009765625,3397.300048828125,3398.39990234375,358.0
2025-06-04 14:34:00+00:00,3397.39990234375,3397.89990234375,3396.39990234375,3397.300048828125,274.0
2025-06-04 14:35:00+00:00,3398.89990234375,3399.10009765625,3396.699951171875,3397.5,509.0
2025-06-04 14:36:00+00:00,3398.60009765625,3399.199951171875,3397.199951171875,3398.89990234375,277.0
2025-06-04 14:37:00+00:00,3400.800048828125,3400.800048828125,3398.699951171875,3398.699951171875,501.0
2025-06-04 14:38:00+00:00,3402.5,3403.89990234375,3400.300048828125,3400.60009765625,1010.0
2025-06-04 14:39:00+00:00,3403.199951171875,3404.300048828125,3402.5,3402.60009765625,591.0
2025-06-04 14:40:00+00:00,3405.39990234375,3406.199951171875,3403.199951171875,3403.5,1086.0
2025-06-04 14:41:00+00:00,3406.800048828125,3407.0,3404.5,3405.300048828125,564.0
2025-06-04 14:42:00+00:00,3406.39990234375,3408.39990234375,3406.10009765625,3406.699951171875,1004.0
2025-06-04 14:43:00+00:00,3409.10009765625,3409.199951171875,3406.199951171875,3406.39990234375,371.0
2025-06-04 14:44:00+00:00,3407.60009765625,3409.699951171875,3406.800048828125,3409.199951171875,612.0
2025-06-04 14:45:00+00:00,3407.199951171875,3407.89990234375,3406.5,3407.39990234375,270.0
2025-06-04 14:46:00+00:00,3408.0,3408.300048828125,3406.89990234375,3407.300048828125,249.0
2025-06-04 14:47:00+00:00,3406.89990234375,3408.300048828125,3406.699951171875,3407.89990234375,265.0
2025-06-04 14:48:00+00:00,3406.300048828125,3407.699951171875,3406.300048828125,3406.800048828125,345.0
2025-06-04 14:49:00+00:00,3407.199951171875,3407.699951171875,3405.800048828125,3406.300048828125,380.0
2025-06-04 14:50:00+00:00,3405.39990234375,3408.10009765625,3380.0,3407.300048828125,414.0
2025-06-04 14:51:00+00:00,3405.10009765625,3406.199951171875,3404.5,3405.300048828125,438.0
2025-06-04 14:52:00+00:00,3405.199951171875,3406.300048828125,3404.199951171875,3404.800048828125,437.0
2025-06-04 14:53:00+00:00,3405.300048828125,3406.10009765625,3405.0,3405.39990234375,172.0
2025-06-04 14:54:00+00:00,3405.0,3405.60009765625,3404.699951171875,3405.300048828125,191.0
2025-06-04 14:55:00+00:00,3402.60009765625,3405.10009765625,3402.5,3404.89990234375,444.0
2025-06-04 14:56:00+00:00,3401.10009765625,3402.89990234375,3374.10009765625,3402.60009765625,971.0
2025-06-04 14:57:00+00:00,3400.5,3401.39990234375,3400.0,3401.10009765625,180.0
2025-06-04 14:58:00+00:00,3401.60009765625,3402.0,3401.199951171875,3401.199951171875,543.0
2025-06-04 14:59:00+00:00,3401.5,3402.699951171875,3401.5,3401.60009765625,125.0
2025-06-04 15:00:00+00:00,3401.800048828125,3403.10009765625,3401.5,3401.5,247.0
2025-06-04 15:01:00+00:00,3401.39990234375,3403.300048828125,3401.300048828125,3401.89990234375,193.0
2025-06-04 15:02:00+00:00,3399.89990234375,3402.0,3399.5,3401.5,176.0
2025-06-04 15:03:00+00:00,3398.699951171875,3400.0,3398.10009765625,3400.0,306.0
2025-06-04 15:04:00+00:00,3399.800048828125,3400.800048828125,3398.60009765625,3398.699951171875,307.0
2025-06-04 15:05:00+00:00,3401.10009765625,3401.39990234375,3399.199951171875,3399.800048828125,192.0
2025-06-04 15:06:00+00:00,3399.800048828125,3401.60009765625,3399.60009765625,3401.10009765625,154.0
2025-06-04 15:07:00+00:00,3400.199951171875,3400.800048828125,3399.60009765625,3399.800048828125,151.0
2025-06-04 15:08:00+00:00,3400.10009765625,3400.10009765625,3399.300048828125,3400.10009765625,141.0
2025-06-04 15:09:00+00:00,3400.800048828125,3401.0,3399.5,3400.10009765625,129.0
2025-06-04 15:10:00+00:00,3400.5,3401.5,3400.199951171875,3400.89990234375,196.0
2025-06-04 15:11:00+00:00,3400.5,3401.39990234375,3400.10009765625,3400.39990234375,92.0
2025-06-04 15:12:00+00:00,3399.800048828125,3400.699951171875,3399.300048828125,3400.60009765625,81.0
2025-06-04 15:13:00+00:00,3397.0,3399.60009765625,3395.39990234375,3399.60009765625,739.0
2025-06-04 15:14:00+00:00,3397.10009765625,3397.5,3396.300048828125,3397.0,220.0
2025-06-04 15:15:00+00:00,3397.10009765625,3398.60009765625,3396.60009765625,3397.199951171875,258.0
2025-06-04 15:16:00+00:00,3395.800048828125,3397.199951171875,3395.5,3397.199951171875,215.0
2025-06-04 15:17:00+00:00,3395.5,3396.300048828125,3394.699951171875,3395.699951171875,229.0
2025-06-04 15:18:00+00:00,3396.800048828125,3397.0,3395.10009765625,3395.300048828125,328.0
2025-06-04 15:19:00+00:00,3397.10009765625,3397.699951171875,3396.60009765625,3396.89990234375,253.0
2025-06-04 15:20:00+00:00,3397.10009765625,3398.10009765625,3396.60009765625,3397.10009765625,220.0
2025-06-04 15:21:00+00:00,3396.800048828125,3398.0,3396.5,3397.39990234375,112.0
2025-06-04 15:22:00+00:00,3397.60009765625,3398.39990234375,3396.89990234375,3396.89990234375,113.0
2025-06-04 15:23:00+00:00,3398.199951171875,3398.5,3397.300048828125,3397.699951171875,122.0
2025-06-04 15:24:00+00:00,3397.5,3398.39990234375,3396.89990234375,3398.199951171875,169.0
2025-06-04 15:25:00+00:00,3398.800048828125,3399.199951171875,3397.10009765625,3397.10009765625,187.0
2025-06-04 15:26:00+00:00,3398.199951171875,3399.0,3396.199951171875,3398.89990234375,278.0
2025-06-04 15:27:00+00:00,3398.60009765625,3399.199951171875,3398.39990234375,3398.39990234375,159.0
2025-06-04 15:28:00+00:00,3399.60009765625,3399.60009765625,3397.699951171875,3398.5,150.0
2025-06-04 15:29:00+00:00,3399.199951171875,3399.699951171875,3398.300048828125,3399.60009765625,225.0
2025-06-04 15:30:00+00:00,3399.300048828125,3399.60009765625,3398.60009765625,3399.0,287.0
2025-06-04 15:31:00+00:00,3399.199951171875,3399.699951171875,3398.39990234375,3399.10009765625,206.0
2025-06-04 15:32:00+00:00,3399.300048828125,3399.699951171875,3399.0,3399.10009765625,144.0
2025-06-04 15:33:00+00:00,3398.699951171875,3399.39990234375,3398.39990234375,3399.300048828125,80.0
2025-06-04 15:34:00+00:00,3397.699951171875,3399.0,3397.5,3398.89990234375,127.0
2025-06-04 15:35:00+00:00,3397.60009765625,3397.89990234375,3397.0,3397.699951171875,159.0
2025-06-04 15:36:00+00:00,3397.199951171875,3397.300048828125,3396.199951171875,3397.300048828125,130.0
2025-06-04 15:37:00+00:00,3397.10009765625,3397.800048828125,3396.89990234375,3397.300048828125,97.0
2025-06-04 15:38:00+00:00,3396.60009765625,3397.5,3396.60009765625,3397.199951171875,60.0
2025-06-04 15:39:00+00:00,3395.10009765625,3396.60009765625,3394.5,3396.60009765625,250.0
2025-06-04 15:40:00+00:00,3396.10009765625,3396.39990234375,3394.800048828125,3395.0,130.0
2025-06-04 15:41:00+00:00,3396.5,3396.699951171875,3395.89990234375,3396.300048828125,85.0
2025-06-04 15:42:00+00:00,3395.89990234375,3396.39990234375,3395.0,3396.300048828125,163.0
2025-06-04 15:43:00+00:00,3396.300048828125,3396.60009765625,3395.60009765625,3395.699951171875,103.0
2025-06-04 15:44:00+00:00,3398.199951171875,3398.39990234375,3396.5,3396.5,214.0
2025-06-04 15:45:00+00:00,3397.699951171875,3398.39990234375,3397.199951171875,3398.10009765625,129.0
2025-06-04 15:46:00+00:00,3397.39990234375,3397.699951171875,3397.199951171875,3397.60009765625,46.0
2025-06-04 15:47:00+00:00,3397.699951171875,3398.39990234375,3397.60009765625,3397.60009765625,108.0
2025-06-04 15:48:00+00:00,3398.699951171875,3398.89990234375,3397.5,3397.800048828125,122.0
2025-06-04 15:49:00+00:00,3398.300048828125,3399.300048828125,3397.60009765625,3398.699951171875,198.0
2025-06-04 15:50:00+00:00,3398.5,3399.10009765625,3398.0,3398.5,76.0
2025-06-04 15:51:00+00:00,3398.60009765625,3398.89990234375,3398.300048828125,3398.39990234375,28.0
2025-06-04 15:52:00+00:00,3397.699951171875,3398.800048828125,3397.699951171875,3398.800048828125,118.0
2025-06-04 15:53:00+00:00,3397.0,3397.800048828125,3396.800048828125,3397.60009765625,96.0
2025-06-04 15:54:00+00:00,3397.0,3397.39990234375,3396.699951171875,3397.10009765625,101.0
2025-06-04 15:55:00+00:00,3397.5,3397.5,3395.89990234375,3397.0,297.0
2025-06-04 15:56:00+00:00,3396.5,3397.60009765625,3396.199951171875,3397.60009765625,61.0
2025-06-04 15:57:00+00:00,3395.800048828125,3396.39990234375,3395.39990234375,3396.199951171875,135.0
2025-06-04 15:58:00+00:00,3395.89990234375,3396.300048828125,3395.39990234375,3395.699951171875,69.0
2025-06-04 15:59:00+00:00,3396.300048828125,3396.5,3395.89990234375,3396.199951171875,38.0
2025-06-04 16:00:00+00:00,3397.39990234375,3397.800048828125,3396.39990234375,3396.5,104.0
2025-06-04 16:01:00+00:00,3398.300048828125,3399.0,3397.10009765625,3397.300048828125,195.0
2025-06-04 16:02:00+00:00,3399.0,3399.0,3398.300048828125,3398.300048828125,92.0
2025-06-04 16:03:00+00:00,3398.89990234375,3399.89990234375,3398.699951171875,3399.10009765625,106.0
2025-06-04 16:04:00+00:00,3398.60009765625,3399.300048828125,3398.39990234375,3399.0,80.0
2025-06-04 16:05:00+00:00,3398.300048828125,3399.0,3398.0,3399.0,90.0
2025-06-04 16:06:00+00:00,3398.699951171875,3398.699951171875,3397.699951171875,3398.39990234375,98.0
2025-06-04 16:07:00+00:00,3398.800048828125,3399.0,3398.300048828125,3398.39990234375,33.0
2025-06-04 16:08:00+00:00,3398.10009765625,3399.0,3398.10009765625,3398.800048828125,46.0
2025-06-04 16:09:00+00:00,3397.89990234375,3398.300048828125,3397.699951171875,3398.10009765625,33.0
2025-06-04 16:10:00+00:00,3397.800048828125,3398.199951171875,3397.5,3398.0,57.0
2025-06-04 16:11:00+00:00,3397.699951171875,3398.0,3397.5,3397.800048828125,70.0
2025-06-04 16:12:00+00:00,3398.89990234375,3399.0,3397.89990234375,3397.89990234375,112.0
2025-06-04 16:13:00+00:00,3396.699951171875,3399.10009765625,3396.699951171875,3398.60009765625,238.0
2025-06-04 16:14:00+00:00,3395.39990234375,3397.0,3395.39990234375,3396.89990234375,296.0
2025-06-04 16:15:00+00:00,3397.5,3397.699951171875,3395.39990234375,3395.39990234375,101.0
2025-06-04 16:16:00+00:00,3397.5,3398.0,3396.60009765625,3397.5,138.0
2025-06-04 16:17:00+00:00,3396.89990234375,3397.300048828125,3396.60009765625,3397.300048828125,24.0
2025-06-04 16:18:00+00:00,3395.89990234375,3396.699951171875,3395.800048828125,3396.60009765625,39.0
2025-06-04 16:19:00+00:00,3397.199951171875,3397.199951171875,3371.5,3396.10009765625,64.0
2025-06-04 16:20:00+00:00,3397.699951171875,3397.89990234375,3371.5,3397.10009765625,54.0
2025-06-04 16:21:00+00:00,3397.0,3397.800048828125,3396.800048828125,3397.800048828125,55.0
2025-06-04 16:22:00+00:00,3397.89990234375,3398.0,3396.89990234375,3396.89990234375,51.0
2025-06-04 16:23:00+00:00,3397.89990234375,3398.300048828125,3397.60009765625,3398.0,33.0
2025-06-04 16:24:00+00:00,3397.300048828125,3397.89990234375,3396.800048828125,3397.699951171875,41.0
2025-06-04 16:25:00+00:00,3397.60009765625,3397.89990234375,3397.199951171875,3397.5,42.0
2025-06-04 16:26:00+00:00,3397.800048828125,3398.199951171875,3397.300048828125,3397.5,56.0
2025-06-04 16:27:00+00:00,3397.800048828125,3398.0,3397.699951171875,3397.800048828125,25.0
2025-06-04 16:28:00+00:00,3396.60009765625,3398.199951171875,3396.5,3398.10009765625,223.0
2025-06-04 16:29:00+00:00,3397.199951171875,3397.5,3396.699951171875,3396.800048828125,49.0
2025-06-04 16:30:00+00:00,3398.199951171875,3398.300048828125,3397.39990234375,3397.60009765625,39.0
2025-06-04 16:31:00+00:00,3399.0,3399.0,3398.300048828125,3398.300048828125,142.0
2025-06-04 16:32:00+00:00,3399.199951171875,3399.5,3398.800048828125,3399.0,68.0
2025-06-04 16:33:00+00:00,3399.699951171875,3399.699951171875,3399.300048828125,3399.5,46.0
2025-06-04 16:34:00+00:00,3399.199951171875,3400.0,3399.0,3399.800048828125,71.0
2025-06-04 16:35:00+00:00,3399.300048828125,3399.60009765625,3398.300048828125,3399.0,74.0
2025-06-04 16:36:00+00:00,3399.5,3399.800048828125,3399.199951171875,3399.5,57.0
2025-06-04 16:37:00+00:00,3398.699951171875,3399.60009765625,3398.5,3399.5,100.0
2025-06-04 16:38:00+00:00,3398.800048828125,3398.89990234375,3398.5,3398.60009765625,14.0
2025-06-04 16:39:00+00:00,3398.300048828125,3398.89990234375,3397.800048828125,3398.800048828125,68.0
2025-06-04 16:40:00+00:00,3397.800048828125,3398.39990234375,3397.699951171875,3398.300048828125,26.0
2025-06-04 16:41:00+00:00,3397.60009765625,3398.0,3397.39990234375,3397.60009765625,51.0
2025-06-04 16:42:00+00:00,3397.60009765625,3398.10009765625,3397.39990234375,3397.60009765625,53.0
2025-06-04 16:43:00+00:00,3397.800048828125,3397.89990234375,3397.39990234375,3397.699951171875,60.0
2025-06-04 16:44:00+00:00,3397.39990234375,3398.199951171875,3397.10009765625,3397.699951171875,166.0
2025-06-04 16:45:00+00:00,3397.60009765625,3397.800048828125,3396.699951171875,3397.39990234375,169.0
2025-06-04 16:46:00+00:00,3398.699951171875,3398.699951171875,3397.5,3397.60009765625,186.0
2025-06-04 16:47:00+00:00,3398.60009765625,3399.10009765625,3398.5,3398.5,97.0
2025-06-04 16:48:00+00:00,3399.60009765625,3399.60009765625,3398.60009765625,3398.60009765625,72.0
2025-06-04 16:49:00+00:00,3399.89990234375,3400.10009765625,3399.300048828125,3399.5,141.0
2025-06-04 16:50:00+00:00,3400.199951171875,3400.5,3399.60009765625,3400.0,79.0
2025-06-04 16:51:00+00:00,3400.10009765625,3400.5,3400.0,3400.199951171875,79.0
2025-06-04 16:52:00+00:00,3399.60009765625,3400.300048828125,3399.5,3400.199951171875,53.0
2025-06-04 16:53:00+00:00,3399.39990234375,3400.0,3399.10009765625,3399.89990234375,61.0
2025-06-04 16:54:00+00:00,3399.89990234375,3400.0,3399.199951171875,3399.39990234375,74.0
2025-06-04 16:55:00+00:00,3400.300048828125,3400.300048828125,3399.60009765625,3400.0,84.0
2025-06-04 16:56:00+00:00,3400.0,3400.39990234375,3399.800048828125,3400.199951171875,58.0
2025-06-04 16:57:00+00:00,3399.39990234375,3400.10009765625,3399.10009765625,3400.0,75.0
2025-06-04 16:58:00+00:00,3400.0,3400.10009765625,3399.39990234375,3399.699951171875,66.0
2025-06-04 16:59:00+00:00,3399.39990234375,3399.89990234375,3399.39990234375,3399.89990234375,30.0
2025-06-04 17:00:00+00:00,3399.199951171875,3399.60009765625,3398.300048828125,3399.300048828125,83.0
2025-06-04 17:01:00+00:00,3398.300048828125,3398.89990234375,3398.300048828125,3398.89990234375,44.0
2025-06-04 17:02:00+00:00,3397.699951171875,3398.39990234375,3397.699951171875,3398.300048828125,86.0
2025-06-04 17:03:00+00:00,3397.60009765625,3397.800048828125,3397.39990234375,3397.60009765625,97.0
2025-06-04 17:04:00+00:00,3398.0,3398.10009765625,3397.300048828125,3397.699951171875,80.0
2025-06-04 17:05:00+00:00,3397.60009765625,3398.10009765625,3397.60009765625,3398.0,62.0
2025-06-04 17:06:00+00:00,3398.300048828125,3398.5,3397.60009765625,3397.699951171875,66.0
2025-06-04 17:07:00+00:00,3399.199951171875,3399.300048828125,3398.199951171875,3398.199951171875,53.0
2025-06-04 17:08:00+00:00,3399.10009765625,3399.300048828125,3398.89990234375,3399.10009765625,36.0
2025-06-04 17:09:00+00:00,3399.0,3399.199951171875,3398.60009765625,3399.10009765625,29.0
2025-06-04 17:10:00+00:00,3398.199951171875,3398.800048828125,3398.0,3398.800048828125,49.0
2025-06-04 17:11:00+00:00,3398.10009765625,3398.5,3397.89990234375,3398.300048828125,47.0
2025-06-04 17:12:00+00:00,3398.5,3399.0,3398.10009765625,3398.199951171875,50.0
2025-06-04 17:13:00+00:00,3398.699951171875,3399.199951171875,3398.60009765625,3398.60009765625,61.0
2025-06-04 17:14:00+00:00,3399.10009765625,3399.199951171875,3398.699951171875,3398.699951171875,35.0
2025-06-04 17:15:00+00:00,3398.300048828125,3399.0,3398.10009765625,3398.89990234375,161.0
2025-06-04 17:16:00+00:00,3398.89990234375,3398.89990234375,3398.300048828125,3398.39990234375,24.0
2025-06-04 17:17:00+00:00,3398.60009765625,3398.89990234375,3398.39990234375,3398.800048828125,37.0
2025-06-04 17:18:00+00:00,3399.5,3399.5,3398.60009765625,3398.60009765625,84.0
2025-06-04 17:19:00+00:00,3399.699951171875,3399.699951171875,3399.300048828125,3399.5,67.0
2025-06-04 17:20:00+00:00,3399.199951171875,3399.800048828125,3399.10009765625,3399.699951171875,56.0
2025-06-04 17:21:00+00:00,3400.0,3400.0,3399.199951171875,3399.199951171875,46.0
2025-06-04 17:22:00+00:00,3400.89990234375,3401.300048828125,3400.0,3400.0,177.0
2025-06-04 17:23:00+00:00,3399.39990234375,3400.800048828125,3399.39990234375,3400.699951171875,126.0
2025-06-04 17:24:00+00:00,3398.699951171875,3399.300048828125,3398.60009765625,3399.300048828125,102.0
2025-06-04 17:25:00+00:00,3398.300048828125,3398.60009765625,3398.0,3398.5,102.0
2025-06-04 17:26:00+00:00,3399.39990234375,3399.5,3398.199951171875,3398.39990234375,53.0
2025-06-04 17:27:00+00:00,3399.39990234375,3399.5,3398.699951171875,3399.5,58.0
2025-06-04 17:28:00+00:00,3399.0,3399.60009765625,3398.699951171875,3399.39990234375,147.0
2025-06-04 17:29:00+00:00,3399.60009765625,3399.60009765625,3399.0,3399.0,337.0
2025-06-04 17:30:00+00:00,3401.199951171875,3401.199951171875,3399.39990234375,3399.60009765625,268.0
2025-06-04 17:31:00+00:00,3402.0,3402.199951171875,3401.39990234375,3401.39990234375,218.0
2025-06-04 17:32:00+00:00,3402.10009765625,3402.5,3401.800048828125,3402.10009765625,118.0
2025-06-04 17:33:00+00:00,3402.5,3402.60009765625,3401.699951171875,3402.10009765625,67.0
2025-06-04 17:34:00+00:00,3403.300048828125,3403.39990234375,3402.300048828125,3402.5,197.0
2025-06-04 17:35:00+00:00,3404.0,3404.300048828125,3403.0,3403.199951171875,200.0
2025-06-04 17:36:00+00:00,3404.0,3404.199951171875,3403.5,3404.0,93.0
2025-06-04 17:37:00+00:00,3404.0,3404.60009765625,3403.199951171875,3404.10009765625,326.0
2025-06-04 17:38:00+00:00,3404.39990234375,3404.39990234375,3403.800048828125,3404.0,75.0
2025-06-04 17:39:00+00:00,3404.699951171875,3404.89990234375,3404.300048828125,3404.39990234375,98.0
2025-06-04 17:40:00+00:00,3404.39990234375,3404.699951171875,3404.0,3404.5,59.0
2025-06-04 17:41:00+00:00,3404.0,3404.10009765625,3403.199951171875,3404.10009765625,208.0
2025-06-04 17:42:00+00:00,3404.300048828125,3404.300048828125,3403.60009765625,3404.0,53.0
2025-06-04 17:43:00+00:00,3403.800048828125,3404.5,3403.800048828125,3404.300048828125,89.0
2025-06-04 17:44:00+00:00,3403.800048828125,3404.300048828125,3403.39990234375,3403.699951171875,94.0
2025-06-04 17:45:00+00:00,3405.0,3405.199951171875,3403.800048828125,3403.800048828125,176.0
2025-06-04 17:46:00+00:00,3404.699951171875,3405.0,3404.39990234375,3405.0,55.0
2025-06-04 17:47:00+00:00,3405.5,3405.5,3404.39990234375,3404.60009765625,142.0
2025-06-04 17:48:00+00:00,3404.39990234375,3405.39990234375,3404.39990234375,3405.39990234375,120.0
2025-06-04 17:49:00+00:00,3404.199951171875,3404.300048828125,3404.0,3404.300048828125,61.0
2025-06-04 17:50:00+00:00,3404.699951171875,3405.0,3404.0,3404.300048828125,69.0
2025-06-04 17:51:00+00:00,3404.300048828125,3404.800048828125,3404.0,3404.800048828125,74.0
2025-06-04 17:52:00+00:00,3403.800048828125,3404.5,3403.800048828125,3404.39990234375,33.0
2025-06-04 17:53:00+00:00,3404.39990234375,3404.39990234375,3403.5,3403.60009765625,30.0
2025-06-04 17:54:00+00:00,3404.300048828125,3404.699951171875,3404.0,3404.39990234375,52.0
2025-06-04 17:55:00+00:00,3404.300048828125,3404.39990234375,3404.10009765625,3404.199951171875,41.0
2025-06-04 17:56:00+00:00,3404.39990234375,3404.800048828125,3404.199951171875,3404.300048828125,52.0
2025-06-04 17:57:00+00:00,3403.800048828125,3404.5,3403.800048828125,3404.5,51.0
2025-06-04 17:58:00+00:00,3403.699951171875,3403.89990234375,3403.199951171875,3403.800048828125,73.0
2025-06-04 17:59:00+00:00,3403.699951171875,3403.699951171875,3403.60009765625,3403.699951171875,13.0
2025-06-04 18:00:00+00:00,3404.300048828125,3404.39990234375,3403.300048828125,3403.800048828125,52.0
2025-06-04 18:01:00+00:00,3403.60009765625,3404.199951171875,3403.60009765625,3404.10009765625,32.0
2025-06-04 18:02:00+00:00,3403.0,3403.800048828125,3402.60009765625,3403.699951171875,107.0
2025-06-04 18:03:00+00:00,3403.5,3403.800048828125,3402.300048828125,3402.89990234375,119.0
2025-06-04 18:04:00+00:00,3404.39990234375,3404.39990234375,3403.60009765625,3403.699951171875,132.0
2025-06-04 18:05:00+00:00,3405.699951171875,3405.699951171875,3404.199951171875,3404.300048828125,110.0
2025-06-04 18:06:00+00:00,3406.5,3406.800048828125,3405.5,3405.5,93.0
2025-06-04 18:07:00+00:00,3405.89990234375,3406.800048828125,3405.699951171875,3406.699951171875,155.0
2025-06-04 18:08:00+00:00,3405.199951171875,3405.89990234375,3405.0,3405.89990234375,120.0
2025-06-04 18:09:00+00:00,3405.199951171875,3405.5,3404.60009765625,3405.199951171875,41.0
2025-06-04 18:10:00+00:00,3405.5,3405.699951171875,3405.10009765625,3405.10009765625,46.0
2025-06-04 18:11:00+00:00,3405.60009765625,3406.10009765625,3405.5,3405.699951171875,66.0
2025-06-04 18:12:00+00:00,3405.300048828125,3405.699951171875,3405.300048828125,3405.699951171875,15.0
2025-06-04 18:13:00+00:00,3406.0,3406.199951171875,3405.39990234375,3405.5,71.0
2025-06-04 18:14:00+00:00,3405.800048828125,3406.199951171875,3405.800048828125,3405.89990234375,16.0
2025-06-04 18:15:00+00:00,3405.5,3405.89990234375,3405.5,3405.89990234375,29.0
2025-06-04 18:16:00+00:00,3405.199951171875,3405.5,3405.10009765625,3405.5,41.0
2025-06-04 18:17:00+00:00,3405.199951171875,3405.5,3405.10009765625,3405.10009765625,27.0
2025-06-04 18:18:00+00:00,3405.39990234375,3405.60009765625,3405.10009765625,3405.300048828125,18.0
2025-06-04 18:19:00+00:00,3405.300048828125,3405.39990234375,3405.199951171875,3405.300048828125,17.0
2025-06-04 18:20:00+00:00,3405.0,3405.300048828125,3404.800048828125,3405.300048828125,73.0
2025-06-04 18:21:00+00:00,3405.199951171875,3405.199951171875,3404.699951171875,3404.89990234375,24.0
2025-06-04 18:22:00+00:00,3404.800048828125,3405.5,3404.800048828125,3405.300048828125,36.0
2025-06-04 18:23:00+00:00,3404.60009765625,3405.10009765625,3404.5,3405.0,89.0
2025-06-04 18:24:00+00:00,3404.300048828125,3404.39990234375,3404.0,3404.39990234375,58.0
2025-06-04 18:25:00+00:00,3405.5,3405.60009765625,3404.300048828125,3404.39990234375,47.0
2025-06-04 18:26:00+00:00,3405.0,3405.39990234375,3404.699951171875,3405.39990234375,47.0
2025-06-04 18:27:00+00:00,3405.10009765625,3405.300048828125,3405.10009765625,3405.10009765625,22.0
2025-06-04 18:28:00+00:00,3405.60009765625,3405.800048828125,3405.0,3405.0,61.0
2025-06-04 18:29:00+00:00,3404.60009765625,3406.0,3404.5,3405.60009765625,123.0
2025-06-04 18:30:00+00:00,3404.699951171875,3404.89990234375,3404.199951171875,3404.800048828125,38.0
2025-06-04 18:31:00+00:00,3405.10009765625,3405.199951171875,3404.39990234375,3404.699951171875,57.0
2025-06-04 18:32:00+00:00,3404.5,3405.199951171875,3404.39990234375,3405.10009765625,27.0
2025-06-04 18:33:00+00:00,3404.300048828125,3404.699951171875,3404.300048828125,3404.60009765625,11.0
2025-06-04 18:34:00+00:00,3404.199951171875,3404.5,3404.10009765625,3404.300048828125,40.0
2025-06-04 18:35:00+00:00,3404.300048828125,3404.60009765625,3404.199951171875,3404.39990234375,23.0
2025-06-04 18:36:00+00:00,3404.199951171875,3404.39990234375,3404.10009765625,3404.199951171875,44.0
2025-06-04 18:37:00+00:00,3403.39990234375,3404.5,3403.39990234375,3404.39990234375,63.0
2025-06-04 18:38:00+00:00,3403.39990234375,3403.800048828125,3403.39990234375,3403.699951171875,32.0
2025-06-04 18:39:00+00:00,3403.39990234375,3403.89990234375,3403.39990234375,3403.699951171875,27.0
2025-06-04 18:40:00+00:00,3403.10009765625,3403.699951171875,3402.800048828125,3403.60009765625,72.0
2025-06-04 18:41:00+00:00,3402.60009765625,3403.199951171875,3402.39990234375,3403.10009765625,68.0
2025-06-04 18:42:00+00:00,3401.5,3402.89990234375,3401.5,3402.800048828125,164.0
2025-06-04 18:43:00+00:00,3400.39990234375,3401.699951171875,3400.199951171875,3401.60009765625,157.0
2025-06-04 18:44:00+00:00,3401.699951171875,3401.699951171875,3400.5,3400.5,148.0
2025-06-04 18:45:00+00:00,3401.199951171875,3401.800048828125,3401.10009765625,3401.800048828125,52.0
2025-06-04 18:46:00+00:00,3401.5,3401.60009765625,3400.89990234375,3401.0,47.0
2025-06-04 18:47:00+00:00,3401.0,3401.699951171875,3401.0,3401.39990234375,14.0
2025-06-04 18:48:00+00:00,3399.800048828125,3401.0,3399.800048828125,3401.0,92.0
2025-06-04 18:49:00+00:00,3399.800048828125,3400.10009765625,3399.60009765625,3400.0,46.0
2025-06-04 18:50:00+00:00,3399.800048828125,3400.199951171875,3399.699951171875,3400.0,55.0
2025-06-04 18:51:00+00:00,3400.10009765625,3400.300048828125,3399.89990234375,3400.0,18.0
2025-06-04 18:52:00+00:00,3399.89990234375,3400.10009765625,3399.60009765625,3400.10009765625,41.0
2025-06-04 18:53:00+00:00,3400.0,3400.10009765625,3399.800048828125,3400.10009765625,11.0
2025-06-04 18:54:00+00:00,3400.300048828125,3400.300048828125,3399.89990234375,3399.89990234375,10.0
2025-06-04 18:55:00+00:00,3399.89990234375,3400.60009765625,3399.800048828125,3400.5,87.0
2025-06-04 18:56:00+00:00,3399.89990234375,3400.0,3399.89990234375,3399.89990234375,4.0
2025-06-04 18:57:00+00:00,3399.800048828125,3400.10009765625,3399.699951171875,3399.89990234375,14.0
2025-06-04 18:58:00+00:00,3400.199951171875,3400.300048828125,3399.89990234375,3399.89990234375,10.0
2025-06-04 18:59:00+00:00,3400.699951171875,3401.0,3400.199951171875,3400.300048828125,65.0
2025-06-04 19:00:00+00:00,3400.5,3400.800048828125,3400.300048828125,3400.800048828125,43.0
2025-06-04 19:01:00+00:00,3399.699951171875,3400.89990234375,3399.699951171875,3400.5,68.0
2025-06-04 19:02:00+00:00,3399.39990234375,3399.89990234375,3398.300048828125,3399.89990234375,324.0
2025-06-04 19:03:00+00:00,3399.300048828125,3399.5,3399.0,3399.39990234375,33.0
2025-06-04 19:04:00+00:00,3399.0,3399.300048828125,3398.699951171875,3399.199951171875,36.0
2025-06-04 19:05:00+00:00,3399.0,3399.300048828125,3398.0,3398.800048828125,209.0
2025-06-04 19:06:00+00:00,3398.199951171875,3399.0,3398.199951171875,3398.89990234375,47.0
2025-06-04 19:07:00+00:00,3398.39990234375,3398.39990234375,3398.10009765625,3398.199951171875,50.0
2025-06-04 19:08:00+00:00,3398.5,3398.800048828125,3398.39990234375,3398.60009765625,56.0
2025-06-04 19:09:00+00:00,3398.699951171875,3398.800048828125,3398.10009765625,3398.39990234375,72.0
2025-06-04 19:10:00+00:00,3398.60009765625,3398.89990234375,3398.5,3398.60009765625,33.0
2025-06-04 19:11:00+00:00,3398.10009765625,3398.60009765625,3398.10009765625,3398.60009765625,33.0
2025-06-04 19:12:00+00:00,3398.300048828125,3398.60009765625,3398.0,3398.300048828125,70.0
2025-06-04 19:13:00+00:00,3398.0,3398.199951171875,3397.699951171875,3398.0,39.0
2025-06-04 19:14:00+00:00,3398.800048828125,3398.800048828125,3397.699951171875,3397.800048828125,40.0
2025-06-04 19:15:00+00:00,3399.199951171875,3400.300048828125,3398.800048828125,3398.800048828125,193.0
2025-06-04 19:16:00+00:00,3398.300048828125,3399.199951171875,3398.199951171875,3399.199951171875,43.0
2025-06-04 19:17:00+00:00,3397.800048828125,3398.39990234375,3397.800048828125,3398.39990234375,47.0
2025-06-04 19:18:00+00:00,3398.300048828125,3398.300048828125,3397.300048828125,3397.699951171875,55.0
2025-06-04 19:19:00+00:00,3397.800048828125,3398.300048828125,3397.800048828125,3398.199951171875,13.0
2025-06-04 19:20:00+00:00,3396.60009765625,3397.800048828125,3396.60009765625,3397.800048828125,103.0
2025-06-04 19:21:00+00:00,3397.699951171875,3397.699951171875,3396.300048828125,3396.60009765625,88.0
2025-06-04 19:22:00+00:00,3397.800048828125,3397.89990234375,3397.300048828125,3397.699951171875,73.0
2025-06-04 19:23:00+00:00,3397.60009765625,3398.0,3397.39990234375,3398.0,83.0
2025-06-04 19:24:00+00:00,3397.699951171875,3397.800048828125,3397.300048828125,3397.39990234375,34.0
2025-06-04 19:25:00+00:00,3397.199951171875,3397.60009765625,3397.10009765625,3397.5,38.0
2025-06-04 19:26:00+00:00,3396.800048828125,3397.300048828125,3396.800048828125,3397.300048828125,35.0
2025-06-04 19:27:00+00:00,3397.0,3397.5,3396.60009765625,3397.0,81.0
2025-06-04 19:28:00+00:00,3397.5,3397.60009765625,3396.5,3396.89990234375,79.0
2025-06-04 19:29:00+00:00,3397.5,3397.5,3396.800048828125,3397.39990234375,53.0
2025-06-04 19:30:00+00:00,3397.0,3397.5,3397.0,3397.5,30.0
2025-06-04 19:31:00+00:00,3397.5,3397.5,3397.10009765625,3397.199951171875,29.0
2025-06-04 19:32:00+00:00,3397.199951171875,3397.699951171875,3397.199951171875,3397.60009765625,50.0
2025-06-04 19:33:00+00:00,3397.5,3397.800048828125,3397.199951171875,3397.300048828125,44.0
2025-06-04 19:34:00+00:00,3397.89990234375,3398.0,3397.300048828125,3397.800048828125,64.0
2025-06-04 19:35:00+00:00,3398.0,3398.10009765625,3397.300048828125,3397.699951171875,21.0
2025-06-04 19:36:00+00:00,3398.10009765625,3398.5,3397.89990234375,3398.199951171875,33.0
2025-06-04 19:37:00+00:00,3397.60009765625,3397.89990234375,3397.60009765625,3397.800048828125,12.0
2025-06-04 19:38:00+00:00,3396.89990234375,3397.60009765625,3396.699951171875,3397.60009765625,46.0
2025-06-04 19:39:00+00:00,3396.60009765625,3396.699951171875,3396.39990234375,3396.699951171875,36.0
2025-06-04 19:40:00+00:00,3396.39990234375,3396.60009765625,3396.300048828125,3396.39990234375,24.0
2025-06-04 19:41:00+00:00,3397.199951171875,3397.300048828125,3396.300048828125,3396.39990234375,69.0
2025-06-04 19:42:00+00:00,3396.699951171875,3397.300048828125,3396.5,3397.10009765625,29.0
2025-06-04 19:43:00+00:00,3397.10009765625,3397.10009765625,3396.5,3396.699951171875,47.0
2025-06-04 19:44:00+00:00,3396.10009765625,3396.800048828125,3396.0,3396.800048828125,48.0
2025-06-04 19:45:00+00:00,3396.60009765625,3396.89990234375,3396.199951171875,3396.199951171875,44.0
2025-06-04 19:46:00+00:00,3396.5,3396.699951171875,3396.300048828125,3396.60009765625,58.0
2025-06-04 19:47:00+00:00,3397.300048828125,3397.60009765625,3396.699951171875,3396.699951171875,54.0
2025-06-04 19:48:00+00:00,3396.800048828125,3397.300048828125,3396.800048828125,3397.300048828125,49.0
2025-06-04 19:49:00+00:00,3396.699951171875,3396.800048828125,3396.5,3396.800048828125,18.0
2025-06-04 19:50:00+00:00,3397.10009765625,3397.5,3396.39990234375,3396.60009765625,133.0
2025-06-04 19:51:00+00:00,3397.39990234375,3397.5,3397.0,3397.10009765625,29.0
2025-06-04 19:52:00+00:00,3397.199951171875,3397.800048828125,3397.199951171875,3397.300048828125,53.0
2025-06-04 19:53:00+00:00,3396.60009765625,3397.10009765625,3396.5,3397.10009765625,61.0
2025-06-04 19:54:00+00:00,3396.699951171875,3396.89990234375,3396.5,3396.60009765625,14.0
2025-06-04 19:55:00+00:00,3397.10009765625,3397.39990234375,3396.699951171875,3396.699951171875,32.0
2025-06-04 19:56:00+00:00,3397.300048828125,3397.39990234375,3396.800048828125,3397.10009765625,40.0
2025-06-04 19:57:00+00:00,3396.89990234375,3397.39990234375,3396.699951171875,3397.39990234375,37.0
2025-06-04 19:58:00+00:00,3397.300048828125,3397.5,3396.800048828125,3396.800048828125,30.0
2025-06-04 19:59:00+00:00,3397.300048828125,3397.60009765625,3397.10009765625,3397.199951171875,81.0
2025-06-04 20:00:00+00:00,3396.699951171875,3397.60009765625,3396.699951171875,3397.199951171875,44.0
2025-06-04 20:01:00+00:00,3395.39990234375,3396.699951171875,3395.300048828125,3396.699951171875,107.0
2025-06-04 20:02:00+00:00,3395.5,3395.699951171875,3394.39990234375,3395.5,155.0
2025-06-04 20:03:00+00:00,3395.5,3395.800048828125,3395.39990234375,3395.699951171875,36.0
2025-06-04 20:04:00+00:00,3396.300048828125,3396.39990234375,3395.60009765625,3395.60009765625,65.0
2025-06-04 20:05:00+00:00,3396.699951171875,3396.699951171875,3396.0,3396.300048828125,65.0
2025-06-04 20:06:00+00:00,3397.5,3397.5,3396.5,3396.699951171875,68.0
2025-06-04 20:07:00+00:00,3398.199951171875,3398.60009765625,3397.5,3397.5,61.0
2025-06-04 20:08:00+00:00,3397.699951171875,3398.0,3397.699951171875,3398.0,11.0
2025-06-04 20:09:00+00:00,3397.0,3397.699951171875,3397.0,3397.699951171875,24.0
2025-06-04 20:10:00+00:00,3397.0,3397.199951171875,3396.60009765625,3396.800048828125,46.0
2025-06-04 20:11:00+00:00,3397.10009765625,3397.199951171875,3397.0,3397.10009765625,15.0
2025-06-04 20:12:00+00:00,3396.39990234375,3397.0,3396.39990234375,3397.0,26.0
2025-06-04 20:13:00+00:00,3396.5,3396.60009765625,3396.300048828125,3396.39990234375,28.0
2025-06-04 20:14:00+00:00,3396.800048828125,3397.0,3396.5,3396.60009765625,39.0
2025-06-04 20:15:00+00:00,3396.5,3397.300048828125,3396.39990234375,3396.800048828125,37.0
2025-06-04 20:16:00+00:00,3397.5,3397.5,3396.800048828125,3396.800048828125,17.0
2025-06-04 20:17:00+00:00,3397.10009765625,3397.5,3397.0,3397.5,7.0
2025-06-04 20:18:00+00:00,3397.5,3397.800048828125,3397.39990234375,3397.39990234375,8.0
2025-06-04 20:19:00+00:00,3397.0,3397.699951171875,3397.0,3397.699951171875,18.0
2025-06-04 20:20:00+00:00,3396.39990234375,3397.0,3396.39990234375,3396.89990234375,12.0
2025-06-04 20:21:00+00:00,3396.5,3396.60009765625,3396.39990234375,3396.39990234375,19.0
2025-06-04 20:22:00+00:00,3396.39990234375,3396.39990234375,3396.10009765625,3396.300048828125,14.0
2025-06-04 20:23:00+00:00,3396.5,3396.5,3396.10009765625,3396.39990234375,11.0
2025-06-04 20:24:00+00:00,3395.39990234375,3396.60009765625,3395.199951171875,3396.39990234375,114.0
2025-06-04 20:25:00+00:00,3396.10009765625,3396.699951171875,3395.60009765625,3395.60009765625,105.0
2025-06-04 20:26:00+00:00,3396.5,3397.0,3396.300048828125,3396.300048828125,89.0
2025-06-04 20:27:00+00:00,3396.5,3396.699951171875,3396.5,3396.5,7.0
2025-06-04 20:28:00+00:00,3397.800048828125,3397.89990234375,3396.5,3396.5,28.0
2025-06-04 20:29:00+00:00,3398.0,3398.10009765625,3397.800048828125,3397.89990234375,24.0
2025-06-04 20:30:00+00:00,3398.0,3398.10009765625,3397.800048828125,3397.800048828125,39.0
2025-06-04 20:31:00+00:00,3398.5,3398.5,3397.39990234375,3398.0,99.0
2025-06-04 20:32:00+00:00,3398.300048828125,3398.60009765625,3398.0,3398.5,45.0
2025-06-04 20:33:00+00:00,3398.5,3399.0,3398.300048828125,3398.300048828125,70.0
2025-06-04 20:34:00+00:00,3398.800048828125,3398.800048828125,3398.199951171875,3398.5,29.0
2025-06-04 20:35:00+00:00,3398.699951171875,3399.0,3398.5,3398.5,64.0
2025-06-04 20:36:00+00:00,3398.800048828125,3399.0,3398.5,3398.89990234375,16.0
2025-06-04 20:37:00+00:00,3398.60009765625,3399.0,3398.60009765625,3398.89990234375,36.0
2025-06-04 20:38:00+00:00,3399.0,3399.0,3398.5,3398.60009765625,15.0
2025-06-04 20:39:00+00:00,3399.199951171875,3399.300048828125,3398.800048828125,3399.0,25.0
2025-06-04 20:40:00+00:00,3398.800048828125,3399.10009765625,3398.699951171875,3399.10009765625,31.0
2025-06-04 20:41:00+00:00,3398.699951171875,3399.0,3398.699951171875,3398.699951171875,23.0
2025-06-04 20:42:00+00:00,3398.39990234375,3399.0,3398.39990234375,3398.60009765625,19.0
2025-06-04 20:43:00+00:00,3398.199951171875,3398.800048828125,3398.199951171875,3398.699951171875,28.0
2025-06-04 20:44:00+00:00,3398.300048828125,3398.39990234375,3398.199951171875,3398.199951171875,13.0
2025-06-04 20:45:00+00:00,3397.699951171875,3398.60009765625,3397.699951171875,3398.199951171875,44.0
2025-06-04 20:46:00+00:00,3397.60009765625,3397.800048828125,3397.199951171875,3397.800048828125,64.0
2025-06-04 20:47:00+00:00,3397.5,3397.800048828125,3397.300048828125,3397.60009765625,27.0
2025-06-04 20:48:00+00:00,3397.199951171875,3397.60009765625,3397.199951171875,3397.5,14.0
2025-06-04 20:49:00+00:00,3397.5,3397.60009765625,3396.89990234375,3397.10009765625,18.0
2025-06-04 20:50:00+00:00,3397.0,3397.10009765625,3396.699951171875,3397.10009765625,16.0
2025-06-04 20:51:00+00:00,3396.800048828125,3397.10009765625,3396.5,3396.699951171875,32.0
2025-06-04 20:52:00+00:00,3396.199951171875,3396.699951171875,3396.199951171875,3396.699951171875,16.0
2025-06-04 20:53:00+00:00,3396.89990234375,3396.89990234375,3396.39990234375,3396.39990234375,44.0
2025-06-04 20:54:00+00:00,3397.0,3397.10009765625,3396.699951171875,3396.89990234375,23.0
2025-06-04 20:55:00+00:00,3397.10009765625,3397.300048828125,3396.699951171875,3396.89990234375,36.0
2025-06-04 20:56:00+00:00,3397.800048828125,3398.0,3397.0,3397.0,20.0
2025-06-04 20:57:00+00:00,3398.199951171875,3398.5,3397.89990234375,3397.89990234375,52.0
2025-06-04 20:58:00+00:00,3397.0,3398.199951171875,3396.60009765625,3398.199951171875,116.0
2025-06-04 20:59:00+00:00,3397.39990234375,3397.39990234375,3396.39990234375,3397.0,76.0
2025-06-04 22:00:00+00:00,3396.89990234375,3398.5,3396.89990234375,3398.0,0.0
2025-06-04 22:01:00+00:00,3396.89990234375,3397.199951171875,3396.699951171875,3396.89990234375,20.0
2025-06-04 22:02:00+00:00,3397.39990234375,3397.39990234375,3396.60009765625,3396.89990234375,33.0
2025-06-04 22:03:00+00:00,3371.5,3398.0,3371.5,3397.5,0.0
2025-06-04 22:04:00+00:00,3397.800048828125,3397.800048828125,3372.60009765625,3397.39990234375,321.0
2025-06-04 22:05:00+00:00,3397.10009765625,3397.800048828125,3397.10009765625,3397.699951171875,20.0
2025-06-04 22:06:00+00:00,3396.199951171875,3397.10009765625,3396.199951171875,3397.10009765625,27.0
2025-06-04 22:07:00+00:00,3396.60009765625,3396.800048828125,3396.300048828125,3396.300048828125,7.0
2025-06-04 22:08:00+00:00,3396.5,3396.800048828125,3396.39990234375,3396.39990234375,14.0
2025-06-04 22:09:00+00:00,3396.800048828125,3396.800048828125,3396.39990234375,3396.39990234375,8.0
2025-06-04 22:10:00+00:00,3397.199951171875,3397.300048828125,3397.0,3397.0,13.0
2025-06-04 22:11:00+00:00,3397.0,3397.0,3397.0,3397.0,1.0
2025-06-04 22:12:00+00:00,3396.800048828125,3396.89990234375,3396.800048828125,3396.89990234375,4.0
2025-06-04 22:13:00+00:00,3397.10009765625,3397.5,3396.699951171875,3396.699951171875,25.0
2025-06-04 22:14:00+00:00,3396.89990234375,3397.10009765625,3396.89990234375,3397.10009765625,2.0
2025-06-04 22:15:00+00:00,3396.800048828125,3396.89990234375,3396.800048828125,3396.89990234375,5.0
2025-06-04 22:16:00+00:00,3397.0,3397.300048828125,3396.699951171875,3396.800048828125,15.0
2025-06-04 22:17:00+00:00,3396.699951171875,3397.0,3396.699951171875,3396.89990234375,10.0
2025-06-04 22:18:00+00:00,3396.39990234375,3396.800048828125,3396.10009765625,3396.699951171875,44.0
2025-06-04 22:19:00+00:00,3396.89990234375,3396.89990234375,3396.300048828125,3396.39990234375,11.0
2025-06-04 22:20:00+00:00,3397.199951171875,3397.199951171875,3396.800048828125,3396.89990234375,12.0
2025-06-04 22:21:00+00:00,3397.5,3397.5,3397.0,3397.10009765625,18.0
2025-06-04 22:22:00+00:00,3397.199951171875,3397.699951171875,3397.199951171875,3397.60009765625,16.0
2025-06-04 22:23:00+00:00,3397.300048828125,3397.39990234375,3397.10009765625,3397.10009765625,33.0
2025-06-04 22:24:00+00:00,3397.39990234375,3397.60009765625,3397.10009765625,3397.300048828125,24.0
2025-06-04 22:25:00+00:00,3397.300048828125,3397.5,3397.10009765625,3397.300048828125,13.0
2025-06-04 22:26:00+00:00,3397.39990234375,3397.60009765625,3397.300048828125,3397.5,11.0
2025-06-04 22:27:00+00:00,3397.300048828125,3397.300048828125,3397.300048828125,3397.300048828125,2.0
2025-06-04 22:29:00+00:00,3398.60009765625,3399.0,3397.699951171875,3397.699951171875,122.0
2025-06-04 22:30:00+00:00,3398.60009765625,3398.60009765625,3398.39990234375,3398.60009765625,31.0
2025-06-04 22:31:00+00:00,3399.39990234375,3399.5,3398.699951171875,3398.699951171875,43.0
2025-06-04 22:32:00+00:00,3398.699951171875,3399.5,3398.699951171875,3399.300048828125,37.0
2025-06-04 22:33:00+00:00,3397.5,3398.60009765625,3397.39990234375,3398.60009765625,33.0
2025-06-04 22:34:00+00:00,3396.800048828125,3397.5,3396.39990234375,3397.39990234375,83.0
2025-06-04 22:35:00+00:00,3396.5,3396.699951171875,3395.89990234375,3396.5,68.0
2025-06-04 22:36:00+00:00,3396.10009765625,3396.5,3396.10009765625,3396.300048828125,13.0
2025-06-04 22:37:00+00:00,3396.10009765625,3396.10009765625,3395.800048828125,3396.0,7.0
2025-06-04 22:38:00+00:00,3396.300048828125,3396.800048828125,3396.10009765625,3396.39990234375,15.0
2025-06-04 22:40:00+00:00,3396.89990234375,3396.89990234375,3396.0,3396.10009765625,38.0
2025-06-04 22:41:00+00:00,3396.5,3397.0,3396.5,3396.800048828125,10.0
2025-06-04 22:42:00+00:00,3396.800048828125,3396.800048828125,3396.39990234375,3396.5,6.0
2025-06-04 22:43:00+00:00,3397.5,3397.5,3396.699951171875,3396.89990234375,24.0
2025-06-04 22:44:00+00:00,3397.199951171875,3397.60009765625,3397.199951171875,3397.5,9.0
2025-06-04 22:45:00+00:00,3397.5,3397.5,3397.0,3397.0,12.0
2025-06-04 22:46:00+00:00,3397.800048828125,3398.0,3397.39990234375,3397.39990234375,40.0
2025-06-04 22:47:00+00:00,3397.5,3397.699951171875,3397.5,3397.699951171875,9.0
2025-06-04 22:48:00+00:00,3397.60009765625,3397.699951171875,3397.300048828125,3397.699951171875,19.0
2025-06-04 22:49:00+00:00,3397.60009765625,3397.60009765625,3397.5,3397.5,7.0
2025-06-04 22:50:00+00:00,3397.300048828125,3397.800048828125,3397.300048828125,3397.699951171875,18.0
2025-06-04 22:51:00+00:00,3397.199951171875,3397.60009765625,3396.89990234375,3397.300048828125,34.0
2025-06-04 22:52:00+00:00,3397.300048828125,3397.300048828125,3397.300048828125,3397.300048828125,1.0
2025-06-04 22:53:00+00:00,3397.699951171875,3397.699951171875,3397.5,3397.5,6.0
2025-06-04 22:54:00+00:00,3397.39990234375,3397.5,3397.199951171875,3397.5,16.0
2025-06-04 22:55:00+00:00,3397.10009765625,3397.39990234375,3397.10009765625,3397.39990234375,6.0
2025-06-04 22:57:00+00:00,3397.300048828125,3397.5,3397.10009765625,3397.199951171875,12.0
2025-06-04 22:58:00+00:00,3397.300048828125,3397.39990234375,3396.89990234375,3397.199951171875,20.0
2025-06-04 22:59:00+00:00,3397.199951171875,3397.60009765625,3397.199951171875,3397.300048828125,25.0
2025-06-04 23:00:00+00:00,3397.300048828125,3397.300048828125,3397.10009765625,3397.300048828125,14.0
2025-06-04 23:01:00+00:00,3396.39990234375,3397.300048828125,3396.39990234375,3397.300048828125,40.0
2025-06-04 23:02:00+00:00,3396.800048828125,3396.800048828125,3396.300048828125,3396.300048828125,9.0
2025-06-04 23:03:00+00:00,3396.800048828125,3397.39990234375,3396.800048828125,3397.0,13.0
2025-06-04 23:04:00+00:00,3396.800048828125,3396.89990234375,3396.800048828125,3396.89990234375,3.0
2025-06-04 23:06:00+00:00,3397.10009765625,3397.199951171875,3397.0,3397.0,7.0
2025-06-04 23:07:00+00:00,3397.39990234375,3397.39990234375,3397.300048828125,3397.300048828125,4.0
2025-06-04 23:08:00+00:00,3396.800048828125,3397.10009765625,3396.800048828125,3397.10009765625,4.0
2025-06-04 23:10:00+00:00,3396.800048828125,3397.0,3396.60009765625,3396.60009765625,15.0
2025-06-04 23:11:00+00:00,3396.699951171875,3397.0,3396.300048828125,3396.89990234375,13.0
2025-06-04 23:12:00+00:00,3396.199951171875,3396.5,3396.199951171875,3396.5,16.0
2025-06-04 23:13:00+00:00,3396.5,3396.800048828125,3396.0,3396.39990234375,63.0
2025-06-04 23:14:00+00:00,3396.800048828125,3397.0,3396.60009765625,3396.699951171875,5.0
2025-06-04 23:15:00+00:00,3397.199951171875,3397.199951171875,3396.89990234375,3397.0,8.0
2025-06-04 23:16:00+00:00,3398.60009765625,3398.60009765625,3397.39990234375,3397.39990234375,46.0
2025-06-04 23:17:00+00:00,3398.199951171875,3398.300048828125,3398.0,3398.300048828125,14.0
2025-06-04 23:18:00+00:00,3398.699951171875,3398.699951171875,3398.10009765625,3398.10009765625,27.0
2025-06-04 23:19:00+00:00,3399.89990234375,3400.10009765625,3398.199951171875,3398.300048828125,89.0
2025-06-04 23:20:00+00:00,3400.39990234375,3400.699951171875,3399.60009765625,3399.800048828125,70.0
2025-06-04 23:21:00+00:00,3402.10009765625,3402.300048828125,3400.60009765625,3400.699951171875,177.0
2025-06-04 23:22:00+00:00,3402.0,3402.300048828125,3401.39990234375,3401.89990234375,44.0
2025-06-04 23:23:00+00:00,3401.800048828125,3402.199951171875,3401.60009765625,3402.199951171875,35.0
2025-06-04 23:24:00+00:00,3401.5,3401.800048828125,3400.5,3401.60009765625,64.0
2025-06-04 23:25:00+00:00,3402.0,3402.10009765625,3401.199951171875,3401.39990234375,14.0
2025-06-04 23:26:00+00:00,3402.300048828125,3402.699951171875,3402.0,3402.199951171875,48.0
2025-06-04 23:27:00+00:00,3401.89990234375,3402.199951171875,3401.699951171875,3402.199951171875,10.0
2025-06-04 23:28:00+00:00,3402.0,3402.0,3401.89990234375,3401.89990234375,3.0
2025-06-04 23:29:00+00:00,3402.300048828125,3402.300048828125,3401.89990234375,3402.0,23.0
2025-06-04 23:30:00+00:00,3401.199951171875,3402.699951171875,3401.199951171875,3402.300048828125,59.0
2025-06-04 23:31:00+00:00,3400.199951171875,3401.39990234375,3399.89990234375,3401.0,134.0
2025-06-04 23:32:00+00:00,3399.89990234375,3400.0,3399.39990234375,3400.0,45.0
2025-06-04 23:33:00+00:00,3400.0,3400.0,3399.699951171875,3399.699951171875,4.0
2025-06-04 23:34:00+00:00,3399.89990234375,3400.199951171875,3399.39990234375,3399.699951171875,40.0
2025-06-04 23:35:00+00:00,3399.60009765625,3400.0,3399.60009765625,3399.89990234375,18.0
2025-06-04 23:36:00+00:00,3399.10009765625,3399.800048828125,3398.699951171875,3399.5,73.0
2025-06-04 23:37:00+00:00,3399.300048828125,3399.60009765625,3398.699951171875,3398.800048828125,50.0
2025-06-04 23:38:00+00:00,3399.39990234375,3400.0,3399.10009765625,3399.199951171875,28.0
2025-06-04 23:39:00+00:00,3399.10009765625,3399.60009765625,3399.10009765625,3399.39990234375,29.0
2025-06-04 23:40:00+00:00,3398.5,3399.199951171875,3398.39990234375,3398.89990234375,33.0
2025-06-04 23:41:00+00:00,3399.0,3399.300048828125,3397.89990234375,3398.300048828125,35.0
2025-06-04 23:42:00+00:00,3398.699951171875,3399.0,3398.39990234375,3399.0,32.0
2025-06-04 23:43:00+00:00,3398.60009765625,3398.800048828125,3398.39990234375,3398.800048828125,6.0
2025-06-04 23:44:00+00:00,3399.0,3399.0,3398.5,3398.5,12.0
2025-06-04 23:45:00+00:00,3399.5,3400.10009765625,3398.89990234375,3399.199951171875,64.0
2025-06-04 23:46:00+00:00,3399.60009765625,3399.800048828125,3399.0,3399.60009765625,48.0
2025-06-04 23:47:00+00:00,3399.39990234375,3399.699951171875,3399.0,3399.699951171875,29.0
2025-06-04 23:48:00+00:00,3399.60009765625,3399.60009765625,3398.699951171875,3399.300048828125,10.0
2025-06-04 23:49:00+00:00,3399.10009765625,3399.60009765625,3399.10009765625,3399.39990234375,13.0
2025-06-04 23:50:00+00:00,3399.199951171875,3399.199951171875,3398.800048828125,3399.0,29.0
2025-06-04 23:51:00+00:00,3399.699951171875,3399.699951171875,3399.300048828125,3399.300048828125,9.0
2025-06-04 23:52:00+00:00,3400.0,3400.0,3399.0,3399.699951171875,48.0
2025-06-04 23:53:00+00:00,3400.0,3400.300048828125,3400.0,3400.0,38.0
2025-06-04 23:54:00+00:00,3400.5,3401.10009765625,3400.199951171875,3400.199951171875,46.0
2025-06-04 23:55:00+00:00,3400.800048828125,3401.300048828125,3400.39990234375,3400.60009765625,40.0
2025-06-04 23:56:00+00:00,3401.39990234375,3401.800048828125,3400.89990234375,3400.89990234375,25.0
2025-06-04 23:57:00+00:00,3401.89990234375,3401.89990234375,3401.5,3401.60009765625,39.0
2025-06-04 23:58:00+00:00,3402.10009765625,3402.300048828125,3401.699951171875,3401.800048828125,15.0
2025-06-04 23:59:00+00:00,3401.60009765625,3402.10009765625,3401.10009765625,3402.10009765625,51.0
2025-06-05 00:00:00+00:00,3401.199951171875,3402.5,3400.89990234375,3401.699951171875,93.0
2025-06-05 00:01:00+00:00,3401.300048828125,3401.5,3400.800048828125,3401.5,45.0
2025-06-05 00:02:00+00:00,3400.60009765625,3401.199951171875,3400.10009765625,3401.199951171875,20.0
2025-06-05 00:03:00+00:00,3399.300048828125,3401.300048828125,3398.800048828125,3400.699951171875,124.0
2025-06-05 00:04:00+00:00,3398.0,3399.10009765625,3398.0,3399.0,38.0
2025-06-05 00:05:00+00:00,3399.0,3399.199951171875,3398.0,3398.199951171875,47.0
2025-06-05 00:06:00+00:00,3400.60009765625,3400.699951171875,3399.39990234375,3399.39990234375,42.0
2025-06-05 00:07:00+00:00,3401.300048828125,3401.60009765625,3400.300048828125,3400.39990234375,40.0
2025-06-05 00:08:00+00:00,3400.5,3401.10009765625,3400.39990234375,3401.10009765625,9.0
2025-06-05 00:09:00+00:00,3399.60009765625,3400.39990234375,3399.60009765625,3400.39990234375,23.0
2025-06-05 00:10:00+00:00,3399.300048828125,3400.0,3399.0,3399.60009765625,35.0
2025-06-05 00:11:00+00:00,3399.5,3400.300048828125,3399.39990234375,3399.699951171875,27.0
2025-06-05 00:12:00+00:00,3400.39990234375,3400.39990234375,3399.199951171875,3399.300048828125,12.0
2025-06-05 00:13:00+00:00,3400.89990234375,3401.0,3400.199951171875,3400.39990234375,44.0
2025-06-05 00:14:00+00:00,3401.800048828125,3401.800048828125,3401.10009765625,3401.10009765625,18.0
2025-06-05 00:15:00+00:00,3402.89990234375,3403.0,3401.5,3401.699951171875,116.0
2025-06-05 00:16:00+00:00,3402.199951171875,3402.800048828125,3402.199951171875,3402.699951171875,34.0
2025-06-05 00:17:00+00:00,3401.800048828125,3402.0,3401.199951171875,3402.0,29.0
2025-06-05 00:18:00+00:00,3401.199951171875,3401.60009765625,3400.699951171875,3401.39990234375,29.0
2025-06-05 00:19:00+00:00,3402.10009765625,3402.199951171875,3401.300048828125,3401.300048828125,40.0
2025-06-05 00:20:00+00:00,3403.300048828125,3403.89990234375,3401.800048828125,3401.800048828125,110.0
2025-06-05 00:21:00+00:00,3404.0,3404.0,3403.0,3403.199951171875,70.0
2025-06-05 00:22:00+00:00,3404.699951171875,3404.89990234375,3403.60009765625,3404.10009765625,63.0
2025-06-05 00:23:00+00:00,3404.89990234375,3405.199951171875,3404.5,3404.699951171875,85.0
2025-06-05 00:24:00+00:00,3404.699951171875,3404.89990234375,3404.300048828125,3404.800048828125,34.0
2025-06-05 00:25:00+00:00,3404.89990234375,3405.199951171875,3404.699951171875,3404.800048828125,64.0
2025-06-05 00:26:00+00:00,3404.699951171875,3404.89990234375,3404.199951171875,3404.800048828125,88.0
2025-06-05 00:27:00+00:00,3404.39990234375,3405.0,3404.39990234375,3404.699951171875,62.0
2025-06-05 00:28:00+00:00,3404.699951171875,3405.0,3404.5,3404.5,32.0
2025-06-05 00:29:00+00:00,3404.5,3404.60009765625,3404.199951171875,3404.5,14.0
2025-06-05 00:30:00+00:00,3403.699951171875,3404.39990234375,3403.199951171875,3404.39990234375,67.0
2025-06-05 00:31:00+00:00,3403.699951171875,3403.800048828125,3403.199951171875,3403.5,16.0
2025-06-05 00:32:00+00:00,3404.300048828125,3404.800048828125,3403.60009765625,3403.699951171875,47.0
2025-06-05 00:33:00+00:00,3403.0,3404.39990234375,3402.699951171875,3404.199951171875,104.0
2025-06-05 00:34:00+00:00,3403.199951171875,3403.699951171875,3402.800048828125,3402.800048828125,23.0
2025-06-05 00:35:00+00:00,3403.800048828125,3403.89990234375,3402.89990234375,3403.10009765625,41.0
2025-06-05 00:36:00+00:00,3403.800048828125,3404.300048828125,3403.5,3403.60009765625,48.0
2025-06-05 00:37:00+00:00,3403.199951171875,3404.5,3403.0,3404.0,56.0
2025-06-05 00:38:00+00:00,3401.300048828125,3403.39990234375,3401.0,3403.10009765625,207.0
2025-06-05 00:39:00+00:00,3400.0,3401.699951171875,3399.89990234375,3401.5,275.0
2025-06-05 00:40:00+00:00,3398.5,3400.300048828125,3398.0,3400.199951171875,368.0
2025-06-05 00:41:00+00:00,3397.199951171875,3398.5,3396.800048828125,3398.300048828125,305.0
2025-06-05 00:42:00+00:00,3396.60009765625,3398.39990234375,3396.10009765625,3397.0,252.0
2025-06-05 00:43:00+00:00,3398.10009765625,3398.699951171875,3396.0,3396.800048828125,223.0
2025-06-05 00:44:00+00:00,3398.699951171875,3399.39990234375,3397.39990234375,3398.10009765625,156.0
2025-06-05 00:45:00+00:00,3395.800048828125,3400.199951171875,3395.60009765625,3398.60009765625,414.0
2025-06-05 00:46:00+00:00,3397.800048828125,3398.0,3395.5,3395.60009765625,225.0
2025-06-05 00:47:00+00:00,3398.5,3399.0,3397.60009765625,3397.800048828125,142.0
2025-06-05 00:48:00+00:00,3397.800048828125,3399.0,3397.800048828125,3398.39990234375,115.0
2025-06-05 00:49:00+00:00,3400.300048828125,3400.39990234375,3398.10009765625,3398.300048828125,122.0
2025-06-05 00:50:00+00:00,3401.199951171875,3402.300048828125,3400.39990234375,3400.60009765625,154.0
2025-06-05 00:51:00+00:00,3402.300048828125,3402.60009765625,3401.10009765625,3401.300048828125,70.0
2025-06-05 00:52:00+00:00,3401.300048828125,3402.5,3400.89990234375,3402.39990234375,58.0
2025-06-05 00:53:00+00:00,3402.699951171875,3402.89990234375,3401.0,3401.0,84.0
2025-06-05 00:54:00+00:00,3402.699951171875,3402.699951171875,3401.89990234375,3402.60009765625,22.0
2025-06-05 00:55:00+00:00,3402.199951171875,3403.0,3402.0,3402.699951171875,50.0
2025-06-05 00:56:00+00:00,3402.800048828125,3402.800048828125,3401.5,3402.0,44.0
2025-06-05 00:57:00+00:00,3402.800048828125,3403.0,3402.300048828125,3402.699951171875,62.0
2025-06-05 00:58:00+00:00,3402.89990234375,3403.39990234375,3402.5,3402.5,43.0
2025-06-05 00:59:00+00:00,3403.5,3403.800048828125,3402.89990234375,3402.89990234375,65.0
2025-06-05 01:00:00+00:00,3403.0,3404.800048828125,3402.89990234375,3403.5,182.0
2025-06-05 01:01:00+00:00,3404.199951171875,3404.300048828125,3402.60009765625,3402.89990234375,116.0
2025-06-05 01:02:00+00:00,3404.39990234375,3404.699951171875,3404.0,3404.10009765625,42.0
2025-06-05 01:03:00+00:00,3404.5,3405.0,3404.10009765625,3404.5,77.0
2025-06-05 01:04:00+00:00,3406.60009765625,3407.199951171875,3404.800048828125,3405.0,416.0
2025-06-05 01:05:00+00:00,3406.0,3406.800048828125,3405.300048828125,3406.800048828125,142.0
2025-06-05 01:06:00+00:00,3407.199951171875,3407.5,3405.300048828125,3406.0,204.0
2025-06-05 01:07:00+00:00,3406.0,3407.699951171875,3406.0,3406.89990234375,90.0
2025-06-05 01:08:00+00:00,3406.300048828125,3406.800048828125,3405.300048828125,3406.0,87.0
2025-06-05 01:09:00+00:00,3405.60009765625,3406.300048828125,3405.5,3406.300048828125,36.0
2025-06-05 01:10:00+00:00,3404.5,3405.800048828125,3404.199951171875,3405.5,123.0
2025-06-05 01:11:00+00:00,3405.199951171875,3405.5,3403.199951171875,3404.60009765625,177.0
2025-06-05 01:12:00+00:00,3405.0,3405.5,3404.699951171875,3405.39990234375,49.0
2025-06-05 01:13:00+00:00,3403.39990234375,3404.89990234375,3403.300048828125,3404.60009765625,86.0
2025-06-05 01:14:00+00:00,3402.89990234375,3403.39990234375,3402.5,3403.300048828125,90.0
2025-06-05 01:15:00+00:00,3402.199951171875,3403.199951171875,3401.10009765625,3403.0,190.0
2025-06-05 01:16:00+00:00,3402.39990234375,3403.0,3402.300048828125,3402.39990234375,102.0
2025-06-05 01:17:00+00:00,3402.5,3402.60009765625,3401.199951171875,3402.199951171875,198.0
2025-06-05 01:18:00+00:00,3400.89990234375,3402.300048828125,3400.89990234375,3402.0,61.0
2025-06-05 01:19:00+00:00,3400.60009765625,3401.0,3400.199951171875,3400.300048828125,95.0
2025-06-05 01:20:00+00:00,3400.0,3400.89990234375,3399.800048828125,3400.39990234375,143.0
2025-06-05 01:21:00+00:00,3399.0,3400.199951171875,3398.60009765625,3400.0,158.0
2025-06-05 01:22:00+00:00,3399.0,3399.60009765625,3398.39990234375,3399.10009765625,180.0
2025-06-05 01:23:00+00:00,3399.300048828125,3399.60009765625,3398.5,3399.0,99.0
2025-06-05 01:24:00+00:00,3399.10009765625,3400.199951171875,3398.800048828125,3399.39990234375,70.0
2025-06-05 01:25:00+00:00,3399.5,3399.800048828125,3398.10009765625,3399.10009765625,70.0
2025-06-05 01:26:00+00:00,3400.39990234375,3400.800048828125,3399.39990234375,3399.60009765625,109.0
2025-06-05 01:27:00+00:00,3401.0,3401.199951171875,3400.0,3400.800048828125,87.0
2025-06-05 01:28:00+00:00,3400.199951171875,3401.39990234375,3399.800048828125,3401.199951171875,124.0
2025-06-05 01:29:00+00:00,3401.199951171875,3401.199951171875,3400.10009765625,3400.10009765625,30.0
2025-06-05 01:30:00+00:00,3400.699951171875,3401.300048828125,3400.60009765625,3401.300048828125,63.0
2025-06-05 01:31:00+00:00,3398.10009765625,3400.699951171875,3397.89990234375,3400.699951171875,151.0
2025-06-05 01:32:00+00:00,3398.60009765625,3398.60009765625,3397.39990234375,3398.300048828125,105.0
2025-06-05 01:33:00+00:00,3399.300048828125,3399.800048828125,3398.5,3398.60009765625,119.0
2025-06-05 01:34:00+00:00,3397.39990234375,3399.10009765625,3397.39990234375,3399.10009765625,53.0
2025-06-05 01:35:00+00:00,3397.0,3397.39990234375,3396.60009765625,3397.300048828125,141.0
2025-06-05 01:36:00+00:00,3396.0,3397.199951171875,3396.0,3397.0,123.0
2025-06-05 01:37:00+00:00,3397.199951171875,3397.5,3395.699951171875,3396.10009765625,140.0
2025-06-05 01:38:00+00:00,3398.89990234375,3399.300048828125,3397.300048828125,3397.60009765625,83.0
2025-06-05 01:39:00+00:00,3397.199951171875,3398.89990234375,3397.199951171875,3398.699951171875,92.0
2025-06-05 01:40:00+00:00,3397.60009765625,3397.89990234375,3396.60009765625,3397.5,83.0
2025-06-05 01:41:00+00:00,3396.699951171875,3397.60009765625,3396.0,3397.300048828125,99.0
2025-06-05 01:42:00+00:00,3395.60009765625,3396.60009765625,3395.5,3396.60009765625,101.0
2025-06-05 01:43:00+00:00,3397.5,3397.60009765625,3395.5,3395.5,128.0
2025-06-05 01:44:00+00:00,3397.300048828125,3397.300048828125,3396.10009765625,3397.300048828125,116.0
2025-06-05 01:45:00+00:00,3397.699951171875,3399.60009765625,3397.5,3397.5,262.0
2025-06-05 01:46:00+00:00,3398.39990234375,3398.800048828125,3397.300048828125,3398.0,126.0
2025-06-05 01:47:00+00:00,3397.300048828125,3398.60009765625,3396.5,3398.39990234375,192.0
2025-06-05 01:48:00+00:00,3396.10009765625,3397.10009765625,3395.10009765625,3397.10009765625,150.0
2025-06-05 01:49:00+00:00,3397.39990234375,3397.5,3396.199951171875,3396.300048828125,75.0
2025-06-05 01:50:00+00:00,3396.800048828125,3397.60009765625,3396.300048828125,3397.39990234375,34.0
2025-06-05 01:51:00+00:00,3396.800048828125,3397.10009765625,3396.10009765625,3396.39990234375,81.0
2025-06-05 01:52:00+00:00,3396.699951171875,3397.10009765625,3395.800048828125,3397.10009765625,71.0
2025-06-05 01:53:00+00:00,3396.699951171875,3397.10009765625,3396.5,3396.5,28.0
2025-06-05 01:54:00+00:00,3395.60009765625,3396.800048828125,3395.5,3396.60009765625,77.0
2025-06-05 01:55:00+00:00,3395.10009765625,3395.800048828125,3394.10009765625,3395.60009765625,269.0
2025-06-05 01:56:00+00:00,3396.699951171875,3396.89990234375,3395.0,3395.0,165.0
2025-06-05 01:57:00+00:00,3397.60009765625,3397.800048828125,3396.800048828125,3396.89990234375,87.0
2025-06-05 01:58:00+00:00,3397.5,3397.800048828125,3396.5,3397.699951171875,69.0
2025-06-05 01:59:00+00:00,3397.300048828125,3397.89990234375,3397.0,3397.699951171875,59.0
2025-06-05 02:00:00+00:00,3397.699951171875,3397.699951171875,3396.5,3397.10009765625,54.0
2025-06-05 02:01:00+00:00,3396.800048828125,3398.199951171875,3396.60009765625,3397.800048828125,75.0
2025-06-05 02:02:00+00:00,3396.300048828125,3396.60009765625,3395.800048828125,3396.60009765625,58.0
2025-06-05 02:03:00+00:00,3397.300048828125,3397.5,3396.39990234375,3396.39990234375,45.0
2025-06-05 02:04:00+00:00,3396.60009765625,3398.199951171875,3396.60009765625,3397.39990234375,83.0
2025-06-05 02:05:00+00:00,3397.39990234375,3397.5,3396.199951171875,3396.60009765625,102.0
2025-06-05 02:06:00+00:00,3397.699951171875,3397.89990234375,3397.199951171875,3397.300048828125,34.0
2025-06-05 02:07:00+00:00,3397.39990234375,3398.800048828125,3397.199951171875,3397.800048828125,80.0
2025-06-05 02:08:00+00:00,3396.89990234375,3397.199951171875,3396.5,3397.10009765625,50.0
2025-06-05 02:09:00+00:00,3396.5,3396.699951171875,3396.39990234375,3396.60009765625,19.0
2025-06-05 02:10:00+00:00,3395.199951171875,3396.60009765625,3395.10009765625,3396.5,58.0
2025-06-05 02:11:00+00:00,3394.5,3395.5,3394.5,3395.5,208.0
2025-06-05 02:12:00+00:00,3394.800048828125,3395.199951171875,3394.300048828125,3394.699951171875,67.0
2025-06-05 02:13:00+00:00,3394.89990234375,3395.800048828125,3394.5,3395.199951171875,79.0
2025-06-05 02:14:00+00:00,3393.89990234375,3394.800048828125,3392.5,3394.699951171875,441.0
2025-06-05 02:15:00+00:00,3394.5,3394.5,3392.60009765625,3393.699951171875,98.0
2025-06-05 02:16:00+00:00,3393.60009765625,3394.5,3393.10009765625,3394.5,54.0
2025-06-05 02:17:00+00:00,3393.300048828125,3393.60009765625,3392.300048828125,3393.300048828125,93.0
2025-06-05 02:18:00+00:00,3391.800048828125,3393.300048828125,3391.10009765625,3393.10009765625,155.0
2025-06-05 02:19:00+00:00,3392.39990234375,3393.0,3391.199951171875,3391.699951171875,188.0
2025-06-05 02:20:00+00:00,3391.800048828125,3392.5,3391.800048828125,3392.300048828125,100.0
2025-06-05 02:21:00+00:00,3392.39990234375,3393.0,3391.5,3391.800048828125,63.0
2025-06-05 02:22:00+00:00,3392.60009765625,3393.0,3392.39990234375,3392.39990234375,33.0
2025-06-05 02:23:00+00:00,3393.39990234375,3393.60009765625,3392.5,3392.60009765625,37.0
2025-06-05 02:24:00+00:00,3393.5,3393.699951171875,3393.199951171875,3393.39990234375,19.0
2025-06-05 02:25:00+00:00,3393.699951171875,3393.800048828125,3393.300048828125,3393.60009765625,32.0
2025-06-05 02:26:00+00:00,3393.89990234375,3394.300048828125,3393.199951171875,3393.5,90.0
2025-06-05 02:27:00+00:00,3394.60009765625,3394.699951171875,3394.300048828125,3394.39990234375,19.0
2025-06-05 02:28:00+00:00,3393.60009765625,3394.800048828125,3393.60009765625,3394.39990234375,72.0
2025-06-05 02:29:00+00:00,3394.800048828125,3394.800048828125,3393.39990234375,3393.60009765625,91.0
2025-06-05 02:30:00+00:00,3395.60009765625,3395.699951171875,3394.199951171875,3394.800048828125,123.0
2025-06-05 02:31:00+00:00,3396.0,3396.39990234375,3395.39990234375,3395.60009765625,78.0
2025-06-05 02:32:00+00:00,3395.800048828125,3396.300048828125,3395.60009765625,3396.199951171875,38.0
2025-06-05 02:33:00+00:00,3396.0,3396.300048828125,3395.800048828125,3396.0,43.0
2025-06-05 02:34:00+00:00,3396.199951171875,3396.199951171875,3395.300048828125,3395.800048828125,28.0
2025-06-05 02:35:00+00:00,3396.199951171875,3396.199951171875,3395.0,3396.10009765625,53.0
2025-06-05 02:36:00+00:00,3396.10009765625,3396.300048828125,3395.89990234375,3396.300048828125,51.0
2025-06-05 02:37:00+00:00,3395.300048828125,3396.199951171875,3395.10009765625,3396.0,22.0
2025-06-05 02:38:00+00:00,3395.199951171875,3395.5,3394.699951171875,3395.5,57.0
2025-06-05 02:39:00+00:00,3394.10009765625,3394.89990234375,3393.800048828125,3394.89990234375,87.0
2025-06-05 02:40:00+00:00,3393.300048828125,3394.199951171875,3393.0,3394.199951171875,46.0
2025-06-05 02:41:00+00:00,3391.800048828125,3393.10009765625,3391.300048828125,3393.10009765625,192.0
2025-06-05 02:42:00+00:00,3393.199951171875,3394.0,3392.0,3392.0,202.0
2025-06-05 02:43:00+00:00,3393.60009765625,3394.199951171875,3392.800048828125,3393.199951171875,111.0
2025-06-05 02:44:00+00:00,3393.800048828125,3394.39990234375,3392.800048828125,3393.39990234375,72.0
2025-06-05 02:45:00+00:00,3393.5,3394.0,3393.199951171875,3394.0,23.0
2025-06-05 02:46:00+00:00,3392.60009765625,3393.39990234375,3392.60009765625,3393.300048828125,24.0
2025-06-05 02:47:00+00:00,3392.800048828125,3393.199951171875,3392.39990234375,3392.60009765625,28.0
2025-06-05 02:48:00+00:00,3393.10009765625,3393.5,3392.800048828125,3392.800048828125,25.0
2025-06-05 02:49:00+00:00,3394.0,3394.5,3393.39990234375,3393.39990234375,35.0
2025-06-05 02:50:00+00:00,3393.10009765625,3394.10009765625,3392.89990234375,3393.89990234375,42.0
2025-06-05 02:51:00+00:00,3393.199951171875,3393.39990234375,3392.699951171875,3393.0,38.0
2025-06-05 02:52:00+00:00,3393.39990234375,3394.39990234375,3393.199951171875,3393.39990234375,37.0
2025-06-05 02:53:00+00:00,3393.800048828125,3394.0,3393.199951171875,3393.300048828125,23.0
2025-06-05 02:54:00+00:00,3394.300048828125,3394.5,3394.0,3394.10009765625,105.0
2025-06-05 02:55:00+00:00,3394.60009765625,3394.800048828125,3394.10009765625,3394.5,21.0
2025-06-05 02:56:00+00:00,3393.800048828125,3394.800048828125,3393.800048828125,3394.800048828125,14.0
2025-06-05 02:57:00+00:00,3393.89990234375,3393.89990234375,3393.10009765625,3393.699951171875,39.0
2025-06-05 02:58:00+00:00,3393.800048828125,3394.10009765625,3393.60009765625,3394.10009765625,7.0
2025-06-05 02:59:00+00:00,3393.699951171875,3394.10009765625,3393.5,3394.10009765625,20.0
2025-06-05 03:00:00+00:00,3393.0,3393.89990234375,3392.699951171875,3393.89990234375,76.0
2025-06-05 03:01:00+00:00,3393.5,3393.800048828125,3393.0,3393.0,31.0
2025-06-05 03:02:00+00:00,3393.5,3394.0,3393.5,3393.800048828125,46.0
2025-06-05 03:03:00+00:00,3395.199951171875,3395.39990234375,3393.39990234375,3393.39990234375,157.0
2025-06-05 03:04:00+00:00,3394.699951171875,3395.10009765625,3394.699951171875,3394.89990234375,13.0
2025-06-05 03:05:00+00:00,3394.699951171875,3395.10009765625,3394.699951171875,3394.800048828125,15.0
2025-06-05 03:06:00+00:00,3394.699951171875,3395.10009765625,3394.60009765625,3394.89990234375,67.0
2025-06-05 03:07:00+00:00,3394.699951171875,3395.0,3394.39990234375,3394.699951171875,22.0
2025-06-05 03:08:00+00:00,3394.39990234375,3394.60009765625,3394.39990234375,3394.60009765625,15.0
2025-06-05 03:09:00+00:00,3394.10009765625,3394.800048828125,3394.10009765625,3394.5,12.0
2025-06-05 03:10:00+00:00,3393.39990234375,3394.0,3393.300048828125,3394.0,29.0
2025-06-05 03:11:00+00:00,3392.89990234375,3393.300048828125,3392.800048828125,3393.300048828125,34.0
2025-06-05 03:12:00+00:00,3393.199951171875,3393.60009765625,3392.800048828125,3393.199951171875,22.0
2025-06-05 03:13:00+00:00,3393.39990234375,3393.800048828125,3392.89990234375,3393.300048828125,48.0
2025-06-05 03:14:00+00:00,3394.10009765625,3394.10009765625,3393.10009765625,3393.39990234375,70.0
2025-06-05 03:15:00+00:00,3394.699951171875,3394.699951171875,3393.800048828125,3394.300048828125,37.0
2025-06-05 03:16:00+00:00,3395.10009765625,3395.800048828125,3394.60009765625,3394.60009765625,89.0
2025-06-05 03:17:00+00:00,3395.10009765625,3395.199951171875,3394.699951171875,3394.89990234375,13.0
2025-06-05 03:18:00+00:00,3394.800048828125,3395.10009765625,3394.800048828125,3395.0,16.0
2025-06-05 03:19:00+00:00,3395.199951171875,3395.300048828125,3395.0,3395.300048828125,10.0
2025-06-05 03:20:00+00:00,3395.300048828125,3395.5,3395.0,3395.39990234375,38.0
2025-06-05 03:21:00+00:00,3395.800048828125,3396.0,3395.300048828125,3395.300048828125,50.0
2025-06-05 03:22:00+00:00,3396.199951171875,3396.699951171875,3395.60009765625,3395.60009765625,83.0
2025-06-05 03:23:00+00:00,3396.199951171875,3396.199951171875,3395.5,3396.10009765625,72.0
2025-06-05 03:24:00+00:00,3396.300048828125,3396.60009765625,3396.0,3396.199951171875,24.0
2025-06-05 03:25:00+00:00,3395.699951171875,3396.60009765625,3395.5,3396.300048828125,42.0
2025-06-05 03:26:00+00:00,3395.699951171875,3396.10009765625,3395.60009765625,3395.60009765625,15.0
2025-06-05 03:27:00+00:00,3396.199951171875,3396.60009765625,3396.0,3396.0,28.0
2025-06-05 03:28:00+00:00,3396.800048828125,3397.0,3396.10009765625,3396.39990234375,61.0
2025-06-05 03:30:00+00:00,3397.699951171875,3397.89990234375,3397.60009765625,3397.800048828125,216.0
2025-06-05 03:31:00+00:00,3397.800048828125,3397.89990234375,3397.199951171875,3397.60009765625,40.0
2025-06-05 03:32:00+00:00,3398.199951171875,3398.300048828125,3397.699951171875,3397.800048828125,69.0
2025-06-05 03:33:00+00:00,3398.699951171875,3399.0,3398.10009765625,3398.199951171875,83.0
2025-06-05 03:34:00+00:00,3398.800048828125,3398.89990234375,3398.5,3398.699951171875,22.0
2025-06-05 03:35:00+00:00,3399.699951171875,3399.699951171875,3398.800048828125,3399.0,181.0
2025-06-05 03:36:00+00:00,3400.0,3400.5,3399.10009765625,3399.699951171875,198.0
2025-06-05 03:37:00+00:00,3398.199951171875,3400.0,3398.0,3399.89990234375,223.0
2025-06-05 03:38:00+00:00,3397.300048828125,3398.39990234375,3396.89990234375,3398.39990234375,150.0
2025-06-05 03:39:00+00:00,3397.800048828125,3398.199951171875,3397.39990234375,3397.39990234375,34.0
2025-06-05 03:40:00+00:00,3397.5,3397.89990234375,3397.199951171875,3397.300048828125,30.0
2025-06-05 03:41:00+00:00,3397.5,3397.800048828125,3397.39990234375,3397.5,24.0
2025-06-05 03:42:00+00:00,3398.0,3398.199951171875,3397.39990234375,3397.39990234375,25.0
2025-06-05 03:43:00+00:00,3398.199951171875,3398.39990234375,3397.699951171875,3397.800048828125,38.0
2025-06-05 03:44:00+00:00,3398.10009765625,3398.300048828125,3397.89990234375,3398.0,25.0
2025-06-05 03:45:00+00:00,3398.0,3398.300048828125,3398.0,3398.199951171875,12.0
2025-06-05 03:46:00+00:00,3398.0,3398.10009765625,3397.89990234375,3398.10009765625,7.0
2025-06-05 03:47:00+00:00,3398.699951171875,3398.89990234375,3397.89990234375,3397.89990234375,27.0
2025-06-05 03:48:00+00:00,3398.300048828125,3398.5,3398.199951171875,3398.5,23.0
2025-06-05 03:49:00+00:00,3397.89990234375,3398.699951171875,3397.89990234375,3398.699951171875,12.0
2025-06-05 03:50:00+00:00,3396.60009765625,3397.89990234375,3396.5,3397.89990234375,63.0
2025-06-05 03:51:00+00:00,3396.39990234375,3397.0,3395.89990234375,3396.60009765625,66.0
2025-06-05 03:52:00+00:00,3396.39990234375,3396.5,3395.89990234375,3396.10009765625,34.0
2025-06-05 03:53:00+00:00,3396.800048828125,3397.199951171875,3396.10009765625,3396.10009765625,23.0
2025-06-05 03:54:00+00:00,3396.699951171875,3397.10009765625,3396.5,3396.60009765625,32.0
2025-06-05 03:55:00+00:00,3395.5,3396.699951171875,3395.5,3396.699951171875,58.0
2025-06-05 03:56:00+00:00,3394.60009765625,3395.39990234375,3393.800048828125,3395.39990234375,170.0
2025-06-05 03:57:00+00:00,3393.199951171875,3394.60009765625,3392.699951171875,3394.60009765625,143.0
2025-06-05 03:58:00+00:00,3393.60009765625,3393.60009765625,3392.89990234375,3393.39990234375,58.0
2025-06-05 04:00:00+00:00,3392.699951171875,3393.10009765625,3392.199951171875,3393.10009765625,56.0
2025-06-05 04:01:00+00:00,3392.5,3392.800048828125,3392.199951171875,3392.699951171875,74.0
2025-06-05 04:02:00+00:00,3392.699951171875,3392.89990234375,3391.89990234375,3392.199951171875,72.0
2025-06-05 04:03:00+00:00,3393.0,3393.300048828125,3392.60009765625,3392.800048828125,64.0
2025-06-05 04:04:00+00:00,3392.60009765625,3393.10009765625,3392.60009765625,3393.0,35.0
2025-06-05 04:05:00+00:00,3393.89990234375,3393.89990234375,3392.89990234375,3392.89990234375,109.0
2025-06-05 04:06:00+00:00,3393.800048828125,3394.300048828125,3393.199951171875,3394.0,117.0
2025-06-05 04:07:00+00:00,3394.300048828125,3394.39990234375,3393.699951171875,3394.199951171875,55.0
2025-06-05 04:08:00+00:00,3395.5,3395.5,3394.0,3394.300048828125,79.0
2025-06-05 04:09:00+00:00,3395.699951171875,3395.89990234375,3395.39990234375,3395.800048828125,49.0
2025-06-05 04:10:00+00:00,3395.0,3395.89990234375,3395.0,3395.5,37.0
2025-06-05 04:11:00+00:00,3394.89990234375,3395.199951171875,3394.60009765625,3395.0,37.0
2025-06-05 04:12:00+00:00,3394.199951171875,3395.0,3394.199951171875,3395.0,29.0
2025-06-05 04:13:00+00:00,3393.5,3394.10009765625,3392.89990234375,3394.10009765625,62.0
2025-06-05 04:14:00+00:00,3392.89990234375,3393.60009765625,3392.800048828125,3393.5,52.0
2025-06-05 04:15:00+00:00,3391.699951171875,3393.0,3391.5,3393.0,158.0
2025-06-05 04:16:00+00:00,3389.300048828125,3391.5,3386.89990234375,3391.5,1153.0
2025-06-05 04:17:00+00:00,3389.10009765625,3389.800048828125,3388.89990234375,3389.199951171875,107.0
2025-06-05 04:18:00+00:00,3390.60009765625,3390.60009765625,3388.300048828125,3389.10009765625,133.0
2025-06-05 04:19:00+00:00,3391.300048828125,3391.60009765625,3389.800048828125,3390.60009765625,172.0
2025-06-05 04:20:00+00:00,3391.699951171875,3392.10009765625,3391.0,3391.199951171875,116.0
2025-06-05 04:21:00+00:00,3392.800048828125,3392.800048828125,3391.89990234375,3392.0,58.0
2025-06-05 04:22:00+00:00,3392.699951171875,3393.199951171875,3392.39990234375,3393.0,47.0
2025-06-05 04:23:00+00:00,3392.10009765625,3392.60009765625,3391.800048828125,3392.60009765625,40.0
2025-06-05 04:24:00+00:00,3390.5,3392.5,3390.5,3392.199951171875,76.0
2025-06-05 04:25:00+00:00,3390.60009765625,3391.0,3389.60009765625,3390.5,178.0
2025-06-05 04:26:00+00:00,3392.300048828125,3392.300048828125,3390.0,3390.699951171875,152.0
2025-06-05 04:27:00+00:00,3392.89990234375,3393.10009765625,3392.199951171875,3392.300048828125,114.0
2025-06-05 04:28:00+00:00,3391.800048828125,3392.39990234375,3391.10009765625,3392.39990234375,47.0
2025-06-05 04:29:00+00:00,3390.300048828125,3391.699951171875,3390.300048828125,3391.699951171875,44.0
2025-06-05 04:30:00+00:00,3390.5,3391.39990234375,3390.199951171875,3390.39990234375,45.0
2025-06-05 04:31:00+00:00,3390.300048828125,3390.699951171875,3389.699951171875,3390.199951171875,81.0
2025-06-05 04:32:00+00:00,3389.699951171875,3390.10009765625,3389.60009765625,3390.10009765625,32.0
2025-06-05 04:33:00+00:00,3389.10009765625,3389.800048828125,3388.89990234375,3389.699951171875,117.0
2025-06-05 04:34:00+00:00,3389.800048828125,3390.39990234375,3389.0,3389.199951171875,100.0
2025-06-05 04:35:00+00:00,3390.89990234375,3391.199951171875,3390.0,3390.0,62.0
2025-06-05 04:36:00+00:00,3390.5,3390.89990234375,3390.300048828125,3390.800048828125,35.0
2025-06-05 04:37:00+00:00,3390.39990234375,3390.60009765625,3390.199951171875,3390.60009765625,21.0
2025-06-05 04:38:00+00:00,3391.0,3391.199951171875,3390.300048828125,3390.60009765625,22.0
2025-06-05 04:39:00+00:00,3391.60009765625,3392.0,3390.800048828125,3391.0,61.0
2025-06-05 04:40:00+00:00,3391.10009765625,3391.800048828125,3391.10009765625,3391.5,32.0
2025-06-05 04:41:00+00:00,3391.300048828125,3391.39990234375,3391.300048828125,3391.39990234375,5.0
2025-06-05 04:42:00+00:00,3390.800048828125,3391.699951171875,3390.800048828125,3391.5,29.0
2025-06-05 04:43:00+00:00,3390.199951171875,3390.800048828125,3389.699951171875,3390.800048828125,23.0
2025-06-05 04:44:00+00:00,3391.0,3391.10009765625,3389.89990234375,3390.199951171875,82.0
2025-06-05 04:45:00+00:00,3391.699951171875,3392.10009765625,3390.89990234375,3390.89990234375,116.0
2025-06-05 04:46:00+00:00,3392.0,3392.39990234375,3391.0,3391.60009765625,114.0
2025-06-05 04:47:00+00:00,3391.5,3392.199951171875,3391.300048828125,3391.699951171875,96.0
2025-06-05 04:48:00+00:00,3390.800048828125,3391.300048828125,3390.800048828125,3391.199951171875,15.0
2025-06-05 04:49:00+00:00,3390.300048828125,3390.699951171875,3389.800048828125,3390.699951171875,83.0
2025-06-05 04:50:00+00:00,3390.60009765625,3390.89990234375,3390.10009765625,3390.10009765625,8.0
2025-06-05 04:51:00+00:00,3390.699951171875,3390.89990234375,3390.5,3390.800048828125,19.0
2025-06-05 04:52:00+00:00,3391.5,3391.5,3390.800048828125,3391.0,12.0
2025-06-05 04:53:00+00:00,3391.300048828125,3391.800048828125,3391.10009765625,3391.60009765625,24.0
2025-06-05 04:54:00+00:00,3391.300048828125,3391.699951171875,3391.300048828125,3391.5,6.0
2025-06-05 04:55:00+00:00,3391.0,3391.300048828125,3390.800048828125,3391.300048828125,24.0
2025-06-05 04:56:00+00:00,3391.199951171875,3391.300048828125,3391.10009765625,3391.10009765625,13.0
2025-06-05 04:57:00+00:00,3391.39990234375,3391.5,3391.300048828125,3391.300048828125,7.0
2025-06-05 04:58:00+00:00,3391.60009765625,3391.60009765625,3391.39990234375,3391.39990234375,30.0
2025-06-05 04:59:00+00:00,3391.60009765625,3391.699951171875,3391.39990234375,3391.60009765625,7.0
2025-06-05 05:00:00+00:00,3391.5,3392.0,3391.39990234375,3391.60009765625,14.0
2025-06-05 05:01:00+00:00,3391.39990234375,3392.199951171875,3391.39990234375,3391.89990234375,37.0
2025-06-05 05:02:00+00:00,3391.800048828125,3391.800048828125,3391.60009765625,3391.699951171875,8.0
2025-06-05 05:03:00+00:00,3393.0,3393.39990234375,3391.699951171875,3391.699951171875,103.0
2025-06-05 05:04:00+00:00,3391.800048828125,3392.89990234375,3390.10009765625,3392.89990234375,235.0
2025-06-05 05:05:00+00:00,3390.39990234375,3392.5,3390.10009765625,3391.800048828125,199.0
2025-06-05 05:06:00+00:00,3390.39990234375,3391.300048828125,3390.199951171875,3390.300048828125,66.0
2025-06-05 05:07:00+00:00,3390.699951171875,3391.300048828125,3390.39990234375,3390.5,47.0
2025-06-05 05:08:00+00:00,3391.300048828125,3391.60009765625,3390.699951171875,3390.89990234375,56.0
2025-06-05 05:09:00+00:00,3391.39990234375,3391.5,3391.0,3391.5,4.0
2025-06-05 05:10:00+00:00,3390.300048828125,3391.199951171875,3390.300048828125,3391.199951171875,24.0
2025-06-05 05:11:00+00:00,3391.0,3391.300048828125,3390.699951171875,3390.699951171875,14.0
2025-06-05 05:12:00+00:00,3391.10009765625,3391.10009765625,3391.10009765625,3391.10009765625,2.0
2025-06-05 05:13:00+00:00,3392.300048828125,3392.699951171875,3391.10009765625,3391.10009765625,0.0
