Datetime,Close,High,Low,Open,Volume
2025-04-10 01:46:00+00:00,116.0625,116.09375,116.0625,116.09375,0.0
2025-04-10 01:47:00+00:00,116.0625,116.0625,116.0625,116.0625,54.0
2025-04-10 01:48:00+00:00,116.0,116.03125,116.0,116.03125,70.0
2025-04-10 01:49:00+00:00,115.96875,116.03125,115.9375,116.0,97.0
2025-04-10 01:50:00+00:00,115.9375,115.96875,115.90625,115.9375,72.0
2025-04-10 01:51:00+00:00,115.9375,115.9375,115.9375,115.9375,49.0
2025-04-10 01:52:00+00:00,115.9375,115.96875,115.90625,115.96875,107.0
2025-04-10 01:53:00+00:00,115.9375,115.9375,115.9375,115.9375,30.0
2025-04-10 01:54:00+00:00,115.9375,115.9375,115.9375,115.9375,38.0
2025-04-10 01:55:00+00:00,115.90625,115.9375,115.90625,115.9375,33.0
2025-04-10 01:56:00+00:00,115.875,115.90625,115.875,115.90625,137.0
2025-04-10 01:58:00+00:00,115.90625,115.90625,115.90625,115.90625,73.0
2025-04-10 01:59:00+00:00,115.90625,115.9375,115.875,115.90625,229.0
2025-04-10 02:00:00+00:00,115.9375,115.96875,115.9375,115.9375,36.0
2025-04-10 02:01:00+00:00,115.90625,115.9375,115.90625,115.90625,40.0
2025-04-10 02:02:00+00:00,115.96875,115.96875,115.9375,115.9375,32.0
2025-04-10 02:03:00+00:00,115.96875,115.96875,115.96875,115.96875,43.0
2025-04-10 02:04:00+00:00,115.96875,115.96875,115.96875,115.96875,38.0
2025-04-10 02:05:00+00:00,115.96875,115.96875,115.9375,115.96875,95.0
2025-04-10 02:06:00+00:00,116.03125,116.0625,116.0,116.0,261.0
2025-04-10 02:07:00+00:00,116.03125,116.03125,116.03125,116.03125,32.0
2025-04-10 02:08:00+00:00,116.03125,116.03125,116.03125,116.03125,49.0
2025-04-10 02:09:00+00:00,116.0,116.03125,116.0,116.03125,158.0
2025-04-10 02:10:00+00:00,116.0,116.0,116.0,116.0,18.0
2025-04-10 02:11:00+00:00,115.96875,116.03125,115.96875,116.0,158.0
2025-04-10 02:12:00+00:00,116.0,116.0,115.96875,115.96875,96.0
2025-04-10 02:13:00+00:00,116.0,116.0,115.96875,115.96875,34.0
2025-04-10 02:14:00+00:00,115.90625,115.96875,115.90625,115.96875,83.0
2025-04-10 02:15:00+00:00,115.90625,115.90625,115.90625,115.90625,56.0
2025-04-10 02:16:00+00:00,115.9375,115.9375,115.90625,115.90625,2.0
2025-04-10 02:17:00+00:00,115.90625,115.90625,115.90625,115.90625,41.0
2025-04-10 02:18:00+00:00,115.96875,115.96875,115.90625,115.90625,99.0
2025-04-10 02:19:00+00:00,115.96875,115.96875,115.96875,115.96875,13.0
2025-04-10 02:20:00+00:00,115.96875,115.96875,115.9375,115.9375,34.0
2025-04-10 02:21:00+00:00,115.96875,115.96875,115.96875,115.96875,12.0
2025-04-10 02:22:00+00:00,115.96875,116.0,115.9375,115.96875,172.0
2025-04-10 02:23:00+00:00,115.9375,115.9375,115.90625,115.9375,165.0
2025-04-10 02:24:00+00:00,115.9375,115.96875,115.9375,115.9375,111.0
2025-04-10 02:25:00+00:00,115.96875,115.96875,115.9375,115.9375,65.0
2025-04-10 02:26:00+00:00,116.0,116.0,115.96875,115.96875,73.0
2025-04-10 02:27:00+00:00,115.96875,116.0,115.96875,116.0,40.0
2025-04-10 02:28:00+00:00,115.96875,115.96875,115.96875,115.96875,18.0
2025-04-10 02:29:00+00:00,115.96875,115.96875,115.96875,115.96875,32.0
2025-04-10 02:30:00+00:00,116.0,116.0,115.96875,115.96875,209.0
2025-04-10 02:31:00+00:00,116.0,116.0,116.0,116.0,73.0
2025-04-10 02:32:00+00:00,116.03125,116.03125,116.03125,116.03125,318.0
2025-04-10 02:33:00+00:00,116.0,116.03125,116.0,116.03125,79.0
2025-04-10 02:34:00+00:00,115.96875,116.03125,115.96875,116.03125,180.0
2025-04-10 02:35:00+00:00,115.90625,115.9375,115.90625,115.9375,100.0
2025-04-10 02:36:00+00:00,115.90625,115.90625,115.875,115.875,102.0
2025-04-10 02:37:00+00:00,115.90625,115.90625,115.90625,115.90625,45.0
2025-04-10 02:38:00+00:00,115.875,115.875,115.875,115.875,7.0
2025-04-10 02:39:00+00:00,115.875,115.90625,115.84375,115.90625,143.0
2025-04-10 02:40:00+00:00,115.90625,115.90625,115.875,115.875,103.0
2025-04-10 02:42:00+00:00,115.90625,115.90625,115.90625,115.90625,15.0
2025-04-10 02:43:00+00:00,115.9375,115.9375,115.90625,115.90625,105.0
2025-04-10 02:44:00+00:00,115.90625,115.9375,115.90625,115.90625,23.0
2025-04-10 02:45:00+00:00,115.90625,115.90625,115.90625,115.90625,29.0
2025-04-10 02:47:00+00:00,115.90625,115.90625,115.90625,115.90625,12.0
2025-04-10 02:48:00+00:00,115.9375,115.9375,115.90625,115.9375,24.0
2025-04-10 02:49:00+00:00,115.9375,115.9375,115.9375,115.9375,37.0
2025-04-10 02:50:00+00:00,115.9375,115.9375,115.9375,115.9375,1.0
2025-04-10 02:51:00+00:00,115.96875,116.0,115.9375,115.96875,63.0
2025-04-10 02:52:00+00:00,115.96875,115.96875,115.96875,115.96875,28.0
2025-04-10 02:53:00+00:00,115.9375,115.96875,115.9375,115.96875,24.0
2025-04-10 02:54:00+00:00,115.9375,115.9375,115.9375,115.9375,5.0
2025-04-10 02:55:00+00:00,116.0,116.0,115.9375,115.9375,139.0
2025-04-10 02:56:00+00:00,116.03125,116.0625,116.0,116.03125,60.0
2025-04-10 02:58:00+00:00,116.0,116.0,115.96875,116.0,20.0
2025-04-10 02:59:00+00:00,116.0,116.0,116.0,116.0,19.0
2025-04-10 03:00:00+00:00,116.03125,116.03125,116.0,116.0,87.0
2025-04-10 03:01:00+00:00,116.03125,116.03125,116.03125,116.03125,8.0
2025-04-10 03:02:00+00:00,116.03125,116.03125,116.0,116.0,34.0
2025-04-10 03:03:00+00:00,116.03125,116.03125,116.03125,116.03125,6.0
2025-04-10 03:05:00+00:00,116.0,116.03125,116.0,116.03125,30.0
2025-04-10 03:06:00+00:00,115.9375,115.96875,115.9375,115.96875,39.0
2025-04-10 03:07:00+00:00,115.90625,115.9375,115.90625,115.9375,194.0
2025-04-10 03:08:00+00:00,115.9375,115.9375,115.9375,115.9375,19.0
2025-04-10 03:09:00+00:00,115.96875,116.0,115.9375,115.9375,173.0
2025-04-10 03:10:00+00:00,116.0,116.0,115.96875,115.96875,19.0
2025-04-10 03:11:00+00:00,116.03125,116.03125,116.0,116.0,39.0
2025-04-10 03:12:00+00:00,116.03125,116.03125,116.03125,116.03125,27.0
2025-04-10 03:13:00+00:00,116.09375,116.09375,116.03125,116.03125,165.0
2025-04-10 03:14:00+00:00,116.0625,116.0625,116.0625,116.0625,23.0
2025-04-10 03:15:00+00:00,116.0625,116.09375,116.0625,116.0625,67.0
2025-04-10 03:16:00+00:00,116.0625,116.09375,116.0625,116.0625,42.0
2025-04-10 03:17:00+00:00,116.09375,116.09375,116.0625,116.09375,75.0
2025-04-10 03:18:00+00:00,116.09375,116.125,116.09375,116.09375,49.0
2025-04-10 03:19:00+00:00,116.09375,116.125,116.09375,116.125,40.0
2025-04-10 03:21:00+00:00,116.09375,116.09375,116.0625,116.0625,109.0
2025-04-10 03:22:00+00:00,116.09375,116.09375,116.0625,116.0625,43.0
2025-04-10 03:23:00+00:00,116.0625,116.0625,116.03125,116.0625,63.0
2025-04-10 03:24:00+00:00,116.0625,116.09375,116.03125,116.03125,30.0
2025-04-10 03:25:00+00:00,116.03125,116.0625,116.03125,116.03125,66.0
2025-04-10 03:27:00+00:00,116.09375,116.125,116.09375,116.09375,90.0
2025-04-10 03:28:00+00:00,116.0625,116.125,116.0625,116.09375,119.0
2025-04-10 03:29:00+00:00,116.09375,116.09375,116.09375,116.09375,1.0
2025-04-10 03:30:00+00:00,116.0625,116.0625,116.0625,116.0625,78.0
2025-04-10 03:31:00+00:00,116.0625,116.09375,116.0625,116.09375,114.0
2025-04-10 03:32:00+00:00,116.09375,116.09375,116.0625,116.0625,39.0
2025-04-10 03:33:00+00:00,116.09375,116.09375,116.09375,116.09375,59.0
2025-04-10 03:35:00+00:00,116.09375,116.125,116.09375,116.09375,304.0
2025-04-10 03:36:00+00:00,116.125,116.15625,116.09375,116.125,156.0
2025-04-10 03:37:00+00:00,116.09375,116.09375,116.09375,116.09375,90.0
2025-04-10 03:38:00+00:00,116.0625,116.09375,116.0625,116.09375,80.0
2025-04-10 03:39:00+00:00,116.03125,116.03125,116.0,116.03125,70.0
2025-04-10 03:40:00+00:00,116.03125,116.03125,116.03125,116.03125,115.0
2025-04-10 03:41:00+00:00,116.03125,116.03125,116.03125,116.03125,28.0
2025-04-10 03:42:00+00:00,116.0625,116.0625,116.0625,116.0625,25.0
2025-04-10 03:43:00+00:00,116.09375,116.09375,116.09375,116.09375,102.0
2025-04-10 03:44:00+00:00,116.09375,116.09375,116.0625,116.09375,19.0
2025-04-10 03:45:00+00:00,116.0625,116.09375,116.0625,116.09375,36.0
2025-04-10 03:46:00+00:00,116.0625,116.0625,116.0625,116.0625,30.0
2025-04-10 03:47:00+00:00,116.09375,116.09375,116.0625,116.0625,9.0
2025-04-10 03:48:00+00:00,116.09375,116.09375,116.09375,116.09375,2.0
2025-04-10 03:49:00+00:00,116.0625,116.0625,116.03125,116.0625,49.0
2025-04-10 03:50:00+00:00,116.09375,116.09375,116.0625,116.0625,148.0
2025-04-10 03:51:00+00:00,116.0625,116.09375,116.0625,116.09375,50.0
2025-04-10 03:53:00+00:00,116.0625,116.0625,116.0625,116.0625,67.0
2025-04-10 03:54:00+00:00,116.0,116.03125,116.0,116.03125,23.0
2025-04-10 03:55:00+00:00,116.03125,116.03125,116.0,116.0,40.0
2025-04-10 03:56:00+00:00,116.0625,116.0625,116.03125,116.03125,70.0
2025-04-10 03:57:00+00:00,116.0625,116.0625,116.0625,116.0625,24.0
2025-04-10 03:58:00+00:00,116.0625,116.0625,116.03125,116.0625,29.0
2025-04-10 04:00:00+00:00,116.0625,116.0625,116.03125,116.03125,24.0
2025-04-10 04:01:00+00:00,116.03125,116.0625,116.03125,116.03125,28.0
2025-04-10 04:02:00+00:00,116.03125,116.03125,116.03125,116.03125,2.0
2025-04-10 04:04:00+00:00,116.0625,116.0625,116.03125,116.03125,25.0
2025-04-10 04:05:00+00:00,116.0625,116.0625,116.0625,116.0625,39.0
2025-04-10 04:07:00+00:00,116.0625,116.0625,116.0625,116.0625,37.0
2025-04-10 04:08:00+00:00,116.03125,116.03125,116.03125,116.03125,33.0
2025-04-10 04:09:00+00:00,116.03125,116.03125,116.03125,116.03125,1.0
2025-04-10 04:10:00+00:00,116.0625,116.0625,116.03125,116.03125,52.0
2025-04-10 04:11:00+00:00,116.0625,116.0625,116.0625,116.0625,62.0
2025-04-10 04:12:00+00:00,116.0625,116.0625,116.0625,116.0625,8.0
2025-04-10 04:14:00+00:00,116.0625,116.0625,116.0625,116.0625,64.0
2025-04-10 04:15:00+00:00,116.0625,116.0625,116.0625,116.0625,19.0
2025-04-10 04:16:00+00:00,116.03125,116.0625,116.03125,116.0625,74.0
2025-04-10 04:17:00+00:00,116.0625,116.0625,116.03125,116.03125,33.0
2025-04-10 04:18:00+00:00,116.03125,116.03125,116.03125,116.03125,217.0
2025-04-10 04:19:00+00:00,116.0625,116.09375,116.03125,116.03125,64.0
2025-04-10 04:20:00+00:00,116.03125,116.0625,116.03125,116.0625,104.0
2025-04-10 04:21:00+00:00,116.0625,116.09375,116.0625,116.0625,50.0
2025-04-10 04:22:00+00:00,116.03125,116.0625,116.03125,116.0625,98.0
2025-04-10 04:23:00+00:00,116.03125,116.0625,116.03125,116.03125,75.0
2025-04-10 04:24:00+00:00,116.0625,116.0625,116.03125,116.03125,59.0
2025-04-10 04:25:00+00:00,116.0625,116.09375,116.0625,116.09375,10.0
2025-04-10 04:26:00+00:00,116.09375,116.09375,116.09375,116.09375,183.0
2025-04-10 04:27:00+00:00,116.15625,116.15625,116.09375,116.09375,58.0
2025-04-10 04:28:00+00:00,116.125,116.125,116.125,116.125,16.0
2025-04-10 04:29:00+00:00,116.125,116.125,116.125,116.125,160.0
2025-04-10 04:30:00+00:00,116.09375,116.125,116.09375,116.125,118.0
2025-04-10 04:31:00+00:00,116.09375,116.09375,116.09375,116.09375,11.0
2025-04-10 04:32:00+00:00,116.125,116.125,116.09375,116.09375,20.0
2025-04-10 04:33:00+00:00,116.09375,116.09375,116.09375,116.09375,32.0
2025-04-10 04:34:00+00:00,116.03125,116.09375,116.03125,116.09375,96.0
2025-04-10 04:35:00+00:00,116.03125,116.0625,116.03125,116.0625,228.0
2025-04-10 04:36:00+00:00,116.03125,116.03125,116.0,116.03125,24.0
2025-04-10 04:37:00+00:00,116.03125,116.0625,116.03125,116.03125,150.0
2025-04-10 04:38:00+00:00,116.03125,116.0625,116.03125,116.0625,144.0
2025-04-10 04:39:00+00:00,116.03125,116.0625,116.03125,116.0625,62.0
2025-04-10 04:40:00+00:00,116.03125,116.0625,116.03125,116.0625,93.0
2025-04-10 04:41:00+00:00,116.0625,116.0625,116.03125,116.03125,46.0
2025-04-10 04:42:00+00:00,116.03125,116.03125,116.03125,116.03125,112.0
2025-04-10 04:43:00+00:00,116.03125,116.03125,116.0,116.03125,23.0
2025-04-10 04:44:00+00:00,116.03125,116.03125,116.03125,116.03125,16.0
2025-04-10 04:45:00+00:00,116.0625,116.0625,116.03125,116.03125,77.0
2025-04-10 04:46:00+00:00,116.03125,116.0625,116.0,116.0625,49.0
2025-04-10 04:47:00+00:00,116.03125,116.03125,116.0,116.0,3.0
2025-04-10 04:49:00+00:00,116.03125,116.03125,116.0,116.0,15.0
2025-04-10 04:51:00+00:00,116.03125,116.03125,116.0,116.03125,5.0
2025-04-10 04:53:00+00:00,115.9375,116.03125,115.9375,116.03125,58.0
2025-04-10 04:54:00+00:00,115.96875,115.96875,115.9375,115.96875,61.0
2025-04-10 04:55:00+00:00,116.0,116.0,115.96875,116.0,40.0
2025-04-10 04:56:00+00:00,115.96875,116.03125,115.96875,116.03125,28.0
2025-04-10 04:57:00+00:00,116.0,116.0,115.96875,115.96875,79.0
2025-04-10 04:58:00+00:00,116.0,116.0,115.96875,115.96875,31.0
2025-04-10 04:59:00+00:00,116.0,116.0,116.0,116.0,175.0
2025-04-10 05:00:00+00:00,116.0,116.0,115.96875,116.0,69.0
2025-04-10 05:01:00+00:00,116.0,116.03125,116.0,116.0,46.0
2025-04-10 05:02:00+00:00,116.0,116.0,116.0,116.0,36.0
2025-04-10 05:03:00+00:00,115.96875,116.0,115.96875,116.0,22.0
2025-04-10 05:04:00+00:00,115.9375,115.96875,115.9375,115.96875,68.0
2025-04-10 05:05:00+00:00,115.90625,115.9375,115.90625,115.90625,242.0
2025-04-10 05:06:00+00:00,115.9375,115.96875,115.90625,115.90625,133.0
2025-04-10 05:07:00+00:00,115.90625,115.9375,115.875,115.90625,39.0
2025-04-10 05:08:00+00:00,115.9375,115.9375,115.90625,115.90625,71.0
2025-04-10 05:09:00+00:00,115.90625,115.9375,115.90625,115.90625,21.0
2025-04-10 05:10:00+00:00,115.9375,115.9375,115.90625,115.90625,25.0
2025-04-10 05:11:00+00:00,115.90625,115.9375,115.90625,115.9375,29.0
2025-04-10 05:12:00+00:00,115.90625,115.90625,115.875,115.90625,71.0
2025-04-10 05:13:00+00:00,115.90625,115.90625,115.90625,115.90625,40.0
2025-04-10 05:14:00+00:00,115.90625,115.9375,115.90625,115.90625,120.0
2025-04-10 05:15:00+00:00,115.875,115.9375,115.875,115.9375,78.0
2025-04-10 05:16:00+00:00,115.90625,115.90625,115.875,115.875,31.0
2025-04-10 05:17:00+00:00,115.9375,115.9375,115.90625,115.90625,39.0
2025-04-10 05:18:00+00:00,115.9375,115.9375,115.90625,115.90625,138.0
2025-04-10 05:19:00+00:00,115.90625,115.90625,115.90625,115.90625,10.0
2025-04-10 05:20:00+00:00,115.90625,115.90625,115.90625,115.90625,4.0
2025-04-10 05:21:00+00:00,115.875,115.875,115.84375,115.875,62.0
2025-04-10 05:22:00+00:00,115.90625,115.90625,115.875,115.875,23.0
2025-04-10 05:23:00+00:00,115.90625,115.9375,115.90625,115.90625,79.0
2025-04-10 05:24:00+00:00,115.90625,115.9375,115.90625,115.90625,25.0
2025-04-10 05:25:00+00:00,115.9375,115.96875,115.90625,115.90625,28.0
2025-04-10 05:26:00+00:00,115.9375,115.9375,115.9375,115.9375,72.0
2025-04-10 05:27:00+00:00,115.9375,115.9375,115.9375,115.9375,23.0
2025-04-10 05:28:00+00:00,115.9375,115.9375,115.9375,115.9375,44.0
2025-04-10 05:29:00+00:00,115.96875,115.96875,115.96875,115.96875,30.0
2025-04-10 05:30:00+00:00,115.9375,115.96875,115.9375,115.96875,105.0
2025-04-10 05:31:00+00:00,115.9375,115.96875,115.9375,115.9375,17.0
2025-04-10 05:32:00+00:00,115.96875,115.96875,115.9375,115.9375,29.0
2025-04-10 05:33:00+00:00,115.96875,115.96875,115.96875,115.96875,41.0
2025-04-10 05:34:00+00:00,115.9375,115.9375,115.9375,115.9375,111.0
2025-04-10 05:35:00+00:00,115.9375,115.9375,115.9375,115.9375,54.0
2025-04-10 05:36:00+00:00,115.9375,115.9375,115.9375,115.9375,20.0
2025-04-10 05:37:00+00:00,115.90625,115.9375,115.90625,115.9375,82.0
2025-04-10 05:38:00+00:00,115.90625,115.90625,115.90625,115.90625,32.0
2025-04-10 05:39:00+00:00,115.875,115.90625,115.875,115.90625,123.0
2025-04-10 05:40:00+00:00,115.875,115.875,115.875,115.875,29.0
2025-04-10 05:41:00+00:00,115.875,115.875,115.875,115.875,76.0
2025-04-10 05:42:00+00:00,115.84375,115.875,115.84375,115.875,284.0
2025-04-10 05:43:00+00:00,115.84375,115.84375,115.84375,115.84375,61.0
2025-04-10 05:44:00+00:00,115.84375,115.875,115.84375,115.875,161.0
2025-04-10 05:45:00+00:00,115.90625,115.90625,115.875,115.875,163.0
2025-04-10 05:46:00+00:00,115.90625,115.90625,115.90625,115.90625,116.0
2025-04-10 05:47:00+00:00,115.9375,115.9375,115.9375,115.9375,89.0
2025-04-10 05:48:00+00:00,115.9375,115.9375,115.9375,115.9375,123.0
2025-04-10 05:49:00+00:00,115.9375,115.96875,115.9375,115.9375,407.0
2025-04-10 05:50:00+00:00,115.9375,115.9375,115.90625,115.9375,49.0
2025-04-10 05:51:00+00:00,115.9375,115.96875,115.9375,115.96875,141.0
2025-04-10 05:52:00+00:00,115.875,115.90625,115.875,115.90625,146.0
2025-04-10 05:53:00+00:00,115.875,115.90625,115.875,115.875,107.0
2025-04-10 05:54:00+00:00,115.90625,115.90625,115.90625,115.90625,30.0
2025-04-10 05:55:00+00:00,115.9375,115.9375,115.90625,115.90625,45.0
2025-04-10 05:56:00+00:00,115.9375,115.9375,115.90625,115.9375,56.0
2025-04-10 05:57:00+00:00,115.96875,116.03125,115.9375,115.9375,367.0
2025-04-10 05:58:00+00:00,115.96875,116.0,115.96875,116.0,366.0
2025-04-10 05:59:00+00:00,116.0,116.0,115.96875,116.0,223.0
2025-04-10 06:00:00+00:00,115.9375,116.0,115.90625,116.0,370.0
2025-04-10 06:01:00+00:00,115.875,115.90625,115.875,115.90625,208.0
2025-04-10 06:02:00+00:00,115.90625,115.90625,115.875,115.875,52.0
2025-04-10 06:03:00+00:00,115.9375,115.9375,115.875,115.90625,110.0
2025-04-10 06:04:00+00:00,115.90625,116.0,115.90625,115.96875,321.0
2025-04-10 06:05:00+00:00,115.875,115.90625,115.875,115.90625,204.0
2025-04-10 06:06:00+00:00,115.90625,115.90625,115.875,115.875,222.0
2025-04-10 06:07:00+00:00,115.875,115.875,115.875,115.875,158.0
2025-04-10 06:08:00+00:00,115.875,115.875,115.84375,115.84375,132.0
2025-04-10 06:09:00+00:00,115.875,115.875,115.8125,115.84375,108.0
2025-04-10 06:10:00+00:00,115.84375,115.84375,115.84375,115.84375,2.0
2025-04-10 06:11:00+00:00,115.8125,115.875,115.8125,115.875,41.0
2025-04-10 06:12:00+00:00,115.84375,115.84375,115.8125,115.8125,163.0
2025-04-10 06:13:00+00:00,115.875,115.875,115.875,115.875,77.0
2025-04-10 06:14:00+00:00,115.84375,115.875,115.84375,115.875,76.0
2025-04-10 06:15:00+00:00,115.8125,115.875,115.8125,115.84375,180.0
2025-04-10 06:16:00+00:00,115.78125,115.84375,115.78125,115.84375,94.0
2025-04-10 06:17:00+00:00,115.78125,115.8125,115.78125,115.78125,86.0
2025-04-10 06:18:00+00:00,115.8125,115.8125,115.8125,115.8125,44.0
2025-04-10 06:19:00+00:00,115.78125,115.8125,115.78125,115.78125,129.0
2025-04-10 06:20:00+00:00,115.75,115.75,115.75,115.75,78.0
2025-04-10 06:21:00+00:00,115.78125,115.78125,115.75,115.75,62.0
2025-04-10 06:22:00+00:00,115.8125,115.8125,115.75,115.75,148.0
2025-04-10 06:23:00+00:00,115.78125,115.8125,115.78125,115.8125,312.0
2025-04-10 06:24:00+00:00,115.6875,115.78125,115.6875,115.78125,296.0
2025-04-10 06:25:00+00:00,115.71875,115.71875,115.6875,115.6875,255.0
2025-04-10 06:26:00+00:00,115.78125,115.78125,115.71875,115.71875,109.0
2025-04-10 06:27:00+00:00,115.84375,115.875,115.8125,115.8125,154.0
2025-04-10 06:28:00+00:00,115.90625,115.90625,115.875,115.875,205.0
2025-04-10 06:29:00+00:00,115.78125,115.90625,115.78125,115.90625,189.0
2025-04-10 06:30:00+00:00,115.75,115.8125,115.75,115.8125,371.0
2025-04-10 06:31:00+00:00,115.6875,115.75,115.6875,115.75,145.0
2025-04-10 06:32:00+00:00,115.625,115.6875,115.59375,115.6875,236.0
2025-04-10 06:33:00+00:00,115.59375,115.625,115.53125,115.625,409.0
2025-04-10 06:34:00+00:00,115.5625,115.5625,115.5625,115.5625,153.0
2025-04-10 06:35:00+00:00,115.53125,115.5625,115.5,115.5625,136.0
2025-04-10 06:36:00+00:00,115.5,115.53125,115.5,115.53125,147.0
2025-04-10 06:37:00+00:00,115.46875,115.5,115.4375,115.5,199.0
2025-04-10 06:38:00+00:00,115.5625,115.5625,115.46875,115.46875,396.0
2025-04-10 06:39:00+00:00,115.5625,115.59375,115.5625,115.5625,81.0
2025-04-10 06:40:00+00:00,115.5625,115.59375,115.5625,115.5625,175.0
2025-04-10 06:41:00+00:00,115.5,115.59375,115.5,115.5625,204.0
2025-04-10 06:42:00+00:00,115.5,115.5,115.5,115.5,232.0
2025-04-10 06:43:00+00:00,115.4375,115.5,115.40625,115.5,166.0
2025-04-10 06:44:00+00:00,115.375,115.46875,115.375,115.4375,350.0
2025-04-10 06:45:00+00:00,115.40625,115.4375,115.34375,115.34375,702.0
2025-04-10 06:46:00+00:00,115.40625,115.4375,115.40625,115.40625,196.0
2025-04-10 06:47:00+00:00,115.375,115.40625,115.34375,115.40625,151.0
2025-04-10 06:48:00+00:00,115.34375,115.375,115.34375,115.375,178.0
2025-04-10 06:49:00+00:00,115.34375,115.34375,115.34375,115.34375,206.0
2025-04-10 06:50:00+00:00,115.375,115.375,115.3125,115.3125,204.0
2025-04-10 06:51:00+00:00,115.34375,115.375,115.34375,115.375,201.0
2025-04-10 06:52:00+00:00,115.4375,115.4375,115.34375,115.34375,443.0
2025-04-10 06:53:00+00:00,115.4375,115.46875,115.4375,115.46875,232.0
2025-04-10 06:54:00+00:00,115.40625,115.4375,115.40625,115.4375,491.0
2025-04-10 06:55:00+00:00,115.375,115.40625,115.34375,115.375,251.0
2025-04-10 06:56:00+00:00,115.46875,115.46875,115.40625,115.40625,230.0
2025-04-10 06:57:00+00:00,115.46875,115.5,115.4375,115.5,216.0
2025-04-10 06:58:00+00:00,115.46875,115.5,115.46875,115.5,705.0
2025-04-10 06:59:00+00:00,115.5,115.5,115.4375,115.4375,207.0
2025-04-10 07:00:00+00:00,115.5625,115.5625,115.5,115.53125,342.0
2025-04-10 07:01:00+00:00,115.59375,115.59375,115.53125,115.5625,795.0
2025-04-10 07:02:00+00:00,115.625,115.625,115.5625,115.59375,578.0
2025-04-10 07:03:00+00:00,115.46875,115.625,115.46875,115.625,469.0
2025-04-10 07:04:00+00:00,115.46875,115.46875,115.40625,115.46875,472.0
2025-04-10 07:05:00+00:00,115.4375,115.5,115.40625,115.5,571.0
2025-04-10 07:06:00+00:00,115.40625,115.4375,115.375,115.4375,115.0
2025-04-10 07:07:00+00:00,115.375,115.4375,115.34375,115.4375,750.0
2025-04-10 07:08:00+00:00,115.4375,115.4375,115.375,115.375,374.0
2025-04-10 07:09:00+00:00,115.40625,115.46875,115.40625,115.4375,397.0
2025-04-10 07:10:00+00:00,115.40625,115.4375,115.40625,115.40625,296.0
2025-04-10 07:11:00+00:00,115.5,115.5,115.40625,115.40625,356.0
2025-04-10 07:12:00+00:00,115.34375,115.46875,115.34375,115.46875,332.0
2025-04-10 07:13:00+00:00,115.4375,115.4375,115.375,115.375,267.0
2025-04-10 07:14:00+00:00,115.46875,115.53125,115.46875,115.46875,675.0
2025-04-10 07:15:00+00:00,115.5,115.5,115.46875,115.5,112.0
2025-04-10 07:16:00+00:00,115.46875,115.5625,115.46875,115.53125,377.0
2025-04-10 07:17:00+00:00,115.5,115.5,115.4375,115.4375,111.0
2025-04-10 07:18:00+00:00,115.46875,115.5,115.46875,115.5,97.0
2025-04-10 07:19:00+00:00,115.5,115.5,115.40625,115.4375,355.0
2025-04-10 07:20:00+00:00,115.46875,115.53125,115.46875,115.5,174.0
2025-04-10 07:21:00+00:00,115.4375,115.46875,115.40625,115.4375,902.0
2025-04-10 07:22:00+00:00,115.4375,115.4375,115.40625,115.4375,128.0
2025-04-10 07:23:00+00:00,115.40625,115.46875,115.40625,115.4375,259.0
2025-04-10 07:24:00+00:00,115.34375,115.40625,115.34375,115.40625,339.0
2025-04-10 07:25:00+00:00,115.28125,115.375,115.28125,115.375,307.0
2025-04-10 07:26:00+00:00,115.34375,115.375,115.28125,115.28125,866.0
2025-04-10 07:27:00+00:00,115.28125,115.40625,115.25,115.34375,924.0
2025-04-10 07:28:00+00:00,115.375,115.375,115.28125,115.3125,676.0
2025-04-10 07:29:00+00:00,115.34375,115.375,115.3125,115.375,595.0
2025-04-10 07:30:00+00:00,115.34375,115.40625,115.34375,115.34375,426.0
2025-04-10 07:31:00+00:00,115.375,115.40625,115.34375,115.375,357.0
2025-04-10 07:32:00+00:00,115.28125,115.34375,115.28125,115.34375,854.0
2025-04-10 07:33:00+00:00,115.3125,115.3125,115.25,115.28125,601.0
2025-04-10 07:34:00+00:00,115.3125,115.34375,115.28125,115.3125,250.0
2025-04-10 07:35:00+00:00,115.28125,115.3125,115.28125,115.3125,392.0
2025-04-10 07:36:00+00:00,115.34375,115.375,115.28125,115.28125,207.0
2025-04-10 07:37:00+00:00,115.34375,115.40625,115.34375,115.375,407.0
2025-04-10 07:38:00+00:00,115.28125,115.34375,115.28125,115.34375,306.0
2025-04-10 07:39:00+00:00,115.3125,115.3125,115.28125,115.3125,140.0
2025-04-10 07:40:00+00:00,115.375,115.375,115.28125,115.3125,414.0
2025-04-10 07:41:00+00:00,115.40625,115.4375,115.375,115.375,345.0
2025-04-10 07:42:00+00:00,115.4375,115.4375,115.375,115.40625,1184.0
2025-04-10 07:43:00+00:00,115.5,115.5,115.4375,115.4375,180.0
2025-04-10 07:44:00+00:00,115.5,115.5625,115.5,115.53125,688.0
2025-04-10 07:45:00+00:00,115.40625,115.46875,115.375,115.46875,518.0
2025-04-10 07:46:00+00:00,115.46875,115.5,115.40625,115.40625,268.0
2025-04-10 07:47:00+00:00,115.5625,115.59375,115.46875,115.46875,985.0
2025-04-10 07:48:00+00:00,115.53125,115.5625,115.5,115.5625,205.0
2025-04-10 07:49:00+00:00,115.5,115.5625,115.46875,115.5625,202.0
2025-04-10 07:50:00+00:00,115.5,115.5,115.4375,115.5,335.0
2025-04-10 07:51:00+00:00,115.5625,115.5625,115.5,115.5,317.0
2025-04-10 07:52:00+00:00,115.53125,115.5625,115.5,115.5625,413.0
2025-04-10 07:53:00+00:00,115.5,115.53125,115.5,115.53125,235.0
2025-04-10 07:54:00+00:00,115.59375,115.625,115.5,115.53125,1264.0
2025-04-10 07:55:00+00:00,115.625,115.65625,115.59375,115.59375,358.0
2025-04-10 07:56:00+00:00,115.625,115.65625,115.625,115.65625,342.0
2025-04-10 07:57:00+00:00,115.65625,115.65625,115.65625,115.65625,418.0
2025-04-10 07:58:00+00:00,115.65625,115.6875,115.625,115.65625,267.0
2025-04-10 07:59:00+00:00,115.65625,115.71875,115.65625,115.6875,642.0
2025-04-10 08:00:00+00:00,115.71875,115.75,115.625,115.65625,655.0
2025-04-10 08:01:00+00:00,115.65625,115.71875,115.65625,115.71875,424.0
2025-04-10 08:02:00+00:00,115.71875,115.71875,115.65625,115.65625,98.0
2025-04-10 08:03:00+00:00,115.71875,115.75,115.6875,115.71875,537.0
2025-04-10 08:04:00+00:00,115.71875,115.75,115.71875,115.71875,212.0
2025-04-10 08:05:00+00:00,115.71875,115.75,115.71875,115.71875,291.0
2025-04-10 08:06:00+00:00,115.71875,115.75,115.71875,115.75,177.0
2025-04-10 08:07:00+00:00,115.75,115.75,115.6875,115.71875,657.0
2025-04-10 08:08:00+00:00,115.75,115.78125,115.75,115.75,150.0
2025-04-10 08:09:00+00:00,115.6875,115.75,115.6875,115.75,122.0
2025-04-10 08:10:00+00:00,115.65625,115.6875,115.65625,115.6875,105.0
2025-04-10 08:11:00+00:00,115.71875,115.71875,115.65625,115.65625,261.0
2025-04-10 08:12:00+00:00,115.6875,115.75,115.65625,115.75,335.0
2025-04-10 08:13:00+00:00,115.65625,115.6875,115.65625,115.6875,64.0
2025-04-10 08:23:00+00:00,115.78125,115.78125,115.75,115.75,2096.0
2025-04-10 08:24:00+00:00,115.8125,115.8125,115.78125,115.78125,523.0
2025-04-10 08:25:00+00:00,115.75,115.8125,115.75,115.8125,464.0
2025-04-10 08:26:00+00:00,115.6875,115.75,115.6875,115.75,291.0
2025-04-10 08:27:00+00:00,115.6875,115.71875,115.6875,115.6875,148.0
2025-04-10 08:28:00+00:00,115.6875,115.6875,115.6875,115.6875,243.0
2025-04-10 08:29:00+00:00,115.6875,115.71875,115.65625,115.6875,196.0
2025-04-10 08:30:00+00:00,115.75,115.78125,115.6875,115.6875,390.0
2025-04-10 08:31:00+00:00,115.75,115.78125,115.75,115.78125,197.0
2025-04-10 08:32:00+00:00,115.75,115.78125,115.75,115.78125,427.0
2025-04-10 08:33:00+00:00,115.71875,115.78125,115.71875,115.75,317.0
2025-04-10 08:34:00+00:00,115.6875,115.71875,115.6875,115.71875,149.0
2025-04-10 08:35:00+00:00,115.6875,115.6875,115.65625,115.65625,82.0
2025-04-10 08:36:00+00:00,115.75,115.75,115.6875,115.6875,454.0
2025-04-10 08:37:00+00:00,115.8125,115.84375,115.75,115.75,980.0
2025-04-10 08:38:00+00:00,115.8125,115.8125,115.78125,115.8125,119.0
2025-04-10 08:39:00+00:00,115.78125,115.8125,115.75,115.8125,375.0
2025-04-10 08:40:00+00:00,115.75,115.78125,115.75,115.78125,105.0
2025-04-10 08:41:00+00:00,115.75,115.75,115.71875,115.75,271.0
2025-04-10 08:42:00+00:00,115.71875,115.78125,115.71875,115.78125,114.0
2025-04-10 08:43:00+00:00,115.65625,115.71875,115.625,115.71875,1105.0
2025-04-10 08:44:00+00:00,115.6875,115.6875,115.65625,115.65625,70.0
2025-04-10 08:45:00+00:00,115.6875,115.6875,115.65625,115.65625,252.0
2025-04-10 08:46:00+00:00,115.65625,115.6875,115.65625,115.6875,490.0
2025-04-10 08:47:00+00:00,115.6875,115.6875,115.625,115.65625,1296.0
2025-04-10 08:48:00+00:00,115.6875,115.75,115.6875,115.6875,396.0
2025-04-10 08:49:00+00:00,115.75,115.75,115.6875,115.6875,93.0
2025-04-10 08:50:00+00:00,115.75,115.75,115.75,115.75,112.0
2025-04-10 08:51:00+00:00,115.71875,115.75,115.71875,115.75,300.0
2025-04-10 08:52:00+00:00,115.71875,115.75,115.71875,115.75,147.0
2025-04-10 08:53:00+00:00,115.71875,115.71875,115.71875,115.71875,115.0
2025-04-10 08:54:00+00:00,115.71875,115.71875,115.6875,115.71875,303.0
2025-04-10 08:55:00+00:00,115.71875,115.71875,115.71875,115.71875,116.0
2025-04-10 08:56:00+00:00,115.6875,115.6875,115.6875,115.6875,194.0
2025-04-10 08:57:00+00:00,115.71875,115.71875,115.6875,115.71875,47.0
2025-04-10 08:58:00+00:00,115.6875,115.6875,115.6875,115.6875,145.0
2025-04-10 08:59:00+00:00,115.71875,115.71875,115.6875,115.6875,106.0
2025-04-10 09:00:00+00:00,115.6875,115.78125,115.6875,115.71875,547.0
2025-04-10 09:01:00+00:00,115.71875,115.71875,115.65625,115.6875,254.0
2025-04-10 09:02:00+00:00,115.78125,115.8125,115.75,115.75,179.0
2025-04-10 09:03:00+00:00,115.75,115.78125,115.71875,115.78125,214.0
2025-04-10 09:04:00+00:00,115.6875,115.75,115.6875,115.71875,251.0
2025-04-10 09:05:00+00:00,115.71875,115.71875,115.6875,115.6875,158.0
2025-04-10 09:06:00+00:00,115.71875,115.75,115.71875,115.71875,76.0
2025-04-10 09:07:00+00:00,115.6875,115.71875,115.6875,115.71875,228.0
2025-04-10 09:08:00+00:00,115.6875,115.6875,115.65625,115.6875,517.0
2025-04-10 09:09:00+00:00,115.71875,115.71875,115.65625,115.6875,329.0
2025-04-10 09:10:00+00:00,115.6875,115.6875,115.6875,115.6875,83.0
2025-04-10 09:11:00+00:00,115.625,115.65625,115.625,115.65625,162.0
2025-04-10 09:12:00+00:00,115.6875,115.6875,115.625,115.625,221.0
2025-04-10 09:13:00+00:00,115.65625,115.6875,115.65625,115.6875,179.0
2025-04-10 09:14:00+00:00,115.71875,115.71875,115.6875,115.6875,193.0
2025-04-10 09:15:00+00:00,115.78125,115.78125,115.71875,115.71875,407.0
2025-04-10 09:16:00+00:00,115.8125,115.8125,115.78125,115.78125,135.0
2025-04-10 09:17:00+00:00,115.8125,115.84375,115.78125,115.78125,143.0
2025-04-10 09:18:00+00:00,115.84375,115.84375,115.8125,115.8125,181.0
2025-04-10 09:19:00+00:00,115.84375,115.84375,115.84375,115.84375,152.0
2025-04-10 09:20:00+00:00,115.84375,115.84375,115.84375,115.84375,161.0
2025-04-10 09:21:00+00:00,115.8125,115.8125,115.8125,115.8125,160.0
2025-04-10 09:22:00+00:00,115.84375,115.84375,115.84375,115.84375,77.0
2025-04-10 09:23:00+00:00,115.84375,115.84375,115.84375,115.84375,115.0
2025-04-10 09:24:00+00:00,115.875,115.875,115.875,115.875,371.0
2025-04-10 09:25:00+00:00,115.84375,115.875,115.84375,115.875,334.0
2025-04-10 09:26:00+00:00,115.84375,115.84375,115.84375,115.84375,84.0
2025-04-10 09:27:00+00:00,115.875,115.875,115.875,115.875,171.0
2025-04-10 09:28:00+00:00,115.90625,115.9375,115.875,115.875,689.0
2025-04-10 09:29:00+00:00,115.90625,115.90625,115.90625,115.90625,189.0
2025-04-10 09:31:00+00:00,115.84375,115.875,115.84375,115.875,238.0
2025-04-10 09:32:00+00:00,115.8125,115.8125,115.8125,115.8125,115.0
2025-04-10 09:33:00+00:00,115.8125,115.8125,115.78125,115.78125,204.0
2025-04-10 09:34:00+00:00,115.84375,115.84375,115.8125,115.8125,244.0
2025-04-10 09:35:00+00:00,115.84375,115.875,115.84375,115.84375,142.0
2025-04-10 09:36:00+00:00,115.8125,115.84375,115.8125,115.84375,127.0
2025-04-10 09:37:00+00:00,115.78125,115.84375,115.75,115.84375,1571.0
2025-04-10 09:38:00+00:00,115.78125,115.8125,115.78125,115.8125,269.0
2025-04-10 09:39:00+00:00,115.8125,115.8125,115.8125,115.8125,146.0
2025-04-10 09:40:00+00:00,115.84375,115.875,115.8125,115.8125,653.0
2025-04-10 09:41:00+00:00,115.90625,115.90625,115.84375,115.84375,234.0
2025-04-10 09:42:00+00:00,115.96875,115.96875,115.9375,115.9375,293.0
2025-04-10 09:43:00+00:00,115.96875,116.0,115.96875,115.96875,251.0
2025-04-10 09:44:00+00:00,116.03125,116.03125,116.0,116.0,457.0
2025-04-10 09:45:00+00:00,116.0,116.03125,116.0,116.03125,133.0
2025-04-10 09:46:00+00:00,115.96875,116.0,115.96875,116.0,365.0
2025-04-10 09:47:00+00:00,115.96875,116.0,115.96875,115.96875,210.0
2025-04-10 09:48:00+00:00,116.0,116.0,116.0,116.0,461.0
2025-04-10 09:49:00+00:00,116.03125,116.03125,116.0,116.0,175.0
2025-04-10 09:50:00+00:00,116.03125,116.03125,116.0,116.0,74.0
2025-04-10 09:51:00+00:00,115.90625,116.0,115.90625,116.0,256.0
2025-04-10 09:52:00+00:00,115.9375,115.9375,115.875,115.9375,399.0
2025-04-10 09:53:00+00:00,115.9375,115.96875,115.9375,115.9375,263.0
2025-04-10 09:54:00+00:00,115.96875,115.96875,115.90625,115.90625,410.0
2025-04-10 09:55:00+00:00,115.9375,115.96875,115.90625,115.96875,421.0
2025-04-10 09:56:00+00:00,115.875,115.90625,115.875,115.90625,271.0
2025-04-10 09:57:00+00:00,115.90625,115.90625,115.84375,115.875,360.0
2025-04-10 09:58:00+00:00,115.90625,115.9375,115.875,115.90625,623.0
2025-04-10 09:59:00+00:00,115.90625,115.9375,115.90625,115.90625,84.0
2025-04-10 10:00:00+00:00,115.90625,115.9375,115.875,115.9375,181.0
2025-04-10 10:01:00+00:00,115.875,115.90625,115.875,115.90625,193.0
2025-04-10 10:02:00+00:00,115.8125,115.875,115.8125,115.875,250.0
2025-04-10 10:03:00+00:00,115.8125,115.8125,115.8125,115.8125,153.0
2025-04-10 10:04:00+00:00,115.78125,115.8125,115.75,115.8125,382.0
2025-04-10 10:05:00+00:00,115.71875,115.78125,115.71875,115.78125,292.0
2025-04-10 10:06:00+00:00,115.75,115.75,115.71875,115.75,369.0
2025-04-10 10:07:00+00:00,115.75,115.78125,115.75,115.75,268.0
2025-04-10 10:08:00+00:00,115.71875,115.75,115.6875,115.75,237.0
2025-04-10 10:09:00+00:00,115.71875,115.71875,115.6875,115.71875,327.0
2025-04-10 10:10:00+00:00,115.68800354003906,115.68800354003906,115.65625,115.6875,183.0
2025-04-10 10:11:00+00:00,115.71875,115.71875,115.65625,115.6875,407.0
2025-04-10 10:12:00+00:00,115.6875,115.6875,115.6875,115.6875,165.0
2025-04-10 10:13:00+00:00,115.65625,115.71875,115.65625,115.71875,344.0
2025-04-10 10:14:00+00:00,115.65625,115.6875,115.65625,115.65625,182.0
2025-04-10 10:15:00+00:00,115.65625,115.65625,115.625,115.65625,411.0
2025-04-10 10:16:00+00:00,115.65625,115.65625,115.625,115.65625,533.0
2025-04-10 10:17:00+00:00,115.65625,115.65625,115.65625,115.65625,141.0
2025-04-10 10:18:00+00:00,115.625,115.65625,115.625,115.65625,52.0
2025-04-10 10:19:00+00:00,115.59375,115.65625,115.59375,115.65625,257.0
2025-04-10 10:20:00+00:00,115.59375,115.59375,115.59375,115.59375,100.0
2025-04-10 10:21:00+00:00,115.6875,115.6875,115.625,115.625,183.0
2025-04-10 10:22:00+00:00,115.6875,115.71875,115.65625,115.6875,151.0
2025-04-10 10:23:00+00:00,115.6875,115.71875,115.6875,115.71875,180.0
2025-04-10 10:24:00+00:00,115.625,115.71875,115.625,115.6875,164.0
2025-04-10 10:25:00+00:00,115.65625,115.65625,115.625,115.625,74.0
2025-04-10 10:26:00+00:00,115.6875,115.6875,115.625,115.625,128.0
2025-04-10 10:27:00+00:00,115.6875,115.6875,115.6875,115.6875,247.0
2025-04-10 10:28:00+00:00,115.6875,115.6875,115.6875,115.6875,365.0
2025-04-10 10:29:00+00:00,115.6875,115.71875,115.6875,115.71875,223.0
2025-04-10 10:30:00+00:00,115.6875,115.71875,115.6875,115.6875,189.0
2025-04-10 10:31:00+00:00,115.6875,115.6875,115.65625,115.6875,106.0
2025-04-10 10:32:00+00:00,115.65625,115.6875,115.65625,115.6875,50.0
2025-04-10 10:33:00+00:00,115.6875,115.6875,115.6875,115.6875,141.0
2025-04-10 10:34:00+00:00,115.65625,115.6875,115.65625,115.6875,128.0
2025-04-10 10:35:00+00:00,115.65625,115.65625,115.65625,115.65625,33.0
2025-04-10 10:36:00+00:00,115.59375,115.625,115.59375,115.625,918.0
2025-04-10 10:37:00+00:00,115.53125,115.5625,115.53125,115.5625,379.0
2025-04-10 10:38:00+00:00,115.46875,115.53125,115.46875,115.53125,222.0
2025-04-10 10:39:00+00:00,115.53125,115.5625,115.46875,115.5,411.0
2025-04-10 10:40:00+00:00,115.5625,115.5625,115.53125,115.53125,481.0
2025-04-10 10:41:00+00:00,115.5625,115.59375,115.53125,115.5625,174.0
2025-04-10 10:42:00+00:00,115.46875,115.5625,115.46875,115.5625,945.0
2025-04-10 10:43:00+00:00,115.46875,115.46875,115.46875,115.46875,158.0
2025-04-10 10:44:00+00:00,115.4375,115.46875,115.4375,115.46875,283.0
2025-04-10 10:45:00+00:00,115.46875,115.46875,115.4375,115.4375,208.0
2025-04-10 10:46:00+00:00,115.5,115.5,115.46875,115.46875,212.0
2025-04-10 10:47:00+00:00,115.46875,115.5,115.46875,115.5,326.0
2025-04-10 10:48:00+00:00,115.46875,115.46875,115.4375,115.4375,349.0
2025-04-10 10:49:00+00:00,115.46875,115.5,115.46875,115.46875,359.0
2025-04-10 10:50:00+00:00,115.4375,115.5,115.4375,115.46875,139.0
2025-04-10 10:51:00+00:00,115.46875,115.46875,115.4375,115.4375,99.0
2025-04-10 10:52:00+00:00,115.5,115.5,115.4375,115.46875,135.0
2025-04-10 10:53:00+00:00,115.53125,115.53125,115.5,115.5,203.0
2025-04-10 10:54:00+00:00,115.5625,115.59375,115.53125,115.5625,327.0
2025-04-10 10:55:00+00:00,115.53125,115.5625,115.5,115.5625,455.0
2025-04-10 10:56:00+00:00,115.53125,115.5625,115.53125,115.5625,153.0
2025-04-10 10:57:00+00:00,115.53125,115.53125,115.53125,115.53125,291.0
2025-04-10 10:58:00+00:00,115.4375,115.5,115.4375,115.5,250.0
2025-04-10 10:59:00+00:00,115.53125,115.53125,115.4375,115.46875,220.0
2025-04-10 11:00:00+00:00,115.4375,115.5,115.40625,115.5,926.0
2025-04-10 11:01:00+00:00,115.40625,115.46875,115.40625,115.4375,217.0
2025-04-10 11:02:00+00:00,115.4375,115.46875,115.4375,115.4375,219.0
2025-04-10 11:03:00+00:00,115.40625,115.4375,115.375,115.4375,484.0
2025-04-10 11:04:00+00:00,115.4375,115.4375,115.40625,115.40625,511.0
2025-04-10 11:05:00+00:00,115.375,115.40625,115.375,115.40625,331.0
2025-04-10 11:06:00+00:00,115.375,115.40625,115.34375,115.375,591.0
2025-04-10 11:07:00+00:00,115.34375,115.375,115.34375,115.375,136.0
2025-04-10 11:08:00+00:00,115.34375,115.34375,115.3125,115.34375,288.0
2025-04-10 11:09:00+00:00,115.40625,115.40625,115.34375,115.34375,135.0
2025-04-10 11:10:00+00:00,115.375,115.4375,115.375,115.40625,283.0
2025-04-10 11:11:00+00:00,115.40625,115.40625,115.375,115.375,287.0
2025-04-10 11:12:00+00:00,115.3125,115.40625,115.3125,115.40625,399.0
2025-04-10 11:13:00+00:00,115.40625,115.40625,115.3125,115.3125,266.0
2025-04-10 11:14:00+00:00,115.3125,115.40625,115.3125,115.40625,418.0
2025-04-10 11:15:00+00:00,115.34375,115.34375,115.3125,115.3125,621.0
2025-04-10 11:16:00+00:00,115.40625,115.4375,115.34375,115.34375,1039.0
2025-04-10 11:17:00+00:00,115.375,115.4375,115.375,115.4375,261.0
2025-04-10 11:18:00+00:00,115.40625,115.46875,115.375,115.375,986.0
2025-04-10 11:19:00+00:00,115.40625,115.4375,115.40625,115.40625,328.0
2025-04-10 11:20:00+00:00,115.375,115.40625,115.375,115.40625,250.0
2025-04-10 11:21:00+00:00,115.40625,115.4375,115.375,115.40625,345.0
2025-04-10 11:22:00+00:00,115.40625,115.40625,115.40625,115.40625,140.0
2025-04-10 11:23:00+00:00,115.375,115.375,115.34375,115.375,394.0
2025-04-10 11:24:00+00:00,115.34375,115.40625,115.34375,115.375,374.0
2025-04-10 11:26:00+00:00,115.3125,115.34375,115.3125,115.34375,502.0
2025-04-10 11:27:00+00:00,115.375,115.375,115.3125,115.3125,178.0
2025-04-10 11:28:00+00:00,115.40625,115.40625,115.40625,115.40625,501.0
2025-04-10 11:29:00+00:00,115.3125,115.40625,115.3125,115.40625,1546.0
2025-04-10 11:30:00+00:00,115.375,115.375,115.3125,115.3125,548.0
2025-04-10 11:31:00+00:00,115.46875,115.46875,115.40625,115.40625,279.0
2025-04-10 11:32:00+00:00,115.4375,115.46875,115.40625,115.4375,898.0
2025-04-10 11:33:00+00:00,115.375,115.46875,115.375,115.4375,947.0
2025-04-10 11:35:00+00:00,115.34375,115.375,115.34375,115.34375,147.0
2025-04-10 11:36:00+00:00,115.34375,115.375,115.28125,115.34375,1126.0
2025-04-10 11:37:00+00:00,115.375,115.375,115.34375,115.34375,300.0
2025-04-10 11:38:00+00:00,115.34375,115.375,115.34375,115.375,346.0
2025-04-10 11:39:00+00:00,115.4375,115.4375,115.375,115.375,349.0
2025-04-10 11:40:00+00:00,115.40625,115.46875,115.40625,115.4375,742.0
2025-04-10 11:41:00+00:00,115.40625,115.40625,115.40625,115.40625,217.0
2025-04-10 11:42:00+00:00,115.40625,115.4375,115.40625,115.40625,392.0
2025-04-10 11:43:00+00:00,115.40625,115.4375,115.375,115.40625,320.0
2025-04-10 11:44:00+00:00,115.40625,115.40625,115.375,115.375,245.0
2025-04-10 11:45:00+00:00,115.40625,115.4375,115.40625,115.40625,224.0
2025-04-10 11:46:00+00:00,115.40625,115.40625,115.375,115.40625,445.0
2025-04-10 11:47:00+00:00,115.40625,115.40625,115.375,115.375,330.0
2025-04-10 11:48:00+00:00,115.40625,115.4375,115.375,115.375,364.0
2025-04-10 11:49:00+00:00,115.40625,115.4375,115.40625,115.4375,385.0
2025-04-10 11:50:00+00:00,115.46875,115.46875,115.4375,115.4375,97.0
2025-04-10 11:51:00+00:00,115.4375,115.46875,115.4375,115.4375,399.0
2025-04-10 11:52:00+00:00,115.40625,115.4375,115.40625,115.4375,252.0
2025-04-10 11:53:00+00:00,115.40625,115.40625,115.375,115.40625,210.0
2025-04-10 11:54:00+00:00,115.4375,115.4375,115.40625,115.40625,168.0
2025-04-10 11:55:00+00:00,115.4375,115.46875,115.4375,115.4375,266.0
2025-04-10 11:56:00+00:00,115.40625,115.4375,115.40625,115.4375,157.0
2025-04-10 11:57:00+00:00,115.4375,115.4375,115.40625,115.40625,256.0
2025-04-10 11:58:00+00:00,115.5,115.53125,115.46875,115.46875,620.0
2025-04-10 11:59:00+00:00,115.5,115.53125,115.46875,115.5,205.0
2025-04-10 12:00:00+00:00,115.4375,115.46875,115.4375,115.46875,582.0
2025-04-10 12:01:00+00:00,115.46875,115.46875,115.40625,115.4375,750.0
2025-04-10 12:02:00+00:00,115.40625,115.5,115.375,115.5,542.0
2025-04-10 12:03:00+00:00,115.40625,115.40625,115.375,115.40625,463.0
2025-04-10 12:04:00+00:00,115.375,115.4375,115.375,115.40625,326.0
2025-04-10 12:05:00+00:00,115.34375,115.375,115.3125,115.34375,1016.0
2025-04-10 12:06:00+00:00,115.25,115.3125,115.21875,115.3125,971.0
2025-04-10 12:07:00+00:00,115.1875,115.28125,115.1875,115.25,1716.0
2025-04-10 12:08:00+00:00,115.125,115.1875,115.125,115.1875,1017.0
2025-04-10 12:09:00+00:00,115.125,115.15625,115.125,115.125,1119.0
2025-04-10 12:10:00+00:00,115.15625,115.15625,115.125,115.125,166.0
2025-04-10 12:11:00+00:00,115.15625,115.15625,115.09375,115.125,472.0
2025-04-10 12:12:00+00:00,115.03125,115.125,115.03125,115.125,1034.0
2025-04-10 12:13:00+00:00,115.0625,115.0625,115.03125,115.0625,379.0
2025-04-10 12:14:00+00:00,115.0625,115.09375,115.03125,115.0625,305.0
2025-04-10 12:15:00+00:00,115.09375,115.15625,115.09375,115.09375,456.0
2025-04-10 12:16:00+00:00,115.09375,115.15625,115.0625,115.125,988.0
2025-04-10 12:17:00+00:00,115.0625,115.09375,115.0,115.0625,1215.0
2025-04-10 12:18:00+00:00,115.0625,115.0625,115.0,115.0625,1066.0
2025-04-10 12:19:00+00:00,115.0625,115.09375,115.03125,115.0625,358.0
2025-04-10 12:20:00+00:00,114.96875,115.0625,114.96875,115.0625,2712.0
2025-04-10 12:21:00+00:00,115.0625,115.09375,114.96875,115.0,756.0
2025-04-10 12:22:00+00:00,115.0625,115.0625,115.03125,115.0625,922.0
2025-04-10 12:23:00+00:00,115.0625,115.09375,115.03125,115.0625,913.0
2025-04-10 12:24:00+00:00,115.0625,115.09375,115.03125,115.0625,665.0
2025-04-10 12:25:00+00:00,115.09375,115.09375,115.03125,115.03125,1008.0
2025-04-10 12:26:00+00:00,115.09375,115.125,115.0625,115.09375,321.0
2025-04-10 12:27:00+00:00,115.09375,115.09375,115.0625,115.0625,622.0
2025-04-10 12:28:00+00:00,115.03125,115.09375,115.0,115.09375,546.0
2025-04-10 12:29:00+00:00,115.03125,115.09375,114.96875,115.0,418.0
2025-04-10 12:30:00+00:00,115.21875,115.8125,114.96875,115.0,5245.0
2025-04-10 12:31:00+00:00,115.21875,115.375,115.21875,115.25,2563.0
2025-04-10 12:32:00+00:00,115.21875,115.28125,115.125,115.21875,2125.0
2025-04-10 12:33:00+00:00,115.25,115.28125,115.1875,115.21875,1489.0
2025-04-10 12:34:00+00:00,115.25,115.34375,115.25,115.25,1350.0
2025-04-10 12:35:00+00:00,115.0625,115.25,115.03125,115.25,2636.0
2025-04-10 12:36:00+00:00,115.0625,115.125,115.0625,115.0625,3284.0
2025-04-10 12:37:00+00:00,115.0,115.09375,115.0,115.09375,1061.0
2025-04-10 12:38:00+00:00,115.0625,115.09375,114.9375,115.0,2025.0
2025-04-10 12:39:00+00:00,114.96875,115.09375,114.9375,115.09375,2429.0
2025-04-10 12:40:00+00:00,115.09375,115.125,115.0,115.0,1679.0
2025-04-10 12:41:00+00:00,115.03125,115.15625,115.0,115.125,1859.0
2025-04-10 12:42:00+00:00,114.9375,115.03125,114.875,115.03125,1233.0
2025-04-10 12:43:00+00:00,114.90625,114.96875,114.875,114.90625,1563.0
2025-04-10 12:44:00+00:00,114.90625,114.9375,114.875,114.875,2010.0
2025-04-10 12:45:00+00:00,114.84375,114.9375,114.84375,114.9375,1637.0
2025-04-10 12:46:00+00:00,114.8125,114.875,114.8125,114.84375,1913.0
2025-04-10 12:47:00+00:00,114.71875,114.84375,114.6875,114.8125,2531.0
2025-04-10 12:48:00+00:00,114.71875,114.75,114.6875,114.71875,2205.0
2025-04-10 12:49:00+00:00,114.71875,114.75,114.625,114.6875,2530.0
2025-04-10 12:50:00+00:00,114.75,114.75,114.6875,114.71875,3320.0
2025-04-10 12:51:00+00:00,114.8125,114.84375,114.75,114.78125,2707.0
2025-04-10 12:52:00+00:00,114.78125,114.84375,114.78125,114.8125,953.0
2025-04-10 12:53:00+00:00,114.78125,114.875,114.78125,114.8125,1087.0
2025-04-10 12:54:00+00:00,114.59375,114.8125,114.5625,114.78125,3453.0
2025-04-10 12:55:00+00:00,114.5,114.59375,114.5,114.59375,4216.0
2025-04-10 12:56:00+00:00,114.59375,114.625,114.53125,114.53125,1769.0
2025-04-10 12:57:00+00:00,114.53125,114.65625,114.5,114.625,818.0
2025-04-10 12:58:00+00:00,114.5625,114.59375,114.53125,114.53125,1209.0
2025-04-10 12:59:00+00:00,114.46875,114.53125,114.46875,114.53125,1920.0
2025-04-10 13:00:00+00:00,114.4375,114.46875,114.40625,114.46875,2453.0
2025-04-10 13:01:00+00:00,114.53125,114.53125,114.40625,114.40625,3330.0
2025-04-10 13:02:00+00:00,114.46875,114.53125,114.4375,114.53125,2185.0
2025-04-10 13:03:00+00:00,114.4375,114.46875,114.375,114.4375,2063.0
2025-04-10 13:04:00+00:00,114.46875,114.5,114.40625,114.46875,1850.0
2025-04-10 13:05:00+00:00,114.4375,114.46875,114.40625,114.4375,2109.0
2025-04-10 13:06:00+00:00,114.5625,114.5625,114.46875,114.46875,2502.0
2025-04-10 13:07:00+00:00,114.53125,114.59375,114.5,114.5625,1061.0
2025-04-10 13:08:00+00:00,114.53125,114.5625,114.5,114.53125,540.0
2025-04-10 13:09:00+00:00,114.53125,114.59375,114.5,114.53125,908.0
2025-04-10 13:10:00+00:00,114.46875,114.53125,114.46875,114.53125,808.0
2025-04-10 13:11:00+00:00,114.46875,114.5,114.4375,114.5,788.0
2025-04-10 13:12:00+00:00,114.5625,114.5625,114.5,114.5,771.0
2025-04-10 13:13:00+00:00,114.5625,114.5625,114.53125,114.5625,1067.0
2025-04-10 13:14:00+00:00,114.53125,114.5625,114.53125,114.53125,629.0
2025-04-10 13:15:00+00:00,114.53125,114.53125,114.5,114.53125,856.0
2025-04-10 13:16:00+00:00,114.53125,114.53125,114.5,114.53125,777.0
2025-04-10 13:17:00+00:00,114.5625,114.5625,114.53125,114.53125,266.0
2025-04-10 13:18:00+00:00,114.59375,114.625,114.5625,114.59375,880.0
2025-04-10 13:19:00+00:00,114.6875,114.6875,114.59375,114.625,1210.0
2025-04-10 13:20:00+00:00,114.71875,114.75,114.625,114.6875,1757.0
2025-04-10 13:21:00+00:00,114.75,114.75,114.65625,114.71875,1046.0
2025-04-10 13:22:00+00:00,114.59375,114.71875,114.59375,114.71875,1546.0
2025-04-10 13:23:00+00:00,114.65625,114.65625,114.625,114.625,898.0
2025-04-10 13:24:00+00:00,114.71875,114.71875,114.625,114.65625,562.0
2025-04-10 13:25:00+00:00,114.78125,114.78125,114.71875,114.71875,768.0
2025-04-10 13:26:00+00:00,114.78125,114.8125,114.71875,114.78125,1071.0
2025-04-10 13:27:00+00:00,114.78125,114.8125,114.75,114.8125,676.0
2025-04-10 13:28:00+00:00,114.8125,114.875,114.78125,114.78125,993.0
2025-04-10 13:29:00+00:00,114.875,114.875,114.78125,114.8125,531.0
2025-04-10 13:30:00+00:00,114.84375,114.875,114.8125,114.875,751.0
2025-04-10 13:31:00+00:00,114.875,114.875,114.8125,114.8125,1675.0
2025-04-10 13:32:00+00:00,114.84375,114.90625,114.84375,114.875,1136.0
2025-04-10 13:33:00+00:00,114.9375,114.96875,114.875,114.875,1616.0
2025-04-10 13:34:00+00:00,115.0,115.0,114.875,114.9375,1704.0
2025-04-10 13:35:00+00:00,115.0625,115.0625,114.96875,115.0,1387.0
2025-04-10 13:36:00+00:00,115.15625,115.15625,115.03125,115.0625,1501.0
2025-04-10 13:37:00+00:00,115.21875,115.25,115.125,115.125,2697.0
2025-04-10 13:38:00+00:00,115.125,115.21875,115.09375,115.21875,2373.0
2025-04-10 13:39:00+00:00,115.1875,115.21875,115.09375,115.125,2436.0
2025-04-10 13:40:00+00:00,115.25,115.25,115.1875,115.1875,1628.0
2025-04-10 13:41:00+00:00,115.25,115.28125,115.25,115.28125,916.0
2025-04-10 13:42:00+00:00,115.28125,115.28125,115.25,115.25,824.0
2025-04-10 13:43:00+00:00,115.28125,115.3125,115.21875,115.28125,1141.0
2025-04-10 13:44:00+00:00,115.28125,115.3125,115.25,115.28125,2120.0
2025-04-10 13:45:00+00:00,115.28125,115.3125,115.25,115.28125,1687.0
2025-04-10 13:46:00+00:00,115.3125,115.3125,115.25,115.3125,1012.0
2025-04-10 13:47:00+00:00,115.25,115.28125,115.25,115.28125,1519.0
2025-04-10 13:48:00+00:00,115.1875,115.21875,115.15625,115.21875,1762.0
2025-04-10 13:49:00+00:00,115.21875,115.25,115.15625,115.15625,924.0
2025-04-10 13:50:00+00:00,115.1875,115.34375,115.1875,115.21875,1500.0
2025-04-10 13:51:00+00:00,115.1875,115.21875,115.15625,115.15625,1545.0
2025-04-10 13:52:00+00:00,115.09375,115.1875,115.03125,115.1875,906.0
2025-04-10 13:53:00+00:00,115.09375,115.125,115.0625,115.09375,1453.0
2025-04-10 13:54:00+00:00,115.09375,115.125,115.09375,115.09375,809.0
2025-04-10 13:55:00+00:00,115.0625,115.09375,115.0625,115.0625,314.0
2025-04-10 13:56:00+00:00,115.0625,115.09375,115.0,115.09375,1504.0
2025-04-10 13:57:00+00:00,115.03125,115.0625,115.03125,115.0625,1821.0
2025-04-10 13:58:00+00:00,115.03125,115.0625,115.03125,115.03125,1472.0
2025-04-10 13:59:00+00:00,115.09375,115.125,115.0625,115.0625,1056.0
2025-04-10 14:00:00+00:00,115.125,115.15625,115.0,115.09375,1632.0
2025-04-10 14:01:00+00:00,115.125,115.125,115.09375,115.09375,1231.0
2025-04-10 14:02:00+00:00,115.0625,115.125,115.0625,115.125,684.0
2025-04-10 14:03:00+00:00,115.03125,115.0625,115.0,115.0625,1731.0
2025-04-10 14:04:00+00:00,115.03125,115.0625,115.03125,115.0625,1294.0
2025-04-10 14:05:00+00:00,115.0,115.03125,115.0,115.03125,1132.0
2025-04-10 14:06:00+00:00,115.09375,115.125,115.0,115.0,2022.0
2025-04-10 14:07:00+00:00,115.125,115.15625,115.09375,115.09375,1537.0
2025-04-10 14:08:00+00:00,115.09375,115.125,115.09375,115.125,957.0
2025-04-10 14:09:00+00:00,115.125,115.125,115.09375,115.09375,734.0
2025-04-10 14:10:00+00:00,115.15625,115.1875,115.15625,115.15625,404.0
2025-04-10 14:11:00+00:00,115.1875,115.1875,115.125,115.15625,1509.0
2025-04-10 14:12:00+00:00,115.21875,115.25,115.15625,115.1875,991.0
2025-04-10 14:13:00+00:00,115.15625,115.25,115.15625,115.25,1263.0
2025-04-10 14:14:00+00:00,115.15625,115.1875,115.125,115.1875,908.0
2025-04-10 14:15:00+00:00,115.125,115.125,115.03125,115.125,1131.0
2025-04-10 14:16:00+00:00,115.15625,115.15625,115.09375,115.09375,957.0
2025-04-10 14:17:00+00:00,115.125,115.15625,115.09375,115.125,993.0
2025-04-10 14:18:00+00:00,115.09375,115.15625,115.0625,115.125,1309.0
2025-04-10 14:19:00+00:00,115.15625,115.1875,115.125,115.125,1301.0
2025-04-10 14:20:00+00:00,115.15625,115.1875,115.125,115.15625,1568.0
2025-04-10 14:21:00+00:00,115.125,115.1875,115.09375,115.15625,1505.0
2025-04-10 14:22:00+00:00,115.125,115.1875,115.125,115.125,647.0
2025-04-10 14:23:00+00:00,115.0625,115.09375,115.03125,115.09375,780.0
2025-04-10 14:24:00+00:00,114.96875,115.0625,114.9375,115.0625,1427.0
2025-04-10 14:25:00+00:00,115.03125,115.03125,114.9375,114.96875,746.0
2025-04-10 14:26:00+00:00,114.96875,115.0,114.96875,115.0,815.0
2025-04-10 14:27:00+00:00,115.0,115.0,114.96875,114.96875,411.0
2025-04-10 14:28:00+00:00,115.0,115.03125,115.0,115.0,633.0
2025-04-10 14:29:00+00:00,115.03125,115.0625,115.0,115.0,934.0
2025-04-10 14:30:00+00:00,114.96875,115.03125,114.96875,115.03125,438.0
2025-04-10 14:31:00+00:00,114.96875,115.03125,114.96875,114.96875,1991.0
2025-04-10 14:32:00+00:00,115.0,115.0,114.96875,114.96875,432.0
2025-04-10 14:33:00+00:00,115.03125,115.03125,115.0,115.0,898.0
2025-04-10 14:34:00+00:00,114.96875,115.03125,114.96875,115.03125,448.0
2025-04-10 14:35:00+00:00,115.03125,115.03125,114.96875,114.96875,349.0
2025-04-10 14:36:00+00:00,114.96875,115.03125,114.9375,115.03125,974.0
2025-04-10 14:37:00+00:00,115.03125,115.03125,114.96875,114.96875,913.0
2025-04-10 14:38:00+00:00,115.0,115.0625,114.96875,115.03125,745.0
2025-04-10 14:39:00+00:00,115.03125,115.03125,115.0,115.0,1109.0
2025-04-10 14:40:00+00:00,115.03125,115.03125,115.03125,115.03125,665.0
2025-04-10 14:41:00+00:00,115.03125,115.03125,115.0,115.03125,764.0
2025-04-10 14:42:00+00:00,114.96875,115.03125,114.9375,115.03125,998.0
2025-04-10 14:43:00+00:00,115.09375,115.09375,114.96875,114.96875,723.0
2025-04-10 14:44:00+00:00,115.0625,115.09375,115.0625,115.0625,375.0
2025-04-10 14:45:00+00:00,115.03125,115.03125,115.03125,115.03125,776.0
2025-04-10 14:46:00+00:00,115.0,115.03125,115.0,115.0,615.0
2025-04-10 14:47:00+00:00,115.0,115.03125,115.0,115.0,315.0
2025-04-10 14:48:00+00:00,115.03125,115.0625,115.0,115.0,916.0
2025-04-10 14:49:00+00:00,115.03125,115.03125,115.03125,115.03125,545.0
2025-04-10 14:50:00+00:00,114.96875,115.03125,114.96875,115.03125,812.0
2025-04-10 14:51:00+00:00,114.875,114.9375,114.875,114.9375,764.0
2025-04-10 14:52:00+00:00,114.8125,114.90625,114.8125,114.90625,1473.0
2025-04-10 14:53:00+00:00,114.78125,114.8125,114.75,114.8125,935.0
2025-04-10 14:54:00+00:00,114.8125,114.8125,114.78125,114.78125,814.0
2025-04-10 14:55:00+00:00,114.8125,114.8125,114.75,114.8125,2161.0
2025-04-10 14:56:00+00:00,114.84375,114.875,114.78125,114.8125,830.0
2025-04-10 14:57:00+00:00,114.75,114.84375,114.71875,114.84375,1014.0
2025-04-10 14:58:00+00:00,114.78125,114.78125,114.75,114.75,896.0
2025-04-10 14:59:00+00:00,114.71875,114.8125,114.71875,114.78125,820.0
2025-04-10 15:00:00+00:00,114.65625,114.75,114.65625,114.75,869.0
2025-04-10 15:01:00+00:00,114.71875,114.75,114.6875,114.6875,648.0
2025-04-10 15:02:00+00:00,114.78125,114.8125,114.75,114.75,955.0
2025-04-10 15:03:00+00:00,114.6875,114.78125,114.6875,114.75,958.0
2025-04-10 15:04:00+00:00,114.65625,114.6875,114.65625,114.6875,885.0
2025-04-10 15:05:00+00:00,114.6875,114.6875,114.65625,114.6875,513.0
2025-04-10 15:06:00+00:00,114.6875,114.71875,114.65625,114.6875,1487.0
2025-04-10 15:07:00+00:00,114.6875,114.71875,114.6875,114.71875,785.0
2025-04-10 15:08:00+00:00,114.6875,114.6875,114.65625,114.65625,922.0
2025-04-10 15:09:00+00:00,114.71875,114.71875,114.71875,114.71875,499.0
2025-04-10 15:10:00+00:00,114.59375,114.71875,114.5625,114.71875,1406.0
2025-04-10 15:11:00+00:00,114.65625,114.6875,114.59375,114.59375,479.0
2025-04-10 15:12:00+00:00,114.59375,114.65625,114.59375,114.625,682.0
2025-04-10 15:13:00+00:00,114.59375,114.625,114.5625,114.59375,476.0
2025-04-10 15:14:00+00:00,114.65625,114.65625,114.59375,114.625,730.0
2025-04-10 15:15:00+00:00,114.59375,114.65625,114.53125,114.65625,2455.0
2025-04-10 15:16:00+00:00,114.625,114.625,114.59375,114.625,1380.0
2025-04-10 15:17:00+00:00,114.65625,114.6875,114.625,114.625,551.0
2025-04-10 15:18:00+00:00,114.625,114.65625,114.625,114.65625,586.0
2025-04-10 15:19:00+00:00,114.65625,114.65625,114.625,114.65625,429.0
2025-04-10 15:20:00+00:00,114.625,114.65625,114.59375,114.625,645.0
2025-04-10 15:21:00+00:00,114.65625,114.65625,114.59375,114.59375,962.0
2025-04-10 15:22:00+00:00,114.65625,114.65625,114.625,114.65625,289.0
2025-04-10 15:23:00+00:00,114.6875,114.71875,114.65625,114.65625,773.0
2025-04-10 15:24:00+00:00,114.625,114.6875,114.625,114.6875,773.0
2025-04-10 15:25:00+00:00,114.59375,114.625,114.5625,114.59375,525.0
2025-04-10 15:26:00+00:00,114.5625,114.625,114.5625,114.625,576.0
2025-04-10 15:27:00+00:00,114.5625,114.5625,114.5625,114.5625,304.0
2025-04-10 15:28:00+00:00,114.5625,114.5625,114.5625,114.5625,678.0
2025-04-10 15:29:00+00:00,114.59375,114.625,114.5625,114.59375,719.0
2025-04-10 15:30:00+00:00,114.625,114.625,114.59375,114.625,1009.0
2025-04-10 15:31:00+00:00,114.625,114.625,114.625,114.625,532.0
2025-04-10 15:32:00+00:00,114.65625,114.65625,114.625,114.65625,805.0
2025-04-10 15:33:00+00:00,114.6875,114.71875,114.65625,114.65625,1177.0
2025-04-10 15:34:00+00:00,114.59375,114.6875,114.59375,114.6875,973.0
2025-04-10 15:35:00+00:00,114.65625,114.65625,114.59375,114.59375,544.0
2025-04-10 15:36:00+00:00,114.625,114.65625,114.625,114.65625,244.0
2025-04-10 15:37:00+00:00,114.625,114.65625,114.625,114.625,565.0
2025-04-10 15:38:00+00:00,114.625,114.625,114.59375,114.625,1350.0
2025-04-10 15:39:00+00:00,114.5,114.625,114.5,114.625,1361.0
2025-04-10 15:40:00+00:00,114.46875,114.5,114.4375,114.5,997.0
2025-04-10 15:41:00+00:00,114.46875,114.46875,114.40625,114.46875,1151.0
2025-04-10 15:42:00+00:00,114.40625,114.5,114.375,114.46875,684.0
2025-04-10 15:43:00+00:00,114.3125,114.4375,114.3125,114.40625,2347.0
2025-04-10 15:44:00+00:00,114.3125,114.40625,114.3125,114.3125,1335.0
2025-04-10 15:45:00+00:00,114.1875,114.34375,114.1875,114.3125,1814.0
2025-04-10 15:46:00+00:00,114.15625,114.21875,114.15625,114.21875,2343.0
2025-04-10 15:47:00+00:00,114.125,114.21875,114.125,114.15625,1646.0
2025-04-10 15:48:00+00:00,114.125,114.125,114.09375,114.125,1570.0
2025-04-10 15:49:00+00:00,114.0,114.125,114.0,114.125,817.0
2025-04-10 15:50:00+00:00,114.09375,114.125,114.0,114.03125,2020.0
2025-04-10 15:51:00+00:00,114.21875,114.21875,114.09375,114.125,1646.0
2025-04-10 15:52:00+00:00,114.21875,114.25,114.1875,114.1875,1442.0
2025-04-10 15:53:00+00:00,114.1875,114.1875,114.15625,114.1875,439.0
2025-04-10 15:54:00+00:00,114.21875,114.21875,114.1875,114.1875,1348.0
2025-04-10 15:55:00+00:00,114.21875,114.25,114.1875,114.21875,1204.0
2025-04-10 15:56:00+00:00,114.15625,114.21875,114.15625,114.21875,2046.0
2025-04-10 15:57:00+00:00,114.1875,114.1875,114.125,114.15625,1415.0
2025-04-10 15:58:00+00:00,114.1875,114.21875,114.1875,114.1875,1065.0
2025-04-10 15:59:00+00:00,114.25,114.28125,114.1875,114.1875,1745.0
2025-04-10 16:00:00+00:00,114.28125,114.28125,114.1875,114.25,2290.0
2025-04-10 16:01:00+00:00,114.34375,114.34375,114.25,114.28125,1068.0
2025-04-10 16:02:00+00:00,114.3125,114.34375,114.28125,114.3125,828.0
2025-04-10 16:03:00+00:00,114.28125,114.34375,114.28125,114.3125,1312.0
2025-04-10 16:04:00+00:00,114.25,114.28125,114.25,114.28125,1130.0
2025-04-10 16:05:00+00:00,114.25,114.28125,114.25,114.28125,1083.0
2025-04-10 16:06:00+00:00,114.15625,114.25,114.15625,114.25,1041.0
2025-04-10 16:07:00+00:00,114.15625,114.15625,114.125,114.15625,1226.0
2025-04-10 16:08:00+00:00,114.25,114.25,114.15625,114.15625,653.0
2025-04-10 16:09:00+00:00,114.25,114.28125,114.21875,114.21875,1115.0
2025-04-10 16:10:00+00:00,114.28125,114.3125,114.25,114.25,504.0
2025-04-10 16:11:00+00:00,114.1875,114.28125,114.1875,114.28125,989.0
2025-04-10 16:12:00+00:00,114.25,114.25,114.1875,114.1875,553.0
2025-04-10 16:13:00+00:00,114.25,114.28125,114.25,114.25,446.0
2025-04-10 16:14:00+00:00,114.28125,114.3125,114.25,114.25,877.0
2025-04-10 16:15:00+00:00,114.34375,114.34375,114.3125,114.3125,866.0
2025-04-10 16:16:00+00:00,114.3125,114.34375,114.3125,114.34375,922.0
2025-04-10 16:17:00+00:00,114.3125,114.34375,114.3125,114.3125,585.0
2025-04-10 16:18:00+00:00,114.3125,114.375,114.3125,114.34375,1398.0
2025-04-10 16:19:00+00:00,114.3125,114.34375,114.3125,114.3125,567.0
2025-04-10 16:20:00+00:00,114.34375,114.34375,114.3125,114.3125,616.0
2025-04-10 16:21:00+00:00,114.375,114.375,114.34375,114.34375,555.0
2025-04-10 16:22:00+00:00,114.34375,114.40625,114.34375,114.40625,449.0
2025-04-10 16:23:00+00:00,114.34375,114.40625,114.28125,114.34375,1202.0
2025-04-10 16:24:00+00:00,114.34375,114.34375,114.3125,114.34375,1187.0
2025-04-10 16:25:00+00:00,114.375,114.375,114.3125,114.375,833.0
2025-04-10 16:26:00+00:00,114.375,114.40625,114.34375,114.375,1476.0
2025-04-10 16:27:00+00:00,114.375,114.40625,114.34375,114.375,1079.0
2025-04-10 16:28:00+00:00,114.3125,114.375,114.3125,114.34375,737.0
2025-04-10 16:29:00+00:00,114.3125,114.3125,114.28125,114.3125,1257.0
2025-04-10 16:30:00+00:00,114.3125,114.34375,114.28125,114.34375,814.0
2025-04-10 16:31:00+00:00,114.3125,114.375,114.3125,114.3125,2032.0
2025-04-10 16:32:00+00:00,114.3125,114.34375,114.28125,114.3125,458.0
2025-04-10 16:33:00+00:00,114.3125,114.3125,114.28125,114.3125,889.0
2025-04-10 16:34:00+00:00,114.4375,114.4375,114.3125,114.3125,712.0
2025-04-10 16:35:00+00:00,114.5,114.53125,114.40625,114.40625,1055.0
2025-04-10 16:36:00+00:00,114.53125,114.53125,114.46875,114.5,705.0
2025-04-10 16:37:00+00:00,114.53125,114.5625,114.46875,114.5,1299.0
2025-04-10 16:38:00+00:00,114.46875,114.53125,114.4375,114.53125,3320.0
2025-04-10 16:39:00+00:00,114.5,114.5,114.4375,114.46875,1738.0
2025-04-10 16:40:00+00:00,114.53125,114.59375,114.53125,114.53125,2326.0
2025-04-10 16:41:00+00:00,114.5,114.5625,114.5,114.53125,1263.0
2025-04-10 16:42:00+00:00,114.4375,114.5,114.4375,114.5,719.0
2025-04-10 16:43:00+00:00,114.40625,114.4375,114.375,114.4375,531.0
2025-04-10 16:44:00+00:00,114.34375,114.40625,114.34375,114.40625,650.0
2025-04-10 16:45:00+00:00,114.40625,114.40625,114.34375,114.34375,800.0
2025-04-10 16:46:00+00:00,114.34375,114.40625,114.34375,114.40625,323.0
2025-04-10 16:47:00+00:00,114.28125,114.375,114.28125,114.375,928.0
2025-04-10 16:48:00+00:00,114.25,114.3125,114.21875,114.3125,923.0
2025-04-10 16:49:00+00:00,114.25,114.25,114.21875,114.25,897.0
2025-04-10 16:50:00+00:00,114.1875,114.25,114.1875,114.25,1573.0
2025-04-10 16:51:00+00:00,114.21875,114.21875,114.1875,114.1875,666.0
2025-04-10 16:52:00+00:00,114.28125,114.3125,114.21875,114.21875,1232.0
2025-04-10 16:53:00+00:00,114.25,114.28125,114.25,114.28125,1060.0
2025-04-10 16:54:00+00:00,114.28125,114.34375,114.21875,114.25,1707.0
2025-04-10 16:55:00+00:00,114.25,114.28125,114.25,114.28125,900.0
2025-04-10 16:56:00+00:00,114.21875,114.25,114.21875,114.25,1582.0
2025-04-10 16:57:00+00:00,114.21875,114.21875,114.1875,114.21875,767.0
2025-04-10 16:58:00+00:00,114.21875,114.25,114.1875,114.21875,958.0
2025-04-10 16:59:00+00:00,114.21875,114.25,114.1875,114.21875,502.0
2025-04-10 17:00:00+00:00,114.3125,114.3125,114.21875,114.21875,568.0
2025-04-10 17:01:00+00:00,114.28125,114.34375,114.21875,114.3125,919.0
2025-04-10 17:02:00+00:00,114.71875,114.96875,114.3125,114.3125,8038.0
2025-04-10 17:03:00+00:00,114.90625,114.90625,114.75,114.75,4415.0
2025-04-10 17:04:00+00:00,114.9375,114.9375,114.8125,114.90625,2745.0
2025-04-10 17:05:00+00:00,114.96875,115.0,114.84375,114.96875,4140.0
2025-04-10 17:06:00+00:00,114.90625,115.0,114.90625,115.0,1926.0
2025-04-10 17:07:00+00:00,114.71875,114.90625,114.71875,114.90625,2600.0
2025-04-10 17:08:00+00:00,114.625,114.78125,114.625,114.71875,1783.0
2025-04-10 17:09:00+00:00,114.625,114.65625,114.59375,114.59375,1886.0
2025-04-10 17:10:00+00:00,114.5625,114.625,114.53125,114.625,1384.0
2025-04-10 17:11:00+00:00,114.5,114.59375,114.5,114.59375,1062.0
2025-04-10 17:12:00+00:00,114.4375,114.5625,114.40625,114.53125,1879.0
2025-04-10 17:13:00+00:00,114.46875,114.53125,114.46875,114.46875,769.0
2025-04-10 17:14:00+00:00,114.53125,114.53125,114.40625,114.46875,1369.0
2025-04-10 17:15:00+00:00,114.4375,114.5,114.4375,114.5,826.0
2025-04-10 17:16:00+00:00,114.34375,114.4375,114.28125,114.4375,2005.0
2025-04-10 17:17:00+00:00,114.34375,114.4375,114.34375,114.375,1007.0
2025-04-10 17:18:00+00:00,114.28125,114.40625,114.25,114.34375,1585.0
2025-04-10 17:19:00+00:00,114.25,114.34375,114.21875,114.3125,1034.0
2025-04-10 17:20:00+00:00,114.21875,114.25,114.15625,114.21875,1477.0
2025-04-10 17:21:00+00:00,114.0625,114.21875,114.03125,114.21875,2232.0
2025-04-10 17:22:00+00:00,114.0625,114.09375,113.96875,114.0625,2200.0
2025-04-10 17:23:00+00:00,114.0625,114.09375,114.0,114.0625,1455.0
2025-04-10 17:24:00+00:00,114.09375,114.125,114.0625,114.09375,1683.0
2025-04-10 17:25:00+00:00,114.0,114.15625,114.0,114.125,2066.0
2025-04-10 17:26:00+00:00,114.125,114.125,114.03125,114.03125,1618.0
2025-04-10 17:27:00+00:00,114.21875,114.25,114.09375,114.125,1885.0
2025-04-10 17:28:00+00:00,114.28125,114.28125,114.21875,114.21875,1482.0
2025-04-10 17:29:00+00:00,114.28125,114.28125,114.21875,114.28125,1417.0
2025-04-10 17:30:00+00:00,114.34375,114.375,114.28125,114.28125,1601.0
2025-04-10 17:31:00+00:00,114.34375,114.375,114.34375,114.375,508.0
2025-04-10 17:32:00+00:00,114.34375,114.375,114.3125,114.34375,899.0
2025-04-10 17:33:00+00:00,114.28125,114.375,114.28125,114.34375,712.0
2025-04-10 17:34:00+00:00,114.34375,114.34375,114.28125,114.3125,845.0
2025-04-10 17:35:00+00:00,114.375,114.375,114.34375,114.34375,942.0
2025-04-10 17:36:00+00:00,114.4375,114.4375,114.375,114.375,542.0
2025-04-10 17:37:00+00:00,114.46875,114.46875,114.40625,114.4375,1121.0
2025-04-10 17:38:00+00:00,114.4375,114.46875,114.40625,114.46875,562.0
2025-04-10 17:39:00+00:00,114.5,114.5,114.4375,114.4375,511.0
2025-04-10 17:40:00+00:00,114.53125,114.5625,114.46875,114.5,1202.0
2025-04-10 17:41:00+00:00,114.5,114.53125,114.46875,114.53125,1140.0
2025-04-10 17:42:00+00:00,114.5,114.53125,114.5,114.5,463.0
2025-04-10 17:43:00+00:00,114.5,114.53125,114.5,114.5,1083.0
2025-04-10 17:44:00+00:00,114.4375,114.5,114.4375,114.5,444.0
2025-04-10 17:45:00+00:00,114.4375,114.4375,114.40625,114.40625,877.0
2025-04-10 17:46:00+00:00,114.5625,114.5625,114.40625,114.4375,1110.0
2025-04-10 17:47:00+00:00,114.53125,114.59375,114.53125,114.5625,1104.0
2025-04-10 17:48:00+00:00,114.59375,114.59375,114.53125,114.53125,1136.0
2025-04-10 17:49:00+00:00,114.625,114.625,114.59375,114.625,1905.0
2025-04-10 17:50:00+00:00,114.59375,114.65625,114.5625,114.625,1399.0
2025-04-10 17:51:00+00:00,114.5625,114.59375,114.46875,114.59375,1547.0
2025-04-10 17:52:00+00:00,114.5,114.5625,114.46875,114.5625,659.0
2025-04-10 17:53:00+00:00,114.46875,114.5,114.46875,114.5,892.0
2025-04-10 17:54:00+00:00,114.4375,114.5,114.4375,114.46875,644.0
2025-04-10 17:55:00+00:00,114.46875,114.46875,114.4375,114.4375,669.0
2025-04-10 17:56:00+00:00,114.46875,114.46875,114.4375,114.4375,571.0
2025-04-10 17:57:00+00:00,114.5,114.5,114.46875,114.46875,958.0
2025-04-10 17:58:00+00:00,114.4375,114.5,114.4375,114.5,683.0
2025-04-10 17:59:00+00:00,114.4375,114.46875,114.375,114.4375,1152.0
2025-04-10 18:00:00+00:00,114.375,114.46875,114.375,114.4375,708.0
2025-04-10 18:01:00+00:00,114.3125,114.34375,114.3125,114.34375,459.0
2025-04-10 18:02:00+00:00,114.28125,114.34375,114.25,114.3125,1260.0
2025-04-10 18:03:00+00:00,114.15625,114.28125,114.15625,114.28125,1657.0
2025-04-10 18:04:00+00:00,114.1875,114.21875,114.15625,114.1875,907.0
2025-04-10 18:05:00+00:00,114.09375,114.21875,114.09375,114.1875,1896.0
2025-04-10 18:06:00+00:00,114.15625,114.15625,114.09375,114.09375,872.0
2025-04-10 18:07:00+00:00,114.09375,114.15625,114.09375,114.15625,1909.0
2025-04-10 18:08:00+00:00,114.125,114.15625,114.0625,114.09375,1676.0
2025-04-10 18:09:00+00:00,114.1875,114.1875,114.125,114.125,415.0
2025-04-10 18:10:00+00:00,114.21875,114.21875,114.15625,114.21875,660.0
2025-04-10 18:11:00+00:00,114.1875,114.25,114.1875,114.21875,502.0
2025-04-10 18:12:00+00:00,114.15625,114.1875,114.15625,114.1875,632.0
2025-04-10 18:13:00+00:00,114.1875,114.21875,114.15625,114.15625,899.0
2025-04-10 18:14:00+00:00,114.25,114.25,114.1875,114.21875,352.0
2025-04-10 18:15:00+00:00,114.1875,114.25,114.1875,114.25,715.0
2025-04-10 18:16:00+00:00,114.15625,114.15625,114.125,114.15625,828.0
2025-04-10 18:17:00+00:00,114.15625,114.15625,114.125,114.15625,476.0
2025-04-10 18:18:00+00:00,114.15625,114.15625,114.15625,114.15625,566.0
2025-04-10 18:19:00+00:00,114.125,114.125,114.0625,114.125,1317.0
2025-04-10 18:20:00+00:00,114.09375,114.125,114.09375,114.09375,545.0
2025-04-10 18:21:00+00:00,114.0625,114.09375,114.03125,114.09375,1051.0
2025-04-10 18:22:00+00:00,114.0,114.0625,114.0,114.03125,485.0
2025-04-10 18:23:00+00:00,114.0,114.03125,114.0,114.03125,790.0
2025-04-10 18:24:00+00:00,114.03125,114.0625,114.03125,114.03125,1053.0
2025-04-10 18:25:00+00:00,114.0,114.03125,114.0,114.03125,924.0
2025-04-10 18:26:00+00:00,114.03125,114.0625,114.0,114.0,569.0
2025-04-10 18:27:00+00:00,113.96875,114.03125,113.9375,114.0,1839.0
2025-04-10 18:28:00+00:00,113.9375,113.96875,113.875,113.96875,1832.0
2025-04-10 18:29:00+00:00,113.9375,113.9375,113.90625,113.90625,1141.0
2025-04-10 18:30:00+00:00,113.9375,113.96875,113.875,113.90625,805.0
2025-04-10 18:31:00+00:00,113.84375,113.9375,113.84375,113.90625,725.0
2025-04-10 18:32:00+00:00,113.96875,113.96875,113.84375,113.84375,1147.0
2025-04-10 18:33:00+00:00,114.0,114.03125,113.96875,114.0,1632.0
2025-04-10 18:34:00+00:00,113.96875,114.0,113.96875,114.0,282.0
2025-04-10 18:35:00+00:00,113.9375,114.0,113.9375,113.96875,982.0
2025-04-10 18:36:00+00:00,113.84375,113.90625,113.8125,113.90625,1837.0
2025-04-10 18:37:00+00:00,113.84375,113.875,113.84375,113.84375,833.0
2025-04-10 18:38:00+00:00,113.84375,113.84375,113.8125,113.8125,1574.0
2025-04-10 18:39:00+00:00,113.84375,113.875,113.84375,113.84375,757.0
2025-04-10 18:40:00+00:00,113.90625,113.9375,113.8125,113.84375,1054.0
2025-04-10 18:41:00+00:00,113.9375,113.96875,113.875,113.90625,820.0
2025-04-10 18:42:00+00:00,113.9375,113.9375,113.875,113.9375,759.0
2025-04-10 18:43:00+00:00,113.96875,113.96875,113.90625,113.9375,1128.0
2025-04-10 18:44:00+00:00,113.9375,113.96875,113.9375,113.96875,298.0
2025-04-10 18:45:00+00:00,113.9375,113.9375,113.90625,113.9375,828.0
2025-04-10 18:46:00+00:00,113.96875,114.0,113.96875,113.96875,759.0
2025-04-10 18:47:00+00:00,113.9375,114.0,113.9375,113.96875,588.0
2025-04-10 18:48:00+00:00,113.90625,113.96875,113.90625,113.9375,1256.0
2025-04-10 18:49:00+00:00,113.96875,114.0,113.9375,113.9375,541.0
2025-04-10 18:50:00+00:00,113.9375,113.96875,113.9375,113.96875,793.0
2025-04-10 18:51:00+00:00,113.96875,113.96875,113.9375,113.9375,361.0
2025-04-10 18:52:00+00:00,114.0,114.0,114.0,114.0,624.0
2025-04-10 18:53:00+00:00,114.03125,114.03125,114.0,114.0,714.0
2025-04-10 18:54:00+00:00,114.0625,114.09375,114.0,114.03125,768.0
2025-04-10 18:55:00+00:00,114.0,114.0625,114.0,114.03125,1107.0
2025-04-10 18:56:00+00:00,113.9375,114.0,113.9375,114.0,1258.0
2025-04-10 18:57:00+00:00,113.9375,113.9375,113.90625,113.90625,1567.0
2025-04-10 18:58:00+00:00,113.875,113.9375,113.875,113.90625,1374.0
2025-04-10 18:59:00+00:00,113.90625,113.90625,113.84375,113.875,5272.0
2025-04-10 19:00:00+00:00,113.8125,113.90625,113.8125,113.875,2112.0
2025-04-10 19:01:00+00:00,113.71875,113.8125,113.71875,113.8125,1389.0
2025-04-10 19:02:00+00:00,113.71875,113.75,113.65625,113.75,2275.0
2025-04-10 19:03:00+00:00,113.71875,113.71875,113.6875,113.6875,740.0
2025-04-10 19:04:00+00:00,113.6875,113.75,113.65625,113.6875,954.0
2025-04-10 19:05:00+00:00,113.75,113.75,113.6875,113.6875,640.0
2025-04-10 19:06:00+00:00,113.75,113.78125,113.71875,113.75,801.0
2025-04-10 19:07:00+00:00,113.78125,113.8125,113.75,113.75,539.0
2025-04-10 19:08:00+00:00,113.8125,113.8125,113.78125,113.78125,996.0
2025-04-10 19:09:00+00:00,113.8125,113.875,113.78125,113.8125,413.0
2025-04-10 19:10:00+00:00,113.75,113.84375,113.75,113.84375,863.0
2025-04-10 19:11:00+00:00,113.71875,113.75,113.71875,113.71875,316.0
2025-04-10 19:12:00+00:00,113.71875,113.78125,113.71875,113.71875,578.0
2025-04-10 19:13:00+00:00,113.71875,113.71875,113.71875,113.71875,827.0
2025-04-10 19:14:00+00:00,113.75,113.78125,113.71875,113.75,717.0
2025-04-10 19:15:00+00:00,113.75,113.75,113.71875,113.75,328.0
2025-04-10 19:16:00+00:00,113.8125,113.8125,113.75,113.75,755.0
2025-04-10 19:17:00+00:00,113.75,113.84375,113.75,113.8125,448.0
2025-04-10 19:18:00+00:00,113.75,113.75,113.71875,113.75,559.0
2025-04-10 19:19:00+00:00,113.71875,113.75,113.6875,113.75,941.0
2025-04-10 19:20:00+00:00,113.8125,113.8125,113.71875,113.71875,652.0
2025-04-10 19:21:00+00:00,113.6875,113.78125,113.6875,113.78125,953.0
2025-04-10 19:22:00+00:00,113.71875,113.75,113.6875,113.6875,830.0
2025-04-10 19:23:00+00:00,113.71875,113.75,113.71875,113.71875,386.0
2025-04-10 19:24:00+00:00,113.6875,113.75,113.65625,113.71875,497.0
2025-04-10 19:25:00+00:00,113.6875,113.71875,113.6875,113.71875,637.0
2025-04-10 19:26:00+00:00,113.6875,113.6875,113.65625,113.6875,549.0
2025-04-10 19:27:00+00:00,113.65625,113.6875,113.65625,113.6875,667.0
2025-04-10 19:28:00+00:00,113.71875,113.71875,113.65625,113.65625,694.0
2025-04-10 19:29:00+00:00,113.75,113.75,113.71875,113.71875,910.0
2025-04-10 19:30:00+00:00,113.71875,113.75,113.6875,113.75,596.0
2025-04-10 19:31:00+00:00,113.59375,113.6875,113.59375,113.6875,1844.0
2025-04-10 19:32:00+00:00,113.625,113.625,113.53125,113.625,1435.0
2025-04-10 19:33:00+00:00,113.625,113.625,113.5625,113.625,1178.0
2025-04-10 19:34:00+00:00,113.75,113.75,113.625,113.625,2296.0
2025-04-10 19:35:00+00:00,113.71875,113.78125,113.71875,113.71875,1727.0
2025-04-10 19:36:00+00:00,113.78125,113.78125,113.6875,113.6875,1747.0
2025-04-10 19:37:00+00:00,113.875,113.90625,113.78125,113.8125,5045.0
2025-04-10 19:38:00+00:00,113.9375,113.9375,113.875,113.875,2331.0
2025-04-10 19:39:00+00:00,113.9375,114.0,113.90625,113.9375,3573.0
2025-04-10 19:40:00+00:00,113.90625,113.9375,113.875,113.9375,2507.0
2025-04-10 19:41:00+00:00,113.96875,114.0,113.90625,113.90625,1628.0
2025-04-10 19:42:00+00:00,113.96875,114.0,113.96875,114.0,1311.0
2025-04-10 19:43:00+00:00,113.96875,114.0,113.9375,113.96875,643.0
2025-04-10 19:44:00+00:00,113.9375,113.96875,113.9375,113.96875,1296.0
2025-04-10 19:45:00+00:00,113.90625,113.96875,113.90625,113.9375,807.0
2025-04-10 19:46:00+00:00,113.84375,113.9375,113.84375,113.9375,1295.0
2025-04-10 19:47:00+00:00,113.78125,113.84375,113.78125,113.8125,1380.0
2025-04-10 19:48:00+00:00,113.8125,113.84375,113.78125,113.8125,748.0
2025-04-10 19:49:00+00:00,113.78125,113.84375,113.78125,113.8125,438.0
2025-04-10 19:50:00+00:00,113.71875,113.8125,113.71875,113.78125,1366.0
2025-04-10 19:51:00+00:00,113.71875,113.75,113.71875,113.71875,1113.0
2025-04-10 19:52:00+00:00,113.71875,113.75,113.6875,113.75,537.0
2025-04-10 19:53:00+00:00,113.71875,113.75,113.6875,113.75,334.0
2025-04-10 19:54:00+00:00,113.71875,113.75,113.6875,113.71875,1006.0
2025-04-10 19:55:00+00:00,113.65625,113.78125,113.65625,113.71875,4415.0
2025-04-10 19:56:00+00:00,113.65625,113.6875,113.65625,113.6875,1005.0
2025-04-10 19:57:00+00:00,113.625,113.6875,113.59375,113.65625,815.0
2025-04-10 19:58:00+00:00,113.59375,113.75,113.59375,113.59375,6401.0
2025-04-10 19:59:00+00:00,113.65625,113.6875,113.59375,113.59375,9131.0
2025-04-10 20:00:00+00:00,113.59375,113.65625,113.5625,113.625,3559.0
2025-04-10 20:01:00+00:00,113.53125,113.59375,113.5,113.5625,4713.0
2025-04-10 20:02:00+00:00,113.59375,113.59375,113.53125,113.5625,1184.0
2025-04-10 20:03:00+00:00,113.625,113.625,113.59375,113.59375,1037.0
2025-04-10 20:04:00+00:00,113.65625,113.65625,113.625,113.65625,873.0
2025-04-10 20:05:00+00:00,113.65625,113.65625,113.59375,113.65625,842.0
2025-04-10 20:06:00+00:00,113.78125,113.78125,113.6875,113.6875,2349.0
2025-04-10 20:07:00+00:00,113.8125,113.84375,113.78125,113.78125,2046.0
2025-04-10 20:08:00+00:00,113.84375,113.875,113.84375,113.84375,1857.0
2025-04-10 20:09:00+00:00,113.78125,113.875,113.75,113.875,4191.0
2025-04-10 20:10:00+00:00,113.71875,113.78125,113.71875,113.78125,951.0
2025-04-10 20:11:00+00:00,113.6875,113.71875,113.6875,113.71875,140.0
2025-04-10 20:12:00+00:00,113.71875,113.71875,113.6875,113.6875,1179.0
2025-04-10 20:13:00+00:00,113.78125,113.78125,113.71875,113.71875,1098.0
2025-04-10 20:14:00+00:00,113.71875,113.78125,113.71875,113.78125,297.0
2025-04-10 20:15:00+00:00,113.71875,113.71875,113.71875,113.71875,188.0
2025-04-10 20:16:00+00:00,113.75,113.8125,113.71875,113.71875,5008.0
2025-04-10 20:17:00+00:00,113.71875,113.75,113.6875,113.75,222.0
2025-04-10 20:18:00+00:00,113.71875,113.71875,113.6875,113.6875,363.0
2025-04-10 20:19:00+00:00,113.71875,113.75,113.71875,113.75,201.0
2025-04-10 20:20:00+00:00,113.71875,113.71875,113.71875,113.71875,390.0
2025-04-10 20:21:00+00:00,113.8125,113.84375,113.71875,113.71875,2700.0
2025-04-10 20:22:00+00:00,113.8125,113.84375,113.8125,113.8125,1484.0
2025-04-10 20:23:00+00:00,113.84375,113.875,113.8125,113.8125,1525.0
2025-04-10 20:24:00+00:00,113.8125,113.875,113.8125,113.84375,1461.0
2025-04-10 20:25:00+00:00,113.875,113.875,113.8125,113.8125,899.0
2025-04-10 20:26:00+00:00,113.84375,113.875,113.84375,113.875,1020.0
2025-04-10 20:27:00+00:00,113.875,113.875,113.8125,113.8125,483.0
2025-04-10 20:28:00+00:00,113.78125,113.875,113.78125,113.875,431.0
2025-04-10 20:29:00+00:00,113.8125,113.8125,113.78125,113.8125,208.0
2025-04-10 20:30:00+00:00,113.78125,113.8125,113.78125,113.8125,214.0
2025-04-10 20:31:00+00:00,113.75,113.78125,113.6875,113.78125,552.0
2025-04-10 20:32:00+00:00,113.71875,113.75,113.71875,113.75,839.0
2025-04-10 20:33:00+00:00,113.71875,113.71875,113.6875,113.71875,1095.0
2025-04-10 20:34:00+00:00,113.71875,113.75,113.71875,113.71875,302.0
2025-04-10 20:35:00+00:00,113.6875,113.75,113.6875,113.71875,553.0
2025-04-10 20:36:00+00:00,113.6875,113.71875,113.6875,113.71875,306.0
2025-04-10 20:37:00+00:00,113.71875,113.71875,113.65625,113.65625,1045.0
2025-04-10 20:38:00+00:00,113.71875,113.75,113.71875,113.71875,474.0
2025-04-10 20:39:00+00:00,113.71875,113.71875,113.6875,113.71875,471.0
2025-04-10 20:40:00+00:00,113.71875,113.71875,113.65625,113.6875,97.0
2025-04-10 20:41:00+00:00,113.71875,113.71875,113.6875,113.6875,848.0
2025-04-10 20:42:00+00:00,113.75,113.75,113.71875,113.71875,611.0
2025-04-10 20:43:00+00:00,113.71875,113.75,113.71875,113.75,217.0
2025-04-10 20:44:00+00:00,113.71875,113.71875,113.71875,113.71875,351.0
2025-04-10 20:45:00+00:00,113.6875,113.71875,113.6875,113.6875,758.0
2025-04-10 20:46:00+00:00,113.6875,113.6875,113.6875,113.6875,654.0
2025-04-10 20:47:00+00:00,113.65625,113.6875,113.65625,113.6875,418.0
2025-04-10 20:48:00+00:00,113.65625,113.6875,113.65625,113.6875,314.0
2025-04-10 20:49:00+00:00,113.65625,113.65625,113.625,113.625,354.0
2025-04-10 20:50:00+00:00,113.625,113.65625,113.59375,113.625,355.0
2025-04-10 20:51:00+00:00,113.65625,113.6875,113.625,113.625,591.0
2025-04-10 20:52:00+00:00,113.6875,113.6875,113.65625,113.65625,1356.0
2025-04-10 20:53:00+00:00,113.75,113.75,113.6875,113.6875,467.0
2025-04-10 20:54:00+00:00,113.75,113.78125,113.71875,113.71875,572.0
2025-04-10 20:55:00+00:00,113.75,113.78125,113.75,113.75,490.0
2025-04-10 20:56:00+00:00,113.75,113.75,113.6875,113.75,633.0
2025-04-10 20:57:00+00:00,113.71875,113.75,113.71875,113.71875,629.0
2025-04-10 20:58:00+00:00,113.6875,113.71875,113.6875,113.71875,218.0
2025-04-10 20:59:00+00:00,113.65625,113.71875,113.65625,113.71875,358.0
2025-04-10 22:00:00+00:00,113.5625,113.6875,113.5625,113.6875,0.0
2025-04-10 22:01:00+00:00,113.5625,113.5625,113.5,113.5625,117.0
2025-04-10 22:02:00+00:00,113.53125,113.53125,113.5,113.53125,48.0
2025-04-10 22:03:00+00:00,113.46875,113.5,113.4375,113.5,63.0
2025-04-10 22:04:00+00:00,113.4375,113.5,113.40625,113.5,73.0
2025-04-10 22:05:00+00:00,113.4375,113.46875,113.40625,113.46875,49.0
2025-04-10 22:06:00+00:00,113.5,113.53125,113.40625,113.4375,246.0
2025-04-10 22:07:00+00:00,113.59375,113.59375,113.53125,113.53125,97.0
2025-04-10 22:08:00+00:00,113.59375,113.625,113.59375,113.59375,217.0
2025-04-10 22:09:00+00:00,113.59375,113.59375,113.59375,113.59375,147.0
2025-04-10 22:10:00+00:00,113.625,113.625,113.59375,113.625,102.0
2025-04-10 22:11:00+00:00,113.59375,113.6875,113.59375,113.65625,133.0
2025-04-10 22:12:00+00:00,113.59375,113.625,113.5625,113.625,65.0
2025-04-10 22:13:00+00:00,113.59375,113.59375,113.59375,113.59375,15.0
2025-04-10 22:14:00+00:00,113.59375,113.59375,113.59375,113.59375,4.0
2025-04-10 22:16:00+00:00,113.5625,113.59375,113.5625,113.59375,23.0
2025-04-10 22:17:00+00:00,113.59375,113.59375,113.5625,113.5625,22.0
2025-04-10 22:18:00+00:00,113.59375,113.59375,113.5625,113.5625,21.0
2025-04-10 22:19:00+00:00,113.53125,113.5625,113.53125,113.5625,51.0
2025-04-10 22:20:00+00:00,113.53125,113.53125,113.5,113.53125,23.0
2025-04-10 22:21:00+00:00,113.5625,113.5625,113.53125,113.53125,35.0
2025-04-10 22:22:00+00:00,113.5625,113.5625,113.53125,113.5625,144.0
2025-04-10 22:23:00+00:00,113.53125,113.5625,113.53125,113.5625,19.0
2025-04-10 22:24:00+00:00,113.53125,113.53125,113.53125,113.53125,2.0
2025-04-10 22:25:00+00:00,113.5625,113.5625,113.5625,113.5625,6.0
2025-04-10 22:26:00+00:00,113.53125,113.53125,113.5,113.53125,62.0
2025-04-10 22:27:00+00:00,113.53125,113.53125,113.53125,113.53125,8.0
2025-04-10 22:28:00+00:00,113.5,113.53125,113.5,113.53125,33.0
2025-04-10 22:29:00+00:00,113.5,113.53125,113.5,113.53125,7.0
2025-04-10 22:30:00+00:00,113.46875,113.5,113.4375,113.5,86.0
2025-04-10 22:31:00+00:00,113.46875,113.5,113.4375,113.46875,77.0
2025-04-10 22:32:00+00:00,113.53125,113.53125,113.5,113.5,60.0
2025-04-10 22:33:00+00:00,113.625,113.65625,113.53125,113.5625,130.0
2025-04-10 22:34:00+00:00,113.65625,113.65625,113.625,113.625,117.0
2025-04-10 22:35:00+00:00,113.65625,113.65625,113.625,113.65625,58.0
2025-04-10 22:36:00+00:00,113.65625,113.6875,113.65625,113.65625,51.0
2025-04-10 22:37:00+00:00,113.65625,113.6875,113.65625,113.65625,20.0
2025-04-10 22:38:00+00:00,113.625,113.65625,113.625,113.65625,44.0
2025-04-10 22:39:00+00:00,113.59375,113.625,113.59375,113.625,28.0
2025-04-10 22:40:00+00:00,113.625,113.625,113.625,113.625,4.0
2025-04-10 22:41:00+00:00,113.65625,113.65625,113.65625,113.65625,40.0
2025-04-10 22:42:00+00:00,113.6875,113.6875,113.65625,113.6875,8.0
2025-04-10 22:43:00+00:00,113.6875,113.6875,113.65625,113.65625,2.0
2025-04-10 22:44:00+00:00,113.6875,113.6875,113.6875,113.6875,1.0
2025-04-10 22:45:00+00:00,113.65625,113.65625,113.59375,113.65625,147.0
2025-04-10 22:46:00+00:00,113.6875,113.71875,113.6875,113.6875,57.0
2025-04-10 22:47:00+00:00,113.75,113.75,113.6875,113.6875,109.0
2025-04-10 22:48:00+00:00,113.71875,113.71875,113.6875,113.71875,34.0
2025-04-10 22:49:00+00:00,113.65625,113.6875,113.625,113.6875,350.0
2025-04-10 22:50:00+00:00,113.59375,113.65625,113.5625,113.65625,244.0
2025-04-10 22:51:00+00:00,113.59375,113.59375,113.59375,113.59375,1.0
2025-04-10 22:52:00+00:00,113.5625,113.625,113.5625,113.59375,93.0
2025-04-10 22:53:00+00:00,113.5625,113.5625,113.5625,113.5625,93.0
2025-04-10 22:54:00+00:00,113.53125,113.59375,113.53125,113.5625,67.0
2025-04-10 22:55:00+00:00,113.53125,113.53125,113.53125,113.53125,47.0
2025-04-10 22:56:00+00:00,113.53125,113.53125,113.53125,113.53125,12.0
2025-04-10 22:57:00+00:00,113.5625,113.5625,113.53125,113.53125,20.0
2025-04-10 22:58:00+00:00,113.5625,113.5625,113.5625,113.5625,3.0
2025-04-10 22:59:00+00:00,113.625,113.625,113.59375,113.59375,74.0
2025-04-10 23:00:00+00:00,113.6875,113.6875,113.625,113.625,64.0
2025-04-10 23:01:00+00:00,113.65625,113.71875,113.65625,113.71875,95.0
2025-04-10 23:02:00+00:00,113.625,113.6875,113.625,113.65625,35.0
2025-04-10 23:03:00+00:00,113.625,113.625,113.625,113.625,32.0
2025-04-10 23:04:00+00:00,113.625,113.625,113.59375,113.59375,16.0
2025-04-10 23:05:00+00:00,113.5625,113.5625,113.53125,113.5625,195.0
2025-04-10 23:06:00+00:00,113.53125,113.5625,113.53125,113.5625,26.0
2025-04-10 23:07:00+00:00,113.46875,113.5,113.46875,113.5,23.0
2025-04-10 23:08:00+00:00,113.5,113.5,113.4375,113.46875,106.0
2025-04-10 23:09:00+00:00,113.46875,113.46875,113.4375,113.46875,132.0
2025-04-10 23:10:00+00:00,113.46875,113.46875,113.4375,113.4375,86.0
2025-04-10 23:11:00+00:00,113.5,113.5,113.5,113.5,59.0
2025-04-10 23:12:00+00:00,113.53125,113.53125,113.53125,113.53125,52.0
2025-04-10 23:13:00+00:00,113.5625,113.5625,113.53125,113.53125,202.0
2025-04-10 23:14:00+00:00,113.59375,113.59375,113.53125,113.5625,251.0
2025-04-10 23:15:00+00:00,113.5625,113.59375,113.5625,113.59375,104.0
2025-04-10 23:16:00+00:00,113.5625,113.5625,113.53125,113.53125,235.0
2025-04-10 23:17:00+00:00,113.53125,113.5625,113.53125,113.5625,72.0
2025-04-10 23:18:00+00:00,113.5,113.53125,113.5,113.53125,11.0
2025-04-10 23:19:00+00:00,113.46875,113.5,113.46875,113.5,392.0
2025-04-10 23:20:00+00:00,113.40625,113.46875,113.40625,113.46875,202.0
2025-04-10 23:21:00+00:00,113.375,113.375,113.34375,113.375,335.0
2025-04-10 23:22:00+00:00,113.21875,113.34375,113.21875,113.34375,390.0
2025-04-10 23:23:00+00:00,113.25,113.25,113.1875,113.25,183.0
2025-04-10 23:24:00+00:00,113.28125,113.28125,113.21875,113.25,345.0
2025-04-10 23:25:00+00:00,113.28125,113.3125,113.28125,113.28125,27.0
2025-04-10 23:26:00+00:00,113.28125,113.3125,113.28125,113.3125,28.0
2025-04-10 23:27:00+00:00,113.28125,113.28125,113.25,113.28125,147.0
2025-04-10 23:28:00+00:00,113.28125,113.28125,113.28125,113.28125,11.0
2025-04-10 23:29:00+00:00,113.28125,113.28125,113.28125,113.28125,58.0
2025-04-10 23:30:00+00:00,113.34375,113.34375,113.28125,113.28125,205.0
2025-04-10 23:31:00+00:00,113.3125,113.34375,113.3125,113.3125,64.0
2025-04-10 23:32:00+00:00,113.28125,113.3125,113.28125,113.3125,123.0
2025-04-10 23:33:00+00:00,113.3125,113.3125,113.3125,113.3125,37.0
2025-04-10 23:34:00+00:00,113.28125,113.28125,113.25,113.28125,179.0
2025-04-10 23:35:00+00:00,113.25,113.28125,113.25,113.28125,152.0
2025-04-10 23:36:00+00:00,113.28125,113.28125,113.28125,113.28125,21.0
2025-04-10 23:37:00+00:00,113.3125,113.3125,113.3125,113.3125,1.0
2025-04-10 23:38:00+00:00,113.28125,113.3125,113.28125,113.3125,144.0
2025-04-10 23:39:00+00:00,113.28125,113.3125,113.28125,113.28125,98.0
2025-04-10 23:40:00+00:00,113.3125,113.3125,113.28125,113.28125,110.0
2025-04-10 23:41:00+00:00,113.34375,113.34375,113.3125,113.3125,75.0
2025-04-10 23:42:00+00:00,113.3125,113.34375,113.3125,113.34375,26.0
2025-04-10 23:43:00+00:00,113.34375,113.34375,113.28125,113.28125,46.0
2025-04-10 23:44:00+00:00,113.3125,113.34375,113.3125,113.3125,54.0
2025-04-10 23:45:00+00:00,113.25,113.34375,113.25,113.34375,188.0
2025-04-10 23:46:00+00:00,113.25,113.28125,113.25,113.28125,52.0
2025-04-10 23:47:00+00:00,113.21875,113.28125,113.21875,113.28125,160.0
2025-04-10 23:48:00+00:00,113.09375,113.1875,113.09375,113.1875,226.0
2025-04-10 23:49:00+00:00,113.09375,113.15625,113.09375,113.125,149.0
2025-04-10 23:50:00+00:00,113.09375,113.125,113.09375,113.125,129.0
2025-04-10 23:51:00+00:00,113.0625,113.125,113.0625,113.125,204.0
2025-04-10 23:52:00+00:00,113.0625,113.09375,113.0625,113.09375,52.0
2025-04-10 23:53:00+00:00,113.09375,113.09375,113.0625,113.0625,312.0
2025-04-10 23:54:00+00:00,113.03125,113.09375,113.03125,113.09375,266.0
2025-04-10 23:55:00+00:00,113.0625,113.0625,113.0,113.03125,487.0
2025-04-10 23:56:00+00:00,113.0625,113.09375,113.0625,113.0625,157.0
2025-04-10 23:57:00+00:00,113.03125,113.0625,113.03125,113.0625,213.0
2025-04-10 23:58:00+00:00,113.0,113.03125,112.96875,113.03125,724.0
2025-04-10 23:59:00+00:00,112.9375,113.03125,112.9375,113.0,425.0
2025-04-11 00:00:00+00:00,112.90625,112.9375,112.90625,112.9375,261.0
2025-04-11 00:01:00+00:00,112.90625,113.0,112.90625,112.9375,324.0
2025-04-11 00:02:00+00:00,112.9375,112.96875,112.9375,112.9375,301.0
2025-04-11 00:03:00+00:00,112.9375,112.96875,112.9375,112.96875,241.0
2025-04-11 00:04:00+00:00,112.96875,112.96875,112.9375,112.96875,57.0
2025-04-11 00:05:00+00:00,112.9375,112.96875,112.9375,112.96875,354.0
2025-04-11 00:06:00+00:00,112.96875,112.96875,112.96875,112.96875,167.0
2025-04-11 00:07:00+00:00,113.0,113.0,112.96875,112.96875,865.0
2025-04-11 00:08:00+00:00,113.03125,113.03125,112.96875,112.96875,684.0
2025-04-11 00:09:00+00:00,113.03125,113.03125,113.0,113.03125,98.0
2025-04-11 00:10:00+00:00,113.0,113.03125,113.0,113.03125,82.0
2025-04-11 00:11:00+00:00,112.96875,113.0,112.9375,113.0,289.0
2025-04-11 00:12:00+00:00,112.90625,112.96875,112.90625,112.9375,142.0
2025-04-11 00:13:00+00:00,112.875,112.90625,112.8125,112.90625,307.0
2025-04-11 00:14:00+00:00,112.875,112.875,112.8125,112.84375,238.0
2025-04-11 00:15:00+00:00,112.96875,112.96875,112.875,112.875,475.0
2025-04-11 00:16:00+00:00,112.875,112.9375,112.875,112.9375,134.0
2025-04-11 00:17:00+00:00,112.84375,112.875,112.8125,112.875,221.0
2025-04-11 00:18:00+00:00,112.9375,112.9375,112.875,112.875,257.0
2025-04-11 00:19:00+00:00,112.90625,112.9375,112.90625,112.90625,216.0
2025-04-11 00:20:00+00:00,112.9375,112.9375,112.90625,112.9375,95.0
2025-04-11 00:21:00+00:00,112.96875,112.96875,112.90625,112.90625,132.0
2025-04-11 00:22:00+00:00,112.9375,112.96875,112.90625,112.96875,67.0
2025-04-11 00:23:00+00:00,112.9375,112.9375,112.90625,112.9375,38.0
2025-04-11 00:24:00+00:00,112.875,112.90625,112.84375,112.90625,190.0
2025-04-11 00:25:00+00:00,112.84375,112.875,112.84375,112.875,38.0
2025-04-11 00:26:00+00:00,112.8125,112.84375,112.8125,112.84375,112.0
2025-04-11 00:27:00+00:00,112.8125,112.8125,112.8125,112.8125,353.0
2025-04-11 00:28:00+00:00,112.78125,112.8125,112.78125,112.8125,199.0
2025-04-11 00:29:00+00:00,112.8125,112.8125,112.78125,112.78125,267.0
2025-04-11 00:30:00+00:00,112.75,112.8125,112.75,112.8125,676.0
2025-04-11 00:31:00+00:00,112.71875,112.78125,112.65625,112.75,816.0
2025-04-11 00:32:00+00:00,112.71875,112.71875,112.6875,112.71875,332.0
2025-04-11 00:33:00+00:00,112.75,112.75,112.6875,112.71875,289.0
2025-04-11 00:34:00+00:00,112.71875,112.71875,112.6875,112.71875,129.0
2025-04-11 00:35:00+00:00,112.71875,112.75,112.6875,112.71875,447.0
2025-04-11 00:36:00+00:00,112.71875,112.71875,112.71875,112.71875,39.0
2025-04-11 00:37:00+00:00,112.65625,112.71875,112.65625,112.71875,365.0
2025-04-11 00:38:00+00:00,112.71875,112.71875,112.65625,112.65625,347.0
2025-04-11 00:39:00+00:00,112.75,112.8125,112.75,112.75,355.0
2025-04-11 00:40:00+00:00,112.78125,112.78125,112.75,112.75,82.0
2025-04-11 00:41:00+00:00,112.78125,112.8125,112.78125,112.78125,192.0
2025-04-11 00:42:00+00:00,112.8125,112.84375,112.78125,112.78125,83.0
2025-04-11 00:43:00+00:00,112.78125,112.8125,112.78125,112.8125,181.0
2025-04-11 00:44:00+00:00,112.75,112.8125,112.75,112.8125,337.0
2025-04-11 00:45:00+00:00,112.75,112.75,112.71875,112.75,96.0
2025-04-11 00:46:00+00:00,112.71875,112.75,112.71875,112.75,296.0
2025-04-11 00:47:00+00:00,112.75,112.75,112.6875,112.71875,236.0
2025-04-11 00:48:00+00:00,112.6875,112.71875,112.625,112.71875,575.0
2025-04-11 00:49:00+00:00,112.625,112.6875,112.59375,112.6875,340.0
2025-04-11 00:50:00+00:00,112.6875,112.6875,112.625,112.625,147.0
2025-04-11 00:51:00+00:00,112.65625,112.6875,112.625,112.6875,415.0
2025-04-11 00:52:00+00:00,112.65625,112.65625,112.625,112.65625,52.0
2025-04-11 00:53:00+00:00,112.65625,112.65625,112.59375,112.625,230.0
2025-04-11 00:54:00+00:00,112.625,112.65625,112.625,112.625,106.0
2025-04-11 00:55:00+00:00,112.65625,112.6875,112.625,112.65625,129.0
2025-04-11 00:56:00+00:00,112.6875,112.6875,112.65625,112.65625,91.0
2025-04-11 00:57:00+00:00,112.65625,112.65625,112.625,112.65625,110.0
2025-04-11 00:58:00+00:00,112.6875,112.6875,112.65625,112.65625,152.0
2025-04-11 00:59:00+00:00,112.75,112.75,112.6875,112.6875,178.0
2025-04-11 01:00:00+00:00,112.75,112.78125,112.71875,112.75,317.0
2025-04-11 01:01:00+00:00,112.75,112.78125,112.75,112.75,154.0
2025-04-11 01:02:00+00:00,112.75,112.75,112.75,112.75,103.0
2025-04-11 01:03:00+00:00,112.71875,112.75,112.6875,112.71875,159.0
2025-04-11 01:04:00+00:00,112.75,112.75,112.6875,112.6875,29.0
2025-04-11 01:05:00+00:00,112.75,112.75,112.71875,112.75,120.0
2025-04-11 01:06:00+00:00,112.78125,112.8125,112.75,112.75,161.0
2025-04-11 01:07:00+00:00,112.78125,112.78125,112.75,112.75,110.0
2025-04-11 01:08:00+00:00,112.78125,112.84375,112.78125,112.78125,230.0
2025-04-11 01:09:00+00:00,112.78125,112.8125,112.75,112.78125,220.0
2025-04-11 01:10:00+00:00,112.90625,112.90625,112.78125,112.8125,731.0
2025-04-11 01:11:00+00:00,112.875,112.9375,112.875,112.875,304.0
2025-04-11 01:12:00+00:00,112.96875,112.96875,112.875,112.875,341.0
2025-04-11 01:13:00+00:00,113.0625,113.0625,112.9375,112.96875,542.0
2025-04-11 01:14:00+00:00,113.03125,113.0625,113.0,113.0625,202.0
2025-04-11 01:15:00+00:00,113.0,113.0625,113.0,113.03125,180.0
2025-04-11 01:16:00+00:00,113.03125,113.03125,112.96875,112.96875,162.0
2025-04-11 01:17:00+00:00,113.03125,113.03125,113.0,113.03125,137.0
2025-04-11 01:18:00+00:00,113.15625,113.15625,113.03125,113.03125,289.0
2025-04-11 01:19:00+00:00,113.125,113.125,113.0625,113.125,542.0
2025-04-11 01:20:00+00:00,113.09375,113.15625,113.09375,113.125,290.0
2025-04-11 01:21:00+00:00,113.09375,113.125,113.09375,113.125,215.0
2025-04-11 01:22:00+00:00,113.125,113.15625,113.09375,113.09375,148.0
2025-04-11 01:23:00+00:00,113.0625,113.125,113.0625,113.125,92.0
2025-04-11 01:24:00+00:00,113.09375,113.125,113.0625,113.0625,117.0
2025-04-11 01:25:00+00:00,113.125,113.125,113.0625,113.09375,153.0
2025-04-11 01:26:00+00:00,113.1875,113.1875,113.15625,113.15625,83.0
2025-04-11 01:27:00+00:00,113.15625,113.21875,113.15625,113.1875,102.0
2025-04-11 01:28:00+00:00,113.15625,113.15625,113.15625,113.15625,133.0
2025-04-11 01:29:00+00:00,113.125,113.15625,113.125,113.15625,12.0
2025-04-11 01:30:00+00:00,113.15625,113.15625,113.15625,113.15625,89.0
2025-04-11 01:31:00+00:00,113.09375,113.15625,113.09375,113.15625,161.0
2025-04-11 01:32:00+00:00,113.09375,113.09375,113.09375,113.09375,55.0
2025-04-11 01:33:00+00:00,113.09375,113.09375,113.0625,113.09375,30.0
2025-04-11 01:34:00+00:00,113.03125,113.0625,113.03125,113.0625,148.0
2025-04-11 01:35:00+00:00,113.03125,113.0625,113.03125,113.0625,90.0
2025-04-11 01:36:00+00:00,113.0625,113.0625,113.0,113.03125,348.0
2025-04-11 01:37:00+00:00,113.0625,113.0625,113.03125,113.0625,104.0
2025-04-11 01:38:00+00:00,113.09375,113.09375,113.0625,113.0625,60.0
2025-04-11 01:39:00+00:00,113.0625,113.09375,113.0625,113.09375,68.0
2025-04-11 01:40:00+00:00,113.03125,113.0625,113.03125,113.0625,180.0
2025-04-11 01:41:00+00:00,113.03125,113.03125,113.03125,113.03125,22.0
2025-04-11 01:42:00+00:00,113.03125,113.03125,113.03125,113.03125,130.0
2025-04-11 01:43:00+00:00,113.0625,113.0625,113.03125,113.03125,16.0
2025-04-11 01:44:00+00:00,113.03125,113.0625,113.03125,113.0625,62.0
2025-04-11 01:45:00+00:00,113.0625,113.0625,113.0625,113.0625,39.0
2025-04-11 01:46:00+00:00,113.125,113.15625,113.0625,113.0625,101.0
2025-04-11 01:47:00+00:00,113.125,113.125,113.125,113.125,88.0
2025-04-11 01:48:00+00:00,113.15625,113.15625,113.125,113.125,150.0
2025-04-11 01:49:00+00:00,113.15625,113.15625,113.125,113.15625,64.0
2025-04-11 01:50:00+00:00,113.125,113.125,113.125,113.125,104.0
2025-04-11 01:51:00+00:00,113.15625,113.15625,113.09375,113.125,221.0
2025-04-11 01:52:00+00:00,113.1875,113.1875,113.15625,113.15625,94.0
2025-04-11 01:53:00+00:00,113.15625,113.1875,113.15625,113.1875,20.0
2025-04-11 01:54:00+00:00,113.125,113.15625,113.125,113.125,374.0
2025-04-11 01:55:00+00:00,113.1875,113.1875,113.125,113.125,275.0
2025-04-11 01:56:00+00:00,113.1875,113.1875,113.1875,113.1875,46.0
2025-04-11 01:57:00+00:00,113.1875,113.21875,113.1875,113.1875,87.0
2025-04-11 01:58:00+00:00,113.1875,113.21875,113.15625,113.1875,148.0
2025-04-11 01:59:00+00:00,113.1875,113.21875,113.1875,113.21875,72.0
2025-04-11 02:00:00+00:00,113.125,113.1875,113.125,113.1875,267.0
2025-04-11 02:01:00+00:00,113.15625,113.15625,113.03125,113.09375,195.0
2025-04-11 02:02:00+00:00,113.09375,113.125,113.09375,113.125,109.0
2025-04-11 02:03:00+00:00,113.09375,113.09375,113.03125,113.09375,88.0
2025-04-11 02:04:00+00:00,113.125,113.125,113.09375,113.09375,72.0
2025-04-11 02:05:00+00:00,113.09375,113.125,113.09375,113.125,48.0
2025-04-11 02:06:00+00:00,113.09375,113.09375,113.09375,113.09375,50.0
2025-04-11 02:07:00+00:00,113.125,113.125,113.125,113.125,72.0
2025-04-11 02:08:00+00:00,113.09375,113.15625,113.09375,113.125,72.0
2025-04-11 02:09:00+00:00,113.09375,113.09375,113.09375,113.09375,46.0
2025-04-11 02:10:00+00:00,113.125,113.125,113.0625,113.09375,33.0
2025-04-11 02:11:00+00:00,113.15625,113.15625,113.15625,113.15625,2.0
2025-04-11 02:12:00+00:00,113.125,113.15625,113.125,113.15625,58.0
2025-04-11 02:13:00+00:00,113.15625,113.1875,113.15625,113.15625,54.0
2025-04-11 02:14:00+00:00,113.125,113.15625,113.125,113.15625,64.0
2025-04-11 02:15:00+00:00,113.125,113.125,113.125,113.125,16.0
2025-04-11 02:16:00+00:00,113.15625,113.15625,113.125,113.15625,139.0
2025-04-11 02:17:00+00:00,113.15625,113.15625,113.15625,113.15625,1.0
2025-04-11 02:18:00+00:00,113.1875,113.1875,113.15625,113.15625,43.0
2025-04-11 02:19:00+00:00,113.09375,113.15625,113.09375,113.15625,174.0
2025-04-11 02:20:00+00:00,113.0625,113.09375,113.0625,113.09375,155.0
2025-04-11 02:21:00+00:00,113.09375,113.09375,113.0625,113.0625,124.0
2025-04-11 02:22:00+00:00,113.09375,113.125,113.0625,113.0625,161.0
2025-04-11 02:23:00+00:00,113.0,113.0625,113.0,113.0625,94.0
2025-04-11 02:24:00+00:00,113.03125,113.03125,113.0,113.0,231.0
2025-04-11 02:25:00+00:00,112.96875,113.03125,112.96875,113.03125,171.0
2025-04-11 02:26:00+00:00,113.0625,113.09375,112.96875,112.96875,232.0
2025-04-11 02:27:00+00:00,113.09375,113.09375,113.0625,113.0625,118.0
2025-04-11 02:28:00+00:00,113.09375,113.09375,113.0625,113.0625,193.0
2025-04-11 02:29:00+00:00,113.09375,113.09375,113.0625,113.0625,149.0
2025-04-11 02:30:00+00:00,113.125,113.125,113.09375,113.09375,73.0
2025-04-11 02:31:00+00:00,113.0625,113.09375,113.0625,113.09375,142.0
2025-04-11 02:32:00+00:00,113.15625,113.15625,113.09375,113.09375,88.0
2025-04-11 02:33:00+00:00,113.125,113.125,113.125,113.125,2.0
2025-04-11 02:34:00+00:00,113.09375,113.09375,113.09375,113.09375,122.0
2025-04-11 02:35:00+00:00,113.125,113.125,113.125,113.125,6.0
2025-04-11 02:36:00+00:00,113.09375,113.125,113.0625,113.125,101.0
2025-04-11 02:37:00+00:00,113.09375,113.125,113.09375,113.09375,36.0
2025-04-11 02:38:00+00:00,113.09375,113.09375,113.09375,113.09375,3.0
2025-04-11 02:39:00+00:00,113.0625,113.0625,113.0625,113.0625,58.0
2025-04-11 02:40:00+00:00,113.0625,113.09375,113.0625,113.0625,41.0
2025-04-11 02:41:00+00:00,113.09375,113.09375,113.0625,113.0625,31.0
2025-04-11 02:42:00+00:00,113.125,113.125,113.09375,113.09375,28.0
2025-04-11 02:43:00+00:00,113.09375,113.09375,113.09375,113.09375,7.0
2025-04-11 02:44:00+00:00,113.125,113.125,113.09375,113.125,11.0
2025-04-11 02:45:00+00:00,113.09375,113.09375,113.09375,113.09375,22.0
2025-04-11 02:46:00+00:00,113.03125,113.0625,113.03125,113.0625,170.0
2025-04-11 02:47:00+00:00,113.03125,113.0625,113.03125,113.0625,22.0
2025-04-11 02:48:00+00:00,113.03125,113.09375,113.0,113.0625,536.0
2025-04-11 02:49:00+00:00,113.0625,113.0625,113.0,113.0,47.0
2025-04-11 02:50:00+00:00,113.03125,113.0625,113.03125,113.03125,88.0
2025-04-11 02:51:00+00:00,113.03125,113.0625,113.03125,113.0625,13.0
2025-04-11 02:52:00+00:00,113.03125,113.0625,113.03125,113.0625,48.0
2025-04-11 02:53:00+00:00,113.0625,113.0625,113.03125,113.03125,17.0
2025-04-11 02:54:00+00:00,113.0625,113.0625,113.0625,113.0625,11.0
2025-04-11 02:55:00+00:00,113.03125,113.03125,113.03125,113.03125,4.0
2025-04-11 02:56:00+00:00,113.03125,113.0625,113.03125,113.0625,64.0
2025-04-11 02:57:00+00:00,113.0,113.03125,113.0,113.03125,55.0
2025-04-11 02:58:00+00:00,113.0625,113.0625,113.03125,113.03125,77.0
2025-04-11 02:59:00+00:00,113.03125,113.0625,113.03125,113.0625,21.0
2025-04-11 03:00:00+00:00,113.03125,113.0625,113.03125,113.03125,71.0
2025-04-11 03:01:00+00:00,113.0625,113.0625,113.03125,113.03125,26.0
2025-04-11 03:02:00+00:00,113.0625,113.0625,113.0625,113.0625,51.0
2025-04-11 03:03:00+00:00,113.03125,113.0625,113.03125,113.0625,20.0
2025-04-11 03:04:00+00:00,113.0625,113.0625,113.03125,113.0625,28.0
2025-04-11 03:05:00+00:00,113.0625,113.0625,113.03125,113.03125,38.0
2025-04-11 03:06:00+00:00,113.0625,113.0625,113.0625,113.0625,29.0
2025-04-11 03:07:00+00:00,113.0625,113.09375,113.0625,113.0625,86.0
2025-04-11 03:08:00+00:00,113.0625,113.0625,113.0625,113.0625,1.0
2025-04-11 03:09:00+00:00,113.03125,113.0625,113.03125,113.03125,89.0
2025-04-11 03:10:00+00:00,113.03125,113.0625,113.0,113.03125,45.0
2025-04-11 03:11:00+00:00,113.03125,113.03125,113.03125,113.03125,28.0
2025-04-11 03:12:00+00:00,113.03125,113.03125,113.0,113.0,23.0
2025-04-11 03:13:00+00:00,113.03125,113.03125,113.0,113.03125,55.0
2025-04-11 03:14:00+00:00,112.96875,113.03125,112.9375,113.03125,221.0
2025-04-11 03:15:00+00:00,112.9375,112.96875,112.90625,112.9375,341.0
2025-04-11 03:16:00+00:00,112.96875,112.96875,112.9375,112.9375,64.0
2025-04-11 03:17:00+00:00,112.96875,112.96875,112.96875,112.96875,14.0
2025-04-11 03:18:00+00:00,112.96875,112.96875,112.9375,112.9375,21.0
2025-04-11 03:19:00+00:00,112.96875,113.0,112.96875,113.0,75.0
2025-04-11 03:20:00+00:00,113.0,113.03125,113.0,113.03125,25.0
2025-04-11 03:21:00+00:00,113.03125,113.03125,113.0,113.0,17.0
2025-04-11 03:22:00+00:00,113.0625,113.0625,113.0,113.0,23.0
2025-04-11 03:24:00+00:00,113.0625,113.0625,113.0625,113.0625,15.0
2025-04-11 03:25:00+00:00,113.03125,113.03125,113.03125,113.03125,42.0
2025-04-11 03:26:00+00:00,113.03125,113.03125,113.03125,113.03125,39.0
2025-04-11 03:27:00+00:00,113.03125,113.03125,113.03125,113.03125,5.0
2025-04-11 03:28:00+00:00,113.03125,113.03125,113.03125,113.03125,70.0
2025-04-11 03:29:00+00:00,113.0625,113.0625,113.0625,113.0625,6.0
2025-04-11 03:31:00+00:00,113.0625,113.0625,113.03125,113.03125,119.0
2025-04-11 03:32:00+00:00,113.15625,113.15625,113.09375,113.09375,173.0
2025-04-11 03:33:00+00:00,113.1875,113.1875,113.15625,113.15625,135.0
2025-04-11 03:34:00+00:00,113.1875,113.1875,113.1875,113.1875,58.0
2025-04-11 03:35:00+00:00,113.15625,113.1875,113.15625,113.1875,37.0
2025-04-11 03:36:00+00:00,113.21875,113.21875,113.1875,113.1875,58.0
2025-04-11 03:37:00+00:00,113.1875,113.1875,113.1875,113.1875,28.0
2025-04-11 03:38:00+00:00,113.1875,113.21875,113.15625,113.15625,38.0
2025-04-11 03:39:00+00:00,113.21875,113.21875,113.1875,113.21875,275.0
2025-04-11 03:40:00+00:00,113.1875,113.1875,113.1875,113.1875,112.0
2025-04-11 03:41:00+00:00,113.1875,113.1875,113.1875,113.1875,8.0
2025-04-11 03:42:00+00:00,113.1875,113.21875,113.15625,113.15625,67.0
2025-04-11 03:43:00+00:00,113.15625,113.15625,113.15625,113.15625,41.0
2025-04-11 03:44:00+00:00,113.1875,113.21875,113.1875,113.1875,82.0
2025-04-11 03:45:00+00:00,113.1875,113.1875,113.1875,113.1875,37.0
2025-04-11 03:46:00+00:00,113.1875,113.21875,113.15625,113.1875,138.0
2025-04-11 03:47:00+00:00,113.1875,113.21875,113.1875,113.1875,40.0
2025-04-11 03:48:00+00:00,113.1875,113.1875,113.15625,113.1875,40.0
2025-04-11 03:49:00+00:00,113.15625,113.1875,113.15625,113.15625,56.0
2025-04-11 03:50:00+00:00,113.1875,113.21875,113.15625,113.15625,105.0
2025-04-11 03:51:00+00:00,113.21875,113.21875,113.1875,113.1875,59.0
2025-04-11 03:52:00+00:00,113.1875,113.21875,113.15625,113.1875,292.0
2025-04-11 03:53:00+00:00,113.15625,113.1875,113.15625,113.1875,79.0
2025-04-11 03:54:00+00:00,113.15625,113.1875,113.15625,113.15625,68.0
2025-04-11 03:55:00+00:00,113.15625,113.1875,113.15625,113.1875,108.0
2025-04-11 03:56:00+00:00,113.15625,113.1875,113.15625,113.15625,125.0
2025-04-11 03:57:00+00:00,113.1875,113.1875,113.15625,113.15625,70.0
2025-04-11 03:58:00+00:00,113.1875,113.1875,113.15625,113.1875,79.0
2025-04-11 04:00:00+00:00,113.1875,113.1875,113.15625,113.15625,51.0
2025-04-11 04:01:00+00:00,113.21875,113.21875,113.1875,113.1875,21.0
2025-04-11 04:02:00+00:00,113.1875,113.21875,113.1875,113.21875,42.0
2025-04-11 04:03:00+00:00,113.1875,113.21875,113.1875,113.21875,52.0
2025-04-11 04:04:00+00:00,113.21875,113.21875,113.1875,113.1875,28.0
2025-04-11 04:05:00+00:00,113.21875,113.21875,113.21875,113.21875,27.0
2025-04-11 04:06:00+00:00,113.21875,113.21875,113.1875,113.1875,25.0
2025-04-11 04:08:00+00:00,113.21875,113.21875,113.21875,113.21875,21.0
2025-04-11 04:09:00+00:00,113.21875,113.21875,113.21875,113.21875,54.0
2025-04-11 04:10:00+00:00,113.21875,113.21875,113.21875,113.21875,2.0
2025-04-11 04:11:00+00:00,113.21875,113.21875,113.21875,113.21875,13.0
2025-04-11 04:12:00+00:00,113.25,113.25,113.1875,113.1875,19.0
2025-04-11 04:13:00+00:00,113.25,113.25,113.25,113.25,32.0
2025-04-11 04:14:00+00:00,113.25,113.25,113.21875,113.25,81.0
2025-04-11 04:15:00+00:00,113.25,113.25,113.25,113.25,38.0
2025-04-11 04:16:00+00:00,113.28125,113.28125,113.25,113.25,44.0
2025-04-11 04:17:00+00:00,113.3125,113.3125,113.3125,113.3125,217.0
2025-04-11 04:18:00+00:00,113.28125,113.28125,113.28125,113.28125,96.0
2025-04-11 04:20:00+00:00,113.1875,113.25,113.1875,113.25,135.0
2025-04-11 04:21:00+00:00,113.15625,113.1875,113.15625,113.1875,159.0
2025-04-11 04:22:00+00:00,113.125,113.15625,113.125,113.15625,84.0
2025-04-11 04:23:00+00:00,113.125,113.15625,113.125,113.125,245.0
2025-04-11 04:24:00+00:00,113.125,113.125,113.125,113.125,389.0
2025-04-11 04:25:00+00:00,113.125,113.125,113.09375,113.09375,24.0
2025-04-11 04:26:00+00:00,113.09375,113.125,113.09375,113.09375,5.0
2025-04-11 04:27:00+00:00,113.125,113.125,113.09375,113.125,46.0
2025-04-11 04:28:00+00:00,113.0,113.09375,113.0,113.09375,334.0
2025-04-11 04:29:00+00:00,113.03125,113.03125,113.0,113.0,283.0
2025-04-11 04:30:00+00:00,113.0,113.03125,113.0,113.03125,7.0
2025-04-11 04:31:00+00:00,113.03125,113.03125,113.0,113.03125,431.0
2025-04-11 04:32:00+00:00,113.03125,113.0625,113.03125,113.03125,316.0
2025-04-11 04:34:00+00:00,113.0625,113.0625,113.0625,113.0625,10.0
2025-04-11 04:35:00+00:00,113.0625,113.0625,113.03125,113.03125,29.0
2025-04-11 04:37:00+00:00,113.0625,113.0625,113.0625,113.0625,361.0
2025-04-11 04:39:00+00:00,113.0625,113.0625,113.03125,113.0625,72.0
2025-04-11 04:40:00+00:00,113.09375,113.09375,113.0625,113.0625,179.0
2025-04-11 04:42:00+00:00,113.0625,113.09375,113.0625,113.09375,43.0
2025-04-11 04:43:00+00:00,113.0625,113.0625,113.0625,113.0625,67.0
2025-04-11 04:44:00+00:00,113.0625,113.09375,113.0625,113.09375,57.0
2025-04-11 04:45:00+00:00,113.0625,113.0625,113.0625,113.0625,2.0
2025-04-11 04:46:00+00:00,113.03125,113.0625,113.03125,113.0625,2.0
2025-04-11 04:48:00+00:00,113.0625,113.0625,113.0625,113.0625,204.0
2025-04-11 04:49:00+00:00,113.03125,113.03125,113.03125,113.03125,34.0
2025-04-11 04:51:00+00:00,113.0625,113.0625,113.0625,113.0625,190.0
2025-04-11 04:52:00+00:00,113.0625,113.0625,113.0625,113.0625,7.0
2025-04-11 04:54:00+00:00,113.09375,113.09375,113.0625,113.0625,204.0
2025-04-11 04:55:00+00:00,113.0625,113.0625,113.0625,113.0625,48.0
2025-04-11 04:56:00+00:00,113.09375,113.09375,113.03125,113.03125,67.0
2025-04-11 04:57:00+00:00,113.21875,113.28125,113.0625,113.09375,796.0
2025-04-11 04:58:00+00:00,113.125,113.21875,113.125,113.21875,179.0
2025-04-11 04:59:00+00:00,113.125,113.125,113.09375,113.125,81.0
2025-04-11 05:00:00+00:00,113.09375,113.125,113.09375,113.125,22.0
2025-04-11 05:02:00+00:00,113.09375,113.09375,113.0625,113.09375,62.0
2025-04-11 05:03:00+00:00,113.0625,113.09375,113.0625,113.09375,20.0
2025-04-11 05:04:00+00:00,113.09375,113.09375,113.09375,113.09375,12.0
2025-04-11 05:06:00+00:00,113.0625,113.0625,113.0625,113.0625,41.0
2025-04-11 05:07:00+00:00,113.09375,113.09375,113.0625,113.0625,145.0
2025-04-11 05:08:00+00:00,113.125,113.125,113.09375,113.09375,113.0
2025-04-11 05:09:00+00:00,113.09375,113.09375,113.09375,113.09375,27.0
2025-04-11 05:10:00+00:00,113.0625,113.09375,113.0625,113.09375,88.0
2025-04-11 05:11:00+00:00,113.09375,113.09375,113.09375,113.09375,39.0
2025-04-11 05:12:00+00:00,113.0625,113.09375,113.0625,113.09375,8.0
2025-04-11 05:13:00+00:00,113.0625,113.0625,113.03125,113.03125,53.0
2025-04-11 05:14:00+00:00,113.0625,113.0625,113.0625,113.0625,84.0
2025-04-11 05:16:00+00:00,113.03125,113.0625,113.03125,113.03125,52.0
2025-04-11 05:17:00+00:00,113.0625,113.0625,113.03125,113.03125,23.0
2025-04-11 05:18:00+00:00,113.03125,113.0625,113.03125,113.0625,33.0
2025-04-11 05:19:00+00:00,113.03125,113.03125,113.03125,113.03125,30.0
2025-04-11 05:20:00+00:00,113.0,113.03125,113.0,113.03125,3.0
2025-04-11 05:21:00+00:00,113.0,113.0,113.0,113.0,18.0
2025-04-11 05:22:00+00:00,113.0,113.0,113.0,113.0,228.0
2025-04-11 05:23:00+00:00,113.0,113.03125,113.0,113.03125,51.0
2025-04-11 05:24:00+00:00,113.0,113.0,112.96875,113.0,69.0
2025-04-11 05:25:00+00:00,113.0,113.0,113.0,113.0,45.0
2025-04-11 05:26:00+00:00,113.0,113.0,113.0,113.0,46.0
2025-04-11 05:27:00+00:00,112.96875,113.0,112.96875,113.0,17.0
2025-04-11 05:28:00+00:00,113.0,113.0,112.96875,112.96875,105.0
2025-04-11 05:29:00+00:00,113.03125,113.03125,113.0,113.0,64.0
2025-04-11 05:30:00+00:00,113.0625,113.0625,113.03125,113.03125,136.0
2025-04-11 05:31:00+00:00,113.03125,113.0625,113.03125,113.0625,31.0
2025-04-11 05:33:00+00:00,113.0625,113.0625,113.03125,113.0625,157.0
2025-04-11 05:34:00+00:00,113.0625,113.0625,113.0625,113.0625,109.0
2025-04-11 05:35:00+00:00,113.125,113.125,113.09375,113.09375,211.0
2025-04-11 05:36:00+00:00,113.09375,113.125,113.09375,113.125,235.0
2025-04-11 05:37:00+00:00,113.125,113.125,113.125,113.125,76.0
2025-04-11 05:38:00+00:00,113.125,113.125,113.09375,113.09375,125.0
2025-04-11 05:39:00+00:00,113.125,113.15625,113.125,113.15625,3.0
2025-04-11 05:40:00+00:00,113.15625,113.15625,113.125,113.125,24.0
2025-04-11 05:42:00+00:00,113.125,113.15625,113.125,113.15625,289.0
2025-04-11 05:43:00+00:00,113.15625,113.15625,113.125,113.125,248.0
2025-04-11 05:44:00+00:00,113.15625,113.15625,113.15625,113.15625,34.0
2025-04-11 05:45:00+00:00,113.21875,113.21875,113.15625,113.15625,271.0
2025-04-11 05:46:00+00:00,113.25,113.25,113.21875,113.25,151.0
2025-04-11 05:47:00+00:00,113.25,113.25,113.21875,113.21875,152.0
2025-04-11 05:48:00+00:00,113.25,113.25,113.21875,113.25,154.0
2025-04-11 05:49:00+00:00,113.25,113.25,113.25,113.25,21.0
2025-04-11 05:50:00+00:00,113.28125,113.28125,113.25,113.25,306.0
2025-04-11 05:51:00+00:00,113.21875,113.28125,113.21875,113.28125,147.0
2025-04-11 05:52:00+00:00,113.15625,113.1875,113.15625,113.1875,205.0
2025-04-11 05:53:00+00:00,113.1875,113.1875,113.15625,113.15625,212.0
2025-04-11 05:54:00+00:00,113.21875,113.21875,113.21875,113.21875,117.0
2025-04-11 05:55:00+00:00,113.25,113.25,113.21875,113.21875,28.0
2025-04-11 05:56:00+00:00,113.25,113.25,113.21875,113.21875,37.0
2025-04-11 05:57:00+00:00,113.25,113.25,113.21875,113.21875,75.0
2025-04-11 05:58:00+00:00,113.25,113.28125,113.25,113.25,121.0
2025-04-11 05:59:00+00:00,113.28125,113.28125,113.25,113.25,255.0
2025-04-11 06:00:00+00:00,113.25,113.3125,113.25,113.3125,409.0
2025-04-11 06:01:00+00:00,113.28125,113.28125,113.1875,113.21875,265.0
2025-04-11 06:02:00+00:00,113.3125,113.34375,113.28125,113.28125,97.0
2025-04-11 06:03:00+00:00,113.3125,113.3125,113.28125,113.3125,229.0
2025-04-11 06:04:00+00:00,113.3125,113.34375,113.3125,113.3125,94.0
2025-04-11 06:05:00+00:00,113.40625,113.40625,113.34375,113.34375,264.0
2025-04-11 06:06:00+00:00,113.4375,113.4375,113.375,113.375,179.0
2025-04-11 06:07:00+00:00,113.40625,113.4375,113.40625,113.4375,181.0
2025-04-11 06:08:00+00:00,113.4375,113.4375,113.40625,113.4375,142.0
2025-04-11 06:09:00+00:00,113.4375,113.46875,113.40625,113.4375,84.0
2025-04-11 06:10:00+00:00,113.46875,113.46875,113.4375,113.4375,286.0
2025-04-11 06:11:00+00:00,113.53125,113.53125,113.46875,113.46875,403.0
2025-04-11 06:12:00+00:00,113.46875,113.5,113.46875,113.5,126.0
2025-04-11 06:13:00+00:00,113.53125,113.53125,113.46875,113.46875,346.0
2025-04-11 06:14:00+00:00,113.5625,113.5625,113.53125,113.5625,219.0
2025-04-11 06:15:00+00:00,113.5625,113.5625,113.53125,113.5625,324.0
2025-04-11 06:16:00+00:00,113.5625,113.5625,113.53125,113.53125,123.0
2025-04-11 06:17:00+00:00,113.53125,113.59375,113.53125,113.59375,138.0
2025-04-11 06:18:00+00:00,113.59375,113.59375,113.53125,113.53125,362.0
2025-04-11 06:19:00+00:00,113.53125,113.5625,113.53125,113.5625,432.0
2025-04-11 06:20:00+00:00,113.46875,113.53125,113.4375,113.53125,533.0
2025-04-11 06:21:00+00:00,113.46875,113.5,113.46875,113.5,101.0
2025-04-11 06:22:00+00:00,113.53125,113.53125,113.5,113.5,127.0
2025-04-11 06:23:00+00:00,113.5625,113.59375,113.5625,113.5625,93.0
2025-04-11 06:24:00+00:00,113.5625,113.59375,113.5625,113.5625,80.0
2025-04-11 06:25:00+00:00,113.5,113.53125,113.5,113.53125,192.0
2025-04-11 06:26:00+00:00,113.5,113.5,113.46875,113.46875,278.0
2025-04-11 06:27:00+00:00,113.59375,113.59375,113.5,113.5,277.0
2025-04-11 06:28:00+00:00,113.625,113.625,113.59375,113.59375,252.0
2025-04-11 06:29:00+00:00,113.71875,113.75,113.65625,113.65625,669.0
2025-04-11 06:30:00+00:00,113.8125,113.8125,113.71875,113.71875,801.0
2025-04-11 06:31:00+00:00,113.75,113.8125,113.71875,113.78125,273.0
2025-04-11 06:32:00+00:00,113.75,113.75,113.71875,113.75,300.0
2025-04-11 06:33:00+00:00,113.75,113.75,113.71875,113.71875,89.0
2025-04-11 06:34:00+00:00,113.71875,113.71875,113.6875,113.71875,273.0
2025-04-11 06:35:00+00:00,113.6875,113.71875,113.6875,113.71875,223.0
2025-04-11 06:36:00+00:00,113.71875,113.71875,113.65625,113.6875,198.0
2025-04-11 06:37:00+00:00,113.6875,113.71875,113.6875,113.71875,151.0
2025-04-11 06:38:00+00:00,113.59375,113.65625,113.59375,113.65625,108.0
2025-04-11 06:39:00+00:00,113.625,113.625,113.5625,113.59375,278.0
2025-04-11 06:40:00+00:00,113.5625,113.625,113.5625,113.59375,175.0
2025-04-11 06:41:00+00:00,113.5625,113.5625,113.5,113.53125,141.0
2025-04-11 06:42:00+00:00,113.59375,113.59375,113.59375,113.59375,111.0
2025-04-11 06:43:00+00:00,113.625,113.625,113.59375,113.59375,62.0
2025-04-11 06:44:00+00:00,113.5625,113.59375,113.5625,113.59375,195.0
2025-04-11 06:45:00+00:00,113.4375,113.53125,113.40625,113.53125,1028.0
2025-04-11 06:46:00+00:00,113.46875,113.46875,113.46875,113.46875,151.0
2025-04-11 06:47:00+00:00,113.5,113.5,113.4375,113.4375,108.0
2025-04-11 06:48:00+00:00,113.5,113.5,113.4375,113.5,136.0
2025-04-11 06:49:00+00:00,113.53125,113.53125,113.5,113.5,136.0
2025-04-11 06:50:00+00:00,113.59375,113.59375,113.5625,113.5625,224.0
2025-04-11 06:51:00+00:00,113.5,113.5625,113.5,113.5625,395.0
2025-04-11 06:52:00+00:00,113.46875,113.5,113.4375,113.5,226.0
2025-04-11 06:53:00+00:00,113.53125,113.53125,113.46875,113.46875,172.0
2025-04-11 06:54:00+00:00,113.59375,113.59375,113.53125,113.53125,483.0
2025-04-11 06:55:00+00:00,113.5625,113.5625,113.5625,113.5625,94.0
2025-04-11 06:56:00+00:00,113.59375,113.59375,113.5625,113.59375,188.0
2025-04-11 06:57:00+00:00,113.53125,113.59375,113.53125,113.59375,218.0
2025-04-11 06:58:00+00:00,113.53125,113.5625,113.53125,113.5625,108.0
2025-04-11 06:59:00+00:00,113.59375,113.59375,113.5625,113.5625,164.0
2025-04-11 07:00:00+00:00,113.59375,113.65625,113.5625,113.59375,477.0
2025-04-11 07:01:00+00:00,113.5625,113.59375,113.5625,113.59375,212.0
2025-04-11 07:02:00+00:00,113.46875,113.5625,113.46875,113.5625,330.0
2025-04-11 07:03:00+00:00,113.40625,113.46875,113.40625,113.46875,268.0
2025-04-11 07:04:00+00:00,113.5,113.5,113.40625,113.4375,343.0
2025-04-11 07:05:00+00:00,113.5625,113.5625,113.5,113.5,208.0
2025-04-11 07:06:00+00:00,113.53125,113.5625,113.5,113.5625,290.0
2025-04-11 07:07:00+00:00,113.5,113.5625,113.46875,113.53125,1140.0
2025-04-11 07:08:00+00:00,113.5,113.53125,113.5,113.5,243.0
2025-04-11 07:09:00+00:00,113.53125,113.53125,113.5,113.5,338.0
2025-04-11 07:10:00+00:00,113.46875,113.5,113.46875,113.5,237.0
2025-04-11 07:11:00+00:00,113.4375,113.5,113.4375,113.5,249.0
2025-04-11 07:12:00+00:00,113.40625,113.46875,113.40625,113.40625,113.0
2025-04-11 07:13:00+00:00,113.4375,113.4375,113.40625,113.4375,275.0
2025-04-11 07:14:00+00:00,113.46875,113.53125,113.4375,113.4375,120.0
2025-04-11 07:15:00+00:00,113.5,113.5,113.4375,113.4375,546.0
2025-04-11 07:16:00+00:00,113.53125,113.53125,113.5,113.5,344.0
2025-04-11 07:17:00+00:00,113.4375,113.53125,113.40625,113.53125,898.0
2025-04-11 07:18:00+00:00,113.40625,113.4375,113.40625,113.4375,37.0
2025-04-11 07:19:00+00:00,113.40625,113.40625,113.40625,113.40625,25.0
2025-04-11 07:20:00+00:00,113.3125,113.375,113.3125,113.375,250.0
2025-04-11 07:21:00+00:00,113.34375,113.375,113.3125,113.3125,130.0
2025-04-11 07:22:00+00:00,113.34375,113.34375,113.34375,113.34375,90.0
2025-04-11 07:23:00+00:00,113.3125,113.34375,113.28125,113.34375,172.0
2025-04-11 07:24:00+00:00,113.375,113.375,113.3125,113.3125,162.0
2025-04-11 07:25:00+00:00,113.40625,113.4375,113.40625,113.40625,127.0
2025-04-11 07:26:00+00:00,113.3125,113.375,113.3125,113.375,343.0
2025-04-11 07:27:00+00:00,113.34375,113.34375,113.28125,113.3125,200.0
2025-04-11 07:28:00+00:00,113.40625,113.40625,113.34375,113.34375,177.0
2025-04-11 07:29:00+00:00,113.3125,113.40625,113.3125,113.40625,231.0
2025-04-11 07:30:00+00:00,113.34375,113.375,113.34375,113.34375,110.0
2025-04-11 07:31:00+00:00,113.375,113.375,113.3125,113.34375,136.0
2025-04-11 07:32:00+00:00,113.3125,113.34375,113.3125,113.34375,103.0
2025-04-11 07:33:00+00:00,113.3125,113.3125,113.3125,113.3125,75.0
2025-04-11 07:34:00+00:00,113.21875,113.28125,113.1875,113.28125,593.0
2025-04-11 07:35:00+00:00,113.15625,113.21875,113.15625,113.21875,379.0
2025-04-11 07:36:00+00:00,113.15625,113.15625,113.0625,113.15625,456.0
2025-04-11 07:37:00+00:00,113.15625,113.15625,113.15625,113.15625,148.0
2025-04-11 07:38:00+00:00,113.09375,113.15625,113.0625,113.15625,324.0
2025-04-11 07:39:00+00:00,113.15625,113.15625,113.09375,113.09375,125.0
2025-04-11 07:40:00+00:00,113.09375,113.1875,113.09375,113.15625,162.0
2025-04-11 07:41:00+00:00,113.09375,113.09375,113.0625,113.0625,140.0
2025-04-11 07:42:00+00:00,113.125,113.125,113.09375,113.09375,311.0
2025-04-11 07:43:00+00:00,113.1875,113.1875,113.125,113.125,77.0
2025-04-11 07:44:00+00:00,113.15625,113.1875,113.15625,113.1875,118.0
2025-04-11 07:45:00+00:00,113.1875,113.21875,113.15625,113.15625,167.0
2025-04-11 07:46:00+00:00,113.1875,113.1875,113.1875,113.1875,102.0
2025-04-11 07:47:00+00:00,113.1875,113.1875,113.15625,113.15625,139.0
2025-04-11 07:48:00+00:00,113.15625,113.21875,113.15625,113.1875,117.0
2025-04-11 07:49:00+00:00,113.15625,113.21875,113.15625,113.15625,136.0
2025-04-11 07:50:00+00:00,113.1875,113.1875,113.1875,113.1875,49.0
2025-04-11 07:51:00+00:00,113.1875,113.1875,113.1875,113.1875,18.0
2025-04-11 07:52:00+00:00,113.15625,113.1875,113.15625,113.1875,113.0
2025-04-11 07:53:00+00:00,113.15625,113.1875,113.15625,113.15625,198.0
2025-04-11 07:54:00+00:00,113.15625,113.15625,113.15625,113.15625,207.0
2025-04-11 07:55:00+00:00,113.15625,113.15625,113.15625,113.15625,266.0
2025-04-11 07:56:00+00:00,113.09375,113.15625,113.09375,113.15625,44.0
2025-04-11 07:57:00+00:00,113.09375,113.09375,113.09375,113.09375,361.0
2025-04-11 07:58:00+00:00,113.09375,113.09375,113.0625,113.09375,592.0
2025-04-11 07:59:00+00:00,113.09375,113.125,113.0625,113.09375,398.0
2025-04-11 08:00:00+00:00,113.03125,113.15625,113.03125,113.0625,1318.0
2025-04-11 08:01:00+00:00,113.03125,113.0625,113.0,113.0625,509.0
2025-04-11 08:02:00+00:00,113.03125,113.0625,113.03125,113.03125,470.0
2025-04-11 08:03:00+00:00,113.03125,113.0625,113.03125,113.03125,213.0
2025-04-11 08:04:00+00:00,113.0,113.0625,112.96875,113.0625,525.0
2025-04-11 08:05:00+00:00,112.9375,113.0,112.90625,113.0,445.0
2025-04-11 08:06:00+00:00,112.9375,112.96875,112.90625,112.9375,717.0
2025-04-11 08:07:00+00:00,112.96875,113.0,112.9375,112.9375,498.0
2025-04-11 08:08:00+00:00,112.96875,113.0,112.96875,113.0,655.0
2025-04-11 08:09:00+00:00,113.0,113.0,112.96875,113.0,268.0
2025-04-11 08:10:00+00:00,113.15625,113.15625,113.0,113.0,381.0
2025-04-11 08:11:00+00:00,113.0625,113.125,113.0625,113.125,930.0
2025-04-11 08:12:00+00:00,113.09375,113.09400177001953,113.0625,113.0625,277.0
2025-04-11 08:13:00+00:00,113.1875,113.1875,113.09375,113.09375,299.0
2025-04-11 08:14:00+00:00,113.21875,113.21875,113.15625,113.1875,247.0
2025-04-11 08:15:00+00:00,113.21875,113.21875,113.1875,113.21875,311.0
2025-04-11 08:16:00+00:00,113.25,113.28125,113.21875,113.21875,255.0
2025-04-11 08:17:00+00:00,113.28125,113.3125,113.25,113.25,516.0
2025-04-11 08:18:00+00:00,113.25,113.28125,113.25,113.28125,320.0
2025-04-11 08:19:00+00:00,113.28125,113.28125,113.21875,113.25,394.0
2025-04-11 08:20:00+00:00,113.3125,113.34375,113.28125,113.3125,676.0
2025-04-11 08:21:00+00:00,113.28125,113.3125,113.28125,113.3125,317.0
2025-04-11 08:22:00+00:00,113.3125,113.3125,113.25,113.25,350.0
2025-04-11 08:23:00+00:00,113.34375,113.34375,113.3125,113.3125,487.0
2025-04-11 08:24:00+00:00,113.3125,113.34375,113.28125,113.3125,229.0
2025-04-11 08:25:00+00:00,113.3125,113.34375,113.3125,113.3125,104.0
2025-04-11 08:26:00+00:00,113.28125,113.3125,113.28125,113.3125,230.0
2025-04-11 08:27:00+00:00,113.28125,113.28125,113.28125,113.28125,231.0
2025-04-11 08:28:00+00:00,113.28125,113.28125,113.25,113.25,515.0
2025-04-11 08:29:00+00:00,113.34375,113.34375,113.28125,113.28125,336.0
2025-04-11 08:30:00+00:00,113.3125,113.34375,113.28125,113.3125,422.0
2025-04-11 08:31:00+00:00,113.3125,113.3125,113.3125,113.3125,413.0
2025-04-11 08:32:00+00:00,113.3125,113.3125,113.28125,113.3125,213.0
2025-04-11 08:33:00+00:00,113.34375,113.34375,113.3125,113.3125,366.0
2025-04-11 08:34:00+00:00,113.3125,113.3125,113.28125,113.3125,339.0
2025-04-11 08:35:00+00:00,113.28125,113.34375,113.28125,113.34375,139.0
2025-04-11 08:36:00+00:00,113.3125,113.34375,113.28125,113.28125,409.0
2025-04-11 08:37:00+00:00,113.34375,113.375,113.28125,113.28125,532.0
2025-04-11 08:38:00+00:00,113.25,113.34375,113.25,113.34375,305.0
2025-04-11 08:39:00+00:00,113.3125,113.3125,113.25,113.28125,185.0
2025-04-11 08:40:00+00:00,113.375,113.375,113.3125,113.3125,302.0
2025-04-11 08:41:00+00:00,113.375,113.375,113.375,113.375,329.0
2025-04-11 08:42:00+00:00,113.375,113.375,113.375,113.375,75.0
2025-04-11 08:43:00+00:00,113.40625,113.40625,113.375,113.375,414.0
2025-04-11 08:44:00+00:00,113.40625,113.4375,113.40625,113.40625,144.0
2025-04-11 08:45:00+00:00,113.375,113.40625,113.375,113.40625,138.0
2025-04-11 08:46:00+00:00,113.40625,113.4375,113.34375,113.34375,364.0
2025-04-11 08:47:00+00:00,113.40625,113.4375,113.40625,113.4375,279.0
2025-04-11 08:48:00+00:00,113.375,113.40625,113.375,113.40625,201.0
2025-04-11 08:49:00+00:00,113.40625,113.40625,113.375,113.375,205.0
2025-04-11 08:50:00+00:00,113.40625,113.40625,113.375,113.375,115.0
2025-04-11 08:51:00+00:00,113.4375,113.4375,113.40625,113.40625,445.0
2025-04-11 08:52:00+00:00,113.40625,113.40625,113.40625,113.40625,203.0
2025-04-11 08:53:00+00:00,113.4375,113.4375,113.4375,113.4375,57.0
2025-04-11 08:54:00+00:00,113.40625,113.4375,113.40625,113.4375,65.0
2025-04-11 08:55:00+00:00,113.4375,113.4375,113.4375,113.4375,544.0
2025-04-11 08:56:00+00:00,113.46875,113.46875,113.4375,113.46875,454.0
2025-04-11 08:57:00+00:00,113.53125,113.5625,113.46875,113.46875,836.0
2025-04-11 08:58:00+00:00,113.5625,113.5625,113.53125,113.53125,265.0
2025-04-11 08:59:00+00:00,113.53125,113.53125,113.53125,113.53125,154.0
2025-04-11 09:00:00+00:00,113.59375,113.59375,113.5625,113.5625,204.0
2025-04-11 09:01:00+00:00,113.59375,113.59375,113.5625,113.59375,118.0
2025-04-11 09:02:00+00:00,113.5625,113.625,113.5625,113.59375,601.0
2025-04-11 09:03:00+00:00,113.625,113.65625,113.59375,113.59375,277.0
2025-04-11 09:04:00+00:00,113.59375,113.65625,113.59375,113.625,179.0
2025-04-11 09:05:00+00:00,113.625,113.65625,113.625,113.625,130.0
2025-04-11 09:06:00+00:00,113.65625,113.65625,113.625,113.625,297.0
2025-04-11 09:07:00+00:00,113.59375,113.65625,113.59375,113.65625,469.0
2025-04-11 09:08:00+00:00,113.46875,113.5625,113.46875,113.5625,447.0
2025-04-11 09:09:00+00:00,113.65625,113.65625,113.5,113.5,541.0
2025-04-11 09:10:00+00:00,113.6875,113.6875,113.65625,113.65625,142.0
2025-04-11 09:11:00+00:00,113.6875,113.6875,113.6875,113.6875,44.0
2025-04-11 09:12:00+00:00,113.59375,113.6875,113.59375,113.65625,289.0
2025-04-11 09:13:00+00:00,113.53125,113.59375,113.53125,113.59375,187.0
2025-04-11 09:14:00+00:00,113.5625,113.5625,113.5625,113.5625,237.0
2025-04-11 09:15:00+00:00,113.5625,113.5625,113.53125,113.5625,390.0
2025-04-11 09:16:00+00:00,113.5625,113.59375,113.5625,113.5625,86.0
2025-04-11 09:17:00+00:00,113.5625,113.5625,113.5625,113.5625,82.0
2025-04-11 09:18:00+00:00,113.59375,113.59375,113.5625,113.5625,127.0
2025-04-11 09:19:00+00:00,113.59375,113.59375,113.59375,113.59375,63.0
2025-04-11 09:20:00+00:00,113.53125,113.5625,113.53125,113.5625,77.0
2025-04-11 09:21:00+00:00,113.53125,113.53125,113.53125,113.53125,1.0
2025-04-11 09:22:00+00:00,113.5625,113.5625,113.5625,113.5625,83.0
2025-04-11 09:23:00+00:00,113.53125,113.5625,113.53125,113.5625,114.0
2025-04-11 09:24:00+00:00,113.53125,113.5625,113.53125,113.53125,110.0
2025-04-11 09:25:00+00:00,113.53125,113.53125,113.5,113.53125,152.0
2025-04-11 09:26:00+00:00,113.5625,113.5625,113.53125,113.53125,99.0
2025-04-11 09:27:00+00:00,113.5,113.53125,113.5,113.53125,122.0
2025-04-11 09:28:00+00:00,113.53125,113.53125,113.5,113.5,22.0
2025-04-11 09:29:00+00:00,113.53125,113.53125,113.53125,113.53125,17.0
2025-04-11 09:30:00+00:00,113.53125,113.5625,113.53125,113.53125,90.0
2025-04-11 09:31:00+00:00,113.53125,113.53125,113.5,113.53125,56.0
2025-04-11 09:32:00+00:00,113.53125,113.5625,113.5,113.5,496.0
2025-04-11 09:33:00+00:00,113.5625,113.5625,113.53125,113.53125,228.0
2025-04-11 09:34:00+00:00,113.5625,113.5625,113.5625,113.5625,81.0
2025-04-11 09:35:00+00:00,113.5625,113.59375,113.5625,113.59375,12.0
2025-04-11 09:36:00+00:00,113.5625,113.59375,113.5625,113.59375,381.0
2025-04-11 09:37:00+00:00,113.59375,113.59375,113.5625,113.5625,168.0
2025-04-11 09:38:00+00:00,113.59375,113.59375,113.5625,113.59375,60.0
2025-04-11 09:39:00+00:00,113.5625,113.59375,113.5625,113.59375,308.0
2025-04-11 09:40:00+00:00,113.5625,113.5625,113.53125,113.5625,181.0
2025-04-11 09:41:00+00:00,113.59375,113.59375,113.5625,113.5625,208.0
2025-04-11 09:42:00+00:00,113.625,113.625,113.5625,113.59375,379.0
2025-04-11 09:43:00+00:00,113.625,113.625,113.625,113.625,207.0
2025-04-11 09:44:00+00:00,113.625,113.625,113.625,113.625,51.0
2025-04-11 09:45:00+00:00,113.625,113.65625,113.625,113.625,127.0
2025-04-11 09:46:00+00:00,113.65625,113.65625,113.625,113.625,26.0
2025-04-11 09:47:00+00:00,113.59375,113.65625,113.59375,113.65625,232.0
2025-04-11 09:48:00+00:00,113.625,113.625,113.59375,113.59375,56.0
2025-04-11 09:49:00+00:00,113.59375,113.625,113.59375,113.59375,200.0
2025-04-11 09:50:00+00:00,113.59375,113.59375,113.59375,113.59375,180.0
2025-04-11 09:51:00+00:00,113.59375,113.59375,113.5625,113.59375,97.0
2025-04-11 09:52:00+00:00,113.5625,113.59375,113.5625,113.59375,49.0
2025-04-11 09:53:00+00:00,113.59375,113.59375,113.53125,113.5625,260.0
2025-04-11 09:54:00+00:00,113.625,113.625,113.59375,113.59375,178.0
2025-04-11 09:55:00+00:00,113.5625,113.59375,113.5625,113.59375,119.0
2025-04-11 09:56:00+00:00,113.53125,113.5625,113.53125,113.5625,524.0
2025-04-11 09:57:00+00:00,113.53125,113.53125,113.53125,113.53125,31.0
2025-04-11 09:58:00+00:00,113.46875,113.53125,113.46875,113.53125,374.0
2025-04-11 09:59:00+00:00,113.46875,113.46875,113.46875,113.46875,127.0
2025-04-11 10:00:00+00:00,113.46875,113.5,113.46875,113.5,347.0
2025-04-11 10:01:00+00:00,113.5,113.5,113.46875,113.46875,188.0
2025-04-11 10:02:00+00:00,113.5,113.53125,113.5,113.5,255.0
2025-04-11 10:03:00+00:00,113.5,113.5,113.5,113.5,156.0
2025-04-11 10:04:00+00:00,113.5,113.5,113.5,113.5,180.0
2025-04-11 10:05:00+00:00,113.59375,113.59375,113.53125,113.53125,328.0
2025-04-11 10:06:00+00:00,113.625,113.6875,113.625,113.625,257.0
2025-04-11 10:07:00+00:00,113.65625,113.65625,113.625,113.65625,179.0
2025-04-11 10:08:00+00:00,113.65625,113.65625,113.625,113.625,197.0
2025-04-11 10:09:00+00:00,113.71875,113.71875,113.625,113.65625,372.0
2025-04-11 10:10:00+00:00,113.78125,113.78125,113.71875,113.71875,448.0
2025-04-11 10:20:00+00:00,113.875,114.0,113.875,113.90599822998047,4280.0
2025-04-11 10:21:00+00:00,113.875,113.90625,113.84375,113.875,925.0
2025-04-11 10:22:00+00:00,113.90625,113.90625,113.875,113.90625,148.0
2025-04-11 10:23:00+00:00,113.9375,113.9375,113.875,113.875,117.0
2025-04-11 10:24:00+00:00,113.9375,113.9375,113.875,113.90625,126.0
2025-04-11 10:25:00+00:00,113.875,113.9375,113.84375,113.90625,249.0
2025-04-11 10:26:00+00:00,113.90625,113.90625,113.875,113.875,208.0
2025-04-11 10:27:00+00:00,113.78125,113.90625,113.78125,113.90625,337.0
2025-04-11 10:28:00+00:00,113.8125,113.8125,113.78125,113.78125,448.0
2025-04-11 10:29:00+00:00,113.78125,113.8125,113.78125,113.8125,516.0
2025-04-11 10:30:00+00:00,113.8125,113.8125,113.78125,113.8125,146.0
2025-04-11 10:31:00+00:00,113.8125,113.84375,113.8125,113.8125,76.0
2025-04-11 10:32:00+00:00,113.84375,113.84375,113.8125,113.8125,269.0
2025-04-11 10:33:00+00:00,113.875,113.875,113.84375,113.875,48.0
2025-04-11 10:34:00+00:00,113.84375,113.875,113.84375,113.84375,197.0
2025-04-11 10:35:00+00:00,113.8125,113.8125,113.78125,113.8125,163.0
2025-04-11 10:36:00+00:00,113.75,113.8125,113.75,113.8125,445.0
2025-04-11 10:37:00+00:00,113.8125,113.84375,113.71875,113.71875,224.0
2025-04-11 10:38:00+00:00,113.84375,113.84375,113.8125,113.8125,391.0
2025-04-11 10:39:00+00:00,113.84375,113.875,113.84375,113.84375,419.0
2025-04-11 10:40:00+00:00,113.90625,113.90625,113.84375,113.84375,788.0
2025-04-11 10:41:00+00:00,114.0,114.0,113.875,113.90625,984.0
2025-04-11 10:42:00+00:00,114.0,114.0,113.96875,114.0,856.0
2025-04-11 10:43:00+00:00,114.0625,114.09375,113.96875,113.96875,866.0
2025-04-11 10:44:00+00:00,114.09375,114.09375,114.0625,114.0625,1105.0
2025-04-11 10:45:00+00:00,114.0625,114.125,114.0625,114.0625,719.0
2025-04-11 10:46:00+00:00,114.125,114.125,114.03125,114.0625,424.0
2025-04-11 10:47:00+00:00,114.09375,114.09375,114.0625,114.09375,253.0
2025-04-11 10:48:00+00:00,114.03125,114.09375,114.0,114.09375,806.0
2025-04-11 10:49:00+00:00,114.09375,114.09375,114.03125,114.03125,245.0
2025-04-11 10:50:00+00:00,114.125,114.125,114.09375,114.09375,107.0
2025-04-11 10:51:00+00:00,114.09375,114.125,114.09375,114.125,193.0
2025-04-11 10:52:00+00:00,114.03125,114.09375,114.0,114.09375,563.0
2025-04-11 10:53:00+00:00,113.96875,114.0,113.96875,114.0,307.0
2025-04-11 10:54:00+00:00,114.0,114.0,113.96875,113.96875,45.0
2025-04-11 10:55:00+00:00,113.9375,113.96875,113.90625,113.96875,412.0
2025-04-11 10:56:00+00:00,113.9375,113.96875,113.90625,113.9375,55.0
2025-04-11 10:57:00+00:00,114.03125,114.03125,113.96875,113.96875,210.0
2025-04-11 10:58:00+00:00,114.03125,114.0625,114.03125,114.03125,24.0
2025-04-11 10:59:00+00:00,114.03125,114.0625,114.03125,114.0625,227.0
2025-04-11 11:00:00+00:00,114.0,114.03125,113.96875,114.03125,425.0
2025-04-11 11:01:00+00:00,114.0,114.0,113.96875,114.0,32.0
2025-04-11 11:02:00+00:00,114.03125,114.03125,113.96875,114.0,195.0
2025-04-11 11:03:00+00:00,114.0,114.03125,114.0,114.0,315.0
2025-04-11 11:04:00+00:00,113.9375,114.0,113.9375,114.0,241.0
2025-04-11 11:05:00+00:00,113.90625,113.9375,113.875,113.9375,320.0
2025-04-11 11:06:00+00:00,113.90625,113.9375,113.90625,113.9375,430.0
2025-04-11 11:07:00+00:00,113.9375,113.9375,113.90625,113.90625,141.0
2025-04-11 11:08:00+00:00,113.9375,113.9375,113.9375,113.9375,294.0
2025-04-11 11:09:00+00:00,113.90625,113.9375,113.90625,113.90625,16.0
2025-04-11 11:10:00+00:00,113.9375,113.9375,113.90625,113.9375,220.0
2025-04-11 11:11:00+00:00,113.9375,113.9375,113.90625,113.90625,163.0
2025-04-11 11:12:00+00:00,113.84375,113.9375,113.84375,113.9375,309.0
2025-04-11 11:13:00+00:00,113.84375,113.875,113.8125,113.84375,331.0
2025-04-11 11:14:00+00:00,113.8125,113.875,113.8125,113.875,127.0
2025-04-11 11:15:00+00:00,113.8125,113.84375,113.8125,113.84375,300.0
2025-04-11 11:16:00+00:00,113.8125,113.84375,113.8125,113.84375,105.0
2025-04-11 11:17:00+00:00,113.875,113.875,113.84375,113.84375,216.0
2025-04-11 11:18:00+00:00,113.84375,113.90625,113.84375,113.84375,235.0
2025-04-11 11:19:00+00:00,113.9375,113.9375,113.84375,113.84375,387.0
2025-04-11 11:20:00+00:00,113.90625,113.9375,113.90625,113.9375,261.0
2025-04-11 11:21:00+00:00,113.875,113.9375,113.875,113.90625,125.0
2025-04-11 11:22:00+00:00,113.9375,113.9375,113.875,113.875,127.0
2025-04-11 11:23:00+00:00,113.9375,113.9375,113.875,113.9375,272.0
2025-04-11 11:24:00+00:00,113.8125,113.90625,113.8125,113.90625,129.0
2025-04-11 11:25:00+00:00,113.8125,113.84375,113.8125,113.84375,632.0
2025-04-11 11:26:00+00:00,113.78125,113.84375,113.78125,113.78125,787.0
2025-04-11 11:27:00+00:00,113.75,113.78125,113.71875,113.78125,518.0
2025-04-11 11:28:00+00:00,113.65625,113.75,113.65625,113.75,736.0
2025-04-11 11:29:00+00:00,113.6875,113.71875,113.65625,113.65625,577.0
2025-04-11 11:30:00+00:00,113.65625,113.71875,113.65625,113.6875,469.0
2025-04-11 11:31:00+00:00,113.6875,113.6875,113.59375,113.625,286.0
2025-04-11 11:32:00+00:00,113.6875,113.71875,113.6875,113.6875,59.0
2025-04-11 11:33:00+00:00,113.71875,113.71875,113.65625,113.65625,449.0
2025-04-11 11:34:00+00:00,113.6875,113.71875,113.65625,113.71875,554.0
2025-04-11 11:35:00+00:00,113.6875,113.71875,113.6875,113.6875,245.0
2025-04-11 11:36:00+00:00,113.71875,113.71875,113.625,113.65625,385.0
2025-04-11 11:37:00+00:00,113.71875,113.71875,113.6875,113.6875,234.0
2025-04-11 11:38:00+00:00,113.6875,113.75,113.6875,113.71875,646.0
2025-04-11 11:39:00+00:00,113.59375,113.6875,113.59375,113.6875,229.0
2025-04-11 11:40:00+00:00,113.59375,113.65625,113.5625,113.625,499.0
2025-04-11 11:41:00+00:00,113.5625,113.625,113.53125,113.625,816.0
2025-04-11 11:42:00+00:00,113.5625,113.59375,113.5625,113.5625,370.0
2025-04-11 11:43:00+00:00,113.5,113.5625,113.46875,113.5625,1064.0
2025-04-11 11:44:00+00:00,113.5,113.5,113.4375,113.46875,850.0
2025-04-11 11:45:00+00:00,113.5625,113.5625,113.5,113.53125,449.0
2025-04-11 11:46:00+00:00,113.59375,113.625,113.5625,113.59375,511.0
2025-04-11 11:47:00+00:00,113.59375,113.625,113.5625,113.59375,204.0
2025-04-11 11:48:00+00:00,113.65625,113.65625,113.625,113.625,70.0
2025-04-11 11:49:00+00:00,113.65625,113.6875,113.65625,113.6875,73.0
2025-04-11 11:50:00+00:00,113.71875,113.71875,113.65625,113.6875,194.0
2025-04-11 11:51:00+00:00,113.71875,113.71875,113.6875,113.71875,165.0
2025-04-11 11:52:00+00:00,113.6875,113.71875,113.65625,113.71875,182.0
2025-04-11 11:53:00+00:00,113.65625,113.6875,113.65625,113.65625,249.0
2025-04-11 11:54:00+00:00,113.625,113.6875,113.625,113.6875,380.0
2025-04-11 11:55:00+00:00,113.59375,113.65625,113.59375,113.625,121.0
2025-04-11 11:56:00+00:00,113.59375,113.625,113.59375,113.59375,242.0
2025-04-11 11:57:00+00:00,113.5625,113.59375,113.53125,113.59375,398.0
2025-04-11 11:58:00+00:00,113.5625,113.59375,113.53125,113.53125,510.0
2025-04-11 11:59:00+00:00,113.5625,113.5625,113.53125,113.5625,208.0
2025-04-11 12:00:00+00:00,113.53125,113.59375,113.5,113.59375,905.0
2025-04-11 12:01:00+00:00,113.5,113.53125,113.46875,113.53125,889.0
2025-04-11 12:02:00+00:00,113.46875,113.53125,113.46875,113.5,513.0
2025-04-11 12:03:00+00:00,113.40625,113.46875,113.40625,113.46875,910.0
2025-04-11 12:04:00+00:00,113.375,113.40625,113.375,113.375,1422.0
2025-04-11 12:05:00+00:00,113.4375,113.46875,113.375,113.40625,256.0
2025-04-11 12:06:00+00:00,113.4375,113.4375,113.40625,113.4375,323.0
2025-04-11 12:07:00+00:00,113.5,113.53125,113.4375,113.46875,624.0
2025-04-11 12:08:00+00:00,113.5,113.5625,113.46875,113.5,386.0
2025-04-11 12:09:00+00:00,113.4375,113.5,113.40625,113.46875,912.0
2025-04-11 12:10:00+00:00,113.46875,113.5,113.4375,113.4375,1127.0
2025-04-11 12:11:00+00:00,113.5,113.53125,113.46875,113.5,518.0
2025-04-11 12:12:00+00:00,113.46875,113.5,113.40625,113.5,462.0
2025-04-11 12:13:00+00:00,113.40625,113.4375,113.40625,113.4375,296.0
2025-04-11 12:14:00+00:00,113.40625,113.4375,113.375,113.40625,530.0
2025-04-11 12:15:00+00:00,113.375,113.40625,113.375,113.375,625.0
2025-04-11 12:16:00+00:00,113.34375,113.4375,113.34375,113.375,256.0
2025-04-11 12:17:00+00:00,113.375,113.40625,113.34375,113.375,531.0
2025-04-11 12:18:00+00:00,113.4375,113.4375,113.375,113.40625,464.0
2025-04-11 12:19:00+00:00,113.375,113.40625,113.34375,113.40625,1353.0
2025-04-11 12:20:00+00:00,113.25,113.375,113.21875,113.375,1377.0
2025-04-11 12:21:00+00:00,113.34375,113.34375,113.21875,113.28125,874.0
2025-04-11 12:22:00+00:00,113.375,113.375,113.3125,113.3125,366.0
2025-04-11 12:23:00+00:00,113.28125,113.375,113.28125,113.375,931.0
2025-04-11 12:24:00+00:00,113.34375,113.375,113.28125,113.28125,862.0
2025-04-11 12:25:00+00:00,113.3125,113.375,113.28125,113.3125,1307.0
2025-04-11 12:26:00+00:00,113.3125,113.34375,113.28125,113.34375,980.0
2025-04-11 12:27:00+00:00,113.3125,113.34375,113.3125,113.3125,215.0
2025-04-11 12:28:00+00:00,113.375,113.40625,113.3125,113.3125,377.0
2025-04-11 12:29:00+00:00,113.34375,113.40625,113.34375,113.375,671.0
2025-04-11 12:30:00+00:00,113.34375,113.59375,113.25,113.34375,2510.0
2025-04-11 12:31:00+00:00,113.5,113.5,113.3125,113.34375,1614.0
2025-04-11 12:32:00+00:00,113.46875,113.53125,113.4375,113.5,888.0
2025-04-11 12:33:00+00:00,113.40625,113.5,113.375,113.46875,1157.0
2025-04-11 12:34:00+00:00,113.25,113.40625,113.25,113.40625,736.0
2025-04-11 12:35:00+00:00,113.21875,113.25,113.15625,113.25,1069.0
2025-04-11 12:36:00+00:00,113.28125,113.28125,113.21875,113.21875,930.0
2025-04-11 12:37:00+00:00,113.3125,113.3125,113.21875,113.25,3362.0
2025-04-11 12:38:00+00:00,113.40625,113.4375,113.34375,113.34375,1095.0
2025-04-11 12:39:00+00:00,113.40625,113.4375,113.34375,113.40625,1459.0
2025-04-11 12:40:00+00:00,113.3125,113.375,113.25,113.375,2626.0
2025-04-11 12:41:00+00:00,113.375,113.375,113.28125,113.3125,1316.0
2025-04-11 12:42:00+00:00,113.4375,113.4375,113.3125,113.375,976.0
2025-04-11 12:43:00+00:00,113.28125,113.40625,113.28125,113.40625,1120.0
2025-04-11 12:44:00+00:00,113.25,113.34375,113.21875,113.3125,1611.0
2025-04-11 12:45:00+00:00,113.125,113.28125,113.09375,113.25,2171.0
2025-04-11 12:46:00+00:00,113.09375,113.15625,113.09375,113.125,1587.0
2025-04-11 12:47:00+00:00,113.0,113.125,113.0,113.09375,1540.0
2025-04-11 12:48:00+00:00,113.0625,113.09375,113.03125,113.03125,2028.0
2025-04-11 12:49:00+00:00,112.9375,113.09375,112.9375,113.09375,4200.0
2025-04-11 12:50:00+00:00,112.96875,113.0,112.9375,112.9375,2056.0
2025-04-11 12:51:00+00:00,112.96875,113.0,112.90625,112.96875,1204.0
2025-04-11 12:52:00+00:00,112.9375,112.96875,112.875,112.96875,574.0
2025-04-11 12:53:00+00:00,112.96875,112.96875,112.90625,112.9375,1221.0
2025-04-11 12:54:00+00:00,112.90625,113.0,112.875,112.9375,976.0
2025-04-11 12:55:00+00:00,112.84375,112.9375,112.8125,112.875,1233.0
2025-04-11 12:56:00+00:00,112.84375,112.875,112.84375,112.84375,1946.0
2025-04-11 12:57:00+00:00,112.90625,112.90625,112.84375,112.84375,1432.0
2025-04-11 12:58:00+00:00,112.875,112.9375,112.84375,112.90625,1270.0
2025-04-11 12:59:00+00:00,112.875,112.90625,112.84375,112.875,1508.0
2025-04-11 13:00:00+00:00,112.84375,112.875,112.8125,112.84375,1223.0
2025-04-11 13:01:00+00:00,112.875,112.90625,112.84375,112.875,1082.0
2025-04-11 13:02:00+00:00,112.90625,112.90625,112.875,112.90625,968.0
2025-04-11 13:03:00+00:00,112.9375,112.96875,112.875,112.90625,1801.0
2025-04-11 13:04:00+00:00,112.84375,112.9375,112.8125,112.9375,905.0
2025-04-11 13:05:00+00:00,112.8125,112.875,112.78125,112.84375,1066.0
2025-04-11 13:06:00+00:00,112.78125,112.84375,112.78125,112.8125,789.0
2025-04-11 13:07:00+00:00,112.59375,112.8125,112.59375,112.78125,2692.0
2025-04-11 13:08:00+00:00,112.5625,112.625,112.53125,112.625,2375.0
2025-04-11 13:09:00+00:00,112.59375,112.625,112.53125,112.59375,2490.0
2025-04-11 13:10:00+00:00,112.625,112.6875,112.625,112.625,857.0
2025-04-11 13:11:00+00:00,112.6875,112.6875,112.625,112.625,1603.0
2025-04-11 13:12:00+00:00,112.71875,112.75,112.71875,112.71875,1464.0
2025-04-11 13:13:00+00:00,112.71875,112.75,112.6875,112.75,1194.0
2025-04-11 13:14:00+00:00,112.75,112.78125,112.71875,112.75,1034.0
2025-04-11 13:15:00+00:00,112.75,112.78125,112.71875,112.75,1286.0
2025-04-11 13:16:00+00:00,112.8125,112.8125,112.71875,112.75,632.0
2025-04-11 13:17:00+00:00,112.78125,112.84375,112.75,112.8125,1075.0
2025-04-11 13:18:00+00:00,112.84375,112.875,112.78125,112.78125,1045.0
2025-04-11 13:19:00+00:00,112.90625,112.9375,112.84375,112.84375,1377.0
2025-04-11 13:20:00+00:00,112.8125,112.90625,112.8125,112.90625,634.0
2025-04-11 13:21:00+00:00,112.78125,112.84375,112.78125,112.8125,1541.0
2025-04-11 13:22:00+00:00,112.75,112.75,112.71875,112.75,953.0
2025-04-11 13:23:00+00:00,112.75,112.78125,112.75,112.75,1155.0
2025-04-11 13:24:00+00:00,112.71875,112.78125,112.71875,112.71875,1675.0
2025-04-11 13:25:00+00:00,112.71875,112.75,112.71875,112.75,791.0
2025-04-11 13:26:00+00:00,112.8125,112.8125,112.71875,112.71875,1620.0
2025-04-11 13:27:00+00:00,112.8125,112.875,112.78125,112.8125,3145.0
2025-04-11 13:28:00+00:00,112.78125,112.8125,112.75,112.78125,1379.0
2025-04-11 13:29:00+00:00,112.8125,112.8125,112.78125,112.78125,1250.0
2025-04-11 13:30:00+00:00,112.78125,112.84375,112.75,112.78125,1242.0
2025-04-11 13:31:00+00:00,112.71875,112.78125,112.71875,112.78125,1047.0
2025-04-11 13:32:00+00:00,112.65625,112.75,112.625,112.71875,1804.0
2025-04-11 13:33:00+00:00,112.65625,112.65625,112.625,112.65625,1438.0
2025-04-11 13:34:00+00:00,112.6875,112.71875,112.65625,112.65625,1547.0
2025-04-11 13:35:00+00:00,112.5625,112.6875,112.53125,112.65625,2357.0
2025-04-11 13:36:00+00:00,112.5625,112.59375,112.5,112.5625,1325.0
2025-04-11 13:37:00+00:00,112.46875,112.5625,112.46875,112.53125,2344.0
2025-04-11 13:38:00+00:00,112.34375,112.46875,112.34375,112.46875,1930.0
2025-04-11 13:39:00+00:00,112.375,112.375,112.21875,112.34375,2907.0
2025-04-11 13:40:00+00:00,112.5,112.5,112.375,112.40625,1242.0
2025-04-11 13:41:00+00:00,112.5625,112.5625,112.46875,112.46875,1510.0
2025-04-11 13:42:00+00:00,112.5,112.53125,112.46875,112.53125,1547.0
2025-04-11 13:43:00+00:00,112.53125,112.5625,112.4375,112.5,2270.0
2025-04-11 13:44:00+00:00,112.5625,112.59375,112.5,112.53125,1378.0
2025-04-11 13:45:00+00:00,112.65625,112.65625,112.5625,112.5625,1750.0
2025-04-11 13:46:00+00:00,112.71875,112.75,112.59375,112.6875,2466.0
2025-04-11 13:47:00+00:00,112.78125,112.78125,112.6875,112.71875,901.0
2025-04-11 13:48:00+00:00,112.875,112.875,112.75,112.78125,1197.0
2025-04-11 13:49:00+00:00,112.9375,112.96875,112.875,112.90625,1723.0
2025-04-11 13:50:00+00:00,113.0,113.0,112.9375,112.9375,1180.0
2025-04-11 13:51:00+00:00,112.9375,113.03125,112.875,113.0,2397.0
2025-04-11 13:52:00+00:00,113.03125,113.03125,112.96875,112.96875,1912.0
2025-04-11 13:53:00+00:00,112.90625,113.03125,112.90625,113.0,1849.0
2025-04-11 13:54:00+00:00,112.875,112.90625,112.84375,112.875,858.0
2025-04-11 13:55:00+00:00,112.875,112.90625,112.84375,112.84375,1351.0
2025-04-11 13:56:00+00:00,112.65625,112.90625,112.65625,112.875,1445.0
2025-04-11 13:57:00+00:00,112.625,112.65625,112.53125,112.65625,2324.0
2025-04-11 13:58:00+00:00,112.5,112.65625,112.5,112.65625,808.0
2025-04-11 13:59:00+00:00,112.40625,112.5625,112.40625,112.46875,1380.0
2025-04-11 14:00:00+00:00,112.5625,112.65625,112.40625,112.4375,2456.0
2025-04-11 14:01:00+00:00,112.53125,112.59375,112.4375,112.5625,2574.0
2025-04-11 14:02:00+00:00,112.46875,112.59375,112.46875,112.53125,1463.0
2025-04-11 14:03:00+00:00,112.53125,112.53125,112.375,112.4375,2567.0
2025-04-11 14:04:00+00:00,112.59375,112.6875,112.53125,112.53125,2034.0
2025-04-11 14:05:00+00:00,112.5625,112.71875,112.53125,112.5625,1893.0
2025-04-11 14:06:00+00:00,112.5,112.71875,112.5,112.5625,1334.0
2025-04-11 14:07:00+00:00,112.53125,112.53125,112.4375,112.5,1654.0
2025-04-11 14:08:00+00:00,112.53125,112.53125,112.46875,112.53125,1288.0
2025-04-11 14:09:00+00:00,112.53125,112.625,112.5,112.5625,1766.0
2025-04-11 14:10:00+00:00,112.53125,112.5625,112.4375,112.53125,1525.0
2025-04-11 14:11:00+00:00,112.5625,112.59375,112.4375,112.5,945.0
2025-04-11 14:12:00+00:00,112.53125,112.625,112.5,112.5625,1069.0
2025-04-11 14:13:00+00:00,112.59375,112.625,112.53125,112.53125,1097.0
2025-04-11 14:14:00+00:00,112.53125,112.625,112.53125,112.59375,1139.0
2025-04-11 14:15:00+00:00,112.625,112.625,112.53125,112.53125,1385.0
2025-04-11 14:16:00+00:00,112.46875,112.625,112.46875,112.625,1486.0
2025-04-11 14:17:00+00:00,112.46875,112.53125,112.375,112.46875,3548.0
2025-04-11 14:18:00+00:00,112.375,112.5,112.375,112.4375,5350.0
2025-04-11 14:19:00+00:00,112.25,112.4375,112.21875,112.40625,3325.0
2025-04-11 14:20:00+00:00,112.03125,112.3125,112.03125,112.28125,4533.0
2025-04-11 14:21:00+00:00,112.125,112.1875,112.0,112.0,3993.0
2025-04-11 14:22:00+00:00,112.09375,112.125,112.03125,112.125,1955.0
2025-04-11 14:23:00+00:00,112.09375,112.09375,112.0,112.09375,2856.0
2025-04-11 14:24:00+00:00,112.28125,112.28125,112.0625,112.0625,2547.0
2025-04-11 14:25:00+00:00,112.3125,112.375,112.28125,112.3125,3733.0
2025-04-11 14:26:00+00:00,112.3125,112.3125,112.21875,112.3125,3149.0
2025-04-11 14:27:00+00:00,112.34375,112.375,112.25,112.3125,2764.0
2025-04-11 14:28:00+00:00,112.25,112.375,112.21875,112.34375,3207.0
2025-04-11 14:29:00+00:00,112.21875,112.25,112.15625,112.25,1088.0
2025-04-11 14:30:00+00:00,112.3125,112.34375,112.1875,112.1875,1761.0
2025-04-11 14:31:00+00:00,112.21875,112.3125,112.1875,112.28125,2426.0
2025-04-11 14:32:00+00:00,112.21875,112.375,112.21875,112.21875,2882.0
2025-04-11 14:33:00+00:00,112.4375,112.4375,112.25,112.25,2167.0
2025-04-11 14:34:00+00:00,112.4375,112.46875,112.40625,112.40625,1383.0
2025-04-11 14:35:00+00:00,112.53125,112.53125,112.40625,112.40625,2467.0
2025-04-11 14:36:00+00:00,112.40625,112.53125,112.375,112.53125,1298.0
2025-04-11 14:37:00+00:00,112.3125,112.40625,112.3125,112.375,1148.0
2025-04-11 14:38:00+00:00,112.375,112.375,112.28125,112.34375,928.0
2025-04-11 14:39:00+00:00,112.34375,112.375,112.28125,112.375,1028.0
2025-04-11 14:40:00+00:00,112.28125,112.375,112.28125,112.34375,654.0
2025-04-11 14:41:00+00:00,112.21875,112.28125,112.1875,112.28125,1502.0
2025-04-11 14:42:00+00:00,112.1875,112.25,112.15625,112.21875,1911.0
2025-04-11 14:43:00+00:00,112.1875,112.25,112.1875,112.1875,1228.0
2025-04-11 14:44:00+00:00,112.15625,112.1875,112.09375,112.1875,1924.0
2025-04-11 14:45:00+00:00,112.1875,112.21875,112.15625,112.15625,912.0
2025-04-11 14:46:00+00:00,112.09375,112.15625,112.0625,112.15625,904.0
2025-04-11 14:47:00+00:00,112.15625,112.15625,112.125,112.125,564.0
2025-04-11 14:48:00+00:00,112.1875,112.21875,112.15625,112.1875,537.0
2025-04-11 14:49:00+00:00,112.1875,112.21875,112.15625,112.1875,539.0
2025-04-11 14:50:00+00:00,112.09375,112.21875,112.0625,112.1875,1795.0
2025-04-11 14:51:00+00:00,112.0,112.09375,111.96875,112.09375,2195.0
2025-04-11 14:52:00+00:00,112.0,112.0625,111.96875,112.0,2060.0
2025-04-11 14:53:00+00:00,112.0625,112.0625,112.0,112.03125,1172.0
2025-04-11 14:54:00+00:00,112.0625,112.15625,112.0625,112.0625,1154.0
2025-04-11 14:55:00+00:00,112.125,112.21875,112.09375,112.09375,1172.0
2025-04-11 14:56:00+00:00,112.125,112.15625,112.125,112.125,1109.0
2025-04-11 14:57:00+00:00,112.15625,112.1875,112.125,112.15625,777.0
2025-04-11 14:58:00+00:00,112.03125,112.1875,112.03125,112.15625,2926.0
2025-04-11 14:59:00+00:00,112.0,112.09375,111.96875,112.03125,1339.0
2025-04-11 15:00:00+00:00,112.0,112.03125,111.9375,112.0,1621.0
2025-04-11 15:01:00+00:00,112.03125,112.03125,111.96875,112.0,1078.0
2025-04-11 15:02:00+00:00,111.96875,112.03125,111.96875,112.03125,1224.0
2025-04-11 15:03:00+00:00,111.9375,111.96875,111.875,111.96875,2008.0
2025-04-11 15:04:00+00:00,111.8125,111.90625,111.78125,111.90625,1533.0
2025-04-11 15:05:00+00:00,111.71875,111.8125,111.65625,111.78125,3477.0
2025-04-11 15:06:00+00:00,111.78125,111.78125,111.6875,111.75,2461.0
2025-04-11 15:07:00+00:00,111.75,111.78125,111.71875,111.75,1290.0
2025-04-11 15:08:00+00:00,111.8125,111.84375,111.75,111.75,1234.0
2025-04-11 15:09:00+00:00,111.90625,111.90625,111.8125,111.8125,955.0
2025-04-11 15:10:00+00:00,111.9375,111.96875,111.875,111.90625,1199.0
2025-04-11 15:11:00+00:00,111.9375,111.96875,111.90625,111.9375,1190.0
2025-04-11 15:12:00+00:00,112.0,112.0,111.90625,111.90625,940.0
2025-04-11 15:13:00+00:00,111.96875,112.0,111.9375,112.0,750.0
2025-04-11 15:14:00+00:00,111.9375,112.09375,111.9375,111.96875,2086.0
2025-04-11 15:15:00+00:00,111.9375,111.9375,111.84375,111.90625,1009.0
2025-04-11 15:16:00+00:00,111.9375,112.0,111.90625,111.9375,828.0
2025-04-11 15:17:00+00:00,111.96875,111.96875,111.90625,111.90625,523.0
2025-04-11 15:18:00+00:00,111.9375,111.96875,111.9375,111.96875,868.0
2025-04-11 15:19:00+00:00,112.09375,112.09375,111.96875,111.96875,3762.0
2025-04-11 15:20:00+00:00,112.125,112.15625,112.0625,112.09375,1056.0
2025-04-11 15:21:00+00:00,112.09375,112.125,112.09375,112.125,1135.0
2025-04-11 15:22:00+00:00,112.03125,112.125,112.03125,112.09375,1054.0
2025-04-11 15:23:00+00:00,112.0625,112.0625,112.0,112.03125,1756.0
2025-04-11 15:24:00+00:00,112.09375,112.125,112.03125,112.03125,1831.0
2025-04-11 15:25:00+00:00,112.1875,112.21875,112.09375,112.09375,3616.0
2025-04-11 15:26:00+00:00,112.15625,112.1875,112.125,112.1875,787.0
2025-04-11 15:27:00+00:00,112.21875,112.21875,112.125,112.125,800.0
2025-04-11 15:28:00+00:00,112.28125,112.28125,112.1875,112.21875,1699.0
2025-04-11 15:29:00+00:00,112.3125,112.375,112.28125,112.28125,2110.0
2025-04-11 15:30:00+00:00,112.34375,112.375,112.3125,112.34375,1175.0
2025-04-11 15:31:00+00:00,112.375,112.40625,112.28125,112.34375,925.0
2025-04-11 15:32:00+00:00,112.4375,112.4375,112.34375,112.375,1172.0
2025-04-11 15:33:00+00:00,112.46875,112.46875,112.40625,112.46875,742.0
2025-04-11 15:34:00+00:00,112.375,112.46875,112.375,112.46875,802.0
2025-04-11 15:35:00+00:00,112.375,112.40625,112.34375,112.375,611.0
2025-04-11 15:36:00+00:00,112.4375,112.4375,112.375,112.375,593.0
2025-04-11 15:37:00+00:00,112.53125,112.53125,112.4375,112.4375,1313.0
2025-04-11 15:38:00+00:00,112.5,112.59375,112.5,112.53125,1183.0
2025-04-11 15:39:00+00:00,112.5625,112.59375,112.5,112.53125,624.0
2025-04-11 15:40:00+00:00,112.53125,112.59375,112.53125,112.5625,467.0
2025-04-11 15:41:00+00:00,112.59375,112.625,112.53125,112.53125,767.0
2025-04-11 15:42:00+00:00,112.625,112.65625,112.53125,112.5625,794.0
2025-04-11 15:43:00+00:00,112.625,112.71875,112.625,112.65625,1122.0
2025-04-11 15:44:00+00:00,112.625,112.6875,112.625,112.625,1276.0
2025-04-11 15:45:00+00:00,112.5625,112.65625,112.5625,112.625,1129.0
2025-04-11 15:46:00+00:00,112.71875,112.71875,112.59375,112.59375,1374.0
2025-04-11 15:47:00+00:00,112.8125,112.8125,112.6875,112.75,1851.0
2025-04-11 15:48:00+00:00,112.6875,112.78125,112.6875,112.78125,1679.0
2025-04-11 15:49:00+00:00,112.6875,112.71875,112.6875,112.6875,1383.0
2025-04-11 15:50:00+00:00,112.8125,112.8125,112.6875,112.6875,1272.0
2025-04-11 15:51:00+00:00,112.78125,112.84375,112.78125,112.8125,716.0
2025-04-11 15:52:00+00:00,112.78125,112.8125,112.78125,112.8125,333.0
2025-04-11 15:53:00+00:00,112.625,112.78125,112.59375,112.78125,1620.0
2025-04-11 15:54:00+00:00,112.625,112.65625,112.59375,112.625,1172.0
2025-04-11 15:55:00+00:00,112.59375,112.625,112.5,112.625,2785.0
2025-04-11 15:56:00+00:00,112.5625,112.59375,112.53125,112.5625,974.0
2025-04-11 15:57:00+00:00,112.5625,112.5625,112.5,112.53125,766.0
2025-04-11 15:58:00+00:00,112.65625,112.6875,112.5625,112.59375,562.0
2025-04-11 15:59:00+00:00,112.59375,112.65625,112.53125,112.65625,921.0
2025-04-11 16:00:00+00:00,112.59375,112.65625,112.5625,112.59375,735.0
2025-04-11 16:01:00+00:00,112.53125,112.59375,112.53125,112.5625,1679.0
2025-04-11 16:02:00+00:00,112.6875,112.6875,112.46875,112.53125,1862.0
2025-04-11 16:03:00+00:00,112.59375,112.65625,112.59375,112.65625,1371.0
2025-04-11 16:04:00+00:00,112.65625,112.65625,112.5625,112.5625,547.0
2025-04-11 16:05:00+00:00,112.625,112.6875,112.625,112.65625,625.0
2025-04-11 16:06:00+00:00,112.625,112.625,112.5625,112.59375,414.0
2025-04-11 16:07:00+00:00,112.625,112.65625,112.59375,112.59375,882.0
2025-04-11 16:08:00+00:00,112.6875,112.6875,112.59375,112.59375,734.0
2025-04-11 16:09:00+00:00,112.71875,112.75,112.65625,112.65625,1269.0
2025-04-11 16:10:00+00:00,112.84375,112.84375,112.71875,112.71875,975.0
2025-04-11 16:11:00+00:00,112.8125,112.84375,112.78125,112.84375,979.0
2025-04-11 16:12:00+00:00,112.8125,112.84375,112.8125,112.84375,676.0
2025-04-11 16:13:00+00:00,112.78125,112.84375,112.78125,112.84375,661.0
2025-04-11 16:14:00+00:00,112.75,112.78125,112.75,112.75,263.0
2025-04-11 16:15:00+00:00,112.71875,112.78125,112.71875,112.78125,443.0
2025-04-11 16:16:00+00:00,112.75,112.78125,112.6875,112.71875,1619.0
2025-04-11 16:17:00+00:00,112.71875,112.78125,112.65625,112.75,404.0
2025-04-11 16:18:00+00:00,112.625,112.75,112.625,112.71875,948.0
2025-04-11 16:19:00+00:00,112.6875,112.6875,112.59375,112.65625,666.0
2025-04-11 16:20:00+00:00,112.75,112.75,112.65625,112.6875,575.0
2025-04-11 16:21:00+00:00,112.75,112.75,112.75,112.75,245.0
2025-04-11 16:22:00+00:00,112.875,112.90625,112.78125,112.78125,1421.0
2025-04-11 16:23:00+00:00,112.9375,112.9375,112.875,112.875,1994.0
2025-04-11 16:24:00+00:00,112.90625,112.9375,112.90625,112.9375,242.0
2025-04-11 16:25:00+00:00,112.90625,112.9375,112.84375,112.9375,630.0
2025-04-11 16:26:00+00:00,112.875,112.90625,112.875,112.90625,1161.0
2025-04-11 16:27:00+00:00,112.9375,112.9375,112.875,112.875,1174.0
2025-04-11 16:28:00+00:00,112.9375,112.96875,112.90625,112.9375,1404.0
2025-04-11 16:29:00+00:00,113.0,113.03125,112.9375,112.9375,1818.0
2025-04-11 16:30:00+00:00,113.0,113.03125,112.96875,112.96875,887.0
2025-04-11 16:31:00+00:00,113.0,113.03125,112.96875,113.0,733.0
2025-04-11 16:32:00+00:00,113.0,113.0,112.96875,113.0,628.0
2025-04-11 16:33:00+00:00,113.03125,113.03125,112.96875,113.0,2206.0
2025-04-11 16:34:00+00:00,113.0,113.0625,113.0,113.03125,1170.0
2025-04-11 16:35:00+00:00,112.9375,113.0,112.9375,113.0,1382.0
2025-04-11 16:36:00+00:00,112.96875,113.0,112.9375,112.9375,540.0
2025-04-11 16:37:00+00:00,113.0,113.0,112.9375,112.96875,2031.0
2025-04-11 16:38:00+00:00,113.0,113.03125,113.0,113.0,424.0
2025-04-11 16:39:00+00:00,113.03125,113.0625,113.0,113.0,518.0
2025-04-11 16:40:00+00:00,113.0625,113.0625,113.03125,113.0625,1035.0
2025-04-11 16:41:00+00:00,113.0625,113.0625,113.03125,113.0625,563.0
2025-04-11 16:42:00+00:00,113.15625,113.15625,113.0625,113.0625,845.0
2025-04-11 16:43:00+00:00,113.21875,113.21875,113.15625,113.15625,1134.0
2025-04-11 16:44:00+00:00,113.25,113.25,113.1875,113.1875,950.0
2025-04-11 16:45:00+00:00,113.34375,113.375,113.28125,113.28125,3277.0
2025-04-11 16:46:00+00:00,113.4375,113.46875,113.34375,113.34375,1873.0
2025-04-11 16:47:00+00:00,113.4375,113.46875,113.375,113.4375,1328.0
2025-04-11 16:48:00+00:00,113.5,113.5,113.40625,113.4375,1043.0
2025-04-11 16:49:00+00:00,113.625,113.625,113.46875,113.5,2792.0
2025-04-11 16:50:00+00:00,113.625,113.625,113.53125,113.59375,2722.0
2025-04-11 16:51:00+00:00,113.6875,113.71875,113.59375,113.625,1585.0
2025-04-11 16:52:00+00:00,113.75,113.8125,113.6875,113.71875,1886.0
2025-04-11 16:53:00+00:00,113.6875,113.78125,113.6875,113.75,1592.0
2025-04-11 16:54:00+00:00,113.5625,113.71875,113.5625,113.6875,2098.0
2025-04-11 16:55:00+00:00,113.59375,113.625,113.5625,113.5625,944.0
2025-04-11 16:56:00+00:00,113.65625,113.65625,113.5625,113.625,358.0
2025-04-11 16:57:00+00:00,113.65625,113.6875,113.625,113.65625,834.0
2025-04-11 16:58:00+00:00,113.71875,113.75,113.65625,113.65625,1259.0
2025-04-11 16:59:00+00:00,113.59375,113.75,113.59375,113.75,393.0
2025-04-11 17:00:00+00:00,113.5,113.59375,113.5,113.59375,1638.0
2025-04-11 17:01:00+00:00,113.375,113.5,113.375,113.46875,1774.0
2025-04-11 17:02:00+00:00,113.40625,113.4375,113.28125,113.375,2290.0
2025-04-11 17:03:00+00:00,113.4375,113.46875,113.375,113.40625,1258.0
2025-04-11 17:04:00+00:00,113.4375,113.5,113.4375,113.4375,940.0
2025-04-11 17:05:00+00:00,113.4375,113.46875,113.375,113.4375,2217.0
2025-04-11 17:06:00+00:00,113.40625,113.4375,113.40625,113.4375,729.0
2025-04-11 17:07:00+00:00,113.375,113.4375,113.375,113.4375,1335.0
2025-04-11 17:08:00+00:00,113.4375,113.4375,113.3125,113.375,1709.0
2025-04-11 17:09:00+00:00,113.375,113.46875,113.3125,113.4375,999.0
2025-04-11 17:10:00+00:00,113.375,113.4375,113.375,113.40625,613.0
2025-04-11 17:11:00+00:00,113.375,113.40625,113.375,113.40625,252.0
2025-04-11 17:12:00+00:00,113.375,113.40625,113.375,113.375,487.0
2025-04-11 17:13:00+00:00,113.34375,113.375,113.34375,113.375,271.0
2025-04-11 17:14:00+00:00,113.375,113.375,113.3125,113.34375,737.0
2025-04-11 17:15:00+00:00,113.40625,113.40625,113.375,113.375,417.0
2025-04-11 17:16:00+00:00,113.34375,113.40625,113.34375,113.40625,324.0
2025-04-11 17:17:00+00:00,113.3125,113.34375,113.3125,113.34375,691.0
2025-04-11 17:18:00+00:00,113.3125,113.34375,113.3125,113.34375,438.0
2025-04-11 17:19:00+00:00,113.25,113.28125,113.21875,113.28125,1216.0
2025-04-11 17:20:00+00:00,113.3125,113.3125,113.21875,113.25,1294.0
2025-04-11 17:21:00+00:00,113.28125,113.34375,113.28125,113.28125,214.0
2025-04-11 17:22:00+00:00,113.28125,113.3125,113.25,113.25,246.0
2025-04-11 17:23:00+00:00,113.25,113.3125,113.25,113.28125,1148.0
2025-04-11 17:24:00+00:00,113.125,113.21875,113.125,113.21875,910.0
2025-04-11 17:25:00+00:00,113.1875,113.1875,113.09375,113.15625,1580.0
2025-04-11 17:26:00+00:00,113.15625,113.21875,113.15625,113.15625,848.0
2025-04-11 17:27:00+00:00,113.0625,113.125,113.0625,113.125,800.0
2025-04-11 17:28:00+00:00,113.0625,113.09375,113.0625,113.09375,369.0
2025-04-11 17:29:00+00:00,113.0625,113.0625,113.03125,113.0625,971.0
2025-04-11 17:30:00+00:00,113.03125,113.0625,112.96875,113.0625,846.0
2025-04-11 17:31:00+00:00,113.03125,113.0625,113.03125,113.03125,750.0
2025-04-11 17:32:00+00:00,112.96875,113.0625,112.96875,113.0,554.0
2025-04-11 17:33:00+00:00,112.875,112.96875,112.84375,112.96875,1626.0
2025-04-11 17:34:00+00:00,112.8125,112.875,112.8125,112.875,524.0
2025-04-11 17:35:00+00:00,112.75,112.84375,112.75,112.84375,1218.0
2025-04-11 17:36:00+00:00,112.875,112.90625,112.78125,112.78125,1503.0
2025-04-11 17:37:00+00:00,112.96875,112.96875,112.90625,112.90625,1116.0
2025-04-11 17:38:00+00:00,113.21875,113.21875,112.96875,112.96875,3255.0
2025-04-11 17:39:00+00:00,113.46875,113.5,113.21875,113.21875,3911.0
2025-04-11 17:40:00+00:00,113.5625,113.78125,113.40625,113.46875,4210.0
2025-04-11 17:41:00+00:00,113.40625,113.59375,113.375,113.5625,4574.0
2025-04-11 17:42:00+00:00,113.78125,113.78125,113.375,113.40625,3854.0
2025-04-11 17:43:00+00:00,113.75,113.78125,113.625,113.78125,2228.0
2025-04-11 17:44:00+00:00,113.6875,113.71875,113.625,113.71875,1013.0
2025-04-11 17:45:00+00:00,113.5625,113.65625,113.5,113.65625,2269.0
2025-04-11 17:46:00+00:00,113.46875,113.59375,113.46875,113.5625,1040.0
2025-04-11 17:47:00+00:00,113.53125,113.5625,113.4375,113.46875,482.0
2025-04-11 17:48:00+00:00,113.53125,113.53125,113.46875,113.53125,853.0
2025-04-11 17:49:00+00:00,113.53125,113.53125,113.4375,113.5,1018.0
2025-04-11 17:50:00+00:00,113.53125,113.53125,113.4375,113.53125,1075.0
2025-04-11 17:51:00+00:00,113.625,113.625,113.5,113.5,722.0
2025-04-11 17:52:00+00:00,113.5625,113.625,113.5625,113.59375,884.0
2025-04-11 17:53:00+00:00,113.5625,113.5625,113.53125,113.53125,557.0
2025-04-11 17:54:00+00:00,113.53125,113.53125,113.46875,113.53125,1123.0
2025-04-11 17:55:00+00:00,113.53125,113.53125,113.5,113.53125,503.0
2025-04-11 17:56:00+00:00,113.40625,113.53125,113.40625,113.5,1058.0
2025-04-11 17:57:00+00:00,113.40625,113.40625,113.34375,113.375,1728.0
2025-04-11 17:58:00+00:00,113.4375,113.4375,113.34375,113.40625,896.0
2025-04-11 17:59:00+00:00,113.40625,113.46875,113.40625,113.4375,1157.0
2025-04-11 18:00:00+00:00,113.40625,113.4375,113.375,113.4375,1117.0
2025-04-11 18:01:00+00:00,113.375,113.4375,113.375,113.4375,444.0
2025-04-11 18:02:00+00:00,113.375,113.4375,113.375,113.375,724.0
2025-04-11 18:03:00+00:00,113.375,113.4375,113.375,113.40625,623.0
2025-04-11 18:04:00+00:00,113.34375,113.375,113.34375,113.375,768.0
2025-04-11 18:05:00+00:00,113.375,113.40625,113.3125,113.34375,562.0
2025-04-11 18:06:00+00:00,113.3125,113.375,113.3125,113.34375,560.0
2025-04-11 18:07:00+00:00,113.28125,113.3125,113.28125,113.28125,470.0
2025-04-11 18:08:00+00:00,113.28125,113.3125,113.28125,113.3125,606.0
2025-04-11 18:09:00+00:00,113.3125,113.34375,113.3125,113.3125,644.0
2025-04-11 18:10:00+00:00,113.25,113.3125,113.21875,113.3125,1105.0
2025-04-11 18:11:00+00:00,113.21875,113.25,113.15625,113.21875,764.0
2025-04-11 18:12:00+00:00,113.15625,113.21875,113.125,113.21875,487.0
2025-04-11 18:13:00+00:00,113.15625,113.1875,113.15625,113.15625,800.0
2025-04-11 18:14:00+00:00,113.125,113.1875,113.125,113.15625,580.0
2025-04-11 18:15:00+00:00,113.1875,113.1875,113.125,113.15625,591.0
2025-04-11 18:16:00+00:00,113.1875,113.1875,113.15625,113.1875,278.0
2025-04-11 18:17:00+00:00,113.125,113.1875,113.125,113.1875,637.0
2025-04-11 18:18:00+00:00,112.96875,113.15625,112.96875,113.125,3399.0
2025-04-11 18:19:00+00:00,113.09375,113.09375,112.9375,112.96875,1277.0
2025-04-11 18:20:00+00:00,113.09375,113.15625,113.0625,113.125,2585.0
2025-04-11 18:21:00+00:00,113.15625,113.15625,113.0625,113.09375,976.0
2025-04-11 18:22:00+00:00,113.28125,113.28125,113.15625,113.15625,843.0
2025-04-11 18:23:00+00:00,113.25,113.28125,113.25,113.25,893.0
2025-04-11 18:24:00+00:00,113.1875,113.25,113.1875,113.25,1147.0
2025-04-11 18:25:00+00:00,113.125,113.21875,113.125,113.1875,368.0
2025-04-11 18:26:00+00:00,113.125,113.15625,113.09375,113.125,481.0
2025-04-11 18:27:00+00:00,113.09375,113.15625,113.0625,113.125,599.0
2025-04-11 18:28:00+00:00,113.0625,113.125,113.0625,113.09375,723.0
2025-04-11 18:29:00+00:00,113.0625,113.125,113.0625,113.09375,712.0
2025-04-11 18:30:00+00:00,113.0625,113.09375,113.03125,113.0625,725.0
2025-04-11 18:31:00+00:00,113.03125,113.09375,113.03125,113.0625,414.0
2025-04-11 18:32:00+00:00,113.125,113.125,113.0,113.0625,572.0
2025-04-11 18:33:00+00:00,113.125,113.15625,113.125,113.125,168.0
2025-04-11 18:34:00+00:00,113.15625,113.1875,113.15625,113.15625,525.0
2025-04-11 18:35:00+00:00,113.03125,113.125,113.03125,113.125,536.0
2025-04-11 18:36:00+00:00,113.0,113.03125,113.0,113.0,343.0
2025-04-11 18:37:00+00:00,113.0,113.03125,113.0,113.0,696.0
2025-04-11 18:38:00+00:00,113.03125,113.03125,112.96875,113.0,49.0
2025-04-11 18:39:00+00:00,113.09375,113.09375,113.03125,113.03125,466.0
2025-04-11 18:40:00+00:00,113.15625,113.1875,113.125,113.125,1428.0
2025-04-11 18:41:00+00:00,113.1875,113.1875,113.15625,113.15625,772.0
2025-04-11 18:42:00+00:00,113.125,113.15625,113.09375,113.15625,573.0
2025-04-11 18:43:00+00:00,113.125,113.15625,113.09375,113.125,726.0
2025-04-11 18:44:00+00:00,113.125,113.15625,113.125,113.125,378.0
2025-04-11 18:45:00+00:00,113.15625,113.1875,113.09375,113.125,719.0
2025-04-11 18:46:00+00:00,113.25,113.28125,113.15625,113.15625,977.0
2025-04-11 18:47:00+00:00,113.28125,113.3125,113.25,113.25,847.0
2025-04-11 18:48:00+00:00,113.34375,113.375,113.28125,113.28125,1275.0
2025-04-11 18:49:00+00:00,113.40625,113.40625,113.34375,113.34375,1146.0
2025-04-11 18:50:00+00:00,113.46875,113.46875,113.40625,113.40625,459.0
2025-04-11 18:51:00+00:00,113.4375,113.5,113.4375,113.4375,1111.0
2025-04-11 18:52:00+00:00,113.40625,113.4375,113.40625,113.4375,478.0
2025-04-11 18:53:00+00:00,113.375,113.4375,113.375,113.4375,937.0
2025-04-11 18:54:00+00:00,113.3125,113.375,113.3125,113.375,751.0
2025-04-11 18:55:00+00:00,113.34375,113.40625,113.3125,113.3125,456.0
2025-04-11 18:56:00+00:00,113.34375,113.375,113.3125,113.34375,830.0
2025-04-11 18:57:00+00:00,113.1875,113.34375,113.1875,113.34375,1471.0
2025-04-11 18:58:00+00:00,113.1875,113.21875,113.1875,113.1875,896.0
2025-04-11 18:59:00+00:00,113.21875,113.25,113.125,113.1875,6137.0
2025-04-11 19:00:00+00:00,113.1875,113.21875,113.15625,113.1875,2107.0
2025-04-11 19:01:00+00:00,113.15625,113.15625,113.09375,113.15625,672.0
2025-04-11 19:02:00+00:00,113.25,113.25,113.15625,113.15625,581.0
2025-04-11 19:03:00+00:00,113.34375,113.34375,113.25,113.25,419.0
2025-04-11 19:04:00+00:00,113.25,113.34375,113.25,113.3125,440.0
2025-04-11 19:05:00+00:00,113.28125,113.28125,113.25,113.25,281.0
2025-04-11 19:06:00+00:00,113.21875,113.28125,113.1875,113.28125,1672.0
2025-04-11 19:07:00+00:00,113.21875,113.21875,113.1875,113.21875,316.0
2025-04-11 19:08:00+00:00,113.25,113.25,113.21875,113.21875,486.0
2025-04-11 19:09:00+00:00,113.21875,113.28125,113.21875,113.25,807.0
2025-04-11 19:10:00+00:00,113.1875,113.25,113.1875,113.21875,1703.0
2025-04-11 19:11:00+00:00,113.28125,113.28125,113.1875,113.1875,831.0
2025-04-11 19:12:00+00:00,113.34375,113.375,113.25,113.25,618.0
2025-04-11 19:13:00+00:00,113.3125,113.375,113.3125,113.375,393.0
2025-04-11 19:14:00+00:00,113.34375,113.375,113.3125,113.3125,377.0
2025-04-11 19:15:00+00:00,113.34375,113.375,113.34375,113.34375,153.0
2025-04-11 19:16:00+00:00,113.40625,113.4375,113.34375,113.34375,378.0
2025-04-11 19:17:00+00:00,113.40625,113.4375,113.40625,113.40625,180.0
2025-04-11 19:18:00+00:00,113.375,113.40625,113.375,113.40625,610.0
2025-04-11 19:19:00+00:00,113.34375,113.375,113.34375,113.375,152.0
2025-04-11 19:20:00+00:00,113.34375,113.34375,113.3125,113.34375,589.0
2025-04-11 19:21:00+00:00,113.375,113.375,113.3125,113.34375,495.0
2025-04-11 19:22:00+00:00,113.40625,113.40625,113.375,113.375,497.0
2025-04-11 19:23:00+00:00,113.375,113.40625,113.375,113.375,514.0
2025-04-11 19:24:00+00:00,113.4375,113.4375,113.375,113.40625,93.0
2025-04-11 19:25:00+00:00,113.40625,113.40625,113.375,113.40625,651.0
2025-04-11 19:26:00+00:00,113.40625,113.40625,113.375,113.40625,90.0
2025-04-11 19:27:00+00:00,113.375,113.40625,113.375,113.375,571.0
2025-04-11 19:28:00+00:00,113.40625,113.40625,113.375,113.375,321.0
2025-04-11 19:29:00+00:00,113.40625,113.40625,113.375,113.40625,555.0
2025-04-11 19:30:00+00:00,113.4375,113.46875,113.4375,113.4375,747.0
2025-04-11 19:31:00+00:00,113.46875,113.5,113.4375,113.46875,485.0
2025-04-11 19:32:00+00:00,113.46875,113.53125,113.4375,113.46875,1105.0
2025-04-11 19:33:00+00:00,113.53125,113.53125,113.46875,113.5,908.0
2025-04-11 19:34:00+00:00,113.53125,113.5625,113.5,113.53125,305.0
2025-04-11 19:35:00+00:00,113.5625,113.5625,113.53125,113.53125,1399.0
2025-04-11 19:36:00+00:00,113.59375,113.59375,113.53125,113.5625,742.0
2025-04-11 19:37:00+00:00,113.53125,113.5625,113.53125,113.5625,1549.0
2025-04-11 19:38:00+00:00,113.53125,113.5625,113.53125,113.53125,752.0
2025-04-11 19:39:00+00:00,113.5,113.5625,113.5,113.53125,473.0
2025-04-11 19:40:00+00:00,113.5625,113.59375,113.5,113.53125,1255.0
2025-04-11 19:41:00+00:00,113.53125,113.59375,113.53125,113.5625,1809.0
2025-04-11 19:42:00+00:00,113.5,113.53125,113.5,113.53125,356.0
2025-04-11 19:43:00+00:00,113.46875,113.46875,113.4375,113.46875,575.0
2025-04-11 19:44:00+00:00,113.4375,113.46875,113.4375,113.46875,566.0
2025-04-11 19:45:00+00:00,113.5,113.5,113.4375,113.4375,661.0
2025-04-11 19:46:00+00:00,113.46875,113.5,113.46875,113.5,659.0
2025-04-11 19:47:00+00:00,113.5625,113.5625,113.4375,113.4375,912.0
2025-04-11 19:48:00+00:00,113.4375,113.5625,113.4375,113.53125,747.0
2025-04-11 19:49:00+00:00,113.375,113.4375,113.375,113.4375,1642.0
2025-04-11 19:50:00+00:00,113.40625,113.4375,113.40625,113.40625,935.0
2025-04-11 19:51:00+00:00,113.46875,113.46875,113.4375,113.4375,690.0
2025-04-11 19:52:00+00:00,113.46875,113.46875,113.46875,113.46875,345.0
2025-04-11 19:53:00+00:00,113.34375,113.4375,113.34375,113.4375,1227.0
2025-04-11 19:54:00+00:00,113.3125,113.34375,113.28125,113.34375,1505.0
2025-04-11 19:55:00+00:00,113.40625,113.40625,113.3125,113.3125,804.0
2025-04-11 19:56:00+00:00,113.46875,113.46875,113.4375,113.4375,724.0
2025-04-11 19:57:00+00:00,113.40625,113.5,113.40625,113.5,1022.0
2025-04-11 19:58:00+00:00,113.46875,113.46875,113.4375,113.4375,1015.0
2025-04-11 19:59:00+00:00,113.4375,113.46875,113.40625,113.4375,7255.0
2025-04-11 20:00:00+00:00,113.34375,113.4375,113.3125,113.4375,4163.0
2025-04-11 20:01:00+00:00,113.3125,113.34375,113.3125,113.34375,346.0
2025-04-11 20:02:00+00:00,113.34375,113.34375,113.3125,113.34375,164.0
2025-04-11 20:03:00+00:00,113.34375,113.34375,113.34375,113.34375,53.0
2025-04-11 20:04:00+00:00,113.28125,113.34375,113.28125,113.34375,907.0
2025-04-11 20:05:00+00:00,113.25,113.3125,113.21875,113.28125,702.0
2025-04-11 20:06:00+00:00,113.28125,113.28125,113.25,113.25,497.0
2025-04-11 20:07:00+00:00,113.25,113.28125,113.25,113.28125,137.0
2025-04-11 20:08:00+00:00,113.21875,113.21875,113.1875,113.21875,384.0
2025-04-11 20:09:00+00:00,113.21875,113.21875,113.1875,113.21875,120.0
2025-04-11 20:10:00+00:00,113.25,113.25,113.1875,113.1875,202.0
2025-04-11 20:11:00+00:00,113.1875,113.25,113.1875,113.25,388.0
2025-04-11 20:12:00+00:00,113.15625,113.1875,113.15625,113.1875,631.0
2025-04-11 20:13:00+00:00,113.1875,113.1875,113.1875,113.1875,150.0
2025-04-11 20:14:00+00:00,113.1875,113.21875,113.1875,113.21875,212.0
2025-04-11 20:15:00+00:00,113.125,113.1875,113.125,113.15625,854.0
2025-04-11 20:16:00+00:00,113.125,113.125,113.09375,113.125,326.0
2025-04-11 20:17:00+00:00,113.15625,113.15625,113.125,113.125,77.0
2025-04-11 20:18:00+00:00,113.125,113.15625,113.125,113.125,434.0
2025-04-11 20:19:00+00:00,113.125,113.125,113.125,113.125,324.0
2025-04-11 20:20:00+00:00,113.125,113.1875,113.125,113.125,438.0
2025-04-11 20:21:00+00:00,113.09375,113.15625,113.09375,113.15625,306.0
2025-04-11 20:22:00+00:00,113.09375,113.09375,113.0625,113.09375,178.0
2025-04-11 20:23:00+00:00,113.09375,113.125,113.03125,113.0625,353.0
2025-04-11 20:24:00+00:00,113.125,113.125,113.0625,113.0625,208.0
2025-04-11 20:25:00+00:00,113.125,113.15625,113.09375,113.125,454.0
2025-04-11 20:27:00+00:00,113.15625,113.1875,113.15625,113.15625,363.0
2025-04-11 20:28:00+00:00,113.125,113.1875,113.125,113.1875,141.0
2025-04-11 20:29:00+00:00,113.1875,113.1875,113.15625,113.15625,167.0
2025-04-11 20:30:00+00:00,113.1875,113.1875,113.15625,113.1875,142.0
2025-04-11 20:31:00+00:00,113.125,113.15625,113.125,113.15625,235.0
2025-04-11 20:32:00+00:00,113.15625,113.15625,113.125,113.15625,28.0
2025-04-11 20:33:00+00:00,113.09375,113.125,113.09375,113.125,756.0
2025-04-11 20:34:00+00:00,113.0625,113.09375,113.0625,113.09375,42.0
2025-04-11 20:35:00+00:00,113.09375,113.125,113.09375,113.09375,309.0
2025-04-11 20:36:00+00:00,113.09375,113.09375,113.09375,113.09375,81.0
2025-04-11 20:37:00+00:00,113.09375,113.09375,113.0625,113.0625,41.0
2025-04-11 20:38:00+00:00,113.125,113.125,113.0625,113.0625,159.0
2025-04-11 20:39:00+00:00,113.09375,113.09375,113.0625,113.09375,215.0
2025-04-11 20:40:00+00:00,113.125,113.125,113.0625,113.0625,104.0
2025-04-11 20:42:00+00:00,113.09375,113.125,113.09375,113.09375,390.0
2025-04-11 20:43:00+00:00,113.09375,113.125,113.09375,113.125,338.0
2025-04-11 20:44:00+00:00,113.0,113.09375,113.0,113.0625,271.0
2025-04-11 20:45:00+00:00,112.96875,113.03125,112.96875,113.03125,573.0
2025-04-11 20:46:00+00:00,113.03125,113.03125,112.96875,113.0,100.0
2025-04-11 20:47:00+00:00,113.03125,113.03125,113.0,113.0,143.0
2025-04-11 20:48:00+00:00,113.03125,113.03125,113.0,113.03125,103.0
2025-04-11 20:49:00+00:00,113.0,113.03125,113.0,113.0,94.0
2025-04-11 20:50:00+00:00,113.03125,113.03125,113.03125,113.03125,97.0
2025-04-11 20:51:00+00:00,113.0625,113.0625,113.03125,113.0625,177.0
2025-04-11 20:52:00+00:00,113.0625,113.09375,113.0625,113.0625,84.0
2025-04-11 20:53:00+00:00,113.0625,113.0625,113.03125,113.0625,96.0
2025-04-11 20:54:00+00:00,113.0625,113.0625,113.03125,113.0625,68.0
2025-04-11 20:55:00+00:00,113.0625,113.09375,113.03125,113.09375,367.0
2025-04-11 20:56:00+00:00,113.0625,113.09375,113.03125,113.0625,503.0
2025-04-11 20:57:00+00:00,113.0625,113.0625,113.03125,113.0625,313.0
2025-04-11 20:58:00+00:00,113.03125,113.09375,112.96875,113.0625,710.0
2025-04-11 20:59:00+00:00,113.0,113.1875,113.0,113.03125,302.0
2025-04-13 22:00:00+00:00,113.0625,113.375,112.59375,113.34375,0.0
2025-04-13 22:01:00+00:00,112.90625,113.0625,112.78125,113.0625,399.0
2025-04-13 22:02:00+00:00,112.875,112.96875,112.84375,112.90625,106.0
2025-04-13 22:03:00+00:00,112.625,113.0,112.625,112.90625,830.0
2025-04-13 22:04:00+00:00,112.59375,112.75,112.5625,112.65625,583.0
2025-04-13 22:05:00+00:00,112.59375,112.65625,112.5625,112.625,247.0
2025-04-13 22:06:00+00:00,112.625,112.625,112.5625,112.5625,175.0
2025-04-13 22:07:00+00:00,112.5625,112.59375,112.5,112.59375,148.0
2025-04-13 22:08:00+00:00,112.53125,112.625,112.53125,112.59375,81.0
2025-04-13 22:09:00+00:00,112.5625,112.5625,112.53125,112.53125,132.0
2025-04-13 22:10:00+00:00,112.53125,112.59375,112.53125,112.59375,116.0
2025-04-13 22:11:00+00:00,112.5625,112.625,112.53125,112.5625,122.0
2025-04-13 22:12:00+00:00,112.625,112.625,112.59375,112.59375,147.0
2025-04-13 22:13:00+00:00,112.75,112.78125,112.625,112.625,570.0
2025-04-13 22:14:00+00:00,112.8125,112.84375,112.75,112.78125,85.0
2025-04-13 22:15:00+00:00,112.8125,112.84375,112.8125,112.8125,43.0
2025-04-13 22:16:00+00:00,112.75,112.8125,112.75,112.8125,117.0
2025-04-13 22:17:00+00:00,112.75,112.78125,112.75,112.78125,54.0
2025-04-13 22:18:00+00:00,112.71875,112.78125,112.71875,112.78125,105.0
2025-04-13 22:19:00+00:00,112.71875,112.75,112.71875,112.71875,86.0
2025-04-13 22:20:00+00:00,112.6875,112.6875,112.6875,112.6875,237.0
2025-04-13 22:21:00+00:00,112.65625,112.6875,112.625,112.6875,107.0
2025-04-13 22:22:00+00:00,112.59375,112.625,112.5625,112.625,183.0
2025-04-13 22:23:00+00:00,112.5625,112.59375,112.5625,112.5625,75.0
2025-04-13 22:24:00+00:00,112.5,112.5625,112.5,112.5625,375.0
2025-04-13 22:25:00+00:00,112.53125,112.53125,112.5,112.53125,65.0
2025-04-13 22:26:00+00:00,112.59375,112.59375,112.53125,112.53125,154.0
2025-04-13 22:27:00+00:00,112.59375,112.625,112.59375,112.59375,94.0
2025-04-13 22:28:00+00:00,112.5625,112.59375,112.5625,112.59375,59.0
2025-04-13 22:29:00+00:00,112.5,112.59375,112.5,112.59375,79.0
2025-04-13 22:30:00+00:00,112.5625,112.59375,112.53125,112.53125,94.0
2025-04-13 22:31:00+00:00,112.625,112.625,112.59375,112.59375,108.0
2025-04-13 22:32:00+00:00,112.625,112.625,112.625,112.625,74.0
2025-04-13 22:33:00+00:00,112.65625,112.65625,112.625,112.625,239.0
2025-04-13 22:34:00+00:00,112.75,112.75,112.6875,112.6875,41.0
2025-04-13 22:35:00+00:00,112.75,112.8125,112.75,112.75,250.0
2025-04-13 22:36:00+00:00,112.71875,112.75,112.6875,112.75,107.0
2025-04-13 22:37:00+00:00,112.75,112.75,112.71875,112.71875,48.0
2025-04-13 22:38:00+00:00,112.71875,112.71875,112.71875,112.71875,35.0
2025-04-13 22:39:00+00:00,112.71875,112.71875,112.6875,112.71875,33.0
2025-04-13 22:40:00+00:00,112.75,112.75,112.65625,112.6875,97.0
2025-04-13 22:41:00+00:00,112.6875,112.75,112.6875,112.75,58.0
2025-04-13 22:42:00+00:00,112.75,112.75,112.71875,112.71875,10.0
2025-04-13 22:43:00+00:00,112.71875,112.71875,112.71875,112.71875,58.0
2025-04-13 22:44:00+00:00,112.6875,112.71875,112.6875,112.71875,57.0
2025-04-13 22:45:00+00:00,112.75,112.75,112.71875,112.71875,37.0
2025-04-13 22:46:00+00:00,112.75,112.75,112.75,112.75,44.0
2025-04-13 22:47:00+00:00,112.75,112.75,112.75,112.75,3.0
2025-04-13 22:48:00+00:00,112.78125,112.78125,112.75,112.75,17.0
2025-04-13 22:49:00+00:00,112.78125,112.78125,112.75,112.78125,13.0
2025-04-13 22:50:00+00:00,112.84375,112.84375,112.78125,112.78125,138.0
2025-04-13 22:51:00+00:00,112.8125,112.84375,112.8125,112.84375,108.0
2025-04-13 22:52:00+00:00,112.8125,112.8125,112.78125,112.78125,65.0
2025-04-13 22:53:00+00:00,112.8125,112.8125,112.78125,112.78125,18.0
2025-04-13 22:54:00+00:00,112.8125,112.8125,112.78125,112.8125,39.0
2025-04-13 22:55:00+00:00,112.8125,112.8125,112.8125,112.8125,103.0
2025-04-13 22:56:00+00:00,112.84375,112.84375,112.78125,112.8125,92.0
2025-04-13 22:57:00+00:00,112.84375,112.84375,112.84375,112.84375,38.0
2025-04-13 22:58:00+00:00,112.90625,112.90625,112.8125,112.8125,188.0
2025-04-13 22:59:00+00:00,112.875,112.90625,112.875,112.90625,98.0
2025-04-13 23:00:00+00:00,112.875,112.90625,112.875,112.875,47.0
2025-04-13 23:01:00+00:00,112.84375,112.875,112.8125,112.875,54.0
2025-04-13 23:02:00+00:00,112.875,112.875,112.875,112.875,10.0
2025-04-13 23:03:00+00:00,112.8125,112.875,112.8125,112.875,15.0
2025-04-13 23:04:00+00:00,112.8125,112.875,112.8125,112.84375,31.0
2025-04-13 23:05:00+00:00,112.78125,112.78125,112.75,112.78125,31.0
2025-04-13 23:06:00+00:00,112.75,112.78125,112.75,112.78125,18.0
2025-04-13 23:07:00+00:00,112.78125,112.78125,112.71875,112.75,120.0
2025-04-13 23:08:00+00:00,112.84375,112.84375,112.8125,112.8125,66.0
2025-04-13 23:09:00+00:00,112.8125,112.8125,112.8125,112.8125,1.0
2025-04-13 23:10:00+00:00,112.8125,112.84375,112.8125,112.84375,15.0
2025-04-13 23:11:00+00:00,112.8125,112.8125,112.8125,112.8125,47.0
2025-04-13 23:12:00+00:00,112.78125,112.8125,112.75,112.8125,109.0
2025-04-13 23:13:00+00:00,112.78125,112.8125,112.75,112.78125,120.0
2025-04-13 23:14:00+00:00,112.78125,112.78125,112.75,112.78125,81.0
2025-04-13 23:15:00+00:00,112.875,112.875,112.78125,112.78125,225.0
2025-04-13 23:16:00+00:00,112.84375,112.875,112.8125,112.875,44.0
2025-04-13 23:17:00+00:00,112.8125,112.84375,112.8125,112.84375,72.0
2025-04-13 23:18:00+00:00,112.8125,112.84375,112.8125,112.8125,7.0
2025-04-13 23:19:00+00:00,112.84375,112.84375,112.84375,112.84375,4.0
2025-04-13 23:20:00+00:00,112.875,112.90625,112.84375,112.84375,199.0
2025-04-13 23:21:00+00:00,112.90625,112.90625,112.90625,112.90625,58.0
2025-04-13 23:22:00+00:00,112.90625,112.9375,112.875,112.9375,55.0
2025-04-13 23:23:00+00:00,112.875,112.875,112.84375,112.875,29.0
2025-04-13 23:24:00+00:00,112.875,112.875,112.875,112.875,18.0
2025-04-13 23:25:00+00:00,112.875,112.90625,112.875,112.875,36.0
2025-04-13 23:26:00+00:00,112.875,112.90625,112.84375,112.84375,144.0
2025-04-13 23:27:00+00:00,112.84375,112.875,112.84375,112.875,21.0
2025-04-13 23:28:00+00:00,112.84375,112.84375,112.84375,112.84375,18.0
2025-04-13 23:29:00+00:00,112.78125,112.8125,112.78125,112.8125,93.0
2025-04-13 23:30:00+00:00,112.8125,112.84375,112.8125,112.8125,87.0
2025-04-13 23:31:00+00:00,112.84375,112.84375,112.8125,112.84375,41.0
2025-04-13 23:32:00+00:00,112.84375,112.84375,112.8125,112.8125,75.0
2025-04-13 23:33:00+00:00,112.84375,112.875,112.8125,112.84375,70.0
2025-04-13 23:34:00+00:00,112.875,112.875,112.84375,112.84375,102.0
2025-04-13 23:35:00+00:00,112.84375,112.875,112.84375,112.875,30.0
2025-04-13 23:36:00+00:00,112.84375,112.84375,112.8125,112.84375,177.0
2025-04-13 23:37:00+00:00,112.90625,112.90625,112.84375,112.84375,87.0
2025-04-13 23:38:00+00:00,112.875,112.90625,112.875,112.90625,205.0
2025-04-13 23:39:00+00:00,112.875,112.90625,112.875,112.875,66.0
2025-04-13 23:40:00+00:00,112.875,112.875,112.875,112.875,8.0
2025-04-13 23:41:00+00:00,112.875,112.90625,112.84375,112.875,137.0
2025-04-13 23:42:00+00:00,112.875,112.875,112.84375,112.875,47.0
2025-04-13 23:43:00+00:00,112.8125,112.875,112.8125,112.875,185.0
2025-04-13 23:44:00+00:00,112.84375,112.84375,112.84375,112.84375,53.0
2025-04-13 23:45:00+00:00,112.84375,112.84375,112.8125,112.84375,72.0
2025-04-13 23:46:00+00:00,112.90625,112.90625,112.84375,112.84375,94.0
2025-04-13 23:47:00+00:00,112.9375,112.9375,112.90625,112.9375,154.0
2025-04-13 23:48:00+00:00,112.9375,112.96875,112.9375,112.9375,124.0
2025-04-13 23:49:00+00:00,112.9375,112.9375,112.9375,112.9375,133.0
2025-04-13 23:50:00+00:00,112.96875,112.96875,112.90625,112.9375,43.0
2025-04-13 23:51:00+00:00,112.90625,112.9375,112.90625,112.9375,58.0
2025-04-13 23:52:00+00:00,112.90625,112.90625,112.875,112.90625,20.0
2025-04-13 23:53:00+00:00,112.90625,112.90625,112.90625,112.90625,112.0
2025-04-13 23:54:00+00:00,112.90625,112.9375,112.90625,112.90625,70.0
2025-04-13 23:55:00+00:00,112.9375,112.9375,112.90625,112.90625,57.0
2025-04-13 23:56:00+00:00,112.96875,113.03125,112.96875,112.96875,249.0
2025-04-13 23:57:00+00:00,112.96875,112.96875,112.96875,112.96875,4.0
2025-04-13 23:58:00+00:00,113.03125,113.03125,113.0,113.0,30.0
2025-04-13 23:59:00+00:00,113.0,113.03125,113.0,113.0,106.0
2025-04-14 00:00:00+00:00,112.96875,113.0,112.9375,113.0,293.0
2025-04-14 00:01:00+00:00,112.9375,113.0,112.9375,113.0,63.0
2025-04-14 00:02:00+00:00,112.96875,112.96875,112.96875,112.96875,110.0
2025-04-14 00:04:00+00:00,113.0,113.0,112.96875,112.96875,118.0
2025-04-14 00:05:00+00:00,113.0,113.03125,113.0,113.0,101.0
2025-04-14 00:06:00+00:00,112.96875,113.0,112.96875,113.0,60.0
2025-04-14 00:07:00+00:00,113.0,113.0,112.96875,112.96875,147.0
2025-04-14 00:08:00+00:00,113.0,113.0,113.0,113.0,27.0
2025-04-14 00:09:00+00:00,113.0,113.0,113.0,113.0,32.0
2025-04-14 00:10:00+00:00,113.03125,113.03125,113.0,113.0,63.0
2025-04-14 00:11:00+00:00,113.0,113.03125,113.0,113.03125,97.0
2025-04-14 00:12:00+00:00,112.96875,113.0,112.96875,112.96875,80.0
2025-04-14 00:13:00+00:00,112.96875,113.0,112.96875,112.96875,49.0
2025-04-14 00:14:00+00:00,113.0,113.0,113.0,113.0,86.0
2025-04-14 00:15:00+00:00,113.0625,113.0625,112.9375,112.96875,204.0
2025-04-14 00:16:00+00:00,113.09375,113.09375,113.0625,113.0625,192.0
2025-04-14 00:17:00+00:00,113.1875,113.21875,113.125,113.125,211.0
2025-04-14 00:18:00+00:00,113.15625,113.15625,113.15625,113.15625,152.0
2025-04-14 00:19:00+00:00,113.09375,113.15625,113.09375,113.125,91.0
2025-04-14 00:20:00+00:00,113.125,113.125,113.09375,113.125,42.0
2025-04-14 00:21:00+00:00,113.125,113.125,113.09375,113.09375,20.0
2025-04-14 00:22:00+00:00,113.125,113.125,113.125,113.125,51.0
2025-04-14 00:23:00+00:00,113.1875,113.1875,113.09375,113.09375,92.0
2025-04-14 00:24:00+00:00,113.1875,113.1875,113.125,113.1875,68.0
2025-04-14 00:25:00+00:00,113.1875,113.1875,113.125,113.15625,62.0
2025-04-14 00:26:00+00:00,113.15625,113.15625,113.15625,113.15625,15.0
2025-04-14 00:27:00+00:00,113.15625,113.1875,113.15625,113.15625,35.0
2025-04-14 00:28:00+00:00,113.15625,113.15625,113.125,113.125,21.0
2025-04-14 00:29:00+00:00,113.1875,113.1875,113.15625,113.1875,143.0
2025-04-14 00:30:00+00:00,113.15625,113.15625,113.15625,113.15625,29.0
2025-04-14 00:31:00+00:00,113.09375,113.125,113.09375,113.125,44.0
2025-04-14 00:32:00+00:00,113.0625,113.09375,113.0625,113.09375,10.0
2025-04-14 00:33:00+00:00,112.96875,113.0625,112.96875,113.0625,151.0
2025-04-14 00:34:00+00:00,113.0,113.0,112.9375,113.0,52.0
2025-04-14 00:35:00+00:00,112.96875,113.0,112.9375,113.0,63.0
2025-04-14 00:36:00+00:00,112.9375,112.96875,112.90625,112.96875,47.0
2025-04-14 00:37:00+00:00,112.9375,112.96875,112.90625,112.96875,131.0
2025-04-14 00:38:00+00:00,112.96875,112.96875,112.9375,112.9375,15.0
2025-04-14 00:39:00+00:00,112.96875,112.96875,112.9375,112.9375,47.0
2025-04-14 00:40:00+00:00,112.90625,112.96875,112.90625,112.96875,75.0
2025-04-14 00:41:00+00:00,112.90625,112.9375,112.90625,112.90625,55.0
2025-04-14 00:42:00+00:00,112.875,112.9375,112.875,112.9375,105.0
2025-04-14 00:43:00+00:00,112.9375,112.96875,112.875,112.90625,221.0
2025-04-14 00:44:00+00:00,112.9375,112.96875,112.9375,112.96875,94.0
2025-04-14 00:45:00+00:00,112.96875,112.96875,112.96875,112.96875,13.0
2025-04-14 00:46:00+00:00,113.0,113.0,112.9375,112.9375,58.0
2025-04-14 00:47:00+00:00,113.0625,113.0625,113.03125,113.03125,63.0
2025-04-14 00:48:00+00:00,113.09375,113.09375,113.0625,113.0625,129.0
2025-04-14 00:49:00+00:00,113.0625,113.15625,113.0625,113.125,146.0
2025-04-14 00:50:00+00:00,113.09375,113.09375,113.0625,113.09375,64.0
2025-04-14 00:51:00+00:00,113.09375,113.09375,113.0625,113.0625,32.0
2025-04-14 00:52:00+00:00,113.0625,113.0625,113.0625,113.0625,9.0
2025-04-14 00:53:00+00:00,113.0625,113.0625,113.03125,113.0625,86.0
2025-04-14 00:54:00+00:00,113.125,113.125,113.0625,113.09375,72.0
2025-04-14 00:55:00+00:00,113.15625,113.1875,113.125,113.125,195.0
2025-04-14 00:56:00+00:00,113.1875,113.1875,113.15625,113.1875,126.0
2025-04-14 00:57:00+00:00,113.1875,113.1875,113.1875,113.1875,10.0
2025-04-14 00:58:00+00:00,113.21875,113.21875,113.1875,113.21875,124.0
2025-04-14 00:59:00+00:00,113.25,113.25,113.21875,113.21875,129.0
2025-04-14 01:00:00+00:00,113.1875,113.28125,113.1875,113.25,217.0
2025-04-14 01:01:00+00:00,113.15625,113.1875,113.15625,113.1875,98.0
2025-04-14 01:02:00+00:00,113.125,113.15625,113.125,113.15625,71.0
2025-04-14 01:03:00+00:00,113.09375,113.125,113.09375,113.125,77.0
2025-04-14 01:04:00+00:00,113.125,113.15625,113.09375,113.125,131.0
2025-04-14 01:05:00+00:00,113.09375,113.09375,113.0625,113.09375,111.0
2025-04-14 01:06:00+00:00,113.09375,113.09375,113.0625,113.09375,36.0
2025-04-14 01:07:00+00:00,113.09375,113.125,113.0625,113.0625,98.0
2025-04-14 01:08:00+00:00,113.125,113.125,113.09375,113.125,64.0
2025-04-14 01:09:00+00:00,113.15625,113.15625,113.09375,113.09375,43.0
2025-04-14 01:10:00+00:00,113.15625,113.15625,113.125,113.15625,27.0
2025-04-14 01:11:00+00:00,113.15625,113.1875,113.15625,113.1875,5.0
2025-04-14 01:12:00+00:00,113.1875,113.1875,113.15625,113.15625,2.0
2025-04-14 01:13:00+00:00,113.15625,113.1875,113.15625,113.15625,82.0
2025-04-14 01:14:00+00:00,113.15625,113.15625,113.15625,113.15625,74.0
2025-04-14 01:15:00+00:00,113.125,113.15625,113.09375,113.15625,52.0
2025-04-14 01:16:00+00:00,113.125,113.125,113.125,113.125,36.0
2025-04-14 01:17:00+00:00,113.125,113.15625,113.09375,113.125,197.0
2025-04-14 01:18:00+00:00,113.15625,113.1875,113.125,113.125,100.0
2025-04-14 01:19:00+00:00,113.15625,113.1875,113.15625,113.1875,64.0
2025-04-14 01:20:00+00:00,113.15625,113.1875,113.15625,113.1875,19.0
2025-04-14 01:21:00+00:00,113.15625,113.15625,113.15625,113.15625,13.0
2025-04-14 01:23:00+00:00,113.15625,113.1875,113.15625,113.15625,52.0
2025-04-14 01:24:00+00:00,113.15625,113.15625,113.15625,113.15625,12.0
2025-04-14 01:25:00+00:00,113.125,113.125,113.125,113.125,41.0
2025-04-14 01:26:00+00:00,113.09375,113.09375,113.09375,113.09375,15.0
2025-04-14 01:27:00+00:00,113.03125,113.0625,113.03125,113.0625,67.0
2025-04-14 01:28:00+00:00,113.03125,113.0625,113.03125,113.03125,6.0
2025-04-14 01:29:00+00:00,113.03125,113.03125,113.03125,113.03125,61.0
2025-04-14 01:32:00+00:00,113.0,113.03125,112.96875,113.03125,124.0
2025-04-14 01:33:00+00:00,113.03125,113.03125,113.0,113.0,118.0
2025-04-14 01:36:00+00:00,113.09375,113.125,113.03125,113.0625,168.0
2025-04-14 01:37:00+00:00,113.09375,113.09375,113.0625,113.0625,139.0
2025-04-14 01:38:00+00:00,113.0625,113.125,113.0625,113.09375,161.0
2025-04-14 01:39:00+00:00,113.09375,113.125,113.0625,113.0625,594.0
2025-04-14 01:40:00+00:00,113.125,113.15625,113.09375,113.09375,133.0
2025-04-14 01:41:00+00:00,113.15625,113.15625,113.125,113.125,199.0
2025-04-14 01:42:00+00:00,113.1875,113.21875,113.125,113.125,288.0
2025-04-14 01:43:00+00:00,113.1875,113.21875,113.1875,113.21875,141.0
2025-04-14 01:44:00+00:00,113.15625,113.1875,113.15625,113.1875,76.0
2025-04-14 01:45:00+00:00,113.1875,113.1875,113.15625,113.15625,21.0
2025-04-14 01:46:00+00:00,113.125,113.1875,113.125,113.1875,58.0
2025-04-14 01:47:00+00:00,113.125,113.125,113.09375,113.09375,178.0
2025-04-14 01:48:00+00:00,113.09375,113.09375,113.09375,113.09375,21.0
2025-04-14 01:49:00+00:00,113.1875,113.1875,113.125,113.125,74.0
2025-04-14 01:50:00+00:00,113.1875,113.1875,113.1875,113.1875,59.0
2025-04-14 01:51:00+00:00,113.15625,113.15625,113.15625,113.15625,3.0
2025-04-14 01:52:00+00:00,113.21875,113.21875,113.125,113.15625,164.0
2025-04-14 01:53:00+00:00,113.21875,113.21875,113.21875,113.21875,39.0
2025-04-14 01:54:00+00:00,113.1875,113.1875,113.1875,113.1875,116.0
2025-04-14 01:55:00+00:00,113.21875,113.21875,113.1875,113.1875,60.0
2025-04-14 01:56:00+00:00,113.1875,113.21875,113.1875,113.21875,86.0
2025-04-14 01:57:00+00:00,113.1875,113.1875,113.15625,113.1875,95.0
2025-04-14 01:58:00+00:00,113.15625,113.15625,113.15625,113.15625,16.0
2025-04-14 02:00:00+00:00,113.1875,113.1875,113.15625,113.15625,106.0
2025-04-14 02:01:00+00:00,113.1875,113.1875,113.1875,113.1875,22.0
2025-04-14 02:02:00+00:00,113.1875,113.1875,113.1875,113.1875,1.0
2025-04-14 02:03:00+00:00,113.21875,113.21875,113.1875,113.21875,15.0
2025-04-14 02:04:00+00:00,113.1875,113.1875,113.1875,113.1875,25.0
2025-04-14 02:05:00+00:00,113.28125,113.28125,113.21875,113.21875,145.0
2025-04-14 02:06:00+00:00,113.28125,113.28125,113.25,113.25,71.0
2025-04-14 02:07:00+00:00,113.21875,113.28125,113.21875,113.28125,135.0
2025-04-14 02:08:00+00:00,113.21875,113.21875,113.21875,113.21875,11.0
2025-04-14 02:09:00+00:00,113.21875,113.21875,113.21875,113.21875,33.0
2025-04-14 02:10:00+00:00,113.25,113.25,113.25,113.25,60.0
2025-04-14 02:11:00+00:00,113.21875,113.25,113.21875,113.25,26.0
2025-04-14 02:12:00+00:00,113.25,113.25,113.25,113.25,30.0
2025-04-14 02:13:00+00:00,113.25,113.25,113.25,113.25,9.0
2025-04-14 02:14:00+00:00,113.28125,113.28125,113.21875,113.21875,63.0
2025-04-14 02:15:00+00:00,113.25,113.28125,113.21875,113.28125,75.0
2025-04-14 02:16:00+00:00,113.1875,113.21875,113.1875,113.21875,63.0
2025-04-14 02:17:00+00:00,113.21875,113.21875,113.1875,113.1875,74.0
2025-04-14 02:18:00+00:00,113.21875,113.25,113.21875,113.21875,13.0
2025-04-14 02:19:00+00:00,113.25,113.25,113.25,113.25,1.0
2025-04-14 02:21:00+00:00,113.21875,113.25,113.21875,113.25,2.0
2025-04-14 02:22:00+00:00,113.25,113.25,113.21875,113.21875,87.0
2025-04-14 02:23:00+00:00,113.25,113.25,113.25,113.25,7.0
2025-04-14 02:24:00+00:00,113.25,113.28125,113.25,113.28125,39.0
2025-04-14 02:25:00+00:00,113.21875,113.25,113.21875,113.25,80.0
2025-04-14 02:26:00+00:00,113.21875,113.21875,113.21875,113.21875,6.0
2025-04-14 02:27:00+00:00,113.25,113.25,113.21875,113.25,7.0
2025-04-14 02:28:00+00:00,113.25,113.28125,113.25,113.25,19.0
2025-04-14 02:29:00+00:00,113.28125,113.28125,113.25,113.25,50.0
2025-04-14 02:30:00+00:00,113.25,113.28125,113.25,113.28125,143.0
2025-04-14 02:31:00+00:00,113.25,113.25,113.25,113.25,14.0
2025-04-14 02:33:00+00:00,113.25,113.28125,113.25,113.28125,51.0
2025-04-14 02:35:00+00:00,113.28125,113.28125,113.28125,113.28125,108.0
2025-04-14 02:36:00+00:00,113.28125,113.28125,113.28125,113.28125,45.0
2025-04-14 02:37:00+00:00,113.3125,113.34375,113.25,113.25,287.0
2025-04-14 02:38:00+00:00,113.25,113.28125,113.25,113.28125,41.0
2025-04-14 02:39:00+00:00,113.28125,113.28125,113.25,113.25,68.0
2025-04-14 02:40:00+00:00,113.28125,113.28125,113.28125,113.28125,12.0
2025-04-14 02:41:00+00:00,113.3125,113.3125,113.28125,113.28125,20.0
2025-04-14 02:42:00+00:00,113.3125,113.3125,113.3125,113.3125,2.0
2025-04-14 02:43:00+00:00,113.28125,113.3125,113.28125,113.3125,125.0
2025-04-14 02:44:00+00:00,113.28125,113.3125,113.28125,113.3125,24.0
2025-04-14 02:45:00+00:00,113.3125,113.3125,113.3125,113.3125,47.0
2025-04-14 02:46:00+00:00,113.3125,113.3125,113.3125,113.3125,65.0
2025-04-14 02:47:00+00:00,113.28125,113.28125,113.28125,113.28125,54.0
2025-04-14 02:48:00+00:00,113.28125,113.28125,113.28125,113.28125,31.0
2025-04-14 02:49:00+00:00,113.28125,113.28125,113.28125,113.28125,56.0
2025-04-14 02:50:00+00:00,113.28125,113.28125,113.28125,113.28125,37.0
2025-04-14 02:51:00+00:00,113.3125,113.3125,113.3125,113.3125,32.0
2025-04-14 02:52:00+00:00,113.3125,113.3125,113.3125,113.3125,73.0
2025-04-14 02:53:00+00:00,113.3125,113.3125,113.28125,113.3125,5.0
2025-04-14 02:54:00+00:00,113.3125,113.3125,113.3125,113.3125,83.0
2025-04-14 02:55:00+00:00,113.3125,113.3125,113.3125,113.3125,27.0
2025-04-14 02:56:00+00:00,113.3125,113.3125,113.28125,113.3125,41.0
2025-04-14 02:57:00+00:00,113.3125,113.34375,113.3125,113.3125,142.0
2025-04-14 02:58:00+00:00,113.34375,113.34375,113.3125,113.3125,233.0
2025-04-14 02:59:00+00:00,113.34375,113.375,113.34375,113.34375,56.0
2025-04-14 03:00:00+00:00,113.34375,113.375,113.34375,113.375,86.0
2025-04-14 03:01:00+00:00,113.375,113.375,113.375,113.375,63.0
2025-04-14 03:02:00+00:00,113.375,113.375,113.375,113.375,17.0
2025-04-14 03:03:00+00:00,113.34375,113.375,113.34375,113.375,42.0
2025-04-14 03:04:00+00:00,113.375,113.375,113.375,113.375,85.0
2025-04-14 03:05:00+00:00,113.40625,113.40625,113.375,113.375,211.0
2025-04-14 03:06:00+00:00,113.4375,113.4375,113.40625,113.40625,69.0
2025-04-14 03:07:00+00:00,113.40625,113.4375,113.40625,113.4375,80.0
2025-04-14 03:08:00+00:00,113.4375,113.4375,113.40625,113.4375,136.0
2025-04-14 03:09:00+00:00,113.375,113.40625,113.375,113.40625,63.0
2025-04-14 03:10:00+00:00,113.375,113.375,113.34375,113.375,79.0
2025-04-14 03:11:00+00:00,113.375,113.375,113.34375,113.375,69.0
2025-04-14 03:12:00+00:00,113.375,113.375,113.375,113.375,6.0
2025-04-14 03:13:00+00:00,113.375,113.375,113.375,113.375,8.0
2025-04-14 03:14:00+00:00,113.34375,113.375,113.34375,113.375,29.0
2025-04-14 03:15:00+00:00,113.40625,113.40625,113.375,113.375,110.0
2025-04-14 03:16:00+00:00,113.40625,113.40625,113.40625,113.40625,114.0
2025-04-14 03:17:00+00:00,113.40625,113.40625,113.40625,113.40625,95.0
2025-04-14 03:18:00+00:00,113.375,113.4375,113.375,113.40625,97.0
2025-04-14 03:19:00+00:00,113.4375,113.4375,113.40625,113.40625,30.0
2025-04-14 03:20:00+00:00,113.4375,113.46875,113.4375,113.4375,80.0
2025-04-14 03:21:00+00:00,113.4375,113.46875,113.4375,113.46875,154.0
2025-04-14 03:22:00+00:00,113.40625,113.40625,113.40625,113.40625,68.0
2025-04-14 03:24:00+00:00,113.375,113.40625,113.375,113.375,29.0
2025-04-14 03:25:00+00:00,113.4375,113.4375,113.40625,113.40625,31.0
2025-04-14 03:26:00+00:00,113.4375,113.4375,113.4375,113.4375,30.0
2025-04-14 03:27:00+00:00,113.4375,113.4375,113.4375,113.4375,22.0
2025-04-14 03:28:00+00:00,113.4375,113.4375,113.40625,113.4375,74.0
2025-04-14 03:29:00+00:00,113.4375,113.4375,113.4375,113.4375,37.0
2025-04-14 03:30:00+00:00,113.4375,113.4375,113.4375,113.4375,43.0
2025-04-14 03:31:00+00:00,113.4375,113.4375,113.4375,113.4375,4.0
2025-04-14 03:33:00+00:00,113.4375,113.4375,113.4375,113.4375,18.0
2025-04-14 03:34:00+00:00,113.4375,113.4375,113.40625,113.4375,21.0
2025-04-14 03:35:00+00:00,113.46875,113.46875,113.46875,113.46875,3.0
2025-04-14 03:36:00+00:00,113.40625,113.4375,113.40625,113.4375,55.0
2025-04-14 03:37:00+00:00,113.40625,113.4375,113.40625,113.40625,4.0
2025-04-14 03:38:00+00:00,113.4375,113.4375,113.4375,113.4375,1.0
2025-04-14 03:39:00+00:00,113.40625,113.4375,113.40625,113.4375,8.0
2025-04-14 03:41:00+00:00,113.4375,113.4375,113.4375,113.4375,11.0
2025-04-14 03:42:00+00:00,113.4375,113.46875,113.4375,113.4375,29.0
2025-04-14 03:43:00+00:00,113.46875,113.46875,113.4375,113.46875,62.0
2025-04-14 03:44:00+00:00,113.46875,113.46875,113.46875,113.46875,99.0
2025-04-14 03:46:00+00:00,113.4375,113.4375,113.40625,113.4375,95.0
2025-04-14 03:47:00+00:00,113.46875,113.46875,113.46875,113.46875,37.0
2025-04-14 03:48:00+00:00,113.46875,113.46875,113.46875,113.46875,2.0
2025-04-14 03:49:00+00:00,113.4375,113.46875,113.4375,113.46875,3.0
2025-04-14 03:50:00+00:00,113.4375,113.4375,113.4375,113.4375,59.0
2025-04-14 03:51:00+00:00,113.40625,113.4375,113.40625,113.4375,46.0
2025-04-14 03:54:00+00:00,113.4375,113.4375,113.4375,113.4375,112.0
2025-04-14 03:55:00+00:00,113.4375,113.4375,113.4375,113.4375,40.0
2025-04-14 03:56:00+00:00,113.4375,113.4375,113.4375,113.4375,19.0
2025-04-14 03:57:00+00:00,113.4375,113.4375,113.40625,113.40625,4.0
2025-04-14 03:58:00+00:00,113.4375,113.4375,113.40625,113.4375,11.0
2025-04-14 04:01:00+00:00,113.4375,113.4375,113.4375,113.4375,87.0
2025-04-14 04:02:00+00:00,113.46875,113.46875,113.4375,113.4375,5.0
2025-04-14 04:03:00+00:00,113.4375,113.4375,113.4375,113.4375,51.0
2025-04-14 04:04:00+00:00,113.4375,113.46875,113.4375,113.46875,63.0
2025-04-14 04:06:00+00:00,113.375,113.4375,113.375,113.4375,53.0
2025-04-14 04:07:00+00:00,113.40625,113.40625,113.375,113.375,27.0
2025-04-14 04:08:00+00:00,113.4375,113.4375,113.4375,113.4375,20.0
2025-04-14 04:09:00+00:00,113.40625,113.40625,113.40625,113.40625,15.0
2025-04-14 04:10:00+00:00,113.40625,113.4375,113.40625,113.40625,39.0
2025-04-14 04:11:00+00:00,113.40625,113.40625,113.40625,113.40625,10.0
2025-04-14 04:12:00+00:00,113.40625,113.40625,113.375,113.40625,23.0
2025-04-14 04:15:00+00:00,113.40625,113.4375,113.40625,113.4375,19.0
2025-04-14 04:16:00+00:00,113.40625,113.40625,113.40625,113.40625,9.0
2025-04-14 04:17:00+00:00,113.40625,113.40625,113.375,113.40625,22.0
2025-04-14 04:18:00+00:00,113.40625,113.40625,113.40625,113.40625,1.0
2025-04-14 04:19:00+00:00,113.4375,113.4375,113.375,113.40625,17.0
2025-04-14 04:20:00+00:00,113.40625,113.40625,113.40625,113.40625,5.0
2025-04-14 04:21:00+00:00,113.375,113.375,113.375,113.375,15.0
2025-04-14 04:22:00+00:00,113.40625,113.40625,113.40625,113.40625,23.0
2025-04-14 04:23:00+00:00,113.40625,113.40625,113.40625,113.40625,6.0
2025-04-14 04:24:00+00:00,113.40625,113.40625,113.40625,113.40625,3.0
2025-04-14 04:25:00+00:00,113.375,113.40625,113.375,113.40625,3.0
2025-04-14 04:26:00+00:00,113.375,113.375,113.375,113.375,1.0
2025-04-14 04:27:00+00:00,113.375,113.375,113.375,113.375,58.0
2025-04-14 04:28:00+00:00,113.34375,113.34375,113.34375,113.34375,1.0
2025-04-14 04:29:00+00:00,113.375,113.375,113.375,113.375,117.0
2025-04-14 04:30:00+00:00,113.375,113.375,113.375,113.375,35.0
2025-04-14 04:32:00+00:00,113.34375,113.375,113.34375,113.375,54.0
2025-04-14 04:33:00+00:00,113.34375,113.34375,113.34375,113.34375,121.0
2025-04-14 04:34:00+00:00,113.34375,113.34375,113.34375,113.34375,69.0
2025-04-14 04:35:00+00:00,113.34375,113.34375,113.34375,113.34375,31.0
2025-04-14 04:36:00+00:00,113.3125,113.3125,113.28125,113.3125,141.0
2025-04-14 04:37:00+00:00,113.3125,113.3125,113.3125,113.3125,4.0
2025-04-14 04:38:00+00:00,113.34375,113.34375,113.3125,113.34375,44.0
2025-04-14 04:39:00+00:00,113.375,113.375,113.34375,113.34375,80.0
2025-04-14 04:41:00+00:00,113.375,113.375,113.375,113.375,3.0
2025-04-14 04:42:00+00:00,113.375,113.375,113.34375,113.34375,17.0
2025-04-14 04:43:00+00:00,113.375,113.375,113.375,113.375,39.0
2025-04-14 04:44:00+00:00,113.375,113.375,113.34375,113.34375,66.0
2025-04-14 04:45:00+00:00,113.375,113.375,113.375,113.375,24.0
2025-04-14 04:46:00+00:00,113.40625,113.40625,113.40625,113.40625,4.0
2025-04-14 04:47:00+00:00,113.375,113.375,113.375,113.375,13.0
2025-04-14 04:49:00+00:00,113.40625,113.40625,113.375,113.375,5.0
2025-04-14 04:51:00+00:00,113.40625,113.40625,113.40625,113.40625,7.0
2025-04-14 04:52:00+00:00,113.40625,113.40625,113.40625,113.40625,22.0
2025-04-14 04:53:00+00:00,113.40625,113.40625,113.40625,113.40625,8.0
2025-04-14 04:55:00+00:00,113.40625,113.4375,113.40625,113.40625,16.0
2025-04-14 04:56:00+00:00,113.4375,113.4375,113.4375,113.4375,2.0
2025-04-14 05:00:00+00:00,113.40625,113.4375,113.375,113.40625,51.0
2025-04-14 05:01:00+00:00,113.40625,113.40625,113.375,113.40625,44.0
2025-04-14 05:03:00+00:00,113.375,113.40625,113.375,113.40625,4.0
2025-04-14 05:04:00+00:00,113.375,113.40625,113.375,113.40625,51.0
2025-04-14 05:05:00+00:00,113.34375,113.34375,113.34375,113.34375,43.0
2025-04-14 05:06:00+00:00,113.34375,113.375,113.34375,113.34375,18.0
2025-04-14 05:08:00+00:00,113.3125,113.34375,113.3125,113.34375,2.0
2025-04-14 05:09:00+00:00,113.375,113.375,113.34375,113.34375,21.0
2025-04-14 05:11:00+00:00,113.34375,113.34375,113.34375,113.34375,10.0
2025-04-14 05:12:00+00:00,113.34375,113.34375,113.34375,113.34375,68.0
2025-04-14 05:13:00+00:00,113.375,113.375,113.34375,113.34375,14.0
2025-04-14 05:14:00+00:00,113.34375,113.375,113.34375,113.375,26.0
2025-04-14 05:17:00+00:00,113.34375,113.34375,113.34375,113.34375,22.0
2025-04-14 05:18:00+00:00,113.34375,113.34375,113.34375,113.34375,14.0
2025-04-14 05:19:00+00:00,113.375,113.375,113.375,113.375,2.0
2025-04-14 05:20:00+00:00,113.375,113.375,113.375,113.375,82.0
2025-04-14 05:22:00+00:00,113.4375,113.4375,113.40625,113.40625,26.0
2025-04-14 05:23:00+00:00,113.40625,113.4375,113.40625,113.4375,75.0
2025-04-14 05:26:00+00:00,113.375,113.40625,113.375,113.40625,58.0
2025-04-14 05:29:00+00:00,113.40625,113.40625,113.40625,113.40625,2.0
2025-04-14 05:31:00+00:00,113.375,113.375,113.375,113.375,67.0
2025-04-14 05:32:00+00:00,113.375,113.375,113.375,113.375,49.0
2025-04-14 05:34:00+00:00,113.4375,113.4375,113.375,113.375,87.0
2025-04-14 05:35:00+00:00,113.4375,113.46875,113.4375,113.4375,64.0
2025-04-14 05:36:00+00:00,113.46875,113.46875,113.4375,113.4375,58.0
2025-04-14 05:37:00+00:00,113.40625,113.4375,113.40625,113.4375,38.0
2025-04-14 05:38:00+00:00,113.4375,113.4375,113.40625,113.40625,9.0
2025-04-14 05:40:00+00:00,113.40625,113.40625,113.40625,113.40625,20.0
2025-04-14 05:41:00+00:00,113.4375,113.4375,113.40625,113.40625,70.0
2025-04-14 05:44:00+00:00,113.40625,113.40625,113.40625,113.40625,62.0
2025-04-14 05:45:00+00:00,113.34375,113.40625,113.34375,113.40625,155.0
2025-04-14 05:46:00+00:00,113.34375,113.375,113.34375,113.34375,89.0
2025-04-14 05:47:00+00:00,113.375,113.375,113.375,113.375,145.0
2025-04-14 05:49:00+00:00,113.40625,113.40625,113.40625,113.40625,118.0
2025-04-14 05:51:00+00:00,113.375,113.40625,113.375,113.40625,159.0
2025-04-14 05:52:00+00:00,113.34375,113.34375,113.34375,113.34375,28.0
2025-04-14 05:53:00+00:00,113.34375,113.34375,113.34375,113.34375,29.0
2025-04-14 05:54:00+00:00,113.28125,113.3125,113.28125,113.3125,86.0
2025-04-14 05:55:00+00:00,113.28125,113.28125,113.25,113.28125,60.0
2025-04-14 05:56:00+00:00,113.28125,113.28125,113.28125,113.28125,20.0
2025-04-14 05:57:00+00:00,113.3125,113.3125,113.28125,113.28125,33.0
2025-04-14 05:58:00+00:00,113.34375,113.34375,113.3125,113.3125,20.0
2025-04-14 05:59:00+00:00,113.375,113.375,113.34375,113.34375,57.0
2025-04-14 06:01:00+00:00,113.34375,113.375,113.34375,113.34375,152.0
2025-04-14 06:02:00+00:00,113.40625,113.40625,113.34375,113.34375,49.0
2025-04-14 06:03:00+00:00,113.34375,113.40625,113.34375,113.40625,79.0
2025-04-14 06:04:00+00:00,113.34375,113.34375,113.34375,113.34375,5.0
2025-04-14 06:05:00+00:00,113.40625,113.4375,113.34375,113.375,96.0
2025-04-14 06:06:00+00:00,113.46875,113.46875,113.40625,113.40625,172.0
2025-04-14 06:07:00+00:00,113.46875,113.5,113.46875,113.46875,19.0
2025-04-14 06:08:00+00:00,113.46875,113.5,113.46875,113.5,98.0
2025-04-14 06:10:00+00:00,113.40625,113.46875,113.40625,113.46875,120.0
2025-04-14 06:12:00+00:00,113.40625,113.4375,113.40625,113.40625,208.0
2025-04-14 06:13:00+00:00,113.375,113.4375,113.375,113.40625,119.0
2025-04-14 06:14:00+00:00,113.40625,113.4375,113.40625,113.40625,57.0
2025-04-14 06:15:00+00:00,113.40625,113.40625,113.40625,113.40625,107.0
2025-04-14 06:16:00+00:00,113.375,113.375,113.34375,113.375,83.0
2025-04-14 06:17:00+00:00,113.375,113.375,113.375,113.375,33.0
2025-04-14 06:18:00+00:00,113.375,113.40625,113.375,113.40625,16.0
2025-04-14 06:19:00+00:00,113.34375,113.375,113.34375,113.375,37.0
2025-04-14 06:20:00+00:00,113.3125,113.34375,113.3125,113.34375,35.0
2025-04-14 06:21:00+00:00,113.3125,113.3125,113.28125,113.3125,26.0
2025-04-14 06:22:00+00:00,113.34375,113.34375,113.34375,113.34375,66.0
2025-04-14 06:23:00+00:00,113.40625,113.40625,113.375,113.375,192.0
2025-04-14 06:24:00+00:00,113.40625,113.40625,113.40625,113.40625,60.0
2025-04-14 06:26:00+00:00,113.40625,113.4375,113.40625,113.4375,6.0
2025-04-14 06:28:00+00:00,113.34375,113.4375,113.34375,113.4375,250.0
2025-04-14 06:29:00+00:00,113.34375,113.34375,113.3125,113.34375,96.0
2025-04-14 06:30:00+00:00,113.34375,113.375,113.34375,113.34375,162.0
2025-04-14 06:31:00+00:00,113.40625,113.40625,113.375,113.375,280.0
2025-04-14 06:32:00+00:00,113.40625,113.4375,113.40625,113.40625,121.0
2025-04-14 06:33:00+00:00,113.4375,113.4375,113.40625,113.40625,157.0
2025-04-14 06:34:00+00:00,113.4375,113.4375,113.4375,113.4375,67.0
2025-04-14 06:35:00+00:00,113.46875,113.46875,113.46875,113.46875,6.0
2025-04-14 06:36:00+00:00,113.46875,113.46875,113.40625,113.4375,177.0
2025-04-14 06:37:00+00:00,113.5,113.5,113.4375,113.4375,96.0
2025-04-14 06:38:00+00:00,113.53125,113.53125,113.5,113.5,1766.0
2025-04-14 06:39:00+00:00,113.53125,113.5625,113.53125,113.5625,302.0
2025-04-14 06:40:00+00:00,113.46875,113.5,113.46875,113.5,85.0
2025-04-14 06:41:00+00:00,113.46875,113.46875,113.46875,113.46875,62.0
2025-04-14 06:42:00+00:00,113.4375,113.46875,113.4375,113.46875,11.0
2025-04-14 06:43:00+00:00,113.46875,113.46875,113.46875,113.46875,145.0
2025-04-14 06:44:00+00:00,113.5,113.5,113.46875,113.46875,35.0
2025-04-14 06:45:00+00:00,113.46875,113.46875,113.46875,113.46875,29.0
2025-04-14 06:46:00+00:00,113.5,113.5,113.46875,113.46875,31.0
2025-04-14 06:47:00+00:00,113.5,113.5,113.46875,113.5,35.0
2025-04-14 06:48:00+00:00,113.53125,113.53125,113.53125,113.53125,179.0
2025-04-14 06:49:00+00:00,113.46875,113.5,113.46875,113.5,179.0
2025-04-14 06:50:00+00:00,113.46875,113.46875,113.46875,113.46875,69.0
2025-04-14 06:51:00+00:00,113.4375,113.46875,113.4375,113.46875,165.0
2025-04-14 06:52:00+00:00,113.40625,113.40625,113.40625,113.40625,31.0
2025-04-14 06:53:00+00:00,113.375,113.40625,113.375,113.375,388.0
2025-04-14 06:54:00+00:00,113.46875,113.46875,113.375,113.375,526.0
2025-04-14 06:55:00+00:00,113.46875,113.46875,113.46875,113.46875,8.0
2025-04-14 06:56:00+00:00,113.40625,113.46875,113.40625,113.46875,116.0
2025-04-14 06:57:00+00:00,113.375,113.40625,113.375,113.40625,36.0
2025-04-14 06:58:00+00:00,113.40625,113.40625,113.375,113.375,116.0
2025-04-14 06:59:00+00:00,113.4375,113.4375,113.40625,113.4375,15.0
2025-04-14 07:00:00+00:00,113.40625,113.46875,113.34375,113.4375,244.0
2025-04-14 07:01:00+00:00,113.375,113.4375,113.375,113.40625,622.0
2025-04-14 07:02:00+00:00,113.34375,113.40625,113.34375,113.40625,607.0
2025-04-14 07:03:00+00:00,113.25,113.3125,113.25,113.3125,445.0
2025-04-14 07:04:00+00:00,113.25,113.25,113.21875,113.25,384.0
2025-04-14 07:05:00+00:00,113.21875,113.25,113.21875,113.25,17.0
2025-04-14 07:06:00+00:00,113.25,113.25,113.25,113.25,243.0
2025-04-14 07:07:00+00:00,113.21875,113.25,113.1875,113.25,271.0
2025-04-14 07:08:00+00:00,113.1875,113.21875,113.1875,113.21875,4.0
2025-04-14 07:09:00+00:00,113.15625,113.1875,113.15625,113.1875,139.0
2025-04-14 07:10:00+00:00,113.1875,113.1875,113.15625,113.1875,575.0
2025-04-14 07:11:00+00:00,113.1875,113.25,113.1875,113.21875,125.0
2025-04-14 07:12:00+00:00,113.15625,113.1875,113.15625,113.1875,148.0
2025-04-14 07:13:00+00:00,113.09375,113.1875,113.09375,113.1875,506.0
2025-04-14 07:14:00+00:00,113.125,113.15625,113.09375,113.125,222.0
2025-04-14 07:15:00+00:00,113.125,113.125,113.125,113.125,52.0
2025-04-14 07:16:00+00:00,113.1875,113.1875,113.125,113.15625,166.0
2025-04-14 07:17:00+00:00,113.1875,113.1875,113.1875,113.1875,44.0
2025-04-14 07:18:00+00:00,113.1875,113.1875,113.15625,113.1875,299.0
2025-04-14 07:19:00+00:00,113.21875,113.21875,113.1875,113.1875,165.0
2025-04-14 07:20:00+00:00,113.25,113.28125,113.25,113.25,389.0
2025-04-14 07:22:00+00:00,113.25,113.28125,113.25,113.28125,19.0
2025-04-14 07:23:00+00:00,113.3125,113.3125,113.28125,113.28125,213.0
2025-04-14 07:24:00+00:00,113.28125,113.3125,113.28125,113.3125,172.0
2025-04-14 07:25:00+00:00,113.25,113.28125,113.25,113.28125,246.0
2025-04-14 07:26:00+00:00,113.28125,113.28125,113.21875,113.21875,243.0
2025-04-14 07:27:00+00:00,113.25,113.28125,113.25,113.28125,334.0
2025-04-14 07:28:00+00:00,113.28125,113.28125,113.28125,113.28125,154.0
2025-04-14 07:29:00+00:00,113.28125,113.28125,113.25,113.25,60.0
2025-04-14 07:30:00+00:00,113.21875,113.28125,113.21875,113.28125,257.0
2025-04-14 07:31:00+00:00,113.21875,113.21875,113.21875,113.21875,8.0
2025-04-14 07:32:00+00:00,113.21875,113.21875,113.125,113.21875,769.0
2025-04-14 07:33:00+00:00,113.1875,113.21875,113.1875,113.21875,203.0
2025-04-14 07:34:00+00:00,113.15625,113.1875,113.15625,113.1875,49.0
2025-04-14 07:35:00+00:00,113.125,113.15625,113.125,113.15625,314.0
2025-04-14 07:36:00+00:00,113.125,113.125,113.125,113.125,145.0
2025-04-14 07:37:00+00:00,113.15625,113.15625,113.125,113.125,141.0
2025-04-14 07:38:00+00:00,113.125,113.125,113.125,113.125,11.0
2025-04-14 07:39:00+00:00,113.125,113.15625,113.125,113.125,319.0
2025-04-14 07:40:00+00:00,113.0625,113.09375,113.0625,113.09375,99.0
2025-04-14 07:41:00+00:00,113.03125,113.0625,113.03125,113.0625,132.0
2025-04-14 07:42:00+00:00,113.0,113.03125,113.0,113.03125,175.0
2025-04-14 07:43:00+00:00,113.0,113.0,112.96875,113.0,60.0
2025-04-14 07:44:00+00:00,113.0,113.03125,112.96875,113.0,159.0
2025-04-14 07:45:00+00:00,113.0,113.0,113.0,113.0,3.0
2025-04-14 07:46:00+00:00,113.03125,113.03125,113.03125,113.03125,158.0
2025-04-14 07:47:00+00:00,113.0625,113.0625,113.0625,113.0625,20.0
2025-04-14 07:48:00+00:00,113.0625,113.0625,113.03125,113.03125,37.0
2025-04-14 07:49:00+00:00,113.09375,113.09375,113.0625,113.0625,80.0
2025-04-14 07:50:00+00:00,113.09375,113.125,113.09375,113.125,31.0
2025-04-14 07:51:00+00:00,113.125,113.15625,113.09375,113.09375,237.0
2025-04-14 07:52:00+00:00,113.15625,113.15625,113.125,113.125,149.0
2025-04-14 07:53:00+00:00,113.15625,113.15625,113.15625,113.15625,189.0
2025-04-14 07:54:00+00:00,113.21875,113.21875,113.15625,113.15625,156.0
2025-04-14 07:55:00+00:00,113.21875,113.25,113.21875,113.21875,184.0
2025-04-14 07:56:00+00:00,113.21875,113.21875,113.21875,113.21875,88.0
2025-04-14 07:57:00+00:00,113.21875,113.21875,113.21875,113.21875,72.0
2025-04-14 07:58:00+00:00,113.21875,113.25,113.21875,113.21875,59.0
2025-04-14 07:59:00+00:00,113.1875,113.21875,113.1875,113.1875,68.0
2025-04-14 08:00:00+00:00,113.15625,113.1875,113.15625,113.1875,88.0
2025-04-14 08:01:00+00:00,113.125,113.15625,113.125,113.15625,42.0
2025-04-14 08:03:00+00:00,113.21875,113.21875,113.15625,113.15625,105.0
2025-04-14 08:04:00+00:00,113.1875,113.21875,113.1875,113.1875,115.0
2025-04-14 08:05:00+00:00,113.15625,113.1875,113.15625,113.1875,244.0
2025-04-14 08:06:00+00:00,113.15625,113.15625,113.15625,113.15625,47.0
2025-04-14 08:08:00+00:00,113.15625,113.15625,113.15625,113.15625,78.0
2025-04-14 08:09:00+00:00,113.1875,113.1875,113.15625,113.15625,62.0
2025-04-14 08:10:00+00:00,113.21875,113.21875,113.1875,113.1875,133.0
2025-04-14 08:21:00+00:00,113.25,113.3125,113.25,113.28099822998047,1000.0
2025-04-14 08:22:00+00:00,113.25,113.28125,113.25,113.28125,282.0
2025-04-14 08:23:00+00:00,113.25,113.25,113.21875,113.25,28.0
2025-04-14 08:24:00+00:00,113.25,113.25,113.25,113.25,130.0
2025-04-14 08:25:00+00:00,113.25,113.25,113.21875,113.25,163.0
2025-04-14 08:26:00+00:00,113.28125,113.28125,113.28125,113.28125,128.0
2025-04-14 08:27:00+00:00,113.3125,113.3125,113.28125,113.28125,49.0
2025-04-14 08:28:00+00:00,113.28125,113.28125,113.28125,113.28125,5.0
2025-04-14 08:29:00+00:00,113.25,113.28125,113.25,113.28125,87.0
2025-04-14 08:30:00+00:00,113.25,113.25,113.25,113.25,19.0
2025-04-14 08:31:00+00:00,113.1875,113.25,113.1875,113.21875,92.0
2025-04-14 08:32:00+00:00,113.21875,113.21875,113.1875,113.1875,136.0
2025-04-14 08:33:00+00:00,113.1875,113.1875,113.1875,113.1875,56.0
2025-04-14 08:34:00+00:00,113.1875,113.1875,113.1875,113.1875,114.0
2025-04-14 08:36:00+00:00,113.21875,113.25,113.21875,113.21875,400.0
2025-04-14 08:37:00+00:00,113.21875,113.21875,113.21875,113.21875,37.0
2025-04-14 08:39:00+00:00,113.21875,113.21875,113.21875,113.21875,79.0
2025-04-14 08:40:00+00:00,113.1875,113.21875,113.15625,113.21875,356.0
2025-04-14 08:41:00+00:00,113.1875,113.1875,113.1875,113.1875,354.0
2025-04-14 08:42:00+00:00,113.21875,113.25,113.15625,113.1875,376.0
2025-04-14 08:43:00+00:00,113.1875,113.1875,113.1875,113.1875,68.0
2025-04-14 08:44:00+00:00,113.1875,113.1875,113.1875,113.1875,81.0
2025-04-14 08:45:00+00:00,113.15625,113.1875,113.15625,113.1875,117.0
2025-04-14 08:47:00+00:00,113.125,113.15625,113.125,113.125,84.0
2025-04-14 08:48:00+00:00,113.125,113.15625,113.125,113.15625,4.0
2025-04-14 08:49:00+00:00,113.09375,113.125,113.0625,113.125,174.0
2025-04-14 08:50:00+00:00,113.125,113.125,113.09375,113.125,74.0
2025-04-14 08:51:00+00:00,113.09375,113.09375,113.09375,113.09375,156.0
2025-04-14 08:52:00+00:00,113.09375,113.09375,113.09375,113.09375,85.0
2025-04-14 08:53:00+00:00,113.09375,113.09375,113.0625,113.0625,96.0
2025-04-14 08:54:00+00:00,113.125,113.125,113.09375,113.09375,88.0
2025-04-14 08:55:00+00:00,113.125,113.125,113.125,113.125,67.0
2025-04-14 08:56:00+00:00,113.15625,113.15625,113.125,113.125,61.0
2025-04-14 08:57:00+00:00,113.1875,113.1875,113.15625,113.15625,126.0
2025-04-14 09:00:00+00:00,113.15625,113.15625,113.15625,113.15625,11.0
2025-04-14 09:01:00+00:00,113.15625,113.15625,113.15625,113.15625,6.0
2025-04-14 09:02:00+00:00,113.1875,113.1875,113.1875,113.1875,41.0
2025-04-14 09:03:00+00:00,113.1875,113.1875,113.15625,113.1875,89.0
2025-04-14 09:04:00+00:00,113.1875,113.1875,113.1875,113.1875,165.0
2025-04-14 09:05:00+00:00,113.1875,113.21875,113.1875,113.1875,157.0
2025-04-14 09:06:00+00:00,113.15625,113.1875,113.15625,113.1875,112.0
2025-04-14 09:07:00+00:00,113.15625,113.15625,113.15625,113.15625,81.0
2025-04-14 09:08:00+00:00,113.15625,113.15625,113.15625,113.15625,128.0
2025-04-14 09:10:00+00:00,113.125,113.1875,113.125,113.15625,80.0
2025-04-14 09:11:00+00:00,113.15625,113.15625,113.125,113.125,91.0
2025-04-14 09:14:00+00:00,113.15625,113.1875,113.15625,113.1875,16.0
2025-04-14 09:15:00+00:00,113.1875,113.1875,113.1875,113.1875,109.0
2025-04-14 09:16:00+00:00,113.15625,113.15625,113.15625,113.15625,18.0
2025-04-14 09:17:00+00:00,113.21875,113.21875,113.15625,113.15625,302.0
2025-04-14 09:18:00+00:00,113.21875,113.21875,113.1875,113.21875,70.0
2025-04-14 09:19:00+00:00,113.28125,113.28125,113.25,113.25,235.0
2025-04-14 09:20:00+00:00,113.28125,113.28125,113.25,113.28125,290.0
2025-04-14 09:21:00+00:00,113.3125,113.3125,113.3125,113.3125,30.0
2025-04-14 09:22:00+00:00,113.3125,113.3125,113.28125,113.28125,101.0
2025-04-14 09:23:00+00:00,113.3125,113.3125,113.3125,113.3125,84.0
2025-04-14 09:24:00+00:00,113.34375,113.34375,113.34375,113.34375,206.0
2025-04-14 09:25:00+00:00,113.34375,113.34375,113.34375,113.34375,108.0
2025-04-14 09:26:00+00:00,113.34375,113.34375,113.34375,113.34375,67.0
2025-04-14 09:27:00+00:00,113.375,113.375,113.375,113.375,45.0
2025-04-14 09:28:00+00:00,113.375,113.375,113.375,113.375,48.0
2025-04-14 09:29:00+00:00,113.375,113.375,113.375,113.375,72.0
2025-04-14 09:30:00+00:00,113.40625,113.40625,113.375,113.375,71.0
2025-04-14 09:31:00+00:00,113.4375,113.4375,113.40625,113.40625,182.0
2025-04-14 09:32:00+00:00,113.375,113.40625,113.375,113.40625,242.0
2025-04-14 09:33:00+00:00,113.40625,113.4375,113.375,113.375,183.0
2025-04-14 09:34:00+00:00,113.4375,113.4375,113.40625,113.40625,206.0
2025-04-14 09:35:00+00:00,113.46875,113.46875,113.4375,113.4375,69.0
2025-04-14 09:36:00+00:00,113.46875,113.46875,113.4375,113.4375,143.0
2025-04-14 09:37:00+00:00,113.5,113.5,113.46875,113.46875,259.0
2025-04-14 09:38:00+00:00,113.5,113.5,113.5,113.5,93.0
2025-04-14 09:39:00+00:00,113.5,113.5,113.46875,113.5,113.0
2025-04-14 09:40:00+00:00,113.46875,113.53125,113.46875,113.53125,138.0
2025-04-14 09:41:00+00:00,113.46875,113.46875,113.46875,113.46875,20.0
2025-04-14 09:42:00+00:00,113.46875,113.46875,113.46875,113.46875,30.0
2025-04-14 09:43:00+00:00,113.5,113.5,113.5,113.5,224.0
2025-04-14 09:44:00+00:00,113.5,113.5,113.5,113.5,40.0
2025-04-14 09:45:00+00:00,113.53125,113.53125,113.5,113.5,244.0
2025-04-14 09:46:00+00:00,113.53125,113.53125,113.53125,113.53125,43.0
2025-04-14 09:47:00+00:00,113.53125,113.5625,113.53125,113.53125,254.0
2025-04-14 09:48:00+00:00,113.59375,113.59375,113.5625,113.5625,125.0
2025-04-14 09:49:00+00:00,113.59375,113.625,113.5625,113.59375,168.0
2025-04-14 09:50:00+00:00,113.5625,113.59375,113.5625,113.59375,202.0
2025-04-14 09:51:00+00:00,113.5625,113.5625,113.5625,113.5625,100.0
2025-04-14 09:52:00+00:00,113.5625,113.59375,113.5625,113.5625,527.0
2025-04-14 09:53:00+00:00,113.5625,113.5625,113.53125,113.5625,137.0
2025-04-14 09:54:00+00:00,113.53125,113.53125,113.53125,113.53125,89.0
2025-04-14 09:55:00+00:00,113.5,113.5,113.5,113.5,9.0
2025-04-14 09:57:00+00:00,113.5,113.5,113.46875,113.5,158.0
2025-04-14 09:58:00+00:00,113.53125,113.53125,113.5,113.5,7.0
2025-04-14 09:59:00+00:00,113.5,113.53125,113.5,113.53125,118.0
2025-04-14 10:00:00+00:00,113.5,113.5,113.5,113.5,37.0
2025-04-14 10:01:00+00:00,113.5,113.5,113.5,113.5,23.0
2025-04-14 10:02:00+00:00,113.46875,113.53125,113.46875,113.46875,117.0
2025-04-14 10:03:00+00:00,113.4375,113.46875,113.4375,113.46875,66.0
2025-04-14 10:04:00+00:00,113.46875,113.46875,113.46875,113.46875,265.0
2025-04-14 10:05:00+00:00,113.5,113.5,113.46875,113.46875,179.0
2025-04-14 10:06:00+00:00,113.5625,113.5625,113.5,113.5,157.0
2025-04-14 10:07:00+00:00,113.53125,113.53125,113.53125,113.53125,303.0
2025-04-14 10:08:00+00:00,113.53125,113.5625,113.53125,113.53125,34.0
2025-04-14 10:09:00+00:00,113.53125,113.5625,113.53125,113.5625,58.0
2025-04-14 10:10:00+00:00,113.53125,113.53125,113.5,113.53125,87.0
2025-04-14 10:11:00+00:00,113.5,113.53125,113.5,113.5,183.0
2025-04-14 10:12:00+00:00,113.5,113.53125,113.5,113.5,50.0
2025-04-14 10:13:00+00:00,113.53125,113.53125,113.5,113.5,34.0
2025-04-14 10:15:00+00:00,113.5,113.5625,113.5,113.5625,116.0
2025-04-14 10:16:00+00:00,113.5,113.5,113.46875,113.46875,184.0
2025-04-14 10:17:00+00:00,113.46875,113.5,113.4375,113.5,163.0
2025-04-14 10:18:00+00:00,113.46875,113.5,113.46875,113.5,25.0
2025-04-14 10:19:00+00:00,113.5,113.5,113.46875,113.5,58.0
2025-04-14 10:21:00+00:00,113.53125,113.5625,113.53125,113.53125,200.0
2025-04-14 10:22:00+00:00,113.53125,113.53125,113.5,113.53125,40.0
2025-04-14 10:23:00+00:00,113.53125,113.5625,113.53125,113.53125,77.0
2025-04-14 10:25:00+00:00,113.5625,113.59375,113.5625,113.5625,104.0
2025-04-14 10:26:00+00:00,113.59375,113.59375,113.53125,113.59375,430.0
2025-04-14 10:27:00+00:00,113.59375,113.625,113.59375,113.59375,177.0
2025-04-14 10:28:00+00:00,113.625,113.625,113.59375,113.59375,391.0
2025-04-14 10:29:00+00:00,113.59375,113.625,113.59375,113.59375,81.0
2025-04-14 10:30:00+00:00,113.53125,113.5625,113.53125,113.5625,490.0
2025-04-14 10:31:00+00:00,113.53125,113.53125,113.53125,113.53125,99.0
2025-04-14 10:32:00+00:00,113.625,113.625,113.53125,113.53125,1177.0
2025-04-14 10:33:00+00:00,113.59375,113.625,113.59375,113.625,185.0
2025-04-14 10:34:00+00:00,113.5625,113.59375,113.5625,113.59375,117.0
2025-04-14 10:35:00+00:00,113.5625,113.5625,113.53125,113.5625,105.0
2025-04-14 10:36:00+00:00,113.5,113.5625,113.5,113.5625,121.0
2025-04-14 10:37:00+00:00,113.5,113.5,113.5,113.5,92.0
2025-04-14 10:38:00+00:00,113.5625,113.5625,113.5,113.5,237.0
2025-04-14 10:39:00+00:00,113.59375,113.59375,113.5625,113.5625,78.0
2025-04-14 10:40:00+00:00,113.5625,113.5625,113.5625,113.5625,36.0
2025-04-14 10:41:00+00:00,113.53125,113.53125,113.53125,113.53125,351.0
2025-04-14 10:42:00+00:00,113.53125,113.5625,113.53125,113.5625,24.0
2025-04-14 10:43:00+00:00,113.5625,113.5625,113.53125,113.5625,68.0
2025-04-14 10:44:00+00:00,113.59375,113.59375,113.5625,113.5625,36.0
2025-04-14 10:45:00+00:00,113.5625,113.59375,113.5625,113.5625,334.0
2025-04-14 10:48:00+00:00,113.59375,113.59375,113.59375,113.59375,240.0
2025-04-14 10:49:00+00:00,113.5625,113.59375,113.5625,113.59375,75.0
2025-04-14 10:50:00+00:00,113.53125,113.5625,113.53125,113.5625,253.0
2025-04-14 10:51:00+00:00,113.5625,113.5625,113.5625,113.5625,128.0
2025-04-14 10:53:00+00:00,113.53125,113.5625,113.53125,113.53125,138.0
2025-04-14 10:54:00+00:00,113.53125,113.53125,113.53125,113.53125,113.0
2025-04-14 10:55:00+00:00,113.5,113.53125,113.5,113.53125,100.0
2025-04-14 10:56:00+00:00,113.53125,113.53125,113.5,113.5,148.0
2025-04-14 10:57:00+00:00,113.5,113.53125,113.5,113.53125,43.0
2025-04-14 10:58:00+00:00,113.5,113.5,113.46875,113.5,73.0
2025-04-14 10:59:00+00:00,113.53125,113.53125,113.5,113.5,149.0
2025-04-14 11:00:00+00:00,113.5,113.53125,113.46875,113.53125,461.0
2025-04-14 11:01:00+00:00,113.4375,113.5,113.40625,113.5,359.0
2025-04-14 11:02:00+00:00,113.40625,113.4375,113.40625,113.4375,186.0
2025-04-14 11:03:00+00:00,113.40625,113.40625,113.40625,113.40625,88.0
2025-04-14 11:04:00+00:00,113.4375,113.4375,113.4375,113.4375,95.0
2025-04-14 11:05:00+00:00,113.40625,113.4375,113.40625,113.4375,124.0
2025-04-14 11:06:00+00:00,113.4375,113.4375,113.40625,113.40625,156.0
2025-04-14 11:07:00+00:00,113.40625,113.4375,113.40625,113.4375,178.0
2025-04-14 11:08:00+00:00,113.40625,113.40625,113.40625,113.40625,59.0
2025-04-14 11:09:00+00:00,113.40625,113.40625,113.375,113.40625,105.0
2025-04-14 11:10:00+00:00,113.40625,113.40625,113.40625,113.40625,76.0
2025-04-14 11:11:00+00:00,113.375,113.40625,113.375,113.40625,98.0
2025-04-14 11:12:00+00:00,113.3125,113.375,113.3125,113.375,469.0
2025-04-14 11:13:00+00:00,113.34375,113.34375,113.3125,113.3125,376.0
2025-04-14 11:14:00+00:00,113.34375,113.34375,113.34375,113.34375,71.0
2025-04-14 11:15:00+00:00,113.3125,113.34375,113.3125,113.34375,311.0
2025-04-14 11:16:00+00:00,113.25,113.3125,113.25,113.3125,181.0
2025-04-14 11:17:00+00:00,113.3125,113.3125,113.28125,113.28125,166.0
2025-04-14 11:18:00+00:00,113.28125,113.3125,113.28125,113.3125,46.0
2025-04-14 11:19:00+00:00,113.3125,113.3125,113.3125,113.3125,23.0
2025-04-14 11:20:00+00:00,113.3125,113.34375,113.28125,113.28125,324.0
2025-04-14 11:21:00+00:00,113.3125,113.34375,113.3125,113.3125,253.0
2025-04-14 11:22:00+00:00,113.3125,113.3125,113.28125,113.3125,310.0
2025-04-14 11:23:00+00:00,113.3125,113.34375,113.3125,113.3125,120.0
2025-04-14 11:24:00+00:00,113.34375,113.375,113.3125,113.3125,485.0
2025-04-14 11:25:00+00:00,113.28125,113.34375,113.25,113.34375,463.0
2025-04-14 11:26:00+00:00,113.34375,113.34375,113.28125,113.28125,333.0
2025-04-14 11:27:00+00:00,113.375,113.375,113.34375,113.34375,33.0
2025-04-14 11:28:00+00:00,113.40625,113.40625,113.34375,113.375,49.0
2025-04-14 11:29:00+00:00,113.4375,113.4375,113.40625,113.40625,247.0
2025-04-14 11:30:00+00:00,113.4375,113.4375,113.40625,113.40625,347.0
2025-04-14 11:32:00+00:00,113.4375,113.46875,113.40625,113.4375,233.0
2025-04-14 11:33:00+00:00,113.4375,113.4375,113.4375,113.4375,104.0
2025-04-14 11:34:00+00:00,113.53125,113.53125,113.40625,113.4375,1622.0
2025-04-14 11:35:00+00:00,113.625,113.65625,113.5625,113.5625,1411.0
2025-04-14 11:36:00+00:00,113.625,113.625,113.59375,113.59375,530.0
2025-04-14 11:37:00+00:00,113.59375,113.59375,113.59375,113.59375,194.0
2025-04-14 11:38:00+00:00,113.6875,113.6875,113.59375,113.59375,490.0
2025-04-14 11:39:00+00:00,113.6875,113.6875,113.65625,113.65625,637.0
2025-04-14 11:40:00+00:00,113.6875,113.6875,113.65625,113.6875,61.0
2025-04-14 11:41:00+00:00,113.65625,113.6875,113.65625,113.6875,468.0
2025-04-14 11:42:00+00:00,113.6875,113.6875,113.6875,113.6875,259.0
2025-04-14 11:43:00+00:00,113.71875,113.71875,113.6875,113.71875,233.0
2025-04-14 11:44:00+00:00,113.75,113.78125,113.71875,113.75,777.0
2025-04-14 11:45:00+00:00,113.6875,113.75,113.6875,113.75,349.0
2025-04-14 11:46:00+00:00,113.6875,113.71875,113.65625,113.6875,317.0
2025-04-14 11:47:00+00:00,113.71875,113.71875,113.6875,113.6875,261.0
2025-04-14 11:48:00+00:00,113.71875,113.75,113.6875,113.71875,83.0
2025-04-14 11:49:00+00:00,113.71875,113.75,113.6875,113.71875,119.0
2025-04-14 11:50:00+00:00,113.75,113.75,113.71875,113.71875,71.0
2025-04-14 11:51:00+00:00,113.75,113.75,113.6875,113.71875,331.0
2025-04-14 11:52:00+00:00,113.71875,113.75,113.6875,113.75,340.0
2025-04-14 11:53:00+00:00,113.6875,113.6875,113.65625,113.6875,575.0
2025-04-14 11:54:00+00:00,113.6875,113.6875,113.65625,113.65625,620.0
2025-04-14 11:55:00+00:00,113.6875,113.6875,113.6875,113.6875,344.0
2025-04-14 11:56:00+00:00,113.65625,113.6875,113.65625,113.6875,271.0
2025-04-14 11:57:00+00:00,113.5625,113.65625,113.5625,113.65625,949.0
2025-04-14 11:58:00+00:00,113.59375,113.59375,113.5625,113.5625,217.0
2025-04-14 11:59:00+00:00,113.625,113.625,113.59375,113.59375,160.0
2025-04-14 12:01:00+00:00,113.5625,113.5625,113.53125,113.5625,452.0
2025-04-14 12:02:00+00:00,113.625,113.625,113.5625,113.5625,291.0
2025-04-14 12:03:00+00:00,113.5625,113.65625,113.5625,113.625,285.0
2025-04-14 12:04:00+00:00,113.5625,113.5625,113.53125,113.5625,205.0
2025-04-14 12:05:00+00:00,113.5625,113.5625,113.53125,113.5625,76.0
2025-04-14 12:06:00+00:00,113.53125,113.5625,113.53125,113.53125,212.0
2025-04-14 12:08:00+00:00,113.59375,113.625,113.53125,113.53125,325.0
2025-04-14 12:09:00+00:00,113.625,113.625,113.5625,113.5625,257.0
2025-04-14 12:10:00+00:00,113.625,113.625,113.59375,113.625,222.0
2025-04-14 12:11:00+00:00,113.59375,113.625,113.5625,113.625,565.0
2025-04-14 12:12:00+00:00,113.5625,113.5625,113.5625,113.5625,124.0
2025-04-14 12:13:00+00:00,113.53125,113.5625,113.5,113.5625,418.0
2025-04-14 12:14:00+00:00,113.5625,113.5625,113.5,113.5,179.0
2025-04-14 12:15:00+00:00,113.59375,113.625,113.5,113.53125,311.0
2025-04-14 12:16:00+00:00,113.59375,113.59375,113.5625,113.5625,277.0
2025-04-14 12:17:00+00:00,113.59375,113.59375,113.59375,113.59375,344.0
2025-04-14 12:18:00+00:00,113.625,113.625,113.59375,113.59375,198.0
2025-04-14 12:19:00+00:00,113.65625,113.6875,113.625,113.625,548.0
2025-04-14 12:20:00+00:00,113.5,113.65625,113.375,113.65625,4077.0
2025-04-14 12:21:00+00:00,113.46875,113.5,113.4375,113.5,899.0
2025-04-14 12:22:00+00:00,113.4375,113.5,113.4375,113.46875,430.0
2025-04-14 12:23:00+00:00,113.46875,113.5,113.4375,113.4375,708.0
2025-04-14 12:24:00+00:00,113.375,113.46875,113.375,113.46875,558.0
2025-04-14 12:25:00+00:00,113.40625,113.4375,113.34375,113.375,937.0
2025-04-14 12:26:00+00:00,113.46875,113.5,113.40625,113.40625,864.0
2025-04-14 12:27:00+00:00,113.46875,113.46875,113.4375,113.46875,4.0
2025-04-14 12:28:00+00:00,113.46875,113.5,113.40625,113.46875,1379.0
2025-04-14 12:29:00+00:00,113.4375,113.5,113.4375,113.46875,798.0
2025-04-14 12:30:00+00:00,113.53125,113.5625,113.46875,113.46875,1565.0
2025-04-14 12:31:00+00:00,113.59375,113.59375,113.53125,113.5625,426.0
2025-04-14 12:32:00+00:00,113.65625,113.65625,113.59375,113.59375,617.0
2025-04-14 12:33:00+00:00,113.65625,113.65625,113.625,113.65625,763.0
2025-04-14 12:34:00+00:00,113.71875,113.71875,113.65625,113.65625,1747.0
2025-04-14 12:35:00+00:00,113.6875,113.78125,113.6875,113.71875,1537.0
2025-04-14 12:36:00+00:00,113.78125,113.78125,113.6875,113.71875,978.0
2025-04-14 12:37:00+00:00,113.84375,113.875,113.78125,113.78125,1163.0
2025-04-14 12:38:00+00:00,113.75,113.84375,113.75,113.84375,484.0
2025-04-14 12:39:00+00:00,113.84375,113.84375,113.75,113.78125,352.0
2025-04-14 12:40:00+00:00,113.875,113.90625,113.84375,113.84375,1203.0
2025-04-14 12:41:00+00:00,113.90625,113.9375,113.875,113.90625,695.0
2025-04-14 12:42:00+00:00,113.90625,113.90625,113.875,113.90625,803.0
2025-04-14 12:43:00+00:00,113.84375,113.875,113.84375,113.875,407.0
2025-04-14 12:44:00+00:00,113.84375,113.84375,113.8125,113.8125,158.0
2025-04-14 12:45:00+00:00,113.8125,113.875,113.8125,113.875,714.0
2025-04-14 12:46:00+00:00,113.84375,113.875,113.8125,113.84375,329.0
2025-04-14 12:47:00+00:00,113.8125,113.875,113.8125,113.84375,1045.0
2025-04-14 12:48:00+00:00,113.8125,113.84375,113.8125,113.8125,127.0
2025-04-14 12:49:00+00:00,113.8125,113.84375,113.8125,113.8125,81.0
2025-04-14 12:50:00+00:00,113.8125,113.84375,113.8125,113.84375,305.0
2025-04-14 12:51:00+00:00,113.84375,113.84375,113.8125,113.8125,252.0
2025-04-14 12:52:00+00:00,113.84375,113.875,113.8125,113.8125,477.0
2025-04-14 12:53:00+00:00,113.8125,113.84375,113.8125,113.84375,82.0
2025-04-14 12:54:00+00:00,113.8125,113.8125,113.78125,113.8125,206.0
2025-04-14 12:55:00+00:00,113.8125,113.8125,113.75,113.8125,367.0
2025-04-14 12:56:00+00:00,113.84375,113.84375,113.8125,113.8125,469.0
2025-04-14 12:57:00+00:00,113.78125,113.84375,113.78125,113.84375,1560.0
2025-04-14 12:58:00+00:00,113.84375,113.875,113.78125,113.78125,721.0
2025-04-14 12:59:00+00:00,113.71875,113.875,113.71875,113.875,1046.0
2025-04-14 13:00:00+00:00,113.6875,113.78125,113.6875,113.75,1179.0
2025-04-14 13:01:00+00:00,113.71875,113.75,113.71875,113.71875,531.0
2025-04-14 13:02:00+00:00,113.75,113.75,113.6875,113.6875,491.0
2025-04-14 13:03:00+00:00,113.78125,113.8125,113.75,113.78125,234.0
2025-04-14 13:04:00+00:00,113.75,113.84375,113.75,113.8125,795.0
2025-04-14 13:05:00+00:00,113.78125,113.78125,113.75,113.78125,503.0
2025-04-14 13:06:00+00:00,113.8125,113.8125,113.78125,113.78125,245.0
2025-04-14 13:07:00+00:00,113.78125,113.8125,113.78125,113.78125,244.0
2025-04-14 13:08:00+00:00,113.8125,113.84375,113.78125,113.78125,561.0
2025-04-14 13:09:00+00:00,113.78125,113.8125,113.75,113.8125,593.0
2025-04-14 13:10:00+00:00,113.78125,113.8125,113.75,113.78125,474.0
2025-04-14 13:11:00+00:00,113.78125,113.78125,113.75,113.75,238.0
2025-04-14 13:12:00+00:00,113.75,113.8125,113.75,113.78125,72.0
2025-04-14 13:13:00+00:00,113.75,113.8125,113.75,113.78125,624.0
2025-04-14 13:14:00+00:00,113.78125,113.78125,113.75,113.75,708.0
2025-04-14 13:15:00+00:00,113.90625,113.90625,113.8125,113.8125,1118.0
2025-04-14 13:16:00+00:00,113.90625,113.9375,113.875,113.875,1155.0
2025-04-14 13:17:00+00:00,113.875,113.90625,113.84375,113.90625,823.0
2025-04-14 13:18:00+00:00,113.90625,113.90625,113.875,113.875,422.0
2025-04-14 13:19:00+00:00,113.875,113.9375,113.875,113.9375,509.0
2025-04-14 13:20:00+00:00,113.96875,113.96875,113.875,113.875,831.0
2025-04-14 13:21:00+00:00,114.1875,114.21875,113.9375,113.96875,6881.0
2025-04-14 13:22:00+00:00,114.0625,114.1875,114.0625,114.1875,1900.0
2025-04-14 13:23:00+00:00,114.125,114.125,114.03125,114.0625,822.0
2025-04-14 13:24:00+00:00,114.1875,114.1875,114.0625,114.09375,482.0
2025-04-14 13:25:00+00:00,114.09375,114.15625,114.09375,114.15625,1182.0
2025-04-14 13:26:00+00:00,114.125,114.125,114.09375,114.09375,327.0
2025-04-14 13:27:00+00:00,114.15625,114.15625,114.125,114.125,636.0
2025-04-14 13:28:00+00:00,114.0625,114.15625,114.03125,114.15625,1522.0
2025-04-14 13:29:00+00:00,114.125,114.125,114.03125,114.0625,286.0
2025-04-14 13:30:00+00:00,114.15625,114.1875,114.09375,114.125,2088.0
2025-04-14 13:31:00+00:00,114.21875,114.21875,114.15625,114.15625,1785.0
2025-04-14 13:32:00+00:00,114.15625,114.1875,114.125,114.1875,1101.0
2025-04-14 13:33:00+00:00,114.1875,114.1875,114.125,114.15625,1597.0
2025-04-14 13:34:00+00:00,114.1875,114.1875,114.15625,114.15625,693.0
2025-04-14 13:35:00+00:00,114.21875,114.21875,114.15625,114.1875,2125.0
2025-04-14 13:36:00+00:00,114.28125,114.34375,114.21875,114.25,3385.0
2025-04-14 13:37:00+00:00,114.3125,114.3125,114.25,114.28125,1378.0
2025-04-14 13:38:00+00:00,114.3125,114.34375,114.28125,114.3125,944.0
2025-04-14 13:39:00+00:00,114.3125,114.34375,114.25,114.3125,2005.0
2025-04-14 13:40:00+00:00,114.34375,114.34375,114.28125,114.3125,842.0
2025-04-14 13:41:00+00:00,114.3125,114.34375,114.3125,114.3125,597.0
2025-04-14 13:42:00+00:00,114.3125,114.34375,114.3125,114.34375,1719.0
2025-04-14 13:43:00+00:00,114.25,114.3125,114.25,114.3125,2127.0
2025-04-14 13:44:00+00:00,114.1875,114.28125,114.1875,114.25,1026.0
2025-04-14 13:45:00+00:00,114.21875,114.25,114.1875,114.1875,1150.0
2025-04-14 13:46:00+00:00,114.15625,114.21875,114.125,114.21875,1409.0
2025-04-14 13:47:00+00:00,114.15625,114.1875,114.125,114.15625,754.0
2025-04-14 13:48:00+00:00,114.15625,114.1875,114.125,114.15625,668.0
2025-04-14 13:49:00+00:00,114.125,114.15625,114.125,114.15625,577.0
2025-04-14 13:50:00+00:00,114.15625,114.1875,114.125,114.15625,566.0
2025-04-14 13:51:00+00:00,114.125,114.15625,114.125,114.15625,1562.0
2025-04-14 13:52:00+00:00,114.125,114.125,114.125,114.125,140.0
2025-04-14 13:53:00+00:00,114.125,114.125,114.09375,114.125,1694.0
2025-04-14 13:54:00+00:00,114.1875,114.1875,114.125,114.125,629.0
2025-04-14 13:55:00+00:00,114.125,114.1875,114.125,114.1875,914.0
2025-04-14 13:56:00+00:00,114.09375,114.09375,114.0625,114.09375,988.0
2025-04-14 13:57:00+00:00,114.09375,114.125,114.03125,114.09375,1423.0
2025-04-14 13:58:00+00:00,114.03125,114.15625,114.03125,114.125,575.0
2025-04-14 13:59:00+00:00,114.0,114.0625,113.96875,114.03125,1044.0
2025-04-14 14:00:00+00:00,113.96875,114.0,113.96875,113.96875,204.0
2025-04-14 14:01:00+00:00,114.03125,114.03125,113.96875,113.96875,666.0
2025-04-14 14:02:00+00:00,113.96875,114.0,113.96875,114.0,916.0
2025-04-14 14:03:00+00:00,113.96875,114.0,113.9375,114.0,802.0
2025-04-14 14:04:00+00:00,114.03125,114.03125,114.0,114.0,738.0
2025-04-14 14:05:00+00:00,114.0,114.03125,114.0,114.0,230.0
2025-04-14 14:06:00+00:00,114.0,114.03125,113.96875,114.0,1058.0
2025-04-14 14:07:00+00:00,113.96875,114.0,113.9375,114.0,318.0
2025-04-14 14:08:00+00:00,113.9375,113.96875,113.9375,113.96875,702.0
2025-04-14 14:09:00+00:00,113.96875,113.96875,113.9375,113.9375,419.0
2025-04-14 14:10:00+00:00,113.9375,114.03125,113.9375,114.0,1097.0
2025-04-14 14:11:00+00:00,113.9375,113.96875,113.90625,113.96875,1058.0
2025-04-14 14:12:00+00:00,113.9375,113.9375,113.875,113.90625,1231.0
2025-04-14 14:13:00+00:00,113.96875,113.96875,113.9375,113.9375,646.0
2025-04-14 14:14:00+00:00,114.0,114.0,113.9375,113.96875,333.0
2025-04-14 14:15:00+00:00,114.03125,114.03125,113.9375,113.96875,694.0
2025-04-14 14:16:00+00:00,114.0625,114.0625,114.03125,114.03125,1057.0
2025-04-14 14:17:00+00:00,114.0625,114.0625,114.0,114.03125,525.0
2025-04-14 14:18:00+00:00,114.0,114.0625,114.0,114.03125,754.0
2025-04-14 14:19:00+00:00,113.9375,113.96875,113.9375,113.96875,890.0
2025-04-14 14:20:00+00:00,114.0,114.03125,113.875,113.90625,969.0
2025-04-14 14:21:00+00:00,114.0,114.03125,113.9375,114.0,315.0
2025-04-14 14:22:00+00:00,114.0,114.0,113.96875,114.0,301.0
2025-04-14 14:23:00+00:00,114.0625,114.0625,114.0,114.0,310.0
2025-04-14 14:24:00+00:00,114.03125,114.0625,114.03125,114.0625,239.0
2025-04-14 14:25:00+00:00,114.0625,114.0625,114.03125,114.03125,391.0
2025-04-14 14:26:00+00:00,114.0625,114.125,114.0625,114.0625,971.0
2025-04-14 14:27:00+00:00,114.09375,114.09375,114.0625,114.0625,323.0
2025-04-14 14:28:00+00:00,114.0625,114.09375,114.0625,114.09375,768.0
2025-04-14 14:29:00+00:00,114.09375,114.09375,114.0625,114.09375,295.0
2025-04-14 14:30:00+00:00,114.09375,114.125,114.0625,114.09375,957.0
2025-04-14 14:31:00+00:00,114.0625,114.0625,114.03125,114.0625,607.0
2025-04-14 14:32:00+00:00,114.03125,114.0625,114.03125,114.03125,226.0
2025-04-14 14:33:00+00:00,114.03125,114.03125,114.03125,114.03125,263.0
2025-04-14 14:34:00+00:00,114.03125,114.0625,114.0,114.03125,626.0
2025-04-14 14:35:00+00:00,114.0,114.0625,114.0,114.03125,917.0
2025-04-14 14:36:00+00:00,113.96875,114.03125,113.96875,114.03125,1003.0
2025-04-14 14:37:00+00:00,113.9375,113.96875,113.9375,113.96875,590.0
2025-04-14 14:38:00+00:00,113.96875,113.96875,113.9375,113.96875,339.0
2025-04-14 14:39:00+00:00,113.9375,114.0,113.9375,113.96875,856.0
2025-04-14 14:40:00+00:00,113.90625,113.9375,113.90625,113.90625,963.0
2025-04-14 14:41:00+00:00,113.9375,113.9375,113.875,113.90625,572.0
2025-04-14 14:42:00+00:00,113.9375,114.0,113.9375,113.9375,926.0
2025-04-14 14:43:00+00:00,113.875,113.9375,113.875,113.9375,435.0
2025-04-14 14:44:00+00:00,113.9375,113.9375,113.90625,113.90625,92.0
2025-04-14 14:45:00+00:00,113.875,113.9375,113.84375,113.90625,365.0
2025-04-14 14:46:00+00:00,113.8125,113.84375,113.8125,113.84375,960.0
2025-04-14 14:47:00+00:00,113.8125,113.875,113.8125,113.8125,470.0
2025-04-14 14:48:00+00:00,113.8125,113.84375,113.8125,113.8125,268.0
2025-04-14 14:49:00+00:00,113.8125,113.84375,113.78125,113.8125,612.0
2025-04-14 14:50:00+00:00,113.8125,113.84375,113.78125,113.78125,779.0
2025-04-14 14:51:00+00:00,113.8125,113.84375,113.78125,113.84375,845.0
2025-04-14 14:52:00+00:00,113.75,113.8125,113.75,113.8125,430.0
2025-04-14 14:53:00+00:00,113.78125,113.78125,113.71875,113.78125,635.0
2025-04-14 14:54:00+00:00,113.84375,113.84375,113.78125,113.78125,189.0
2025-04-14 14:55:00+00:00,113.78125,113.84375,113.78125,113.84375,1719.0
2025-04-14 14:56:00+00:00,113.71875,113.78125,113.71875,113.78125,459.0
2025-04-14 14:57:00+00:00,113.65625,113.75,113.65625,113.71875,1190.0
2025-04-14 14:58:00+00:00,113.59375,113.6875,113.59375,113.6875,942.0
2025-04-14 14:59:00+00:00,113.625,113.6875,113.59375,113.625,2147.0
2025-04-14 15:00:00+00:00,113.8125,113.8125,113.65625,113.65625,2605.0
2025-04-14 15:01:00+00:00,113.84375,113.875,113.8125,113.8125,1315.0
2025-04-14 15:02:00+00:00,113.875,113.90625,113.84375,113.875,1127.0
2025-04-14 15:03:00+00:00,113.90625,113.9375,113.875,113.875,786.0
2025-04-14 15:04:00+00:00,113.9375,113.9375,113.875,113.90625,697.0
2025-04-14 15:05:00+00:00,114.0,114.03125,113.9375,113.9375,982.0
2025-04-14 15:06:00+00:00,114.0,114.03125,113.96875,114.0,738.0
2025-04-14 15:07:00+00:00,113.9375,114.0,113.90625,113.96875,837.0
2025-04-14 15:08:00+00:00,113.96875,113.96875,113.9375,113.96875,392.0
2025-04-14 15:09:00+00:00,113.96875,114.0,113.96875,113.96875,533.0
2025-04-14 15:10:00+00:00,114.0,114.0,113.96875,113.96875,409.0
2025-04-14 15:11:00+00:00,114.0,114.0625,114.0,114.03125,156.0
2025-04-14 15:12:00+00:00,114.03125,114.09375,114.0,114.03125,637.0
2025-04-14 15:13:00+00:00,114.0625,114.0625,114.0625,114.0625,390.0
2025-04-14 15:14:00+00:00,114.0625,114.09375,114.0625,114.0625,509.0
2025-04-14 15:15:00+00:00,114.0625,114.0625,114.03125,114.03125,393.0
2025-04-14 15:16:00+00:00,114.0625,114.0625,114.03125,114.0625,499.0
2025-04-14 15:17:00+00:00,114.0625,114.0625,114.0625,114.0625,426.0
2025-04-14 15:18:00+00:00,114.03125,114.03125,114.03125,114.03125,232.0
2025-04-14 15:19:00+00:00,114.0,114.03125,114.0,114.03125,335.0
2025-04-14 15:20:00+00:00,114.0,114.0,113.96875,114.0,247.0
2025-04-14 15:21:00+00:00,113.96875,114.0,113.9375,114.0,386.0
2025-04-14 15:22:00+00:00,113.96875,114.03125,113.96875,113.96875,311.0
2025-04-14 15:23:00+00:00,113.96875,114.0,113.9375,114.0,321.0
2025-04-14 15:24:00+00:00,113.96875,113.96875,113.9375,113.96875,300.0
2025-04-14 15:25:00+00:00,113.96875,114.0,113.96875,114.0,204.0
2025-04-14 15:26:00+00:00,113.96875,114.0,113.9375,113.96875,1027.0
2025-04-14 15:27:00+00:00,114.03125,114.03125,114.0,114.0,499.0
2025-04-14 15:28:00+00:00,114.0,114.0625,114.0,114.03125,345.0
2025-04-14 15:29:00+00:00,114.03125,114.0625,114.0,114.03125,392.0
2025-04-14 15:30:00+00:00,114.03125,114.0625,114.0,114.03125,581.0
2025-04-14 15:31:00+00:00,114.03125,114.03125,114.03125,114.03125,32.0
2025-04-14 15:32:00+00:00,114.03125,114.0625,114.03125,114.03125,203.0
2025-04-14 15:33:00+00:00,114.0625,114.0625,114.03125,114.03125,302.0
2025-04-14 15:34:00+00:00,113.96875,114.0625,113.96875,114.0625,352.0
2025-04-14 15:35:00+00:00,113.96875,114.0,113.9375,113.96875,195.0
2025-04-14 15:36:00+00:00,114.0,114.0,113.96875,113.96875,284.0
2025-04-14 15:37:00+00:00,114.0,114.0,113.96875,114.0,235.0
2025-04-14 15:38:00+00:00,114.03125,114.0625,114.03125,114.03125,409.0
2025-04-14 15:39:00+00:00,114.03125,114.03125,114.03125,114.03125,79.0
2025-04-14 15:40:00+00:00,114.0625,114.09375,114.03125,114.03125,392.0
2025-04-14 15:41:00+00:00,114.09375,114.09375,114.03125,114.0625,726.0
2025-04-14 15:42:00+00:00,114.09375,114.09375,114.0625,114.09375,170.0
2025-04-14 15:43:00+00:00,114.0625,114.0625,114.03125,114.0625,908.0
2025-04-14 15:44:00+00:00,114.03125,114.09375,114.0,114.0625,562.0
2025-04-14 15:45:00+00:00,114.03125,114.0625,114.0,114.03125,452.0
2025-04-14 15:46:00+00:00,114.0,114.03125,114.0,114.0,380.0
2025-04-14 15:47:00+00:00,114.03125,114.0625,114.03125,114.03125,606.0
2025-04-14 15:48:00+00:00,113.96875,114.03125,113.96875,114.03125,458.0
2025-04-14 15:49:00+00:00,113.96875,114.0,113.9375,113.96875,760.0
2025-04-14 15:50:00+00:00,114.0,114.0,113.96875,114.0,683.0
2025-04-14 15:51:00+00:00,113.96875,114.0,113.96875,114.0,353.0
2025-04-14 15:52:00+00:00,113.9375,114.0,113.9375,114.0,537.0
2025-04-14 15:53:00+00:00,113.90625,113.96875,113.90625,113.96875,479.0
2025-04-14 15:54:00+00:00,113.90625,113.9375,113.90625,113.9375,560.0
2025-04-14 15:55:00+00:00,113.875,113.9375,113.84375,113.9375,788.0
2025-04-14 15:56:00+00:00,113.90625,113.90625,113.875,113.875,425.0
2025-04-14 15:57:00+00:00,113.9375,113.9375,113.90625,113.90625,59.0
2025-04-14 15:58:00+00:00,113.875,113.9375,113.875,113.9375,1164.0
2025-04-14 15:59:00+00:00,113.84375,113.90625,113.84375,113.90625,625.0
2025-04-14 16:00:00+00:00,113.9375,113.9375,113.84375,113.875,1034.0
2025-04-14 16:01:00+00:00,113.875,113.90625,113.84375,113.90625,388.0
2025-04-14 16:02:00+00:00,113.84375,113.90625,113.84375,113.875,1549.0
2025-04-14 16:03:00+00:00,113.8125,113.84375,113.8125,113.84375,149.0
2025-04-14 16:04:00+00:00,113.8125,113.8125,113.78125,113.8125,53.0
2025-04-14 16:05:00+00:00,113.8125,113.8125,113.78125,113.78125,519.0
2025-04-14 16:06:00+00:00,113.875,113.875,113.78125,113.78125,490.0
2025-04-14 16:07:00+00:00,113.90625,113.90625,113.875,113.875,159.0
2025-04-14 16:08:00+00:00,113.90625,113.90625,113.875,113.875,34.0
2025-04-14 16:09:00+00:00,113.875,113.90625,113.875,113.875,414.0
2025-04-14 16:10:00+00:00,113.90625,113.90625,113.875,113.875,468.0
2025-04-14 16:11:00+00:00,113.9375,113.9375,113.90625,113.90625,503.0
2025-04-14 16:12:00+00:00,113.9375,113.96875,113.9375,113.9375,414.0
2025-04-14 16:13:00+00:00,113.875,113.9375,113.875,113.9375,281.0
2025-04-14 16:14:00+00:00,113.84375,113.90625,113.84375,113.90625,433.0
2025-04-14 16:15:00+00:00,113.875,113.875,113.84375,113.84375,180.0
2025-04-14 16:16:00+00:00,113.875,113.875,113.875,113.875,719.0
2025-04-14 16:17:00+00:00,113.84375,113.875,113.84375,113.875,710.0
2025-04-14 16:18:00+00:00,113.8125,113.84375,113.8125,113.84375,609.0
2025-04-14 16:19:00+00:00,113.78125,113.8125,113.75,113.8125,535.0
2025-04-14 16:20:00+00:00,113.78125,113.8125,113.75,113.78125,635.0
2025-04-14 16:21:00+00:00,113.71875,113.78125,113.71875,113.78125,411.0
2025-04-14 16:22:00+00:00,113.75,113.75,113.6875,113.71875,362.0
2025-04-14 16:23:00+00:00,113.78125,113.78125,113.71875,113.75,284.0
2025-04-14 16:24:00+00:00,113.78125,113.78125,113.78125,113.78125,67.0
2025-04-14 16:25:00+00:00,113.75,113.78125,113.75,113.78125,306.0
2025-04-14 16:26:00+00:00,113.71875,113.75,113.71875,113.75,277.0
2025-04-14 16:27:00+00:00,113.71875,113.75,113.6875,113.75,319.0
2025-04-14 16:28:00+00:00,113.6875,113.71875,113.65625,113.6875,691.0
2025-04-14 16:29:00+00:00,113.6875,113.71875,113.6875,113.6875,39.0
2025-04-14 16:30:00+00:00,113.71875,113.71875,113.6875,113.71875,522.0
2025-04-14 16:31:00+00:00,113.65625,113.71875,113.65625,113.71875,173.0
2025-04-14 16:32:00+00:00,113.6875,113.6875,113.65625,113.6875,377.0
2025-04-14 16:33:00+00:00,113.75,113.75,113.71875,113.71875,169.0
2025-04-14 16:34:00+00:00,113.71875,113.71875,113.6875,113.71875,158.0
2025-04-14 16:35:00+00:00,113.75,113.75,113.6875,113.6875,361.0
2025-04-14 16:36:00+00:00,113.71875,113.75,113.71875,113.75,293.0
2025-04-14 16:38:00+00:00,113.75,113.75,113.71875,113.71875,382.0
2025-04-14 16:39:00+00:00,113.78125,113.78125,113.75,113.75,471.0
2025-04-14 16:40:00+00:00,113.71875,113.78125,113.71875,113.78125,229.0
2025-04-14 16:41:00+00:00,113.71875,113.75,113.6875,113.6875,310.0
2025-04-14 16:42:00+00:00,113.75,113.75,113.71875,113.71875,189.0
2025-04-14 16:43:00+00:00,113.75,113.75,113.71875,113.71875,185.0
2025-04-14 16:44:00+00:00,113.75,113.75,113.75,113.75,247.0
2025-04-14 16:45:00+00:00,113.71875,113.71875,113.6875,113.71875,739.0
2025-04-14 16:46:00+00:00,113.75,113.78125,113.75,113.75,316.0
2025-04-14 16:47:00+00:00,113.78125,113.78125,113.78125,113.78125,82.0
2025-04-14 16:48:00+00:00,113.84375,113.84375,113.78125,113.78125,282.0
2025-04-14 16:49:00+00:00,113.84375,113.84375,113.8125,113.8125,322.0
2025-04-14 16:50:00+00:00,113.84375,113.84375,113.8125,113.84375,180.0
2025-04-14 16:51:00+00:00,113.84375,113.84375,113.8125,113.84375,406.0
2025-04-14 16:52:00+00:00,113.875,113.875,113.84375,113.84375,62.0
2025-04-14 16:53:00+00:00,113.84375,113.875,113.84375,113.84375,345.0
2025-04-14 16:54:00+00:00,113.8125,113.875,113.8125,113.84375,204.0
2025-04-14 16:55:00+00:00,113.84375,113.84375,113.8125,113.8125,100.0
2025-04-14 16:56:00+00:00,113.8125,113.84375,113.8125,113.84375,213.0
2025-04-14 16:57:00+00:00,113.8125,113.84375,113.8125,113.84375,713.0
2025-04-14 16:58:00+00:00,113.8125,113.84375,113.8125,113.8125,212.0
2025-04-14 16:59:00+00:00,113.8125,113.8125,113.78125,113.8125,364.0
2025-04-14 17:00:00+00:00,113.8125,113.84375,113.71875,113.78125,2385.0
2025-04-14 17:01:00+00:00,113.78125,113.84375,113.78125,113.8125,313.0
2025-04-14 17:02:00+00:00,113.8125,113.84375,113.8125,113.8125,302.0
2025-04-14 17:03:00+00:00,113.8125,113.84375,113.8125,113.84375,142.0
2025-04-14 17:04:00+00:00,113.84375,113.84375,113.8125,113.8125,429.0
2025-04-14 17:05:00+00:00,113.84375,113.875,113.84375,113.84375,1270.0
2025-04-14 17:06:00+00:00,113.8125,113.84375,113.8125,113.84375,464.0
2025-04-14 17:07:00+00:00,113.8125,113.84375,113.78125,113.78125,648.0
2025-04-14 17:08:00+00:00,113.84375,113.84375,113.8125,113.8125,316.0
2025-04-14 17:09:00+00:00,113.84375,113.84375,113.84375,113.84375,237.0
2025-04-14 17:10:00+00:00,113.84375,113.84375,113.84375,113.84375,124.0
2025-04-14 17:11:00+00:00,113.84375,113.84375,113.84375,113.84375,260.0
2025-04-14 17:12:00+00:00,113.875,113.875,113.875,113.875,266.0
2025-04-14 17:13:00+00:00,113.875,113.90625,113.875,113.875,577.0
2025-04-14 17:14:00+00:00,113.9375,113.9375,113.90625,113.90625,183.0
2025-04-14 17:15:00+00:00,113.90625,113.9375,113.90625,113.90625,251.0
2025-04-14 17:16:00+00:00,113.9375,113.96875,113.9375,113.9375,246.0
2025-04-14 17:17:00+00:00,113.9375,113.96875,113.90625,113.9375,237.0
2025-04-14 17:18:00+00:00,113.9375,113.96875,113.90625,113.9375,271.0
2025-04-14 17:19:00+00:00,113.9375,113.9375,113.9375,113.9375,267.0
2025-04-14 17:20:00+00:00,113.9375,113.9375,113.9375,113.9375,12.0
2025-04-14 17:21:00+00:00,113.9375,113.96875,113.90625,113.9375,483.0
2025-04-14 17:22:00+00:00,113.9375,113.9375,113.9375,113.9375,341.0
2025-04-14 17:23:00+00:00,113.9375,113.96875,113.90625,113.9375,598.0
2025-04-14 17:24:00+00:00,113.9375,113.96875,113.9375,113.9375,559.0
2025-04-14 17:25:00+00:00,113.9375,113.96875,113.9375,113.96875,694.0
2025-04-14 17:26:00+00:00,113.9375,113.9375,113.9375,113.9375,11.0
2025-04-14 17:27:00+00:00,113.96875,113.96875,113.96875,113.96875,12.0
2025-04-14 17:28:00+00:00,113.96875,114.0,113.96875,113.96875,389.0
2025-04-14 17:29:00+00:00,114.03125,114.0625,113.96875,113.96875,1852.0
2025-04-14 17:30:00+00:00,114.0625,114.09375,114.03125,114.03125,988.0
2025-04-14 17:31:00+00:00,114.09375,114.09375,114.09375,114.09375,1511.0
2025-04-14 17:32:00+00:00,114.0625,114.0625,114.0,114.0625,1475.0
2025-04-14 17:33:00+00:00,114.0625,114.09375,114.0625,114.09375,27.0
2025-04-14 17:34:00+00:00,114.125,114.125,114.0625,114.0625,787.0
2025-04-14 17:35:00+00:00,114.0625,114.125,114.0625,114.09375,353.0
2025-04-14 17:36:00+00:00,114.03125,114.03125,114.0,114.03125,499.0
2025-04-14 17:37:00+00:00,114.03125,114.03125,114.0,114.03125,476.0
2025-04-14 17:38:00+00:00,114.0625,114.0625,114.0,114.03125,632.0
2025-04-14 17:39:00+00:00,114.1875,114.1875,114.0625,114.0625,2531.0
2025-04-14 17:40:00+00:00,114.15625,114.1875,114.15625,114.1875,998.0
2025-04-14 17:41:00+00:00,114.1875,114.1875,114.15625,114.15625,263.0
2025-04-14 17:42:00+00:00,114.21875,114.25,114.15625,114.15625,2114.0
2025-04-14 17:43:00+00:00,114.21875,114.25,114.1875,114.25,1360.0
2025-04-14 17:44:00+00:00,114.21875,114.21875,114.15625,114.1875,501.0
2025-04-14 17:45:00+00:00,114.1875,114.21875,114.1875,114.21875,354.0
2025-04-14 17:46:00+00:00,114.25,114.28125,114.21875,114.21875,411.0
2025-04-14 17:47:00+00:00,114.21875,114.25,114.21875,114.25,408.0
2025-04-14 17:48:00+00:00,114.21875,114.25,114.21875,114.25,334.0
2025-04-14 17:49:00+00:00,114.21875,114.28125,114.21875,114.25,485.0
2025-04-14 17:50:00+00:00,114.25,114.25,114.21875,114.21875,193.0
2025-04-14 17:51:00+00:00,114.25,114.25,114.21875,114.25,171.0
2025-04-14 17:52:00+00:00,114.21875,114.21875,114.21875,114.21875,486.0
2025-04-14 17:53:00+00:00,114.21875,114.25,114.21875,114.21875,437.0
2025-04-14 17:54:00+00:00,114.25,114.25,114.25,114.25,30.0
2025-04-14 17:55:00+00:00,114.21875,114.25,114.1875,114.21875,836.0
2025-04-14 17:56:00+00:00,114.28125,114.28125,114.21875,114.25,582.0
2025-04-14 17:57:00+00:00,114.21875,114.28125,114.21875,114.28125,560.0
2025-04-14 17:58:00+00:00,114.28125,114.28125,114.25,114.25,213.0
2025-04-14 17:59:00+00:00,114.28125,114.28125,114.25,114.25,37.0
2025-04-14 18:00:00+00:00,114.28125,114.28125,114.25,114.28125,250.0
2025-04-14 18:01:00+00:00,114.28125,114.28125,114.25,114.28125,302.0
2025-04-14 18:02:00+00:00,114.28125,114.28125,114.28125,114.28125,207.0
2025-04-14 18:03:00+00:00,114.3125,114.3125,114.28125,114.28125,273.0
2025-04-14 18:04:00+00:00,114.28125,114.3125,114.25,114.28125,174.0
2025-04-14 18:05:00+00:00,114.25,114.3125,114.25,114.28125,431.0
2025-04-14 18:06:00+00:00,114.21875,114.25,114.21875,114.25,424.0
2025-04-14 18:07:00+00:00,114.21875,114.21875,114.21875,114.21875,5.0
2025-04-14 18:08:00+00:00,114.25,114.25,114.21875,114.21875,163.0
2025-04-14 18:09:00+00:00,114.3125,114.3125,114.25,114.25,432.0
2025-04-14 18:10:00+00:00,114.28125,114.3125,114.28125,114.3125,9.0
2025-04-14 18:11:00+00:00,114.28125,114.3125,114.25,114.28125,260.0
2025-04-14 18:12:00+00:00,114.28125,114.28125,114.25,114.25,36.0
2025-04-14 18:13:00+00:00,114.3125,114.3125,114.28125,114.28125,389.0
2025-04-14 18:14:00+00:00,114.3125,114.3125,114.28125,114.3125,1231.0
2025-04-14 18:15:00+00:00,114.28125,114.3125,114.28125,114.3125,139.0
2025-04-14 18:16:00+00:00,114.3125,114.3125,114.28125,114.28125,43.0
2025-04-14 18:17:00+00:00,114.3125,114.34375,114.3125,114.3125,615.0
2025-04-14 18:18:00+00:00,114.34375,114.34375,114.3125,114.3125,477.0
2025-04-14 18:19:00+00:00,114.375,114.40625,114.34375,114.34375,775.0
2025-04-14 18:20:00+00:00,114.34375,114.40625,114.34375,114.375,666.0
2025-04-14 18:21:00+00:00,114.375,114.40625,114.34375,114.34375,385.0
2025-04-14 18:22:00+00:00,114.375,114.375,114.375,114.375,35.0
2025-04-14 18:23:00+00:00,114.34375,114.375,114.34375,114.34375,438.0
2025-04-14 18:24:00+00:00,114.375,114.375,114.34375,114.375,9.0
2025-04-14 18:25:00+00:00,114.40625,114.40625,114.34375,114.375,764.0
2025-04-14 18:26:00+00:00,114.40625,114.4375,114.375,114.4375,789.0
2025-04-14 18:27:00+00:00,114.40625,114.4375,114.40625,114.40625,26.0
2025-04-14 18:28:00+00:00,114.40625,114.4375,114.40625,114.4375,877.0
2025-04-14 18:29:00+00:00,114.4375,114.4375,114.40625,114.4375,812.0
2025-04-14 18:30:00+00:00,114.4375,114.46875,114.4375,114.4375,364.0
2025-04-14 18:31:00+00:00,114.40625,114.4375,114.40625,114.4375,72.0
2025-04-14 18:32:00+00:00,114.46875,114.46875,114.4375,114.4375,588.0
2025-04-14 18:33:00+00:00,114.5,114.5,114.4375,114.4375,1260.0
2025-04-14 18:34:00+00:00,114.5,114.53125,114.46875,114.5,688.0
2025-04-14 18:35:00+00:00,114.5,114.5,114.4375,114.46875,653.0
2025-04-14 18:36:00+00:00,114.4375,114.5,114.4375,114.46875,338.0
2025-04-14 18:37:00+00:00,114.4375,114.46875,114.4375,114.4375,64.0
2025-04-14 18:38:00+00:00,114.4375,114.46875,114.4375,114.4375,6.0
2025-04-14 18:39:00+00:00,114.46875,114.46875,114.4375,114.46875,19.0
2025-04-14 18:40:00+00:00,114.5,114.5,114.46875,114.46875,723.0
2025-04-14 18:41:00+00:00,114.46875,114.5,114.4375,114.5,505.0
2025-04-14 18:42:00+00:00,114.4375,114.46875,114.40625,114.4375,164.0
2025-04-14 18:43:00+00:00,114.40625,114.4375,114.40625,114.4375,230.0
2025-04-14 18:44:00+00:00,114.40625,114.46875,114.40625,114.4375,481.0
2025-04-14 18:45:00+00:00,114.4375,114.4375,114.40625,114.40625,235.0
2025-04-14 18:46:00+00:00,114.53125,114.53125,114.46875,114.46875,438.0
2025-04-14 18:47:00+00:00,114.46875,114.53125,114.46875,114.53125,1117.0
2025-04-14 18:48:00+00:00,114.4375,114.46875,114.4375,114.46875,444.0
2025-04-14 18:49:00+00:00,114.40625,114.4375,114.40625,114.4375,185.0
2025-04-14 18:50:00+00:00,114.40625,114.4375,114.375,114.375,1437.0
2025-04-14 18:51:00+00:00,114.40625,114.4375,114.40625,114.40625,210.0
2025-04-14 18:52:00+00:00,114.375,114.40625,114.375,114.40625,402.0
2025-04-14 18:53:00+00:00,114.40625,114.40625,114.375,114.375,15.0
2025-04-14 18:54:00+00:00,114.375,114.40625,114.375,114.40625,603.0
2025-04-14 18:55:00+00:00,114.4375,114.46875,114.375,114.40625,862.0
2025-04-14 18:56:00+00:00,114.4375,114.46875,114.4375,114.46875,505.0
2025-04-14 18:57:00+00:00,114.5,114.5,114.4375,114.4375,964.0
2025-04-14 18:58:00+00:00,114.5,114.5,114.4375,114.5,756.0
2025-04-14 18:59:00+00:00,114.46875,114.5,114.4375,114.5,2935.0
2025-04-14 19:00:00+00:00,114.53125,114.5625,114.46875,114.46875,4697.0
2025-04-14 19:01:00+00:00,114.5,114.5625,114.5,114.53125,1164.0
2025-04-14 19:02:00+00:00,114.40625,114.46875,114.40625,114.46875,1420.0
2025-04-14 19:03:00+00:00,114.4375,114.46875,114.4375,114.4375,1116.0
2025-04-14 19:04:00+00:00,114.4375,114.4375,114.4375,114.4375,289.0
2025-04-14 19:05:00+00:00,114.4375,114.4375,114.4375,114.4375,74.0
2025-04-14 19:06:00+00:00,114.40625,114.4375,114.40625,114.4375,21.0
2025-04-14 19:07:00+00:00,114.4375,114.46875,114.4375,114.4375,418.0
2025-04-14 19:08:00+00:00,114.4375,114.4375,114.40625,114.40625,95.0
2025-04-14 19:09:00+00:00,114.4375,114.4375,114.375,114.4375,772.0
2025-04-14 19:10:00+00:00,114.40625,114.4375,114.40625,114.4375,390.0
2025-04-14 19:11:00+00:00,114.375,114.40625,114.375,114.40625,128.0
2025-04-14 19:12:00+00:00,114.375,114.375,114.375,114.375,4.0
2025-04-14 19:13:00+00:00,114.375,114.40625,114.375,114.375,110.0
2025-04-14 19:14:00+00:00,114.40625,114.40625,114.375,114.375,293.0
2025-04-14 19:15:00+00:00,114.40625,114.40625,114.375,114.40625,548.0
2025-04-14 19:16:00+00:00,114.4375,114.46875,114.40625,114.4375,151.0
2025-04-14 19:17:00+00:00,114.4375,114.46875,114.4375,114.46875,122.0
2025-04-14 19:18:00+00:00,114.46875,114.46875,114.46875,114.46875,22.0
2025-04-14 19:19:00+00:00,114.46875,114.46875,114.4375,114.46875,405.0
2025-04-14 19:20:00+00:00,114.4375,114.46875,114.4375,114.4375,467.0
2025-04-14 19:21:00+00:00,114.4375,114.46875,114.40625,114.40625,496.0
2025-04-14 19:22:00+00:00,114.4375,114.46875,114.4375,114.46875,84.0
2025-04-14 19:23:00+00:00,114.4375,114.46875,114.4375,114.4375,486.0
2025-04-14 19:24:00+00:00,114.40625,114.4375,114.40625,114.40625,368.0
2025-04-14 19:25:00+00:00,114.40625,114.4375,114.40625,114.4375,216.0
2025-04-14 19:26:00+00:00,114.40625,114.40625,114.375,114.40625,460.0
2025-04-14 19:27:00+00:00,114.40625,114.40625,114.375,114.40625,211.0
2025-04-14 19:28:00+00:00,114.40625,114.40625,114.40625,114.40625,343.0
2025-04-14 19:29:00+00:00,114.40625,114.40625,114.40625,114.40625,202.0
2025-04-14 19:30:00+00:00,114.40625,114.4375,114.375,114.40625,306.0
2025-04-14 19:31:00+00:00,114.40625,114.40625,114.375,114.375,315.0
2025-04-14 19:32:00+00:00,114.4375,114.4375,114.40625,114.40625,219.0
2025-04-14 19:33:00+00:00,114.40625,114.40625,114.40625,114.40625,256.0
2025-04-14 19:34:00+00:00,114.4375,114.4375,114.4375,114.4375,10.0
2025-04-14 19:35:00+00:00,114.4375,114.4375,114.40625,114.4375,463.0
2025-04-14 19:36:00+00:00,114.46875,114.46875,114.4375,114.4375,474.0
2025-04-14 19:37:00+00:00,114.4375,114.4375,114.4375,114.4375,427.0
2025-04-14 19:38:00+00:00,114.375,114.40625,114.375,114.40625,458.0
2025-04-14 19:39:00+00:00,114.375,114.375,114.34375,114.375,848.0
2025-04-14 19:40:00+00:00,114.34375,114.375,114.34375,114.375,129.0
2025-04-14 19:41:00+00:00,114.34375,114.34375,114.34375,114.34375,62.0
2025-04-14 19:42:00+00:00,114.34375,114.375,114.3125,114.34375,594.0
2025-04-14 19:43:00+00:00,114.34375,114.34375,114.3125,114.34375,704.0
2025-04-14 19:44:00+00:00,114.3125,114.34375,114.3125,114.34375,797.0
2025-04-14 19:45:00+00:00,114.34375,114.34375,114.3125,114.3125,958.0
2025-04-14 19:46:00+00:00,114.34375,114.34375,114.3125,114.3125,562.0
2025-04-14 19:47:00+00:00,114.3125,114.34375,114.3125,114.34375,362.0
2025-04-14 19:48:00+00:00,114.3125,114.3125,114.3125,114.3125,6.0
2025-04-14 19:49:00+00:00,114.3125,114.34375,114.3125,114.34375,13.0
2025-04-14 19:50:00+00:00,114.3125,114.34375,114.3125,114.3125,1772.0
2025-04-14 19:51:00+00:00,114.3125,114.34375,114.3125,114.34375,908.0
2025-04-14 19:52:00+00:00,114.34375,114.34375,114.3125,114.3125,335.0
2025-04-14 19:53:00+00:00,114.3125,114.375,114.3125,114.375,450.0
2025-04-14 19:54:00+00:00,114.34375,114.34375,114.3125,114.3125,259.0
2025-04-14 19:55:00+00:00,114.3125,114.34375,114.3125,114.34375,923.0
2025-04-14 19:56:00+00:00,114.3125,114.3125,114.28125,114.3125,1046.0
2025-04-14 19:57:00+00:00,114.3125,114.34375,114.3125,114.34375,460.0
2025-04-14 19:58:00+00:00,114.3125,114.34375,114.28125,114.34375,547.0
2025-04-14 19:59:00+00:00,114.34375,114.375,114.25,114.28125,9451.0
2025-04-14 20:00:00+00:00,114.21875,114.375,114.21875,114.34375,4759.0
2025-04-14 20:01:00+00:00,114.21875,114.25,114.21875,114.25,2363.0
2025-04-14 20:02:00+00:00,114.25,114.28125,114.21875,114.25,458.0
2025-04-14 20:03:00+00:00,114.21875,114.25,114.21875,114.21875,171.0
2025-04-14 20:04:00+00:00,114.1875,114.25,114.1875,114.25,1882.0
2025-04-14 20:05:00+00:00,114.15625,114.1875,114.15625,114.1875,595.0
2025-04-14 20:06:00+00:00,114.21875,114.21875,114.15625,114.15625,411.0
2025-04-14 20:07:00+00:00,114.25,114.25,114.21875,114.21875,1345.0
2025-04-14 20:08:00+00:00,114.25,114.25,114.21875,114.25,608.0
2025-04-14 20:09:00+00:00,114.25,114.25,114.21875,114.25,1943.0
2025-04-14 20:10:00+00:00,114.21875,114.25,114.21875,114.25,65.0
2025-04-14 20:11:00+00:00,114.21875,114.21875,114.1875,114.21875,372.0
2025-04-14 20:12:00+00:00,114.21875,114.21875,114.1875,114.21875,837.0
2025-04-14 20:13:00+00:00,114.21875,114.21875,114.1875,114.21875,422.0
2025-04-14 20:14:00+00:00,114.25,114.25,114.21875,114.21875,657.0
2025-04-14 20:15:00+00:00,114.25,114.25,114.25,114.25,313.0
2025-04-14 20:16:00+00:00,114.25,114.25,114.25,114.25,369.0
2025-04-14 20:17:00+00:00,114.25,114.28125,114.25,114.28125,116.0
2025-04-14 20:18:00+00:00,114.21875,114.25,114.21875,114.25,779.0
2025-04-14 20:19:00+00:00,114.21875,114.25,114.21875,114.21875,1448.0
2025-04-14 20:20:00+00:00,114.1875,114.21875,114.1875,114.21875,536.0
2025-04-14 20:21:00+00:00,114.1875,114.1875,114.1875,114.1875,287.0
2025-04-14 20:22:00+00:00,114.1875,114.21875,114.1875,114.21875,959.0
2025-04-14 20:23:00+00:00,114.15625,114.21875,114.15625,114.21875,314.0
2025-04-14 20:24:00+00:00,114.21875,114.21875,114.15625,114.15625,652.0
2025-04-14 20:25:00+00:00,114.25,114.25,114.21875,114.21875,989.0
2025-04-14 20:26:00+00:00,114.1875,114.21875,114.1875,114.21875,184.0
2025-04-14 20:27:00+00:00,114.1875,114.1875,114.1875,114.1875,113.0
2025-04-14 20:28:00+00:00,114.15625,114.1875,114.125,114.1875,176.0
2025-04-14 20:29:00+00:00,114.15625,114.15625,114.125,114.15625,194.0
2025-04-14 20:30:00+00:00,114.15625,114.15625,114.15625,114.15625,583.0
2025-04-14 20:31:00+00:00,114.125,114.15625,114.125,114.15625,420.0
2025-04-14 20:32:00+00:00,114.15625,114.15625,114.125,114.125,372.0
2025-04-14 20:33:00+00:00,114.09375,114.125,114.09375,114.125,628.0
2025-04-14 20:34:00+00:00,114.125,114.15625,114.125,114.125,719.0
2025-04-14 20:35:00+00:00,114.125,114.125,114.125,114.125,581.0
2025-04-14 20:36:00+00:00,114.15625,114.1875,114.15625,114.15625,1238.0
2025-04-14 20:37:00+00:00,114.15625,114.15625,114.15625,114.15625,24.0
2025-04-14 20:38:00+00:00,114.1875,114.1875,114.15625,114.15625,392.0
2025-04-14 20:39:00+00:00,114.21875,114.25,114.1875,114.1875,628.0
2025-04-14 20:40:00+00:00,114.25,114.25,114.21875,114.25,156.0
2025-04-14 20:41:00+00:00,114.28125,114.28125,114.21875,114.21875,373.0
2025-04-14 20:42:00+00:00,114.28125,114.28125,114.28125,114.28125,256.0
2025-04-14 20:43:00+00:00,114.28125,114.28125,114.25,114.28125,271.0
2025-04-14 20:44:00+00:00,114.25,114.28125,114.25,114.28125,500.0
2025-04-14 20:45:00+00:00,114.25,114.25,114.21875,114.25,425.0
2025-04-14 20:46:00+00:00,114.21875,114.25,114.21875,114.25,45.0
2025-04-14 20:47:00+00:00,114.1875,114.25,114.1875,114.25,146.0
2025-04-14 20:48:00+00:00,114.25,114.25,114.21875,114.21875,104.0
2025-04-14 20:49:00+00:00,114.3125,114.3125,114.25,114.25,665.0
2025-04-14 20:50:00+00:00,114.3125,114.3125,114.28125,114.3125,45.0
2025-04-14 20:51:00+00:00,114.28125,114.3125,114.25,114.3125,505.0
2025-04-14 20:52:00+00:00,114.34375,114.34375,114.3125,114.3125,155.0
2025-04-14 20:53:00+00:00,114.34375,114.34375,114.3125,114.3125,91.0
2025-04-14 20:54:00+00:00,114.3125,114.34375,114.3125,114.3125,230.0
2025-04-14 20:55:00+00:00,114.3125,114.34375,114.3125,114.3125,109.0
2025-04-14 20:56:00+00:00,114.34375,114.34375,114.3125,114.3125,61.0
2025-04-14 20:57:00+00:00,114.34375,114.375,114.34375,114.34375,536.0
2025-04-14 20:58:00+00:00,114.3125,114.375,114.3125,114.34375,225.0
2025-04-14 20:59:00+00:00,114.28125,114.3125,114.28125,114.3125,237.0
2025-04-14 22:00:00+00:00,114.375,114.40625,114.3125,114.3125,0.0
2025-04-14 22:01:00+00:00,114.375,114.375,114.375,114.375,114.0
2025-04-14 22:02:00+00:00,114.375,114.375,114.34375,114.375,21.0
2025-04-14 22:03:00+00:00,114.375,114.375,114.375,114.375,30.0
2025-04-14 22:04:00+00:00,114.375,114.375,114.375,114.375,28.0
2025-04-14 22:05:00+00:00,114.375,114.375,114.375,114.375,21.0
2025-04-14 22:06:00+00:00,114.375,114.375,114.375,114.375,20.0
2025-04-14 22:07:00+00:00,114.40625,114.40625,114.40625,114.40625,63.0
2025-04-14 22:08:00+00:00,114.4375,114.4375,114.4375,114.4375,1.0
2025-04-14 22:09:00+00:00,114.40625,114.40625,114.375,114.40625,190.0
2025-04-14 22:11:00+00:00,114.40625,114.40625,114.40625,114.40625,233.0
2025-04-14 22:12:00+00:00,114.40625,114.40625,114.40625,114.40625,22.0
2025-04-14 22:13:00+00:00,114.40625,114.40625,114.40625,114.40625,57.0
2025-04-14 22:14:00+00:00,114.40625,114.40625,114.40625,114.40625,13.0
2025-04-14 22:15:00+00:00,114.40625,114.40625,114.375,114.40625,70.0
2025-04-14 22:16:00+00:00,114.40625,114.40625,114.375,114.375,17.0
2025-04-14 22:17:00+00:00,114.40625,114.40625,114.375,114.40625,63.0
2025-04-14 22:19:00+00:00,114.375,114.375,114.375,114.375,5.0
2025-04-14 22:21:00+00:00,114.40625,114.40625,114.40625,114.40625,6.0
2025-04-14 22:22:00+00:00,114.40625,114.40625,114.40625,114.40625,52.0
2025-04-14 22:23:00+00:00,114.40625,114.40625,114.40625,114.40625,46.0
2025-04-14 22:24:00+00:00,114.40625,114.40625,114.40625,114.40625,5.0
2025-04-14 22:25:00+00:00,114.46875,114.46875,114.40625,114.40625,121.0
2025-04-14 22:26:00+00:00,114.46875,114.46875,114.4375,114.4375,31.0
2025-04-14 22:27:00+00:00,114.4375,114.46875,114.4375,114.46875,6.0
2025-04-14 22:28:00+00:00,114.46875,114.46875,114.46875,114.46875,1.0
2025-04-14 22:29:00+00:00,114.46875,114.46875,114.46875,114.46875,4.0
2025-04-14 22:31:00+00:00,114.4375,114.4375,114.4375,114.4375,20.0
2025-04-14 22:32:00+00:00,114.4375,114.4375,114.4375,114.4375,87.0
2025-04-14 22:33:00+00:00,114.375,114.40625,114.375,114.40625,562.0
2025-04-14 22:34:00+00:00,114.375,114.375,114.375,114.375,7.0
2025-04-14 22:35:00+00:00,114.375,114.375,114.375,114.375,24.0
2025-04-14 22:36:00+00:00,114.375,114.375,114.375,114.375,1.0
2025-04-14 22:37:00+00:00,114.3125,114.375,114.3125,114.375,88.0
2025-04-14 22:38:00+00:00,114.34375,114.34375,114.3125,114.34375,8.0
2025-04-14 22:39:00+00:00,114.34375,114.34375,114.34375,114.34375,1.0
2025-04-14 22:40:00+00:00,114.375,114.375,114.34375,114.34375,17.0
2025-04-14 22:41:00+00:00,114.34375,114.375,114.34375,114.34375,13.0
2025-04-14 22:42:00+00:00,114.375,114.375,114.34375,114.34375,32.0
2025-04-14 22:43:00+00:00,114.375,114.375,114.375,114.375,25.0
2025-04-14 22:46:00+00:00,114.40625,114.40625,114.40625,114.40625,1.0
2025-04-14 22:47:00+00:00,114.40625,114.40625,114.40625,114.40625,9.0
2025-04-14 22:53:00+00:00,114.40625,114.40625,114.40625,114.40625,14.0
2025-04-14 22:54:00+00:00,114.375,114.40625,114.375,114.40625,21.0
2025-04-14 22:55:00+00:00,114.375,114.40625,114.375,114.40625,3.0
2025-04-14 22:56:00+00:00,114.375,114.375,114.375,114.375,61.0
2025-04-14 22:57:00+00:00,114.375,114.375,114.375,114.375,33.0
2025-04-14 23:01:00+00:00,114.375,114.375,114.375,114.375,78.0
2025-04-14 23:02:00+00:00,114.34375,114.375,114.34375,114.375,52.0
2025-04-14 23:03:00+00:00,114.34375,114.34375,114.34375,114.34375,3.0
2025-04-14 23:05:00+00:00,114.28125,114.34375,114.28125,114.34375,165.0
2025-04-14 23:06:00+00:00,114.25,114.28125,114.25,114.28125,211.0
2025-04-14 23:07:00+00:00,114.28125,114.3125,114.28125,114.28125,31.0
2025-04-14 23:08:00+00:00,114.28125,114.28125,114.28125,114.28125,1.0
2025-04-14 23:11:00+00:00,114.28125,114.28125,114.28125,114.28125,55.0
2025-04-14 23:12:00+00:00,114.28125,114.28125,114.28125,114.28125,17.0
2025-04-14 23:13:00+00:00,114.28125,114.28125,114.28125,114.28125,15.0
2025-04-14 23:16:00+00:00,114.28125,114.28125,114.28125,114.28125,19.0
2025-04-14 23:17:00+00:00,114.28125,114.28125,114.28125,114.28125,26.0
2025-04-14 23:19:00+00:00,114.375,114.375,114.3125,114.3125,237.0
2025-04-14 23:24:00+00:00,114.375,114.375,114.375,114.375,40.0
2025-04-14 23:25:00+00:00,114.40625,114.40625,114.40625,114.40625,2.0
2025-04-14 23:26:00+00:00,114.4375,114.4375,114.40625,114.40625,66.0
2025-04-14 23:27:00+00:00,114.4375,114.4375,114.40625,114.4375,114.0
2025-04-14 23:28:00+00:00,114.4375,114.4375,114.40625,114.4375,69.0
2025-04-14 23:29:00+00:00,114.4375,114.4375,114.4375,114.4375,16.0
2025-04-14 23:31:00+00:00,114.40625,114.40625,114.40625,114.40625,35.0
2025-04-14 23:32:00+00:00,114.40625,114.40625,114.40625,114.40625,10.0
2025-04-14 23:33:00+00:00,114.46875,114.46875,114.40625,114.40625,109.0
2025-04-14 23:34:00+00:00,114.4375,114.4375,114.4375,114.4375,100.0
2025-04-14 23:35:00+00:00,114.4375,114.4375,114.4375,114.4375,103.0
2025-04-14 23:36:00+00:00,114.4375,114.4375,114.4375,114.4375,116.0
2025-04-14 23:37:00+00:00,114.4375,114.4375,114.4375,114.4375,18.0
2025-04-14 23:38:00+00:00,114.4375,114.4375,114.4375,114.4375,15.0
2025-04-14 23:39:00+00:00,114.40625,114.4375,114.40625,114.4375,97.0
2025-04-14 23:40:00+00:00,114.375,114.375,114.375,114.375,6.0
2025-04-14 23:42:00+00:00,114.40625,114.40625,114.40625,114.40625,21.0
2025-04-14 23:43:00+00:00,114.40625,114.40625,114.40625,114.40625,18.0
2025-04-14 23:44:00+00:00,114.4375,114.4375,114.40625,114.40625,182.0
2025-04-14 23:45:00+00:00,114.4375,114.4375,114.375,114.40625,85.0
2025-04-14 23:46:00+00:00,114.40625,114.4375,114.40625,114.4375,318.0
2025-04-14 23:47:00+00:00,114.40625,114.40625,114.40625,114.40625,7.0
2025-04-14 23:48:00+00:00,114.375,114.375,114.375,114.375,9.0
2025-04-14 23:49:00+00:00,114.375,114.375,114.375,114.375,10.0
2025-04-14 23:52:00+00:00,114.34375,114.40625,114.34375,114.40625,551.0
2025-04-14 23:53:00+00:00,114.34375,114.34375,114.34375,114.34375,63.0
2025-04-14 23:54:00+00:00,114.34375,114.34375,114.3125,114.34375,84.0
2025-04-14 23:57:00+00:00,114.375,114.375,114.34375,114.375,325.0
2025-04-14 23:58:00+00:00,114.40625,114.40625,114.40625,114.40625,91.0
2025-04-14 23:59:00+00:00,114.40625,114.40625,114.40625,114.40625,100.0
2025-04-15 00:00:00+00:00,114.40625,114.40625,114.40625,114.40625,61.0
2025-04-15 00:01:00+00:00,114.40625,114.40625,114.40625,114.40625,104.0
2025-04-15 00:02:00+00:00,114.40625,114.4375,114.40625,114.40625,238.0
2025-04-15 00:03:00+00:00,114.375,114.40625,114.375,114.40625,26.0
2025-04-15 00:04:00+00:00,114.375,114.375,114.375,114.375,39.0
2025-04-15 00:05:00+00:00,114.34375,114.375,114.34375,114.375,77.0
2025-04-15 00:06:00+00:00,114.34375,114.34375,114.34375,114.34375,74.0
2025-04-15 00:07:00+00:00,114.34375,114.34375,114.34375,114.34375,17.0
2025-04-15 00:08:00+00:00,114.34375,114.34375,114.34375,114.34375,25.0
2025-04-15 00:09:00+00:00,114.28125,114.3125,114.28125,114.3125,384.0
2025-04-15 00:10:00+00:00,114.28125,114.3125,114.28125,114.3125,74.0
2025-04-15 00:11:00+00:00,114.25,114.25,114.25,114.25,17.0
2025-04-15 00:12:00+00:00,114.25,114.25,114.25,114.25,135.0
2025-04-15 00:13:00+00:00,114.21875,114.25,114.21875,114.25,227.0
2025-04-15 00:14:00+00:00,114.25,114.25,114.21875,114.21875,2.0
2025-04-15 00:15:00+00:00,114.25,114.25,114.25,114.25,61.0
2025-04-15 00:16:00+00:00,114.25,114.28125,114.25,114.25,61.0
2025-04-15 00:17:00+00:00,114.28125,114.28125,114.25,114.25,29.0
2025-04-15 00:18:00+00:00,114.25,114.25,114.25,114.25,48.0
2025-04-15 00:19:00+00:00,114.28125,114.28125,114.28125,114.28125,83.0
2025-04-15 00:20:00+00:00,114.25,114.25,114.25,114.25,2.0
2025-04-15 00:21:00+00:00,114.28125,114.28125,114.28125,114.28125,75.0
2025-04-15 00:22:00+00:00,114.28125,114.28125,114.25,114.25,5.0
2025-04-15 00:23:00+00:00,114.28125,114.28125,114.28125,114.28125,29.0
2025-04-15 00:24:00+00:00,114.28125,114.28125,114.28125,114.28125,52.0
2025-04-15 00:25:00+00:00,114.28125,114.28125,114.28125,114.28125,33.0
2025-04-15 00:26:00+00:00,114.28125,114.28125,114.25,114.28125,120.0
2025-04-15 00:27:00+00:00,114.3125,114.3125,114.28125,114.3125,173.0
2025-04-15 00:28:00+00:00,114.3125,114.3125,114.3125,114.3125,44.0
2025-04-15 00:29:00+00:00,114.3125,114.3125,114.28125,114.28125,9.0
2025-04-15 00:30:00+00:00,114.3125,114.3125,114.3125,114.3125,15.0
2025-04-15 00:31:00+00:00,114.3125,114.3125,114.3125,114.3125,10.0
2025-04-15 00:32:00+00:00,114.3125,114.3125,114.3125,114.3125,1.0
2025-04-15 00:33:00+00:00,114.34375,114.34375,114.34375,114.34375,12.0
2025-04-15 00:36:00+00:00,114.34375,114.34375,114.34375,114.34375,462.0
2025-04-15 00:37:00+00:00,114.34375,114.34375,114.34375,114.34375,19.0
2025-04-15 00:38:00+00:00,114.34375,114.34375,114.34375,114.34375,27.0
2025-04-15 00:41:00+00:00,114.375,114.375,114.375,114.375,135.0
2025-04-15 00:43:00+00:00,114.34375,114.375,114.34375,114.375,2.0
2025-04-15 00:47:00+00:00,114.375,114.375,114.375,114.375,91.0
2025-04-15 00:48:00+00:00,114.375,114.375,114.34375,114.375,25.0
2025-04-15 00:50:00+00:00,114.34375,114.375,114.34375,114.375,30.0
2025-04-15 00:52:00+00:00,114.375,114.375,114.375,114.375,117.0
2025-04-15 00:53:00+00:00,114.375,114.375,114.375,114.375,38.0
2025-04-15 00:54:00+00:00,114.375,114.375,114.375,114.375,27.0
2025-04-15 00:55:00+00:00,114.40625,114.40625,114.40625,114.40625,19.0
2025-04-15 00:56:00+00:00,114.4375,114.4375,114.4375,114.4375,60.0
2025-04-15 00:57:00+00:00,114.46875,114.46875,114.4375,114.4375,8.0
2025-04-15 01:00:00+00:00,114.46875,114.46875,114.4375,114.46875,226.0
2025-04-15 01:01:00+00:00,114.53125,114.53125,114.5,114.5,371.0
2025-04-15 01:02:00+00:00,114.53125,114.53125,114.53125,114.53125,67.0
2025-04-15 01:03:00+00:00,114.53125,114.53125,114.53125,114.53125,204.0
2025-04-15 01:04:00+00:00,114.5625,114.5625,114.53125,114.53125,7.0
2025-04-15 01:05:00+00:00,114.53125,114.5625,114.53125,114.5625,12.0
2025-04-15 01:06:00+00:00,114.53125,114.5625,114.53125,114.5625,237.0
2025-04-15 01:08:00+00:00,114.53125,114.53125,114.53125,114.53125,14.0
2025-04-15 01:09:00+00:00,114.5625,114.59375,114.53125,114.53125,576.0
2025-04-15 01:10:00+00:00,114.5625,114.5625,114.5625,114.5625,20.0
2025-04-15 01:11:00+00:00,114.59375,114.59375,114.5625,114.5625,6.0
2025-04-15 01:12:00+00:00,114.59375,114.625,114.59375,114.59375,198.0
2025-04-15 01:13:00+00:00,114.5625,114.625,114.5625,114.625,40.0
2025-04-15 01:14:00+00:00,114.59375,114.59375,114.59375,114.59375,36.0
2025-04-15 01:15:00+00:00,114.59375,114.59375,114.59375,114.59375,55.0
2025-04-15 01:16:00+00:00,114.625,114.625,114.625,114.625,71.0
2025-04-15 01:17:00+00:00,114.65625,114.65625,114.65625,114.65625,9.0
2025-04-15 01:18:00+00:00,114.625,114.65625,114.625,114.625,139.0
2025-04-15 01:19:00+00:00,114.625,114.625,114.625,114.625,2.0
2025-04-15 01:20:00+00:00,114.625,114.625,114.625,114.625,90.0
2025-04-15 01:21:00+00:00,114.625,114.625,114.625,114.625,53.0
2025-04-15 01:22:00+00:00,114.65625,114.65625,114.65625,114.65625,59.0
2025-04-15 01:23:00+00:00,114.65625,114.65625,114.625,114.625,9.0
2025-04-15 01:24:00+00:00,114.65625,114.6875,114.65625,114.65625,274.0
2025-04-15 01:25:00+00:00,114.65625,114.65625,114.65625,114.65625,3.0
2025-04-15 01:26:00+00:00,114.65625,114.65625,114.65625,114.65625,5.0
2025-04-15 01:27:00+00:00,114.625,114.625,114.625,114.625,6.0
2025-04-15 01:28:00+00:00,114.625,114.65625,114.625,114.65625,136.0
2025-04-15 01:29:00+00:00,114.625,114.65625,114.625,114.625,117.0
2025-04-15 01:30:00+00:00,114.625,114.625,114.625,114.625,85.0
2025-04-15 01:31:00+00:00,114.625,114.625,114.625,114.625,59.0
2025-04-15 01:33:00+00:00,114.625,114.625,114.625,114.625,44.0
2025-04-15 01:34:00+00:00,114.625,114.625,114.625,114.625,17.0
2025-04-15 01:35:00+00:00,114.625,114.625,114.625,114.625,25.0
2025-04-15 01:36:00+00:00,114.65625,114.65625,114.65625,114.65625,1.0
2025-04-15 01:37:00+00:00,114.625,114.625,114.625,114.625,4.0
2025-04-15 01:38:00+00:00,114.625,114.625,114.625,114.625,7.0
2025-04-15 01:39:00+00:00,114.625,114.625,114.625,114.625,179.0
2025-04-15 01:40:00+00:00,114.59375,114.625,114.59375,114.59375,30.0
2025-04-15 01:41:00+00:00,114.59375,114.59375,114.59375,114.59375,1.0
2025-04-15 01:42:00+00:00,114.625,114.625,114.625,114.625,12.0
2025-04-15 01:45:00+00:00,114.625,114.65625,114.625,114.625,95.0
2025-04-15 01:46:00+00:00,114.59375,114.625,114.59375,114.625,4.0
2025-04-15 01:47:00+00:00,114.625,114.625,114.625,114.625,21.0
2025-04-15 01:52:00+00:00,114.625,114.625,114.625,114.625,5.0
2025-04-15 01:54:00+00:00,114.625,114.625,114.625,114.625,10.0
2025-04-15 01:55:00+00:00,114.59375,114.59375,114.59375,114.59375,130.0
2025-04-15 01:56:00+00:00,114.59375,114.59375,114.59375,114.59375,8.0
2025-04-15 01:57:00+00:00,114.625,114.625,114.625,114.625,177.0
2025-04-15 01:58:00+00:00,114.625,114.625,114.625,114.625,80.0
2025-04-15 01:59:00+00:00,114.625,114.625,114.625,114.625,9.0
2025-04-15 02:00:00+00:00,114.625,114.625,114.59375,114.625,77.0
2025-04-15 02:01:00+00:00,114.625,114.625,114.625,114.625,1.0
2025-04-15 02:02:00+00:00,114.625,114.65625,114.625,114.65625,9.0
2025-04-15 02:04:00+00:00,114.65625,114.65625,114.65625,114.65625,126.0
2025-04-15 02:07:00+00:00,114.625,114.65625,114.625,114.65625,2.0
2025-04-15 02:14:00+00:00,114.6875,114.6875,114.65625,114.65625,537.0
2025-04-15 02:15:00+00:00,114.71875,114.71875,114.6875,114.6875,92.0
2025-04-15 02:16:00+00:00,114.71875,114.71875,114.71875,114.71875,218.0
2025-04-15 02:17:00+00:00,114.75,114.75,114.75,114.75,6.0
2025-04-15 02:18:00+00:00,114.75,114.75,114.71875,114.71875,252.0
2025-04-15 02:19:00+00:00,114.75,114.78125,114.75,114.75,276.0
2025-04-15 02:20:00+00:00,114.75,114.75,114.75,114.75,5.0
2025-04-15 02:21:00+00:00,114.71875,114.75,114.71875,114.75,51.0
2025-04-15 02:22:00+00:00,114.75,114.75,114.75,114.75,47.0
2025-04-15 02:23:00+00:00,114.78125,114.78125,114.75,114.75,123.0
2025-04-15 02:24:00+00:00,114.75,114.78125,114.75,114.78125,6.0
2025-04-15 02:25:00+00:00,114.78125,114.78125,114.78125,114.78125,6.0
2025-04-15 02:26:00+00:00,114.78125,114.78125,114.75,114.78125,45.0
2025-04-15 02:27:00+00:00,114.78125,114.78125,114.78125,114.78125,7.0
2025-04-15 02:28:00+00:00,114.78125,114.78125,114.78125,114.78125,18.0
2025-04-15 02:30:00+00:00,114.78125,114.78125,114.75,114.75,10.0
2025-04-15 02:32:00+00:00,114.75,114.75,114.75,114.75,81.0
2025-04-15 02:36:00+00:00,114.71875,114.71875,114.71875,114.71875,40.0
2025-04-15 02:37:00+00:00,114.71875,114.71875,114.71875,114.71875,77.0
2025-04-15 02:38:00+00:00,114.71875,114.71875,114.71875,114.71875,16.0
2025-04-15 02:39:00+00:00,114.71875,114.71875,114.71875,114.71875,28.0
2025-04-15 02:41:00+00:00,114.71875,114.71875,114.71875,114.71875,22.0
2025-04-15 02:42:00+00:00,114.71875,114.71875,114.71875,114.71875,2.0
2025-04-15 02:44:00+00:00,114.75,114.75,114.75,114.75,175.0
2025-04-15 02:48:00+00:00,114.71875,114.71875,114.71875,114.71875,47.0
2025-04-15 02:49:00+00:00,114.71875,114.71875,114.71875,114.71875,104.0
2025-04-15 02:50:00+00:00,114.75,114.75,114.75,114.75,155.0
2025-04-15 02:51:00+00:00,114.71875,114.71875,114.71875,114.71875,1.0
2025-04-15 02:53:00+00:00,114.75,114.75,114.71875,114.71875,17.0
2025-04-15 02:54:00+00:00,114.75,114.75,114.75,114.75,23.0
2025-04-15 02:55:00+00:00,114.78125,114.78125,114.75,114.75,101.0
2025-04-15 02:56:00+00:00,114.78125,114.78125,114.75,114.75,22.0
2025-04-15 02:58:00+00:00,114.75,114.75,114.75,114.75,1.0
2025-04-15 02:59:00+00:00,114.78125,114.78125,114.78125,114.78125,52.0
2025-04-15 03:01:00+00:00,114.75,114.75,114.71875,114.75,83.0
2025-04-15 03:02:00+00:00,114.75,114.75,114.75,114.75,68.0
2025-04-15 03:03:00+00:00,114.75,114.75,114.75,114.75,4.0
2025-04-15 03:04:00+00:00,114.75,114.75,114.75,114.75,43.0
2025-04-15 03:05:00+00:00,114.75,114.75,114.75,114.75,66.0
2025-04-15 03:06:00+00:00,114.71875,114.78125,114.71875,114.75,116.0
2025-04-15 03:09:00+00:00,114.75,114.75,114.75,114.75,30.0
2025-04-15 03:10:00+00:00,114.78125,114.78125,114.75,114.75,23.0
2025-04-15 03:11:00+00:00,114.78125,114.78125,114.78125,114.78125,103.0
2025-04-15 03:12:00+00:00,114.8125,114.8125,114.8125,114.8125,110.0
2025-04-15 03:13:00+00:00,114.78125,114.78125,114.78125,114.78125,67.0
2025-04-15 03:14:00+00:00,114.78125,114.78125,114.78125,114.78125,23.0
2025-04-15 03:16:00+00:00,114.75,114.78125,114.75,114.78125,3.0
2025-04-15 03:17:00+00:00,114.78125,114.78125,114.75,114.78125,5.0
2025-04-15 03:18:00+00:00,114.78125,114.78125,114.78125,114.78125,8.0
2025-04-15 03:19:00+00:00,114.78125,114.78125,114.78125,114.78125,105.0
2025-04-15 03:20:00+00:00,114.8125,114.8125,114.8125,114.8125,182.0
2025-04-15 03:21:00+00:00,114.78125,114.78125,114.78125,114.78125,41.0
2025-04-15 03:22:00+00:00,114.75,114.78125,114.75,114.78125,26.0
2025-04-15 03:26:00+00:00,114.78125,114.78125,114.78125,114.78125,1.0
2025-04-15 03:27:00+00:00,114.78125,114.78125,114.78125,114.78125,17.0
2025-04-15 03:28:00+00:00,114.78125,114.78125,114.78125,114.78125,3.0
2025-04-15 03:29:00+00:00,114.75,114.78125,114.75,114.78125,2.0
2025-04-15 03:30:00+00:00,114.75,114.75,114.75,114.75,2.0
2025-04-15 03:33:00+00:00,114.78125,114.8125,114.78125,114.78125,76.0
2025-04-15 03:35:00+00:00,114.78125,114.78125,114.78125,114.78125,27.0
2025-04-15 03:36:00+00:00,114.75,114.78125,114.75,114.78125,95.0
2025-04-15 03:38:00+00:00,114.75,114.75,114.75,114.75,157.0
2025-04-15 03:39:00+00:00,114.75,114.78125,114.75,114.75,15.0
2025-04-15 03:41:00+00:00,114.78125,114.78125,114.75,114.78125,9.0
2025-04-15 03:43:00+00:00,114.78125,114.78125,114.78125,114.78125,4.0
2025-04-15 03:44:00+00:00,114.75,114.78125,114.75,114.78125,4.0
2025-04-15 03:46:00+00:00,114.75,114.75,114.75,114.75,14.0
2025-04-15 03:49:00+00:00,114.71875,114.71875,114.71875,114.71875,18.0
2025-04-15 03:50:00+00:00,114.75,114.75,114.75,114.75,3.0
2025-04-15 03:51:00+00:00,114.75,114.75,114.75,114.75,25.0
2025-04-15 03:52:00+00:00,114.71875,114.75,114.71875,114.75,54.0
2025-04-15 03:53:00+00:00,114.75,114.75,114.75,114.75,50.0
2025-04-15 03:54:00+00:00,114.71875,114.75,114.71875,114.75,42.0
2025-04-15 03:55:00+00:00,114.75,114.75,114.71875,114.71875,3.0
2025-04-15 03:58:00+00:00,114.75,114.75,114.75,114.75,7.0
2025-04-15 04:01:00+00:00,114.71875,114.71875,114.71875,114.71875,80.0
2025-04-15 04:03:00+00:00,114.75,114.75,114.75,114.75,17.0
2025-04-15 04:04:00+00:00,114.71875,114.75,114.71875,114.75,211.0
2025-04-15 04:05:00+00:00,114.71875,114.71875,114.71875,114.71875,26.0
2025-04-15 04:06:00+00:00,114.71875,114.71875,114.71875,114.71875,49.0
2025-04-15 04:08:00+00:00,114.6875,114.71875,114.6875,114.71875,2.0
2025-04-15 04:09:00+00:00,114.6875,114.6875,114.6875,114.6875,3.0
2025-04-15 04:10:00+00:00,114.6875,114.6875,114.6875,114.6875,129.0
2025-04-15 04:11:00+00:00,114.71875,114.71875,114.6875,114.6875,120.0
2025-04-15 04:12:00+00:00,114.6875,114.6875,114.6875,114.6875,1.0
2025-04-15 04:13:00+00:00,114.71875,114.71875,114.71875,114.71875,358.0
2025-04-15 04:15:00+00:00,114.71875,114.71875,114.71875,114.71875,69.0
2025-04-15 04:16:00+00:00,114.71875,114.71875,114.71875,114.71875,25.0
2025-04-15 04:17:00+00:00,114.71875,114.71875,114.71875,114.71875,24.0
2025-04-15 04:18:00+00:00,114.71875,114.71875,114.71875,114.71875,38.0
2025-04-15 04:19:00+00:00,114.75,114.75,114.71875,114.71875,16.0
2025-04-15 04:20:00+00:00,114.71875,114.71875,114.71875,114.71875,35.0
2025-04-15 04:21:00+00:00,114.71875,114.71875,114.71875,114.71875,29.0
2025-04-15 04:23:00+00:00,114.71875,114.71875,114.6875,114.6875,5.0
2025-04-15 04:24:00+00:00,114.71875,114.71875,114.71875,114.71875,6.0
2025-04-15 04:27:00+00:00,114.71875,114.71875,114.71875,114.71875,56.0
2025-04-15 04:32:00+00:00,114.71875,114.75,114.71875,114.75,44.0
2025-04-15 04:33:00+00:00,114.71875,114.71875,114.71875,114.71875,78.0
2025-04-15 04:37:00+00:00,114.75,114.75,114.75,114.75,26.0
2025-04-15 04:38:00+00:00,114.75,114.75,114.71875,114.75,109.0
2025-04-15 04:39:00+00:00,114.75,114.78125,114.75,114.78125,17.0
2025-04-15 04:40:00+00:00,114.78125,114.8125,114.78125,114.78125,64.0
2025-04-15 04:41:00+00:00,114.8125,114.8125,114.78125,114.78125,139.0
2025-04-15 04:42:00+00:00,114.8125,114.8125,114.78125,114.78125,55.0
2025-04-15 04:43:00+00:00,114.8125,114.8125,114.78125,114.78125,101.0
2025-04-15 04:44:00+00:00,114.84375,114.84375,114.78125,114.78125,289.0
2025-04-15 04:45:00+00:00,114.8125,114.8125,114.8125,114.8125,144.0
2025-04-15 04:46:00+00:00,114.8125,114.8125,114.8125,114.8125,280.0
2025-04-15 04:47:00+00:00,114.8125,114.8125,114.8125,114.8125,3.0
2025-04-15 04:49:00+00:00,114.8125,114.8125,114.8125,114.8125,43.0
2025-04-15 04:50:00+00:00,114.8125,114.8125,114.8125,114.8125,85.0
2025-04-15 04:51:00+00:00,114.8125,114.8125,114.8125,114.8125,103.0
2025-04-15 04:52:00+00:00,114.8125,114.84375,114.8125,114.8125,153.0
2025-04-15 04:53:00+00:00,114.84375,114.84375,114.8125,114.8125,314.0
2025-04-15 04:54:00+00:00,114.84375,114.84375,114.84375,114.84375,48.0
2025-04-15 04:55:00+00:00,114.84375,114.84375,114.84375,114.84375,87.0
2025-04-15 04:56:00+00:00,114.84375,114.84375,114.8125,114.8125,43.0
2025-04-15 04:57:00+00:00,114.84375,114.84375,114.84375,114.84375,6.0
2025-04-15 04:58:00+00:00,114.84375,114.84375,114.84375,114.84375,113.0
2025-04-15 04:59:00+00:00,114.84375,114.84375,114.84375,114.84375,25.0
2025-04-15 05:00:00+00:00,114.875,114.875,114.84375,114.84375,20.0
2025-04-15 05:01:00+00:00,114.84375,114.875,114.84375,114.875,239.0
2025-04-15 05:02:00+00:00,114.84375,114.84375,114.8125,114.8125,213.0
2025-04-15 05:03:00+00:00,114.84375,114.84375,114.84375,114.84375,82.0
2025-04-15 05:04:00+00:00,114.84375,114.84375,114.8125,114.84375,283.0
2025-04-15 05:05:00+00:00,114.84375,114.875,114.8125,114.84375,93.0
2025-04-15 05:06:00+00:00,114.84375,114.84375,114.8125,114.84375,52.0
2025-04-15 05:07:00+00:00,114.875,114.875,114.84375,114.84375,225.0
2025-04-15 05:08:00+00:00,114.84375,114.84375,114.84375,114.84375,7.0
2025-04-15 05:09:00+00:00,114.84375,114.84375,114.84375,114.84375,2.0
2025-04-15 05:10:00+00:00,114.84375,114.84375,114.84375,114.84375,54.0
2025-04-15 05:11:00+00:00,114.84375,114.84375,114.84375,114.84375,136.0
2025-04-15 05:13:00+00:00,114.875,114.875,114.875,114.875,2.0
2025-04-15 05:14:00+00:00,114.84375,114.875,114.84375,114.84375,7.0
2025-04-15 05:15:00+00:00,114.84375,114.84375,114.84375,114.84375,1.0
2025-04-15 05:17:00+00:00,114.875,114.875,114.84375,114.84375,26.0
2025-04-15 05:18:00+00:00,114.84375,114.84375,114.84375,114.84375,5.0
2025-04-15 05:19:00+00:00,114.84375,114.875,114.84375,114.84375,57.0
2025-04-15 05:20:00+00:00,114.875,114.875,114.84375,114.84375,213.0
2025-04-15 05:21:00+00:00,114.875,114.875,114.875,114.875,41.0
2025-04-15 05:22:00+00:00,114.90625,114.90625,114.875,114.875,4.0
2025-04-15 05:23:00+00:00,114.90625,114.90625,114.875,114.90625,46.0
2025-04-15 05:24:00+00:00,114.90625,114.90625,114.875,114.875,6.0
2025-04-15 05:25:00+00:00,114.875,114.875,114.875,114.875,89.0
2025-04-15 05:26:00+00:00,114.875,114.875,114.875,114.875,334.0
2025-04-15 05:27:00+00:00,114.90625,114.90625,114.90625,114.90625,1.0
2025-04-15 05:28:00+00:00,114.875,114.90625,114.875,114.875,39.0
2025-04-15 05:30:00+00:00,114.875,114.875,114.875,114.875,57.0
2025-04-15 05:31:00+00:00,114.875,114.875,114.875,114.875,5.0
2025-04-15 05:32:00+00:00,114.875,114.875,114.875,114.875,6.0
2025-04-15 05:33:00+00:00,114.84375,114.84375,114.84375,114.84375,35.0
2025-04-15 05:34:00+00:00,114.78125,114.84375,114.78125,114.84375,166.0
2025-04-15 05:35:00+00:00,114.78125,114.78125,114.78125,114.78125,19.0
2025-04-15 05:43:00+00:00,114.78125,114.78125,114.71875,114.75,68.0
2025-04-15 05:45:00+00:00,114.75,114.75,114.75,114.75,94.0
2025-04-15 05:47:00+00:00,114.6875,114.71875,114.6875,114.6875,10.0
2025-04-15 05:48:00+00:00,114.71875,114.71875,114.71875,114.71875,3.0
2025-04-15 05:49:00+00:00,114.71875,114.71875,114.71875,114.71875,247.0
2025-04-15 05:50:00+00:00,114.75,114.75,114.75,114.75,96.0
2025-04-15 05:51:00+00:00,114.75,114.75,114.75,114.75,36.0
2025-04-15 05:53:00+00:00,114.71875,114.71875,114.71875,114.71875,48.0
2025-04-15 05:54:00+00:00,114.71875,114.71875,114.71875,114.71875,51.0
2025-04-15 05:55:00+00:00,114.6875,114.6875,114.6875,114.6875,46.0
2025-04-15 05:56:00+00:00,114.65625,114.6875,114.65625,114.65625,61.0
2025-04-15 05:57:00+00:00,114.59375,114.65625,114.59375,114.65625,113.0
2025-04-15 05:58:00+00:00,114.625,114.625,114.625,114.625,43.0
2025-04-15 05:59:00+00:00,114.65625,114.65625,114.625,114.625,90.0
2025-04-15 06:00:00+00:00,114.625,114.65625,114.625,114.625,12.0
2025-04-15 06:01:00+00:00,114.625,114.65625,114.625,114.625,73.0
2025-04-15 06:02:00+00:00,114.59375,114.59375,114.5625,114.59375,191.0
2025-04-15 06:03:00+00:00,114.59375,114.59375,114.59375,114.59375,48.0
2025-04-15 06:04:00+00:00,114.59375,114.59375,114.59375,114.59375,242.0
2025-04-15 06:05:00+00:00,114.59375,114.59375,114.59375,114.59375,58.0
2025-04-15 06:06:00+00:00,114.5625,114.5625,114.5625,114.5625,72.0
2025-04-15 06:07:00+00:00,114.625,114.625,114.59375,114.59375,117.0
2025-04-15 06:08:00+00:00,114.625,114.625,114.625,114.625,68.0
2025-04-15 06:09:00+00:00,114.65625,114.65625,114.65625,114.65625,54.0
2025-04-15 06:10:00+00:00,114.65625,114.65625,114.65625,114.65625,28.0
2025-04-15 06:12:00+00:00,114.65625,114.6875,114.65625,114.6875,41.0
2025-04-15 06:13:00+00:00,114.65625,114.65625,114.65625,114.65625,18.0
2025-04-15 06:14:00+00:00,114.65625,114.65625,114.65625,114.65625,36.0
2025-04-15 06:15:00+00:00,114.625,114.625,114.59375,114.625,48.0
2025-04-15 06:17:00+00:00,114.59375,114.625,114.59375,114.625,121.0
2025-04-15 06:18:00+00:00,114.59375,114.59375,114.59375,114.59375,76.0
2025-04-15 06:19:00+00:00,114.5625,114.59375,114.5625,114.59375,126.0
2025-04-15 06:20:00+00:00,114.5625,114.5625,114.5625,114.5625,65.0
2025-04-15 06:21:00+00:00,114.53125,114.53125,114.53125,114.53125,49.0
2025-04-15 06:22:00+00:00,114.5,114.5,114.5,114.5,313.0
2025-04-15 06:23:00+00:00,114.5,114.5,114.46875,114.5,148.0
2025-04-15 06:25:00+00:00,114.53125,114.53125,114.53125,114.53125,90.0
2025-04-15 06:26:00+00:00,114.53125,114.5625,114.53125,114.5625,55.0
2025-04-15 06:27:00+00:00,114.5,114.53125,114.5,114.53125,110.0
2025-04-15 06:29:00+00:00,114.5,114.53125,114.5,114.53125,29.0
2025-04-15 06:30:00+00:00,114.53125,114.53125,114.53125,114.53125,41.0
2025-04-15 06:31:00+00:00,114.5,114.5,114.5,114.5,90.0
2025-04-15 06:32:00+00:00,114.5,114.5,114.46875,114.46875,138.0
2025-04-15 06:33:00+00:00,114.46875,114.46875,114.46875,114.46875,232.0
2025-04-15 06:34:00+00:00,114.46875,114.46875,114.46875,114.46875,7.0
2025-04-15 06:37:00+00:00,114.46875,114.46875,114.46875,114.46875,53.0
2025-04-15 06:38:00+00:00,114.5,114.5,114.4375,114.46875,188.0
2025-04-15 06:39:00+00:00,114.5,114.5,114.5,114.5,33.0
2025-04-15 06:40:00+00:00,114.53125,114.53125,114.5,114.5,341.0
2025-04-15 06:41:00+00:00,114.5,114.53125,114.5,114.5,104.0
2025-04-15 06:42:00+00:00,114.5625,114.5625,114.5,114.53125,212.0
2025-04-15 06:43:00+00:00,114.53125,114.53125,114.53125,114.53125,51.0
2025-04-15 06:44:00+00:00,114.5,114.53125,114.5,114.53125,65.0
2025-04-15 06:45:00+00:00,114.5,114.5,114.46875,114.46875,25.0
2025-04-15 06:46:00+00:00,114.5,114.5,114.5,114.5,46.0
2025-04-15 06:48:00+00:00,114.5,114.53125,114.5,114.5,69.0
2025-04-15 06:49:00+00:00,114.5,114.5,114.5,114.5,24.0
2025-04-15 06:50:00+00:00,114.5,114.5,114.5,114.5,72.0
2025-04-15 06:52:00+00:00,114.5,114.5,114.46875,114.46875,31.0
2025-04-15 06:54:00+00:00,114.5,114.5,114.5,114.5,17.0
2025-04-15 06:55:00+00:00,114.5,114.5,114.46875,114.46875,81.0
2025-04-15 06:56:00+00:00,114.5,114.5,114.5,114.5,29.0
2025-04-15 06:57:00+00:00,114.46875,114.5,114.46875,114.5,112.0
2025-04-15 06:58:00+00:00,114.46875,114.46875,114.46875,114.46875,27.0
2025-04-15 06:59:00+00:00,114.46875,114.46875,114.46875,114.46875,62.0
2025-04-15 07:00:00+00:00,114.40625,114.4375,114.40625,114.4375,183.0
2025-04-15 07:01:00+00:00,114.375,114.40625,114.375,114.40625,356.0
2025-04-15 07:02:00+00:00,114.34375,114.375,114.34375,114.375,24.0
2025-04-15 07:03:00+00:00,114.34375,114.34375,114.34375,114.34375,360.0
2025-04-15 07:04:00+00:00,114.34375,114.34375,114.3125,114.34375,194.0
2025-04-15 07:05:00+00:00,114.3125,114.34375,114.3125,114.3125,350.0
2025-04-15 07:06:00+00:00,114.3125,114.3125,114.3125,114.3125,155.0
2025-04-15 07:07:00+00:00,114.3125,114.3125,114.28125,114.28125,85.0
2025-04-15 07:08:00+00:00,114.28125,114.3125,114.28125,114.28125,383.0
2025-04-15 07:09:00+00:00,114.25,114.28125,114.25,114.28125,232.0
2025-04-15 07:10:00+00:00,114.3125,114.3125,114.28125,114.28125,141.0
2025-04-15 07:11:00+00:00,114.25,114.28125,114.25,114.28125,180.0
2025-04-15 07:12:00+00:00,114.25,114.25,114.25,114.25,80.0
2025-04-15 07:13:00+00:00,114.28125,114.28125,114.25,114.28125,358.0
2025-04-15 07:14:00+00:00,114.25,114.28125,114.25,114.28125,95.0
2025-04-15 07:15:00+00:00,114.21875,114.25,114.21875,114.25,27.0
2025-04-15 07:16:00+00:00,114.25,114.25,114.21875,114.21875,48.0
2025-04-15 07:17:00+00:00,114.25,114.25,114.25,114.25,67.0
2025-04-15 07:18:00+00:00,114.25,114.25,114.25,114.25,115.0
2025-04-15 07:19:00+00:00,114.25,114.25,114.25,114.25,44.0
2025-04-15 07:20:00+00:00,114.21875,114.25,114.21875,114.21875,93.0
2025-04-15 07:21:00+00:00,114.25,114.28125,114.21875,114.21875,243.0
2025-04-15 07:22:00+00:00,114.21875,114.21875,114.21875,114.21875,15.0
2025-04-15 07:23:00+00:00,114.25,114.25,114.25,114.25,224.0
2025-04-15 07:24:00+00:00,114.21875,114.25,114.21875,114.25,240.0
2025-04-15 07:25:00+00:00,114.25,114.25,114.21875,114.21875,47.0
2025-04-15 07:27:00+00:00,114.21875,114.25,114.21875,114.25,92.0
2025-04-15 07:28:00+00:00,114.21875,114.25,114.21875,114.21875,3.0
2025-04-15 07:29:00+00:00,114.25,114.25,114.21875,114.25,51.0
2025-04-15 07:30:00+00:00,114.25,114.25,114.21875,114.21875,174.0
2025-04-15 07:31:00+00:00,114.3125,114.3125,114.28125,114.28125,77.0
2025-04-15 07:32:00+00:00,114.28125,114.3125,114.28125,114.28125,95.0
2025-04-15 07:33:00+00:00,114.3125,114.3125,114.28125,114.3125,153.0
2025-04-15 07:34:00+00:00,114.3125,114.34375,114.3125,114.3125,221.0
2025-04-15 07:35:00+00:00,114.3125,114.34375,114.3125,114.3125,23.0
2025-04-15 07:36:00+00:00,114.3125,114.34375,114.3125,114.34375,126.0
2025-04-15 07:37:00+00:00,114.3125,114.3125,114.3125,114.3125,167.0
2025-04-15 07:38:00+00:00,114.28125,114.3125,114.28125,114.3125,8.0
2025-04-15 07:39:00+00:00,114.3125,114.3125,114.28125,114.28125,91.0
2025-04-15 07:40:00+00:00,114.34375,114.34375,114.3125,114.3125,57.0
2025-04-15 07:41:00+00:00,114.375,114.375,114.375,114.375,74.0
2025-04-15 07:42:00+00:00,114.375,114.40625,114.34375,114.375,112.0
2025-04-15 07:43:00+00:00,114.375,114.375,114.34375,114.375,41.0
2025-04-15 07:44:00+00:00,114.34375,114.375,114.34375,114.34375,7.0
2025-04-15 07:45:00+00:00,114.3125,114.34375,114.3125,114.34375,98.0
2025-04-15 07:46:00+00:00,114.28125,114.28125,114.28125,114.28125,2.0
2025-04-15 07:47:00+00:00,114.3125,114.3125,114.3125,114.3125,71.0
2025-04-15 07:48:00+00:00,114.28125,114.28125,114.28125,114.28125,4.0
2025-04-15 07:49:00+00:00,114.3125,114.3125,114.28125,114.28125,285.0
2025-04-15 07:50:00+00:00,114.34375,114.34375,114.34375,114.34375,92.0
2025-04-15 07:51:00+00:00,114.3125,114.34375,114.3125,114.34375,5.0
2025-04-15 07:53:00+00:00,114.3125,114.3125,114.3125,114.3125,367.0
2025-04-15 07:54:00+00:00,114.28125,114.3125,114.28125,114.3125,93.0
2025-04-15 07:55:00+00:00,114.3125,114.3125,114.3125,114.3125,100.0
2025-04-15 07:56:00+00:00,114.3125,114.34375,114.3125,114.3125,145.0
2025-04-15 07:57:00+00:00,114.3125,114.34375,114.3125,114.3125,38.0
2025-04-15 07:58:00+00:00,114.3125,114.3125,114.3125,114.3125,60.0
2025-04-15 07:59:00+00:00,114.3125,114.3125,114.28125,114.3125,165.0
2025-04-15 08:00:00+00:00,114.4375,114.46875,114.3125,114.34375,766.0
2025-04-15 08:01:00+00:00,114.40625,114.4375,114.40625,114.4375,192.0
2025-04-15 08:02:00+00:00,114.40625,114.40625,114.40625,114.40625,120.0
2025-04-15 08:03:00+00:00,114.4375,114.4375,114.40625,114.40625,36.0
2025-04-15 08:04:00+00:00,114.5,114.5,114.4375,114.4375,320.0
2025-04-15 08:05:00+00:00,114.5,114.53125,114.46875,114.5,308.0
2025-04-15 08:06:00+00:00,114.4375,114.46875,114.4375,114.46875,157.0
2025-04-15 08:07:00+00:00,114.46875,114.46875,114.4375,114.4375,88.0
2025-04-15 08:08:00+00:00,114.46875,114.46875,114.46875,114.46875,33.0
2025-04-15 08:09:00+00:00,114.46875,114.46875,114.46875,114.46875,28.0
2025-04-15 08:10:00+00:00,114.40625,114.46875,114.40625,114.46875,42.0
2025-04-15 08:11:00+00:00,114.4375,114.4375,114.40625,114.40625,65.0
2025-04-15 08:12:00+00:00,114.40625,114.40625,114.40599822998047,114.40625,139.0
2025-04-15 08:13:00+00:00,114.40625,114.40625,114.40625,114.40625,38.0
2025-04-15 08:14:00+00:00,114.375,114.40625,114.375,114.40625,115.0
2025-04-15 08:15:00+00:00,114.375,114.375,114.375,114.375,94.0
2025-04-15 08:16:00+00:00,114.375,114.375,114.375,114.375,100.0
2025-04-15 08:17:00+00:00,114.375,114.375,114.375,114.375,81.0
2025-04-15 08:18:00+00:00,114.375,114.375,114.34375,114.375,53.0
2025-04-15 08:19:00+00:00,114.375,114.40625,114.375,114.40625,100.0
2025-04-15 08:20:00+00:00,114.40625,114.40625,114.375,114.375,16.0
2025-04-15 08:21:00+00:00,114.40625,114.40625,114.40625,114.40625,75.0
2025-04-15 08:22:00+00:00,114.40625,114.40625,114.375,114.40625,62.0
2025-04-15 08:23:00+00:00,114.4375,114.4375,114.40625,114.40625,109.0
2025-04-15 08:24:00+00:00,114.46875,114.46875,114.4375,114.4375,30.0
2025-04-15 08:25:00+00:00,114.4375,114.4375,114.4375,114.4375,7.0
2025-04-15 08:26:00+00:00,114.4375,114.46875,114.4375,114.46875,69.0
2025-04-15 08:27:00+00:00,114.4375,114.4375,114.4375,114.4375,29.0
2025-04-15 08:28:00+00:00,114.4375,114.4375,114.4375,114.4375,8.0
2025-04-15 08:30:00+00:00,114.46875,114.46875,114.4375,114.4375,213.0
2025-04-15 08:31:00+00:00,114.46875,114.46875,114.4375,114.4375,85.0
2025-04-15 08:32:00+00:00,114.53125,114.53125,114.5,114.5,95.0
2025-04-15 08:33:00+00:00,114.53125,114.53125,114.53125,114.53125,69.0
2025-04-15 08:34:00+00:00,114.5,114.5,114.5,114.5,3.0
2025-04-15 08:35:00+00:00,114.5,114.5,114.46875,114.5,115.0
2025-04-15 08:36:00+00:00,114.59375,114.59375,114.53125,114.53125,86.0
2025-04-15 08:37:00+00:00,114.5625,114.59375,114.5625,114.5625,108.0
2025-04-15 08:38:00+00:00,114.5625,114.5625,114.53125,114.53125,105.0
2025-04-15 08:39:00+00:00,114.5625,114.5625,114.5625,114.5625,204.0
2025-04-15 08:40:00+00:00,114.53125,114.5625,114.53125,114.5625,177.0
2025-04-15 08:41:00+00:00,114.5625,114.5625,114.53125,114.53125,165.0
2025-04-15 08:42:00+00:00,114.53125,114.53125,114.53125,114.53125,92.0
2025-04-15 08:43:00+00:00,114.53125,114.53125,114.5,114.53125,611.0
2025-04-15 08:44:00+00:00,114.53125,114.53125,114.5,114.53125,76.0
2025-04-15 08:45:00+00:00,114.5625,114.5625,114.53125,114.53125,23.0
2025-04-15 08:46:00+00:00,114.53125,114.53125,114.53125,114.53125,1.0
2025-04-15 08:47:00+00:00,114.5625,114.5625,114.5625,114.5625,133.0
2025-04-15 08:49:00+00:00,114.59375,114.59375,114.59375,114.59375,3.0
2025-04-15 08:50:00+00:00,114.53125,114.5625,114.53125,114.5625,204.0
2025-04-15 08:51:00+00:00,114.5625,114.5625,114.53125,114.53125,178.0
2025-04-15 08:52:00+00:00,114.53125,114.5625,114.53125,114.5625,98.0
2025-04-15 08:53:00+00:00,114.59375,114.59375,114.5625,114.5625,126.0
2025-04-15 08:54:00+00:00,114.59375,114.59375,114.59375,114.59375,4.0
2025-04-15 08:56:00+00:00,114.59375,114.59375,114.59375,114.59375,72.0
2025-04-15 08:57:00+00:00,114.5625,114.59375,114.5625,114.5625,140.0
2025-04-15 08:59:00+00:00,114.59375,114.59375,114.59375,114.59375,47.0
2025-04-15 09:00:00+00:00,114.625,114.625,114.59375,114.59375,252.0
2025-04-15 09:01:00+00:00,114.59375,114.625,114.59375,114.59375,85.0
2025-04-15 09:02:00+00:00,114.625,114.65625,114.59375,114.625,95.0
2025-04-15 09:03:00+00:00,114.6875,114.6875,114.625,114.625,362.0
2025-04-15 09:04:00+00:00,114.65625,114.65625,114.65625,114.65625,143.0
2025-04-15 09:05:00+00:00,114.65625,114.65625,114.625,114.65625,183.0
2025-04-15 09:06:00+00:00,114.65625,114.65625,114.625,114.65625,134.0
2025-04-15 09:07:00+00:00,114.65625,114.65625,114.65625,114.65625,182.0
2025-04-15 09:08:00+00:00,114.65625,114.65625,114.65625,114.65625,234.0
2025-04-15 09:09:00+00:00,114.625,114.65625,114.625,114.65625,258.0
2025-04-15 09:10:00+00:00,114.65625,114.65625,114.625,114.625,99.0
2025-04-15 09:11:00+00:00,114.65625,114.65625,114.65625,114.65625,49.0
2025-04-15 09:12:00+00:00,114.625,114.65625,114.625,114.65625,148.0
2025-04-15 09:13:00+00:00,114.625,114.65625,114.625,114.625,196.0
2025-04-15 09:14:00+00:00,114.625,114.65625,114.625,114.65625,52.0
2025-04-15 09:15:00+00:00,114.59375,114.625,114.59375,114.625,167.0
2025-04-15 09:16:00+00:00,114.625,114.625,114.59375,114.59375,118.0
2025-04-15 09:17:00+00:00,114.625,114.625,114.625,114.625,3.0
2025-04-15 09:18:00+00:00,114.59375,114.59375,114.59375,114.59375,108.0
2025-04-15 09:19:00+00:00,114.59375,114.59375,114.59375,114.59375,15.0
2025-04-15 09:20:00+00:00,114.5625,114.5625,114.5625,114.5625,49.0
2025-04-15 09:21:00+00:00,114.5625,114.5625,114.5625,114.5625,140.0
2025-04-15 09:23:00+00:00,114.5625,114.5625,114.5625,114.5625,64.0
2025-04-15 09:24:00+00:00,114.53125,114.5625,114.53125,114.5625,77.0
2025-04-15 09:25:00+00:00,114.5,114.53125,114.5,114.53125,2.0
2025-04-15 09:26:00+00:00,114.53125,114.53125,114.5,114.5,4.0
2025-04-15 09:27:00+00:00,114.5,114.53125,114.5,114.5,26.0
2025-04-15 09:28:00+00:00,114.5,114.5,114.5,114.5,317.0
2025-04-15 09:29:00+00:00,114.46875,114.5,114.46875,114.5,82.0
2025-04-15 09:30:00+00:00,114.46875,114.46875,114.46875,114.46875,55.0
2025-04-15 09:31:00+00:00,114.46875,114.46875,114.46875,114.46875,52.0
2025-04-15 09:32:00+00:00,114.46875,114.46875,114.46875,114.46875,146.0
2025-04-15 09:33:00+00:00,114.4375,114.46875,114.4375,114.46875,93.0
2025-04-15 09:36:00+00:00,114.46875,114.46875,114.46875,114.46875,13.0
2025-04-15 09:37:00+00:00,114.46875,114.46875,114.4375,114.46875,24.0
2025-04-15 09:38:00+00:00,114.46875,114.46875,114.46875,114.46875,155.0
2025-04-15 09:39:00+00:00,114.4375,114.4375,114.4375,114.4375,98.0
2025-04-15 09:40:00+00:00,114.4375,114.4375,114.4375,114.4375,112.0
2025-04-15 09:41:00+00:00,114.375,114.4375,114.375,114.4375,248.0
2025-04-15 09:42:00+00:00,114.375,114.40625,114.375,114.375,104.0
2025-04-15 09:43:00+00:00,114.375,114.375,114.34375,114.375,221.0
2025-04-15 09:44:00+00:00,114.3125,114.375,114.3125,114.375,217.0
2025-04-15 09:45:00+00:00,114.28125,114.28125,114.28125,114.28125,90.0
2025-04-15 09:46:00+00:00,114.28125,114.28125,114.28125,114.28125,148.0
2025-04-15 09:47:00+00:00,114.25,114.25,114.25,114.25,207.0
2025-04-15 09:48:00+00:00,114.25,114.25,114.25,114.25,20.0
2025-04-15 09:49:00+00:00,114.21875,114.25,114.21875,114.25,157.0
2025-04-15 09:50:00+00:00,114.1875,114.1875,114.15625,114.1875,214.0
2025-04-15 09:51:00+00:00,114.1875,114.1875,114.15625,114.1875,43.0
2025-04-15 09:52:00+00:00,114.1875,114.1875,114.15625,114.15625,387.0
2025-04-15 09:53:00+00:00,114.21875,114.21875,114.1875,114.1875,223.0
2025-04-15 09:55:00+00:00,114.25,114.25,114.21875,114.21875,76.0
2025-04-15 09:56:00+00:00,114.25,114.25,114.25,114.25,25.0
2025-04-15 09:57:00+00:00,114.21875,114.25,114.21875,114.21875,15.0
2025-04-15 09:59:00+00:00,114.15625,114.21875,114.15625,114.21875,155.0
2025-04-15 10:00:00+00:00,114.15625,114.15625,114.15625,114.15625,531.0
2025-04-15 10:01:00+00:00,114.125,114.15625,114.125,114.15625,149.0
2025-04-15 10:02:00+00:00,114.125,114.15625,114.09375,114.125,469.0
2025-04-15 10:03:00+00:00,114.15625,114.15625,114.15625,114.15625,166.0
2025-04-15 10:04:00+00:00,114.1875,114.1875,114.15625,114.15625,132.0
2025-04-15 10:05:00+00:00,114.15625,114.15625,114.125,114.15625,82.0
2025-04-15 10:06:00+00:00,114.09375,114.125,114.09375,114.125,479.0
2025-04-15 10:07:00+00:00,114.09375,114.125,114.09375,114.125,74.0
2025-04-15 10:08:00+00:00,114.09375,114.09375,114.09375,114.09375,161.0
2025-04-15 10:09:00+00:00,114.125,114.15625,114.09375,114.09375,94.0
2025-04-15 10:10:00+00:00,114.125,114.125,114.125,114.125,73.0
2025-04-15 10:20:00+00:00,114.125,114.15625,114.125,114.125,1583.0
2025-04-15 10:21:00+00:00,114.125,114.15625,114.125,114.125,16.0
2025-04-15 10:22:00+00:00,114.125,114.125,114.125,114.125,139.0
2025-04-15 10:23:00+00:00,114.15625,114.15625,114.125,114.15625,83.0
2025-04-15 10:24:00+00:00,114.15625,114.15625,114.125,114.15625,99.0
2025-04-15 10:25:00+00:00,114.15625,114.15625,114.15625,114.15625,8.0
2025-04-15 10:26:00+00:00,114.15625,114.15625,114.125,114.125,12.0
2025-04-15 10:27:00+00:00,114.15625,114.1875,114.15625,114.15625,101.0
2025-04-15 10:28:00+00:00,114.1875,114.1875,114.1875,114.1875,132.0
2025-04-15 10:29:00+00:00,114.1875,114.1875,114.1875,114.1875,226.0
2025-04-15 10:30:00+00:00,114.1875,114.1875,114.15625,114.1875,137.0
2025-04-15 10:31:00+00:00,114.15625,114.15625,114.15625,114.15625,147.0
2025-04-15 10:32:00+00:00,114.15625,114.15625,114.15625,114.15625,26.0
2025-04-15 10:33:00+00:00,114.125,114.125,114.125,114.125,71.0
2025-04-15 10:34:00+00:00,114.125,114.15625,114.125,114.125,30.0
2025-04-15 10:35:00+00:00,114.15625,114.15625,114.125,114.125,3.0
2025-04-15 10:36:00+00:00,114.09375,114.125,114.09375,114.125,138.0
2025-04-15 10:37:00+00:00,114.09375,114.125,114.09375,114.09375,274.0
2025-04-15 10:38:00+00:00,114.09375,114.09375,114.09375,114.09375,32.0
2025-04-15 10:39:00+00:00,114.09375,114.09375,114.09375,114.09375,167.0
2025-04-15 10:40:00+00:00,114.0625,114.0625,114.0625,114.0625,374.0
2025-04-15 10:41:00+00:00,114.0,114.0625,114.0,114.0625,657.0
2025-04-15 10:42:00+00:00,113.96875,114.03125,113.9375,114.0,804.0
2025-04-15 10:43:00+00:00,113.96875,114.0,113.96875,113.96875,396.0
2025-04-15 10:44:00+00:00,113.96875,114.0,113.96875,113.96875,214.0
2025-04-15 10:45:00+00:00,114.0,114.0,113.96875,113.96875,418.0
2025-04-15 10:46:00+00:00,114.0,114.03125,114.0,114.03125,663.0
2025-04-15 10:47:00+00:00,114.03125,114.03125,114.03125,114.03125,67.0
2025-04-15 10:48:00+00:00,114.03125,114.0625,114.0,114.0,301.0
2025-04-15 10:49:00+00:00,114.09375,114.09375,114.0625,114.0625,63.0
2025-04-15 10:50:00+00:00,114.09375,114.09375,114.09375,114.09375,21.0
2025-04-15 10:51:00+00:00,114.09375,114.09375,114.09375,114.09375,9.0
2025-04-15 10:52:00+00:00,114.125,114.125,114.0625,114.0625,715.0
2025-04-15 10:53:00+00:00,114.125,114.15625,114.125,114.125,122.0
2025-04-15 10:54:00+00:00,114.125,114.125,114.125,114.125,49.0
2025-04-15 10:55:00+00:00,114.15625,114.15625,114.125,114.15625,109.0
2025-04-15 10:56:00+00:00,114.1875,114.1875,114.125,114.125,195.0
2025-04-15 10:57:00+00:00,114.21875,114.21875,114.21875,114.21875,342.0
2025-04-15 10:58:00+00:00,114.25,114.25,114.21875,114.21875,105.0
2025-04-15 10:59:00+00:00,114.25,114.25,114.21875,114.21875,54.0
2025-04-15 11:00:00+00:00,114.21875,114.21875,114.21875,114.21875,139.0
2025-04-15 11:01:00+00:00,114.1875,114.1875,114.1875,114.1875,42.0
2025-04-15 11:02:00+00:00,114.21875,114.21875,114.15625,114.15625,85.0
2025-04-15 11:03:00+00:00,114.25,114.25,114.1875,114.1875,506.0
2025-04-15 11:04:00+00:00,114.21875,114.25,114.21875,114.21875,127.0
2025-04-15 11:05:00+00:00,114.21875,114.21875,114.1875,114.1875,206.0
2025-04-15 11:06:00+00:00,114.1875,114.1875,114.1875,114.1875,154.0
2025-04-15 11:07:00+00:00,114.15625,114.15625,114.15625,114.15625,152.0
2025-04-15 11:08:00+00:00,114.125,114.15625,114.125,114.15625,164.0
2025-04-15 11:09:00+00:00,114.1875,114.1875,114.15625,114.15625,34.0
2025-04-15 11:10:00+00:00,114.1875,114.1875,114.1875,114.1875,120.0
2025-04-15 11:11:00+00:00,114.15625,114.15625,114.15625,114.15625,49.0
2025-04-15 11:12:00+00:00,114.15625,114.15625,114.15625,114.15625,150.0
2025-04-15 11:13:00+00:00,114.1875,114.1875,114.15625,114.15625,21.0
2025-04-15 11:14:00+00:00,114.15625,114.1875,114.125,114.1875,195.0
2025-04-15 11:15:00+00:00,114.1875,114.1875,114.15625,114.15625,172.0
2025-04-15 11:16:00+00:00,114.1875,114.1875,114.15625,114.15625,357.0
2025-04-15 11:17:00+00:00,114.15625,114.1875,114.15625,114.15625,126.0
2025-04-15 11:18:00+00:00,114.15625,114.15625,114.125,114.15625,213.0
2025-04-15 11:19:00+00:00,114.15625,114.15625,114.15625,114.15625,9.0
2025-04-15 11:20:00+00:00,114.125,114.15625,114.125,114.125,102.0
2025-04-15 11:21:00+00:00,114.125,114.125,114.125,114.125,27.0
2025-04-15 11:22:00+00:00,114.09375,114.125,114.09375,114.125,88.0
2025-04-15 11:23:00+00:00,114.03125,114.09375,114.03125,114.09375,229.0
2025-04-15 11:24:00+00:00,114.0,114.03125,114.0,114.03125,253.0
2025-04-15 11:25:00+00:00,113.96875,114.0,113.96875,114.0,138.0
2025-04-15 11:26:00+00:00,113.96875,114.0,113.9375,113.96875,1700.0
2025-04-15 11:27:00+00:00,113.90625,113.96875,113.90625,113.9375,232.0
2025-04-15 11:28:00+00:00,113.9375,113.9375,113.90625,113.90625,370.0
2025-04-15 11:29:00+00:00,113.9375,113.9375,113.9375,113.9375,103.0
2025-04-15 11:30:00+00:00,113.9375,113.96875,113.9375,113.9375,76.0
2025-04-15 11:31:00+00:00,113.9375,113.9375,113.9375,113.9375,20.0
2025-04-15 11:32:00+00:00,113.875,113.90625,113.84375,113.90625,866.0
2025-04-15 11:33:00+00:00,113.875,113.90625,113.8125,113.90625,1957.0
2025-04-15 11:34:00+00:00,113.875,113.90625,113.875,113.90625,191.0
2025-04-15 11:35:00+00:00,113.875,113.875,113.875,113.875,181.0
2025-04-15 11:36:00+00:00,113.875,113.90625,113.875,113.875,314.0
2025-04-15 11:37:00+00:00,113.9375,113.96875,113.875,113.875,722.0
2025-04-15 11:38:00+00:00,113.9375,113.9375,113.9375,113.9375,404.0
2025-04-15 11:39:00+00:00,113.96875,113.96875,113.9375,113.9375,337.0
2025-04-15 11:40:00+00:00,114.03125,114.03125,114.0,114.0,254.0
2025-04-15 11:41:00+00:00,114.0625,114.0625,114.03125,114.03125,331.0
2025-04-15 11:42:00+00:00,114.03125,114.03125,114.0,114.03125,1062.0
2025-04-15 11:43:00+00:00,114.0,114.03125,113.96875,114.03125,354.0
2025-04-15 11:44:00+00:00,114.0,114.0,113.96875,114.0,502.0
2025-04-15 11:45:00+00:00,114.03125,114.03125,114.03125,114.03125,227.0
2025-04-15 11:46:00+00:00,114.09375,114.09375,114.03125,114.03125,606.0
2025-04-15 11:47:00+00:00,114.09375,114.09375,114.09375,114.09375,254.0
2025-04-15 11:48:00+00:00,114.0625,114.0625,114.0625,114.0625,1025.0
2025-04-15 11:49:00+00:00,114.0,114.09375,114.0,114.0625,476.0
2025-04-15 11:50:00+00:00,114.03125,114.0625,114.0,114.0,127.0
2025-04-15 11:51:00+00:00,114.0625,114.0625,114.0625,114.0625,152.0
2025-04-15 11:52:00+00:00,114.09375,114.09375,114.0625,114.0625,43.0
2025-04-15 11:53:00+00:00,114.03125,114.0625,114.03125,114.0625,693.0
2025-04-15 11:54:00+00:00,114.0,114.0625,114.0,114.03125,409.0
2025-04-15 11:55:00+00:00,114.03125,114.03125,114.03125,114.03125,166.0
2025-04-15 11:56:00+00:00,114.125,114.125,114.03125,114.03125,584.0
2025-04-15 11:57:00+00:00,114.125,114.125,114.09375,114.125,401.0
2025-04-15 11:58:00+00:00,114.15625,114.15625,114.125,114.125,522.0
2025-04-15 11:59:00+00:00,114.15625,114.1875,114.15625,114.15625,506.0
2025-04-15 12:00:00+00:00,114.125,114.15625,114.125,114.15625,293.0
2025-04-15 12:01:00+00:00,114.125,114.1875,114.125,114.15625,201.0
2025-04-15 12:02:00+00:00,114.21875,114.21875,114.15625,114.15625,309.0
2025-04-15 12:03:00+00:00,114.15625,114.21875,114.15625,114.21875,194.0
2025-04-15 12:04:00+00:00,114.125,114.15625,114.125,114.15625,191.0
2025-04-15 12:05:00+00:00,114.15625,114.15625,114.125,114.125,31.0
2025-04-15 12:06:00+00:00,114.1875,114.1875,114.125,114.125,405.0
2025-04-15 12:08:00+00:00,114.125,114.1875,114.125,114.15625,444.0
2025-04-15 12:09:00+00:00,114.125,114.15625,114.125,114.15625,388.0
2025-04-15 12:10:00+00:00,114.125,114.125,114.09375,114.09375,593.0
2025-04-15 12:11:00+00:00,114.09375,114.15625,114.09375,114.125,481.0
2025-04-15 12:12:00+00:00,114.09375,114.09375,114.09375,114.09375,346.0
2025-04-15 12:13:00+00:00,114.09375,114.09375,114.0625,114.0625,57.0
2025-04-15 12:14:00+00:00,114.0625,114.0625,114.03125,114.0625,314.0
2025-04-15 12:15:00+00:00,114.0625,114.0625,114.03125,114.03125,224.0
2025-04-15 12:16:00+00:00,114.0625,114.0625,114.03125,114.03125,235.0
2025-04-15 12:17:00+00:00,114.0625,114.09375,114.0625,114.0625,283.0
2025-04-15 12:18:00+00:00,114.0625,114.0625,114.0625,114.0625,297.0
2025-04-15 12:19:00+00:00,114.09375,114.09375,114.0625,114.0625,388.0
2025-04-15 12:20:00+00:00,114.0625,114.125,114.03125,114.09375,1260.0
2025-04-15 12:21:00+00:00,114.03125,114.09375,114.03125,114.09375,355.0
2025-04-15 12:22:00+00:00,114.03125,114.0625,114.0,114.03125,521.0
2025-04-15 12:23:00+00:00,114.0625,114.09375,114.03125,114.03125,1005.0
2025-04-15 12:24:00+00:00,114.0625,114.0625,114.03125,114.03125,410.0
2025-04-15 12:25:00+00:00,114.0,114.0625,114.0,114.0625,437.0
2025-04-15 12:26:00+00:00,114.03125,114.03125,114.0,114.0,174.0
2025-04-15 12:27:00+00:00,114.09375,114.09375,114.03125,114.03125,1211.0
2025-04-15 12:28:00+00:00,114.09375,114.09375,114.09375,114.09375,98.0
2025-04-15 12:29:00+00:00,114.0625,114.09375,114.03125,114.09375,288.0
2025-04-15 12:30:00+00:00,114.125,114.21875,114.03125,114.09375,2268.0
2025-04-15 12:31:00+00:00,114.125,114.1875,114.125,114.15625,1101.0
2025-04-15 12:32:00+00:00,114.0625,114.125,114.03125,114.09375,1103.0
2025-04-15 12:33:00+00:00,114.0,114.0625,113.96875,114.0625,1121.0
2025-04-15 12:34:00+00:00,114.0,114.0,113.9375,114.0,732.0
2025-04-15 12:35:00+00:00,114.0625,114.0625,114.0,114.03125,1484.0
2025-04-15 12:36:00+00:00,114.09375,114.09375,114.03125,114.0625,942.0
2025-04-15 12:37:00+00:00,114.125,114.15625,114.09375,114.09375,482.0
2025-04-15 12:38:00+00:00,114.15625,114.15625,114.0625,114.125,1257.0
2025-04-15 12:39:00+00:00,114.125,114.15625,114.125,114.15625,851.0
2025-04-15 12:40:00+00:00,114.0625,114.125,114.0625,114.125,395.0
2025-04-15 12:41:00+00:00,114.09375,114.09375,114.03125,114.0625,904.0
2025-04-15 12:42:00+00:00,114.125,114.125,114.0625,114.09375,362.0
2025-04-15 12:43:00+00:00,114.15625,114.15625,114.09375,114.125,824.0
2025-04-15 12:44:00+00:00,114.125,114.15625,114.09375,114.15625,347.0
2025-04-15 12:45:00+00:00,114.09375,114.15625,114.09375,114.125,527.0
2025-04-15 12:46:00+00:00,114.0625,114.09375,114.0625,114.0625,342.0
2025-04-15 12:47:00+00:00,114.0,114.09375,114.0,114.09375,579.0
2025-04-15 12:48:00+00:00,113.96875,114.03125,113.9375,114.0,716.0
2025-04-15 12:49:00+00:00,113.96875,113.96875,113.9375,113.96875,136.0
2025-04-15 12:50:00+00:00,113.96875,113.96875,113.9375,113.96875,345.0
2025-04-15 12:51:00+00:00,113.90625,113.96875,113.90625,113.96875,816.0
2025-04-15 12:52:00+00:00,113.90625,113.90625,113.875,113.90625,610.0
2025-04-15 12:53:00+00:00,113.90625,113.90625,113.84375,113.90625,464.0
2025-04-15 12:54:00+00:00,113.875,113.90625,113.875,113.90625,587.0
2025-04-15 12:55:00+00:00,113.84375,113.84375,113.8125,113.84375,496.0
2025-04-15 12:56:00+00:00,113.78125,113.84375,113.78125,113.84375,698.0
2025-04-15 12:57:00+00:00,113.8125,113.84375,113.78125,113.78125,230.0
2025-04-15 12:58:00+00:00,113.78125,113.84375,113.78125,113.84375,521.0
2025-04-15 12:59:00+00:00,113.8125,113.84375,113.78125,113.8125,394.0
2025-04-15 13:00:00+00:00,113.84375,113.84375,113.75,113.8125,1196.0
2025-04-15 13:01:00+00:00,113.875,113.875,113.8125,113.84375,1101.0
2025-04-15 13:02:00+00:00,113.8125,113.84375,113.78125,113.84375,1238.0
2025-04-15 13:03:00+00:00,113.8125,113.8125,113.8125,113.8125,128.0
2025-04-15 13:04:00+00:00,113.84375,113.84375,113.8125,113.8125,262.0
2025-04-15 13:05:00+00:00,113.78125,113.84375,113.78125,113.84375,462.0
2025-04-15 13:06:00+00:00,113.875,113.875,113.78125,113.8125,623.0
2025-04-15 13:07:00+00:00,113.90625,113.9375,113.90625,113.90625,290.0
2025-04-15 13:08:00+00:00,113.9375,113.9375,113.90625,113.90625,157.0
2025-04-15 13:09:00+00:00,113.9375,113.9375,113.90625,113.90625,514.0
2025-04-15 13:10:00+00:00,113.9375,113.96875,113.90625,113.9375,454.0
2025-04-15 13:11:00+00:00,113.9375,114.0,113.9375,113.96875,355.0
2025-04-15 13:12:00+00:00,114.03125,114.03125,113.96875,113.96875,258.0
2025-04-15 13:13:00+00:00,114.0,114.03125,114.0,114.0,397.0
2025-04-15 13:14:00+00:00,114.0,114.0,114.0,114.0,8.0
2025-04-15 13:15:00+00:00,114.0625,114.0625,114.0,114.0,725.0
2025-04-15 13:16:00+00:00,114.03125,114.03125,114.0,114.03125,795.0
2025-04-15 13:17:00+00:00,114.0625,114.0625,114.03125,114.0625,600.0
2025-04-15 13:18:00+00:00,114.09375,114.09375,114.03125,114.0625,1166.0
2025-04-15 13:19:00+00:00,114.09375,114.09375,114.03125,114.09375,418.0
2025-04-15 13:20:00+00:00,114.09375,114.125,114.0625,114.125,453.0
2025-04-15 13:21:00+00:00,114.0625,114.125,114.0625,114.09375,96.0
2025-04-15 13:22:00+00:00,114.09375,114.09375,114.03125,114.0625,632.0
2025-04-15 13:23:00+00:00,114.09375,114.125,114.0625,114.09375,481.0
2025-04-15 13:24:00+00:00,114.0625,114.09375,114.03125,114.09375,345.0
2025-04-15 13:25:00+00:00,114.0,114.0625,114.0,114.0625,380.0
2025-04-15 13:26:00+00:00,114.0,114.03125,114.0,114.03125,216.0
2025-04-15 13:27:00+00:00,114.0,114.0,113.96875,114.0,522.0
2025-04-15 13:28:00+00:00,114.0625,114.0625,114.0,114.03125,394.0
2025-04-15 13:29:00+00:00,114.03125,114.0625,114.03125,114.03125,340.0
2025-04-15 13:30:00+00:00,114.1875,114.1875,113.96875,114.0,2179.0
2025-04-15 13:31:00+00:00,114.21875,114.25,114.15625,114.1875,2046.0
2025-04-15 13:32:00+00:00,114.03125,114.21875,114.03125,114.21875,1485.0
2025-04-15 13:33:00+00:00,113.96875,114.03125,113.9375,114.03125,1406.0
2025-04-15 13:34:00+00:00,113.96875,114.0,113.9375,114.0,1262.0
2025-04-15 13:35:00+00:00,114.125,114.125,113.9375,113.96875,1640.0
2025-04-15 13:36:00+00:00,114.1875,114.1875,114.09375,114.125,890.0
2025-04-15 13:37:00+00:00,114.21875,114.25,114.1875,114.1875,1544.0
2025-04-15 13:38:00+00:00,114.28125,114.3125,114.25,114.25,1651.0
2025-04-15 13:39:00+00:00,114.3125,114.34375,114.25,114.28125,1166.0
2025-04-15 13:40:00+00:00,114.34375,114.375,114.3125,114.34375,1196.0
2025-04-15 13:41:00+00:00,114.34375,114.375,114.34375,114.34375,340.0
2025-04-15 13:42:00+00:00,114.34375,114.375,114.3125,114.375,1036.0
2025-04-15 13:43:00+00:00,114.34375,114.34375,114.3125,114.34375,887.0
2025-04-15 13:44:00+00:00,114.28125,114.3125,114.25,114.3125,578.0
2025-04-15 13:45:00+00:00,114.28125,114.28125,114.25,114.25,418.0
2025-04-15 13:46:00+00:00,114.1875,114.25,114.1875,114.25,985.0
2025-04-15 13:47:00+00:00,114.25,114.25,114.1875,114.1875,511.0
2025-04-15 13:48:00+00:00,114.34375,114.34375,114.25,114.25,791.0
2025-04-15 13:49:00+00:00,114.3125,114.34375,114.3125,114.34375,839.0
2025-04-15 13:50:00+00:00,114.28125,114.3125,114.25,114.28125,266.0
2025-04-15 13:51:00+00:00,114.3125,114.3125,114.28125,114.3125,656.0
2025-04-15 13:52:00+00:00,114.25,114.3125,114.25,114.3125,404.0
2025-04-15 13:53:00+00:00,114.21875,114.28125,114.21875,114.25,293.0
2025-04-15 13:54:00+00:00,114.21875,114.25,114.1875,114.1875,275.0
2025-04-15 13:55:00+00:00,114.25,114.25,114.1875,114.1875,711.0
2025-04-15 13:56:00+00:00,114.28125,114.28125,114.25,114.25,421.0
2025-04-15 13:57:00+00:00,114.28125,114.3125,114.28125,114.28125,407.0
2025-04-15 13:58:00+00:00,114.25,114.25,114.21875,114.25,1072.0
2025-04-15 13:59:00+00:00,114.21875,114.25,114.21875,114.25,496.0
2025-04-15 14:00:00+00:00,114.15625,114.21875,114.15625,114.21875,961.0
2025-04-15 14:01:00+00:00,114.25,114.25,114.15625,114.15625,441.0
2025-04-15 14:02:00+00:00,114.1875,114.21875,114.15625,114.21875,467.0
2025-04-15 14:03:00+00:00,114.21875,114.21875,114.15625,114.1875,474.0
2025-04-15 14:04:00+00:00,114.21875,114.21875,114.1875,114.21875,508.0
2025-04-15 14:05:00+00:00,114.15625,114.21875,114.15625,114.1875,352.0
2025-04-15 14:06:00+00:00,114.15625,114.15625,114.15625,114.15625,535.0
2025-04-15 14:07:00+00:00,114.125,114.15625,114.125,114.125,1488.0
2025-04-15 14:08:00+00:00,114.15625,114.1875,114.125,114.125,230.0
2025-04-15 14:09:00+00:00,114.15625,114.21875,114.15625,114.1875,302.0
2025-04-15 14:10:00+00:00,114.15625,114.1875,114.125,114.15625,369.0
2025-04-15 14:11:00+00:00,114.1875,114.1875,114.15625,114.15625,272.0
2025-04-15 14:12:00+00:00,114.1875,114.1875,114.15625,114.1875,571.0
2025-04-15 14:13:00+00:00,114.15625,114.1875,114.15625,114.1875,378.0
2025-04-15 14:14:00+00:00,114.09375,114.15625,114.09375,114.15625,774.0
2025-04-15 14:15:00+00:00,114.15625,114.1875,114.125,114.125,465.0
2025-04-15 14:16:00+00:00,114.25,114.28125,114.1875,114.1875,786.0
2025-04-15 14:17:00+00:00,114.3125,114.34375,114.21875,114.25,2897.0
2025-04-15 14:18:00+00:00,114.375,114.40625,114.28125,114.34375,1434.0
2025-04-15 14:19:00+00:00,114.34375,114.4375,114.34375,114.375,3011.0
2025-04-15 14:20:00+00:00,114.34375,114.375,114.34375,114.375,788.0
2025-04-15 14:21:00+00:00,114.3125,114.34375,114.28125,114.34375,400.0
2025-04-15 14:22:00+00:00,114.375,114.375,114.3125,114.3125,619.0
2025-04-15 14:23:00+00:00,114.375,114.40625,114.34375,114.34375,1036.0
2025-04-15 14:24:00+00:00,114.34375,114.375,114.34375,114.375,289.0
2025-04-15 14:25:00+00:00,114.375,114.375,114.34375,114.34375,443.0
2025-04-15 14:26:00+00:00,114.34375,114.375,114.34375,114.375,89.0
2025-04-15 14:27:00+00:00,114.34375,114.375,114.34375,114.34375,844.0
2025-04-15 14:28:00+00:00,114.28125,114.34375,114.28125,114.34375,569.0
2025-04-15 14:29:00+00:00,114.3125,114.34375,114.28125,114.28125,621.0
2025-04-15 14:30:00+00:00,114.34375,114.34375,114.3125,114.34375,400.0
2025-04-15 14:31:00+00:00,114.34375,114.375,114.34375,114.375,473.0
2025-04-15 14:32:00+00:00,114.375,114.40625,114.34375,114.34375,403.0
2025-04-15 14:33:00+00:00,114.40625,114.40625,114.375,114.40625,331.0
2025-04-15 14:34:00+00:00,114.375,114.4375,114.375,114.4375,250.0
2025-04-15 14:35:00+00:00,114.375,114.40625,114.34375,114.40625,449.0
2025-04-15 14:36:00+00:00,114.40625,114.40625,114.34375,114.34375,999.0
2025-04-15 14:37:00+00:00,114.4375,114.4375,114.40625,114.4375,763.0
2025-04-15 14:38:00+00:00,114.46875,114.46875,114.40625,114.40625,300.0
2025-04-15 14:39:00+00:00,114.46875,114.46875,114.4375,114.46875,595.0
2025-04-15 14:40:00+00:00,114.53125,114.53125,114.46875,114.46875,1465.0
2025-04-15 14:41:00+00:00,114.5625,114.59375,114.53125,114.53125,938.0
2025-04-15 14:42:00+00:00,114.5625,114.5625,114.53125,114.5625,579.0
2025-04-15 14:43:00+00:00,114.5625,114.5625,114.53125,114.53125,465.0
2025-04-15 14:44:00+00:00,114.5,114.5625,114.5,114.5625,338.0
2025-04-15 14:45:00+00:00,114.53125,114.53125,114.46875,114.46875,422.0
2025-04-15 14:46:00+00:00,114.53125,114.53125,114.5,114.53125,1244.0
2025-04-15 14:47:00+00:00,114.53125,114.53125,114.5,114.53125,532.0
2025-04-15 14:48:00+00:00,114.5625,114.59375,114.53125,114.53125,824.0
2025-04-15 14:49:00+00:00,114.59375,114.59375,114.5625,114.59375,937.0
2025-04-15 14:50:00+00:00,114.625,114.625,114.5625,114.59375,448.0
2025-04-15 14:51:00+00:00,114.5625,114.59375,114.5625,114.59375,1216.0
2025-04-15 14:52:00+00:00,114.5625,114.59375,114.53125,114.59375,912.0
2025-04-15 14:53:00+00:00,114.53125,114.5625,114.53125,114.5625,549.0
2025-04-15 14:54:00+00:00,114.4375,114.5,114.4375,114.5,1092.0
2025-04-15 14:55:00+00:00,114.46875,114.5,114.46875,114.46875,250.0
2025-04-15 14:56:00+00:00,114.46875,114.5,114.4375,114.46875,994.0
2025-04-15 14:57:00+00:00,114.46875,114.46875,114.4375,114.4375,16.0
2025-04-15 14:58:00+00:00,114.4375,114.46875,114.4375,114.4375,546.0
2025-04-15 14:59:00+00:00,114.46875,114.5,114.4375,114.4375,494.0
2025-04-15 15:00:00+00:00,114.46875,114.5,114.46875,114.46875,334.0
2025-04-15 15:01:00+00:00,114.46875,114.53125,114.46875,114.5,406.0
2025-04-15 15:02:00+00:00,114.46875,114.5,114.46875,114.46875,113.0
2025-04-15 15:03:00+00:00,114.46875,114.46875,114.4375,114.46875,223.0
2025-04-15 15:04:00+00:00,114.46875,114.46875,114.4375,114.46875,368.0
2025-04-15 15:05:00+00:00,114.53125,114.53125,114.46875,114.46875,264.0
2025-04-15 15:06:00+00:00,114.5625,114.5625,114.53125,114.53125,223.0
2025-04-15 15:07:00+00:00,114.53125,114.5625,114.53125,114.5625,635.0
2025-04-15 15:08:00+00:00,114.5,114.5625,114.5,114.5625,136.0
2025-04-15 15:09:00+00:00,114.46875,114.5625,114.46875,114.53125,860.0
2025-04-15 15:10:00+00:00,114.46875,114.53125,114.46875,114.5,480.0
2025-04-15 15:11:00+00:00,114.5,114.5,114.46875,114.46875,181.0
2025-04-15 15:12:00+00:00,114.5,114.53125,114.46875,114.5,597.0
2025-04-15 15:13:00+00:00,114.5,114.5,114.46875,114.46875,865.0
2025-04-15 15:14:00+00:00,114.46875,114.5,114.46875,114.5,776.0
2025-04-15 15:15:00+00:00,114.5,114.5,114.46875,114.46875,499.0
2025-04-15 15:16:00+00:00,114.5,114.5,114.46875,114.5,528.0
2025-04-15 15:17:00+00:00,114.46875,114.5,114.46875,114.5,440.0
2025-04-15 15:18:00+00:00,114.46875,114.5,114.4375,114.46875,407.0
2025-04-15 15:19:00+00:00,114.46875,114.5,114.46875,114.46875,608.0
2025-04-15 15:20:00+00:00,114.40625,114.4375,114.40625,114.4375,512.0
2025-04-15 15:21:00+00:00,114.40625,114.4375,114.40625,114.40625,464.0
2025-04-15 15:22:00+00:00,114.40625,114.4375,114.40625,114.40625,217.0
2025-04-15 15:24:00+00:00,114.4375,114.4375,114.4375,114.4375,30.0
2025-04-15 15:25:00+00:00,114.4375,114.46875,114.4375,114.4375,342.0
2025-04-15 15:26:00+00:00,114.46875,114.5,114.4375,114.46875,261.0
2025-04-15 15:27:00+00:00,114.5,114.53125,114.46875,114.5,665.0
2025-04-15 15:28:00+00:00,114.5,114.5,114.46875,114.5,551.0
2025-04-15 15:29:00+00:00,114.5,114.53125,114.5,114.5,304.0
2025-04-15 15:30:00+00:00,114.5,114.5,114.46875,114.5,303.0
2025-04-15 15:31:00+00:00,114.5,114.53125,114.46875,114.5,517.0
2025-04-15 15:32:00+00:00,114.53125,114.53125,114.46875,114.46875,558.0
2025-04-15 15:33:00+00:00,114.53125,114.5625,114.53125,114.53125,337.0
2025-04-15 15:34:00+00:00,114.5625,114.5625,114.53125,114.5625,293.0
2025-04-15 15:35:00+00:00,114.59375,114.59375,114.5625,114.5625,899.0
2025-04-15 15:36:00+00:00,114.59375,114.59375,114.5625,114.59375,410.0
2025-04-15 15:37:00+00:00,114.625,114.625,114.59375,114.625,633.0
2025-04-15 15:38:00+00:00,114.625,114.625,114.5625,114.59375,524.0
2025-04-15 15:39:00+00:00,114.59375,114.625,114.59375,114.625,43.0
2025-04-15 15:40:00+00:00,114.59375,114.625,114.5625,114.59375,331.0
2025-04-15 15:41:00+00:00,114.59375,114.625,114.59375,114.59375,344.0
2025-04-15 15:42:00+00:00,114.625,114.625,114.59375,114.625,387.0
2025-04-15 15:43:00+00:00,114.625,114.625,114.59375,114.625,990.0
2025-04-15 15:44:00+00:00,114.65625,114.65625,114.59375,114.59375,869.0
2025-04-15 15:45:00+00:00,114.59375,114.65625,114.59375,114.625,621.0
2025-04-15 15:46:00+00:00,114.625,114.625,114.59375,114.59375,1035.0
2025-04-15 15:47:00+00:00,114.65625,114.65625,114.625,114.625,369.0
2025-04-15 15:48:00+00:00,114.59375,114.65625,114.5625,114.65625,701.0
2025-04-15 15:49:00+00:00,114.625,114.65625,114.625,114.625,381.0
2025-04-15 15:50:00+00:00,114.6875,114.6875,114.625,114.625,536.0
2025-04-15 15:51:00+00:00,114.6875,114.6875,114.65625,114.6875,265.0
2025-04-15 15:52:00+00:00,114.65625,114.6875,114.65625,114.65625,782.0
2025-04-15 15:53:00+00:00,114.625,114.65625,114.625,114.625,42.0
2025-04-15 15:54:00+00:00,114.65625,114.65625,114.625,114.65625,284.0
2025-04-15 15:55:00+00:00,114.65625,114.6875,114.65625,114.65625,374.0
2025-04-15 15:56:00+00:00,114.65625,114.6875,114.65625,114.6875,24.0
2025-04-15 15:57:00+00:00,114.65625,114.71875,114.625,114.6875,1339.0
2025-04-15 15:58:00+00:00,114.6875,114.6875,114.6875,114.6875,678.0
2025-04-15 15:59:00+00:00,114.6875,114.71875,114.65625,114.6875,469.0
2025-04-15 16:00:00+00:00,114.71875,114.71875,114.65625,114.65625,460.0
2025-04-15 16:01:00+00:00,114.71875,114.71875,114.6875,114.71875,584.0
2025-04-15 16:02:00+00:00,114.6875,114.71875,114.6875,114.71875,170.0
2025-04-15 16:03:00+00:00,114.71875,114.71875,114.6875,114.6875,354.0
2025-04-15 16:04:00+00:00,114.71875,114.71875,114.6875,114.6875,625.0
2025-04-15 16:05:00+00:00,114.6875,114.6875,114.65625,114.6875,368.0
2025-04-15 16:06:00+00:00,114.65625,114.6875,114.65625,114.6875,424.0
2025-04-15 16:07:00+00:00,114.625,114.65625,114.625,114.625,1165.0
2025-04-15 16:09:00+00:00,114.625,114.65625,114.625,114.65625,625.0
2025-04-15 16:11:00+00:00,114.65625,114.65625,114.59375,114.65625,375.0
2025-04-15 16:12:00+00:00,114.65625,114.65625,114.625,114.65625,190.0
2025-04-15 16:13:00+00:00,114.71875,114.71875,114.65625,114.65625,88.0
2025-04-15 16:14:00+00:00,114.6875,114.71875,114.6875,114.71875,218.0
2025-04-15 16:15:00+00:00,114.65625,114.6875,114.65625,114.65625,411.0
2025-04-15 16:16:00+00:00,114.65625,114.6875,114.625,114.625,215.0
2025-04-15 16:17:00+00:00,114.6875,114.6875,114.6875,114.6875,168.0
2025-04-15 16:18:00+00:00,114.6875,114.71875,114.6875,114.6875,266.0
2025-04-15 16:19:00+00:00,114.71875,114.71875,114.71875,114.71875,7.0
2025-04-15 16:20:00+00:00,114.6875,114.71875,114.6875,114.71875,405.0
2025-04-15 16:21:00+00:00,114.75,114.75,114.6875,114.71875,1311.0
2025-04-15 16:22:00+00:00,114.75,114.78125,114.75,114.75,1572.0
2025-04-15 16:23:00+00:00,114.75,114.75,114.75,114.75,330.0
2025-04-15 16:24:00+00:00,114.75,114.75,114.75,114.75,223.0
2025-04-15 16:25:00+00:00,114.8125,114.84375,114.75,114.75,1105.0
2025-04-15 16:26:00+00:00,114.84375,114.875,114.8125,114.8125,1296.0
2025-04-15 16:27:00+00:00,114.84375,114.875,114.84375,114.84375,915.0
2025-04-15 16:28:00+00:00,114.78125,114.84375,114.75,114.84375,1546.0
2025-04-15 16:29:00+00:00,114.8125,114.8125,114.78125,114.78125,341.0
2025-04-15 16:30:00+00:00,114.8125,114.8125,114.75,114.8125,830.0
2025-04-15 16:31:00+00:00,114.84375,114.84375,114.8125,114.8125,440.0
2025-04-15 16:32:00+00:00,114.84375,114.875,114.84375,114.84375,736.0
2025-04-15 16:33:00+00:00,114.875,114.875,114.84375,114.84375,257.0
2025-04-15 16:34:00+00:00,114.84375,114.90625,114.84375,114.84375,1317.0
2025-04-15 16:35:00+00:00,114.875,114.875,114.84375,114.84375,98.0
2025-04-15 16:36:00+00:00,114.875,114.875,114.84375,114.875,416.0
2025-04-15 16:37:00+00:00,114.90625,114.90625,114.875,114.875,801.0
2025-04-15 16:38:00+00:00,114.90625,114.90625,114.875,114.90625,121.0
2025-04-15 16:39:00+00:00,114.90625,114.90625,114.875,114.90625,208.0
2025-04-15 16:40:00+00:00,114.875,114.90625,114.875,114.90625,313.0
2025-04-15 16:41:00+00:00,114.875,114.875,114.84375,114.875,169.0
2025-04-15 16:42:00+00:00,114.875,114.875,114.84375,114.875,475.0
2025-04-15 16:43:00+00:00,114.9375,114.9375,114.875,114.90625,430.0
2025-04-15 16:44:00+00:00,114.9375,114.9375,114.90625,114.9375,158.0
2025-04-15 16:45:00+00:00,114.90625,114.9375,114.875,114.9375,277.0
2025-04-15 16:46:00+00:00,114.90625,114.9375,114.875,114.90625,440.0
2025-04-15 16:47:00+00:00,114.90625,114.9375,114.90625,114.90625,507.0
2025-04-15 16:48:00+00:00,114.90625,114.9375,114.90625,114.9375,1459.0
2025-04-15 16:49:00+00:00,114.875,114.90625,114.875,114.90625,935.0
2025-04-15 16:50:00+00:00,114.875,114.875,114.875,114.875,252.0
2025-04-15 16:51:00+00:00,114.9375,114.9375,114.875,114.875,1041.0
2025-04-15 16:52:00+00:00,114.9375,114.9375,114.90625,114.9375,725.0
2025-04-15 16:53:00+00:00,114.9375,114.96875,114.9375,114.96875,438.0
2025-04-15 16:54:00+00:00,114.96875,114.96875,114.90625,114.9375,676.0
2025-04-15 16:55:00+00:00,114.96875,115.0,114.9375,114.96875,1487.0
2025-04-15 16:56:00+00:00,114.96875,115.0,114.96875,114.96875,657.0
2025-04-15 16:57:00+00:00,114.9375,114.96875,114.9375,114.96875,477.0
2025-04-15 16:58:00+00:00,114.9375,114.96875,114.9375,114.96875,669.0
2025-04-15 16:59:00+00:00,114.96875,114.96875,114.9375,114.9375,223.0
2025-04-15 17:00:00+00:00,115.0,115.0,114.9375,114.96875,261.0
2025-04-15 17:01:00+00:00,114.9375,114.96875,114.90625,114.96875,812.0
2025-04-15 17:02:00+00:00,114.9375,114.96875,114.9375,114.96875,184.0
2025-04-15 17:03:00+00:00,114.875,114.9375,114.875,114.9375,412.0
2025-04-15 17:04:00+00:00,114.84375,114.90625,114.84375,114.875,475.0
2025-04-15 17:05:00+00:00,114.84375,114.84375,114.8125,114.84375,419.0
2025-04-15 17:06:00+00:00,114.875,114.875,114.84375,114.84375,84.0
2025-04-15 17:07:00+00:00,114.875,114.90625,114.84375,114.875,198.0
2025-04-15 17:08:00+00:00,114.90625,114.90625,114.875,114.90625,257.0
2025-04-15 17:09:00+00:00,114.90625,114.90625,114.875,114.875,56.0
2025-04-15 17:10:00+00:00,114.875,114.90625,114.875,114.90625,27.0
2025-04-15 17:11:00+00:00,114.875,114.90625,114.84375,114.90625,375.0
2025-04-15 17:12:00+00:00,114.84375,114.875,114.84375,114.84375,416.0
2025-04-15 17:13:00+00:00,114.90625,114.90625,114.875,114.875,557.0
2025-04-15 17:15:00+00:00,114.90625,114.90625,114.875,114.875,407.0
2025-04-15 17:16:00+00:00,114.9375,114.9375,114.90625,114.90625,324.0
2025-04-15 17:17:00+00:00,114.9375,114.96875,114.9375,114.96875,225.0
2025-04-15 17:18:00+00:00,114.90625,114.9375,114.90625,114.90625,493.0
2025-04-15 17:19:00+00:00,114.9375,114.9375,114.90625,114.90625,226.0
2025-04-15 17:20:00+00:00,114.9375,114.9375,114.9375,114.9375,169.0
2025-04-15 17:21:00+00:00,114.96875,114.96875,114.96875,114.96875,244.0
2025-04-15 17:22:00+00:00,115.0,115.0,114.96875,115.0,6.0
2025-04-15 17:23:00+00:00,115.0,115.0,115.0,115.0,333.0
2025-04-15 17:24:00+00:00,115.0,115.0,114.96875,115.0,142.0
2025-04-15 17:25:00+00:00,115.03125,115.03125,114.96875,115.0,459.0
2025-04-15 17:26:00+00:00,115.0,115.03125,114.96875,115.03125,1021.0
2025-04-15 17:27:00+00:00,115.0,115.0,114.96875,115.0,574.0
2025-04-15 17:28:00+00:00,115.0,115.0,115.0,115.0,12.0
2025-04-15 17:29:00+00:00,115.0,115.0,114.96875,115.0,269.0
2025-04-15 17:30:00+00:00,115.0,115.03125,114.96875,115.0,128.0
2025-04-15 17:31:00+00:00,114.96875,115.0,114.96875,115.0,293.0
2025-04-15 17:32:00+00:00,114.96875,114.96875,114.96875,114.96875,241.0
2025-04-15 17:33:00+00:00,115.0,115.0,114.96875,115.0,10.0
2025-04-15 17:34:00+00:00,115.0,115.0,114.96875,115.0,182.0
2025-04-15 17:35:00+00:00,114.9375,115.0,114.9375,115.0,281.0
2025-04-15 17:36:00+00:00,114.9375,114.96875,114.90625,114.9375,481.0
2025-04-15 17:37:00+00:00,114.9375,114.9375,114.90625,114.9375,346.0
2025-04-15 17:38:00+00:00,114.9375,114.9375,114.90625,114.9375,9.0
2025-04-15 17:39:00+00:00,114.9375,114.9375,114.9375,114.9375,165.0
2025-04-15 17:40:00+00:00,114.90625,114.9375,114.90625,114.9375,17.0
2025-04-15 17:41:00+00:00,114.9375,114.9375,114.9375,114.9375,280.0
2025-04-15 17:42:00+00:00,114.9375,114.9375,114.9375,114.9375,59.0
2025-04-15 17:43:00+00:00,114.96875,114.96875,114.9375,114.9375,378.0
2025-04-15 17:44:00+00:00,115.0,115.0,114.96875,114.96875,74.0
2025-04-15 17:45:00+00:00,115.0,115.03125,114.96875,115.0,446.0
2025-04-15 17:46:00+00:00,114.96875,115.0,114.96875,114.96875,107.0
2025-04-15 17:47:00+00:00,114.9375,114.9375,114.9375,114.9375,207.0
2025-04-15 17:48:00+00:00,114.90625,114.90625,114.90625,114.90625,284.0
2025-04-15 17:49:00+00:00,114.90625,114.90625,114.90625,114.90625,126.0
2025-04-15 17:50:00+00:00,114.90625,114.9375,114.875,114.875,104.0
2025-04-15 17:51:00+00:00,114.90625,114.9375,114.90625,114.9375,384.0
2025-04-15 17:52:00+00:00,114.9375,114.9375,114.9375,114.9375,247.0
2025-04-15 17:53:00+00:00,114.9375,114.96875,114.9375,114.96875,279.0
2025-04-15 17:54:00+00:00,114.9375,114.9375,114.9375,114.9375,86.0
2025-04-15 17:55:00+00:00,114.9375,114.9375,114.90625,114.9375,156.0
2025-04-15 17:56:00+00:00,114.90625,114.90625,114.90625,114.90625,426.0
2025-04-15 17:57:00+00:00,114.90625,114.90625,114.90625,114.90625,44.0
2025-04-15 17:58:00+00:00,114.90625,114.9375,114.90625,114.90625,337.0
2025-04-15 17:59:00+00:00,114.9375,114.9375,114.90625,114.90625,240.0
2025-04-15 18:00:00+00:00,114.9375,114.9375,114.90625,114.9375,301.0
2025-04-15 18:01:00+00:00,114.90625,114.96875,114.875,114.9375,336.0
2025-04-15 18:02:00+00:00,114.90625,114.90625,114.90625,114.90625,300.0
2025-04-15 18:03:00+00:00,114.90625,114.90625,114.90625,114.90625,531.0
2025-04-15 18:04:00+00:00,114.875,114.90625,114.875,114.90625,278.0
2025-04-15 18:05:00+00:00,114.90625,114.90625,114.875,114.90625,33.0
2025-04-15 18:06:00+00:00,114.90625,114.90625,114.875,114.90625,11.0
2025-04-15 18:07:00+00:00,114.875,114.90625,114.875,114.90625,659.0
2025-04-15 18:08:00+00:00,114.875,114.875,114.875,114.875,216.0
2025-04-15 18:09:00+00:00,114.84375,114.875,114.84375,114.84375,56.0
2025-04-15 18:10:00+00:00,114.84375,114.875,114.84375,114.84375,270.0
2025-04-15 18:11:00+00:00,114.875,114.875,114.875,114.875,116.0
2025-04-15 18:12:00+00:00,114.84375,114.875,114.84375,114.875,243.0
2025-04-15 18:13:00+00:00,114.84375,114.875,114.84375,114.84375,353.0
2025-04-15 18:14:00+00:00,114.84375,114.84375,114.8125,114.84375,907.0
2025-04-15 18:15:00+00:00,114.84375,114.84375,114.84375,114.84375,3.0
2025-04-15 18:16:00+00:00,114.78125,114.84375,114.78125,114.84375,1332.0
2025-04-15 18:17:00+00:00,114.8125,114.8125,114.78125,114.78125,202.0
2025-04-15 18:18:00+00:00,114.84375,114.84375,114.78125,114.8125,764.0
2025-04-15 18:20:00+00:00,114.84375,114.84375,114.84375,114.84375,658.0
2025-04-15 18:21:00+00:00,114.875,114.875,114.8125,114.84375,717.0
2025-04-15 18:22:00+00:00,114.90625,114.90625,114.875,114.875,472.0
2025-04-15 18:23:00+00:00,114.875,114.90625,114.875,114.90625,30.0
2025-04-15 18:24:00+00:00,114.90625,114.90625,114.875,114.90625,153.0
2025-04-15 18:25:00+00:00,114.875,114.90625,114.875,114.90625,228.0
2025-04-15 18:26:00+00:00,114.875,114.875,114.84375,114.875,329.0
2025-04-15 18:27:00+00:00,114.875,114.875,114.84375,114.84375,19.0
2025-04-15 18:28:00+00:00,114.84375,114.875,114.84375,114.875,250.0
2025-04-15 18:29:00+00:00,114.875,114.875,114.84375,114.875,108.0
2025-04-15 18:30:00+00:00,114.90625,114.90625,114.84375,114.84375,802.0
2025-04-15 18:31:00+00:00,114.90625,114.90625,114.90625,114.90625,340.0
2025-04-15 18:32:00+00:00,114.90625,114.90625,114.90625,114.90625,43.0
2025-04-15 18:33:00+00:00,114.90625,114.90625,114.875,114.90625,392.0
2025-04-15 18:34:00+00:00,114.9375,114.9375,114.90625,114.9375,223.0
2025-04-15 18:35:00+00:00,114.90625,114.9375,114.90625,114.9375,467.0
2025-04-15 18:36:00+00:00,114.90625,114.9375,114.90625,114.9375,19.0
2025-04-15 18:37:00+00:00,114.9375,114.9375,114.90625,114.9375,64.0
2025-04-15 18:38:00+00:00,114.90625,114.9375,114.90625,114.9375,189.0
2025-04-15 18:39:00+00:00,114.875,114.90625,114.875,114.875,36.0
2025-04-15 18:40:00+00:00,114.9375,114.9375,114.90625,114.90625,227.0
2025-04-15 18:41:00+00:00,114.90625,114.90625,114.90625,114.90625,336.0
2025-04-15 18:42:00+00:00,114.875,114.90625,114.875,114.90625,101.0
2025-04-15 18:43:00+00:00,114.84375,114.875,114.84375,114.875,160.0
2025-04-15 18:44:00+00:00,114.875,114.875,114.84375,114.84375,204.0
2025-04-15 18:45:00+00:00,114.875,114.875,114.84375,114.84375,805.0
2025-04-15 18:46:00+00:00,114.90625,114.90625,114.875,114.90625,335.0
2025-04-15 18:47:00+00:00,114.90625,114.90625,114.90625,114.90625,69.0
2025-04-15 18:48:00+00:00,114.90625,114.90625,114.90625,114.90625,68.0
2025-04-15 18:49:00+00:00,114.90625,114.90625,114.90625,114.90625,231.0
2025-04-15 18:50:00+00:00,114.90625,114.9375,114.875,114.9375,216.0
2025-04-15 18:51:00+00:00,114.90625,114.90625,114.875,114.875,33.0
2025-04-15 18:52:00+00:00,114.90625,114.90625,114.90625,114.90625,32.0
2025-04-15 18:53:00+00:00,114.84375,114.90625,114.84375,114.90625,439.0
2025-04-15 18:54:00+00:00,114.875,114.875,114.84375,114.875,291.0
2025-04-15 18:55:00+00:00,114.875,114.90625,114.875,114.875,93.0
2025-04-15 18:56:00+00:00,114.875,114.90625,114.875,114.90625,4.0
2025-04-15 18:57:00+00:00,114.90625,114.90625,114.875,114.875,14.0
2025-04-15 18:58:00+00:00,114.84375,114.90625,114.84375,114.875,393.0
2025-04-15 18:59:00+00:00,114.8125,114.90625,114.8125,114.84375,4162.0
2025-04-15 19:00:00+00:00,114.84375,114.84375,114.8125,114.84375,1156.0
2025-04-15 19:01:00+00:00,114.75,114.84375,114.75,114.84375,1910.0
2025-04-15 19:02:00+00:00,114.75,114.75,114.75,114.75,261.0
2025-04-15 19:03:00+00:00,114.75,114.75,114.75,114.75,236.0
2025-04-15 19:05:00+00:00,114.71875,114.75,114.71875,114.75,960.0
2025-04-15 19:06:00+00:00,114.6875,114.71875,114.6875,114.71875,706.0
2025-04-15 19:07:00+00:00,114.6875,114.71875,114.6875,114.71875,544.0
2025-04-15 19:09:00+00:00,114.71875,114.71875,114.71875,114.71875,10.0
2025-04-15 19:10:00+00:00,114.71875,114.71875,114.6875,114.6875,15.0
2025-04-15 19:11:00+00:00,114.71875,114.71875,114.6875,114.71875,296.0
2025-04-15 19:12:00+00:00,114.71875,114.71875,114.6875,114.71875,53.0
2025-04-15 19:13:00+00:00,114.6875,114.71875,114.6875,114.6875,639.0
2025-04-15 19:14:00+00:00,114.71875,114.71875,114.6875,114.6875,144.0
2025-04-15 19:15:00+00:00,114.71875,114.71875,114.6875,114.6875,3.0
2025-04-15 19:16:00+00:00,114.6875,114.71875,114.6875,114.6875,802.0
2025-04-15 19:17:00+00:00,114.65625,114.6875,114.65625,114.6875,1311.0
2025-04-15 19:18:00+00:00,114.65625,114.65625,114.65625,114.65625,53.0
2025-04-15 19:19:00+00:00,114.71875,114.71875,114.6875,114.6875,495.0
2025-04-15 19:21:00+00:00,114.71875,114.71875,114.6875,114.71875,34.0
2025-04-15 19:22:00+00:00,114.6875,114.71875,114.6875,114.71875,496.0
2025-04-15 19:23:00+00:00,114.6875,114.6875,114.6875,114.6875,380.0
2025-04-15 19:24:00+00:00,114.71875,114.71875,114.6875,114.6875,464.0
2025-04-15 19:25:00+00:00,114.6875,114.71875,114.6875,114.6875,42.0
2025-04-15 19:26:00+00:00,114.65625,114.71875,114.65625,114.6875,1574.0
2025-04-15 19:27:00+00:00,114.65625,114.65625,114.65625,114.65625,402.0
2025-04-15 19:29:00+00:00,114.6875,114.6875,114.65625,114.65625,330.0
2025-04-15 19:33:00+00:00,114.71875,114.71875,114.71875,114.71875,1659.0
2025-04-15 19:34:00+00:00,114.71875,114.71875,114.6875,114.6875,1562.0
2025-04-15 19:35:00+00:00,114.71875,114.71875,114.71875,114.71875,857.0
2025-04-15 19:36:00+00:00,114.71875,114.75,114.6875,114.71875,1199.0
2025-04-15 19:37:00+00:00,114.71875,114.71875,114.6875,114.71875,1621.0
2025-04-15 19:38:00+00:00,114.6875,114.71875,114.6875,114.71875,1822.0
2025-04-15 19:39:00+00:00,114.6875,114.6875,114.6875,114.6875,1211.0
2025-04-15 19:40:00+00:00,114.71875,114.71875,114.6875,114.6875,64.0
2025-04-15 19:41:00+00:00,114.75,114.75,114.71875,114.71875,1035.0
2025-04-15 19:42:00+00:00,114.71875,114.75,114.71875,114.75,2.0
2025-04-15 19:44:00+00:00,114.71875,114.71875,114.71875,114.71875,509.0
2025-04-15 19:45:00+00:00,114.6875,114.71875,114.6875,114.71875,1114.0
2025-04-15 19:46:00+00:00,114.71875,114.71875,114.6875,114.6875,67.0
2025-04-15 19:47:00+00:00,114.6875,114.6875,114.6875,114.6875,482.0
2025-04-15 19:48:00+00:00,114.625,114.65625,114.625,114.65625,454.0
2025-04-15 19:49:00+00:00,114.625,114.625,114.625,114.625,816.0
2025-04-15 19:50:00+00:00,114.59375,114.59375,114.59375,114.59375,2.0
2025-04-15 19:51:00+00:00,114.625,114.625,114.59375,114.625,499.0
2025-04-15 19:52:00+00:00,114.59375,114.59375,114.59375,114.59375,728.0
2025-04-15 19:54:00+00:00,114.65625,114.65625,114.625,114.625,226.0
2025-04-15 19:55:00+00:00,114.65625,114.65625,114.625,114.65625,177.0
2025-04-15 19:56:00+00:00,114.6875,114.6875,114.6875,114.6875,536.0
2025-04-15 19:57:00+00:00,114.71875,114.71875,114.6875,114.6875,1003.0
2025-04-15 19:58:00+00:00,114.71875,114.71875,114.6875,114.71875,856.0
2025-04-15 19:59:00+00:00,114.625,114.71875,114.625,114.6875,5916.0
2025-04-15 20:00:00+00:00,114.71875,114.71875,114.625,114.625,1631.0
2025-04-15 20:01:00+00:00,114.6875,114.6875,114.625,114.6875,1564.0
2025-04-15 20:02:00+00:00,114.75,114.78125,114.6875,114.6875,2456.0
2025-04-15 20:03:00+00:00,114.71875,114.75,114.71875,114.75,1434.0
2025-04-15 20:04:00+00:00,114.6875,114.6875,114.6875,114.6875,872.0
2025-04-15 20:05:00+00:00,114.71875,114.71875,114.6875,114.6875,466.0
2025-04-15 20:06:00+00:00,114.6875,114.71875,114.6875,114.71875,365.0
2025-04-15 20:07:00+00:00,114.65625,114.71875,114.65625,114.6875,577.0
2025-04-15 20:08:00+00:00,114.65625,114.65625,114.625,114.625,83.0
2025-04-15 20:09:00+00:00,114.6875,114.6875,114.65625,114.65625,704.0
2025-04-15 20:10:00+00:00,114.6875,114.71875,114.6875,114.71875,23.0
2025-04-15 20:11:00+00:00,114.6875,114.6875,114.6875,114.6875,41.0
2025-04-15 20:12:00+00:00,114.71875,114.71875,114.6875,114.71875,1011.0
2025-04-15 20:13:00+00:00,114.71875,114.71875,114.71875,114.71875,491.0
2025-04-15 20:14:00+00:00,114.71875,114.71875,114.6875,114.71875,90.0
2025-04-15 20:15:00+00:00,114.71875,114.71875,114.71875,114.71875,13.0
2025-04-15 20:16:00+00:00,114.71875,114.71875,114.71875,114.71875,278.0
2025-04-15 20:17:00+00:00,114.71875,114.71875,114.71875,114.71875,233.0
2025-04-15 20:18:00+00:00,114.71875,114.71875,114.71875,114.71875,494.0
2025-04-15 20:19:00+00:00,114.71875,114.71875,114.71875,114.71875,107.0
2025-04-15 20:20:00+00:00,114.6875,114.71875,114.6875,114.71875,986.0
2025-04-15 20:21:00+00:00,114.71875,114.71875,114.6875,114.6875,195.0
2025-04-15 20:22:00+00:00,114.75,114.75,114.71875,114.71875,685.0
2025-04-15 20:23:00+00:00,114.75,114.75,114.71875,114.75,509.0
2025-04-15 20:24:00+00:00,114.71875,114.71875,114.71875,114.71875,55.0
2025-04-15 20:25:00+00:00,114.78125,114.78125,114.71875,114.75,530.0
2025-04-15 20:26:00+00:00,114.75,114.78125,114.75,114.78125,770.0
2025-04-15 20:27:00+00:00,114.75,114.75,114.75,114.75,421.0
2025-04-15 20:28:00+00:00,114.75,114.75,114.71875,114.75,13.0
2025-04-15 20:29:00+00:00,114.71875,114.71875,114.71875,114.71875,138.0
2025-04-15 20:30:00+00:00,114.75,114.75,114.75,114.75,366.0
2025-04-15 20:32:00+00:00,114.71875,114.71875,114.71875,114.71875,30.0
2025-04-15 20:33:00+00:00,114.75,114.75,114.71875,114.71875,244.0
2025-04-15 20:34:00+00:00,114.75,114.75,114.75,114.75,97.0
2025-04-15 20:35:00+00:00,114.71875,114.75,114.71875,114.75,35.0
2025-04-15 20:36:00+00:00,114.71875,114.75,114.71875,114.75,174.0
2025-04-15 20:39:00+00:00,114.6875,114.6875,114.6875,114.6875,135.0
2025-04-15 20:40:00+00:00,114.65625,114.6875,114.65625,114.6875,77.0
2025-04-15 20:41:00+00:00,114.65625,114.65625,114.65625,114.65625,137.0
2025-04-15 20:42:00+00:00,114.625,114.65625,114.625,114.65625,272.0
2025-04-15 20:43:00+00:00,114.65625,114.65625,114.65625,114.65625,228.0
2025-04-15 20:46:00+00:00,114.625,114.625,114.625,114.625,13.0
2025-04-15 20:47:00+00:00,114.6875,114.6875,114.65625,114.65625,234.0
2025-04-15 20:48:00+00:00,114.65625,114.6875,114.65625,114.6875,178.0
2025-04-15 20:49:00+00:00,114.6875,114.71875,114.6875,114.6875,461.0
2025-04-15 20:50:00+00:00,114.6875,114.71875,114.6875,114.6875,53.0
2025-04-15 20:51:00+00:00,114.71875,114.71875,114.6875,114.71875,354.0
2025-04-15 20:52:00+00:00,114.71875,114.75,114.6875,114.71875,236.0
2025-04-15 20:53:00+00:00,114.71875,114.75,114.71875,114.71875,155.0
2025-04-15 20:54:00+00:00,114.71875,114.71875,114.6875,114.71875,94.0
2025-04-15 20:55:00+00:00,114.6875,114.6875,114.6875,114.6875,7.0
2025-04-15 20:56:00+00:00,114.71875,114.71875,114.6875,114.6875,130.0
2025-04-15 20:57:00+00:00,114.71875,114.71875,114.6875,114.6875,189.0
2025-04-15 20:58:00+00:00,114.65625,114.6875,114.65625,114.6875,235.0
2025-04-15 20:59:00+00:00,114.71875,114.71875,114.65625,114.65625,0.0
2025-04-15 22:00:00+00:00,114.78125,114.78125,114.6875,114.75,311.0
2025-04-15 22:01:00+00:00,114.78125,114.78125,114.75,114.78125,69.0
2025-04-15 22:02:00+00:00,114.78125,114.78125,114.78125,114.78125,21.0
2025-04-15 22:04:00+00:00,114.8125,114.8125,114.8125,114.8125,7.0
2025-04-15 22:05:00+00:00,114.71875,114.78125,114.71875,114.78125,278.0
2025-04-15 22:10:00+00:00,114.78125,114.78125,114.78125,114.78125,0.0
2025-04-15 22:11:00+00:00,114.78125,114.78125,114.78125,114.78125,1080.0
2025-04-15 22:12:00+00:00,114.8125,114.8125,114.8125,114.8125,1.0
2025-04-15 22:13:00+00:00,114.8125,114.8125,114.8125,114.8125,24.0
2025-04-15 22:14:00+00:00,114.8125,114.8125,114.8125,114.8125,2.0
2025-04-15 22:16:00+00:00,114.8125,114.84375,114.8125,114.8125,45.0
2025-04-15 22:17:00+00:00,114.84375,114.84375,114.8125,114.84375,43.0
2025-04-15 22:18:00+00:00,114.8125,114.84375,114.8125,114.84375,36.0
2025-04-15 22:19:00+00:00,114.75,114.8125,114.75,114.8125,103.0
2025-04-15 22:22:00+00:00,114.75,114.75,114.75,114.75,86.0
2025-04-15 22:24:00+00:00,114.75,114.78125,114.75,114.75,80.0
2025-04-15 22:25:00+00:00,114.75,114.75,114.75,114.75,42.0
2025-04-15 22:28:00+00:00,114.71875,114.71875,114.71875,114.71875,43.0
2025-04-15 22:31:00+00:00,114.75,114.75,114.75,114.75,16.0
2025-04-15 22:32:00+00:00,114.78125,114.78125,114.78125,114.78125,24.0
2025-04-15 22:33:00+00:00,114.78125,114.78125,114.78125,114.78125,31.0
2025-04-15 22:37:00+00:00,114.8125,114.8125,114.8125,114.8125,48.0
2025-04-15 22:38:00+00:00,114.8125,114.8125,114.78125,114.78125,51.0
2025-04-15 22:39:00+00:00,114.78125,114.78125,114.78125,114.78125,28.0
2025-04-15 22:48:00+00:00,114.78125,114.8125,114.78125,114.8125,30.0
2025-04-15 23:06:00+00:00,114.71875,114.75,114.71875,114.71875,41.0
2025-04-15 23:12:00+00:00,114.71875,114.75,114.71875,114.75,17.0
2025-04-15 23:14:00+00:00,114.75,114.75,114.75,114.75,8.0
2025-04-15 23:16:00+00:00,114.71875,114.71875,114.71875,114.71875,14.0
2025-04-15 23:19:00+00:00,114.6875,114.71875,114.6875,114.71875,27.0
2025-04-15 23:20:00+00:00,114.6875,114.6875,114.65625,114.65625,4.0
2025-04-15 23:22:00+00:00,114.6875,114.6875,114.6875,114.6875,4.0
2025-04-15 23:23:00+00:00,114.65625,114.6875,114.65625,114.6875,3.0
2025-04-15 23:27:00+00:00,114.6875,114.6875,114.6875,114.6875,25.0
2025-04-15 23:29:00+00:00,114.59375,114.71875,114.5625,114.71875,2237.0
2025-04-15 23:30:00+00:00,114.65625,114.65625,114.625,114.625,129.0
2025-04-15 23:31:00+00:00,114.59375,114.625,114.59375,114.625,83.0
2025-04-15 23:32:00+00:00,114.59375,114.625,114.59375,114.625,17.0
2025-04-15 23:34:00+00:00,114.59375,114.59375,114.59375,114.59375,6.0
2025-04-15 23:35:00+00:00,114.625,114.625,114.59375,114.59375,3.0
2025-04-15 23:36:00+00:00,114.59375,114.59375,114.59375,114.59375,160.0
2025-04-15 23:37:00+00:00,114.625,114.65625,114.625,114.625,214.0
2025-04-15 23:38:00+00:00,114.65625,114.65625,114.65625,114.65625,32.0
2025-04-15 23:42:00+00:00,114.65625,114.65625,114.65625,114.65625,56.0
2025-04-15 23:43:00+00:00,114.65625,114.65625,114.65625,114.65625,13.0
2025-04-15 23:45:00+00:00,114.65625,114.65625,114.625,114.65625,23.0
2025-04-15 23:46:00+00:00,114.59375,114.625,114.59375,114.625,93.0
2025-04-15 23:48:00+00:00,114.59375,114.59375,114.59375,114.59375,5.0
2025-04-15 23:49:00+00:00,114.59375,114.59375,114.59375,114.59375,11.0
2025-04-15 23:52:00+00:00,114.59375,114.59375,114.59375,114.59375,7.0
2025-04-15 23:56:00+00:00,114.59375,114.59375,114.59375,114.59375,102.0
2025-04-15 23:58:00+00:00,114.59375,114.59375,114.59375,114.59375,17.0
2025-04-15 23:59:00+00:00,114.59375,114.59375,114.59375,114.59375,54.0
2025-04-16 00:00:00+00:00,114.625,114.625,114.59375,114.59375,141.0
2025-04-16 00:01:00+00:00,114.625,114.65625,114.625,114.65625,47.0
2025-04-16 00:02:00+00:00,114.65625,114.65625,114.625,114.625,38.0
2025-04-16 00:03:00+00:00,114.65625,114.65625,114.625,114.65625,191.0
2025-04-16 00:04:00+00:00,114.625,114.65625,114.625,114.65625,6.0
2025-04-16 00:05:00+00:00,114.6875,114.6875,114.65625,114.65625,104.0
2025-04-16 00:06:00+00:00,114.71875,114.71875,114.6875,114.6875,43.0
2025-04-16 00:08:00+00:00,114.6875,114.71875,114.6875,114.71875,69.0
2025-04-16 00:09:00+00:00,114.6875,114.6875,114.6875,114.6875,8.0
2025-04-16 00:10:00+00:00,114.71875,114.71875,114.6875,114.6875,55.0
2025-04-16 00:11:00+00:00,114.6875,114.6875,114.6875,114.6875,56.0
2025-04-16 00:12:00+00:00,114.75,114.75,114.71875,114.71875,182.0
2025-04-16 00:13:00+00:00,114.78125,114.78125,114.75,114.75,75.0
2025-04-16 00:15:00+00:00,114.78125,114.8125,114.78125,114.8125,150.0
2025-04-16 00:16:00+00:00,114.78125,114.78125,114.78125,114.78125,155.0
2025-04-16 00:17:00+00:00,114.78125,114.8125,114.78125,114.8125,144.0
2025-04-16 00:18:00+00:00,114.78125,114.78125,114.78125,114.78125,40.0
2025-04-16 00:19:00+00:00,114.78125,114.78125,114.75,114.75,56.0
2025-04-16 00:20:00+00:00,114.8125,114.8125,114.8125,114.8125,42.0
2025-04-16 00:21:00+00:00,114.8125,114.84375,114.8125,114.8125,51.0
2025-04-16 00:23:00+00:00,114.8125,114.8125,114.8125,114.8125,13.0
2025-04-16 00:24:00+00:00,114.78125,114.8125,114.78125,114.8125,63.0
2025-04-16 00:26:00+00:00,114.78125,114.78125,114.78125,114.78125,57.0
2025-04-16 00:27:00+00:00,114.8125,114.8125,114.8125,114.8125,47.0
2025-04-16 00:28:00+00:00,114.8125,114.8125,114.78125,114.8125,201.0
2025-04-16 00:29:00+00:00,114.8125,114.8125,114.8125,114.8125,50.0
2025-04-16 00:30:00+00:00,114.8125,114.8125,114.8125,114.8125,30.0
2025-04-16 00:31:00+00:00,114.8125,114.8125,114.8125,114.8125,54.0
2025-04-16 00:32:00+00:00,114.78125,114.8125,114.78125,114.8125,10.0
2025-04-16 00:33:00+00:00,114.8125,114.8125,114.8125,114.8125,32.0
2025-04-16 00:34:00+00:00,114.84375,114.875,114.84375,114.84375,177.0
2025-04-16 00:35:00+00:00,114.84375,114.84375,114.84375,114.84375,45.0
2025-04-16 00:37:00+00:00,114.84375,114.84375,114.84375,114.84375,123.0
2025-04-16 00:38:00+00:00,114.8125,114.8125,114.8125,114.8125,35.0
2025-04-16 00:39:00+00:00,114.78125,114.78125,114.78125,114.78125,96.0
2025-04-16 00:40:00+00:00,114.75,114.75,114.75,114.75,125.0
2025-04-16 00:41:00+00:00,114.75,114.75,114.75,114.75,40.0
2025-04-16 00:50:00+00:00,114.78125,114.78125,114.75,114.75,9.0
2025-04-16 00:51:00+00:00,114.75,114.75,114.75,114.75,29.0
2025-04-16 00:52:00+00:00,114.75,114.78125,114.75,114.78125,24.0
2025-04-16 00:53:00+00:00,114.75,114.75,114.75,114.75,18.0
2025-04-16 00:54:00+00:00,114.75,114.75,114.75,114.75,15.0
2025-04-16 00:55:00+00:00,114.71875,114.75,114.71875,114.71875,44.0
2025-04-16 00:56:00+00:00,114.6875,114.71875,114.6875,114.71875,303.0
2025-04-16 00:57:00+00:00,114.6875,114.71875,114.6875,114.6875,43.0
2025-04-16 00:58:00+00:00,114.6875,114.6875,114.6875,114.6875,18.0
2025-04-16 00:59:00+00:00,114.65625,114.6875,114.65625,114.6875,97.0
2025-04-16 01:00:00+00:00,114.625,114.65625,114.625,114.65625,37.0
2025-04-16 01:01:00+00:00,114.65625,114.65625,114.625,114.625,29.0
2025-04-16 01:04:00+00:00,114.625,114.65625,114.625,114.65625,17.0
2025-04-16 01:05:00+00:00,114.65625,114.65625,114.625,114.625,64.0
2025-04-16 01:06:00+00:00,114.65625,114.65625,114.65625,114.65625,21.0
2025-04-16 01:08:00+00:00,114.65625,114.65625,114.625,114.625,154.0
2025-04-16 01:09:00+00:00,114.65625,114.65625,114.65625,114.65625,15.0
2025-04-16 01:11:00+00:00,114.625,114.625,114.625,114.625,136.0
2025-04-16 01:13:00+00:00,114.65625,114.65625,114.625,114.65625,31.0
2025-04-16 01:14:00+00:00,114.65625,114.65625,114.625,114.65625,26.0
2025-04-16 01:17:00+00:00,114.59375,114.625,114.59375,114.625,134.0
2025-04-16 01:18:00+00:00,114.59375,114.625,114.59375,114.59375,134.0
2025-04-16 01:19:00+00:00,114.5625,114.59375,114.5625,114.59375,121.0
2025-04-16 01:21:00+00:00,114.5625,114.59375,114.5625,114.59375,5.0
2025-04-16 01:22:00+00:00,114.59375,114.59375,114.5625,114.5625,41.0
2025-04-16 01:23:00+00:00,114.59375,114.59375,114.59375,114.59375,26.0
2025-04-16 01:25:00+00:00,114.59375,114.59375,114.59375,114.59375,179.0
2025-04-16 01:26:00+00:00,114.59375,114.59375,114.59375,114.59375,57.0
2025-04-16 01:28:00+00:00,114.59375,114.59375,114.59375,114.59375,251.0
2025-04-16 01:30:00+00:00,114.625,114.625,114.59375,114.625,58.0
2025-04-16 01:31:00+00:00,114.59375,114.625,114.59375,114.625,8.0
2025-04-16 01:33:00+00:00,114.625,114.65625,114.625,114.625,65.0
2025-04-16 01:34:00+00:00,114.65625,114.65625,114.625,114.625,73.0
2025-04-16 01:36:00+00:00,114.65625,114.6875,114.65625,114.65625,45.0
2025-04-16 01:37:00+00:00,114.65625,114.65625,114.65625,114.65625,14.0
2025-04-16 01:38:00+00:00,114.65625,114.65625,114.65625,114.65625,34.0
2025-04-16 01:40:00+00:00,114.6875,114.6875,114.6875,114.6875,145.0
2025-04-16 01:43:00+00:00,114.71875,114.71875,114.71875,114.71875,67.0
2025-04-16 01:45:00+00:00,114.71875,114.71875,114.6875,114.6875,105.0
2025-04-16 01:47:00+00:00,114.71875,114.71875,114.71875,114.71875,4.0
2025-04-16 01:52:00+00:00,114.71875,114.71875,114.71875,114.71875,106.0
2025-04-16 01:54:00+00:00,114.75,114.75,114.71875,114.75,66.0
2025-04-16 01:57:00+00:00,114.6875,114.71875,114.6875,114.71875,81.0
2025-04-16 01:59:00+00:00,114.65625,114.6875,114.65625,114.65625,117.0
2025-04-16 02:00:00+00:00,114.6875,114.6875,114.6875,114.6875,75.0
2025-04-16 02:01:00+00:00,114.6875,114.6875,114.6875,114.6875,40.0
2025-04-16 02:02:00+00:00,114.6875,114.6875,114.6875,114.6875,33.0
2025-04-16 02:03:00+00:00,114.6875,114.6875,114.6875,114.6875,9.0
2025-04-16 02:04:00+00:00,114.65625,114.6875,114.65625,114.6875,134.0
2025-04-16 02:05:00+00:00,114.65625,114.6875,114.625,114.65625,154.0
2025-04-16 02:07:00+00:00,114.65625,114.65625,114.65625,114.65625,23.0
2025-04-16 02:08:00+00:00,114.65625,114.65625,114.65625,114.65625,2.0
2025-04-16 02:10:00+00:00,114.6875,114.6875,114.6875,114.6875,37.0
2025-04-16 02:13:00+00:00,114.65625,114.65625,114.65625,114.65625,4.0
2025-04-16 02:16:00+00:00,114.71875,114.71875,114.71875,114.71875,91.0
2025-04-16 02:18:00+00:00,114.71875,114.71875,114.71875,114.71875,74.0
2025-04-16 02:26:00+00:00,114.6875,114.6875,114.6875,114.6875,70.0
2025-04-16 02:29:00+00:00,114.6875,114.6875,114.6875,114.6875,5.0
2025-04-16 02:32:00+00:00,114.6875,114.71875,114.6875,114.71875,5.0
2025-04-16 02:35:00+00:00,114.6875,114.6875,114.6875,114.6875,55.0
2025-04-16 02:36:00+00:00,114.71875,114.71875,114.6875,114.6875,24.0
2025-04-16 02:37:00+00:00,114.6875,114.6875,114.6875,114.6875,2.0
2025-04-16 02:39:00+00:00,114.71875,114.71875,114.71875,114.71875,118.0
2025-04-16 02:41:00+00:00,114.71875,114.71875,114.71875,114.71875,83.0
2025-04-16 02:42:00+00:00,114.71875,114.71875,114.71875,114.71875,11.0
2025-04-16 02:43:00+00:00,114.6875,114.71875,114.6875,114.71875,79.0
2025-04-16 02:44:00+00:00,114.71875,114.71875,114.6875,114.6875,82.0
2025-04-16 02:45:00+00:00,114.6875,114.71875,114.6875,114.71875,161.0
2025-04-16 02:48:00+00:00,114.65625,114.65625,114.65625,114.65625,27.0
2025-04-16 02:50:00+00:00,114.6875,114.6875,114.6875,114.6875,58.0
2025-04-16 02:51:00+00:00,114.6875,114.71875,114.6875,114.6875,49.0
2025-04-16 02:52:00+00:00,114.65625,114.65625,114.65625,114.65625,22.0
2025-04-16 02:53:00+00:00,114.65625,114.65625,114.65625,114.65625,38.0
2025-04-16 02:57:00+00:00,114.65625,114.6875,114.65625,114.6875,2.0
2025-04-16 02:58:00+00:00,114.6875,114.6875,114.6875,114.6875,28.0
2025-04-16 03:11:00+00:00,114.65625,114.65625,114.65625,114.65625,60.0
2025-04-16 03:12:00+00:00,114.625,114.625,114.625,114.625,83.0
2025-04-16 03:16:00+00:00,114.5625,114.59375,114.5625,114.59375,170.0
2025-04-16 03:17:00+00:00,114.59375,114.59375,114.59375,114.59375,42.0
2025-04-16 03:18:00+00:00,114.59375,114.59375,114.59375,114.59375,23.0
2025-04-16 03:19:00+00:00,114.59375,114.625,114.53125,114.625,1253.0
2025-04-16 03:20:00+00:00,114.53125,114.5625,114.53125,114.5625,286.0
2025-04-16 03:21:00+00:00,114.53125,114.5625,114.53125,114.53125,10.0
2025-04-16 03:23:00+00:00,114.5625,114.5625,114.5625,114.5625,1.0
2025-04-16 03:24:00+00:00,114.53125,114.53125,114.53125,114.53125,10.0
2025-04-16 03:26:00+00:00,114.5625,114.5625,114.5625,114.5625,115.0
2025-04-16 03:27:00+00:00,114.5625,114.59375,114.5625,114.59375,11.0
2025-04-16 03:28:00+00:00,114.59375,114.59375,114.59375,114.59375,84.0
2025-04-16 03:29:00+00:00,114.59375,114.59375,114.59375,114.59375,34.0
2025-04-16 03:30:00+00:00,114.5625,114.59375,114.5625,114.59375,17.0
2025-04-16 03:31:00+00:00,114.5625,114.59375,114.5625,114.5625,33.0
2025-04-16 03:33:00+00:00,114.5625,114.59375,114.5625,114.59375,2.0
2025-04-16 03:34:00+00:00,114.59375,114.59375,114.59375,114.59375,182.0
2025-04-16 03:35:00+00:00,114.625,114.625,114.625,114.625,20.0
2025-04-16 03:36:00+00:00,114.59375,114.625,114.59375,114.625,3.0
2025-04-16 03:37:00+00:00,114.59375,114.59375,114.59375,114.59375,61.0
2025-04-16 03:43:00+00:00,114.59375,114.625,114.59375,114.625,35.0
2025-04-16 03:47:00+00:00,114.59375,114.59375,114.59375,114.59375,24.0
2025-04-16 03:51:00+00:00,114.59375,114.59375,114.59375,114.59375,37.0
2025-04-16 03:53:00+00:00,114.59375,114.625,114.59375,114.59375,4.0
2025-04-16 03:54:00+00:00,114.625,114.625,114.625,114.625,62.0
2025-04-16 03:55:00+00:00,114.59375,114.625,114.59375,114.625,18.0
2025-04-16 04:00:00+00:00,114.625,114.625,114.625,114.625,116.0
2025-04-16 04:01:00+00:00,114.625,114.625,114.625,114.625,18.0
2025-04-16 04:03:00+00:00,114.625,114.625,114.625,114.625,135.0
2025-04-16 04:04:00+00:00,114.625,114.625,114.625,114.625,69.0
2025-04-16 04:05:00+00:00,114.625,114.625,114.625,114.625,31.0
2025-04-16 04:10:00+00:00,114.65625,114.65625,114.625,114.625,7.0
2025-04-16 04:11:00+00:00,114.625,114.65625,114.625,114.65625,109.0
2025-04-16 04:14:00+00:00,114.625,114.65625,114.625,114.65625,3.0
2025-04-16 04:15:00+00:00,114.65625,114.65625,114.65625,114.65625,6.0
2025-04-16 04:16:00+00:00,114.65625,114.65625,114.625,114.625,3.0
2025-04-16 04:24:00+00:00,114.625,114.65625,114.625,114.625,207.0
2025-04-16 04:25:00+00:00,114.625,114.65625,114.625,114.65625,115.0
2025-04-16 04:31:00+00:00,114.625,114.625,114.625,114.625,167.0
2025-04-16 04:34:00+00:00,114.65625,114.65625,114.65625,114.65625,222.0
2025-04-16 04:42:00+00:00,114.65625,114.65625,114.65625,114.65625,99.0
2025-04-16 04:47:00+00:00,114.625,114.625,114.625,114.625,27.0
2025-04-16 04:53:00+00:00,114.625,114.625,114.625,114.625,65.0
2025-04-16 05:00:00+00:00,114.625,114.65625,114.625,114.65625,320.0
2025-04-16 05:02:00+00:00,114.625,114.625,114.625,114.625,63.0
2025-04-16 05:07:00+00:00,114.625,114.625,114.625,114.625,100.0
2025-04-16 05:08:00+00:00,114.625,114.625,114.625,114.625,106.0
2025-04-16 05:11:00+00:00,114.65625,114.65625,114.65625,114.65625,199.0
2025-04-16 05:12:00+00:00,114.65625,114.65625,114.65625,114.65625,10.0
2025-04-16 05:16:00+00:00,114.6875,114.6875,114.6875,114.6875,84.0
2025-04-16 05:18:00+00:00,114.6875,114.6875,114.65625,114.6875,71.0
2025-04-16 05:19:00+00:00,114.6875,114.6875,114.6875,114.6875,94.0
2025-04-16 05:21:00+00:00,114.6875,114.6875,114.6875,114.6875,95.0
2025-04-16 05:22:00+00:00,114.6875,114.6875,114.6875,114.6875,43.0
2025-04-16 05:23:00+00:00,114.71875,114.71875,114.71875,114.71875,100.0
2025-04-16 05:24:00+00:00,114.6875,114.71875,114.6875,114.6875,45.0
2025-04-16 05:26:00+00:00,114.71875,114.71875,114.6875,114.6875,231.0
2025-04-16 05:27:00+00:00,114.71875,114.71875,114.71875,114.71875,21.0
2025-04-16 05:28:00+00:00,114.75,114.75,114.75,114.75,130.0
2025-04-16 05:29:00+00:00,114.75,114.75,114.71875,114.75,5.0
2025-04-16 05:30:00+00:00,114.75,114.75,114.71875,114.75,39.0
2025-04-16 05:34:00+00:00,114.71875,114.71875,114.71875,114.71875,44.0
2025-04-16 05:35:00+00:00,114.65625,114.6875,114.65625,114.6875,92.0
2025-04-16 05:36:00+00:00,114.65625,114.6875,114.65625,114.65625,27.0
2025-04-16 05:38:00+00:00,114.6875,114.6875,114.6875,114.6875,19.0
2025-04-16 05:39:00+00:00,114.6875,114.6875,114.65625,114.6875,11.0
2025-04-16 05:40:00+00:00,114.6875,114.6875,114.6875,114.6875,99.0
2025-04-16 05:41:00+00:00,114.71875,114.71875,114.71875,114.71875,157.0
2025-04-16 05:42:00+00:00,114.65625,114.6875,114.65625,114.6875,94.0
2025-04-16 05:46:00+00:00,114.71875,114.71875,114.6875,114.71875,480.0
2025-04-16 05:48:00+00:00,114.71875,114.71875,114.71875,114.71875,64.0
2025-04-16 05:49:00+00:00,114.71875,114.71875,114.71875,114.71875,54.0
2025-04-16 05:50:00+00:00,114.71875,114.71875,114.71875,114.71875,31.0
2025-04-16 05:52:00+00:00,114.71875,114.71875,114.6875,114.71875,95.0
2025-04-16 05:53:00+00:00,114.78125,114.78125,114.75,114.75,222.0
2025-04-16 05:54:00+00:00,114.78125,114.78125,114.75,114.75,58.0
2025-04-16 05:55:00+00:00,114.75,114.75,114.75,114.75,101.0
2025-04-16 05:56:00+00:00,114.78125,114.78125,114.75,114.75,7.0
2025-04-16 05:57:00+00:00,114.78125,114.78125,114.78125,114.78125,5.0
2025-04-16 05:58:00+00:00,114.75,114.78125,114.75,114.78125,51.0
2025-04-16 05:59:00+00:00,114.71875,114.71875,114.6875,114.71875,105.0
2025-04-16 06:00:00+00:00,114.78125,114.78125,114.75,114.75,177.0
2025-04-16 06:01:00+00:00,114.8125,114.8125,114.75,114.78125,27.0
2025-04-16 06:03:00+00:00,114.78125,114.78125,114.78125,114.78125,25.0
2025-04-16 06:05:00+00:00,114.78125,114.78125,114.75,114.75,147.0
2025-04-16 06:06:00+00:00,114.75,114.78125,114.75,114.78125,79.0
2025-04-16 06:07:00+00:00,114.75,114.75,114.71875,114.71875,62.0
2025-04-16 06:08:00+00:00,114.75,114.75,114.75,114.75,90.0
2025-04-16 06:09:00+00:00,114.78125,114.78125,114.75,114.75,26.0
2025-04-16 06:13:00+00:00,114.75,114.75,114.75,114.75,41.0
2025-04-16 06:14:00+00:00,114.78125,114.78125,114.75,114.78125,27.0
2025-04-16 06:16:00+00:00,114.75,114.78125,114.75,114.78125,86.0
2025-04-16 06:17:00+00:00,114.75,114.75,114.71875,114.71875,32.0
2025-04-16 06:21:00+00:00,114.75,114.75,114.75,114.75,74.0
2025-04-16 06:22:00+00:00,114.71875,114.75,114.71875,114.75,3.0
2025-04-16 06:24:00+00:00,114.6875,114.6875,114.6875,114.6875,65.0
2025-04-16 06:25:00+00:00,114.71875,114.71875,114.6875,114.6875,91.0
2025-04-16 06:26:00+00:00,114.6875,114.6875,114.6875,114.6875,90.0
2025-04-16 06:27:00+00:00,114.6875,114.6875,114.6875,114.6875,12.0
2025-04-16 06:29:00+00:00,114.71875,114.75,114.71875,114.71875,28.0
2025-04-16 06:30:00+00:00,114.78125,114.78125,114.75,114.75,194.0
2025-04-16 06:31:00+00:00,114.75,114.78125,114.75,114.78125,87.0
2025-04-16 06:32:00+00:00,114.75,114.78125,114.75,114.78125,83.0
2025-04-16 06:34:00+00:00,114.75,114.75,114.71875,114.71875,85.0
2025-04-16 06:39:00+00:00,114.78125,114.78125,114.78125,114.78125,86.0
2025-04-16 06:40:00+00:00,114.75,114.78125,114.75,114.78125,5.0
2025-04-16 06:42:00+00:00,114.75,114.75,114.75,114.75,35.0
2025-04-16 06:43:00+00:00,114.75,114.75,114.75,114.75,80.0
2025-04-16 06:44:00+00:00,114.78125,114.78125,114.75,114.75,44.0
2025-04-16 06:46:00+00:00,114.71875,114.75,114.71875,114.75,31.0
2025-04-16 06:47:00+00:00,114.71875,114.75,114.71875,114.75,108.0
2025-04-16 06:49:00+00:00,114.71875,114.75,114.71875,114.71875,105.0
2025-04-16 06:51:00+00:00,114.78125,114.78125,114.75,114.75,320.0
2025-04-16 06:52:00+00:00,114.78125,114.78125,114.78125,114.78125,83.0
2025-04-16 06:53:00+00:00,114.8125,114.8125,114.8125,114.8125,201.0
2025-04-16 06:54:00+00:00,114.78125,114.78125,114.78125,114.78125,71.0
2025-04-16 06:55:00+00:00,114.78125,114.78125,114.78125,114.78125,10.0
2025-04-16 06:56:00+00:00,114.78125,114.78125,114.75,114.75,133.0
2025-04-16 06:57:00+00:00,114.78125,114.78125,114.75,114.78125,42.0
2025-04-16 06:58:00+00:00,114.78125,114.78125,114.78125,114.78125,68.0
2025-04-16 06:59:00+00:00,114.8125,114.8125,114.78125,114.78125,110.0
2025-04-16 07:00:00+00:00,114.84375,114.84375,114.8125,114.8125,444.0
2025-04-16 07:01:00+00:00,114.8125,114.8125,114.78125,114.8125,110.0
2025-04-16 07:02:00+00:00,114.78125,114.8125,114.78125,114.8125,13.0
2025-04-16 07:03:00+00:00,114.8125,114.8125,114.78125,114.78125,26.0
2025-04-16 07:04:00+00:00,114.8125,114.84375,114.8125,114.8125,321.0
2025-04-16 07:05:00+00:00,114.84375,114.84375,114.8125,114.8125,6.0
2025-04-16 07:06:00+00:00,114.84375,114.84375,114.84375,114.84375,74.0
2025-04-16 07:07:00+00:00,114.84375,114.875,114.84375,114.84375,624.0
2025-04-16 07:08:00+00:00,114.84375,114.84375,114.84375,114.84375,187.0
2025-04-16 07:09:00+00:00,114.875,114.875,114.84375,114.84375,451.0
2025-04-16 07:10:00+00:00,114.84375,114.84375,114.84375,114.84375,121.0
2025-04-16 07:11:00+00:00,114.875,114.90625,114.875,114.875,181.0
2025-04-16 07:12:00+00:00,115.0,115.0,114.90625,114.90625,596.0
2025-04-16 07:13:00+00:00,114.9375,114.96875,114.9375,114.96875,258.0
2025-04-16 07:14:00+00:00,114.9375,114.96875,114.9375,114.9375,971.0
2025-04-16 07:15:00+00:00,114.9375,114.9375,114.9375,114.9375,14.0
2025-04-16 07:16:00+00:00,114.96875,114.96875,114.9375,114.9375,344.0
2025-04-16 07:17:00+00:00,114.9375,114.96875,114.9375,114.96875,87.0
2025-04-16 07:18:00+00:00,114.96875,114.96875,114.9375,114.9375,14.0
2025-04-16 07:19:00+00:00,114.96875,114.96875,114.9375,114.96875,530.0
2025-04-16 07:20:00+00:00,114.9375,114.96875,114.9375,114.96875,248.0
2025-04-16 07:21:00+00:00,114.96875,114.96875,114.9375,114.9375,78.0
2025-04-16 07:22:00+00:00,114.96875,114.96875,114.96875,114.96875,152.0
2025-04-16 07:23:00+00:00,114.96875,114.96875,114.96875,114.96875,80.0
2025-04-16 07:24:00+00:00,114.96875,114.96875,114.96875,114.96875,153.0
2025-04-16 07:25:00+00:00,114.96875,115.0,114.9375,114.9375,180.0
2025-04-16 07:26:00+00:00,114.96875,115.0,114.96875,114.96875,183.0
2025-04-16 07:27:00+00:00,114.96875,115.0,114.96875,114.96875,149.0
2025-04-16 07:28:00+00:00,114.96875,114.96875,114.96875,114.96875,97.0
2025-04-16 07:29:00+00:00,114.96875,115.0,114.96875,115.0,7.0
2025-04-16 07:30:00+00:00,114.96875,115.0,114.96875,115.0,571.0
2025-04-16 07:31:00+00:00,114.96875,115.0,114.96875,115.0,298.0
2025-04-16 07:32:00+00:00,115.0,115.0,114.96875,114.96875,338.0
2025-04-16 07:33:00+00:00,115.0,115.0,115.0,115.0,1.0
2025-04-16 07:34:00+00:00,115.0,115.0,115.0,115.0,129.0
2025-04-16 07:35:00+00:00,115.0,115.0,114.96875,114.96875,204.0
2025-04-16 07:36:00+00:00,115.0,115.0,115.0,115.0,60.0
2025-04-16 07:37:00+00:00,115.0,115.0,114.96875,115.0,62.0
2025-04-16 07:38:00+00:00,114.96875,114.96875,114.96875,114.96875,255.0
2025-04-16 07:39:00+00:00,114.96875,114.96875,114.9375,114.9375,93.0
2025-04-16 07:40:00+00:00,114.96875,114.96875,114.9375,114.9375,2.0
2025-04-16 07:41:00+00:00,115.0,115.0,114.96875,114.96875,42.0
2025-04-16 07:44:00+00:00,115.0,115.0,115.0,115.0,2.0
2025-04-16 07:45:00+00:00,114.96875,115.0,114.96875,115.0,437.0
2025-04-16 07:46:00+00:00,114.96875,114.96875,114.96875,114.96875,188.0
2025-04-16 07:47:00+00:00,114.96875,115.0,114.96875,115.0,55.0
2025-04-16 07:48:00+00:00,115.0,115.0,115.0,115.0,136.0
2025-04-16 07:49:00+00:00,115.0,115.0,115.0,115.0,57.0
2025-04-16 07:50:00+00:00,115.0,115.0,114.96875,114.96875,7.0
2025-04-16 07:51:00+00:00,115.0,115.0,115.0,115.0,173.0
2025-04-16 07:52:00+00:00,115.0,115.0,115.0,115.0,135.0
2025-04-16 07:53:00+00:00,115.0,115.0,115.0,115.0,88.0
2025-04-16 07:54:00+00:00,114.96875,115.0,114.96875,115.0,40.0
2025-04-16 07:55:00+00:00,115.0,115.0,114.96875,114.96875,6.0
2025-04-16 07:56:00+00:00,115.0,115.0,115.0,115.0,39.0
2025-04-16 07:57:00+00:00,115.0,115.0,115.0,115.0,452.0
2025-04-16 07:58:00+00:00,115.0,115.0,115.0,115.0,161.0
2025-04-16 07:59:00+00:00,115.0,115.03125,115.0,115.03125,267.0
2025-04-16 08:00:00+00:00,115.0,115.03125,114.96875,114.96875,192.0
2025-04-16 08:01:00+00:00,115.0,115.0,114.96875,115.0,54.0
2025-04-16 08:02:00+00:00,115.0625,115.0625,115.03125,115.03125,1103.0
2025-04-16 08:03:00+00:00,115.0625,115.09375,115.0625,115.0625,917.0
2025-04-16 08:04:00+00:00,115.09375,115.09375,115.0625,115.09375,33.0
2025-04-16 08:05:00+00:00,115.0625,115.0625,115.0625,115.0625,330.0
2025-04-16 08:06:00+00:00,115.0625,115.0625,115.0625,115.0625,139.0
2025-04-16 08:07:00+00:00,115.0625,115.09375,115.0625,115.09375,384.0
2025-04-16 08:08:00+00:00,115.03125,115.0625,115.03125,115.03125,34.0
2025-04-16 08:20:00+00:00,115.0625,115.09400177001953,115.0625,115.09400177001953,1280.0
2025-04-16 08:21:00+00:00,115.0625,115.0625,115.0625,115.0625,25.0
2025-04-16 08:22:00+00:00,115.0625,115.0625,115.0625,115.0625,122.0
2025-04-16 08:23:00+00:00,115.0625,115.0625,115.0625,115.0625,2.0
2025-04-16 08:25:00+00:00,115.0625,115.09375,115.0625,115.09375,291.0
2025-04-16 08:26:00+00:00,115.0625,115.0625,115.03125,115.03125,11.0
2025-04-16 08:27:00+00:00,114.90625,115.0625,114.875,115.03125,1457.0
2025-04-16 08:28:00+00:00,114.9375,114.9375,114.8125,114.9375,1852.0
2025-04-16 08:29:00+00:00,114.9375,114.9375,114.90625,114.90625,468.0
2025-04-16 08:30:00+00:00,114.90625,114.9375,114.90625,114.9375,356.0
2025-04-16 08:31:00+00:00,114.875,114.90625,114.875,114.875,135.0
2025-04-16 08:32:00+00:00,114.875,114.875,114.8125,114.84375,396.0
2025-04-16 08:33:00+00:00,114.875,114.875,114.8125,114.875,871.0
2025-04-16 08:34:00+00:00,114.84375,114.84375,114.84375,114.84375,228.0
2025-04-16 08:35:00+00:00,114.875,114.875,114.875,114.875,93.0
2025-04-16 08:36:00+00:00,114.84375,114.875,114.84375,114.875,180.0
2025-04-16 08:37:00+00:00,114.84375,114.84375,114.84375,114.84375,441.0
2025-04-16 08:38:00+00:00,114.84375,114.84375,114.84375,114.84375,458.0
2025-04-16 08:39:00+00:00,114.84375,114.84375,114.8125,114.8125,555.0
2025-04-16 08:40:00+00:00,114.84375,114.84375,114.8125,114.84375,367.0
2025-04-16 08:41:00+00:00,114.8125,114.8125,114.8125,114.8125,37.0
2025-04-16 08:42:00+00:00,114.84375,114.84375,114.8125,114.84375,38.0
2025-04-16 08:43:00+00:00,114.8125,114.84375,114.8125,114.8125,172.0
2025-04-16 08:44:00+00:00,114.78125,114.8125,114.78125,114.8125,345.0
2025-04-16 08:45:00+00:00,114.8125,114.8125,114.78125,114.78125,196.0
2025-04-16 08:47:00+00:00,114.84375,114.84375,114.84375,114.84375,124.0
2025-04-16 08:48:00+00:00,114.84375,114.84375,114.84375,114.84375,60.0
2025-04-16 08:49:00+00:00,114.84375,114.84375,114.8125,114.84375,153.0
2025-04-16 08:50:00+00:00,114.84375,114.84375,114.84375,114.84375,99.0
2025-04-16 08:51:00+00:00,114.875,114.875,114.84375,114.84375,2.0
2025-04-16 08:52:00+00:00,114.875,114.875,114.875,114.875,134.0
2025-04-16 08:53:00+00:00,114.875,114.875,114.875,114.875,76.0
2025-04-16 08:54:00+00:00,114.9375,114.9375,114.90625,114.90625,40.0
2025-04-16 08:55:00+00:00,114.9375,114.9375,114.90625,114.9375,126.0
2025-04-16 08:56:00+00:00,114.9375,114.9375,114.9375,114.9375,136.0
2025-04-16 08:58:00+00:00,114.9375,114.9375,114.9375,114.9375,49.0
2025-04-16 08:59:00+00:00,114.9375,114.9375,114.9375,114.9375,111.0
2025-04-16 09:00:00+00:00,114.90625,114.9375,114.875,114.9375,158.0
2025-04-16 09:01:00+00:00,114.90625,114.90625,114.90625,114.90625,53.0
2025-04-16 09:02:00+00:00,114.90625,114.90625,114.90625,114.90625,15.0
2025-04-16 09:03:00+00:00,114.90625,114.90625,114.90625,114.90625,114.0
2025-04-16 09:04:00+00:00,114.9375,114.9375,114.90625,114.90625,2.0
2025-04-16 09:05:00+00:00,114.90625,114.9375,114.90625,114.90625,146.0
2025-04-16 09:06:00+00:00,114.90625,114.90625,114.90625,114.90625,111.0
2025-04-16 09:07:00+00:00,114.9375,114.9375,114.9375,114.9375,125.0
2025-04-16 09:08:00+00:00,114.9375,114.9375,114.9375,114.9375,1.0
2025-04-16 09:09:00+00:00,114.90625,114.90625,114.90625,114.90625,98.0
2025-04-16 09:10:00+00:00,114.90625,114.90625,114.90625,114.90625,54.0
2025-04-16 09:11:00+00:00,114.90625,114.90625,114.90625,114.90625,71.0
2025-04-16 09:12:00+00:00,114.90625,114.90625,114.90625,114.90625,37.0
2025-04-16 09:13:00+00:00,114.875,114.90625,114.875,114.875,69.0
2025-04-16 09:14:00+00:00,114.84375,114.875,114.84375,114.875,175.0
2025-04-16 09:15:00+00:00,114.875,114.90625,114.875,114.875,122.0
2025-04-16 09:16:00+00:00,114.90625,114.90625,114.875,114.875,76.0
2025-04-16 09:17:00+00:00,114.84375,114.90625,114.84375,114.90625,174.0
2025-04-16 09:18:00+00:00,114.8125,114.84375,114.8125,114.84375,71.0
2025-04-16 09:19:00+00:00,114.8125,114.8125,114.8125,114.8125,234.0
2025-04-16 09:20:00+00:00,114.8125,114.84375,114.78125,114.8125,305.0
2025-04-16 09:21:00+00:00,114.8125,114.8125,114.8125,114.8125,64.0
2025-04-16 09:22:00+00:00,114.8125,114.8125,114.8125,114.8125,259.0
2025-04-16 09:23:00+00:00,114.8125,114.8125,114.8125,114.8125,34.0
2025-04-16 09:24:00+00:00,114.75,114.78125,114.75,114.78125,166.0
2025-04-16 09:25:00+00:00,114.78125,114.78125,114.78125,114.78125,145.0
2025-04-16 09:26:00+00:00,114.71875,114.75,114.71875,114.75,518.0
2025-04-16 09:27:00+00:00,114.71875,114.75,114.71875,114.75,38.0
2025-04-16 09:28:00+00:00,114.75,114.75,114.75,114.75,170.0
2025-04-16 09:29:00+00:00,114.71875,114.75,114.71875,114.75,763.0
2025-04-16 09:30:00+00:00,114.75,114.75,114.71875,114.71875,319.0
2025-04-16 09:31:00+00:00,114.71875,114.71875,114.71875,114.71875,116.0
2025-04-16 09:32:00+00:00,114.6875,114.6875,114.6875,114.6875,206.0
2025-04-16 09:33:00+00:00,114.65625,114.65625,114.625,114.65625,1014.0
2025-04-16 09:34:00+00:00,114.625,114.625,114.625,114.625,8.0
2025-04-16 09:35:00+00:00,114.59375,114.65625,114.59375,114.65625,291.0
2025-04-16 09:36:00+00:00,114.59375,114.59375,114.59375,114.59375,281.0
2025-04-16 09:37:00+00:00,114.59375,114.59375,114.5625,114.59375,273.0
2025-04-16 09:38:00+00:00,114.59375,114.59375,114.5625,114.5625,3.0
2025-04-16 09:39:00+00:00,114.59375,114.59375,114.5625,114.5625,80.0
2025-04-16 09:40:00+00:00,114.5625,114.59375,114.5625,114.59375,919.0
2025-04-16 09:41:00+00:00,114.53125,114.5625,114.53125,114.53125,67.0
2025-04-16 09:42:00+00:00,114.5,114.5625,114.5,114.5625,194.0
2025-04-16 09:43:00+00:00,114.46875,114.53125,114.46875,114.53125,1276.0
2025-04-16 09:44:00+00:00,114.5,114.5,114.46875,114.46875,335.0
2025-04-16 09:45:00+00:00,114.5,114.5,114.5,114.5,115.0
2025-04-16 09:46:00+00:00,114.5,114.5,114.5,114.5,82.0
2025-04-16 09:47:00+00:00,114.5,114.5,114.5,114.5,236.0
2025-04-16 09:48:00+00:00,114.46875,114.5,114.46875,114.5,330.0
2025-04-16 09:49:00+00:00,114.46875,114.5,114.46875,114.46875,185.0
2025-04-16 09:51:00+00:00,114.5,114.53125,114.46875,114.5,303.0
2025-04-16 09:52:00+00:00,114.5,114.5,114.5,114.5,6.0
2025-04-16 09:53:00+00:00,114.46875,114.46875,114.46875,114.46875,26.0
2025-04-16 09:54:00+00:00,114.46875,114.5,114.46875,114.5,179.0
2025-04-16 09:56:00+00:00,114.46875,114.46875,114.46875,114.46875,10.0
2025-04-16 09:57:00+00:00,114.5,114.5,114.5,114.5,5.0
2025-04-16 09:58:00+00:00,114.46875,114.5,114.46875,114.5,21.0
2025-04-16 09:59:00+00:00,114.53125,114.53125,114.5,114.5,376.0
2025-04-16 10:00:00+00:00,114.5625,114.5625,114.53125,114.53125,358.0
2025-04-16 10:01:00+00:00,114.5,114.5625,114.5,114.53125,249.0
2025-04-16 10:02:00+00:00,114.5,114.53125,114.5,114.53125,25.0
2025-04-16 10:03:00+00:00,114.5,114.5,114.5,114.5,283.0
2025-04-16 10:04:00+00:00,114.5,114.5,114.5,114.5,103.0
2025-04-16 10:05:00+00:00,114.46875,114.5,114.46875,114.5,98.0
2025-04-16 10:06:00+00:00,114.5,114.5,114.46875,114.46875,314.0
2025-04-16 10:07:00+00:00,114.53125,114.53125,114.5,114.5,547.0
2025-04-16 10:08:00+00:00,114.5,114.53125,114.5,114.53125,176.0
2025-04-16 10:09:00+00:00,114.5,114.5,114.5,114.5,118.0
2025-04-16 10:10:00+00:00,114.5,114.5,114.46875,114.5,7.0
2025-04-16 10:20:00+00:00,114.5,114.53125,114.5,114.53099822998047,1226.0
2025-04-16 10:22:00+00:00,114.53125,114.53125,114.5,114.5,207.0
2025-04-16 10:23:00+00:00,114.5,114.53125,114.5,114.53125,9.0
2025-04-16 10:24:00+00:00,114.5,114.5,114.5,114.5,361.0
2025-04-16 10:25:00+00:00,114.53125,114.53125,114.5,114.5,99.0
2025-04-16 10:26:00+00:00,114.53125,114.53125,114.5,114.53125,74.0
2025-04-16 10:27:00+00:00,114.5,114.53125,114.5,114.53125,13.0
2025-04-16 10:28:00+00:00,114.46875,114.5,114.46875,114.5,40.0
2025-04-16 10:29:00+00:00,114.5,114.5,114.5,114.5,52.0
2025-04-16 10:32:00+00:00,114.53125,114.53125,114.53125,114.53125,3.0
2025-04-16 10:33:00+00:00,114.53125,114.53125,114.5,114.53125,58.0
2025-04-16 10:34:00+00:00,114.53125,114.53125,114.53125,114.53125,103.0
2025-04-16 10:35:00+00:00,114.53125,114.53125,114.5,114.5,485.0
2025-04-16 10:37:00+00:00,114.53125,114.5625,114.53125,114.53125,120.0
2025-04-16 10:38:00+00:00,114.5625,114.5625,114.53125,114.53125,83.0
2025-04-16 10:39:00+00:00,114.65625,114.65625,114.5625,114.5625,837.0
2025-04-16 10:40:00+00:00,114.65625,114.65625,114.65625,114.65625,160.0
2025-04-16 10:41:00+00:00,114.65625,114.6875,114.65625,114.65625,133.0
2025-04-16 10:42:00+00:00,114.59375,114.625,114.59375,114.625,40.0
2025-04-16 10:43:00+00:00,114.59375,114.625,114.59375,114.59375,179.0
2025-04-16 10:44:00+00:00,114.59375,114.59375,114.59375,114.59375,80.0
2025-04-16 10:45:00+00:00,114.625,114.625,114.59375,114.59375,13.0
2025-04-16 10:47:00+00:00,114.59375,114.625,114.59375,114.59375,13.0
2025-04-16 10:48:00+00:00,114.59375,114.59375,114.59375,114.59375,70.0
2025-04-16 10:51:00+00:00,114.59375,114.59375,114.5625,114.5625,22.0
2025-04-16 10:52:00+00:00,114.59375,114.59375,114.5625,114.5625,11.0
2025-04-16 10:53:00+00:00,114.59375,114.59375,114.5625,114.59375,48.0
2025-04-16 10:55:00+00:00,114.59375,114.59375,114.5625,114.5625,18.0
2025-04-16 10:56:00+00:00,114.59375,114.59375,114.59375,114.59375,89.0
2025-04-16 10:58:00+00:00,114.59375,114.59375,114.59375,114.59375,127.0
2025-04-16 10:59:00+00:00,114.59375,114.59375,114.59375,114.59375,129.0
2025-04-16 11:00:00+00:00,114.59375,114.59375,114.59375,114.59375,202.0
2025-04-16 11:02:00+00:00,114.5625,114.59375,114.5625,114.59375,363.0
2025-04-16 11:03:00+00:00,114.5625,114.5625,114.5625,114.5625,206.0
2025-04-16 11:04:00+00:00,114.53125,114.53125,114.53125,114.53125,12.0
2025-04-16 11:05:00+00:00,114.53125,114.53125,114.53125,114.53125,7.0
2025-04-16 11:06:00+00:00,114.5,114.53125,114.5,114.53125,103.0
2025-04-16 11:07:00+00:00,114.53125,114.53125,114.5,114.5,332.0
2025-04-16 11:08:00+00:00,114.53125,114.53125,114.5,114.5,209.0
2025-04-16 11:09:00+00:00,114.53125,114.53125,114.53125,114.53125,245.0
2025-04-16 11:10:00+00:00,114.53125,114.53125,114.5,114.53125,100.0
2025-04-16 11:12:00+00:00,114.5625,114.5625,114.5,114.5,399.0
2025-04-16 11:13:00+00:00,114.5625,114.5625,114.53125,114.53125,253.0
2025-04-16 11:14:00+00:00,114.5625,114.59375,114.5625,114.5625,254.0
2025-04-16 11:15:00+00:00,114.59375,114.625,114.5625,114.5625,237.0
2025-04-16 11:16:00+00:00,114.5625,114.59375,114.5625,114.59375,12.0
2025-04-16 11:17:00+00:00,114.5625,114.5625,114.5625,114.5625,9.0
2025-04-16 11:18:00+00:00,114.5625,114.59375,114.5625,114.5625,274.0
2025-04-16 11:19:00+00:00,114.5625,114.5625,114.53125,114.53125,95.0
2025-04-16 11:20:00+00:00,114.5625,114.59375,114.5625,114.5625,98.0
2025-04-16 11:21:00+00:00,114.5625,114.59375,114.5625,114.5625,38.0
2025-04-16 11:22:00+00:00,114.53125,114.53125,114.53125,114.53125,430.0
2025-04-16 11:23:00+00:00,114.53125,114.5625,114.53125,114.53125,269.0
2025-04-16 11:24:00+00:00,114.5625,114.5625,114.53125,114.53125,215.0
2025-04-16 11:25:00+00:00,114.59375,114.59375,114.5625,114.5625,89.0
2025-04-16 11:26:00+00:00,114.5625,114.625,114.5625,114.5625,374.0
2025-04-16 11:27:00+00:00,114.5625,114.5625,114.53125,114.53125,115.0
2025-04-16 11:28:00+00:00,114.59375,114.59375,114.5625,114.5625,198.0
2025-04-16 11:29:00+00:00,114.59375,114.625,114.59375,114.59375,25.0
2025-04-16 11:30:00+00:00,114.59375,114.625,114.59375,114.625,131.0
2025-04-16 11:31:00+00:00,114.65625,114.65625,114.625,114.625,309.0
2025-04-16 11:32:00+00:00,114.65625,114.65625,114.65625,114.65625,43.0
2025-04-16 11:34:00+00:00,114.6875,114.6875,114.6875,114.6875,691.0
2025-04-16 11:36:00+00:00,114.65625,114.65625,114.65625,114.65625,156.0
2025-04-16 11:37:00+00:00,114.65625,114.65625,114.65625,114.65625,224.0
2025-04-16 11:38:00+00:00,114.6875,114.6875,114.65625,114.65625,355.0
2025-04-16 11:39:00+00:00,114.6875,114.6875,114.6875,114.6875,252.0
2025-04-16 11:40:00+00:00,114.6875,114.6875,114.6875,114.6875,155.0
2025-04-16 11:41:00+00:00,114.71875,114.71875,114.6875,114.6875,333.0
2025-04-16 11:42:00+00:00,114.71875,114.71875,114.6875,114.6875,261.0
2025-04-16 11:43:00+00:00,114.6875,114.6875,114.6875,114.6875,164.0
2025-04-16 11:44:00+00:00,114.71875,114.71875,114.6875,114.6875,6.0
2025-04-16 11:45:00+00:00,114.75,114.75,114.6875,114.6875,414.0
2025-04-16 11:46:00+00:00,114.75,114.75,114.71875,114.75,273.0
2025-04-16 11:47:00+00:00,114.71875,114.75,114.71875,114.75,216.0
2025-04-16 11:48:00+00:00,114.71875,114.71875,114.6875,114.6875,658.0
2025-04-16 11:49:00+00:00,114.71875,114.75,114.71875,114.71875,219.0
2025-04-16 11:50:00+00:00,114.6875,114.6875,114.6875,114.6875,160.0
2025-04-16 11:51:00+00:00,114.6875,114.71875,114.6875,114.6875,40.0
2025-04-16 11:52:00+00:00,114.6875,114.71875,114.6875,114.6875,14.0
2025-04-16 11:53:00+00:00,114.6875,114.71875,114.65625,114.71875,253.0
2025-04-16 11:54:00+00:00,114.65625,114.6875,114.65625,114.6875,275.0
2025-04-16 11:55:00+00:00,114.65625,114.65625,114.625,114.65625,130.0
2025-04-16 11:56:00+00:00,114.625,114.65625,114.625,114.65625,286.0
2025-04-16 11:57:00+00:00,114.65625,114.65625,114.625,114.625,421.0
2025-04-16 11:58:00+00:00,114.65625,114.65625,114.65625,114.65625,37.0
2025-04-16 11:59:00+00:00,114.625,114.65625,114.625,114.65625,22.0
2025-04-16 12:00:00+00:00,114.6875,114.6875,114.65625,114.65625,267.0
2025-04-16 12:01:00+00:00,114.65625,114.6875,114.65625,114.6875,264.0
2025-04-16 12:03:00+00:00,114.625,114.6875,114.59375,114.6875,617.0
2025-04-16 12:04:00+00:00,114.65625,114.65625,114.59375,114.59375,447.0
2025-04-16 12:05:00+00:00,114.625,114.65625,114.59375,114.65625,520.0
2025-04-16 12:06:00+00:00,114.65625,114.65625,114.59375,114.59375,77.0
2025-04-16 12:07:00+00:00,114.65625,114.65625,114.65625,114.65625,108.0
2025-04-16 12:08:00+00:00,114.65625,114.71875,114.65625,114.65625,413.0
2025-04-16 12:09:00+00:00,114.65625,114.6875,114.65625,114.6875,25.0
2025-04-16 12:10:00+00:00,114.71875,114.71875,114.6875,114.6875,297.0
2025-04-16 12:11:00+00:00,114.71875,114.75,114.71875,114.71875,187.0
2025-04-16 12:12:00+00:00,114.71875,114.75,114.71875,114.71875,782.0
2025-04-16 12:13:00+00:00,114.75,114.75,114.71875,114.71875,345.0
2025-04-16 12:14:00+00:00,114.78125,114.78125,114.75,114.75,91.0
2025-04-16 12:15:00+00:00,114.78125,114.8125,114.75,114.78125,477.0
2025-04-16 12:16:00+00:00,114.75,114.8125,114.75,114.8125,378.0
2025-04-16 12:17:00+00:00,114.78125,114.8125,114.71875,114.75,917.0
2025-04-16 12:18:00+00:00,114.75,114.78125,114.75,114.78125,45.0
2025-04-16 12:19:00+00:00,114.8125,114.84375,114.75,114.78125,362.0
2025-04-16 12:20:00+00:00,114.75,114.8125,114.71875,114.8125,245.0
2025-04-16 12:21:00+00:00,114.6875,114.75,114.6875,114.75,275.0
2025-04-16 12:22:00+00:00,114.6875,114.71875,114.6875,114.71875,241.0
2025-04-16 12:23:00+00:00,114.625,114.6875,114.625,114.65625,192.0
2025-04-16 12:24:00+00:00,114.625,114.625,114.625,114.625,212.0
2025-04-16 12:25:00+00:00,114.65625,114.65625,114.625,114.625,44.0
2025-04-16 12:26:00+00:00,114.625,114.65625,114.59375,114.65625,861.0
2025-04-16 12:27:00+00:00,114.65625,114.65625,114.625,114.625,199.0
2025-04-16 12:28:00+00:00,114.65625,114.6875,114.65625,114.6875,93.0
2025-04-16 12:29:00+00:00,114.65625,114.71875,114.65625,114.65625,275.0
2025-04-16 12:30:00+00:00,114.6875,114.9375,114.59375,114.71875,2383.0
2025-04-16 12:31:00+00:00,114.6875,114.71875,114.65625,114.6875,837.0
2025-04-16 12:32:00+00:00,114.65625,114.71875,114.65625,114.6875,1156.0
2025-04-16 12:33:00+00:00,114.625,114.65625,114.625,114.65625,704.0
2025-04-16 12:34:00+00:00,114.53125,114.59375,114.5,114.59375,1610.0
2025-04-16 12:35:00+00:00,114.53125,114.53125,114.5,114.53125,418.0
2025-04-16 12:36:00+00:00,114.5,114.53125,114.5,114.5,490.0
2025-04-16 12:37:00+00:00,114.53125,114.53125,114.5,114.5,991.0
2025-04-16 12:38:00+00:00,114.5,114.5625,114.5,114.53125,319.0
2025-04-16 12:39:00+00:00,114.53125,114.53125,114.5,114.5,446.0
2025-04-16 12:40:00+00:00,114.5625,114.5625,114.5,114.53125,282.0
2025-04-16 12:41:00+00:00,114.5625,114.59375,114.5625,114.5625,591.0
2025-04-16 12:42:00+00:00,114.625,114.625,114.5625,114.5625,398.0
2025-04-16 12:43:00+00:00,114.625,114.65625,114.625,114.65625,329.0
2025-04-16 12:44:00+00:00,114.65625,114.65625,114.625,114.625,688.0
2025-04-16 12:45:00+00:00,114.625,114.65625,114.625,114.65625,514.0
2025-04-16 12:47:00+00:00,114.625,114.625,114.625,114.625,479.0
2025-04-16 12:48:00+00:00,114.59375,114.65625,114.59375,114.65625,399.0
2025-04-16 12:49:00+00:00,114.59375,114.59375,114.53125,114.59375,470.0
2025-04-16 12:50:00+00:00,114.5625,114.5625,114.5625,114.5625,420.0
2025-04-16 12:51:00+00:00,114.53125,114.5625,114.5,114.5625,498.0
2025-04-16 12:52:00+00:00,114.40625,114.53125,114.40625,114.53125,525.0
2025-04-16 12:53:00+00:00,114.40625,114.4375,114.375,114.40625,883.0
2025-04-16 12:54:00+00:00,114.40625,114.4375,114.375,114.40625,1058.0
2025-04-16 12:55:00+00:00,114.40625,114.40625,114.375,114.40625,181.0
2025-04-16 12:56:00+00:00,114.40625,114.40625,114.375,114.40625,536.0
2025-04-16 12:57:00+00:00,114.40625,114.4375,114.375,114.40625,859.0
2025-04-16 12:58:00+00:00,114.40625,114.40625,114.40625,114.40625,282.0
2025-04-16 12:59:00+00:00,114.40625,114.40625,114.375,114.40625,464.0
2025-04-16 13:00:00+00:00,114.4375,114.46875,114.40625,114.40625,667.0
2025-04-16 13:01:00+00:00,114.4375,114.46875,114.4375,114.4375,539.0
2025-04-16 13:02:00+00:00,114.46875,114.5,114.4375,114.4375,692.0
2025-04-16 13:03:00+00:00,114.4375,114.5,114.4375,114.5,657.0
2025-04-16 13:04:00+00:00,114.5,114.5,114.46875,114.46875,383.0
2025-04-16 13:05:00+00:00,114.5625,114.5625,114.5,114.5,460.0
2025-04-16 13:06:00+00:00,114.53125,114.53125,114.5,114.53125,428.0
2025-04-16 13:07:00+00:00,114.5625,114.5625,114.53125,114.53125,281.0
2025-04-16 13:08:00+00:00,114.59375,114.59375,114.5625,114.5625,621.0
2025-04-16 13:09:00+00:00,114.59375,114.625,114.59375,114.59375,87.0
2025-04-16 13:10:00+00:00,114.59375,114.625,114.59375,114.625,926.0
2025-04-16 13:11:00+00:00,114.625,114.625,114.59375,114.59375,846.0
2025-04-16 13:12:00+00:00,114.65625,114.65625,114.625,114.625,445.0
2025-04-16 13:13:00+00:00,114.65625,114.6875,114.65625,114.65625,216.0
2025-04-16 13:14:00+00:00,114.65625,114.65625,114.625,114.65625,680.0
2025-04-16 13:15:00+00:00,114.65625,114.6875,114.65625,114.6875,812.0
2025-04-16 13:16:00+00:00,114.65625,114.6875,114.625,114.6875,987.0
2025-04-16 13:17:00+00:00,114.65625,114.65625,114.65625,114.65625,915.0
2025-04-16 13:18:00+00:00,114.625,114.6875,114.625,114.65625,1007.0
2025-04-16 13:19:00+00:00,114.5625,114.65625,114.5625,114.625,548.0
2025-04-16 13:20:00+00:00,114.59375,114.625,114.5625,114.5625,596.0
2025-04-16 13:21:00+00:00,114.59375,114.625,114.59375,114.625,105.0
2025-04-16 13:22:00+00:00,114.6875,114.6875,114.625,114.625,1169.0
2025-04-16 13:23:00+00:00,114.75,114.78125,114.6875,114.71875,2433.0
2025-04-16 13:24:00+00:00,114.75,114.78125,114.71875,114.78125,1009.0
2025-04-16 13:25:00+00:00,114.71875,114.71875,114.6875,114.71875,490.0
2025-04-16 13:26:00+00:00,114.6875,114.71875,114.6875,114.71875,490.0
2025-04-16 13:27:00+00:00,114.6875,114.71875,114.6875,114.6875,112.0
2025-04-16 13:28:00+00:00,114.71875,114.71875,114.6875,114.71875,630.0
2025-04-16 13:29:00+00:00,114.6875,114.75,114.6875,114.71875,344.0
2025-04-16 13:30:00+00:00,114.71875,114.71875,114.65625,114.6875,713.0
2025-04-16 13:31:00+00:00,114.625,114.71875,114.625,114.71875,1054.0
2025-04-16 13:32:00+00:00,114.625,114.65625,114.625,114.625,185.0
2025-04-16 13:33:00+00:00,114.5625,114.65625,114.53125,114.625,968.0
2025-04-16 13:34:00+00:00,114.5,114.5625,114.5,114.5625,571.0
2025-04-16 13:35:00+00:00,114.46875,114.53125,114.46875,114.5,1042.0
2025-04-16 13:36:00+00:00,114.5,114.53125,114.46875,114.46875,567.0
2025-04-16 13:37:00+00:00,114.5,114.5,114.4375,114.46875,924.0
2025-04-16 13:38:00+00:00,114.4375,114.5,114.4375,114.5,1216.0
2025-04-16 13:39:00+00:00,114.4375,114.4375,114.40625,114.4375,335.0
2025-04-16 13:40:00+00:00,114.4375,114.46875,114.40625,114.4375,556.0
2025-04-16 13:41:00+00:00,114.46875,114.46875,114.4375,114.4375,486.0
2025-04-16 13:42:00+00:00,114.46875,114.5,114.46875,114.5,165.0
2025-04-16 13:43:00+00:00,114.53125,114.53125,114.46875,114.46875,287.0
2025-04-16 13:44:00+00:00,114.53125,114.53125,114.53125,114.53125,620.0
2025-04-16 13:45:00+00:00,114.5625,114.59375,114.53125,114.53125,1308.0
2025-04-16 13:46:00+00:00,114.53125,114.59375,114.53125,114.5625,495.0
2025-04-16 13:47:00+00:00,114.5625,114.59375,114.53125,114.53125,239.0
2025-04-16 13:48:00+00:00,114.53125,114.59375,114.53125,114.59375,519.0
2025-04-16 13:49:00+00:00,114.5625,114.5625,114.5,114.5,264.0
2025-04-16 13:50:00+00:00,114.59375,114.625,114.53125,114.5625,595.0
2025-04-16 13:51:00+00:00,114.59375,114.625,114.59375,114.59375,731.0
2025-04-16 13:52:00+00:00,114.53125,114.59375,114.53125,114.5625,418.0
2025-04-16 13:53:00+00:00,114.625,114.625,114.5,114.53125,530.0
2025-04-16 13:54:00+00:00,114.625,114.625,114.59375,114.625,1037.0
2025-04-16 13:55:00+00:00,114.65625,114.6875,114.59375,114.59375,496.0
2025-04-16 13:57:00+00:00,114.6875,114.6875,114.625,114.65625,372.0
2025-04-16 13:58:00+00:00,114.625,114.65625,114.625,114.65625,347.0
2025-04-16 13:59:00+00:00,114.65625,114.71875,114.65625,114.65625,627.0
2025-04-16 14:00:00+00:00,114.71875,114.71875,114.6875,114.6875,487.0
2025-04-16 14:01:00+00:00,114.6875,114.75,114.6875,114.71875,618.0
2025-04-16 14:02:00+00:00,114.65625,114.71875,114.65625,114.6875,558.0
2025-04-16 14:03:00+00:00,114.65625,114.6875,114.65625,114.6875,11.0
2025-04-16 14:04:00+00:00,114.75,114.75,114.6875,114.6875,752.0
2025-04-16 14:05:00+00:00,114.71875,114.75,114.71875,114.75,1242.0
2025-04-16 14:06:00+00:00,114.65625,114.71875,114.65625,114.71875,841.0
2025-04-16 14:07:00+00:00,114.59375,114.65625,114.59375,114.65625,793.0
2025-04-16 14:08:00+00:00,114.625,114.625,114.59375,114.59375,1020.0
2025-04-16 14:09:00+00:00,114.625,114.625,114.59375,114.59375,461.0
2025-04-16 14:10:00+00:00,114.625,114.625,114.59375,114.625,449.0
2025-04-16 14:11:00+00:00,114.59375,114.625,114.59375,114.625,658.0
2025-04-16 14:12:00+00:00,114.625,114.625,114.59375,114.625,917.0
2025-04-16 14:13:00+00:00,114.625,114.625,114.59375,114.625,458.0
2025-04-16 14:14:00+00:00,114.625,114.65625,114.59375,114.625,1198.0
2025-04-16 14:15:00+00:00,114.625,114.625,114.5625,114.59375,1150.0
2025-04-16 14:16:00+00:00,114.59375,114.625,114.59375,114.625,443.0
2025-04-16 14:17:00+00:00,114.59375,114.625,114.59375,114.59375,42.0
2025-04-16 14:18:00+00:00,114.59375,114.625,114.5625,114.59375,639.0
2025-04-16 14:19:00+00:00,114.625,114.625,114.5625,114.59375,581.0
2025-04-16 14:20:00+00:00,114.53125,114.625,114.53125,114.59375,914.0
2025-04-16 14:21:00+00:00,114.5,114.53125,114.5,114.53125,1601.0
2025-04-16 14:22:00+00:00,114.53125,114.53125,114.5,114.53125,618.0
2025-04-16 14:23:00+00:00,114.5,114.53125,114.5,114.53125,524.0
2025-04-16 14:24:00+00:00,114.5,114.53125,114.46875,114.5,988.0
2025-04-16 14:25:00+00:00,114.5,114.5,114.46875,114.5,580.0
2025-04-16 14:26:00+00:00,114.5,114.53125,114.5,114.53125,493.0
2025-04-16 14:27:00+00:00,114.5,114.5,114.5,114.5,280.0
2025-04-16 14:28:00+00:00,114.5,114.5,114.5,114.5,110.0
2025-04-16 14:29:00+00:00,114.46875,114.5,114.46875,114.5,548.0
2025-04-16 14:30:00+00:00,114.46875,114.5,114.46875,114.46875,202.0
2025-04-16 14:31:00+00:00,114.5,114.5,114.46875,114.46875,241.0
2025-04-16 14:32:00+00:00,114.4375,114.5,114.4375,114.46875,753.0
2025-04-16 14:33:00+00:00,114.4375,114.4375,114.40625,114.4375,673.0
2025-04-16 14:34:00+00:00,114.4375,114.4375,114.4375,114.4375,294.0
2025-04-16 14:35:00+00:00,114.4375,114.4375,114.40625,114.4375,512.0
2025-04-16 14:36:00+00:00,114.46875,114.46875,114.4375,114.46875,675.0
2025-04-16 14:37:00+00:00,114.46875,114.46875,114.4375,114.46875,579.0
2025-04-16 14:38:00+00:00,114.46875,114.5,114.46875,114.46875,326.0
2025-04-16 14:39:00+00:00,114.46875,114.5,114.46875,114.5,183.0
2025-04-16 14:40:00+00:00,114.4375,114.5,114.4375,114.46875,122.0
2025-04-16 14:41:00+00:00,114.4375,114.46875,114.4375,114.4375,72.0
2025-04-16 14:42:00+00:00,114.40625,114.4375,114.375,114.4375,924.0
2025-04-16 14:43:00+00:00,114.40625,114.4375,114.40625,114.40625,547.0
2025-04-16 14:44:00+00:00,114.40625,114.40625,114.375,114.40625,281.0
2025-04-16 14:45:00+00:00,114.40625,114.46875,114.40625,114.40625,981.0
2025-04-16 14:46:00+00:00,114.40625,114.4375,114.40625,114.4375,549.0
2025-04-16 14:47:00+00:00,114.46875,114.46875,114.4375,114.4375,654.0
2025-04-16 14:48:00+00:00,114.4375,114.4375,114.4375,114.4375,345.0
2025-04-16 14:49:00+00:00,114.46875,114.46875,114.4375,114.4375,245.0
2025-04-16 14:50:00+00:00,114.46875,114.5,114.4375,114.4375,589.0
2025-04-16 14:51:00+00:00,114.4375,114.46875,114.4375,114.46875,34.0
2025-04-16 14:52:00+00:00,114.4375,114.46875,114.40625,114.4375,286.0
2025-04-16 14:53:00+00:00,114.4375,114.46875,114.4375,114.4375,437.0
2025-04-16 14:54:00+00:00,114.4375,114.4375,114.4375,114.4375,309.0
2025-04-16 14:55:00+00:00,114.4375,114.46875,114.4375,114.4375,440.0
2025-04-16 14:56:00+00:00,114.46875,114.46875,114.4375,114.4375,570.0
2025-04-16 14:57:00+00:00,114.5,114.5,114.46875,114.46875,302.0
2025-04-16 14:58:00+00:00,114.5,114.5,114.46875,114.5,290.0
2025-04-16 14:59:00+00:00,114.53125,114.53125,114.5,114.5,598.0
2025-04-16 15:00:00+00:00,114.5625,114.5625,114.5,114.5,554.0
2025-04-16 15:01:00+00:00,114.59375,114.59375,114.5625,114.5625,1267.0
2025-04-16 15:02:00+00:00,114.625,114.625,114.5625,114.5625,934.0
2025-04-16 15:03:00+00:00,114.625,114.625,114.59375,114.625,343.0
2025-04-16 15:04:00+00:00,114.65625,114.65625,114.625,114.625,440.0
2025-04-16 15:05:00+00:00,114.71875,114.71875,114.65625,114.65625,1414.0
2025-04-16 15:06:00+00:00,114.6875,114.71875,114.6875,114.71875,332.0
2025-04-16 15:07:00+00:00,114.65625,114.6875,114.65625,114.6875,995.0
2025-04-16 15:08:00+00:00,114.625,114.65625,114.625,114.65625,264.0
2025-04-16 15:09:00+00:00,114.625,114.65625,114.625,114.625,373.0
2025-04-16 15:10:00+00:00,114.65625,114.65625,114.625,114.625,329.0
2025-04-16 15:11:00+00:00,114.65625,114.65625,114.65625,114.65625,131.0
2025-04-16 15:13:00+00:00,114.6875,114.6875,114.6875,114.6875,412.0
2025-04-16 15:14:00+00:00,114.6875,114.71875,114.6875,114.6875,195.0
2025-04-16 15:15:00+00:00,114.71875,114.75,114.71875,114.71875,604.0
2025-04-16 15:16:00+00:00,114.75,114.75,114.75,114.75,1802.0
2025-04-16 15:17:00+00:00,114.78125,114.78125,114.75,114.78125,777.0
2025-04-16 15:18:00+00:00,114.78125,114.78125,114.78125,114.78125,321.0
2025-04-16 15:19:00+00:00,114.78125,114.78125,114.75,114.75,118.0
2025-04-16 15:20:00+00:00,114.78125,114.8125,114.75,114.78125,736.0
2025-04-16 15:21:00+00:00,114.8125,114.8125,114.78125,114.78125,215.0
2025-04-16 15:22:00+00:00,114.78125,114.8125,114.78125,114.8125,676.0
2025-04-16 15:23:00+00:00,114.78125,114.78125,114.75,114.78125,1125.0
2025-04-16 15:24:00+00:00,114.78125,114.78125,114.75,114.78125,184.0
2025-04-16 15:25:00+00:00,114.78125,114.78125,114.78125,114.78125,428.0
2025-04-16 15:26:00+00:00,114.78125,114.8125,114.78125,114.78125,349.0
2025-04-16 15:27:00+00:00,114.78125,114.8125,114.78125,114.78125,941.0
2025-04-16 15:28:00+00:00,114.78125,114.8125,114.78125,114.8125,4.0
2025-04-16 15:29:00+00:00,114.8125,114.8125,114.78125,114.8125,68.0
2025-04-16 15:30:00+00:00,114.84375,114.84375,114.8125,114.8125,940.0
2025-04-16 15:31:00+00:00,114.8125,114.84375,114.8125,114.84375,932.0
2025-04-16 15:32:00+00:00,114.875,114.875,114.84375,114.84375,337.0
2025-04-16 15:33:00+00:00,114.90625,114.90625,114.84375,114.875,2944.0
2025-04-16 15:34:00+00:00,114.9375,114.9375,114.90625,114.90625,902.0
2025-04-16 15:35:00+00:00,114.875,114.9375,114.875,114.90625,777.0
2025-04-16 15:36:00+00:00,114.875,114.875,114.875,114.875,131.0
2025-04-16 15:37:00+00:00,114.9375,114.9375,114.875,114.875,869.0
2025-04-16 15:38:00+00:00,114.90625,114.9375,114.875,114.9375,231.0
2025-04-16 15:39:00+00:00,114.875,114.875,114.875,114.875,302.0
2025-04-16 15:40:00+00:00,114.875,114.875,114.84375,114.875,667.0
2025-04-16 15:41:00+00:00,114.84375,114.875,114.84375,114.875,481.0
2025-04-16 15:42:00+00:00,114.875,114.875,114.84375,114.875,239.0
2025-04-16 15:43:00+00:00,114.875,114.875,114.84375,114.84375,406.0
2025-04-16 15:44:00+00:00,114.84375,114.875,114.8125,114.875,1310.0
2025-04-16 15:45:00+00:00,114.84375,114.875,114.84375,114.875,276.0
2025-04-16 15:46:00+00:00,114.8125,114.84375,114.8125,114.8125,22.0
2025-04-16 15:47:00+00:00,114.84375,114.84375,114.8125,114.84375,473.0
2025-04-16 15:48:00+00:00,114.875,114.875,114.84375,114.84375,42.0
2025-04-16 15:49:00+00:00,114.84375,114.84375,114.84375,114.84375,858.0
2025-04-16 15:50:00+00:00,114.875,114.875,114.84375,114.875,490.0
2025-04-16 15:51:00+00:00,114.875,114.875,114.84375,114.875,403.0
2025-04-16 15:52:00+00:00,114.875,114.90625,114.875,114.875,306.0
2025-04-16 15:53:00+00:00,114.875,114.90625,114.875,114.90625,7.0
2025-04-16 15:54:00+00:00,114.90625,114.90625,114.875,114.875,658.0
2025-04-16 15:55:00+00:00,114.90625,114.9375,114.90625,114.9375,567.0
2025-04-16 15:56:00+00:00,114.90625,114.9375,114.90625,114.90625,61.0
2025-04-16 15:57:00+00:00,114.90625,114.9375,114.90625,114.90625,368.0
2025-04-16 15:58:00+00:00,114.9375,114.9375,114.90625,114.90625,542.0
2025-04-16 15:59:00+00:00,114.96875,115.0,114.9375,114.96875,1792.0
2025-04-16 16:00:00+00:00,115.0,115.0,114.96875,114.96875,385.0
2025-04-16 16:01:00+00:00,114.96875,115.0,114.96875,114.96875,374.0
2025-04-16 16:02:00+00:00,114.9375,114.96875,114.9375,114.96875,747.0
2025-04-16 16:03:00+00:00,114.90625,114.9375,114.90625,114.9375,658.0
2025-04-16 16:04:00+00:00,114.90625,114.9375,114.875,114.90625,399.0
2025-04-16 16:05:00+00:00,114.90625,114.9375,114.875,114.90625,834.0
2025-04-16 16:06:00+00:00,114.90625,114.90625,114.875,114.90625,363.0
2025-04-16 16:07:00+00:00,114.84375,114.90625,114.84375,114.90625,317.0
2025-04-16 16:08:00+00:00,114.875,114.875,114.875,114.875,428.0
2025-04-16 16:09:00+00:00,114.90625,114.90625,114.875,114.875,218.0
2025-04-16 16:11:00+00:00,114.90625,114.90625,114.875,114.875,395.0
2025-04-16 16:12:00+00:00,114.9375,114.9375,114.875,114.875,1212.0
2025-04-16 16:13:00+00:00,114.96875,114.96875,114.9375,114.9375,771.0
2025-04-16 16:14:00+00:00,114.96875,114.96875,114.96875,114.96875,2.0
2025-04-16 16:15:00+00:00,114.90625,114.96875,114.90625,114.96875,443.0
2025-04-16 16:16:00+00:00,114.90625,114.90625,114.875,114.90625,615.0
2025-04-16 16:17:00+00:00,114.90625,114.90625,114.875,114.875,107.0
2025-04-16 16:18:00+00:00,114.90625,114.90625,114.84375,114.875,916.0
2025-04-16 16:19:00+00:00,114.875,114.90625,114.875,114.90625,102.0
2025-04-16 16:21:00+00:00,114.90625,114.90625,114.90625,114.90625,519.0
2025-04-16 16:22:00+00:00,114.90625,114.90625,114.90625,114.90625,243.0
2025-04-16 16:24:00+00:00,114.9375,114.9375,114.90625,114.90625,447.0
2025-04-16 16:25:00+00:00,114.9375,114.9375,114.90625,114.9375,615.0
2025-04-16 16:26:00+00:00,114.9375,114.9375,114.9375,114.9375,137.0
2025-04-16 16:27:00+00:00,114.96875,114.96875,114.9375,114.96875,20.0
2025-04-16 16:28:00+00:00,114.9375,114.96875,114.9375,114.9375,110.0
2025-04-16 16:29:00+00:00,114.96875,114.96875,114.96875,114.96875,4.0
2025-04-16 16:30:00+00:00,114.96875,114.96875,114.9375,114.9375,331.0
2025-04-16 16:31:00+00:00,114.9375,114.96875,114.9375,114.96875,408.0
2025-04-16 16:32:00+00:00,114.9375,114.9375,114.9375,114.9375,191.0
2025-04-16 16:33:00+00:00,114.9375,114.9375,114.90625,114.9375,810.0
2025-04-16 16:34:00+00:00,114.9375,114.9375,114.90625,114.90625,459.0
2025-04-16 16:35:00+00:00,114.96875,114.96875,114.9375,114.96875,488.0
2025-04-16 16:36:00+00:00,114.9375,114.96875,114.9375,114.9375,172.0
2025-04-16 16:37:00+00:00,114.90625,114.9375,114.90625,114.90625,359.0
2025-04-16 16:38:00+00:00,114.90625,114.90625,114.90625,114.90625,35.0
2025-04-16 16:39:00+00:00,114.9375,114.9375,114.875,114.9375,1538.0
2025-04-16 16:40:00+00:00,114.90625,114.9375,114.875,114.90625,508.0
2025-04-16 16:41:00+00:00,114.875,114.90625,114.875,114.90625,821.0
2025-04-16 16:42:00+00:00,114.84375,114.875,114.84375,114.875,891.0
2025-04-16 16:43:00+00:00,114.875,114.875,114.84375,114.84375,527.0
2025-04-16 16:44:00+00:00,114.875,114.875,114.875,114.875,273.0
2025-04-16 16:45:00+00:00,114.90625,114.90625,114.875,114.875,493.0
2025-04-16 16:46:00+00:00,114.9375,114.9375,114.9375,114.9375,465.0
2025-04-16 16:47:00+00:00,114.90625,114.90625,114.90625,114.90625,181.0
2025-04-16 16:48:00+00:00,114.90625,114.9375,114.90625,114.9375,76.0
2025-04-16 16:49:00+00:00,114.9375,114.9375,114.90625,114.9375,45.0
2025-04-16 16:50:00+00:00,114.9375,114.9375,114.90625,114.90625,480.0
2025-04-16 16:51:00+00:00,114.9375,114.9375,114.90625,114.90625,73.0
2025-04-16 16:52:00+00:00,114.9375,114.9375,114.90625,114.90625,711.0
2025-04-16 16:53:00+00:00,114.90625,114.9375,114.90625,114.90625,616.0
2025-04-16 16:54:00+00:00,114.90625,114.9375,114.90625,114.90625,271.0
2025-04-16 16:55:00+00:00,114.90625,114.9375,114.875,114.9375,540.0
2025-04-16 16:56:00+00:00,114.90625,114.9375,114.875,114.90625,588.0
2025-04-16 16:57:00+00:00,114.875,114.90625,114.875,114.875,288.0
2025-04-16 16:58:00+00:00,114.875,114.90625,114.84375,114.875,817.0
2025-04-16 16:59:00+00:00,114.875,114.90625,114.84375,114.875,422.0
2025-04-16 17:00:00+00:00,114.90625,114.90625,114.875,114.90625,96.0
2025-04-16 17:01:00+00:00,114.90625,114.90625,114.875,114.90625,309.0
2025-04-16 17:02:00+00:00,114.96875,115.0,114.875,114.875,1535.0
2025-04-16 17:03:00+00:00,114.90625,114.96875,114.90625,114.96875,947.0
2025-04-16 17:04:00+00:00,114.90625,114.9375,114.875,114.9375,699.0
2025-04-16 17:05:00+00:00,114.9375,114.9375,114.875,114.875,676.0
2025-04-16 17:06:00+00:00,114.9375,114.9375,114.90625,114.90625,923.0
2025-04-16 17:07:00+00:00,114.9375,114.9375,114.9375,114.9375,212.0
2025-04-16 17:08:00+00:00,114.9375,114.9375,114.90625,114.9375,773.0
2025-04-16 17:09:00+00:00,114.96875,114.96875,114.9375,114.9375,515.0
2025-04-16 17:10:00+00:00,115.0,115.0,114.9375,114.9375,2140.0
2025-04-16 17:11:00+00:00,115.0,115.0625,115.0,115.03125,1583.0
2025-04-16 17:12:00+00:00,115.0,115.03125,115.0,115.0,418.0
2025-04-16 17:13:00+00:00,115.03125,115.03125,115.0,115.0,491.0
2025-04-16 17:14:00+00:00,114.96875,115.03125,114.96875,115.0,1159.0
2025-04-16 17:15:00+00:00,114.90625,114.96875,114.875,114.96875,917.0
2025-04-16 17:16:00+00:00,114.875,114.875,114.875,114.875,114.0
2025-04-16 17:17:00+00:00,114.84375,114.875,114.84375,114.875,523.0
2025-04-16 17:18:00+00:00,114.78125,114.8125,114.78125,114.8125,883.0
2025-04-16 17:19:00+00:00,114.75,114.78125,114.75,114.78125,775.0
2025-04-16 17:20:00+00:00,114.78125,114.8125,114.75,114.75,529.0
2025-04-16 17:21:00+00:00,114.78125,114.78125,114.78125,114.78125,243.0
2025-04-16 17:22:00+00:00,114.78125,114.78125,114.78125,114.78125,154.0
2025-04-16 17:23:00+00:00,114.84375,114.84375,114.78125,114.78125,574.0
2025-04-16 17:24:00+00:00,114.78125,114.84375,114.78125,114.84375,298.0
2025-04-16 17:25:00+00:00,114.78125,114.8125,114.75,114.78125,713.0
2025-04-16 17:26:00+00:00,114.8125,114.84375,114.78125,114.78125,516.0
2025-04-16 17:27:00+00:00,114.8125,114.8125,114.78125,114.8125,358.0
2025-04-16 17:28:00+00:00,114.8125,114.84375,114.8125,114.84375,8.0
2025-04-16 17:29:00+00:00,114.875,114.875,114.8125,114.8125,548.0
2025-04-16 17:30:00+00:00,114.75,114.84375,114.75,114.84375,999.0
2025-04-16 17:31:00+00:00,114.71875,114.75,114.6875,114.71875,1330.0
2025-04-16 17:32:00+00:00,114.84375,114.84375,114.75,114.75,716.0
2025-04-16 17:33:00+00:00,114.90625,114.90625,114.875,114.875,2030.0
2025-04-16 17:34:00+00:00,114.875,114.9375,114.875,114.90625,1506.0
2025-04-16 17:35:00+00:00,114.875,114.9375,114.875,114.875,631.0
2025-04-16 17:36:00+00:00,114.8125,114.875,114.78125,114.875,573.0
2025-04-16 17:37:00+00:00,114.875,114.875,114.78125,114.8125,456.0
2025-04-16 17:38:00+00:00,114.9375,114.9375,114.875,114.875,522.0
2025-04-16 17:39:00+00:00,114.90625,114.9375,114.90625,114.90625,793.0
2025-04-16 17:40:00+00:00,114.90625,114.9375,114.875,114.90625,601.0
2025-04-16 17:41:00+00:00,114.9375,114.9375,114.90625,114.9375,1130.0
2025-04-16 17:42:00+00:00,114.90625,114.9375,114.875,114.9375,2019.0
2025-04-16 17:43:00+00:00,114.9375,114.9375,114.90625,114.90625,115.0
2025-04-16 17:44:00+00:00,114.9375,114.96875,114.9375,114.9375,259.0
2025-04-16 17:45:00+00:00,114.9375,115.0,114.90625,114.96875,2300.0
2025-04-16 17:46:00+00:00,114.96875,114.96875,114.9375,114.9375,735.0
2025-04-16 17:47:00+00:00,114.9375,114.96875,114.9375,114.9375,200.0
2025-04-16 17:48:00+00:00,114.9375,114.96875,114.90625,114.96875,1033.0
2025-04-16 17:49:00+00:00,114.90625,114.9375,114.90625,114.9375,492.0
2025-04-16 17:50:00+00:00,114.9375,114.9375,114.90625,114.90625,740.0
2025-04-16 17:51:00+00:00,115.0,115.03125,114.9375,114.9375,1256.0
2025-04-16 17:52:00+00:00,115.0625,115.0625,115.0,115.0,2061.0
2025-04-16 17:53:00+00:00,115.125,115.15625,115.03125,115.03125,4009.0
2025-04-16 17:54:00+00:00,115.125,115.15625,115.09375,115.125,1103.0
2025-04-16 17:55:00+00:00,115.15625,115.15625,115.125,115.125,560.0
2025-04-16 17:56:00+00:00,115.1875,115.1875,115.125,115.125,1628.0
2025-04-16 17:57:00+00:00,115.25,115.25,115.15625,115.15625,1840.0
2025-04-16 17:58:00+00:00,115.25,115.3125,115.1875,115.25,4081.0
2025-04-16 17:59:00+00:00,115.28125,115.28125,115.1875,115.21875,1267.0
2025-04-16 18:00:00+00:00,115.3125,115.3125,115.21875,115.28125,2097.0
2025-04-16 18:01:00+00:00,115.34375,115.34375,115.28125,115.3125,1965.0
2025-04-16 18:02:00+00:00,115.4375,115.4375,115.3125,115.34375,2089.0
2025-04-16 18:03:00+00:00,115.3125,115.4375,115.3125,115.4375,1425.0
2025-04-16 18:04:00+00:00,115.40625,115.40625,115.3125,115.3125,1347.0
2025-04-16 18:05:00+00:00,115.375,115.40625,115.34375,115.40625,1319.0
2025-04-16 18:06:00+00:00,115.3125,115.34375,115.28125,115.34375,864.0
2025-04-16 18:07:00+00:00,115.34375,115.34375,115.3125,115.3125,393.0
2025-04-16 18:08:00+00:00,115.34375,115.375,115.3125,115.34375,687.0
2025-04-16 18:09:00+00:00,115.34375,115.34375,115.3125,115.34375,312.0
2025-04-16 18:10:00+00:00,115.3125,115.34375,115.28125,115.34375,681.0
2025-04-16 18:11:00+00:00,115.25,115.3125,115.25,115.3125,904.0
2025-04-16 18:12:00+00:00,115.25,115.25,115.21875,115.25,477.0
2025-04-16 18:13:00+00:00,115.28125,115.28125,115.25,115.25,672.0
2025-04-16 18:14:00+00:00,115.28125,115.3125,115.25,115.28125,566.0
2025-04-16 18:15:00+00:00,115.25,115.28125,115.25,115.25,120.0
2025-04-16 18:16:00+00:00,115.25,115.25,115.1875,115.25,975.0
2025-04-16 18:17:00+00:00,115.28125,115.3125,115.25,115.25,300.0
2025-04-16 18:18:00+00:00,115.25,115.25,115.21875,115.25,521.0
2025-04-16 18:19:00+00:00,115.1875,115.25,115.15625,115.25,745.0
2025-04-16 18:20:00+00:00,115.25,115.25,115.1875,115.1875,353.0
2025-04-16 18:21:00+00:00,115.1875,115.21875,115.1875,115.21875,449.0
2025-04-16 18:22:00+00:00,115.15625,115.1875,115.15625,115.1875,714.0
2025-04-16 18:23:00+00:00,115.09375,115.125,115.09375,115.125,321.0
2025-04-16 18:24:00+00:00,115.09375,115.125,115.09375,115.09375,660.0
2025-04-16 18:25:00+00:00,115.125,115.15625,115.09375,115.09375,509.0
2025-04-16 18:26:00+00:00,115.125,115.1875,115.125,115.15625,1098.0
2025-04-16 18:27:00+00:00,115.15625,115.15625,115.125,115.125,576.0
2025-04-16 18:28:00+00:00,115.1875,115.1875,115.15625,115.15625,673.0
2025-04-16 18:29:00+00:00,115.1875,115.21875,115.1875,115.21875,133.0
2025-04-16 18:30:00+00:00,115.1875,115.1875,115.1875,115.1875,997.0
2025-04-16 18:31:00+00:00,115.21875,115.25,115.15625,115.1875,1131.0
2025-04-16 18:32:00+00:00,115.25,115.25,115.25,115.25,828.0
2025-04-16 18:33:00+00:00,115.28125,115.28125,115.25,115.25,255.0
2025-04-16 18:34:00+00:00,115.25,115.28125,115.25,115.25,739.0
2025-04-16 18:35:00+00:00,115.25,115.25,115.25,115.25,223.0
2025-04-16 18:36:00+00:00,115.25,115.28125,115.25,115.25,8.0
2025-04-16 18:37:00+00:00,115.34375,115.34375,115.25,115.28125,817.0
2025-04-16 18:38:00+00:00,115.34375,115.375,115.3125,115.34375,912.0
2025-04-16 18:39:00+00:00,115.34375,115.34375,115.3125,115.34375,448.0
2025-04-16 18:40:00+00:00,115.34375,115.34375,115.3125,115.3125,220.0
2025-04-16 18:41:00+00:00,115.375,115.40625,115.3125,115.3125,1293.0
2025-04-16 18:42:00+00:00,115.3125,115.375,115.3125,115.375,754.0
2025-04-16 18:43:00+00:00,115.28125,115.3125,115.25,115.3125,623.0
2025-04-16 18:44:00+00:00,115.3125,115.3125,115.28125,115.28125,55.0
2025-04-16 18:45:00+00:00,115.28125,115.3125,115.28125,115.3125,621.0
2025-04-16 18:46:00+00:00,115.3125,115.3125,115.28125,115.3125,556.0
2025-04-16 18:47:00+00:00,115.25,115.3125,115.25,115.3125,91.0
2025-04-16 18:48:00+00:00,115.28125,115.28125,115.25,115.28125,1487.0
2025-04-16 18:49:00+00:00,115.3125,115.3125,115.28125,115.28125,318.0
2025-04-16 18:50:00+00:00,115.3125,115.34375,115.3125,115.3125,1525.0
2025-04-16 18:51:00+00:00,115.25,115.3125,115.25,115.3125,1417.0
2025-04-16 18:52:00+00:00,115.28125,115.28125,115.25,115.25,724.0
2025-04-16 18:53:00+00:00,115.28125,115.3125,115.28125,115.28125,467.0
2025-04-16 18:54:00+00:00,115.28125,115.3125,115.28125,115.28125,37.0
2025-04-16 18:55:00+00:00,115.28125,115.3125,115.25,115.28125,586.0
2025-04-16 18:56:00+00:00,115.25,115.25,115.25,115.25,999.0
2025-04-16 18:57:00+00:00,115.28125,115.28125,115.25,115.28125,425.0
2025-04-16 18:58:00+00:00,115.28125,115.3125,115.25,115.28125,603.0
2025-04-16 18:59:00+00:00,115.3125,115.3125,115.25,115.3125,3989.0
2025-04-16 19:00:00+00:00,115.3125,115.34375,115.28125,115.3125,3399.0
2025-04-16 19:01:00+00:00,115.34375,115.375,115.3125,115.3125,1852.0
2025-04-16 19:02:00+00:00,115.375,115.375,115.3125,115.3125,782.0
2025-04-16 19:03:00+00:00,115.40625,115.40625,115.375,115.40625,46.0
2025-04-16 19:04:00+00:00,115.40625,115.40625,115.375,115.40625,362.0
2025-04-16 19:05:00+00:00,115.40625,115.40625,115.40625,115.40625,656.0
2025-04-16 19:06:00+00:00,115.46875,115.46875,115.40625,115.40625,2407.0
2025-04-16 19:07:00+00:00,115.4375,115.46875,115.4375,115.4375,860.0
2025-04-16 19:08:00+00:00,115.4375,115.46875,115.4375,115.4375,304.0
2025-04-16 19:09:00+00:00,115.4375,115.46875,115.4375,115.4375,1018.0
2025-04-16 19:10:00+00:00,115.40625,115.46875,115.40625,115.4375,2817.0
2025-04-16 19:11:00+00:00,115.4375,115.4375,115.40625,115.40625,465.0
2025-04-16 19:12:00+00:00,115.40625,115.4375,115.40625,115.4375,266.0
2025-04-16 19:13:00+00:00,115.375,115.40625,115.375,115.40625,198.0
2025-04-16 19:14:00+00:00,115.375,115.375,115.375,115.375,538.0
2025-04-16 19:15:00+00:00,115.375,115.40625,115.375,115.375,93.0
2025-04-16 19:16:00+00:00,115.375,115.375,115.34375,115.375,337.0
2025-04-16 19:17:00+00:00,115.40625,115.40625,115.375,115.375,273.0
2025-04-16 19:18:00+00:00,115.375,115.40625,115.375,115.375,679.0
2025-04-16 19:19:00+00:00,115.375,115.375,115.375,115.375,84.0
2025-04-16 19:20:00+00:00,115.375,115.375,115.375,115.375,6.0
2025-04-16 19:21:00+00:00,115.375,115.375,115.34375,115.375,125.0
2025-04-16 19:22:00+00:00,115.34375,115.375,115.34375,115.375,315.0
2025-04-16 19:23:00+00:00,115.375,115.375,115.375,115.375,399.0
2025-04-16 19:24:00+00:00,115.375,115.375,115.34375,115.375,10.0
2025-04-16 19:25:00+00:00,115.40625,115.40625,115.375,115.375,800.0
2025-04-16 19:26:00+00:00,115.375,115.375,115.34375,115.375,711.0
2025-04-16 19:27:00+00:00,115.375,115.40625,115.375,115.40625,1574.0
2025-04-16 19:28:00+00:00,115.34375,115.375,115.34375,115.375,22.0
2025-04-16 19:29:00+00:00,115.3125,115.34375,115.3125,115.34375,445.0
2025-04-16 19:30:00+00:00,115.3125,115.3125,115.28125,115.3125,937.0
2025-04-16 19:31:00+00:00,115.34375,115.34375,115.3125,115.34375,22.0
2025-04-16 19:32:00+00:00,115.3125,115.34375,115.28125,115.3125,1115.0
2025-04-16 19:33:00+00:00,115.34375,115.34375,115.28125,115.3125,1132.0
2025-04-16 19:34:00+00:00,115.375,115.375,115.34375,115.34375,23.0
2025-04-16 19:35:00+00:00,115.375,115.375,115.34375,115.375,80.0
2025-04-16 19:36:00+00:00,115.375,115.375,115.34375,115.34375,870.0
2025-04-16 19:37:00+00:00,115.40625,115.40625,115.375,115.375,579.0
2025-04-16 19:38:00+00:00,115.375,115.40625,115.375,115.40625,798.0
2025-04-16 19:39:00+00:00,115.40625,115.40625,115.375,115.375,217.0
2025-04-16 19:40:00+00:00,115.375,115.40625,115.34375,115.40625,738.0
2025-04-16 19:41:00+00:00,115.3125,115.34375,115.3125,115.34375,449.0
2025-04-16 19:42:00+00:00,115.34375,115.34375,115.3125,115.3125,251.0
2025-04-16 19:43:00+00:00,115.28125,115.34375,115.28125,115.3125,349.0
2025-04-16 19:44:00+00:00,115.34375,115.34375,115.28125,115.28125,181.0
2025-04-16 19:45:00+00:00,115.34375,115.34375,115.3125,115.34375,133.0
2025-04-16 19:46:00+00:00,115.28125,115.34375,115.28125,115.34375,855.0
2025-04-16 19:47:00+00:00,115.28125,115.3125,115.25,115.3125,268.0
2025-04-16 19:48:00+00:00,115.25,115.28125,115.25,115.28125,325.0
2025-04-16 19:49:00+00:00,115.28125,115.28125,115.25,115.28125,154.0
2025-04-16 19:50:00+00:00,115.28125,115.28125,115.25,115.25,731.0
2025-04-16 19:51:00+00:00,115.25,115.28125,115.25,115.25,347.0
2025-04-16 19:52:00+00:00,115.25,115.25,115.21875,115.25,88.0
2025-04-16 19:53:00+00:00,115.21875,115.21875,115.1875,115.21875,974.0
2025-04-16 19:54:00+00:00,115.25,115.25,115.21875,115.21875,1182.0
2025-04-16 19:55:00+00:00,115.28125,115.28125,115.25,115.25,272.0
2025-04-16 19:56:00+00:00,115.28125,115.28125,115.25,115.25,433.0
2025-04-16 19:57:00+00:00,115.3125,115.3125,115.25,115.25,1083.0
2025-04-16 19:58:00+00:00,115.3125,115.34375,115.28125,115.3125,1196.0
2025-04-16 19:59:00+00:00,115.3125,115.375,115.28125,115.3125,3376.0
2025-04-16 20:00:00+00:00,115.25,115.3125,115.21875,115.28125,2156.0
2025-04-16 20:01:00+00:00,115.25,115.28125,115.25,115.25,584.0
2025-04-16 20:02:00+00:00,115.28125,115.28125,115.25,115.25,428.0
2025-04-16 20:03:00+00:00,115.25,115.28125,115.25,115.28125,65.0
2025-04-16 20:04:00+00:00,115.28125,115.28125,115.28125,115.28125,8.0
2025-04-16 20:05:00+00:00,115.25,115.28125,115.25,115.25,478.0
2025-04-16 20:06:00+00:00,115.21875,115.28125,115.21875,115.28125,307.0
2025-04-16 20:07:00+00:00,115.25,115.25,115.25,115.25,44.0
2025-04-16 20:08:00+00:00,115.21875,115.25,115.21875,115.25,26.0
2025-04-16 20:10:00+00:00,115.25,115.28125,115.21875,115.21875,1108.0
2025-04-16 20:11:00+00:00,115.25,115.28125,115.25,115.25,1030.0
2025-04-16 20:12:00+00:00,115.1875,115.25,115.15625,115.25,4181.0
2025-04-16 20:13:00+00:00,115.1875,115.1875,115.15625,115.1875,1163.0
2025-04-16 20:14:00+00:00,115.15625,115.1875,115.15625,115.1875,191.0
2025-04-16 20:15:00+00:00,115.15625,115.1875,115.15625,115.15625,1176.0
2025-04-16 20:16:00+00:00,115.15625,115.1875,115.15625,115.15625,646.0
2025-04-16 20:17:00+00:00,115.15625,115.15625,115.15625,115.15625,481.0
2025-04-16 20:18:00+00:00,115.15625,115.1875,115.15625,115.15625,8.0
2025-04-16 20:19:00+00:00,115.21875,115.21875,115.15625,115.15625,694.0
2025-04-16 20:20:00+00:00,115.1875,115.21875,115.1875,115.1875,693.0
2025-04-16 20:21:00+00:00,115.1875,115.1875,115.1875,115.1875,3.0
2025-04-16 20:22:00+00:00,115.1875,115.21875,115.1875,115.21875,120.0
2025-04-16 20:23:00+00:00,115.21875,115.21875,115.1875,115.1875,503.0
2025-04-16 20:24:00+00:00,115.25,115.25,115.25,115.25,19.0
2025-04-16 20:25:00+00:00,115.21875,115.21875,115.21875,115.21875,328.0
2025-04-16 20:26:00+00:00,115.21875,115.21875,115.21875,115.21875,101.0
2025-04-16 20:27:00+00:00,115.25,115.25,115.25,115.25,27.0
2025-04-16 20:28:00+00:00,115.25,115.25,115.25,115.25,788.0
2025-04-16 20:29:00+00:00,115.21875,115.25,115.21875,115.25,999.0
2025-04-16 20:30:00+00:00,115.25,115.25,115.25,115.25,464.0
2025-04-16 20:31:00+00:00,115.25,115.25,115.25,115.25,145.0
2025-04-16 20:32:00+00:00,115.25,115.28125,115.25,115.25,10.0
2025-04-16 20:33:00+00:00,115.28125,115.28125,115.28125,115.28125,12.0
2025-04-16 20:34:00+00:00,115.25,115.28125,115.25,115.28125,18.0
2025-04-16 20:35:00+00:00,115.28125,115.28125,115.28125,115.28125,1.0
2025-04-16 20:36:00+00:00,115.28125,115.28125,115.25,115.28125,434.0
2025-04-16 20:38:00+00:00,115.3125,115.3125,115.3125,115.3125,4.0
2025-04-16 20:39:00+00:00,115.3125,115.3125,115.3125,115.3125,25.0
2025-04-16 20:40:00+00:00,115.3125,115.3125,115.3125,115.3125,208.0
2025-04-16 20:41:00+00:00,115.34375,115.34375,115.34375,115.34375,2.0
2025-04-16 20:42:00+00:00,115.3125,115.3125,115.3125,115.3125,23.0
2025-04-16 20:43:00+00:00,115.34375,115.34375,115.34375,115.34375,447.0
2025-04-16 20:44:00+00:00,115.3125,115.3125,115.3125,115.3125,80.0
2025-04-16 20:45:00+00:00,115.3125,115.3125,115.3125,115.3125,396.0
2025-04-16 20:46:00+00:00,115.3125,115.3125,115.3125,115.3125,380.0
2025-04-16 20:47:00+00:00,115.34375,115.34375,115.3125,115.3125,44.0
2025-04-16 20:48:00+00:00,115.3125,115.3125,115.3125,115.3125,104.0
2025-04-16 20:49:00+00:00,115.34375,115.34375,115.3125,115.3125,68.0
2025-04-16 20:50:00+00:00,115.3125,115.3125,115.3125,115.3125,3.0
2025-04-16 20:51:00+00:00,115.34375,115.34375,115.3125,115.34375,176.0
2025-04-16 20:52:00+00:00,115.34375,115.34375,115.3125,115.34375,242.0
2025-04-16 20:53:00+00:00,115.3125,115.3125,115.3125,115.3125,587.0
2025-04-16 20:54:00+00:00,115.3125,115.3125,115.28125,115.3125,76.0
2025-04-16 20:55:00+00:00,115.3125,115.3125,115.3125,115.3125,112.0
2025-04-16 20:56:00+00:00,115.34375,115.34375,115.34375,115.34375,80.0
2025-04-16 20:57:00+00:00,115.34375,115.34375,115.3125,115.34375,202.0
2025-04-16 20:58:00+00:00,115.34375,115.34375,115.34375,115.34375,101.0
2025-04-16 20:59:00+00:00,115.34375,115.34375,115.3125,115.34375,0.0
2025-04-16 22:00:00+00:00,115.34375,115.34375,115.28125,115.34375,187.0
2025-04-16 22:01:00+00:00,115.34375,115.375,115.34375,115.34375,38.0
2025-04-16 22:02:00+00:00,115.375,115.375,115.34375,115.34375,298.0
2025-04-16 22:03:00+00:00,115.375,115.375,115.375,115.375,9.0
2025-04-16 22:04:00+00:00,115.375,115.375,115.375,115.375,1.0
2025-04-16 22:05:00+00:00,115.375,115.375,115.375,115.375,16.0
2025-04-16 22:07:00+00:00,115.375,115.375,115.375,115.375,26.0
2025-04-16 22:08:00+00:00,115.375,115.375,115.375,115.375,46.0
2025-04-16 22:09:00+00:00,115.375,115.375,115.375,115.375,152.0
2025-04-16 22:10:00+00:00,115.375,115.375,115.375,115.375,7.0
2025-04-16 22:13:00+00:00,115.375,115.375,115.34375,115.34375,5.0
2025-04-16 22:18:00+00:00,115.40625,115.40625,115.40625,115.40625,2.0
2025-04-16 22:19:00+00:00,115.40625,115.40625,115.40625,115.40625,3.0
2025-04-16 22:20:00+00:00,115.40625,115.40625,115.40625,115.40625,54.0
2025-04-16 22:21:00+00:00,115.40625,115.40625,115.40625,115.40625,25.0
2025-04-16 22:22:00+00:00,115.40625,115.40625,115.40625,115.40625,37.0
2025-04-16 22:23:00+00:00,115.4375,115.4375,115.4375,115.4375,54.0
2025-04-16 22:24:00+00:00,115.40625,115.40625,115.40625,115.40625,23.0
2025-04-16 22:25:00+00:00,115.375,115.375,115.375,115.375,28.0
2025-04-16 22:26:00+00:00,115.40625,115.4375,115.40625,115.40625,75.0
2025-04-16 22:27:00+00:00,115.40625,115.40625,115.40625,115.40625,5.0
2025-04-16 22:34:00+00:00,115.40625,115.40625,115.375,115.375,27.0
2025-04-16 22:35:00+00:00,115.40625,115.40625,115.40625,115.40625,16.0
2025-04-16 22:37:00+00:00,115.375,115.40625,115.375,115.40625,18.0
2025-04-16 22:39:00+00:00,115.375,115.375,115.375,115.375,33.0
2025-04-16 22:40:00+00:00,115.375,115.375,115.375,115.375,27.0
2025-04-16 22:41:00+00:00,115.375,115.375,115.375,115.375,35.0
2025-04-16 22:45:00+00:00,115.34375,115.34375,115.34375,115.34375,157.0
2025-04-16 22:46:00+00:00,115.34375,115.34375,115.34375,115.34375,7.0
2025-04-16 22:49:00+00:00,115.28125,115.3125,115.28125,115.3125,92.0
2025-04-16 22:50:00+00:00,115.28125,115.3125,115.28125,115.3125,193.0
2025-04-16 22:54:00+00:00,115.21875,115.25,115.21875,115.25,60.0
2025-04-16 22:55:00+00:00,115.21875,115.21875,115.21875,115.21875,156.0
2025-04-16 22:57:00+00:00,115.25,115.25,115.25,115.25,1.0
2025-04-16 22:58:00+00:00,115.25,115.25,115.25,115.25,30.0
2025-04-16 22:59:00+00:00,115.25,115.25,115.25,115.25,17.0
2025-04-16 23:00:00+00:00,115.25,115.25,115.25,115.25,4.0
2025-04-16 23:01:00+00:00,115.25,115.25,115.25,115.25,12.0
2025-04-16 23:02:00+00:00,115.25,115.28125,115.25,115.25,26.0
2025-04-16 23:03:00+00:00,115.25,115.25,115.25,115.25,21.0
2025-04-16 23:04:00+00:00,115.28125,115.28125,115.28125,115.28125,24.0
2025-04-16 23:05:00+00:00,115.28125,115.28125,115.28125,115.28125,3.0
2025-04-16 23:06:00+00:00,115.3125,115.3125,115.3125,115.3125,62.0
2025-04-16 23:07:00+00:00,115.3125,115.3125,115.3125,115.3125,12.0
2025-04-16 23:08:00+00:00,115.3125,115.3125,115.3125,115.3125,45.0
2025-04-16 23:10:00+00:00,115.28125,115.28125,115.28125,115.28125,23.0
2025-04-16 23:11:00+00:00,115.28125,115.28125,115.28125,115.28125,9.0
2025-04-16 23:12:00+00:00,115.28125,115.28125,115.28125,115.28125,2.0
2025-04-16 23:13:00+00:00,115.25,115.28125,115.25,115.28125,28.0
2025-04-16 23:14:00+00:00,115.25,115.25,115.25,115.25,95.0
2025-04-16 23:15:00+00:00,115.25,115.25,115.21875,115.25,4.0
2025-04-16 23:17:00+00:00,115.25,115.25,115.25,115.25,5.0
2025-04-16 23:18:00+00:00,115.21875,115.21875,115.21875,115.21875,35.0
2025-04-16 23:19:00+00:00,115.25,115.25,115.21875,115.21875,24.0
2025-04-16 23:21:00+00:00,115.25,115.25,115.25,115.25,3.0
2025-04-16 23:28:00+00:00,115.21875,115.25,115.21875,115.25,6.0
2025-04-16 23:29:00+00:00,115.21875,115.21875,115.21875,115.21875,3.0
2025-04-16 23:30:00+00:00,115.25,115.25,115.25,115.25,58.0
2025-04-16 23:35:00+00:00,115.28125,115.28125,115.25,115.25,21.0
2025-04-16 23:37:00+00:00,115.28125,115.28125,115.28125,115.28125,21.0
2025-04-16 23:38:00+00:00,115.28125,115.28125,115.28125,115.28125,27.0
2025-04-16 23:39:00+00:00,115.28125,115.28125,115.28125,115.28125,10.0
2025-04-16 23:40:00+00:00,115.28125,115.28125,115.28125,115.28125,18.0
2025-04-16 23:45:00+00:00,115.25,115.25,115.25,115.25,15.0
2025-04-16 23:46:00+00:00,115.25,115.25,115.25,115.25,33.0
2025-04-16 23:47:00+00:00,115.25,115.25,115.25,115.25,16.0
2025-04-16 23:51:00+00:00,115.25,115.25,115.25,115.25,14.0
2025-04-16 23:52:00+00:00,115.25,115.28125,115.25,115.28125,197.0
2025-04-16 23:56:00+00:00,115.25,115.25,115.25,115.25,2.0
2025-04-16 23:57:00+00:00,115.1875,115.25,115.1875,115.25,112.0
2025-04-16 23:58:00+00:00,115.21875,115.21875,115.21875,115.21875,60.0
2025-04-16 23:59:00+00:00,115.1875,115.21875,115.1875,115.21875,234.0
2025-04-17 00:00:00+00:00,115.21875,115.25,115.21875,115.21875,121.0
2025-04-17 00:01:00+00:00,115.15625,115.1875,115.15625,115.1875,31.0
2025-04-17 00:02:00+00:00,115.15625,115.15625,115.15625,115.15625,131.0
2025-04-17 00:03:00+00:00,115.15625,115.15625,115.15625,115.15625,156.0
2025-04-17 00:04:00+00:00,115.15625,115.15625,115.15625,115.15625,47.0
2025-04-17 00:05:00+00:00,115.15625,115.15625,115.15625,115.15625,18.0
2025-04-17 00:06:00+00:00,115.15625,115.15625,115.15625,115.15625,181.0
2025-04-17 00:07:00+00:00,115.15625,115.1875,115.15625,115.15625,119.0
2025-04-17 00:08:00+00:00,115.15625,115.15625,115.15625,115.15625,200.0
2025-04-17 00:09:00+00:00,115.1875,115.1875,115.15625,115.15625,2.0
2025-04-17 00:10:00+00:00,115.15625,115.15625,115.15625,115.15625,37.0
2025-04-17 00:11:00+00:00,115.15625,115.1875,115.15625,115.1875,16.0
2025-04-17 00:12:00+00:00,115.15625,115.15625,115.15625,115.15625,2.0
2025-04-17 00:13:00+00:00,115.15625,115.15625,115.15625,115.15625,34.0
2025-04-17 00:14:00+00:00,115.15625,115.15625,115.15625,115.15625,19.0
2025-04-17 00:16:00+00:00,115.1875,115.1875,115.1875,115.1875,36.0
2025-04-17 00:17:00+00:00,115.1875,115.1875,115.1875,115.1875,37.0
2025-04-17 00:18:00+00:00,115.1875,115.1875,115.1875,115.1875,53.0
2025-04-17 00:19:00+00:00,115.1875,115.1875,115.1875,115.1875,56.0
2025-04-17 00:20:00+00:00,115.21875,115.21875,115.1875,115.1875,60.0
2025-04-17 00:22:00+00:00,115.21875,115.21875,115.21875,115.21875,51.0
2025-04-17 00:23:00+00:00,115.1875,115.1875,115.1875,115.1875,141.0
2025-04-17 00:24:00+00:00,115.1875,115.1875,115.1875,115.1875,5.0
2025-04-17 00:25:00+00:00,115.1875,115.1875,115.1875,115.1875,33.0
2025-04-17 00:26:00+00:00,115.1875,115.1875,115.1875,115.1875,4.0
2025-04-17 00:27:00+00:00,115.1875,115.1875,115.1875,115.1875,35.0
2025-04-17 00:32:00+00:00,115.1875,115.1875,115.15625,115.15625,5.0
2025-04-17 00:33:00+00:00,115.1875,115.1875,115.1875,115.1875,6.0
2025-04-17 00:36:00+00:00,115.15625,115.15625,115.15625,115.15625,65.0
2025-04-17 00:37:00+00:00,115.15625,115.15625,115.15625,115.15625,54.0
2025-04-17 00:38:00+00:00,115.15625,115.15625,115.15625,115.15625,27.0
2025-04-17 00:40:00+00:00,115.15625,115.15625,115.15625,115.15625,56.0
2025-04-17 00:41:00+00:00,115.15625,115.15625,115.15625,115.15625,49.0
2025-04-17 00:44:00+00:00,115.15625,115.15625,115.15625,115.15625,148.0
2025-04-17 00:47:00+00:00,115.125,115.125,115.125,115.125,50.0
2025-04-17 00:48:00+00:00,115.125,115.125,115.125,115.125,1.0
2025-04-17 00:50:00+00:00,115.15625,115.15625,115.15625,115.15625,68.0
2025-04-17 00:51:00+00:00,115.15625,115.15625,115.15625,115.15625,1.0
2025-04-17 00:52:00+00:00,115.15625,115.15625,115.125,115.15625,53.0
2025-04-17 00:53:00+00:00,115.15625,115.15625,115.15625,115.15625,84.0
2025-04-17 00:54:00+00:00,115.15625,115.15625,115.15625,115.15625,77.0
2025-04-17 00:55:00+00:00,115.15625,115.15625,115.15625,115.15625,36.0
2025-04-17 00:57:00+00:00,115.125,115.125,115.09375,115.125,139.0
2025-04-17 00:58:00+00:00,115.125,115.125,115.125,115.125,65.0
2025-04-17 00:59:00+00:00,115.125,115.125,115.125,115.125,91.0
2025-04-17 01:00:00+00:00,115.125,115.125,115.125,115.125,6.0
2025-04-17 01:02:00+00:00,115.125,115.125,115.125,115.125,5.0
2025-04-17 01:03:00+00:00,115.125,115.125,115.125,115.125,8.0
2025-04-17 01:04:00+00:00,115.09375,115.125,115.0625,115.125,50.0
2025-04-17 01:05:00+00:00,115.09375,115.09375,115.09375,115.09375,2.0
2025-04-17 01:06:00+00:00,115.09375,115.09375,115.09375,115.09375,27.0
2025-04-17 01:09:00+00:00,115.09375,115.09375,115.09375,115.09375,48.0
2025-04-17 01:10:00+00:00,115.09375,115.09375,115.0625,115.0625,129.0
2025-04-17 01:11:00+00:00,115.09375,115.09375,115.09375,115.09375,10.0
2025-04-17 01:14:00+00:00,115.03125,115.0625,115.03125,115.0625,396.0
2025-04-17 01:15:00+00:00,115.03125,115.0625,115.03125,115.0625,12.0
2025-04-17 01:16:00+00:00,115.03125,115.03125,115.03125,115.03125,43.0
2025-04-17 01:17:00+00:00,115.0625,115.0625,115.0625,115.0625,54.0
2025-04-17 01:20:00+00:00,115.0625,115.0625,115.0625,115.0625,10.0
2025-04-17 01:21:00+00:00,115.0625,115.0625,115.03125,115.0625,66.0
2025-04-17 01:22:00+00:00,115.03125,115.0625,115.03125,115.0625,13.0
2025-04-17 01:23:00+00:00,115.03125,115.03125,115.03125,115.03125,5.0
2025-04-17 01:26:00+00:00,115.03125,115.03125,115.03125,115.03125,212.0
2025-04-17 01:27:00+00:00,115.03125,115.03125,115.03125,115.03125,74.0
2025-04-17 01:28:00+00:00,115.03125,115.0625,115.03125,115.03125,4.0
2025-04-17 01:29:00+00:00,115.03125,115.03125,115.03125,115.03125,9.0
2025-04-17 01:30:00+00:00,115.03125,115.03125,115.03125,115.03125,228.0
2025-04-17 01:31:00+00:00,115.03125,115.03125,115.03125,115.03125,40.0
2025-04-17 01:32:00+00:00,114.96875,115.0,114.96875,115.0,267.0
2025-04-17 01:33:00+00:00,114.96875,115.0,114.96875,114.96875,82.0
2025-04-17 01:34:00+00:00,115.0,115.0,115.0,115.0,109.0
2025-04-17 01:35:00+00:00,115.0,115.0,115.0,115.0,0.0
