Datetime,Close,High,Low,Open,Volume
2025-06-08 22:00:00+00:00,112.03125,112.09375,112.03125,112.03125,0.0
2025-06-08 22:01:00+00:00,112.03125,112.03125,112.0,112.03125,17.0
2025-06-08 22:02:00+00:00,112.03125,112.03125,112.0,112.0,10.0
2025-06-08 22:03:00+00:00,112.0,112.0,112.0,112.0,11.0
2025-06-08 22:04:00+00:00,112.0,112.0,111.96875,112.0,52.0
2025-06-08 22:05:00+00:00,112.0,112.03125,112.0,112.0,38.0
2025-06-08 22:06:00+00:00,112.0,112.03125,112.0,112.03125,151.0
2025-06-08 22:07:00+00:00,112.03125,112.03125,112.0,112.0,25.0
2025-06-08 22:08:00+00:00,112.03125,112.03125,112.0,112.03125,144.0
2025-06-08 22:09:00+00:00,112.03125,112.0625,112.03125,112.03125,30.0
2025-06-08 22:10:00+00:00,112.0625,112.0625,112.03125,112.0625,32.0
2025-06-08 22:11:00+00:00,112.0625,112.0625,112.0625,112.0625,31.0
2025-06-08 22:12:00+00:00,112.09375,112.09375,112.0625,112.0625,13.0
2025-06-08 22:13:00+00:00,112.09375,112.09375,112.09375,112.09375,8.0
2025-06-08 22:14:00+00:00,112.0625,112.09375,112.0625,112.09375,32.0
2025-06-08 22:15:00+00:00,112.0625,112.0625,112.0625,112.0625,1.0
2025-06-08 22:18:00+00:00,112.03125,112.03125,112.03125,112.03125,1.0
2025-06-08 22:19:00+00:00,112.0625,112.0625,112.03125,112.03125,2.0
2025-06-08 22:20:00+00:00,112.0625,112.0625,112.0625,112.0625,3.0
2025-06-08 22:26:00+00:00,112.0625,112.0625,112.03125,112.03125,4.0
2025-06-08 22:28:00+00:00,112.03125,112.03125,112.03125,112.03125,25.0
2025-06-08 22:30:00+00:00,112.03125,112.03125,112.03125,112.03125,52.0
2025-06-08 22:32:00+00:00,112.0,112.0,112.0,112.0,50.0
2025-06-08 22:34:00+00:00,112.0,112.0,112.0,112.0,12.0
2025-06-08 22:36:00+00:00,112.0,112.0,112.0,112.0,7.0
2025-06-08 22:37:00+00:00,112.0,112.0,112.0,112.0,92.0
2025-06-08 22:38:00+00:00,112.0,112.0,112.0,112.0,19.0
2025-06-08 22:39:00+00:00,112.0,112.0,111.96875,111.96875,8.0
2025-06-08 22:42:00+00:00,112.0,112.0,111.96875,111.96875,7.0
2025-06-08 22:43:00+00:00,112.0,112.0,112.0,112.0,43.0
2025-06-08 22:44:00+00:00,111.96875,111.96875,111.9375,111.96875,181.0
2025-06-08 22:46:00+00:00,111.96875,111.96875,111.9375,111.9375,6.0
2025-06-08 22:47:00+00:00,111.96875,111.96875,111.96875,111.96875,26.0
2025-06-08 22:48:00+00:00,111.9375,111.96875,111.90625,111.9375,213.0
2025-06-08 22:49:00+00:00,111.96875,111.96875,111.90625,111.90625,59.0
2025-06-08 22:50:00+00:00,111.90625,111.9375,111.90625,111.9375,548.0
2025-06-08 22:51:00+00:00,111.90625,111.90625,111.875,111.875,46.0
2025-06-08 22:52:00+00:00,111.875,111.875,111.875,111.875,6.0
2025-06-08 22:53:00+00:00,111.875,111.875,111.875,111.875,145.0
2025-06-08 22:54:00+00:00,111.875,111.875,111.84375,111.875,347.0
2025-06-08 22:55:00+00:00,111.875,111.875,111.84375,111.875,24.0
2025-06-08 22:56:00+00:00,111.84375,111.84375,111.84375,111.84375,6.0
2025-06-08 22:57:00+00:00,111.84375,111.84375,111.84375,111.84375,10.0
2025-06-08 22:58:00+00:00,111.875,111.875,111.84375,111.875,191.0
2025-06-08 22:59:00+00:00,111.84375,111.875,111.84375,111.875,535.0
2025-06-08 23:00:00+00:00,111.875,111.90625,111.84375,111.84375,164.0
2025-06-08 23:01:00+00:00,111.90625,111.90625,111.875,111.90625,50.0
2025-06-08 23:02:00+00:00,111.875,111.90625,111.875,111.90625,8.0
2025-06-08 23:03:00+00:00,111.875,111.875,111.875,111.875,7.0
2025-06-08 23:04:00+00:00,111.875,111.90625,111.875,111.90625,10.0
2025-06-08 23:05:00+00:00,111.875,111.875,111.875,111.875,12.0
2025-06-08 23:06:00+00:00,111.875,111.875,111.875,111.875,5.0
2025-06-08 23:10:00+00:00,111.84375,111.875,111.84375,111.875,240.0
2025-06-08 23:11:00+00:00,111.84375,111.84375,111.84375,111.84375,99.0
2025-06-08 23:12:00+00:00,111.84375,111.84375,111.84375,111.84375,43.0
2025-06-08 23:13:00+00:00,111.84375,111.84375,111.84375,111.84375,77.0
2025-06-08 23:14:00+00:00,111.8125,111.84375,111.8125,111.8125,175.0
2025-06-08 23:15:00+00:00,111.84375,111.84375,111.84375,111.84375,1.0
2025-06-08 23:16:00+00:00,111.875,111.875,111.84375,111.84375,39.0
2025-06-08 23:17:00+00:00,111.875,111.875,111.875,111.875,54.0
2025-06-08 23:21:00+00:00,111.875,111.875,111.875,111.875,1.0
2025-06-08 23:23:00+00:00,111.84375,111.875,111.84375,111.875,3.0
2025-06-08 23:24:00+00:00,111.90625,111.90625,111.875,111.875,49.0
2025-06-08 23:25:00+00:00,111.90625,111.90625,111.90625,111.90625,17.0
2025-06-08 23:26:00+00:00,111.90625,111.9375,111.90625,111.90625,84.0
2025-06-08 23:27:00+00:00,111.90625,111.90625,111.875,111.90625,9.0
2025-06-08 23:28:00+00:00,111.90625,111.90625,111.90625,111.90625,1.0
2025-06-08 23:30:00+00:00,111.90625,111.90625,111.90625,111.90625,85.0
2025-06-08 23:31:00+00:00,111.90625,111.90625,111.90625,111.90625,54.0
2025-06-08 23:32:00+00:00,111.90625,111.90625,111.90625,111.90625,55.0
2025-06-08 23:38:00+00:00,111.875,111.875,111.875,111.875,245.0
2025-06-08 23:39:00+00:00,111.875,111.875,111.875,111.875,188.0
2025-06-08 23:41:00+00:00,111.875,111.875,111.875,111.875,2.0
2025-06-08 23:45:00+00:00,111.875,111.875,111.875,111.875,59.0
2025-06-08 23:46:00+00:00,111.875,111.875,111.875,111.875,57.0
2025-06-08 23:50:00+00:00,111.84375,111.84375,111.84375,111.84375,47.0
2025-06-08 23:56:00+00:00,111.84375,111.84375,111.84375,111.84375,73.0
2025-06-08 23:57:00+00:00,111.875,111.875,111.875,111.875,220.0
2025-06-08 23:58:00+00:00,111.90625,111.90625,111.90625,111.90625,31.0
2025-06-08 23:59:00+00:00,111.90625,111.90625,111.90625,111.90625,5.0
2025-06-09 00:00:00+00:00,111.90625,111.90625,111.90625,111.90625,77.0
2025-06-09 00:01:00+00:00,111.90625,111.9375,111.90625,111.90625,63.0
2025-06-09 00:02:00+00:00,111.90625,111.9375,111.90625,111.90625,77.0
2025-06-09 00:03:00+00:00,111.90625,111.9375,111.90625,111.90625,38.0
2025-06-09 00:04:00+00:00,111.9375,111.9375,111.90625,111.90625,73.0
2025-06-09 00:05:00+00:00,111.90625,111.90625,111.90625,111.90625,30.0
2025-06-09 00:07:00+00:00,111.90625,111.90625,111.90625,111.90625,107.0
2025-06-09 00:11:00+00:00,111.9375,111.9375,111.9375,111.9375,127.0
2025-06-09 00:12:00+00:00,111.9375,111.9375,111.9375,111.9375,270.0
2025-06-09 00:13:00+00:00,111.96875,111.96875,111.9375,111.9375,70.0
2025-06-09 00:14:00+00:00,111.96875,111.96875,111.96875,111.96875,1.0
2025-06-09 00:15:00+00:00,111.96875,111.96875,111.9375,111.9375,205.0
2025-06-09 00:16:00+00:00,111.96875,111.96875,111.96875,111.96875,15.0
2025-06-09 00:18:00+00:00,111.96875,111.96875,111.90625,111.9375,113.0
2025-06-09 00:19:00+00:00,111.96875,111.96875,111.96875,111.96875,2.0
2025-06-09 00:20:00+00:00,111.96875,111.96875,111.96875,111.96875,7.0
2025-06-09 00:22:00+00:00,111.9375,111.96875,111.9375,111.96875,7.0
2025-06-09 00:23:00+00:00,111.96875,111.96875,111.96875,111.96875,38.0
2025-06-09 00:24:00+00:00,112.03125,112.03125,112.0,112.0,337.0
2025-06-09 00:25:00+00:00,112.0,112.03125,112.0,112.03125,230.0
2025-06-09 00:26:00+00:00,112.0,112.0,112.0,112.0,129.0
2025-06-09 00:28:00+00:00,112.03125,112.03125,112.0,112.03125,575.0
2025-06-09 00:29:00+00:00,112.0625,112.0625,112.03125,112.03125,182.0
2025-06-09 00:30:00+00:00,112.0625,112.0625,112.0625,112.0625,4.0
2025-06-09 00:31:00+00:00,112.0625,112.0625,112.0625,112.0625,21.0
2025-06-09 00:33:00+00:00,112.03125,112.03125,112.03125,112.03125,109.0
2025-06-09 00:36:00+00:00,112.0625,112.0625,112.0625,112.0625,2.0
2025-06-09 00:37:00+00:00,112.0625,112.0625,112.0625,112.0625,19.0
2025-06-09 00:38:00+00:00,112.0625,112.0625,112.0625,112.0625,59.0
2025-06-09 00:40:00+00:00,112.0625,112.0625,112.0625,112.0625,286.0
2025-06-09 00:43:00+00:00,112.0625,112.0625,112.0625,112.0625,8.0
2025-06-09 00:45:00+00:00,112.0625,112.0625,112.0625,112.0625,140.0
2025-06-09 00:46:00+00:00,112.0625,112.0625,112.03125,112.0625,12.0
2025-06-09 00:47:00+00:00,112.0625,112.0625,112.0625,112.0625,13.0
2025-06-09 00:54:00+00:00,112.0625,112.0625,112.0625,112.0625,90.0
2025-06-09 00:56:00+00:00,112.0625,112.0625,112.0625,112.0625,6.0
2025-06-09 00:57:00+00:00,112.03125,112.03125,112.03125,112.03125,2.0
2025-06-09 00:58:00+00:00,112.0625,112.0625,112.0625,112.0625,40.0
2025-06-09 00:59:00+00:00,112.0625,112.0625,112.0625,112.0625,9.0
2025-06-09 01:01:00+00:00,112.0625,112.09375,112.0625,112.0625,43.0
2025-06-09 01:05:00+00:00,112.09375,112.09375,112.09375,112.09375,2.0
2025-06-09 01:06:00+00:00,112.0625,112.0625,112.0625,112.0625,204.0
2025-06-09 01:08:00+00:00,112.0625,112.0625,112.0625,112.0625,99.0
2025-06-09 01:09:00+00:00,112.0625,112.0625,112.03125,112.0625,102.0
2025-06-09 01:10:00+00:00,112.0625,112.0625,112.0625,112.0625,12.0
2025-06-09 01:14:00+00:00,112.09375,112.09375,112.0625,112.09375,137.0
2025-06-09 01:15:00+00:00,112.09375,112.09375,112.09375,112.09375,1.0
2025-06-09 01:21:00+00:00,112.09375,112.09375,112.09375,112.09375,33.0
2025-06-09 01:22:00+00:00,112.09375,112.09375,112.09375,112.09375,13.0
2025-06-09 01:23:00+00:00,112.09375,112.09375,112.09375,112.09375,95.0
2025-06-09 01:24:00+00:00,112.125,112.125,112.125,112.125,24.0
2025-06-09 01:25:00+00:00,112.09375,112.09375,112.09375,112.09375,5.0
2025-06-09 01:27:00+00:00,112.125,112.125,112.125,112.125,36.0
2025-06-09 01:28:00+00:00,112.125,112.125,112.125,112.125,18.0
2025-06-09 01:29:00+00:00,112.09375,112.09375,112.09375,112.09375,20.0
2025-06-09 01:32:00+00:00,112.125,112.125,112.125,112.125,1.0
2025-06-09 01:35:00+00:00,112.125,112.125,112.125,112.125,4.0
2025-06-09 01:37:00+00:00,112.09375,112.09375,112.09375,112.09375,105.0
2025-06-09 01:38:00+00:00,112.0625,112.09375,112.0625,112.09375,281.0
2025-06-09 01:39:00+00:00,112.0625,112.0625,112.0625,112.0625,18.0
2025-06-09 01:41:00+00:00,112.09375,112.09375,112.09375,112.09375,3.0
2025-06-09 01:44:00+00:00,112.09375,112.09375,112.09375,112.09375,11.0
2025-06-09 01:46:00+00:00,112.0625,112.09375,112.0625,112.09375,162.0
2025-06-09 01:50:00+00:00,112.0625,112.0625,112.0625,112.0625,144.0
2025-06-09 01:51:00+00:00,112.0625,112.0625,112.0625,112.0625,43.0
2025-06-09 01:55:00+00:00,112.0625,112.0625,112.0625,112.0625,44.0
2025-06-09 01:58:00+00:00,112.03125,112.0625,112.03125,112.0625,60.0
2025-06-09 02:00:00+00:00,112.03125,112.0625,112.03125,112.0625,16.0
2025-06-09 02:01:00+00:00,112.0625,112.0625,112.0625,112.0625,91.0
2025-06-09 02:02:00+00:00,112.0625,112.0625,112.0625,112.0625,26.0
2025-06-09 02:05:00+00:00,112.0625,112.0625,112.0625,112.0625,82.0
2025-06-09 02:06:00+00:00,112.0625,112.0625,112.0625,112.0625,39.0
2025-06-09 02:10:00+00:00,112.0625,112.0625,112.0625,112.0625,53.0
2025-06-09 02:11:00+00:00,112.0625,112.0625,112.03125,112.0625,14.0
2025-06-09 02:12:00+00:00,112.0625,112.0625,112.0625,112.0625,11.0
2025-06-09 02:14:00+00:00,112.0625,112.0625,112.0625,112.0625,109.0
2025-06-09 02:16:00+00:00,112.0625,112.0625,112.0625,112.0625,10.0
2025-06-09 02:17:00+00:00,112.0625,112.0625,112.0625,112.0625,5.0
2025-06-09 02:23:00+00:00,112.0625,112.09375,112.0625,112.09375,2.0
2025-06-09 02:29:00+00:00,112.0625,112.09375,112.0625,112.09375,71.0
2025-06-09 02:32:00+00:00,112.09375,112.09375,112.09375,112.09375,83.0
2025-06-09 02:34:00+00:00,112.09375,112.09375,112.09375,112.09375,44.0
2025-06-09 02:42:00+00:00,112.09375,112.09375,112.09375,112.09375,59.0
2025-06-09 02:43:00+00:00,112.125,112.125,112.09375,112.09375,32.0
2025-06-09 02:44:00+00:00,112.125,112.125,112.125,112.125,3.0
2025-06-09 02:45:00+00:00,112.125,112.125,112.125,112.125,2.0
2025-06-09 02:47:00+00:00,112.125,112.125,112.125,112.125,11.0
2025-06-09 02:48:00+00:00,112.125,112.125,112.09375,112.09375,4.0
2025-06-09 02:52:00+00:00,112.09375,112.09375,112.09375,112.09375,63.0
2025-06-09 02:53:00+00:00,112.09375,112.09375,112.09375,112.09375,37.0
2025-06-09 02:54:00+00:00,112.09375,112.09375,112.09375,112.09375,9.0
2025-06-09 02:55:00+00:00,112.09375,112.09375,112.09375,112.09375,10.0
2025-06-09 02:57:00+00:00,112.09375,112.09375,112.09375,112.09375,106.0
2025-06-09 03:09:00+00:00,112.0625,112.09375,112.0625,112.09375,249.0
2025-06-09 03:10:00+00:00,112.09375,112.09375,112.09375,112.09375,65.0
2025-06-09 03:12:00+00:00,112.0625,112.09375,112.0625,112.09375,5.0
2025-06-09 03:13:00+00:00,112.09375,112.09375,112.09375,112.09375,15.0
2025-06-09 03:15:00+00:00,112.09375,112.09375,112.09375,112.09375,16.0
2025-06-09 03:18:00+00:00,112.09375,112.09375,112.09375,112.09375,363.0
2025-06-09 03:25:00+00:00,112.0625,112.0625,112.0625,112.0625,290.0
2025-06-09 03:27:00+00:00,112.0625,112.0625,112.0625,112.0625,100.0
2025-06-09 03:36:00+00:00,112.09375,112.09375,112.09375,112.09375,36.0
2025-06-09 03:40:00+00:00,112.09375,112.09375,112.09375,112.09375,31.0
2025-06-09 03:45:00+00:00,112.09375,112.09375,112.09375,112.09375,22.0
2025-06-09 03:46:00+00:00,112.09375,112.09375,112.09375,112.09375,4.0
2025-06-09 03:47:00+00:00,112.09375,112.09375,112.09375,112.09375,61.0
2025-06-09 03:50:00+00:00,112.09375,112.125,112.09375,112.09375,50.0
2025-06-09 03:51:00+00:00,112.125,112.125,112.125,112.125,33.0
2025-06-09 03:52:00+00:00,112.125,112.125,112.125,112.125,148.0
2025-06-09 03:53:00+00:00,112.125,112.125,112.125,112.125,73.0
2025-06-09 03:54:00+00:00,112.15625,112.15625,112.125,112.125,116.0
2025-06-09 03:55:00+00:00,112.15625,112.15625,112.15625,112.15625,173.0
2025-06-09 03:56:00+00:00,112.15625,112.15625,112.125,112.125,215.0
2025-06-09 03:57:00+00:00,112.15625,112.15625,112.15625,112.15625,16.0
2025-06-09 03:58:00+00:00,112.15625,112.15625,112.15625,112.15625,4.0
2025-06-09 04:00:00+00:00,112.15625,112.15625,112.15625,112.15625,165.0
2025-06-09 04:02:00+00:00,112.15625,112.15625,112.15625,112.15625,2.0
2025-06-09 04:03:00+00:00,112.15625,112.15625,112.15625,112.15625,124.0
2025-06-09 04:05:00+00:00,112.125,112.125,112.125,112.125,55.0
2025-06-09 04:06:00+00:00,112.125,112.125,112.125,112.125,15.0
2025-06-09 04:09:00+00:00,112.125,112.125,112.09375,112.09375,22.0
2025-06-09 04:13:00+00:00,112.125,112.125,112.09375,112.09375,2.0
2025-06-09 04:20:00+00:00,112.125,112.125,112.09375,112.09375,39.0
2025-06-09 04:21:00+00:00,112.15625,112.15625,112.125,112.125,78.0
2025-06-09 04:26:00+00:00,112.125,112.125,112.125,112.125,41.0
2025-06-09 04:28:00+00:00,112.125,112.125,112.125,112.125,71.0
2025-06-09 04:29:00+00:00,112.125,112.125,112.125,112.125,68.0
2025-06-09 04:31:00+00:00,112.125,112.125,112.125,112.125,8.0
2025-06-09 04:32:00+00:00,112.125,112.125,112.125,112.125,13.0
2025-06-09 04:34:00+00:00,112.15625,112.15625,112.15625,112.15625,5.0
2025-06-09 04:37:00+00:00,112.15625,112.15625,112.15625,112.15625,1.0
2025-06-09 04:43:00+00:00,112.15625,112.15625,112.15625,112.15625,42.0
2025-06-09 04:46:00+00:00,112.125,112.125,112.125,112.125,26.0
2025-06-09 04:47:00+00:00,112.125,112.125,112.125,112.125,35.0
2025-06-09 04:56:00+00:00,112.125,112.125,112.125,112.125,159.0
2025-06-09 04:57:00+00:00,112.125,112.125,112.09375,112.09375,11.0
2025-06-09 04:58:00+00:00,112.125,112.125,112.09375,112.125,51.0
2025-06-09 04:59:00+00:00,112.09375,112.125,112.09375,112.125,3.0
2025-06-09 05:02:00+00:00,112.09375,112.09375,112.09375,112.09375,88.0
2025-06-09 05:04:00+00:00,112.09375,112.09375,112.09375,112.09375,0.0
2025-06-09 05:05:00+00:00,112.09375,112.09375,112.09375,112.09375,15462.0
2025-06-09 05:11:00+00:00,112.09375,112.125,112.09375,112.09375,259.0
2025-06-09 05:14:00+00:00,112.09375,112.09375,112.09375,112.09375,93.0
2025-06-09 05:18:00+00:00,112.0625,112.0625,112.0625,112.0625,110.0
2025-06-09 05:19:00+00:00,112.03125,112.0625,112.03125,112.0625,15.0
2025-06-09 05:22:00+00:00,112.03125,112.03125,112.03125,112.03125,127.0
2025-06-09 05:25:00+00:00,112.0625,112.0625,112.03125,112.03125,34.0
2025-06-09 05:26:00+00:00,112.0625,112.0625,112.03125,112.0625,139.0
2025-06-09 05:34:00+00:00,112.03125,112.03125,112.03125,112.03125,13.0
2025-06-09 05:43:00+00:00,112.0625,112.09375,112.0625,112.0625,156.0
2025-06-09 05:46:00+00:00,112.0625,112.0625,112.0625,112.0625,74.0
2025-06-09 05:47:00+00:00,112.0625,112.0625,112.0625,112.0625,27.0
2025-06-09 05:51:00+00:00,112.09375,112.09375,112.09375,112.09375,76.0
2025-06-09 05:56:00+00:00,112.125,112.125,112.125,112.125,16.0
2025-06-09 05:59:00+00:00,112.0625,112.09375,112.0625,112.09375,31.0
2025-06-09 06:00:00+00:00,112.03125,112.09375,112.03125,112.09375,89.0
2025-06-09 06:01:00+00:00,112.03125,112.03125,112.03125,112.03125,202.0
2025-06-09 06:02:00+00:00,112.0625,112.0625,112.03125,112.03125,59.0
2025-06-09 06:03:00+00:00,112.0625,112.0625,112.03125,112.03125,36.0
2025-06-09 06:04:00+00:00,112.0625,112.09375,112.0625,112.0625,88.0
2025-06-09 06:06:00+00:00,112.0625,112.0625,112.0625,112.0625,7.0
2025-06-09 06:07:00+00:00,112.0625,112.0625,112.0625,112.0625,32.0
2025-06-09 06:10:00+00:00,112.0625,112.0625,112.0625,112.0625,96.0
2025-06-09 06:11:00+00:00,112.0625,112.0625,112.03125,112.0625,70.0
2025-06-09 06:12:00+00:00,112.0625,112.0625,112.0625,112.0625,37.0
2025-06-09 06:13:00+00:00,112.0625,112.0625,112.0625,112.0625,20.0
2025-06-09 06:14:00+00:00,112.03125,112.0625,112.03125,112.0625,6.0
2025-06-09 06:15:00+00:00,112.0625,112.0625,112.0625,112.0625,33.0
2025-06-09 06:17:00+00:00,112.09375,112.09375,112.0625,112.0625,62.0
2025-06-09 06:18:00+00:00,112.09375,112.09375,112.09375,112.09375,51.0
2025-06-09 06:21:00+00:00,112.09375,112.09375,112.09375,112.09375,32.0
2025-06-09 06:22:00+00:00,112.0625,112.09375,112.0625,112.09375,7.0
2025-06-09 06:23:00+00:00,112.0625,112.09375,112.0625,112.09375,144.0
2025-06-09 06:24:00+00:00,112.0625,112.0625,112.0625,112.0625,29.0
2025-06-09 06:31:00+00:00,112.0625,112.0625,112.0625,112.0625,67.0
2025-06-09 06:37:00+00:00,112.0625,112.0625,112.0625,112.0625,306.0
2025-06-09 06:38:00+00:00,112.0625,112.0625,112.0625,112.0625,81.0
2025-06-09 06:40:00+00:00,112.09375,112.09375,112.09375,112.09375,66.0
2025-06-09 06:44:00+00:00,112.125,112.125,112.09375,112.09375,129.0
2025-06-09 06:45:00+00:00,112.125,112.125,112.125,112.125,12.0
2025-06-09 06:47:00+00:00,112.09375,112.09375,112.09375,112.09375,245.0
2025-06-09 06:48:00+00:00,112.09375,112.09375,112.09375,112.09375,12.0
2025-06-09 06:51:00+00:00,112.09375,112.09375,112.09375,112.09375,99.0
2025-06-09 06:52:00+00:00,112.0625,112.09375,112.0625,112.09375,128.0
2025-06-09 06:53:00+00:00,112.0625,112.0625,112.0625,112.0625,16.0
2025-06-09 06:55:00+00:00,112.09375,112.09375,112.09375,112.09375,279.0
2025-06-09 06:57:00+00:00,112.125,112.125,112.125,112.125,111.0
2025-06-09 06:59:00+00:00,112.125,112.125,112.125,112.125,64.0
2025-06-09 07:00:00+00:00,112.09375,112.125,112.0625,112.125,125.0
2025-06-09 07:01:00+00:00,112.0625,112.0625,112.03125,112.0625,124.0
2025-06-09 07:02:00+00:00,112.03125,112.0625,112.03125,112.0625,338.0
2025-06-09 07:03:00+00:00,112.03125,112.03125,112.0,112.0,175.0
2025-06-09 07:04:00+00:00,112.0625,112.0625,112.03125,112.03125,410.0
2025-06-09 07:05:00+00:00,112.03125,112.03125,112.0,112.03125,118.0
2025-06-09 07:06:00+00:00,112.0625,112.0625,112.03125,112.03125,51.0
2025-06-09 07:07:00+00:00,112.0625,112.0625,112.0625,112.0625,359.0
2025-06-09 07:08:00+00:00,112.09375,112.09375,112.0625,112.0625,184.0
2025-06-09 07:09:00+00:00,112.09375,112.09375,112.09375,112.09375,27.0
2025-06-09 07:10:00+00:00,112.125,112.125,112.09375,112.09375,51.0
2025-06-09 07:11:00+00:00,112.09375,112.125,112.09375,112.125,25.0
2025-06-09 07:12:00+00:00,112.125,112.125,112.125,112.125,282.0
2025-06-09 07:13:00+00:00,112.15625,112.15625,112.125,112.125,40.0
2025-06-09 07:14:00+00:00,112.125,112.15625,112.125,112.15625,105.0
2025-06-09 07:15:00+00:00,112.125,112.15625,112.125,112.15625,211.0
2025-06-09 07:16:00+00:00,112.125,112.125,112.125,112.125,62.0
2025-06-09 07:17:00+00:00,112.09375,112.09375,112.09375,112.09375,74.0
2025-06-09 07:18:00+00:00,112.09375,112.09375,112.09375,112.09375,96.0
2025-06-09 07:19:00+00:00,112.125,112.125,112.09375,112.09375,37.0
2025-06-09 07:20:00+00:00,112.125,112.125,112.125,112.125,27.0
2025-06-09 07:21:00+00:00,112.125,112.125,112.125,112.125,28.0
2025-06-09 07:22:00+00:00,112.125,112.125,112.125,112.125,359.0
2025-06-09 07:23:00+00:00,112.1875,112.1875,112.125,112.125,124.0
2025-06-09 07:24:00+00:00,112.15625,112.15625,112.15625,112.15625,130.0
2025-06-09 07:25:00+00:00,112.15625,112.15625,112.15625,112.15625,197.0
2025-06-09 07:27:00+00:00,112.15625,112.15625,112.15625,112.15625,26.0
2025-06-09 07:28:00+00:00,112.15625,112.15625,112.125,112.15625,60.0
2025-06-09 07:29:00+00:00,112.15625,112.15625,112.125,112.125,61.0
2025-06-09 07:30:00+00:00,112.125,112.15625,112.125,112.15625,40.0
2025-06-09 07:31:00+00:00,112.15625,112.15625,112.125,112.125,46.0
2025-06-09 07:32:00+00:00,112.125,112.15625,112.125,112.15625,29.0
2025-06-09 07:33:00+00:00,112.15625,112.15625,112.125,112.15625,79.0
2025-06-09 07:34:00+00:00,112.1875,112.1875,112.15625,112.15625,348.0
2025-06-09 07:35:00+00:00,112.1875,112.1875,112.15625,112.15625,481.0
2025-06-09 07:36:00+00:00,112.1875,112.1875,112.1875,112.1875,119.0
2025-06-09 07:37:00+00:00,112.1875,112.1875,112.1875,112.1875,65.0
2025-06-09 07:38:00+00:00,112.1875,112.1875,112.15625,112.1875,97.0
2025-06-09 07:39:00+00:00,112.1875,112.1875,112.1875,112.1875,29.0
2025-06-09 07:40:00+00:00,112.1875,112.1875,112.1875,112.1875,204.0
2025-06-09 07:41:00+00:00,112.21875,112.21875,112.1875,112.21875,55.0
2025-06-09 07:42:00+00:00,112.25,112.25,112.1875,112.1875,242.0
2025-06-09 07:43:00+00:00,112.21875,112.25,112.21875,112.25,332.0
2025-06-09 07:44:00+00:00,112.1875,112.1875,112.1875,112.1875,2.0
2025-06-09 07:45:00+00:00,112.21875,112.21875,112.21875,112.21875,157.0
2025-06-09 07:46:00+00:00,112.21875,112.21875,112.21875,112.21875,161.0
2025-06-09 07:47:00+00:00,112.21875,112.25,112.21875,112.25,203.0
2025-06-09 07:48:00+00:00,112.21875,112.21875,112.1875,112.21875,85.0
2025-06-09 07:49:00+00:00,112.1875,112.21875,112.1875,112.21875,40.0
2025-06-09 07:50:00+00:00,112.21875,112.21875,112.1875,112.1875,52.0
2025-06-09 07:51:00+00:00,112.21875,112.21875,112.1875,112.1875,84.0
2025-06-09 07:52:00+00:00,112.25,112.25,112.21875,112.25,352.0
2025-06-09 07:53:00+00:00,112.25,112.25,112.25,112.25,67.0
2025-06-09 07:54:00+00:00,112.28125,112.28125,112.25,112.25,218.0
2025-06-09 07:55:00+00:00,112.28125,112.28125,112.25,112.25,24.0
2025-06-09 07:56:00+00:00,112.28125,112.28125,112.25,112.25,61.0
2025-06-09 07:57:00+00:00,112.28125,112.3125,112.28125,112.28125,291.0
2025-06-09 07:58:00+00:00,112.28125,112.28125,112.28125,112.28125,113.0
2025-06-09 07:59:00+00:00,112.28125,112.28125,112.28125,112.28125,115.0
2025-06-09 08:00:00+00:00,112.28125,112.3125,112.28125,112.28125,558.0
2025-06-09 08:01:00+00:00,112.28125,112.28125,112.28125,112.28125,5.0
2025-06-09 08:02:00+00:00,112.28125,112.3125,112.28125,112.3125,14.0
2025-06-09 08:03:00+00:00,112.25,112.3125,112.25,112.3125,355.0
2025-06-09 08:04:00+00:00,112.3125,112.3125,112.28125,112.28125,769.0
2025-06-09 08:05:00+00:00,112.34375,112.34375,112.3125,112.3125,704.0
2025-06-09 08:06:00+00:00,112.34375,112.34375,112.34375,112.34375,460.0
2025-06-09 08:07:00+00:00,112.34375,112.34375,112.3125,112.34375,89.0
2025-06-09 08:08:00+00:00,112.34375,112.34375,112.3125,112.34375,169.0
2025-06-09 08:09:00+00:00,112.3125,112.375,112.3125,112.34375,130.0
2025-06-09 08:10:00+00:00,112.34375,112.34375,112.34375,112.34375,269.0
2025-06-09 08:11:00+00:00,112.375,112.375,112.34375,112.34375,19.0
2025-06-09 08:12:00+00:00,112.375,112.40625,112.375,112.375,665.0
2025-06-09 08:13:00+00:00,112.375,112.375,112.375,112.375,250.0
2025-06-09 08:14:00+00:00,112.375,112.375,112.34375,112.375,14.0
2025-06-09 08:25:00+00:00,112.375,112.40625,112.375,112.375,895.0
2025-06-09 08:26:00+00:00,112.40625,112.40625,112.375,112.375,41.0
2025-06-09 08:27:00+00:00,112.4375,112.4375,112.40625,112.40625,155.0
2025-06-09 08:28:00+00:00,112.40625,112.4375,112.40625,112.40625,139.0
2025-06-09 08:29:00+00:00,112.375,112.375,112.375,112.375,287.0
2025-06-09 08:30:00+00:00,112.375,112.375,112.375,112.375,64.0
2025-06-09 08:31:00+00:00,112.375,112.375,112.375,112.375,106.0
2025-06-09 08:33:00+00:00,112.34375,112.34375,112.34375,112.34375,5.0
2025-06-09 08:34:00+00:00,112.375,112.375,112.375,112.375,211.0
2025-06-09 08:35:00+00:00,112.34375,112.375,112.34375,112.375,15.0
2025-06-09 08:36:00+00:00,112.375,112.375,112.375,112.375,15.0
2025-06-09 08:37:00+00:00,112.375,112.375,112.375,112.375,97.0
2025-06-09 08:38:00+00:00,112.34375,112.34375,112.34375,112.34375,9.0
2025-06-09 08:39:00+00:00,112.34375,112.34375,112.34375,112.34375,366.0
2025-06-09 08:41:00+00:00,112.375,112.375,112.375,112.375,67.0
2025-06-09 08:43:00+00:00,112.375,112.375,112.375,112.375,50.0
2025-06-09 08:44:00+00:00,112.375,112.375,112.34375,112.34375,58.0
2025-06-09 08:45:00+00:00,112.375,112.375,112.34375,112.375,113.0
2025-06-09 08:46:00+00:00,112.375,112.375,112.375,112.375,128.0
2025-06-09 08:48:00+00:00,112.375,112.375,112.375,112.375,419.0
2025-06-09 08:49:00+00:00,112.375,112.375,112.375,112.375,1.0
2025-06-09 08:50:00+00:00,112.34375,112.375,112.34375,112.375,3.0
2025-06-09 08:51:00+00:00,112.375,112.375,112.34375,112.375,310.0
2025-06-09 08:52:00+00:00,112.375,112.375,112.375,112.375,204.0
2025-06-09 08:53:00+00:00,112.375,112.375,112.375,112.375,117.0
2025-06-09 08:55:00+00:00,112.375,112.375,112.375,112.375,55.0
2025-06-09 08:56:00+00:00,112.375,112.375,112.375,112.375,56.0
2025-06-09 08:57:00+00:00,112.375,112.375,112.375,112.375,25.0
2025-06-09 08:58:00+00:00,112.375,112.375,112.34375,112.375,61.0
2025-06-09 08:59:00+00:00,112.375,112.375,112.375,112.375,43.0
2025-06-09 09:00:00+00:00,112.375,112.40625,112.375,112.375,208.0
2025-06-09 09:01:00+00:00,112.375,112.375,112.34375,112.375,255.0
2025-06-09 09:02:00+00:00,112.40625,112.40625,112.375,112.375,644.0
2025-06-09 09:03:00+00:00,112.40625,112.40625,112.40625,112.40625,53.0
2025-06-09 09:04:00+00:00,112.375,112.375,112.375,112.375,111.0
2025-06-09 09:05:00+00:00,112.40625,112.40625,112.40625,112.40625,52.0
2025-06-09 09:06:00+00:00,112.40625,112.40625,112.375,112.375,69.0
2025-06-09 09:07:00+00:00,112.375,112.40625,112.375,112.375,112.0
2025-06-09 09:08:00+00:00,112.34375,112.375,112.34375,112.375,70.0
2025-06-09 09:09:00+00:00,112.34375,112.34375,112.34375,112.34375,6.0
2025-06-09 09:10:00+00:00,112.375,112.375,112.375,112.375,62.0
2025-06-09 09:11:00+00:00,112.375,112.375,112.34375,112.375,516.0
2025-06-09 09:12:00+00:00,112.40625,112.40625,112.375,112.375,102.0
2025-06-09 09:13:00+00:00,112.4375,112.46875,112.4375,112.4375,429.0
2025-06-09 09:14:00+00:00,112.4375,112.4375,112.4375,112.4375,37.0
2025-06-09 09:15:00+00:00,112.4375,112.4375,112.4375,112.4375,67.0
2025-06-09 09:16:00+00:00,112.4375,112.4375,112.40625,112.40625,76.0
2025-06-09 09:17:00+00:00,112.40625,112.40625,112.40625,112.40625,262.0
2025-06-09 09:19:00+00:00,112.40625,112.40625,112.375,112.375,49.0
2025-06-09 09:20:00+00:00,112.40625,112.40625,112.40625,112.40625,5.0
2025-06-09 09:22:00+00:00,112.375,112.375,112.375,112.375,129.0
2025-06-09 09:24:00+00:00,112.34375,112.375,112.34375,112.375,260.0
2025-06-09 09:25:00+00:00,112.375,112.375,112.375,112.375,266.0
2025-06-09 09:26:00+00:00,112.375,112.375,112.375,112.375,183.0
2025-06-09 09:27:00+00:00,112.375,112.375,112.34375,112.34375,75.0
2025-06-09 09:28:00+00:00,112.375,112.375,112.375,112.375,7.0
2025-06-09 09:29:00+00:00,112.40625,112.40625,112.375,112.375,208.0
2025-06-09 09:30:00+00:00,112.375,112.375,112.375,112.375,85.0
2025-06-09 09:31:00+00:00,112.375,112.375,112.375,112.375,5.0
2025-06-09 09:33:00+00:00,112.40625,112.40625,112.375,112.375,24.0
2025-06-09 09:34:00+00:00,112.40625,112.40625,112.40625,112.40625,92.0
2025-06-09 09:35:00+00:00,112.4375,112.4375,112.4375,112.4375,47.0
2025-06-09 09:36:00+00:00,112.4375,112.4375,112.4375,112.4375,181.0
2025-06-09 09:37:00+00:00,112.4375,112.4375,112.4375,112.4375,35.0
2025-06-09 09:38:00+00:00,112.4375,112.4375,112.4375,112.4375,43.0
2025-06-09 09:39:00+00:00,112.40625,112.40625,112.40625,112.40625,58.0
2025-06-09 09:41:00+00:00,112.40625,112.40625,112.40625,112.40625,3.0
2025-06-09 09:43:00+00:00,112.40625,112.40625,112.40625,112.40625,7.0
2025-06-09 09:44:00+00:00,112.40625,112.40625,112.40625,112.40625,12.0
2025-06-09 09:45:00+00:00,112.40625,112.40625,112.40625,112.40625,84.0
2025-06-09 09:46:00+00:00,112.40625,112.40625,112.40625,112.40625,38.0
2025-06-09 09:47:00+00:00,112.375,112.375,112.375,112.375,212.0
2025-06-09 09:48:00+00:00,112.375,112.40625,112.375,112.375,194.0
2025-06-09 09:49:00+00:00,112.375,112.375,112.375,112.375,36.0
2025-06-09 09:50:00+00:00,112.375,112.375,112.375,112.375,26.0
2025-06-09 09:53:00+00:00,112.375,112.375,112.34375,112.34375,38.0
2025-06-09 09:56:00+00:00,112.34375,112.34375,112.34375,112.34375,18.0
2025-06-09 09:57:00+00:00,112.3125,112.34375,112.3125,112.34375,140.0
2025-06-09 09:58:00+00:00,112.3125,112.3125,112.3125,112.3125,230.0
2025-06-09 09:59:00+00:00,112.34375,112.34375,112.3125,112.34375,151.0
2025-06-09 10:00:00+00:00,112.3125,112.3125,112.3125,112.3125,116.0
2025-06-09 10:02:00+00:00,112.3125,112.3125,112.3125,112.3125,1.0
2025-06-09 10:04:00+00:00,112.34375,112.34375,112.34375,112.34375,133.0
2025-06-09 10:06:00+00:00,112.34375,112.375,112.34375,112.34375,84.0
2025-06-09 10:07:00+00:00,112.34375,112.34375,112.34375,112.34375,38.0
2025-06-09 10:08:00+00:00,112.34375,112.34375,112.34375,112.34375,13.0
2025-06-09 10:09:00+00:00,112.34375,112.34375,112.34375,112.34375,160.0
2025-06-09 10:10:00+00:00,112.34375,112.375,112.34375,112.375,5.0
2025-06-09 10:11:00+00:00,112.34375,112.34375,112.34375,112.34375,1.0
2025-06-09 10:12:00+00:00,112.34400177001953,112.375,112.34375,112.375,46.0
2025-06-09 10:14:00+00:00,112.375,112.375,112.375,112.375,8.0
2025-06-09 10:20:00+00:00,112.34375,112.375,112.34375,112.375,22.0
2025-06-09 10:21:00+00:00,112.375,112.375,112.34375,112.34375,11.0
2025-06-09 10:22:00+00:00,112.375,112.375,112.375,112.375,2.0
2025-06-09 10:23:00+00:00,112.375,112.375,112.34375,112.34375,5.0
2025-06-09 10:24:00+00:00,112.375,112.375,112.375,112.375,6.0
2025-06-09 10:26:00+00:00,112.34375,112.375,112.34375,112.375,13.0
2025-06-09 10:34:00+00:00,112.34375,112.375,112.34375,112.375,9.0
2025-06-09 10:35:00+00:00,112.34375,112.34375,112.34375,112.34375,324.0
2025-06-09 10:36:00+00:00,112.3125,112.34375,112.3125,112.34375,6.0
2025-06-09 10:37:00+00:00,112.3125,112.3125,112.3125,112.3125,103.0
2025-06-09 10:39:00+00:00,112.3125,112.3125,112.3125,112.3125,4.0
2025-06-09 10:40:00+00:00,112.34375,112.34375,112.34375,112.34375,2.0
2025-06-09 10:41:00+00:00,112.3125,112.3125,112.3125,112.3125,236.0
2025-06-09 10:42:00+00:00,112.3125,112.3125,112.3125,112.3125,135.0
2025-06-09 10:43:00+00:00,112.28125,112.28125,112.28125,112.28125,156.0
2025-06-09 10:44:00+00:00,112.25,112.28125,112.25,112.28125,22.0
2025-06-09 10:46:00+00:00,112.25,112.28125,112.25,112.28125,3.0
2025-06-09 10:48:00+00:00,112.28125,112.28125,112.28125,112.28125,2.0
2025-06-09 10:49:00+00:00,112.25,112.25,112.25,112.25,129.0
2025-06-09 10:51:00+00:00,112.21875,112.25,112.21875,112.25,13.0
2025-06-09 10:52:00+00:00,112.21875,112.25,112.21875,112.21875,41.0
2025-06-09 10:53:00+00:00,112.21875,112.21875,112.21875,112.21875,6.0
2025-06-09 10:54:00+00:00,112.21875,112.25,112.21875,112.25,237.0
2025-06-09 10:55:00+00:00,112.25,112.25,112.21875,112.21875,16.0
2025-06-09 10:56:00+00:00,112.25,112.28125,112.25,112.25,451.0
2025-06-09 10:57:00+00:00,112.25,112.25,112.25,112.25,91.0
2025-06-09 10:58:00+00:00,112.21875,112.21875,112.21875,112.21875,1.0
2025-06-09 10:59:00+00:00,112.21875,112.21875,112.21875,112.21875,297.0
2025-06-09 11:00:00+00:00,112.21875,112.21875,112.21875,112.21875,75.0
2025-06-09 11:01:00+00:00,112.25,112.25,112.25,112.25,1.0
2025-06-09 11:02:00+00:00,112.25,112.25,112.21875,112.21875,63.0
2025-06-09 11:03:00+00:00,112.21875,112.21875,112.21875,112.21875,280.0
2025-06-09 11:04:00+00:00,112.21875,112.21875,112.1875,112.21875,10.0
2025-06-09 11:05:00+00:00,112.21875,112.21875,112.21875,112.21875,9.0
2025-06-09 11:06:00+00:00,112.21875,112.21875,112.21875,112.21875,2.0
2025-06-09 11:07:00+00:00,112.21875,112.21875,112.21875,112.21875,4.0
2025-06-09 11:08:00+00:00,112.1875,112.21875,112.1875,112.21875,132.0
2025-06-09 11:09:00+00:00,112.1875,112.1875,112.1875,112.1875,9.0
2025-06-09 11:11:00+00:00,112.1875,112.1875,112.1875,112.1875,283.0
2025-06-09 11:12:00+00:00,112.1875,112.1875,112.1875,112.1875,21.0
2025-06-09 11:13:00+00:00,112.15625,112.15625,112.15625,112.15625,270.0
2025-06-09 11:14:00+00:00,112.125,112.15625,112.125,112.15625,17.0
2025-06-09 11:15:00+00:00,112.15625,112.15625,112.125,112.15625,220.0
2025-06-09 11:16:00+00:00,112.125,112.15625,112.125,112.15625,176.0
2025-06-09 11:17:00+00:00,112.09375,112.125,112.09375,112.09375,195.0
2025-06-09 11:18:00+00:00,112.09375,112.125,112.09375,112.125,122.0
2025-06-09 11:19:00+00:00,112.0625,112.0625,112.0625,112.0625,75.0
2025-06-09 11:21:00+00:00,112.0625,112.0625,112.03125,112.0625,277.0
2025-06-09 11:22:00+00:00,112.0625,112.0625,112.0625,112.0625,141.0
2025-06-09 11:23:00+00:00,112.0625,112.0625,112.0625,112.0625,49.0
2025-06-09 11:24:00+00:00,112.0625,112.0625,112.0625,112.0625,307.0
2025-06-09 11:25:00+00:00,112.0625,112.09375,112.0625,112.0625,77.0
2025-06-09 11:27:00+00:00,112.03125,112.03125,112.0,112.03125,859.0
2025-06-09 11:28:00+00:00,112.0,112.03125,112.0,112.0,144.0
2025-06-09 11:29:00+00:00,112.03125,112.03125,112.03125,112.03125,27.0
2025-06-09 11:30:00+00:00,112.03125,112.03125,112.03125,112.03125,195.0
2025-06-09 11:31:00+00:00,112.03125,112.0625,112.03125,112.0625,645.0
2025-06-09 11:32:00+00:00,112.03125,112.03125,112.03125,112.03125,1090.0
2025-06-09 11:33:00+00:00,112.03125,112.03125,112.03125,112.03125,23.0
2025-06-09 11:34:00+00:00,112.03125,112.03125,112.03125,112.03125,619.0
2025-06-09 11:35:00+00:00,112.0625,112.0625,112.03125,112.03125,523.0
2025-06-09 11:36:00+00:00,112.03125,112.0625,112.03125,112.0625,433.0
2025-06-09 11:38:00+00:00,112.03125,112.0625,112.03125,112.0625,356.0
2025-06-09 11:39:00+00:00,111.96875,112.0,111.96875,112.0,183.0
2025-06-09 11:40:00+00:00,112.03125,112.03125,111.96875,111.96875,227.0
2025-06-09 11:41:00+00:00,112.0,112.03125,112.0,112.0,481.0
2025-06-09 11:42:00+00:00,112.0,112.0,111.96875,111.96875,192.0
2025-06-09 11:43:00+00:00,112.0,112.0,112.0,112.0,186.0
2025-06-09 11:44:00+00:00,112.0,112.0,112.0,112.0,44.0
2025-06-09 11:45:00+00:00,112.0,112.0,112.0,112.0,20.0
2025-06-09 11:46:00+00:00,111.96875,111.96875,111.96875,111.96875,242.0
2025-06-09 11:47:00+00:00,111.9375,111.9375,111.9375,111.9375,63.0
2025-06-09 11:48:00+00:00,111.96875,111.96875,111.9375,111.9375,12.0
2025-06-09 11:49:00+00:00,111.96875,111.96875,111.9375,111.9375,299.0
2025-06-09 11:50:00+00:00,111.96875,112.0,111.96875,112.0,3.0
2025-06-09 11:51:00+00:00,112.0,112.0,111.96875,111.96875,411.0
2025-06-09 11:52:00+00:00,111.96875,111.96875,111.96875,111.96875,199.0
2025-06-09 11:53:00+00:00,111.96875,111.96875,111.9375,111.96875,167.0
2025-06-09 11:54:00+00:00,111.96875,111.96875,111.96875,111.96875,79.0
2025-06-09 11:55:00+00:00,112.0,112.03125,111.96875,111.96875,254.0
2025-06-09 11:56:00+00:00,112.0,112.0,112.0,112.0,101.0
2025-06-09 11:57:00+00:00,111.96875,112.0,111.96875,112.0,25.0
2025-06-09 11:58:00+00:00,112.0,112.03125,112.0,112.0,165.0
2025-06-09 11:59:00+00:00,112.0,112.03125,112.0,112.0,31.0
2025-06-09 12:00:00+00:00,112.03125,112.03125,112.03125,112.03125,139.0
2025-06-09 12:01:00+00:00,112.125,112.125,112.03125,112.03125,1150.0
2025-06-09 12:02:00+00:00,112.09375,112.125,112.0625,112.125,112.0
2025-06-09 12:03:00+00:00,112.0,112.09375,112.0,112.09375,1196.0
2025-06-09 12:04:00+00:00,111.96875,112.0,111.96875,112.0,176.0
2025-06-09 12:05:00+00:00,111.96875,111.96875,111.96875,111.96875,11.0
2025-06-09 12:06:00+00:00,112.0,112.0,111.9375,111.96875,755.0
2025-06-09 12:07:00+00:00,112.0,112.0,111.96875,111.96875,519.0
2025-06-09 12:12:00+00:00,111.96875,111.96875,111.96875,111.96875,799.0
2025-06-09 12:13:00+00:00,112.0,112.0,111.96875,111.96875,452.0
2025-06-09 12:14:00+00:00,112.0,112.0,112.0,112.0,6.0
2025-06-09 12:15:00+00:00,112.0,112.0,111.96875,112.0,356.0
2025-06-09 12:16:00+00:00,112.03125,112.03125,112.0,112.0,27.0
2025-06-09 12:17:00+00:00,112.03125,112.03125,112.0,112.03125,185.0
2025-06-09 12:18:00+00:00,112.09375,112.09375,112.03125,112.03125,380.0
2025-06-09 12:19:00+00:00,112.09375,112.125,112.09375,112.09375,203.0
2025-06-09 12:20:00+00:00,112.09375,112.09375,112.0625,112.0625,1307.0
2025-06-09 12:21:00+00:00,112.03125,112.0625,112.03125,112.0625,219.0
2025-06-09 12:22:00+00:00,112.0625,112.0625,112.03125,112.03125,520.0
2025-06-09 12:23:00+00:00,112.09375,112.09375,112.0625,112.0625,85.0
2025-06-09 12:24:00+00:00,112.0625,112.09375,112.0625,112.09375,872.0
2025-06-09 12:25:00+00:00,112.0625,112.0625,112.0625,112.0625,227.0
2025-06-09 12:26:00+00:00,112.03125,112.0625,112.03125,112.0625,335.0
2025-06-09 12:27:00+00:00,112.0625,112.0625,112.03125,112.03125,758.0
2025-06-09 12:28:00+00:00,112.0625,112.09375,112.0625,112.09375,37.0
2025-06-09 12:29:00+00:00,112.03125,112.09375,112.03125,112.0625,285.0
2025-06-09 12:30:00+00:00,112.03125,112.03125,112.0,112.03125,294.0
2025-06-09 12:31:00+00:00,112.0625,112.0625,112.03125,112.03125,287.0
2025-06-09 12:32:00+00:00,112.0625,112.0625,112.0625,112.0625,38.0
2025-06-09 12:33:00+00:00,112.0625,112.0625,112.03125,112.0625,503.0
2025-06-09 12:34:00+00:00,112.0625,112.0625,112.03125,112.03125,45.0
2025-06-09 12:35:00+00:00,112.09375,112.09375,112.0625,112.0625,756.0
2025-06-09 12:36:00+00:00,112.03125,112.125,112.03125,112.0625,1876.0
2025-06-09 12:37:00+00:00,112.0625,112.0625,112.03125,112.03125,120.0
2025-06-09 12:38:00+00:00,112.0625,112.0625,112.03125,112.03125,465.0
2025-06-09 12:39:00+00:00,112.03125,112.0625,112.03125,112.0625,19.0
2025-06-09 12:40:00+00:00,112.0,112.0625,112.0,112.03125,967.0
2025-06-09 12:41:00+00:00,112.0,112.03125,112.0,112.03125,90.0
2025-06-09 12:42:00+00:00,112.0,112.03125,112.0,112.03125,170.0
2025-06-09 12:43:00+00:00,111.96875,112.0,111.96875,112.0,44.0
2025-06-09 12:44:00+00:00,111.96875,111.96875,111.96875,111.96875,491.0
2025-06-09 12:45:00+00:00,111.9375,111.96875,111.9375,111.96875,229.0
2025-06-09 12:46:00+00:00,111.90625,111.9375,111.90625,111.90625,373.0
2025-06-09 12:47:00+00:00,111.96875,111.96875,111.90625,111.90625,148.0
2025-06-09 12:48:00+00:00,111.96875,111.96875,111.9375,111.9375,13.0
2025-06-09 12:49:00+00:00,111.9375,111.96875,111.90625,111.96875,641.0
2025-06-09 12:50:00+00:00,111.9375,111.9375,111.90625,111.9375,113.0
2025-06-09 12:51:00+00:00,111.9375,111.9375,111.90625,111.90625,631.0
2025-06-09 12:52:00+00:00,111.875,111.9375,111.875,111.9375,1172.0
2025-06-09 12:53:00+00:00,111.90625,111.90625,111.875,111.875,1201.0
2025-06-09 12:54:00+00:00,111.875,111.90625,111.875,111.90625,179.0
2025-06-09 12:55:00+00:00,111.875,111.875,111.84375,111.875,572.0
2025-06-09 12:56:00+00:00,111.84375,111.875,111.8125,111.875,1364.0
2025-06-09 12:57:00+00:00,111.875,111.875,111.8125,111.8125,468.0
2025-06-09 12:58:00+00:00,111.84375,111.875,111.84375,111.875,465.0
2025-06-09 12:59:00+00:00,111.8125,111.84375,111.78125,111.84375,1092.0
2025-06-09 13:00:00+00:00,111.875,111.90625,111.84375,111.84375,1419.0
2025-06-09 13:03:00+00:00,111.875,111.875,111.84375,111.84375,1522.0
2025-06-09 13:04:00+00:00,111.9375,111.9375,111.90625,111.90625,429.0
2025-06-09 13:05:00+00:00,111.90625,111.96875,111.90625,111.90625,532.0
2025-06-09 13:06:00+00:00,111.90625,111.9375,111.90625,111.90625,35.0
2025-06-09 13:07:00+00:00,111.90625,111.9375,111.90625,111.90625,21.0
2025-06-09 13:08:00+00:00,111.875,111.9375,111.875,111.90625,341.0
2025-06-09 13:09:00+00:00,111.90625,111.90625,111.90625,111.90625,328.0
2025-06-09 13:10:00+00:00,111.90625,111.9375,111.875,111.875,129.0
2025-06-09 13:11:00+00:00,111.90625,111.90625,111.875,111.875,121.0
2025-06-09 13:12:00+00:00,111.90625,111.90625,111.90625,111.90625,176.0
2025-06-09 13:13:00+00:00,111.90625,111.9375,111.90625,111.90625,111.0
2025-06-09 13:14:00+00:00,111.84375,111.9375,111.84375,111.9375,611.0
2025-06-09 13:15:00+00:00,111.8125,111.84375,111.8125,111.84375,357.0
2025-06-09 13:16:00+00:00,111.8125,111.84375,111.8125,111.8125,447.0
2025-06-09 13:17:00+00:00,111.84375,111.84375,111.78125,111.8125,343.0
2025-06-09 13:18:00+00:00,111.84375,111.84375,111.84375,111.84375,17.0
2025-06-09 13:22:00+00:00,111.90625,111.90625,111.90625,111.90625,2152.0
2025-06-09 13:23:00+00:00,111.9375,111.9375,111.9375,111.9375,28.0
2025-06-09 13:24:00+00:00,111.84375,111.90625,111.84375,111.90625,181.0
2025-06-09 13:25:00+00:00,111.875,111.875,111.84375,111.84375,92.0
2025-06-09 13:26:00+00:00,111.875,111.875,111.84375,111.84375,54.0
2025-06-09 13:27:00+00:00,111.875,111.875,111.84375,111.84375,1242.0
2025-06-09 13:28:00+00:00,111.875,111.90625,111.875,111.875,791.0
2025-06-09 13:29:00+00:00,111.875,111.875,111.84375,111.84375,159.0
2025-06-09 13:30:00+00:00,111.90625,111.90625,111.84375,111.875,305.0
2025-06-09 13:33:00+00:00,112.0,112.0,111.96875,111.96875,907.0
2025-06-09 13:34:00+00:00,111.96875,112.0,111.96875,111.96875,547.0
2025-06-09 13:35:00+00:00,112.03125,112.0625,112.0,112.0,1187.0
2025-06-09 13:36:00+00:00,112.0625,112.0625,112.0625,112.0625,471.0
2025-06-09 13:37:00+00:00,112.03125,112.0625,112.03125,112.0625,620.0
2025-06-09 13:38:00+00:00,112.0,112.0625,111.96875,112.03125,2282.0
2025-06-09 13:39:00+00:00,112.0,112.0,112.0,112.0,707.0
2025-06-09 13:40:00+00:00,112.0,112.0,112.0,112.0,274.0
2025-06-09 13:41:00+00:00,112.0,112.03125,112.0,112.0,268.0
2025-06-09 13:42:00+00:00,111.96875,111.96875,111.96875,111.96875,177.0
2025-06-09 13:45:00+00:00,112.03125,112.03125,112.03125,112.03125,1513.0
2025-06-09 13:46:00+00:00,112.03125,112.03125,112.0,112.03125,1080.0
2025-06-09 13:47:00+00:00,112.0625,112.09375,112.0625,112.0625,428.0
2025-06-09 13:48:00+00:00,112.03125,112.0625,112.03125,112.0625,495.0
2025-06-09 13:49:00+00:00,112.0,112.03125,112.0,112.03125,109.0
2025-06-09 13:50:00+00:00,112.0625,112.0625,112.03125,112.03125,414.0
2025-06-09 13:51:00+00:00,112.03125,112.0625,112.03125,112.03125,310.0
2025-06-09 13:52:00+00:00,112.0625,112.09375,112.03125,112.03125,785.0
2025-06-09 13:55:00+00:00,112.03125,112.03125,112.03125,112.03125,1213.0
2025-06-09 13:56:00+00:00,112.03125,112.03125,112.0,112.03125,214.0
2025-06-09 13:57:00+00:00,112.0625,112.0625,112.03125,112.03125,219.0
2025-06-09 13:58:00+00:00,112.03125,112.0625,112.03125,112.03125,7.0
2025-06-09 13:59:00+00:00,112.0625,112.0625,112.03125,112.03125,230.0
2025-06-09 14:00:00+00:00,112.0625,112.0625,112.0,112.03125,257.0
2025-06-09 14:01:00+00:00,112.09375,112.09375,112.03125,112.03125,158.0
2025-06-09 14:04:00+00:00,112.125,112.125,112.0625,112.0625,619.0
2025-06-09 14:05:00+00:00,112.09375,112.09375,112.09375,112.09375,461.0
2025-06-09 14:06:00+00:00,112.09375,112.09375,112.0625,112.09375,234.0
2025-06-09 14:07:00+00:00,112.09375,112.09375,112.09375,112.09375,127.0
2025-06-09 14:08:00+00:00,112.09375,112.125,112.09375,112.125,275.0
2025-06-09 14:09:00+00:00,112.09375,112.125,112.09375,112.125,314.0
2025-06-09 14:10:00+00:00,112.125,112.125,112.09375,112.125,28.0
2025-06-09 14:11:00+00:00,112.1875,112.1875,112.09375,112.125,2684.0
2025-06-09 14:12:00+00:00,112.1875,112.21875,112.15625,112.1875,759.0
2025-06-09 14:13:00+00:00,112.21875,112.21875,112.1875,112.21875,65.0
2025-06-09 14:14:00+00:00,112.15625,112.21875,112.15625,112.21875,1073.0
2025-06-09 14:15:00+00:00,112.09375,112.15625,112.09375,112.15625,308.0
2025-06-09 14:16:00+00:00,112.15625,112.15625,112.125,112.125,152.0
2025-06-09 14:17:00+00:00,112.15625,112.1875,112.15625,112.15625,703.0
2025-06-09 14:18:00+00:00,112.125,112.15625,112.125,112.15625,360.0
2025-06-09 14:21:00+00:00,112.03125,112.0625,112.03125,112.0625,853.0
2025-06-09 14:22:00+00:00,112.0625,112.09375,112.03125,112.03125,311.0
2025-06-09 14:23:00+00:00,112.03125,112.09375,112.03125,112.09375,132.0
2025-06-09 14:24:00+00:00,112.03125,112.0625,112.03125,112.0625,177.0
2025-06-09 14:25:00+00:00,112.0,112.0625,112.0,112.03125,359.0
2025-06-09 14:26:00+00:00,112.03125,112.0625,112.0,112.0,337.0
2025-06-09 14:27:00+00:00,111.96875,112.03125,111.96875,112.03125,545.0
2025-06-09 14:28:00+00:00,112.0,112.0,112.0,112.0,260.0
2025-06-09 14:29:00+00:00,112.03125,112.03125,112.0,112.0,216.0
2025-06-09 14:30:00+00:00,112.03125,112.03125,112.03125,112.03125,121.0
2025-06-09 14:31:00+00:00,112.03125,112.03125,112.0,112.03125,327.0
2025-06-09 14:34:00+00:00,112.0,112.0,111.96875,112.0,1692.0
2025-06-09 14:35:00+00:00,112.0,112.0,111.9375,112.0,622.0
2025-06-09 14:36:00+00:00,112.0,112.0,111.9375,112.0,554.0
2025-06-09 14:37:00+00:00,111.9375,111.96875,111.9375,111.96875,208.0
2025-06-09 14:38:00+00:00,111.96875,112.0,111.9375,111.96875,376.0
2025-06-09 14:39:00+00:00,111.9375,111.96875,111.9375,111.96875,215.0
2025-06-09 14:40:00+00:00,111.9375,111.96875,111.90625,111.96875,948.0
2025-06-09 14:41:00+00:00,111.96875,111.96875,111.9375,111.9375,557.0
2025-06-09 14:43:00+00:00,111.9375,111.96875,111.9375,111.96875,1098.0
2025-06-09 14:44:00+00:00,111.9375,111.96875,111.90625,111.9375,198.0
2025-06-09 14:45:00+00:00,111.90625,111.9375,111.875,111.9375,1007.0
2025-06-09 14:46:00+00:00,111.875,111.9375,111.875,111.9375,425.0
2025-06-09 14:47:00+00:00,111.875,111.875,111.875,111.875,362.0
2025-06-09 14:48:00+00:00,111.875,111.875,111.84375,111.875,64.0
2025-06-09 14:49:00+00:00,111.875,111.875,111.875,111.875,17.0
2025-06-09 14:50:00+00:00,111.9375,111.9375,111.875,111.875,435.0
2025-06-09 14:51:00+00:00,111.96875,111.96875,111.90625,111.9375,378.0
2025-06-09 14:52:00+00:00,111.9375,112.0,111.9375,111.96875,935.0
2025-06-09 14:53:00+00:00,112.0,112.0,111.96875,111.96875,385.0
2025-06-09 14:54:00+00:00,111.9375,112.0,111.9375,111.96875,254.0
2025-06-09 14:55:00+00:00,111.96875,111.96875,111.9375,111.96875,348.0
2025-06-09 14:58:00+00:00,112.03125,112.03125,112.0,112.03125,1451.0
2025-06-09 14:59:00+00:00,112.0625,112.0625,112.03125,112.03125,532.0
2025-06-09 15:00:00+00:00,112.09375,112.15625,112.0625,112.0625,3715.0
2025-06-09 15:01:00+00:00,112.125,112.125,112.09375,112.09375,567.0
2025-06-09 15:02:00+00:00,112.09375,112.125,112.09375,112.09375,537.0
2025-06-09 15:03:00+00:00,112.125,112.15625,112.09375,112.125,753.0
2025-06-09 15:04:00+00:00,112.0625,112.125,112.0625,112.125,188.0
2025-06-09 15:05:00+00:00,112.125,112.125,112.09375,112.09375,410.0
2025-06-09 15:06:00+00:00,112.09375,112.1875,112.09375,112.125,707.0
2025-06-09 15:07:00+00:00,112.125,112.15625,112.09375,112.125,153.0
2025-06-09 15:08:00+00:00,112.125,112.125,112.09375,112.09375,23.0
2025-06-09 15:09:00+00:00,112.15625,112.15625,112.09375,112.125,155.0
2025-06-09 15:10:00+00:00,112.15625,112.1875,112.15625,112.1875,196.0
2025-06-09 15:11:00+00:00,112.15625,112.15625,112.15625,112.15625,10.0
2025-06-09 15:12:00+00:00,112.15625,112.15625,112.15625,112.15625,14.0
2025-06-09 15:15:00+00:00,112.1875,112.1875,112.1875,112.1875,865.0
2025-06-09 15:16:00+00:00,112.1875,112.1875,112.15625,112.1875,783.0
2025-06-09 15:17:00+00:00,112.21875,112.21875,112.15625,112.21875,146.0
2025-06-09 15:18:00+00:00,112.25,112.25,112.1875,112.21875,309.0
2025-06-09 15:19:00+00:00,112.21875,112.25,112.21875,112.25,205.0
2025-06-09 15:20:00+00:00,112.21875,112.21875,112.21875,112.21875,39.0
2025-06-09 15:21:00+00:00,112.21875,112.21875,112.21875,112.21875,22.0
2025-06-09 15:22:00+00:00,112.25,112.25,112.21875,112.21875,210.0
2025-06-09 15:23:00+00:00,112.21875,112.25,112.21875,112.25,689.0
2025-06-09 15:24:00+00:00,112.21875,112.21875,112.21875,112.21875,553.0
2025-06-09 15:25:00+00:00,112.25,112.28125,112.21875,112.21875,421.0
2025-06-09 15:28:00+00:00,112.28125,112.28125,112.28125,112.28125,752.0
2025-06-09 15:29:00+00:00,112.28125,112.34375,112.28125,112.28125,1849.0
2025-06-09 15:30:00+00:00,112.28125,112.3125,112.28125,112.3125,658.0
2025-06-09 15:31:00+00:00,112.28125,112.28125,112.28125,112.28125,14.0
2025-06-09 15:32:00+00:00,112.28125,112.3125,112.28125,112.28125,184.0
2025-06-09 15:33:00+00:00,112.28125,112.28125,112.28125,112.28125,439.0
2025-06-09 15:34:00+00:00,112.28125,112.28125,112.28125,112.28125,53.0
2025-06-09 15:35:00+00:00,112.28125,112.28125,112.25,112.28125,40.0
2025-06-09 15:36:00+00:00,112.28125,112.28125,112.25,112.28125,10.0
2025-06-09 15:37:00+00:00,112.28125,112.28125,112.25,112.28125,441.0
2025-06-09 15:38:00+00:00,112.28125,112.28125,112.28125,112.28125,11.0
2025-06-09 15:39:00+00:00,112.28125,112.28125,112.25,112.28125,31.0
2025-06-09 15:40:00+00:00,112.3125,112.3125,112.25,112.28125,665.0
2025-06-09 15:41:00+00:00,112.28125,112.34375,112.28125,112.34375,594.0
2025-06-09 15:42:00+00:00,112.28125,112.28125,112.25,112.28125,291.0
2025-06-09 15:43:00+00:00,112.28125,112.28125,112.28125,112.28125,12.0
2025-06-09 15:44:00+00:00,112.25,112.28125,112.25,112.28125,967.0
2025-06-09 15:45:00+00:00,112.34375,112.34375,112.28125,112.28125,230.0
2025-06-09 15:46:00+00:00,112.34375,112.34375,112.3125,112.34375,37.0
2025-06-09 15:47:00+00:00,112.3125,112.34375,112.3125,112.34375,590.0
2025-06-09 15:48:00+00:00,112.28125,112.34375,112.28125,112.3125,238.0
2025-06-09 15:49:00+00:00,112.28125,112.3125,112.28125,112.3125,373.0
2025-06-09 15:53:00+00:00,112.28125,112.28125,112.28125,112.28125,416.0
2025-06-09 15:54:00+00:00,112.28125,112.3125,112.25,112.28125,265.0
2025-06-09 15:55:00+00:00,112.28125,112.28125,112.28125,112.28125,196.0
2025-06-09 15:57:00+00:00,112.3125,112.3125,112.28125,112.28125,312.0
2025-06-09 15:58:00+00:00,112.3125,112.3125,112.3125,112.3125,28.0
2025-06-09 15:59:00+00:00,112.25,112.3125,112.25,112.3125,376.0
2025-06-09 16:00:00+00:00,112.28125,112.28125,112.25,112.28125,315.0
2025-06-09 16:01:00+00:00,112.28125,112.3125,112.28125,112.3125,197.0
2025-06-09 16:02:00+00:00,112.28125,112.28125,112.28125,112.28125,101.0
2025-06-09 16:04:00+00:00,112.28125,112.28125,112.25,112.28125,61.0
2025-06-09 16:05:00+00:00,112.28125,112.28125,112.28125,112.28125,10.0
2025-06-09 16:06:00+00:00,112.28125,112.28125,112.28125,112.28125,31.0
2025-06-09 16:09:00+00:00,112.28125,112.28125,112.28125,112.28125,594.0
2025-06-09 16:10:00+00:00,112.28125,112.28125,112.28125,112.28125,65.0
2025-06-09 16:11:00+00:00,112.28125,112.28125,112.25,112.28125,64.0
2025-06-09 16:12:00+00:00,112.28125,112.28125,112.28125,112.28125,9.0
2025-06-09 16:13:00+00:00,112.28125,112.28125,112.25,112.28125,36.0
2025-06-09 16:14:00+00:00,112.25,112.28125,112.25,112.28125,17.0
2025-06-09 16:15:00+00:00,112.3125,112.3125,112.28125,112.28125,652.0
2025-06-09 16:16:00+00:00,112.3125,112.34375,112.3125,112.3125,841.0
2025-06-09 16:17:00+00:00,112.3125,112.34375,112.3125,112.34375,35.0
2025-06-09 16:18:00+00:00,112.3125,112.3125,112.3125,112.3125,96.0
2025-06-09 16:19:00+00:00,112.3125,112.3125,112.28125,112.3125,132.0
2025-06-09 16:20:00+00:00,112.34375,112.34375,112.3125,112.3125,278.0
2025-06-09 16:21:00+00:00,112.3125,112.34375,112.3125,112.34375,460.0
2025-06-09 16:22:00+00:00,112.34375,112.34375,112.3125,112.3125,157.0
2025-06-09 16:23:00+00:00,112.3125,112.34375,112.28125,112.3125,1347.0
2025-06-09 16:24:00+00:00,112.34375,112.34375,112.3125,112.3125,172.0
2025-06-09 16:25:00+00:00,112.34375,112.34375,112.3125,112.34375,11.0
2025-06-09 16:26:00+00:00,112.34375,112.34375,112.3125,112.34375,55.0
2025-06-09 16:27:00+00:00,112.3125,112.34375,112.3125,112.34375,13.0
2025-06-09 16:28:00+00:00,112.3125,112.34375,112.28125,112.34375,906.0
2025-06-09 16:29:00+00:00,112.28125,112.3125,112.28125,112.3125,148.0
2025-06-09 16:30:00+00:00,112.34375,112.34375,112.3125,112.3125,301.0
2025-06-09 16:31:00+00:00,112.3125,112.34375,112.3125,112.3125,97.0
2025-06-09 16:32:00+00:00,112.34375,112.34375,112.34375,112.34375,123.0
2025-06-09 16:33:00+00:00,112.34375,112.34375,112.3125,112.34375,214.0
2025-06-09 16:34:00+00:00,112.34375,112.375,112.3125,112.34375,498.0
2025-06-09 16:35:00+00:00,112.375,112.375,112.34375,112.34375,25.0
2025-06-09 16:57:00+00:00,112.375,112.375,112.34375,112.375,5515.0
2025-06-09 16:58:00+00:00,112.375,112.375,112.34375,112.375,42.0
2025-06-09 16:59:00+00:00,112.375,112.40625,112.375,112.375,1090.0
2025-06-09 17:00:00+00:00,112.375,112.375,112.34375,112.375,70.0
2025-06-09 17:01:00+00:00,112.34375,112.375,112.34375,112.375,30.0
2025-06-09 17:02:00+00:00,112.375,112.375,112.3125,112.375,555.0
2025-06-09 17:03:00+00:00,112.34375,112.375,112.34375,112.375,99.0
2025-06-09 17:04:00+00:00,112.375,112.375,112.34375,112.375,440.0
2025-06-09 17:05:00+00:00,112.40625,112.40625,112.375,112.375,565.0
2025-06-09 17:06:00+00:00,112.375,112.40625,112.375,112.40625,387.0
2025-06-09 17:07:00+00:00,112.375,112.375,112.34375,112.375,506.0
2025-06-09 17:08:00+00:00,112.375,112.375,112.375,112.375,13.0
2025-06-09 17:09:00+00:00,112.375,112.375,112.375,112.375,9.0
2025-06-09 17:10:00+00:00,112.375,112.375,112.375,112.375,42.0
2025-06-09 17:11:00+00:00,112.375,112.375,112.34375,112.375,31.0
2025-06-09 17:12:00+00:00,112.375,112.375,112.375,112.375,39.0
2025-06-09 17:13:00+00:00,112.375,112.375,112.34375,112.375,44.0
2025-06-09 17:14:00+00:00,112.375,112.375,112.34375,112.375,37.0
2025-06-09 17:15:00+00:00,112.375,112.375,112.375,112.375,12.0
2025-06-09 17:16:00+00:00,112.375,112.375,112.34375,112.375,64.0
2025-06-09 17:17:00+00:00,112.40625,112.40625,112.34375,112.375,462.0
2025-06-09 17:18:00+00:00,112.40625,112.40625,112.40625,112.40625,17.0
2025-06-09 17:19:00+00:00,112.375,112.40625,112.375,112.40625,188.0
2025-06-09 17:20:00+00:00,112.40625,112.40625,112.375,112.375,377.0
2025-06-09 17:21:00+00:00,112.40625,112.40625,112.375,112.40625,93.0
2025-06-09 17:22:00+00:00,112.40625,112.4375,112.40625,112.40625,106.0
2025-06-09 17:23:00+00:00,112.40625,112.40625,112.375,112.40625,752.0
2025-06-09 17:24:00+00:00,112.4375,112.4375,112.40625,112.40625,216.0
2025-06-09 17:25:00+00:00,112.40625,112.4375,112.40625,112.4375,12.0
2025-06-09 17:26:00+00:00,112.4375,112.4375,112.4375,112.4375,12.0
2025-06-09 17:27:00+00:00,112.4375,112.4375,112.4375,112.4375,20.0
2025-06-09 17:28:00+00:00,112.4375,112.4375,112.40625,112.4375,24.0
2025-06-09 17:29:00+00:00,112.4375,112.4375,112.40625,112.4375,23.0
2025-06-09 17:30:00+00:00,112.4375,112.4375,112.40625,112.4375,502.0
2025-06-09 17:31:00+00:00,112.4375,112.4375,112.4375,112.4375,14.0
2025-06-09 17:32:00+00:00,112.40625,112.4375,112.40625,112.4375,708.0
2025-06-09 17:33:00+00:00,112.40625,112.40625,112.40625,112.40625,118.0
2025-06-09 17:34:00+00:00,112.40625,112.40625,112.375,112.375,622.0
2025-06-09 17:35:00+00:00,112.4375,112.4375,112.40625,112.40625,255.0
2025-06-09 17:36:00+00:00,112.4375,112.4375,112.40625,112.4375,322.0
2025-06-09 17:37:00+00:00,112.4375,112.4375,112.4375,112.4375,111.0
2025-06-09 17:38:00+00:00,112.4375,112.4375,112.4375,112.4375,13.0
2025-06-09 17:39:00+00:00,112.4375,112.4375,112.4375,112.4375,9.0
2025-06-09 17:40:00+00:00,112.4375,112.4375,112.4375,112.4375,15.0
2025-06-09 17:41:00+00:00,112.4375,112.4375,112.40625,112.4375,38.0
2025-06-09 17:42:00+00:00,112.4375,112.4375,112.4375,112.4375,11.0
2025-06-09 17:43:00+00:00,112.4375,112.4375,112.40625,112.4375,20.0
2025-06-09 17:44:00+00:00,112.4375,112.4375,112.40625,112.40625,27.0
2025-06-09 17:45:00+00:00,112.4375,112.4375,112.375,112.4375,898.0
2025-06-09 17:46:00+00:00,112.4375,112.4375,112.4375,112.4375,300.0
2025-06-09 17:47:00+00:00,112.4375,112.46875,112.4375,112.46875,535.0
2025-06-09 17:48:00+00:00,112.46875,112.46875,112.46875,112.46875,7.0
2025-06-09 17:49:00+00:00,112.4375,112.46875,112.40625,112.46875,664.0
2025-06-09 17:50:00+00:00,112.46875,112.46875,112.4375,112.4375,498.0
2025-06-09 17:51:00+00:00,112.4375,112.46875,112.4375,112.46875,993.0
2025-06-09 17:52:00+00:00,112.46875,112.46875,112.46875,112.46875,9.0
2025-06-09 17:53:00+00:00,112.46875,112.46875,112.40625,112.4375,365.0
2025-06-09 17:54:00+00:00,112.46875,112.46875,112.46875,112.46875,8.0
2025-06-09 17:57:00+00:00,112.46875,112.46875,112.4375,112.46875,56.0
2025-06-09 17:58:00+00:00,112.46875,112.46875,112.4375,112.46875,65.0
2025-06-09 17:59:00+00:00,112.40625,112.46875,112.40625,112.46875,1480.0
2025-06-09 18:00:00+00:00,112.46875,112.46875,112.40625,112.40625,583.0
2025-06-09 18:01:00+00:00,112.46875,112.46875,112.4375,112.46875,82.0
2025-06-09 18:02:00+00:00,112.5,112.5,112.46875,112.46875,2691.0
2025-06-09 18:03:00+00:00,112.5,112.5,112.46875,112.46875,511.0
2025-06-09 18:04:00+00:00,112.46875,112.46875,112.46875,112.46875,1211.0
2025-06-09 18:05:00+00:00,112.46875,112.5,112.46875,112.5,774.0
2025-06-09 18:06:00+00:00,112.46875,112.46875,112.46875,112.46875,4.0
2025-06-09 18:07:00+00:00,112.5,112.5,112.5,112.5,5.0
2025-06-09 18:08:00+00:00,112.5,112.5,112.5,112.5,3.0
2025-06-09 18:09:00+00:00,112.5,112.5,112.5,112.5,209.0
2025-06-09 18:10:00+00:00,112.5,112.5,112.5,112.5,113.0
2025-06-09 18:11:00+00:00,112.5,112.5,112.5,112.5,2.0
2025-06-09 18:12:00+00:00,112.5,112.5,112.5,112.5,175.0
2025-06-09 18:13:00+00:00,112.46875,112.5,112.46875,112.5,125.0
2025-06-09 18:14:00+00:00,112.5,112.5,112.4375,112.46875,593.0
2025-06-09 18:15:00+00:00,112.46875,112.46875,112.46875,112.46875,225.0
2025-06-09 18:16:00+00:00,112.4375,112.46875,112.4375,112.46875,147.0
2025-06-09 18:19:00+00:00,112.46875,112.46875,112.46875,112.46875,836.0
2025-06-09 18:20:00+00:00,112.5,112.5,112.46875,112.46875,347.0
2025-06-09 18:21:00+00:00,112.46875,112.5,112.46875,112.5,157.0
2025-06-09 18:22:00+00:00,112.46875,112.46875,112.46875,112.46875,373.0
2025-06-09 18:23:00+00:00,112.46875,112.46875,112.46875,112.46875,432.0
2025-06-09 18:24:00+00:00,112.46875,112.46875,112.46875,112.46875,92.0
2025-06-09 18:25:00+00:00,112.5,112.5,112.46875,112.46875,53.0
2025-06-09 18:27:00+00:00,112.5,112.5,112.5,112.5,19.0
2025-06-09 18:31:00+00:00,112.5,112.5,112.5,112.5,33.0
2025-06-09 18:32:00+00:00,112.46875,112.5,112.46875,112.5,2.0
2025-06-09 18:33:00+00:00,112.46875,112.46875,112.46875,112.46875,150.0
2025-06-09 18:34:00+00:00,112.5,112.5,112.5,112.5,1.0
2025-06-09 18:35:00+00:00,112.46875,112.46875,112.46875,112.46875,46.0
2025-06-09 18:36:00+00:00,112.46875,112.46875,112.4375,112.46875,771.0
2025-06-09 18:37:00+00:00,112.4375,112.46875,112.4375,112.46875,176.0
2025-06-09 18:38:00+00:00,112.46875,112.46875,112.4375,112.46875,21.0
2025-06-09 18:39:00+00:00,112.40625,112.46875,112.40625,112.4375,236.0
2025-06-09 18:40:00+00:00,112.4375,112.4375,112.4375,112.4375,874.0
2025-06-09 18:44:00+00:00,112.40625,112.40625,112.40625,112.40625,0.0
2025-06-09 18:45:00+00:00,112.375,112.375,112.375,112.375,198331.0
2025-06-09 18:46:00+00:00,112.40625,112.40625,112.40625,112.40625,827.0
2025-06-09 18:47:00+00:00,112.40625,112.40625,112.40625,112.40625,372.0
2025-06-09 18:48:00+00:00,112.40625,112.40625,112.375,112.40625,32.0
2025-06-09 18:49:00+00:00,112.375,112.40625,112.375,112.40625,11.0
2025-06-09 18:50:00+00:00,112.40625,112.40625,112.375,112.375,12.0
2025-06-09 18:52:00+00:00,112.40625,112.40625,112.375,112.375,55.0
2025-06-09 18:54:00+00:00,112.40625,112.40625,112.375,112.375,50.0
2025-06-09 18:55:00+00:00,112.40625,112.40625,112.375,112.40625,672.0
2025-06-09 18:56:00+00:00,112.40625,112.40625,112.375,112.375,546.0
2025-06-09 18:57:00+00:00,112.40625,112.40625,112.375,112.40625,777.0
2025-06-09 18:58:00+00:00,112.375,112.40625,112.34375,112.40625,550.0
2025-06-09 18:59:00+00:00,112.3125,112.40625,112.3125,112.375,3933.0
2025-06-09 19:00:00+00:00,112.34375,112.375,112.3125,112.34375,492.0
2025-06-09 19:01:00+00:00,112.34375,112.34375,112.3125,112.34375,120.0
2025-06-09 19:02:00+00:00,112.34375,112.34375,112.3125,112.34375,53.0
2025-06-09 19:03:00+00:00,112.34375,112.34375,112.34375,112.34375,20.0
2025-06-09 19:04:00+00:00,112.34375,112.34375,112.3125,112.3125,34.0
2025-06-09 19:05:00+00:00,112.3125,112.34375,112.3125,112.34375,149.0
2025-06-09 19:06:00+00:00,112.3125,112.34375,112.3125,112.34375,14.0
2025-06-09 19:07:00+00:00,112.3125,112.34375,112.3125,112.3125,18.0
2025-06-09 19:08:00+00:00,112.28125,112.34375,112.28125,112.3125,1205.0
2025-06-09 19:09:00+00:00,112.34375,112.34375,112.3125,112.3125,525.0
2025-06-09 19:13:00+00:00,112.3125,112.34375,112.3125,112.3125,466.0
2025-06-09 19:14:00+00:00,112.28125,112.3125,112.28125,112.3125,107.0
2025-06-09 19:15:00+00:00,112.28125,112.28125,112.28125,112.28125,6.0
2025-06-09 19:16:00+00:00,112.28125,112.3125,112.28125,112.3125,41.0
2025-06-09 19:18:00+00:00,112.28125,112.3125,112.28125,112.28125,17.0
2025-06-09 19:19:00+00:00,112.34375,112.34375,112.3125,112.3125,364.0
2025-06-09 19:20:00+00:00,112.3125,112.3125,112.3125,112.3125,1220.0
2025-06-09 19:21:00+00:00,112.3125,112.3125,112.3125,112.3125,617.0
2025-06-09 19:22:00+00:00,112.3125,112.3125,112.3125,112.3125,3.0
2025-06-09 19:23:00+00:00,112.3125,112.3125,112.3125,112.3125,7.0
2025-06-09 19:24:00+00:00,112.3125,112.3125,112.3125,112.3125,40.0
2025-06-09 19:25:00+00:00,112.3125,112.3125,112.3125,112.3125,201.0
2025-06-09 19:26:00+00:00,112.3125,112.3125,112.28125,112.3125,449.0
2025-06-09 19:28:00+00:00,112.3125,112.3125,112.3125,112.3125,9.0
2025-06-09 19:30:00+00:00,112.34375,112.34375,112.3125,112.3125,143.0
2025-06-09 19:32:00+00:00,112.34375,112.34375,112.3125,112.3125,799.0
2025-06-09 19:33:00+00:00,112.34375,112.34375,112.3125,112.3125,221.0
2025-06-09 19:34:00+00:00,112.3125,112.34375,112.3125,112.3125,374.0
2025-06-09 19:37:00+00:00,112.28125,112.28125,112.28125,112.28125,1054.0
2025-06-09 19:38:00+00:00,112.3125,112.3125,112.3125,112.3125,226.0
2025-06-09 19:39:00+00:00,112.28125,112.3125,112.28125,112.3125,138.0
2025-06-09 19:40:00+00:00,112.28125,112.3125,112.28125,112.28125,43.0
2025-06-09 19:41:00+00:00,112.3125,112.3125,112.3125,112.3125,2.0
2025-06-09 19:42:00+00:00,112.28125,112.28125,112.28125,112.28125,33.0
2025-06-09 19:43:00+00:00,112.3125,112.3125,112.28125,112.28125,14.0
2025-06-09 19:44:00+00:00,112.3125,112.3125,112.28125,112.28125,12.0
2025-06-09 19:45:00+00:00,112.3125,112.3125,112.28125,112.28125,101.0
2025-06-09 19:46:00+00:00,112.3125,112.3125,112.28125,112.28125,541.0
2025-06-09 19:47:00+00:00,112.28125,112.3125,112.28125,112.3125,63.0
2025-06-09 19:48:00+00:00,112.28125,112.3125,112.28125,112.3125,4.0
2025-06-09 19:49:00+00:00,112.3125,112.3125,112.3125,112.3125,5.0
2025-06-09 19:51:00+00:00,112.3125,112.3125,112.28125,112.28125,429.0
2025-06-09 19:52:00+00:00,112.3125,112.3125,112.3125,112.3125,16.0
2025-06-09 19:53:00+00:00,112.3125,112.3125,112.28125,112.3125,678.0
2025-06-09 19:54:00+00:00,112.28125,112.3125,112.28125,112.3125,7.0
2025-06-09 19:55:00+00:00,112.28125,112.3125,112.28125,112.3125,58.0
2025-06-09 19:56:00+00:00,112.28125,112.3125,112.28125,112.28125,45.0
2025-06-09 19:57:00+00:00,112.28125,112.28125,112.28125,112.28125,73.0
2025-06-09 19:58:00+00:00,112.28125,112.3125,112.28125,112.28125,44.0
2025-06-09 19:59:00+00:00,112.3125,112.3125,112.28125,112.28125,2013.0
2025-06-09 20:00:00+00:00,112.34375,112.34375,112.25,112.28125,3215.0
2025-06-09 20:04:00+00:00,112.40625,112.40625,112.40625,112.40625,1172.0
2025-06-09 20:05:00+00:00,112.40625,112.40625,112.40625,112.40625,821.0
2025-06-09 20:06:00+00:00,112.40625,112.40625,112.40625,112.40625,365.0
2025-06-09 20:07:00+00:00,112.40625,112.40625,112.40625,112.40625,684.0
2025-06-09 20:09:00+00:00,112.40625,112.40625,112.40625,112.40625,332.0
2025-06-09 20:10:00+00:00,112.40625,112.40625,112.375,112.40625,194.0
2025-06-09 20:11:00+00:00,112.40625,112.40625,112.40625,112.40625,16.0
2025-06-09 20:13:00+00:00,112.375,112.40625,112.375,112.40625,34.0
2025-06-09 20:16:00+00:00,112.375,112.375,112.375,112.375,4.0
2025-06-09 20:17:00+00:00,112.40625,112.40625,112.40625,112.40625,564.0
2025-06-09 20:18:00+00:00,112.40625,112.4375,112.40625,112.40625,432.0
2025-06-09 20:19:00+00:00,112.40625,112.40625,112.40625,112.40625,478.0
2025-06-09 20:20:00+00:00,112.40625,112.40625,112.40625,112.40625,245.0
2025-06-09 20:21:00+00:00,112.40625,112.40625,112.40625,112.40625,1.0
2025-06-09 20:23:00+00:00,112.375,112.375,112.375,112.375,167.0
2025-06-09 20:24:00+00:00,112.40625,112.40625,112.40625,112.40625,198.0
2025-06-09 20:26:00+00:00,112.4375,112.4375,112.4375,112.4375,30.0
2025-06-09 20:28:00+00:00,112.375,112.40625,112.375,112.40625,327.0
2025-06-09 20:29:00+00:00,112.46875,112.46875,112.40625,112.40625,1795.0
2025-06-09 20:30:00+00:00,112.46875,112.46875,112.4375,112.4375,6.0
2025-06-09 20:31:00+00:00,112.46875,112.46875,112.4375,112.4375,21.0
2025-06-09 20:32:00+00:00,112.46875,112.46875,112.4375,112.4375,3.0
2025-06-09 20:34:00+00:00,112.46875,112.46875,112.4375,112.46875,3.0
2025-06-09 20:35:00+00:00,112.46875,112.46875,112.4375,112.4375,15.0
2025-06-09 20:36:00+00:00,112.46875,112.46875,112.46875,112.46875,379.0
2025-06-09 20:37:00+00:00,112.46875,112.46875,112.46875,112.46875,131.0
2025-06-09 20:38:00+00:00,112.5,112.5,112.5,112.5,790.0
2025-06-09 20:39:00+00:00,112.5,112.5,112.46875,112.5,599.0
2025-06-09 20:40:00+00:00,112.46875,112.5,112.46875,112.5,106.0
2025-06-09 20:41:00+00:00,112.5,112.5,112.5,112.5,195.0
2025-06-09 20:43:00+00:00,112.5,112.5,112.5,112.5,223.0
2025-06-09 20:44:00+00:00,112.5,112.53125,112.5,112.5,42.0
2025-06-09 20:47:00+00:00,112.53125,112.53125,112.5,112.53125,467.0
2025-06-09 20:49:00+00:00,112.53125,112.53125,112.53125,112.53125,279.0
2025-06-09 20:50:00+00:00,112.5,112.53125,112.5,112.53125,137.0
2025-06-09 20:51:00+00:00,112.53125,112.53125,112.5,112.53125,8.0
2025-06-09 20:53:00+00:00,112.5,112.5,112.5,112.5,230.0
2025-06-09 20:54:00+00:00,112.46875,112.5,112.46875,112.5,5.0
2025-06-09 20:55:00+00:00,112.5,112.5,112.46875,112.46875,6.0
2025-06-09 20:56:00+00:00,112.5,112.5,112.46875,112.46875,88.0
2025-06-09 20:57:00+00:00,112.5,112.5,112.46875,112.46875,86.0
2025-06-09 20:58:00+00:00,112.5,112.5,112.46875,112.5,23.0
2025-06-09 20:59:00+00:00,112.46875,112.46875,112.46875,112.46875,0.0
2025-06-09 22:00:00+00:00,112.5,112.5,112.46875,112.5,94.0
2025-06-09 22:06:00+00:00,112.5,112.5,112.5,112.5,123.0
2025-06-09 22:08:00+00:00,112.5,112.5,112.5,112.5,31.0
2025-06-09 22:11:00+00:00,112.53125,112.53125,112.53125,112.53125,405.0
2025-06-09 22:12:00+00:00,112.53125,112.53125,112.53125,112.53125,11.0
2025-06-09 22:13:00+00:00,112.53125,112.53125,112.53125,112.53125,1.0
2025-06-09 22:17:00+00:00,112.53125,112.53125,112.53125,112.53125,120.0
2025-06-09 22:18:00+00:00,112.53125,112.53125,112.53125,112.53125,16.0
2025-06-09 22:19:00+00:00,112.53125,112.53125,112.53125,112.53125,26.0
2025-06-09 22:25:00+00:00,112.53125,112.53125,112.53125,112.53125,70.0
2025-06-09 22:29:00+00:00,112.53125,112.53125,112.53125,112.53125,5.0
2025-06-09 22:30:00+00:00,112.53125,112.53125,112.53125,112.53125,29.0
2025-06-09 22:32:00+00:00,112.5625,112.5625,112.5625,112.5625,100.0
2025-06-09 22:34:00+00:00,112.59375,112.59375,112.59375,112.59375,13.0
2025-06-09 22:35:00+00:00,112.5625,112.59375,112.5625,112.59375,4.0
2025-06-09 22:37:00+00:00,112.5625,112.5625,112.5625,112.5625,76.0
2025-06-09 22:41:00+00:00,112.5,112.53125,112.5,112.53125,99.0
2025-06-09 22:42:00+00:00,112.5,112.5,112.5,112.5,52.0
2025-06-09 23:01:00+00:00,112.34375,112.34375,112.34375,112.34375,50.0
2025-06-09 23:02:00+00:00,112.5,112.5,112.5,112.5,39.0
2025-06-09 23:04:00+00:00,112.5,112.5,112.5,112.5,0.0
2025-06-09 23:05:00+00:00,112.53125,112.53125,112.53125,112.53125,1418.0
2025-06-09 23:13:00+00:00,112.34375,112.34375,112.34375,112.34375,90.0
2025-06-09 23:15:00+00:00,112.5,112.5,112.5,112.5,91.0
2025-06-09 23:16:00+00:00,112.5,112.5,112.5,112.5,15.0
2025-06-09 23:26:00+00:00,112.5,112.5,112.5,112.5,84.0
2025-06-09 23:27:00+00:00,112.5,112.5,112.5,112.5,88.0
2025-06-09 23:28:00+00:00,112.5,112.5,112.5,112.5,28.0
2025-06-09 23:29:00+00:00,112.5,112.5,112.5,112.5,14.0
2025-06-09 23:30:00+00:00,112.5,112.5,112.5,112.5,41.0
2025-06-09 23:35:00+00:00,112.46875,112.46875,112.46875,112.46875,59.0
2025-06-09 23:36:00+00:00,112.46875,112.46875,112.46875,112.46875,2.0
2025-06-09 23:37:00+00:00,112.46875,112.46875,112.46875,112.46875,20.0
2025-06-09 23:38:00+00:00,112.46875,112.46875,112.46875,112.46875,18.0
2025-06-09 23:39:00+00:00,112.46875,112.46875,112.46875,112.46875,48.0
2025-06-09 23:40:00+00:00,112.46875,112.46875,112.46875,112.46875,28.0
2025-06-09 23:43:00+00:00,112.5,112.5,112.5,112.5,117.0
2025-06-09 23:44:00+00:00,112.5,112.5,112.5,112.5,23.0
2025-06-09 23:45:00+00:00,112.46875,112.46875,112.46875,112.46875,3.0
2025-06-09 23:46:00+00:00,112.46875,112.46875,112.46875,112.46875,27.0
2025-06-09 23:47:00+00:00,112.46875,112.46875,112.4375,112.4375,38.0
2025-06-09 23:48:00+00:00,112.4375,112.4375,112.4375,112.4375,48.0
2025-06-09 23:49:00+00:00,112.46875,112.46875,112.46875,112.46875,1.0
2025-06-09 23:56:00+00:00,112.46875,112.46875,112.46875,112.46875,5.0
2025-06-10 00:00:00+00:00,112.46875,112.5,112.46875,112.46875,58.0
2025-06-10 00:02:00+00:00,112.4375,112.4375,112.4375,112.4375,89.0
2025-06-10 00:03:00+00:00,112.4375,112.4375,112.4375,112.4375,17.0
2025-06-10 00:09:00+00:00,112.4375,112.46875,112.4375,112.4375,156.0
2025-06-10 00:10:00+00:00,112.4375,112.4375,112.4375,112.4375,34.0
2025-06-10 00:11:00+00:00,112.4375,112.4375,112.4375,112.4375,72.0
2025-06-10 00:12:00+00:00,112.4375,112.4375,112.4375,112.4375,28.0
2025-06-10 00:13:00+00:00,112.4375,112.4375,112.4375,112.4375,57.0
2025-06-10 00:16:00+00:00,112.4375,112.4375,112.4375,112.4375,76.0
2025-06-10 00:19:00+00:00,112.40625,112.40625,112.40625,112.40625,10.0
2025-06-10 00:21:00+00:00,112.4375,112.4375,112.4375,112.4375,50.0
2025-06-10 00:22:00+00:00,112.4375,112.4375,112.4375,112.4375,1.0
2025-06-10 00:25:00+00:00,112.4375,112.4375,112.4375,112.4375,63.0
2025-06-10 00:26:00+00:00,112.4375,112.46875,112.4375,112.4375,22.0
2025-06-10 00:29:00+00:00,112.46875,112.46875,112.46875,112.46875,38.0
2025-06-10 00:37:00+00:00,112.4375,112.4375,112.4375,112.4375,64.0
2025-06-10 00:38:00+00:00,112.4375,112.4375,112.4375,112.4375,2.0
2025-06-10 00:39:00+00:00,112.4375,112.4375,112.4375,112.4375,39.0
2025-06-10 00:41:00+00:00,112.46875,112.46875,112.4375,112.4375,161.0
2025-06-10 00:42:00+00:00,112.46875,112.5,112.46875,112.46875,33.0
2025-06-10 00:50:00+00:00,112.46875,112.46875,112.46875,112.46875,34.0
2025-06-10 00:51:00+00:00,112.5,112.5,112.46875,112.46875,123.0
2025-06-10 00:52:00+00:00,112.5,112.53125,112.5,112.53125,41.0
2025-06-10 01:01:00+00:00,112.46875,112.46875,112.46875,112.46875,138.0
2025-06-10 01:02:00+00:00,112.46875,112.46875,112.46875,112.46875,42.0
2025-06-10 01:06:00+00:00,112.46875,112.46875,112.46875,112.46875,39.0
2025-06-10 01:07:00+00:00,112.46875,112.46875,112.46875,112.46875,53.0
2025-06-10 01:08:00+00:00,112.46875,112.46875,112.46875,112.46875,10.0
2025-06-10 01:11:00+00:00,112.46875,112.46875,112.46875,112.46875,22.0
2025-06-10 01:15:00+00:00,112.46875,112.46875,112.40625,112.4375,80.0
2025-06-10 01:16:00+00:00,112.4375,112.46875,112.4375,112.46875,58.0
2025-06-10 01:17:00+00:00,112.4375,112.4375,112.4375,112.4375,86.0
2025-06-10 01:24:00+00:00,112.4375,112.4375,112.4375,112.4375,33.0
2025-06-10 01:25:00+00:00,112.46875,112.46875,112.4375,112.4375,34.0
2025-06-10 01:26:00+00:00,112.4375,112.46875,112.4375,112.46875,106.0
2025-06-10 01:27:00+00:00,112.4375,112.4375,112.4375,112.4375,26.0
2025-06-10 01:32:00+00:00,112.4375,112.4375,112.4375,112.4375,41.0
2025-06-10 01:34:00+00:00,112.4375,112.4375,112.4375,112.4375,51.0
2025-06-10 01:36:00+00:00,112.4375,112.4375,112.4375,112.4375,100.0
2025-06-10 01:37:00+00:00,112.40625,112.4375,112.40625,112.4375,26.0
2025-06-10 01:38:00+00:00,112.40625,112.40625,112.40625,112.40625,29.0
2025-06-10 01:39:00+00:00,112.375,112.40625,112.375,112.40625,99.0
2025-06-10 01:40:00+00:00,112.375,112.375,112.375,112.375,32.0
2025-06-10 01:42:00+00:00,112.375,112.375,112.34375,112.34375,116.0
2025-06-10 01:43:00+00:00,112.375,112.375,112.375,112.375,72.0
2025-06-10 01:49:00+00:00,112.34375,112.34375,112.34375,112.34375,7.0
2025-06-10 01:50:00+00:00,112.375,112.375,112.375,112.375,118.0
2025-06-10 01:51:00+00:00,112.375,112.375,112.375,112.375,17.0
2025-06-10 01:55:00+00:00,112.34375,112.34375,112.34375,112.34375,79.0
2025-06-10 01:56:00+00:00,112.34375,112.34375,112.34375,112.34375,100.0
2025-06-10 01:58:00+00:00,112.34375,112.34375,112.34375,112.34375,222.0
2025-06-10 02:03:00+00:00,112.34375,112.34375,112.34375,112.34375,46.0
2025-06-10 02:05:00+00:00,112.34375,112.375,112.34375,112.34375,52.0
2025-06-10 02:10:00+00:00,112.375,112.375,112.34375,112.34375,338.0
2025-06-10 02:11:00+00:00,112.34375,112.34375,112.34375,112.34375,69.0
2025-06-10 02:12:00+00:00,112.34375,112.34375,112.34375,112.34375,27.0
2025-06-10 02:14:00+00:00,112.34375,112.34375,112.34375,112.34375,36.0
2025-06-10 02:16:00+00:00,112.34375,112.34375,112.34375,112.34375,3.0
2025-06-10 02:17:00+00:00,112.34375,112.375,112.34375,112.375,198.0
2025-06-10 02:20:00+00:00,112.375,112.375,112.34375,112.34375,43.0
2025-06-10 02:21:00+00:00,112.34375,112.375,112.34375,112.375,829.0
2025-06-10 02:23:00+00:00,112.375,112.375,112.34375,112.375,5.0
2025-06-10 02:24:00+00:00,112.375,112.375,112.34375,112.34375,2.0
2025-06-10 02:26:00+00:00,112.34375,112.34375,112.34375,112.34375,161.0
2025-06-10 02:27:00+00:00,112.34375,112.34375,112.34375,112.34375,75.0
2025-06-10 02:29:00+00:00,112.34375,112.34375,112.34375,112.34375,26.0
2025-06-10 02:34:00+00:00,112.34375,112.34375,112.34375,112.34375,70.0
2025-06-10 02:37:00+00:00,112.34375,112.34375,112.34375,112.34375,72.0
2025-06-10 02:45:00+00:00,112.375,112.375,112.375,112.375,29.0
2025-06-10 02:46:00+00:00,112.375,112.375,112.375,112.375,54.0
2025-06-10 02:51:00+00:00,112.40625,112.40625,112.375,112.375,5.0
2025-06-10 02:54:00+00:00,112.40625,112.40625,112.40625,112.40625,2.0
2025-06-10 03:00:00+00:00,112.375,112.375,112.375,112.375,49.0
2025-06-10 03:02:00+00:00,112.40625,112.40625,112.40625,112.40625,4.0
2025-06-10 03:03:00+00:00,112.375,112.375,112.375,112.375,170.0
2025-06-10 03:13:00+00:00,112.375,112.375,112.375,112.375,47.0
2025-06-10 03:15:00+00:00,112.40625,112.40625,112.40625,112.40625,178.0
2025-06-10 03:17:00+00:00,112.40625,112.40625,112.40625,112.40625,36.0
2025-06-10 03:22:00+00:00,112.40625,112.40625,112.40625,112.40625,50.0
2025-06-10 03:24:00+00:00,112.40625,112.40625,112.40625,112.40625,11.0
2025-06-10 03:25:00+00:00,112.40625,112.4375,112.40625,112.4375,21.0
2025-06-10 03:26:00+00:00,112.40625,112.40625,112.40625,112.40625,27.0
2025-06-10 03:27:00+00:00,112.40625,112.40625,112.40625,112.40625,22.0
2025-06-10 03:28:00+00:00,112.40625,112.40625,112.40625,112.40625,9.0
2025-06-10 03:29:00+00:00,112.40625,112.40625,112.40625,112.40625,30.0
2025-06-10 03:34:00+00:00,112.4375,112.4375,112.4375,112.4375,124.0
2025-06-10 03:40:00+00:00,112.4375,112.4375,112.4375,112.4375,46.0
2025-06-10 03:41:00+00:00,112.4375,112.4375,112.40625,112.40625,42.0
2025-06-10 03:42:00+00:00,112.4375,112.4375,112.4375,112.4375,3.0
2025-06-10 03:46:00+00:00,112.4375,112.4375,112.4375,112.4375,49.0
2025-06-10 03:51:00+00:00,112.4375,112.4375,112.4375,112.4375,68.0
2025-06-10 03:52:00+00:00,112.4375,112.46875,112.4375,112.4375,64.0
2025-06-10 03:56:00+00:00,112.4375,112.4375,112.4375,112.4375,10.0
2025-06-10 03:57:00+00:00,112.46875,112.46875,112.46875,112.46875,23.0
2025-06-10 04:04:00+00:00,112.40625,112.4375,112.40625,112.4375,86.0
2025-06-10 04:10:00+00:00,112.40625,112.4375,112.40625,112.4375,2.0
2025-06-10 04:15:00+00:00,112.40625,112.40625,112.40625,112.40625,60.0
2025-06-10 04:20:00+00:00,112.375,112.40625,112.375,112.40625,13.0
2025-06-10 04:22:00+00:00,112.40625,112.40625,112.40625,112.40625,13.0
2025-06-10 04:29:00+00:00,112.40625,112.40625,112.40625,112.40625,25.0
2025-06-10 04:30:00+00:00,112.40625,112.40625,112.40625,112.40625,28.0
2025-06-10 04:34:00+00:00,112.40625,112.40625,112.40625,112.40625,19.0
2025-06-10 04:43:00+00:00,112.40625,112.40625,112.40625,112.40625,32.0
2025-06-10 04:45:00+00:00,112.4375,112.4375,112.40625,112.40625,43.0
2025-06-10 04:46:00+00:00,112.4375,112.4375,112.40625,112.40625,16.0
2025-06-10 04:47:00+00:00,112.4375,112.4375,112.40625,112.40625,4.0
2025-06-10 04:48:00+00:00,112.40625,112.40625,112.40625,112.40625,26.0
2025-06-10 04:51:00+00:00,112.4375,112.4375,112.4375,112.4375,23.0
2025-06-10 04:53:00+00:00,112.4375,112.4375,112.4375,112.4375,5.0
2025-06-10 04:54:00+00:00,112.4375,112.4375,112.4375,112.4375,78.0
2025-06-10 05:03:00+00:00,112.4375,112.4375,112.4375,112.4375,36.0
2025-06-10 05:09:00+00:00,112.4375,112.4375,112.4375,112.4375,19.0
2025-06-10 05:10:00+00:00,112.46875,112.46875,112.4375,112.4375,40.0
2025-06-10 05:11:00+00:00,112.46875,112.46875,112.46875,112.46875,6.0
2025-06-10 05:14:00+00:00,112.46875,112.46875,112.46875,112.46875,98.0
2025-06-10 05:15:00+00:00,112.5,112.5,112.5,112.5,101.0
2025-06-10 05:16:00+00:00,112.53125,112.53125,112.53125,112.53125,15.0
2025-06-10 05:20:00+00:00,112.53125,112.53125,112.53125,112.53125,209.0
2025-06-10 05:21:00+00:00,112.53125,112.53125,112.53125,112.53125,161.0
2025-06-10 05:22:00+00:00,112.59375,112.59375,112.5625,112.5625,141.0
2025-06-10 05:23:00+00:00,112.59375,112.65625,112.59375,112.59375,924.0
2025-06-10 05:24:00+00:00,112.5625,112.59375,112.5625,112.5625,138.0
2025-06-10 05:25:00+00:00,112.5625,112.5625,112.5625,112.5625,0.0
2025-06-10 05:26:00+00:00,112.59375,112.59375,112.59375,112.59375,0.0
2025-06-10 05:27:00+00:00,112.625,112.625,112.59375,112.59375,12666.0
2025-06-10 05:28:00+00:00,112.625,112.625,112.625,112.625,125.0
2025-06-10 05:29:00+00:00,112.625,112.65625,112.59375,112.625,157.0
2025-06-10 05:30:00+00:00,112.65625,112.65625,112.625,112.625,11.0
2025-06-10 05:31:00+00:00,112.65625,112.65625,112.65625,112.65625,4.0
2025-06-10 05:32:00+00:00,112.65625,112.65625,112.65625,112.65625,184.0
2025-06-10 05:33:00+00:00,112.65625,112.65625,112.65625,112.65625,119.0
2025-06-10 05:34:00+00:00,112.65625,112.65625,112.65625,112.65625,1.0
2025-06-10 05:35:00+00:00,112.625,112.625,112.625,112.625,31.0
2025-06-10 05:36:00+00:00,112.625,112.625,112.625,112.625,9.0
2025-06-10 05:38:00+00:00,112.59375,112.59375,112.59375,112.59375,80.0
2025-06-10 05:39:00+00:00,112.59375,112.59375,112.59375,112.59375,20.0
2025-06-10 05:40:00+00:00,112.625,112.625,112.59375,112.59375,45.0
2025-06-10 05:41:00+00:00,112.59375,112.59375,112.59375,112.59375,146.0
2025-06-10 05:42:00+00:00,112.5625,112.59375,112.5625,112.59375,106.0
2025-06-10 05:43:00+00:00,112.5625,112.5625,112.5625,112.5625,97.0
2025-06-10 05:44:00+00:00,112.53125,112.5625,112.53125,112.5625,9.0
2025-06-10 05:45:00+00:00,112.5625,112.5625,112.5625,112.5625,1.0
2025-06-10 05:46:00+00:00,112.5625,112.5625,112.5625,112.5625,35.0
2025-06-10 05:47:00+00:00,112.59375,112.59375,112.59375,112.59375,68.0
2025-06-10 05:48:00+00:00,112.59375,112.59375,112.59375,112.59375,11.0
2025-06-10 05:49:00+00:00,112.59375,112.59375,112.59375,112.59375,22.0
2025-06-10 05:50:00+00:00,112.625,112.625,112.625,112.625,20.0
2025-06-10 05:54:00+00:00,112.625,112.625,112.59375,112.625,155.0
2025-06-10 05:55:00+00:00,112.65625,112.65625,112.625,112.625,279.0
2025-06-10 05:56:00+00:00,112.65625,112.65625,112.65625,112.65625,117.0
2025-06-10 05:57:00+00:00,112.625,112.65625,112.625,112.65625,62.0
2025-06-10 05:58:00+00:00,112.625,112.625,112.625,112.625,63.0
2025-06-10 05:59:00+00:00,112.625,112.625,112.625,112.625,65.0
2025-06-10 06:00:00+00:00,112.65625,112.65625,112.625,112.625,177.0
2025-06-10 06:01:00+00:00,112.65625,112.65625,112.65625,112.65625,158.0
2025-06-10 06:02:00+00:00,112.65625,112.6875,112.65625,112.65625,227.0
2025-06-10 06:03:00+00:00,112.65625,112.65625,112.65625,112.65625,307.0
2025-06-10 06:05:00+00:00,112.65625,112.65625,112.65625,112.65625,45.0
2025-06-10 06:06:00+00:00,112.65625,112.65625,112.65625,112.65625,3.0
2025-06-10 06:07:00+00:00,112.6875,112.6875,112.65625,112.65625,195.0
2025-06-10 06:08:00+00:00,112.65625,112.6875,112.65625,112.6875,42.0
2025-06-10 06:09:00+00:00,112.65625,112.65625,112.65625,112.65625,53.0
2025-06-10 06:10:00+00:00,112.6875,112.6875,112.65625,112.65625,91.0
2025-06-10 06:11:00+00:00,112.6875,112.6875,112.6875,112.6875,279.0
2025-06-10 06:12:00+00:00,112.6875,112.6875,112.6875,112.6875,67.0
2025-06-10 06:13:00+00:00,112.6875,112.6875,112.6875,112.6875,7.0
2025-06-10 06:14:00+00:00,112.6875,112.6875,112.6875,112.6875,19.0
2025-06-10 06:16:00+00:00,112.6875,112.6875,112.6875,112.6875,39.0
2025-06-10 06:17:00+00:00,112.6875,112.6875,112.6875,112.6875,251.0
2025-06-10 06:18:00+00:00,112.65625,112.71875,112.65625,112.71875,254.0
2025-06-10 06:20:00+00:00,112.65625,112.65625,112.65625,112.65625,33.0
2025-06-10 06:22:00+00:00,112.65625,112.65625,112.625,112.65625,185.0
2025-06-10 06:23:00+00:00,112.65625,112.65625,112.65625,112.65625,47.0
2025-06-10 06:25:00+00:00,112.65625,112.65625,112.65625,112.65625,10.0
2025-06-10 06:27:00+00:00,112.6875,112.6875,112.6875,112.6875,44.0
2025-06-10 06:29:00+00:00,112.6875,112.6875,112.6875,112.6875,1.0
2025-06-10 06:30:00+00:00,112.65625,112.6875,112.65625,112.6875,159.0
2025-06-10 06:33:00+00:00,112.625,112.625,112.625,112.625,242.0
2025-06-10 06:35:00+00:00,112.65625,112.65625,112.625,112.625,285.0
2025-06-10 06:37:00+00:00,112.65625,112.65625,112.65625,112.65625,83.0
2025-06-10 06:39:00+00:00,112.625,112.625,112.59375,112.625,195.0
2025-06-10 06:41:00+00:00,112.65625,112.65625,112.65625,112.65625,84.0
2025-06-10 06:42:00+00:00,112.6875,112.6875,112.65625,112.65625,34.0
2025-06-10 06:44:00+00:00,112.65625,112.6875,112.65625,112.6875,73.0
2025-06-10 06:45:00+00:00,112.65625,112.65625,112.65625,112.65625,124.0
2025-06-10 06:48:00+00:00,112.65625,112.65625,112.65625,112.65625,14.0
2025-06-10 06:49:00+00:00,112.65625,112.65625,112.65625,112.65625,56.0
2025-06-10 06:50:00+00:00,112.65625,112.6875,112.65625,112.6875,8.0
2025-06-10 06:54:00+00:00,112.65625,112.65625,112.65625,112.65625,5.0
2025-06-10 06:55:00+00:00,112.65625,112.6875,112.65625,112.6875,281.0
2025-06-10 06:56:00+00:00,112.6875,112.6875,112.6875,112.6875,49.0
2025-06-10 06:57:00+00:00,112.71875,112.71875,112.6875,112.6875,127.0
2025-06-10 06:58:00+00:00,112.71875,112.71875,112.71875,112.71875,83.0
2025-06-10 06:59:00+00:00,112.71875,112.75,112.71875,112.71875,90.0
2025-06-10 07:00:00+00:00,112.71875,112.71875,112.6875,112.71875,230.0
2025-06-10 07:01:00+00:00,112.75,112.75,112.75,112.75,215.0
2025-06-10 07:02:00+00:00,112.75,112.75,112.75,112.75,129.0
2025-06-10 07:03:00+00:00,112.71875,112.75,112.71875,112.75,391.0
2025-06-10 07:04:00+00:00,112.75,112.75,112.71875,112.75,133.0
2025-06-10 07:05:00+00:00,112.75,112.75,112.75,112.75,184.0
2025-06-10 07:06:00+00:00,112.71875,112.75,112.71875,112.75,40.0
2025-06-10 07:07:00+00:00,112.75,112.75,112.75,112.75,109.0
2025-06-10 07:08:00+00:00,112.75,112.75,112.75,112.75,34.0
2025-06-10 07:09:00+00:00,112.75,112.75,112.75,112.75,41.0
2025-06-10 07:10:00+00:00,112.75,112.75,112.75,112.75,6.0
2025-06-10 07:11:00+00:00,112.75,112.75,112.75,112.75,222.0
2025-06-10 07:12:00+00:00,112.75,112.75,112.75,112.75,69.0
2025-06-10 07:13:00+00:00,112.75,112.75,112.75,112.75,58.0
2025-06-10 07:14:00+00:00,112.75,112.78125,112.75,112.78125,909.0
2025-06-10 07:15:00+00:00,112.78125,112.78125,112.78125,112.78125,2.0
2025-06-10 07:16:00+00:00,112.71875,112.75,112.71875,112.75,279.0
2025-06-10 07:17:00+00:00,112.75,112.75,112.71875,112.75,144.0
2025-06-10 07:18:00+00:00,112.75,112.75,112.75,112.75,47.0
2025-06-10 07:19:00+00:00,112.78125,112.78125,112.75,112.75,35.0
2025-06-10 07:20:00+00:00,112.78125,112.78125,112.78125,112.78125,138.0
2025-06-10 07:21:00+00:00,112.78125,112.78125,112.78125,112.78125,74.0
2025-06-10 07:23:00+00:00,112.78125,112.8125,112.78125,112.78125,83.0
2025-06-10 07:24:00+00:00,112.78125,112.78125,112.78125,112.78125,16.0
2025-06-10 07:25:00+00:00,112.75,112.75,112.75,112.75,82.0
2025-06-10 07:26:00+00:00,112.75,112.75,112.75,112.75,72.0
2025-06-10 07:27:00+00:00,112.78125,112.78125,112.78125,112.78125,81.0
2025-06-10 07:29:00+00:00,112.78125,112.8125,112.78125,112.8125,43.0
2025-06-10 07:30:00+00:00,112.78125,112.78125,112.78125,112.78125,26.0
2025-06-10 07:31:00+00:00,112.75,112.78125,112.75,112.78125,28.0
2025-06-10 07:32:00+00:00,112.75,112.78125,112.75,112.78125,120.0
2025-06-10 07:33:00+00:00,112.75,112.75,112.75,112.75,90.0
2025-06-10 07:34:00+00:00,112.75,112.78125,112.75,112.75,67.0
2025-06-10 07:35:00+00:00,112.75,112.75,112.75,112.75,27.0
2025-06-10 07:36:00+00:00,112.78125,112.78125,112.78125,112.78125,47.0
2025-06-10 07:37:00+00:00,112.78125,112.8125,112.78125,112.78125,7.0
2025-06-10 07:38:00+00:00,112.8125,112.8125,112.8125,112.8125,86.0
2025-06-10 07:39:00+00:00,112.8125,112.8125,112.8125,112.8125,92.0
2025-06-10 07:40:00+00:00,112.84375,112.84375,112.8125,112.84375,29.0
2025-06-10 07:41:00+00:00,112.8125,112.8125,112.8125,112.8125,1.0
2025-06-10 07:42:00+00:00,112.8125,112.8125,112.8125,112.8125,11.0
2025-06-10 07:43:00+00:00,112.84375,112.84375,112.8125,112.8125,13.0
2025-06-10 07:44:00+00:00,112.84375,112.84375,112.8125,112.8125,260.0
2025-06-10 07:45:00+00:00,112.84375,112.875,112.84375,112.875,906.0
2025-06-10 07:46:00+00:00,112.84375,112.84375,112.8125,112.84375,393.0
2025-06-10 07:47:00+00:00,112.84375,112.875,112.84375,112.84375,17.0
2025-06-10 07:48:00+00:00,112.84375,112.84375,112.84375,112.84375,15.0
2025-06-10 07:49:00+00:00,112.84375,112.84375,112.84375,112.84375,7.0
2025-06-10 07:50:00+00:00,112.875,112.875,112.84375,112.84375,40.0
2025-06-10 07:52:00+00:00,112.84375,112.84375,112.84375,112.84375,337.0
2025-06-10 07:53:00+00:00,112.84375,112.84375,112.8125,112.84375,117.0
2025-06-10 07:54:00+00:00,112.84375,112.84375,112.84375,112.84375,89.0
2025-06-10 07:56:00+00:00,112.8125,112.84375,112.8125,112.8125,155.0
2025-06-10 07:57:00+00:00,112.8125,112.8125,112.8125,112.8125,91.0
2025-06-10 07:58:00+00:00,112.8125,112.8125,112.8125,112.8125,45.0
2025-06-10 08:00:00+00:00,112.8125,112.8125,112.8125,112.8125,102.0
2025-06-10 08:01:00+00:00,112.8125,112.8125,112.8125,112.8125,19.0
2025-06-10 08:02:00+00:00,112.78125,112.78125,112.78125,112.78125,93.0
2025-06-10 08:03:00+00:00,112.78125,112.78125,112.78125,112.78125,173.0
2025-06-10 08:04:00+00:00,112.8125,112.8125,112.8125,112.8125,2.0
2025-06-10 08:05:00+00:00,112.8125,112.84375,112.8125,112.8125,211.0
2025-06-10 08:06:00+00:00,112.8125,112.8125,112.8125,112.8125,59.0
2025-06-10 08:07:00+00:00,112.84375,112.84375,112.84375,112.84375,385.0
2025-06-10 08:08:00+00:00,112.875,112.875,112.84375,112.84375,11.0
2025-06-10 08:09:00+00:00,112.84375,112.84375,112.84375,112.84375,190.0
2025-06-10 08:20:00+00:00,112.8125,112.8125,112.81199645996094,112.81199645996094,3684.0
2025-06-10 08:21:00+00:00,112.84375,112.84375,112.84375,112.84375,35.0
2025-06-10 08:22:00+00:00,112.84375,112.84375,112.84375,112.84375,2.0
2025-06-10 08:23:00+00:00,112.84375,112.84375,112.84375,112.84375,25.0
2025-06-10 08:25:00+00:00,112.84375,112.84375,112.84375,112.84375,137.0
2025-06-10 08:26:00+00:00,112.8125,112.84375,112.8125,112.84375,133.0
2025-06-10 08:27:00+00:00,112.8125,112.84375,112.8125,112.84375,2.0
2025-06-10 08:29:00+00:00,112.84375,112.84375,112.84375,112.84375,1.0
2025-06-10 08:30:00+00:00,112.8125,112.84375,112.8125,112.84375,139.0
2025-06-10 08:33:00+00:00,112.8125,112.8125,112.8125,112.8125,3.0
2025-06-10 08:35:00+00:00,112.8125,112.8125,112.8125,112.8125,101.0
2025-06-10 08:36:00+00:00,112.84375,112.84375,112.8125,112.8125,59.0
2025-06-10 08:37:00+00:00,112.8125,112.84375,112.8125,112.84375,119.0
2025-06-10 08:38:00+00:00,112.84375,112.84375,112.8125,112.8125,4.0
2025-06-10 08:40:00+00:00,112.84375,112.84375,112.84375,112.84375,3.0
2025-06-10 08:42:00+00:00,112.84375,112.84375,112.84375,112.84375,251.0
2025-06-10 08:45:00+00:00,112.875,112.875,112.84375,112.84375,31.0
2025-06-10 08:46:00+00:00,112.84375,112.875,112.84375,112.875,275.0
2025-06-10 08:48:00+00:00,112.875,112.875,112.875,112.875,564.0
2025-06-10 08:49:00+00:00,112.875,112.875,112.875,112.875,511.0
2025-06-10 08:50:00+00:00,112.875,112.90625,112.875,112.875,45.0
2025-06-10 08:51:00+00:00,112.875,112.875,112.875,112.875,6.0
2025-06-10 08:52:00+00:00,112.875,112.875,112.875,112.875,2.0
2025-06-10 08:53:00+00:00,112.875,112.875,112.875,112.875,12.0
2025-06-10 08:58:00+00:00,112.875,112.90625,112.875,112.875,5.0
2025-06-10 08:59:00+00:00,112.90625,112.90625,112.90625,112.90625,2.0
2025-06-10 09:00:00+00:00,112.875,112.90625,112.875,112.90625,920.0
2025-06-10 09:01:00+00:00,112.84375,112.84375,112.84375,112.84375,317.0
2025-06-10 09:06:00+00:00,112.84375,112.875,112.84375,112.875,10.0
2025-06-10 09:07:00+00:00,112.875,112.875,112.84375,112.84375,157.0
2025-06-10 09:09:00+00:00,112.875,112.875,112.84375,112.875,51.0
2025-06-10 09:11:00+00:00,112.84375,112.84375,112.84375,112.84375,5.0
2025-06-10 09:13:00+00:00,112.84375,112.875,112.84375,112.875,83.0
2025-06-10 09:14:00+00:00,112.8125,112.84375,112.8125,112.84375,35.0
2025-06-10 09:15:00+00:00,112.875,112.875,112.84375,112.84375,176.0
2025-06-10 09:16:00+00:00,112.84375,112.875,112.84375,112.875,20.0
2025-06-10 09:17:00+00:00,112.875,112.875,112.875,112.875,11.0
2025-06-10 09:18:00+00:00,112.875,112.875,112.84375,112.84375,73.0
2025-06-10 09:20:00+00:00,112.875,112.875,112.875,112.875,220.0
2025-06-10 09:21:00+00:00,112.875,112.90625,112.875,112.90625,152.0
2025-06-10 09:22:00+00:00,112.875,112.875,112.875,112.875,1.0
2025-06-10 09:24:00+00:00,112.84375,112.84375,112.84375,112.84375,122.0
2025-06-10 09:27:00+00:00,112.8125,112.8125,112.8125,112.8125,100.0
2025-06-10 09:28:00+00:00,112.8125,112.8125,112.8125,112.8125,14.0
2025-06-10 09:30:00+00:00,112.8125,112.84375,112.8125,112.84375,115.0
2025-06-10 09:34:00+00:00,112.84375,112.84375,112.84375,112.84375,22.0
2025-06-10 09:36:00+00:00,112.8125,112.84375,112.8125,112.84375,288.0
2025-06-10 09:37:00+00:00,112.84375,112.84375,112.8125,112.84375,19.0
2025-06-10 09:39:00+00:00,112.8125,112.84375,112.8125,112.8125,244.0
2025-06-10 09:40:00+00:00,112.8125,112.84375,112.8125,112.8125,204.0
2025-06-10 09:41:00+00:00,112.84375,112.84375,112.8125,112.8125,38.0
2025-06-10 09:42:00+00:00,112.8125,112.84375,112.8125,112.84375,7.0
2025-06-10 09:43:00+00:00,112.84375,112.84375,112.8125,112.84375,475.0
2025-06-10 09:44:00+00:00,112.8125,112.84375,112.8125,112.84375,3.0
2025-06-10 09:48:00+00:00,112.8125,112.8125,112.8125,112.8125,98.0
2025-06-10 09:49:00+00:00,112.84375,112.84375,112.84375,112.84375,153.0
2025-06-10 09:50:00+00:00,112.8125,112.8125,112.8125,112.8125,117.0
2025-06-10 09:52:00+00:00,112.78125,112.78125,112.78125,112.78125,3.0
2025-06-10 09:57:00+00:00,112.8125,112.8125,112.8125,112.8125,64.0
2025-06-10 09:59:00+00:00,112.78125,112.78125,112.78125,112.78125,113.0
2025-06-10 10:00:00+00:00,112.78125,112.78125,112.78125,112.78125,1.0
2025-06-10 10:01:00+00:00,112.78125,112.8125,112.78125,112.8125,536.0
2025-06-10 10:02:00+00:00,112.78125,112.78125,112.78125,112.78125,186.0
2025-06-10 10:04:00+00:00,112.8125,112.8125,112.8125,112.8125,4.0
2025-06-10 10:05:00+00:00,112.78125,112.78125,112.78125,112.78125,30.0
2025-06-10 10:06:00+00:00,112.8125,112.8125,112.8125,112.8125,5.0
2025-06-10 10:07:00+00:00,112.78125,112.78125,112.78125,112.78125,168.0
2025-06-10 10:18:00+00:00,112.78125,112.78125,112.78099822998047,112.78099822998047,859.0
2025-06-10 10:20:00+00:00,112.78125,112.78125,112.78125,112.78125,71.0
2025-06-10 10:23:00+00:00,112.75,112.75,112.75,112.75,5.0
2025-06-10 10:24:00+00:00,112.75,112.78125,112.75,112.78125,105.0
2025-06-10 10:26:00+00:00,112.75,112.78125,112.75,112.78125,5.0
2025-06-10 10:28:00+00:00,112.78125,112.78125,112.75,112.78125,23.0
2025-06-10 10:29:00+00:00,112.78125,112.78125,112.78125,112.78125,4.0
2025-06-10 10:30:00+00:00,112.78125,112.8125,112.78125,112.78125,221.0
2025-06-10 10:31:00+00:00,112.78125,112.78125,112.78125,112.78125,12.0
2025-06-10 10:32:00+00:00,112.78125,112.78125,112.78125,112.78125,22.0
2025-06-10 10:33:00+00:00,112.8125,112.8125,112.8125,112.8125,540.0
2025-06-10 10:34:00+00:00,112.78125,112.8125,112.78125,112.8125,5.0
2025-06-10 10:35:00+00:00,112.8125,112.8125,112.8125,112.8125,81.0
2025-06-10 10:36:00+00:00,112.84375,112.84375,112.84375,112.84375,106.0
2025-06-10 10:37:00+00:00,112.875,112.875,112.84375,112.84375,8.0
2025-06-10 10:38:00+00:00,112.875,112.875,112.84375,112.875,20.0
2025-06-10 10:39:00+00:00,112.875,112.875,112.875,112.875,290.0
2025-06-10 10:40:00+00:00,112.875,112.90625,112.875,112.875,78.0
2025-06-10 10:41:00+00:00,112.875,112.875,112.875,112.875,5.0
2025-06-10 10:42:00+00:00,112.875,112.90625,112.875,112.90625,7.0
2025-06-10 10:43:00+00:00,112.90625,112.90625,112.875,112.875,180.0
2025-06-10 10:44:00+00:00,112.90625,112.90625,112.875,112.90625,735.0
2025-06-10 10:45:00+00:00,112.875,112.90625,112.875,112.90625,91.0
2025-06-10 10:46:00+00:00,112.875,112.90625,112.875,112.90625,42.0
2025-06-10 10:48:00+00:00,112.875,112.90625,112.875,112.90625,112.0
2025-06-10 10:49:00+00:00,112.90625,112.90625,112.90625,112.90625,111.0
2025-06-10 10:50:00+00:00,112.9375,112.9375,112.9375,112.9375,10.0
2025-06-10 10:51:00+00:00,112.90625,112.90625,112.90625,112.90625,142.0
2025-06-10 10:52:00+00:00,112.90625,112.9375,112.90625,112.9375,10.0
2025-06-10 10:53:00+00:00,112.90625,112.90625,112.90625,112.90625,308.0
2025-06-10 10:54:00+00:00,112.875,112.875,112.875,112.875,3.0
2025-06-10 10:55:00+00:00,112.875,112.875,112.875,112.875,309.0
2025-06-10 10:56:00+00:00,112.84375,112.84375,112.84375,112.84375,4.0
2025-06-10 10:57:00+00:00,112.84375,112.84375,112.84375,112.84375,62.0
2025-06-10 10:58:00+00:00,112.875,112.875,112.875,112.875,140.0
2025-06-10 10:59:00+00:00,112.90625,112.90625,112.875,112.875,56.0
2025-06-10 11:00:00+00:00,112.90625,112.90625,112.90625,112.90625,651.0
2025-06-10 11:01:00+00:00,112.875,112.90625,112.875,112.90625,25.0
2025-06-10 11:02:00+00:00,112.90625,112.90625,112.875,112.875,176.0
2025-06-10 11:03:00+00:00,112.9375,112.9375,112.90625,112.9375,227.0
2025-06-10 11:04:00+00:00,112.9375,112.9375,112.9375,112.9375,225.0
2025-06-10 11:05:00+00:00,112.9375,112.9375,112.90625,112.9375,237.0
2025-06-10 11:06:00+00:00,112.9375,112.96875,112.9375,112.9375,144.0
2025-06-10 11:07:00+00:00,112.9375,112.9375,112.9375,112.9375,25.0
2025-06-10 11:08:00+00:00,112.90625,112.9375,112.90625,112.9375,15.0
2025-06-10 11:09:00+00:00,112.90625,112.9375,112.90625,112.9375,506.0
2025-06-10 11:10:00+00:00,112.90625,112.90625,112.90625,112.90625,4.0
2025-06-10 11:11:00+00:00,112.9375,112.9375,112.9375,112.9375,4.0
2025-06-10 11:12:00+00:00,112.9375,112.96875,112.90625,112.9375,701.0
2025-06-10 11:13:00+00:00,112.9375,112.9375,112.9375,112.9375,36.0
2025-06-10 11:14:00+00:00,112.9375,112.9375,112.90625,112.9375,278.0
2025-06-10 11:15:00+00:00,112.96875,113.0,112.96875,112.96875,259.0
2025-06-10 11:16:00+00:00,112.9375,112.96875,112.9375,112.96875,258.0
2025-06-10 11:17:00+00:00,112.9375,112.9375,112.9375,112.9375,166.0
2025-06-10 11:18:00+00:00,112.9375,112.9375,112.90625,112.9375,128.0
2025-06-10 11:19:00+00:00,112.96875,113.0,112.96875,112.96875,354.0
2025-06-10 11:20:00+00:00,112.96875,112.96875,112.96875,112.96875,93.0
2025-06-10 11:21:00+00:00,112.96875,112.96875,112.9375,112.96875,129.0
2025-06-10 11:22:00+00:00,112.96875,113.0,112.96875,112.96875,384.0
2025-06-10 11:23:00+00:00,112.96875,112.96875,112.9375,112.96875,198.0
2025-06-10 11:24:00+00:00,112.90625,112.9375,112.90625,112.9375,207.0
2025-06-10 11:25:00+00:00,112.90625,112.90625,112.90625,112.90625,107.0
2025-06-10 11:26:00+00:00,112.9375,112.96875,112.9375,112.9375,448.0
2025-06-10 11:27:00+00:00,112.96875,112.96875,112.9375,112.9375,26.0
2025-06-10 11:28:00+00:00,112.96875,112.96875,112.9375,112.96875,20.0
2025-06-10 11:29:00+00:00,112.96875,112.96875,112.96875,112.96875,22.0
2025-06-10 11:30:00+00:00,112.90625,112.9375,112.90625,112.9375,334.0
2025-06-10 11:31:00+00:00,112.90625,112.9375,112.90625,112.9375,132.0
2025-06-10 11:32:00+00:00,112.90625,112.90625,112.875,112.90625,46.0
2025-06-10 11:33:00+00:00,112.875,112.90625,112.875,112.90625,428.0
2025-06-10 11:34:00+00:00,112.875,112.90625,112.875,112.875,41.0
2025-06-10 11:36:00+00:00,112.875,112.875,112.84375,112.84375,20.0
2025-06-10 11:37:00+00:00,112.875,112.875,112.875,112.875,9.0
2025-06-10 11:38:00+00:00,112.90625,112.90625,112.84375,112.875,449.0
2025-06-10 11:40:00+00:00,112.90625,112.90625,112.875,112.875,129.0
2025-06-10 11:41:00+00:00,112.875,112.90625,112.875,112.875,279.0
2025-06-10 11:42:00+00:00,112.875,112.875,112.875,112.875,81.0
2025-06-10 11:44:00+00:00,112.9375,112.9375,112.90625,112.90625,223.0
2025-06-10 11:45:00+00:00,112.90625,112.90625,112.90625,112.90625,164.0
2025-06-10 11:46:00+00:00,112.90625,112.9375,112.90625,112.90625,64.0
2025-06-10 11:47:00+00:00,112.90625,112.90625,112.90625,112.90625,41.0
2025-06-10 11:48:00+00:00,112.90625,112.9375,112.90625,112.90625,26.0
2025-06-10 11:49:00+00:00,112.9375,112.9375,112.9375,112.9375,6.0
2025-06-10 11:50:00+00:00,112.90625,112.90625,112.90625,112.90625,55.0
2025-06-10 11:51:00+00:00,112.90625,112.90625,112.90625,112.90625,230.0
2025-06-10 11:52:00+00:00,112.9375,112.9375,112.90625,112.90625,132.0
2025-06-10 11:53:00+00:00,112.90625,112.90625,112.90625,112.90625,567.0
2025-06-10 11:54:00+00:00,112.90625,112.90625,112.875,112.875,3.0
2025-06-10 11:55:00+00:00,112.90625,112.9375,112.90625,112.90625,960.0
2025-06-10 11:56:00+00:00,112.875,112.90625,112.875,112.90625,311.0
2025-06-10 11:57:00+00:00,112.84375,112.84375,112.84375,112.84375,118.0
2025-06-10 11:59:00+00:00,112.875,112.875,112.84375,112.875,44.0
2025-06-10 12:00:00+00:00,112.875,112.875,112.875,112.875,625.0
2025-06-10 12:01:00+00:00,112.90625,112.90625,112.875,112.875,411.0
2025-06-10 12:02:00+00:00,112.90625,112.90625,112.875,112.90625,152.0
2025-06-10 12:03:00+00:00,112.90625,112.9375,112.90625,112.90625,422.0
2025-06-10 12:05:00+00:00,112.9375,112.9375,112.875,112.90625,352.0
2025-06-10 12:06:00+00:00,112.90625,112.9375,112.90625,112.9375,188.0
2025-06-10 12:07:00+00:00,112.875,112.90625,112.875,112.90625,32.0
2025-06-10 12:08:00+00:00,112.90625,112.90625,112.90625,112.90625,148.0
2025-06-10 12:09:00+00:00,112.90625,112.90625,112.90625,112.90625,39.0
2025-06-10 12:10:00+00:00,112.9375,112.9375,112.90625,112.90625,25.0
2025-06-10 12:11:00+00:00,112.90625,112.90625,112.90625,112.90625,123.0
2025-06-10 12:12:00+00:00,112.9375,112.9375,112.90625,112.90625,135.0
2025-06-10 12:15:00+00:00,112.9375,112.9375,112.9375,112.9375,1532.0
2025-06-10 12:16:00+00:00,112.9375,112.9375,112.9375,112.9375,1.0
2025-06-10 12:17:00+00:00,112.9375,112.9375,112.9375,112.9375,521.0
2025-06-10 12:18:00+00:00,112.90625,112.9375,112.90625,112.9375,33.0
2025-06-10 12:19:00+00:00,112.90625,112.9375,112.90625,112.9375,14.0
2025-06-10 12:20:00+00:00,112.875,112.9375,112.875,112.9375,717.0
2025-06-10 12:21:00+00:00,112.875,112.90625,112.875,112.875,30.0
2025-06-10 12:22:00+00:00,112.875,112.875,112.84375,112.875,318.0
2025-06-10 12:23:00+00:00,112.90625,112.90625,112.875,112.875,594.0
2025-06-10 12:24:00+00:00,112.90625,112.90625,112.875,112.90625,98.0
2025-06-10 12:25:00+00:00,112.90625,112.90625,112.875,112.875,356.0
2025-06-10 12:26:00+00:00,112.90625,112.90625,112.875,112.90625,342.0
2025-06-10 12:27:00+00:00,112.9375,112.9375,112.875,112.875,340.0
2025-06-10 12:28:00+00:00,112.90625,112.9375,112.90625,112.9375,306.0
2025-06-10 12:29:00+00:00,112.96875,112.96875,112.90625,112.90625,153.0
2025-06-10 12:30:00+00:00,112.96875,112.96875,112.9375,112.96875,32.0
2025-06-10 12:31:00+00:00,113.0,113.03125,112.9375,112.9375,993.0
2025-06-10 12:32:00+00:00,113.03125,113.03125,112.96875,113.0,637.0
2025-06-10 12:33:00+00:00,113.03125,113.03125,113.0,113.0,469.0
2025-06-10 12:34:00+00:00,113.03125,113.0625,113.03125,113.03125,30.0
2025-06-10 12:35:00+00:00,113.03125,113.03125,113.0,113.03125,532.0
2025-06-10 12:36:00+00:00,113.0,113.03125,113.0,113.0,323.0
2025-06-10 12:37:00+00:00,112.96875,113.03125,112.96875,113.03125,552.0
2025-06-10 12:38:00+00:00,112.9375,112.96875,112.9375,112.96875,140.0
2025-06-10 12:39:00+00:00,112.9375,112.96875,112.9375,112.9375,688.0
2025-06-10 12:40:00+00:00,112.9375,112.9375,112.90625,112.90625,365.0
2025-06-10 12:41:00+00:00,112.90625,112.90625,112.90625,112.90625,229.0
2025-06-10 12:42:00+00:00,112.875,112.875,112.875,112.875,378.0
2025-06-10 12:43:00+00:00,112.875,112.875,112.875,112.875,400.0
2025-06-10 12:44:00+00:00,112.875,112.875,112.875,112.875,242.0
2025-06-10 12:45:00+00:00,112.90625,112.90625,112.875,112.875,256.0
2025-06-10 12:46:00+00:00,112.9375,112.9375,112.90625,112.90625,58.0
2025-06-10 12:47:00+00:00,112.9375,112.9375,112.9375,112.9375,87.0
2025-06-10 12:48:00+00:00,112.96875,112.96875,112.90625,112.90625,191.0
2025-06-10 12:51:00+00:00,113.0,113.0,112.96875,113.0,842.0
2025-06-10 12:52:00+00:00,112.96875,113.0,112.96875,113.0,345.0
2025-06-10 12:53:00+00:00,112.96875,112.96875,112.9375,112.9375,380.0
2025-06-10 12:54:00+00:00,113.0,113.0,112.96875,112.96875,46.0
2025-06-10 12:55:00+00:00,112.96875,113.0,112.96875,113.0,287.0
2025-06-10 12:56:00+00:00,112.96875,112.96875,112.9375,112.96875,173.0
2025-06-10 12:57:00+00:00,112.96875,113.0,112.96875,112.96875,593.0
2025-06-10 12:58:00+00:00,112.96875,112.96875,112.96875,112.96875,313.0
2025-06-10 12:59:00+00:00,112.96875,113.0,112.96875,113.0,205.0
2025-06-10 13:00:00+00:00,112.9375,112.96875,112.90625,112.96875,654.0
2025-06-10 13:01:00+00:00,112.96875,112.96875,112.9375,112.96875,55.0
2025-06-10 13:02:00+00:00,112.96875,112.96875,112.96875,112.96875,316.0
2025-06-10 13:03:00+00:00,112.96875,112.96875,112.96875,112.96875,100.0
2025-06-10 13:04:00+00:00,112.9375,112.96875,112.9375,112.96875,492.0
2025-06-10 13:05:00+00:00,112.96875,112.96875,112.9375,112.96875,39.0
2025-06-10 13:06:00+00:00,112.9375,112.96875,112.9375,112.96875,280.0
2025-06-10 13:07:00+00:00,112.90625,112.90625,112.875,112.90625,352.0
2025-06-10 13:08:00+00:00,112.90625,112.90625,112.90625,112.90625,126.0
2025-06-10 13:09:00+00:00,112.9375,112.9375,112.9375,112.9375,2.0
2025-06-10 13:10:00+00:00,112.90625,112.90625,112.875,112.90625,271.0
2025-06-10 13:11:00+00:00,112.90625,112.90625,112.90625,112.90625,65.0
2025-06-10 13:12:00+00:00,112.9375,112.9375,112.90625,112.9375,300.0
2025-06-10 13:15:00+00:00,112.9375,112.96875,112.9375,112.96875,506.0
2025-06-10 13:16:00+00:00,112.9375,112.9375,112.9375,112.9375,267.0
2025-06-10 13:17:00+00:00,112.875,112.9375,112.875,112.90625,188.0
2025-06-10 13:18:00+00:00,112.90625,112.9375,112.90625,112.90625,660.0
2025-06-10 13:19:00+00:00,112.90625,112.90625,112.875,112.90625,356.0
2025-06-10 13:20:00+00:00,112.9375,112.9375,112.9375,112.9375,38.0
2025-06-10 13:21:00+00:00,112.9375,112.9375,112.9375,112.9375,475.0
2025-06-10 13:22:00+00:00,112.90625,112.9375,112.90625,112.9375,217.0
2025-06-10 13:23:00+00:00,112.96875,112.96875,112.9375,112.9375,603.0
2025-06-10 13:24:00+00:00,112.96875,112.96875,112.9375,112.9375,280.0
2025-06-10 13:25:00+00:00,112.96875,112.96875,112.96875,112.96875,348.0
2025-06-10 13:26:00+00:00,112.96875,113.03125,112.96875,113.0,1571.0
2025-06-10 13:27:00+00:00,112.96875,112.96875,112.96875,112.96875,5.0
2025-06-10 13:28:00+00:00,113.0,113.0,112.96875,112.96875,274.0
2025-06-10 13:29:00+00:00,113.0,113.0,112.96875,112.96875,715.0
2025-06-10 13:30:00+00:00,112.9375,113.0,112.9375,113.0,709.0
2025-06-10 13:31:00+00:00,113.0,113.0,112.9375,112.9375,859.0
2025-06-10 13:32:00+00:00,112.96875,113.0,112.9375,113.0,394.0
2025-06-10 13:33:00+00:00,112.96875,113.0,112.9375,112.96875,453.0
2025-06-10 13:34:00+00:00,112.96875,113.0,112.96875,112.96875,60.0
2025-06-10 13:35:00+00:00,113.0,113.0,113.0,113.0,47.0
2025-06-10 13:36:00+00:00,113.0,113.0,113.0,113.0,121.0
2025-06-10 13:37:00+00:00,113.0,113.0,112.96875,113.0,270.0
2025-06-10 13:40:00+00:00,112.96875,112.96875,112.96875,112.96875,1057.0
2025-06-10 13:41:00+00:00,112.9375,112.96875,112.9375,112.96875,38.0
2025-06-10 13:42:00+00:00,112.96875,112.96875,112.9375,112.96875,30.0
2025-06-10 13:43:00+00:00,112.90625,112.9375,112.90625,112.9375,714.0
2025-06-10 13:44:00+00:00,112.9375,112.9375,112.90625,112.90625,80.0
2025-06-10 13:45:00+00:00,112.96875,112.96875,112.90625,112.9375,972.0
2025-06-10 13:46:00+00:00,113.0,113.0,112.96875,112.96875,4.0
2025-06-10 13:47:00+00:00,113.0,113.0,113.0,113.0,8.0
2025-06-10 13:48:00+00:00,112.96875,113.03125,112.96875,113.0,408.0
2025-06-10 13:49:00+00:00,112.9375,113.0,112.9375,112.96875,274.0
2025-06-10 13:50:00+00:00,112.96875,112.96875,112.96875,112.96875,494.0
2025-06-10 13:53:00+00:00,112.96875,113.0,112.96875,112.96875,356.0
2025-06-10 13:54:00+00:00,113.0,113.0,113.0,113.0,174.0
2025-06-10 13:55:00+00:00,113.03125,113.03125,112.96875,113.0,154.0
2025-06-10 13:56:00+00:00,113.03125,113.03125,112.96875,113.03125,138.0
2025-06-10 13:57:00+00:00,113.0,113.03125,113.0,113.03125,21.0
2025-06-10 13:58:00+00:00,113.03125,113.03125,113.03125,113.03125,290.0
2025-06-10 13:59:00+00:00,113.0625,113.0625,113.03125,113.03125,461.0
2025-06-10 14:00:00+00:00,113.03125,113.0625,113.0,113.0625,397.0
2025-06-10 14:01:00+00:00,113.0,113.03125,113.0,113.0,300.0
2025-06-10 14:02:00+00:00,112.96875,113.03125,112.96875,113.03125,663.0
2025-06-10 14:03:00+00:00,112.90625,112.96875,112.90625,112.96875,902.0
2025-06-10 14:04:00+00:00,112.96875,112.96875,112.9375,112.9375,210.0
2025-06-10 14:07:00+00:00,112.9375,112.9375,112.9375,112.9375,693.0
2025-06-10 14:08:00+00:00,112.90625,112.9375,112.90625,112.90625,686.0
2025-06-10 14:09:00+00:00,112.84375,112.90625,112.84375,112.875,1171.0
2025-06-10 14:10:00+00:00,112.84375,112.875,112.8125,112.84375,1501.0
2025-06-10 14:11:00+00:00,112.84375,112.84375,112.84375,112.84375,143.0
2025-06-10 14:12:00+00:00,112.84375,112.84375,112.84375,112.84375,916.0
2025-06-10 14:13:00+00:00,112.78125,112.78125,112.78125,112.78125,234.0
2025-06-10 14:14:00+00:00,112.75,112.8125,112.75,112.8125,303.0
2025-06-10 14:15:00+00:00,112.75,112.75,112.71875,112.75,1170.0
2025-06-10 14:16:00+00:00,112.6875,112.71875,112.6875,112.71875,225.0
2025-06-10 14:17:00+00:00,112.6875,112.71875,112.65625,112.71875,845.0
2025-06-10 14:18:00+00:00,112.6875,112.6875,112.6875,112.6875,130.0
2025-06-10 14:19:00+00:00,112.65625,112.6875,112.65625,112.6875,456.0
2025-06-10 14:20:00+00:00,112.6875,112.6875,112.65625,112.65625,9.0
2025-06-10 14:21:00+00:00,112.71875,112.71875,112.71875,112.71875,1176.0
2025-06-10 14:22:00+00:00,112.71875,112.71875,112.6875,112.71875,39.0
2025-06-10 14:23:00+00:00,112.71875,112.71875,112.6875,112.6875,618.0
2025-06-10 14:26:00+00:00,112.65625,112.65625,112.65625,112.65625,1471.0
2025-06-10 14:27:00+00:00,112.65625,112.6875,112.65625,112.6875,916.0
2025-06-10 14:28:00+00:00,112.6875,112.6875,112.65625,112.65625,724.0
2025-06-10 14:29:00+00:00,112.65625,112.6875,112.65625,112.65625,373.0
2025-06-10 14:30:00+00:00,112.6875,112.6875,112.65625,112.65625,617.0
2025-06-10 14:31:00+00:00,112.6875,112.6875,112.6875,112.6875,802.0
2025-06-10 14:32:00+00:00,112.65625,112.65625,112.65625,112.65625,737.0
2025-06-10 14:33:00+00:00,112.65625,112.6875,112.65625,112.6875,206.0
2025-06-10 14:34:00+00:00,112.625,112.65625,112.625,112.65625,449.0
2025-06-10 14:35:00+00:00,112.625,112.625,112.625,112.625,819.0
2025-06-10 14:36:00+00:00,112.625,112.625,112.59375,112.59375,1033.0
2025-06-10 14:37:00+00:00,112.59375,112.625,112.59375,112.59375,602.0
2025-06-10 14:38:00+00:00,112.59375,112.625,112.59375,112.59375,7.0
2025-06-10 14:39:00+00:00,112.625,112.625,112.59375,112.59375,1500.0
2025-06-10 14:42:00+00:00,112.625,112.625,112.625,112.625,656.0
2025-06-10 14:43:00+00:00,112.59375,112.625,112.59375,112.625,174.0
2025-06-10 14:44:00+00:00,112.5625,112.59375,112.5625,112.59375,522.0
2025-06-10 14:45:00+00:00,112.59375,112.59375,112.5625,112.5625,57.0
2025-06-10 14:46:00+00:00,112.5625,112.59375,112.5625,112.59375,161.0
2025-06-10 14:47:00+00:00,112.5625,112.5625,112.5625,112.5625,266.0
2025-06-10 14:48:00+00:00,112.5625,112.59375,112.5625,112.5625,40.0
2025-06-10 14:49:00+00:00,112.5625,112.5625,112.5625,112.5625,13.0
2025-06-10 14:50:00+00:00,112.53125,112.5625,112.53125,112.5625,406.0
2025-06-10 14:53:00+00:00,112.5625,112.5625,112.5625,112.5625,948.0
2025-06-10 14:56:00+00:00,112.625,112.625,112.625,112.625,2085.0
2025-06-10 15:08:00+00:00,112.53125,112.5625,112.53125,112.53125,4379.0
2025-06-10 15:09:00+00:00,112.59375,112.59375,112.59375,112.59375,40.0
2025-06-10 15:10:00+00:00,112.59375,112.59375,112.59375,112.59375,59.0
2025-06-10 15:11:00+00:00,112.625,112.625,112.59375,112.59375,311.0
2025-06-10 15:12:00+00:00,112.625,112.625,112.625,112.625,76.0
2025-06-10 15:14:00+00:00,112.59375,112.59375,112.59375,112.59375,1.0
2025-06-10 15:15:00+00:00,112.53125,112.59375,112.53125,112.59375,949.0
2025-06-10 15:16:00+00:00,112.53125,112.53125,112.5,112.53125,420.0
2025-06-10 15:17:00+00:00,112.53125,112.5625,112.5,112.5,275.0
2025-06-10 15:18:00+00:00,112.53125,112.53125,112.53125,112.53125,22.0
2025-06-10 15:19:00+00:00,112.53125,112.5625,112.53125,112.53125,499.0
2025-06-10 15:20:00+00:00,112.5,112.53125,112.5,112.5,153.0
2025-06-10 15:21:00+00:00,112.5,112.5,112.5,112.5,144.0
2025-06-10 15:22:00+00:00,112.5,112.5,112.5,112.5,170.0
2025-06-10 15:23:00+00:00,112.5,112.5,112.5,112.5,476.0
2025-06-10 15:27:00+00:00,112.4375,112.46875,112.4375,112.4375,1094.0
2025-06-10 15:28:00+00:00,112.40625,112.4375,112.375,112.4375,1089.0
2025-06-10 15:29:00+00:00,112.40625,112.40625,112.375,112.40625,508.0
2025-06-10 15:30:00+00:00,112.375,112.40625,112.375,112.375,216.0
2025-06-10 15:31:00+00:00,112.4375,112.4375,112.40625,112.40625,1159.0
2025-06-10 15:32:00+00:00,112.46875,112.5,112.4375,112.4375,767.0
2025-06-10 15:33:00+00:00,112.5625,112.59375,112.46875,112.46875,1770.0
2025-06-10 15:34:00+00:00,112.46875,112.5625,112.46875,112.5625,943.0
2025-06-10 15:35:00+00:00,112.46875,112.46875,112.4375,112.46875,502.0
2025-06-10 15:36:00+00:00,112.53125,112.53125,112.5,112.5,384.0
2025-06-10 15:37:00+00:00,112.46875,112.53125,112.4375,112.53125,618.0
2025-06-10 15:38:00+00:00,112.46875,112.46875,112.4375,112.46875,241.0
2025-06-10 15:39:00+00:00,112.4375,112.46875,112.4375,112.46875,276.0
2025-06-10 15:42:00+00:00,112.4375,112.4375,112.4375,112.4375,1462.0
2025-06-10 15:43:00+00:00,112.4375,112.4375,112.4375,112.4375,73.0
2025-06-10 15:44:00+00:00,112.46875,112.46875,112.46875,112.46875,775.0
2025-06-10 15:45:00+00:00,112.46875,112.46875,112.46875,112.46875,472.0
2025-06-10 15:46:00+00:00,112.4375,112.46875,112.4375,112.4375,157.0
2025-06-10 15:47:00+00:00,112.5,112.5,112.46875,112.46875,121.0
2025-06-10 15:49:00+00:00,112.5,112.5,112.5,112.5,363.0
2025-06-10 15:50:00+00:00,112.46875,112.5,112.46875,112.5,113.0
2025-06-10 15:51:00+00:00,112.5,112.5,112.5,112.5,8.0
2025-06-10 15:53:00+00:00,112.5625,112.59375,112.5,112.5,1121.0
2025-06-10 15:54:00+00:00,112.5625,112.5625,112.5625,112.5625,182.0
2025-06-10 15:55:00+00:00,112.5625,112.5625,112.5625,112.5625,5.0
2025-06-10 15:56:00+00:00,112.5625,112.59375,112.53125,112.5625,774.0
2025-06-10 15:57:00+00:00,112.5625,112.5625,112.5625,112.5625,38.0
2025-06-10 15:58:00+00:00,112.5625,112.5625,112.5625,112.5625,20.0
2025-06-10 15:59:00+00:00,112.5625,112.59375,112.53125,112.5625,920.0
2025-06-10 16:00:00+00:00,112.5625,112.59375,112.5625,112.59375,300.0
2025-06-10 16:01:00+00:00,112.59375,112.59375,112.5625,112.59375,441.0
2025-06-10 16:02:00+00:00,112.5625,112.59375,112.5625,112.59375,101.0
2025-06-10 16:03:00+00:00,112.59375,112.59375,112.59375,112.59375,4.0
2025-06-10 16:04:00+00:00,112.59375,112.59375,112.59375,112.59375,6.0
2025-06-10 16:06:00+00:00,112.59375,112.59375,112.5625,112.59375,272.0
2025-06-10 16:07:00+00:00,112.5625,112.59375,112.5625,112.59375,15.0
2025-06-10 16:08:00+00:00,112.5625,112.59375,112.5625,112.59375,13.0
2025-06-10 16:09:00+00:00,112.5625,112.59375,112.5625,112.59375,447.0
2025-06-10 16:10:00+00:00,112.53125,112.53125,112.53125,112.53125,176.0
2025-06-10 16:11:00+00:00,112.5625,112.5625,112.53125,112.53125,226.0
2025-06-10 16:12:00+00:00,112.5625,112.5625,112.5625,112.5625,538.0
2025-06-10 16:15:00+00:00,112.53125,112.5625,112.53125,112.5625,92.0
2025-06-10 16:16:00+00:00,112.53125,112.53125,112.53125,112.53125,2.0
2025-06-10 16:17:00+00:00,112.5,112.5625,112.5,112.5625,839.0
2025-06-10 16:18:00+00:00,112.5,112.5,112.5,112.5,171.0
2025-06-10 16:19:00+00:00,112.5,112.5,112.5,112.5,20.0
2025-06-10 16:24:00+00:00,112.53125,112.53125,112.5,112.5,772.0
2025-06-10 16:25:00+00:00,112.53125,112.53125,112.53125,112.53125,63.0
2025-06-10 16:26:00+00:00,112.5,112.53125,112.5,112.53125,272.0
2025-06-10 16:27:00+00:00,112.5,112.5,112.5,112.5,13.0
2025-06-10 16:28:00+00:00,112.46875,112.5,112.46875,112.46875,490.0
2025-06-10 16:29:00+00:00,112.53125,112.53125,112.5,112.5,190.0
2025-06-10 16:31:00+00:00,112.5,112.5,112.5,112.5,4.0
2025-06-10 16:32:00+00:00,112.53125,112.53125,112.53125,112.53125,481.0
2025-06-10 16:33:00+00:00,112.5625,112.5625,112.53125,112.5625,10.0
2025-06-10 16:34:00+00:00,112.53125,112.53125,112.53125,112.53125,181.0
2025-06-10 16:36:00+00:00,112.5625,112.5625,112.5625,112.5625,300.0
2025-06-10 16:38:00+00:00,112.5625,112.5625,112.5625,112.5625,469.0
2025-06-10 16:39:00+00:00,112.53125,112.5625,112.53125,112.5625,146.0
2025-06-10 16:42:00+00:00,112.5,112.5,112.5,112.5,338.0
2025-06-10 16:43:00+00:00,112.53125,112.53125,112.53125,112.53125,411.0
2025-06-10 16:44:00+00:00,112.53125,112.53125,112.53125,112.53125,117.0
2025-06-10 16:45:00+00:00,112.53125,112.53125,112.53125,112.53125,13.0
2025-06-10 16:46:00+00:00,112.5,112.5,112.5,112.5,25.0
2025-06-10 16:47:00+00:00,112.5,112.5625,112.5,112.5,253.0
2025-06-10 16:49:00+00:00,112.53125,112.53125,112.5,112.5,25.0
2025-06-10 16:50:00+00:00,112.53125,112.53125,112.5,112.5,826.0
2025-06-10 16:51:00+00:00,112.5625,112.5625,112.53125,112.53125,258.0
2025-06-10 16:52:00+00:00,112.53125,112.5625,112.53125,112.5625,98.0
2025-06-10 16:53:00+00:00,112.5625,112.5625,112.5625,112.5625,29.0
2025-06-10 16:54:00+00:00,112.53125,112.53125,112.5,112.53125,324.0
2025-06-10 16:55:00+00:00,112.5,112.53125,112.5,112.53125,224.0
2025-06-10 16:56:00+00:00,112.5,112.53125,112.46875,112.53125,456.0
2025-06-10 16:57:00+00:00,112.5,112.5,112.46875,112.5,264.0
2025-06-10 16:58:00+00:00,112.5,112.5,112.46875,112.46875,427.0
2025-06-10 17:01:00+00:00,112.46875,112.46875,112.46875,112.46875,601.0
2025-06-10 17:02:00+00:00,112.4375,112.46875,112.4375,112.46875,183.0
2025-06-10 17:03:00+00:00,112.46875,112.46875,112.4375,112.46875,385.0
2025-06-10 17:04:00+00:00,112.46875,112.46875,112.4375,112.4375,201.0
2025-06-10 17:05:00+00:00,112.46875,112.46875,112.46875,112.46875,204.0
2025-06-10 17:06:00+00:00,112.46875,112.46875,112.46875,112.46875,516.0
2025-06-10 17:07:00+00:00,112.4375,112.46875,112.4375,112.46875,143.0
2025-06-10 17:08:00+00:00,112.5,112.53125,112.46875,112.46875,306.0
2025-06-10 17:09:00+00:00,112.53125,112.53125,112.53125,112.53125,10.0
2025-06-10 17:10:00+00:00,112.5,112.53125,112.5,112.53125,275.0
2025-06-10 17:11:00+00:00,112.5,112.5,112.5,112.5,177.0
2025-06-10 17:13:00+00:00,112.5,112.5,112.5,112.5,226.0
2025-06-10 17:14:00+00:00,112.5,112.5,112.5,112.5,74.0
2025-06-10 17:15:00+00:00,112.5,112.53125,112.5,112.53125,365.0
2025-06-10 17:16:00+00:00,112.46875,112.5,112.46875,112.5,352.0
2025-06-10 17:18:00+00:00,112.5,112.5,112.5,112.5,134.0
2025-06-10 17:21:00+00:00,112.46875,112.5,112.46875,112.5,467.0
2025-06-10 17:22:00+00:00,112.5,112.5,112.46875,112.5,307.0
2025-06-10 17:25:00+00:00,112.53125,112.53125,112.53125,112.53125,57.0
2025-06-10 17:26:00+00:00,112.53125,112.53125,112.53125,112.53125,27.0
2025-06-10 17:27:00+00:00,112.5625,112.5625,112.5625,112.5625,27.0
2025-06-10 17:28:00+00:00,112.5,112.5625,112.5,112.5625,156.0
2025-06-10 17:29:00+00:00,112.46875,112.5,112.46875,112.5,34.0
2025-06-10 17:30:00+00:00,112.5,112.5,112.46875,112.46875,114.0
2025-06-10 17:31:00+00:00,112.46875,112.5,112.46875,112.5,273.0
2025-06-10 17:32:00+00:00,112.5,112.5,112.46875,112.46875,7.0
2025-06-10 17:33:00+00:00,112.46875,112.5,112.46875,112.5,82.0
2025-06-10 17:34:00+00:00,112.5,112.5,112.46875,112.46875,8.0
2025-06-10 17:37:00+00:00,112.53125,112.53125,112.5,112.53125,255.0
2025-06-10 17:39:00+00:00,112.5,112.53125,112.5,112.53125,483.0
2025-06-10 17:40:00+00:00,112.5,112.5,112.5,112.5,124.0
2025-06-10 17:41:00+00:00,112.53125,112.53125,112.53125,112.53125,458.0
2025-06-10 17:42:00+00:00,112.5625,112.5625,112.53125,112.5625,601.0
2025-06-10 17:43:00+00:00,112.5625,112.5625,112.53125,112.5625,1087.0
2025-06-10 17:44:00+00:00,112.59375,112.59375,112.59375,112.59375,7.0
2025-06-10 17:45:00+00:00,112.5625,112.59375,112.5625,112.59375,1317.0
2025-06-10 17:46:00+00:00,112.5625,112.59375,112.53125,112.53125,475.0
2025-06-10 17:47:00+00:00,112.5625,112.5625,112.5625,112.5625,659.0
2025-06-10 17:48:00+00:00,112.59375,112.59375,112.5625,112.5625,5.0
2025-06-10 17:49:00+00:00,112.5625,112.59375,112.5625,112.5625,8.0
2025-06-10 17:50:00+00:00,112.59375,112.59375,112.53125,112.5625,781.0
2025-06-10 17:51:00+00:00,112.59375,112.59375,112.5625,112.59375,302.0
2025-06-10 17:52:00+00:00,112.625,112.625,112.5625,112.625,791.0
2025-06-10 17:53:00+00:00,112.625,112.625,112.59375,112.625,607.0
2025-06-10 17:54:00+00:00,112.625,112.625,112.59375,112.625,300.0
2025-06-10 17:57:00+00:00,112.625,112.625,112.59375,112.625,795.0
2025-06-10 17:58:00+00:00,112.59375,112.625,112.59375,112.59375,147.0
2025-06-10 17:59:00+00:00,112.59375,112.59375,112.59375,112.59375,207.0
2025-06-10 18:01:00+00:00,112.625,112.625,112.59375,112.625,233.0
2025-06-10 18:02:00+00:00,112.5625,112.625,112.5625,112.625,473.0
2025-06-10 18:03:00+00:00,112.59375,112.59375,112.59375,112.59375,60.0
2025-06-10 18:05:00+00:00,112.59375,112.59375,112.59375,112.59375,117.0
2025-06-10 18:06:00+00:00,112.5625,112.59375,112.5625,112.59375,175.0
2025-06-10 18:07:00+00:00,112.59375,112.59375,112.59375,112.59375,5.0
2025-06-10 18:09:00+00:00,112.5625,112.5625,112.5625,112.5625,370.0
2025-06-10 18:10:00+00:00,112.5625,112.5625,112.5625,112.5625,204.0
2025-06-10 18:11:00+00:00,112.5625,112.5625,112.5625,112.5625,224.0
2025-06-10 18:12:00+00:00,112.5625,112.59375,112.5625,112.5625,34.0
2025-06-10 18:13:00+00:00,112.5625,112.5625,112.5625,112.5625,223.0
2025-06-10 18:14:00+00:00,112.5625,112.5625,112.53125,112.53125,81.0
2025-06-10 18:15:00+00:00,112.53125,112.53125,112.53125,112.53125,119.0
2025-06-10 18:19:00+00:00,112.53125,112.53125,112.53125,112.53125,880.0
2025-06-10 18:20:00+00:00,112.53125,112.53125,112.53125,112.53125,170.0
2025-06-10 18:21:00+00:00,112.53125,112.53125,112.53125,112.53125,3.0
2025-06-10 18:23:00+00:00,112.53125,112.5625,112.53125,112.53125,248.0
2025-06-10 18:24:00+00:00,112.5625,112.5625,112.53125,112.53125,315.0
2025-06-10 18:25:00+00:00,112.53125,112.5625,112.53125,112.5625,40.0
2025-06-10 18:26:00+00:00,112.5625,112.5625,112.53125,112.5625,26.0
2025-06-10 18:27:00+00:00,112.5625,112.5625,112.5625,112.5625,10.0
2025-06-10 18:28:00+00:00,112.5625,112.5625,112.53125,112.5625,17.0
2025-06-10 18:29:00+00:00,112.5625,112.5625,112.53125,112.5625,35.0
2025-06-10 18:30:00+00:00,112.5625,112.5625,112.5625,112.5625,144.0
2025-06-10 18:31:00+00:00,112.59375,112.59375,112.53125,112.53125,162.0
2025-06-10 18:32:00+00:00,112.59375,112.59375,112.59375,112.59375,15.0
2025-06-10 18:33:00+00:00,112.59375,112.59375,112.59375,112.59375,483.0
2025-06-10 18:34:00+00:00,112.59375,112.59375,112.59375,112.59375,188.0
2025-06-10 18:35:00+00:00,112.625,112.625,112.59375,112.59375,390.0
2025-06-10 18:36:00+00:00,112.59375,112.625,112.59375,112.625,123.0
2025-06-10 18:37:00+00:00,112.5625,112.59375,112.5625,112.59375,183.0
2025-06-10 18:38:00+00:00,112.59375,112.59375,112.5625,112.5625,139.0
2025-06-10 18:39:00+00:00,112.625,112.625,112.59375,112.59375,63.0
2025-06-10 18:41:00+00:00,112.59375,112.59375,112.59375,112.59375,368.0
2025-06-10 18:45:00+00:00,112.59375,112.59375,112.5625,112.5625,960.0
2025-06-10 18:46:00+00:00,112.59375,112.625,112.5625,112.5625,1074.0
2025-06-10 18:47:00+00:00,112.59375,112.59375,112.59375,112.59375,282.0
2025-06-10 18:48:00+00:00,112.59375,112.59375,112.59375,112.59375,356.0
2025-06-10 18:49:00+00:00,112.5625,112.59375,112.5625,112.59375,48.0
2025-06-10 18:50:00+00:00,112.59375,112.59375,112.5625,112.5625,103.0
2025-06-10 18:51:00+00:00,112.5625,112.5625,112.5625,112.5625,360.0
2025-06-10 18:52:00+00:00,112.5625,112.59375,112.5625,112.5625,225.0
2025-06-10 18:53:00+00:00,112.59375,112.59375,112.5625,112.5625,63.0
2025-06-10 18:54:00+00:00,112.59375,112.59375,112.5625,112.5625,135.0
2025-06-10 18:55:00+00:00,112.5625,112.5625,112.5625,112.5625,614.0
2025-06-10 18:56:00+00:00,112.59375,112.59375,112.59375,112.59375,647.0
2025-06-10 18:57:00+00:00,112.5625,112.5625,112.5625,112.5625,908.0
2025-06-10 18:58:00+00:00,112.5625,112.5625,112.53125,112.5625,559.0
2025-06-10 18:59:00+00:00,112.53125,112.5625,112.53125,112.5625,783.0
2025-06-10 19:00:00+00:00,112.5625,112.59375,112.53125,112.5625,1170.0
2025-06-10 19:03:00+00:00,112.5625,112.59375,112.5625,112.59375,2023.0
2025-06-10 19:04:00+00:00,112.53125,112.5625,112.53125,112.53125,856.0
2025-06-10 19:05:00+00:00,112.53125,112.5625,112.5,112.5,464.0
2025-06-10 19:06:00+00:00,112.53125,112.53125,112.53125,112.53125,4.0
2025-06-10 19:09:00+00:00,112.53125,112.53125,112.53125,112.53125,442.0
2025-06-10 19:10:00+00:00,112.5625,112.5625,112.5625,112.5625,500.0
2025-06-10 19:11:00+00:00,112.5625,112.5625,112.5625,112.5625,245.0
2025-06-10 19:12:00+00:00,112.5625,112.5625,112.5625,112.5625,357.0
2025-06-10 19:14:00+00:00,112.5625,112.5625,112.5625,112.5625,356.0
2025-06-10 19:15:00+00:00,112.5625,112.5625,112.5625,112.5625,12.0
2025-06-10 19:17:00+00:00,112.5625,112.5625,112.5625,112.5625,343.0
2025-06-10 19:18:00+00:00,112.59375,112.59375,112.5625,112.5625,54.0
2025-06-10 19:19:00+00:00,112.59375,112.59375,112.59375,112.59375,548.0
2025-06-10 19:20:00+00:00,112.59375,112.625,112.59375,112.59375,568.0
2025-06-10 19:21:00+00:00,112.59375,112.59375,112.59375,112.59375,217.0
2025-06-10 19:22:00+00:00,112.625,112.625,112.625,112.625,1075.0
2025-06-10 19:23:00+00:00,112.625,112.625,112.625,112.625,111.0
2025-06-10 19:24:00+00:00,112.625,112.625,112.625,112.625,201.0
2025-06-10 19:27:00+00:00,112.625,112.625,112.625,112.625,825.0
2025-06-10 19:28:00+00:00,112.625,112.625,112.625,112.625,99.0
2025-06-10 19:29:00+00:00,112.625,112.625,112.625,112.625,2.0
2025-06-10 19:30:00+00:00,112.65625,112.65625,112.625,112.625,29.0
2025-06-10 19:31:00+00:00,112.625,112.65625,112.625,112.65625,18.0
2025-06-10 19:33:00+00:00,112.625,112.65625,112.625,112.65625,11.0
2025-06-10 19:34:00+00:00,112.65625,112.65625,112.65625,112.65625,2.0
2025-06-10 19:35:00+00:00,112.65625,112.65625,112.65625,112.65625,159.0
2025-06-10 19:36:00+00:00,112.65625,112.65625,112.625,112.65625,29.0
2025-06-10 19:37:00+00:00,112.625,112.65625,112.625,112.625,443.0
2025-06-10 19:38:00+00:00,112.65625,112.65625,112.625,112.625,18.0
2025-06-10 19:40:00+00:00,112.625,112.65625,112.625,112.65625,65.0
2025-06-10 19:41:00+00:00,112.6875,112.6875,112.625,112.625,694.0
2025-06-10 19:42:00+00:00,112.6875,112.6875,112.65625,112.6875,315.0
2025-06-10 19:43:00+00:00,112.6875,112.6875,112.65625,112.6875,1764.0
2025-06-10 19:44:00+00:00,112.6875,112.71875,112.6875,112.71875,202.0
2025-06-10 19:45:00+00:00,112.65625,112.6875,112.65625,112.6875,973.0
2025-06-10 19:46:00+00:00,112.625,112.65625,112.625,112.65625,164.0
2025-06-10 19:47:00+00:00,112.65625,112.65625,112.625,112.65625,17.0
2025-06-10 19:49:00+00:00,112.65625,112.65625,112.65625,112.65625,0.0
2025-06-10 19:50:00+00:00,112.625,112.625,112.625,112.625,200131.0
2025-06-10 19:52:00+00:00,112.65625,112.65625,112.65625,112.65625,8.0
2025-06-10 19:53:00+00:00,112.65625,112.65625,112.625,112.65625,265.0
2025-06-10 19:54:00+00:00,112.65625,112.65625,112.625,112.65625,42.0
2025-06-10 19:55:00+00:00,112.6875,112.6875,112.625,112.65625,323.0
2025-06-10 19:56:00+00:00,112.65625,112.6875,112.65625,112.6875,481.0
2025-06-10 19:57:00+00:00,112.65625,112.65625,112.65625,112.65625,216.0
2025-06-10 19:58:00+00:00,112.65625,112.6875,112.65625,112.65625,126.0
2025-06-10 19:59:00+00:00,112.6875,112.71875,112.625,112.6875,4503.0
2025-06-10 20:00:00+00:00,112.625,112.6875,112.625,112.6875,3218.0
2025-06-10 20:01:00+00:00,112.59375,112.59375,112.59375,112.59375,537.0
2025-06-10 20:02:00+00:00,112.5625,112.59375,112.5625,112.59375,130.0
2025-06-10 20:03:00+00:00,112.59375,112.59375,112.5625,112.5625,4.0
2025-06-10 20:04:00+00:00,112.59375,112.59375,112.5625,112.59375,366.0
2025-06-10 20:05:00+00:00,112.625,112.625,112.625,112.625,220.0
2025-06-10 20:08:00+00:00,112.59375,112.59375,112.59375,112.59375,1828.0
2025-06-10 20:09:00+00:00,112.59375,112.59375,112.59375,112.59375,9.0
2025-06-10 20:10:00+00:00,112.59375,112.625,112.59375,112.59375,137.0
2025-06-10 20:11:00+00:00,112.59375,112.59375,112.53125,112.59375,2065.0
2025-06-10 20:12:00+00:00,112.59375,112.625,112.59375,112.59375,515.0
2025-06-10 20:14:00+00:00,112.625,112.625,112.625,112.625,3.0
2025-06-10 20:15:00+00:00,112.59375,112.59375,112.59375,112.59375,306.0
2025-06-10 20:18:00+00:00,112.5625,112.59375,112.5625,112.59375,7.0
2025-06-10 20:21:00+00:00,112.5625,112.5625,112.5625,112.5625,248.0
2025-06-10 20:22:00+00:00,112.59375,112.59375,112.5625,112.5625,152.0
2025-06-10 20:23:00+00:00,112.59375,112.59375,112.59375,112.59375,284.0
2025-06-10 20:27:00+00:00,112.5625,112.5625,112.5625,112.5625,51.0
2025-06-10 20:29:00+00:00,112.59375,112.625,112.59375,112.59375,509.0
2025-06-10 20:33:00+00:00,112.59375,112.625,112.59375,112.625,319.0
2025-06-10 20:34:00+00:00,112.59375,112.59375,112.5625,112.5625,3.0
2025-06-10 20:37:00+00:00,112.625,112.625,112.59375,112.59375,433.0
2025-06-10 20:38:00+00:00,112.59375,112.59375,112.59375,112.59375,81.0
2025-06-10 20:39:00+00:00,112.625,112.625,112.625,112.625,24.0
2025-06-10 20:40:00+00:00,112.59375,112.59375,112.59375,112.59375,220.0
2025-06-10 20:44:00+00:00,112.59375,112.59375,112.59375,112.59375,55.0
2025-06-10 20:45:00+00:00,112.59375,112.59375,112.59375,112.59375,213.0
2025-06-10 20:46:00+00:00,112.59375,112.59375,112.5625,112.59375,361.0
2025-06-10 20:47:00+00:00,112.59375,112.59375,112.59375,112.59375,139.0
2025-06-10 20:48:00+00:00,112.59375,112.59375,112.59375,112.59375,160.0
2025-06-10 20:49:00+00:00,112.59375,112.59375,112.59375,112.59375,24.0
2025-06-10 20:50:00+00:00,112.59375,112.625,112.59375,112.625,29.0
2025-06-10 20:52:00+00:00,112.5625,112.59375,112.5625,112.59375,78.0
2025-06-10 20:54:00+00:00,112.5625,112.59375,112.5625,112.5625,6.0
2025-06-10 20:55:00+00:00,112.5625,112.5625,112.5625,112.5625,15.0
2025-06-10 20:56:00+00:00,112.5625,112.5625,112.5625,112.5625,25.0
2025-06-10 20:57:00+00:00,112.5625,112.59375,112.5625,112.5625,67.0
2025-06-10 20:58:00+00:00,112.5625,112.5625,112.53125,112.5625,1252.0
2025-06-10 20:59:00+00:00,112.59375,112.59375,112.5625,112.5625,865.0
2025-06-10 22:00:00+00:00,112.59375,112.59375,112.53125,112.5625,0.0
2025-06-10 22:01:00+00:00,112.625,112.625,112.625,112.625,51.0
2025-06-10 22:02:00+00:00,112.625,112.625,112.625,112.625,95.0
2025-06-10 22:03:00+00:00,112.625,112.625,112.625,112.625,52.0
2025-06-10 22:04:00+00:00,112.625,112.625,112.625,112.625,41.0
2025-06-10 22:05:00+00:00,112.625,112.625,112.625,112.625,80.0
2025-06-10 22:06:00+00:00,112.625,112.625,112.625,112.625,1.0
2025-06-10 22:13:00+00:00,112.65625,112.65625,112.625,112.625,23.0
2025-06-10 22:19:00+00:00,112.625,112.625,112.625,112.625,7.0
2025-06-10 22:25:00+00:00,112.65625,112.65625,112.65625,112.65625,79.0
2025-06-10 22:27:00+00:00,112.625,112.625,112.625,112.625,142.0
2025-06-10 22:29:00+00:00,112.625,112.625,112.625,112.625,15.0
2025-06-10 22:30:00+00:00,112.65625,112.65625,112.625,112.625,5.0
2025-06-10 22:32:00+00:00,112.625,112.625,112.625,112.625,46.0
2025-06-10 22:42:00+00:00,112.625,112.625,112.625,112.625,93.0
2025-06-10 22:43:00+00:00,112.625,112.625,112.625,112.625,6.0
2025-06-10 22:53:00+00:00,112.625,112.625,112.625,112.625,55.0
2025-06-10 22:54:00+00:00,112.625,112.625,112.625,112.625,10.0
2025-06-10 22:55:00+00:00,112.59375,112.59375,112.59375,112.59375,8.0
2025-06-10 22:58:00+00:00,112.5625,112.59375,112.5625,112.59375,306.0
2025-06-10 23:00:00+00:00,112.5625,112.5625,112.5625,112.5625,57.0
2025-06-10 23:01:00+00:00,112.5625,112.5625,112.53125,112.53125,10.0
2025-06-10 23:03:00+00:00,112.53125,112.53125,112.53125,112.53125,69.0
2025-06-10 23:04:00+00:00,112.5,112.53125,112.5,112.53125,57.0
2025-06-10 23:05:00+00:00,112.46875,112.5,112.4375,112.5,199.0
2025-06-10 23:06:00+00:00,112.5,112.5,112.46875,112.46875,33.0
2025-06-10 23:09:00+00:00,112.5625,112.5625,112.53125,112.53125,201.0
2025-06-10 23:10:00+00:00,112.53125,112.5625,112.53125,112.5625,45.0
2025-06-10 23:11:00+00:00,112.53125,112.53125,112.53125,112.53125,50.0
2025-06-10 23:13:00+00:00,112.5,112.5,112.5,112.5,194.0
2025-06-10 23:15:00+00:00,112.46875,112.5,112.46875,112.5,38.0
2025-06-10 23:20:00+00:00,112.53125,112.53125,112.5,112.5,2.0
2025-06-10 23:22:00+00:00,112.5,112.5,112.5,112.5,22.0
2025-06-10 23:23:00+00:00,112.5,112.5,112.5,112.5,80.0
2025-06-10 23:24:00+00:00,112.53125,112.53125,112.53125,112.53125,17.0
2025-06-10 23:28:00+00:00,112.53125,112.53125,112.53125,112.53125,33.0
2025-06-10 23:31:00+00:00,112.53125,112.53125,112.53125,112.53125,34.0
2025-06-10 23:33:00+00:00,112.53125,112.5625,112.53125,112.53125,67.0
2025-06-10 23:35:00+00:00,112.5625,112.5625,112.5625,112.5625,18.0
2025-06-10 23:36:00+00:00,112.59375,112.59375,112.5625,112.5625,95.0
2025-06-10 23:37:00+00:00,112.59375,112.59375,112.59375,112.59375,169.0
2025-06-10 23:38:00+00:00,112.625,112.625,112.59375,112.59375,5.0
2025-06-10 23:46:00+00:00,112.59375,112.59375,112.59375,112.59375,29.0
2025-06-10 23:47:00+00:00,112.59375,112.59375,112.59375,112.59375,53.0
2025-06-10 23:48:00+00:00,112.59375,112.59375,112.59375,112.59375,14.0
2025-06-10 23:50:00+00:00,112.625,112.625,112.625,112.625,96.0
2025-06-10 23:51:00+00:00,112.625,112.625,112.625,112.625,83.0
2025-06-10 23:59:00+00:00,112.625,112.625,112.625,112.625,19.0
2025-06-11 00:00:00+00:00,112.625,112.625,112.59375,112.625,85.0
2025-06-11 00:01:00+00:00,112.59375,112.59375,112.59375,112.59375,71.0
2025-06-11 00:02:00+00:00,112.65625,112.65625,112.625,112.625,60.0
2025-06-11 00:03:00+00:00,112.65625,112.65625,112.65625,112.65625,23.0
2025-06-11 00:04:00+00:00,112.65625,112.65625,112.65625,112.65625,24.0
2025-06-11 00:08:00+00:00,112.65625,112.65625,112.65625,112.65625,44.0
2025-06-11 00:09:00+00:00,112.65625,112.65625,112.65625,112.65625,20.0
2025-06-11 00:10:00+00:00,112.6875,112.6875,112.65625,112.65625,66.0
2025-06-11 00:12:00+00:00,112.6875,112.6875,112.6875,112.6875,52.0
2025-06-11 00:13:00+00:00,112.6875,112.6875,112.6875,112.6875,5.0
2025-06-11 00:14:00+00:00,112.6875,112.6875,112.6875,112.6875,127.0
2025-06-11 00:15:00+00:00,112.6875,112.6875,112.65625,112.6875,36.0
2025-06-11 00:17:00+00:00,112.71875,112.71875,112.71875,112.71875,46.0
2025-06-11 00:18:00+00:00,112.6875,112.71875,112.6875,112.71875,10.0
2025-06-11 00:19:00+00:00,112.6875,112.6875,112.6875,112.6875,9.0
2025-06-11 00:20:00+00:00,112.71875,112.71875,112.6875,112.6875,7.0
2025-06-11 00:22:00+00:00,112.75,112.75,112.75,112.75,2.0
2025-06-11 00:23:00+00:00,112.75,112.75,112.75,112.75,1.0
2025-06-11 00:30:00+00:00,112.71875,112.71875,112.71875,112.71875,7.0
2025-06-11 00:31:00+00:00,112.71875,112.71875,112.71875,112.71875,1.0
2025-06-11 00:33:00+00:00,112.75,112.75,112.75,112.75,87.0
2025-06-11 00:34:00+00:00,112.71875,112.71875,112.71875,112.71875,58.0
2025-06-11 00:35:00+00:00,112.71875,112.71875,112.71875,112.71875,9.0
2025-06-11 00:37:00+00:00,112.6875,112.71875,112.6875,112.71875,57.0
2025-06-11 00:38:00+00:00,112.6875,112.6875,112.6875,112.6875,58.0
2025-06-11 00:39:00+00:00,112.71875,112.71875,112.6875,112.6875,9.0
2025-06-11 00:40:00+00:00,112.71875,112.71875,112.71875,112.71875,27.0
2025-06-11 00:43:00+00:00,112.65625,112.71875,112.65625,112.71875,228.0
2025-06-11 00:44:00+00:00,112.65625,112.65625,112.65625,112.65625,108.0
2025-06-11 00:45:00+00:00,112.65625,112.6875,112.65625,112.6875,43.0
2025-06-11 00:46:00+00:00,112.6875,112.6875,112.6875,112.6875,115.0
2025-06-11 00:47:00+00:00,112.6875,112.6875,112.6875,112.6875,20.0
2025-06-11 00:50:00+00:00,112.71875,112.71875,112.6875,112.6875,5.0
2025-06-11 00:52:00+00:00,112.71875,112.71875,112.71875,112.71875,54.0
2025-06-11 00:53:00+00:00,112.71875,112.75,112.71875,112.71875,45.0
2025-06-11 00:54:00+00:00,112.6875,112.6875,112.6875,112.6875,68.0
2025-06-11 00:55:00+00:00,112.6875,112.6875,112.65625,112.6875,145.0
2025-06-11 00:57:00+00:00,112.6875,112.6875,112.6875,112.6875,30.0
2025-06-11 00:58:00+00:00,112.6875,112.6875,112.6875,112.6875,29.0
2025-06-11 00:59:00+00:00,112.6875,112.6875,112.65625,112.6875,52.0
2025-06-11 01:06:00+00:00,112.6875,112.6875,112.6875,112.6875,16.0
2025-06-11 01:07:00+00:00,112.6875,112.71875,112.6875,112.71875,61.0
2025-06-11 01:16:00+00:00,112.71875,112.71875,112.71875,112.71875,42.0
2025-06-11 01:17:00+00:00,112.71875,112.71875,112.71875,112.71875,36.0
2025-06-11 01:25:00+00:00,112.71875,112.75,112.71875,112.75,2.0
2025-06-11 01:26:00+00:00,112.71875,112.71875,112.71875,112.71875,69.0
2025-06-11 01:27:00+00:00,112.71875,112.71875,112.71875,112.71875,100.0
2025-06-11 01:28:00+00:00,112.71875,112.75,112.71875,112.71875,43.0
2025-06-11 01:30:00+00:00,112.71875,112.71875,112.71875,112.71875,25.0
2025-06-11 01:31:00+00:00,112.71875,112.71875,112.71875,112.71875,11.0
2025-06-11 01:33:00+00:00,112.71875,112.71875,112.71875,112.71875,0.0
2025-06-11 01:37:00+00:00,112.71875,112.71875,112.71875,112.71875,6206.0
2025-06-11 01:38:00+00:00,112.75,112.78125,112.75,112.75,44.0
2025-06-11 01:39:00+00:00,112.75,112.75,112.75,112.75,11.0
2025-06-11 01:42:00+00:00,112.71875,112.71875,112.71875,112.71875,35.0
2025-06-11 01:43:00+00:00,112.71875,112.71875,112.71875,112.71875,21.0
2025-06-11 01:44:00+00:00,112.71875,112.75,112.71875,112.71875,5.0
2025-06-11 01:46:00+00:00,112.71875,112.75,112.71875,112.71875,46.0
2025-06-11 01:47:00+00:00,112.71875,112.71875,112.71875,112.71875,48.0
2025-06-11 01:49:00+00:00,112.71875,112.71875,112.71875,112.71875,2.0
2025-06-11 01:52:00+00:00,112.71875,112.71875,112.71875,112.71875,92.0
2025-06-11 01:53:00+00:00,112.6875,112.71875,112.6875,112.71875,3.0
2025-06-11 01:55:00+00:00,112.71875,112.71875,112.71875,112.71875,26.0
2025-06-11 01:57:00+00:00,112.71875,112.71875,112.71875,112.71875,23.0
2025-06-11 01:59:00+00:00,112.71875,112.71875,112.71875,112.71875,3.0
2025-06-11 02:00:00+00:00,112.71875,112.71875,112.71875,112.71875,10.0
2025-06-11 02:01:00+00:00,112.71875,112.71875,112.71875,112.71875,14.0
2025-06-11 02:05:00+00:00,112.75,112.75,112.75,112.75,53.0
2025-06-11 02:06:00+00:00,112.75,112.75,112.75,112.75,85.0
2025-06-11 02:07:00+00:00,112.75,112.75,112.75,112.75,33.0
2025-06-11 02:21:00+00:00,112.75,112.75,112.75,112.75,3.0
2025-06-11 02:30:00+00:00,112.71875,112.71875,112.6875,112.71875,40.0
2025-06-11 02:31:00+00:00,112.6875,112.6875,112.6875,112.6875,566.0
2025-06-11 02:33:00+00:00,112.65625,112.65625,112.65625,112.65625,434.0
2025-06-11 02:34:00+00:00,112.6875,112.6875,112.6875,112.6875,10.0
2025-06-11 02:35:00+00:00,112.6875,112.6875,112.6875,112.6875,85.0
2025-06-11 02:37:00+00:00,112.6875,112.6875,112.6875,112.6875,107.0
2025-06-11 02:46:00+00:00,112.71875,112.71875,112.71875,112.71875,61.0
2025-06-11 02:48:00+00:00,112.71875,112.71875,112.71875,112.71875,22.0
2025-06-11 02:56:00+00:00,112.71875,112.71875,112.71875,112.71875,49.0
2025-06-11 03:00:00+00:00,112.71875,112.71875,112.71875,112.71875,195.0
2025-06-11 03:03:00+00:00,112.71875,112.71875,112.71875,112.71875,32.0
2025-06-11 03:07:00+00:00,112.65625,112.6875,112.65625,112.6875,70.0
2025-06-11 03:08:00+00:00,112.6875,112.6875,112.6875,112.6875,18.0
2025-06-11 03:09:00+00:00,112.6875,112.6875,112.6875,112.6875,15.0
2025-06-11 03:35:00+00:00,112.71875,112.71875,112.6875,112.6875,73.0
2025-06-11 03:45:00+00:00,112.71875,112.71875,112.6875,112.6875,45.0
2025-06-11 03:47:00+00:00,112.6875,112.6875,112.6875,112.6875,45.0
2025-06-11 03:51:00+00:00,112.6875,112.6875,112.6875,112.6875,34.0
2025-06-11 03:54:00+00:00,112.6875,112.6875,112.6875,112.6875,36.0
2025-06-11 04:00:00+00:00,112.625,112.65625,112.625,112.65625,110.0
2025-06-11 04:03:00+00:00,112.625,112.625,112.625,112.625,5.0
2025-06-11 04:04:00+00:00,112.625,112.625,112.625,112.625,61.0
2025-06-11 04:07:00+00:00,112.59375,112.59375,112.59375,112.59375,18.0
2025-06-11 04:10:00+00:00,112.625,112.625,112.625,112.625,69.0
2025-06-11 04:11:00+00:00,112.625,112.625,112.625,112.625,145.0
2025-06-11 04:18:00+00:00,112.5625,112.5625,112.5625,112.5625,4.0
2025-06-11 04:23:00+00:00,112.59375,112.59375,112.59375,112.59375,124.0
2025-06-11 04:25:00+00:00,112.59375,112.59375,112.59375,112.59375,28.0
2025-06-11 04:27:00+00:00,112.5625,112.5625,112.5625,112.5625,53.0
2025-06-11 04:33:00+00:00,112.5625,112.5625,112.5625,112.5625,24.0
2025-06-11 04:38:00+00:00,112.5625,112.5625,112.5625,112.5625,6.0
2025-06-11 04:44:00+00:00,112.5625,112.5625,112.5625,112.5625,65.0
2025-06-11 04:49:00+00:00,112.53125,112.5625,112.53125,112.5625,2.0
2025-06-11 04:50:00+00:00,112.5625,112.5625,112.53125,112.53125,2.0
2025-06-11 04:53:00+00:00,112.5625,112.5625,112.5625,112.5625,3.0
2025-06-11 04:54:00+00:00,112.5625,112.5625,112.5625,112.5625,2.0
2025-06-11 04:55:00+00:00,112.5625,112.5625,112.5625,112.5625,17.0
2025-06-11 04:56:00+00:00,112.5625,112.5625,112.5625,112.5625,54.0
2025-06-11 05:01:00+00:00,112.5625,112.5625,112.5625,112.5625,55.0
2025-06-11 05:05:00+00:00,112.5625,112.5625,112.5625,112.5625,103.0
2025-06-11 05:12:00+00:00,112.53125,112.53125,112.53125,112.53125,53.0
2025-06-11 05:15:00+00:00,112.53125,112.53125,112.53125,112.53125,8.0
2025-06-11 05:17:00+00:00,112.5625,112.5625,112.5625,112.5625,49.0
2025-06-11 05:18:00+00:00,112.53125,112.5625,112.53125,112.5625,21.0
2025-06-11 05:21:00+00:00,112.5625,112.5625,112.5625,112.5625,60.0
2025-06-11 05:26:00+00:00,112.53125,112.53125,112.53125,112.53125,24.0
2025-06-11 05:29:00+00:00,112.53125,112.53125,112.53125,112.53125,109.0
2025-06-11 05:30:00+00:00,112.53125,112.53125,112.53125,112.53125,31.0
2025-06-11 05:31:00+00:00,112.5,112.53125,112.5,112.53125,9.0
2025-06-11 05:32:00+00:00,112.53125,112.53125,112.5,112.53125,45.0
2025-06-11 05:34:00+00:00,112.5,112.5,112.5,112.5,62.0
2025-06-11 05:53:00+00:00,112.5,112.5,112.5,112.5,151.0
2025-06-11 05:54:00+00:00,112.5,112.5,112.46875,112.5,72.0
2025-06-11 06:03:00+00:00,112.53125,112.53125,112.5,112.5,224.0
2025-06-11 06:04:00+00:00,112.5,112.53125,112.5,112.53125,7.0
2025-06-11 06:05:00+00:00,112.5,112.5,112.5,112.5,163.0
2025-06-11 06:09:00+00:00,112.5,112.5,112.5,112.5,244.0
2025-06-11 06:12:00+00:00,112.46875,112.46875,112.46875,112.46875,166.0
2025-06-11 06:13:00+00:00,112.46875,112.46875,112.46875,112.46875,91.0
2025-06-11 06:14:00+00:00,112.4375,112.46875,112.4375,112.4375,84.0
2025-06-11 06:20:00+00:00,112.40625,112.40625,112.40625,112.40625,135.0
2025-06-11 06:21:00+00:00,112.40625,112.40625,112.40625,112.40625,96.0
2025-06-11 06:23:00+00:00,112.4375,112.4375,112.40625,112.40625,9.0
2025-06-11 06:25:00+00:00,112.40625,112.40625,112.40625,112.40625,64.0
2025-06-11 06:27:00+00:00,112.4375,112.46875,112.4375,112.4375,46.0
2025-06-11 06:28:00+00:00,112.40625,112.4375,112.40625,112.4375,36.0
2025-06-11 06:29:00+00:00,112.40625,112.40625,112.40625,112.40625,66.0
2025-06-11 06:31:00+00:00,112.4375,112.4375,112.40625,112.40625,132.0
2025-06-11 06:32:00+00:00,112.40625,112.4375,112.40625,112.4375,147.0
2025-06-11 06:33:00+00:00,112.375,112.40625,112.375,112.40625,161.0
2025-06-11 06:34:00+00:00,112.34375,112.375,112.3125,112.375,382.0
2025-06-11 06:35:00+00:00,112.375,112.375,112.34375,112.34375,237.0
2025-06-11 06:38:00+00:00,112.3125,112.34375,112.3125,112.34375,360.0
2025-06-11 06:39:00+00:00,112.3125,112.34375,112.3125,112.3125,11.0
2025-06-11 06:41:00+00:00,112.34375,112.34375,112.3125,112.3125,350.0
2025-06-11 06:43:00+00:00,112.34375,112.34375,112.3125,112.3125,547.0
2025-06-11 06:46:00+00:00,112.375,112.375,112.34375,112.34375,268.0
2025-06-11 06:48:00+00:00,112.375,112.375,112.375,112.375,148.0
2025-06-11 06:50:00+00:00,112.375,112.375,112.375,112.375,80.0
2025-06-11 06:53:00+00:00,112.375,112.375,112.375,112.375,157.0
2025-06-11 06:54:00+00:00,112.375,112.375,112.375,112.375,218.0
2025-06-11 06:55:00+00:00,112.375,112.375,112.375,112.375,95.0
2025-06-11 06:57:00+00:00,112.375,112.375,112.375,112.375,121.0
2025-06-11 06:58:00+00:00,112.375,112.375,112.375,112.375,52.0
2025-06-11 07:00:00+00:00,112.375,112.375,112.3125,112.34375,389.0
2025-06-11 07:01:00+00:00,112.375,112.375,112.3125,112.34375,104.0
2025-06-11 07:04:00+00:00,112.34375,112.34375,112.34375,112.34375,55.0
2025-06-11 07:06:00+00:00,112.34375,112.34375,112.34375,112.34375,10.0
2025-06-11 07:09:00+00:00,112.3125,112.34375,112.3125,112.34375,202.0
2025-06-11 07:10:00+00:00,112.3125,112.34375,112.3125,112.34375,47.0
2025-06-11 07:12:00+00:00,112.3125,112.3125,112.3125,112.3125,248.0
2025-06-11 07:13:00+00:00,112.3125,112.3125,112.3125,112.3125,210.0
2025-06-11 07:15:00+00:00,112.34375,112.34375,112.3125,112.3125,162.0
2025-06-11 07:16:00+00:00,112.3125,112.3125,112.3125,112.3125,44.0
2025-06-11 07:17:00+00:00,112.3125,112.3125,112.28125,112.3125,174.0
2025-06-11 07:18:00+00:00,112.34375,112.34375,112.3125,112.3125,39.0
2025-06-11 07:19:00+00:00,112.3125,112.34375,112.3125,112.34375,29.0
2025-06-11 07:20:00+00:00,112.3125,112.3125,112.3125,112.3125,134.0
2025-06-11 07:21:00+00:00,112.34375,112.34375,112.3125,112.3125,487.0
2025-06-11 07:22:00+00:00,112.34375,112.34375,112.34375,112.34375,155.0
2025-06-11 07:23:00+00:00,112.34375,112.34375,112.34375,112.34375,152.0
2025-06-11 07:24:00+00:00,112.375,112.375,112.375,112.375,11.0
2025-06-11 07:25:00+00:00,112.375,112.375,112.375,112.375,46.0
2025-06-11 07:28:00+00:00,112.34375,112.34375,112.34375,112.34375,266.0
2025-06-11 07:30:00+00:00,112.34375,112.34375,112.3125,112.34375,91.0
2025-06-11 07:31:00+00:00,112.34375,112.34375,112.34375,112.34375,48.0
2025-06-11 07:32:00+00:00,112.34375,112.34375,112.34375,112.34375,76.0
2025-06-11 07:33:00+00:00,112.375,112.375,112.34375,112.34375,22.0
2025-06-11 07:35:00+00:00,112.375,112.375,112.34375,112.375,345.0
2025-06-11 07:36:00+00:00,112.375,112.375,112.375,112.375,248.0
2025-06-11 07:37:00+00:00,112.375,112.375,112.375,112.375,51.0
2025-06-11 07:38:00+00:00,112.375,112.375,112.375,112.375,109.0
2025-06-11 07:39:00+00:00,112.3125,112.34375,112.3125,112.34375,129.0
2025-06-11 07:44:00+00:00,112.375,112.375,112.375,112.375,133.0
2025-06-11 07:45:00+00:00,112.375,112.375,112.375,112.375,92.0
2025-06-11 07:46:00+00:00,112.34375,112.34375,112.34375,112.34375,16.0
2025-06-11 07:47:00+00:00,112.34375,112.34375,112.34375,112.34375,4.0
2025-06-11 07:49:00+00:00,112.375,112.375,112.34375,112.375,60.0
2025-06-11 07:50:00+00:00,112.34375,112.375,112.3125,112.375,525.0
2025-06-11 07:54:00+00:00,112.34375,112.34375,112.34375,112.34375,93.0
2025-06-11 07:55:00+00:00,112.3125,112.3125,112.3125,112.3125,237.0
2025-06-11 07:57:00+00:00,112.34375,112.375,112.34375,112.34375,136.0
2025-06-11 07:59:00+00:00,112.3125,112.34375,112.3125,112.34375,113.0
2025-06-11 08:00:00+00:00,112.34375,112.34375,112.3125,112.3125,4.0
2025-06-11 08:01:00+00:00,112.34375,112.34375,112.3125,112.3125,5.0
2025-06-11 08:02:00+00:00,112.3125,112.3125,112.3125,112.3125,189.0
2025-06-11 08:03:00+00:00,112.3125,112.34375,112.3125,112.3125,196.0
2025-06-11 08:05:00+00:00,112.3125,112.3125,112.3125,112.3125,6.0
2025-06-11 08:06:00+00:00,112.3125,112.3125,112.3125,112.3125,15.0
2025-06-11 08:07:00+00:00,112.3125,112.3125,112.3125,112.3125,69.0
2025-06-11 08:08:00+00:00,112.28125,112.3125,112.28125,112.3125,247.0
2025-06-11 08:21:00+00:00,112.3125,112.3125,112.31199645996094,112.31199645996094,939.0
2025-06-11 08:22:00+00:00,112.3125,112.3125,112.3125,112.3125,54.0
2025-06-11 08:28:00+00:00,112.34375,112.34375,112.34375,112.34375,183.0
2025-06-11 08:29:00+00:00,112.34375,112.34375,112.34375,112.34375,17.0
2025-06-11 08:32:00+00:00,112.34375,112.34375,112.34375,112.34375,39.0
2025-06-11 08:33:00+00:00,112.375,112.375,112.34375,112.375,80.0
2025-06-11 08:34:00+00:00,112.375,112.375,112.375,112.375,202.0
2025-06-11 08:35:00+00:00,112.375,112.375,112.375,112.375,20.0
2025-06-11 08:36:00+00:00,112.40625,112.4375,112.40625,112.40625,275.0
2025-06-11 08:37:00+00:00,112.40625,112.40625,112.40625,112.40625,63.0
2025-06-11 08:38:00+00:00,112.4375,112.4375,112.40625,112.40625,93.0
2025-06-11 08:39:00+00:00,112.4375,112.4375,112.4375,112.4375,143.0
2025-06-11 08:40:00+00:00,112.40625,112.40625,112.40625,112.40625,133.0
2025-06-11 08:41:00+00:00,112.40625,112.40625,112.40625,112.40625,44.0
2025-06-11 08:43:00+00:00,112.375,112.375,112.375,112.375,169.0
2025-06-11 08:44:00+00:00,112.375,112.375,112.375,112.375,88.0
2025-06-11 08:48:00+00:00,112.375,112.375,112.375,112.375,96.0
2025-06-11 08:52:00+00:00,112.3125,112.34375,112.3125,112.34375,99.0
2025-06-11 08:53:00+00:00,112.34375,112.34375,112.34375,112.34375,170.0
2025-06-11 08:54:00+00:00,112.34375,112.34375,112.34375,112.34375,283.0
2025-06-11 08:55:00+00:00,112.34375,112.34375,112.34375,112.34375,49.0
2025-06-11 08:56:00+00:00,112.34375,112.34375,112.34375,112.34375,122.0
2025-06-11 09:00:00+00:00,112.34375,112.34375,112.34375,112.34375,292.0
2025-06-11 09:01:00+00:00,112.34375,112.34375,112.34375,112.34375,331.0
2025-06-11 09:02:00+00:00,112.34375,112.34375,112.34375,112.34375,35.0
2025-06-11 09:04:00+00:00,112.3125,112.34375,112.3125,112.34375,25.0
2025-06-11 09:07:00+00:00,112.3125,112.3125,112.3125,112.3125,323.0
2025-06-11 09:09:00+00:00,112.3125,112.34375,112.3125,112.3125,43.0
2025-06-11 09:10:00+00:00,112.34375,112.375,112.34375,112.34375,221.0
2025-06-11 09:13:00+00:00,112.375,112.375,112.375,112.375,127.0
2025-06-11 09:15:00+00:00,112.375,112.375,112.375,112.375,154.0
2025-06-11 09:17:00+00:00,112.34375,112.375,112.34375,112.375,68.0
2025-06-11 09:19:00+00:00,112.34375,112.34375,112.34375,112.34375,159.0
2025-06-11 09:20:00+00:00,112.3125,112.3125,112.3125,112.3125,133.0
2025-06-11 09:21:00+00:00,112.3125,112.3125,112.3125,112.3125,46.0
2025-06-11 09:22:00+00:00,112.3125,112.34375,112.3125,112.3125,146.0
2025-06-11 09:24:00+00:00,112.3125,112.3125,112.28125,112.3125,12.0
2025-06-11 09:27:00+00:00,112.3125,112.3125,112.28125,112.28125,9.0
2025-06-11 09:28:00+00:00,112.25,112.28125,112.1875,112.28125,2259.0
2025-06-11 09:29:00+00:00,112.21875,112.28125,112.21875,112.28125,534.0
2025-06-11 09:30:00+00:00,112.25,112.25,112.25,112.25,562.0
2025-06-11 09:31:00+00:00,112.28125,112.28125,112.25,112.25,590.0
2025-06-11 09:32:00+00:00,112.25,112.28125,112.25,112.28125,227.0
2025-06-11 09:33:00+00:00,112.25,112.25,112.25,112.25,272.0
2025-06-11 09:34:00+00:00,112.21875,112.25,112.21875,112.25,44.0
2025-06-11 09:37:00+00:00,112.21875,112.21875,112.21875,112.21875,222.0
2025-06-11 09:38:00+00:00,112.21875,112.21875,112.21875,112.21875,3.0
2025-06-11 09:39:00+00:00,112.15625,112.1875,112.15625,112.1875,1011.0
2025-06-11 09:40:00+00:00,112.15625,112.15625,112.15625,112.15625,72.0
2025-06-11 09:41:00+00:00,112.15625,112.1875,112.15625,112.15625,174.0
2025-06-11 09:42:00+00:00,112.1875,112.1875,112.15625,112.15625,275.0
2025-06-11 09:43:00+00:00,112.21875,112.21875,112.21875,112.21875,124.0
2025-06-11 09:44:00+00:00,112.21875,112.25,112.21875,112.21875,70.0
2025-06-11 09:45:00+00:00,112.21875,112.21875,112.21875,112.21875,27.0
2025-06-11 09:46:00+00:00,112.21875,112.25,112.21875,112.25,52.0
2025-06-11 09:48:00+00:00,112.25,112.25,112.25,112.25,25.0
2025-06-11 09:50:00+00:00,112.25,112.25,112.25,112.25,4.0
2025-06-11 09:51:00+00:00,112.21875,112.25,112.21875,112.25,2.0
2025-06-11 09:54:00+00:00,112.25,112.25,112.25,112.25,221.0
2025-06-11 09:55:00+00:00,112.25,112.28125,112.25,112.25,148.0
2025-06-11 09:56:00+00:00,112.25,112.28125,112.25,112.28125,322.0
2025-06-11 09:57:00+00:00,112.1875,112.21875,112.1875,112.21875,228.0
2025-06-11 09:58:00+00:00,112.1875,112.1875,112.1875,112.1875,120.0
2025-06-11 09:59:00+00:00,112.21875,112.21875,112.21875,112.21875,121.0
2025-06-11 10:01:00+00:00,112.21875,112.21875,112.21875,112.21875,56.0
2025-06-11 10:02:00+00:00,112.21875,112.21875,112.21875,112.21875,452.0
2025-06-11 10:03:00+00:00,112.1875,112.21875,112.1875,112.1875,47.0
2025-06-11 10:04:00+00:00,112.21875,112.21875,112.1875,112.1875,271.0
2025-06-11 10:05:00+00:00,112.1875,112.1875,112.1875,112.1875,3.0
2025-06-11 10:06:00+00:00,112.21875,112.21875,112.21875,112.21875,354.0
2025-06-11 10:07:00+00:00,112.1875,112.21875,112.1875,112.21875,3.0
2025-06-11 10:08:00+00:00,112.1875,112.21875,112.1875,112.1875,4.0
2025-06-11 10:09:00+00:00,112.1875,112.21875,112.1875,112.1875,259.0
2025-06-11 10:10:00+00:00,112.1875,112.21875,112.1875,112.1875,514.0
2025-06-11 10:11:00+00:00,112.15625,112.21875,112.15625,112.1875,666.0
2025-06-11 10:12:00+00:00,112.15625,112.15625,112.15625,112.15625,156.0
2025-06-11 10:13:00+00:00,112.15625,112.15625,112.15625,112.15625,15.0
2025-06-11 10:14:00+00:00,112.1875,112.1875,112.15625,112.15625,645.0
2025-06-11 10:15:00+00:00,112.1875,112.1875,112.15625,112.1875,139.0
2025-06-11 10:16:00+00:00,112.1875,112.1875,112.15625,112.15625,35.0
2025-06-11 10:18:00+00:00,112.15625,112.1875,112.15625,112.1875,9.0
2025-06-11 10:19:00+00:00,112.15625,112.1875,112.15625,112.1875,285.0
2025-06-11 10:20:00+00:00,112.1875,112.1875,112.1875,112.1875,34.0
2025-06-11 10:21:00+00:00,112.1875,112.1875,112.1875,112.1875,231.0
2025-06-11 10:22:00+00:00,112.1875,112.1875,112.1875,112.1875,18.0
2025-06-11 10:23:00+00:00,112.1875,112.1875,112.1875,112.1875,59.0
2025-06-11 10:24:00+00:00,112.1875,112.21875,112.1875,112.21875,61.0
2025-06-11 10:25:00+00:00,112.1875,112.1875,112.1875,112.1875,24.0
2025-06-11 10:26:00+00:00,112.15625,112.1875,112.15625,112.1875,45.0
2025-06-11 10:30:00+00:00,112.15625,112.1875,112.125,112.1875,256.0
2025-06-11 10:31:00+00:00,112.15625,112.15625,112.125,112.125,84.0
2025-06-11 10:32:00+00:00,112.15625,112.15625,112.15625,112.15625,477.0
2025-06-11 10:33:00+00:00,112.15625,112.15625,112.125,112.125,11.0
2025-06-11 10:34:00+00:00,112.15625,112.15625,112.15625,112.15625,40.0
2025-06-11 10:36:00+00:00,112.15625,112.1875,112.15625,112.15625,576.0
2025-06-11 10:38:00+00:00,112.15625,112.15625,112.15625,112.15625,314.0
2025-06-11 10:39:00+00:00,112.125,112.15625,112.125,112.15625,54.0
2025-06-11 10:40:00+00:00,112.09375,112.125,112.09375,112.125,178.0
2025-06-11 10:41:00+00:00,112.09375,112.09375,112.09375,112.09375,41.0
2025-06-11 10:42:00+00:00,112.09375,112.09375,112.09375,112.09375,77.0
2025-06-11 10:43:00+00:00,112.09375,112.125,112.09375,112.09375,240.0
2025-06-11 10:44:00+00:00,112.09375,112.125,112.09375,112.125,192.0
2025-06-11 10:46:00+00:00,112.125,112.125,112.09375,112.125,96.0
2025-06-11 10:50:00+00:00,112.125,112.125,112.09375,112.09375,479.0
2025-06-11 10:51:00+00:00,112.125,112.125,112.125,112.125,375.0
2025-06-11 10:52:00+00:00,112.125,112.125,112.125,112.125,258.0
2025-06-11 10:53:00+00:00,112.15625,112.15625,112.125,112.125,175.0
2025-06-11 10:54:00+00:00,112.15625,112.15625,112.125,112.125,42.0
2025-06-11 10:55:00+00:00,112.125,112.125,112.125,112.125,301.0
2025-06-11 10:56:00+00:00,112.15625,112.15625,112.125,112.15625,64.0
2025-06-11 10:57:00+00:00,112.15625,112.15625,112.15625,112.15625,168.0
2025-06-11 10:58:00+00:00,112.125,112.15625,112.125,112.15625,299.0
2025-06-11 10:59:00+00:00,112.125,112.125,112.09375,112.09375,300.0
2025-06-11 11:00:00+00:00,112.125,112.125,112.125,112.125,239.0
2025-06-11 11:01:00+00:00,112.125,112.125,112.125,112.125,84.0
2025-06-11 11:02:00+00:00,112.09375,112.125,112.09375,112.125,74.0
2025-06-11 11:03:00+00:00,112.15625,112.15625,112.09375,112.09375,433.0
2025-06-11 11:04:00+00:00,112.15625,112.15625,112.125,112.15625,127.0
2025-06-11 11:06:00+00:00,112.15625,112.15625,112.125,112.125,95.0
2025-06-11 11:07:00+00:00,112.15625,112.15625,112.125,112.15625,333.0
2025-06-11 11:08:00+00:00,112.15625,112.15625,112.125,112.15625,51.0
2025-06-11 11:09:00+00:00,112.125,112.15625,112.125,112.125,74.0
2025-06-11 11:10:00+00:00,112.125,112.15625,112.125,112.15625,331.0
2025-06-11 11:11:00+00:00,112.125,112.15625,112.125,112.125,46.0
2025-06-11 11:12:00+00:00,112.125,112.15625,112.125,112.15625,95.0
2025-06-11 11:13:00+00:00,112.15625,112.1875,112.15625,112.15625,480.0
2025-06-11 11:14:00+00:00,112.1875,112.1875,112.15625,112.15625,220.0
2025-06-11 11:15:00+00:00,112.1875,112.1875,112.15625,112.15625,64.0
2025-06-11 11:16:00+00:00,112.125,112.1875,112.125,112.15625,467.0
2025-06-11 11:17:00+00:00,112.15625,112.15625,112.125,112.125,103.0
2025-06-11 11:18:00+00:00,112.15625,112.15625,112.15625,112.15625,478.0
2025-06-11 11:19:00+00:00,112.15625,112.15625,112.125,112.125,460.0
2025-06-11 11:20:00+00:00,112.125,112.15625,112.125,112.15625,56.0
2025-06-11 11:21:00+00:00,112.1875,112.1875,112.125,112.15625,349.0
2025-06-11 11:22:00+00:00,112.1875,112.1875,112.15625,112.1875,212.0
2025-06-11 11:23:00+00:00,112.1875,112.1875,112.1875,112.1875,53.0
2025-06-11 11:24:00+00:00,112.1875,112.1875,112.15625,112.1875,111.0
2025-06-11 11:25:00+00:00,112.15625,112.1875,112.15625,112.15625,170.0
2025-06-11 11:26:00+00:00,112.1875,112.1875,112.125,112.15625,106.0
2025-06-11 11:27:00+00:00,112.21875,112.21875,112.1875,112.1875,170.0
2025-06-11 11:28:00+00:00,112.21875,112.21875,112.1875,112.21875,124.0
2025-06-11 11:29:00+00:00,112.21875,112.21875,112.1875,112.1875,61.0
2025-06-11 11:30:00+00:00,112.28125,112.28125,112.21875,112.21875,335.0
2025-06-11 11:31:00+00:00,112.25,112.28125,112.25,112.25,233.0
2025-06-11 11:33:00+00:00,112.25,112.25,112.25,112.25,648.0
2025-06-11 11:34:00+00:00,112.28125,112.28125,112.25,112.25,180.0
2025-06-11 11:35:00+00:00,112.3125,112.3125,112.25,112.28125,192.0
2025-06-11 11:36:00+00:00,112.28125,112.28125,112.28125,112.28125,187.0
2025-06-11 11:37:00+00:00,112.28125,112.28125,112.28125,112.28125,205.0
2025-06-11 11:38:00+00:00,112.28125,112.28125,112.28125,112.28125,210.0
2025-06-11 11:39:00+00:00,112.25,112.28125,112.25,112.28125,59.0
2025-06-11 11:40:00+00:00,112.28125,112.3125,112.28125,112.28125,733.0
2025-06-11 11:41:00+00:00,112.28125,112.3125,112.28125,112.28125,688.0
2025-06-11 11:42:00+00:00,112.28125,112.3125,112.28125,112.28125,826.0
2025-06-11 11:43:00+00:00,112.28125,112.3125,112.28125,112.28125,122.0
2025-06-11 11:44:00+00:00,112.3125,112.3125,112.28125,112.3125,192.0
2025-06-11 11:45:00+00:00,112.25,112.3125,112.25,112.28125,275.0
2025-06-11 11:46:00+00:00,112.28125,112.28125,112.25,112.25,103.0
2025-06-11 11:47:00+00:00,112.25,112.28125,112.25,112.25,494.0
2025-06-11 11:48:00+00:00,112.25,112.25,112.25,112.25,255.0
2025-06-11 11:49:00+00:00,112.25,112.28125,112.25,112.25,187.0
2025-06-11 11:50:00+00:00,112.25,112.25,112.25,112.25,51.0
2025-06-11 11:51:00+00:00,112.21875,112.21875,112.21875,112.21875,293.0
2025-06-11 11:54:00+00:00,112.25,112.25,112.21875,112.21875,56.0
2025-06-11 11:55:00+00:00,112.1875,112.25,112.1875,112.25,201.0
2025-06-11 11:59:00+00:00,112.21875,112.25,112.21875,112.21875,510.0
2025-06-11 12:00:00+00:00,112.25,112.25,112.21875,112.21875,684.0
2025-06-11 12:01:00+00:00,112.25,112.28125,112.25,112.25,428.0
2025-06-11 12:02:00+00:00,112.25,112.25,112.21875,112.21875,3.0
2025-06-11 12:03:00+00:00,112.15625,112.21875,112.15625,112.21875,546.0
2025-06-11 12:04:00+00:00,112.125,112.1875,112.125,112.15625,1135.0
2025-06-11 12:05:00+00:00,112.1875,112.21875,112.15625,112.15625,711.0
2025-06-11 12:06:00+00:00,112.21875,112.25,112.21875,112.21875,409.0
2025-06-11 12:07:00+00:00,112.21875,112.25,112.21875,112.21875,148.0
2025-06-11 12:08:00+00:00,112.1875,112.25,112.1875,112.21875,253.0
2025-06-11 12:09:00+00:00,112.125,112.1875,112.125,112.1875,396.0
2025-06-11 12:10:00+00:00,112.1875,112.1875,112.15625,112.15625,255.0
2025-06-11 12:11:00+00:00,112.21875,112.21875,112.1875,112.1875,366.0
2025-06-11 12:12:00+00:00,112.1875,112.21875,112.1875,112.21875,150.0
2025-06-11 12:13:00+00:00,112.1875,112.21875,112.15625,112.1875,330.0
2025-06-11 12:14:00+00:00,112.1875,112.1875,112.15625,112.15625,474.0
2025-06-11 12:15:00+00:00,112.1875,112.21875,112.1875,112.1875,183.0
2025-06-11 12:16:00+00:00,112.21875,112.21875,112.1875,112.1875,85.0
2025-06-11 12:17:00+00:00,112.21875,112.25,112.21875,112.21875,191.0
2025-06-11 12:18:00+00:00,112.25,112.25,112.21875,112.21875,83.0
2025-06-11 12:19:00+00:00,112.21875,112.21875,112.1875,112.21875,716.0
2025-06-11 12:20:00+00:00,112.15625,112.25,112.15625,112.21875,666.0
2025-06-11 12:21:00+00:00,112.1875,112.1875,112.15625,112.15625,154.0
2025-06-11 12:24:00+00:00,112.15625,112.1875,112.15625,112.15625,1217.0
2025-06-11 12:25:00+00:00,112.15625,112.1875,112.15625,112.1875,649.0
2025-06-11 12:26:00+00:00,112.21875,112.21875,112.15625,112.15625,405.0
2025-06-11 12:27:00+00:00,112.21875,112.25,112.1875,112.1875,761.0
2025-06-11 12:28:00+00:00,112.1875,112.21875,112.1875,112.21875,305.0
2025-06-11 12:29:00+00:00,112.1875,112.1875,112.125,112.15625,458.0
2025-06-11 12:30:00+00:00,112.71875,112.96875,111.9375,112.1875,10380.0
2025-06-11 12:31:00+00:00,112.8125,112.84375,112.75,112.75,3324.0
2025-06-11 12:32:00+00:00,112.65625,112.8125,112.65625,112.78125,3313.0
2025-06-11 12:33:00+00:00,112.75,112.78125,112.65625,112.6875,2132.0
2025-06-11 12:34:00+00:00,112.65625,112.75,112.65625,112.71875,2491.0
2025-06-11 12:35:00+00:00,112.8125,112.8125,112.6875,112.6875,2687.0
2025-06-11 12:36:00+00:00,112.90625,112.9375,112.8125,112.84375,2743.0
2025-06-11 12:37:00+00:00,112.84375,112.90625,112.84375,112.875,1344.0
2025-06-11 12:38:00+00:00,112.75,112.84375,112.75,112.84375,969.0
2025-06-11 12:39:00+00:00,112.78125,112.78125,112.6875,112.78125,1393.0
2025-06-11 12:40:00+00:00,112.8125,112.84375,112.78125,112.78125,1107.0
2025-06-11 12:41:00+00:00,112.84375,112.875,112.8125,112.8125,1290.0
2025-06-11 12:42:00+00:00,112.96875,113.0,112.84375,112.84375,2326.0
2025-06-11 12:49:00+00:00,113.09375,113.09375,113.03125,113.03125,8227.0
2025-06-11 12:50:00+00:00,113.09375,113.09375,113.0625,113.09375,222.0
2025-06-11 12:51:00+00:00,113.09375,113.09375,113.0625,113.09375,3584.0
2025-06-11 12:52:00+00:00,113.09375,113.125,113.09375,113.09375,915.0
2025-06-11 12:53:00+00:00,113.0625,113.125,113.0625,113.09375,1854.0
2025-06-11 12:54:00+00:00,113.125,113.125,113.03125,113.03125,358.0
2025-06-11 12:55:00+00:00,113.1875,113.1875,113.125,113.125,1663.0
2025-06-11 12:56:00+00:00,113.125,113.1875,113.125,113.1875,1214.0
2025-06-11 12:57:00+00:00,113.03125,113.125,113.03125,113.125,1532.0
2025-06-11 12:58:00+00:00,112.96875,113.0625,112.96875,113.0,1322.0
2025-06-11 12:59:00+00:00,112.9375,113.03125,112.9375,113.0,933.0
2025-06-11 13:00:00+00:00,113.0625,113.0625,112.9375,112.9375,2128.0
2025-06-11 13:01:00+00:00,113.09375,113.125,113.03125,113.03125,679.0
2025-06-11 13:02:00+00:00,113.0625,113.125,113.0625,113.09375,964.0
2025-06-11 13:03:00+00:00,113.0625,113.09375,113.03125,113.0625,1265.0
2025-06-11 13:04:00+00:00,113.0,113.0625,113.0,113.03125,1754.0
2025-06-11 13:05:00+00:00,112.90625,113.0,112.90625,113.0,968.0
2025-06-11 13:06:00+00:00,112.90625,112.9375,112.90625,112.9375,393.0
2025-06-11 13:07:00+00:00,112.875,112.9375,112.875,112.90625,706.0
2025-06-11 13:08:00+00:00,112.875,112.875,112.84375,112.875,974.0
2025-06-11 13:09:00+00:00,112.84375,112.90625,112.84375,112.84375,490.0
2025-06-11 13:10:00+00:00,112.84375,112.875,112.84375,112.84375,966.0
2025-06-11 13:11:00+00:00,112.875,112.875,112.84375,112.875,127.0
2025-06-11 13:12:00+00:00,112.90625,112.90625,112.875,112.875,1178.0
2025-06-11 13:13:00+00:00,112.96875,112.96875,112.90625,112.90625,516.0
2025-06-11 13:14:00+00:00,112.96875,112.96875,112.9375,112.96875,206.0
2025-06-11 13:17:00+00:00,112.96875,112.96875,112.96875,112.96875,1697.0
2025-06-11 13:18:00+00:00,112.90625,113.0,112.90625,113.0,2484.0
2025-06-11 13:19:00+00:00,112.90625,112.9375,112.875,112.90625,1275.0
2025-06-11 13:20:00+00:00,112.90625,112.90625,112.875,112.875,138.0
2025-06-11 13:21:00+00:00,112.875,112.90625,112.875,112.875,518.0
2025-06-11 13:22:00+00:00,112.875,112.90625,112.875,112.875,236.0
2025-06-11 13:23:00+00:00,112.8125,112.875,112.8125,112.875,272.0
2025-06-11 13:24:00+00:00,112.84375,112.84375,112.8125,112.8125,334.0
2025-06-11 13:25:00+00:00,112.78125,112.84375,112.78125,112.84375,1777.0
2025-06-11 13:26:00+00:00,112.78125,112.8125,112.78125,112.78125,300.0
2025-06-11 13:27:00+00:00,112.84375,112.84375,112.8125,112.8125,718.0
2025-06-11 13:28:00+00:00,112.84375,112.84375,112.84375,112.84375,1145.0
2025-06-11 13:29:00+00:00,112.75,112.8125,112.75,112.8125,542.0
2025-06-11 13:30:00+00:00,112.78125,112.8125,112.75,112.75,304.0
2025-06-11 13:31:00+00:00,112.78125,112.8125,112.78125,112.78125,1059.0
2025-06-11 13:32:00+00:00,112.84375,112.84375,112.78125,112.8125,516.0
2025-06-11 13:33:00+00:00,112.84375,112.875,112.84375,112.84375,316.0
2025-06-11 13:34:00+00:00,112.90625,112.90625,112.84375,112.84375,300.0
2025-06-11 13:35:00+00:00,112.9375,112.96875,112.90625,112.90625,740.0
2025-06-11 13:36:00+00:00,112.90625,112.9375,112.90625,112.9375,790.0
2025-06-11 13:37:00+00:00,112.90625,112.90625,112.875,112.90625,569.0
2025-06-11 13:39:00+00:00,112.9375,112.9375,112.9375,112.9375,982.0
2025-06-11 13:40:00+00:00,113.0,113.0,112.96875,112.96875,1015.0
2025-06-11 13:41:00+00:00,112.96875,112.96875,112.9375,112.96875,536.0
2025-06-11 13:42:00+00:00,112.96875,112.96875,112.96875,112.96875,437.0
2025-06-11 13:43:00+00:00,112.96875,112.96875,112.96875,112.96875,381.0
2025-06-11 13:44:00+00:00,112.875,112.9375,112.875,112.9375,665.0
2025-06-11 13:45:00+00:00,112.8125,112.875,112.8125,112.875,1121.0
2025-06-11 13:46:00+00:00,112.875,112.875,112.8125,112.84375,364.0
2025-06-11 13:47:00+00:00,112.90625,112.90625,112.875,112.875,381.0
2025-06-11 13:48:00+00:00,112.90625,112.9375,112.875,112.90625,529.0
2025-06-11 13:49:00+00:00,112.875,112.9375,112.875,112.90625,526.0
2025-06-11 13:50:00+00:00,112.9375,112.9375,112.90625,112.90625,136.0
2025-06-11 13:53:00+00:00,112.96875,113.0,112.9375,112.9375,1828.0
2025-06-11 13:54:00+00:00,112.96875,112.96875,112.96875,112.96875,171.0
2025-06-11 13:55:00+00:00,112.9375,112.96875,112.9375,112.9375,1290.0
2025-06-11 13:56:00+00:00,112.9375,112.96875,112.9375,112.96875,20.0
2025-06-11 13:57:00+00:00,112.90625,112.9375,112.90625,112.9375,458.0
2025-06-11 13:58:00+00:00,112.875,112.90625,112.875,112.90625,800.0
2025-06-11 13:59:00+00:00,112.8125,112.875,112.8125,112.875,619.0
2025-06-11 14:00:00+00:00,112.84375,112.84375,112.8125,112.8125,632.0
2025-06-11 14:01:00+00:00,112.8125,112.84375,112.8125,112.84375,473.0
2025-06-11 14:02:00+00:00,112.8125,112.84375,112.8125,112.8125,350.0
2025-06-11 14:03:00+00:00,112.8125,112.84375,112.8125,112.8125,650.0
2025-06-11 14:04:00+00:00,112.78125,112.84375,112.78125,112.8125,324.0
2025-06-11 14:05:00+00:00,112.78125,112.78125,112.75,112.78125,259.0
2025-06-11 14:06:00+00:00,112.78125,112.8125,112.78125,112.78125,586.0
2025-06-11 14:07:00+00:00,112.6875,112.75,112.6875,112.75,1108.0
2025-06-11 14:08:00+00:00,112.6875,112.71875,112.65625,112.71875,605.0
2025-06-11 14:09:00+00:00,112.75,112.78125,112.71875,112.71875,1323.0
2025-06-11 14:12:00+00:00,112.65625,112.65625,112.65625,112.65625,1004.0
2025-06-11 14:13:00+00:00,112.6875,112.71875,112.65625,112.65625,1357.0
2025-06-11 14:14:00+00:00,112.6875,112.71875,112.65625,112.71875,593.0
2025-06-11 14:15:00+00:00,112.6875,112.6875,112.65625,112.6875,274.0
2025-06-11 14:16:00+00:00,112.71875,112.75,112.6875,112.6875,722.0
2025-06-11 14:17:00+00:00,112.78125,112.78125,112.71875,112.71875,236.0
2025-06-11 14:18:00+00:00,112.78125,112.8125,112.75,112.78125,542.0
2025-06-11 14:19:00+00:00,112.8125,112.8125,112.75,112.75,569.0
2025-06-11 14:20:00+00:00,112.84375,112.84375,112.78125,112.8125,323.0
2025-06-11 14:21:00+00:00,112.84375,112.875,112.8125,112.84375,812.0
2025-06-11 14:22:00+00:00,112.84375,112.875,112.84375,112.875,780.0
2025-06-11 14:23:00+00:00,112.84375,112.875,112.84375,112.875,228.0
2025-06-11 14:24:00+00:00,112.84375,112.84375,112.84375,112.84375,128.0
2025-06-11 14:25:00+00:00,112.84375,112.84375,112.84375,112.84375,357.0
2025-06-11 14:28:00+00:00,112.8125,112.84375,112.8125,112.84375,960.0
2025-06-11 14:29:00+00:00,112.78125,112.8125,112.78125,112.8125,901.0
2025-06-11 14:30:00+00:00,112.8125,112.84375,112.75,112.78125,780.0
2025-06-11 14:31:00+00:00,112.8125,112.8125,112.8125,112.8125,292.0
2025-06-11 14:32:00+00:00,112.78125,112.8125,112.78125,112.8125,597.0
2025-06-11 14:33:00+00:00,112.8125,112.8125,112.8125,112.8125,558.0
2025-06-11 14:36:00+00:00,112.90625,112.90625,112.875,112.875,1597.0
2025-06-11 14:37:00+00:00,112.875,112.9375,112.875,112.90625,663.0
2025-06-11 14:38:00+00:00,112.90625,112.90625,112.875,112.90625,607.0
2025-06-11 14:39:00+00:00,112.90625,112.9375,112.90625,112.90625,487.0
2025-06-11 14:40:00+00:00,112.90625,112.90625,112.90625,112.90625,322.0
2025-06-11 14:41:00+00:00,112.90625,112.90625,112.90625,112.90625,54.0
2025-06-11 14:42:00+00:00,112.9375,112.9375,112.90625,112.90625,304.0
2025-06-11 14:43:00+00:00,112.90625,112.90625,112.875,112.90625,246.0
2025-06-11 14:44:00+00:00,112.90625,112.90625,112.90625,112.90625,273.0
2025-06-11 14:46:00+00:00,113.0,113.0,113.0,113.0,2271.0
2025-06-11 14:47:00+00:00,113.0,113.0,113.0,113.0,614.0
2025-06-11 14:51:00+00:00,113.03125,113.03125,113.0,113.0,2044.0
2025-06-11 14:52:00+00:00,113.03125,113.03125,113.03125,113.03125,2.0
2025-06-11 14:53:00+00:00,113.0,113.03125,112.96875,113.0,830.0
2025-06-11 14:54:00+00:00,112.96875,113.0,112.96875,113.0,904.0
2025-06-11 14:55:00+00:00,112.96875,113.0,112.96875,112.96875,876.0
2025-06-11 14:56:00+00:00,112.96875,112.96875,112.9375,112.96875,188.0
2025-06-11 14:57:00+00:00,113.0,113.0,112.9375,112.9375,186.0
2025-06-11 14:58:00+00:00,113.0,113.0,113.0,113.0,579.0
2025-06-11 15:00:00+00:00,112.90625,112.90625,112.90625,112.90625,1789.0
2025-06-11 15:01:00+00:00,112.90625,112.90625,112.90625,112.90625,266.0
2025-06-11 15:02:00+00:00,112.875,112.875,112.875,112.875,499.0
2025-06-11 15:03:00+00:00,112.90625,112.90625,112.875,112.875,40.0
2025-06-11 15:04:00+00:00,112.875,112.90625,112.875,112.875,581.0
2025-06-11 15:05:00+00:00,112.875,112.90625,112.875,112.875,273.0
2025-06-11 15:08:00+00:00,112.90625,112.9375,112.875,112.90625,957.0
2025-06-11 15:10:00+00:00,112.84375,112.84375,112.84375,112.84375,250.0
2025-06-11 15:11:00+00:00,112.875,112.875,112.875,112.875,488.0
2025-06-11 15:12:00+00:00,112.875,112.875,112.84375,112.875,485.0
2025-06-11 15:13:00+00:00,112.875,112.90625,112.875,112.90625,29.0
2025-06-11 15:15:00+00:00,112.875,112.875,112.875,112.875,1476.0
2025-06-11 15:20:00+00:00,112.84375,112.84375,112.84375,112.84375,1695.0
2025-06-11 15:24:00+00:00,112.875,112.875,112.875,112.875,1236.0
2025-06-11 15:25:00+00:00,112.84375,112.84375,112.84375,112.84375,252.0
2025-06-11 15:28:00+00:00,112.84375,112.84375,112.84375,112.84375,1319.0
2025-06-11 15:29:00+00:00,112.84375,112.84375,112.8125,112.84375,16.0
2025-06-11 15:30:00+00:00,112.84375,112.84375,112.84375,112.84375,112.0
2025-06-11 15:31:00+00:00,112.8125,112.84375,112.8125,112.8125,363.0
2025-06-11 15:32:00+00:00,112.8125,112.8125,112.78125,112.78125,262.0
2025-06-11 15:33:00+00:00,112.84375,112.84375,112.8125,112.8125,253.0
2025-06-11 15:34:00+00:00,112.875,112.875,112.84375,112.84375,209.0
2025-06-11 15:35:00+00:00,112.84375,112.84375,112.84375,112.84375,644.0
2025-06-11 15:36:00+00:00,112.84375,112.84375,112.84375,112.84375,55.0
2025-06-11 15:37:00+00:00,112.84375,112.84375,112.84375,112.84375,88.0
2025-06-11 15:38:00+00:00,112.84375,112.84375,112.84375,112.84375,308.0
2025-06-11 15:39:00+00:00,112.84375,112.84375,112.84375,112.84375,687.0
2025-06-11 15:40:00+00:00,112.875,112.875,112.875,112.875,316.0
2025-06-11 15:41:00+00:00,112.84375,112.875,112.84375,112.875,4.0
2025-06-11 15:42:00+00:00,112.875,112.875,112.875,112.875,7.0
2025-06-11 15:43:00+00:00,112.875,112.875,112.84375,112.875,5.0
2025-06-11 15:44:00+00:00,112.90625,112.90625,112.875,112.875,730.0
2025-06-11 15:45:00+00:00,112.9375,112.9375,112.90625,112.90625,53.0
2025-06-11 15:46:00+00:00,112.90625,112.90625,112.90625,112.90625,276.0
2025-06-11 15:50:00+00:00,112.9375,112.9375,112.9375,112.9375,1961.0
2025-06-11 15:51:00+00:00,112.9375,112.9375,112.9375,112.9375,1142.0
2025-06-11 15:53:00+00:00,112.96875,112.96875,112.96875,112.96875,105.0
2025-06-11 15:54:00+00:00,112.96875,112.96875,112.9375,112.96875,540.0
2025-06-11 15:55:00+00:00,112.96875,112.96875,112.96875,112.96875,107.0
2025-06-11 15:56:00+00:00,113.03125,113.03125,112.96875,112.96875,934.0
2025-06-11 15:57:00+00:00,113.0,113.03125,113.0,113.0,114.0
2025-06-11 15:58:00+00:00,112.96875,113.0,112.96875,113.0,498.0
2025-06-11 15:59:00+00:00,113.03125,113.03125,113.0,113.0,325.0
2025-06-11 16:00:00+00:00,113.0,113.0625,113.0,113.03125,1145.0
2025-06-11 16:01:00+00:00,113.03125,113.03125,113.0,113.03125,13.0
2025-06-11 16:02:00+00:00,113.03125,113.03125,113.0,113.03125,491.0
2025-06-11 16:03:00+00:00,113.0,113.0625,113.0,113.03125,332.0
2025-06-11 16:04:00+00:00,113.03125,113.03125,113.03125,113.03125,264.0
2025-06-11 16:05:00+00:00,113.03125,113.0625,113.03125,113.03125,391.0
2025-06-11 16:06:00+00:00,113.09375,113.09375,113.0625,113.0625,546.0
2025-06-11 16:10:00+00:00,113.0625,113.0625,113.0625,113.0625,1399.0
2025-06-11 16:11:00+00:00,113.0625,113.0625,113.03125,113.0625,105.0
2025-06-11 16:12:00+00:00,113.0,113.0625,113.0,113.0625,318.0
2025-06-11 16:13:00+00:00,113.0,113.0,113.0,113.0,367.0
2025-06-11 16:14:00+00:00,113.0,113.03125,113.0,113.03125,133.0
2025-06-11 16:15:00+00:00,113.0,113.03125,113.0,113.0,222.0
2025-06-11 16:17:00+00:00,112.96875,112.96875,112.96875,112.96875,1.0
2025-06-11 16:18:00+00:00,113.0,113.0,112.96875,113.0,23.0
2025-06-11 16:19:00+00:00,113.0,113.03125,112.96875,113.0,310.0
2025-06-11 16:20:00+00:00,113.0,113.03125,113.0,113.03125,277.0
2025-06-11 16:21:00+00:00,113.0,113.0625,113.0,113.0,718.0
2025-06-11 16:22:00+00:00,113.0,113.03125,113.0,113.03125,361.0
2025-06-11 16:23:00+00:00,113.0,113.0,113.0,113.0,97.0
2025-06-11 16:24:00+00:00,113.03125,113.03125,113.0,113.0,233.0
2025-06-11 16:25:00+00:00,113.03125,113.0625,113.03125,113.0625,383.0
2025-06-11 16:26:00+00:00,113.03125,113.0625,113.03125,113.03125,227.0
2025-06-11 16:27:00+00:00,113.0625,113.0625,113.03125,113.03125,567.0
2025-06-11 16:28:00+00:00,113.03125,113.0625,113.03125,113.0625,541.0
2025-06-11 16:29:00+00:00,113.0625,113.0625,113.0625,113.0625,1.0
2025-06-11 16:30:00+00:00,113.03125,113.0625,113.03125,113.0625,60.0
2025-06-11 16:31:00+00:00,113.03125,113.0625,113.03125,113.03125,247.0
2025-06-11 16:32:00+00:00,113.03125,113.0625,113.03125,113.03125,37.0
2025-06-11 16:33:00+00:00,113.0,113.03125,113.0,113.03125,476.0
2025-06-11 16:34:00+00:00,113.0,113.03125,113.0,113.03125,439.0
2025-06-11 16:36:00+00:00,112.96875,112.96875,112.9375,112.96875,1159.0
2025-06-11 16:37:00+00:00,112.96875,112.96875,112.96875,112.96875,131.0
2025-06-11 16:38:00+00:00,112.96875,112.96875,112.9375,112.9375,7.0
2025-06-11 16:39:00+00:00,112.96875,112.96875,112.96875,112.96875,433.0
2025-06-11 16:40:00+00:00,112.9375,112.96875,112.9375,112.96875,507.0
2025-06-11 16:41:00+00:00,112.9375,112.9375,112.90625,112.9375,777.0
2025-06-11 16:42:00+00:00,112.96875,112.96875,112.9375,112.96875,7.0
2025-06-11 16:43:00+00:00,112.96875,112.96875,112.9375,112.96875,10.0
2025-06-11 16:44:00+00:00,112.96875,112.96875,112.96875,112.96875,8.0
2025-06-11 16:45:00+00:00,112.96875,112.96875,112.96875,112.96875,21.0
2025-06-11 16:49:00+00:00,113.0,113.0,112.96875,112.96875,1736.0
2025-06-11 16:50:00+00:00,113.0,113.03125,112.96875,112.96875,409.0
2025-06-11 16:51:00+00:00,113.03125,113.03125,113.0,113.0,423.0
2025-06-11 16:52:00+00:00,113.03125,113.03125,113.0,113.03125,47.0
2025-06-11 16:53:00+00:00,113.03125,113.03125,113.0,113.03125,25.0
2025-06-11 16:54:00+00:00,113.03125,113.03125,113.0,113.03125,29.0
2025-06-11 16:55:00+00:00,113.03125,113.0625,113.0,113.0,421.0
2025-06-11 16:56:00+00:00,113.0625,113.0625,113.0,113.03125,235.0
2025-06-11 16:57:00+00:00,113.0625,113.0625,113.03125,113.0625,55.0
2025-06-11 16:58:00+00:00,113.0625,113.0625,113.03125,113.0625,78.0
2025-06-11 16:59:00+00:00,113.0625,113.0625,113.03125,113.0625,2070.0
2025-06-11 17:00:00+00:00,113.03125,113.09375,113.03125,113.09375,308.0
2025-06-11 17:01:00+00:00,113.03125,113.0625,113.0,113.03125,858.0
2025-06-11 17:02:00+00:00,113.0625,113.125,113.03125,113.03125,1650.0
2025-06-11 17:03:00+00:00,113.15625,113.1875,113.09375,113.09375,1298.0
2025-06-11 17:04:00+00:00,113.21875,113.25,113.15625,113.15625,1424.0
2025-06-11 17:05:00+00:00,113.25,113.28125,113.21875,113.25,1553.0
2025-06-11 17:06:00+00:00,113.21875,113.28125,113.21875,113.25,1117.0
2025-06-11 17:07:00+00:00,113.21875,113.25,113.21875,113.25,651.0
2025-06-11 17:08:00+00:00,113.21875,113.25,113.21875,113.21875,41.0
2025-06-11 17:09:00+00:00,113.28125,113.3125,113.25,113.25,1094.0
2025-06-11 17:10:00+00:00,113.3125,113.34375,113.28125,113.28125,668.0
2025-06-11 17:11:00+00:00,113.34375,113.34375,113.3125,113.34375,881.0
2025-06-11 17:12:00+00:00,113.3125,113.34375,113.3125,113.34375,457.0
2025-06-11 17:15:00+00:00,113.3125,113.34375,113.3125,113.34375,2227.0
2025-06-11 17:16:00+00:00,113.375,113.375,113.3125,113.34375,993.0
2025-06-11 17:17:00+00:00,113.375,113.40625,113.34375,113.375,1212.0
2025-06-11 17:18:00+00:00,113.375,113.40625,113.375,113.40625,1501.0
2025-06-11 17:19:00+00:00,113.375,113.40625,113.34375,113.375,838.0
2025-06-11 17:20:00+00:00,113.375,113.375,113.34375,113.34375,1158.0
2025-06-11 17:21:00+00:00,113.34375,113.40625,113.34375,113.375,612.0
2025-06-11 17:22:00+00:00,113.34375,113.375,113.34375,113.34375,437.0
2025-06-11 17:23:00+00:00,113.375,113.40625,113.34375,113.34375,870.0
2025-06-11 17:24:00+00:00,113.34375,113.375,113.34375,113.375,128.0
2025-06-11 17:25:00+00:00,113.40625,113.40625,113.34375,113.375,267.0
2025-06-11 17:26:00+00:00,113.375,113.40625,113.375,113.375,299.0
2025-06-11 17:27:00+00:00,113.375,113.375,113.34375,113.375,432.0
2025-06-11 17:28:00+00:00,113.3125,113.375,113.3125,113.375,932.0
2025-06-11 17:29:00+00:00,113.3125,113.34375,113.28125,113.3125,635.0
2025-06-11 17:30:00+00:00,113.28125,113.3125,113.28125,113.3125,65.0
2025-06-11 17:31:00+00:00,113.25,113.3125,113.25,113.28125,1272.0
2025-06-11 17:34:00+00:00,113.28125,113.28125,113.25,113.28125,1252.0
2025-06-11 17:35:00+00:00,113.3125,113.3125,113.25,113.28125,263.0
2025-06-11 17:36:00+00:00,113.21875,113.3125,113.21875,113.3125,681.0
2025-06-11 17:37:00+00:00,113.21875,113.21875,113.15625,113.1875,622.0
2025-06-11 17:38:00+00:00,113.21875,113.25,113.21875,113.21875,230.0
2025-06-11 17:39:00+00:00,113.21875,113.25,113.1875,113.25,374.0
2025-06-11 17:40:00+00:00,113.21875,113.21875,113.21875,113.21875,2.0
2025-06-11 17:41:00+00:00,113.25,113.28125,113.21875,113.25,295.0
2025-06-11 17:42:00+00:00,113.25,113.25,113.21875,113.25,229.0
2025-06-11 17:43:00+00:00,113.25,113.25,113.25,113.25,542.0
2025-06-11 17:44:00+00:00,113.25,113.28125,113.25,113.25,868.0
2025-06-11 17:45:00+00:00,113.28125,113.28125,113.28125,113.28125,485.0
2025-06-11 17:46:00+00:00,113.25,113.28125,113.25,113.28125,360.0
2025-06-11 17:47:00+00:00,113.25,113.25,113.25,113.25,319.0
2025-06-11 17:48:00+00:00,113.25,113.28125,113.25,113.25,39.0
2025-06-11 17:49:00+00:00,113.25,113.28125,113.25,113.28125,301.0
2025-06-11 17:50:00+00:00,113.28125,113.28125,113.28125,113.28125,306.0
2025-06-11 17:51:00+00:00,113.28125,113.3125,113.28125,113.28125,567.0
2025-06-11 17:52:00+00:00,113.25,113.25,113.21875,113.25,243.0
2025-06-11 17:53:00+00:00,113.25,113.25,113.25,113.25,157.0
2025-06-11 17:54:00+00:00,113.25,113.25,113.21875,113.21875,4.0
2025-06-11 17:55:00+00:00,113.21875,113.25,113.21875,113.21875,502.0
2025-06-11 17:57:00+00:00,113.21875,113.21875,113.21875,113.21875,126.0
2025-06-11 17:58:00+00:00,113.25,113.25,113.21875,113.21875,107.0
2025-06-11 17:59:00+00:00,113.25,113.25,113.21875,113.25,453.0
2025-06-11 18:00:00+00:00,113.28125,113.28125,113.25,113.25,869.0
2025-06-11 18:01:00+00:00,113.3125,113.34375,113.28125,113.28125,1366.0
2025-06-11 18:02:00+00:00,113.3125,113.3125,113.3125,113.3125,718.0
2025-06-11 18:03:00+00:00,113.3125,113.34375,113.3125,113.34375,207.0
2025-06-11 18:04:00+00:00,113.3125,113.34375,113.28125,113.34375,1076.0
2025-06-11 18:05:00+00:00,113.28125,113.3125,113.28125,113.3125,99.0
2025-06-11 18:06:00+00:00,113.3125,113.3125,113.28125,113.28125,42.0
2025-06-11 18:07:00+00:00,113.3125,113.3125,113.3125,113.3125,381.0
2025-06-11 18:08:00+00:00,113.3125,113.34375,113.3125,113.3125,419.0
2025-06-11 18:09:00+00:00,113.3125,113.3125,113.28125,113.3125,189.0
2025-06-11 18:10:00+00:00,113.28125,113.3125,113.28125,113.3125,18.0
2025-06-11 18:11:00+00:00,113.34375,113.34375,113.28125,113.3125,220.0
2025-06-11 18:12:00+00:00,113.34375,113.34375,113.34375,113.34375,8.0
2025-06-11 18:13:00+00:00,113.34375,113.34375,113.34375,113.34375,30.0
2025-06-11 18:14:00+00:00,113.3125,113.34375,113.3125,113.34375,36.0
2025-06-11 18:15:00+00:00,113.3125,113.34375,113.3125,113.34375,283.0
2025-06-11 18:16:00+00:00,113.34375,113.34375,113.3125,113.3125,6.0
2025-06-11 18:17:00+00:00,113.34375,113.34375,113.3125,113.34375,1901.0
2025-06-11 18:18:00+00:00,113.375,113.375,113.3125,113.34375,287.0
2025-06-11 18:19:00+00:00,113.3125,113.375,113.3125,113.375,836.0
2025-06-11 18:20:00+00:00,113.3125,113.3125,113.3125,113.3125,319.0
2025-06-11 18:22:00+00:00,113.3125,113.34375,113.3125,113.3125,341.0
2025-06-11 18:23:00+00:00,113.3125,113.34375,113.3125,113.3125,40.0
2025-06-11 18:24:00+00:00,113.3125,113.34375,113.3125,113.3125,268.0
2025-06-11 18:25:00+00:00,113.3125,113.34375,113.3125,113.3125,130.0
2025-06-11 18:26:00+00:00,113.34375,113.34375,113.3125,113.3125,398.0
2025-06-11 18:30:00+00:00,113.34375,113.34375,113.34375,113.34375,1401.0
2025-06-11 18:31:00+00:00,113.3125,113.375,113.3125,113.375,224.0
2025-06-11 18:32:00+00:00,113.3125,113.3125,113.28125,113.3125,467.0
2025-06-11 18:33:00+00:00,113.28125,113.3125,113.28125,113.28125,525.0
2025-06-11 18:34:00+00:00,113.28125,113.28125,113.28125,113.28125,650.0
2025-06-11 18:35:00+00:00,113.3125,113.3125,113.28125,113.28125,236.0
2025-06-11 18:36:00+00:00,113.28125,113.28125,113.25,113.28125,430.0
2025-06-11 18:37:00+00:00,113.25,113.25,113.25,113.25,125.0
2025-06-11 18:38:00+00:00,113.25,113.25,113.25,113.25,195.0
2025-06-11 18:39:00+00:00,113.28125,113.28125,113.28125,113.28125,1.0
2025-06-11 18:40:00+00:00,113.28125,113.28125,113.28125,113.28125,2.0
2025-06-11 18:41:00+00:00,113.28125,113.28125,113.25,113.28125,1446.0
2025-06-11 18:42:00+00:00,113.28125,113.28125,113.25,113.28125,16.0
2025-06-11 18:43:00+00:00,113.25,113.28125,113.25,113.25,202.0
2025-06-11 18:45:00+00:00,113.21875,113.21875,113.21875,113.21875,1897.0
2025-06-11 18:46:00+00:00,113.25,113.25,113.21875,113.25,119.0
2025-06-11 18:47:00+00:00,113.21875,113.25,113.21875,113.21875,1429.0
2025-06-11 18:48:00+00:00,113.21875,113.21875,113.1875,113.21875,937.0
2025-06-11 18:49:00+00:00,113.21875,113.21875,113.1875,113.21875,581.0
2025-06-11 18:50:00+00:00,113.1875,113.21875,113.1875,113.1875,488.0
2025-06-11 18:51:00+00:00,113.1875,113.1875,113.1875,113.1875,27.0
2025-06-11 18:52:00+00:00,113.21875,113.21875,113.1875,113.21875,55.0
2025-06-11 18:53:00+00:00,113.1875,113.21875,113.1875,113.21875,439.0
2025-06-11 18:54:00+00:00,113.21875,113.21875,113.1875,113.1875,14.0
2025-06-11 18:55:00+00:00,113.21875,113.25,113.1875,113.21875,1336.0
2025-06-11 18:56:00+00:00,113.25,113.25,113.21875,113.21875,532.0
2025-06-11 18:57:00+00:00,113.28125,113.28125,113.28125,113.28125,94.0
2025-06-11 18:58:00+00:00,113.3125,113.3125,113.25,113.28125,2446.0
2025-06-11 18:59:00+00:00,113.25,113.3125,113.25,113.3125,3011.0
2025-06-11 19:00:00+00:00,113.25,113.28125,113.25,113.28125,1571.0
2025-06-11 19:01:00+00:00,113.25,113.28125,113.25,113.28125,639.0
2025-06-11 19:05:00+00:00,113.25,113.28125,113.25,113.28125,1000.0
2025-06-11 19:06:00+00:00,113.25,113.28125,113.25,113.28125,40.0
2025-06-11 19:07:00+00:00,113.25,113.28125,113.25,113.25,1161.0
2025-06-11 19:08:00+00:00,113.21875,113.21875,113.21875,113.21875,1.0
2025-06-11 19:09:00+00:00,113.21875,113.21875,113.21875,113.21875,529.0
2025-06-11 19:10:00+00:00,113.25,113.25,113.25,113.25,16.0
2025-06-11 19:11:00+00:00,113.25,113.25,113.21875,113.21875,662.0
2025-06-11 19:12:00+00:00,113.25,113.25,113.25,113.25,4.0
2025-06-11 19:13:00+00:00,113.25,113.25,113.25,113.25,37.0
2025-06-11 19:14:00+00:00,113.25,113.28125,113.25,113.25,499.0
2025-06-11 19:15:00+00:00,113.25,113.28125,113.25,113.28125,291.0
2025-06-11 19:16:00+00:00,113.25,113.25,113.25,113.25,654.0
2025-06-11 19:17:00+00:00,113.25,113.28125,113.25,113.25,188.0
2025-06-11 19:18:00+00:00,113.21875,113.21875,113.21875,113.21875,991.0
2025-06-11 19:20:00+00:00,113.21875,113.25,113.21875,113.21875,1152.0
2025-06-11 19:21:00+00:00,113.21875,113.21875,113.21875,113.21875,297.0
2025-06-11 19:22:00+00:00,113.1875,113.21875,113.1875,113.21875,44.0
2025-06-11 19:25:00+00:00,113.21875,113.25,113.21875,113.21875,1290.0
2025-06-11 19:26:00+00:00,113.25,113.25,113.21875,113.25,37.0
2025-06-11 19:27:00+00:00,113.21875,113.25,113.21875,113.21875,16.0
2025-06-11 19:28:00+00:00,113.1875,113.21875,113.1875,113.21875,693.0
2025-06-11 19:29:00+00:00,113.25,113.25,113.1875,113.21875,142.0
2025-06-11 19:30:00+00:00,113.25,113.25,113.21875,113.21875,7.0
2025-06-11 19:31:00+00:00,113.21875,113.21875,113.1875,113.21875,402.0
2025-06-11 19:32:00+00:00,113.21875,113.25,113.21875,113.21875,136.0
2025-06-11 19:33:00+00:00,113.25,113.25,113.21875,113.21875,373.0
2025-06-11 19:34:00+00:00,113.25,113.25,113.25,113.25,25.0
2025-06-11 19:35:00+00:00,113.28125,113.28125,113.25,113.25,34.0
2025-06-11 19:36:00+00:00,113.25,113.28125,113.25,113.25,15.0
2025-06-11 19:37:00+00:00,113.28125,113.28125,113.25,113.25,82.0
2025-06-11 19:38:00+00:00,113.25,113.25,113.25,113.25,411.0
2025-06-11 19:39:00+00:00,113.25,113.25,113.25,113.25,62.0
2025-06-11 19:40:00+00:00,113.25,113.28125,113.25,113.25,415.0
2025-06-11 19:41:00+00:00,113.28125,113.28125,113.25,113.25,77.0
2025-06-11 19:42:00+00:00,113.28125,113.28125,113.25,113.28125,551.0
2025-06-11 19:43:00+00:00,113.25,113.28125,113.25,113.28125,184.0
2025-06-11 19:44:00+00:00,113.28125,113.28125,113.28125,113.28125,203.0
2025-06-11 19:48:00+00:00,113.3125,113.3125,113.3125,113.3125,908.0
2025-06-11 19:49:00+00:00,113.28125,113.28125,113.28125,113.28125,22.0
2025-06-11 19:50:00+00:00,113.25,113.3125,113.25,113.28125,842.0
2025-06-11 19:51:00+00:00,113.21875,113.25,113.21875,113.25,246.0
2025-06-11 19:52:00+00:00,113.21875,113.25,113.21875,113.21875,726.0
2025-06-11 19:53:00+00:00,113.21875,113.21875,113.21875,113.21875,76.0
2025-06-11 19:54:00+00:00,113.25,113.25,113.21875,113.21875,188.0
2025-06-11 19:55:00+00:00,113.21875,113.21875,113.21875,113.21875,31.0
2025-06-11 19:56:00+00:00,113.21875,113.25,113.21875,113.25,468.0
2025-06-11 19:57:00+00:00,113.15625,113.21875,113.15625,113.1875,446.0
2025-06-11 19:58:00+00:00,113.1875,113.21875,113.15625,113.15625,935.0
2025-06-11 19:59:00+00:00,113.25,113.25,113.15625,113.1875,3863.0
2025-06-11 20:00:00+00:00,113.25,113.28125,113.21875,113.25,2211.0
2025-06-11 20:01:00+00:00,113.21875,113.25,113.21875,113.21875,701.0
2025-06-11 20:02:00+00:00,113.21875,113.21875,113.21875,113.21875,434.0
2025-06-11 20:03:00+00:00,113.25,113.25,113.21875,113.21875,101.0
2025-06-11 20:04:00+00:00,113.25,113.25,113.25,113.25,30.0
2025-06-11 20:05:00+00:00,113.25,113.25,113.21875,113.21875,23.0
2025-06-11 20:06:00+00:00,113.25,113.25,113.21875,113.21875,25.0
2025-06-11 20:07:00+00:00,113.25,113.25,113.21875,113.21875,242.0
2025-06-11 20:08:00+00:00,113.25,113.25,113.25,113.25,7.0
2025-06-11 20:09:00+00:00,113.25,113.25,113.21875,113.21875,15.0
2025-06-11 20:10:00+00:00,113.25,113.25,113.21875,113.21875,6.0
2025-06-11 20:11:00+00:00,113.25,113.25,113.25,113.25,3.0
2025-06-11 20:12:00+00:00,113.25,113.25,113.21875,113.25,12.0
2025-06-11 20:13:00+00:00,113.21875,113.25,113.21875,113.21875,100.0
2025-06-11 20:14:00+00:00,113.25,113.25,113.25,113.25,72.0
2025-06-11 20:15:00+00:00,113.21875,113.25,113.21875,113.21875,476.0
2025-06-11 20:16:00+00:00,113.21875,113.21875,113.21875,113.21875,211.0
2025-06-11 20:17:00+00:00,113.25,113.28125,113.21875,113.21875,1357.0
2025-06-11 20:18:00+00:00,113.25,113.25,113.25,113.25,402.0
2025-06-11 20:20:00+00:00,113.21875,113.21875,113.21875,113.21875,389.0
2025-06-11 20:23:00+00:00,113.21875,113.21875,113.21875,113.21875,16.0
2025-06-11 20:24:00+00:00,113.21875,113.21875,113.21875,113.21875,278.0
2025-06-11 20:25:00+00:00,113.1875,113.21875,113.1875,113.21875,442.0
2025-06-11 20:27:00+00:00,113.1875,113.1875,113.15625,113.15625,195.0
2025-06-11 20:28:00+00:00,113.1875,113.1875,113.1875,113.1875,50.0
2025-06-11 20:29:00+00:00,113.15625,113.1875,113.15625,113.15625,123.0
2025-06-11 20:30:00+00:00,113.15625,113.15625,113.15625,113.15625,2.0
2025-06-11 20:31:00+00:00,113.21875,113.21875,113.1875,113.1875,319.0
2025-06-11 20:32:00+00:00,113.1875,113.21875,113.1875,113.21875,380.0
2025-06-11 20:33:00+00:00,113.1875,113.1875,113.1875,113.1875,35.0
2025-06-11 20:34:00+00:00,113.1875,113.1875,113.1875,113.1875,113.0
2025-06-11 20:37:00+00:00,113.1875,113.21875,113.1875,113.1875,453.0
2025-06-11 20:39:00+00:00,113.1875,113.1875,113.1875,113.1875,8.0
2025-06-11 20:40:00+00:00,113.25,113.25,113.21875,113.21875,326.0
2025-06-11 20:42:00+00:00,113.21875,113.21875,113.21875,113.21875,298.0
2025-06-11 20:43:00+00:00,113.1875,113.21875,113.1875,113.1875,66.0
2025-06-11 20:44:00+00:00,113.1875,113.21875,113.1875,113.21875,1106.0
2025-06-11 20:45:00+00:00,113.1875,113.1875,113.1875,113.1875,416.0
2025-06-11 20:46:00+00:00,113.15625,113.15625,113.15625,113.15625,9.0
2025-06-11 20:47:00+00:00,113.15625,113.1875,113.15625,113.15625,457.0
2025-06-11 20:48:00+00:00,113.15625,113.15625,113.15625,113.15625,49.0
2025-06-11 20:49:00+00:00,113.1875,113.1875,113.15625,113.15625,4.0
2025-06-11 20:50:00+00:00,113.15625,113.1875,113.15625,113.1875,80.0
2025-06-11 20:52:00+00:00,113.1875,113.1875,113.15625,113.15625,9.0
2025-06-11 20:53:00+00:00,113.15625,113.1875,113.15625,113.15625,89.0
2025-06-11 20:54:00+00:00,113.1875,113.1875,113.15625,113.1875,214.0
2025-06-11 20:55:00+00:00,113.15625,113.15625,113.15625,113.15625,222.0
2025-06-11 20:56:00+00:00,113.15625,113.15625,113.15625,113.15625,270.0
2025-06-11 20:57:00+00:00,113.125,113.15625,113.125,113.15625,26.0
2025-06-11 20:58:00+00:00,113.125,113.15625,113.125,113.15625,60.0
2025-06-11 20:59:00+00:00,113.125,113.15625,113.125,113.125,148.0
2025-06-11 22:00:00+00:00,113.1875,113.21875,113.09375,113.125,0.0
2025-06-11 22:01:00+00:00,113.21875,113.21875,113.21875,113.21875,48.0
2025-06-11 22:02:00+00:00,113.21875,113.25,113.1875,113.21875,154.0
2025-06-11 22:04:00+00:00,113.25,113.25,113.25,113.25,107.0
2025-06-11 22:05:00+00:00,113.25,113.28125,113.25,113.25,36.0
2025-06-11 22:07:00+00:00,113.25,113.25,113.25,113.25,76.0
2025-06-11 22:08:00+00:00,113.21875,113.25,113.21875,113.25,89.0
2025-06-11 22:09:00+00:00,113.21875,113.21875,113.21875,113.21875,11.0
2025-06-11 22:16:00+00:00,113.25,113.25,113.25,113.25,1.0
2025-06-11 22:21:00+00:00,113.21875,113.21875,113.21875,113.21875,5.0
2025-06-11 22:23:00+00:00,113.25,113.25,113.25,113.25,19.0
2025-06-11 22:27:00+00:00,113.28125,113.28125,113.28125,113.28125,5.0
2025-06-11 22:28:00+00:00,113.28125,113.28125,113.28125,113.28125,7.0
2025-06-11 22:29:00+00:00,113.28125,113.28125,113.28125,113.28125,34.0
2025-06-11 22:30:00+00:00,113.28125,113.28125,113.25,113.28125,53.0
2025-06-11 22:31:00+00:00,113.21875,113.28125,113.21875,113.28125,38.0
2025-06-11 22:33:00+00:00,113.21875,113.21875,113.21875,113.21875,49.0
2025-06-11 22:34:00+00:00,113.21875,113.21875,113.21875,113.21875,72.0
2025-06-11 22:36:00+00:00,113.21875,113.21875,113.21875,113.21875,20.0
2025-06-11 22:38:00+00:00,113.21875,113.21875,113.21875,113.21875,17.0
2025-06-11 22:39:00+00:00,113.21875,113.21875,113.21875,113.21875,15.0
2025-06-11 22:41:00+00:00,113.21875,113.21875,113.21875,113.21875,3.0
2025-06-11 22:45:00+00:00,113.25,113.25,113.25,113.25,66.0
2025-06-11 22:47:00+00:00,113.25,113.25,113.25,113.25,85.0
2025-06-11 22:50:00+00:00,113.28125,113.28125,113.28125,113.28125,24.0
2025-06-11 22:52:00+00:00,113.25,113.25,113.25,113.25,27.0
2025-06-11 22:56:00+00:00,113.25,113.25,113.25,113.25,2.0
2025-06-11 22:57:00+00:00,113.28125,113.28125,113.28125,113.28125,3.0
2025-06-11 22:58:00+00:00,113.25,113.25,113.25,113.25,10.0
2025-06-11 22:59:00+00:00,113.25,113.25,113.25,113.25,79.0
2025-06-11 23:00:00+00:00,113.25,113.25,113.25,113.25,69.0
2025-06-11 23:01:00+00:00,113.25,113.28125,113.25,113.28125,26.0
2025-06-11 23:02:00+00:00,113.25,113.28125,113.25,113.25,38.0
2025-06-11 23:04:00+00:00,113.28125,113.28125,113.28125,113.28125,29.0
2025-06-11 23:05:00+00:00,113.28125,113.28125,113.28125,113.28125,16.0
2025-06-11 23:07:00+00:00,113.25,113.25,113.25,113.25,5.0
2025-06-11 23:14:00+00:00,113.25,113.25,113.25,113.25,45.0
2025-06-11 23:20:00+00:00,113.25,113.25,113.25,113.25,23.0
2025-06-11 23:24:00+00:00,113.25,113.25,113.25,113.25,17.0
2025-06-11 23:27:00+00:00,113.25,113.25,113.25,113.25,36.0
2025-06-11 23:28:00+00:00,113.25,113.25,113.25,113.25,11.0
2025-06-11 23:30:00+00:00,113.21875,113.21875,113.21875,113.21875,115.0
2025-06-11 23:35:00+00:00,113.21875,113.21875,113.21875,113.21875,10.0
2025-06-11 23:38:00+00:00,113.25,113.25,113.25,113.25,26.0
2025-06-11 23:40:00+00:00,113.21875,113.25,113.21875,113.25,83.0
2025-06-11 23:41:00+00:00,113.25,113.25,113.21875,113.21875,80.0
2025-06-11 23:44:00+00:00,113.21875,113.21875,113.21875,113.21875,19.0
2025-06-11 23:47:00+00:00,113.25,113.25,113.25,113.25,177.0
2025-06-11 23:48:00+00:00,113.21875,113.25,113.21875,113.25,55.0
2025-06-11 23:50:00+00:00,113.21875,113.21875,113.21875,113.21875,14.0
2025-06-11 23:54:00+00:00,113.21875,113.21875,113.21875,113.21875,120.0
2025-06-11 23:57:00+00:00,113.21875,113.21875,113.21875,113.21875,65.0
2025-06-11 23:58:00+00:00,113.25,113.25,113.25,113.25,12.0
2025-06-12 00:00:00+00:00,113.25,113.25,113.25,113.25,46.0
2025-06-12 00:05:00+00:00,113.25,113.25,113.25,113.25,77.0
2025-06-12 00:06:00+00:00,113.25,113.25,113.21875,113.21875,97.0
2025-06-12 00:07:00+00:00,113.28125,113.28125,113.25,113.25,38.0
2025-06-12 00:08:00+00:00,113.25,113.25,113.25,113.25,38.0
2025-06-12 00:09:00+00:00,113.25,113.25,113.25,113.25,29.0
2025-06-12 00:13:00+00:00,113.25,113.25,113.25,113.25,50.0
2025-06-12 00:15:00+00:00,113.25,113.25,113.25,113.25,43.0
2025-06-12 00:18:00+00:00,113.28125,113.28125,113.28125,113.28125,14.0
2025-06-12 00:19:00+00:00,113.28125,113.28125,113.28125,113.28125,83.0
2025-06-12 00:21:00+00:00,113.28125,113.28125,113.28125,113.28125,114.0
2025-06-12 00:22:00+00:00,113.3125,113.3125,113.28125,113.28125,344.0
2025-06-12 00:23:00+00:00,113.3125,113.3125,113.3125,113.3125,189.0
2025-06-12 00:24:00+00:00,113.3125,113.3125,113.3125,113.3125,61.0
2025-06-12 00:26:00+00:00,113.375,113.375,113.3125,113.3125,164.0
2025-06-12 00:27:00+00:00,113.40625,113.4375,113.375,113.375,422.0
2025-06-12 00:28:00+00:00,113.40625,113.40625,113.40625,113.40625,84.0
2025-06-12 00:29:00+00:00,113.375,113.40625,113.375,113.40625,55.0
2025-06-12 00:30:00+00:00,113.375,113.40625,113.375,113.40625,121.0
2025-06-12 00:31:00+00:00,113.34375,113.375,113.34375,113.375,185.0
2025-06-12 00:32:00+00:00,113.3125,113.34375,113.3125,113.34375,66.0
2025-06-12 00:34:00+00:00,113.3125,113.3125,113.3125,113.3125,38.0
2025-06-12 00:36:00+00:00,113.34375,113.34375,113.3125,113.3125,88.0
2025-06-12 00:37:00+00:00,113.34375,113.34375,113.34375,113.34375,18.0
2025-06-12 00:38:00+00:00,113.34375,113.34375,113.34375,113.34375,1.0
2025-06-12 00:39:00+00:00,113.34375,113.34375,113.34375,113.34375,14.0
2025-06-12 00:40:00+00:00,113.34375,113.34375,113.34375,113.34375,6.0
2025-06-12 00:42:00+00:00,113.34375,113.34375,113.34375,113.34375,34.0
2025-06-12 00:43:00+00:00,113.34375,113.34375,113.34375,113.34375,38.0
2025-06-12 00:44:00+00:00,113.34375,113.34375,113.34375,113.34375,50.0
2025-06-12 00:45:00+00:00,113.34375,113.34375,113.34375,113.34375,19.0
2025-06-12 00:46:00+00:00,113.34375,113.34375,113.3125,113.34375,15.0
2025-06-12 00:47:00+00:00,113.375,113.375,113.375,113.375,287.0
2025-06-12 00:49:00+00:00,113.375,113.375,113.375,113.375,98.0
2025-06-12 00:50:00+00:00,113.40625,113.40625,113.375,113.375,94.0
2025-06-12 00:51:00+00:00,113.40625,113.40625,113.40625,113.40625,208.0
2025-06-12 00:52:00+00:00,113.40625,113.40625,113.40625,113.40625,39.0
2025-06-12 00:53:00+00:00,113.375,113.40625,113.375,113.40625,48.0
2025-06-12 00:54:00+00:00,113.40625,113.40625,113.40625,113.40625,69.0
2025-06-12 00:55:00+00:00,113.40625,113.40625,113.40625,113.40625,95.0
2025-06-12 00:57:00+00:00,113.40625,113.40625,113.40625,113.40625,17.0
2025-06-12 00:58:00+00:00,113.375,113.40625,113.375,113.40625,89.0
2025-06-12 00:59:00+00:00,113.40625,113.40625,113.40625,113.40625,89.0
2025-06-12 01:00:00+00:00,113.40625,113.40625,113.40625,113.40625,34.0
2025-06-12 01:01:00+00:00,113.375,113.375,113.375,113.375,119.0
2025-06-12 01:02:00+00:00,113.375,113.375,113.375,113.375,67.0
2025-06-12 01:03:00+00:00,113.375,113.375,113.375,113.375,13.0
2025-06-12 01:04:00+00:00,113.40625,113.40625,113.40625,113.40625,116.0
2025-06-12 01:06:00+00:00,113.40625,113.40625,113.40625,113.40625,5.0
2025-06-12 01:07:00+00:00,113.40625,113.40625,113.40625,113.40625,0.0
2025-06-12 01:08:00+00:00,113.40625,113.40625,113.40625,113.40625,7158.0
2025-06-12 01:09:00+00:00,113.4375,113.4375,113.40625,113.40625,449.0
2025-06-12 01:10:00+00:00,113.40625,113.4375,113.40625,113.4375,102.0
2025-06-12 01:11:00+00:00,113.40625,113.4375,113.40625,113.40625,27.0
2025-06-12 01:12:00+00:00,113.4375,113.4375,113.40625,113.40625,9.0
2025-06-12 01:13:00+00:00,113.4375,113.4375,113.40625,113.40625,7.0
2025-06-12 01:14:00+00:00,113.40625,113.4375,113.40625,113.4375,86.0
2025-06-12 01:15:00+00:00,113.4375,113.4375,113.375,113.375,24.0
2025-06-12 01:17:00+00:00,113.46875,113.46875,113.4375,113.4375,207.0
2025-06-12 01:18:00+00:00,113.4375,113.4375,113.4375,113.4375,2.0
2025-06-12 01:20:00+00:00,113.46875,113.46875,113.46875,113.46875,2.0
2025-06-12 01:21:00+00:00,113.4375,113.4375,113.4375,113.4375,442.0
2025-06-12 01:22:00+00:00,113.46875,113.46875,113.4375,113.4375,7.0
2025-06-12 01:23:00+00:00,113.46875,113.46875,113.46875,113.46875,351.0
2025-06-12 01:24:00+00:00,113.5,113.5,113.46875,113.46875,111.0
2025-06-12 01:25:00+00:00,113.46875,113.5,113.46875,113.5,126.0
2025-06-12 01:26:00+00:00,113.46875,113.46875,113.46875,113.46875,203.0
2025-06-12 01:27:00+00:00,113.4375,113.4375,113.4375,113.4375,5.0
2025-06-12 01:28:00+00:00,113.46875,113.46875,113.4375,113.46875,287.0
2025-06-12 01:29:00+00:00,113.46875,113.46875,113.46875,113.46875,22.0
2025-06-12 01:30:00+00:00,113.46875,113.46875,113.4375,113.46875,77.0
2025-06-12 01:31:00+00:00,113.46875,113.46875,113.46875,113.46875,43.0
2025-06-12 01:32:00+00:00,113.4375,113.46875,113.4375,113.46875,86.0
2025-06-12 01:34:00+00:00,113.46875,113.46875,113.46875,113.46875,6.0
2025-06-12 01:35:00+00:00,113.46875,113.46875,113.46875,113.46875,63.0
2025-06-12 01:37:00+00:00,113.46875,113.46875,113.4375,113.4375,209.0
2025-06-12 01:38:00+00:00,113.46875,113.5,113.46875,113.46875,105.0
2025-06-12 01:39:00+00:00,113.4375,113.4375,113.4375,113.4375,3.0
2025-06-12 01:41:00+00:00,113.4375,113.4375,113.4375,113.4375,1.0
2025-06-12 01:42:00+00:00,113.4375,113.46875,113.4375,113.46875,111.0
2025-06-12 01:45:00+00:00,113.46875,113.46875,113.4375,113.4375,137.0
2025-06-12 01:46:00+00:00,113.46875,113.46875,113.46875,113.46875,3.0
2025-06-12 01:47:00+00:00,113.4375,113.4375,113.4375,113.4375,7.0
2025-06-12 01:49:00+00:00,113.46875,113.46875,113.46875,113.46875,12.0
2025-06-12 01:51:00+00:00,113.46875,113.46875,113.46875,113.46875,48.0
2025-06-12 01:52:00+00:00,113.46875,113.46875,113.4375,113.46875,6.0
2025-06-12 01:53:00+00:00,113.4375,113.4375,113.4375,113.4375,44.0
2025-06-12 01:54:00+00:00,113.4375,113.4375,113.4375,113.4375,39.0
2025-06-12 01:56:00+00:00,113.46875,113.46875,113.4375,113.4375,105.0
2025-06-12 01:57:00+00:00,113.4375,113.4375,113.4375,113.4375,116.0
2025-06-12 02:00:00+00:00,113.4375,113.46875,113.4375,113.4375,21.0
2025-06-12 02:03:00+00:00,113.46875,113.46875,113.46875,113.46875,0.0
2025-06-12 02:05:00+00:00,113.46875,113.46875,113.46875,113.46875,11201.0
2025-06-12 02:06:00+00:00,113.46875,113.46875,113.46875,113.46875,1.0
2025-06-12 02:07:00+00:00,113.4375,113.4375,113.4375,113.4375,93.0
2025-06-12 02:08:00+00:00,113.4375,113.4375,113.40625,113.40625,2.0
2025-06-12 02:12:00+00:00,113.40625,113.40625,113.40625,113.40625,1.0
2025-06-12 02:14:00+00:00,113.40625,113.40625,113.40625,113.40625,4.0
2025-06-12 02:15:00+00:00,113.4375,113.4375,113.4375,113.4375,97.0
2025-06-12 02:16:00+00:00,113.4375,113.4375,113.4375,113.4375,30.0
2025-06-12 02:18:00+00:00,113.4375,113.4375,113.4375,113.4375,4.0
2025-06-12 02:19:00+00:00,113.4375,113.4375,113.4375,113.4375,47.0
2025-06-12 02:21:00+00:00,113.4375,113.4375,113.4375,113.4375,95.0
2025-06-12 02:25:00+00:00,113.4375,113.4375,113.4375,113.4375,134.0
2025-06-12 02:27:00+00:00,113.46875,113.46875,113.46875,113.46875,10.0
2025-06-12 02:28:00+00:00,113.46875,113.46875,113.46875,113.46875,69.0
2025-06-12 02:29:00+00:00,113.5,113.5,113.5,113.5,19.0
2025-06-12 02:30:00+00:00,113.4375,113.46875,113.4375,113.46875,245.0
2025-06-12 02:33:00+00:00,113.46875,113.46875,113.46875,113.46875,35.0
2025-06-12 02:35:00+00:00,113.4375,113.4375,113.4375,113.4375,9.0
2025-06-12 02:37:00+00:00,113.46875,113.46875,113.46875,113.46875,23.0
2025-06-12 02:38:00+00:00,113.46875,113.46875,113.46875,113.46875,98.0
2025-06-12 02:39:00+00:00,113.4375,113.4375,113.4375,113.4375,12.0
2025-06-12 02:42:00+00:00,113.4375,113.4375,113.4375,113.4375,10.0
2025-06-12 02:46:00+00:00,113.4375,113.4375,113.4375,113.4375,40.0
2025-06-12 02:48:00+00:00,113.40625,113.40625,113.40625,113.40625,3.0
2025-06-12 02:49:00+00:00,113.4375,113.4375,113.40625,113.40625,28.0
2025-06-12 02:52:00+00:00,113.4375,113.4375,113.4375,113.4375,62.0
2025-06-12 02:56:00+00:00,113.4375,113.4375,113.40625,113.4375,152.0
2025-06-12 02:57:00+00:00,113.46875,113.46875,113.46875,113.46875,17.0
2025-06-12 02:58:00+00:00,113.46875,113.46875,113.46875,113.46875,28.0
2025-06-12 02:59:00+00:00,113.4375,113.46875,113.4375,113.46875,5.0
2025-06-12 03:00:00+00:00,113.4375,113.4375,113.4375,113.4375,58.0
2025-06-12 03:03:00+00:00,113.4375,113.46875,113.4375,113.46875,3.0
2025-06-12 03:04:00+00:00,113.46875,113.46875,113.46875,113.46875,178.0
2025-06-12 03:09:00+00:00,113.4375,113.4375,113.4375,113.4375,131.0
2025-06-12 03:12:00+00:00,113.4375,113.4375,113.4375,113.4375,61.0
2025-06-12 03:13:00+00:00,113.40625,113.4375,113.40625,113.4375,18.0
2025-06-12 03:14:00+00:00,113.46875,113.46875,113.40625,113.40625,64.0
2025-06-12 03:16:00+00:00,113.4375,113.46875,113.4375,113.46875,7.0
2025-06-12 03:18:00+00:00,113.4375,113.4375,113.40625,113.4375,136.0
2025-06-12 03:19:00+00:00,113.40625,113.4375,113.40625,113.4375,189.0
2025-06-12 03:21:00+00:00,113.40625,113.4375,113.40625,113.4375,5.0
2025-06-12 03:22:00+00:00,113.40625,113.40625,113.40625,113.40625,32.0
2025-06-12 03:24:00+00:00,113.375,113.375,113.375,113.375,58.0
2025-06-12 03:27:00+00:00,113.375,113.40625,113.375,113.375,202.0
2025-06-12 03:28:00+00:00,113.375,113.375,113.375,113.375,26.0
2025-06-12 03:30:00+00:00,113.375,113.375,113.375,113.375,4.0
2025-06-12 03:31:00+00:00,113.34375,113.375,113.34375,113.375,23.0
2025-06-12 03:36:00+00:00,113.3125,113.3125,113.3125,113.3125,348.0
2025-06-12 03:38:00+00:00,113.3125,113.3125,113.3125,113.3125,209.0
2025-06-12 03:39:00+00:00,113.3125,113.3125,113.3125,113.3125,53.0
2025-06-12 03:40:00+00:00,113.3125,113.3125,113.28125,113.3125,94.0
2025-06-12 03:41:00+00:00,113.3125,113.34375,113.3125,113.3125,3.0
2025-06-12 03:42:00+00:00,113.3125,113.3125,113.3125,113.3125,65.0
2025-06-12 03:43:00+00:00,113.3125,113.3125,113.3125,113.3125,1.0
2025-06-12 03:45:00+00:00,113.3125,113.3125,113.3125,113.3125,69.0
2025-06-12 03:46:00+00:00,113.3125,113.3125,113.3125,113.3125,3.0
2025-06-12 03:48:00+00:00,113.3125,113.3125,113.3125,113.3125,5.0
2025-06-12 03:49:00+00:00,113.3125,113.3125,113.3125,113.3125,254.0
2025-06-12 03:51:00+00:00,113.34375,113.34375,113.3125,113.3125,103.0
2025-06-12 03:54:00+00:00,113.34375,113.34375,113.34375,113.34375,40.0
2025-06-12 03:55:00+00:00,113.3125,113.34375,113.3125,113.34375,76.0
2025-06-12 03:57:00+00:00,113.34375,113.34375,113.34375,113.34375,39.0
2025-06-12 03:58:00+00:00,113.375,113.375,113.375,113.375,6.0
2025-06-12 04:00:00+00:00,113.375,113.375,113.34375,113.34375,24.0
2025-06-12 04:01:00+00:00,113.375,113.375,113.375,113.375,8.0
2025-06-12 04:02:00+00:00,113.34375,113.34375,113.34375,113.34375,17.0
2025-06-12 04:03:00+00:00,113.34375,113.375,113.34375,113.34375,4.0
2025-06-12 04:05:00+00:00,113.375,113.375,113.34375,113.34375,71.0
2025-06-12 04:06:00+00:00,113.375,113.375,113.375,113.375,1.0
2025-06-12 04:07:00+00:00,113.375,113.375,113.375,113.375,138.0
2025-06-12 04:10:00+00:00,113.375,113.375,113.375,113.375,18.0
2025-06-12 04:12:00+00:00,113.375,113.375,113.375,113.375,5.0
2025-06-12 04:15:00+00:00,113.34375,113.34375,113.34375,113.34375,101.0
2025-06-12 04:16:00+00:00,113.34375,113.34375,113.34375,113.34375,32.0
2025-06-12 04:17:00+00:00,113.34375,113.34375,113.34375,113.34375,41.0
2025-06-12 04:21:00+00:00,113.34375,113.34375,113.34375,113.34375,84.0
2025-06-12 04:24:00+00:00,113.34375,113.34375,113.34375,113.34375,4.0
2025-06-12 04:25:00+00:00,113.34375,113.34375,113.34375,113.34375,2.0
2025-06-12 04:26:00+00:00,113.34375,113.34375,113.34375,113.34375,11.0
2025-06-12 04:33:00+00:00,113.34375,113.34375,113.34375,113.34375,48.0
2025-06-12 04:44:00+00:00,113.34375,113.34375,113.34375,113.34375,72.0
2025-06-12 04:48:00+00:00,113.34375,113.34375,113.3125,113.3125,3.0
2025-06-12 04:51:00+00:00,113.34375,113.34375,113.34375,113.34375,164.0
2025-06-12 04:54:00+00:00,113.34375,113.34375,113.34375,113.34375,78.0
2025-06-12 04:59:00+00:00,113.375,113.375,113.34375,113.34375,3.0
2025-06-12 05:00:00+00:00,113.34375,113.34375,113.34375,113.34375,9.0
2025-06-12 05:01:00+00:00,113.375,113.375,113.34375,113.34375,2.0
2025-06-12 05:02:00+00:00,113.34375,113.34375,113.34375,113.34375,86.0
2025-06-12 05:04:00+00:00,113.3125,113.34375,113.3125,113.34375,41.0
2025-06-12 05:09:00+00:00,113.375,113.375,113.375,113.375,22.0
2025-06-12 05:13:00+00:00,113.375,113.375,113.375,113.375,2.0
2025-06-12 05:16:00+00:00,113.375,113.375,113.375,113.375,3.0
2025-06-12 05:18:00+00:00,113.375,113.375,113.375,113.375,0.0
2025-06-12 05:22:00+00:00,113.375,113.375,113.375,113.375,16724.0
2025-06-12 05:23:00+00:00,113.375,113.375,113.375,113.375,38.0
2025-06-12 05:24:00+00:00,113.375,113.375,113.375,113.375,15.0
2025-06-12 05:27:00+00:00,113.34375,113.34375,113.34375,113.34375,100.0
2025-06-12 05:28:00+00:00,113.34375,113.34375,113.34375,113.34375,45.0
2025-06-12 05:29:00+00:00,113.34375,113.34375,113.34375,113.34375,7.0
2025-06-12 05:30:00+00:00,113.375,113.375,113.34375,113.34375,6.0
2025-06-12 05:31:00+00:00,113.34375,113.34375,113.34375,113.34375,28.0
2025-06-12 05:32:00+00:00,113.34375,113.34375,113.34375,113.34375,15.0
2025-06-12 05:33:00+00:00,113.3125,113.3125,113.3125,113.3125,101.0
2025-06-12 05:37:00+00:00,113.34375,113.34375,113.34375,113.34375,168.0
2025-06-12 05:43:00+00:00,113.34375,113.34375,113.34375,113.34375,205.0
2025-06-12 05:44:00+00:00,113.3125,113.34375,113.3125,113.34375,136.0
2025-06-12 05:45:00+00:00,113.34375,113.34375,113.34375,113.34375,10.0
2025-06-12 05:46:00+00:00,113.3125,113.3125,113.3125,113.3125,152.0
2025-06-12 05:48:00+00:00,113.3125,113.3125,113.3125,113.3125,83.0
2025-06-12 05:50:00+00:00,113.3125,113.3125,113.3125,113.3125,45.0
2025-06-12 05:51:00+00:00,113.3125,113.3125,113.3125,113.3125,19.0
2025-06-12 05:52:00+00:00,113.3125,113.3125,113.3125,113.3125,28.0
2025-06-12 05:54:00+00:00,113.28125,113.3125,113.28125,113.3125,16.0
2025-06-12 05:57:00+00:00,113.25,113.28125,113.25,113.28125,109.0
2025-06-12 05:58:00+00:00,113.25,113.25,113.25,113.25,81.0
2025-06-12 06:00:00+00:00,113.28125,113.28125,113.25,113.25,157.0
2025-06-12 06:01:00+00:00,113.28125,113.28125,113.28125,113.28125,150.0
2025-06-12 06:02:00+00:00,113.25,113.25,113.25,113.25,70.0
2025-06-12 06:03:00+00:00,113.25,113.25,113.25,113.25,71.0
2025-06-12 06:04:00+00:00,113.21875,113.21875,113.21875,113.21875,124.0
2025-06-12 06:06:00+00:00,113.1875,113.1875,113.1875,113.1875,25.0
2025-06-12 06:07:00+00:00,113.21875,113.21875,113.1875,113.1875,170.0
2025-06-12 06:08:00+00:00,113.21875,113.21875,113.21875,113.21875,70.0
2025-06-12 06:11:00+00:00,113.21875,113.21875,113.21875,113.21875,227.0
2025-06-12 06:12:00+00:00,113.1875,113.1875,113.1875,113.1875,7.0
2025-06-12 06:13:00+00:00,113.1875,113.1875,113.1875,113.1875,91.0
2025-06-12 06:15:00+00:00,113.1875,113.1875,113.1875,113.1875,96.0
2025-06-12 06:16:00+00:00,113.15625,113.1875,113.15625,113.1875,4.0
2025-06-12 06:17:00+00:00,113.15625,113.15625,113.125,113.15625,147.0
2025-06-12 06:18:00+00:00,113.15625,113.15625,113.15625,113.15625,56.0
2025-06-12 06:19:00+00:00,113.15625,113.15625,113.15625,113.15625,55.0
2025-06-12 06:20:00+00:00,113.1875,113.1875,113.1875,113.1875,134.0
2025-06-12 06:21:00+00:00,113.21875,113.21875,113.21875,113.21875,106.0
2025-06-12 06:24:00+00:00,113.21875,113.21875,113.21875,113.21875,276.0
2025-06-12 06:26:00+00:00,113.21875,113.21875,113.21875,113.21875,89.0
2025-06-12 06:29:00+00:00,113.21875,113.21875,113.21875,113.21875,44.0
2025-06-12 06:30:00+00:00,113.21875,113.21875,113.1875,113.21875,13.0
2025-06-12 06:31:00+00:00,113.21875,113.21875,113.1875,113.21875,44.0
2025-06-12 06:32:00+00:00,113.1875,113.1875,113.1875,113.1875,1.0
2025-06-12 06:34:00+00:00,113.25,113.25,113.21875,113.21875,144.0
2025-06-12 06:35:00+00:00,113.25,113.28125,113.25,113.28125,74.0
2025-06-12 06:38:00+00:00,113.28125,113.28125,113.28125,113.28125,193.0
2025-06-12 06:39:00+00:00,113.28125,113.28125,113.28125,113.28125,123.0
2025-06-12 06:40:00+00:00,113.28125,113.28125,113.28125,113.28125,26.0
2025-06-12 06:41:00+00:00,113.28125,113.28125,113.28125,113.28125,142.0
2025-06-12 06:45:00+00:00,113.3125,113.3125,113.3125,113.3125,11.0
2025-06-12 06:47:00+00:00,113.28125,113.28125,113.28125,113.28125,27.0
2025-06-12 06:48:00+00:00,113.3125,113.34375,113.3125,113.3125,205.0
2025-06-12 06:49:00+00:00,113.375,113.375,113.34375,113.34375,73.0
2025-06-12 06:51:00+00:00,113.375,113.375,113.375,113.375,47.0
2025-06-12 06:52:00+00:00,113.40625,113.40625,113.40625,113.40625,140.0
2025-06-12 06:53:00+00:00,113.4375,113.4375,113.40625,113.40625,111.0
2025-06-12 06:54:00+00:00,113.46875,113.46875,113.46875,113.46875,208.0
2025-06-12 06:55:00+00:00,113.46875,113.5,113.46875,113.46875,176.0
2025-06-12 06:56:00+00:00,113.5,113.5,113.46875,113.5,11.0
2025-06-12 06:57:00+00:00,113.46875,113.5,113.46875,113.5,142.0
2025-06-12 06:59:00+00:00,113.4375,113.46875,113.4375,113.4375,42.0
2025-06-12 07:00:00+00:00,113.40625,113.46875,113.40625,113.4375,562.0
2025-06-12 07:01:00+00:00,113.375,113.40625,113.375,113.40625,328.0
2025-06-12 07:02:00+00:00,113.375,113.375,113.34375,113.375,677.0
2025-06-12 07:04:00+00:00,113.375,113.375,113.34375,113.34375,710.0
2025-06-12 07:05:00+00:00,113.375,113.375,113.375,113.375,140.0
2025-06-12 07:06:00+00:00,113.40625,113.40625,113.375,113.375,430.0
2025-06-12 07:07:00+00:00,113.40625,113.40625,113.40625,113.40625,722.0
2025-06-12 07:08:00+00:00,113.40625,113.4375,113.40625,113.40625,260.0
2025-06-12 07:09:00+00:00,113.40625,113.4375,113.40625,113.40625,861.0
2025-06-12 07:10:00+00:00,113.40625,113.40625,113.375,113.40625,264.0
2025-06-12 07:11:00+00:00,113.40625,113.40625,113.40625,113.40625,103.0
2025-06-12 07:12:00+00:00,113.375,113.375,113.34375,113.375,267.0
2025-06-12 07:13:00+00:00,113.375,113.375,113.375,113.375,344.0
2025-06-12 07:14:00+00:00,113.375,113.375,113.34375,113.34375,649.0
2025-06-12 07:15:00+00:00,113.375,113.375,113.34375,113.375,22.0
2025-06-12 07:16:00+00:00,113.375,113.375,113.375,113.375,121.0
2025-06-12 07:17:00+00:00,113.375,113.375,113.375,113.375,71.0
2025-06-12 07:18:00+00:00,113.34375,113.34375,113.34375,113.34375,87.0
2025-06-12 07:19:00+00:00,113.375,113.375,113.34375,113.34375,192.0
2025-06-12 07:20:00+00:00,113.34375,113.34375,113.34375,113.34375,80.0
2025-06-12 07:21:00+00:00,113.34375,113.34375,113.34375,113.34375,153.0
2025-06-12 07:23:00+00:00,113.28125,113.3125,113.28125,113.3125,86.0
2025-06-12 07:24:00+00:00,113.28125,113.28125,113.28125,113.28125,8.0
2025-06-12 07:25:00+00:00,113.3125,113.3125,113.3125,113.3125,243.0
2025-06-12 07:26:00+00:00,113.28125,113.3125,113.28125,113.3125,62.0
2025-06-12 07:27:00+00:00,113.28125,113.3125,113.28125,113.3125,54.0
2025-06-12 07:28:00+00:00,113.28125,113.3125,113.28125,113.28125,9.0
2025-06-12 07:29:00+00:00,113.3125,113.3125,113.28125,113.3125,158.0
2025-06-12 07:30:00+00:00,113.3125,113.34375,113.28125,113.28125,90.0
2025-06-12 07:31:00+00:00,113.34375,113.34375,113.3125,113.3125,50.0
2025-06-12 07:32:00+00:00,113.34375,113.375,113.34375,113.375,10.0
2025-06-12 07:33:00+00:00,113.34375,113.34375,113.34375,113.34375,138.0
2025-06-12 07:34:00+00:00,113.34375,113.34375,113.34375,113.34375,139.0
2025-06-12 07:35:00+00:00,113.34375,113.34375,113.34375,113.34375,43.0
2025-06-12 07:37:00+00:00,113.3125,113.34375,113.3125,113.34375,93.0
2025-06-12 07:38:00+00:00,113.3125,113.3125,113.28125,113.28125,19.0
2025-06-12 07:40:00+00:00,113.3125,113.3125,113.3125,113.3125,195.0
2025-06-12 07:41:00+00:00,113.28125,113.3125,113.28125,113.3125,175.0
2025-06-12 07:42:00+00:00,113.3125,113.3125,113.28125,113.28125,68.0
2025-06-12 07:43:00+00:00,113.3125,113.3125,113.3125,113.3125,6.0
2025-06-12 07:44:00+00:00,113.28125,113.28125,113.28125,113.28125,122.0
2025-06-12 07:46:00+00:00,113.28125,113.28125,113.28125,113.28125,179.0
2025-06-12 07:47:00+00:00,113.25,113.25,113.25,113.25,388.0
2025-06-12 07:48:00+00:00,113.25,113.25,113.25,113.25,18.0
2025-06-12 07:50:00+00:00,113.25,113.28125,113.25,113.25,9.0
2025-06-12 07:52:00+00:00,113.3125,113.3125,113.25,113.25,468.0
2025-06-12 07:53:00+00:00,113.28125,113.3125,113.28125,113.3125,218.0
2025-06-12 07:54:00+00:00,113.3125,113.3125,113.28125,113.28125,302.0
2025-06-12 07:56:00+00:00,113.34375,113.34375,113.3125,113.3125,153.0
2025-06-12 07:57:00+00:00,113.34375,113.375,113.34375,113.34375,142.0
2025-06-12 07:58:00+00:00,113.375,113.375,113.375,113.375,470.0
2025-06-12 08:00:00+00:00,113.40625,113.40625,113.40625,113.40625,8.0
2025-06-12 08:01:00+00:00,113.375,113.40625,113.375,113.40625,244.0
2025-06-12 08:02:00+00:00,113.40625,113.40625,113.375,113.375,192.0
2025-06-12 08:03:00+00:00,113.40625,113.40625,113.40625,113.40625,105.0
2025-06-12 08:04:00+00:00,113.4375,113.4375,113.40625,113.40625,381.0
2025-06-12 08:05:00+00:00,113.4375,113.4375,113.4375,113.4375,37.0
2025-06-12 08:06:00+00:00,113.46875,113.46875,113.4375,113.4375,23.0
2025-06-12 08:07:00+00:00,113.46875,113.46875,113.4375,113.4375,59.0
2025-06-12 08:08:00+00:00,113.46875,113.46875,113.4375,113.4375,127.0
2025-06-12 08:09:00+00:00,113.40625,113.46875,113.40625,113.46875,210.0
2025-06-12 08:10:00+00:00,113.40625,113.4375,113.40625,113.4375,159.0
2025-06-12 08:11:00+00:00,113.40625,113.40625,113.40625,113.40625,136.0
2025-06-12 08:12:00+00:00,113.40625,113.40625,113.40599822998047,113.40625,195.0
2025-06-12 08:13:00+00:00,113.4375,113.4375,113.40625,113.40625,288.0
2025-06-12 08:14:00+00:00,113.4375,113.4375,113.40625,113.40625,133.0
2025-06-12 08:16:00+00:00,113.4375,113.46875,113.4375,113.46875,322.0
2025-06-12 08:17:00+00:00,113.4375,113.4375,113.4375,113.4375,247.0
2025-06-12 08:19:00+00:00,113.4375,113.4375,113.4375,113.4375,6.0
2025-06-12 08:20:00+00:00,113.375,113.40625,113.34375,113.40625,1184.0
2025-06-12 08:21:00+00:00,113.34375,113.375,113.34375,113.375,197.0
2025-06-12 08:22:00+00:00,113.34375,113.375,113.34375,113.375,251.0
2025-06-12 08:23:00+00:00,113.34375,113.375,113.3125,113.34375,107.0
2025-06-12 08:24:00+00:00,113.3125,113.3125,113.3125,113.3125,261.0
2025-06-12 08:25:00+00:00,113.34375,113.34375,113.3125,113.3125,258.0
2025-06-12 08:26:00+00:00,113.375,113.375,113.375,113.375,129.0
2025-06-12 08:27:00+00:00,113.40625,113.40625,113.375,113.375,734.0
2025-06-12 08:28:00+00:00,113.40625,113.40625,113.40625,113.40625,82.0
2025-06-12 08:29:00+00:00,113.46875,113.46875,113.4375,113.4375,189.0
2025-06-12 08:31:00+00:00,113.4375,113.4375,113.4375,113.4375,204.0
2025-06-12 08:32:00+00:00,113.4375,113.4375,113.4375,113.4375,203.0
2025-06-12 08:33:00+00:00,113.4375,113.4375,113.4375,113.4375,57.0
2025-06-12 08:35:00+00:00,113.46875,113.46875,113.4375,113.4375,8.0
2025-06-12 08:36:00+00:00,113.4375,113.46875,113.4375,113.46875,170.0
2025-06-12 08:37:00+00:00,113.4375,113.4375,113.4375,113.4375,73.0
2025-06-12 08:38:00+00:00,113.4375,113.4375,113.4375,113.4375,102.0
2025-06-12 08:39:00+00:00,113.40625,113.40625,113.40625,113.40625,137.0
2025-06-12 08:40:00+00:00,113.40625,113.40625,113.40625,113.40625,85.0
2025-06-12 08:41:00+00:00,113.40625,113.40625,113.375,113.375,68.0
2025-06-12 08:45:00+00:00,113.46875,113.46875,113.4375,113.4375,65.0
2025-06-12 08:46:00+00:00,113.46875,113.46875,113.4375,113.4375,14.0
2025-06-12 08:47:00+00:00,113.46875,113.46875,113.46875,113.46875,116.0
2025-06-12 08:50:00+00:00,113.40625,113.4375,113.40625,113.4375,225.0
2025-06-12 08:51:00+00:00,113.375,113.375,113.375,113.375,142.0
2025-06-12 08:52:00+00:00,113.375,113.375,113.375,113.375,115.0
2025-06-12 08:54:00+00:00,113.375,113.375,113.375,113.375,401.0
2025-06-12 08:55:00+00:00,113.375,113.375,113.375,113.375,85.0
2025-06-12 08:57:00+00:00,113.40625,113.40625,113.40625,113.40625,6.0
2025-06-12 08:58:00+00:00,113.375,113.40625,113.375,113.40625,63.0
2025-06-12 08:59:00+00:00,113.375,113.375,113.375,113.375,118.0
2025-06-12 09:00:00+00:00,113.375,113.375,113.375,113.375,63.0
2025-06-12 09:01:00+00:00,113.375,113.375,113.34375,113.34375,126.0
2025-06-12 09:02:00+00:00,113.375,113.375,113.375,113.375,20.0
2025-06-12 09:03:00+00:00,113.375,113.40625,113.375,113.40625,25.0
2025-06-12 09:04:00+00:00,113.375,113.375,113.375,113.375,28.0
2025-06-12 09:05:00+00:00,113.40625,113.40625,113.40625,113.40625,7.0
2025-06-12 09:06:00+00:00,113.40625,113.40625,113.375,113.375,45.0
2025-06-12 09:07:00+00:00,113.40625,113.40625,113.40625,113.40625,44.0
2025-06-12 09:08:00+00:00,113.4375,113.4375,113.40625,113.40625,118.0
2025-06-12 09:09:00+00:00,113.40625,113.40625,113.40625,113.40625,77.0
2025-06-12 09:11:00+00:00,113.4375,113.4375,113.4375,113.4375,16.0
2025-06-12 09:12:00+00:00,113.4375,113.46875,113.4375,113.46875,88.0
2025-06-12 09:14:00+00:00,113.4375,113.4375,113.4375,113.4375,29.0
2025-06-12 09:15:00+00:00,113.40625,113.4375,113.40625,113.40625,51.0
2025-06-12 09:16:00+00:00,113.375,113.40625,113.375,113.40625,93.0
2025-06-12 09:17:00+00:00,113.40625,113.40625,113.40625,113.40625,90.0
2025-06-12 09:20:00+00:00,113.375,113.375,113.375,113.375,94.0
2025-06-12 09:24:00+00:00,113.40625,113.40625,113.40625,113.40625,79.0
2025-06-12 09:25:00+00:00,113.4375,113.4375,113.40625,113.40625,283.0
2025-06-12 09:26:00+00:00,113.40625,113.4375,113.40625,113.4375,53.0
2025-06-12 09:28:00+00:00,113.4375,113.4375,113.4375,113.4375,32.0
2025-06-12 09:29:00+00:00,113.46875,113.5,113.46875,113.46875,225.0
2025-06-12 09:30:00+00:00,113.53125,113.53125,113.5,113.5,317.0
2025-06-12 09:31:00+00:00,113.53125,113.53125,113.53125,113.53125,697.0
2025-06-12 09:32:00+00:00,113.53125,113.5625,113.53125,113.5625,13.0
2025-06-12 09:33:00+00:00,113.53125,113.53125,113.53125,113.53125,4.0
2025-06-12 09:34:00+00:00,113.53125,113.53125,113.53125,113.53125,6.0
2025-06-12 09:35:00+00:00,113.5,113.53125,113.5,113.53125,8.0
2025-06-12 09:36:00+00:00,113.53125,113.53125,113.5,113.5,497.0
2025-06-12 09:37:00+00:00,113.53125,113.53125,113.53125,113.53125,264.0
2025-06-12 09:38:00+00:00,113.5625,113.59375,113.5625,113.5625,237.0
2025-06-12 09:39:00+00:00,113.5625,113.5625,113.5625,113.5625,4.0
2025-06-12 09:40:00+00:00,113.59375,113.59375,113.59375,113.59375,460.0
2025-06-12 09:41:00+00:00,113.625,113.625,113.59375,113.59375,74.0
2025-06-12 09:42:00+00:00,113.625,113.625,113.59375,113.59375,26.0
2025-06-12 09:43:00+00:00,113.625,113.625,113.59375,113.59375,196.0
2025-06-12 09:44:00+00:00,113.625,113.625,113.625,113.625,516.0
2025-06-12 09:45:00+00:00,113.625,113.625,113.625,113.625,14.0
2025-06-12 09:46:00+00:00,113.625,113.625,113.625,113.625,13.0
2025-06-12 09:47:00+00:00,113.65625,113.65625,113.625,113.625,112.0
2025-06-12 09:48:00+00:00,113.6875,113.6875,113.625,113.625,310.0
2025-06-12 09:49:00+00:00,113.6875,113.71875,113.6875,113.6875,2248.0
2025-06-12 09:50:00+00:00,113.6875,113.6875,113.65625,113.6875,213.0
2025-06-12 09:51:00+00:00,113.65625,113.6875,113.65625,113.6875,87.0
2025-06-12 09:52:00+00:00,113.6875,113.6875,113.65625,113.65625,13.0
2025-06-12 09:53:00+00:00,113.6875,113.6875,113.6875,113.6875,400.0
2025-06-12 09:54:00+00:00,113.71875,113.71875,113.6875,113.71875,135.0
2025-06-12 09:55:00+00:00,113.6875,113.6875,113.6875,113.6875,235.0
2025-06-12 09:56:00+00:00,113.65625,113.6875,113.65625,113.6875,31.0
2025-06-12 09:57:00+00:00,113.625,113.65625,113.625,113.65625,114.0
2025-06-12 09:58:00+00:00,113.625,113.65625,113.625,113.65625,527.0
2025-06-12 09:59:00+00:00,113.625,113.625,113.625,113.625,64.0
2025-06-12 10:00:00+00:00,113.625,113.625,113.625,113.625,68.0
2025-06-12 10:01:00+00:00,113.65625,113.65625,113.65625,113.65625,6.0
2025-06-12 10:02:00+00:00,113.65625,113.65625,113.65625,113.65625,314.0
2025-06-12 10:03:00+00:00,113.625,113.65625,113.625,113.625,78.0
2025-06-12 10:04:00+00:00,113.65625,113.65625,113.65625,113.65625,116.0
2025-06-12 10:05:00+00:00,113.625,113.65625,113.625,113.65625,178.0
2025-06-12 10:06:00+00:00,113.65625,113.65625,113.625,113.625,62.0
2025-06-12 10:07:00+00:00,113.65625,113.6875,113.625,113.65625,605.0
2025-06-12 10:08:00+00:00,113.6875,113.6875,113.625,113.65625,347.0
2025-06-12 10:09:00+00:00,113.65625,113.6875,113.625,113.6875,343.0
2025-06-12 10:10:00+00:00,113.68800354003906,113.68800354003906,113.65625,113.65625,198.0
2025-06-12 10:11:00+00:00,113.65625,113.6875,113.65625,113.6875,473.0
2025-06-12 10:12:00+00:00,113.65625,113.65625,113.625,113.65625,21.0
2025-06-12 10:13:00+00:00,113.625,113.65625,113.625,113.65625,148.0
2025-06-12 10:14:00+00:00,113.65625,113.65625,113.65625,113.65625,3.0
2025-06-12 10:15:00+00:00,113.65625,113.65625,113.625,113.65625,67.0
2025-06-12 10:16:00+00:00,113.65625,113.65625,113.625,113.65625,12.0
2025-06-12 10:17:00+00:00,113.625,113.65625,113.625,113.65625,19.0
2025-06-12 10:19:00+00:00,113.65625,113.65625,113.65625,113.65625,69.0
2025-06-12 10:20:00+00:00,113.6875,113.6875,113.6875,113.6875,9.0
2025-06-12 10:21:00+00:00,113.6875,113.6875,113.6875,113.6875,109.0
2025-06-12 10:22:00+00:00,113.6875,113.6875,113.65625,113.65625,9.0
2025-06-12 10:23:00+00:00,113.6875,113.6875,113.65625,113.65625,476.0
2025-06-12 10:24:00+00:00,113.6875,113.6875,113.65625,113.65625,79.0
2025-06-12 10:25:00+00:00,113.6875,113.6875,113.6875,113.6875,238.0
2025-06-12 10:26:00+00:00,113.6875,113.6875,113.6875,113.6875,80.0
2025-06-12 10:27:00+00:00,113.6875,113.6875,113.65625,113.6875,350.0
2025-06-12 10:28:00+00:00,113.6875,113.71875,113.6875,113.71875,580.0
2025-06-12 10:29:00+00:00,113.6875,113.6875,113.6875,113.6875,537.0
2025-06-12 10:30:00+00:00,113.6875,113.6875,113.6875,113.6875,3.0
2025-06-12 10:31:00+00:00,113.71875,113.71875,113.6875,113.6875,526.0
2025-06-12 10:32:00+00:00,113.65625,113.6875,113.65625,113.6875,337.0
2025-06-12 10:33:00+00:00,113.71875,113.71875,113.6875,113.6875,71.0
2025-06-12 10:34:00+00:00,113.6875,113.6875,113.6875,113.6875,630.0
2025-06-12 10:35:00+00:00,113.6875,113.6875,113.65625,113.6875,185.0
2025-06-12 10:36:00+00:00,113.6875,113.71875,113.6875,113.71875,65.0
2025-06-12 10:37:00+00:00,113.71875,113.75,113.6875,113.6875,302.0
2025-06-12 10:38:00+00:00,113.6875,113.71875,113.6875,113.71875,154.0
2025-06-12 10:39:00+00:00,113.6875,113.71875,113.6875,113.6875,35.0
2025-06-12 10:40:00+00:00,113.71875,113.71875,113.6875,113.6875,335.0
2025-06-12 10:41:00+00:00,113.71875,113.71875,113.71875,113.71875,56.0
2025-06-12 10:42:00+00:00,113.6875,113.71875,113.6875,113.71875,108.0
2025-06-12 10:43:00+00:00,113.6875,113.71875,113.6875,113.6875,93.0
2025-06-12 10:44:00+00:00,113.71875,113.71875,113.6875,113.71875,12.0
2025-06-12 10:45:00+00:00,113.6875,113.6875,113.6875,113.6875,326.0
2025-06-12 10:46:00+00:00,113.6875,113.71875,113.6875,113.6875,504.0
2025-06-12 10:47:00+00:00,113.6875,113.71875,113.6875,113.71875,125.0
2025-06-12 10:48:00+00:00,113.71875,113.75,113.6875,113.71875,302.0
2025-06-12 10:49:00+00:00,113.75,113.75,113.71875,113.75,14.0
2025-06-12 10:50:00+00:00,113.71875,113.75,113.71875,113.71875,220.0
2025-06-12 10:51:00+00:00,113.71875,113.75,113.71875,113.75,37.0
2025-06-12 10:52:00+00:00,113.71875,113.71875,113.71875,113.71875,52.0
2025-06-12 10:53:00+00:00,113.75,113.75,113.75,113.75,349.0
2025-06-12 10:54:00+00:00,113.78125,113.78125,113.78125,113.78125,539.0
2025-06-12 10:55:00+00:00,113.75,113.78125,113.75,113.75,136.0
2025-06-12 10:56:00+00:00,113.78125,113.78125,113.78125,113.78125,1.0
2025-06-12 10:57:00+00:00,113.78125,113.78125,113.78125,113.78125,34.0
2025-06-12 10:58:00+00:00,113.78125,113.78125,113.78125,113.78125,111.0
2025-06-12 10:59:00+00:00,113.8125,113.8125,113.78125,113.78125,117.0
2025-06-12 11:00:00+00:00,113.8125,113.8125,113.78125,113.8125,17.0
2025-06-12 11:01:00+00:00,113.8125,113.8125,113.78125,113.8125,29.0
2025-06-12 11:02:00+00:00,113.78125,113.8125,113.78125,113.8125,170.0
2025-06-12 11:03:00+00:00,113.78125,113.8125,113.78125,113.8125,280.0
2025-06-12 11:04:00+00:00,113.78125,113.78125,113.75,113.75,13.0
2025-06-12 11:05:00+00:00,113.8125,113.8125,113.78125,113.78125,186.0
2025-06-12 11:06:00+00:00,113.8125,113.8125,113.8125,113.8125,235.0
2025-06-12 11:07:00+00:00,113.78125,113.8125,113.78125,113.78125,31.0
2025-06-12 11:08:00+00:00,113.8125,113.8125,113.8125,113.8125,15.0
2025-06-12 11:09:00+00:00,113.8125,113.8125,113.78125,113.8125,298.0
2025-06-12 11:10:00+00:00,113.84375,113.84375,113.8125,113.8125,15.0
2025-06-12 11:11:00+00:00,113.84375,113.84375,113.8125,113.84375,28.0
2025-06-12 11:12:00+00:00,113.8125,113.84375,113.8125,113.84375,191.0
2025-06-12 11:13:00+00:00,113.84375,113.875,113.8125,113.8125,456.0
2025-06-12 11:14:00+00:00,113.84375,113.875,113.84375,113.875,69.0
2025-06-12 11:15:00+00:00,113.875,113.875,113.84375,113.84375,166.0
2025-06-12 11:16:00+00:00,113.84375,113.84375,113.8125,113.84375,223.0
2025-06-12 11:17:00+00:00,113.78125,113.84375,113.78125,113.84375,641.0
2025-06-12 11:18:00+00:00,113.75,113.78125,113.75,113.78125,70.0
2025-06-12 11:19:00+00:00,113.78125,113.78125,113.75,113.75,11.0
2025-06-12 11:20:00+00:00,113.75,113.78125,113.75,113.75,254.0
2025-06-12 11:21:00+00:00,113.78125,113.78125,113.75,113.75,189.0
2025-06-12 11:22:00+00:00,113.78125,113.8125,113.78125,113.78125,492.0
2025-06-12 11:23:00+00:00,113.8125,113.8125,113.75,113.78125,233.0
2025-06-12 11:24:00+00:00,113.8125,113.8125,113.8125,113.8125,18.0
2025-06-12 11:25:00+00:00,113.84375,113.84375,113.8125,113.8125,385.0
2025-06-12 11:26:00+00:00,113.84375,113.84375,113.8125,113.84375,64.0
2025-06-12 11:27:00+00:00,113.84375,113.84375,113.8125,113.84375,14.0
2025-06-12 11:28:00+00:00,113.84375,113.84375,113.84375,113.84375,129.0
2025-06-12 11:29:00+00:00,113.84375,113.84375,113.8125,113.84375,30.0
2025-06-12 11:30:00+00:00,113.84375,113.84375,113.8125,113.84375,567.0
2025-06-12 11:31:00+00:00,113.84375,113.84375,113.8125,113.8125,323.0
2025-06-12 11:32:00+00:00,113.8125,113.84375,113.8125,113.84375,468.0
2025-06-12 11:33:00+00:00,113.8125,113.84375,113.8125,113.8125,421.0
2025-06-12 11:34:00+00:00,113.8125,113.8125,113.78125,113.8125,128.0
2025-06-12 11:35:00+00:00,113.78125,113.8125,113.78125,113.78125,40.0
2025-06-12 11:36:00+00:00,113.84375,113.84375,113.78125,113.8125,612.0
2025-06-12 11:37:00+00:00,113.8125,113.84375,113.8125,113.84375,467.0
2025-06-12 11:38:00+00:00,113.84375,113.84375,113.8125,113.8125,288.0
2025-06-12 11:39:00+00:00,113.8125,113.84375,113.8125,113.84375,133.0
2025-06-12 11:40:00+00:00,113.8125,113.8125,113.8125,113.8125,388.0
2025-06-12 11:41:00+00:00,113.8125,113.8125,113.8125,113.8125,459.0
2025-06-12 11:43:00+00:00,113.84375,113.84375,113.84375,113.84375,609.0
2025-06-12 11:44:00+00:00,113.84375,113.84375,113.84375,113.84375,446.0
2025-06-12 11:45:00+00:00,113.84375,113.84375,113.84375,113.84375,121.0
2025-06-12 11:46:00+00:00,113.84375,113.84375,113.84375,113.84375,580.0
2025-06-12 11:47:00+00:00,113.84375,113.875,113.84375,113.84375,255.0
2025-06-12 11:48:00+00:00,113.84375,113.84375,113.84375,113.84375,33.0
2025-06-12 11:49:00+00:00,113.8125,113.84375,113.8125,113.8125,258.0
2025-06-12 11:50:00+00:00,113.8125,113.8125,113.8125,113.8125,298.0
2025-06-12 11:51:00+00:00,113.84375,113.84375,113.78125,113.78125,551.0
2025-06-12 11:52:00+00:00,113.875,113.875,113.875,113.875,321.0
2025-06-12 11:53:00+00:00,113.90625,113.90625,113.875,113.875,77.0
2025-06-12 11:54:00+00:00,113.90625,113.90625,113.90625,113.90625,380.0
2025-06-12 11:55:00+00:00,113.9375,113.9375,113.90625,113.90625,157.0
2025-06-12 11:56:00+00:00,113.9375,113.9375,113.9375,113.9375,28.0
2025-06-12 11:57:00+00:00,113.9375,113.9375,113.90625,113.9375,521.0
2025-06-12 11:59:00+00:00,113.96875,113.96875,113.96875,113.96875,1099.0
2025-06-12 12:00:00+00:00,113.875,113.96875,113.875,113.9375,2288.0
2025-06-12 12:01:00+00:00,113.90625,113.90625,113.875,113.90625,531.0
2025-06-12 12:02:00+00:00,113.9375,113.9375,113.90625,113.90625,363.0
2025-06-12 12:03:00+00:00,113.9375,113.9375,113.90625,113.9375,83.0
2025-06-12 12:04:00+00:00,113.9375,113.96875,113.9375,113.9375,563.0
2025-06-12 12:05:00+00:00,114.0,114.0,113.9375,113.9375,502.0
2025-06-12 12:06:00+00:00,114.0,114.0,113.96875,114.0,280.0
2025-06-12 12:07:00+00:00,113.96875,114.0,113.96875,114.0,665.0
2025-06-12 12:08:00+00:00,114.0,114.0,113.96875,114.0,83.0
2025-06-12 12:09:00+00:00,113.96875,114.0,113.9375,114.0,763.0
2025-06-12 12:10:00+00:00,114.0,114.0,113.96875,113.96875,13.0
2025-06-12 12:11:00+00:00,113.96875,114.0,113.96875,114.0,784.0
2025-06-12 12:12:00+00:00,113.96875,114.0,113.96875,114.0,566.0
2025-06-12 12:13:00+00:00,113.9375,113.96875,113.9375,113.96875,844.0
2025-06-12 12:14:00+00:00,113.9375,113.96875,113.9375,113.96875,60.0
2025-06-12 12:15:00+00:00,113.90625,113.96875,113.90625,113.96875,1008.0
2025-06-12 12:16:00+00:00,113.9375,113.96875,113.90625,113.90625,631.0
2025-06-12 12:17:00+00:00,114.0,114.0,113.9375,113.9375,448.0
2025-06-12 12:18:00+00:00,113.96875,113.96875,113.96875,113.96875,812.0
2025-06-12 12:19:00+00:00,114.0,114.0,113.96875,113.96875,506.0
2025-06-12 12:20:00+00:00,114.03125,114.03125,113.96875,114.0,633.0
2025-06-12 12:21:00+00:00,114.0,114.03125,114.0,114.0,787.0
2025-06-12 12:22:00+00:00,113.9375,114.03125,113.9375,114.03125,2073.0
2025-06-12 12:23:00+00:00,114.03125,114.03125,113.96875,113.96875,414.0
2025-06-12 12:24:00+00:00,114.0,114.0,113.96875,114.0,177.0
2025-06-12 12:25:00+00:00,113.96875,114.03125,113.96875,114.0,1001.0
2025-06-12 12:26:00+00:00,113.96875,114.0,113.96875,113.96875,317.0
2025-06-12 12:27:00+00:00,113.96875,114.0,113.96875,114.0,743.0
2025-06-12 12:28:00+00:00,114.0,114.0,113.96875,113.96875,227.0
2025-06-12 12:29:00+00:00,114.0,114.0,113.96875,113.96875,514.0
2025-06-12 12:30:00+00:00,114.21875,114.25,114.0,114.0,5867.0
2025-06-12 12:31:00+00:00,114.21875,114.25,114.1875,114.21875,2180.0
2025-06-12 12:32:00+00:00,114.09375,114.21875,114.09375,114.1875,1635.0
2025-06-12 12:33:00+00:00,114.0625,114.125,114.03125,114.125,1721.0
2025-06-12 12:34:00+00:00,114.0625,114.125,114.0625,114.0625,1352.0
2025-06-12 12:35:00+00:00,114.0625,114.09375,114.0625,114.0625,1338.0
2025-06-12 12:36:00+00:00,114.03125,114.09375,114.0,114.03125,1534.0
2025-06-12 12:37:00+00:00,114.0625,114.09375,114.03125,114.03125,1160.0
2025-06-12 12:38:00+00:00,114.09375,114.09375,114.0625,114.0625,1258.0
2025-06-12 12:39:00+00:00,114.125,114.15625,114.09375,114.125,786.0
2025-06-12 12:40:00+00:00,114.09375,114.125,114.0625,114.125,1302.0
2025-06-12 12:41:00+00:00,114.03125,114.125,114.03125,114.09375,857.0
2025-06-12 12:46:00+00:00,114.0625,114.09375,114.0625,114.0625,4946.0
2025-06-12 12:47:00+00:00,114.0625,114.09375,114.0625,114.09375,690.0
2025-06-12 12:48:00+00:00,114.09375,114.09375,114.03125,114.0625,648.0
2025-06-12 12:49:00+00:00,114.09375,114.09375,114.0625,114.0625,278.0
2025-06-12 12:50:00+00:00,114.15625,114.15625,114.09375,114.09375,516.0
2025-06-12 12:51:00+00:00,114.125,114.15625,114.09375,114.125,1529.0
2025-06-12 12:52:00+00:00,114.125,114.125,114.09375,114.125,763.0
2025-06-12 12:53:00+00:00,114.15625,114.15625,114.125,114.125,697.0
2025-06-12 12:54:00+00:00,114.125,114.15625,114.125,114.15625,613.0
2025-06-12 12:55:00+00:00,114.1875,114.1875,114.15625,114.15625,811.0
2025-06-12 12:56:00+00:00,114.21875,114.21875,114.1875,114.1875,391.0
2025-06-12 12:57:00+00:00,114.21875,114.21875,114.1875,114.1875,851.0
2025-06-12 12:58:00+00:00,114.21875,114.21875,114.1875,114.21875,427.0
2025-06-12 12:59:00+00:00,114.25,114.25,114.1875,114.21875,2642.0
2025-06-12 13:00:00+00:00,114.25,114.28125,114.25,114.25,822.0
2025-06-12 13:01:00+00:00,114.21875,114.28125,114.21875,114.28125,435.0
2025-06-12 13:02:00+00:00,114.25,114.25,114.25,114.25,1263.0
2025-06-12 13:03:00+00:00,114.28125,114.28125,114.25,114.25,570.0
2025-06-12 13:04:00+00:00,114.3125,114.34375,114.28125,114.28125,1485.0
2025-06-12 13:07:00+00:00,114.3125,114.3125,114.3125,114.3125,0.0
2025-06-12 13:08:00+00:00,114.25,114.3125,114.25,114.28125,141866.0
2025-06-12 13:09:00+00:00,114.28125,114.28125,114.21875,114.21875,991.0
2025-06-12 13:10:00+00:00,114.28125,114.28125,114.25,114.28125,2346.0
2025-06-12 13:11:00+00:00,114.25,114.28125,114.21875,114.28125,1496.0
2025-06-12 13:12:00+00:00,114.25,114.25,114.21875,114.21875,840.0
2025-06-12 13:13:00+00:00,114.1875,114.21875,114.1875,114.21875,1805.0
2025-06-12 13:14:00+00:00,114.1875,114.21875,114.1875,114.1875,1667.0
2025-06-12 13:15:00+00:00,114.21875,114.21875,114.1875,114.21875,664.0
2025-06-12 13:16:00+00:00,114.1875,114.21875,114.15625,114.21875,499.0
2025-06-12 13:17:00+00:00,114.1875,114.21875,114.15625,114.1875,1635.0
2025-06-12 13:18:00+00:00,114.1875,114.21875,114.1875,114.21875,695.0
2025-06-12 13:19:00+00:00,114.15625,114.1875,114.15625,114.1875,92.0
2025-06-12 13:20:00+00:00,114.1875,114.1875,114.15625,114.1875,414.0
2025-06-12 13:21:00+00:00,114.125,114.1875,114.125,114.15625,603.0
2025-06-12 13:22:00+00:00,114.125,114.15625,114.125,114.15625,52.0
2025-06-12 13:23:00+00:00,114.15625,114.15625,114.125,114.125,576.0
2025-06-12 13:24:00+00:00,114.09375,114.125,114.0625,114.125,1074.0
2025-06-12 13:26:00+00:00,114.09375,114.09375,114.09375,114.09375,1280.0
2025-06-12 13:27:00+00:00,114.09375,114.09375,114.0625,114.0625,430.0
2025-06-12 13:28:00+00:00,114.09375,114.09375,114.09375,114.09375,320.0
2025-06-12 13:29:00+00:00,114.09375,114.125,114.09375,114.09375,1452.0
2025-06-12 13:30:00+00:00,114.09375,114.125,114.0625,114.0625,1202.0
2025-06-12 13:31:00+00:00,114.09375,114.125,114.09375,114.125,510.0
2025-06-12 13:32:00+00:00,114.125,114.125,114.09375,114.125,997.0
2025-06-12 13:33:00+00:00,114.09375,114.125,114.09375,114.125,521.0
2025-06-12 13:34:00+00:00,114.03125,114.09375,114.03125,114.09375,744.0
2025-06-12 13:35:00+00:00,114.03125,114.0625,114.0,114.03125,1146.0
2025-06-12 13:36:00+00:00,114.0625,114.09375,114.03125,114.03125,782.0
2025-06-12 13:37:00+00:00,114.03125,114.0625,114.03125,114.0625,258.0
2025-06-12 13:38:00+00:00,114.0,114.03125,113.96875,114.03125,754.0
2025-06-12 13:39:00+00:00,114.03125,114.03125,114.0,114.03125,262.0
2025-06-12 13:40:00+00:00,114.03125,114.03125,114.0,114.03125,545.0
2025-06-12 13:41:00+00:00,114.0,114.03125,113.96875,114.03125,659.0
2025-06-12 13:42:00+00:00,114.0,114.0,113.96875,113.96875,1187.0
2025-06-12 13:43:00+00:00,114.0625,114.0625,114.0,114.0,141.0
2025-06-12 13:44:00+00:00,114.0625,114.0625,114.03125,114.03125,1107.0
2025-06-12 13:45:00+00:00,114.0,114.0625,114.0,114.0625,940.0
2025-06-12 13:47:00+00:00,113.96875,113.96875,113.96875,113.96875,1591.0
2025-06-12 13:48:00+00:00,113.90625,113.9375,113.90625,113.9375,1024.0
2025-06-12 13:49:00+00:00,113.9375,113.96875,113.90625,113.9375,1849.0
2025-06-12 13:50:00+00:00,113.9375,113.9375,113.90625,113.9375,759.0
2025-06-12 13:51:00+00:00,113.90625,113.9375,113.90625,113.9375,136.0
2025-06-12 13:52:00+00:00,113.875,113.90625,113.84375,113.90625,871.0
2025-06-12 13:53:00+00:00,113.875,113.90625,113.84375,113.84375,490.0
2025-06-12 13:54:00+00:00,113.875,113.90625,113.84375,113.875,602.0
2025-06-12 13:55:00+00:00,113.90625,113.90625,113.8125,113.84375,795.0
2025-06-12 13:56:00+00:00,113.84375,113.875,113.84375,113.875,942.0
2025-06-12 13:57:00+00:00,113.84375,113.875,113.84375,113.875,50.0
2025-06-12 13:58:00+00:00,113.875,113.875,113.84375,113.84375,550.0
2025-06-12 13:59:00+00:00,113.875,113.90625,113.84375,113.875,1576.0
2025-06-12 14:00:00+00:00,113.875,113.90625,113.84375,113.84375,534.0
2025-06-12 14:01:00+00:00,113.90625,113.90625,113.84375,113.875,576.0
2025-06-12 14:02:00+00:00,113.875,113.875,113.84375,113.875,113.0
2025-06-12 14:03:00+00:00,113.875,113.875,113.84375,113.875,947.0
2025-06-12 14:04:00+00:00,113.90625,113.90625,113.875,113.875,216.0
2025-06-12 14:07:00+00:00,113.9375,113.9375,113.90625,113.90625,1528.0
2025-06-12 14:08:00+00:00,113.9375,113.9375,113.9375,113.9375,909.0
2025-06-12 14:09:00+00:00,113.90625,113.96875,113.90625,113.9375,743.0
2025-06-12 14:10:00+00:00,113.9375,113.9375,113.90625,113.90625,221.0
2025-06-12 14:11:00+00:00,113.9375,113.9375,113.90625,113.90625,358.0
2025-06-12 14:12:00+00:00,113.875,113.9375,113.875,113.90625,455.0
2025-06-12 14:13:00+00:00,113.875,113.90625,113.875,113.875,729.0
2025-06-12 14:14:00+00:00,113.875,113.90625,113.875,113.90625,269.0
2025-06-12 14:15:00+00:00,113.84375,113.875,113.84375,113.875,362.0
2025-06-12 14:16:00+00:00,113.84375,113.875,113.84375,113.875,1026.0
2025-06-12 14:17:00+00:00,113.84375,113.84375,113.84375,113.84375,111.0
2025-06-12 14:20:00+00:00,113.875,113.875,113.875,113.875,2596.0
2025-06-12 14:21:00+00:00,113.84375,113.875,113.84375,113.875,1152.0
2025-06-12 14:22:00+00:00,113.875,113.875,113.8125,113.84375,655.0
2025-06-12 14:23:00+00:00,113.90625,113.90625,113.875,113.875,812.0
2025-06-12 14:24:00+00:00,113.9375,113.9375,113.90625,113.9375,304.0
2025-06-12 14:25:00+00:00,113.9375,113.9375,113.90625,113.9375,262.0
2025-06-12 14:26:00+00:00,113.84375,113.90625,113.84375,113.90625,433.0
2025-06-12 14:27:00+00:00,113.84375,113.875,113.84375,113.84375,63.0
2025-06-12 14:28:00+00:00,113.84375,113.875,113.84375,113.84375,315.0
2025-06-12 14:30:00+00:00,113.8125,113.8125,113.78125,113.8125,1652.0
2025-06-12 14:31:00+00:00,113.78125,113.8125,113.78125,113.8125,843.0
2025-06-12 14:32:00+00:00,113.78125,113.84375,113.75,113.8125,1444.0
2025-06-12 14:33:00+00:00,113.78125,113.8125,113.78125,113.8125,706.0
2025-06-12 14:34:00+00:00,113.8125,113.8125,113.8125,113.8125,1059.0
2025-06-12 14:35:00+00:00,113.8125,113.8125,113.78125,113.8125,443.0
2025-06-12 14:36:00+00:00,113.84375,113.84375,113.78125,113.8125,990.0
2025-06-12 14:37:00+00:00,113.8125,113.84375,113.78125,113.8125,646.0
2025-06-12 14:38:00+00:00,113.8125,113.84375,113.8125,113.8125,617.0
2025-06-12 14:39:00+00:00,113.8125,113.8125,113.78125,113.8125,289.0
2025-06-12 14:40:00+00:00,113.84375,113.84375,113.8125,113.8125,169.0
2025-06-12 14:41:00+00:00,113.8125,113.84375,113.8125,113.84375,144.0
2025-06-12 14:42:00+00:00,113.875,113.875,113.84375,113.84375,1449.0
2025-06-12 14:43:00+00:00,113.84375,113.875,113.84375,113.875,82.0
2025-06-12 14:44:00+00:00,113.875,113.875,113.84375,113.84375,640.0
2025-06-12 14:45:00+00:00,113.90625,113.90625,113.875,113.875,243.0
2025-06-12 14:46:00+00:00,113.875,113.90625,113.875,113.90625,86.0
2025-06-12 14:50:00+00:00,113.875,113.90625,113.875,113.90625,1068.0
2025-06-12 14:51:00+00:00,113.875,113.90625,113.875,113.90625,720.0
2025-06-12 14:52:00+00:00,113.875,113.90625,113.875,113.875,190.0
2025-06-12 14:53:00+00:00,113.84375,113.875,113.84375,113.875,24.0
2025-06-12 14:54:00+00:00,113.875,113.875,113.84375,113.875,98.0
2025-06-12 14:55:00+00:00,113.875,113.875,113.84375,113.84375,192.0
2025-06-12 14:56:00+00:00,113.90625,113.90625,113.875,113.875,443.0
2025-06-12 14:57:00+00:00,113.90625,113.90625,113.875,113.90625,370.0
2025-06-12 14:58:00+00:00,113.90625,113.9375,113.875,113.9375,691.0
2025-06-12 14:59:00+00:00,113.875,113.90625,113.84375,113.90625,739.0
2025-06-12 15:00:00+00:00,113.84375,113.875,113.84375,113.875,609.0
2025-06-12 15:01:00+00:00,113.84375,113.875,113.84375,113.875,468.0
2025-06-12 15:02:00+00:00,113.84375,113.875,113.8125,113.84375,931.0
2025-06-12 15:03:00+00:00,113.84375,113.84375,113.8125,113.84375,406.0
2025-06-12 15:04:00+00:00,113.84375,113.875,113.84375,113.84375,676.0
2025-06-12 15:05:00+00:00,113.84375,113.875,113.84375,113.875,1051.0
2025-06-12 15:06:00+00:00,113.84375,113.875,113.84375,113.875,263.0
2025-06-12 15:07:00+00:00,113.875,113.875,113.84375,113.84375,614.0
2025-06-12 15:08:00+00:00,113.875,113.875,113.875,113.875,329.0
2025-06-12 15:09:00+00:00,113.875,113.875,113.875,113.875,70.0
2025-06-12 15:10:00+00:00,113.875,113.875,113.84375,113.875,623.0
2025-06-12 15:11:00+00:00,113.875,113.875,113.875,113.875,3.0
2025-06-12 15:14:00+00:00,113.90625,113.90625,113.875,113.875,1293.0
2025-06-12 15:15:00+00:00,113.90625,113.90625,113.875,113.90625,1121.0
2025-06-12 15:16:00+00:00,113.875,113.90625,113.84375,113.875,695.0
2025-06-12 15:17:00+00:00,113.90625,113.90625,113.875,113.875,1436.0
2025-06-12 15:18:00+00:00,113.9375,113.9375,113.875,113.875,780.0
2025-06-12 15:19:00+00:00,113.90625,113.9375,113.875,113.9375,1501.0
2025-06-12 15:20:00+00:00,113.875,113.875,113.875,113.875,554.0
2025-06-12 15:21:00+00:00,113.90625,113.90625,113.84375,113.84375,1285.0
2025-06-12 15:22:00+00:00,113.90625,113.9375,113.90625,113.90625,911.0
2025-06-12 15:23:00+00:00,113.96875,114.0,113.9375,113.9375,1090.0
2025-06-12 15:24:00+00:00,114.0,114.0,113.96875,113.96875,734.0
2025-06-12 15:25:00+00:00,113.96875,114.0,113.96875,114.0,595.0
2025-06-12 15:26:00+00:00,114.0,114.0,113.96875,113.96875,65.0
2025-06-12 15:27:00+00:00,114.0,114.0,113.96875,114.0,824.0
2025-06-12 15:28:00+00:00,114.0,114.03125,113.96875,114.0,1102.0
2025-06-12 15:29:00+00:00,113.9375,114.0,113.9375,114.0,772.0
2025-06-12 15:30:00+00:00,113.9375,113.96875,113.9375,113.96875,215.0
2025-06-12 15:31:00+00:00,113.96875,113.96875,113.9375,113.96875,59.0
2025-06-12 15:32:00+00:00,114.03125,114.03125,113.96875,113.96875,1371.0
2025-06-12 15:35:00+00:00,114.03125,114.03125,114.03125,114.03125,828.0
2025-06-12 15:36:00+00:00,114.03125,114.03125,114.0,114.0,56.0
2025-06-12 15:37:00+00:00,114.03125,114.03125,114.0,114.03125,3.0
2025-06-12 15:38:00+00:00,114.0,114.03125,113.96875,114.03125,328.0
2025-06-12 15:39:00+00:00,113.9375,113.96875,113.9375,113.96875,766.0
2025-06-12 15:40:00+00:00,114.0,114.0,113.9375,113.9375,271.0
2025-06-12 15:41:00+00:00,113.9375,113.96875,113.9375,113.96875,516.0
2025-06-12 15:42:00+00:00,113.9375,113.96875,113.9375,113.96875,416.0
2025-06-12 15:43:00+00:00,113.90625,113.9375,113.90625,113.90625,224.0
2025-06-12 15:44:00+00:00,113.90625,113.9375,113.875,113.9375,882.0
2025-06-12 15:45:00+00:00,113.9375,113.9375,113.90625,113.90625,708.0
2025-06-12 15:46:00+00:00,113.96875,113.96875,113.96875,113.96875,555.0
2025-06-12 15:47:00+00:00,113.96875,113.96875,113.96875,113.96875,182.0
2025-06-12 15:48:00+00:00,113.96875,114.0,113.96875,113.96875,263.0
2025-06-12 15:49:00+00:00,113.96875,113.96875,113.96875,113.96875,303.0
2025-06-12 15:50:00+00:00,114.0,114.0,113.96875,113.96875,279.0
2025-06-12 15:51:00+00:00,113.96875,113.96875,113.9375,113.96875,325.0
2025-06-12 15:52:00+00:00,113.96875,114.0,113.9375,113.96875,246.0
2025-06-12 15:53:00+00:00,114.03125,114.03125,114.0,114.0,538.0
2025-06-12 15:54:00+00:00,114.03125,114.03125,114.0,114.03125,43.0
2025-06-12 15:55:00+00:00,114.03125,114.03125,114.0,114.03125,335.0
2025-06-12 15:56:00+00:00,114.03125,114.0625,114.0,114.03125,719.0
2025-06-12 15:57:00+00:00,114.0625,114.0625,114.03125,114.0625,203.0
2025-06-12 15:58:00+00:00,114.09375,114.125,114.03125,114.0625,2075.0
2025-06-12 15:59:00+00:00,114.09375,114.09375,114.0625,114.0625,554.0
2025-06-12 16:00:00+00:00,114.03125,114.09375,114.03125,114.0625,234.0
2025-06-12 16:03:00+00:00,114.09375,114.09375,114.0625,114.0625,890.0
2025-06-12 16:04:00+00:00,114.09375,114.09375,114.0625,114.09375,226.0
2025-06-12 16:05:00+00:00,114.0625,114.09375,114.0625,114.09375,16.0
2025-06-12 16:06:00+00:00,114.125,114.125,114.09375,114.09375,261.0
2025-06-12 16:07:00+00:00,114.09375,114.125,114.09375,114.09375,311.0
2025-06-12 16:08:00+00:00,114.09375,114.09375,114.09375,114.09375,266.0
2025-06-12 16:09:00+00:00,114.09375,114.09375,114.09375,114.09375,186.0
2025-06-12 16:10:00+00:00,114.09375,114.09375,114.0625,114.09375,220.0
2025-06-12 16:11:00+00:00,114.1875,114.1875,114.125,114.125,873.0
2025-06-12 16:12:00+00:00,114.15625,114.15625,114.15625,114.15625,544.0
2025-06-12 16:13:00+00:00,114.15625,114.15625,114.15625,114.15625,307.0
2025-06-12 16:14:00+00:00,114.15625,114.15625,114.125,114.125,50.0
2025-06-12 16:15:00+00:00,114.15625,114.15625,114.125,114.125,195.0
2025-06-12 16:16:00+00:00,114.15625,114.1875,114.15625,114.1875,25.0
2025-06-12 16:17:00+00:00,114.1875,114.21875,114.15625,114.1875,1011.0
2025-06-12 16:18:00+00:00,114.1875,114.1875,114.1875,114.1875,554.0
2025-06-12 16:20:00+00:00,114.15625,114.15625,114.15625,114.15625,553.0
2025-06-12 16:21:00+00:00,114.15625,114.15625,114.125,114.125,263.0
2025-06-12 16:22:00+00:00,114.15625,114.15625,114.15625,114.15625,195.0
2025-06-12 16:23:00+00:00,114.1875,114.21875,114.1875,114.1875,842.0
2025-06-12 16:24:00+00:00,114.1875,114.21875,114.1875,114.1875,276.0
2025-06-12 16:25:00+00:00,114.1875,114.1875,114.1875,114.1875,86.0
2025-06-12 16:26:00+00:00,114.1875,114.1875,114.1875,114.1875,323.0
2025-06-12 16:27:00+00:00,114.15625,114.15625,114.15625,114.15625,108.0
2025-06-12 16:28:00+00:00,114.15625,114.1875,114.15625,114.15625,1244.0
2025-06-12 16:29:00+00:00,114.15625,114.1875,114.15625,114.1875,840.0
2025-06-12 16:30:00+00:00,114.125,114.15625,114.125,114.15625,393.0
2025-06-12 16:31:00+00:00,114.1875,114.1875,114.125,114.125,1587.0
2025-06-12 16:32:00+00:00,114.15625,114.1875,114.125,114.1875,954.0
2025-06-12 16:33:00+00:00,114.15625,114.15625,114.125,114.125,429.0
2025-06-12 16:34:00+00:00,114.125,114.15625,114.09375,114.15625,459.0
2025-06-12 16:36:00+00:00,114.09375,114.125,114.09375,114.125,437.0
2025-06-12 16:37:00+00:00,114.125,114.125,114.09375,114.125,31.0
2025-06-12 16:38:00+00:00,114.125,114.125,114.125,114.125,228.0
2025-06-12 16:39:00+00:00,114.09375,114.09375,114.09375,114.09375,39.0
2025-06-12 16:40:00+00:00,114.09375,114.09375,114.09375,114.09375,2.0
2025-06-12 16:41:00+00:00,114.125,114.15625,114.09375,114.09375,532.0
2025-06-12 16:42:00+00:00,114.125,114.125,114.125,114.125,281.0
2025-06-12 16:43:00+00:00,114.125,114.125,114.09375,114.125,519.0
2025-06-12 16:44:00+00:00,114.125,114.125,114.125,114.125,324.0
2025-06-12 16:45:00+00:00,114.125,114.15625,114.125,114.15625,1106.0
2025-06-12 16:48:00+00:00,114.21875,114.21875,114.1875,114.1875,1575.0
2025-06-12 16:49:00+00:00,114.1875,114.1875,114.15625,114.1875,318.0
2025-06-12 16:50:00+00:00,114.1875,114.1875,114.15625,114.15625,88.0
2025-06-12 16:51:00+00:00,114.15625,114.1875,114.15625,114.1875,276.0
2025-06-12 16:52:00+00:00,114.15625,114.1875,114.125,114.15625,819.0
2025-06-12 16:53:00+00:00,114.15625,114.1875,114.125,114.1875,327.0
2025-06-12 16:54:00+00:00,114.1875,114.1875,114.15625,114.15625,1979.0
2025-06-12 16:55:00+00:00,114.1875,114.1875,114.1875,114.1875,255.0
2025-06-12 16:56:00+00:00,114.1875,114.1875,114.15625,114.15625,1071.0
2025-06-12 16:57:00+00:00,114.1875,114.21875,114.15625,114.1875,1660.0
2025-06-12 16:58:00+00:00,114.125,114.1875,114.125,114.1875,908.0
2025-06-12 16:59:00+00:00,114.09375,114.15625,114.09375,114.125,518.0
2025-06-12 17:00:00+00:00,114.09375,114.125,114.09375,114.125,358.0
2025-06-12 17:01:00+00:00,114.125,114.125,114.0625,114.09375,776.0
2025-06-12 17:02:00+00:00,114.28125,114.34375,114.15625,114.15625,3986.0
2025-06-12 17:03:00+00:00,114.3125,114.3125,114.25,114.28125,1585.0
2025-06-12 17:04:00+00:00,114.3125,114.3125,114.28125,114.3125,1214.0
2025-06-12 17:05:00+00:00,114.34375,114.34375,114.28125,114.3125,2385.0
2025-06-12 17:06:00+00:00,114.34375,114.375,114.34375,114.375,312.0
2025-06-12 17:07:00+00:00,114.375,114.375,114.3125,114.375,1596.0
2025-06-12 17:08:00+00:00,114.34375,114.375,114.3125,114.375,1894.0
2025-06-12 17:09:00+00:00,114.34375,114.375,114.34375,114.34375,870.0
2025-06-12 17:10:00+00:00,114.34375,114.375,114.3125,114.3125,834.0
2025-06-12 17:13:00+00:00,114.3125,114.34375,114.3125,114.34375,1726.0
2025-06-12 17:14:00+00:00,114.34375,114.34375,114.3125,114.34375,230.0
2025-06-12 17:15:00+00:00,114.3125,114.34375,114.3125,114.34375,707.0
2025-06-12 17:16:00+00:00,114.25,114.28125,114.21875,114.28125,2319.0
2025-06-12 17:17:00+00:00,114.21875,114.25,114.21875,114.21875,845.0
2025-06-12 17:18:00+00:00,114.25,114.25,114.21875,114.21875,1050.0
2025-06-12 17:19:00+00:00,114.25,114.28125,114.21875,114.25,1064.0
2025-06-12 17:20:00+00:00,114.1875,114.21875,114.1875,114.21875,223.0
2025-06-12 17:21:00+00:00,114.21875,114.21875,114.1875,114.1875,939.0
2025-06-12 17:22:00+00:00,114.15625,114.21875,114.15625,114.1875,260.0
2025-06-12 17:23:00+00:00,114.15625,114.1875,114.15625,114.15625,786.0
2025-06-12 17:24:00+00:00,114.1875,114.1875,114.15625,114.15625,372.0
2025-06-12 17:25:00+00:00,114.21875,114.25,114.21875,114.21875,580.0
2025-06-12 17:26:00+00:00,114.21875,114.21875,114.21875,114.21875,128.0
2025-06-12 17:27:00+00:00,114.1875,114.21875,114.1875,114.21875,185.0
2025-06-12 17:28:00+00:00,114.1875,114.21875,114.1875,114.21875,608.0
2025-06-12 17:29:00+00:00,114.21875,114.25,114.21875,114.21875,335.0
2025-06-12 17:30:00+00:00,114.28125,114.28125,114.25,114.25,641.0
2025-06-12 17:31:00+00:00,114.25,114.25,114.21875,114.25,1049.0
2025-06-12 17:32:00+00:00,114.25,114.28125,114.25,114.28125,76.0
2025-06-12 17:33:00+00:00,114.25,114.28125,114.25,114.25,678.0
2025-06-12 17:34:00+00:00,114.21875,114.25,114.21875,114.25,105.0
2025-06-12 17:37:00+00:00,114.28125,114.28125,114.28125,114.28125,930.0
2025-06-12 17:38:00+00:00,114.3125,114.3125,114.25,114.28125,293.0
2025-06-12 17:39:00+00:00,114.3125,114.3125,114.28125,114.28125,340.0
2025-06-12 17:40:00+00:00,114.34375,114.34375,114.28125,114.3125,872.0
2025-06-12 17:41:00+00:00,114.3125,114.34375,114.3125,114.34375,869.0
2025-06-12 17:42:00+00:00,114.34375,114.34375,114.3125,114.3125,22.0
2025-06-12 17:43:00+00:00,114.34375,114.34375,114.34375,114.34375,270.0
2025-06-12 17:44:00+00:00,114.3125,114.34375,114.28125,114.34375,298.0
2025-06-12 17:45:00+00:00,114.28125,114.3125,114.28125,114.3125,615.0
2025-06-12 17:46:00+00:00,114.25,114.3125,114.25,114.3125,331.0
2025-06-12 17:47:00+00:00,114.28125,114.28125,114.28125,114.28125,371.0
2025-06-12 17:48:00+00:00,114.3125,114.3125,114.28125,114.28125,102.0
2025-06-12 17:49:00+00:00,114.28125,114.3125,114.28125,114.3125,11.0
2025-06-12 17:50:00+00:00,114.3125,114.34375,114.28125,114.28125,886.0
2025-06-12 17:51:00+00:00,114.3125,114.3125,114.28125,114.28125,5.0
2025-06-12 17:52:00+00:00,114.3125,114.3125,114.28125,114.3125,696.0
2025-06-12 17:53:00+00:00,114.34375,114.34375,114.3125,114.3125,8.0
2025-06-12 17:54:00+00:00,114.34375,114.34375,114.34375,114.34375,33.0
2025-06-12 17:55:00+00:00,114.34375,114.34375,114.3125,114.34375,39.0
2025-06-12 17:56:00+00:00,114.34375,114.34375,114.34375,114.34375,58.0
2025-06-12 17:57:00+00:00,114.34375,114.34375,114.3125,114.34375,41.0
2025-06-12 17:58:00+00:00,114.34375,114.34375,114.3125,114.3125,724.0
2025-06-12 17:59:00+00:00,114.34375,114.34375,114.3125,114.34375,862.0
2025-06-12 18:00:00+00:00,114.28125,114.34375,114.28125,114.3125,477.0
2025-06-12 18:02:00+00:00,114.25,114.3125,114.25,114.3125,1097.0
2025-06-12 18:03:00+00:00,114.25,114.25,114.25,114.25,294.0
2025-06-12 18:04:00+00:00,114.21875,114.25,114.21875,114.25,516.0
2025-06-12 18:05:00+00:00,114.21875,114.21875,114.21875,114.21875,844.0
2025-06-12 18:06:00+00:00,114.21875,114.21875,114.21875,114.21875,411.0
2025-06-12 18:07:00+00:00,114.1875,114.21875,114.1875,114.21875,202.0
2025-06-12 18:08:00+00:00,114.15625,114.21875,114.15625,114.1875,827.0
2025-06-12 18:09:00+00:00,114.15625,114.1875,114.15625,114.1875,14.0
2025-06-12 18:10:00+00:00,114.1875,114.1875,114.15625,114.15625,105.0
2025-06-12 18:11:00+00:00,114.1875,114.1875,114.15625,114.15625,1068.0
2025-06-12 18:12:00+00:00,114.1875,114.1875,114.1875,114.1875,236.0
2025-06-12 18:13:00+00:00,114.21875,114.21875,114.1875,114.1875,725.0
2025-06-12 18:14:00+00:00,114.25,114.25,114.1875,114.21875,714.0
2025-06-12 18:15:00+00:00,114.1875,114.25,114.1875,114.21875,403.0
2025-06-12 18:16:00+00:00,114.21875,114.21875,114.21875,114.21875,279.0
2025-06-12 18:17:00+00:00,114.21875,114.21875,114.21875,114.21875,157.0
2025-06-12 18:18:00+00:00,114.1875,114.1875,114.1875,114.1875,841.0
2025-06-12 18:19:00+00:00,114.1875,114.1875,114.1875,114.1875,22.0
2025-06-12 18:20:00+00:00,114.1875,114.1875,114.1875,114.1875,807.0
2025-06-12 18:21:00+00:00,114.1875,114.21875,114.1875,114.1875,521.0
2025-06-12 18:22:00+00:00,114.1875,114.21875,114.1875,114.1875,929.0
2025-06-12 18:23:00+00:00,114.1875,114.1875,114.1875,114.1875,302.0
2025-06-12 18:24:00+00:00,114.15625,114.1875,114.15625,114.1875,109.0
2025-06-12 18:25:00+00:00,114.15625,114.15625,114.15625,114.15625,1.0
2025-06-12 18:27:00+00:00,114.1875,114.21875,114.1875,114.21875,1318.0
2025-06-12 18:28:00+00:00,114.21875,114.21875,114.1875,114.1875,407.0
2025-06-12 18:29:00+00:00,114.1875,114.21875,114.1875,114.1875,407.0
2025-06-12 18:30:00+00:00,114.21875,114.21875,114.21875,114.21875,200.0
2025-06-12 18:31:00+00:00,114.21875,114.21875,114.21875,114.21875,6.0
2025-06-12 18:32:00+00:00,114.25,114.25,114.25,114.25,43.0
2025-06-12 18:33:00+00:00,114.21875,114.25,114.21875,114.25,37.0
2025-06-12 18:34:00+00:00,114.21875,114.25,114.21875,114.25,561.0
2025-06-12 18:35:00+00:00,114.1875,114.1875,114.1875,114.1875,1030.0
2025-06-12 18:36:00+00:00,114.1875,114.1875,114.1875,114.1875,48.0
2025-06-12 18:37:00+00:00,114.1875,114.1875,114.1875,114.1875,673.0
2025-06-12 18:38:00+00:00,114.1875,114.1875,114.1875,114.1875,16.0
2025-06-12 18:39:00+00:00,114.1875,114.21875,114.1875,114.1875,6.0
2025-06-12 18:40:00+00:00,114.1875,114.21875,114.1875,114.1875,35.0
2025-06-12 18:41:00+00:00,114.21875,114.25,114.1875,114.1875,497.0
2025-06-12 18:42:00+00:00,114.21875,114.25,114.21875,114.21875,37.0
2025-06-12 18:43:00+00:00,114.25,114.25,114.25,114.25,379.0
2025-06-12 18:44:00+00:00,114.25,114.25,114.25,114.25,296.0
2025-06-12 18:45:00+00:00,114.28125,114.28125,114.21875,114.25,326.0
2025-06-12 18:46:00+00:00,114.28125,114.3125,114.28125,114.28125,1258.0
2025-06-12 18:47:00+00:00,114.28125,114.28125,114.28125,114.28125,50.0
2025-06-12 18:48:00+00:00,114.28125,114.28125,114.25,114.28125,197.0
2025-06-12 18:49:00+00:00,114.25,114.3125,114.25,114.28125,346.0
2025-06-12 18:52:00+00:00,114.21875,114.21875,114.21875,114.21875,1202.0
2025-06-12 18:53:00+00:00,114.21875,114.21875,114.21875,114.21875,2.0
2025-06-12 18:54:00+00:00,114.1875,114.21875,114.1875,114.1875,117.0
2025-06-12 18:55:00+00:00,114.21875,114.21875,114.1875,114.1875,410.0
2025-06-12 18:56:00+00:00,114.21875,114.21875,114.1875,114.1875,52.0
2025-06-12 18:57:00+00:00,114.28125,114.28125,114.21875,114.21875,830.0
2025-06-12 18:58:00+00:00,114.3125,114.3125,114.28125,114.28125,1070.0
2025-06-12 18:59:00+00:00,114.3125,114.3125,114.28125,114.3125,3503.0
2025-06-12 19:00:00+00:00,114.28125,114.3125,114.25,114.28125,1697.0
2025-06-12 19:01:00+00:00,114.28125,114.28125,114.25,114.28125,547.0
2025-06-12 19:02:00+00:00,114.28125,114.28125,114.28125,114.28125,1.0
2025-06-12 19:03:00+00:00,114.28125,114.28125,114.28125,114.28125,13.0
2025-06-12 19:04:00+00:00,114.28125,114.3125,114.28125,114.28125,802.0
2025-06-12 19:05:00+00:00,114.28125,114.28125,114.25,114.25,47.0
2025-06-12 19:06:00+00:00,114.28125,114.28125,114.21875,114.25,396.0
2025-06-12 19:07:00+00:00,114.28125,114.28125,114.25,114.28125,25.0
2025-06-12 19:08:00+00:00,114.25,114.28125,114.25,114.28125,41.0
2025-06-12 19:09:00+00:00,114.28125,114.28125,114.25,114.25,204.0
2025-06-12 19:10:00+00:00,114.28125,114.28125,114.28125,114.28125,29.0
2025-06-12 19:11:00+00:00,114.28125,114.28125,114.25,114.25,338.0
2025-06-12 19:12:00+00:00,114.28125,114.28125,114.28125,114.28125,56.0
2025-06-12 19:13:00+00:00,114.28125,114.28125,114.28125,114.28125,31.0
2025-06-12 19:15:00+00:00,114.3125,114.3125,114.3125,114.3125,1158.0
2025-06-12 19:16:00+00:00,114.28125,114.3125,114.28125,114.3125,355.0
2025-06-12 19:17:00+00:00,114.28125,114.28125,114.28125,114.28125,211.0
2025-06-12 19:18:00+00:00,114.3125,114.3125,114.28125,114.28125,98.0
2025-06-12 19:19:00+00:00,114.28125,114.3125,114.28125,114.3125,820.0
2025-06-12 19:20:00+00:00,114.28125,114.3125,114.28125,114.3125,57.0
2025-06-12 19:21:00+00:00,114.3125,114.3125,114.28125,114.3125,131.0
2025-06-12 19:22:00+00:00,114.3125,114.3125,114.28125,114.3125,69.0
2025-06-12 19:23:00+00:00,114.3125,114.3125,114.3125,114.3125,492.0
2025-06-12 19:24:00+00:00,114.34375,114.34375,114.3125,114.3125,872.0
2025-06-12 19:25:00+00:00,114.3125,114.34375,114.3125,114.34375,29.0
2025-06-12 19:26:00+00:00,114.3125,114.34375,114.3125,114.3125,156.0
2025-06-12 19:27:00+00:00,114.3125,114.34375,114.3125,114.3125,79.0
2025-06-12 19:28:00+00:00,114.3125,114.34375,114.28125,114.3125,787.0
2025-06-12 19:29:00+00:00,114.3125,114.3125,114.28125,114.3125,771.0
2025-06-12 19:30:00+00:00,114.28125,114.3125,114.28125,114.28125,28.0
2025-06-12 19:31:00+00:00,114.3125,114.3125,114.3125,114.3125,677.0
2025-06-12 19:32:00+00:00,114.3125,114.3125,114.3125,114.3125,9.0
2025-06-12 19:33:00+00:00,114.34375,114.375,114.3125,114.3125,959.0
2025-06-12 19:34:00+00:00,114.3125,114.34375,114.3125,114.3125,287.0
2025-06-12 19:35:00+00:00,114.34375,114.34375,114.3125,114.3125,24.0
2025-06-12 19:36:00+00:00,114.34375,114.34375,114.3125,114.34375,27.0
2025-06-12 19:37:00+00:00,114.375,114.375,114.34375,114.34375,323.0
2025-06-12 19:38:00+00:00,114.375,114.375,114.34375,114.375,57.0
2025-06-12 19:39:00+00:00,114.375,114.375,114.34375,114.34375,133.0
2025-06-12 19:40:00+00:00,114.3125,114.375,114.3125,114.375,349.0
2025-06-12 19:41:00+00:00,114.34375,114.34375,114.3125,114.3125,37.0
2025-06-12 19:43:00+00:00,114.34375,114.34375,114.3125,114.3125,21.0
2025-06-12 19:44:00+00:00,114.34375,114.34375,114.3125,114.34375,157.0
2025-06-12 19:45:00+00:00,114.34375,114.34375,114.3125,114.34375,190.0
2025-06-12 19:46:00+00:00,114.34375,114.34375,114.3125,114.3125,734.0
2025-06-12 19:47:00+00:00,114.34375,114.375,114.3125,114.34375,829.0
2025-06-12 19:48:00+00:00,114.34375,114.34375,114.3125,114.34375,292.0
2025-06-12 19:49:00+00:00,114.34375,114.34375,114.34375,114.34375,3.0
2025-06-12 19:50:00+00:00,114.34375,114.34375,114.3125,114.3125,779.0
2025-06-12 19:51:00+00:00,114.3125,114.34375,114.3125,114.34375,116.0
2025-06-12 19:52:00+00:00,114.3125,114.3125,114.28125,114.28125,244.0
2025-06-12 19:53:00+00:00,114.28125,114.3125,114.28125,114.3125,54.0
2025-06-12 19:54:00+00:00,114.28125,114.3125,114.28125,114.3125,128.0
2025-06-12 19:55:00+00:00,114.3125,114.3125,114.28125,114.28125,9.0
2025-06-12 19:56:00+00:00,114.3125,114.34375,114.3125,114.3125,483.0
2025-06-12 19:57:00+00:00,114.34375,114.375,114.3125,114.34375,1589.0
2025-06-12 19:58:00+00:00,114.34375,114.375,114.3125,114.34375,720.0
2025-06-12 19:59:00+00:00,114.34375,114.375,114.3125,114.34375,4009.0
2025-06-12 20:03:00+00:00,114.375,114.375,114.34375,114.375,6930.0
2025-06-12 20:04:00+00:00,114.34375,114.34375,114.3125,114.34375,606.0
2025-06-12 20:05:00+00:00,114.34375,114.34375,114.34375,114.34375,240.0
2025-06-12 20:06:00+00:00,114.34375,114.375,114.34375,114.34375,610.0
2025-06-12 20:07:00+00:00,114.3125,114.375,114.3125,114.34375,362.0
2025-06-12 20:08:00+00:00,114.34375,114.375,114.34375,114.34375,216.0
2025-06-12 20:09:00+00:00,114.375,114.375,114.34375,114.34375,26.0
2025-06-12 20:10:00+00:00,114.375,114.375,114.34375,114.375,13.0
2025-06-12 20:11:00+00:00,114.34375,114.34375,114.34375,114.34375,81.0
2025-06-12 20:12:00+00:00,114.34375,114.375,114.34375,114.375,65.0
2025-06-12 20:13:00+00:00,114.34375,114.375,114.34375,114.375,113.0
2025-06-12 20:14:00+00:00,114.34375,114.34375,114.34375,114.34375,24.0
2025-06-12 20:15:00+00:00,114.34375,114.375,114.34375,114.34375,49.0
2025-06-12 20:16:00+00:00,114.34375,114.34375,114.34375,114.34375,623.0
2025-06-12 20:17:00+00:00,114.34375,114.34375,114.34375,114.34375,78.0
2025-06-12 20:18:00+00:00,114.34375,114.375,114.3125,114.375,500.0
2025-06-12 20:19:00+00:00,114.34375,114.34375,114.34375,114.34375,416.0
2025-06-12 20:22:00+00:00,114.375,114.375,114.375,114.375,1.0
2025-06-12 20:24:00+00:00,114.34375,114.34375,114.34375,114.34375,9.0
2025-06-12 20:25:00+00:00,114.34375,114.375,114.34375,114.34375,164.0
2025-06-12 20:26:00+00:00,114.34375,114.375,114.34375,114.375,714.0
2025-06-12 20:27:00+00:00,114.3125,114.3125,114.3125,114.3125,1.0
2025-06-12 20:28:00+00:00,114.34375,114.34375,114.3125,114.3125,9.0
2025-06-12 20:29:00+00:00,114.34375,114.34375,114.34375,114.34375,70.0
2025-06-12 20:30:00+00:00,114.3125,114.34375,114.3125,114.34375,200.0
2025-06-12 20:31:00+00:00,114.3125,114.3125,114.3125,114.3125,362.0
2025-06-12 20:32:00+00:00,114.28125,114.3125,114.28125,114.3125,492.0
2025-06-12 20:33:00+00:00,114.3125,114.3125,114.28125,114.28125,88.0
2025-06-12 20:34:00+00:00,114.28125,114.3125,114.28125,114.28125,177.0
2025-06-12 20:35:00+00:00,114.28125,114.3125,114.28125,114.28125,317.0
2025-06-12 20:38:00+00:00,114.28125,114.28125,114.28125,114.28125,1296.0
2025-06-12 20:39:00+00:00,114.28125,114.28125,114.28125,114.28125,11.0
2025-06-12 20:40:00+00:00,114.3125,114.3125,114.28125,114.28125,210.0
2025-06-12 20:41:00+00:00,114.25,114.28125,114.25,114.28125,629.0
2025-06-12 20:42:00+00:00,114.25,114.25,114.25,114.25,20.0
2025-06-12 20:43:00+00:00,114.25,114.25,114.25,114.25,1419.0
2025-06-12 20:44:00+00:00,114.21875,114.21875,114.21875,114.21875,71.0
2025-06-12 20:45:00+00:00,114.21875,114.21875,114.21875,114.21875,711.0
2025-06-12 20:46:00+00:00,114.21875,114.21875,114.1875,114.1875,639.0
2025-06-12 20:47:00+00:00,114.21875,114.21875,114.21875,114.21875,271.0
2025-06-12 20:48:00+00:00,114.21875,114.21875,114.21875,114.21875,259.0
2025-06-12 20:49:00+00:00,114.21875,114.21875,114.21875,114.21875,124.0
2025-06-12 20:50:00+00:00,114.1875,114.21875,114.1875,114.1875,21.0
2025-06-12 20:51:00+00:00,114.1875,114.21875,114.1875,114.21875,76.0
2025-06-12 20:52:00+00:00,114.21875,114.21875,114.21875,114.21875,3.0
2025-06-12 20:53:00+00:00,114.1875,114.21875,114.1875,114.1875,178.0
2025-06-12 20:54:00+00:00,114.25,114.25,114.1875,114.1875,2125.0
2025-06-12 20:56:00+00:00,114.25,114.25,114.25,114.25,22.0
2025-06-12 20:57:00+00:00,114.21875,114.25,114.21875,114.21875,389.0
2025-06-12 20:58:00+00:00,114.21875,114.25,114.21875,114.21875,41.0
2025-06-12 20:59:00+00:00,114.25,114.25,114.21875,114.25,0.0
2025-06-12 22:00:00+00:00,114.21875,114.25,114.21875,114.21875,153.0
2025-06-12 22:01:00+00:00,114.3125,114.3125,114.21875,114.21875,184.0
2025-06-12 22:02:00+00:00,114.34375,114.34375,114.34375,114.34375,88.0
2025-06-12 22:03:00+00:00,114.3125,114.34375,114.3125,114.34375,72.0
2025-06-12 22:05:00+00:00,114.28125,114.3125,114.28125,114.3125,21.0
2025-06-12 22:06:00+00:00,114.34375,114.34375,114.3125,114.3125,5.0
2025-06-12 22:07:00+00:00,114.34375,114.34375,114.3125,114.3125,50.0
2025-06-12 22:08:00+00:00,114.28125,114.34375,114.28125,114.3125,83.0
2025-06-12 22:09:00+00:00,114.28125,114.3125,114.28125,114.28125,26.0
2025-06-12 22:10:00+00:00,114.28125,114.28125,114.28125,114.28125,28.0
2025-06-12 22:13:00+00:00,114.25,114.25,114.25,114.25,109.0
2025-06-12 22:14:00+00:00,114.28125,114.28125,114.28125,114.28125,71.0
2025-06-12 22:16:00+00:00,114.28125,114.28125,114.28125,114.28125,3.0
2025-06-12 22:22:00+00:00,114.3125,114.3125,114.28125,114.28125,8.0
2025-06-12 22:23:00+00:00,114.28125,114.28125,114.28125,114.28125,49.0
2025-06-12 22:24:00+00:00,114.25,114.25,114.25,114.25,2.0
2025-06-12 22:25:00+00:00,114.28125,114.28125,114.25,114.25,61.0
2025-06-12 22:26:00+00:00,114.28125,114.28125,114.28125,114.28125,9.0
2025-06-12 22:30:00+00:00,114.28125,114.3125,114.28125,114.3125,44.0
2025-06-12 22:34:00+00:00,114.28125,114.28125,114.28125,114.28125,4.0
2025-06-12 22:36:00+00:00,114.28125,114.28125,114.25,114.28125,3.0
2025-06-12 22:37:00+00:00,114.28125,114.28125,114.25,114.25,77.0
2025-06-12 22:40:00+00:00,114.25,114.25,114.25,114.25,1.0
2025-06-12 22:41:00+00:00,114.25,114.25,114.25,114.25,50.0
2025-06-12 22:44:00+00:00,114.25,114.25,114.25,114.25,5.0
2025-06-12 22:48:00+00:00,114.28125,114.28125,114.25,114.25,80.0
2025-06-12 22:52:00+00:00,114.28125,114.28125,114.25,114.25,13.0
2025-06-12 22:53:00+00:00,114.25,114.25,114.25,114.25,10.0
2025-06-12 22:54:00+00:00,114.25,114.25,114.25,114.25,41.0
2025-06-12 22:56:00+00:00,114.25,114.28125,114.25,114.25,58.0
2025-06-12 22:59:00+00:00,114.28125,114.28125,114.25,114.25,23.0
2025-06-12 23:00:00+00:00,114.25,114.25,114.25,114.25,65.0
2025-06-12 23:01:00+00:00,114.25,114.25,114.25,114.25,9.0
2025-06-12 23:03:00+00:00,114.28125,114.28125,114.28125,114.28125,48.0
2025-06-12 23:04:00+00:00,114.28125,114.28125,114.28125,114.28125,86.0
2025-06-12 23:05:00+00:00,114.28125,114.28125,114.28125,114.28125,43.0
2025-06-12 23:08:00+00:00,114.3125,114.3125,114.3125,114.3125,124.0
2025-06-12 23:11:00+00:00,114.3125,114.3125,114.3125,114.3125,28.0
2025-06-12 23:13:00+00:00,114.3125,114.3125,114.3125,114.3125,63.0
2025-06-12 23:15:00+00:00,114.3125,114.3125,114.3125,114.3125,66.0
2025-06-12 23:16:00+00:00,114.3125,114.3125,114.3125,114.3125,44.0
2025-06-12 23:19:00+00:00,114.34375,114.34375,114.34375,114.34375,1.0
2025-06-12 23:21:00+00:00,114.34375,114.34375,114.34375,114.34375,18.0
2025-06-12 23:23:00+00:00,114.34375,114.34375,114.34375,114.34375,32.0
2025-06-12 23:24:00+00:00,114.375,114.375,114.375,114.375,6.0
2025-06-12 23:25:00+00:00,114.34375,114.34375,114.34375,114.34375,185.0
2025-06-12 23:27:00+00:00,114.34375,114.375,114.34375,114.375,63.0
2025-06-12 23:28:00+00:00,114.34375,114.34375,114.34375,114.34375,44.0
2025-06-12 23:29:00+00:00,114.34375,114.34375,114.34375,114.34375,141.0
2025-06-12 23:30:00+00:00,114.375,114.375,114.375,114.375,130.0
2025-06-12 23:31:00+00:00,114.375,114.375,114.375,114.375,41.0
2025-06-12 23:32:00+00:00,114.375,114.375,114.375,114.375,2.0
2025-06-12 23:33:00+00:00,114.375,114.375,114.375,114.375,12.0
2025-06-12 23:34:00+00:00,114.375,114.375,114.375,114.375,31.0
2025-06-12 23:35:00+00:00,114.375,114.375,114.375,114.375,407.0
2025-06-12 23:36:00+00:00,114.375,114.375,114.375,114.375,51.0
2025-06-12 23:40:00+00:00,114.375,114.40625,114.375,114.40625,20.0
2025-06-12 23:41:00+00:00,114.40625,114.4375,114.375,114.375,506.0
2025-06-12 23:42:00+00:00,114.4375,114.4375,114.4375,114.4375,345.0
2025-06-12 23:43:00+00:00,114.40625,114.4375,114.40625,114.4375,47.0
2025-06-12 23:44:00+00:00,114.4375,114.4375,114.40625,114.40625,12.0
2025-06-12 23:45:00+00:00,114.40625,114.4375,114.40625,114.4375,262.0
2025-06-12 23:46:00+00:00,114.40625,114.40625,114.40625,114.40625,188.0
2025-06-12 23:48:00+00:00,114.4375,114.4375,114.4375,114.4375,11.0
2025-06-12 23:50:00+00:00,114.46875,114.46875,114.40625,114.40625,243.0
2025-06-12 23:52:00+00:00,114.46875,114.46875,114.46875,114.46875,5.0
2025-06-12 23:53:00+00:00,114.4375,114.4375,114.4375,114.4375,17.0
2025-06-12 23:54:00+00:00,114.4375,114.4375,114.4375,114.4375,4.0
2025-06-12 23:55:00+00:00,114.4375,114.46875,114.4375,114.4375,27.0
2025-06-12 23:56:00+00:00,114.4375,114.46875,114.4375,114.46875,16.0
2025-06-12 23:57:00+00:00,114.4375,114.4375,114.4375,114.4375,8.0
2025-06-12 23:58:00+00:00,114.46875,114.46875,114.4375,114.4375,499.0
2025-06-12 23:59:00+00:00,114.8125,114.84375,114.5,114.5,4815.0
2025-06-13 00:00:00+00:00,114.6875,114.84375,114.625,114.78125,2517.0
2025-06-13 00:01:00+00:00,114.8125,114.8125,114.6875,114.6875,1554.0
2025-06-13 00:02:00+00:00,114.84375,114.84375,114.78125,114.8125,1313.0
2025-06-13 00:03:00+00:00,114.6875,114.84375,114.6875,114.84375,975.0
2025-06-13 00:04:00+00:00,114.90625,114.90625,114.6875,114.71875,1114.0
2025-06-13 00:05:00+00:00,114.90625,114.9375,114.875,114.90625,915.0
2025-06-13 00:06:00+00:00,114.78125,114.90625,114.78125,114.90625,1450.0
2025-06-13 00:07:00+00:00,114.75,114.875,114.75,114.78125,503.0
2025-06-13 00:08:00+00:00,114.75,114.78125,114.71875,114.75,377.0
2025-06-13 00:09:00+00:00,114.78125,114.78125,114.71875,114.71875,451.0
2025-06-13 00:10:00+00:00,114.75,114.75,114.6875,114.75,307.0
2025-06-13 00:11:00+00:00,114.6875,114.75,114.6875,114.75,289.0
2025-06-13 00:12:00+00:00,114.59375,114.6875,114.5625,114.6875,329.0
2025-06-13 00:13:00+00:00,114.625,114.625,114.5625,114.5625,928.0
2025-06-13 00:14:00+00:00,114.625,114.625,114.59375,114.59375,463.0
2025-06-13 00:15:00+00:00,114.65625,114.65625,114.59375,114.59375,304.0
2025-06-13 00:16:00+00:00,114.6875,114.6875,114.65625,114.65625,315.0
2025-06-13 00:17:00+00:00,114.6875,114.71875,114.65625,114.65625,617.0
2025-06-13 00:18:00+00:00,114.75,114.75,114.6875,114.6875,199.0
2025-06-13 00:19:00+00:00,114.8125,114.8125,114.75,114.75,332.0
2025-06-13 00:20:00+00:00,114.75,114.84375,114.75,114.78125,582.0
2025-06-13 00:21:00+00:00,114.6875,114.75,114.6875,114.75,255.0
2025-06-13 00:22:00+00:00,114.6875,114.71875,114.65625,114.6875,115.0
2025-06-13 00:23:00+00:00,114.6875,114.71875,114.6875,114.71875,176.0
2025-06-13 00:24:00+00:00,114.6875,114.71875,114.6875,114.71875,229.0
2025-06-13 00:25:00+00:00,114.625,114.6875,114.625,114.6875,243.0
2025-06-13 00:26:00+00:00,114.625,114.65625,114.625,114.65625,86.0
2025-06-13 00:27:00+00:00,114.6875,114.6875,114.625,114.625,237.0
2025-06-13 00:28:00+00:00,114.71875,114.71875,114.625,114.6875,581.0
2025-06-13 00:29:00+00:00,114.71875,114.71875,114.71875,114.71875,122.0
2025-06-13 00:30:00+00:00,114.75,114.78125,114.75,114.75,204.0
2025-06-13 00:31:00+00:00,114.71875,114.75,114.71875,114.75,167.0
2025-06-13 00:32:00+00:00,114.78125,114.8125,114.71875,114.71875,257.0
2025-06-13 00:33:00+00:00,114.75,114.78125,114.75,114.78125,374.0
2025-06-13 00:34:00+00:00,114.75,114.75,114.71875,114.75,156.0
2025-06-13 00:35:00+00:00,114.78125,114.78125,114.75,114.75,248.0
2025-06-13 00:36:00+00:00,114.8125,114.8125,114.78125,114.78125,212.0
2025-06-13 00:37:00+00:00,114.71875,114.8125,114.71875,114.8125,104.0
2025-06-13 00:38:00+00:00,114.78125,114.78125,114.75,114.75,113.0
2025-06-13 00:39:00+00:00,114.78125,114.8125,114.78125,114.78125,151.0
2025-06-13 00:40:00+00:00,114.84375,114.84375,114.78125,114.78125,265.0
2025-06-13 00:41:00+00:00,114.84375,114.875,114.8125,114.84375,394.0
2025-06-13 00:42:00+00:00,114.84375,114.84375,114.84375,114.84375,116.0
2025-06-13 00:43:00+00:00,114.84375,114.84375,114.8125,114.84375,125.0
2025-06-13 00:44:00+00:00,114.90625,114.90625,114.84375,114.875,353.0
2025-06-13 00:45:00+00:00,114.84375,114.90625,114.84375,114.90625,170.0
2025-06-13 00:46:00+00:00,114.78125,114.875,114.78125,114.875,382.0
2025-06-13 00:47:00+00:00,114.78125,114.8125,114.75,114.78125,231.0
2025-06-13 00:48:00+00:00,114.78125,114.78125,114.75,114.78125,202.0
2025-06-13 00:49:00+00:00,114.75,114.8125,114.75,114.78125,195.0
2025-06-13 00:50:00+00:00,114.625,114.78125,114.625,114.75,813.0
2025-06-13 00:51:00+00:00,114.71875,114.71875,114.625,114.625,430.0
2025-06-13 00:52:00+00:00,114.78125,114.78125,114.6875,114.6875,275.0
2025-06-13 00:53:00+00:00,114.8125,114.84375,114.78125,114.8125,371.0
2025-06-13 00:54:00+00:00,114.8125,114.84375,114.78125,114.84375,528.0
2025-06-13 00:55:00+00:00,114.78125,114.8125,114.78125,114.8125,436.0
2025-06-13 00:56:00+00:00,114.75,114.8125,114.75,114.78125,237.0
2025-06-13 00:57:00+00:00,114.75,114.8125,114.75,114.75,680.0
2025-06-13 00:58:00+00:00,114.6875,114.75,114.65625,114.75,344.0
2025-06-13 00:59:00+00:00,114.75,114.75,114.71875,114.71875,204.0
2025-06-13 01:00:00+00:00,114.6875,114.75,114.6875,114.75,313.0
2025-06-13 01:01:00+00:00,114.75,114.75,114.6875,114.71875,225.0
2025-06-13 01:02:00+00:00,114.6875,114.75,114.6875,114.75,34.0
2025-06-13 01:03:00+00:00,114.71875,114.71875,114.6875,114.6875,119.0
2025-06-13 01:04:00+00:00,114.6875,114.71875,114.6875,114.71875,158.0
2025-06-13 01:05:00+00:00,114.6875,114.6875,114.65625,114.6875,185.0
2025-06-13 01:06:00+00:00,114.625,114.6875,114.625,114.6875,253.0
2025-06-13 01:07:00+00:00,114.625,114.65625,114.625,114.625,21.0
2025-06-13 01:08:00+00:00,114.59375,114.625,114.59375,114.625,60.0
2025-06-13 01:09:00+00:00,114.5625,114.625,114.5625,114.59375,461.0
2025-06-13 01:10:00+00:00,114.5625,114.5625,114.53125,114.53125,191.0
2025-06-13 01:11:00+00:00,114.59375,114.625,114.5625,114.59375,437.0
2025-06-13 01:12:00+00:00,114.59375,114.59375,114.59375,114.59375,193.0
2025-06-13 01:13:00+00:00,114.625,114.625,114.5625,114.5625,139.0
2025-06-13 01:14:00+00:00,114.59375,114.59375,114.5625,114.59375,171.0
2025-06-13 01:15:00+00:00,114.59375,114.625,114.59375,114.625,73.0
2025-06-13 01:16:00+00:00,114.5625,114.59375,114.5625,114.59375,325.0
2025-06-13 01:17:00+00:00,114.5625,114.5625,114.53125,114.5625,312.0
2025-06-13 01:18:00+00:00,114.53125,114.5625,114.53125,114.5625,663.0
2025-06-13 01:19:00+00:00,114.53125,114.53125,114.53125,114.53125,226.0
2025-06-13 01:20:00+00:00,114.5625,114.5625,114.5,114.53125,803.0
2025-06-13 01:21:00+00:00,114.5625,114.5625,114.53125,114.5625,286.0
2025-06-13 01:22:00+00:00,114.53125,114.53125,114.53125,114.53125,32.0
2025-06-13 01:23:00+00:00,114.5,114.53125,114.46875,114.53125,354.0
2025-06-13 01:24:00+00:00,114.46875,114.5,114.46875,114.5,87.0
2025-06-13 01:25:00+00:00,114.5,114.5,114.46875,114.46875,13.0
2025-06-13 01:26:00+00:00,114.46875,114.5,114.4375,114.5,320.0
2025-06-13 01:27:00+00:00,114.4375,114.46875,114.4375,114.4375,22.0
2025-06-13 01:28:00+00:00,114.4375,114.4375,114.4375,114.4375,151.0
2025-06-13 01:29:00+00:00,114.53125,114.53125,114.46875,114.46875,472.0
2025-06-13 01:30:00+00:00,114.59375,114.59375,114.53125,114.5625,304.0
2025-06-13 01:31:00+00:00,114.59375,114.625,114.59375,114.625,186.0
2025-06-13 01:32:00+00:00,114.59375,114.59375,114.5625,114.59375,408.0
2025-06-13 01:33:00+00:00,114.625,114.625,114.625,114.625,120.0
2025-06-13 01:34:00+00:00,114.59375,114.625,114.59375,114.625,24.0
2025-06-13 01:35:00+00:00,114.5625,114.625,114.53125,114.625,135.0
2025-06-13 01:36:00+00:00,114.53125,114.5625,114.53125,114.53125,129.0
2025-06-13 01:37:00+00:00,114.5625,114.5625,114.53125,114.53125,97.0
2025-06-13 01:38:00+00:00,114.53125,114.59375,114.53125,114.5625,50.0
2025-06-13 01:39:00+00:00,114.53125,114.5625,114.5,114.5,405.0
2025-06-13 01:40:00+00:00,114.53125,114.53125,114.5,114.53125,51.0
2025-06-13 01:41:00+00:00,114.53125,114.5625,114.53125,114.53125,97.0
2025-06-13 01:42:00+00:00,114.5625,114.5625,114.53125,114.53125,57.0
2025-06-13 01:43:00+00:00,114.5625,114.5625,114.5625,114.5625,276.0
2025-06-13 01:44:00+00:00,114.5625,114.59375,114.5625,114.59375,9.0
2025-06-13 01:45:00+00:00,114.5625,114.625,114.5625,114.59375,112.0
2025-06-13 01:46:00+00:00,114.5625,114.59375,114.5625,114.5625,132.0
2025-06-13 01:47:00+00:00,114.59375,114.59375,114.5625,114.5625,4.0
2025-06-13 01:48:00+00:00,114.625,114.625,114.59375,114.59375,146.0
2025-06-13 01:49:00+00:00,114.625,114.625,114.625,114.625,127.0
2025-06-13 01:50:00+00:00,114.65625,114.65625,114.625,114.625,66.0
2025-06-13 01:51:00+00:00,114.6875,114.71875,114.65625,114.65625,136.0
2025-06-13 01:52:00+00:00,114.65625,114.6875,114.65625,114.6875,42.0
2025-06-13 01:53:00+00:00,114.6875,114.6875,114.65625,114.65625,36.0
2025-06-13 01:54:00+00:00,114.59375,114.65625,114.59375,114.65625,288.0
2025-06-13 01:55:00+00:00,114.5625,114.625,114.5625,114.625,37.0
2025-06-13 01:56:00+00:00,114.53125,114.59375,114.53125,114.5625,35.0
2025-06-13 01:57:00+00:00,114.59375,114.59375,114.53125,114.53125,112.0
2025-06-13 01:58:00+00:00,114.5625,114.5625,114.5625,114.5625,65.0
2025-06-13 01:59:00+00:00,114.59375,114.625,114.5625,114.5625,130.0
2025-06-13 02:00:00+00:00,114.59375,114.59375,114.59375,114.59375,49.0
2025-06-13 02:01:00+00:00,114.65625,114.65625,114.625,114.625,151.0
2025-06-13 02:02:00+00:00,114.65625,114.65625,114.65625,114.65625,102.0
2025-06-13 02:03:00+00:00,114.625,114.65625,114.625,114.65625,70.0
2025-06-13 02:04:00+00:00,114.65625,114.65625,114.625,114.625,20.0
2025-06-13 02:05:00+00:00,114.625,114.625,114.625,114.625,45.0
2025-06-13 02:06:00+00:00,114.625,114.625,114.625,114.625,50.0
2025-06-13 02:07:00+00:00,114.625,114.625,114.625,114.625,16.0
2025-06-13 02:09:00+00:00,114.65625,114.65625,114.65625,114.65625,54.0
2025-06-13 02:10:00+00:00,114.65625,114.65625,114.65625,114.65625,42.0
2025-06-13 02:11:00+00:00,114.65625,114.65625,114.65625,114.65625,2.0
2025-06-13 02:12:00+00:00,114.65625,114.65625,114.65625,114.65625,10.0
2025-06-13 02:13:00+00:00,114.65625,114.65625,114.65625,114.65625,32.0
2025-06-13 02:14:00+00:00,114.65625,114.65625,114.65625,114.65625,141.0
2025-06-13 02:15:00+00:00,114.65625,114.65625,114.65625,114.65625,15.0
2025-06-13 02:16:00+00:00,114.65625,114.6875,114.65625,114.65625,204.0
2025-06-13 02:17:00+00:00,114.65625,114.65625,114.65625,114.65625,7.0
2025-06-13 02:19:00+00:00,114.65625,114.65625,114.65625,114.65625,1.0
2025-06-13 02:20:00+00:00,114.625,114.625,114.625,114.625,140.0
2025-06-13 02:21:00+00:00,114.625,114.625,114.625,114.625,37.0
2025-06-13 02:22:00+00:00,114.625,114.625,114.625,114.625,24.0
2025-06-13 02:23:00+00:00,114.65625,114.65625,114.65625,114.65625,98.0
2025-06-13 02:24:00+00:00,114.65625,114.65625,114.65625,114.65625,39.0
2025-06-13 02:25:00+00:00,114.6875,114.6875,114.65625,114.65625,56.0
2025-06-13 02:26:00+00:00,114.6875,114.6875,114.6875,114.6875,17.0
2025-06-13 02:27:00+00:00,114.6875,114.6875,114.65625,114.65625,28.0
2025-06-13 02:28:00+00:00,114.6875,114.6875,114.6875,114.6875,73.0
2025-06-13 02:29:00+00:00,114.6875,114.71875,114.6875,114.71875,36.0
2025-06-13 02:30:00+00:00,114.6875,114.6875,114.6875,114.6875,45.0
2025-06-13 02:31:00+00:00,114.71875,114.71875,114.71875,114.71875,16.0
2025-06-13 02:32:00+00:00,114.71875,114.75,114.71875,114.71875,179.0
2025-06-13 02:33:00+00:00,114.75,114.75,114.71875,114.71875,609.0
2025-06-13 02:34:00+00:00,114.78125,114.78125,114.75,114.75,94.0
2025-06-13 02:35:00+00:00,114.78125,114.78125,114.78125,114.78125,119.0
2025-06-13 02:36:00+00:00,114.8125,114.8125,114.78125,114.78125,15.0
2025-06-13 02:37:00+00:00,114.78125,114.8125,114.78125,114.8125,137.0
2025-06-13 02:38:00+00:00,114.78125,114.78125,114.78125,114.78125,64.0
2025-06-13 02:39:00+00:00,114.78125,114.8125,114.78125,114.78125,167.0
2025-06-13 02:40:00+00:00,114.78125,114.8125,114.78125,114.78125,27.0
2025-06-13 02:41:00+00:00,114.78125,114.78125,114.78125,114.78125,42.0
2025-06-13 02:42:00+00:00,114.75,114.78125,114.75,114.78125,128.0
2025-06-13 02:43:00+00:00,114.8125,114.8125,114.75,114.75,220.0
2025-06-13 02:44:00+00:00,114.8125,114.8125,114.8125,114.8125,143.0
2025-06-13 02:45:00+00:00,114.75,114.78125,114.75,114.78125,97.0
2025-06-13 02:46:00+00:00,114.75,114.78125,114.75,114.75,5.0
2025-06-13 02:47:00+00:00,114.75,114.78125,114.71875,114.78125,141.0
2025-06-13 02:49:00+00:00,114.75,114.78125,114.75,114.75,72.0
2025-06-13 02:50:00+00:00,114.75,114.75,114.71875,114.75,276.0
2025-06-13 02:51:00+00:00,114.75,114.75,114.75,114.75,1.0
2025-06-13 02:52:00+00:00,114.75,114.75,114.71875,114.71875,57.0
2025-06-13 02:54:00+00:00,114.71875,114.75,114.71875,114.75,42.0
2025-06-13 02:56:00+00:00,114.71875,114.71875,114.71875,114.71875,58.0
2025-06-13 02:57:00+00:00,114.6875,114.71875,114.6875,114.71875,75.0
2025-06-13 02:58:00+00:00,114.6875,114.6875,114.6875,114.6875,47.0
2025-06-13 02:59:00+00:00,114.6875,114.71875,114.6875,114.71875,55.0
2025-06-13 03:00:00+00:00,114.65625,114.6875,114.65625,114.6875,15.0
2025-06-13 03:01:00+00:00,114.6875,114.6875,114.65625,114.65625,4.0
2025-06-13 03:03:00+00:00,114.65625,114.65625,114.625,114.65625,29.0
2025-06-13 03:04:00+00:00,114.65625,114.65625,114.65625,114.65625,83.0
2025-06-13 03:05:00+00:00,114.65625,114.6875,114.65625,114.6875,32.0
2025-06-13 03:06:00+00:00,114.65625,114.6875,114.65625,114.6875,43.0
2025-06-13 03:07:00+00:00,114.625,114.65625,114.625,114.65625,60.0
2025-06-13 03:08:00+00:00,114.59375,114.59375,114.59375,114.59375,161.0
2025-06-13 03:10:00+00:00,114.625,114.625,114.59375,114.59375,48.0
2025-06-13 03:11:00+00:00,114.625,114.625,114.625,114.625,4.0
2025-06-13 03:12:00+00:00,114.59375,114.59375,114.59375,114.59375,21.0
2025-06-13 03:13:00+00:00,114.625,114.625,114.625,114.625,62.0
2025-06-13 03:14:00+00:00,114.625,114.625,114.625,114.625,73.0
2025-06-13 03:15:00+00:00,114.59375,114.59375,114.59375,114.59375,35.0
2025-06-13 03:16:00+00:00,114.59375,114.59375,114.59375,114.59375,10.0
2025-06-13 03:17:00+00:00,114.5625,114.59375,114.5625,114.59375,82.0
2025-06-13 03:18:00+00:00,114.5625,114.5625,114.5625,114.5625,21.0
2025-06-13 03:19:00+00:00,114.5625,114.5625,114.5,114.53125,255.0
2025-06-13 03:20:00+00:00,114.5625,114.5625,114.5625,114.5625,6.0
2025-06-13 03:21:00+00:00,114.53125,114.5625,114.53125,114.5625,8.0
2025-06-13 03:22:00+00:00,114.5625,114.5625,114.5625,114.5625,54.0
2025-06-13 03:23:00+00:00,114.53125,114.53125,114.53125,114.53125,2.0
2025-06-13 03:25:00+00:00,114.53125,114.5625,114.53125,114.5625,7.0
2025-06-13 03:26:00+00:00,114.53125,114.53125,114.53125,114.53125,1.0
2025-06-13 03:27:00+00:00,114.53125,114.53125,114.53125,114.53125,64.0
2025-06-13 03:28:00+00:00,114.53125,114.53125,114.53125,114.53125,10.0
2025-06-13 03:29:00+00:00,114.5,114.53125,114.5,114.53125,173.0
2025-06-13 03:30:00+00:00,114.5,114.5,114.5,114.5,146.0
2025-06-13 03:31:00+00:00,114.5,114.53125,114.5,114.5,196.0
2025-06-13 03:32:00+00:00,114.53125,114.53125,114.5,114.53125,7.0
2025-06-13 03:33:00+00:00,114.53125,114.53125,114.5,114.5,133.0
2025-06-13 03:34:00+00:00,114.5,114.5,114.5,114.5,2.0
2025-06-13 03:35:00+00:00,114.5,114.5,114.5,114.5,116.0
2025-06-13 03:36:00+00:00,114.53125,114.5625,114.53125,114.53125,131.0
2025-06-13 03:37:00+00:00,114.53125,114.53125,114.53125,114.53125,25.0
2025-06-13 03:38:00+00:00,114.53125,114.53125,114.5,114.5,232.0
2025-06-13 03:40:00+00:00,114.46875,114.5,114.46875,114.5,37.0
2025-06-13 03:41:00+00:00,114.5625,114.5625,114.5,114.5,117.0
2025-06-13 03:42:00+00:00,114.5,114.5625,114.5,114.5625,773.0
2025-06-13 03:43:00+00:00,114.53125,114.53125,114.53125,114.53125,69.0
2025-06-13 03:45:00+00:00,114.53125,114.5625,114.53125,114.5625,172.0
2025-06-13 03:46:00+00:00,114.53125,114.53125,114.53125,114.53125,31.0
2025-06-13 03:47:00+00:00,114.5625,114.5625,114.5625,114.5625,114.0
2025-06-13 03:48:00+00:00,114.5625,114.5625,114.53125,114.5625,149.0
2025-06-13 03:49:00+00:00,114.5625,114.5625,114.5625,114.5625,11.0
2025-06-13 03:50:00+00:00,114.53125,114.53125,114.53125,114.53125,74.0
2025-06-13 03:51:00+00:00,114.5,114.5,114.5,114.5,37.0
2025-06-13 03:52:00+00:00,114.5,114.5,114.5,114.5,38.0
2025-06-13 03:53:00+00:00,114.53125,114.53125,114.53125,114.53125,7.0
2025-06-13 03:54:00+00:00,114.53125,114.53125,114.53125,114.53125,36.0
2025-06-13 03:56:00+00:00,114.53125,114.53125,114.5,114.5,68.0
2025-06-13 03:57:00+00:00,114.53125,114.53125,114.53125,114.53125,71.0
2025-06-13 03:58:00+00:00,114.46875,114.53125,114.4375,114.53125,490.0
2025-06-13 04:02:00+00:00,114.5,114.5,114.5,114.5,56.0
2025-06-13 04:05:00+00:00,114.53125,114.53125,114.53125,114.53125,9.0
2025-06-13 04:08:00+00:00,114.5,114.5,114.5,114.5,13.0
2025-06-13 04:09:00+00:00,114.5,114.5,114.46875,114.5,150.0
2025-06-13 04:10:00+00:00,114.5,114.5,114.5,114.5,23.0
2025-06-13 04:11:00+00:00,114.46875,114.46875,114.46875,114.46875,2.0
2025-06-13 04:12:00+00:00,114.5,114.5,114.5,114.5,4.0
2025-06-13 04:13:00+00:00,114.5,114.5,114.46875,114.46875,38.0
2025-06-13 04:17:00+00:00,114.46875,114.46875,114.46875,114.46875,28.0
2025-06-13 04:18:00+00:00,114.46875,114.5,114.46875,114.5,50.0
2025-06-13 04:19:00+00:00,114.46875,114.5,114.46875,114.5,10.0
2025-06-13 04:20:00+00:00,114.5,114.5,114.5,114.5,5.0
2025-06-13 04:23:00+00:00,114.46875,114.46875,114.46875,114.46875,243.0
2025-06-13 04:26:00+00:00,114.46875,114.46875,114.46875,114.46875,59.0
2025-06-13 04:27:00+00:00,114.46875,114.46875,114.46875,114.46875,136.0
2025-06-13 04:28:00+00:00,114.46875,114.46875,114.4375,114.4375,2.0
2025-06-13 04:29:00+00:00,114.46875,114.46875,114.46875,114.46875,129.0
2025-06-13 04:30:00+00:00,114.4375,114.4375,114.4375,114.4375,324.0
2025-06-13 04:31:00+00:00,114.46875,114.46875,114.40625,114.40625,193.0
2025-06-13 04:32:00+00:00,114.4375,114.4375,114.4375,114.4375,78.0
2025-06-13 04:33:00+00:00,114.4375,114.4375,114.4375,114.4375,16.0
2025-06-13 04:34:00+00:00,114.40625,114.40625,114.40625,114.40625,83.0
2025-06-13 04:35:00+00:00,114.40625,114.4375,114.40625,114.40625,230.0
2025-06-13 04:36:00+00:00,114.40625,114.4375,114.40625,114.40625,72.0
2025-06-13 04:37:00+00:00,114.40625,114.4375,114.40625,114.4375,26.0
2025-06-13 04:38:00+00:00,114.40625,114.40625,114.40625,114.40625,5.0
2025-06-13 04:39:00+00:00,114.40625,114.40625,114.40625,114.40625,82.0
2025-06-13 04:41:00+00:00,114.40625,114.40625,114.40625,114.40625,39.0
2025-06-13 04:42:00+00:00,114.40625,114.4375,114.40625,114.40625,23.0
2025-06-13 04:44:00+00:00,114.40625,114.40625,114.40625,114.40625,1.0
2025-06-13 04:47:00+00:00,114.4375,114.4375,114.40625,114.40625,46.0
2025-06-13 04:50:00+00:00,114.4375,114.4375,114.4375,114.4375,1.0
2025-06-13 04:51:00+00:00,114.4375,114.4375,114.4375,114.4375,58.0
2025-06-13 04:52:00+00:00,114.46875,114.46875,114.4375,114.4375,23.0
2025-06-13 04:53:00+00:00,114.46875,114.46875,114.46875,114.46875,245.0
2025-06-13 04:54:00+00:00,114.46875,114.46875,114.46875,114.46875,165.0
2025-06-13 04:55:00+00:00,114.5,114.5,114.46875,114.46875,6.0
2025-06-13 04:57:00+00:00,114.46875,114.5,114.46875,114.5,20.0
2025-06-13 04:58:00+00:00,114.46875,114.46875,114.46875,114.46875,65.0
2025-06-13 04:59:00+00:00,114.5,114.5,114.46875,114.46875,189.0
2025-06-13 05:00:00+00:00,114.5,114.5,114.46875,114.46875,64.0
2025-06-13 05:01:00+00:00,114.5,114.53125,114.46875,114.53125,179.0
2025-06-13 05:02:00+00:00,114.53125,114.53125,114.5,114.5,92.0
2025-06-13 05:03:00+00:00,114.53125,114.5625,114.53125,114.53125,132.0
2025-06-13 05:04:00+00:00,114.53125,114.53125,114.5,114.53125,128.0
2025-06-13 05:05:00+00:00,114.5,114.53125,114.5,114.53125,162.0
2025-06-13 05:06:00+00:00,114.5625,114.5625,114.53125,114.53125,393.0
2025-06-13 05:07:00+00:00,114.5625,114.5625,114.5625,114.5625,92.0
2025-06-13 05:08:00+00:00,114.59375,114.59375,114.59375,114.59375,224.0
2025-06-13 05:10:00+00:00,114.59375,114.59375,114.5625,114.59375,82.0
2025-06-13 05:11:00+00:00,114.625,114.625,114.59375,114.59375,104.0
2025-06-13 05:12:00+00:00,114.625,114.625,114.625,114.625,10.0
2025-06-13 05:13:00+00:00,114.59375,114.59375,114.59375,114.59375,105.0
2025-06-13 05:14:00+00:00,114.59375,114.59375,114.59375,114.59375,58.0
2025-06-13 05:15:00+00:00,114.625,114.625,114.59375,114.59375,525.0
2025-06-13 05:16:00+00:00,114.65625,114.65625,114.65625,114.65625,43.0
2025-06-13 05:17:00+00:00,114.65625,114.65625,114.625,114.625,52.0
2025-06-13 05:19:00+00:00,114.6875,114.6875,114.65625,114.65625,114.0
2025-06-13 05:20:00+00:00,114.6875,114.6875,114.6875,114.6875,53.0
2025-06-13 05:22:00+00:00,114.65625,114.6875,114.65625,114.6875,111.0
2025-06-13 05:24:00+00:00,114.6875,114.6875,114.6875,114.6875,79.0
2025-06-13 05:25:00+00:00,114.71875,114.71875,114.71875,114.71875,11.0
2025-06-13 05:26:00+00:00,114.71875,114.71875,114.6875,114.6875,216.0
2025-06-13 05:27:00+00:00,114.6875,114.6875,114.6875,114.6875,58.0
2025-06-13 05:28:00+00:00,114.65625,114.65625,114.65625,114.65625,72.0
2025-06-13 05:29:00+00:00,114.6875,114.6875,114.65625,114.65625,129.0
2025-06-13 05:30:00+00:00,114.71875,114.71875,114.6875,114.6875,28.0
2025-06-13 05:31:00+00:00,114.71875,114.71875,114.71875,114.71875,2.0
2025-06-13 05:33:00+00:00,114.6875,114.6875,114.6875,114.6875,68.0
2025-06-13 05:34:00+00:00,114.65625,114.65625,114.65625,114.65625,104.0
2025-06-13 05:35:00+00:00,114.6875,114.6875,114.65625,114.65625,49.0
2025-06-13 05:36:00+00:00,114.6875,114.6875,114.6875,114.6875,2.0
2025-06-13 05:37:00+00:00,114.65625,114.65625,114.65625,114.65625,82.0
2025-06-13 05:38:00+00:00,114.625,114.625,114.625,114.625,1.0
2025-06-13 05:39:00+00:00,114.59375,114.65625,114.59375,114.65625,46.0
2025-06-13 05:40:00+00:00,114.5625,114.59375,114.5625,114.59375,62.0
2025-06-13 05:41:00+00:00,114.5625,114.5625,114.5625,114.5625,1.0
2025-06-13 05:42:00+00:00,114.53125,114.5625,114.53125,114.5625,195.0
2025-06-13 05:43:00+00:00,114.5625,114.5625,114.53125,114.53125,93.0
2025-06-13 05:44:00+00:00,114.5625,114.5625,114.5625,114.5625,202.0
2025-06-13 05:45:00+00:00,114.59375,114.59375,114.59375,114.59375,258.0
2025-06-13 05:46:00+00:00,114.59375,114.59375,114.59375,114.59375,7.0
2025-06-13 05:47:00+00:00,114.59375,114.59375,114.59375,114.59375,84.0
2025-06-13 05:49:00+00:00,114.5625,114.5625,114.5625,114.5625,66.0
2025-06-13 05:50:00+00:00,114.59375,114.625,114.5625,114.5625,93.0
2025-06-13 05:51:00+00:00,114.59375,114.59375,114.59375,114.59375,77.0
2025-06-13 05:52:00+00:00,114.625,114.65625,114.625,114.625,31.0
2025-06-13 05:55:00+00:00,114.6875,114.6875,114.6875,114.6875,4.0
2025-06-13 05:56:00+00:00,114.6875,114.6875,114.65625,114.6875,39.0
2025-06-13 05:57:00+00:00,114.6875,114.6875,114.65625,114.65625,164.0
2025-06-13 05:58:00+00:00,114.71875,114.71875,114.71875,114.71875,1.0
2025-06-13 05:59:00+00:00,114.71875,114.71875,114.6875,114.6875,60.0
2025-06-13 06:00:00+00:00,114.6875,114.71875,114.6875,114.71875,541.0
2025-06-13 06:01:00+00:00,114.65625,114.65625,114.625,114.65625,102.0
2025-06-13 06:02:00+00:00,114.6875,114.6875,114.65625,114.65625,171.0
2025-06-13 06:03:00+00:00,114.625,114.65625,114.625,114.65625,144.0
2025-06-13 06:04:00+00:00,114.625,114.625,114.625,114.625,48.0
2025-06-13 06:06:00+00:00,114.625,114.625,114.625,114.625,40.0
2025-06-13 06:07:00+00:00,114.625,114.625,114.625,114.625,21.0
2025-06-13 06:08:00+00:00,114.625,114.625,114.625,114.625,27.0
2025-06-13 06:09:00+00:00,114.625,114.625,114.625,114.625,82.0
2025-06-13 06:10:00+00:00,114.5625,114.59375,114.5625,114.59375,357.0
2025-06-13 06:11:00+00:00,114.59375,114.59375,114.59375,114.59375,20.0
2025-06-13 06:12:00+00:00,114.625,114.625,114.625,114.625,80.0
2025-06-13 06:14:00+00:00,114.65625,114.65625,114.65625,114.65625,70.0
2025-06-13 06:15:00+00:00,114.625,114.625,114.625,114.625,8.0
2025-06-13 06:16:00+00:00,114.59375,114.625,114.59375,114.625,26.0
2025-06-13 06:17:00+00:00,114.59375,114.625,114.59375,114.59375,45.0
2025-06-13 06:18:00+00:00,114.65625,114.65625,114.625,114.625,50.0
2025-06-13 06:19:00+00:00,114.65625,114.65625,114.65625,114.65625,4.0
2025-06-13 06:20:00+00:00,114.65625,114.65625,114.65625,114.65625,80.0
2025-06-13 06:21:00+00:00,114.6875,114.6875,114.65625,114.6875,66.0
2025-06-13 06:22:00+00:00,114.65625,114.65625,114.65625,114.65625,131.0
2025-06-13 06:23:00+00:00,114.65625,114.6875,114.65625,114.6875,365.0
2025-06-13 06:25:00+00:00,114.65625,114.65625,114.65625,114.65625,34.0
2025-06-13 06:26:00+00:00,114.6875,114.6875,114.65625,114.65625,82.0
2025-06-13 06:27:00+00:00,114.6875,114.6875,114.6875,114.6875,78.0
2025-06-13 06:28:00+00:00,114.6875,114.71875,114.6875,114.6875,82.0
2025-06-13 06:29:00+00:00,114.71875,114.71875,114.6875,114.6875,108.0
2025-06-13 06:31:00+00:00,114.71875,114.71875,114.71875,114.71875,179.0
2025-06-13 06:32:00+00:00,114.75,114.75,114.75,114.75,182.0
2025-06-13 06:33:00+00:00,114.75,114.75,114.71875,114.71875,105.0
2025-06-13 06:34:00+00:00,114.75,114.75,114.75,114.75,23.0
2025-06-13 06:35:00+00:00,114.75,114.75,114.75,114.75,157.0
2025-06-13 06:36:00+00:00,114.8125,114.8125,114.78125,114.78125,644.0
2025-06-13 06:37:00+00:00,114.8125,114.84375,114.8125,114.8125,268.0
2025-06-13 06:38:00+00:00,114.8125,114.8125,114.8125,114.8125,137.0
2025-06-13 06:39:00+00:00,114.78125,114.8125,114.78125,114.8125,85.0
2025-06-13 06:40:00+00:00,114.75,114.75,114.75,114.75,2.0
2025-06-13 06:41:00+00:00,114.75,114.75,114.71875,114.75,177.0
2025-06-13 06:42:00+00:00,114.71875,114.75,114.71875,114.75,114.0
2025-06-13 06:43:00+00:00,114.75,114.75,114.71875,114.71875,271.0
2025-06-13 06:44:00+00:00,114.78125,114.78125,114.75,114.75,32.0
2025-06-13 06:45:00+00:00,114.75,114.75,114.75,114.75,94.0
2025-06-13 06:46:00+00:00,114.75,114.75,114.75,114.75,17.0
2025-06-13 06:47:00+00:00,114.71875,114.75,114.71875,114.75,13.0
2025-06-13 06:48:00+00:00,114.71875,114.71875,114.71875,114.71875,71.0
2025-06-13 06:49:00+00:00,114.6875,114.71875,114.6875,114.71875,60.0
2025-06-13 06:50:00+00:00,114.65625,114.71875,114.65625,114.71875,235.0
2025-06-13 06:51:00+00:00,114.65625,114.65625,114.65625,114.65625,64.0
2025-06-13 06:52:00+00:00,114.65625,114.65625,114.65625,114.65625,125.0
2025-06-13 06:53:00+00:00,114.65625,114.65625,114.625,114.65625,289.0
2025-06-13 06:54:00+00:00,114.65625,114.65625,114.65625,114.65625,58.0
2025-06-13 06:55:00+00:00,114.6875,114.6875,114.65625,114.6875,77.0
2025-06-13 06:56:00+00:00,114.65625,114.65625,114.65625,114.65625,120.0
2025-06-13 06:57:00+00:00,114.625,114.65625,114.625,114.65625,38.0
2025-06-13 06:58:00+00:00,114.59375,114.625,114.59375,114.625,390.0
2025-06-13 06:59:00+00:00,114.59375,114.59375,114.59375,114.59375,52.0
2025-06-13 07:00:00+00:00,114.59375,114.625,114.5625,114.625,488.0
2025-06-13 07:02:00+00:00,114.59375,114.59375,114.5625,114.5625,115.0
2025-06-13 07:03:00+00:00,114.5625,114.5625,114.5625,114.5625,53.0
2025-06-13 07:04:00+00:00,114.5625,114.5625,114.5625,114.5625,236.0
2025-06-13 07:05:00+00:00,114.53125,114.5625,114.53125,114.5625,325.0
2025-06-13 07:06:00+00:00,114.46875,114.53125,114.46875,114.53125,371.0
2025-06-13 07:07:00+00:00,114.40625,114.46875,114.40625,114.46875,266.0
2025-06-13 07:08:00+00:00,114.4375,114.4375,114.40625,114.4375,283.0
2025-06-13 07:09:00+00:00,114.4375,114.46875,114.4375,114.4375,67.0
2025-06-13 07:10:00+00:00,114.46875,114.46875,114.4375,114.4375,297.0
2025-06-13 07:11:00+00:00,114.40625,114.46875,114.40625,114.46875,415.0
2025-06-13 07:12:00+00:00,114.3125,114.40625,114.3125,114.40625,483.0
2025-06-13 07:13:00+00:00,114.34375,114.34375,114.34375,114.34375,200.0
2025-06-13 07:14:00+00:00,114.375,114.375,114.34375,114.34375,4.0
2025-06-13 07:15:00+00:00,114.375,114.375,114.34375,114.375,334.0
2025-06-13 07:16:00+00:00,114.40625,114.40625,114.375,114.40625,42.0
2025-06-13 07:17:00+00:00,114.40625,114.40625,114.40625,114.40625,163.0
2025-06-13 07:18:00+00:00,114.40625,114.40625,114.40625,114.40625,148.0
2025-06-13 07:19:00+00:00,114.40625,114.40625,114.40625,114.40625,178.0
2025-06-13 07:20:00+00:00,114.4375,114.4375,114.4375,114.4375,120.0
2025-06-13 07:22:00+00:00,114.4375,114.4375,114.4375,114.4375,293.0
2025-06-13 07:23:00+00:00,114.46875,114.46875,114.46875,114.46875,269.0
2025-06-13 07:24:00+00:00,114.40625,114.46875,114.40625,114.46875,440.0
2025-06-13 07:25:00+00:00,114.40625,114.40625,114.375,114.40625,126.0
2025-06-13 07:26:00+00:00,114.4375,114.4375,114.40625,114.40625,208.0
2025-06-13 07:27:00+00:00,114.46875,114.46875,114.46875,114.46875,170.0
2025-06-13 07:28:00+00:00,114.4375,114.4375,114.4375,114.4375,103.0
2025-06-13 07:29:00+00:00,114.4375,114.4375,114.4375,114.4375,42.0
2025-06-13 07:30:00+00:00,114.4375,114.4375,114.4375,114.4375,32.0
2025-06-13 07:31:00+00:00,114.40625,114.4375,114.40625,114.4375,249.0
2025-06-13 07:33:00+00:00,114.375,114.375,114.375,114.375,67.0
2025-06-13 07:34:00+00:00,114.375,114.40625,114.375,114.40625,205.0
2025-06-13 07:35:00+00:00,114.375,114.375,114.375,114.375,89.0
2025-06-13 07:36:00+00:00,114.375,114.375,114.3125,114.375,815.0
2025-06-13 07:37:00+00:00,114.375,114.375,114.375,114.375,22.0
2025-06-13 07:38:00+00:00,114.375,114.375,114.34375,114.34375,314.0
2025-06-13 07:39:00+00:00,114.34375,114.34375,114.34375,114.34375,23.0
2025-06-13 07:40:00+00:00,114.34375,114.375,114.34375,114.34375,21.0
2025-06-13 07:41:00+00:00,114.34375,114.34375,114.34375,114.34375,299.0
2025-06-13 07:42:00+00:00,114.3125,114.3125,114.28125,114.3125,107.0
2025-06-13 07:43:00+00:00,114.28125,114.3125,114.28125,114.28125,52.0
2025-06-13 07:44:00+00:00,114.28125,114.28125,114.28125,114.28125,8.0
2025-06-13 07:45:00+00:00,114.3125,114.3125,114.3125,114.3125,275.0
2025-06-13 07:46:00+00:00,114.34375,114.34375,114.34375,114.34375,87.0
2025-06-13 07:47:00+00:00,114.28125,114.34375,114.28125,114.34375,306.0
2025-06-13 07:48:00+00:00,114.28125,114.28125,114.25,114.25,19.0
2025-06-13 07:49:00+00:00,114.21875,114.28125,114.21875,114.28125,141.0
2025-06-13 07:50:00+00:00,114.25,114.28125,114.21875,114.25,484.0
2025-06-13 07:51:00+00:00,114.21875,114.28125,114.21875,114.28125,113.0
2025-06-13 07:52:00+00:00,114.25,114.25,114.25,114.25,214.0
2025-06-13 07:53:00+00:00,114.25,114.25,114.25,114.25,6.0
2025-06-13 07:54:00+00:00,114.28125,114.28125,114.25,114.28125,269.0
2025-06-13 07:55:00+00:00,114.28125,114.3125,114.28125,114.28125,215.0
2025-06-13 07:56:00+00:00,114.28125,114.28125,114.28125,114.28125,27.0
2025-06-13 07:57:00+00:00,114.28125,114.28125,114.25,114.28125,303.0
2025-06-13 07:58:00+00:00,114.28125,114.28125,114.28125,114.28125,41.0
2025-06-13 07:59:00+00:00,114.28125,114.3125,114.28125,114.3125,67.0
2025-06-13 08:00:00+00:00,114.28125,114.3125,114.28125,114.3125,208.0
2025-06-13 08:01:00+00:00,114.25,114.28125,114.25,114.28125,449.0
2025-06-13 08:02:00+00:00,114.25,114.25,114.21875,114.21875,169.0
2025-06-13 08:03:00+00:00,114.28125,114.28125,114.25,114.25,264.0
2025-06-13 08:04:00+00:00,114.34375,114.34375,114.3125,114.3125,38.0
2025-06-13 08:05:00+00:00,114.3125,114.3125,114.28125,114.3125,205.0
2025-06-13 08:06:00+00:00,114.25,114.3125,114.25,114.3125,178.0
2025-06-13 08:07:00+00:00,114.28125,114.28125,114.25,114.25,100.0
2025-06-13 08:08:00+00:00,114.28125,114.28125,114.28125,114.28125,14.0
2025-06-13 08:09:00+00:00,114.28125,114.3125,114.28125,114.28125,22.0
2025-06-13 08:10:00+00:00,114.28125,114.28125,114.25,114.28125,148.0
2025-06-13 08:11:00+00:00,114.25,114.28125,114.25,114.28125,80.0
2025-06-13 08:21:00+00:00,114.21875,114.25,114.21875,114.21900177001953,1057.0
2025-06-13 08:22:00+00:00,114.25,114.25,114.21875,114.21875,457.0
2025-06-13 08:23:00+00:00,114.3125,114.3125,114.25,114.25,250.0
2025-06-13 08:24:00+00:00,114.3125,114.3125,114.28125,114.3125,49.0
2025-06-13 08:26:00+00:00,114.28125,114.28125,114.28125,114.28125,170.0
2025-06-13 08:28:00+00:00,114.3125,114.3125,114.3125,114.3125,27.0
2025-06-13 08:29:00+00:00,114.3125,114.3125,114.3125,114.3125,131.0
2025-06-13 08:32:00+00:00,114.34375,114.34375,114.34375,114.34375,6.0
2025-06-13 08:34:00+00:00,114.3125,114.34375,114.3125,114.34375,245.0
2025-06-13 08:35:00+00:00,114.3125,114.34375,114.3125,114.34375,89.0
2025-06-13 08:36:00+00:00,114.28125,114.28125,114.28125,114.28125,25.0
2025-06-13 08:37:00+00:00,114.28125,114.28125,114.28125,114.28125,94.0
2025-06-13 08:38:00+00:00,114.28125,114.28125,114.28125,114.28125,59.0
2025-06-13 08:39:00+00:00,114.34375,114.34375,114.3125,114.3125,104.0
2025-06-13 08:41:00+00:00,114.34375,114.34375,114.34375,114.34375,56.0
2025-06-13 08:42:00+00:00,114.375,114.375,114.34375,114.34375,383.0
2025-06-13 08:44:00+00:00,114.375,114.375,114.375,114.375,68.0
2025-06-13 08:45:00+00:00,114.40625,114.40625,114.375,114.375,209.0
2025-06-13 08:46:00+00:00,114.4375,114.4375,114.40625,114.4375,235.0
2025-06-13 08:47:00+00:00,114.375,114.40625,114.375,114.40625,255.0
2025-06-13 08:48:00+00:00,114.375,114.40625,114.375,114.40625,50.0
2025-06-13 08:49:00+00:00,114.375,114.40625,114.375,114.375,43.0
2025-06-13 08:50:00+00:00,114.40625,114.40625,114.375,114.375,14.0
2025-06-13 08:51:00+00:00,114.375,114.375,114.375,114.375,11.0
2025-06-13 08:52:00+00:00,114.40625,114.40625,114.375,114.375,176.0
2025-06-13 08:53:00+00:00,114.4375,114.4375,114.4375,114.4375,318.0
2025-06-13 08:54:00+00:00,114.5,114.5,114.46875,114.46875,25.0
2025-06-13 08:55:00+00:00,114.40625,114.5,114.40625,114.5,283.0
2025-06-13 08:56:00+00:00,114.40625,114.40625,114.40625,114.40625,88.0
2025-06-13 08:57:00+00:00,114.40625,114.40625,114.40625,114.40625,33.0
2025-06-13 08:59:00+00:00,114.40625,114.40625,114.40625,114.40625,112.0
2025-06-13 09:00:00+00:00,114.375,114.40625,114.375,114.40625,181.0
2025-06-13 09:01:00+00:00,114.34375,114.375,114.3125,114.375,226.0
2025-06-13 09:02:00+00:00,114.375,114.375,114.34375,114.34375,116.0
2025-06-13 09:03:00+00:00,114.375,114.375,114.34375,114.375,322.0
2025-06-13 09:05:00+00:00,114.34375,114.34375,114.34375,114.34375,50.0
2025-06-13 09:06:00+00:00,114.3125,114.375,114.3125,114.34375,113.0
2025-06-13 09:07:00+00:00,114.34375,114.34375,114.34375,114.34375,77.0
2025-06-13 09:08:00+00:00,114.34375,114.34375,114.34375,114.34375,61.0
2025-06-13 09:09:00+00:00,114.34375,114.34375,114.34375,114.34375,28.0
2025-06-13 09:10:00+00:00,114.375,114.375,114.375,114.375,106.0
2025-06-13 09:11:00+00:00,114.34375,114.34375,114.34375,114.34375,196.0
2025-06-13 09:12:00+00:00,114.375,114.375,114.375,114.375,82.0
2025-06-13 09:13:00+00:00,114.40625,114.40625,114.375,114.375,210.0
2025-06-13 09:14:00+00:00,114.375,114.40625,114.375,114.40625,134.0
2025-06-13 09:15:00+00:00,114.375,114.375,114.375,114.375,172.0
2025-06-13 09:17:00+00:00,114.375,114.375,114.34375,114.34375,385.0
2025-06-13 09:19:00+00:00,114.375,114.375,114.34375,114.34375,245.0
2025-06-13 09:21:00+00:00,114.34375,114.34375,114.34375,114.34375,74.0
2025-06-13 09:22:00+00:00,114.3125,114.3125,114.3125,114.3125,132.0
2025-06-13 09:23:00+00:00,114.375,114.375,114.34375,114.34375,228.0
2025-06-13 09:24:00+00:00,114.375,114.375,114.375,114.375,45.0
2025-06-13 09:26:00+00:00,114.40625,114.40625,114.40625,114.40625,9.0
2025-06-13 09:27:00+00:00,114.40625,114.40625,114.40625,114.40625,57.0
2025-06-13 09:28:00+00:00,114.4375,114.4375,114.4375,114.4375,748.0
2025-06-13 09:29:00+00:00,114.40625,114.40625,114.40625,114.40625,45.0
2025-06-13 09:30:00+00:00,114.4375,114.4375,114.4375,114.4375,109.0
2025-06-13 09:31:00+00:00,114.4375,114.4375,114.4375,114.4375,9.0
2025-06-13 09:32:00+00:00,114.4375,114.4375,114.4375,114.4375,35.0
2025-06-13 09:34:00+00:00,114.40625,114.40625,114.40625,114.40625,3.0
2025-06-13 09:35:00+00:00,114.4375,114.4375,114.40625,114.40625,5.0
2025-06-13 09:36:00+00:00,114.4375,114.4375,114.4375,114.4375,69.0
2025-06-13 09:37:00+00:00,114.40625,114.40625,114.40625,114.40625,123.0
2025-06-13 09:38:00+00:00,114.375,114.375,114.375,114.375,80.0
2025-06-13 09:39:00+00:00,114.34375,114.375,114.34375,114.375,99.0
2025-06-13 09:40:00+00:00,114.34375,114.34375,114.34375,114.34375,2.0
2025-06-13 09:42:00+00:00,114.34375,114.34375,114.34375,114.34375,136.0
2025-06-13 09:44:00+00:00,114.34375,114.34375,114.34375,114.34375,114.0
2025-06-13 09:45:00+00:00,114.34375,114.34375,114.34375,114.34375,34.0
2025-06-13 09:47:00+00:00,114.3125,114.3125,114.3125,114.3125,193.0
2025-06-13 09:48:00+00:00,114.3125,114.3125,114.3125,114.3125,315.0
2025-06-13 09:49:00+00:00,114.3125,114.34375,114.3125,114.3125,48.0
2025-06-13 09:50:00+00:00,114.28125,114.3125,114.28125,114.3125,56.0
2025-06-13 09:51:00+00:00,114.3125,114.3125,114.3125,114.3125,158.0
2025-06-13 09:52:00+00:00,114.3125,114.3125,114.3125,114.3125,15.0
2025-06-13 09:53:00+00:00,114.3125,114.3125,114.3125,114.3125,10.0
2025-06-13 09:55:00+00:00,114.28125,114.3125,114.28125,114.3125,101.0
2025-06-13 09:57:00+00:00,114.28125,114.28125,114.28125,114.28125,67.0
2025-06-13 09:58:00+00:00,114.3125,114.3125,114.28125,114.28125,104.0
2025-06-13 09:59:00+00:00,114.3125,114.3125,114.3125,114.3125,162.0
2025-06-13 10:00:00+00:00,114.3125,114.3125,114.28125,114.3125,200.0
2025-06-13 10:02:00+00:00,114.3125,114.3125,114.3125,114.3125,192.0
2025-06-13 10:03:00+00:00,114.28125,114.3125,114.28125,114.3125,9.0
2025-06-13 10:04:00+00:00,114.28125,114.3125,114.28125,114.3125,18.0
2025-06-13 10:06:00+00:00,114.25,114.28125,114.25,114.28125,55.0
2025-06-13 10:07:00+00:00,114.21875,114.28125,114.21875,114.28125,167.0
2025-06-13 10:08:00+00:00,114.25,114.25,114.21875,114.21875,9.0
2025-06-13 10:09:00+00:00,114.21875,114.25,114.21875,114.25,13.0
2025-06-13 10:10:00+00:00,114.21875,114.21900177001953,114.1875,114.21875,160.0
2025-06-13 10:11:00+00:00,114.21875,114.21875,114.21875,114.21875,1.0
2025-06-13 10:12:00+00:00,114.1875,114.21875,114.1875,114.1875,589.0
2025-06-13 10:13:00+00:00,114.1875,114.1875,114.1875,114.1875,125.0
2025-06-13 10:14:00+00:00,114.15625,114.1875,114.15625,114.1875,55.0
2025-06-13 10:15:00+00:00,114.15625,114.1875,114.15625,114.1875,44.0
2025-06-13 10:16:00+00:00,114.15625,114.1875,114.15625,114.15625,243.0
2025-06-13 10:17:00+00:00,114.15625,114.15625,114.15625,114.15625,121.0
2025-06-13 10:18:00+00:00,114.09375,114.15625,114.09375,114.15625,257.0
2025-06-13 10:19:00+00:00,114.125,114.125,114.09375,114.09375,399.0
2025-06-13 10:20:00+00:00,114.09375,114.09375,114.09375,114.09375,8.0
2025-06-13 10:21:00+00:00,114.0625,114.125,114.0625,114.09375,497.0
2025-06-13 10:22:00+00:00,114.09375,114.09375,114.0625,114.0625,258.0
2025-06-13 10:23:00+00:00,114.09375,114.09375,114.0625,114.09375,129.0
2025-06-13 10:24:00+00:00,114.0625,114.09375,114.0625,114.0625,360.0
2025-06-13 10:25:00+00:00,114.09375,114.09375,114.0625,114.0625,216.0
2025-06-13 10:26:00+00:00,114.0625,114.09375,114.0625,114.09375,418.0
2025-06-13 10:27:00+00:00,114.0625,114.0625,114.0625,114.0625,9.0
2025-06-13 10:28:00+00:00,114.0625,114.09375,114.0625,114.0625,31.0
2025-06-13 10:29:00+00:00,114.09375,114.09375,114.0625,114.09375,39.0
2025-06-13 10:30:00+00:00,114.125,114.125,114.09375,114.09375,424.0
2025-06-13 10:31:00+00:00,114.0625,114.125,114.0625,114.125,184.0
2025-06-13 10:32:00+00:00,114.0625,114.0625,114.0625,114.0625,442.0
2025-06-13 10:33:00+00:00,114.0625,114.0625,114.0625,114.0625,213.0
2025-06-13 10:34:00+00:00,114.0625,114.09375,114.0625,114.0625,65.0
2025-06-13 10:35:00+00:00,114.03125,114.0625,114.0,114.0625,572.0
2025-06-13 10:36:00+00:00,114.0625,114.09375,114.03125,114.03125,851.0
2025-06-13 10:37:00+00:00,114.0625,114.09375,114.03125,114.0625,172.0
2025-06-13 10:38:00+00:00,114.09375,114.09375,114.0625,114.0625,13.0
2025-06-13 10:39:00+00:00,114.0625,114.0625,114.0625,114.0625,1.0
2025-06-13 10:40:00+00:00,114.0625,114.0625,114.0625,114.0625,83.0
2025-06-13 10:41:00+00:00,114.09375,114.09375,114.0625,114.0625,406.0
2025-06-13 10:42:00+00:00,114.125,114.125,114.09375,114.09375,802.0
2025-06-13 10:43:00+00:00,114.15625,114.15625,114.125,114.125,200.0
2025-06-13 10:44:00+00:00,114.125,114.125,114.125,114.125,48.0
2025-06-13 10:45:00+00:00,114.09375,114.125,114.09375,114.09375,488.0
2025-06-13 10:46:00+00:00,114.0625,114.09375,114.0625,114.09375,171.0
2025-06-13 10:47:00+00:00,114.03125,114.0625,114.03125,114.0625,49.0
2025-06-13 10:48:00+00:00,114.0625,114.0625,114.03125,114.03125,187.0
2025-06-13 10:49:00+00:00,114.03125,114.0625,114.03125,114.0625,73.0
2025-06-13 10:50:00+00:00,114.0,114.03125,114.0,114.03125,355.0
2025-06-13 10:51:00+00:00,114.03125,114.03125,114.03125,114.03125,204.0
2025-06-13 10:52:00+00:00,114.03125,114.03125,114.0,114.03125,193.0
2025-06-13 10:53:00+00:00,114.03125,114.03125,114.0,114.03125,92.0
2025-06-13 10:54:00+00:00,114.0,114.03125,114.0,114.03125,44.0
2025-06-13 10:55:00+00:00,114.03125,114.03125,114.0,114.0,11.0
2025-06-13 10:56:00+00:00,114.03125,114.03125,114.0,114.03125,5.0
2025-06-13 10:57:00+00:00,114.0625,114.09375,114.0,114.0,474.0
2025-06-13 10:58:00+00:00,114.0625,114.0625,114.0625,114.0625,73.0
2025-06-13 10:59:00+00:00,114.03125,114.0625,114.03125,114.0625,78.0
2025-06-13 11:00:00+00:00,114.0625,114.0625,114.0625,114.0625,56.0
2025-06-13 11:01:00+00:00,114.0,114.03125,114.0,114.03125,526.0
2025-06-13 11:02:00+00:00,114.0,114.0,114.0,114.0,1.0
2025-06-13 11:03:00+00:00,113.96875,114.0,113.96875,114.0,166.0
2025-06-13 11:04:00+00:00,113.96875,114.0,113.96875,113.96875,901.0
2025-06-13 11:05:00+00:00,113.9375,113.9375,113.9375,113.9375,26.0
2025-06-13 11:06:00+00:00,113.9375,113.96875,113.9375,113.9375,149.0
2025-06-13 11:07:00+00:00,113.9375,113.96875,113.9375,113.96875,816.0
2025-06-13 11:08:00+00:00,113.96875,114.0,113.90625,113.9375,623.0
2025-06-13 11:09:00+00:00,113.96875,114.0,113.9375,113.96875,311.0
2025-06-13 11:10:00+00:00,114.0,114.0,113.96875,113.96875,371.0
2025-06-13 11:11:00+00:00,114.0625,114.0625,114.0,114.0,550.0
2025-06-13 11:12:00+00:00,114.0625,114.0625,114.0625,114.0625,10.0
2025-06-13 11:13:00+00:00,114.0625,114.0625,114.0625,114.0625,66.0
2025-06-13 11:14:00+00:00,114.0625,114.0625,114.0625,114.0625,4.0
2025-06-13 11:15:00+00:00,114.09375,114.125,114.03125,114.03125,470.0
2025-06-13 11:16:00+00:00,114.0625,114.09375,114.0625,114.09375,293.0
2025-06-13 11:17:00+00:00,114.0625,114.0625,114.03125,114.03125,88.0
2025-06-13 11:18:00+00:00,114.0625,114.0625,114.0625,114.0625,165.0
2025-06-13 11:19:00+00:00,114.03125,114.125,114.03125,114.09375,808.0
2025-06-13 11:20:00+00:00,114.0625,114.0625,114.03125,114.03125,294.0
2025-06-13 11:21:00+00:00,114.0625,114.0625,114.0625,114.0625,50.0
2025-06-13 11:22:00+00:00,114.09375,114.125,114.09375,114.09375,128.0
2025-06-13 11:23:00+00:00,114.125,114.125,114.09375,114.09375,410.0
2025-06-13 11:24:00+00:00,114.15625,114.15625,114.125,114.125,402.0
2025-06-13 11:25:00+00:00,114.15625,114.1875,114.125,114.125,669.0
2025-06-13 11:26:00+00:00,114.15625,114.15625,114.125,114.125,362.0
2025-06-13 11:27:00+00:00,114.125,114.1875,114.125,114.15625,642.0
2025-06-13 11:28:00+00:00,114.15625,114.15625,114.15625,114.15625,338.0
2025-06-13 11:29:00+00:00,114.15625,114.15625,114.15625,114.15625,493.0
2025-06-13 11:30:00+00:00,114.1875,114.1875,114.15625,114.15625,148.0
2025-06-13 11:31:00+00:00,114.1875,114.1875,114.15625,114.15625,146.0
2025-06-13 11:33:00+00:00,114.15625,114.1875,114.15625,114.1875,643.0
2025-06-13 11:34:00+00:00,114.1875,114.1875,114.09375,114.125,869.0
2025-06-13 11:35:00+00:00,114.15625,114.15625,114.15625,114.15625,161.0
2025-06-13 11:36:00+00:00,114.125,114.125,114.125,114.125,362.0
2025-06-13 11:37:00+00:00,114.125,114.15625,114.125,114.125,194.0
2025-06-13 11:39:00+00:00,114.09375,114.125,114.09375,114.125,254.0
2025-06-13 11:40:00+00:00,114.09375,114.09375,114.09375,114.09375,47.0
2025-06-13 11:41:00+00:00,114.125,114.125,114.125,114.125,440.0
2025-06-13 11:42:00+00:00,114.125,114.15625,114.125,114.15625,541.0
2025-06-13 11:43:00+00:00,114.125,114.125,114.09375,114.125,105.0
2025-06-13 11:44:00+00:00,114.15625,114.15625,114.15625,114.15625,105.0
2025-06-13 11:45:00+00:00,114.15625,114.1875,114.15625,114.15625,220.0
2025-06-13 11:46:00+00:00,114.15625,114.15625,114.15625,114.15625,55.0
2025-06-13 11:47:00+00:00,114.15625,114.15625,114.15625,114.15625,257.0
2025-06-13 11:48:00+00:00,114.1875,114.1875,114.15625,114.15625,206.0
2025-06-13 11:49:00+00:00,114.15625,114.15625,114.15625,114.15625,249.0
2025-06-13 11:50:00+00:00,114.1875,114.1875,114.1875,114.1875,71.0
2025-06-13 11:51:00+00:00,114.25,114.25,114.1875,114.1875,562.0
2025-06-13 11:52:00+00:00,114.21875,114.21875,114.1875,114.21875,307.0
2025-06-13 11:53:00+00:00,114.1875,114.21875,114.1875,114.1875,80.0
2025-06-13 11:54:00+00:00,114.1875,114.1875,114.15625,114.1875,677.0
2025-06-13 11:55:00+00:00,114.21875,114.21875,114.1875,114.1875,118.0
2025-06-13 11:56:00+00:00,114.25,114.25,114.21875,114.25,470.0
2025-06-13 11:57:00+00:00,114.25,114.25,114.21875,114.25,297.0
2025-06-13 11:58:00+00:00,114.25,114.25,114.21875,114.25,433.0
2025-06-13 11:59:00+00:00,114.28125,114.28125,114.25,114.25,94.0
2025-06-13 12:00:00+00:00,114.28125,114.28125,114.25,114.28125,19.0
2025-06-13 12:01:00+00:00,114.28125,114.28125,114.25,114.28125,370.0
2025-06-13 12:02:00+00:00,114.21875,114.28125,114.21875,114.25,497.0
2025-06-13 12:03:00+00:00,114.25,114.25,114.25,114.25,94.0
2025-06-13 12:04:00+00:00,114.3125,114.3125,114.25,114.25,354.0
2025-06-13 12:05:00+00:00,114.3125,114.3125,114.3125,114.3125,390.0
2025-06-13 12:06:00+00:00,114.34375,114.34375,114.28125,114.3125,976.0
2025-06-13 12:07:00+00:00,114.34375,114.34375,114.3125,114.3125,642.0
2025-06-13 12:08:00+00:00,114.3125,114.34375,114.3125,114.34375,520.0
2025-06-13 12:09:00+00:00,114.34375,114.34375,114.3125,114.3125,223.0
2025-06-13 12:10:00+00:00,114.3125,114.3125,114.3125,114.3125,278.0
2025-06-13 12:11:00+00:00,114.34375,114.34375,114.3125,114.3125,479.0
2025-06-13 12:12:00+00:00,114.375,114.375,114.375,114.375,7.0
2025-06-13 12:13:00+00:00,114.4375,114.4375,114.34375,114.375,1081.0
2025-06-13 12:14:00+00:00,114.46875,114.46875,114.4375,114.4375,382.0
2025-06-13 12:15:00+00:00,114.46875,114.5,114.4375,114.4375,728.0
2025-06-13 12:16:00+00:00,114.5,114.5,114.46875,114.5,482.0
2025-06-13 12:17:00+00:00,114.46875,114.5,114.46875,114.5,590.0
2025-06-13 12:18:00+00:00,114.4375,114.46875,114.4375,114.46875,875.0
2025-06-13 12:19:00+00:00,114.5,114.5,114.4375,114.46875,1070.0
2025-06-13 12:20:00+00:00,114.46875,114.53125,114.4375,114.46875,1577.0
2025-06-13 12:21:00+00:00,114.5,114.5,114.4375,114.4375,613.0
2025-06-13 12:22:00+00:00,114.5,114.53125,114.5,114.5,558.0
2025-06-13 12:23:00+00:00,114.5,114.53125,114.5,114.53125,838.0
2025-06-13 12:24:00+00:00,114.46875,114.5,114.4375,114.5,227.0
2025-06-13 12:25:00+00:00,114.375,114.46875,114.375,114.4375,523.0
2025-06-13 12:26:00+00:00,114.34375,114.40625,114.34375,114.40625,1258.0
2025-06-13 12:27:00+00:00,114.375,114.375,114.34375,114.34375,796.0
2025-06-13 12:28:00+00:00,114.3125,114.375,114.28125,114.375,907.0
2025-06-13 12:29:00+00:00,114.3125,114.34375,114.28125,114.3125,287.0
2025-06-13 12:30:00+00:00,114.28125,114.28125,114.25,114.28125,727.0
2025-06-13 12:31:00+00:00,114.25,114.28125,114.21875,114.25,726.0
2025-06-13 12:32:00+00:00,114.25,114.25,114.25,114.25,287.0
2025-06-13 12:33:00+00:00,114.21875,114.25,114.21875,114.25,743.0
2025-06-13 12:34:00+00:00,114.25,114.25,114.1875,114.21875,234.0
2025-06-13 12:35:00+00:00,114.21875,114.25,114.21875,114.25,430.0
2025-06-13 12:36:00+00:00,114.21875,114.21875,114.21875,114.21875,156.0
2025-06-13 12:37:00+00:00,114.1875,114.25,114.1875,114.25,151.0
2025-06-13 12:38:00+00:00,114.1875,114.21875,114.1875,114.1875,496.0
2025-06-13 12:39:00+00:00,114.125,114.21875,114.125,114.21875,663.0
2025-06-13 12:40:00+00:00,114.15625,114.1875,114.125,114.125,574.0
2025-06-13 12:41:00+00:00,114.21875,114.21875,114.1875,114.1875,509.0
2025-06-13 12:42:00+00:00,114.1875,114.1875,114.15625,114.1875,1266.0
2025-06-13 12:43:00+00:00,114.21875,114.21875,114.1875,114.21875,169.0
2025-06-13 12:44:00+00:00,114.25,114.25,114.21875,114.21875,51.0
2025-06-13 12:45:00+00:00,114.1875,114.21875,114.1875,114.21875,470.0
2025-06-13 12:47:00+00:00,114.21875,114.21875,114.1875,114.1875,841.0
2025-06-13 12:48:00+00:00,114.15625,114.21875,114.15625,114.1875,702.0
2025-06-13 12:49:00+00:00,114.0625,114.15625,114.0625,114.15625,647.0
2025-06-13 12:50:00+00:00,114.09375,114.09375,114.0625,114.0625,750.0
2025-06-13 12:51:00+00:00,114.0625,114.09375,114.0625,114.0625,784.0
2025-06-13 12:52:00+00:00,114.0625,114.09375,114.0625,114.09375,685.0
2025-06-13 12:53:00+00:00,114.09375,114.09375,114.0625,114.0625,355.0
2025-06-13 12:54:00+00:00,114.0625,114.09375,114.0625,114.09375,187.0
2025-06-13 12:55:00+00:00,114.03125,114.0625,114.03125,114.0625,996.0
2025-06-13 12:56:00+00:00,114.03125,114.03125,113.96875,114.03125,1718.0
2025-06-13 12:57:00+00:00,114.03125,114.03125,114.0,114.0,813.0
2025-06-13 12:58:00+00:00,114.03125,114.03125,114.03125,114.03125,361.0
2025-06-13 12:59:00+00:00,114.03125,114.0625,114.03125,114.0625,24.0
2025-06-13 13:00:00+00:00,113.96875,114.0625,113.96875,114.0625,1551.0
2025-06-13 13:01:00+00:00,113.90625,113.96875,113.90625,113.96875,1941.0
2025-06-13 13:02:00+00:00,113.90625,113.9375,113.90625,113.9375,1211.0
2025-06-13 13:03:00+00:00,113.9375,113.96875,113.9375,113.9375,337.0
2025-06-13 13:04:00+00:00,113.9375,113.9375,113.90625,113.9375,128.0
2025-06-13 13:05:00+00:00,113.9375,113.9375,113.90625,113.90625,158.0
2025-06-13 13:06:00+00:00,113.9375,113.96875,113.9375,113.9375,440.0
2025-06-13 13:07:00+00:00,113.875,113.9375,113.875,113.90625,339.0
2025-06-13 13:08:00+00:00,113.90625,113.90625,113.875,113.90625,337.0
2025-06-13 13:09:00+00:00,113.84375,113.875,113.84375,113.875,349.0
2025-06-13 13:10:00+00:00,113.75,113.84375,113.75,113.84375,3287.0
2025-06-13 13:11:00+00:00,113.84375,113.84375,113.75,113.78125,1222.0
2025-06-13 13:12:00+00:00,113.78125,113.84375,113.78125,113.84375,990.0
2025-06-13 13:13:00+00:00,113.8125,113.8125,113.8125,113.8125,203.0
2025-06-13 13:14:00+00:00,113.8125,113.84375,113.8125,113.8125,592.0
2025-06-13 13:15:00+00:00,113.8125,113.84375,113.8125,113.8125,41.0
2025-06-13 13:16:00+00:00,113.78125,113.84375,113.78125,113.8125,708.0
2025-06-13 13:17:00+00:00,113.75,113.78125,113.71875,113.78125,1207.0
2025-06-13 13:18:00+00:00,113.78125,113.8125,113.75,113.75,269.0
2025-06-13 13:19:00+00:00,113.8125,113.84375,113.8125,113.8125,645.0
2025-06-13 13:21:00+00:00,113.84375,113.84375,113.8125,113.8125,1016.0
2025-06-13 13:22:00+00:00,113.78125,113.84375,113.75,113.84375,478.0
2025-06-13 13:23:00+00:00,113.78125,113.78125,113.78125,113.78125,56.0
2025-06-13 13:24:00+00:00,113.78125,113.8125,113.78125,113.78125,905.0
2025-06-13 13:25:00+00:00,113.8125,113.84375,113.75,113.78125,225.0
2025-06-13 13:26:00+00:00,113.8125,113.84375,113.8125,113.8125,786.0
2025-06-13 13:27:00+00:00,113.875,113.875,113.84375,113.84375,512.0
2025-06-13 13:28:00+00:00,113.84375,113.875,113.84375,113.875,347.0
2025-06-13 13:29:00+00:00,113.8125,113.84375,113.78125,113.8125,566.0
2025-06-13 13:30:00+00:00,113.8125,113.84375,113.78125,113.78125,782.0
2025-06-13 13:31:00+00:00,113.8125,113.8125,113.75,113.78125,616.0
2025-06-13 13:32:00+00:00,113.8125,113.84375,113.8125,113.8125,308.0
2025-06-13 13:33:00+00:00,113.84375,113.84375,113.78125,113.84375,1517.0
2025-06-13 13:34:00+00:00,113.875,113.875,113.84375,113.84375,342.0
2025-06-13 13:35:00+00:00,113.9375,113.9375,113.875,113.875,1309.0
2025-06-13 13:36:00+00:00,113.90625,113.9375,113.90625,113.90625,414.0
2025-06-13 13:37:00+00:00,113.9375,113.9375,113.875,113.875,873.0
2025-06-13 13:38:00+00:00,113.84375,113.90625,113.84375,113.90625,254.0
2025-06-13 13:39:00+00:00,113.84375,113.84375,113.84375,113.84375,733.0
2025-06-13 13:40:00+00:00,113.875,113.875,113.875,113.875,324.0
2025-06-13 13:41:00+00:00,113.875,113.875,113.84375,113.875,477.0
2025-06-13 13:44:00+00:00,113.875,113.90625,113.875,113.90625,1836.0
2025-06-13 13:45:00+00:00,113.84375,113.875,113.84375,113.875,172.0
2025-06-13 13:46:00+00:00,113.8125,113.84375,113.8125,113.84375,217.0
2025-06-13 13:47:00+00:00,113.875,113.875,113.8125,113.8125,514.0
2025-06-13 13:48:00+00:00,113.875,113.875,113.84375,113.875,595.0
2025-06-13 13:49:00+00:00,113.875,113.875,113.875,113.875,125.0
2025-06-13 13:50:00+00:00,113.875,113.90625,113.875,113.875,243.0
2025-06-13 13:51:00+00:00,113.875,113.875,113.84375,113.84375,1073.0
2025-06-13 13:52:00+00:00,113.875,113.90625,113.875,113.875,587.0
2025-06-13 13:53:00+00:00,113.90625,113.90625,113.875,113.875,474.0
2025-06-13 13:54:00+00:00,113.875,113.90625,113.875,113.875,182.0
2025-06-13 13:55:00+00:00,113.9375,113.9375,113.90625,113.90625,333.0
2025-06-13 13:56:00+00:00,113.90625,113.9375,113.875,113.90625,954.0
2025-06-13 13:57:00+00:00,113.9375,113.9375,113.875,113.90625,432.0
2025-06-13 13:58:00+00:00,113.9375,113.9375,113.90625,113.90625,327.0
2025-06-13 14:02:00+00:00,113.875,113.875,113.875,113.875,2259.0
2025-06-13 14:03:00+00:00,113.84375,113.875,113.84375,113.875,387.0
2025-06-13 14:05:00+00:00,113.78125,113.78125,113.78125,113.78125,320.0
2025-06-13 14:06:00+00:00,113.6875,113.75,113.65625,113.75,1633.0
2025-06-13 14:07:00+00:00,113.6875,113.6875,113.625,113.6875,1620.0
2025-06-13 14:08:00+00:00,113.6875,113.6875,113.65625,113.65625,957.0
2025-06-13 14:09:00+00:00,113.65625,113.6875,113.625,113.6875,322.0
2025-06-13 14:10:00+00:00,113.65625,113.6875,113.625,113.625,1589.0
2025-06-13 14:11:00+00:00,113.5625,113.65625,113.53125,113.65625,965.0
2025-06-13 14:12:00+00:00,113.59375,113.59375,113.53125,113.5625,1505.0
2025-06-13 14:13:00+00:00,113.53125,113.59375,113.5,113.59375,1048.0
2025-06-13 14:14:00+00:00,113.53125,113.5625,113.53125,113.53125,634.0
2025-06-13 14:15:00+00:00,113.59375,113.59375,113.53125,113.5625,1050.0
2025-06-13 14:16:00+00:00,113.59375,113.625,113.59375,113.59375,668.0
2025-06-13 14:17:00+00:00,113.5625,113.59375,113.53125,113.59375,304.0
2025-06-13 14:18:00+00:00,113.5625,113.59375,113.53125,113.5625,685.0
2025-06-13 14:21:00+00:00,113.5625,113.5625,113.5625,113.5625,2866.0
2025-06-13 14:22:00+00:00,113.53125,113.53125,113.5,113.53125,706.0
2025-06-13 14:23:00+00:00,113.46875,113.53125,113.46875,113.53125,1014.0
2025-06-13 14:24:00+00:00,113.5,113.5,113.46875,113.46875,1055.0
2025-06-13 14:25:00+00:00,113.4375,113.5,113.4375,113.5,1046.0
2025-06-13 14:26:00+00:00,113.40625,113.4375,113.40625,113.4375,865.0
2025-06-13 14:27:00+00:00,113.4375,113.4375,113.4375,113.4375,514.0
2025-06-13 14:28:00+00:00,113.46875,113.46875,113.40625,113.4375,2416.0
2025-06-13 14:29:00+00:00,113.46875,113.5,113.46875,113.46875,551.0
2025-06-13 14:30:00+00:00,113.53125,113.5625,113.46875,113.46875,2220.0
2025-06-13 14:31:00+00:00,113.5,113.5625,113.5,113.53125,265.0
2025-06-13 14:32:00+00:00,113.53125,113.53125,113.5,113.5,888.0
2025-06-13 14:33:00+00:00,113.5,113.5,113.5,113.5,930.0
2025-06-13 14:36:00+00:00,113.46875,113.5,113.46875,113.5,566.0
2025-06-13 14:37:00+00:00,113.5,113.5,113.46875,113.46875,755.0
2025-06-13 14:38:00+00:00,113.53125,113.53125,113.46875,113.46875,937.0
2025-06-13 14:39:00+00:00,113.5,113.5,113.5,113.5,428.0
2025-06-13 14:40:00+00:00,113.46875,113.5,113.46875,113.5,493.0
2025-06-13 14:41:00+00:00,113.4375,113.5,113.4375,113.46875,179.0
2025-06-13 14:42:00+00:00,113.40625,113.46875,113.40625,113.4375,645.0
2025-06-13 14:43:00+00:00,113.4375,113.4375,113.40625,113.4375,632.0
2025-06-13 14:44:00+00:00,113.4375,113.4375,113.40625,113.40625,433.0
2025-06-13 14:45:00+00:00,113.40625,113.4375,113.375,113.4375,914.0
2025-06-13 14:46:00+00:00,113.46875,113.46875,113.40625,113.40625,429.0
2025-06-13 14:47:00+00:00,113.4375,113.46875,113.4375,113.46875,472.0
2025-06-13 14:48:00+00:00,113.40625,113.4375,113.40625,113.4375,188.0
2025-06-13 14:49:00+00:00,113.4375,113.4375,113.40625,113.40625,1194.0
2025-06-13 14:50:00+00:00,113.40625,113.4375,113.40625,113.4375,695.0
2025-06-13 14:51:00+00:00,113.4375,113.4375,113.40625,113.40625,51.0
2025-06-13 14:52:00+00:00,113.46875,113.46875,113.40625,113.40625,1117.0
2025-06-13 14:58:00+00:00,113.5625,113.59375,113.5625,113.5625,3706.0
2025-06-13 14:59:00+00:00,113.5625,113.5625,113.5625,113.5625,425.0
2025-06-13 15:00:00+00:00,113.53125,113.59375,113.53125,113.59375,401.0
2025-06-13 15:01:00+00:00,113.5,113.53125,113.5,113.53125,176.0
2025-06-13 15:02:00+00:00,113.5,113.5,113.5,113.5,136.0
2025-06-13 15:03:00+00:00,113.46875,113.5,113.46875,113.5,185.0
2025-06-13 15:05:00+00:00,113.46875,113.46875,113.46875,113.46875,419.0
2025-06-13 15:06:00+00:00,113.46875,113.5,113.46875,113.5,476.0
2025-06-13 15:07:00+00:00,113.53125,113.53125,113.46875,113.46875,209.0
2025-06-13 15:08:00+00:00,113.53125,113.53125,113.53125,113.53125,249.0
2025-06-13 15:09:00+00:00,113.5,113.5,113.5,113.5,580.0
2025-06-13 15:10:00+00:00,113.46875,113.5,113.46875,113.46875,351.0
2025-06-13 15:11:00+00:00,113.4375,113.4375,113.4375,113.4375,1212.0
2025-06-13 15:12:00+00:00,113.4375,113.46875,113.4375,113.4375,175.0
2025-06-13 15:13:00+00:00,113.40625,113.46875,113.40625,113.46875,129.0
2025-06-13 15:14:00+00:00,113.40625,113.4375,113.375,113.40625,642.0
2025-06-13 15:15:00+00:00,113.40625,113.4375,113.40625,113.40625,743.0
2025-06-13 15:16:00+00:00,113.4375,113.4375,113.40625,113.40625,209.0
2025-06-13 15:18:00+00:00,113.40625,113.40625,113.375,113.40625,180.0
2025-06-13 15:19:00+00:00,113.40625,113.40625,113.375,113.375,274.0
2025-06-13 15:20:00+00:00,113.34375,113.40625,113.34375,113.40625,436.0
2025-06-13 15:21:00+00:00,113.375,113.375,113.34375,113.375,12.0
2025-06-13 15:22:00+00:00,113.40625,113.40625,113.34375,113.34375,525.0
2025-06-13 15:23:00+00:00,113.375,113.40625,113.375,113.40625,169.0
2025-06-13 15:24:00+00:00,113.375,113.375,113.34375,113.375,239.0
2025-06-13 15:25:00+00:00,113.34375,113.375,113.3125,113.375,1471.0
2025-06-13 15:26:00+00:00,113.34375,113.375,113.34375,113.34375,201.0
2025-06-13 15:27:00+00:00,113.34375,113.375,113.34375,113.375,8.0
2025-06-13 15:28:00+00:00,113.34375,113.375,113.34375,113.34375,980.0
2025-06-13 15:29:00+00:00,113.375,113.375,113.34375,113.34375,267.0
2025-06-13 15:30:00+00:00,113.34375,113.34375,113.34375,113.34375,49.0
2025-06-13 15:31:00+00:00,113.3125,113.34375,113.3125,113.34375,653.0
2025-06-13 15:32:00+00:00,113.3125,113.34375,113.3125,113.3125,239.0
2025-06-13 15:33:00+00:00,113.28125,113.34375,113.28125,113.3125,239.0
2025-06-13 15:34:00+00:00,113.28125,113.3125,113.28125,113.28125,692.0
2025-06-13 15:35:00+00:00,113.25,113.28125,113.25,113.28125,781.0
2025-06-13 15:36:00+00:00,113.21875,113.25,113.21875,113.21875,123.0
2025-06-13 15:37:00+00:00,113.25,113.28125,113.21875,113.21875,1110.0
2025-06-13 15:38:00+00:00,113.28125,113.28125,113.25,113.28125,387.0
2025-06-13 15:39:00+00:00,113.28125,113.3125,113.28125,113.3125,503.0
2025-06-13 15:40:00+00:00,113.21875,113.3125,113.21875,113.28125,722.0
2025-06-13 15:41:00+00:00,113.25,113.25,113.21875,113.21875,898.0
2025-06-13 15:42:00+00:00,113.25,113.28125,113.25,113.25,148.0
2025-06-13 15:43:00+00:00,113.25,113.25,113.25,113.25,315.0
2025-06-13 15:44:00+00:00,113.25,113.28125,113.25,113.25,236.0
2025-06-13 15:47:00+00:00,113.34375,113.34375,113.28125,113.3125,1601.0
2025-06-13 15:48:00+00:00,113.3125,113.34375,113.3125,113.34375,604.0
2025-06-13 15:49:00+00:00,113.25,113.3125,113.25,113.3125,436.0
2025-06-13 15:50:00+00:00,113.25,113.28125,113.25,113.25,323.0
2025-06-13 15:51:00+00:00,113.3125,113.3125,113.25,113.25,792.0
2025-06-13 15:52:00+00:00,113.28125,113.3125,113.25,113.3125,407.0
2025-06-13 15:53:00+00:00,113.25,113.28125,113.25,113.28125,83.0
2025-06-13 15:54:00+00:00,113.21875,113.28125,113.21875,113.25,243.0
2025-06-13 15:55:00+00:00,113.25,113.28125,113.25,113.25,104.0
2025-06-13 15:56:00+00:00,113.3125,113.3125,113.25,113.25,191.0
2025-06-13 15:57:00+00:00,113.28125,113.28125,113.28125,113.28125,239.0
2025-06-13 15:58:00+00:00,113.28125,113.28125,113.25,113.25,382.0
2025-06-13 15:59:00+00:00,113.3125,113.3125,113.25,113.28125,736.0
2025-06-13 16:00:00+00:00,113.3125,113.34375,113.3125,113.34375,24.0
2025-06-13 16:01:00+00:00,113.3125,113.34375,113.3125,113.34375,191.0
2025-06-13 16:02:00+00:00,113.34375,113.34375,113.3125,113.3125,1080.0
2025-06-13 16:03:00+00:00,113.34375,113.34375,113.34375,113.34375,165.0
2025-06-13 16:04:00+00:00,113.3125,113.34375,113.3125,113.34375,525.0
2025-06-13 16:05:00+00:00,113.3125,113.3125,113.28125,113.3125,292.0
2025-06-13 16:06:00+00:00,113.28125,113.34375,113.28125,113.34375,305.0
2025-06-13 16:07:00+00:00,113.3125,113.3125,113.28125,113.3125,7.0
2025-06-13 16:08:00+00:00,113.3125,113.3125,113.28125,113.28125,476.0
2025-06-13 16:09:00+00:00,113.34375,113.34375,113.3125,113.3125,102.0
2025-06-13 16:10:00+00:00,113.3125,113.34375,113.3125,113.3125,9.0
2025-06-13 16:11:00+00:00,113.3125,113.34375,113.3125,113.3125,44.0
2025-06-13 16:12:00+00:00,113.34375,113.375,113.3125,113.3125,815.0
2025-06-13 16:14:00+00:00,113.3125,113.3125,113.3125,113.3125,48.0
2025-06-13 16:15:00+00:00,113.28125,113.3125,113.28125,113.3125,232.0
2025-06-13 16:16:00+00:00,113.3125,113.3125,113.28125,113.28125,669.0
2025-06-13 16:20:00+00:00,113.25,113.25,113.25,113.25,764.0
2025-06-13 16:21:00+00:00,113.1875,113.21875,113.1875,113.21875,280.0
2025-06-13 16:22:00+00:00,113.1875,113.21875,113.1875,113.1875,52.0
2025-06-13 16:23:00+00:00,113.21875,113.25,113.21875,113.21875,422.0
2025-06-13 16:24:00+00:00,113.1875,113.1875,113.1875,113.1875,3.0
2025-06-13 16:25:00+00:00,113.1875,113.21875,113.1875,113.1875,1069.0
2025-06-13 16:26:00+00:00,113.15625,113.1875,113.15625,113.1875,237.0
2025-06-13 16:27:00+00:00,113.1875,113.1875,113.1875,113.1875,318.0
2025-06-13 16:28:00+00:00,113.21875,113.21875,113.15625,113.15625,202.0
2025-06-13 16:29:00+00:00,113.1875,113.21875,113.1875,113.21875,429.0
2025-06-13 16:30:00+00:00,113.1875,113.1875,113.1875,113.1875,36.0
2025-06-13 16:31:00+00:00,113.15625,113.1875,113.15625,113.1875,236.0
2025-06-13 16:32:00+00:00,113.1875,113.21875,113.15625,113.15625,1059.0
2025-06-13 16:33:00+00:00,113.1875,113.21875,113.1875,113.1875,763.0
2025-06-13 16:34:00+00:00,113.1875,113.21875,113.1875,113.1875,142.0
2025-06-13 16:35:00+00:00,113.15625,113.1875,113.15625,113.1875,144.0
2025-06-13 16:36:00+00:00,113.15625,113.15625,113.125,113.15625,803.0
2025-06-13 16:37:00+00:00,113.15625,113.15625,113.15625,113.15625,53.0
2025-06-13 16:38:00+00:00,113.15625,113.15625,113.125,113.125,361.0
2025-06-13 16:39:00+00:00,113.15625,113.15625,113.125,113.15625,393.0
2025-06-13 16:40:00+00:00,113.15625,113.15625,113.15625,113.15625,179.0
2025-06-13 16:41:00+00:00,113.15625,113.1875,113.125,113.1875,465.0
2025-06-13 16:42:00+00:00,113.125,113.15625,113.125,113.15625,24.0
2025-06-13 16:43:00+00:00,113.15625,113.15625,113.15625,113.15625,165.0
2025-06-13 16:44:00+00:00,113.15625,113.15625,113.15625,113.15625,398.0
2025-06-13 16:45:00+00:00,113.125,113.125,113.125,113.125,2.0
2025-06-13 16:46:00+00:00,113.125,113.15625,113.125,113.125,1061.0
2025-06-13 16:47:00+00:00,113.125,113.125,113.125,113.125,68.0
2025-06-13 16:48:00+00:00,113.15625,113.15625,113.125,113.125,8.0
2025-06-13 16:49:00+00:00,113.125,113.125,113.125,113.125,3.0
2025-06-13 16:50:00+00:00,113.125,113.15625,113.125,113.125,14.0
2025-06-13 16:51:00+00:00,113.09375,113.15625,113.09375,113.125,2198.0
2025-06-13 16:52:00+00:00,113.09375,113.125,113.09375,113.09375,11.0
2025-06-13 16:53:00+00:00,113.09375,113.125,113.09375,113.125,46.0
2025-06-13 16:54:00+00:00,113.09375,113.125,113.09375,113.09375,161.0
2025-06-13 16:55:00+00:00,113.09375,113.125,113.09375,113.09375,564.0
2025-06-13 16:56:00+00:00,113.03125,113.09375,113.03125,113.0625,1507.0
2025-06-13 16:57:00+00:00,113.09375,113.09375,113.03125,113.03125,1026.0
2025-06-13 16:58:00+00:00,113.0625,113.09375,113.03125,113.0625,682.0
2025-06-13 16:59:00+00:00,113.03125,113.0625,113.03125,113.03125,34.0
2025-06-13 17:00:00+00:00,113.0625,113.0625,113.03125,113.03125,1449.0
2025-06-13 17:01:00+00:00,113.03125,113.0625,113.03125,113.0625,1099.0
2025-06-13 17:02:00+00:00,113.03125,113.03125,113.03125,113.03125,854.0
2025-06-13 17:03:00+00:00,113.0625,113.0625,113.03125,113.03125,21.0
2025-06-13 17:04:00+00:00,113.0625,113.0625,113.03125,113.0625,53.0
2025-06-13 17:05:00+00:00,113.03125,113.0625,113.03125,113.03125,349.0
2025-06-13 17:06:00+00:00,113.03125,113.03125,113.03125,113.03125,13.0
2025-06-13 17:07:00+00:00,112.96875,113.03125,112.96875,113.03125,1411.0
2025-06-13 17:08:00+00:00,113.0,113.0,112.96875,113.0,510.0
2025-06-13 17:09:00+00:00,113.03125,113.03125,113.0,113.0,829.0
2025-06-13 17:12:00+00:00,113.0625,113.09375,113.0625,113.0625,2460.0
2025-06-13 17:13:00+00:00,113.0625,113.09375,113.0625,113.09375,2.0
2025-06-13 17:14:00+00:00,113.0625,113.0625,113.0625,113.0625,1100.0
2025-06-13 17:15:00+00:00,113.09375,113.09375,113.0625,113.0625,611.0
2025-06-13 17:16:00+00:00,113.09375,113.09375,113.09375,113.09375,2.0
2025-06-13 17:17:00+00:00,113.0625,113.09375,113.0625,113.0625,56.0
2025-06-13 17:18:00+00:00,113.03125,113.0625,113.03125,113.0625,284.0
2025-06-13 17:19:00+00:00,113.03125,113.0625,113.0,113.03125,557.0
2025-06-13 17:20:00+00:00,113.03125,113.03125,113.0,113.03125,356.0
2025-06-13 17:21:00+00:00,113.0,113.03125,113.0,113.03125,452.0
2025-06-13 17:22:00+00:00,112.96875,113.0,112.96875,113.0,1437.0
2025-06-13 17:23:00+00:00,113.0,113.0,112.9375,112.96875,825.0
2025-06-13 17:24:00+00:00,113.0,113.0,112.96875,113.0,733.0
2025-06-13 17:25:00+00:00,113.0,113.0,113.0,113.0,202.0
2025-06-13 17:26:00+00:00,112.96875,113.0,112.96875,112.96875,315.0
2025-06-13 17:27:00+00:00,112.9375,112.96875,112.9375,112.96875,187.0
2025-06-13 17:28:00+00:00,112.9375,112.96875,112.9375,112.9375,61.0
2025-06-13 17:29:00+00:00,112.96875,112.96875,112.90625,112.9375,1066.0
2025-06-13 17:30:00+00:00,112.96875,112.96875,112.90625,112.9375,796.0
2025-06-13 17:31:00+00:00,112.9375,112.9375,112.90625,112.9375,579.0
2025-06-13 17:32:00+00:00,112.90625,112.9375,112.90625,112.90625,18.0
2025-06-13 17:33:00+00:00,112.90625,112.9375,112.875,112.90625,2269.0
2025-06-13 17:34:00+00:00,112.90625,112.90625,112.90625,112.90625,243.0
2025-06-13 17:35:00+00:00,112.90625,112.9375,112.90625,112.90625,21.0
2025-06-13 17:36:00+00:00,112.96875,112.96875,112.90625,112.90625,180.0
2025-06-13 17:37:00+00:00,112.96875,113.0,112.96875,112.96875,1212.0
2025-06-13 17:38:00+00:00,112.9375,112.96875,112.9375,112.96875,11.0
2025-06-13 17:39:00+00:00,112.9375,112.96875,112.9375,112.9375,25.0
2025-06-13 17:40:00+00:00,112.90625,112.9375,112.90625,112.9375,345.0
2025-06-13 17:41:00+00:00,112.90625,112.90625,112.90625,112.90625,10.0
2025-06-13 17:42:00+00:00,112.96875,112.96875,112.90625,112.90625,1375.0
2025-06-13 17:43:00+00:00,112.9375,112.96875,112.9375,112.96875,91.0
2025-06-13 17:44:00+00:00,112.96875,113.0,112.9375,112.9375,555.0
2025-06-13 17:45:00+00:00,112.9375,112.96875,112.9375,112.96875,56.0
2025-06-13 17:46:00+00:00,112.9375,112.96875,112.9375,112.9375,160.0
2025-06-13 17:47:00+00:00,112.875,112.9375,112.875,112.9375,892.0
2025-06-13 17:48:00+00:00,112.875,112.90625,112.875,112.875,95.0
2025-06-13 17:49:00+00:00,112.875,112.90625,112.875,112.875,905.0
2025-06-13 17:50:00+00:00,112.90625,112.90625,112.875,112.875,879.0
2025-06-13 17:51:00+00:00,112.90625,112.90625,112.875,112.90625,457.0
2025-06-13 17:52:00+00:00,112.90625,112.9375,112.90625,112.90625,123.0
2025-06-13 17:55:00+00:00,112.96875,112.96875,112.96875,112.96875,1714.0
2025-06-13 17:56:00+00:00,112.9375,112.96875,112.90625,112.9375,828.0
2025-06-13 17:57:00+00:00,112.9375,112.96875,112.9375,112.96875,116.0
2025-06-13 17:59:00+00:00,112.90625,112.9375,112.90625,112.90625,197.0
2025-06-13 18:00:00+00:00,112.9375,112.96875,112.9375,112.9375,729.0
2025-06-13 18:01:00+00:00,112.9375,112.96875,112.9375,112.9375,157.0
2025-06-13 18:02:00+00:00,112.9375,112.96875,112.9375,112.96875,166.0
2025-06-13 18:03:00+00:00,112.96875,113.0,112.9375,112.9375,949.0
2025-06-13 18:04:00+00:00,113.0,113.0,112.96875,112.96875,159.0
2025-06-13 18:05:00+00:00,112.96875,113.0,112.96875,113.0,933.0
2025-06-13 18:06:00+00:00,113.0,113.03125,112.96875,113.0,941.0
2025-06-13 18:07:00+00:00,113.03125,113.0625,113.0,113.0,754.0
2025-06-13 18:08:00+00:00,113.03125,113.03125,113.0,113.03125,471.0
2025-06-13 18:09:00+00:00,113.03125,113.0625,113.03125,113.03125,840.0
2025-06-13 18:10:00+00:00,113.03125,113.0625,113.03125,113.03125,642.0
2025-06-13 18:12:00+00:00,113.0625,113.09375,113.0625,113.0625,939.0
2025-06-13 18:13:00+00:00,113.09375,113.09375,113.0625,113.0625,725.0
2025-06-13 18:14:00+00:00,113.0625,113.125,113.0625,113.09375,517.0
2025-06-13 18:15:00+00:00,113.0625,113.09375,113.0625,113.09375,922.0
2025-06-13 18:16:00+00:00,113.0625,113.0625,113.03125,113.0625,1275.0
2025-06-13 18:17:00+00:00,113.0625,113.0625,113.0625,113.0625,216.0
2025-06-13 18:18:00+00:00,113.0625,113.0625,113.03125,113.03125,19.0
2025-06-13 18:19:00+00:00,113.03125,113.0625,113.0,113.0625,995.0
2025-06-13 18:20:00+00:00,113.0625,113.0625,113.03125,113.03125,17.0
2025-06-13 18:21:00+00:00,113.0625,113.0625,113.0625,113.0625,260.0
2025-06-13 18:22:00+00:00,113.09375,113.09375,113.0625,113.09375,642.0
2025-06-13 18:23:00+00:00,113.09375,113.09375,113.09375,113.09375,170.0
2025-06-13 18:24:00+00:00,113.0625,113.09375,113.03125,113.0625,298.0
2025-06-13 18:25:00+00:00,113.0625,113.0625,113.0625,113.0625,344.0
2025-06-13 18:26:00+00:00,113.125,113.125,113.0625,113.0625,462.0
2025-06-13 18:27:00+00:00,113.09375,113.125,113.0625,113.09375,252.0
2025-06-13 18:28:00+00:00,113.09375,113.09375,113.0625,113.09375,25.0
2025-06-13 18:29:00+00:00,113.09375,113.09375,113.0625,113.0625,77.0
2025-06-13 18:30:00+00:00,113.0625,113.09375,113.03125,113.09375,792.0
2025-06-13 18:31:00+00:00,113.125,113.125,113.0625,113.0625,483.0
2025-06-13 18:32:00+00:00,113.125,113.125,113.09375,113.125,57.0
2025-06-13 18:33:00+00:00,113.125,113.15625,113.125,113.125,932.0
2025-06-13 18:34:00+00:00,113.15625,113.15625,113.125,113.15625,654.0
2025-06-13 18:35:00+00:00,113.1875,113.1875,113.15625,113.15625,1041.0
2025-06-13 18:36:00+00:00,113.1875,113.1875,113.1875,113.1875,458.0
2025-06-13 18:37:00+00:00,113.1875,113.1875,113.15625,113.15625,439.0
2025-06-13 18:38:00+00:00,113.1875,113.1875,113.15625,113.15625,481.0
2025-06-13 18:39:00+00:00,113.1875,113.1875,113.1875,113.1875,18.0
2025-06-13 18:40:00+00:00,113.15625,113.1875,113.15625,113.1875,251.0
2025-06-13 18:41:00+00:00,113.1875,113.1875,113.15625,113.15625,469.0
2025-06-13 18:42:00+00:00,113.1875,113.21875,113.1875,113.21875,767.0
2025-06-13 18:43:00+00:00,113.21875,113.21875,113.1875,113.1875,343.0
2025-06-13 18:45:00+00:00,113.21875,113.21875,113.21875,113.21875,1440.0
2025-06-13 18:46:00+00:00,113.21875,113.21875,113.1875,113.1875,404.0
2025-06-13 18:47:00+00:00,113.1875,113.1875,113.1875,113.1875,2.0
2025-06-13 18:48:00+00:00,113.25,113.25,113.21875,113.21875,391.0
2025-06-13 18:49:00+00:00,113.28125,113.28125,113.25,113.25,1083.0
2025-06-13 18:50:00+00:00,113.21875,113.28125,113.21875,113.28125,1048.0
2025-06-13 18:51:00+00:00,113.25,113.28125,113.25,113.25,351.0
2025-06-13 18:52:00+00:00,113.25,113.25,113.25,113.25,39.0
2025-06-13 18:53:00+00:00,113.3125,113.3125,113.28125,113.28125,784.0
2025-06-13 18:54:00+00:00,113.3125,113.3125,113.28125,113.3125,271.0
2025-06-13 18:55:00+00:00,113.3125,113.3125,113.25,113.3125,1760.0
2025-06-13 18:56:00+00:00,113.28125,113.34375,113.28125,113.28125,771.0
2025-06-13 18:57:00+00:00,113.3125,113.3125,113.28125,113.28125,410.0
2025-06-13 18:58:00+00:00,113.25,113.3125,113.25,113.28125,1639.0
2025-06-13 18:59:00+00:00,113.25,113.28125,113.21875,113.25,3188.0
2025-06-13 19:00:00+00:00,113.25,113.28125,113.21875,113.21875,1420.0
2025-06-13 19:01:00+00:00,113.25,113.25,113.21875,113.25,766.0
2025-06-13 19:02:00+00:00,113.21875,113.25,113.21875,113.25,405.0
2025-06-13 19:04:00+00:00,113.25,113.25,113.21875,113.21875,91.0
2025-06-13 19:05:00+00:00,113.25,113.25,113.21875,113.21875,402.0
2025-06-13 19:07:00+00:00,113.25,113.25,113.21875,113.25,136.0
2025-06-13 19:08:00+00:00,113.25,113.3125,113.25,113.28125,498.0
2025-06-13 19:09:00+00:00,113.21875,113.28125,113.21875,113.25,200.0
2025-06-13 19:10:00+00:00,113.25,113.28125,113.21875,113.25,523.0
2025-06-13 19:11:00+00:00,113.25,113.25,113.25,113.25,406.0
2025-06-13 19:12:00+00:00,113.21875,113.25,113.21875,113.25,294.0
2025-06-13 19:13:00+00:00,113.25,113.25,113.25,113.25,20.0
2025-06-13 19:16:00+00:00,113.28125,113.28125,113.25,113.25,710.0
2025-06-13 19:17:00+00:00,113.25,113.28125,113.25,113.28125,9.0
2025-06-13 19:18:00+00:00,113.25,113.28125,113.25,113.28125,3.0
2025-06-13 19:19:00+00:00,113.28125,113.28125,113.25,113.28125,46.0
2025-06-13 19:20:00+00:00,113.28125,113.28125,113.25,113.28125,6.0
2025-06-13 19:21:00+00:00,113.25,113.28125,113.25,113.25,21.0
2025-06-13 19:22:00+00:00,113.3125,113.3125,113.25,113.28125,935.0
2025-06-13 19:23:00+00:00,113.28125,113.3125,113.28125,113.3125,108.0
2025-06-13 19:24:00+00:00,113.3125,113.3125,113.28125,113.3125,24.0
2025-06-13 19:25:00+00:00,113.28125,113.3125,113.28125,113.3125,43.0
2025-06-13 19:26:00+00:00,113.28125,113.3125,113.28125,113.28125,27.0
2025-06-13 19:27:00+00:00,113.28125,113.28125,113.28125,113.28125,297.0
2025-06-13 19:28:00+00:00,113.3125,113.3125,113.28125,113.28125,5.0
2025-06-13 19:29:00+00:00,113.3125,113.3125,113.3125,113.3125,407.0
2025-06-13 19:30:00+00:00,113.3125,113.3125,113.3125,113.3125,27.0
2025-06-13 19:31:00+00:00,113.34375,113.34375,113.3125,113.3125,76.0
2025-06-13 19:32:00+00:00,113.34375,113.34375,113.3125,113.34375,1656.0
2025-06-13 19:33:00+00:00,113.34375,113.34375,113.3125,113.34375,261.0
2025-06-13 19:34:00+00:00,113.3125,113.34375,113.3125,113.34375,10.0
2025-06-13 19:35:00+00:00,113.3125,113.34375,113.3125,113.3125,354.0
2025-06-13 19:36:00+00:00,113.34375,113.34375,113.34375,113.34375,12.0
2025-06-13 19:37:00+00:00,113.3125,113.34375,113.3125,113.34375,277.0
2025-06-13 19:38:00+00:00,113.34375,113.34375,113.3125,113.34375,110.0
2025-06-13 19:40:00+00:00,113.375,113.375,113.3125,113.34375,854.0
2025-06-13 19:41:00+00:00,113.40625,113.40625,113.34375,113.375,833.0
2025-06-13 19:42:00+00:00,113.375,113.375,113.375,113.375,1168.0
2025-06-13 19:43:00+00:00,113.375,113.40625,113.375,113.40625,106.0
2025-06-13 19:44:00+00:00,113.40625,113.40625,113.375,113.375,70.0
2025-06-13 19:45:00+00:00,113.40625,113.40625,113.375,113.40625,266.0
2025-06-13 19:46:00+00:00,113.40625,113.4375,113.375,113.375,1094.0
2025-06-13 19:47:00+00:00,113.40625,113.4375,113.40625,113.4375,331.0
2025-06-13 19:48:00+00:00,113.40625,113.4375,113.40625,113.4375,780.0
2025-06-13 19:49:00+00:00,113.4375,113.4375,113.40625,113.40625,394.0
2025-06-13 19:50:00+00:00,113.40625,113.4375,113.40625,113.4375,16.0
2025-06-13 19:51:00+00:00,113.40625,113.4375,113.40625,113.40625,556.0
2025-06-13 19:52:00+00:00,113.4375,113.4375,113.40625,113.40625,52.0
2025-06-13 19:53:00+00:00,113.40625,113.4375,113.40625,113.4375,6.0
2025-06-13 19:54:00+00:00,113.40625,113.4375,113.40625,113.40625,535.0
2025-06-13 19:55:00+00:00,113.4375,113.46875,113.4375,113.4375,1297.0
2025-06-13 19:56:00+00:00,113.4375,113.46875,113.4375,113.46875,687.0
2025-06-13 19:57:00+00:00,113.4375,113.4375,113.4375,113.4375,19.0
2025-06-13 19:58:00+00:00,113.40625,113.4375,113.40625,113.4375,666.0
2025-06-13 19:59:00+00:00,113.4375,113.4375,113.375,113.4375,2606.0
2025-06-13 20:01:00+00:00,113.4375,113.4375,113.4375,113.4375,3738.0
2025-06-13 20:02:00+00:00,113.40625,113.40625,113.40625,113.40625,1082.0
2025-06-13 20:03:00+00:00,113.40625,113.40625,113.40625,113.40625,26.0
2025-06-13 20:07:00+00:00,113.40625,113.40625,113.375,113.375,302.0
2025-06-13 20:08:00+00:00,113.375,113.375,113.375,113.375,54.0
2025-06-13 20:09:00+00:00,113.375,113.40625,113.375,113.375,875.0
2025-06-13 20:10:00+00:00,113.4375,113.4375,113.375,113.375,991.0
2025-06-13 20:11:00+00:00,113.40625,113.4375,113.40625,113.40625,32.0
2025-06-13 20:12:00+00:00,113.40625,113.40625,113.40625,113.40625,464.0
2025-06-13 20:13:00+00:00,113.4375,113.4375,113.40625,113.40625,206.0
2025-06-13 20:14:00+00:00,113.4375,113.4375,113.4375,113.4375,143.0
2025-06-13 20:15:00+00:00,113.4375,113.4375,113.40625,113.4375,546.0
2025-06-13 20:17:00+00:00,113.40625,113.40625,113.40625,113.40625,624.0
2025-06-13 20:18:00+00:00,113.40625,113.40625,113.40625,113.40625,2.0
2025-06-13 20:21:00+00:00,113.40625,113.40625,113.40625,113.40625,33.0
2025-06-13 20:22:00+00:00,113.4375,113.4375,113.375,113.40625,1091.0
2025-06-13 20:23:00+00:00,113.46875,113.46875,113.4375,113.4375,43.0
2025-06-13 20:24:00+00:00,113.46875,113.46875,113.4375,113.4375,1211.0
2025-06-13 20:25:00+00:00,113.46875,113.5,113.46875,113.5,533.0
2025-06-13 20:26:00+00:00,113.46875,113.46875,113.46875,113.46875,5.0
2025-06-13 20:27:00+00:00,113.46875,113.5,113.46875,113.5,40.0
2025-06-13 20:29:00+00:00,113.46875,113.46875,113.46875,113.46875,16.0
2025-06-13 20:30:00+00:00,113.46875,113.46875,113.46875,113.46875,1693.0
2025-06-13 20:31:00+00:00,113.46875,113.5,113.46875,113.46875,130.0
2025-06-13 20:32:00+00:00,113.5,113.5,113.46875,113.46875,21.0
2025-06-13 20:33:00+00:00,113.46875,113.46875,113.4375,113.46875,886.0
2025-06-13 20:34:00+00:00,113.46875,113.5,113.46875,113.46875,91.0
2025-06-13 20:35:00+00:00,113.53125,113.53125,113.46875,113.46875,631.0
2025-06-13 20:37:00+00:00,113.5,113.5,113.5,113.5,291.0
2025-06-13 20:38:00+00:00,113.5,113.5,113.5,113.5,241.0
2025-06-13 20:39:00+00:00,113.5,113.5,113.5,113.5,17.0
2025-06-13 20:40:00+00:00,113.5,113.53125,113.5,113.53125,13.0
2025-06-13 20:41:00+00:00,113.5,113.5,113.5,113.5,199.0
2025-06-13 20:42:00+00:00,113.5,113.5,113.5,113.5,194.0
2025-06-13 20:43:00+00:00,113.5,113.53125,113.5,113.53125,390.0
2025-06-13 20:44:00+00:00,113.5,113.5,113.5,113.5,185.0
2025-06-13 20:46:00+00:00,113.5,113.5,113.5,113.5,6.0
2025-06-13 20:47:00+00:00,113.5,113.5,113.5,113.5,659.0
2025-06-13 20:48:00+00:00,113.5,113.5,113.5,113.5,76.0
2025-06-13 20:49:00+00:00,113.53125,113.53125,113.53125,113.53125,453.0
2025-06-13 20:50:00+00:00,113.53125,113.53125,113.5,113.5,53.0
2025-06-13 20:51:00+00:00,113.5,113.53125,113.5,113.5,93.0
2025-06-13 20:52:00+00:00,113.46875,113.5,113.46875,113.5,253.0
2025-06-13 20:53:00+00:00,113.46875,113.5,113.46875,113.5,133.0
2025-06-13 20:54:00+00:00,113.5,113.5,113.46875,113.46875,10.0
2025-06-13 20:55:00+00:00,113.5,113.53125,113.5,113.5,587.0
2025-06-13 20:56:00+00:00,113.53125,113.53125,113.5,113.5,80.0
2025-06-13 20:57:00+00:00,113.53125,113.53125,113.5,113.5,122.0
2025-06-13 20:58:00+00:00,113.5,113.53125,113.5,113.5,652.0
2025-06-13 20:59:00+00:00,113.53125,113.53125,113.25,113.53125,229.0
2025-06-15 22:00:00+00:00,113.25,113.625,113.25,113.625,0.0
2025-06-15 22:01:00+00:00,113.3125,113.3125,113.25,113.25,339.0
2025-06-15 22:02:00+00:00,113.34375,113.34375,113.28125,113.3125,68.0
2025-06-15 22:03:00+00:00,113.28125,113.34375,113.25,113.34375,248.0
2025-06-15 22:04:00+00:00,113.25,113.28125,113.21875,113.28125,231.0
2025-06-15 22:05:00+00:00,113.25,113.25,113.1875,113.25,281.0
2025-06-15 22:06:00+00:00,113.1875,113.21875,113.15625,113.21875,524.0
2025-06-15 22:07:00+00:00,113.21875,113.21875,113.1875,113.21875,361.0
2025-06-15 22:08:00+00:00,113.15625,113.1875,113.15625,113.1875,171.0
2025-06-15 22:09:00+00:00,113.125,113.1875,113.125,113.1875,204.0
2025-06-15 22:10:00+00:00,113.125,113.15625,113.09375,113.15625,348.0
2025-06-15 22:11:00+00:00,113.15625,113.15625,113.15625,113.15625,122.0
2025-06-15 22:12:00+00:00,113.1875,113.1875,113.15625,113.15625,56.0
2025-06-15 22:13:00+00:00,113.1875,113.1875,113.1875,113.1875,77.0
2025-06-15 22:14:00+00:00,113.15625,113.1875,113.15625,113.1875,119.0
2025-06-15 22:15:00+00:00,113.1875,113.1875,113.1875,113.1875,139.0
2025-06-15 22:16:00+00:00,113.15625,113.1875,113.15625,113.1875,19.0
2025-06-15 22:18:00+00:00,113.15625,113.15625,113.15625,113.15625,42.0
2025-06-15 22:19:00+00:00,113.09375,113.125,113.09375,113.125,137.0
2025-06-15 22:20:00+00:00,113.09375,113.09375,113.09375,113.09375,583.0
2025-06-15 22:21:00+00:00,113.125,113.125,113.125,113.125,87.0
2025-06-15 22:22:00+00:00,113.15625,113.15625,113.15625,113.15625,245.0
2025-06-15 22:23:00+00:00,113.15625,113.15625,113.15625,113.15625,11.0
2025-06-15 22:24:00+00:00,113.15625,113.15625,113.15625,113.15625,16.0
2025-06-15 22:25:00+00:00,113.15625,113.15625,113.15625,113.15625,15.0
2025-06-15 22:26:00+00:00,113.15625,113.1875,113.15625,113.1875,82.0
2025-06-15 22:27:00+00:00,113.15625,113.15625,113.15625,113.15625,20.0
2025-06-15 22:29:00+00:00,113.15625,113.15625,113.15625,113.15625,50.0
2025-06-15 22:30:00+00:00,113.15625,113.15625,113.125,113.15625,9.0
2025-06-15 22:31:00+00:00,113.15625,113.15625,113.15625,113.15625,1.0
2025-06-15 22:33:00+00:00,113.15625,113.15625,113.15625,113.15625,203.0
2025-06-15 22:35:00+00:00,113.15625,113.1875,113.125,113.125,291.0
2025-06-15 22:36:00+00:00,113.1875,113.1875,113.15625,113.1875,176.0
2025-06-15 22:37:00+00:00,113.1875,113.1875,113.15625,113.1875,23.0
2025-06-15 22:38:00+00:00,113.1875,113.1875,113.15625,113.1875,94.0
2025-06-15 22:39:00+00:00,113.1875,113.1875,113.1875,113.1875,20.0
2025-06-15 22:41:00+00:00,113.21875,113.21875,113.1875,113.1875,205.0
2025-06-15 22:43:00+00:00,113.21875,113.21875,113.21875,113.21875,81.0
2025-06-15 22:44:00+00:00,113.21875,113.21875,113.21875,113.21875,26.0
2025-06-15 22:47:00+00:00,113.1875,113.1875,113.1875,113.1875,11.0
2025-06-15 22:48:00+00:00,113.1875,113.1875,113.1875,113.1875,5.0
2025-06-15 22:52:00+00:00,113.1875,113.21875,113.1875,113.1875,38.0
2025-06-15 22:54:00+00:00,113.21875,113.21875,113.21875,113.21875,33.0
2025-06-15 22:56:00+00:00,113.25,113.25,113.25,113.25,6.0
2025-06-15 22:59:00+00:00,113.25,113.25,113.25,113.25,279.0
2025-06-15 23:00:00+00:00,113.21875,113.28125,113.21875,113.25,42.0
2025-06-15 23:02:00+00:00,113.28125,113.28125,113.25,113.25,8.0
2025-06-15 23:04:00+00:00,113.3125,113.3125,113.28125,113.28125,171.0
2025-06-15 23:05:00+00:00,113.28125,113.28125,113.28125,113.28125,44.0
2025-06-15 23:12:00+00:00,113.25,113.25,113.21875,113.21875,69.0
2025-06-15 23:13:00+00:00,113.25,113.25,113.25,113.25,56.0
2025-06-15 23:29:00+00:00,113.28125,113.28125,113.28125,113.28125,117.0
2025-06-15 23:30:00+00:00,113.28125,113.28125,113.28125,113.28125,32.0
2025-06-15 23:33:00+00:00,113.28125,113.28125,113.28125,113.28125,11.0
2025-06-15 23:36:00+00:00,113.21875,113.25,113.21875,113.25,87.0
2025-06-15 23:37:00+00:00,113.21875,113.25,113.21875,113.25,47.0
2025-06-15 23:38:00+00:00,113.25,113.25,113.25,113.25,59.0
2025-06-15 23:45:00+00:00,113.28125,113.28125,113.25,113.28125,203.0
2025-06-15 23:46:00+00:00,113.25,113.25,113.25,113.25,68.0
2025-06-15 23:47:00+00:00,113.21875,113.25,113.21875,113.25,9.0
2025-06-15 23:55:00+00:00,113.1875,113.21875,113.1875,113.21875,313.0
2025-06-15 23:56:00+00:00,113.21875,113.21875,113.1875,113.1875,227.0
2025-06-15 23:58:00+00:00,113.1875,113.21875,113.1875,113.21875,155.0
2025-06-15 23:59:00+00:00,113.21875,113.21875,113.21875,113.21875,201.0
2025-06-16 00:00:00+00:00,113.28125,113.28125,113.25,113.25,40.0
2025-06-16 00:01:00+00:00,113.28125,113.3125,113.28125,113.28125,98.0
2025-06-16 00:02:00+00:00,113.25,113.28125,113.25,113.28125,37.0
2025-06-16 00:07:00+00:00,113.21875,113.25,113.21875,113.21875,46.0
2025-06-16 00:09:00+00:00,113.21875,113.25,113.21875,113.25,139.0
2025-06-16 00:10:00+00:00,113.25,113.28125,113.25,113.25,124.0
2025-06-16 00:12:00+00:00,113.28125,113.28125,113.28125,113.28125,88.0
2025-06-16 00:13:00+00:00,113.28125,113.28125,113.28125,113.28125,6.0
2025-06-16 00:14:00+00:00,113.28125,113.28125,113.28125,113.28125,69.0
2025-06-16 00:15:00+00:00,113.28125,113.28125,113.25,113.28125,131.0
2025-06-16 00:18:00+00:00,113.25,113.28125,113.25,113.28125,39.0
2025-06-16 00:20:00+00:00,113.21875,113.21875,113.21875,113.21875,73.0
2025-06-16 00:22:00+00:00,113.25,113.25,113.25,113.25,113.0
2025-06-16 00:23:00+00:00,113.25,113.25,113.25,113.25,41.0
2025-06-16 00:25:00+00:00,113.28125,113.28125,113.28125,113.28125,33.0
2025-06-16 00:26:00+00:00,113.3125,113.3125,113.3125,113.3125,125.0
2025-06-16 00:27:00+00:00,113.3125,113.34375,113.3125,113.34375,2.0
2025-06-16 00:28:00+00:00,113.375,113.375,113.34375,113.34375,210.0
2025-06-16 00:29:00+00:00,113.375,113.375,113.375,113.375,201.0
2025-06-16 00:30:00+00:00,113.375,113.375,113.375,113.375,19.0
2025-06-16 00:31:00+00:00,113.34375,113.34375,113.34375,113.34375,71.0
2025-06-16 00:33:00+00:00,113.3125,113.3125,113.3125,113.3125,221.0
2025-06-16 00:34:00+00:00,113.28125,113.28125,113.28125,113.28125,161.0
2025-06-16 00:38:00+00:00,113.3125,113.3125,113.28125,113.28125,54.0
2025-06-16 00:39:00+00:00,113.34375,113.34375,113.3125,113.3125,122.0
2025-06-16 00:41:00+00:00,113.3125,113.34375,113.3125,113.34375,58.0
2025-06-16 00:42:00+00:00,113.3125,113.3125,113.3125,113.3125,37.0
2025-06-16 00:43:00+00:00,113.3125,113.3125,113.28125,113.28125,75.0
2025-06-16 00:45:00+00:00,113.28125,113.28125,113.28125,113.28125,43.0
2025-06-16 00:48:00+00:00,113.28125,113.28125,113.25,113.28125,48.0
2025-06-16 00:50:00+00:00,113.28125,113.3125,113.28125,113.3125,45.0
2025-06-16 00:53:00+00:00,113.28125,113.28125,113.28125,113.28125,12.0
2025-06-16 00:55:00+00:00,113.34375,113.375,113.34375,113.375,89.0
2025-06-16 00:56:00+00:00,113.34375,113.375,113.34375,113.375,81.0
2025-06-16 00:58:00+00:00,113.375,113.375,113.34375,113.34375,8.0
2025-06-16 00:59:00+00:00,113.375,113.375,113.375,113.375,46.0
2025-06-16 01:01:00+00:00,113.46875,113.46875,113.40625,113.40625,94.0
2025-06-16 01:02:00+00:00,113.4375,113.46875,113.40625,113.4375,117.0
2025-06-16 01:03:00+00:00,113.46875,113.46875,113.4375,113.46875,70.0
2025-06-16 01:04:00+00:00,113.46875,113.46875,113.4375,113.46875,134.0
2025-06-16 01:07:00+00:00,113.4375,113.46875,113.4375,113.46875,123.0
2025-06-16 01:13:00+00:00,113.4375,113.4375,113.4375,113.4375,70.0
2025-06-16 01:16:00+00:00,113.5,113.5,113.46875,113.46875,41.0
2025-06-16 01:17:00+00:00,113.46875,113.5,113.46875,113.5,490.0
2025-06-16 01:18:00+00:00,113.5,113.5,113.46875,113.46875,54.0
2025-06-16 01:19:00+00:00,113.5,113.5,113.5,113.5,103.0
2025-06-16 01:20:00+00:00,113.5,113.5,113.5,113.5,211.0
2025-06-16 01:21:00+00:00,113.46875,113.46875,113.46875,113.46875,112.0
2025-06-16 01:22:00+00:00,113.40625,113.46875,113.40625,113.46875,61.0
2025-06-16 01:23:00+00:00,113.375,113.40625,113.375,113.40625,112.0
2025-06-16 01:24:00+00:00,113.375,113.40625,113.375,113.40625,3.0
2025-06-16 01:26:00+00:00,113.40625,113.40625,113.375,113.375,19.0
2025-06-16 01:27:00+00:00,113.40625,113.40625,113.40625,113.40625,62.0
2025-06-16 01:28:00+00:00,113.4375,113.4375,113.4375,113.4375,107.0
2025-06-16 01:31:00+00:00,113.4375,113.4375,113.4375,113.4375,33.0
2025-06-16 01:35:00+00:00,113.4375,113.4375,113.4375,113.4375,110.0
2025-06-16 01:36:00+00:00,113.40625,113.40625,113.40625,113.40625,27.0
2025-06-16 01:37:00+00:00,113.40625,113.40625,113.375,113.40625,194.0
2025-06-16 01:38:00+00:00,113.40625,113.40625,113.40625,113.40625,36.0
2025-06-16 01:40:00+00:00,113.375,113.375,113.375,113.375,161.0
2025-06-16 01:42:00+00:00,113.34375,113.34375,113.34375,113.34375,5.0
2025-06-16 01:43:00+00:00,113.34375,113.34375,113.34375,113.34375,25.0
2025-06-16 01:44:00+00:00,113.34375,113.34375,113.34375,113.34375,56.0
2025-06-16 01:47:00+00:00,113.34375,113.34375,113.34375,113.34375,29.0
2025-06-16 01:50:00+00:00,113.375,113.375,113.34375,113.34375,43.0
2025-06-16 01:51:00+00:00,113.375,113.375,113.34375,113.34375,149.0
2025-06-16 01:52:00+00:00,113.375,113.40625,113.375,113.375,188.0
2025-06-16 01:53:00+00:00,113.375,113.375,113.375,113.375,37.0
2025-06-16 01:54:00+00:00,113.375,113.375,113.375,113.375,116.0
2025-06-16 01:58:00+00:00,113.375,113.375,113.34375,113.375,39.0
2025-06-16 02:02:00+00:00,113.34375,113.34375,113.34375,113.34375,37.0
2025-06-16 02:07:00+00:00,113.375,113.375,113.34375,113.34375,5.0
2025-06-16 02:10:00+00:00,113.34375,113.34375,113.34375,113.34375,46.0
2025-06-16 02:11:00+00:00,113.34375,113.375,113.34375,113.34375,36.0
2025-06-16 02:12:00+00:00,113.34375,113.34375,113.34375,113.34375,51.0
2025-06-16 02:13:00+00:00,113.3125,113.34375,113.3125,113.34375,118.0
2025-06-16 02:14:00+00:00,113.3125,113.3125,113.3125,113.3125,66.0
2025-06-16 02:15:00+00:00,113.34375,113.34375,113.3125,113.3125,144.0
2025-06-16 02:18:00+00:00,113.34375,113.34375,113.34375,113.34375,58.0
2025-06-16 02:20:00+00:00,113.3125,113.3125,113.3125,113.3125,4.0
2025-06-16 02:21:00+00:00,113.34375,113.34375,113.34375,113.34375,105.0
2025-06-16 02:22:00+00:00,113.3125,113.34375,113.3125,113.34375,62.0
2025-06-16 02:27:00+00:00,113.28125,113.28125,113.28125,113.28125,36.0
2025-06-16 02:28:00+00:00,113.25,113.25,113.25,113.25,13.0
2025-06-16 02:29:00+00:00,113.25,113.25,113.25,113.25,33.0
2025-06-16 02:30:00+00:00,113.25,113.28125,113.25,113.25,67.0
2025-06-16 02:33:00+00:00,113.25,113.28125,113.25,113.28125,97.0
2025-06-16 02:34:00+00:00,113.21875,113.21875,113.21875,113.21875,41.0
2025-06-16 02:35:00+00:00,113.28125,113.28125,113.25,113.25,43.0
2025-06-16 02:36:00+00:00,113.25,113.28125,113.25,113.28125,20.0
2025-06-16 02:39:00+00:00,113.28125,113.28125,113.28125,113.28125,28.0
2025-06-16 02:41:00+00:00,113.28125,113.3125,113.28125,113.28125,57.0
2025-06-16 02:42:00+00:00,113.25,113.28125,113.25,113.28125,43.0
2025-06-16 02:45:00+00:00,113.28125,113.28125,113.28125,113.28125,70.0
2025-06-16 02:49:00+00:00,113.28125,113.28125,113.28125,113.28125,20.0
2025-06-16 02:53:00+00:00,113.28125,113.28125,113.28125,113.28125,19.0
2025-06-16 02:55:00+00:00,113.28125,113.28125,113.28125,113.28125,31.0
2025-06-16 02:56:00+00:00,113.28125,113.3125,113.28125,113.28125,34.0
2025-06-16 02:59:00+00:00,113.28125,113.28125,113.28125,113.28125,76.0
2025-06-16 03:00:00+00:00,113.25,113.28125,113.25,113.28125,10.0
2025-06-16 03:09:00+00:00,113.28125,113.28125,113.28125,113.28125,4.0
2025-06-16 03:11:00+00:00,113.28125,113.28125,113.28125,113.28125,9.0
2025-06-16 03:27:00+00:00,113.25,113.25,113.25,113.25,9.0
2025-06-16 03:28:00+00:00,113.21875,113.25,113.21875,113.25,69.0
2025-06-16 03:30:00+00:00,113.21875,113.21875,113.21875,113.21875,32.0
2025-06-16 03:33:00+00:00,113.1875,113.21875,113.1875,113.21875,5.0
2025-06-16 03:35:00+00:00,113.15625,113.1875,113.15625,113.1875,201.0
2025-06-16 03:36:00+00:00,113.1875,113.1875,113.15625,113.15625,223.0
2025-06-16 03:37:00+00:00,113.1875,113.1875,113.1875,113.1875,74.0
2025-06-16 03:38:00+00:00,113.15625,113.15625,113.15625,113.15625,62.0
2025-06-16 03:40:00+00:00,113.125,113.125,113.125,113.125,133.0
2025-06-16 03:41:00+00:00,113.15625,113.15625,113.15625,113.15625,119.0
2025-06-16 03:42:00+00:00,113.15625,113.15625,113.15625,113.15625,45.0
2025-06-16 03:43:00+00:00,113.15625,113.15625,113.15625,113.15625,29.0
2025-06-16 03:44:00+00:00,113.15625,113.15625,113.15625,113.15625,27.0
2025-06-16 03:48:00+00:00,113.1875,113.1875,113.15625,113.15625,173.0
2025-06-16 03:49:00+00:00,113.21875,113.21875,113.1875,113.1875,55.0
2025-06-16 03:50:00+00:00,113.15625,113.21875,113.15625,113.21875,161.0
2025-06-16 03:51:00+00:00,113.125,113.15625,113.125,113.15625,64.0
2025-06-16 03:52:00+00:00,113.09375,113.125,113.09375,113.125,139.0
2025-06-16 03:53:00+00:00,113.15625,113.15625,113.125,113.125,302.0
2025-06-16 03:54:00+00:00,113.1875,113.1875,113.15625,113.15625,260.0
2025-06-16 03:56:00+00:00,113.1875,113.1875,113.1875,113.1875,24.0
2025-06-16 04:02:00+00:00,113.15625,113.1875,113.15625,113.15625,85.0
2025-06-16 04:03:00+00:00,113.15625,113.15625,113.125,113.125,147.0
2025-06-16 04:04:00+00:00,113.15625,113.15625,113.15625,113.15625,13.0
2025-06-16 04:05:00+00:00,113.15625,113.15625,113.15625,113.15625,4.0
2025-06-16 04:06:00+00:00,113.125,113.125,113.125,113.125,153.0
2025-06-16 04:07:00+00:00,113.15625,113.15625,113.15625,113.15625,28.0
2025-06-16 04:08:00+00:00,113.15625,113.15625,113.15625,113.15625,19.0
2025-06-16 04:11:00+00:00,113.1875,113.1875,113.15625,113.15625,24.0
2025-06-16 04:13:00+00:00,113.1875,113.1875,113.1875,113.1875,14.0
2025-06-16 04:15:00+00:00,113.1875,113.1875,113.1875,113.1875,34.0
2025-06-16 04:23:00+00:00,113.1875,113.1875,113.1875,113.1875,52.0
2025-06-16 04:24:00+00:00,113.15625,113.1875,113.15625,113.1875,397.0
2025-06-16 04:26:00+00:00,113.15625,113.15625,113.15625,113.15625,30.0
2025-06-16 04:27:00+00:00,113.1875,113.1875,113.1875,113.1875,64.0
2025-06-16 04:28:00+00:00,113.1875,113.1875,113.1875,113.1875,22.0
2025-06-16 04:30:00+00:00,113.1875,113.1875,113.1875,113.1875,9.0
2025-06-16 04:31:00+00:00,113.1875,113.1875,113.1875,113.1875,47.0
2025-06-16 04:36:00+00:00,113.21875,113.21875,113.21875,113.21875,54.0
2025-06-16 04:40:00+00:00,113.25,113.25,113.25,113.25,103.0
2025-06-16 04:41:00+00:00,113.25,113.25,113.25,113.25,28.0
2025-06-16 04:47:00+00:00,113.21875,113.21875,113.1875,113.1875,66.0
2025-06-16 04:48:00+00:00,113.1875,113.21875,113.1875,113.21875,53.0
2025-06-16 04:49:00+00:00,113.1875,113.1875,113.1875,113.1875,17.0
2025-06-16 04:51:00+00:00,113.1875,113.1875,113.1875,113.1875,10.0
2025-06-16 04:53:00+00:00,113.1875,113.1875,113.1875,113.1875,62.0
2025-06-16 04:54:00+00:00,113.1875,113.1875,113.1875,113.1875,6.0
2025-06-16 04:55:00+00:00,113.1875,113.1875,113.1875,113.1875,19.0
2025-06-16 04:57:00+00:00,113.1875,113.1875,113.1875,113.1875,29.0
2025-06-16 04:58:00+00:00,113.1875,113.1875,113.1875,113.1875,41.0
2025-06-16 05:01:00+00:00,113.15625,113.15625,113.15625,113.15625,3.0
2025-06-16 05:05:00+00:00,113.1875,113.1875,113.1875,113.1875,45.0
2025-06-16 05:06:00+00:00,113.1875,113.1875,113.1875,113.1875,12.0
2025-06-16 05:08:00+00:00,113.15625,113.1875,113.15625,113.1875,3.0
2025-06-16 05:09:00+00:00,113.15625,113.1875,113.15625,113.15625,94.0
2025-06-16 05:10:00+00:00,113.15625,113.15625,113.15625,113.15625,21.0
2025-06-16 05:11:00+00:00,113.125,113.125,113.125,113.125,29.0
2025-06-16 05:12:00+00:00,113.125,113.15625,113.125,113.15625,4.0
2025-06-16 05:13:00+00:00,113.15625,113.15625,113.15625,113.15625,12.0
2025-06-16 05:14:00+00:00,113.15625,113.15625,113.15625,113.15625,37.0
2025-06-16 05:15:00+00:00,113.125,113.15625,113.125,113.15625,5.0
2025-06-16 05:17:00+00:00,113.15625,113.15625,113.09375,113.125,36.0
2025-06-16 05:19:00+00:00,113.15625,113.15625,113.15625,113.15625,63.0
2025-06-16 05:26:00+00:00,113.1875,113.1875,113.1875,113.1875,121.0
2025-06-16 05:31:00+00:00,113.1875,113.1875,113.1875,113.1875,37.0
2025-06-16 05:33:00+00:00,113.1875,113.1875,113.1875,113.1875,30.0
2025-06-16 05:34:00+00:00,113.1875,113.1875,113.1875,113.1875,67.0
2025-06-16 05:49:00+00:00,113.1875,113.1875,113.1875,113.1875,97.0
2025-06-16 05:51:00+00:00,113.1875,113.1875,113.1875,113.1875,57.0
2025-06-16 05:53:00+00:00,113.1875,113.1875,113.1875,113.1875,70.0
2025-06-16 05:54:00+00:00,113.09375,113.15625,113.09375,113.15625,341.0
2025-06-16 05:55:00+00:00,113.09375,113.09375,113.09375,113.09375,70.0
2025-06-16 05:56:00+00:00,113.125,113.125,113.09375,113.09375,36.0
2025-06-16 05:57:00+00:00,113.09375,113.125,113.09375,113.125,48.0
2025-06-16 05:58:00+00:00,113.125,113.125,113.09375,113.09375,15.0
2025-06-16 05:59:00+00:00,113.125,113.15625,113.125,113.125,154.0
2025-06-16 06:00:00+00:00,113.03125,113.125,113.0,113.125,392.0
2025-06-16 06:01:00+00:00,113.0625,113.0625,113.03125,113.03125,74.0
2025-06-16 06:02:00+00:00,113.03125,113.03125,113.03125,113.03125,243.0
2025-06-16 06:03:00+00:00,113.03125,113.03125,113.0,113.03125,414.0
2025-06-16 06:04:00+00:00,113.03125,113.03125,113.0,113.03125,58.0
2025-06-16 06:05:00+00:00,113.0625,113.0625,113.03125,113.0625,45.0
2025-06-16 06:06:00+00:00,113.0625,113.0625,113.0625,113.0625,6.0
2025-06-16 06:07:00+00:00,113.0625,113.0625,113.0625,113.0625,69.0
2025-06-16 06:08:00+00:00,113.09375,113.09375,113.09375,113.09375,3.0
2025-06-16 06:09:00+00:00,113.125,113.125,113.09375,113.09375,81.0
2025-06-16 06:10:00+00:00,113.09375,113.09375,113.09375,113.09375,14.0
2025-06-16 06:11:00+00:00,113.125,113.125,113.125,113.125,108.0
2025-06-16 06:13:00+00:00,113.15625,113.15625,113.15625,113.15625,100.0
2025-06-16 06:14:00+00:00,113.15625,113.15625,113.15625,113.15625,6.0
2025-06-16 06:15:00+00:00,113.15625,113.15625,113.15625,113.15625,22.0
2025-06-16 06:16:00+00:00,113.15625,113.15625,113.125,113.125,7.0
2025-06-16 06:17:00+00:00,113.125,113.15625,113.125,113.15625,129.0
2025-06-16 06:21:00+00:00,113.09375,113.09375,113.09375,113.09375,47.0
2025-06-16 06:23:00+00:00,113.15625,113.15625,113.125,113.125,129.0
2025-06-16 06:25:00+00:00,113.125,113.125,113.125,113.125,60.0
2025-06-16 06:28:00+00:00,113.09375,113.09375,113.09375,113.09375,59.0
2025-06-16 06:30:00+00:00,113.0625,113.0625,113.0625,113.0625,31.0
2025-06-16 06:31:00+00:00,113.03125,113.03125,113.03125,113.03125,14.0
2025-06-16 06:32:00+00:00,113.0,113.03125,113.0,113.03125,162.0
2025-06-16 06:33:00+00:00,113.0,113.0,113.0,113.0,211.0
2025-06-16 06:34:00+00:00,113.0625,113.0625,113.03125,113.03125,36.0
2025-06-16 06:35:00+00:00,113.03125,113.0625,113.03125,113.0625,73.0
2025-06-16 06:36:00+00:00,113.0625,113.0625,113.03125,113.03125,157.0
2025-06-16 06:37:00+00:00,113.0625,113.0625,113.0625,113.0625,129.0
2025-06-16 06:38:00+00:00,113.03125,113.0625,113.03125,113.0625,162.0
2025-06-16 06:39:00+00:00,113.0625,113.09375,113.03125,113.03125,171.0
2025-06-16 06:40:00+00:00,113.0625,113.0625,113.0625,113.0625,34.0
2025-06-16 06:42:00+00:00,113.09375,113.09375,113.09375,113.09375,121.0
2025-06-16 06:43:00+00:00,113.0625,113.09375,113.0625,113.09375,73.0
2025-06-16 06:45:00+00:00,113.09375,113.09375,113.09375,113.09375,24.0
2025-06-16 06:46:00+00:00,113.09375,113.09375,113.09375,113.09375,63.0
2025-06-16 06:47:00+00:00,113.09375,113.09375,113.09375,113.09375,6.0
2025-06-16 06:49:00+00:00,113.09375,113.09375,113.09375,113.09375,64.0
2025-06-16 06:50:00+00:00,113.0625,113.0625,113.0625,113.0625,52.0
2025-06-16 06:52:00+00:00,113.0625,113.0625,113.0625,113.0625,30.0
2025-06-16 06:53:00+00:00,113.0625,113.0625,113.0625,113.0625,80.0
2025-06-16 06:55:00+00:00,113.0625,113.0625,113.0625,113.0625,61.0
2025-06-16 06:56:00+00:00,113.0,113.03125,113.0,113.03125,172.0
2025-06-16 06:57:00+00:00,112.9375,113.0,112.9375,113.0,922.0
2025-06-16 06:58:00+00:00,112.9375,113.0,112.9375,112.96875,231.0
2025-06-16 07:00:00+00:00,112.90625,112.90625,112.90625,112.90625,124.0
2025-06-16 07:01:00+00:00,112.90625,112.9375,112.90625,112.90625,111.0
2025-06-16 07:02:00+00:00,112.9375,112.9375,112.90625,112.90625,192.0
2025-06-16 07:03:00+00:00,112.96875,112.96875,112.90625,112.90625,123.0
2025-06-16 07:04:00+00:00,112.9375,112.9375,112.9375,112.9375,134.0
2025-06-16 07:05:00+00:00,112.96875,112.96875,112.9375,112.9375,105.0
2025-06-16 07:06:00+00:00,112.9375,112.9375,112.9375,112.9375,64.0
2025-06-16 07:07:00+00:00,112.96875,112.96875,112.96875,112.96875,13.0
2025-06-16 07:09:00+00:00,112.96875,112.96875,112.96875,112.96875,10.0
2025-06-16 07:10:00+00:00,112.9375,112.96875,112.9375,112.96875,89.0
2025-06-16 07:11:00+00:00,112.875,112.9375,112.875,112.9375,271.0
2025-06-16 07:12:00+00:00,112.90625,112.90625,112.875,112.875,240.0
2025-06-16 07:13:00+00:00,112.875,112.875,112.875,112.875,188.0
2025-06-16 07:14:00+00:00,112.875,112.90625,112.875,112.90625,218.0
2025-06-16 07:15:00+00:00,112.90625,112.90625,112.875,112.875,13.0
2025-06-16 07:16:00+00:00,112.875,112.875,112.875,112.875,171.0
2025-06-16 07:17:00+00:00,112.84375,112.875,112.84375,112.875,290.0
2025-06-16 07:18:00+00:00,112.84375,112.875,112.84375,112.875,27.0
2025-06-16 07:19:00+00:00,112.84375,112.84375,112.84375,112.84375,503.0
2025-06-16 07:20:00+00:00,112.84375,112.875,112.84375,112.875,151.0
2025-06-16 07:21:00+00:00,112.84375,112.84375,112.84375,112.84375,95.0
2025-06-16 07:22:00+00:00,112.78125,112.8125,112.78125,112.8125,344.0
2025-06-16 07:23:00+00:00,112.75,112.78125,112.75,112.78125,378.0
2025-06-16 07:24:00+00:00,112.78125,112.78125,112.78125,112.78125,255.0
2025-06-16 07:25:00+00:00,112.78125,112.8125,112.78125,112.8125,255.0
2025-06-16 07:26:00+00:00,112.78125,112.8125,112.78125,112.8125,271.0
2025-06-16 07:27:00+00:00,112.75,112.78125,112.75,112.78125,437.0
2025-06-16 07:28:00+00:00,112.75,112.78125,112.71875,112.71875,323.0
2025-06-16 07:29:00+00:00,112.75,112.75,112.71875,112.75,231.0
2025-06-16 07:30:00+00:00,112.71875,112.75,112.71875,112.71875,81.0
2025-06-16 07:31:00+00:00,112.75,112.75,112.71875,112.75,643.0
2025-06-16 07:32:00+00:00,112.75,112.75,112.71875,112.75,16.0
2025-06-16 07:33:00+00:00,112.75,112.75,112.71875,112.71875,355.0
2025-06-16 07:34:00+00:00,112.6875,112.71875,112.6875,112.71875,30.0
2025-06-16 07:35:00+00:00,112.71875,112.75,112.71875,112.71875,61.0
2025-06-16 07:36:00+00:00,112.75,112.75,112.71875,112.71875,52.0
2025-06-16 07:37:00+00:00,112.75,112.75,112.71875,112.71875,441.0
2025-06-16 07:38:00+00:00,112.78125,112.78125,112.75,112.75,53.0
2025-06-16 07:39:00+00:00,112.8125,112.8125,112.78125,112.78125,68.0
2025-06-16 07:40:00+00:00,112.78125,112.8125,112.78125,112.78125,223.0
2025-06-16 07:41:00+00:00,112.78125,112.78125,112.78125,112.78125,390.0
2025-06-16 07:42:00+00:00,112.78125,112.8125,112.78125,112.78125,455.0
2025-06-16 07:43:00+00:00,112.78125,112.8125,112.78125,112.78125,253.0
2025-06-16 07:44:00+00:00,112.8125,112.8125,112.8125,112.8125,37.0
2025-06-16 07:45:00+00:00,112.84375,112.84375,112.8125,112.8125,62.0
2025-06-16 07:46:00+00:00,112.8125,112.84375,112.8125,112.84375,109.0
2025-06-16 07:48:00+00:00,112.8125,112.8125,112.8125,112.8125,21.0
2025-06-16 07:49:00+00:00,112.78125,112.8125,112.78125,112.8125,3.0
2025-06-16 07:50:00+00:00,112.8125,112.8125,112.78125,112.78125,190.0
2025-06-16 07:51:00+00:00,112.78125,112.8125,112.78125,112.8125,9.0
2025-06-16 07:52:00+00:00,112.78125,112.78125,112.78125,112.78125,153.0
2025-06-16 07:53:00+00:00,112.78125,112.78125,112.78125,112.78125,68.0
2025-06-16 07:54:00+00:00,112.84375,112.84375,112.8125,112.8125,200.0
2025-06-16 07:55:00+00:00,112.84375,112.84375,112.84375,112.84375,113.0
2025-06-16 07:56:00+00:00,112.84375,112.84375,112.84375,112.84375,245.0
2025-06-16 07:57:00+00:00,112.875,112.875,112.84375,112.875,4.0
2025-06-16 07:59:00+00:00,112.875,112.875,112.84375,112.84375,329.0
2025-06-16 08:00:00+00:00,112.84375,112.875,112.84375,112.875,207.0
2025-06-16 08:01:00+00:00,112.84375,112.84375,112.84375,112.84375,187.0
2025-06-16 08:03:00+00:00,112.84375,112.875,112.84375,112.84375,218.0
2025-06-16 08:04:00+00:00,112.875,112.875,112.84375,112.84375,825.0
2025-06-16 08:05:00+00:00,112.875,112.875,112.875,112.875,143.0
2025-06-16 08:06:00+00:00,112.875,112.875,112.875,112.875,48.0
2025-06-16 08:08:00+00:00,112.84375,112.84375,112.84375,112.84375,156.0
2025-06-16 08:10:00+00:00,112.84375,112.84375,112.8125,112.8125,61.0
2025-06-16 08:21:00+00:00,112.90625,112.9375,112.90599822998047,112.90599822998047,2265.0
2025-06-16 08:22:00+00:00,112.9375,112.9375,112.9375,112.9375,127.0
2025-06-16 08:23:00+00:00,112.96875,112.96875,112.9375,112.9375,684.0
2025-06-16 08:24:00+00:00,112.9375,112.96875,112.9375,112.9375,290.0
2025-06-16 08:26:00+00:00,112.90625,112.90625,112.875,112.875,82.0
2025-06-16 08:27:00+00:00,112.90625,112.90625,112.90625,112.90625,36.0
2025-06-16 08:28:00+00:00,112.9375,112.9375,112.90625,112.90625,63.0
2025-06-16 08:31:00+00:00,112.9375,112.9375,112.90625,112.9375,40.0
2025-06-16 08:32:00+00:00,112.9375,112.9375,112.90625,112.9375,4.0
2025-06-16 08:33:00+00:00,112.90625,112.90625,112.90625,112.90625,42.0
2025-06-16 08:34:00+00:00,112.9375,112.9375,112.9375,112.9375,21.0
2025-06-16 08:36:00+00:00,112.9375,112.96875,112.9375,112.96875,22.0
2025-06-16 08:37:00+00:00,112.96875,112.96875,112.9375,112.9375,140.0
2025-06-16 08:38:00+00:00,112.96875,112.96875,112.96875,112.96875,2.0
2025-06-16 08:39:00+00:00,112.9375,112.9375,112.9375,112.9375,65.0
2025-06-16 08:40:00+00:00,112.96875,112.96875,112.9375,112.9375,211.0
2025-06-16 08:43:00+00:00,113.0,113.0,113.0,113.0,33.0
2025-06-16 08:45:00+00:00,112.96875,113.0,112.96875,113.0,150.0
2025-06-16 08:46:00+00:00,112.96875,112.96875,112.96875,112.96875,7.0
2025-06-16 08:47:00+00:00,113.0,113.0,113.0,113.0,79.0
2025-06-16 08:48:00+00:00,113.0,113.0,113.0,113.0,61.0
2025-06-16 08:49:00+00:00,113.0,113.0,113.0,113.0,23.0
2025-06-16 08:50:00+00:00,113.0625,113.0625,113.0,113.0,214.0
2025-06-16 08:51:00+00:00,113.0625,113.0625,113.0625,113.0625,20.0
2025-06-16 08:53:00+00:00,113.03125,113.0625,113.03125,113.0625,110.0
2025-06-16 08:54:00+00:00,113.03125,113.0625,113.03125,113.03125,344.0
2025-06-16 08:55:00+00:00,113.03125,113.03125,113.03125,113.03125,163.0
2025-06-16 08:56:00+00:00,112.96875,113.0,112.96875,113.0,302.0
2025-06-16 08:57:00+00:00,113.0,113.0,113.0,113.0,288.0
2025-06-16 08:58:00+00:00,113.03125,113.03125,113.0,113.0,88.0
2025-06-16 08:59:00+00:00,113.0,113.03125,113.0,113.03125,4.0
2025-06-16 09:00:00+00:00,113.0,113.0,113.0,113.0,155.0
2025-06-16 09:01:00+00:00,113.0,113.0,112.96875,112.96875,72.0
2025-06-16 09:02:00+00:00,113.03125,113.03125,113.0,113.0,222.0
2025-06-16 09:03:00+00:00,113.03125,113.03125,113.0,113.03125,145.0
2025-06-16 09:04:00+00:00,113.0625,113.0625,113.03125,113.0625,181.0
2025-06-16 09:05:00+00:00,113.0625,113.0625,113.0625,113.0625,43.0
2025-06-16 09:07:00+00:00,113.0625,113.0625,113.0625,113.0625,65.0
2025-06-16 09:08:00+00:00,113.0625,113.0625,113.03125,113.03125,239.0
2025-06-16 09:09:00+00:00,113.0625,113.0625,113.0625,113.0625,56.0
2025-06-16 09:10:00+00:00,113.0625,113.0625,113.0625,113.0625,142.0
2025-06-16 09:11:00+00:00,113.0625,113.0625,113.0625,113.0625,8.0
2025-06-16 09:12:00+00:00,113.03125,113.03125,113.03125,113.03125,59.0
2025-06-16 09:15:00+00:00,113.03125,113.0625,113.03125,113.0625,96.0
2025-06-16 09:17:00+00:00,113.0625,113.0625,113.0625,113.0625,74.0
2025-06-16 09:18:00+00:00,113.09375,113.09375,113.03125,113.03125,222.0
2025-06-16 09:19:00+00:00,113.0625,113.09375,113.0625,113.0625,191.0
2025-06-16 09:20:00+00:00,113.0625,113.0625,113.0625,113.0625,233.0
2025-06-16 09:22:00+00:00,113.0625,113.09375,113.0625,113.09375,4.0
2025-06-16 09:23:00+00:00,113.0625,113.09375,113.0625,113.09375,15.0
2025-06-16 09:24:00+00:00,113.0625,113.09375,113.0625,113.0625,53.0
2025-06-16 09:25:00+00:00,113.0625,113.0625,113.0625,113.0625,18.0
2025-06-16 09:26:00+00:00,113.03125,113.0625,113.03125,113.0625,142.0
2025-06-16 09:27:00+00:00,113.0625,113.0625,113.03125,113.03125,73.0
2025-06-16 09:28:00+00:00,113.0625,113.0625,113.03125,113.0625,83.0
2025-06-16 09:30:00+00:00,113.0625,113.0625,113.0625,113.0625,55.0
2025-06-16 09:31:00+00:00,113.0625,113.0625,113.0625,113.0625,87.0
2025-06-16 09:32:00+00:00,113.03125,113.0625,113.03125,113.0625,30.0
2025-06-16 09:34:00+00:00,113.0,113.0,113.0,113.0,111.0
2025-06-16 09:35:00+00:00,113.0,113.0,113.0,113.0,1.0
2025-06-16 09:36:00+00:00,113.0,113.03125,113.0,113.03125,55.0
2025-06-16 09:38:00+00:00,112.96875,113.0,112.96875,113.0,23.0
2025-06-16 09:39:00+00:00,112.96875,112.96875,112.96875,112.96875,3.0
2025-06-16 09:40:00+00:00,113.0,113.0,113.0,113.0,114.0
2025-06-16 09:41:00+00:00,113.0,113.0,113.0,113.0,59.0
2025-06-16 09:42:00+00:00,113.0,113.03125,113.0,113.03125,195.0
2025-06-16 09:43:00+00:00,113.0,113.0,113.0,113.0,116.0
2025-06-16 09:45:00+00:00,113.0,113.0,112.96875,113.0,83.0
2025-06-16 09:46:00+00:00,113.03125,113.03125,113.0,113.0,2.0
2025-06-16 09:47:00+00:00,113.0,113.0,113.0,113.0,67.0
2025-06-16 09:49:00+00:00,113.0625,113.0625,113.03125,113.03125,68.0
2025-06-16 09:50:00+00:00,113.0625,113.0625,113.0625,113.0625,9.0
2025-06-16 09:51:00+00:00,113.09375,113.09375,113.0625,113.0625,84.0
2025-06-16 09:52:00+00:00,113.0625,113.0625,113.0625,113.0625,365.0
2025-06-16 09:53:00+00:00,113.0625,113.0625,113.0625,113.0625,78.0
2025-06-16 09:56:00+00:00,113.125,113.125,113.09375,113.09375,97.0
2025-06-16 09:57:00+00:00,113.09375,113.125,113.09375,113.125,86.0
2025-06-16 09:58:00+00:00,113.125,113.125,113.125,113.125,42.0
2025-06-16 09:59:00+00:00,113.125,113.125,113.125,113.125,145.0
2025-06-16 10:00:00+00:00,113.125,113.15625,113.125,113.125,79.0
2025-06-16 10:02:00+00:00,113.125,113.125,113.09375,113.09375,289.0
2025-06-16 10:04:00+00:00,113.125,113.125,113.125,113.125,71.0
2025-06-16 10:05:00+00:00,113.0625,113.125,113.0625,113.125,804.0
2025-06-16 10:06:00+00:00,113.0625,113.0625,113.0625,113.0625,171.0
2025-06-16 10:07:00+00:00,113.09375,113.09375,113.09375,113.09375,1.0
2025-06-16 10:08:00+00:00,113.09375,113.09375,113.09375,113.09375,27.0
2025-06-16 10:18:00+00:00,113.09375,113.09400177001953,113.09375,113.09400177001953,812.0
2025-06-16 10:19:00+00:00,113.0625,113.0625,113.0625,113.0625,372.0
2025-06-16 10:20:00+00:00,113.0625,113.0625,113.03125,113.0625,95.0
2025-06-16 10:23:00+00:00,113.0625,113.09375,113.0625,113.09375,36.0
2025-06-16 10:24:00+00:00,113.0625,113.0625,113.0625,113.0625,121.0
2025-06-16 10:25:00+00:00,113.0625,113.0625,113.0625,113.0625,41.0
2025-06-16 10:26:00+00:00,113.09375,113.09375,113.0625,113.0625,140.0
2025-06-16 10:29:00+00:00,113.125,113.125,113.125,113.125,119.0
2025-06-16 10:30:00+00:00,113.125,113.15625,113.125,113.125,97.0
2025-06-16 10:31:00+00:00,113.125,113.125,113.125,113.125,93.0
2025-06-16 10:32:00+00:00,113.125,113.125,113.125,113.125,91.0
2025-06-16 10:33:00+00:00,113.125,113.125,113.125,113.125,66.0
2025-06-16 10:34:00+00:00,113.125,113.125,113.125,113.125,5.0
2025-06-16 10:35:00+00:00,113.15625,113.15625,113.125,113.125,53.0
2025-06-16 10:36:00+00:00,113.125,113.125,113.125,113.125,25.0
2025-06-16 10:37:00+00:00,113.125,113.125,113.125,113.125,10.0
2025-06-16 10:38:00+00:00,113.125,113.125,113.09375,113.125,105.0
2025-06-16 10:39:00+00:00,113.125,113.125,113.125,113.125,49.0
2025-06-16 10:40:00+00:00,113.09375,113.09375,113.09375,113.09375,214.0
2025-06-16 10:41:00+00:00,113.09375,113.09375,113.09375,113.09375,203.0
2025-06-16 10:42:00+00:00,113.09375,113.09375,113.09375,113.09375,35.0
2025-06-16 10:43:00+00:00,113.09375,113.09375,113.09375,113.09375,9.0
2025-06-16 10:45:00+00:00,113.125,113.125,113.09375,113.125,82.0
2025-06-16 10:46:00+00:00,113.09375,113.09375,113.09375,113.09375,251.0
2025-06-16 10:47:00+00:00,113.09375,113.09375,113.09375,113.09375,39.0
2025-06-16 10:48:00+00:00,113.09375,113.09375,113.0625,113.09375,105.0
2025-06-16 10:49:00+00:00,113.09375,113.09375,113.09375,113.09375,25.0
2025-06-16 10:50:00+00:00,113.125,113.125,113.125,113.125,18.0
2025-06-16 10:51:00+00:00,113.125,113.15625,113.125,113.15625,63.0
2025-06-16 10:52:00+00:00,113.15625,113.15625,113.15625,113.15625,60.0
2025-06-16 10:54:00+00:00,113.15625,113.15625,113.125,113.15625,293.0
2025-06-16 10:55:00+00:00,113.15625,113.15625,113.125,113.15625,346.0
2025-06-16 10:56:00+00:00,113.1875,113.1875,113.15625,113.15625,134.0
2025-06-16 10:57:00+00:00,113.1875,113.21875,113.1875,113.21875,101.0
2025-06-16 10:58:00+00:00,113.21875,113.21875,113.1875,113.1875,326.0
2025-06-16 11:00:00+00:00,113.28125,113.28125,113.21875,113.21875,133.0
2025-06-16 11:01:00+00:00,113.28125,113.28125,113.25,113.25,109.0
2025-06-16 11:02:00+00:00,113.21875,113.28125,113.21875,113.25,299.0
2025-06-16 11:03:00+00:00,113.21875,113.25,113.21875,113.21875,28.0
2025-06-16 11:04:00+00:00,113.25,113.25,113.21875,113.21875,257.0
2025-06-16 11:06:00+00:00,113.25,113.25,113.21875,113.21875,139.0
2025-06-16 11:07:00+00:00,113.1875,113.21875,113.1875,113.21875,127.0
2025-06-16 11:08:00+00:00,113.1875,113.21875,113.1875,113.21875,69.0
2025-06-16 11:09:00+00:00,113.1875,113.1875,113.1875,113.1875,252.0
2025-06-16 11:10:00+00:00,113.15625,113.1875,113.15625,113.1875,166.0
2025-06-16 11:11:00+00:00,113.09375,113.125,113.0625,113.125,988.0
2025-06-16 11:12:00+00:00,113.09375,113.09375,113.0625,113.09375,85.0
2025-06-16 11:13:00+00:00,113.09375,113.09375,113.0625,113.0625,209.0
2025-06-16 11:14:00+00:00,113.0625,113.09375,113.0625,113.0625,3.0
2025-06-16 11:15:00+00:00,113.09375,113.09375,113.0625,113.0625,2.0
2025-06-16 11:16:00+00:00,113.0625,113.0625,113.0625,113.0625,92.0
2025-06-16 11:17:00+00:00,113.0625,113.0625,113.03125,113.03125,279.0
2025-06-16 11:18:00+00:00,113.03125,113.03125,113.0,113.03125,184.0
2025-06-16 11:19:00+00:00,113.0625,113.0625,113.0625,113.0625,86.0
2025-06-16 11:20:00+00:00,113.0625,113.0625,113.0625,113.0625,77.0
2025-06-16 11:21:00+00:00,113.0625,113.0625,113.0625,113.0625,2.0
2025-06-16 11:22:00+00:00,113.0625,113.0625,113.0625,113.0625,419.0
2025-06-16 11:26:00+00:00,113.0625,113.0625,113.03125,113.03125,31.0
2025-06-16 11:27:00+00:00,113.03125,113.03125,113.03125,113.03125,103.0
2025-06-16 11:28:00+00:00,113.03125,113.03125,113.03125,113.03125,181.0
2025-06-16 11:29:00+00:00,113.03125,113.03125,113.03125,113.03125,317.0
2025-06-16 11:30:00+00:00,113.03125,113.03125,113.03125,113.03125,591.0
2025-06-16 11:31:00+00:00,113.0,113.0,112.96875,113.0,211.0
2025-06-16 11:32:00+00:00,113.0,113.0,112.96875,113.0,72.0
2025-06-16 11:33:00+00:00,113.0,113.03125,113.0,113.03125,97.0
2025-06-16 11:34:00+00:00,113.0,113.0,113.0,113.0,72.0
2025-06-16 11:35:00+00:00,113.0,113.0,113.0,113.0,158.0
2025-06-16 11:36:00+00:00,113.0,113.0,113.0,113.0,76.0
2025-06-16 11:37:00+00:00,113.0,113.0,112.96875,113.0,66.0
2025-06-16 11:38:00+00:00,113.03125,113.03125,113.03125,113.03125,1.0
2025-06-16 11:39:00+00:00,113.0,113.03125,112.96875,113.03125,351.0
2025-06-16 11:40:00+00:00,112.96875,113.0,112.96875,113.0,349.0
2025-06-16 11:41:00+00:00,112.96875,112.96875,112.96875,112.96875,161.0
2025-06-16 11:42:00+00:00,112.9375,112.96875,112.9375,112.96875,210.0
2025-06-16 11:43:00+00:00,112.90625,112.9375,112.90625,112.9375,151.0
2025-06-16 11:44:00+00:00,112.90625,112.90625,112.90625,112.90625,79.0
2025-06-16 11:45:00+00:00,112.96875,112.96875,112.9375,112.9375,41.0
2025-06-16 11:47:00+00:00,112.90625,112.90625,112.90625,112.90625,0.0
2025-06-16 11:48:00+00:00,112.875,112.90625,112.875,112.90625,66208.0
2025-06-16 11:49:00+00:00,112.90625,112.90625,112.90625,112.90625,14.0
2025-06-16 11:51:00+00:00,112.875,112.90625,112.875,112.90625,18.0
2025-06-16 11:52:00+00:00,112.875,112.90625,112.875,112.90625,624.0
2025-06-16 11:53:00+00:00,112.875,112.875,112.875,112.875,364.0
2025-06-16 11:54:00+00:00,112.90625,112.90625,112.875,112.90625,19.0
2025-06-16 11:55:00+00:00,112.875,112.90625,112.84375,112.90625,539.0
2025-06-16 11:56:00+00:00,112.875,112.875,112.84375,112.84375,18.0
2025-06-16 11:57:00+00:00,112.875,112.875,112.84375,112.84375,363.0
2025-06-16 11:58:00+00:00,112.9375,112.9375,112.90625,112.90625,407.0
2025-06-16 11:59:00+00:00,112.9375,112.9375,112.9375,112.9375,126.0
2025-06-16 12:00:00+00:00,112.90625,112.9375,112.875,112.9375,763.0
2025-06-16 12:01:00+00:00,112.84375,112.90625,112.8125,112.90625,437.0
2025-06-16 12:02:00+00:00,112.84375,112.84375,112.8125,112.8125,172.0
2025-06-16 12:03:00+00:00,112.84375,112.84375,112.84375,112.84375,254.0
2025-06-16 12:04:00+00:00,112.875,112.875,112.84375,112.84375,385.0
2025-06-16 12:06:00+00:00,112.875,112.90625,112.84375,112.90625,271.0
2025-06-16 12:07:00+00:00,112.875,112.875,112.875,112.875,23.0
2025-06-16 12:08:00+00:00,112.90625,112.90625,112.875,112.875,322.0
2025-06-16 12:09:00+00:00,112.90625,112.90625,112.875,112.875,250.0
2025-06-16 12:10:00+00:00,112.875,112.90625,112.875,112.90625,416.0
2025-06-16 12:11:00+00:00,112.875,112.875,112.875,112.875,176.0
2025-06-16 12:12:00+00:00,112.875,112.875,112.875,112.875,92.0
2025-06-16 12:13:00+00:00,112.90625,112.90625,112.875,112.90625,49.0
2025-06-16 12:14:00+00:00,112.875,112.90625,112.875,112.875,147.0
2025-06-16 12:15:00+00:00,112.875,112.875,112.875,112.875,174.0
2025-06-16 12:16:00+00:00,112.875,112.875,112.84375,112.84375,323.0
2025-06-16 12:18:00+00:00,112.90625,112.90625,112.875,112.875,985.0
2025-06-16 12:19:00+00:00,112.9375,112.9375,112.9375,112.9375,281.0
2025-06-16 12:20:00+00:00,112.96875,112.96875,112.9375,112.96875,43.0
2025-06-16 12:21:00+00:00,113.0,113.03125,112.9375,112.96875,1120.0
2025-06-16 12:22:00+00:00,113.0625,113.0625,113.0,113.0,637.0
2025-06-16 12:23:00+00:00,113.0625,113.0625,113.03125,113.0625,464.0
2025-06-16 12:24:00+00:00,113.09375,113.09375,113.0625,113.0625,379.0
2025-06-16 12:25:00+00:00,113.0625,113.125,113.0,113.125,809.0
2025-06-16 12:26:00+00:00,113.03125,113.0625,113.03125,113.03125,316.0
2025-06-16 12:28:00+00:00,113.09375,113.09375,113.09375,113.09375,307.0
2025-06-16 12:29:00+00:00,113.09375,113.09375,113.0625,113.09375,82.0
2025-06-16 12:30:00+00:00,113.09375,113.15625,113.0625,113.0625,356.0
2025-06-16 12:31:00+00:00,113.03125,113.125,113.03125,113.09375,655.0
2025-06-16 12:32:00+00:00,113.03125,113.0625,113.03125,113.03125,546.0
2025-06-16 12:33:00+00:00,113.03125,113.03125,113.0,113.03125,337.0
2025-06-16 12:34:00+00:00,113.03125,113.03125,113.0,113.03125,804.0
2025-06-16 12:35:00+00:00,113.03125,113.03125,113.03125,113.03125,381.0
2025-06-16 12:36:00+00:00,113.09375,113.09375,113.03125,113.03125,84.0
2025-06-16 12:37:00+00:00,113.09375,113.09375,113.09375,113.09375,234.0
2025-06-16 12:38:00+00:00,113.15625,113.15625,113.09375,113.125,232.0
2025-06-16 12:40:00+00:00,113.125,113.15625,113.125,113.15625,0.0
