Datetime,Close,High,Low,Open,Volume
2025-05-21 04:31:00+00:00,103.33984375,103.33984375,103.33984375,103.33984375,0.0
2025-05-21 04:33:00+00:00,103.33984375,103.33984375,103.33984375,103.33984375,103.0
2025-05-21 04:36:00+00:00,103.33984375,103.33984375,103.33984375,103.33984375,100.0
2025-05-21 04:40:00+00:00,103.33984375,103.33984375,103.33984375,103.33984375,110.0
2025-05-21 04:41:00+00:00,103.33984375,103.33984375,103.33984375,103.33984375,75.0
2025-05-21 04:42:00+00:00,103.33984375,103.33984375,103.33984375,103.33984375,39.0
2025-05-21 04:43:00+00:00,103.34375,103.34375,103.34375,103.34375,7.0
2025-05-21 04:46:00+00:00,103.34375,103.34375,103.34375,103.34375,274.0
2025-05-21 04:50:00+00:00,103.33984375,103.34375,103.33984375,103.34375,10.0
2025-05-21 04:51:00+00:00,103.33984375,103.33984375,103.33984375,103.33984375,18.0
2025-05-21 04:54:00+00:00,103.33984375,103.33984375,103.33984375,103.33984375,143.0
2025-05-21 04:55:00+00:00,103.33984375,103.33984375,103.33984375,103.33984375,186.0
2025-05-21 04:57:00+00:00,103.3359375,103.3359375,103.3359375,103.3359375,185.0
2025-05-21 04:59:00+00:00,103.3359375,103.3359375,103.3359375,103.3359375,112.0
2025-05-21 05:00:00+00:00,103.33203125,103.3359375,103.33203125,103.3359375,529.0
2025-05-21 05:01:00+00:00,103.3359375,103.3359375,103.33203125,103.33203125,134.0
2025-05-21 05:02:00+00:00,103.33203125,103.3359375,103.33203125,103.33203125,70.0
2025-05-21 05:03:00+00:00,103.32421875,103.33203125,103.32421875,103.33203125,2676.0
2025-05-21 05:04:00+00:00,103.32421875,103.32421875,103.32421875,103.32421875,3.0
2025-05-21 05:05:00+00:00,103.328125,103.328125,103.328125,103.328125,341.0
2025-05-21 05:06:00+00:00,103.328125,103.328125,103.328125,103.328125,359.0
2025-05-21 05:07:00+00:00,103.328125,103.328125,103.328125,103.328125,32.0
2025-05-21 05:09:00+00:00,103.33203125,103.33203125,103.33203125,103.33203125,296.0
2025-05-21 05:12:00+00:00,103.33203125,103.33203125,103.33203125,103.33203125,1.0
2025-05-21 05:17:00+00:00,103.328125,103.33203125,103.328125,103.33203125,6.0
2025-05-21 05:18:00+00:00,103.33203125,103.33203125,103.33203125,103.33203125,19.0
2025-05-21 05:19:00+00:00,103.328125,103.328125,103.328125,103.328125,1.0
2025-05-21 05:20:00+00:00,103.33203125,103.33203125,103.33203125,103.33203125,8.0
2025-05-21 05:23:00+00:00,103.33203125,103.33203125,103.33203125,103.33203125,93.0
2025-05-21 05:24:00+00:00,103.3359375,103.3359375,103.33203125,103.33203125,37.0
2025-05-21 05:25:00+00:00,103.328125,103.33203125,103.328125,103.33203125,675.0
2025-05-21 05:26:00+00:00,103.33203125,103.33203125,103.328125,103.33203125,27.0
2025-05-21 05:27:00+00:00,103.3359375,103.3359375,103.33203125,103.33203125,128.0
2025-05-21 05:28:00+00:00,103.33203125,103.33203125,103.33203125,103.33203125,24.0
2025-05-21 05:29:00+00:00,103.33203125,103.33203125,103.33203125,103.33203125,292.0
2025-05-21 05:30:00+00:00,103.33203125,103.33203125,103.33203125,103.33203125,30.0
2025-05-21 05:31:00+00:00,103.33203125,103.33203125,103.33203125,103.33203125,31.0
2025-05-21 05:32:00+00:00,103.33203125,103.3359375,103.33203125,103.33203125,76.0
2025-05-21 05:33:00+00:00,103.33203125,103.33203125,103.33203125,103.33203125,52.0
2025-05-21 05:36:00+00:00,103.33203125,103.33203125,103.33203125,103.33203125,2.0
2025-05-21 05:37:00+00:00,103.33203125,103.33203125,103.33203125,103.33203125,7.0
2025-05-21 05:41:00+00:00,103.3359375,103.3359375,103.33203125,103.33203125,76.0
2025-05-21 05:43:00+00:00,103.33203125,103.33203125,103.33203125,103.33203125,78.0
2025-05-21 05:47:00+00:00,103.3359375,103.3359375,103.3359375,103.3359375,632.0
2025-05-21 05:48:00+00:00,103.3359375,103.3359375,103.3359375,103.3359375,40.0
2025-05-21 05:49:00+00:00,103.3359375,103.3359375,103.3359375,103.3359375,261.0
2025-05-21 05:50:00+00:00,103.33984375,103.33984375,103.33984375,103.33984375,5.0
2025-05-21 05:51:00+00:00,103.33984375,103.33984375,103.33984375,103.33984375,134.0
2025-05-21 05:52:00+00:00,103.33984375,103.33984375,103.33984375,103.33984375,326.0
2025-05-21 05:53:00+00:00,103.33984375,103.33984375,103.3359375,103.3359375,489.0
2025-05-21 05:54:00+00:00,103.3359375,103.3359375,103.3359375,103.3359375,175.0
2025-05-21 05:55:00+00:00,103.3359375,103.3359375,103.3359375,103.3359375,1.0
2025-05-21 05:57:00+00:00,103.33984375,103.33984375,103.33984375,103.33984375,223.0
2025-05-21 05:58:00+00:00,103.33984375,103.33984375,103.33984375,103.33984375,87.0
2025-05-21 05:59:00+00:00,103.34765625,103.3515625,103.34375,103.34375,1003.0
2025-05-21 06:00:00+00:00,103.328125,103.34375,103.328125,103.34375,1785.0
2025-05-21 06:01:00+00:00,103.328125,103.328125,103.328125,103.328125,561.0
2025-05-21 06:02:00+00:00,103.33203125,103.33203125,103.328125,103.328125,866.0
2025-05-21 06:05:00+00:00,103.33203125,103.3359375,103.33203125,103.33203125,749.0
2025-05-21 06:06:00+00:00,103.3359375,103.3359375,103.3359375,103.3359375,153.0
2025-05-21 06:09:00+00:00,103.33203125,103.33203125,103.33203125,103.33203125,88.0
2025-05-21 06:10:00+00:00,103.328125,103.33203125,103.328125,103.33203125,181.0
2025-05-21 06:11:00+00:00,103.33203125,103.33203125,103.33203125,103.33203125,250.0
2025-05-21 06:12:00+00:00,103.33203125,103.33203125,103.33203125,103.33203125,38.0
2025-05-21 06:14:00+00:00,103.33203125,103.33203125,103.33203125,103.33203125,237.0
2025-05-21 06:15:00+00:00,103.328125,103.328125,103.328125,103.328125,5416.0
2025-05-21 06:16:00+00:00,103.328125,103.328125,103.328125,103.328125,179.0
2025-05-21 06:17:00+00:00,103.328125,103.328125,103.328125,103.328125,241.0
2025-05-21 06:18:00+00:00,103.328125,103.328125,103.32421875,103.328125,72.0
2025-05-21 06:19:00+00:00,103.32421875,103.32421875,103.32421875,103.32421875,204.0
2025-05-21 06:21:00+00:00,103.32421875,103.32421875,103.32421875,103.32421875,152.0
2025-05-21 06:22:00+00:00,103.32421875,103.32421875,103.3203125,103.3203125,283.0
2025-05-21 06:23:00+00:00,103.328125,103.328125,103.328125,103.328125,15.0
2025-05-21 06:24:00+00:00,103.32421875,103.32421875,103.32421875,103.32421875,126.0
2025-05-21 06:25:00+00:00,103.3203125,103.32421875,103.3203125,103.32421875,195.0
2025-05-21 06:27:00+00:00,103.3203125,103.3203125,103.3203125,103.3203125,135.0
2025-05-21 06:28:00+00:00,103.32421875,103.32421875,103.32421875,103.32421875,5.0
2025-05-21 06:29:00+00:00,103.32421875,103.32421875,103.3203125,103.32421875,569.0
2025-05-21 06:30:00+00:00,103.32421875,103.32421875,103.32421875,103.32421875,38.0
2025-05-21 06:31:00+00:00,103.32421875,103.32421875,103.32421875,103.32421875,137.0
2025-05-21 06:32:00+00:00,103.32421875,103.32421875,103.32421875,103.32421875,11.0
2025-05-21 06:33:00+00:00,103.328125,103.328125,103.3203125,103.3203125,222.0
2025-05-21 06:34:00+00:00,103.33203125,103.33203125,103.328125,103.328125,309.0
2025-05-21 06:35:00+00:00,103.328125,103.328125,103.328125,103.328125,92.0
2025-05-21 06:37:00+00:00,103.33203125,103.33203125,103.33203125,103.33203125,227.0
2025-05-21 06:38:00+00:00,103.33203125,103.33203125,103.33203125,103.33203125,255.0
2025-05-21 06:41:00+00:00,103.328125,103.33203125,103.328125,103.33203125,189.0
2025-05-21 06:42:00+00:00,103.33203125,103.33203125,103.328125,103.328125,116.0
2025-05-21 06:43:00+00:00,103.328125,103.328125,103.328125,103.328125,718.0
2025-05-21 06:44:00+00:00,103.328125,103.33203125,103.328125,103.33203125,195.0
2025-05-21 06:45:00+00:00,103.328125,103.328125,103.328125,103.328125,6.0
2025-05-21 06:47:00+00:00,103.33203125,103.33203125,103.33203125,103.33203125,101.0
2025-05-21 06:48:00+00:00,103.328125,103.328125,103.328125,103.328125,18.0
2025-05-21 06:49:00+00:00,103.328125,103.328125,103.328125,103.328125,183.0
2025-05-21 06:51:00+00:00,103.328125,103.328125,103.328125,103.328125,5.0
2025-05-21 06:52:00+00:00,103.328125,103.328125,103.32421875,103.328125,220.0
2025-05-21 06:53:00+00:00,103.328125,103.328125,103.328125,103.328125,191.0
2025-05-21 06:56:00+00:00,103.328125,103.328125,103.328125,103.328125,272.0
2025-05-21 06:57:00+00:00,103.328125,103.328125,103.328125,103.328125,201.0
2025-05-21 07:00:00+00:00,103.32421875,103.328125,103.32421875,103.328125,353.0
2025-05-21 07:01:00+00:00,103.32421875,103.32421875,103.32421875,103.32421875,146.0
2025-05-21 07:02:00+00:00,103.32421875,103.32421875,103.32421875,103.32421875,75.0
2025-05-21 07:03:00+00:00,103.31640625,103.3203125,103.31640625,103.3203125,6922.0
2025-05-21 07:04:00+00:00,103.31640625,103.31640625,103.31640625,103.31640625,1359.0
2025-05-21 07:05:00+00:00,103.3203125,103.3203125,103.31640625,103.31640625,100.0
2025-05-21 07:06:00+00:00,103.32421875,103.32421875,103.3203125,103.3203125,400.0
2025-05-21 07:07:00+00:00,103.3203125,103.3203125,103.3203125,103.3203125,224.0
2025-05-21 07:08:00+00:00,103.3203125,103.3203125,103.3203125,103.3203125,205.0
2025-05-21 07:10:00+00:00,103.32421875,103.32421875,103.32421875,103.32421875,254.0
2025-05-21 07:11:00+00:00,103.3203125,103.3203125,103.3203125,103.3203125,423.0
2025-05-21 07:13:00+00:00,103.3203125,103.3203125,103.3203125,103.3203125,138.0
2025-05-21 07:14:00+00:00,103.3203125,103.3203125,103.3203125,103.3203125,22.0
2025-05-21 07:15:00+00:00,103.328125,103.328125,103.32421875,103.32421875,607.0
2025-05-21 07:16:00+00:00,103.32421875,103.328125,103.32421875,103.328125,514.0
2025-05-21 07:17:00+00:00,103.33203125,103.33203125,103.328125,103.328125,425.0
2025-05-21 07:18:00+00:00,103.33203125,103.33203125,103.33203125,103.33203125,339.0
2025-05-21 07:19:00+00:00,103.33203125,103.33203125,103.33203125,103.33203125,157.0
2025-05-21 07:20:00+00:00,103.33203125,103.33203125,103.33203125,103.33203125,117.0
2025-05-21 07:21:00+00:00,103.33203125,103.33203125,103.33203125,103.33203125,85.0
2025-05-21 07:22:00+00:00,103.33203125,103.33203125,103.33203125,103.33203125,305.0
2025-05-21 07:23:00+00:00,103.33203125,103.3359375,103.33203125,103.3359375,124.0
2025-05-21 07:24:00+00:00,103.33203125,103.33203125,103.33203125,103.33203125,123.0
2025-05-21 07:25:00+00:00,103.3359375,103.3359375,103.3359375,103.3359375,118.0
2025-05-21 07:26:00+00:00,103.33203125,103.3359375,103.33203125,103.3359375,85.0
2025-05-21 07:27:00+00:00,103.33203125,103.33203125,103.33203125,103.33203125,57.0
2025-05-21 07:28:00+00:00,103.33203125,103.33203125,103.33203125,103.33203125,37.0
2025-05-21 07:29:00+00:00,103.33203125,103.3359375,103.33203125,103.33203125,904.0
2025-05-21 07:31:00+00:00,103.33203125,103.3359375,103.33203125,103.3359375,471.0
2025-05-21 07:34:00+00:00,103.33203125,103.3359375,103.328125,103.33203125,255.0
2025-05-21 07:35:00+00:00,103.328125,103.33203125,103.328125,103.33203125,12.0
2025-05-21 07:36:00+00:00,103.32421875,103.328125,103.32421875,103.328125,589.0
2025-05-21 07:37:00+00:00,103.328125,103.328125,103.328125,103.328125,131.0
2025-05-21 07:38:00+00:00,103.33203125,103.33203125,103.328125,103.328125,267.0
2025-05-21 07:39:00+00:00,103.3359375,103.3359375,103.33203125,103.33203125,104.0
2025-05-21 07:40:00+00:00,103.33203125,103.3359375,103.33203125,103.33203125,176.0
2025-05-21 07:42:00+00:00,103.33203125,103.3359375,103.33203125,103.3359375,9.0
2025-05-21 07:43:00+00:00,103.328125,103.328125,103.328125,103.328125,295.0
2025-05-21 07:45:00+00:00,103.32421875,103.328125,103.32421875,103.328125,39.0
2025-05-21 07:46:00+00:00,103.32421875,103.32421875,103.32421875,103.32421875,79.0
2025-05-21 07:47:00+00:00,103.32421875,103.32421875,103.32421875,103.32421875,35.0
2025-05-21 07:48:00+00:00,103.32421875,103.32421875,103.32421875,103.32421875,86.0
2025-05-21 07:49:00+00:00,103.3203125,103.3203125,103.3203125,103.3203125,106.0
2025-05-21 07:50:00+00:00,103.3203125,103.3203125,103.3203125,103.3203125,2.0
2025-05-21 07:51:00+00:00,103.32421875,103.32421875,103.32421875,103.32421875,58.0
2025-05-21 07:52:00+00:00,103.32421875,103.32421875,103.32421875,103.32421875,742.0
2025-05-21 07:53:00+00:00,103.31640625,103.3203125,103.31640625,103.3203125,544.0
2025-05-21 07:54:00+00:00,103.3203125,103.3203125,103.3203125,103.3203125,36.0
2025-05-21 07:55:00+00:00,103.3203125,103.3203125,103.3203125,103.3203125,293.0
2025-05-21 07:56:00+00:00,103.3203125,103.32421875,103.3203125,103.3203125,401.0
2025-05-21 07:57:00+00:00,103.32421875,103.32421875,103.32421875,103.32421875,13.0
2025-05-21 07:58:00+00:00,103.32421875,103.32421875,103.3203125,103.32421875,65.0
2025-05-21 07:59:00+00:00,103.3203125,103.3203125,103.3203125,103.3203125,11.0
2025-05-21 08:00:00+00:00,103.32421875,103.32421875,103.32421875,103.32421875,862.0
2025-05-21 08:01:00+00:00,103.32421875,103.32421875,103.32421875,103.32421875,351.0
2025-05-21 08:02:00+00:00,103.3203125,103.3203125,103.3203125,103.3203125,1.0
2025-05-21 08:03:00+00:00,103.32421875,103.328125,103.32421875,103.32421875,119.0
2025-05-21 08:04:00+00:00,103.32421875,103.32421875,103.32421875,103.32421875,60.0
2025-05-21 08:05:00+00:00,103.32421875,103.32421875,103.3203125,103.32421875,263.0
2025-05-21 08:06:00+00:00,103.3203125,103.3203125,103.3203125,103.3203125,6.0
2025-05-21 08:07:00+00:00,103.32421875,103.32421875,103.3203125,103.3203125,4.0
2025-05-21 08:08:00+00:00,103.32421875,103.32421875,103.3203125,103.3203125,46.0
2025-05-21 08:09:00+00:00,103.3203125,103.32421875,103.3203125,103.32421875,165.0
2025-05-21 08:10:00+00:00,103.3203125,103.3203125,103.3203125,103.3203125,10.0
2025-05-21 08:21:00+00:00,103.31640625,103.3203125,103.31640625,103.31999969482422,3283.0
2025-05-21 08:22:00+00:00,103.31640625,103.3203125,103.31640625,103.3203125,7187.0
2025-05-21 08:23:00+00:00,103.3203125,103.3203125,103.3203125,103.3203125,1565.0
2025-05-21 08:25:00+00:00,103.3203125,103.3203125,103.3203125,103.3203125,27.0
2025-05-21 08:27:00+00:00,103.3203125,103.3203125,103.3203125,103.3203125,158.0
2025-05-21 08:28:00+00:00,103.3203125,103.3203125,103.3203125,103.3203125,51.0
2025-05-21 08:29:00+00:00,103.3203125,103.3203125,103.3203125,103.3203125,129.0
2025-05-21 08:30:00+00:00,103.3203125,103.3203125,103.3203125,103.3203125,103.0
2025-05-21 08:32:00+00:00,103.31640625,103.31640625,103.31640625,103.31640625,1.0
2025-05-21 08:33:00+00:00,103.3203125,103.3203125,103.31640625,103.31640625,210.0
2025-05-21 08:34:00+00:00,103.3203125,103.3203125,103.3203125,103.3203125,94.0
2025-05-21 08:35:00+00:00,103.32421875,103.32421875,103.3203125,103.3203125,56.0
2025-05-21 08:36:00+00:00,103.32421875,103.32421875,103.3203125,103.3203125,820.0
2025-05-21 08:37:00+00:00,103.32421875,103.328125,103.32421875,103.32421875,55.0
2025-05-21 08:38:00+00:00,103.32421875,103.32421875,103.32421875,103.32421875,24.0
2025-05-21 08:40:00+00:00,103.32421875,103.328125,103.32421875,103.32421875,745.0
2025-05-21 08:41:00+00:00,103.32421875,103.32421875,103.32421875,103.32421875,9.0
2025-05-21 08:42:00+00:00,103.32421875,103.32421875,103.3203125,103.32421875,266.0
2025-05-21 08:43:00+00:00,103.3203125,103.3203125,103.3203125,103.3203125,21.0
2025-05-21 08:44:00+00:00,103.3203125,103.3203125,103.3203125,103.3203125,97.0
2025-05-21 08:45:00+00:00,103.3203125,103.3203125,103.3203125,103.3203125,213.0
2025-05-21 08:46:00+00:00,103.3203125,103.3203125,103.3203125,103.3203125,287.0
2025-05-21 08:47:00+00:00,103.3203125,103.3203125,103.3203125,103.3203125,16.0
2025-05-21 08:48:00+00:00,103.3203125,103.3203125,103.31640625,103.31640625,752.0
2025-05-21 08:49:00+00:00,103.3203125,103.3203125,103.3203125,103.3203125,3.0
2025-05-21 08:50:00+00:00,103.31640625,103.31640625,103.31640625,103.31640625,38.0
2025-05-21 08:51:00+00:00,103.31640625,103.31640625,103.31640625,103.31640625,8.0
2025-05-21 08:52:00+00:00,103.31640625,103.31640625,103.31640625,103.31640625,54.0
2025-05-21 08:53:00+00:00,103.3203125,103.3203125,103.31640625,103.31640625,7.0
2025-05-21 08:54:00+00:00,103.31640625,103.31640625,103.31640625,103.31640625,122.0
2025-05-21 08:55:00+00:00,103.31640625,103.3203125,103.31640625,103.31640625,5.0
2025-05-21 08:56:00+00:00,103.31640625,103.3203125,103.31640625,103.3203125,23.0
2025-05-21 08:57:00+00:00,103.31640625,103.31640625,103.31640625,103.31640625,242.0
2025-05-21 08:58:00+00:00,103.3203125,103.3203125,103.31640625,103.31640625,10.0
2025-05-21 08:59:00+00:00,103.31640625,103.31640625,103.31640625,103.31640625,4.0
2025-05-21 09:00:00+00:00,103.31640625,103.3203125,103.31640625,103.3203125,514.0
2025-05-21 09:01:00+00:00,103.31640625,103.31640625,103.31640625,103.31640625,142.0
2025-05-21 09:02:00+00:00,103.3125,103.31640625,103.3125,103.31640625,261.0
2025-05-21 09:03:00+00:00,103.31640625,103.31640625,103.31640625,103.31640625,12.0
2025-05-21 09:04:00+00:00,103.3125,103.3125,103.3125,103.3125,366.0
2025-05-21 09:06:00+00:00,103.3125,103.3125,103.30859375,103.3125,446.0
2025-05-21 09:07:00+00:00,103.30859375,103.3125,103.30859375,103.3125,284.0
2025-05-21 09:08:00+00:00,103.30859375,103.30859375,103.30859375,103.30859375,7.0
2025-05-21 09:09:00+00:00,103.3125,103.3125,103.3125,103.3125,357.0
2025-05-21 09:10:00+00:00,103.30859375,103.3125,103.30859375,103.3125,221.0
2025-05-21 09:15:00+00:00,103.3125,103.3125,103.30859375,103.3125,10.0
2025-05-21 09:16:00+00:00,103.30859375,103.3125,103.30859375,103.3125,755.0
2025-05-21 09:17:00+00:00,103.30859375,103.3125,103.30859375,103.30859375,137.0
2025-05-21 09:18:00+00:00,103.30859375,103.3125,103.30859375,103.30859375,13.0
2025-05-21 09:19:00+00:00,103.30859375,103.30859375,103.3046875,103.30859375,402.0
2025-05-21 09:20:00+00:00,103.3046875,103.30859375,103.3046875,103.30859375,50.0
2025-05-21 09:21:00+00:00,103.30859375,103.30859375,103.3046875,103.30859375,162.0
2025-05-21 09:22:00+00:00,103.30859375,103.30859375,103.30859375,103.30859375,290.0
2025-05-21 09:23:00+00:00,103.30859375,103.30859375,103.30859375,103.30859375,25.0
2025-05-21 09:24:00+00:00,103.30859375,103.3125,103.30859375,103.3125,91.0
2025-05-21 09:25:00+00:00,103.30859375,103.3125,103.30859375,103.3125,345.0
2025-05-21 09:26:00+00:00,103.3046875,103.3125,103.3046875,103.3125,915.0
2025-05-21 09:27:00+00:00,103.30859375,103.30859375,103.3046875,103.30859375,85.0
2025-05-21 09:28:00+00:00,103.30859375,103.30859375,103.3046875,103.30859375,185.0
2025-05-21 09:29:00+00:00,103.3046875,103.30859375,103.3046875,103.30859375,569.0
2025-05-21 09:30:00+00:00,103.3046875,103.30859375,103.3046875,103.30859375,185.0
2025-05-21 09:31:00+00:00,103.30859375,103.30859375,103.3046875,103.30859375,433.0
2025-05-21 09:32:00+00:00,103.30859375,103.30859375,103.30859375,103.30859375,168.0
2025-05-21 09:33:00+00:00,103.3046875,103.30859375,103.3046875,103.30859375,122.0
2025-05-21 09:34:00+00:00,103.3046875,103.3046875,103.3046875,103.3046875,8.0
2025-05-21 09:35:00+00:00,103.30859375,103.30859375,103.3046875,103.3046875,104.0
2025-05-21 09:36:00+00:00,103.30859375,103.30859375,103.30859375,103.30859375,156.0
2025-05-21 09:37:00+00:00,103.30859375,103.30859375,103.3046875,103.30859375,50.0
2025-05-21 09:38:00+00:00,103.30859375,103.30859375,103.30859375,103.30859375,198.0
2025-05-21 09:39:00+00:00,103.30859375,103.30859375,103.30859375,103.30859375,12.0
2025-05-21 09:40:00+00:00,103.30859375,103.30859375,103.30859375,103.30859375,111.0
2025-05-21 09:41:00+00:00,103.30859375,103.30859375,103.30859375,103.30859375,70.0
2025-05-21 09:42:00+00:00,103.31640625,103.31640625,103.30859375,103.30859375,292.0
2025-05-21 09:43:00+00:00,103.31640625,103.31640625,103.3125,103.31640625,53.0
2025-05-21 09:44:00+00:00,103.31640625,103.31640625,103.3125,103.31640625,66.0
2025-05-21 09:45:00+00:00,103.31640625,103.31640625,103.3125,103.31640625,75.0
2025-05-21 09:46:00+00:00,103.3203125,103.3203125,103.31640625,103.31640625,664.0
2025-05-21 09:47:00+00:00,103.3203125,103.3203125,103.31640625,103.3203125,39.0
2025-05-21 09:48:00+00:00,103.3125,103.31640625,103.3125,103.31640625,188.0
2025-05-21 09:49:00+00:00,103.3125,103.3125,103.3125,103.3125,14.0
2025-05-21 09:50:00+00:00,103.3125,103.31640625,103.3125,103.31640625,243.0
2025-05-21 09:51:00+00:00,103.3125,103.31640625,103.3125,103.31640625,18.0
2025-05-21 09:52:00+00:00,103.3125,103.3125,103.3125,103.3125,25.0
2025-05-21 09:53:00+00:00,103.3125,103.3125,103.3125,103.3125,2.0
2025-05-21 09:54:00+00:00,103.3125,103.31640625,103.3125,103.3125,63.0
2025-05-21 09:55:00+00:00,103.3125,103.31640625,103.3125,103.3125,340.0
2025-05-21 09:56:00+00:00,103.3125,103.31640625,103.3125,103.31640625,14.0
2025-05-21 09:58:00+00:00,103.31640625,103.31640625,103.3125,103.3125,473.0
2025-05-21 09:59:00+00:00,103.31640625,103.3203125,103.31640625,103.31640625,381.0
2025-05-21 10:01:00+00:00,103.31640625,103.31640625,103.3125,103.3125,84.0
2025-05-21 10:02:00+00:00,103.31640625,103.31640625,103.3125,103.31640625,423.0
2025-05-21 10:03:00+00:00,103.31640625,103.31640625,103.31640625,103.31640625,178.0
2025-05-21 10:04:00+00:00,103.31640625,103.31640625,103.3125,103.31640625,160.0
2025-05-21 10:05:00+00:00,103.3125,103.31640625,103.3125,103.31640625,17.0
2025-05-21 10:06:00+00:00,103.3125,103.31640625,103.3125,103.31640625,11.0
2025-05-21 10:07:00+00:00,103.3125,103.3125,103.3125,103.3125,408.0
2025-05-21 10:08:00+00:00,103.31640625,103.31640625,103.31640625,103.31640625,75.0
2025-05-21 10:09:00+00:00,103.31640625,103.31640625,103.31640625,103.31640625,108.0
2025-05-21 10:19:00+00:00,103.3203125,103.3203125,103.3125,103.31999969482422,4301.0
2025-05-21 10:20:00+00:00,103.31640625,103.3203125,103.31640625,103.3203125,1297.0
2025-05-21 10:21:00+00:00,103.31640625,103.3203125,103.31640625,103.3203125,28.0
2025-05-21 10:22:00+00:00,103.31640625,103.3203125,103.3125,103.3203125,928.0
2025-05-21 10:23:00+00:00,103.31640625,103.3203125,103.31640625,103.31640625,287.0
2025-05-21 10:24:00+00:00,103.3203125,103.3203125,103.31640625,103.3203125,30.0
2025-05-21 10:25:00+00:00,103.3203125,103.3203125,103.3203125,103.3203125,25.0
2025-05-21 10:26:00+00:00,103.31640625,103.3203125,103.31640625,103.3203125,383.0
2025-05-21 10:27:00+00:00,103.31640625,103.31640625,103.3125,103.31640625,734.0
2025-05-21 10:28:00+00:00,103.31640625,103.31640625,103.31640625,103.31640625,212.0
2025-05-21 10:29:00+00:00,103.31640625,103.3203125,103.3125,103.3203125,865.0
2025-05-21 10:30:00+00:00,103.3125,103.31640625,103.3125,103.31640625,604.0
2025-05-21 10:31:00+00:00,103.30859375,103.3125,103.30859375,103.3125,6456.0
2025-05-21 10:32:00+00:00,103.3125,103.3125,103.30859375,103.3125,940.0
2025-05-21 10:33:00+00:00,103.3125,103.31640625,103.3125,103.31640625,331.0
2025-05-21 10:34:00+00:00,103.3125,103.3125,103.3125,103.3125,180.0
2025-05-21 10:35:00+00:00,103.3125,103.3125,103.30859375,103.3125,449.0
2025-05-21 10:36:00+00:00,103.3125,103.3125,103.30859375,103.30859375,189.0
2025-05-21 10:38:00+00:00,103.31640625,103.31640625,103.31640625,103.31640625,13.0
2025-05-21 10:39:00+00:00,103.31640625,103.31640625,103.31640625,103.31640625,138.0
2025-05-21 10:40:00+00:00,103.31640625,103.31640625,103.3125,103.31640625,37.0
2025-05-21 10:41:00+00:00,103.31640625,103.31640625,103.3125,103.31640625,54.0
2025-05-21 10:42:00+00:00,103.31640625,103.3203125,103.31640625,103.31640625,248.0
2025-05-21 10:43:00+00:00,103.3125,103.3125,103.3125,103.3125,21.0
2025-05-21 10:44:00+00:00,103.31640625,103.31640625,103.3125,103.31640625,206.0
2025-05-21 10:45:00+00:00,103.31640625,103.31640625,103.3125,103.3125,475.0
2025-05-21 10:46:00+00:00,103.31640625,103.31640625,103.31640625,103.31640625,67.0
2025-05-21 10:47:00+00:00,103.31640625,103.31640625,103.31640625,103.31640625,24.0
2025-05-21 10:48:00+00:00,103.31640625,103.3203125,103.31640625,103.3203125,334.0
2025-05-21 10:49:00+00:00,103.3203125,103.3203125,103.31640625,103.31640625,140.0
2025-05-21 10:50:00+00:00,103.3125,103.3203125,103.3125,103.31640625,712.0
2025-05-21 10:51:00+00:00,103.3125,103.3203125,103.3125,103.3125,646.0
2025-05-21 10:52:00+00:00,103.31640625,103.3203125,103.3125,103.31640625,721.0
2025-05-21 10:53:00+00:00,103.31640625,103.3203125,103.31640625,103.31640625,627.0
2025-05-21 10:54:00+00:00,103.3203125,103.32421875,103.31640625,103.3203125,2920.0
2025-05-21 10:55:00+00:00,103.3203125,103.3203125,103.3203125,103.3203125,469.0
2025-05-21 10:56:00+00:00,103.3203125,103.32421875,103.3203125,103.3203125,654.0
2025-05-21 10:57:00+00:00,103.3203125,103.3203125,103.3203125,103.3203125,43.0
2025-05-21 10:58:00+00:00,103.3203125,103.3203125,103.3203125,103.3203125,222.0
2025-05-21 10:59:00+00:00,103.3203125,103.3203125,103.3203125,103.3203125,4694.0
2025-05-21 11:00:00+00:00,103.3203125,103.3203125,103.3203125,103.3203125,367.0
2025-05-21 11:01:00+00:00,103.31640625,103.3203125,103.31640625,103.3203125,139.0
2025-05-21 11:02:00+00:00,103.3203125,103.3203125,103.3125,103.31640625,1126.0
2025-05-21 11:03:00+00:00,103.31640625,103.31640625,103.31640625,103.31640625,173.0
2025-05-21 11:04:00+00:00,103.3203125,103.3203125,103.31640625,103.31640625,1215.0
2025-05-21 11:05:00+00:00,103.3203125,103.32421875,103.3203125,103.3203125,64.0
2025-05-21 11:06:00+00:00,103.3203125,103.3203125,103.3203125,103.3203125,1528.0
2025-05-21 11:07:00+00:00,103.3203125,103.3203125,103.3203125,103.3203125,146.0
2025-05-21 11:08:00+00:00,103.31640625,103.3203125,103.31640625,103.3203125,2075.0
2025-05-21 11:09:00+00:00,103.31640625,103.3203125,103.31640625,103.3203125,7.0
2025-05-21 11:11:00+00:00,103.3203125,103.3203125,103.31640625,103.31640625,274.0
2025-05-21 11:12:00+00:00,103.31640625,103.31640625,103.31640625,103.31640625,375.0
2025-05-21 11:13:00+00:00,103.31640625,103.31640625,103.3125,103.31640625,1004.0
2025-05-21 11:15:00+00:00,103.31640625,103.31640625,103.31640625,103.31640625,679.0
2025-05-21 11:16:00+00:00,103.31640625,103.31640625,103.31640625,103.31640625,253.0
2025-05-21 11:17:00+00:00,103.31640625,103.31640625,103.3125,103.31640625,163.0
2025-05-21 11:18:00+00:00,103.31640625,103.31640625,103.31640625,103.31640625,299.0
2025-05-21 11:19:00+00:00,103.31640625,103.31640625,103.31640625,103.31640625,150.0
2025-05-21 11:20:00+00:00,103.31640625,103.31640625,103.31640625,103.31640625,70.0
2025-05-21 11:21:00+00:00,103.31640625,103.31640625,103.31640625,103.31640625,271.0
2025-05-21 11:22:00+00:00,103.3203125,103.3203125,103.31640625,103.31640625,122.0
2025-05-21 11:23:00+00:00,103.31640625,103.31640625,103.31640625,103.31640625,221.0
2025-05-21 11:24:00+00:00,103.3203125,103.3203125,103.31640625,103.3203125,889.0
2025-05-21 11:25:00+00:00,103.3203125,103.3203125,103.31640625,103.3203125,2378.0
2025-05-21 11:26:00+00:00,103.3203125,103.3203125,103.31640625,103.31640625,1072.0
2025-05-21 11:27:00+00:00,103.3203125,103.3203125,103.3203125,103.3203125,134.0
2025-05-21 11:28:00+00:00,103.3203125,103.3203125,103.31640625,103.31640625,839.0
2025-05-21 11:29:00+00:00,103.3203125,103.3203125,103.3203125,103.3203125,46.0
2025-05-21 11:30:00+00:00,103.31640625,103.3203125,103.31640625,103.3203125,495.0
2025-05-21 11:31:00+00:00,103.3203125,103.3203125,103.3125,103.31640625,3712.0
2025-05-21 11:32:00+00:00,103.3203125,103.3203125,103.3203125,103.3203125,12.0
2025-05-21 11:33:00+00:00,103.31640625,103.31640625,103.31640625,103.31640625,454.0
2025-05-21 11:34:00+00:00,103.3125,103.31640625,103.3125,103.31640625,1188.0
2025-05-21 11:35:00+00:00,103.3203125,103.3203125,103.31640625,103.31640625,1353.0
2025-05-21 11:36:00+00:00,103.31640625,103.31640625,103.31640625,103.31640625,17.0
2025-05-21 11:37:00+00:00,103.31640625,103.31640625,103.31640625,103.31640625,200.0
2025-05-21 11:38:00+00:00,103.32421875,103.32421875,103.31640625,103.31640625,2203.0
2025-05-21 11:39:00+00:00,103.32421875,103.32421875,103.3203125,103.3203125,23.0
2025-05-21 11:40:00+00:00,103.3203125,103.3203125,103.3203125,103.3203125,459.0
2025-05-21 11:41:00+00:00,103.3203125,103.3203125,103.31640625,103.31640625,365.0
2025-05-21 11:42:00+00:00,103.32421875,103.32421875,103.3203125,103.32421875,320.0
2025-05-21 11:43:00+00:00,103.32421875,103.32421875,103.32421875,103.32421875,260.0
2025-05-21 11:44:00+00:00,103.3203125,103.32421875,103.3203125,103.3203125,871.0
2025-05-21 11:45:00+00:00,103.3203125,103.32421875,103.3203125,103.32421875,424.0
2025-05-21 11:46:00+00:00,103.31640625,103.3203125,103.31640625,103.3203125,289.0
2025-05-21 11:47:00+00:00,103.3203125,103.3203125,103.31640625,103.3203125,234.0
2025-05-21 11:48:00+00:00,103.31640625,103.3203125,103.31640625,103.3203125,1979.0
2025-05-21 11:49:00+00:00,103.31640625,103.3203125,103.31640625,103.3203125,82.0
2025-05-21 11:50:00+00:00,103.3203125,103.3203125,103.31640625,103.31640625,432.0
2025-05-21 11:51:00+00:00,103.31640625,103.3203125,103.31640625,103.3203125,106.0
2025-05-21 11:52:00+00:00,103.31640625,103.3203125,103.31640625,103.3203125,42.0
2025-05-21 11:53:00+00:00,103.3203125,103.3203125,103.31640625,103.31640625,721.0
2025-05-21 11:54:00+00:00,103.31640625,103.3203125,103.31640625,103.3203125,299.0
2025-05-21 11:56:00+00:00,103.31640625,103.31640625,103.31640625,103.31640625,102.0
2025-05-21 11:57:00+00:00,103.31640625,103.31640625,103.31640625,103.31640625,273.0
2025-05-21 11:59:00+00:00,103.3203125,103.3203125,103.31640625,103.3203125,168.0
2025-05-21 12:00:00+00:00,103.31640625,103.31640625,103.3125,103.31640625,1271.0
2025-05-21 12:01:00+00:00,103.3125,103.31640625,103.3125,103.31640625,340.0
2025-05-21 12:02:00+00:00,103.3125,103.3125,103.3125,103.3125,320.0
2025-05-21 12:03:00+00:00,103.3125,103.31640625,103.3125,103.3125,98.0
2025-05-21 12:05:00+00:00,103.3125,103.3125,103.3125,103.3125,569.0
2025-05-21 12:06:00+00:00,103.3046875,103.3125,103.3046875,103.3125,3984.0
2025-05-21 12:07:00+00:00,103.3046875,103.3046875,103.30078125,103.30078125,80.0
2025-05-21 12:08:00+00:00,103.30078125,103.30078125,103.30078125,103.30078125,625.0
2025-05-21 12:09:00+00:00,103.3046875,103.3046875,103.30078125,103.30078125,2013.0
2025-05-21 12:10:00+00:00,103.3046875,103.3046875,103.30078125,103.30078125,3125.0
2025-05-21 12:11:00+00:00,103.3046875,103.3046875,103.3046875,103.3046875,693.0
2025-05-21 12:12:00+00:00,103.3046875,103.30859375,103.3046875,103.3046875,936.0
2025-05-21 12:13:00+00:00,103.30078125,103.3046875,103.30078125,103.3046875,103.0
2025-05-21 12:14:00+00:00,103.30078125,103.30078125,103.296875,103.296875,1468.0
2025-05-21 12:15:00+00:00,103.30078125,103.30078125,103.296875,103.296875,736.0
2025-05-21 12:16:00+00:00,103.3046875,103.3046875,103.296875,103.296875,4838.0
2025-05-21 12:17:00+00:00,103.30078125,103.3046875,103.30078125,103.3046875,366.0
2025-05-21 12:18:00+00:00,103.30078125,103.3046875,103.30078125,103.30078125,2210.0
2025-05-21 12:19:00+00:00,103.3046875,103.3046875,103.3046875,103.3046875,93.0
2025-05-21 12:20:00+00:00,103.296875,103.3046875,103.296875,103.30078125,2331.0
2025-05-21 12:21:00+00:00,103.296875,103.30078125,103.296875,103.296875,18.0
2025-05-21 12:22:00+00:00,103.30078125,103.30078125,103.296875,103.296875,2469.0
2025-05-21 12:23:00+00:00,103.296875,103.30078125,103.296875,103.30078125,12242.0
2025-05-21 12:24:00+00:00,103.296875,103.30078125,103.296875,103.296875,1794.0
2025-05-21 12:25:00+00:00,103.296875,103.30078125,103.29296875,103.296875,4706.0
2025-05-21 12:26:00+00:00,103.296875,103.30078125,103.296875,103.296875,1990.0
2025-05-21 12:27:00+00:00,103.3046875,103.3046875,103.296875,103.296875,19789.0
2025-05-21 12:28:00+00:00,103.30859375,103.30859375,103.30078125,103.3046875,1855.0
2025-05-21 12:29:00+00:00,103.30078125,103.30859375,103.30078125,103.3046875,1657.0
2025-05-21 12:30:00+00:00,103.296875,103.30078125,103.296875,103.30078125,5021.0
2025-05-21 12:31:00+00:00,103.30078125,103.3046875,103.296875,103.296875,1365.0
2025-05-21 12:32:00+00:00,103.3046875,103.3046875,103.30078125,103.30078125,1753.0
2025-05-21 12:33:00+00:00,103.30859375,103.30859375,103.3046875,103.3046875,2237.0
2025-05-21 12:34:00+00:00,103.3046875,103.30859375,103.3046875,103.30859375,794.0
2025-05-21 12:35:00+00:00,103.3046875,103.30859375,103.30078125,103.30859375,1614.0
2025-05-21 12:36:00+00:00,103.30078125,103.3046875,103.30078125,103.3046875,243.0
2025-05-21 12:37:00+00:00,103.30078125,103.30078125,103.30078125,103.30078125,469.0
2025-05-21 12:38:00+00:00,103.3046875,103.3046875,103.30078125,103.30078125,5476.0
2025-05-21 12:39:00+00:00,103.3046875,103.3046875,103.3046875,103.3046875,82.0
2025-05-21 12:40:00+00:00,103.3046875,103.30859375,103.3046875,103.30859375,133.0
2025-05-21 12:41:00+00:00,103.30859375,103.30859375,103.3046875,103.30859375,205.0
2025-05-21 12:42:00+00:00,103.3046875,103.3046875,103.30078125,103.3046875,1386.0
2025-05-21 12:43:00+00:00,103.30078125,103.3046875,103.30078125,103.30078125,373.0
2025-05-21 12:44:00+00:00,103.3046875,103.3046875,103.30078125,103.30078125,521.0
2025-05-21 12:45:00+00:00,103.30078125,103.30078125,103.30078125,103.30078125,2455.0
2025-05-21 12:46:00+00:00,103.3046875,103.3046875,103.30078125,103.30078125,333.0
2025-05-21 12:47:00+00:00,103.3046875,103.3046875,103.3046875,103.3046875,548.0
2025-05-21 12:48:00+00:00,103.3046875,103.3046875,103.30078125,103.3046875,244.0
2025-05-21 12:49:00+00:00,103.3046875,103.30859375,103.3046875,103.30859375,509.0
2025-05-21 12:50:00+00:00,103.3046875,103.30859375,103.3046875,103.30859375,1312.0
2025-05-21 12:51:00+00:00,103.30078125,103.3046875,103.30078125,103.3046875,369.0
2025-05-21 12:52:00+00:00,103.3046875,103.3046875,103.30078125,103.30078125,1856.0
2025-05-21 12:53:00+00:00,103.3046875,103.3046875,103.3046875,103.3046875,434.0
2025-05-21 12:54:00+00:00,103.30859375,103.30859375,103.30859375,103.30859375,230.0
2025-05-21 12:55:00+00:00,103.30859375,103.30859375,103.3046875,103.30859375,1947.0
2025-05-21 12:56:00+00:00,103.30859375,103.30859375,103.3046875,103.3046875,1842.0
2025-05-21 12:57:00+00:00,103.3046875,103.30859375,103.3046875,103.3046875,67.0
2025-05-21 12:58:00+00:00,103.3046875,103.30859375,103.3046875,103.3046875,3372.0
2025-05-21 12:59:00+00:00,103.3046875,103.3046875,103.3046875,103.3046875,1403.0
2025-05-21 13:00:00+00:00,103.30859375,103.30859375,103.3046875,103.3046875,9943.0
2025-05-21 13:01:00+00:00,103.3046875,103.3046875,103.3046875,103.3046875,471.0
2025-05-21 13:02:00+00:00,103.3046875,103.3046875,103.3046875,103.3046875,558.0
2025-05-21 13:03:00+00:00,103.3046875,103.30859375,103.3046875,103.3046875,4181.0
2025-05-21 13:04:00+00:00,103.3046875,103.3046875,103.30078125,103.30078125,79.0
2025-05-21 13:05:00+00:00,103.30078125,103.30078125,103.30078125,103.30078125,2860.0
2025-05-21 13:06:00+00:00,103.296875,103.296875,103.296875,103.296875,142.0
2025-05-21 13:07:00+00:00,103.29296875,103.296875,103.29296875,103.296875,1334.0
2025-05-21 13:08:00+00:00,103.296875,103.30078125,103.29296875,103.296875,2324.0
2025-05-21 13:09:00+00:00,103.30078125,103.3046875,103.296875,103.30078125,1291.0
2025-05-21 13:10:00+00:00,103.30078125,103.30078125,103.296875,103.30078125,627.0
2025-05-21 13:11:00+00:00,103.30078125,103.30078125,103.30078125,103.30078125,71.0
2025-05-21 13:12:00+00:00,103.30078125,103.30078125,103.30078125,103.30078125,510.0
2025-05-21 13:13:00+00:00,103.296875,103.296875,103.296875,103.296875,2297.0
2025-05-21 13:14:00+00:00,103.296875,103.296875,103.296875,103.296875,342.0
2025-05-21 13:15:00+00:00,103.30078125,103.3046875,103.296875,103.30078125,1016.0
2025-05-21 13:16:00+00:00,103.30078125,103.3046875,103.30078125,103.30078125,272.0
2025-05-21 13:17:00+00:00,103.30078125,103.30078125,103.296875,103.296875,490.0
2025-05-21 13:18:00+00:00,103.296875,103.30078125,103.29296875,103.296875,2931.0
2025-05-21 13:19:00+00:00,103.29296875,103.296875,103.29296875,103.296875,392.0
2025-05-21 13:20:00+00:00,103.29296875,103.30078125,103.29296875,103.296875,16737.0
2025-05-21 13:21:00+00:00,103.2890625,103.29296875,103.2890625,103.29296875,8303.0
2025-05-21 13:22:00+00:00,103.2890625,103.29296875,103.2890625,103.2890625,1008.0
2025-05-21 13:23:00+00:00,103.2890625,103.2890625,103.2890625,103.2890625,1600.0
2025-05-21 13:24:00+00:00,103.29296875,103.296875,103.2890625,103.2890625,1119.0
2025-05-21 13:25:00+00:00,103.29296875,103.296875,103.29296875,103.296875,435.0
2025-05-21 13:26:00+00:00,103.2890625,103.29296875,103.2890625,103.29296875,4697.0
2025-05-21 13:27:00+00:00,103.28515625,103.2890625,103.28515625,103.28515625,1305.0
2025-05-21 13:28:00+00:00,103.28125,103.28515625,103.28125,103.28515625,1003.0
2025-05-21 13:29:00+00:00,103.28125,103.28515625,103.28125,103.28125,46.0
2025-05-21 13:30:00+00:00,103.28125,103.28515625,103.28125,103.28515625,7407.0
2025-05-21 13:31:00+00:00,103.28515625,103.28515625,103.28125,103.28125,5529.0
2025-05-21 13:32:00+00:00,103.2890625,103.2890625,103.28515625,103.28515625,2496.0
2025-05-21 13:33:00+00:00,103.2890625,103.2890625,103.28515625,103.2890625,3772.0
2025-05-21 13:34:00+00:00,103.2890625,103.29296875,103.28515625,103.2890625,6699.0
2025-05-21 13:35:00+00:00,103.296875,103.296875,103.29296875,103.29296875,1590.0
2025-05-21 13:36:00+00:00,103.29296875,103.296875,103.29296875,103.29296875,884.0
2025-05-21 13:37:00+00:00,103.29296875,103.296875,103.29296875,103.296875,2783.0
2025-05-21 13:38:00+00:00,103.2890625,103.29296875,103.2890625,103.29296875,404.0
2025-05-21 13:39:00+00:00,103.29296875,103.29296875,103.28515625,103.2890625,8581.0
2025-05-21 13:40:00+00:00,103.29296875,103.29296875,103.28515625,103.2890625,2191.0
2025-05-21 13:41:00+00:00,103.29296875,103.29296875,103.2890625,103.29296875,829.0
2025-05-21 13:42:00+00:00,103.28125,103.2890625,103.28125,103.2890625,1167.0
2025-05-21 13:43:00+00:00,103.28125,103.28125,103.28125,103.28125,50.0
2025-05-21 13:44:00+00:00,103.28125,103.28125,103.27734375,103.28125,1302.0
2025-05-21 13:45:00+00:00,103.2890625,103.2890625,103.28515625,103.28515625,1948.0
2025-05-21 13:46:00+00:00,103.2890625,103.2890625,103.28515625,103.2890625,470.0
2025-05-21 13:47:00+00:00,103.2890625,103.2890625,103.2890625,103.2890625,1173.0
2025-05-21 13:48:00+00:00,103.2890625,103.2890625,103.28515625,103.2890625,2229.0
2025-05-21 13:49:00+00:00,103.2890625,103.2890625,103.28515625,103.2890625,2833.0
2025-05-21 13:50:00+00:00,103.29296875,103.29296875,103.2890625,103.29296875,1560.0
2025-05-21 13:51:00+00:00,103.2890625,103.29296875,103.2890625,103.29296875,949.0
2025-05-21 13:52:00+00:00,103.2890625,103.2890625,103.2890625,103.2890625,765.0
2025-05-21 13:53:00+00:00,103.2890625,103.2890625,103.28515625,103.2890625,73.0
2025-05-21 13:54:00+00:00,103.28515625,103.2890625,103.28515625,103.28515625,496.0
2025-05-21 13:55:00+00:00,103.2890625,103.29296875,103.28515625,103.2890625,1141.0
2025-05-21 13:56:00+00:00,103.29296875,103.29296875,103.29296875,103.29296875,1881.0
2025-05-21 13:57:00+00:00,103.2890625,103.2890625,103.2890625,103.2890625,62.0
2025-05-21 13:58:00+00:00,103.29296875,103.29296875,103.2890625,103.2890625,1036.0
2025-05-21 13:59:00+00:00,103.296875,103.296875,103.29296875,103.29296875,1728.0
2025-05-21 14:00:00+00:00,103.2890625,103.29296875,103.2890625,103.29296875,1443.0
2025-05-21 14:01:00+00:00,103.28515625,103.2890625,103.28515625,103.2890625,5090.0
2025-05-21 14:02:00+00:00,103.2890625,103.2890625,103.28515625,103.2890625,1135.0
2025-05-21 14:03:00+00:00,103.2890625,103.2890625,103.28515625,103.2890625,319.0
2025-05-21 14:04:00+00:00,103.2890625,103.2890625,103.2890625,103.2890625,327.0
2025-05-21 14:05:00+00:00,103.2890625,103.2890625,103.2890625,103.2890625,616.0
2025-05-21 14:06:00+00:00,103.29296875,103.29296875,103.29296875,103.29296875,481.0
2025-05-21 14:07:00+00:00,103.296875,103.296875,103.296875,103.296875,517.0
2025-05-21 14:08:00+00:00,103.29296875,103.29296875,103.29296875,103.29296875,15.0
2025-05-21 14:09:00+00:00,103.296875,103.30078125,103.296875,103.296875,1038.0
2025-05-21 14:10:00+00:00,103.296875,103.296875,103.296875,103.296875,4.0
2025-05-21 14:11:00+00:00,103.30078125,103.30078125,103.296875,103.296875,2254.0
2025-05-21 14:12:00+00:00,103.30078125,103.30078125,103.296875,103.30078125,858.0
2025-05-21 14:13:00+00:00,103.30078125,103.30078125,103.30078125,103.30078125,220.0
2025-05-21 14:14:00+00:00,103.3046875,103.3046875,103.296875,103.30078125,1964.0
2025-05-21 14:15:00+00:00,103.3046875,103.30859375,103.3046875,103.3046875,269.0
2025-05-21 14:16:00+00:00,103.30078125,103.3046875,103.30078125,103.30078125,1400.0
2025-05-21 14:17:00+00:00,103.30078125,103.30078125,103.30078125,103.30078125,632.0
2025-05-21 14:18:00+00:00,103.30078125,103.30078125,103.30078125,103.30078125,1.0
2025-05-21 14:19:00+00:00,103.30078125,103.30078125,103.296875,103.30078125,933.0
2025-05-21 14:20:00+00:00,103.3046875,103.3046875,103.30078125,103.30078125,573.0
2025-05-21 14:21:00+00:00,103.30078125,103.3046875,103.30078125,103.3046875,365.0
2025-05-21 14:22:00+00:00,103.3046875,103.3046875,103.3046875,103.3046875,53.0
2025-05-21 14:23:00+00:00,103.296875,103.3046875,103.296875,103.30078125,1363.0
2025-05-21 14:24:00+00:00,103.30078125,103.30078125,103.296875,103.296875,679.0
2025-05-21 14:25:00+00:00,103.3046875,103.30859375,103.296875,103.30078125,3620.0
2025-05-21 14:26:00+00:00,103.30859375,103.30859375,103.30859375,103.30859375,875.0
2025-05-21 14:27:00+00:00,103.3046875,103.30859375,103.3046875,103.3046875,91.0
2025-05-21 14:28:00+00:00,103.3046875,103.30859375,103.3046875,103.30859375,821.0
2025-05-21 14:29:00+00:00,103.3046875,103.3046875,103.3046875,103.3046875,2108.0
2025-05-21 14:30:00+00:00,103.3046875,103.30859375,103.30078125,103.3046875,5037.0
2025-05-21 14:31:00+00:00,103.3046875,103.3046875,103.3046875,103.3046875,934.0
2025-05-21 14:32:00+00:00,103.30078125,103.30078125,103.30078125,103.30078125,1030.0
2025-05-21 14:33:00+00:00,103.30078125,103.30078125,103.296875,103.30078125,24665.0
2025-05-21 14:34:00+00:00,103.30078125,103.30078125,103.296875,103.296875,49.0
2025-05-21 14:36:00+00:00,103.29296875,103.296875,103.29296875,103.296875,5633.0
2025-05-21 14:37:00+00:00,103.296875,103.296875,103.296875,103.296875,1130.0
2025-05-21 14:38:00+00:00,103.29296875,103.29296875,103.29296875,103.29296875,81.0
2025-05-21 14:39:00+00:00,103.29296875,103.29296875,103.29296875,103.29296875,298.0
2025-05-21 14:40:00+00:00,103.296875,103.296875,103.29296875,103.29296875,10537.0
2025-05-21 14:41:00+00:00,103.296875,103.296875,103.29296875,103.296875,1022.0
2025-05-21 14:42:00+00:00,103.27734375,103.29296875,103.27734375,103.29296875,15869.0
2025-05-21 14:43:00+00:00,103.27734375,103.27734375,103.2734375,103.27734375,2172.0
2025-05-21 14:44:00+00:00,103.27734375,103.28125,103.27734375,103.27734375,1014.0
2025-05-21 14:45:00+00:00,103.2734375,103.27734375,103.2734375,103.27734375,88.0
2025-05-21 14:46:00+00:00,103.27734375,103.27734375,103.2734375,103.2734375,205.0
2025-05-21 14:47:00+00:00,103.28515625,103.28515625,103.2734375,103.2734375,2546.0
2025-05-21 14:48:00+00:00,103.28515625,103.2890625,103.28515625,103.28515625,17847.0
2025-05-21 14:49:00+00:00,103.2890625,103.2890625,103.28515625,103.28515625,1511.0
2025-05-21 14:50:00+00:00,103.2890625,103.2890625,103.28515625,103.2890625,1324.0
2025-05-21 14:51:00+00:00,103.28515625,103.2890625,103.28515625,103.28515625,8947.0
2025-05-21 14:52:00+00:00,103.2890625,103.2890625,103.28515625,103.28515625,4596.0
2025-05-21 14:53:00+00:00,103.28515625,103.2890625,103.28515625,103.2890625,720.0
2025-05-21 14:54:00+00:00,103.2890625,103.2890625,103.28515625,103.28515625,695.0
2025-05-21 14:55:00+00:00,103.28515625,103.28515625,103.28515625,103.28515625,1.0
2025-05-21 14:56:00+00:00,103.2890625,103.2890625,103.28515625,103.28515625,365.0
2025-05-21 14:57:00+00:00,103.28125,103.2890625,103.28125,103.28515625,1802.0
2025-05-21 14:58:00+00:00,103.28515625,103.28515625,103.28125,103.28125,964.0
2025-05-21 14:59:00+00:00,103.28515625,103.2890625,103.28515625,103.28515625,498.0
2025-05-21 15:00:00+00:00,103.2890625,103.2890625,103.28125,103.2890625,3328.0
2025-05-21 15:01:00+00:00,103.28515625,103.2890625,103.28515625,103.2890625,297.0
2025-05-21 15:02:00+00:00,103.28515625,103.2890625,103.28515625,103.28515625,4383.0
2025-05-21 15:03:00+00:00,103.2890625,103.2890625,103.28515625,103.28515625,1943.0
2025-05-21 15:04:00+00:00,103.29296875,103.29296875,103.28515625,103.28515625,7436.0
2025-05-21 15:05:00+00:00,103.29296875,103.296875,103.29296875,103.29296875,1659.0
2025-05-21 15:06:00+00:00,103.296875,103.296875,103.29296875,103.296875,10.0
2025-05-21 15:07:00+00:00,103.296875,103.296875,103.29296875,103.296875,865.0
2025-05-21 15:08:00+00:00,103.2890625,103.296875,103.2890625,103.29296875,2285.0
2025-05-21 15:09:00+00:00,103.29296875,103.29296875,103.2890625,103.29296875,97.0
2025-05-21 15:10:00+00:00,103.29296875,103.296875,103.2890625,103.2890625,1174.0
2025-05-21 15:11:00+00:00,103.296875,103.3046875,103.29296875,103.296875,7427.0
2025-05-21 15:12:00+00:00,103.296875,103.296875,103.296875,103.296875,111.0
2025-05-21 15:13:00+00:00,103.296875,103.296875,103.296875,103.296875,359.0
2025-05-21 15:14:00+00:00,103.30078125,103.30078125,103.296875,103.296875,2155.0
2025-05-21 15:15:00+00:00,103.30078125,103.30078125,103.296875,103.296875,4279.0
2025-05-21 15:16:00+00:00,103.30078125,103.3046875,103.30078125,103.30078125,395.0
2025-05-21 15:17:00+00:00,103.30078125,103.3046875,103.30078125,103.30078125,1745.0
2025-05-21 15:18:00+00:00,103.3046875,103.3046875,103.30078125,103.3046875,1230.0
2025-05-21 15:19:00+00:00,103.3046875,103.3046875,103.30078125,103.30078125,2938.0
2025-05-21 15:20:00+00:00,103.30078125,103.3046875,103.30078125,103.3046875,1457.0
2025-05-21 15:21:00+00:00,103.30078125,103.30078125,103.30078125,103.30078125,1677.0
2025-05-21 15:22:00+00:00,103.30078125,103.30078125,103.30078125,103.30078125,1613.0
2025-05-21 15:23:00+00:00,103.30078125,103.30078125,103.30078125,103.30078125,1056.0
2025-05-21 15:24:00+00:00,103.296875,103.30078125,103.296875,103.30078125,200.0
2025-05-21 15:25:00+00:00,103.30078125,103.30078125,103.296875,103.30078125,75.0
2025-05-21 15:26:00+00:00,103.30078125,103.30078125,103.296875,103.30078125,1256.0
2025-05-21 15:27:00+00:00,103.30078125,103.30078125,103.296875,103.30078125,545.0
2025-05-21 15:28:00+00:00,103.30078125,103.30078125,103.296875,103.296875,614.0
2025-05-21 15:29:00+00:00,103.296875,103.30078125,103.296875,103.30078125,3952.0
2025-05-21 15:30:00+00:00,103.296875,103.30078125,103.296875,103.296875,1709.0
2025-05-21 15:31:00+00:00,103.296875,103.296875,103.29296875,103.296875,266.0
2025-05-21 15:32:00+00:00,103.29296875,103.296875,103.29296875,103.296875,2768.0
2025-05-21 15:33:00+00:00,103.296875,103.296875,103.2890625,103.2890625,2847.0
2025-05-21 15:34:00+00:00,103.296875,103.296875,103.296875,103.296875,980.0
2025-05-21 15:35:00+00:00,103.296875,103.30078125,103.296875,103.296875,1049.0
2025-05-21 15:36:00+00:00,103.30078125,103.30078125,103.296875,103.296875,3326.0
2025-05-21 15:37:00+00:00,103.296875,103.30078125,103.296875,103.30078125,1502.0
2025-05-21 15:38:00+00:00,103.296875,103.30078125,103.29296875,103.30078125,1498.0
2025-05-21 15:39:00+00:00,103.296875,103.296875,103.29296875,103.29296875,4195.0
2025-05-21 15:40:00+00:00,103.30078125,103.30078125,103.29296875,103.29296875,1248.0
2025-05-21 15:41:00+00:00,103.30078125,103.30078125,103.296875,103.30078125,1070.0
2025-05-21 15:42:00+00:00,103.296875,103.3046875,103.296875,103.30078125,2668.0
2025-05-21 15:43:00+00:00,103.30078125,103.30078125,103.296875,103.30078125,60.0
2025-05-21 15:44:00+00:00,103.3046875,103.3046875,103.30078125,103.30078125,467.0
2025-05-21 15:45:00+00:00,103.30078125,103.3046875,103.30078125,103.3046875,2684.0
2025-05-21 15:46:00+00:00,103.3046875,103.3046875,103.30078125,103.30078125,820.0
2025-05-21 15:47:00+00:00,103.30078125,103.3046875,103.30078125,103.30078125,1633.0
2025-05-21 15:48:00+00:00,103.296875,103.30078125,103.296875,103.30078125,171.0
2025-05-21 15:50:00+00:00,103.30078125,103.30078125,103.296875,103.296875,113.0
2025-05-21 15:51:00+00:00,103.296875,103.30078125,103.296875,103.30078125,241.0
2025-05-21 15:52:00+00:00,103.3046875,103.3046875,103.296875,103.30078125,6347.0
2025-05-21 15:53:00+00:00,103.30078125,103.3046875,103.296875,103.3046875,1340.0
2025-05-21 15:54:00+00:00,103.3046875,103.3046875,103.296875,103.30078125,1942.0
2025-05-21 15:55:00+00:00,103.3046875,103.3046875,103.30078125,103.3046875,1173.0
2025-05-21 15:56:00+00:00,103.30078125,103.3046875,103.30078125,103.30078125,1186.0
2025-05-21 15:57:00+00:00,103.296875,103.30078125,103.29296875,103.296875,787.0
2025-05-21 15:58:00+00:00,103.2890625,103.296875,103.2890625,103.29296875,13459.0
2025-05-21 15:59:00+00:00,103.29296875,103.296875,103.29296875,103.29296875,4527.0
2025-05-21 16:00:00+00:00,103.29296875,103.29296875,103.2890625,103.2890625,318.0
2025-05-21 16:01:00+00:00,103.29296875,103.29296875,103.2890625,103.2890625,2361.0
2025-05-21 16:02:00+00:00,103.29296875,103.29296875,103.2890625,103.29296875,506.0
2025-05-21 16:03:00+00:00,103.29296875,103.296875,103.29296875,103.29296875,1729.0
2025-05-21 16:04:00+00:00,103.2890625,103.296875,103.2890625,103.29296875,1500.0
2025-05-21 16:05:00+00:00,103.2890625,103.29296875,103.2890625,103.2890625,293.0
2025-05-21 16:06:00+00:00,103.2890625,103.29296875,103.2890625,103.2890625,1586.0
2025-05-21 16:07:00+00:00,103.2890625,103.29296875,103.2890625,103.2890625,1250.0
2025-05-21 16:08:00+00:00,103.2890625,103.29296875,103.2890625,103.2890625,890.0
2025-05-21 16:09:00+00:00,103.2890625,103.29296875,103.2890625,103.2890625,287.0
2025-05-21 16:10:00+00:00,103.2890625,103.29296875,103.2890625,103.2890625,425.0
2025-05-21 16:11:00+00:00,103.2890625,103.29296875,103.2890625,103.2890625,406.0
2025-05-21 16:12:00+00:00,103.2890625,103.29296875,103.2890625,103.2890625,156.0
2025-05-21 16:13:00+00:00,103.29296875,103.29296875,103.2890625,103.2890625,567.0
2025-05-21 16:14:00+00:00,103.29296875,103.296875,103.29296875,103.29296875,171.0
2025-05-21 16:15:00+00:00,103.29296875,103.296875,103.29296875,103.29296875,210.0
2025-05-21 16:16:00+00:00,103.29296875,103.296875,103.29296875,103.29296875,141.0
2025-05-21 16:17:00+00:00,103.296875,103.296875,103.29296875,103.296875,8489.0
2025-05-21 16:18:00+00:00,103.296875,103.296875,103.29296875,103.29296875,1112.0
2025-05-21 16:19:00+00:00,103.29296875,103.296875,103.29296875,103.29296875,166.0
2025-05-21 16:20:00+00:00,103.296875,103.30078125,103.29296875,103.29296875,603.0
2025-05-21 16:21:00+00:00,103.296875,103.296875,103.29296875,103.296875,302.0
2025-05-21 16:22:00+00:00,103.296875,103.30078125,103.296875,103.296875,3883.0
2025-05-21 16:23:00+00:00,103.296875,103.30078125,103.296875,103.296875,594.0
2025-05-21 16:24:00+00:00,103.30078125,103.30078125,103.296875,103.296875,68.0
2025-05-21 16:25:00+00:00,103.296875,103.30078125,103.29296875,103.296875,1754.0
2025-05-21 16:26:00+00:00,103.296875,103.30078125,103.29296875,103.29296875,1577.0
2025-05-21 16:27:00+00:00,103.296875,103.30078125,103.296875,103.296875,77.0
2025-05-21 16:28:00+00:00,103.296875,103.30078125,103.296875,103.296875,66.0
2025-05-21 16:29:00+00:00,103.30078125,103.30078125,103.296875,103.296875,92.0
2025-05-21 16:30:00+00:00,103.29296875,103.296875,103.29296875,103.296875,569.0
2025-05-21 16:31:00+00:00,103.29296875,103.29296875,103.29296875,103.29296875,80.0
2025-05-21 16:32:00+00:00,103.29296875,103.296875,103.29296875,103.29296875,302.0
2025-05-21 16:33:00+00:00,103.296875,103.30078125,103.29296875,103.296875,1964.0
2025-05-21 16:34:00+00:00,103.30078125,103.30078125,103.296875,103.30078125,1512.0
2025-05-21 16:35:00+00:00,103.296875,103.296875,103.296875,103.296875,9.0
2025-05-21 16:36:00+00:00,103.296875,103.296875,103.296875,103.296875,208.0
2025-05-21 16:37:00+00:00,103.29296875,103.296875,103.29296875,103.296875,1884.0
2025-05-21 16:38:00+00:00,103.29296875,103.296875,103.29296875,103.29296875,432.0
2025-05-21 16:39:00+00:00,103.296875,103.296875,103.29296875,103.29296875,509.0
2025-05-21 16:40:00+00:00,103.296875,103.296875,103.29296875,103.296875,734.0
2025-05-21 16:41:00+00:00,103.29296875,103.296875,103.29296875,103.29296875,155.0
2025-05-21 16:42:00+00:00,103.29296875,103.296875,103.29296875,103.29296875,77.0
2025-05-21 16:43:00+00:00,103.296875,103.296875,103.29296875,103.29296875,56.0
2025-05-21 16:44:00+00:00,103.29296875,103.296875,103.29296875,103.296875,131.0
2025-05-21 16:46:00+00:00,103.29296875,103.29296875,103.29296875,103.29296875,98.0
2025-05-21 16:47:00+00:00,103.29296875,103.296875,103.29296875,103.29296875,284.0
2025-05-21 16:48:00+00:00,103.29296875,103.296875,103.29296875,103.29296875,58.0
2025-05-21 16:49:00+00:00,103.29296875,103.296875,103.29296875,103.29296875,185.0
2025-05-21 16:50:00+00:00,103.296875,103.296875,103.29296875,103.29296875,753.0
2025-05-21 16:51:00+00:00,103.29296875,103.296875,103.29296875,103.29296875,269.0
2025-05-21 16:52:00+00:00,103.29296875,103.296875,103.29296875,103.29296875,161.0
2025-05-21 16:53:00+00:00,103.29296875,103.296875,103.29296875,103.29296875,305.0
2025-05-21 16:54:00+00:00,103.29296875,103.296875,103.29296875,103.29296875,85.0
2025-05-21 16:55:00+00:00,103.296875,103.296875,103.29296875,103.29296875,773.0
2025-05-21 16:56:00+00:00,103.296875,103.296875,103.29296875,103.29296875,1233.0
2025-05-21 16:57:00+00:00,103.296875,103.30078125,103.296875,103.296875,164.0
2025-05-21 16:58:00+00:00,103.29296875,103.296875,103.29296875,103.296875,1931.0
2025-05-21 16:59:00+00:00,103.29296875,103.296875,103.29296875,103.29296875,690.0
2025-05-21 17:00:00+00:00,103.29296875,103.296875,103.29296875,103.29296875,472.0
2025-05-21 17:01:00+00:00,103.29296875,103.296875,103.29296875,103.29296875,788.0
2025-05-21 17:02:00+00:00,103.296875,103.296875,103.2890625,103.29296875,2608.0
2025-05-21 17:03:00+00:00,103.296875,103.296875,103.29296875,103.29296875,633.0
2025-05-21 17:04:00+00:00,103.2890625,103.296875,103.2890625,103.296875,1324.0
2025-05-21 17:05:00+00:00,103.29296875,103.296875,103.2890625,103.2890625,530.0
2025-05-21 17:06:00+00:00,103.29296875,103.296875,103.29296875,103.296875,346.0
2025-05-21 17:07:00+00:00,103.2890625,103.296875,103.2890625,103.29296875,359.0
2025-05-21 17:08:00+00:00,103.28515625,103.29296875,103.28515625,103.2890625,19842.0
2025-05-21 17:09:00+00:00,103.28515625,103.28515625,103.28125,103.28515625,4359.0
2025-05-21 17:10:00+00:00,103.28515625,103.2890625,103.28515625,103.28515625,4269.0
2025-05-21 17:11:00+00:00,103.2890625,103.29296875,103.28125,103.28515625,3037.0
2025-05-21 17:12:00+00:00,103.27734375,103.28515625,103.27734375,103.28515625,4501.0
2025-05-21 17:13:00+00:00,103.27734375,103.28125,103.27734375,103.28125,1685.0
2025-05-21 17:14:00+00:00,103.28125,103.28515625,103.28125,103.28125,689.0
2025-05-21 17:15:00+00:00,103.28125,103.28125,103.27734375,103.28125,1330.0
2025-05-21 17:16:00+00:00,103.2734375,103.28125,103.26953125,103.28125,4897.0
2025-05-21 17:17:00+00:00,103.2734375,103.27734375,103.26953125,103.2734375,1195.0
2025-05-21 17:18:00+00:00,103.27734375,103.28515625,103.27734375,103.27734375,11178.0
2025-05-21 17:19:00+00:00,103.2734375,103.28125,103.2734375,103.27734375,4916.0
2025-05-21 17:20:00+00:00,103.27734375,103.28125,103.26953125,103.2734375,1456.0
2025-05-21 17:21:00+00:00,103.27734375,103.28125,103.2734375,103.28125,2322.0
2025-05-21 17:22:00+00:00,103.28125,103.28125,103.27734375,103.28125,1790.0
2025-05-21 17:23:00+00:00,103.28125,103.28515625,103.27734375,103.28125,2296.0
2025-05-21 17:24:00+00:00,103.28125,103.28125,103.27734375,103.28125,2513.0
2025-05-21 17:25:00+00:00,103.28125,103.28515625,103.27734375,103.28125,2183.0
2025-05-21 17:26:00+00:00,103.28125,103.28515625,103.27734375,103.27734375,1858.0
2025-05-21 17:27:00+00:00,103.28125,103.28515625,103.27734375,103.27734375,1493.0
2025-05-21 17:28:00+00:00,103.28125,103.28125,103.2734375,103.27734375,12249.0
2025-05-21 17:29:00+00:00,103.27734375,103.28125,103.2734375,103.27734375,7232.0
2025-05-21 17:30:00+00:00,103.265625,103.27734375,103.265625,103.27734375,31227.0
2025-05-21 17:31:00+00:00,103.265625,103.26953125,103.26171875,103.26171875,5255.0
2025-05-21 17:32:00+00:00,103.26953125,103.26953125,103.265625,103.265625,2864.0
2025-05-21 17:33:00+00:00,103.26953125,103.26953125,103.265625,103.26953125,2322.0
2025-05-21 17:34:00+00:00,103.2734375,103.2734375,103.26953125,103.26953125,1305.0
2025-05-21 17:35:00+00:00,103.26953125,103.2734375,103.265625,103.2734375,1946.0
2025-05-21 17:36:00+00:00,103.265625,103.2734375,103.265625,103.265625,1911.0
2025-05-21 17:37:00+00:00,103.26953125,103.26953125,103.265625,103.265625,1486.0
2025-05-21 17:38:00+00:00,103.26953125,103.26953125,103.265625,103.26953125,939.0
2025-05-21 17:39:00+00:00,103.26953125,103.2734375,103.265625,103.26953125,796.0
2025-05-21 17:40:00+00:00,103.2734375,103.27734375,103.26953125,103.26953125,9700.0
2025-05-21 17:41:00+00:00,103.2734375,103.2734375,103.26953125,103.2734375,2500.0
2025-05-21 17:42:00+00:00,103.28125,103.28125,103.2734375,103.2734375,15108.0
2025-05-21 17:43:00+00:00,103.28125,103.28515625,103.27734375,103.28515625,8098.0
2025-05-21 17:44:00+00:00,103.28125,103.28515625,103.28125,103.28515625,1043.0
2025-05-21 17:45:00+00:00,103.28125,103.28125,103.2734375,103.27734375,475.0
2025-05-21 17:46:00+00:00,103.28125,103.28515625,103.27734375,103.28515625,1283.0
2025-05-21 17:47:00+00:00,103.27734375,103.28125,103.27734375,103.28125,1661.0
2025-05-21 17:48:00+00:00,103.28125,103.28125,103.27734375,103.27734375,3045.0
2025-05-21 17:49:00+00:00,103.2734375,103.27734375,103.2734375,103.27734375,507.0
2025-05-21 17:50:00+00:00,103.27734375,103.28125,103.27734375,103.27734375,394.0
2025-05-21 17:51:00+00:00,103.28125,103.28515625,103.27734375,103.27734375,1648.0
2025-05-21 17:52:00+00:00,103.27734375,103.28125,103.27734375,103.28125,745.0
2025-05-21 17:53:00+00:00,103.27734375,103.28125,103.27734375,103.27734375,9179.0
2025-05-21 17:54:00+00:00,103.2734375,103.28125,103.26953125,103.27734375,2410.0
2025-05-21 17:55:00+00:00,103.27734375,103.27734375,103.26953125,103.2734375,2418.0
2025-05-21 17:56:00+00:00,103.2734375,103.27734375,103.2734375,103.27734375,2141.0
2025-05-21 17:57:00+00:00,103.2734375,103.27734375,103.2734375,103.2734375,9989.0
2025-05-21 17:58:00+00:00,103.27734375,103.27734375,103.2734375,103.2734375,580.0
2025-05-21 17:59:00+00:00,103.27734375,103.28125,103.27734375,103.27734375,936.0
2025-05-21 18:00:00+00:00,103.28125,103.28125,103.27734375,103.27734375,1725.0
2025-05-21 18:01:00+00:00,103.28125,103.28125,103.28125,103.28125,665.0
2025-05-21 18:02:00+00:00,103.28515625,103.28515625,103.28125,103.28515625,1659.0
2025-05-21 18:03:00+00:00,103.28515625,103.28515625,103.28125,103.28125,619.0
2025-05-21 18:04:00+00:00,103.28515625,103.2890625,103.28125,103.28515625,1330.0
2025-05-21 18:05:00+00:00,103.27734375,103.2890625,103.27734375,103.28515625,2816.0
2025-05-21 18:06:00+00:00,103.28515625,103.28515625,103.27734375,103.28125,2368.0
2025-05-21 18:07:00+00:00,103.2890625,103.2890625,103.28125,103.28515625,1152.0
2025-05-21 18:08:00+00:00,103.29296875,103.296875,103.2890625,103.2890625,1543.0
2025-05-21 18:09:00+00:00,103.29296875,103.296875,103.29296875,103.29296875,404.0
2025-05-21 18:10:00+00:00,103.29296875,103.296875,103.29296875,103.29296875,1271.0
2025-05-21 18:11:00+00:00,103.28515625,103.29296875,103.28125,103.29296875,3163.0
2025-05-21 18:12:00+00:00,103.28515625,103.2890625,103.28515625,103.28515625,316.0
2025-05-21 18:13:00+00:00,103.28515625,103.2890625,103.28515625,103.2890625,1063.0
2025-05-21 18:14:00+00:00,103.28515625,103.2890625,103.28515625,103.2890625,461.0
2025-05-21 18:15:00+00:00,103.2890625,103.2890625,103.28515625,103.28515625,225.0
2025-05-21 18:16:00+00:00,103.2890625,103.2890625,103.28515625,103.2890625,528.0
2025-05-21 18:18:00+00:00,103.28515625,103.2890625,103.28515625,103.2890625,932.0
2025-05-21 18:19:00+00:00,103.28515625,103.2890625,103.28515625,103.28515625,130.0
2025-05-21 18:20:00+00:00,103.28125,103.2890625,103.28125,103.2890625,443.0
2025-05-21 18:21:00+00:00,103.28125,103.28515625,103.28125,103.28125,389.0
2025-05-21 18:22:00+00:00,103.28515625,103.28515625,103.28125,103.28515625,698.0
2025-05-21 18:23:00+00:00,103.28125,103.2890625,103.28125,103.28515625,1064.0
2025-05-21 18:24:00+00:00,103.28515625,103.28515625,103.28125,103.28515625,545.0
2025-05-21 18:25:00+00:00,103.28125,103.28515625,103.28125,103.28515625,230.0
2025-05-21 18:26:00+00:00,103.28125,103.28515625,103.28125,103.28125,2396.0
2025-05-21 18:27:00+00:00,103.28515625,103.28515625,103.28125,103.28125,581.0
2025-05-21 18:28:00+00:00,103.28515625,103.28515625,103.28515625,103.28515625,84.0
2025-05-21 18:29:00+00:00,103.2890625,103.2890625,103.28515625,103.28515625,153.0
2025-05-21 18:30:00+00:00,103.2890625,103.29296875,103.28515625,103.28515625,1100.0
2025-05-21 18:31:00+00:00,103.2890625,103.2890625,103.28515625,103.2890625,833.0
2025-05-21 18:32:00+00:00,103.2890625,103.29296875,103.28515625,103.2890625,307.0
2025-05-21 18:33:00+00:00,103.29296875,103.29296875,103.2890625,103.2890625,667.0
2025-05-21 18:34:00+00:00,103.29296875,103.296875,103.29296875,103.29296875,100.0
2025-05-21 18:35:00+00:00,103.29296875,103.296875,103.29296875,103.29296875,1114.0
2025-05-21 18:36:00+00:00,103.296875,103.296875,103.29296875,103.29296875,208.0
2025-05-21 18:37:00+00:00,103.29296875,103.296875,103.29296875,103.29296875,149.0
2025-05-21 18:38:00+00:00,103.29296875,103.296875,103.29296875,103.29296875,135.0
2025-05-21 18:39:00+00:00,103.296875,103.296875,103.29296875,103.29296875,389.0
2025-05-21 18:40:00+00:00,103.296875,103.296875,103.29296875,103.29296875,1400.0
2025-05-21 18:41:00+00:00,103.296875,103.296875,103.29296875,103.29296875,491.0
2025-05-21 18:42:00+00:00,103.29296875,103.296875,103.29296875,103.296875,791.0
2025-05-21 18:43:00+00:00,103.29296875,103.296875,103.29296875,103.29296875,716.0
2025-05-21 18:44:00+00:00,103.29296875,103.29296875,103.2890625,103.29296875,1211.0
2025-05-21 18:45:00+00:00,103.29296875,103.29296875,103.29296875,103.29296875,1066.0
2025-05-21 18:46:00+00:00,103.2890625,103.29296875,103.2890625,103.29296875,800.0
2025-05-21 18:47:00+00:00,103.28515625,103.2890625,103.28515625,103.2890625,2980.0
2025-05-21 18:48:00+00:00,103.28515625,103.2890625,103.28125,103.28515625,1745.0
2025-05-21 18:49:00+00:00,103.28515625,103.28515625,103.28125,103.28125,423.0
2025-05-21 18:50:00+00:00,103.28125,103.28515625,103.28125,103.28515625,81.0
2025-05-21 18:51:00+00:00,103.28125,103.28125,103.27734375,103.28125,1284.0
2025-05-21 18:52:00+00:00,103.28125,103.28515625,103.27734375,103.28125,241.0
2025-05-21 18:53:00+00:00,103.27734375,103.28125,103.27734375,103.28125,361.0
2025-05-21 18:54:00+00:00,103.27734375,103.28125,103.27734375,103.27734375,215.0
2025-05-21 18:55:00+00:00,103.28125,103.28515625,103.27734375,103.27734375,3257.0
2025-05-21 18:56:00+00:00,103.28125,103.28515625,103.27734375,103.28125,2087.0
2025-05-21 18:57:00+00:00,103.28125,103.28125,103.27734375,103.27734375,479.0
2025-05-21 18:58:00+00:00,103.27734375,103.28125,103.27734375,103.27734375,196.0
2025-05-21 18:59:00+00:00,103.2734375,103.28125,103.2734375,103.27734375,3680.0
2025-05-21 19:00:00+00:00,103.27734375,103.28125,103.2734375,103.27734375,1410.0
2025-05-21 19:01:00+00:00,103.27734375,103.28125,103.2734375,103.28125,1694.0
2025-05-21 19:02:00+00:00,103.27734375,103.27734375,103.27734375,103.27734375,123.0
2025-05-21 19:03:00+00:00,103.2890625,103.2890625,103.27734375,103.27734375,1317.0
2025-05-21 19:04:00+00:00,103.2890625,103.2890625,103.28515625,103.28515625,599.0
2025-05-21 19:05:00+00:00,103.28515625,103.2890625,103.28515625,103.2890625,957.0
2025-05-21 19:06:00+00:00,103.2890625,103.2890625,103.28515625,103.28515625,980.0
2025-05-21 19:07:00+00:00,103.2890625,103.29296875,103.2890625,103.2890625,105.0
2025-05-21 19:08:00+00:00,103.296875,103.296875,103.2890625,103.2890625,728.0
2025-05-21 19:09:00+00:00,103.29296875,103.29296875,103.29296875,103.29296875,111.0
2025-05-21 19:10:00+00:00,103.29296875,103.296875,103.29296875,103.29296875,57.0
2025-05-21 19:11:00+00:00,103.29296875,103.29296875,103.29296875,103.29296875,103.0
2025-05-21 19:12:00+00:00,103.2890625,103.296875,103.2890625,103.29296875,1148.0
2025-05-21 19:13:00+00:00,103.29296875,103.29296875,103.2890625,103.2890625,1275.0
2025-05-21 19:14:00+00:00,103.29296875,103.296875,103.2890625,103.2890625,11458.0
2025-05-21 19:15:00+00:00,103.296875,103.30078125,103.29296875,103.29296875,1139.0
2025-05-21 19:16:00+00:00,103.30078125,103.30078125,103.296875,103.296875,325.0
2025-05-21 19:17:00+00:00,103.296875,103.30078125,103.296875,103.30078125,433.0
2025-05-21 19:18:00+00:00,103.296875,103.30078125,103.296875,103.30078125,1063.0
2025-05-21 19:19:00+00:00,103.30078125,103.30078125,103.296875,103.296875,531.0
2025-05-21 19:20:00+00:00,103.3046875,103.3046875,103.30078125,103.30078125,4048.0
2025-05-21 19:21:00+00:00,103.30078125,103.3046875,103.296875,103.3046875,1900.0
2025-05-21 19:22:00+00:00,103.30078125,103.30078125,103.30078125,103.30078125,106.0
2025-05-21 19:23:00+00:00,103.30078125,103.3046875,103.30078125,103.3046875,102.0
2025-05-21 19:24:00+00:00,103.30078125,103.3046875,103.30078125,103.3046875,192.0
2025-05-21 19:25:00+00:00,103.30078125,103.30078125,103.30078125,103.30078125,159.0
2025-05-21 19:26:00+00:00,103.30078125,103.3046875,103.30078125,103.30078125,222.0
2025-05-21 19:27:00+00:00,103.30078125,103.30078125,103.296875,103.30078125,2128.0
2025-05-21 19:28:00+00:00,103.296875,103.30078125,103.296875,103.30078125,318.0
2025-05-21 19:29:00+00:00,103.296875,103.30078125,103.296875,103.30078125,1954.0
2025-05-21 19:30:00+00:00,103.296875,103.296875,103.296875,103.296875,196.0
2025-05-21 19:31:00+00:00,103.296875,103.296875,103.296875,103.296875,1220.0
2025-05-21 19:32:00+00:00,103.296875,103.296875,103.296875,103.296875,877.0
2025-05-21 19:33:00+00:00,103.296875,103.296875,103.296875,103.296875,621.0
2025-05-21 19:34:00+00:00,103.29296875,103.296875,103.29296875,103.296875,8.0
2025-05-21 19:35:00+00:00,103.296875,103.296875,103.29296875,103.29296875,12332.0
2025-05-21 19:36:00+00:00,103.296875,103.296875,103.29296875,103.296875,268.0
2025-05-21 19:37:00+00:00,103.296875,103.296875,103.29296875,103.29296875,921.0
2025-05-21 19:38:00+00:00,103.296875,103.296875,103.296875,103.296875,645.0
2025-05-21 19:39:00+00:00,103.30078125,103.30078125,103.296875,103.296875,636.0
2025-05-21 19:40:00+00:00,103.296875,103.30078125,103.296875,103.30078125,3119.0
2025-05-21 19:41:00+00:00,103.29296875,103.296875,103.29296875,103.296875,92.0
2025-05-21 19:42:00+00:00,103.2890625,103.29296875,103.2890625,103.29296875,1477.0
2025-05-21 19:43:00+00:00,103.29296875,103.29296875,103.2890625,103.2890625,38.0
2025-05-21 19:44:00+00:00,103.29296875,103.29296875,103.29296875,103.29296875,838.0
2025-05-21 19:45:00+00:00,103.296875,103.296875,103.29296875,103.29296875,1105.0
2025-05-21 19:46:00+00:00,103.29296875,103.296875,103.29296875,103.29296875,116.0
2025-05-21 19:47:00+00:00,103.29296875,103.296875,103.29296875,103.296875,84.0
2025-05-21 19:48:00+00:00,103.29296875,103.296875,103.29296875,103.296875,151.0
2025-05-21 19:49:00+00:00,103.296875,103.296875,103.296875,103.296875,49.0
2025-05-21 19:50:00+00:00,103.29296875,103.296875,103.29296875,103.29296875,39.0
2025-05-21 19:51:00+00:00,103.29296875,103.29296875,103.29296875,103.29296875,2435.0
2025-05-21 19:52:00+00:00,103.296875,103.296875,103.29296875,103.29296875,1993.0
2025-05-21 19:53:00+00:00,103.296875,103.296875,103.29296875,103.29296875,74.0
2025-05-21 19:54:00+00:00,103.296875,103.30078125,103.29296875,103.296875,4102.0
2025-05-21 19:55:00+00:00,103.296875,103.30078125,103.29296875,103.296875,717.0
2025-05-21 19:56:00+00:00,103.29296875,103.296875,103.29296875,103.29296875,44.0
2025-05-21 19:57:00+00:00,103.29296875,103.296875,103.29296875,103.296875,63.0
2025-05-21 19:58:00+00:00,103.29296875,103.29296875,103.29296875,103.29296875,104.0
2025-05-21 19:59:00+00:00,103.296875,103.296875,103.29296875,103.29296875,1232.0
2025-05-21 20:00:00+00:00,103.2890625,103.296875,103.28515625,103.29296875,3041.0
2025-05-21 20:01:00+00:00,103.28515625,103.2890625,103.28515625,103.2890625,301.0
2025-05-21 20:02:00+00:00,103.28515625,103.2890625,103.28515625,103.28515625,2087.0
2025-05-21 20:03:00+00:00,103.28515625,103.2890625,103.28515625,103.2890625,467.0
2025-05-21 20:04:00+00:00,103.28125,103.28515625,103.28125,103.28515625,1567.0
2025-05-21 20:05:00+00:00,103.28515625,103.28515625,103.28125,103.28125,299.0
2025-05-21 20:06:00+00:00,103.28125,103.28515625,103.28125,103.28125,2428.0
2025-05-21 20:07:00+00:00,103.28515625,103.28515625,103.28515625,103.28515625,88.0
2025-05-21 20:08:00+00:00,103.28125,103.28515625,103.28125,103.28515625,1098.0
2025-05-21 20:09:00+00:00,103.28515625,103.28515625,103.28125,103.28125,1516.0
2025-05-21 20:10:00+00:00,103.28515625,103.28515625,103.28515625,103.28515625,12.0
2025-05-21 20:11:00+00:00,103.28125,103.28515625,103.28125,103.28515625,2118.0
2025-05-21 20:12:00+00:00,103.28515625,103.28515625,103.28125,103.28125,221.0
2025-05-21 20:13:00+00:00,103.28515625,103.28515625,103.28125,103.28515625,45.0
2025-05-21 20:14:00+00:00,103.28125,103.28125,103.27734375,103.28125,709.0
2025-05-21 20:15:00+00:00,103.27734375,103.28125,103.27734375,103.28125,3756.0
2025-05-21 20:16:00+00:00,103.27734375,103.27734375,103.27734375,103.27734375,2649.0
2025-05-21 20:17:00+00:00,103.27734375,103.27734375,103.2734375,103.27734375,348.0
2025-05-21 20:18:00+00:00,103.27734375,103.28125,103.27734375,103.28125,408.0
2025-05-21 20:19:00+00:00,103.28125,103.28125,103.27734375,103.27734375,89.0
2025-05-21 20:20:00+00:00,103.27734375,103.28125,103.27734375,103.27734375,190.0
2025-05-21 20:21:00+00:00,103.27734375,103.27734375,103.27734375,103.27734375,785.0
2025-05-21 20:22:00+00:00,103.2734375,103.27734375,103.2734375,103.27734375,3230.0
2025-05-21 20:23:00+00:00,103.27734375,103.27734375,103.2734375,103.27734375,1534.0
2025-05-21 20:24:00+00:00,103.27734375,103.27734375,103.2734375,103.2734375,1531.0
2025-05-21 20:25:00+00:00,103.27734375,103.28125,103.27734375,103.28125,17.0
2025-05-21 20:26:00+00:00,103.27734375,103.27734375,103.27734375,103.27734375,152.0
2025-05-21 20:27:00+00:00,103.27734375,103.27734375,103.27734375,103.27734375,138.0
2025-05-21 20:28:00+00:00,103.27734375,103.28125,103.27734375,103.28125,5362.0
2025-05-21 20:29:00+00:00,103.27734375,103.27734375,103.2734375,103.27734375,1508.0
2025-05-21 20:30:00+00:00,103.2734375,103.27734375,103.2734375,103.27734375,197.0
2025-05-21 20:31:00+00:00,103.27734375,103.27734375,103.2734375,103.27734375,1594.0
2025-05-21 20:32:00+00:00,103.27734375,103.27734375,103.27734375,103.27734375,2213.0
2025-05-21 20:33:00+00:00,103.27734375,103.27734375,103.27734375,103.27734375,91.0
2025-05-21 20:34:00+00:00,103.2734375,103.27734375,103.2734375,103.27734375,533.0
2025-05-21 20:35:00+00:00,103.27734375,103.27734375,103.2734375,103.2734375,545.0
2025-05-21 20:36:00+00:00,103.2734375,103.27734375,103.2734375,103.2734375,805.0
2025-05-21 20:37:00+00:00,103.2734375,103.27734375,103.2734375,103.27734375,452.0
2025-05-21 20:38:00+00:00,103.2734375,103.27734375,103.2734375,103.2734375,2592.0
2025-05-21 20:39:00+00:00,103.27734375,103.27734375,103.27734375,103.27734375,1.0
2025-05-21 20:40:00+00:00,103.2734375,103.27734375,103.2734375,103.27734375,3118.0
2025-05-21 20:41:00+00:00,103.2734375,103.27734375,103.2734375,103.2734375,706.0
2025-05-21 20:42:00+00:00,103.26953125,103.2734375,103.26953125,103.2734375,506.0
2025-05-21 20:43:00+00:00,103.2734375,103.2734375,103.2734375,103.2734375,150.0
2025-05-21 20:44:00+00:00,103.2734375,103.2734375,103.26953125,103.2734375,96.0
2025-05-21 20:45:00+00:00,103.26953125,103.26953125,103.26953125,103.26953125,3.0
2025-05-21 20:46:00+00:00,103.265625,103.2734375,103.265625,103.26953125,1883.0
2025-05-21 20:47:00+00:00,103.26953125,103.26953125,103.265625,103.26953125,501.0
2025-05-21 20:48:00+00:00,103.265625,103.265625,103.265625,103.265625,5.0
2025-05-21 20:49:00+00:00,103.26953125,103.26953125,103.265625,103.265625,11.0
2025-05-21 20:50:00+00:00,103.265625,103.26953125,103.265625,103.26953125,256.0
2025-05-21 20:51:00+00:00,103.265625,103.265625,103.265625,103.265625,223.0
2025-05-21 20:52:00+00:00,103.265625,103.265625,103.265625,103.265625,134.0
2025-05-21 20:53:00+00:00,103.26953125,103.26953125,103.265625,103.265625,123.0
2025-05-21 20:54:00+00:00,103.265625,103.26953125,103.265625,103.26953125,199.0
2025-05-21 20:55:00+00:00,103.265625,103.26953125,103.265625,103.26953125,118.0
2025-05-21 20:56:00+00:00,103.265625,103.26953125,103.265625,103.26953125,95.0
2025-05-21 20:57:00+00:00,103.265625,103.26953125,103.265625,103.26953125,295.0
2025-05-21 20:58:00+00:00,103.265625,103.26953125,103.265625,103.265625,144.0
2025-05-21 20:59:00+00:00,103.265625,103.26953125,103.265625,103.265625,450.0
2025-05-21 22:00:00+00:00,103.26953125,103.2734375,103.26953125,103.26953125,0.0
2025-05-21 22:01:00+00:00,103.2734375,103.2734375,103.2734375,103.2734375,167.0
2025-05-21 22:02:00+00:00,103.2734375,103.2734375,103.26953125,103.26953125,251.0
2025-05-21 22:03:00+00:00,103.2734375,103.2734375,103.2734375,103.2734375,6.0
2025-05-21 22:04:00+00:00,103.2734375,103.27734375,103.2734375,103.27734375,134.0
2025-05-21 22:05:00+00:00,103.26953125,103.26953125,103.26953125,103.26953125,994.0
2025-05-21 22:06:00+00:00,103.265625,103.26953125,103.265625,103.26953125,11.0
2025-05-21 22:07:00+00:00,103.2734375,103.2734375,103.26953125,103.26953125,630.0
2025-05-21 22:08:00+00:00,103.27734375,103.27734375,103.2734375,103.2734375,29.0
2025-05-21 22:10:00+00:00,103.27734375,103.27734375,103.27734375,103.27734375,3.0
2025-05-21 22:11:00+00:00,103.27734375,103.27734375,103.27734375,103.27734375,5.0
2025-05-21 22:12:00+00:00,103.27734375,103.27734375,103.27734375,103.27734375,12.0
2025-05-21 22:16:00+00:00,103.27734375,103.27734375,103.27734375,103.27734375,10.0
2025-05-21 22:17:00+00:00,103.27734375,103.27734375,103.27734375,103.27734375,269.0
2025-05-21 22:21:00+00:00,103.2734375,103.2734375,103.2734375,103.2734375,1.0
2025-05-21 22:26:00+00:00,103.27734375,103.27734375,103.27734375,103.27734375,4.0
2025-05-21 22:28:00+00:00,103.2734375,103.27734375,103.2734375,103.27734375,31.0
2025-05-21 22:29:00+00:00,103.26953125,103.2734375,103.26953125,103.2734375,76.0
2025-05-21 22:30:00+00:00,103.26953125,103.26953125,103.26953125,103.26953125,24.0
2025-05-21 22:32:00+00:00,103.26953125,103.26953125,103.265625,103.265625,176.0
2025-05-21 22:33:00+00:00,103.26953125,103.26953125,103.26953125,103.26953125,41.0
2025-05-21 22:34:00+00:00,103.26953125,103.26953125,103.26953125,103.26953125,6.0
2025-05-21 22:35:00+00:00,103.26953125,103.26953125,103.26953125,103.26953125,27.0
2025-05-21 22:36:00+00:00,103.26953125,103.26953125,103.26953125,103.26953125,129.0
2025-05-21 22:37:00+00:00,103.26953125,103.26953125,103.26953125,103.26953125,5.0
2025-05-21 22:38:00+00:00,103.2734375,103.2734375,103.2734375,103.2734375,411.0
2025-05-21 22:40:00+00:00,103.2734375,103.2734375,103.2734375,103.2734375,34.0
2025-05-21 22:41:00+00:00,103.26953125,103.26953125,103.26953125,103.26953125,14.0
2025-05-21 22:42:00+00:00,103.26953125,103.26953125,103.26953125,103.26953125,86.0
2025-05-21 22:44:00+00:00,103.265625,103.265625,103.265625,103.265625,31.0
2025-05-21 22:45:00+00:00,103.265625,103.265625,103.265625,103.265625,215.0
2025-05-21 22:46:00+00:00,103.265625,103.265625,103.265625,103.265625,1.0
2025-05-21 22:50:00+00:00,103.26953125,103.26953125,103.26953125,103.26953125,10.0
2025-05-21 22:51:00+00:00,103.26953125,103.26953125,103.26953125,103.26953125,1.0
2025-05-21 22:52:00+00:00,103.26953125,103.26953125,103.26953125,103.26953125,4.0
2025-05-21 22:55:00+00:00,103.26953125,103.26953125,103.26953125,103.26953125,2.0
2025-05-21 22:59:00+00:00,103.26953125,103.26953125,103.26953125,103.26953125,34.0
2025-05-21 23:02:00+00:00,103.265625,103.265625,103.265625,103.265625,201.0
2025-05-21 23:03:00+00:00,103.265625,103.265625,103.265625,103.265625,4.0
2025-05-21 23:04:00+00:00,103.26171875,103.26171875,103.26171875,103.26171875,1.0
2025-05-21 23:09:00+00:00,103.265625,103.265625,103.265625,103.265625,12.0
2025-05-21 23:11:00+00:00,103.26953125,103.26953125,103.26953125,103.26953125,195.0
2025-05-21 23:13:00+00:00,103.26953125,103.26953125,103.26953125,103.26953125,20.0
2025-05-21 23:22:00+00:00,103.26953125,103.26953125,103.26953125,103.26953125,21.0
2025-05-21 23:23:00+00:00,103.26953125,103.26953125,103.26953125,103.26953125,31.0
2025-05-21 23:28:00+00:00,103.265625,103.265625,103.265625,103.265625,102.0
2025-05-21 23:30:00+00:00,103.26953125,103.26953125,103.26953125,103.26953125,170.0
2025-05-21 23:33:00+00:00,103.2734375,103.2734375,103.2734375,103.2734375,187.0
2025-05-21 23:35:00+00:00,103.2734375,103.2734375,103.2734375,103.2734375,21.0
2025-05-21 23:36:00+00:00,103.2734375,103.2734375,103.2734375,103.2734375,100.0
2025-05-21 23:37:00+00:00,103.2734375,103.2734375,103.2734375,103.2734375,108.0
2025-05-21 23:38:00+00:00,103.2734375,103.2734375,103.2734375,103.2734375,55.0
2025-05-21 23:39:00+00:00,103.2734375,103.2734375,103.2734375,103.2734375,47.0
2025-05-21 23:41:00+00:00,103.2734375,103.2734375,103.2734375,103.2734375,551.0
2025-05-21 23:42:00+00:00,103.2734375,103.2734375,103.2734375,103.2734375,215.0
2025-05-21 23:43:00+00:00,103.2734375,103.2734375,103.2734375,103.2734375,164.0
2025-05-21 23:45:00+00:00,103.2734375,103.2734375,103.2734375,103.2734375,24.0
2025-05-21 23:46:00+00:00,103.2734375,103.2734375,103.2734375,103.2734375,113.0
2025-05-21 23:47:00+00:00,103.2734375,103.2734375,103.2734375,103.2734375,17.0
2025-05-21 23:50:00+00:00,103.2734375,103.2734375,103.2734375,103.2734375,222.0
2025-05-21 23:53:00+00:00,103.2734375,103.2734375,103.2734375,103.2734375,16.0
2025-05-21 23:54:00+00:00,103.2734375,103.2734375,103.2734375,103.2734375,51.0
2025-05-21 23:55:00+00:00,103.2734375,103.2734375,103.2734375,103.2734375,39.0
2025-05-21 23:56:00+00:00,103.2734375,103.2734375,103.2734375,103.2734375,41.0
2025-05-21 23:57:00+00:00,103.2734375,103.2734375,103.2734375,103.2734375,5.0
2025-05-21 23:58:00+00:00,103.2734375,103.2734375,103.2734375,103.2734375,57.0
2025-05-22 00:00:00+00:00,103.26953125,103.2734375,103.26953125,103.2734375,164.0
2025-05-22 00:01:00+00:00,103.265625,103.26953125,103.265625,103.26953125,652.0
2025-05-22 00:02:00+00:00,103.26953125,103.26953125,103.265625,103.26953125,369.0
2025-05-22 00:03:00+00:00,103.2734375,103.2734375,103.26953125,103.26953125,21.0
2025-05-22 00:04:00+00:00,103.26953125,103.2734375,103.26953125,103.26953125,104.0
2025-05-22 00:05:00+00:00,103.2734375,103.2734375,103.2734375,103.2734375,200.0
2025-05-22 00:06:00+00:00,103.2734375,103.2734375,103.26953125,103.26953125,34.0
2025-05-22 00:07:00+00:00,103.2734375,103.2734375,103.26953125,103.26953125,77.0
2025-05-22 00:08:00+00:00,103.2734375,103.2734375,103.2734375,103.2734375,62.0
2025-05-22 00:10:00+00:00,103.2734375,103.2734375,103.2734375,103.2734375,20.0
2025-05-22 00:13:00+00:00,103.28125,103.28125,103.27734375,103.27734375,213.0
2025-05-22 00:14:00+00:00,103.28125,103.28125,103.28125,103.28125,153.0
2025-05-22 00:15:00+00:00,103.28125,103.28125,103.28125,103.28125,362.0
2025-05-22 00:16:00+00:00,103.28125,103.28515625,103.27734375,103.28515625,249.0
2025-05-22 00:18:00+00:00,103.28125,103.28125,103.28125,103.28125,1.0
2025-05-22 00:19:00+00:00,103.27734375,103.27734375,103.27734375,103.27734375,218.0
2025-05-22 00:20:00+00:00,103.28125,103.28125,103.28125,103.28125,161.0
2025-05-22 00:21:00+00:00,103.28125,103.28125,103.28125,103.28125,238.0
2025-05-22 00:22:00+00:00,103.28125,103.28125,103.27734375,103.28125,256.0
2025-05-22 00:24:00+00:00,103.28125,103.28125,103.28125,103.28125,270.0
2025-05-22 00:25:00+00:00,103.28125,103.28125,103.28125,103.28125,305.0
2025-05-22 00:26:00+00:00,103.28125,103.28125,103.28125,103.28125,160.0
2025-05-22 00:27:00+00:00,103.28125,103.28125,103.28125,103.28125,53.0
2025-05-22 00:29:00+00:00,103.28125,103.28125,103.28125,103.28125,43.0
2025-05-22 00:30:00+00:00,103.28125,103.28125,103.28125,103.28125,68.0
2025-05-22 00:31:00+00:00,103.28125,103.28125,103.28125,103.28125,443.0
2025-05-22 00:32:00+00:00,103.28125,103.28125,103.28125,103.28125,17.0
2025-05-22 00:35:00+00:00,103.28125,103.28125,103.28125,103.28125,307.0
2025-05-22 00:36:00+00:00,103.28125,103.28125,103.28125,103.28125,23.0
2025-05-22 00:37:00+00:00,103.28125,103.28125,103.28125,103.28125,22.0
2025-05-22 00:38:00+00:00,103.28125,103.28125,103.28125,103.28125,7.0
2025-05-22 00:40:00+00:00,103.28125,103.28515625,103.28125,103.28515625,173.0
2025-05-22 00:42:00+00:00,103.28515625,103.28515625,103.28515625,103.28515625,391.0
2025-05-22 00:45:00+00:00,103.28515625,103.28515625,103.28125,103.28515625,139.0
2025-05-22 00:46:00+00:00,103.28515625,103.28515625,103.28515625,103.28515625,36.0
2025-05-22 00:47:00+00:00,103.28515625,103.28515625,103.28515625,103.28515625,264.0
2025-05-22 00:50:00+00:00,103.28515625,103.28515625,103.28515625,103.28515625,149.0
2025-05-22 00:53:00+00:00,103.28515625,103.28515625,103.28515625,103.28515625,233.0
2025-05-22 00:54:00+00:00,103.28515625,103.28515625,103.28515625,103.28515625,70.0
2025-05-22 00:55:00+00:00,103.28515625,103.28515625,103.28515625,103.28515625,96.0
2025-05-22 00:56:00+00:00,103.28515625,103.28515625,103.28515625,103.28515625,63.0
2025-05-22 00:58:00+00:00,103.2890625,103.2890625,103.2890625,103.2890625,35.0
2025-05-22 00:59:00+00:00,103.28515625,103.2890625,103.28515625,103.2890625,78.0
2025-05-22 01:00:00+00:00,103.28515625,103.28515625,103.28515625,103.28515625,72.0
2025-05-22 01:01:00+00:00,103.28515625,103.2890625,103.28515625,103.2890625,136.0
2025-05-22 01:02:00+00:00,103.28125,103.28125,103.28125,103.28125,8.0
2025-05-22 01:03:00+00:00,103.28125,103.28125,103.28125,103.28125,118.0
2025-05-22 01:04:00+00:00,103.28125,103.28125,103.28125,103.28125,44.0
2025-05-22 01:05:00+00:00,103.28515625,103.28515625,103.28125,103.28125,94.0
2025-05-22 01:06:00+00:00,103.28515625,103.28515625,103.28515625,103.28515625,9.0
2025-05-22 01:07:00+00:00,103.28515625,103.28515625,103.28515625,103.28515625,13.0
2025-05-22 01:13:00+00:00,103.28515625,103.28515625,103.28515625,103.28515625,23.0
2025-05-22 01:14:00+00:00,103.28515625,103.28515625,103.28515625,103.28515625,231.0
2025-05-22 01:15:00+00:00,103.28515625,103.28515625,103.28515625,103.28515625,33.0
2025-05-22 01:16:00+00:00,103.28125,103.28125,103.28125,103.28125,10.0
2025-05-22 01:17:00+00:00,103.28125,103.28125,103.28125,103.28125,51.0
2025-05-22 01:20:00+00:00,103.28515625,103.28515625,103.27734375,103.28125,1593.0
2025-05-22 01:21:00+00:00,103.28515625,103.28515625,103.28515625,103.28515625,35.0
2025-05-22 01:22:00+00:00,103.28515625,103.28515625,103.28515625,103.28515625,219.0
2025-05-22 01:24:00+00:00,103.28515625,103.28515625,103.28515625,103.28515625,151.0
2025-05-22 01:25:00+00:00,103.2890625,103.2890625,103.2890625,103.2890625,91.0
2025-05-22 01:26:00+00:00,103.2890625,103.2890625,103.2890625,103.2890625,37.0
2025-05-22 01:27:00+00:00,103.2890625,103.2890625,103.2890625,103.2890625,76.0
2025-05-22 01:28:00+00:00,103.2890625,103.2890625,103.2890625,103.2890625,44.0
2025-05-22 01:29:00+00:00,103.2890625,103.2890625,103.2890625,103.2890625,10.0
2025-05-22 01:30:00+00:00,103.29296875,103.29296875,103.2890625,103.2890625,65.0
2025-05-22 01:31:00+00:00,103.2890625,103.2890625,103.2890625,103.2890625,73.0
2025-05-22 01:32:00+00:00,103.2890625,103.2890625,103.2890625,103.2890625,67.0
2025-05-22 01:33:00+00:00,103.2890625,103.2890625,103.2890625,103.2890625,167.0
2025-05-22 01:34:00+00:00,103.2890625,103.2890625,103.2890625,103.2890625,180.0
2025-05-22 01:35:00+00:00,103.2890625,103.2890625,103.2890625,103.2890625,204.0
2025-05-22 01:36:00+00:00,103.2890625,103.2890625,103.2890625,103.2890625,173.0
2025-05-22 01:38:00+00:00,103.2890625,103.2890625,103.2890625,103.2890625,5.0
2025-05-22 01:39:00+00:00,103.29296875,103.29296875,103.29296875,103.29296875,73.0
2025-05-22 01:40:00+00:00,103.29296875,103.29296875,103.29296875,103.29296875,54.0
2025-05-22 01:43:00+00:00,103.296875,103.296875,103.2890625,103.2890625,267.0
2025-05-22 01:45:00+00:00,103.296875,103.296875,103.296875,103.296875,1.0
2025-05-22 01:46:00+00:00,103.29296875,103.29296875,103.29296875,103.29296875,83.0
2025-05-22 01:47:00+00:00,103.29296875,103.29296875,103.29296875,103.29296875,1.0
2025-05-22 01:49:00+00:00,103.29296875,103.29296875,103.29296875,103.29296875,197.0
2025-05-22 01:50:00+00:00,103.29296875,103.296875,103.29296875,103.296875,521.0
2025-05-22 01:51:00+00:00,103.29296875,103.29296875,103.29296875,103.29296875,26.0
2025-05-22 01:52:00+00:00,103.29296875,103.29296875,103.29296875,103.29296875,236.0
2025-05-22 01:53:00+00:00,103.29296875,103.29296875,103.29296875,103.29296875,90.0
2025-05-22 01:54:00+00:00,103.29296875,103.29296875,103.29296875,103.29296875,3.0
2025-05-22 01:56:00+00:00,103.29296875,103.29296875,103.29296875,103.29296875,5.0
2025-05-22 02:00:00+00:00,103.29296875,103.29296875,103.29296875,103.29296875,723.0
2025-05-22 02:01:00+00:00,103.296875,103.296875,103.296875,103.296875,114.0
2025-05-22 02:05:00+00:00,103.296875,103.30078125,103.296875,103.296875,8.0
2025-05-22 02:06:00+00:00,103.296875,103.296875,103.296875,103.296875,3.0
2025-05-22 02:07:00+00:00,103.296875,103.296875,103.296875,103.296875,141.0
2025-05-22 02:08:00+00:00,103.296875,103.30078125,103.296875,103.296875,331.0
2025-05-22 02:09:00+00:00,103.296875,103.296875,103.296875,103.296875,60.0
2025-05-22 02:10:00+00:00,103.29296875,103.29296875,103.29296875,103.29296875,229.0
2025-05-22 02:11:00+00:00,103.29296875,103.29296875,103.29296875,103.29296875,500.0
2025-05-22 02:12:00+00:00,103.29296875,103.29296875,103.29296875,103.29296875,341.0
2025-05-22 02:13:00+00:00,103.29296875,103.29296875,103.29296875,103.29296875,18.0
2025-05-22 02:18:00+00:00,103.29296875,103.29296875,103.29296875,103.29296875,614.0
2025-05-22 02:20:00+00:00,103.29296875,103.29296875,103.29296875,103.29296875,20.0
2025-05-22 02:22:00+00:00,103.29296875,103.29296875,103.29296875,103.29296875,124.0
2025-05-22 02:26:00+00:00,103.296875,103.296875,103.296875,103.296875,1066.0
2025-05-22 02:27:00+00:00,103.296875,103.296875,103.296875,103.296875,78.0
2025-05-22 02:28:00+00:00,103.296875,103.296875,103.296875,103.296875,17.0
2025-05-22 02:30:00+00:00,103.296875,103.296875,103.296875,103.296875,24.0
2025-05-22 02:32:00+00:00,103.296875,103.296875,103.296875,103.296875,129.0
2025-05-22 02:34:00+00:00,103.296875,103.296875,103.296875,103.296875,180.0
2025-05-22 02:35:00+00:00,103.296875,103.296875,103.296875,103.296875,122.0
2025-05-22 02:36:00+00:00,103.30078125,103.30078125,103.296875,103.296875,391.0
2025-05-22 02:37:00+00:00,103.296875,103.296875,103.296875,103.296875,2.0
2025-05-22 02:38:00+00:00,103.296875,103.296875,103.29296875,103.296875,392.0
2025-05-22 02:39:00+00:00,103.296875,103.296875,103.296875,103.296875,26.0
2025-05-22 02:40:00+00:00,103.296875,103.296875,103.296875,103.296875,7.0
2025-05-22 02:42:00+00:00,103.296875,103.296875,103.296875,103.296875,76.0
2025-05-22 02:48:00+00:00,103.29296875,103.29296875,103.29296875,103.29296875,2.0
2025-05-22 02:49:00+00:00,103.29296875,103.29296875,103.29296875,103.29296875,631.0
2025-05-22 02:50:00+00:00,103.2890625,103.2890625,103.2890625,103.2890625,1.0
2025-05-22 02:51:00+00:00,103.2890625,103.29296875,103.2890625,103.29296875,103.0
2025-05-22 02:55:00+00:00,103.29296875,103.29296875,103.29296875,103.29296875,65.0
2025-05-22 02:57:00+00:00,103.29296875,103.29296875,103.29296875,103.29296875,1340.0
2025-05-22 02:58:00+00:00,103.29296875,103.29296875,103.29296875,103.29296875,11.0
2025-05-22 03:03:00+00:00,103.2890625,103.2890625,103.2890625,103.2890625,2.0
2025-05-22 03:04:00+00:00,103.2890625,103.2890625,103.2890625,103.2890625,578.0
2025-05-22 03:07:00+00:00,103.2890625,103.2890625,103.2890625,103.2890625,224.0
2025-05-22 03:10:00+00:00,103.2890625,103.2890625,103.28515625,103.28515625,309.0
2025-05-22 03:11:00+00:00,103.29296875,103.29296875,103.29296875,103.29296875,19.0
2025-05-22 03:13:00+00:00,103.28515625,103.2890625,103.28515625,103.2890625,456.0
2025-05-22 03:14:00+00:00,103.28515625,103.2890625,103.28515625,103.2890625,698.0
2025-05-22 03:16:00+00:00,103.28515625,103.28515625,103.28515625,103.28515625,100.0
2025-05-22 03:17:00+00:00,103.2890625,103.2890625,103.2890625,103.2890625,1004.0
2025-05-22 03:21:00+00:00,103.2890625,103.2890625,103.2890625,103.2890625,70.0
2025-05-22 03:27:00+00:00,103.28515625,103.28515625,103.28515625,103.28515625,1559.0
2025-05-22 03:28:00+00:00,103.28515625,103.28515625,103.28515625,103.28515625,5.0
2025-05-22 03:30:00+00:00,103.2890625,103.2890625,103.28515625,103.2890625,64.0
2025-05-22 03:31:00+00:00,103.28515625,103.28515625,103.28515625,103.28515625,230.0
2025-05-22 03:33:00+00:00,103.28515625,103.28515625,103.28515625,103.28515625,118.0
2025-05-22 03:35:00+00:00,103.28515625,103.28515625,103.28515625,103.28515625,101.0
2025-05-22 03:36:00+00:00,103.2890625,103.2890625,103.2890625,103.2890625,4.0
2025-05-22 03:37:00+00:00,103.2890625,103.2890625,103.2890625,103.2890625,12.0
2025-05-22 03:42:00+00:00,103.28515625,103.28515625,103.28515625,103.28515625,14.0
2025-05-22 03:48:00+00:00,103.2890625,103.2890625,103.2890625,103.2890625,1005.0
2025-05-22 03:49:00+00:00,103.2890625,103.2890625,103.2890625,103.2890625,16.0
2025-05-22 03:51:00+00:00,103.29296875,103.29296875,103.29296875,103.29296875,6.0
2025-05-22 03:52:00+00:00,103.29296875,103.29296875,103.29296875,103.29296875,302.0
2025-05-22 03:53:00+00:00,103.29296875,103.29296875,103.29296875,103.29296875,30.0
2025-05-22 04:00:00+00:00,103.296875,103.296875,103.296875,103.296875,380.0
2025-05-22 04:01:00+00:00,103.296875,103.296875,103.296875,103.296875,311.0
2025-05-22 04:05:00+00:00,103.29296875,103.29296875,103.29296875,103.29296875,82.0
2025-05-22 04:06:00+00:00,103.29296875,103.29296875,103.29296875,103.29296875,230.0
2025-05-22 04:08:00+00:00,103.296875,103.296875,103.296875,103.296875,15.0
2025-05-22 04:09:00+00:00,103.29296875,103.29296875,103.29296875,103.29296875,515.0
2025-05-22 04:10:00+00:00,103.29296875,103.29296875,103.29296875,103.29296875,13.0
2025-05-22 04:11:00+00:00,103.29296875,103.29296875,103.29296875,103.29296875,4.0
2025-05-22 04:12:00+00:00,103.29296875,103.29296875,103.29296875,103.29296875,24.0
2025-05-22 04:15:00+00:00,103.29296875,103.29296875,103.29296875,103.29296875,57.0
2025-05-22 04:16:00+00:00,103.29296875,103.29296875,103.29296875,103.29296875,10.0
2025-05-22 04:18:00+00:00,103.29296875,103.29296875,103.29296875,103.29296875,118.0
2025-05-22 04:30:00+00:00,103.2890625,103.2890625,103.2890625,103.2890625,523.0
2025-05-22 04:31:00+00:00,103.28515625,103.28515625,103.28515625,103.28515625,427.0
2025-05-22 04:32:00+00:00,103.28515625,103.28515625,103.28515625,103.28515625,540.0
2025-05-22 04:35:00+00:00,103.28125,103.28125,103.28125,103.28125,1363.0
2025-05-22 04:36:00+00:00,103.28125,103.28125,103.28125,103.28125,695.0
2025-05-22 04:40:00+00:00,103.27734375,103.27734375,103.27734375,103.27734375,468.0
2025-05-22 04:44:00+00:00,103.27734375,103.27734375,103.27734375,103.27734375,3226.0
2025-05-22 04:45:00+00:00,103.27734375,103.27734375,103.27734375,103.27734375,533.0
2025-05-22 04:47:00+00:00,103.28125,103.28125,103.27734375,103.27734375,7.0
2025-05-22 04:48:00+00:00,103.28125,103.28125,103.28125,103.28125,363.0
2025-05-22 04:57:00+00:00,103.28515625,103.28515625,103.28515625,103.28515625,75.0
2025-05-22 04:59:00+00:00,103.28125,103.28125,103.28125,103.28125,9.0
2025-05-22 05:00:00+00:00,103.28515625,103.28515625,103.28515625,103.28515625,4.0
2025-05-22 05:06:00+00:00,103.28125,103.28125,103.28125,103.28125,818.0
2025-05-22 05:09:00+00:00,103.27734375,103.27734375,103.27734375,103.27734375,15.0
2025-05-22 05:12:00+00:00,103.27734375,103.27734375,103.27734375,103.27734375,852.0
2025-05-22 05:15:00+00:00,103.2734375,103.27734375,103.2734375,103.27734375,1259.0
2025-05-22 05:16:00+00:00,103.27734375,103.27734375,103.2734375,103.2734375,1169.0
2025-05-22 05:17:00+00:00,103.27734375,103.27734375,103.27734375,103.27734375,114.0
2025-05-22 05:19:00+00:00,103.27734375,103.27734375,103.2734375,103.2734375,465.0
2025-05-22 05:22:00+00:00,103.2734375,103.2734375,103.2734375,103.2734375,207.0
2025-05-22 05:25:00+00:00,103.27734375,103.27734375,103.27734375,103.27734375,1157.0
2025-05-22 05:26:00+00:00,103.27734375,103.27734375,103.27734375,103.27734375,564.0
2025-05-22 05:33:00+00:00,103.28125,103.28125,103.28125,103.28125,204.0
2025-05-22 05:39:00+00:00,103.28125,103.28125,103.28125,103.28125,647.0
2025-05-22 05:40:00+00:00,103.28125,103.28125,103.27734375,103.27734375,133.0
2025-05-22 05:41:00+00:00,103.28125,103.28125,103.28125,103.28125,2.0
2025-05-22 05:42:00+00:00,103.28125,103.28125,103.27734375,103.28125,197.0
2025-05-22 05:43:00+00:00,103.28125,103.28125,103.27734375,103.28125,560.0
2025-05-22 05:44:00+00:00,103.27734375,103.27734375,103.27734375,103.27734375,59.0
2025-05-22 05:45:00+00:00,103.28125,103.28125,103.27734375,103.27734375,4.0
2025-05-22 05:47:00+00:00,103.27734375,103.27734375,103.27734375,103.27734375,119.0
2025-05-22 05:49:00+00:00,103.27734375,103.27734375,103.27734375,103.27734375,501.0
2025-05-22 05:51:00+00:00,103.28125,103.28125,103.28125,103.28125,93.0
2025-05-22 05:57:00+00:00,103.27734375,103.27734375,103.27734375,103.27734375,375.0
2025-05-22 05:58:00+00:00,103.27734375,103.27734375,103.27734375,103.27734375,352.0
2025-05-22 06:01:00+00:00,103.28125,103.28125,103.27734375,103.27734375,2676.0
2025-05-22 06:02:00+00:00,103.27734375,103.27734375,103.27734375,103.27734375,596.0
2025-05-22 06:03:00+00:00,103.27734375,103.27734375,103.27734375,103.27734375,489.0
2025-05-22 06:04:00+00:00,103.27734375,103.27734375,103.27734375,103.27734375,112.0
2025-05-22 06:05:00+00:00,103.28125,103.28125,103.28125,103.28125,79.0
2025-05-22 06:06:00+00:00,103.28125,103.28125,103.28125,103.28125,384.0
2025-05-22 06:07:00+00:00,103.27734375,103.27734375,103.27734375,103.27734375,28.0
2025-05-22 06:08:00+00:00,103.27734375,103.27734375,103.27734375,103.27734375,58.0
2025-05-22 06:09:00+00:00,103.27734375,103.27734375,103.27734375,103.27734375,39.0
2025-05-22 06:10:00+00:00,103.27734375,103.27734375,103.27734375,103.27734375,25.0
2025-05-22 06:11:00+00:00,103.28125,103.28125,103.27734375,103.27734375,6.0
2025-05-22 06:12:00+00:00,103.28125,103.28125,103.28125,103.28125,946.0
2025-05-22 06:13:00+00:00,103.28125,103.28125,103.28125,103.28125,57.0
2025-05-22 06:14:00+00:00,103.28125,103.28515625,103.28125,103.28515625,74.0
2025-05-22 06:16:00+00:00,103.28515625,103.28515625,103.28515625,103.28515625,535.0
2025-05-22 06:18:00+00:00,103.2890625,103.2890625,103.2890625,103.2890625,80.0
2025-05-22 06:20:00+00:00,103.28515625,103.2890625,103.28515625,103.2890625,393.0
2025-05-22 06:23:00+00:00,103.2890625,103.2890625,103.2890625,103.2890625,106.0
2025-05-22 06:24:00+00:00,103.2890625,103.2890625,103.28515625,103.2890625,63.0
2025-05-22 06:25:00+00:00,103.2890625,103.2890625,103.28515625,103.28515625,114.0
2025-05-22 06:26:00+00:00,103.2890625,103.2890625,103.2890625,103.2890625,3.0
2025-05-22 06:27:00+00:00,103.29296875,103.29296875,103.2890625,103.2890625,396.0
2025-05-22 06:28:00+00:00,103.29296875,103.29296875,103.29296875,103.29296875,87.0
2025-05-22 06:29:00+00:00,103.29296875,103.29296875,103.29296875,103.29296875,125.0
2025-05-22 06:31:00+00:00,103.29296875,103.29296875,103.29296875,103.29296875,209.0
2025-05-22 06:34:00+00:00,103.296875,103.296875,103.296875,103.296875,942.0
2025-05-22 06:37:00+00:00,103.296875,103.296875,103.296875,103.296875,868.0
2025-05-22 06:38:00+00:00,103.296875,103.296875,103.296875,103.296875,498.0
2025-05-22 06:39:00+00:00,103.296875,103.30078125,103.296875,103.296875,493.0
2025-05-22 06:40:00+00:00,103.30078125,103.30078125,103.296875,103.296875,233.0
2025-05-22 06:41:00+00:00,103.296875,103.296875,103.296875,103.296875,172.0
2025-05-22 06:44:00+00:00,103.30078125,103.30078125,103.30078125,103.30078125,9.0
2025-05-22 06:46:00+00:00,103.30078125,103.30078125,103.30078125,103.30078125,50.0
2025-05-22 06:47:00+00:00,103.30078125,103.3046875,103.30078125,103.3046875,414.0
2025-05-22 06:48:00+00:00,103.3046875,103.3046875,103.30078125,103.30078125,1004.0
2025-05-22 06:49:00+00:00,103.3046875,103.3046875,103.3046875,103.3046875,2.0
2025-05-22 06:50:00+00:00,103.3046875,103.3046875,103.3046875,103.3046875,67.0
2025-05-22 06:51:00+00:00,103.3046875,103.3046875,103.3046875,103.3046875,200.0
2025-05-22 06:52:00+00:00,103.30078125,103.30078125,103.30078125,103.30078125,294.0
2025-05-22 06:53:00+00:00,103.30078125,103.30078125,103.30078125,103.30078125,127.0
2025-05-22 06:56:00+00:00,103.3046875,103.3046875,103.3046875,103.3046875,1377.0
2025-05-22 06:58:00+00:00,103.30078125,103.30078125,103.30078125,103.30078125,15.0
2025-05-22 07:00:00+00:00,103.30078125,103.3046875,103.30078125,103.30078125,1419.0
2025-05-22 07:01:00+00:00,103.30078125,103.30078125,103.30078125,103.30078125,297.0
2025-05-22 07:02:00+00:00,103.3046875,103.3046875,103.3046875,103.3046875,25.0
2025-05-22 07:03:00+00:00,103.30078125,103.3046875,103.30078125,103.3046875,152.0
2025-05-22 07:05:00+00:00,103.30078125,103.3046875,103.30078125,103.30078125,1524.0
2025-05-22 07:06:00+00:00,103.30078125,103.30078125,103.30078125,103.30078125,133.0
2025-05-22 07:07:00+00:00,103.3046875,103.30859375,103.3046875,103.3046875,1029.0
2025-05-22 07:08:00+00:00,103.30859375,103.30859375,103.3046875,103.3046875,1072.0
2025-05-22 07:09:00+00:00,103.30859375,103.30859375,103.3046875,103.30859375,17.0
2025-05-22 07:10:00+00:00,103.30859375,103.30859375,103.3046875,103.3046875,1102.0
2025-05-22 07:11:00+00:00,103.3125,103.3125,103.30859375,103.30859375,1637.0
2025-05-22 07:12:00+00:00,103.3125,103.3125,103.3125,103.3125,641.0
2025-05-22 07:13:00+00:00,103.3046875,103.30859375,103.3046875,103.30859375,400.0
2025-05-22 07:14:00+00:00,103.3046875,103.3046875,103.30078125,103.3046875,822.0
2025-05-22 07:15:00+00:00,103.30078125,103.3046875,103.30078125,103.3046875,400.0
2025-05-22 07:16:00+00:00,103.3046875,103.3046875,103.3046875,103.3046875,26.0
2025-05-22 07:18:00+00:00,103.3046875,103.3046875,103.30078125,103.30078125,270.0
2025-05-22 07:19:00+00:00,103.3046875,103.3046875,103.30078125,103.30078125,20.0
2025-05-22 07:20:00+00:00,103.3046875,103.30859375,103.3046875,103.3046875,1300.0
2025-05-22 07:22:00+00:00,103.3046875,103.3046875,103.3046875,103.3046875,157.0
2025-05-22 07:23:00+00:00,103.3046875,103.3046875,103.3046875,103.3046875,64.0
2025-05-22 07:24:00+00:00,103.3046875,103.3046875,103.3046875,103.3046875,257.0
2025-05-22 07:25:00+00:00,103.3046875,103.3046875,103.3046875,103.3046875,62.0
2025-05-22 07:26:00+00:00,103.3046875,103.3046875,103.3046875,103.3046875,288.0
2025-05-22 07:27:00+00:00,103.3046875,103.3046875,103.3046875,103.3046875,1243.0
2025-05-22 07:28:00+00:00,103.30859375,103.30859375,103.30859375,103.30859375,172.0
2025-05-22 07:29:00+00:00,103.30859375,103.30859375,103.3046875,103.3046875,4.0
2025-05-22 07:30:00+00:00,103.3125,103.31640625,103.30859375,103.30859375,3923.0
2025-05-22 07:31:00+00:00,103.30859375,103.3125,103.30859375,103.30859375,584.0
2025-05-22 07:32:00+00:00,103.3046875,103.30859375,103.3046875,103.30859375,165.0
2025-05-22 07:33:00+00:00,103.30859375,103.30859375,103.3046875,103.3046875,714.0
2025-05-22 07:34:00+00:00,103.30859375,103.3125,103.30859375,103.3125,83.0
2025-05-22 07:35:00+00:00,103.30859375,103.30859375,103.3046875,103.3046875,109.0
2025-05-22 07:36:00+00:00,103.3046875,103.3046875,103.30078125,103.3046875,555.0
2025-05-22 07:37:00+00:00,103.30859375,103.30859375,103.3046875,103.3046875,415.0
2025-05-22 07:38:00+00:00,103.3046875,103.3046875,103.3046875,103.3046875,405.0
2025-05-22 07:39:00+00:00,103.30859375,103.30859375,103.3046875,103.3046875,32.0
2025-05-22 07:40:00+00:00,103.3125,103.3125,103.30859375,103.30859375,478.0
2025-05-22 07:41:00+00:00,103.30859375,103.3125,103.30859375,103.3125,9.0
2025-05-22 07:42:00+00:00,103.3125,103.3125,103.3125,103.3125,1.0
2025-05-22 07:43:00+00:00,103.30859375,103.3125,103.30859375,103.30859375,603.0
2025-05-22 07:44:00+00:00,103.30859375,103.3125,103.30859375,103.30859375,7.0
2025-05-22 07:45:00+00:00,103.30859375,103.30859375,103.30859375,103.30859375,1.0
2025-05-22 07:46:00+00:00,103.30859375,103.30859375,103.30859375,103.30859375,503.0
2025-05-22 07:47:00+00:00,103.30859375,103.30859375,103.30859375,103.30859375,51.0
2025-05-22 07:50:00+00:00,103.3125,103.3125,103.3125,103.3125,46.0
2025-05-22 07:51:00+00:00,103.30859375,103.30859375,103.30859375,103.30859375,173.0
2025-05-22 07:52:00+00:00,103.30859375,103.30859375,103.30859375,103.30859375,228.0
2025-05-22 07:57:00+00:00,103.3046875,103.30859375,103.3046875,103.30859375,388.0
2025-05-22 07:58:00+00:00,103.3046875,103.30859375,103.3046875,103.3046875,150.0
2025-05-22 07:59:00+00:00,103.3046875,103.3046875,103.3046875,103.3046875,84.0
2025-05-22 08:00:00+00:00,103.30859375,103.30859375,103.3046875,103.30859375,524.0
2025-05-22 08:01:00+00:00,103.30859375,103.30859375,103.30859375,103.30859375,699.0
2025-05-22 08:02:00+00:00,103.3046875,103.3046875,103.3046875,103.3046875,199.0
2025-05-22 08:03:00+00:00,103.3046875,103.3046875,103.3046875,103.3046875,311.0
2025-05-22 08:04:00+00:00,103.3046875,103.3046875,103.3046875,103.3046875,60.0
2025-05-22 08:05:00+00:00,103.3046875,103.3046875,103.3046875,103.3046875,664.0
2025-05-22 08:06:00+00:00,103.30078125,103.30078125,103.30078125,103.30078125,94.0
2025-05-22 08:07:00+00:00,103.30078125,103.30078125,103.30078125,103.30078125,842.0
2025-05-22 08:08:00+00:00,103.3046875,103.3046875,103.3046875,103.3046875,7.0
2025-05-22 08:09:00+00:00,103.30078125,103.30078125,103.30078125,103.30078125,145.0
2025-05-22 08:10:00+00:00,103.30078125,103.30078125,103.30078125,103.30078125,2562.0
2025-05-22 08:11:00+00:00,103.30078125,103.30078125,103.30078125,103.30078125,21.0
2025-05-22 08:12:00+00:00,103.30078125,103.30078125,103.30078125,103.30078125,120.0
2025-05-22 08:13:00+00:00,103.30078125,103.3010025024414,103.30078125,103.30078125,400.0
2025-05-22 08:14:00+00:00,103.30078125,103.3046875,103.30078125,103.3046875,144.0
2025-05-22 08:15:00+00:00,103.296875,103.30078125,103.296875,103.30078125,473.0
2025-05-22 08:16:00+00:00,103.296875,103.296875,103.296875,103.296875,65.0
2025-05-22 08:17:00+00:00,103.296875,103.296875,103.296875,103.296875,1872.0
2025-05-22 08:19:00+00:00,103.296875,103.296875,103.29296875,103.29296875,2.0
2025-05-22 08:20:00+00:00,103.29296875,103.29296875,103.29296875,103.29296875,47.0
2025-05-22 08:21:00+00:00,103.296875,103.296875,103.29296875,103.29296875,580.0
2025-05-22 08:22:00+00:00,103.296875,103.296875,103.296875,103.296875,77.0
2025-05-22 08:23:00+00:00,103.296875,103.296875,103.296875,103.296875,14.0
2025-05-22 08:24:00+00:00,103.296875,103.296875,103.296875,103.296875,68.0
2025-05-22 08:25:00+00:00,103.296875,103.296875,103.296875,103.296875,45.0
2025-05-22 08:27:00+00:00,103.29296875,103.296875,103.29296875,103.296875,467.0
2025-05-22 08:28:00+00:00,103.29296875,103.29296875,103.29296875,103.29296875,36.0
2025-05-22 08:29:00+00:00,103.29296875,103.296875,103.29296875,103.296875,396.0
2025-05-22 08:31:00+00:00,103.29296875,103.29296875,103.29296875,103.29296875,959.0
2025-05-22 08:32:00+00:00,103.296875,103.296875,103.296875,103.296875,50.0
2025-05-22 08:33:00+00:00,103.30078125,103.30078125,103.30078125,103.30078125,7.0
2025-05-22 08:34:00+00:00,103.30078125,103.30078125,103.30078125,103.30078125,756.0
2025-05-22 08:35:00+00:00,103.30078125,103.30078125,103.296875,103.30078125,241.0
2025-05-22 08:36:00+00:00,103.30078125,103.30078125,103.30078125,103.30078125,971.0
2025-05-22 08:38:00+00:00,103.30078125,103.30078125,103.30078125,103.30078125,331.0
2025-05-22 08:40:00+00:00,103.30078125,103.30078125,103.30078125,103.30078125,213.0
2025-05-22 08:41:00+00:00,103.30078125,103.30078125,103.30078125,103.30078125,124.0
2025-05-22 08:43:00+00:00,103.30078125,103.30078125,103.296875,103.296875,338.0
2025-05-22 08:44:00+00:00,103.30078125,103.30078125,103.30078125,103.30078125,26.0
2025-05-22 08:47:00+00:00,103.30078125,103.30078125,103.30078125,103.30078125,118.0
2025-05-22 08:48:00+00:00,103.30078125,103.30078125,103.30078125,103.30078125,55.0
2025-05-22 08:50:00+00:00,103.30078125,103.30078125,103.30078125,103.30078125,381.0
2025-05-22 08:51:00+00:00,103.30078125,103.30078125,103.30078125,103.30078125,35.0
2025-05-22 08:52:00+00:00,103.30078125,103.30078125,103.30078125,103.30078125,464.0
2025-05-22 08:53:00+00:00,103.30078125,103.30078125,103.30078125,103.30078125,99.0
2025-05-22 08:54:00+00:00,103.3046875,103.3046875,103.3046875,103.3046875,809.0
2025-05-22 08:55:00+00:00,103.3046875,103.30859375,103.3046875,103.30859375,78.0
2025-05-22 08:56:00+00:00,103.3046875,103.3046875,103.3046875,103.3046875,513.0
2025-05-22 08:57:00+00:00,103.3046875,103.3046875,103.3046875,103.3046875,189.0
2025-05-22 09:00:00+00:00,103.30859375,103.30859375,103.30859375,103.30859375,362.0
2025-05-22 09:01:00+00:00,103.30859375,103.30859375,103.30859375,103.30859375,427.0
2025-05-22 09:02:00+00:00,103.3125,103.3125,103.3125,103.3125,10.0
2025-05-22 09:03:00+00:00,103.30859375,103.30859375,103.30859375,103.30859375,531.0
2025-05-22 09:04:00+00:00,103.30859375,103.30859375,103.30859375,103.30859375,301.0
2025-05-22 09:05:00+00:00,103.3046875,103.30859375,103.3046875,103.30859375,74.0
2025-05-22 09:06:00+00:00,103.30859375,103.30859375,103.3046875,103.3046875,28.0
2025-05-22 09:07:00+00:00,103.3046875,103.30859375,103.3046875,103.3046875,118.0
2025-05-22 09:08:00+00:00,103.3046875,103.3046875,103.3046875,103.3046875,50.0
2025-05-22 09:09:00+00:00,103.30859375,103.30859375,103.30859375,103.30859375,8.0
2025-05-22 09:10:00+00:00,103.3046875,103.30859375,103.3046875,103.30859375,622.0
2025-05-22 09:11:00+00:00,103.3046875,103.3046875,103.3046875,103.3046875,315.0
2025-05-22 09:13:00+00:00,103.3046875,103.3046875,103.3046875,103.3046875,91.0
2025-05-22 09:14:00+00:00,103.3046875,103.3046875,103.3046875,103.3046875,131.0
2025-05-22 09:16:00+00:00,103.3046875,103.3046875,103.3046875,103.3046875,106.0
2025-05-22 09:18:00+00:00,103.30859375,103.30859375,103.3046875,103.3046875,476.0
2025-05-22 09:19:00+00:00,103.30859375,103.30859375,103.30859375,103.30859375,174.0
2025-05-22 09:24:00+00:00,103.30859375,103.30859375,103.3046875,103.30859375,16.0
2025-05-22 09:25:00+00:00,103.30859375,103.30859375,103.30859375,103.30859375,2.0
2025-05-22 09:26:00+00:00,103.3046875,103.30859375,103.3046875,103.30859375,264.0
2025-05-22 09:31:00+00:00,103.3046875,103.3046875,103.30078125,103.3046875,14.0
2025-05-22 09:33:00+00:00,103.30078125,103.3046875,103.30078125,103.3046875,2.0
2025-05-22 09:35:00+00:00,103.3046875,103.3046875,103.3046875,103.3046875,922.0
2025-05-22 09:36:00+00:00,103.3046875,103.3046875,103.3046875,103.3046875,277.0
2025-05-22 09:38:00+00:00,103.30078125,103.3046875,103.30078125,103.3046875,1002.0
2025-05-22 09:40:00+00:00,103.30078125,103.30078125,103.30078125,103.30078125,607.0
2025-05-22 09:43:00+00:00,103.30078125,103.30078125,103.30078125,103.30078125,2.0
2025-05-22 09:44:00+00:00,103.3046875,103.3046875,103.30078125,103.30078125,861.0
2025-05-22 09:45:00+00:00,103.30078125,103.3046875,103.30078125,103.3046875,43.0
2025-05-22 09:46:00+00:00,103.30078125,103.30078125,103.30078125,103.30078125,93.0
2025-05-22 09:47:00+00:00,103.30078125,103.30078125,103.30078125,103.30078125,639.0
2025-05-22 09:50:00+00:00,103.30078125,103.30078125,103.30078125,103.30078125,207.0
2025-05-22 09:52:00+00:00,103.30078125,103.30078125,103.30078125,103.30078125,16.0
2025-05-22 09:54:00+00:00,103.30078125,103.30078125,103.30078125,103.30078125,117.0
2025-05-22 09:55:00+00:00,103.296875,103.30078125,103.296875,103.30078125,615.0
2025-05-22 09:56:00+00:00,103.30078125,103.30078125,103.30078125,103.30078125,86.0
2025-05-22 09:58:00+00:00,103.30078125,103.3046875,103.30078125,103.3046875,126.0
2025-05-22 09:59:00+00:00,103.30078125,103.30078125,103.30078125,103.30078125,51.0
2025-05-22 10:00:00+00:00,103.30078125,103.30078125,103.30078125,103.30078125,533.0
2025-05-22 10:02:00+00:00,103.3046875,103.30859375,103.3046875,103.3046875,843.0
2025-05-22 10:03:00+00:00,103.3046875,103.3046875,103.30078125,103.3046875,156.0
2025-05-22 10:04:00+00:00,103.30078125,103.30078125,103.30078125,103.30078125,56.0
2025-05-22 10:05:00+00:00,103.30078125,103.30078125,103.30078125,103.30078125,204.0
2025-05-22 10:08:00+00:00,103.30078125,103.3046875,103.30078125,103.30078125,157.0
2025-05-22 10:20:00+00:00,103.30078125,103.3010025024414,103.296875,103.3010025024414,5138.0
2025-05-22 10:21:00+00:00,103.296875,103.30078125,103.296875,103.30078125,63.0
2025-05-22 10:22:00+00:00,103.296875,103.296875,103.296875,103.296875,31.0
2025-05-22 10:24:00+00:00,103.296875,103.296875,103.296875,103.296875,8.0
2025-05-22 10:28:00+00:00,103.296875,103.296875,103.296875,103.296875,340.0
2025-05-22 10:30:00+00:00,103.296875,103.296875,103.296875,103.296875,407.0
2025-05-22 10:32:00+00:00,103.296875,103.296875,103.296875,103.296875,3687.0
2025-05-22 10:36:00+00:00,103.296875,103.296875,103.29296875,103.29296875,55.0
2025-05-22 10:37:00+00:00,103.296875,103.296875,103.296875,103.296875,156.0
2025-05-22 10:38:00+00:00,103.296875,103.30078125,103.296875,103.30078125,14.0
2025-05-22 10:39:00+00:00,103.296875,103.296875,103.296875,103.296875,400.0
2025-05-22 10:40:00+00:00,103.296875,103.296875,103.296875,103.296875,30.0
2025-05-22 10:43:00+00:00,103.29296875,103.296875,103.29296875,103.29296875,4312.0
2025-05-22 10:44:00+00:00,103.29296875,103.29296875,103.29296875,103.29296875,21.0
2025-05-22 10:45:00+00:00,103.29296875,103.29296875,103.29296875,103.29296875,2180.0
2025-05-22 10:47:00+00:00,103.29296875,103.29296875,103.29296875,103.29296875,235.0
2025-05-22 10:48:00+00:00,103.29296875,103.29296875,103.2890625,103.2890625,6.0
2025-05-22 10:49:00+00:00,103.296875,103.296875,103.29296875,103.29296875,515.0
2025-05-22 10:50:00+00:00,103.296875,103.296875,103.296875,103.296875,545.0
2025-05-22 10:51:00+00:00,103.30078125,103.30078125,103.30078125,103.30078125,194.0
2025-05-22 10:52:00+00:00,103.30078125,103.30078125,103.30078125,103.30078125,585.0
2025-05-22 10:53:00+00:00,103.30078125,103.30078125,103.30078125,103.30078125,459.0
2025-05-22 10:54:00+00:00,103.29296875,103.30078125,103.29296875,103.30078125,4990.0
2025-05-22 10:55:00+00:00,103.2890625,103.29296875,103.2890625,103.29296875,288.0
2025-05-22 10:56:00+00:00,103.28515625,103.2890625,103.28125,103.2890625,8431.0
2025-05-22 10:57:00+00:00,103.29296875,103.29296875,103.28515625,103.28515625,515.0
2025-05-22 10:58:00+00:00,103.296875,103.296875,103.29296875,103.29296875,1428.0
2025-05-22 10:59:00+00:00,103.296875,103.296875,103.296875,103.296875,138.0
2025-05-22 11:00:00+00:00,103.29296875,103.296875,103.29296875,103.296875,1509.0
2025-05-22 11:01:00+00:00,103.2890625,103.29296875,103.2890625,103.2890625,15723.0
2025-05-22 11:02:00+00:00,103.2890625,103.2890625,103.2890625,103.2890625,637.0
2025-05-22 11:03:00+00:00,103.2890625,103.2890625,103.2890625,103.2890625,109.0
2025-05-22 11:04:00+00:00,103.2890625,103.2890625,103.2890625,103.2890625,538.0
2025-05-22 11:05:00+00:00,103.296875,103.296875,103.29296875,103.29296875,1091.0
2025-05-22 11:06:00+00:00,103.30078125,103.30078125,103.296875,103.296875,47.0
2025-05-22 11:07:00+00:00,103.296875,103.30078125,103.296875,103.296875,230.0
2025-05-22 11:09:00+00:00,103.29296875,103.296875,103.29296875,103.29296875,377.0
2025-05-22 11:10:00+00:00,103.2890625,103.29296875,103.2890625,103.29296875,620.0
2025-05-22 11:11:00+00:00,103.29296875,103.29296875,103.29296875,103.29296875,830.0
2025-05-22 11:12:00+00:00,103.2890625,103.29296875,103.2890625,103.2890625,1112.0
2025-05-22 11:13:00+00:00,103.29296875,103.29296875,103.2890625,103.29296875,1066.0
2025-05-22 11:14:00+00:00,103.296875,103.296875,103.29296875,103.29296875,447.0
2025-05-22 11:15:00+00:00,103.29296875,103.29296875,103.29296875,103.29296875,1244.0
2025-05-22 11:16:00+00:00,103.29296875,103.296875,103.29296875,103.29296875,641.0
2025-05-22 11:17:00+00:00,103.296875,103.30078125,103.296875,103.296875,469.0
2025-05-22 11:18:00+00:00,103.296875,103.30078125,103.296875,103.30078125,920.0
2025-05-22 11:19:00+00:00,103.2890625,103.29296875,103.2890625,103.29296875,6907.0
2025-05-22 11:20:00+00:00,103.2890625,103.2890625,103.2890625,103.2890625,614.0
2025-05-22 11:21:00+00:00,103.2890625,103.29296875,103.2890625,103.2890625,15.0
2025-05-22 11:23:00+00:00,103.29296875,103.29296875,103.29296875,103.29296875,59.0
2025-05-22 11:24:00+00:00,103.29296875,103.296875,103.2890625,103.2890625,858.0
2025-05-22 11:25:00+00:00,103.2890625,103.2890625,103.2890625,103.2890625,211.0
2025-05-22 11:26:00+00:00,103.28515625,103.2890625,103.28515625,103.2890625,1061.0
2025-05-22 11:27:00+00:00,103.28515625,103.28515625,103.28125,103.28125,1527.0
2025-05-22 11:28:00+00:00,103.28515625,103.2890625,103.28515625,103.28515625,1409.0
2025-05-22 11:29:00+00:00,103.29296875,103.29296875,103.2890625,103.2890625,639.0
2025-05-22 11:30:00+00:00,103.29296875,103.29296875,103.29296875,103.29296875,422.0
2025-05-22 11:31:00+00:00,103.296875,103.296875,103.29296875,103.29296875,3874.0
2025-05-22 11:32:00+00:00,103.30078125,103.3046875,103.296875,103.296875,6220.0
2025-05-22 11:33:00+00:00,103.29296875,103.3046875,103.29296875,103.3046875,1692.0
2025-05-22 11:34:00+00:00,103.30078125,103.30078125,103.29296875,103.29296875,1297.0
2025-05-22 11:35:00+00:00,103.296875,103.3046875,103.296875,103.30078125,694.0
2025-05-22 11:36:00+00:00,103.296875,103.30078125,103.296875,103.30078125,1878.0
2025-05-22 11:37:00+00:00,103.30078125,103.30078125,103.296875,103.296875,398.0
2025-05-22 11:38:00+00:00,103.3046875,103.30859375,103.30078125,103.30078125,1177.0
2025-05-22 11:39:00+00:00,103.296875,103.30078125,103.296875,103.30078125,181.0
2025-05-22 11:40:00+00:00,103.30078125,103.30078125,103.30078125,103.30078125,750.0
2025-05-22 11:41:00+00:00,103.30078125,103.30078125,103.30078125,103.30078125,179.0
2025-05-22 11:42:00+00:00,103.30078125,103.30078125,103.30078125,103.30078125,182.0
2025-05-22 11:43:00+00:00,103.30078125,103.30078125,103.296875,103.30078125,854.0
2025-05-22 11:44:00+00:00,103.30078125,103.30078125,103.296875,103.30078125,223.0
2025-05-22 11:45:00+00:00,103.296875,103.296875,103.296875,103.296875,1712.0
2025-05-22 11:46:00+00:00,103.30078125,103.30078125,103.30078125,103.30078125,746.0
2025-05-22 11:47:00+00:00,103.30078125,103.30078125,103.30078125,103.30078125,744.0
2025-05-22 11:48:00+00:00,103.30078125,103.3046875,103.30078125,103.30078125,4410.0
2025-05-22 11:49:00+00:00,103.30078125,103.30078125,103.30078125,103.30078125,451.0
2025-05-22 11:50:00+00:00,103.30078125,103.3046875,103.296875,103.3046875,1068.0
2025-05-22 11:51:00+00:00,103.296875,103.296875,103.296875,103.296875,588.0
2025-05-22 11:53:00+00:00,103.30078125,103.30078125,103.296875,103.296875,620.0
2025-05-22 11:54:00+00:00,103.30078125,103.3046875,103.30078125,103.3046875,1792.0
2025-05-22 11:55:00+00:00,103.3046875,103.3046875,103.30078125,103.30078125,6556.0
2025-05-22 11:56:00+00:00,103.30859375,103.3125,103.3046875,103.3046875,11907.0
2025-05-22 11:57:00+00:00,103.3046875,103.30859375,103.3046875,103.30859375,206.0
2025-05-22 11:58:00+00:00,103.30859375,103.30859375,103.3046875,103.3046875,271.0
2025-05-22 11:59:00+00:00,103.30078125,103.30859375,103.30078125,103.30859375,11887.0
2025-05-22 12:00:00+00:00,103.3046875,103.3046875,103.30078125,103.3046875,1009.0
2025-05-22 12:01:00+00:00,103.30078125,103.3046875,103.30078125,103.30078125,721.0
2025-05-22 12:02:00+00:00,103.3046875,103.3046875,103.30078125,103.3046875,1309.0
2025-05-22 12:03:00+00:00,103.3046875,103.30859375,103.3046875,103.3046875,760.0
2025-05-22 12:04:00+00:00,103.31640625,103.31640625,103.30859375,103.30859375,14550.0
2025-05-22 12:05:00+00:00,103.3203125,103.3203125,103.3125,103.3125,2083.0
2025-05-22 12:06:00+00:00,103.3203125,103.3203125,103.31640625,103.3203125,1299.0
2025-05-22 12:07:00+00:00,103.32421875,103.328125,103.32421875,103.32421875,2058.0
2025-05-22 12:08:00+00:00,103.328125,103.328125,103.32421875,103.32421875,175.0
2025-05-22 12:09:00+00:00,103.32421875,103.328125,103.32421875,103.328125,1581.0
2025-05-22 12:10:00+00:00,103.33203125,103.33203125,103.3203125,103.32421875,2752.0
2025-05-22 12:11:00+00:00,103.328125,103.33203125,103.32421875,103.33203125,3638.0
2025-05-22 12:12:00+00:00,103.33203125,103.33203125,103.328125,103.328125,1611.0
2025-05-22 12:13:00+00:00,103.3359375,103.3359375,103.33203125,103.33203125,2214.0
2025-05-22 12:14:00+00:00,103.33203125,103.3359375,103.33203125,103.3359375,1245.0
2025-05-22 12:15:00+00:00,103.328125,103.33203125,103.328125,103.33203125,860.0
2025-05-22 12:16:00+00:00,103.328125,103.328125,103.32421875,103.328125,1114.0
2025-05-22 12:17:00+00:00,103.32421875,103.32421875,103.3203125,103.32421875,2136.0
2025-05-22 12:18:00+00:00,103.3203125,103.32421875,103.3203125,103.32421875,1708.0
2025-05-22 12:19:00+00:00,103.3203125,103.32421875,103.3203125,103.32421875,789.0
2025-05-22 12:20:00+00:00,103.3203125,103.32421875,103.31640625,103.3203125,7721.0
2025-05-22 12:21:00+00:00,103.31640625,103.3203125,103.31640625,103.3203125,4425.0
2025-05-22 12:22:00+00:00,103.3125,103.31640625,103.30859375,103.31640625,3737.0
2025-05-22 12:23:00+00:00,103.30859375,103.3125,103.30859375,103.3125,568.0
2025-05-22 12:24:00+00:00,103.3125,103.3125,103.30859375,103.30859375,370.0
2025-05-22 12:25:00+00:00,103.31640625,103.31640625,103.3125,103.3125,1923.0
2025-05-22 12:26:00+00:00,103.31640625,103.3203125,103.3125,103.31640625,572.0
2025-05-22 12:27:00+00:00,103.31640625,103.3203125,103.3125,103.3203125,2530.0
2025-05-22 12:28:00+00:00,103.3125,103.31640625,103.3125,103.31640625,1267.0
2025-05-22 12:29:00+00:00,103.3125,103.31640625,103.3125,103.3125,1084.0
2025-05-22 12:30:00+00:00,103.30859375,103.32421875,103.30859375,103.3125,6165.0
2025-05-22 12:31:00+00:00,103.30859375,103.30859375,103.3046875,103.30859375,10129.0
2025-05-22 12:32:00+00:00,103.3046875,103.3125,103.30078125,103.30859375,3082.0
2025-05-22 12:33:00+00:00,103.3046875,103.3046875,103.30078125,103.3046875,6032.0
2025-05-22 12:34:00+00:00,103.3125,103.3125,103.3046875,103.3046875,1686.0
2025-05-22 12:35:00+00:00,103.31640625,103.31640625,103.3046875,103.3125,2812.0
2025-05-22 12:36:00+00:00,103.3203125,103.3203125,103.31640625,103.31640625,518.0
2025-05-22 12:37:00+00:00,103.31640625,103.32421875,103.31640625,103.3203125,18569.0
2025-05-22 12:38:00+00:00,103.31640625,103.3203125,103.31640625,103.3203125,790.0
2025-05-22 12:39:00+00:00,103.31640625,103.3203125,103.3125,103.31640625,1747.0
2025-05-22 12:40:00+00:00,103.3125,103.31640625,103.3125,103.3125,563.0
2025-05-22 12:41:00+00:00,103.3125,103.3125,103.3125,103.3125,473.0
2025-05-22 12:42:00+00:00,103.3046875,103.3125,103.3046875,103.3125,685.0
2025-05-22 12:43:00+00:00,103.30859375,103.3125,103.30859375,103.30859375,1127.0
2025-05-22 12:44:00+00:00,103.3125,103.3125,103.30859375,103.30859375,9.0
2025-05-22 12:45:00+00:00,103.30859375,103.3125,103.30859375,103.30859375,1761.0
2025-05-22 12:46:00+00:00,103.3125,103.3125,103.30859375,103.3125,276.0
2025-05-22 12:47:00+00:00,103.31640625,103.3203125,103.31640625,103.31640625,1831.0
2025-05-22 12:48:00+00:00,103.31640625,103.3203125,103.3125,103.3125,1694.0
2025-05-22 12:49:00+00:00,103.3203125,103.32421875,103.3203125,103.3203125,400.0
2025-05-22 12:50:00+00:00,103.3203125,103.3203125,103.3203125,103.3203125,2638.0
2025-05-22 12:51:00+00:00,103.3203125,103.32421875,103.31640625,103.31640625,8326.0
2025-05-22 12:52:00+00:00,103.31640625,103.3203125,103.3125,103.3203125,2226.0
2025-05-22 12:53:00+00:00,103.31640625,103.3203125,103.31640625,103.3203125,384.0
2025-05-22 12:54:00+00:00,103.32421875,103.32421875,103.31640625,103.3203125,1265.0
2025-05-22 12:55:00+00:00,103.328125,103.328125,103.32421875,103.328125,1427.0
2025-05-22 12:56:00+00:00,103.32421875,103.328125,103.32421875,103.328125,1585.0
2025-05-22 12:57:00+00:00,103.32421875,103.328125,103.32421875,103.32421875,1080.0
2025-05-22 12:58:00+00:00,103.328125,103.328125,103.32421875,103.32421875,1637.0
2025-05-22 12:59:00+00:00,103.328125,103.33203125,103.328125,103.328125,2577.0
2025-05-22 13:00:00+00:00,103.3359375,103.3359375,103.328125,103.33203125,2495.0
2025-05-22 13:01:00+00:00,103.3359375,103.3359375,103.33203125,103.3359375,383.0
2025-05-22 13:02:00+00:00,103.33203125,103.33984375,103.328125,103.3359375,5196.0
2025-05-22 13:03:00+00:00,103.33203125,103.33203125,103.328125,103.33203125,621.0
2025-05-22 13:04:00+00:00,103.3359375,103.3359375,103.33203125,103.33203125,441.0
2025-05-22 13:05:00+00:00,103.3359375,103.3359375,103.33203125,103.3359375,473.0
2025-05-22 13:06:00+00:00,103.33984375,103.33984375,103.3359375,103.3359375,3288.0
2025-05-22 13:07:00+00:00,103.33984375,103.33984375,103.3359375,103.33984375,111.0
2025-05-22 13:08:00+00:00,103.33984375,103.33984375,103.3359375,103.3359375,96.0
2025-05-22 13:09:00+00:00,103.3359375,103.34375,103.3359375,103.33984375,10278.0
2025-05-22 13:10:00+00:00,103.3359375,103.3359375,103.33203125,103.3359375,7840.0
2025-05-22 13:11:00+00:00,103.33984375,103.33984375,103.3359375,103.3359375,36928.0
2025-05-22 13:12:00+00:00,103.33984375,103.33984375,103.3359375,103.33984375,57080.0
2025-05-22 13:13:00+00:00,103.33984375,103.34375,103.3359375,103.33984375,3771.0
2025-05-22 13:14:00+00:00,103.33984375,103.33984375,103.33984375,103.33984375,11433.0
2025-05-22 13:15:00+00:00,103.33203125,103.33984375,103.33203125,103.33984375,21640.0
2025-05-22 13:16:00+00:00,103.328125,103.33203125,103.328125,103.33203125,817.0
2025-05-22 13:17:00+00:00,103.328125,103.33203125,103.32421875,103.328125,1678.0
2025-05-22 13:18:00+00:00,103.33203125,103.33203125,103.328125,103.328125,6885.0
2025-05-22 13:19:00+00:00,103.33203125,103.33203125,103.328125,103.33203125,3117.0
2025-05-22 13:20:00+00:00,103.33203125,103.33203125,103.328125,103.33203125,971.0
2025-05-22 13:21:00+00:00,103.33203125,103.33203125,103.328125,103.33203125,2568.0
2025-05-22 13:22:00+00:00,103.33203125,103.33203125,103.33203125,103.33203125,393.0
2025-05-22 13:23:00+00:00,103.33203125,103.3359375,103.33203125,103.33203125,3072.0
2025-05-22 13:24:00+00:00,103.33203125,103.33203125,103.328125,103.328125,1008.0
2025-05-22 13:25:00+00:00,103.33984375,103.33984375,103.33203125,103.33203125,879.0
2025-05-22 13:26:00+00:00,103.3359375,103.33984375,103.3359375,103.3359375,1346.0
2025-05-22 13:27:00+00:00,103.33984375,103.33984375,103.33203125,103.3359375,520.0
2025-05-22 13:28:00+00:00,103.3359375,103.33984375,103.3359375,103.3359375,1347.0
2025-05-22 13:29:00+00:00,103.3359375,103.3359375,103.3359375,103.3359375,455.0
2025-05-22 13:30:00+00:00,103.3359375,103.33984375,103.3359375,103.33984375,1006.0
2025-05-22 13:31:00+00:00,103.3359375,103.33984375,103.33203125,103.33984375,1637.0
2025-05-22 13:32:00+00:00,103.3359375,103.33984375,103.33203125,103.3359375,2097.0
2025-05-22 13:33:00+00:00,103.34375,103.34375,103.3359375,103.33984375,10759.0
2025-05-22 13:34:00+00:00,103.34375,103.34375,103.33984375,103.34375,1740.0
2025-05-22 13:35:00+00:00,103.34375,103.3515625,103.34375,103.34765625,7325.0
2025-05-22 13:36:00+00:00,103.33984375,103.34765625,103.33984375,103.34375,1810.0
2025-05-22 13:37:00+00:00,103.34375,103.34765625,103.33984375,103.33984375,2377.0
2025-05-22 13:38:00+00:00,103.34375,103.34375,103.33984375,103.34375,1714.0
2025-05-22 13:39:00+00:00,103.33984375,103.34375,103.33984375,103.34375,374.0
2025-05-22 13:40:00+00:00,103.33984375,103.34375,103.33984375,103.34375,6934.0
2025-05-22 13:41:00+00:00,103.33984375,103.34375,103.33984375,103.34375,2055.0
2025-05-22 13:42:00+00:00,103.33984375,103.33984375,103.33984375,103.33984375,516.0
2025-05-22 13:43:00+00:00,103.34375,103.34375,103.33984375,103.33984375,735.0
2025-05-22 13:44:00+00:00,103.34375,103.34375,103.33984375,103.33984375,2274.0
2025-05-22 13:45:00+00:00,103.30859375,103.33984375,103.3046875,103.33984375,66630.0
2025-05-22 13:46:00+00:00,103.3203125,103.32421875,103.3046875,103.30859375,5257.0
2025-05-22 13:47:00+00:00,103.3203125,103.32421875,103.31640625,103.3203125,1890.0
2025-05-22 13:48:00+00:00,103.30859375,103.3203125,103.3046875,103.31640625,5076.0
2025-05-22 13:49:00+00:00,103.30859375,103.30859375,103.3046875,103.30859375,2486.0
2025-05-22 13:50:00+00:00,103.30859375,103.31640625,103.30859375,103.30859375,2540.0
2025-05-22 13:51:00+00:00,103.3046875,103.30859375,103.30078125,103.3046875,1600.0
2025-05-22 13:52:00+00:00,103.3046875,103.30859375,103.3046875,103.3046875,1483.0
2025-05-22 13:53:00+00:00,103.30859375,103.30859375,103.3046875,103.3046875,1653.0
2025-05-22 13:54:00+00:00,103.3125,103.3125,103.3046875,103.30859375,1202.0
2025-05-22 13:55:00+00:00,103.30859375,103.31640625,103.3046875,103.3125,3336.0
2025-05-22 13:56:00+00:00,103.30859375,103.3125,103.3046875,103.30859375,28039.0
2025-05-22 13:57:00+00:00,103.30078125,103.3125,103.30078125,103.30859375,2130.0
2025-05-22 13:58:00+00:00,103.3046875,103.3046875,103.296875,103.296875,957.0
2025-05-22 13:59:00+00:00,103.3046875,103.30859375,103.3046875,103.3046875,5266.0
2025-05-22 14:00:00+00:00,103.30859375,103.30859375,103.296875,103.30078125,1999.0
2025-05-22 14:01:00+00:00,103.3125,103.3125,103.3046875,103.30859375,4751.0
2025-05-22 14:02:00+00:00,103.3125,103.31640625,103.30859375,103.30859375,3145.0
2025-05-22 14:03:00+00:00,103.31640625,103.31640625,103.30859375,103.3125,2422.0
2025-05-22 14:04:00+00:00,103.30859375,103.31640625,103.30859375,103.31640625,3445.0
2025-05-22 14:05:00+00:00,103.3125,103.31640625,103.30859375,103.30859375,1040.0
2025-05-22 14:06:00+00:00,103.3125,103.3125,103.30859375,103.3125,2112.0
2025-05-22 14:07:00+00:00,103.30859375,103.3125,103.30859375,103.3125,1335.0
2025-05-22 14:08:00+00:00,103.3046875,103.3046875,103.30078125,103.3046875,2327.0
2025-05-22 14:09:00+00:00,103.30078125,103.30859375,103.30078125,103.3046875,2748.0
2025-05-22 14:10:00+00:00,103.3125,103.3125,103.30078125,103.30078125,1477.0
2025-05-22 14:11:00+00:00,103.30859375,103.3125,103.3046875,103.30859375,2482.0
2025-05-22 14:12:00+00:00,103.3125,103.31640625,103.30859375,103.30859375,45207.0
2025-05-22 14:13:00+00:00,103.30859375,103.31640625,103.3046875,103.3125,3194.0
2025-05-22 14:14:00+00:00,103.30859375,103.3125,103.3046875,103.3046875,16456.0
2025-05-22 14:15:00+00:00,103.30859375,103.3125,103.3046875,103.30859375,18139.0
2025-05-22 14:16:00+00:00,103.30078125,103.3125,103.30078125,103.30859375,4065.0
2025-05-22 14:17:00+00:00,103.296875,103.3046875,103.296875,103.30078125,6785.0
2025-05-22 14:18:00+00:00,103.296875,103.30078125,103.29296875,103.30078125,2539.0
2025-05-22 14:19:00+00:00,103.30078125,103.3046875,103.30078125,103.30078125,1097.0
2025-05-22 14:20:00+00:00,103.30078125,103.30078125,103.296875,103.296875,1520.0
2025-05-22 14:21:00+00:00,103.296875,103.30078125,103.296875,103.296875,1746.0
2025-05-22 14:22:00+00:00,103.296875,103.30078125,103.296875,103.296875,1691.0
2025-05-22 14:23:00+00:00,103.3046875,103.3046875,103.296875,103.296875,828.0
2025-05-22 14:24:00+00:00,103.3125,103.3125,103.3046875,103.3046875,5571.0
2025-05-22 14:25:00+00:00,103.3125,103.3125,103.30859375,103.3125,19269.0
2025-05-22 14:26:00+00:00,103.31640625,103.31640625,103.30859375,103.3125,2606.0
2025-05-22 14:27:00+00:00,103.31640625,103.3203125,103.31640625,103.31640625,1621.0
2025-05-22 14:28:00+00:00,103.3125,103.31640625,103.3125,103.31640625,544.0
2025-05-22 14:29:00+00:00,103.3125,103.3125,103.3125,103.3125,12204.0
2025-05-22 14:30:00+00:00,103.30859375,103.31640625,103.30859375,103.3125,3326.0
2025-05-22 14:31:00+00:00,103.3046875,103.30859375,103.3046875,103.3046875,8185.0
2025-05-22 14:32:00+00:00,103.3046875,103.30859375,103.3046875,103.30859375,3018.0
2025-05-22 14:33:00+00:00,103.3046875,103.30859375,103.3046875,103.3046875,1341.0
2025-05-22 14:34:00+00:00,103.3046875,103.3046875,103.30078125,103.30078125,779.0
2025-05-22 14:35:00+00:00,103.30078125,103.30078125,103.30078125,103.30078125,2912.0
2025-05-22 14:36:00+00:00,103.296875,103.30078125,103.296875,103.30078125,10612.0
2025-05-22 14:37:00+00:00,103.296875,103.30078125,103.296875,103.296875,3450.0
2025-05-22 14:38:00+00:00,103.30078125,103.3046875,103.296875,103.30078125,7683.0
2025-05-22 14:39:00+00:00,103.296875,103.296875,103.29296875,103.296875,2547.0
2025-05-22 14:40:00+00:00,103.29296875,103.296875,103.29296875,103.29296875,1272.0
2025-05-22 14:41:00+00:00,103.29296875,103.29296875,103.2890625,103.2890625,1992.0
2025-05-22 14:42:00+00:00,103.29296875,103.29296875,103.2890625,103.2890625,541.0
2025-05-22 14:43:00+00:00,103.30078125,103.30078125,103.2890625,103.2890625,1120.0
2025-05-22 14:44:00+00:00,103.3046875,103.3046875,103.30078125,103.30078125,1427.0
2025-05-22 14:45:00+00:00,103.3046875,103.3046875,103.30078125,103.3046875,2103.0
2025-05-22 14:46:00+00:00,103.296875,103.30078125,103.296875,103.30078125,1800.0
2025-05-22 14:47:00+00:00,103.3046875,103.3046875,103.296875,103.296875,991.0
2025-05-22 14:48:00+00:00,103.296875,103.30078125,103.296875,103.30078125,2290.0
2025-05-22 14:49:00+00:00,103.296875,103.30078125,103.29296875,103.30078125,2858.0
2025-05-22 14:50:00+00:00,103.30078125,103.30078125,103.29296875,103.29296875,1326.0
2025-05-22 14:51:00+00:00,103.30078125,103.30078125,103.296875,103.296875,11543.0
2025-05-22 14:52:00+00:00,103.296875,103.30078125,103.296875,103.30078125,15649.0
2025-05-22 14:53:00+00:00,103.296875,103.30078125,103.29296875,103.30078125,11715.0
2025-05-22 14:54:00+00:00,103.296875,103.30078125,103.296875,103.296875,1540.0
2025-05-22 14:55:00+00:00,103.3046875,103.3046875,103.30078125,103.30078125,372.0
2025-05-22 14:56:00+00:00,103.30859375,103.30859375,103.30859375,103.30859375,1215.0
2025-05-22 14:57:00+00:00,103.30859375,103.3125,103.30859375,103.30859375,2049.0
2025-05-22 14:58:00+00:00,103.3125,103.3125,103.3125,103.3125,3392.0
2025-05-22 14:59:00+00:00,103.3125,103.31640625,103.30859375,103.3125,1660.0
2025-05-22 15:00:00+00:00,103.3125,103.31640625,103.3125,103.31640625,889.0
2025-05-22 15:01:00+00:00,103.31640625,103.31640625,103.3125,103.3125,1681.0
2025-05-22 15:02:00+00:00,103.3203125,103.3203125,103.31640625,103.31640625,842.0
2025-05-22 15:03:00+00:00,103.31640625,103.3203125,103.31640625,103.3203125,2088.0
2025-05-22 15:04:00+00:00,103.31640625,103.3203125,103.31640625,103.31640625,2545.0
2025-05-22 15:05:00+00:00,103.3125,103.31640625,103.3125,103.31640625,3588.0
2025-05-22 15:06:00+00:00,103.3125,103.3125,103.30859375,103.30859375,1220.0
2025-05-22 15:07:00+00:00,103.30859375,103.3125,103.30859375,103.3125,1395.0
2025-05-22 15:08:00+00:00,103.30859375,103.3125,103.30859375,103.3125,375.0
2025-05-22 15:09:00+00:00,103.30859375,103.3125,103.30859375,103.3125,1076.0
2025-05-22 15:10:00+00:00,103.30859375,103.30859375,103.3046875,103.30859375,515.0
2025-05-22 15:11:00+00:00,103.3046875,103.30859375,103.30078125,103.30859375,2747.0
2025-05-22 15:12:00+00:00,103.296875,103.3046875,103.296875,103.3046875,11057.0
2025-05-22 15:13:00+00:00,103.30078125,103.30078125,103.296875,103.30078125,3048.0
2025-05-22 15:14:00+00:00,103.30078125,103.3046875,103.296875,103.296875,9897.0
2025-05-22 15:15:00+00:00,103.296875,103.3046875,103.296875,103.3046875,6065.0
2025-05-22 15:16:00+00:00,103.3046875,103.3046875,103.296875,103.30078125,1618.0
2025-05-22 15:17:00+00:00,103.30078125,103.3046875,103.30078125,103.3046875,661.0
2025-05-22 15:18:00+00:00,103.3046875,103.3046875,103.30078125,103.3046875,687.0
2025-05-22 15:19:00+00:00,103.296875,103.3046875,103.29296875,103.30078125,22532.0
2025-05-22 15:20:00+00:00,103.29296875,103.296875,103.29296875,103.296875,1678.0
2025-05-22 15:21:00+00:00,103.296875,103.296875,103.29296875,103.29296875,535.0
2025-05-22 15:22:00+00:00,103.30078125,103.3046875,103.296875,103.296875,5257.0
2025-05-22 15:23:00+00:00,103.30078125,103.30078125,103.296875,103.296875,1276.0
2025-05-22 15:24:00+00:00,103.3046875,103.3046875,103.30078125,103.3046875,743.0
2025-05-22 15:25:00+00:00,103.30859375,103.30859375,103.30078125,103.3046875,6805.0
2025-05-22 15:26:00+00:00,103.30859375,103.30859375,103.3046875,103.3046875,1180.0
2025-05-22 15:27:00+00:00,103.30859375,103.30859375,103.3046875,103.3046875,2170.0
2025-05-22 15:28:00+00:00,103.3125,103.3125,103.30859375,103.30859375,2547.0
2025-05-22 15:29:00+00:00,103.3203125,103.3203125,103.30859375,103.3125,1935.0
2025-05-22 15:30:00+00:00,103.3125,103.31640625,103.3125,103.31640625,1666.0
2025-05-22 15:31:00+00:00,103.31640625,103.3203125,103.31640625,103.31640625,1530.0
2025-05-22 15:32:00+00:00,103.31640625,103.32421875,103.31640625,103.31640625,32228.0
2025-05-22 15:33:00+00:00,103.31640625,103.32421875,103.31640625,103.31640625,22511.0
2025-05-22 15:34:00+00:00,103.3203125,103.32421875,103.31640625,103.31640625,9616.0
2025-05-22 15:35:00+00:00,103.3203125,103.32421875,103.31640625,103.3203125,1767.0
2025-05-22 15:36:00+00:00,103.32421875,103.32421875,103.31640625,103.3203125,5223.0
2025-05-22 15:37:00+00:00,103.328125,103.328125,103.32421875,103.32421875,911.0
2025-05-22 15:38:00+00:00,103.3203125,103.32421875,103.3203125,103.32421875,1259.0
2025-05-22 15:39:00+00:00,103.32421875,103.32421875,103.3203125,103.3203125,3932.0
2025-05-22 15:40:00+00:00,103.32421875,103.328125,103.32421875,103.32421875,917.0
2025-05-22 15:41:00+00:00,103.32421875,103.328125,103.3203125,103.32421875,2850.0
2025-05-22 15:42:00+00:00,103.32421875,103.328125,103.32421875,103.32421875,2805.0
2025-05-22 15:43:00+00:00,103.3203125,103.32421875,103.3203125,103.32421875,4113.0
2025-05-22 15:44:00+00:00,103.3203125,103.32421875,103.31640625,103.32421875,1241.0
2025-05-22 15:45:00+00:00,103.3203125,103.32421875,103.3203125,103.3203125,5780.0
2025-05-22 15:46:00+00:00,103.3203125,103.3203125,103.3203125,103.3203125,170.0
2025-05-22 15:47:00+00:00,103.3203125,103.3203125,103.3203125,103.3203125,8774.0
2025-05-22 15:48:00+00:00,103.3203125,103.32421875,103.3203125,103.3203125,3543.0
2025-05-22 15:49:00+00:00,103.3203125,103.32421875,103.31640625,103.3203125,7743.0
2025-05-22 15:50:00+00:00,103.3203125,103.32421875,103.3203125,103.3203125,3236.0
2025-05-22 15:51:00+00:00,103.3203125,103.3203125,103.3203125,103.3203125,204.0
2025-05-22 15:52:00+00:00,103.3203125,103.32421875,103.3203125,103.32421875,2108.0
2025-05-22 15:53:00+00:00,103.32421875,103.32421875,103.3203125,103.3203125,4366.0
2025-05-22 15:54:00+00:00,103.3203125,103.3203125,103.31640625,103.3203125,6419.0
2025-05-22 15:55:00+00:00,103.31640625,103.3203125,103.3125,103.3203125,3923.0
2025-05-22 15:56:00+00:00,103.30859375,103.31640625,103.3046875,103.31640625,62772.0
2025-05-22 15:57:00+00:00,103.30859375,103.30859375,103.3046875,103.30859375,46392.0
2025-05-22 15:58:00+00:00,103.30859375,103.3125,103.3046875,103.3046875,2257.0
2025-05-22 15:59:00+00:00,103.30859375,103.3125,103.30859375,103.30859375,2885.0
2025-05-22 16:00:00+00:00,103.3125,103.3125,103.30859375,103.3125,192.0
2025-05-22 16:01:00+00:00,103.3125,103.3125,103.30859375,103.3125,1570.0
2025-05-22 16:02:00+00:00,103.31640625,103.31640625,103.30859375,103.3125,3143.0
2025-05-22 16:03:00+00:00,103.3125,103.31640625,103.3125,103.3125,1217.0
2025-05-22 16:04:00+00:00,103.3125,103.31640625,103.3125,103.3125,521.0
2025-05-22 16:05:00+00:00,103.31640625,103.31640625,103.30859375,103.3125,1751.0
2025-05-22 16:06:00+00:00,103.31640625,103.3203125,103.3125,103.3125,790.0
2025-05-22 16:07:00+00:00,103.3203125,103.3203125,103.31640625,103.31640625,153782.0
2025-05-22 16:08:00+00:00,103.32421875,103.328125,103.31640625,103.31640625,13832.0
2025-05-22 16:09:00+00:00,103.3125,103.32421875,103.30859375,103.32421875,5096.0
2025-05-22 16:10:00+00:00,103.3125,103.3203125,103.3125,103.3125,5290.0
2025-05-22 16:11:00+00:00,103.32421875,103.328125,103.3125,103.3125,53293.0
2025-05-22 16:12:00+00:00,103.3203125,103.32421875,103.31640625,103.32421875,8227.0
2025-05-22 16:13:00+00:00,103.3125,103.31640625,103.3125,103.31640625,2218.0
2025-05-22 16:14:00+00:00,103.32421875,103.32421875,103.30859375,103.3125,3178.0
2025-05-22 16:15:00+00:00,103.328125,103.328125,103.3203125,103.32421875,2605.0
2025-05-22 16:16:00+00:00,103.32421875,103.328125,103.32421875,103.32421875,1238.0
2025-05-22 16:17:00+00:00,103.328125,103.328125,103.32421875,103.328125,410.0
2025-05-22 16:18:00+00:00,103.32421875,103.328125,103.32421875,103.328125,849.0
2025-05-22 16:19:00+00:00,103.3203125,103.328125,103.31640625,103.328125,42983.0
2025-05-22 16:20:00+00:00,103.32421875,103.32421875,103.31640625,103.3203125,1924.0
2025-05-22 16:21:00+00:00,103.32421875,103.32421875,103.3203125,103.32421875,34369.0
2025-05-22 16:22:00+00:00,103.32421875,103.32421875,103.3203125,103.32421875,1075.0
2025-05-22 16:23:00+00:00,103.32421875,103.32421875,103.3203125,103.32421875,544.0
2025-05-22 16:24:00+00:00,103.32421875,103.32421875,103.3203125,103.32421875,297.0
2025-05-22 16:25:00+00:00,103.3203125,103.328125,103.3203125,103.32421875,1548.0
2025-05-22 16:26:00+00:00,103.328125,103.328125,103.3203125,103.32421875,45688.0
2025-05-22 16:27:00+00:00,103.32421875,103.328125,103.3203125,103.328125,2215.0
2025-05-22 16:28:00+00:00,103.32421875,103.328125,103.31640625,103.32421875,3453.0
2025-05-22 16:29:00+00:00,103.32421875,103.32421875,103.3203125,103.3203125,370.0
2025-05-22 16:30:00+00:00,103.32421875,103.328125,103.32421875,103.328125,4002.0
2025-05-22 16:31:00+00:00,103.3203125,103.328125,103.3203125,103.32421875,3177.0
2025-05-22 16:32:00+00:00,103.3203125,103.3203125,103.31640625,103.3203125,2794.0
2025-05-22 16:33:00+00:00,103.3203125,103.3203125,103.31640625,103.3203125,1228.0
2025-05-22 16:34:00+00:00,103.31640625,103.3203125,103.31640625,103.31640625,5650.0
2025-05-22 16:35:00+00:00,103.31640625,103.31640625,103.31640625,103.31640625,1242.0
2025-05-22 16:36:00+00:00,103.3203125,103.32421875,103.31640625,103.31640625,917.0
2025-05-22 16:37:00+00:00,103.31640625,103.3203125,103.31640625,103.3203125,2614.0
2025-05-22 16:38:00+00:00,103.3203125,103.32421875,103.31640625,103.31640625,1588.0
2025-05-22 16:39:00+00:00,103.3203125,103.32421875,103.3203125,103.3203125,1192.0
2025-05-22 16:40:00+00:00,103.3203125,103.32421875,103.31640625,103.3203125,2860.0
2025-05-22 16:41:00+00:00,103.31640625,103.3203125,103.31640625,103.3203125,1695.0
2025-05-22 16:42:00+00:00,103.3125,103.3203125,103.3125,103.3203125,1200.0
2025-05-22 16:43:00+00:00,103.3046875,103.3125,103.3046875,103.3125,1123.0
2025-05-22 16:44:00+00:00,103.3046875,103.30859375,103.3046875,103.3046875,1672.0
2025-05-22 16:45:00+00:00,103.3046875,103.3046875,103.30078125,103.3046875,2782.0
2025-05-22 16:46:00+00:00,103.30859375,103.30859375,103.3046875,103.3046875,1929.0
2025-05-22 16:47:00+00:00,103.3046875,103.30859375,103.3046875,103.30859375,405.0
2025-05-22 16:48:00+00:00,103.3046875,103.30859375,103.3046875,103.3046875,726.0
2025-05-22 16:49:00+00:00,103.3046875,103.30859375,103.3046875,103.3046875,2447.0
2025-05-22 16:50:00+00:00,103.30859375,103.30859375,103.3046875,103.30859375,2884.0
2025-05-22 16:51:00+00:00,103.30859375,103.30859375,103.3046875,103.3046875,2800.0
2025-05-22 16:52:00+00:00,103.3046875,103.3125,103.3046875,103.3046875,4255.0
2025-05-22 16:53:00+00:00,103.30859375,103.30859375,103.3046875,103.30859375,479.0
2025-05-22 16:54:00+00:00,103.3046875,103.30859375,103.3046875,103.30859375,488.0
2025-05-22 16:55:00+00:00,103.3046875,103.30859375,103.3046875,103.30859375,637.0
2025-05-22 16:56:00+00:00,103.3046875,103.30859375,103.3046875,103.3046875,675.0
2025-05-22 16:57:00+00:00,103.30859375,103.30859375,103.3046875,103.3046875,841.0
2025-05-22 16:58:00+00:00,103.30078125,103.30859375,103.30078125,103.30859375,6261.0
2025-05-22 16:59:00+00:00,103.30078125,103.3046875,103.30078125,103.30078125,885.0
2025-05-22 17:00:00+00:00,103.30078125,103.3046875,103.30078125,103.3046875,713.0
2025-05-22 17:01:00+00:00,103.30078125,103.3046875,103.30078125,103.30078125,1288.0
2025-05-22 17:02:00+00:00,103.30078125,103.30078125,103.296875,103.30078125,1318.0
2025-05-22 17:03:00+00:00,103.30078125,103.3046875,103.30078125,103.30078125,2721.0
2025-05-22 17:04:00+00:00,103.3046875,103.3046875,103.30078125,103.3046875,631.0
2025-05-22 17:05:00+00:00,103.30078125,103.3046875,103.30078125,103.3046875,1110.0
2025-05-22 17:06:00+00:00,103.30078125,103.3046875,103.30078125,103.3046875,863.0
2025-05-22 17:07:00+00:00,103.30078125,103.3046875,103.296875,103.30078125,4439.0
2025-05-22 17:08:00+00:00,103.30078125,103.30078125,103.296875,103.30078125,1938.0
2025-05-22 17:09:00+00:00,103.30078125,103.3046875,103.296875,103.30078125,1680.0
2025-05-22 17:10:00+00:00,103.30078125,103.30078125,103.296875,103.30078125,5997.0
2025-05-22 17:11:00+00:00,103.296875,103.30078125,103.296875,103.30078125,637.0
2025-05-22 17:12:00+00:00,103.3046875,103.3046875,103.296875,103.296875,11014.0
2025-05-22 17:13:00+00:00,103.30859375,103.30859375,103.30078125,103.30078125,1113.0
2025-05-22 17:14:00+00:00,103.30859375,103.30859375,103.3046875,103.3046875,342.0
2025-05-22 17:15:00+00:00,103.30859375,103.30859375,103.3046875,103.30859375,938.0
2025-05-22 17:16:00+00:00,103.30859375,103.3125,103.3046875,103.30859375,439.0
2025-05-22 17:17:00+00:00,103.30859375,103.30859375,103.3046875,103.30859375,1631.0
2025-05-22 17:18:00+00:00,103.30859375,103.30859375,103.3046875,103.30859375,1667.0
2025-05-22 17:19:00+00:00,103.30859375,103.30859375,103.3046875,103.3046875,959.0
2025-05-22 17:20:00+00:00,103.30859375,103.30859375,103.3046875,103.30859375,2085.0
2025-05-22 17:21:00+00:00,103.3125,103.3125,103.3046875,103.30859375,26168.0
2025-05-22 17:22:00+00:00,103.30859375,103.3125,103.30859375,103.30859375,216.0
2025-05-22 17:23:00+00:00,103.30078125,103.30859375,103.30078125,103.30859375,8210.0
2025-05-22 17:24:00+00:00,103.30078125,103.30078125,103.30078125,103.30078125,2556.0
2025-05-22 17:25:00+00:00,103.30078125,103.3046875,103.296875,103.30078125,3325.0
2025-05-22 17:26:00+00:00,103.3046875,103.3046875,103.296875,103.30078125,3129.0
2025-05-22 17:27:00+00:00,103.3046875,103.3046875,103.30078125,103.30078125,569.0
2025-05-22 17:28:00+00:00,103.3046875,103.3046875,103.3046875,103.3046875,12171.0
2025-05-22 17:29:00+00:00,103.30078125,103.3046875,103.30078125,103.30078125,1687.0
2025-05-22 17:30:00+00:00,103.3046875,103.3046875,103.30078125,103.30078125,3600.0
2025-05-22 17:31:00+00:00,103.30078125,103.3046875,103.30078125,103.30078125,304.0
2025-05-22 17:32:00+00:00,103.30078125,103.30078125,103.296875,103.30078125,4949.0
2025-05-22 17:33:00+00:00,103.296875,103.30078125,103.296875,103.30078125,696.0
2025-05-22 17:34:00+00:00,103.3046875,103.3046875,103.296875,103.296875,1667.0
2025-05-22 17:35:00+00:00,103.3046875,103.3046875,103.30078125,103.3046875,1195.0
2025-05-22 17:36:00+00:00,103.30078125,103.30859375,103.30078125,103.30078125,9227.0
2025-05-22 17:37:00+00:00,103.3046875,103.3046875,103.30078125,103.30078125,1058.0
2025-05-22 17:38:00+00:00,103.30078125,103.30859375,103.30078125,103.3046875,420.0
2025-05-22 17:39:00+00:00,103.30078125,103.3046875,103.30078125,103.30078125,238.0
2025-05-22 17:40:00+00:00,103.30078125,103.3046875,103.30078125,103.30078125,514.0
2025-05-22 17:41:00+00:00,103.30078125,103.3046875,103.30078125,103.30078125,311.0
2025-05-22 17:42:00+00:00,103.296875,103.30078125,103.296875,103.30078125,659.0
2025-05-22 17:43:00+00:00,103.296875,103.296875,103.296875,103.296875,424.0
2025-05-22 17:44:00+00:00,103.30078125,103.30078125,103.296875,103.296875,349.0
2025-05-22 17:45:00+00:00,103.30078125,103.30078125,103.296875,103.296875,1056.0
2025-05-22 17:46:00+00:00,103.30078125,103.30078125,103.30078125,103.30078125,359.0
2025-05-22 17:47:00+00:00,103.30078125,103.3046875,103.30078125,103.3046875,1383.0
2025-05-22 17:48:00+00:00,103.3046875,103.3046875,103.30078125,103.30078125,1055.0
2025-05-22 17:49:00+00:00,103.3046875,103.3046875,103.30078125,103.30078125,734.0
2025-05-22 17:50:00+00:00,103.30078125,103.3046875,103.30078125,103.30078125,687.0
2025-05-22 17:52:00+00:00,103.296875,103.30078125,103.296875,103.30078125,223.0
2025-05-22 17:53:00+00:00,103.296875,103.30078125,103.296875,103.296875,809.0
2025-05-22 17:54:00+00:00,103.30078125,103.30078125,103.296875,103.30078125,173.0
2025-05-22 17:55:00+00:00,103.296875,103.30078125,103.296875,103.30078125,940.0
2025-05-22 17:56:00+00:00,103.296875,103.30078125,103.296875,103.296875,4387.0
2025-05-22 17:57:00+00:00,103.296875,103.30078125,103.296875,103.296875,415.0
2025-05-22 17:58:00+00:00,103.29296875,103.296875,103.29296875,103.296875,402.0
2025-05-22 17:59:00+00:00,103.296875,103.296875,103.29296875,103.296875,418.0
2025-05-22 18:00:00+00:00,103.296875,103.296875,103.29296875,103.296875,1407.0
2025-05-22 18:01:00+00:00,103.30078125,103.30078125,103.296875,103.30078125,143.0
2025-05-22 18:02:00+00:00,103.296875,103.296875,103.296875,103.296875,36.0
2025-05-22 18:03:00+00:00,103.296875,103.30078125,103.296875,103.30078125,299.0
2025-05-22 18:04:00+00:00,103.30078125,103.30078125,103.296875,103.296875,350.0
2025-05-22 18:05:00+00:00,103.296875,103.30078125,103.296875,103.30078125,974.0
2025-05-22 18:06:00+00:00,103.296875,103.296875,103.296875,103.296875,145.0
2025-05-22 18:07:00+00:00,103.296875,103.30078125,103.296875,103.296875,1434.0
2025-05-22 18:08:00+00:00,103.296875,103.30078125,103.296875,103.296875,384.0
2025-05-22 18:09:00+00:00,103.296875,103.296875,103.296875,103.296875,971.0
2025-05-22 18:10:00+00:00,103.30078125,103.30078125,103.296875,103.296875,875.0
2025-05-22 18:11:00+00:00,103.296875,103.30078125,103.296875,103.30078125,622.0
2025-05-22 18:12:00+00:00,103.30078125,103.3046875,103.30078125,103.30078125,1976.0
2025-05-22 18:13:00+00:00,103.3046875,103.3046875,103.30078125,103.3046875,347.0
2025-05-22 18:14:00+00:00,103.30859375,103.30859375,103.3046875,103.3046875,5421.0
2025-05-22 18:15:00+00:00,103.30078125,103.30859375,103.30078125,103.3046875,809.0
2025-05-22 18:16:00+00:00,103.30078125,103.3046875,103.30078125,103.30078125,279.0
2025-05-22 18:17:00+00:00,103.296875,103.30078125,103.296875,103.30078125,553.0
2025-05-22 18:18:00+00:00,103.30078125,103.30078125,103.296875,103.30078125,261.0
2025-05-22 18:19:00+00:00,103.296875,103.30078125,103.296875,103.30078125,197.0
2025-05-22 18:20:00+00:00,103.296875,103.296875,103.29296875,103.296875,1044.0
2025-05-22 18:21:00+00:00,103.29296875,103.296875,103.29296875,103.296875,663.0
2025-05-22 18:22:00+00:00,103.296875,103.296875,103.29296875,103.29296875,261.0
2025-05-22 18:23:00+00:00,103.29296875,103.296875,103.29296875,103.29296875,1648.0
2025-05-22 18:24:00+00:00,103.29296875,103.296875,103.29296875,103.29296875,527.0
2025-05-22 18:25:00+00:00,103.30078125,103.30078125,103.29296875,103.29296875,946.0
2025-05-22 18:26:00+00:00,103.296875,103.296875,103.296875,103.296875,210.0
2025-05-22 18:27:00+00:00,103.30078125,103.30078125,103.296875,103.296875,363.0
2025-05-22 18:28:00+00:00,103.296875,103.30078125,103.296875,103.296875,204.0
2025-05-22 18:29:00+00:00,103.296875,103.30078125,103.29296875,103.296875,3733.0
2025-05-22 18:30:00+00:00,103.296875,103.30078125,103.296875,103.296875,339.0
2025-05-22 18:31:00+00:00,103.296875,103.30078125,103.296875,103.30078125,405.0
2025-05-22 18:32:00+00:00,103.296875,103.30078125,103.296875,103.296875,318.0
2025-05-22 18:33:00+00:00,103.29296875,103.30078125,103.29296875,103.296875,881.0
2025-05-22 18:34:00+00:00,103.29296875,103.296875,103.29296875,103.29296875,878.0
2025-05-22 18:35:00+00:00,103.296875,103.30078125,103.29296875,103.29296875,4071.0
2025-05-22 18:36:00+00:00,103.296875,103.30078125,103.296875,103.296875,592.0
2025-05-22 18:37:00+00:00,103.296875,103.30078125,103.296875,103.296875,324.0
2025-05-22 18:38:00+00:00,103.296875,103.30078125,103.296875,103.296875,1338.0
2025-05-22 18:39:00+00:00,103.30078125,103.3046875,103.296875,103.296875,1359.0
2025-05-22 18:40:00+00:00,103.30078125,103.3046875,103.30078125,103.30078125,427.0
2025-05-22 18:42:00+00:00,103.30078125,103.3046875,103.30078125,103.30078125,123.0
2025-05-22 18:43:00+00:00,103.3046875,103.3046875,103.30078125,103.30078125,231.0
2025-05-22 18:44:00+00:00,103.30078125,103.3046875,103.30078125,103.30078125,886.0
2025-05-22 18:45:00+00:00,103.3046875,103.3046875,103.296875,103.296875,510.0
2025-05-22 18:46:00+00:00,103.3046875,103.3046875,103.30078125,103.30078125,1013.0
2025-05-22 18:47:00+00:00,103.3046875,103.30859375,103.3046875,103.3046875,164.0
2025-05-22 18:48:00+00:00,103.3046875,103.30859375,103.3046875,103.30859375,308.0
2025-05-22 18:49:00+00:00,103.3046875,103.30859375,103.3046875,103.3046875,556.0
2025-05-22 18:50:00+00:00,103.3046875,103.3046875,103.3046875,103.3046875,112.0
2025-05-22 18:51:00+00:00,103.3046875,103.30859375,103.3046875,103.3046875,528.0
2025-05-22 18:52:00+00:00,103.30859375,103.30859375,103.3046875,103.30859375,135.0
2025-05-22 18:53:00+00:00,103.3046875,103.30859375,103.3046875,103.30859375,364.0
2025-05-22 18:54:00+00:00,103.30078125,103.3046875,103.30078125,103.3046875,815.0
2025-05-22 18:55:00+00:00,103.3046875,103.30859375,103.30078125,103.3046875,1072.0
2025-05-22 18:56:00+00:00,103.30078125,103.30859375,103.30078125,103.30859375,746.0
2025-05-22 18:57:00+00:00,103.30078125,103.3046875,103.30078125,103.3046875,262.0
2025-05-22 18:58:00+00:00,103.296875,103.3046875,103.296875,103.3046875,844.0
2025-05-22 18:59:00+00:00,103.3046875,103.3046875,103.296875,103.30078125,14102.0
2025-05-22 19:00:00+00:00,103.3046875,103.3046875,103.30078125,103.3046875,606.0
2025-05-22 19:01:00+00:00,103.3046875,103.3046875,103.30078125,103.3046875,4869.0
2025-05-22 19:02:00+00:00,103.3046875,103.3046875,103.30078125,103.3046875,227.0
2025-05-22 19:03:00+00:00,103.3046875,103.3046875,103.30078125,103.3046875,341.0
2025-05-22 19:04:00+00:00,103.30859375,103.30859375,103.30078125,103.3046875,2970.0
2025-05-22 19:05:00+00:00,103.3046875,103.30859375,103.3046875,103.30859375,118.0
2025-05-22 19:06:00+00:00,103.3046875,103.30859375,103.3046875,103.3046875,1679.0
2025-05-22 19:07:00+00:00,103.30859375,103.30859375,103.3046875,103.30859375,424.0
2025-05-22 19:08:00+00:00,103.3046875,103.30859375,103.3046875,103.3046875,146.0
2025-05-22 19:09:00+00:00,103.3046875,103.30859375,103.3046875,103.3046875,178.0
2025-05-22 19:10:00+00:00,103.30859375,103.30859375,103.3046875,103.30859375,106.0
2025-05-22 19:11:00+00:00,103.3046875,103.30859375,103.3046875,103.3046875,691.0
2025-05-22 19:12:00+00:00,103.3046875,103.30859375,103.3046875,103.3046875,123.0
2025-05-22 19:13:00+00:00,103.3046875,103.30859375,103.3046875,103.3046875,140.0
2025-05-22 19:14:00+00:00,103.3046875,103.30859375,103.3046875,103.3046875,3693.0
2025-05-22 19:15:00+00:00,103.3125,103.3125,103.3046875,103.30859375,577.0
2025-05-22 19:16:00+00:00,103.3125,103.3125,103.30859375,103.30859375,1455.0
2025-05-22 19:17:00+00:00,103.3125,103.31640625,103.30859375,103.3125,10555.0
2025-05-22 19:18:00+00:00,103.30859375,103.31640625,103.30859375,103.3125,7437.0
2025-05-22 19:19:00+00:00,103.3046875,103.30859375,103.3046875,103.30859375,1958.0
2025-05-22 19:20:00+00:00,103.3046875,103.30859375,103.3046875,103.3046875,5172.0
2025-05-22 19:21:00+00:00,103.3046875,103.30859375,103.3046875,103.3046875,721.0
2025-05-22 19:22:00+00:00,103.3046875,103.30859375,103.3046875,103.3046875,1280.0
2025-05-22 19:23:00+00:00,103.3046875,103.3046875,103.3046875,103.3046875,83.0
2025-05-22 19:24:00+00:00,103.30859375,103.30859375,103.3046875,103.3046875,227.0
2025-05-22 19:26:00+00:00,103.30078125,103.30859375,103.30078125,103.3046875,258.0
2025-05-22 19:27:00+00:00,103.30078125,103.30078125,103.30078125,103.30078125,111.0
2025-05-22 19:28:00+00:00,103.296875,103.30078125,103.296875,103.30078125,233.0
2025-05-22 19:29:00+00:00,103.296875,103.296875,103.296875,103.296875,82.0
2025-05-22 19:30:00+00:00,103.3046875,103.3046875,103.296875,103.296875,1383.0
2025-05-22 19:31:00+00:00,103.3046875,103.3046875,103.30078125,103.30078125,653.0
2025-05-22 19:32:00+00:00,103.30859375,103.30859375,103.30078125,103.3046875,820.0
2025-05-22 19:33:00+00:00,103.30859375,103.3125,103.3046875,103.30859375,1976.0
2025-05-22 19:34:00+00:00,103.3125,103.3125,103.30859375,103.30859375,6948.0
2025-05-22 19:35:00+00:00,103.3125,103.31640625,103.30859375,103.3125,7545.0
2025-05-22 19:36:00+00:00,103.3125,103.31640625,103.30859375,103.31640625,1413.0
2025-05-22 19:38:00+00:00,103.3125,103.3125,103.30859375,103.30859375,286.0
2025-05-22 19:39:00+00:00,103.3125,103.31640625,103.3125,103.3125,490.0
2025-05-22 19:40:00+00:00,103.3125,103.31640625,103.3125,103.3125,1279.0
2025-05-22 19:41:00+00:00,103.3125,103.31640625,103.3125,103.3125,1679.0
2025-05-22 19:42:00+00:00,103.3125,103.31640625,103.3125,103.3125,486.0
2025-05-22 19:43:00+00:00,103.31640625,103.3203125,103.31640625,103.31640625,6780.0
2025-05-22 19:44:00+00:00,103.31640625,103.3203125,103.31640625,103.3203125,1900.0
2025-05-22 19:45:00+00:00,103.3203125,103.3203125,103.31640625,103.31640625,2485.0
2025-05-22 19:46:00+00:00,103.31640625,103.3203125,103.31640625,103.31640625,587.0
2025-05-22 19:47:00+00:00,103.3203125,103.3203125,103.3125,103.31640625,24853.0
2025-05-22 19:48:00+00:00,103.31640625,103.3203125,103.31640625,103.31640625,5774.0
2025-05-22 19:49:00+00:00,103.31640625,103.31640625,103.31640625,103.31640625,16109.0
2025-05-22 19:50:00+00:00,103.31640625,103.3203125,103.31640625,103.31640625,2087.0
2025-05-22 19:51:00+00:00,103.31640625,103.31640625,103.31640625,103.31640625,311.0
2025-05-22 19:52:00+00:00,103.3203125,103.3203125,103.31640625,103.31640625,99.0
2025-05-22 19:53:00+00:00,103.3203125,103.3203125,103.31640625,103.3203125,139.0
2025-05-22 19:54:00+00:00,103.3203125,103.3203125,103.31640625,103.31640625,188.0
2025-05-22 19:55:00+00:00,103.3203125,103.32421875,103.31640625,103.3203125,1648.0
2025-05-22 19:56:00+00:00,103.31640625,103.32421875,103.31640625,103.3203125,308.0
2025-05-22 19:57:00+00:00,103.31640625,103.3203125,103.31640625,103.31640625,86.0
2025-05-22 19:58:00+00:00,103.31640625,103.3203125,103.31640625,103.3203125,158.0
2025-05-22 19:59:00+00:00,103.3125,103.3203125,103.3125,103.3203125,2709.0
2025-05-22 20:00:00+00:00,103.3125,103.31640625,103.30859375,103.31640625,2616.0
2025-05-22 20:01:00+00:00,103.30859375,103.3125,103.30859375,103.3125,1193.0
2025-05-22 20:02:00+00:00,103.30859375,103.30859375,103.3046875,103.3046875,59.0
2025-05-22 20:03:00+00:00,103.3046875,103.30859375,103.3046875,103.3046875,58.0
2025-05-22 20:04:00+00:00,103.3046875,103.3046875,103.3046875,103.3046875,2130.0
2025-05-22 20:05:00+00:00,103.30859375,103.30859375,103.3046875,103.3046875,709.0
2025-05-22 20:06:00+00:00,103.3125,103.3125,103.30859375,103.30859375,127.0
2025-05-22 20:07:00+00:00,103.30859375,103.30859375,103.3046875,103.30859375,1093.0
2025-05-22 20:08:00+00:00,103.3125,103.3125,103.30859375,103.30859375,1361.0
2025-05-22 20:09:00+00:00,103.3125,103.3125,103.3125,103.3125,124.0
2025-05-22 20:10:00+00:00,103.31640625,103.3203125,103.31640625,103.31640625,3095.0
2025-05-22 20:11:00+00:00,103.3125,103.3203125,103.3125,103.31640625,2639.0
2025-05-22 20:12:00+00:00,103.3125,103.31640625,103.3125,103.31640625,339.0
2025-05-22 20:13:00+00:00,103.31640625,103.31640625,103.31640625,103.31640625,613.0
2025-05-22 20:15:00+00:00,103.3125,103.3125,103.3125,103.3125,604.0
2025-05-22 20:16:00+00:00,103.31640625,103.31640625,103.3125,103.3125,2526.0
2025-05-22 20:18:00+00:00,103.3203125,103.3203125,103.31640625,103.31640625,13121.0
2025-05-22 20:19:00+00:00,103.3203125,103.3203125,103.3203125,103.3203125,75.0
2025-05-22 20:20:00+00:00,103.3203125,103.3203125,103.3203125,103.3203125,353.0
2025-05-22 20:21:00+00:00,103.3203125,103.3203125,103.31640625,103.3203125,533.0
2025-05-22 20:22:00+00:00,103.31640625,103.31640625,103.31640625,103.31640625,2211.0
2025-05-22 20:23:00+00:00,103.31640625,103.31640625,103.31640625,103.31640625,1282.0
2025-05-22 20:26:00+00:00,103.31640625,103.31640625,103.31640625,103.31640625,940.0
2025-05-22 20:27:00+00:00,103.31640625,103.31640625,103.31640625,103.31640625,162.0
2025-05-22 20:28:00+00:00,103.31640625,103.31640625,103.31640625,103.31640625,1048.0
2025-05-22 20:29:00+00:00,103.31640625,103.31640625,103.31640625,103.31640625,1184.0
2025-05-22 20:30:00+00:00,103.31640625,103.31640625,103.31640625,103.31640625,128.0
2025-05-22 20:31:00+00:00,103.3203125,103.3203125,103.3203125,103.3203125,1241.0
2025-05-22 20:32:00+00:00,103.31640625,103.31640625,103.31640625,103.31640625,378.0
2025-05-22 20:33:00+00:00,103.3203125,103.3203125,103.31640625,103.31640625,2321.0
2025-05-22 20:34:00+00:00,103.3203125,103.3203125,103.3203125,103.3203125,200.0
2025-05-22 20:36:00+00:00,103.32421875,103.32421875,103.3203125,103.3203125,1046.0
2025-05-22 20:37:00+00:00,103.3203125,103.3203125,103.3203125,103.3203125,473.0
2025-05-22 20:38:00+00:00,103.3203125,103.3203125,103.3203125,103.3203125,101.0
2025-05-22 20:39:00+00:00,103.31640625,103.31640625,103.31640625,103.31640625,1111.0
2025-05-22 20:40:00+00:00,103.3203125,103.32421875,103.31640625,103.31640625,2048.0
2025-05-22 20:41:00+00:00,103.3203125,103.3203125,103.31640625,103.3203125,593.0
2025-05-22 20:42:00+00:00,103.32421875,103.32421875,103.3203125,103.3203125,296.0
2025-05-22 20:43:00+00:00,103.3203125,103.32421875,103.3203125,103.32421875,937.0
2025-05-22 20:44:00+00:00,103.3203125,103.32421875,103.3203125,103.32421875,1301.0
2025-05-22 20:47:00+00:00,103.3203125,103.3203125,103.31640625,103.3203125,208.0
2025-05-22 20:48:00+00:00,103.3203125,103.3203125,103.3203125,103.3203125,572.0
2025-05-22 20:49:00+00:00,103.3203125,103.3203125,103.3203125,103.3203125,389.0
2025-05-22 20:50:00+00:00,103.31640625,103.3203125,103.31640625,103.31640625,1218.0
2025-05-22 20:51:00+00:00,103.3125,103.31640625,103.3125,103.31640625,588.0
2025-05-22 20:52:00+00:00,103.31640625,103.31640625,103.3125,103.31640625,346.0
2025-05-22 20:53:00+00:00,103.3125,103.3125,103.30859375,103.3125,832.0
2025-05-22 20:54:00+00:00,103.3125,103.31640625,103.30859375,103.3125,756.0
2025-05-22 20:55:00+00:00,103.3125,103.31640625,103.3125,103.31640625,174.0
2025-05-22 20:56:00+00:00,103.31640625,103.31640625,103.3125,103.3125,722.0
2025-05-22 20:57:00+00:00,103.3125,103.3125,103.3125,103.3125,341.0
2025-05-22 20:58:00+00:00,103.31640625,103.31640625,103.3125,103.3125,682.0
2025-05-22 20:59:00+00:00,103.31640625,103.31640625,103.3125,103.31640625,846.0
2025-05-22 22:00:00+00:00,103.32421875,103.328125,103.31640625,103.31640625,0.0
2025-05-22 22:01:00+00:00,103.32421875,103.32421875,103.32421875,103.32421875,30.0
2025-05-22 22:02:00+00:00,103.32421875,103.32421875,103.32421875,103.32421875,25.0
2025-05-22 22:05:00+00:00,103.32421875,103.32421875,103.32421875,103.32421875,87.0
2025-05-22 22:06:00+00:00,103.32421875,103.32421875,103.32421875,103.32421875,12.0
2025-05-22 22:10:00+00:00,103.32421875,103.32421875,103.32421875,103.32421875,14.0
2025-05-22 22:12:00+00:00,103.32421875,103.32421875,103.32421875,103.32421875,10.0
2025-05-22 22:17:00+00:00,103.3203125,103.3203125,103.3203125,103.3203125,9.0
2025-05-22 22:18:00+00:00,103.32421875,103.32421875,103.32421875,103.32421875,1.0
2025-05-22 22:19:00+00:00,103.32421875,103.32421875,103.32421875,103.32421875,61.0
2025-05-22 22:22:00+00:00,103.3203125,103.32421875,103.3203125,103.32421875,14.0
2025-05-22 22:24:00+00:00,103.32421875,103.32421875,103.3203125,103.3203125,28.0
2025-05-22 22:27:00+00:00,103.3203125,103.3203125,103.3203125,103.3203125,19.0
2025-05-22 22:30:00+00:00,103.3203125,103.3203125,103.3203125,103.3203125,7.0
2025-05-22 22:34:00+00:00,103.3203125,103.3203125,103.3203125,103.3203125,24.0
2025-05-22 22:37:00+00:00,103.3203125,103.3203125,103.3203125,103.3203125,4.0
2025-05-22 22:58:00+00:00,103.32421875,103.32421875,103.32421875,103.32421875,4.0
2025-05-22 23:06:00+00:00,103.328125,103.328125,103.32421875,103.32421875,160.0
2025-05-22 23:07:00+00:00,103.32421875,103.328125,103.32421875,103.328125,638.0
2025-05-22 23:14:00+00:00,103.32421875,103.32421875,103.32421875,103.32421875,19.0
2025-05-22 23:21:00+00:00,103.32421875,103.32421875,103.32421875,103.32421875,183.0
2025-05-22 23:22:00+00:00,103.32421875,103.32421875,103.32421875,103.32421875,2.0
2025-05-22 23:23:00+00:00,103.328125,103.328125,103.328125,103.328125,2.0
2025-05-22 23:26:00+00:00,103.32421875,103.32421875,103.32421875,103.32421875,78.0
2025-05-22 23:29:00+00:00,103.32421875,103.32421875,103.32421875,103.32421875,49.0
2025-05-22 23:41:00+00:00,103.32421875,103.32421875,103.32421875,103.32421875,132.0
2025-05-22 23:42:00+00:00,103.32421875,103.32421875,103.32421875,103.32421875,42.0
2025-05-22 23:45:00+00:00,103.32421875,103.32421875,103.32421875,103.32421875,15.0
2025-05-22 23:46:00+00:00,103.3203125,103.3203125,103.3203125,103.3203125,111.0
2025-05-22 23:48:00+00:00,103.3203125,103.3203125,103.3203125,103.3203125,35.0
2025-05-22 23:49:00+00:00,103.3203125,103.3203125,103.3203125,103.3203125,34.0
2025-05-22 23:52:00+00:00,103.31640625,103.31640625,103.31640625,103.31640625,265.0
2025-05-22 23:53:00+00:00,103.31640625,103.3203125,103.31640625,103.3203125,6.0
2025-05-22 23:55:00+00:00,103.31640625,103.31640625,103.31640625,103.31640625,2.0
2025-05-22 23:56:00+00:00,103.31640625,103.31640625,103.31640625,103.31640625,45.0
2025-05-22 23:58:00+00:00,103.31640625,103.31640625,103.31640625,103.31640625,77.0
2025-05-22 23:59:00+00:00,103.31640625,103.31640625,103.31640625,103.31640625,419.0
2025-05-23 00:00:00+00:00,103.31640625,103.31640625,103.31640625,103.31640625,845.0
2025-05-23 00:01:00+00:00,103.31640625,103.31640625,103.31640625,103.31640625,402.0
2025-05-23 00:03:00+00:00,103.3125,103.3125,103.3125,103.3125,825.0
2025-05-23 00:04:00+00:00,103.3125,103.3125,103.3125,103.3125,118.0
2025-05-23 00:05:00+00:00,103.3125,103.3125,103.3125,103.3125,94.0
2025-05-23 00:06:00+00:00,103.30859375,103.3125,103.30859375,103.3125,341.0
2025-05-23 00:07:00+00:00,103.30859375,103.30859375,103.30859375,103.30859375,110.0
2025-05-23 00:09:00+00:00,103.3125,103.3125,103.30859375,103.3125,1571.0
2025-05-23 00:10:00+00:00,103.3125,103.3125,103.3125,103.3125,108.0
2025-05-23 00:13:00+00:00,103.3125,103.3125,103.3125,103.3125,132.0
2025-05-23 00:15:00+00:00,103.31640625,103.31640625,103.31640625,103.31640625,245.0
2025-05-23 00:16:00+00:00,103.31640625,103.31640625,103.31640625,103.31640625,43.0
2025-05-23 00:17:00+00:00,103.3125,103.31640625,103.3125,103.31640625,262.0
2025-05-23 00:18:00+00:00,103.3125,103.3125,103.3125,103.3125,111.0
2025-05-23 00:19:00+00:00,103.3125,103.3125,103.3125,103.3125,92.0
2025-05-23 00:21:00+00:00,103.3125,103.3125,103.3125,103.3125,12.0
2025-05-23 00:22:00+00:00,103.3203125,103.3203125,103.31640625,103.31640625,442.0
2025-05-23 00:24:00+00:00,103.3203125,103.3203125,103.3203125,103.3203125,68.0
2025-05-23 00:26:00+00:00,103.3203125,103.3203125,103.3203125,103.3203125,8.0
2025-05-23 00:31:00+00:00,103.328125,103.328125,103.32421875,103.32421875,840.0
2025-05-23 00:36:00+00:00,103.328125,103.328125,103.32421875,103.32421875,14.0
2025-05-23 00:39:00+00:00,103.328125,103.328125,103.328125,103.328125,358.0
2025-05-23 00:43:00+00:00,103.328125,103.328125,103.328125,103.328125,591.0
2025-05-23 00:44:00+00:00,103.328125,103.328125,103.328125,103.328125,20.0
2025-05-23 00:48:00+00:00,103.32421875,103.32421875,103.32421875,103.32421875,855.0
2025-05-23 00:50:00+00:00,103.32421875,103.32421875,103.32421875,103.32421875,89.0
2025-05-23 00:51:00+00:00,103.328125,103.328125,103.328125,103.328125,19.0
2025-05-23 00:52:00+00:00,103.328125,103.328125,103.328125,103.328125,393.0
2025-05-23 00:56:00+00:00,103.328125,103.33203125,103.328125,103.33203125,684.0
2025-05-23 00:57:00+00:00,103.328125,103.328125,103.328125,103.328125,85.0
2025-05-23 00:59:00+00:00,103.328125,103.328125,103.328125,103.328125,61.0
2025-05-23 01:01:00+00:00,103.33203125,103.33203125,103.33203125,103.33203125,176.0
2025-05-23 01:02:00+00:00,103.3359375,103.3359375,103.3359375,103.3359375,3.0
2025-05-23 01:03:00+00:00,103.33203125,103.33203125,103.33203125,103.33203125,164.0
2025-05-23 01:05:00+00:00,103.3359375,103.3359375,103.33203125,103.3359375,131.0
2025-05-23 01:06:00+00:00,103.3359375,103.3359375,103.33203125,103.33203125,79.0
2025-05-23 01:07:00+00:00,103.3359375,103.3359375,103.3359375,103.3359375,154.0
2025-05-23 01:08:00+00:00,103.34375,103.34375,103.3359375,103.3359375,567.0
2025-05-23 01:09:00+00:00,103.33984375,103.33984375,103.33984375,103.33984375,1519.0
2025-05-23 01:11:00+00:00,103.33984375,103.33984375,103.33984375,103.33984375,194.0
2025-05-23 01:15:00+00:00,103.33984375,103.33984375,103.33984375,103.33984375,8.0
2025-05-23 01:16:00+00:00,103.33984375,103.33984375,103.33984375,103.33984375,4.0
2025-05-23 01:20:00+00:00,103.3359375,103.3359375,103.3359375,103.3359375,202.0
2025-05-23 01:21:00+00:00,103.3359375,103.3359375,103.3359375,103.3359375,214.0
2025-05-23 01:22:00+00:00,103.33203125,103.33203125,103.33203125,103.33203125,35.0
2025-05-23 01:24:00+00:00,103.33203125,103.33203125,103.33203125,103.33203125,134.0
2025-05-23 01:25:00+00:00,103.33203125,103.33203125,103.33203125,103.33203125,109.0
2025-05-23 01:26:00+00:00,103.33203125,103.33203125,103.33203125,103.33203125,50.0
2025-05-23 01:29:00+00:00,103.33203125,103.33203125,103.33203125,103.33203125,79.0
2025-05-23 01:30:00+00:00,103.33203125,103.33203125,103.33203125,103.33203125,5.0
2025-05-23 01:31:00+00:00,103.328125,103.328125,103.328125,103.328125,152.0
2025-05-23 01:32:00+00:00,103.328125,103.328125,103.328125,103.328125,9.0
2025-05-23 01:33:00+00:00,103.33203125,103.33203125,103.328125,103.33203125,151.0
2025-05-23 01:34:00+00:00,103.33203125,103.33203125,103.33203125,103.33203125,4.0
2025-05-23 01:35:00+00:00,103.33203125,103.33203125,103.33203125,103.33203125,48.0
2025-05-23 01:36:00+00:00,103.33203125,103.33203125,103.33203125,103.33203125,17.0
2025-05-23 01:38:00+00:00,103.33203125,103.33203125,103.328125,103.328125,15.0
2025-05-23 01:41:00+00:00,103.33203125,103.33203125,103.328125,103.328125,42.0
2025-05-23 01:45:00+00:00,103.33203125,103.33203125,103.33203125,103.33203125,812.0
2025-05-23 01:46:00+00:00,103.33203125,103.33203125,103.33203125,103.33203125,6.0
2025-05-23 01:48:00+00:00,103.33203125,103.33203125,103.33203125,103.33203125,46.0
2025-05-23 01:49:00+00:00,103.33203125,103.33203125,103.33203125,103.33203125,150.0
2025-05-23 01:51:00+00:00,103.3359375,103.3359375,103.3359375,103.3359375,150.0
2025-05-23 01:52:00+00:00,103.3359375,103.3359375,103.3359375,103.3359375,26.0
2025-05-23 01:53:00+00:00,103.3359375,103.3359375,103.3359375,103.3359375,11.0
2025-05-23 01:55:00+00:00,103.33984375,103.33984375,103.33984375,103.33984375,564.0
2025-05-23 01:56:00+00:00,103.3359375,103.3359375,103.3359375,103.3359375,74.0
2025-05-23 01:57:00+00:00,103.3359375,103.3359375,103.3359375,103.3359375,157.0
2025-05-23 01:58:00+00:00,103.3359375,103.3359375,103.3359375,103.3359375,6.0
2025-05-23 02:00:00+00:00,103.3359375,103.3359375,103.3359375,103.3359375,76.0
2025-05-23 02:03:00+00:00,103.33203125,103.33203125,103.33203125,103.33203125,71.0
2025-05-23 02:08:00+00:00,103.328125,103.328125,103.328125,103.328125,100.0
2025-05-23 02:09:00+00:00,103.328125,103.328125,103.328125,103.328125,46.0
2025-05-23 02:10:00+00:00,103.328125,103.328125,103.328125,103.328125,37.0
2025-05-23 02:11:00+00:00,103.328125,103.328125,103.328125,103.328125,2360.0
2025-05-23 02:12:00+00:00,103.328125,103.328125,103.32421875,103.32421875,319.0
2025-05-23 02:13:00+00:00,103.328125,103.328125,103.32421875,103.32421875,22.0
2025-05-23 02:14:00+00:00,103.32421875,103.328125,103.32421875,103.328125,243.0
2025-05-23 02:15:00+00:00,103.32421875,103.32421875,103.32421875,103.32421875,53.0
2025-05-23 02:16:00+00:00,103.32421875,103.32421875,103.32421875,103.32421875,64.0
2025-05-23 02:17:00+00:00,103.328125,103.328125,103.328125,103.328125,703.0
2025-05-23 02:18:00+00:00,103.328125,103.328125,103.32421875,103.32421875,25.0
2025-05-23 02:20:00+00:00,103.328125,103.33203125,103.328125,103.328125,213.0
2025-05-23 02:23:00+00:00,103.328125,103.328125,103.32421875,103.328125,149.0
2025-05-23 02:24:00+00:00,103.328125,103.33203125,103.328125,103.328125,90.0
2025-05-23 02:25:00+00:00,103.328125,103.328125,103.32421875,103.328125,121.0
2025-05-23 02:27:00+00:00,103.33203125,103.33203125,103.328125,103.328125,26.0
2025-05-23 02:28:00+00:00,103.328125,103.328125,103.328125,103.328125,51.0
2025-05-23 02:29:00+00:00,103.328125,103.33203125,103.328125,103.33203125,46.0
2025-05-23 02:32:00+00:00,103.328125,103.328125,103.328125,103.328125,132.0
2025-05-23 02:37:00+00:00,103.328125,103.328125,103.328125,103.328125,104.0
2025-05-23 02:47:00+00:00,103.32421875,103.32421875,103.32421875,103.32421875,1001.0
2025-05-23 02:50:00+00:00,103.328125,103.328125,103.328125,103.328125,221.0
2025-05-23 02:55:00+00:00,103.328125,103.328125,103.328125,103.328125,7.0
2025-05-23 02:56:00+00:00,103.33203125,103.33203125,103.328125,103.328125,550.0
2025-05-23 02:59:00+00:00,103.328125,103.328125,103.328125,103.328125,56.0
2025-05-23 03:01:00+00:00,103.328125,103.328125,103.328125,103.328125,4.0
2025-05-23 03:03:00+00:00,103.32421875,103.32421875,103.32421875,103.32421875,192.0
2025-05-23 03:06:00+00:00,103.3203125,103.32421875,103.3203125,103.32421875,4.0
2025-05-23 03:07:00+00:00,103.3203125,103.3203125,103.3203125,103.3203125,99.0
2025-05-23 03:10:00+00:00,103.31640625,103.31640625,103.31640625,103.31640625,214.0
2025-05-23 03:11:00+00:00,103.31640625,103.31640625,103.31640625,103.31640625,36.0
2025-05-23 03:19:00+00:00,103.31640625,103.31640625,103.31640625,103.31640625,5.0
2025-05-23 03:21:00+00:00,103.31640625,103.31640625,103.31640625,103.31640625,13558.0
2025-05-23 03:22:00+00:00,103.31640625,103.31640625,103.31640625,103.31640625,744.0
2025-05-23 03:23:00+00:00,103.31640625,103.31640625,103.31640625,103.31640625,144.0
2025-05-23 03:25:00+00:00,103.31640625,103.31640625,103.31640625,103.31640625,120.0
2025-05-23 03:27:00+00:00,103.31640625,103.31640625,103.3125,103.3125,110.0
2025-05-23 03:28:00+00:00,103.31640625,103.31640625,103.31640625,103.31640625,49.0
2025-05-23 03:30:00+00:00,103.31640625,103.31640625,103.31640625,103.31640625,176.0
2025-05-23 03:31:00+00:00,103.3203125,103.3203125,103.3203125,103.3203125,502.0
2025-05-23 03:32:00+00:00,103.3203125,103.3203125,103.31640625,103.31640625,556.0
2025-05-23 03:35:00+00:00,103.32421875,103.32421875,103.32421875,103.32421875,319.0
2025-05-23 03:36:00+00:00,103.32421875,103.32421875,103.32421875,103.32421875,39.0
2025-05-23 03:38:00+00:00,103.32421875,103.32421875,103.32421875,103.32421875,185.0
2025-05-23 03:48:00+00:00,103.32421875,103.32421875,103.32421875,103.32421875,6.0
2025-05-23 03:49:00+00:00,103.32421875,103.32421875,103.32421875,103.32421875,7.0
2025-05-23 03:52:00+00:00,103.32421875,103.32421875,103.32421875,103.32421875,74.0
2025-05-23 03:53:00+00:00,103.32421875,103.32421875,103.32421875,103.32421875,47.0
2025-05-23 03:55:00+00:00,103.32421875,103.32421875,103.32421875,103.32421875,21.0
2025-05-23 04:00:00+00:00,103.328125,103.328125,103.328125,103.328125,24.0
2025-05-23 04:01:00+00:00,103.32421875,103.32421875,103.32421875,103.32421875,32.0
2025-05-23 04:04:00+00:00,103.32421875,103.32421875,103.32421875,103.32421875,34.0
2025-05-23 04:07:00+00:00,103.32421875,103.328125,103.32421875,103.32421875,45.0
2025-05-23 04:14:00+00:00,103.328125,103.328125,103.328125,103.328125,41.0
2025-05-23 04:16:00+00:00,103.32421875,103.32421875,103.32421875,103.32421875,128.0
2025-05-23 04:18:00+00:00,103.32421875,103.32421875,103.3203125,103.3203125,51.0
2025-05-23 04:27:00+00:00,103.32421875,103.32421875,103.3203125,103.32421875,19.0
2025-05-23 04:28:00+00:00,103.32421875,103.32421875,103.3203125,103.32421875,244.0
2025-05-23 04:30:00+00:00,103.328125,103.328125,103.328125,103.328125,3.0
2025-05-23 04:33:00+00:00,103.328125,103.328125,103.328125,103.328125,49.0
2025-05-23 04:34:00+00:00,103.32421875,103.328125,103.32421875,103.328125,683.0
2025-05-23 04:40:00+00:00,103.3203125,103.32421875,103.3203125,103.32421875,288.0
2025-05-23 04:41:00+00:00,103.3203125,103.3203125,103.3203125,103.3203125,74.0
2025-05-23 04:47:00+00:00,103.3203125,103.3203125,103.3203125,103.3203125,522.0
2025-05-23 04:51:00+00:00,103.3203125,103.3203125,103.3203125,103.3203125,332.0
2025-05-23 05:08:00+00:00,103.3203125,103.3203125,103.3203125,103.3203125,176.0
2025-05-23 05:11:00+00:00,103.31640625,103.31640625,103.31640625,103.31640625,244.0
2025-05-23 05:13:00+00:00,103.31640625,103.31640625,103.31640625,103.31640625,62.0
2025-05-23 05:15:00+00:00,103.3203125,103.3203125,103.31640625,103.31640625,1044.0
2025-05-23 05:16:00+00:00,103.31640625,103.3203125,103.31640625,103.3203125,11.0
2025-05-23 05:18:00+00:00,103.3203125,103.3203125,103.3203125,103.3203125,142.0
2025-05-23 05:25:00+00:00,103.31640625,103.31640625,103.31640625,103.31640625,51.0
2025-05-23 05:26:00+00:00,103.3125,103.31640625,103.3125,103.31640625,1402.0
2025-05-23 05:31:00+00:00,103.31640625,103.31640625,103.31640625,103.31640625,195.0
2025-05-23 05:32:00+00:00,103.31640625,103.31640625,103.31640625,103.31640625,26.0
2025-05-23 05:33:00+00:00,103.31640625,103.31640625,103.31640625,103.31640625,85.0
2025-05-23 05:36:00+00:00,103.31640625,103.31640625,103.31640625,103.31640625,65.0
2025-05-23 05:37:00+00:00,103.31640625,103.31640625,103.31640625,103.31640625,16.0
2025-05-23 05:40:00+00:00,103.31640625,103.31640625,103.31640625,103.31640625,449.0
2025-05-23 05:41:00+00:00,103.31640625,103.31640625,103.31640625,103.31640625,27.0
2025-05-23 05:43:00+00:00,103.3125,103.3125,103.3125,103.3125,257.0
2025-05-23 05:45:00+00:00,103.31640625,103.31640625,103.31640625,103.31640625,3.0
2025-05-23 05:46:00+00:00,103.31640625,103.31640625,103.31640625,103.31640625,10.0
2025-05-23 05:49:00+00:00,103.31640625,103.31640625,103.31640625,103.31640625,14.0
2025-05-23 05:50:00+00:00,103.3125,103.31640625,103.3125,103.31640625,299.0
2025-05-23 05:56:00+00:00,103.31640625,103.31640625,103.31640625,103.31640625,39.0
2025-05-23 05:58:00+00:00,103.31640625,103.31640625,103.3125,103.3125,176.0
2025-05-23 06:00:00+00:00,103.3125,103.3125,103.30859375,103.3125,249.0
2025-05-23 06:01:00+00:00,103.30859375,103.30859375,103.30859375,103.30859375,56.0
2025-05-23 06:02:00+00:00,103.3125,103.3125,103.3125,103.3125,162.0
2025-05-23 06:03:00+00:00,103.3125,103.3125,103.3125,103.3125,34.0
2025-05-23 06:04:00+00:00,103.3125,103.3125,103.3125,103.3125,91.0
2025-05-23 06:05:00+00:00,103.3125,103.3125,103.3125,103.3125,149.0
2025-05-23 06:07:00+00:00,103.31640625,103.31640625,103.3125,103.3125,496.0
2025-05-23 06:11:00+00:00,103.3125,103.31640625,103.3125,103.31640625,122.0
2025-05-23 06:12:00+00:00,103.3125,103.3125,103.3125,103.3125,157.0
2025-05-23 06:13:00+00:00,103.3125,103.3125,103.3125,103.3125,7.0
2025-05-23 06:14:00+00:00,103.31640625,103.31640625,103.3125,103.3125,32.0
2025-05-23 06:15:00+00:00,103.31640625,103.31640625,103.31640625,103.31640625,118.0
2025-05-23 06:16:00+00:00,103.3125,103.3125,103.3125,103.3125,35.0
2025-05-23 06:17:00+00:00,103.3125,103.3125,103.3125,103.3125,133.0
2025-05-23 06:19:00+00:00,103.31640625,103.31640625,103.3125,103.3125,27.0
2025-05-23 06:20:00+00:00,103.31640625,103.3203125,103.31640625,103.31640625,786.0
2025-05-23 06:21:00+00:00,103.3203125,103.3203125,103.31640625,103.31640625,69.0
2025-05-23 06:23:00+00:00,103.32421875,103.32421875,103.31640625,103.31640625,310.0
2025-05-23 06:25:00+00:00,103.32421875,103.32421875,103.32421875,103.32421875,138.0
2025-05-23 06:26:00+00:00,103.328125,103.328125,103.32421875,103.32421875,35.0
2025-05-23 06:27:00+00:00,103.328125,103.328125,103.32421875,103.32421875,149.0
2025-05-23 06:28:00+00:00,103.32421875,103.32421875,103.32421875,103.32421875,232.0
2025-05-23 06:29:00+00:00,103.32421875,103.32421875,103.32421875,103.32421875,29.0
2025-05-23 06:30:00+00:00,103.32421875,103.32421875,103.32421875,103.32421875,23.0
2025-05-23 06:31:00+00:00,103.328125,103.328125,103.328125,103.328125,23.0
2025-05-23 06:33:00+00:00,103.328125,103.328125,103.328125,103.328125,532.0
2025-05-23 06:34:00+00:00,103.328125,103.328125,103.328125,103.328125,292.0
2025-05-23 06:35:00+00:00,103.328125,103.328125,103.328125,103.328125,30.0
2025-05-23 06:37:00+00:00,103.33203125,103.33203125,103.328125,103.328125,268.0
2025-05-23 06:38:00+00:00,103.33203125,103.33203125,103.33203125,103.33203125,14.0
2025-05-23 06:39:00+00:00,103.328125,103.33203125,103.328125,103.33203125,278.0
2025-05-23 06:40:00+00:00,103.33203125,103.33203125,103.328125,103.328125,1202.0
2025-05-23 06:41:00+00:00,103.33203125,103.33203125,103.33203125,103.33203125,182.0
2025-05-23 06:42:00+00:00,103.328125,103.328125,103.328125,103.328125,698.0
2025-05-23 06:44:00+00:00,103.328125,103.328125,103.328125,103.328125,1368.0
2025-05-23 06:45:00+00:00,103.328125,103.328125,103.328125,103.328125,252.0
2025-05-23 06:46:00+00:00,103.328125,103.328125,103.328125,103.328125,758.0
2025-05-23 06:51:00+00:00,103.33203125,103.33203125,103.33203125,103.33203125,1114.0
2025-05-23 06:52:00+00:00,103.33203125,103.33203125,103.33203125,103.33203125,226.0
2025-05-23 06:53:00+00:00,103.3359375,103.3359375,103.3359375,103.3359375,439.0
2025-05-23 06:54:00+00:00,103.33203125,103.3359375,103.33203125,103.3359375,223.0
2025-05-23 06:55:00+00:00,103.33203125,103.33203125,103.33203125,103.33203125,242.0
2025-05-23 06:56:00+00:00,103.3359375,103.3359375,103.33203125,103.33203125,492.0
2025-05-23 06:57:00+00:00,103.3359375,103.3359375,103.3359375,103.3359375,618.0
2025-05-23 06:58:00+00:00,103.33984375,103.33984375,103.3359375,103.3359375,791.0
2025-05-23 06:59:00+00:00,103.33984375,103.33984375,103.33984375,103.33984375,552.0
2025-05-23 07:00:00+00:00,103.3359375,103.33984375,103.3359375,103.33984375,1450.0
2025-05-23 07:01:00+00:00,103.3359375,103.3359375,103.33203125,103.3359375,860.0
2025-05-23 07:02:00+00:00,103.3359375,103.3359375,103.3359375,103.3359375,541.0
2025-05-23 07:03:00+00:00,103.3359375,103.33984375,103.3359375,103.3359375,237.0
2025-05-23 07:04:00+00:00,103.328125,103.33203125,103.328125,103.33203125,93.0
2025-05-23 07:05:00+00:00,103.328125,103.328125,103.328125,103.328125,66.0
2025-05-23 07:06:00+00:00,103.328125,103.328125,103.32421875,103.328125,953.0
2025-05-23 07:07:00+00:00,103.32421875,103.328125,103.32421875,103.328125,311.0
2025-05-23 07:08:00+00:00,103.3203125,103.32421875,103.3203125,103.32421875,502.0
2025-05-23 07:09:00+00:00,103.31640625,103.3203125,103.31640625,103.3203125,263.0
2025-05-23 07:10:00+00:00,103.31640625,103.3203125,103.31640625,103.31640625,229.0
2025-05-23 07:11:00+00:00,103.31640625,103.31640625,103.31640625,103.31640625,125.0
2025-05-23 07:13:00+00:00,103.32421875,103.32421875,103.3203125,103.3203125,567.0
2025-05-23 07:14:00+00:00,103.3203125,103.32421875,103.3203125,103.32421875,178.0
2025-05-23 07:16:00+00:00,103.32421875,103.32421875,103.32421875,103.32421875,582.0
2025-05-23 07:17:00+00:00,103.3203125,103.3203125,103.3203125,103.3203125,1866.0
2025-05-23 07:18:00+00:00,103.3203125,103.3203125,103.3203125,103.3203125,234.0
2025-05-23 07:19:00+00:00,103.32421875,103.32421875,103.3203125,103.3203125,161.0
2025-05-23 07:21:00+00:00,103.32421875,103.32421875,103.32421875,103.32421875,160.0
2025-05-23 07:22:00+00:00,103.328125,103.328125,103.32421875,103.32421875,2793.0
2025-05-23 07:23:00+00:00,103.328125,103.328125,103.328125,103.328125,1404.0
2025-05-23 07:24:00+00:00,103.328125,103.328125,103.328125,103.328125,127.0
2025-05-23 07:25:00+00:00,103.328125,103.33203125,103.328125,103.328125,240.0
2025-05-23 07:26:00+00:00,103.328125,103.33203125,103.328125,103.33203125,177.0
2025-05-23 07:27:00+00:00,103.33203125,103.33203125,103.33203125,103.33203125,531.0
2025-05-23 07:28:00+00:00,103.33203125,103.33203125,103.33203125,103.33203125,244.0
2025-05-23 07:29:00+00:00,103.3203125,103.328125,103.3203125,103.328125,3283.0
2025-05-23 07:30:00+00:00,103.328125,103.328125,103.3203125,103.3203125,2056.0
2025-05-23 07:31:00+00:00,103.328125,103.328125,103.32421875,103.32421875,908.0
2025-05-23 07:32:00+00:00,103.32421875,103.328125,103.32421875,103.328125,149.0
2025-05-23 07:33:00+00:00,103.32421875,103.32421875,103.32421875,103.32421875,234.0
2025-05-23 07:34:00+00:00,103.32421875,103.32421875,103.32421875,103.32421875,689.0
2025-05-23 07:35:00+00:00,103.32421875,103.32421875,103.32421875,103.32421875,389.0
2025-05-23 07:37:00+00:00,103.32421875,103.32421875,103.3203125,103.3203125,408.0
2025-05-23 07:38:00+00:00,103.3203125,103.32421875,103.3203125,103.32421875,483.0
2025-05-23 07:39:00+00:00,103.32421875,103.32421875,103.3203125,103.32421875,736.0
2025-05-23 07:40:00+00:00,103.3203125,103.32421875,103.3203125,103.32421875,1023.0
2025-05-23 07:41:00+00:00,103.3203125,103.32421875,103.3203125,103.32421875,425.0
2025-05-23 07:42:00+00:00,103.32421875,103.32421875,103.3203125,103.32421875,138.0
2025-05-23 07:43:00+00:00,103.3203125,103.3203125,103.3203125,103.3203125,553.0
2025-05-23 07:44:00+00:00,103.3203125,103.3203125,103.3203125,103.3203125,338.0
2025-05-23 07:45:00+00:00,103.3203125,103.3203125,103.31640625,103.31640625,2652.0
2025-05-23 07:46:00+00:00,103.3203125,103.3203125,103.31640625,103.31640625,646.0
2025-05-23 07:47:00+00:00,103.32421875,103.32421875,103.3203125,103.3203125,423.0
2025-05-23 07:49:00+00:00,103.3203125,103.32421875,103.3203125,103.32421875,414.0
2025-05-23 07:50:00+00:00,103.31640625,103.3203125,103.31640625,103.3203125,389.0
2025-05-23 07:51:00+00:00,103.3203125,103.3203125,103.3203125,103.3203125,556.0
2025-05-23 07:52:00+00:00,103.3203125,103.3203125,103.3203125,103.3203125,343.0
2025-05-23 07:53:00+00:00,103.32421875,103.32421875,103.3203125,103.32421875,75.0
2025-05-23 07:54:00+00:00,103.328125,103.328125,103.328125,103.328125,415.0
2025-05-23 07:55:00+00:00,103.328125,103.328125,103.32421875,103.328125,155.0
2025-05-23 07:56:00+00:00,103.32421875,103.328125,103.32421875,103.328125,72.0
2025-05-23 07:57:00+00:00,103.32421875,103.328125,103.32421875,103.32421875,148.0
2025-05-23 07:58:00+00:00,103.3203125,103.32421875,103.3203125,103.32421875,232.0
2025-05-23 07:59:00+00:00,103.3203125,103.32421875,103.3203125,103.3203125,122.0
2025-05-23 08:00:00+00:00,103.3203125,103.32421875,103.3125,103.32421875,1704.0
2025-05-23 08:01:00+00:00,103.31640625,103.3203125,103.31640625,103.3203125,237.0
2025-05-23 08:02:00+00:00,103.31640625,103.31640625,103.3125,103.31640625,1675.0
2025-05-23 08:04:00+00:00,103.31640625,103.3203125,103.31640625,103.31640625,6244.0
2025-05-23 08:05:00+00:00,103.31640625,103.31640625,103.31640625,103.31640625,1261.0
2025-05-23 08:06:00+00:00,103.3125,103.3125,103.3125,103.3125,500.0
2025-05-23 08:07:00+00:00,103.30859375,103.3125,103.30859375,103.3125,1431.0
2025-05-23 08:08:00+00:00,103.31640625,103.31640625,103.30859375,103.30859375,1500.0
2025-05-23 08:09:00+00:00,103.3125,103.3125,103.3125,103.3125,1150.0
2025-05-23 08:10:00+00:00,103.31640625,103.31640625,103.3125,103.31640625,58.0
2025-05-23 08:11:00+00:00,103.3125,103.31640625,103.3125,103.3125,1442.0
2025-05-23 08:12:00+00:00,103.31640625,103.31640625,103.3125,103.3125,954.0
2025-05-23 08:13:00+00:00,103.3203125,103.3203125,103.31640625,103.31640625,434.0
2025-05-23 08:15:00+00:00,103.32421875,103.32421875,103.3203125,103.3203125,128.0
2025-05-23 08:16:00+00:00,103.32421875,103.32421875,103.3203125,103.3203125,1129.0
2025-05-23 08:17:00+00:00,103.3203125,103.3203125,103.31640625,103.3203125,344.0
2025-05-23 08:18:00+00:00,103.3203125,103.3203125,103.3203125,103.3203125,590.0
2025-05-23 08:19:00+00:00,103.3203125,103.3203125,103.3203125,103.3203125,597.0
2025-05-23 08:21:00+00:00,103.3203125,103.3203125,103.31640625,103.3203125,396.0
2025-05-23 08:22:00+00:00,103.3203125,103.3203125,103.31640625,103.31640625,76.0
2025-05-23 08:24:00+00:00,103.31640625,103.31640625,103.3125,103.3125,351.0
2025-05-23 08:25:00+00:00,103.3125,103.3125,103.30859375,103.3125,366.0
2025-05-23 08:26:00+00:00,103.31640625,103.31640625,103.3125,103.3125,2213.0
2025-05-23 08:27:00+00:00,103.3125,103.3125,103.3125,103.3125,6.0
2025-05-23 08:28:00+00:00,103.3125,103.3125,103.30859375,103.3125,1729.0
2025-05-23 08:29:00+00:00,103.30859375,103.30859375,103.30859375,103.30859375,272.0
2025-05-23 08:30:00+00:00,103.30859375,103.30859375,103.30859375,103.30859375,95.0
2025-05-23 08:31:00+00:00,103.3125,103.3125,103.3125,103.3125,919.0
2025-05-23 08:32:00+00:00,103.30859375,103.30859375,103.30859375,103.30859375,368.0
2025-05-23 08:33:00+00:00,103.3125,103.3125,103.30859375,103.30859375,323.0
2025-05-23 08:34:00+00:00,103.30859375,103.3125,103.30859375,103.3125,131.0
2025-05-23 08:35:00+00:00,103.30859375,103.3125,103.30859375,103.3125,82.0
2025-05-23 08:36:00+00:00,103.3125,103.3125,103.30859375,103.30859375,426.0
2025-05-23 08:37:00+00:00,103.31640625,103.31640625,103.3125,103.3125,801.0
2025-05-23 08:38:00+00:00,103.31640625,103.31640625,103.3125,103.3125,63.0
2025-05-23 08:39:00+00:00,103.3125,103.3125,103.3125,103.3125,360.0
2025-05-23 08:40:00+00:00,103.3125,103.31640625,103.3125,103.3125,797.0
2025-05-23 08:41:00+00:00,103.31640625,103.31640625,103.3125,103.3125,1338.0
2025-05-23 08:42:00+00:00,103.3203125,103.3203125,103.31640625,103.3203125,223.0
2025-05-23 08:43:00+00:00,103.31640625,103.31640625,103.31640625,103.31640625,35.0
2025-05-23 08:44:00+00:00,103.31640625,103.3203125,103.31640625,103.31640625,562.0
2025-05-23 08:45:00+00:00,103.3125,103.3203125,103.3125,103.31640625,614.0
2025-05-23 08:46:00+00:00,103.3125,103.3125,103.3125,103.3125,305.0
2025-05-23 08:47:00+00:00,103.3125,103.3125,103.3125,103.3125,158.0
2025-05-23 08:49:00+00:00,103.3125,103.31640625,103.3125,103.3125,433.0
2025-05-23 08:50:00+00:00,103.3125,103.31640625,103.3125,103.31640625,159.0
2025-05-23 08:51:00+00:00,103.31640625,103.31640625,103.31640625,103.31640625,335.0
2025-05-23 08:52:00+00:00,103.31640625,103.31640625,103.31640625,103.31640625,275.0
2025-05-23 08:53:00+00:00,103.31640625,103.3203125,103.31640625,103.31640625,84.0
2025-05-23 08:54:00+00:00,103.31640625,103.3203125,103.31640625,103.3203125,206.0
2025-05-23 08:55:00+00:00,103.3203125,103.3203125,103.31640625,103.31640625,8.0
2025-05-23 08:57:00+00:00,103.31640625,103.3203125,103.31640625,103.31640625,419.0
2025-05-23 08:58:00+00:00,103.3203125,103.3203125,103.31640625,103.31640625,67.0
2025-05-23 08:59:00+00:00,103.31640625,103.3203125,103.31640625,103.31640625,200.0
2025-05-23 09:00:00+00:00,103.31640625,103.31640625,103.3125,103.31640625,611.0
2025-05-23 09:01:00+00:00,103.3125,103.31640625,103.3125,103.3125,532.0
2025-05-23 09:02:00+00:00,103.3125,103.31640625,103.3125,103.3125,446.0
2025-05-23 09:03:00+00:00,103.3125,103.3125,103.30859375,103.30859375,508.0
2025-05-23 09:05:00+00:00,103.31640625,103.31640625,103.3125,103.31640625,486.0
2025-05-23 09:06:00+00:00,103.31640625,103.31640625,103.31640625,103.31640625,321.0
2025-05-23 09:07:00+00:00,103.31640625,103.31640625,103.31640625,103.31640625,324.0
2025-05-23 09:08:00+00:00,103.31640625,103.31640625,103.3125,103.3125,117.0
2025-05-23 09:09:00+00:00,103.3125,103.31640625,103.3125,103.31640625,272.0
2025-05-23 09:10:00+00:00,103.31640625,103.3203125,103.31640625,103.31640625,1541.0
2025-05-23 09:11:00+00:00,103.31640625,103.31640625,103.31640625,103.31640625,164.0
2025-05-23 09:12:00+00:00,103.31640625,103.31640625,103.31640625,103.31640625,127.0
2025-05-23 09:13:00+00:00,103.31640625,103.31640625,103.31640625,103.31640625,114.0
2025-05-23 09:14:00+00:00,103.31640625,103.31640625,103.31640625,103.31640625,91.0
2025-05-23 09:15:00+00:00,103.31640625,103.3203125,103.31640625,103.31640625,179.0
2025-05-23 09:17:00+00:00,103.31640625,103.31640625,103.31640625,103.31640625,129.0
2025-05-23 09:18:00+00:00,103.31640625,103.31640625,103.31640625,103.31640625,140.0
2025-05-23 09:19:00+00:00,103.31640625,103.3203125,103.31640625,103.31640625,131.0
2025-05-23 09:21:00+00:00,103.3125,103.31640625,103.3125,103.31640625,616.0
2025-05-23 09:22:00+00:00,103.31640625,103.31640625,103.3125,103.31640625,385.0
2025-05-23 09:23:00+00:00,103.31640625,103.31640625,103.3125,103.31640625,729.0
2025-05-23 09:24:00+00:00,103.31640625,103.31640625,103.31640625,103.31640625,153.0
2025-05-23 09:25:00+00:00,103.31640625,103.3203125,103.31640625,103.31640625,21.0
2025-05-23 09:26:00+00:00,103.31640625,103.3203125,103.31640625,103.3203125,138.0
2025-05-23 09:27:00+00:00,103.31640625,103.3203125,103.31640625,103.3203125,397.0
2025-05-23 09:28:00+00:00,103.3203125,103.3203125,103.31640625,103.3203125,220.0
2025-05-23 09:29:00+00:00,103.3203125,103.3203125,103.3203125,103.3203125,481.0
2025-05-23 09:30:00+00:00,103.3203125,103.32421875,103.3203125,103.32421875,150.0
2025-05-23 09:31:00+00:00,103.31640625,103.3203125,103.31640625,103.3203125,111.0
2025-05-23 09:32:00+00:00,103.31640625,103.3203125,103.31640625,103.31640625,15.0
2025-05-23 09:33:00+00:00,103.31640625,103.3203125,103.31640625,103.31640625,412.0
2025-05-23 09:34:00+00:00,103.3203125,103.3203125,103.31640625,103.31640625,147.0
2025-05-23 09:35:00+00:00,103.3203125,103.3203125,103.3125,103.31640625,461.0
2025-05-23 09:36:00+00:00,103.31640625,103.3203125,103.31640625,103.3203125,132.0
2025-05-23 09:37:00+00:00,103.3125,103.3203125,103.3125,103.3203125,110992.0
2025-05-23 09:38:00+00:00,103.31640625,103.31640625,103.3125,103.31640625,768.0
2025-05-23 09:39:00+00:00,103.3125,103.31640625,103.3125,103.31640625,177.0
2025-05-23 09:40:00+00:00,103.3203125,103.3203125,103.31640625,103.31640625,1780.0
2025-05-23 09:41:00+00:00,103.32421875,103.328125,103.3203125,103.32421875,2942.0
2025-05-23 09:42:00+00:00,103.32421875,103.328125,103.32421875,103.32421875,767.0
2025-05-23 09:43:00+00:00,103.3203125,103.32421875,103.3203125,103.32421875,21565.0
2025-05-23 09:44:00+00:00,103.328125,103.328125,103.3203125,103.3203125,1668.0
2025-05-23 09:45:00+00:00,103.328125,103.328125,103.328125,103.328125,357.0
2025-05-23 09:46:00+00:00,103.33203125,103.33203125,103.32421875,103.328125,3144.0
2025-05-23 09:47:00+00:00,103.33203125,103.33203125,103.33203125,103.33203125,881.0
2025-05-23 09:49:00+00:00,103.328125,103.33203125,103.328125,103.33203125,527.0
2025-05-23 09:50:00+00:00,103.328125,103.328125,103.328125,103.328125,217.0
2025-05-23 09:51:00+00:00,103.328125,103.33203125,103.328125,103.33203125,173.0
2025-05-23 09:53:00+00:00,103.328125,103.328125,103.32421875,103.32421875,143.0
2025-05-23 09:54:00+00:00,103.32421875,103.328125,103.32421875,103.328125,276.0
2025-05-23 09:55:00+00:00,103.3203125,103.32421875,103.3203125,103.32421875,1147.0
2025-05-23 09:56:00+00:00,103.3203125,103.3203125,103.31640625,103.3203125,20.0
2025-05-23 09:57:00+00:00,103.31640625,103.3203125,103.31640625,103.31640625,7118.0
2025-05-23 09:58:00+00:00,103.31640625,103.31640625,103.31640625,103.31640625,115.0
2025-05-23 09:59:00+00:00,103.31640625,103.31640625,103.31640625,103.31640625,147.0
2025-05-23 10:00:00+00:00,103.31640625,103.3203125,103.31640625,103.3203125,108.0
2025-05-23 10:01:00+00:00,103.31640625,103.3203125,103.31640625,103.3203125,134.0
2025-05-23 10:02:00+00:00,103.31640625,103.31640625,103.31640625,103.31640625,346.0
2025-05-23 10:03:00+00:00,103.30859375,103.3125,103.30859375,103.3125,126.0
2025-05-23 10:04:00+00:00,103.3125,103.31640625,103.3125,103.3125,2374.0
2025-05-23 10:05:00+00:00,103.31640625,103.31640625,103.3125,103.31640625,572.0
2025-05-23 10:06:00+00:00,103.3125,103.3125,103.3125,103.3125,4.0
2025-05-23 10:07:00+00:00,103.31640625,103.31640625,103.3125,103.3125,198.0
2025-05-23 10:08:00+00:00,103.31640625,103.31640625,103.3125,103.3125,186.0
2025-05-23 10:09:00+00:00,103.31640625,103.31640625,103.31640625,103.31640625,99.0
2025-05-23 10:10:00+00:00,103.3125,103.31640625,103.3125,103.31640625,653.0
2025-05-23 10:11:00+00:00,103.31640625,103.31640625,103.31600189208984,103.31640625,114.0
2025-05-23 10:13:00+00:00,103.3203125,103.3203125,103.31640625,103.31640625,110.0
2025-05-23 10:14:00+00:00,103.32421875,103.32421875,103.3203125,103.3203125,399.0
2025-05-23 10:15:00+00:00,103.3203125,103.3203125,103.3203125,103.3203125,260.0
2025-05-23 10:16:00+00:00,103.3203125,103.3203125,103.3203125,103.3203125,230.0
2025-05-23 10:17:00+00:00,103.3203125,103.3203125,103.31640625,103.31640625,84.0
2025-05-23 10:18:00+00:00,103.31640625,103.31640625,103.31640625,103.31640625,117.0
2025-05-23 10:19:00+00:00,103.31640625,103.31640625,103.31640625,103.31640625,226.0
2025-05-23 10:20:00+00:00,103.31640625,103.31640625,103.3125,103.31640625,127.0
2025-05-23 10:21:00+00:00,103.31640625,103.31640625,103.3125,103.3125,287.0
2025-05-23 10:22:00+00:00,103.3125,103.3125,103.3125,103.3125,19.0
2025-05-23 10:23:00+00:00,103.3125,103.31640625,103.3125,103.3125,294.0
2025-05-23 10:24:00+00:00,103.31640625,103.31640625,103.3125,103.3125,301.0
2025-05-23 10:27:00+00:00,103.3203125,103.3203125,103.3203125,103.3203125,288.0
2025-05-23 10:28:00+00:00,103.3203125,103.3203125,103.3203125,103.3203125,3867.0
2025-05-23 10:29:00+00:00,103.3203125,103.3203125,103.31640625,103.3203125,290.0
2025-05-23 10:30:00+00:00,103.3203125,103.3203125,103.3203125,103.3203125,76.0
2025-05-23 10:31:00+00:00,103.3203125,103.32421875,103.3203125,103.3203125,297.0
2025-05-23 10:32:00+00:00,103.32421875,103.328125,103.3203125,103.3203125,17101.0
2025-05-23 10:33:00+00:00,103.328125,103.328125,103.32421875,103.32421875,7.0
2025-05-23 10:34:00+00:00,103.32421875,103.32421875,103.32421875,103.32421875,106.0
2025-05-23 10:35:00+00:00,103.328125,103.328125,103.32421875,103.32421875,8398.0
2025-05-23 10:36:00+00:00,103.328125,103.33203125,103.328125,103.328125,1320.0
2025-05-23 10:37:00+00:00,103.33203125,103.33203125,103.33203125,103.33203125,1829.0
2025-05-23 10:38:00+00:00,103.33203125,103.33203125,103.33203125,103.33203125,61.0
2025-05-23 10:40:00+00:00,103.328125,103.328125,103.328125,103.328125,972.0
2025-05-23 10:41:00+00:00,103.328125,103.33203125,103.328125,103.328125,4961.0
2025-05-23 10:42:00+00:00,103.328125,103.33203125,103.328125,103.328125,310.0
2025-05-23 10:43:00+00:00,103.328125,103.328125,103.328125,103.328125,89.0
2025-05-23 10:44:00+00:00,103.32421875,103.32421875,103.32421875,103.32421875,184.0
2025-05-23 10:46:00+00:00,103.32421875,103.32421875,103.32421875,103.32421875,684.0
2025-05-23 10:47:00+00:00,103.32421875,103.328125,103.32421875,103.328125,699.0
2025-05-23 10:48:00+00:00,103.32421875,103.32421875,103.32421875,103.32421875,134.0
2025-05-23 10:49:00+00:00,103.32421875,103.32421875,103.32421875,103.32421875,88.0
2025-05-23 10:50:00+00:00,103.33203125,103.33203125,103.32421875,103.32421875,294.0
2025-05-23 10:51:00+00:00,103.33203125,103.33203125,103.33203125,103.33203125,616.0
2025-05-23 10:52:00+00:00,103.328125,103.33203125,103.328125,103.328125,134.0
2025-05-23 10:53:00+00:00,103.328125,103.328125,103.328125,103.328125,11.0
2025-05-23 10:54:00+00:00,103.328125,103.328125,103.328125,103.328125,102.0
2025-05-23 10:55:00+00:00,103.3359375,103.3359375,103.328125,103.328125,529.0
2025-05-23 10:56:00+00:00,103.328125,103.33203125,103.328125,103.33203125,348.0
2025-05-23 10:57:00+00:00,103.328125,103.33203125,103.328125,103.33203125,88.0
2025-05-23 10:58:00+00:00,103.33203125,103.33203125,103.328125,103.328125,173.0
2025-05-23 10:59:00+00:00,103.328125,103.33203125,103.328125,103.328125,394.0
2025-05-23 11:00:00+00:00,103.328125,103.328125,103.328125,103.328125,93.0
2025-05-23 11:01:00+00:00,103.328125,103.328125,103.328125,103.328125,261.0
2025-05-23 11:02:00+00:00,103.328125,103.328125,103.328125,103.328125,520.0
2025-05-23 11:03:00+00:00,103.328125,103.328125,103.328125,103.328125,31.0
2025-05-23 11:04:00+00:00,103.328125,103.33203125,103.328125,103.328125,588.0
2025-05-23 11:05:00+00:00,103.33203125,103.33203125,103.33203125,103.33203125,582.0
2025-05-23 11:06:00+00:00,103.33203125,103.33203125,103.33203125,103.33203125,371.0
2025-05-23 11:07:00+00:00,103.328125,103.33203125,103.328125,103.328125,1556.0
2025-05-23 11:08:00+00:00,103.3359375,103.3359375,103.33203125,103.33203125,644.0
2025-05-23 11:09:00+00:00,103.33203125,103.33203125,103.33203125,103.33203125,124.0
2025-05-23 11:10:00+00:00,103.328125,103.33203125,103.328125,103.33203125,303.0
2025-05-23 11:11:00+00:00,103.33203125,103.33203125,103.33203125,103.33203125,236.0
2025-05-23 11:12:00+00:00,103.33203125,103.33203125,103.33203125,103.33203125,251.0
2025-05-23 11:13:00+00:00,103.33203125,103.33203125,103.328125,103.33203125,228.0
2025-05-23 11:14:00+00:00,103.328125,103.33203125,103.328125,103.33203125,157.0
2025-05-23 11:15:00+00:00,103.33203125,103.33203125,103.328125,103.328125,1006.0
2025-05-23 11:16:00+00:00,103.3359375,103.3359375,103.33203125,103.33203125,277.0
2025-05-23 11:17:00+00:00,103.33203125,103.33203125,103.33203125,103.33203125,75.0
2025-05-23 11:18:00+00:00,103.3359375,103.3359375,103.33203125,103.3359375,970.0
2025-05-23 11:19:00+00:00,103.3515625,103.35546875,103.33203125,103.3359375,18330.0
2025-05-23 11:20:00+00:00,103.34375,103.359375,103.33984375,103.3515625,9312.0
2025-05-23 11:21:00+00:00,103.34765625,103.34765625,103.33984375,103.34375,2640.0
2025-05-23 11:22:00+00:00,103.35546875,103.35546875,103.34765625,103.34765625,5381.0
2025-05-23 11:23:00+00:00,103.359375,103.359375,103.35546875,103.35546875,2668.0
2025-05-23 11:24:00+00:00,103.359375,103.359375,103.359375,103.359375,1772.0
2025-05-23 11:25:00+00:00,103.359375,103.359375,103.35546875,103.359375,1270.0
2025-05-23 11:26:00+00:00,103.3515625,103.359375,103.3515625,103.359375,588.0
2025-05-23 11:27:00+00:00,103.3515625,103.3515625,103.3515625,103.3515625,961.0
2025-05-23 11:28:00+00:00,103.35546875,103.35546875,103.3515625,103.35546875,194.0
2025-05-23 11:29:00+00:00,103.3515625,103.35546875,103.3515625,103.3515625,109.0
2025-05-23 11:30:00+00:00,103.35546875,103.35546875,103.35546875,103.35546875,876.0
2025-05-23 11:31:00+00:00,103.359375,103.359375,103.3515625,103.35546875,586.0
2025-05-23 11:32:00+00:00,103.359375,103.359375,103.359375,103.359375,350.0
2025-05-23 11:33:00+00:00,103.359375,103.36328125,103.359375,103.36328125,50605.0
2025-05-23 11:34:00+00:00,103.359375,103.36328125,103.35546875,103.359375,7857.0
2025-05-23 11:35:00+00:00,103.36328125,103.36328125,103.359375,103.359375,544.0
2025-05-23 11:36:00+00:00,103.37109375,103.37109375,103.36328125,103.36328125,1164.0
2025-05-23 11:37:00+00:00,103.375,103.37890625,103.37109375,103.37109375,3882.0
2025-05-23 11:38:00+00:00,103.3828125,103.3828125,103.37109375,103.37890625,7902.0
2025-05-23 11:39:00+00:00,103.3828125,103.3828125,103.37890625,103.3828125,1191.0
2025-05-23 11:40:00+00:00,103.3828125,103.3828125,103.37890625,103.3828125,559.0
2025-05-23 11:41:00+00:00,103.3828125,103.3828125,103.3828125,103.3828125,535.0
2025-05-23 11:42:00+00:00,103.37890625,103.3828125,103.375,103.3828125,2018.0
2025-05-23 11:43:00+00:00,103.39453125,103.39453125,103.375,103.375,5038.0
2025-05-23 11:44:00+00:00,103.421875,103.42578125,103.390625,103.3984375,43759.0
2025-05-23 11:45:00+00:00,103.44140625,103.4453125,103.421875,103.421875,9572.0
2025-05-23 11:46:00+00:00,103.44140625,103.44140625,103.43359375,103.44140625,6612.0
2025-05-23 11:47:00+00:00,103.42578125,103.44140625,103.42578125,103.44140625,2771.0
2025-05-23 11:48:00+00:00,103.4609375,103.46484375,103.4296875,103.4296875,9290.0
2025-05-23 11:49:00+00:00,103.453125,103.4609375,103.453125,103.4609375,2672.0
2025-05-23 11:50:00+00:00,103.453125,103.45703125,103.4453125,103.453125,3083.0
2025-05-23 11:51:00+00:00,103.45703125,103.46484375,103.45703125,103.45703125,2405.0
2025-05-23 11:52:00+00:00,103.453125,103.4609375,103.453125,103.45703125,2777.0
2025-05-23 11:53:00+00:00,103.44921875,103.45703125,103.4453125,103.453125,1557.0
2025-05-23 11:54:00+00:00,103.44140625,103.453125,103.4375,103.44921875,9414.0
2025-05-23 11:55:00+00:00,103.4453125,103.44921875,103.44140625,103.44140625,3999.0
2025-05-23 11:56:00+00:00,103.453125,103.453125,103.44140625,103.4453125,5340.0
2025-05-23 11:57:00+00:00,103.453125,103.4609375,103.44921875,103.45703125,2084.0
2025-05-23 11:58:00+00:00,103.45703125,103.45703125,103.453125,103.45703125,1108.0
2025-05-23 11:59:00+00:00,103.4453125,103.45703125,103.4453125,103.453125,1327.0
2025-05-23 12:00:00+00:00,103.4453125,103.4609375,103.4453125,103.4453125,2415.0
2025-05-23 12:01:00+00:00,103.4453125,103.45703125,103.4453125,103.44921875,3119.0
2025-05-23 12:02:00+00:00,103.4453125,103.45703125,103.4453125,103.4453125,1745.0
2025-05-23 12:03:00+00:00,103.46484375,103.46875,103.4453125,103.4453125,7755.0
2025-05-23 12:04:00+00:00,103.4609375,103.46875,103.4609375,103.46484375,4511.0
2025-05-23 12:05:00+00:00,103.4609375,103.46484375,103.45703125,103.4609375,2944.0
2025-05-23 12:06:00+00:00,103.46484375,103.46875,103.45703125,103.45703125,6145.0
2025-05-23 12:07:00+00:00,103.46484375,103.46875,103.4609375,103.46484375,3976.0
2025-05-23 12:08:00+00:00,103.4453125,103.47265625,103.4453125,103.46875,7913.0
2025-05-23 12:09:00+00:00,103.4609375,103.4609375,103.44921875,103.44921875,4342.0
2025-05-23 12:10:00+00:00,103.4609375,103.46484375,103.45703125,103.4609375,2278.0
2025-05-23 12:11:00+00:00,103.453125,103.45703125,103.4453125,103.45703125,2925.0
2025-05-23 12:12:00+00:00,103.4453125,103.453125,103.4453125,103.453125,317.0
2025-05-23 12:13:00+00:00,103.44921875,103.453125,103.44140625,103.4453125,6736.0
2025-05-23 12:14:00+00:00,103.4296875,103.4453125,103.4296875,103.4453125,4511.0
2025-05-23 12:15:00+00:00,103.4296875,103.4375,103.4296875,103.43359375,1686.0
2025-05-23 12:16:00+00:00,103.42578125,103.43359375,103.42578125,103.4296875,2020.0
2025-05-23 12:17:00+00:00,103.41796875,103.4296875,103.41796875,103.4296875,6485.0
2025-05-23 12:18:00+00:00,103.42578125,103.43359375,103.41796875,103.41796875,5446.0
2025-05-23 12:19:00+00:00,103.4296875,103.43359375,103.42578125,103.4296875,1835.0
2025-05-23 12:20:00+00:00,103.4296875,103.4375,103.42578125,103.43359375,17925.0
2025-05-23 12:21:00+00:00,103.4375,103.4375,103.4296875,103.4296875,3489.0
2025-05-23 12:22:00+00:00,103.43359375,103.4375,103.4296875,103.4375,985.0
2025-05-23 12:23:00+00:00,103.4375,103.44140625,103.4296875,103.4375,2830.0
2025-05-23 12:24:00+00:00,103.4296875,103.44140625,103.4296875,103.44140625,5059.0
2025-05-23 12:25:00+00:00,103.42578125,103.43359375,103.421875,103.43359375,3155.0
2025-05-23 12:26:00+00:00,103.421875,103.43359375,103.421875,103.4296875,1530.0
2025-05-23 12:27:00+00:00,103.421875,103.42578125,103.41015625,103.421875,5385.0
2025-05-23 12:28:00+00:00,103.4140625,103.421875,103.41015625,103.421875,1344.0
2025-05-23 12:29:00+00:00,103.4140625,103.4140625,103.40625,103.4140625,7423.0
2025-05-23 12:30:00+00:00,103.4140625,103.42578125,103.41015625,103.41796875,1293.0
2025-05-23 12:31:00+00:00,103.421875,103.421875,103.4140625,103.4140625,2925.0
2025-05-23 12:32:00+00:00,103.41796875,103.42578125,103.4140625,103.421875,4057.0
2025-05-23 12:33:00+00:00,103.42578125,103.42578125,103.41796875,103.41796875,1014.0
2025-05-23 12:34:00+00:00,103.4296875,103.4296875,103.421875,103.421875,3513.0
2025-05-23 12:35:00+00:00,103.421875,103.4296875,103.421875,103.4296875,910.0
2025-05-23 12:36:00+00:00,103.4296875,103.43359375,103.421875,103.421875,1828.0
2025-05-23 12:37:00+00:00,103.42578125,103.43359375,103.421875,103.4296875,4032.0
2025-05-23 12:38:00+00:00,103.4296875,103.43359375,103.421875,103.4296875,914.0
2025-05-23 12:39:00+00:00,103.4296875,103.43359375,103.4296875,103.4296875,1181.0
2025-05-23 12:40:00+00:00,103.43359375,103.44140625,103.43359375,103.43359375,8380.0
2025-05-23 12:41:00+00:00,103.4375,103.44140625,103.43359375,103.43359375,6133.0
2025-05-23 12:42:00+00:00,103.44140625,103.44140625,103.43359375,103.4375,3548.0
2025-05-23 12:43:00+00:00,103.4375,103.44140625,103.4375,103.44140625,2768.0
2025-05-23 12:44:00+00:00,103.44140625,103.44140625,103.43359375,103.4375,17315.0
2025-05-23 12:45:00+00:00,103.44140625,103.4453125,103.4375,103.44140625,7166.0
2025-05-23 12:46:00+00:00,103.4453125,103.4453125,103.4375,103.44140625,1789.0
2025-05-23 12:47:00+00:00,103.44140625,103.4453125,103.44140625,103.4453125,704.0
2025-05-23 12:48:00+00:00,103.4453125,103.44921875,103.4453125,103.4453125,1244.0
2025-05-23 12:49:00+00:00,103.4453125,103.44921875,103.4453125,103.4453125,1081.0
2025-05-23 12:50:00+00:00,103.453125,103.453125,103.4453125,103.44921875,7142.0
2025-05-23 12:51:00+00:00,103.44140625,103.453125,103.44140625,103.44921875,1345.0
2025-05-23 12:52:00+00:00,103.4375,103.4453125,103.4296875,103.4453125,6658.0
2025-05-23 12:53:00+00:00,103.43359375,103.4375,103.4296875,103.4375,9759.0
2025-05-23 12:54:00+00:00,103.44140625,103.44140625,103.43359375,103.43359375,2235.0
2025-05-23 12:55:00+00:00,103.4375,103.44140625,103.43359375,103.4375,5516.0
2025-05-23 12:56:00+00:00,103.44140625,103.44140625,103.4375,103.4375,400.0
2025-05-23 12:57:00+00:00,103.44140625,103.44921875,103.44140625,103.44140625,912.0
2025-05-23 12:58:00+00:00,103.44140625,103.44140625,103.44140625,103.44140625,127.0
2025-05-23 12:59:00+00:00,103.44140625,103.4453125,103.44140625,103.44140625,644.0
2025-05-23 13:00:00+00:00,103.4609375,103.46484375,103.44140625,103.4453125,12986.0
2025-05-23 13:01:00+00:00,103.45703125,103.46484375,103.45703125,103.46484375,3860.0
2025-05-23 13:02:00+00:00,103.46484375,103.46484375,103.45703125,103.45703125,1110.0
2025-05-23 13:03:00+00:00,103.4609375,103.46875,103.4609375,103.46484375,772.0
2025-05-23 13:04:00+00:00,103.45703125,103.46484375,103.453125,103.4609375,3724.0
2025-05-23 13:05:00+00:00,103.4609375,103.46484375,103.45703125,103.4609375,503.0
2025-05-23 13:06:00+00:00,103.4609375,103.4609375,103.45703125,103.45703125,143.0
2025-05-23 13:07:00+00:00,103.45703125,103.45703125,103.44921875,103.45703125,1291.0
2025-05-23 13:08:00+00:00,103.453125,103.45703125,103.44921875,103.453125,346.0
2025-05-23 13:09:00+00:00,103.44921875,103.453125,103.44921875,103.44921875,802.0
2025-05-23 13:10:00+00:00,103.453125,103.453125,103.44921875,103.453125,670.0
2025-05-23 13:11:00+00:00,103.453125,103.45703125,103.453125,103.453125,8631.0
2025-05-23 13:12:00+00:00,103.453125,103.45703125,103.453125,103.453125,412.0
2025-05-23 13:13:00+00:00,103.45703125,103.45703125,103.453125,103.453125,4329.0
2025-05-23 13:14:00+00:00,103.45703125,103.45703125,103.453125,103.45703125,597.0
2025-05-23 13:15:00+00:00,103.44921875,103.4609375,103.44921875,103.4609375,9446.0
2025-05-23 13:16:00+00:00,103.453125,103.45703125,103.44921875,103.44921875,10212.0
2025-05-23 13:17:00+00:00,103.4609375,103.4609375,103.45703125,103.45703125,2305.0
2025-05-23 13:18:00+00:00,103.4609375,103.4609375,103.45703125,103.4609375,200.0
2025-05-23 13:19:00+00:00,103.453125,103.4609375,103.453125,103.45703125,2770.0
2025-05-23 13:20:00+00:00,103.44921875,103.45703125,103.44921875,103.45703125,1273.0
2025-05-23 13:21:00+00:00,103.4453125,103.453125,103.4453125,103.453125,5404.0
2025-05-23 13:22:00+00:00,103.44140625,103.4453125,103.4375,103.44140625,2989.0
2025-05-23 13:23:00+00:00,103.4375,103.44140625,103.4375,103.4375,2941.0
2025-05-23 13:24:00+00:00,103.4375,103.44140625,103.43359375,103.4375,15572.0
2025-05-23 13:25:00+00:00,103.42578125,103.4375,103.42578125,103.4375,20344.0
2025-05-23 13:26:00+00:00,103.421875,103.4296875,103.421875,103.4296875,3343.0
2025-05-23 13:27:00+00:00,103.4296875,103.4296875,103.421875,103.421875,1698.0
2025-05-23 13:28:00+00:00,103.42578125,103.4296875,103.42578125,103.42578125,654.0
2025-05-23 13:29:00+00:00,103.421875,103.421875,103.421875,103.421875,1449.0
2025-05-23 13:30:00+00:00,103.4140625,103.42578125,103.41015625,103.421875,21598.0
2025-05-23 13:31:00+00:00,103.41015625,103.4140625,103.40625,103.4140625,5265.0
2025-05-23 13:32:00+00:00,103.40234375,103.4140625,103.40234375,103.40625,10651.0
2025-05-23 13:33:00+00:00,103.40234375,103.40625,103.3984375,103.40234375,2648.0
2025-05-23 13:34:00+00:00,103.40234375,103.40625,103.3984375,103.40625,12636.0
2025-05-23 13:35:00+00:00,103.39453125,103.40234375,103.390625,103.40234375,5263.0
2025-05-23 13:36:00+00:00,103.390625,103.3984375,103.390625,103.39453125,1003.0
2025-05-23 13:37:00+00:00,103.390625,103.39453125,103.390625,103.390625,1266.0
2025-05-23 13:38:00+00:00,103.390625,103.39453125,103.38671875,103.390625,4460.0
2025-05-23 13:39:00+00:00,103.39453125,103.39453125,103.390625,103.390625,2231.0
2025-05-23 13:40:00+00:00,103.390625,103.39453125,103.38671875,103.39453125,2126.0
2025-05-23 13:41:00+00:00,103.38671875,103.39453125,103.38671875,103.390625,946.0
2025-05-23 13:42:00+00:00,103.39453125,103.3984375,103.38671875,103.38671875,77247.0
2025-05-23 13:43:00+00:00,103.38671875,103.39453125,103.3828125,103.39453125,9822.0
2025-05-23 13:44:00+00:00,103.390625,103.39453125,103.38671875,103.38671875,3134.0
2025-05-23 13:45:00+00:00,103.39453125,103.39453125,103.390625,103.390625,1759.0
2025-05-23 13:46:00+00:00,103.39453125,103.39453125,103.390625,103.390625,549.0
2025-05-23 13:47:00+00:00,103.390625,103.3984375,103.390625,103.39453125,924.0
2025-05-23 13:48:00+00:00,103.38671875,103.39453125,103.38671875,103.390625,2000.0
2025-05-23 13:49:00+00:00,103.38671875,103.38671875,103.3828125,103.38671875,1564.0
2025-05-23 13:50:00+00:00,103.3828125,103.390625,103.37890625,103.38671875,6838.0
2025-05-23 13:51:00+00:00,103.38671875,103.390625,103.3828125,103.3828125,1179.0
2025-05-23 13:52:00+00:00,103.3828125,103.390625,103.3828125,103.38671875,2176.0
2025-05-23 13:53:00+00:00,103.3828125,103.38671875,103.37890625,103.3828125,85556.0
2025-05-23 13:54:00+00:00,103.375,103.38671875,103.375,103.37890625,16300.0
2025-05-23 13:55:00+00:00,103.375,103.37890625,103.37109375,103.375,4046.0
2025-05-23 13:56:00+00:00,103.375,103.375,103.3671875,103.375,4557.0
2025-05-23 13:57:00+00:00,103.3828125,103.38671875,103.37109375,103.37109375,4867.0
2025-05-23 13:58:00+00:00,103.37890625,103.38671875,103.37890625,103.3828125,4469.0
2025-05-23 13:59:00+00:00,103.375,103.3828125,103.375,103.37890625,1508.0
2025-05-23 14:00:00+00:00,103.3671875,103.37890625,103.36328125,103.375,3355.0
2025-05-23 14:01:00+00:00,103.36328125,103.3671875,103.359375,103.3671875,2460.0
2025-05-23 14:02:00+00:00,103.3671875,103.3671875,103.36328125,103.36328125,947.0
2025-05-23 14:03:00+00:00,103.359375,103.36328125,103.359375,103.36328125,12288.0
2025-05-23 14:04:00+00:00,103.359375,103.359375,103.359375,103.359375,6825.0
2025-05-23 14:05:00+00:00,103.3671875,103.3671875,103.359375,103.359375,4365.0
2025-05-23 14:06:00+00:00,103.36328125,103.36328125,103.359375,103.36328125,2785.0
2025-05-23 14:07:00+00:00,103.36328125,103.3671875,103.36328125,103.36328125,6432.0
2025-05-23 14:08:00+00:00,103.36328125,103.3671875,103.359375,103.36328125,1667.0
2025-05-23 14:09:00+00:00,103.375,103.375,103.36328125,103.36328125,1134.0
2025-05-23 14:10:00+00:00,103.37109375,103.375,103.37109375,103.375,1591.0
2025-05-23 14:11:00+00:00,103.37109375,103.37109375,103.3671875,103.37109375,4621.0
2025-05-23 14:12:00+00:00,103.359375,103.3671875,103.35546875,103.3671875,9450.0
2025-05-23 14:13:00+00:00,103.3671875,103.3671875,103.359375,103.359375,1513.0
2025-05-23 14:14:00+00:00,103.359375,103.3671875,103.35546875,103.3671875,5651.0
2025-05-23 14:15:00+00:00,103.359375,103.359375,103.35546875,103.359375,6385.0
2025-05-23 14:16:00+00:00,103.359375,103.36328125,103.359375,103.36328125,4356.0
2025-05-23 14:17:00+00:00,103.3671875,103.37109375,103.359375,103.359375,5073.0
2025-05-23 14:18:00+00:00,103.3671875,103.37109375,103.36328125,103.3671875,472.0
2025-05-23 14:19:00+00:00,103.37109375,103.37109375,103.3671875,103.3671875,2207.0
2025-05-23 14:20:00+00:00,103.37109375,103.37109375,103.3671875,103.3671875,381.0
2025-05-23 14:21:00+00:00,103.37109375,103.375,103.37109375,103.37109375,2001.0
2025-05-23 14:22:00+00:00,103.375,103.375,103.37109375,103.375,4046.0
2025-05-23 14:23:00+00:00,103.37109375,103.37109375,103.359375,103.37109375,5863.0
2025-05-23 14:24:00+00:00,103.35546875,103.3671875,103.35546875,103.3671875,2703.0
2025-05-23 14:25:00+00:00,103.3515625,103.35546875,103.3515625,103.35546875,2297.0
2025-05-23 14:26:00+00:00,103.359375,103.359375,103.3515625,103.3515625,2272.0
2025-05-23 14:27:00+00:00,103.35546875,103.359375,103.35546875,103.359375,939.0
2025-05-23 14:28:00+00:00,103.359375,103.36328125,103.35546875,103.35546875,1131.0
2025-05-23 14:29:00+00:00,103.36328125,103.36328125,103.35546875,103.359375,3620.0
2025-05-23 14:30:00+00:00,103.3515625,103.359375,103.3515625,103.359375,1679.0
2025-05-23 14:31:00+00:00,103.3515625,103.35546875,103.3515625,103.35546875,1765.0
2025-05-23 14:32:00+00:00,103.34765625,103.35546875,103.34765625,103.3515625,1209.0
2025-05-23 14:33:00+00:00,103.3515625,103.3515625,103.34765625,103.3515625,3129.0
2025-05-23 14:34:00+00:00,103.3515625,103.3515625,103.34375,103.34765625,12646.0
2025-05-23 14:35:00+00:00,103.3515625,103.3515625,103.34765625,103.34765625,1105.0
2025-05-23 14:36:00+00:00,103.359375,103.36328125,103.3515625,103.3515625,3258.0
2025-05-23 14:37:00+00:00,103.359375,103.36328125,103.359375,103.36328125,1977.0
2025-05-23 14:38:00+00:00,103.359375,103.36328125,103.359375,103.36328125,1459.0
2025-05-23 14:39:00+00:00,103.359375,103.36328125,103.35546875,103.36328125,2396.0
2025-05-23 14:40:00+00:00,103.35546875,103.359375,103.3515625,103.359375,3207.0
2025-05-23 14:41:00+00:00,103.3515625,103.35546875,103.3515625,103.35546875,27266.0
2025-05-23 14:42:00+00:00,103.359375,103.359375,103.3515625,103.3515625,4411.0
2025-05-23 14:43:00+00:00,103.34765625,103.359375,103.34765625,103.359375,2295.0
2025-05-23 14:44:00+00:00,103.35546875,103.35546875,103.34765625,103.34765625,15633.0
2025-05-23 14:45:00+00:00,103.34765625,103.35546875,103.34765625,103.35546875,1563.0
2025-05-23 14:46:00+00:00,103.3515625,103.3515625,103.34765625,103.34765625,2523.0
2025-05-23 14:47:00+00:00,103.3515625,103.3515625,103.34765625,103.3515625,8039.0
2025-05-23 14:48:00+00:00,103.3515625,103.3515625,103.34765625,103.3515625,4202.0
2025-05-23 14:49:00+00:00,103.3515625,103.35546875,103.3515625,103.35546875,709.0
2025-05-23 14:50:00+00:00,103.359375,103.36328125,103.3515625,103.3515625,15256.0
2025-05-23 14:51:00+00:00,103.359375,103.36328125,103.359375,103.359375,2990.0
2025-05-23 14:52:00+00:00,103.36328125,103.36328125,103.359375,103.36328125,1790.0
2025-05-23 14:53:00+00:00,103.36328125,103.3671875,103.359375,103.36328125,2079.0
2025-05-23 14:54:00+00:00,103.3671875,103.3671875,103.36328125,103.3671875,1942.0
2025-05-23 14:55:00+00:00,103.36328125,103.3671875,103.359375,103.3671875,5058.0
2025-05-23 14:56:00+00:00,103.37109375,103.37109375,103.3671875,103.3671875,4396.0
2025-05-23 14:57:00+00:00,103.36328125,103.37109375,103.36328125,103.37109375,2372.0
2025-05-23 14:58:00+00:00,103.3671875,103.3671875,103.359375,103.36328125,4119.0
2025-05-23 14:59:00+00:00,103.359375,103.3671875,103.359375,103.36328125,3334.0
2025-05-23 15:00:00+00:00,103.35546875,103.36328125,103.35546875,103.36328125,3702.0
2025-05-23 15:01:00+00:00,103.35546875,103.35546875,103.35546875,103.35546875,8311.0
2025-05-23 15:02:00+00:00,103.34765625,103.35546875,103.34765625,103.35546875,9599.0
2025-05-23 15:03:00+00:00,103.34765625,103.3515625,103.34765625,103.34765625,823.0
2025-05-23 15:05:00+00:00,103.35546875,103.35546875,103.3515625,103.3515625,6236.0
2025-05-23 15:06:00+00:00,103.3515625,103.35546875,103.34765625,103.3515625,2816.0
2025-05-23 15:07:00+00:00,103.34765625,103.35546875,103.34765625,103.3515625,605.0
2025-05-23 15:08:00+00:00,103.34765625,103.3515625,103.34765625,103.34765625,1004.0
2025-05-23 15:09:00+00:00,103.34375,103.3515625,103.34375,103.3515625,3716.0
2025-05-23 15:10:00+00:00,103.34765625,103.34765625,103.34375,103.34765625,523.0
2025-05-23 15:11:00+00:00,103.34375,103.34765625,103.34375,103.34375,1293.0
2025-05-23 15:12:00+00:00,103.3515625,103.3515625,103.34375,103.34375,12044.0
2025-05-23 15:13:00+00:00,103.3515625,103.3515625,103.34765625,103.34765625,832.0
2025-05-23 15:14:00+00:00,103.3515625,103.3515625,103.34765625,103.3515625,1298.0
2025-05-23 15:15:00+00:00,103.3515625,103.3515625,103.34765625,103.3515625,1539.0
2025-05-23 15:16:00+00:00,103.3515625,103.3515625,103.3515625,103.3515625,544.0
2025-05-23 15:17:00+00:00,103.34765625,103.3515625,103.34765625,103.3515625,1312.0
2025-05-23 15:18:00+00:00,103.34765625,103.34765625,103.34375,103.34765625,2012.0
2025-05-23 15:19:00+00:00,103.34375,103.34765625,103.34375,103.34375,1452.0
2025-05-23 15:20:00+00:00,103.34375,103.34765625,103.34375,103.34765625,5756.0
2025-05-23 15:21:00+00:00,103.34375,103.34375,103.3359375,103.33984375,4768.0
2025-05-23 15:22:00+00:00,103.34375,103.34765625,103.34375,103.34375,2699.0
2025-05-23 15:23:00+00:00,103.34375,103.34375,103.33984375,103.34375,607.0
2025-05-23 15:24:00+00:00,103.33984375,103.34375,103.33984375,103.34375,1411.0
2025-05-23 15:25:00+00:00,103.33984375,103.34375,103.3359375,103.33984375,3212.0
2025-05-23 15:26:00+00:00,103.34375,103.34375,103.3359375,103.33984375,1918.0
2025-05-23 15:27:00+00:00,103.34375,103.34375,103.34375,103.34375,1052.0
2025-05-23 15:28:00+00:00,103.3515625,103.3515625,103.34375,103.34375,1547.0
2025-05-23 15:29:00+00:00,103.3515625,103.3515625,103.34765625,103.3515625,998.0
2025-05-23 15:30:00+00:00,103.34375,103.3515625,103.34375,103.3515625,1111.0
2025-05-23 15:31:00+00:00,103.34375,103.34765625,103.33984375,103.34765625,7457.0
2025-05-23 15:32:00+00:00,103.33984375,103.34375,103.3359375,103.34375,4181.0
2025-05-23 15:33:00+00:00,103.3359375,103.33984375,103.3359375,103.33984375,1149.0
2025-05-23 15:34:00+00:00,103.3359375,103.3359375,103.33203125,103.3359375,953.0
2025-05-23 15:35:00+00:00,103.34375,103.34375,103.33203125,103.3359375,1956.0
2025-05-23 15:36:00+00:00,103.33984375,103.34375,103.33984375,103.33984375,1123.0
2025-05-23 15:37:00+00:00,103.33984375,103.34375,103.33984375,103.34375,402.0
2025-05-23 15:38:00+00:00,103.34375,103.34765625,103.33984375,103.34375,4887.0
2025-05-23 15:39:00+00:00,103.33984375,103.34375,103.33984375,103.34375,756.0
2025-05-23 15:40:00+00:00,103.33984375,103.34375,103.3359375,103.34375,1645.0
2025-05-23 15:41:00+00:00,103.33984375,103.34375,103.33984375,103.33984375,755.0
2025-05-23 15:42:00+00:00,103.3359375,103.34375,103.3359375,103.34375,645.0
2025-05-23 15:43:00+00:00,103.34375,103.3515625,103.3359375,103.3359375,4676.0
2025-05-23 15:44:00+00:00,103.34375,103.34375,103.3359375,103.34375,5494.0
2025-05-23 15:45:00+00:00,103.34375,103.34765625,103.33984375,103.34765625,3335.0
2025-05-23 15:46:00+00:00,103.3515625,103.3515625,103.34765625,103.34765625,4585.0
2025-05-23 15:47:00+00:00,103.35546875,103.35546875,103.34765625,103.34765625,875.0
2025-05-23 15:48:00+00:00,103.35546875,103.35546875,103.35546875,103.35546875,1925.0
2025-05-23 15:49:00+00:00,103.35546875,103.35546875,103.3515625,103.35546875,1551.0
2025-05-23 15:50:00+00:00,103.359375,103.36328125,103.3515625,103.35546875,4442.0
2025-05-23 15:51:00+00:00,103.359375,103.359375,103.35546875,103.35546875,1979.0
2025-05-23 15:52:00+00:00,103.36328125,103.3671875,103.359375,103.359375,7012.0
2025-05-23 15:53:00+00:00,103.3671875,103.3671875,103.36328125,103.3671875,1246.0
2025-05-23 15:54:00+00:00,103.36328125,103.36328125,103.36328125,103.36328125,787.0
2025-05-23 15:55:00+00:00,103.37109375,103.37109375,103.36328125,103.3671875,3051.0
2025-05-23 15:56:00+00:00,103.3671875,103.3671875,103.3671875,103.3671875,1203.0
2025-05-23 15:57:00+00:00,103.37109375,103.37109375,103.3671875,103.3671875,1748.0
2025-05-23 15:58:00+00:00,103.375,103.375,103.37109375,103.37109375,7702.0
2025-05-23 15:59:00+00:00,103.375,103.37890625,103.375,103.375,28032.0
2025-05-23 16:00:00+00:00,103.359375,103.37890625,103.359375,103.37890625,11308.0
2025-05-23 16:01:00+00:00,103.359375,103.36328125,103.359375,103.36328125,16541.0
2025-05-23 16:02:00+00:00,103.35546875,103.359375,103.35546875,103.359375,1360.0
2025-05-23 16:03:00+00:00,103.35546875,103.35546875,103.35546875,103.35546875,655.0
2025-05-23 16:04:00+00:00,103.359375,103.36328125,103.35546875,103.35546875,3055.0
2025-05-23 16:05:00+00:00,103.36328125,103.36328125,103.359375,103.359375,5364.0
2025-05-23 16:06:00+00:00,103.36328125,103.36328125,103.359375,103.36328125,828.0
2025-05-23 16:07:00+00:00,103.359375,103.36328125,103.35546875,103.36328125,2607.0
2025-05-23 16:08:00+00:00,103.35546875,103.359375,103.35546875,103.35546875,1116.0
2025-05-23 16:09:00+00:00,103.3515625,103.359375,103.34765625,103.359375,3984.0
2025-05-23 16:10:00+00:00,103.35546875,103.35546875,103.34765625,103.3515625,1723.0
2025-05-23 16:11:00+00:00,103.35546875,103.35546875,103.35546875,103.35546875,2095.0
2025-05-23 16:12:00+00:00,103.359375,103.359375,103.35546875,103.35546875,1098.0
2025-05-23 16:13:00+00:00,103.359375,103.359375,103.35546875,103.35546875,723.0
2025-05-23 16:14:00+00:00,103.35546875,103.359375,103.35546875,103.359375,1739.0
2025-05-23 16:15:00+00:00,103.34765625,103.35546875,103.34765625,103.35546875,2331.0
2025-05-23 16:16:00+00:00,103.34375,103.34765625,103.34375,103.34765625,698.0
2025-05-23 16:17:00+00:00,103.34375,103.34765625,103.34375,103.34765625,6779.0
2025-05-23 16:18:00+00:00,103.3359375,103.33984375,103.3359375,103.33984375,922.0
2025-05-23 16:19:00+00:00,103.33984375,103.33984375,103.3359375,103.3359375,882.0
2025-05-23 16:20:00+00:00,103.3359375,103.3359375,103.3359375,103.3359375,285.0
2025-05-23 16:21:00+00:00,103.3359375,103.3359375,103.3359375,103.3359375,717.0
2025-05-23 16:22:00+00:00,103.33984375,103.33984375,103.3359375,103.33984375,491.0
2025-05-23 16:23:00+00:00,103.3359375,103.33984375,103.3359375,103.33984375,1087.0
2025-05-23 16:24:00+00:00,103.3359375,103.33984375,103.3359375,103.33984375,2521.0
2025-05-23 16:25:00+00:00,103.3359375,103.3359375,103.328125,103.33203125,27244.0
2025-05-23 16:26:00+00:00,103.33203125,103.33984375,103.33203125,103.3359375,66682.0
2025-05-23 16:27:00+00:00,103.32421875,103.33203125,103.32421875,103.33203125,2187.0
2025-05-23 16:28:00+00:00,103.32421875,103.328125,103.3203125,103.328125,11864.0
2025-05-23 16:29:00+00:00,103.32421875,103.328125,103.3203125,103.3203125,3035.0
2025-05-23 16:30:00+00:00,103.328125,103.328125,103.3203125,103.3203125,4369.0
2025-05-23 16:31:00+00:00,103.32421875,103.328125,103.32421875,103.328125,2299.0
2025-05-23 16:32:00+00:00,103.32421875,103.32421875,103.3203125,103.32421875,1252.0
2025-05-23 16:33:00+00:00,103.31640625,103.3203125,103.31640625,103.3203125,3597.0
2025-05-23 16:34:00+00:00,103.31640625,103.3203125,103.31640625,103.31640625,2994.0
2025-05-23 16:35:00+00:00,103.31640625,103.31640625,103.31640625,103.31640625,1017.0
2025-05-23 16:36:00+00:00,103.3125,103.3203125,103.3125,103.31640625,1653.0
2025-05-23 16:37:00+00:00,103.30859375,103.31640625,103.30859375,103.3125,15822.0
2025-05-23 16:38:00+00:00,103.30859375,103.3125,103.30859375,103.30859375,1190.0
2025-05-23 16:39:00+00:00,103.3125,103.3125,103.3046875,103.30859375,4003.0
2025-05-23 16:40:00+00:00,103.3125,103.3125,103.30859375,103.3125,984.0
2025-05-23 16:41:00+00:00,103.30859375,103.30859375,103.30859375,103.30859375,372.0
2025-05-23 16:42:00+00:00,103.30859375,103.30859375,103.30859375,103.30859375,409.0
2025-05-23 16:43:00+00:00,103.3125,103.31640625,103.3125,103.3125,1398.0
2025-05-23 16:44:00+00:00,103.3203125,103.3203125,103.3125,103.31640625,1741.0
2025-05-23 16:45:00+00:00,103.31640625,103.3203125,103.3125,103.3203125,1683.0
2025-05-23 16:46:00+00:00,103.30859375,103.3125,103.30859375,103.3125,823.0
2025-05-23 16:47:00+00:00,103.3046875,103.30859375,103.3046875,103.30859375,805.0
2025-05-23 16:48:00+00:00,103.30859375,103.30859375,103.3046875,103.3046875,565.0
2025-05-23 16:49:00+00:00,103.31640625,103.3203125,103.3046875,103.30859375,1868.0
2025-05-23 16:50:00+00:00,103.3203125,103.3203125,103.31640625,103.3203125,318.0
2025-05-23 16:51:00+00:00,103.31640625,103.3203125,103.31640625,103.3203125,2671.0
2025-05-23 16:52:00+00:00,103.31640625,103.31640625,103.31640625,103.31640625,640.0
2025-05-23 16:53:00+00:00,103.3125,103.31640625,103.3125,103.31640625,618.0
2025-05-23 16:54:00+00:00,103.3203125,103.3203125,103.3125,103.3125,3806.0
2025-05-23 16:55:00+00:00,103.3203125,103.3203125,103.3203125,103.3203125,3003.0
2025-05-23 16:56:00+00:00,103.3203125,103.32421875,103.3203125,103.3203125,482.0
2025-05-23 16:57:00+00:00,103.32421875,103.32421875,103.3203125,103.32421875,1230.0
2025-05-23 16:58:00+00:00,103.32421875,103.32421875,103.32421875,103.32421875,994.0
2025-05-23 16:59:00+00:00,103.3203125,103.32421875,103.3125,103.32421875,7625.0
2025-05-23 17:00:00+00:00,103.32421875,103.328125,103.3203125,103.32421875,34285.0
2025-05-23 17:01:00+00:00,103.32421875,103.328125,103.3203125,103.328125,4783.0
2025-05-23 17:02:00+00:00,103.33203125,103.33203125,103.32421875,103.328125,2013.0
2025-05-23 17:03:00+00:00,103.33203125,103.33203125,103.328125,103.328125,20730.0
2025-05-23 17:04:00+00:00,103.328125,103.33203125,103.32421875,103.33203125,974.0
2025-05-23 17:05:00+00:00,103.328125,103.33203125,103.328125,103.33203125,1446.0
2025-05-23 17:07:00+00:00,103.32421875,103.32421875,103.32421875,103.32421875,948.0
2025-05-23 17:08:00+00:00,103.3203125,103.32421875,103.3203125,103.32421875,77.0
2025-05-23 17:09:00+00:00,103.3203125,103.32421875,103.3203125,103.32421875,252.0
2025-05-23 17:10:00+00:00,103.3203125,103.32421875,103.31640625,103.3203125,459.0
2025-05-23 17:11:00+00:00,103.3203125,103.3203125,103.31640625,103.31640625,9828.0
2025-05-23 17:12:00+00:00,103.31640625,103.3203125,103.31640625,103.3203125,924.0
2025-05-23 17:13:00+00:00,103.31640625,103.3203125,103.31640625,103.31640625,2028.0
2025-05-23 17:14:00+00:00,103.31640625,103.31640625,103.31640625,103.31640625,663.0
2025-05-23 17:15:00+00:00,103.31640625,103.31640625,103.31640625,103.31640625,94.0
2025-05-23 17:16:00+00:00,103.3125,103.31640625,103.3125,103.3125,1156.0
2025-05-23 17:17:00+00:00,103.3125,103.31640625,103.3125,103.3125,366.0
2025-05-23 17:18:00+00:00,103.3125,103.3125,103.30859375,103.3125,2466.0
2025-05-23 17:19:00+00:00,103.3125,103.31640625,103.3125,103.3125,115.0
2025-05-23 17:20:00+00:00,103.31640625,103.3203125,103.3125,103.3125,825.0
2025-05-23 17:21:00+00:00,103.31640625,103.3203125,103.31640625,103.31640625,358.0
2025-05-23 17:22:00+00:00,103.31640625,103.31640625,103.31640625,103.31640625,30.0
2025-05-23 17:23:00+00:00,103.32421875,103.32421875,103.31640625,103.31640625,9053.0
2025-05-23 17:24:00+00:00,103.3203125,103.3203125,103.31640625,103.3203125,2120.0
2025-05-23 17:25:00+00:00,103.31640625,103.3203125,103.31640625,103.3203125,48.0
2025-05-23 17:26:00+00:00,103.3203125,103.3203125,103.31640625,103.3203125,597.0
2025-05-23 17:27:00+00:00,103.3203125,103.32421875,103.3203125,103.3203125,605.0
2025-05-23 17:28:00+00:00,103.3203125,103.3203125,103.3203125,103.3203125,1108.0
2025-05-23 17:29:00+00:00,103.3203125,103.3203125,103.31640625,103.3203125,471.0
2025-05-23 17:30:00+00:00,103.32421875,103.32421875,103.3203125,103.3203125,3807.0
2025-05-23 17:31:00+00:00,103.32421875,103.32421875,103.3203125,103.32421875,46.0
2025-05-23 17:32:00+00:00,103.32421875,103.32421875,103.3203125,103.32421875,168.0
2025-05-23 17:34:00+00:00,103.3203125,103.32421875,103.3203125,103.3203125,1147.0
2025-05-23 17:35:00+00:00,103.32421875,103.32421875,103.3203125,103.32421875,393.0
2025-05-23 17:36:00+00:00,103.3203125,103.3203125,103.3203125,103.3203125,877.0
2025-05-23 17:37:00+00:00,103.32421875,103.32421875,103.31640625,103.32421875,1006.0
2025-05-23 17:38:00+00:00,103.3203125,103.32421875,103.31640625,103.32421875,249.0
2025-05-23 17:39:00+00:00,103.3203125,103.3203125,103.31640625,103.31640625,33.0
2025-05-23 17:40:00+00:00,103.31640625,103.3203125,103.31640625,103.31640625,919.0
2025-05-23 17:41:00+00:00,103.3125,103.31640625,103.3125,103.31640625,382.0
2025-05-23 17:42:00+00:00,103.30859375,103.3125,103.3046875,103.3125,983.0
2025-05-23 17:43:00+00:00,103.30859375,103.30859375,103.3046875,103.30859375,199.0
2025-05-23 17:44:00+00:00,103.3125,103.3125,103.30859375,103.30859375,2576.0
2025-05-23 17:45:00+00:00,103.3046875,103.30859375,103.3046875,103.30859375,855.0
2025-05-23 17:46:00+00:00,103.3046875,103.3046875,103.3046875,103.3046875,6366.0
2025-05-23 17:47:00+00:00,103.30859375,103.30859375,103.3046875,103.3046875,412.0
2025-05-23 17:48:00+00:00,103.30859375,103.30859375,103.3046875,103.3046875,103.0
2025-05-23 17:49:00+00:00,103.30078125,103.3046875,103.30078125,103.3046875,837.0
2025-05-23 17:50:00+00:00,103.30078125,103.30078125,103.30078125,103.30078125,184.0
2025-05-23 17:51:00+00:00,103.30078125,103.30078125,103.296875,103.30078125,1343.0
2025-05-23 17:52:00+00:00,103.3046875,103.3046875,103.30078125,103.30078125,415.0
2025-05-23 17:54:00+00:00,103.3046875,103.3046875,103.30078125,103.30078125,1892.0
2025-05-23 17:55:00+00:00,103.30078125,103.30078125,103.30078125,103.30078125,54.0
2025-05-23 17:56:00+00:00,103.3046875,103.3046875,103.30078125,103.30078125,2388.0
2025-05-23 17:57:00+00:00,103.3046875,103.30859375,103.3046875,103.3046875,700.0
2025-05-23 17:58:00+00:00,103.3046875,103.3046875,103.3046875,103.3046875,48.0
2025-05-23 17:59:00+00:00,103.30859375,103.30859375,103.3046875,103.3046875,676.0
2025-05-23 18:00:00+00:00,103.3046875,103.30859375,103.3046875,103.3046875,144.0
2025-05-23 18:01:00+00:00,103.30859375,103.30859375,103.3046875,103.3046875,741.0
2025-05-23 18:02:00+00:00,103.3046875,103.3046875,103.3046875,103.3046875,99.0
2025-05-23 18:03:00+00:00,103.3046875,103.30859375,103.3046875,103.3046875,28.0
2025-05-23 18:04:00+00:00,103.3046875,103.3046875,103.3046875,103.3046875,236.0
2025-05-23 18:05:00+00:00,103.30078125,103.3046875,103.30078125,103.3046875,397.0
2025-05-23 18:06:00+00:00,103.30078125,103.30078125,103.296875,103.30078125,1027.0
2025-05-23 18:07:00+00:00,103.30078125,103.3046875,103.30078125,103.30078125,40.0
2025-05-23 18:08:00+00:00,103.30078125,103.30078125,103.30078125,103.30078125,69.0
2025-05-23 18:09:00+00:00,103.30078125,103.30078125,103.30078125,103.30078125,197.0
2025-05-23 18:10:00+00:00,103.30078125,103.3046875,103.30078125,103.30078125,49.0
2025-05-23 18:11:00+00:00,103.3046875,103.3046875,103.30078125,103.3046875,204.0
2025-05-23 18:12:00+00:00,103.30078125,103.30078125,103.30078125,103.30078125,226.0
2025-05-23 18:13:00+00:00,103.30078125,103.3046875,103.30078125,103.30078125,70.0
2025-05-23 18:14:00+00:00,103.30078125,103.3046875,103.30078125,103.3046875,22.0
2025-05-23 18:15:00+00:00,103.3046875,103.3046875,103.30078125,103.30078125,1826.0
2025-05-23 18:16:00+00:00,103.3046875,103.3046875,103.3046875,103.3046875,81.0
2025-05-23 18:17:00+00:00,103.3046875,103.30859375,103.3046875,103.3046875,329.0
2025-05-23 18:18:00+00:00,103.30859375,103.3125,103.3046875,103.3046875,422.0
2025-05-23 18:19:00+00:00,103.3125,103.3125,103.30859375,103.30859375,1563.0
2025-05-23 18:20:00+00:00,103.3125,103.31640625,103.3125,103.3125,634.0
2025-05-23 18:21:00+00:00,103.32421875,103.32421875,103.31640625,103.31640625,598.0
2025-05-23 18:22:00+00:00,103.32421875,103.32421875,103.3203125,103.32421875,656.0
2025-05-23 18:23:00+00:00,103.32421875,103.328125,103.32421875,103.328125,211.0
2025-05-23 18:24:00+00:00,103.3203125,103.32421875,103.3203125,103.32421875,658.0
2025-05-23 18:25:00+00:00,103.32421875,103.32421875,103.3203125,103.3203125,643.0
2025-05-23 18:26:00+00:00,103.3203125,103.3203125,103.3203125,103.3203125,265.0
2025-05-23 18:28:00+00:00,103.3203125,103.3203125,103.3203125,103.3203125,58.0
2025-05-23 18:29:00+00:00,103.32421875,103.32421875,103.3203125,103.3203125,354.0
2025-05-23 18:30:00+00:00,103.32421875,103.328125,103.3203125,103.328125,649.0
2025-05-23 18:31:00+00:00,103.3203125,103.32421875,103.3203125,103.32421875,221.0
2025-05-23 18:32:00+00:00,103.32421875,103.32421875,103.32421875,103.32421875,430.0
2025-05-23 18:33:00+00:00,103.32421875,103.32421875,103.32421875,103.32421875,18.0
2025-05-23 18:34:00+00:00,103.3203125,103.32421875,103.3203125,103.32421875,241.0
2025-05-23 18:35:00+00:00,103.3203125,103.3203125,103.3203125,103.3203125,33.0
2025-05-23 18:36:00+00:00,103.32421875,103.32421875,103.3203125,103.3203125,218.0
2025-05-23 18:37:00+00:00,103.328125,103.328125,103.3203125,103.32421875,14207.0
2025-05-23 18:38:00+00:00,103.328125,103.328125,103.32421875,103.328125,174.0
2025-05-23 18:39:00+00:00,103.328125,103.328125,103.328125,103.328125,881.0
2025-05-23 18:40:00+00:00,103.32421875,103.32421875,103.32421875,103.32421875,31.0
2025-05-23 18:42:00+00:00,103.3203125,103.32421875,103.3203125,103.32421875,1484.0
2025-05-23 18:43:00+00:00,103.3203125,103.3203125,103.3203125,103.3203125,1324.0
2025-05-23 18:44:00+00:00,103.3203125,103.32421875,103.3203125,103.3203125,12.0
2025-05-23 18:45:00+00:00,103.3203125,103.3203125,103.31640625,103.3203125,553.0
2025-05-23 18:46:00+00:00,103.3203125,103.3203125,103.3203125,103.3203125,60.0
2025-05-23 18:48:00+00:00,103.3203125,103.3203125,103.3203125,103.3203125,93.0
2025-05-23 18:49:00+00:00,103.32421875,103.32421875,103.3203125,103.3203125,38.0
2025-05-23 18:51:00+00:00,103.31640625,103.31640625,103.31640625,103.31640625,2900.0
2025-05-23 18:52:00+00:00,103.31640625,103.31640625,103.31640625,103.31640625,546.0
2025-05-23 18:53:00+00:00,103.31640625,103.31640625,103.31640625,103.31640625,55.0
2025-05-23 18:54:00+00:00,103.3125,103.31640625,103.3125,103.31640625,1352.0
2025-05-23 18:55:00+00:00,103.3125,103.31640625,103.3125,103.3125,26.0
2025-05-23 18:56:00+00:00,103.3125,103.3125,103.3125,103.3125,48.0
2025-05-23 18:57:00+00:00,103.3125,103.3125,103.3125,103.3125,43.0
2025-05-23 18:58:00+00:00,103.31640625,103.31640625,103.3125,103.3125,68.0
2025-05-23 18:59:00+00:00,103.31640625,103.3203125,103.3125,103.3125,3491.0
2025-05-23 19:00:00+00:00,103.31640625,103.3203125,103.31640625,103.3203125,72.0
2025-05-23 19:01:00+00:00,103.3203125,103.3203125,103.31640625,103.31640625,1351.0
2025-05-23 19:05:00+00:00,103.3203125,103.32421875,103.3203125,103.3203125,68.0
2025-05-23 19:06:00+00:00,103.3203125,103.3203125,103.3203125,103.3203125,40.0
2025-05-23 19:07:00+00:00,103.3203125,103.3203125,103.3203125,103.3203125,14.0
2025-05-23 19:08:00+00:00,103.31640625,103.3203125,103.31640625,103.3203125,1571.0
2025-05-23 19:11:00+00:00,103.31640625,103.31640625,103.31640625,103.31640625,29.0
2025-05-23 19:12:00+00:00,103.31640625,103.31640625,103.31640625,103.31640625,7.0
2025-05-23 19:16:00+00:00,103.3203125,103.3203125,103.31640625,103.31640625,688.0
2025-05-23 19:19:00+00:00,103.31640625,103.3203125,103.31640625,103.3203125,1218.0
2025-05-23 19:20:00+00:00,103.3203125,103.3203125,103.3203125,103.3203125,519.0
2025-05-23 19:21:00+00:00,103.3203125,103.32421875,103.3203125,103.32421875,78.0
2025-05-23 19:22:00+00:00,103.3203125,103.3203125,103.3203125,103.3203125,28.0
2025-05-23 19:23:00+00:00,103.3203125,103.3203125,103.3203125,103.3203125,13.0
2025-05-23 19:24:00+00:00,103.32421875,103.32421875,103.3203125,103.32421875,112.0
2025-05-23 19:27:00+00:00,103.32421875,103.32421875,103.3203125,103.32421875,916.0
2025-05-23 19:28:00+00:00,103.328125,103.328125,103.328125,103.328125,524.0
2025-05-23 19:29:00+00:00,103.32421875,103.328125,103.32421875,103.328125,18.0
2025-05-23 19:30:00+00:00,103.32421875,103.328125,103.32421875,103.328125,50.0
2025-05-23 19:34:00+00:00,103.32421875,103.32421875,103.32421875,103.32421875,65.0
2025-05-23 19:36:00+00:00,103.32421875,103.32421875,103.32421875,103.32421875,17.0
2025-05-23 19:37:00+00:00,103.32421875,103.328125,103.32421875,103.328125,35.0
2025-05-23 19:42:00+00:00,103.32421875,103.32421875,103.32421875,103.32421875,59.0
2025-05-23 19:43:00+00:00,103.32421875,103.328125,103.32421875,103.32421875,52.0
2025-05-23 19:46:00+00:00,103.32421875,103.328125,103.32421875,103.32421875,129.0
2025-05-23 19:48:00+00:00,103.32421875,103.32421875,103.32421875,103.32421875,36.0
2025-05-23 19:49:00+00:00,103.32421875,103.32421875,103.32421875,103.32421875,33.0
2025-05-23 19:50:00+00:00,103.328125,103.328125,103.32421875,103.328125,1681.0
2025-05-23 19:51:00+00:00,103.328125,103.328125,103.328125,103.328125,34.0
2025-05-23 19:52:00+00:00,103.328125,103.33203125,103.328125,103.328125,61.0
2025-05-23 19:53:00+00:00,103.328125,103.328125,103.328125,103.328125,47.0
2025-05-23 19:54:00+00:00,103.328125,103.328125,103.328125,103.328125,48.0
2025-05-23 19:56:00+00:00,103.328125,103.33203125,103.328125,103.328125,58.0
2025-05-23 19:57:00+00:00,103.328125,103.33203125,103.328125,103.328125,45.0
2025-05-23 19:58:00+00:00,103.32421875,103.328125,103.32421875,103.328125,1406.0
2025-05-23 19:59:00+00:00,103.32421875,103.328125,103.32421875,103.32421875,298.0
2025-05-23 20:00:00+00:00,103.32421875,103.328125,103.32421875,103.32421875,268.0
2025-05-23 20:01:00+00:00,103.32421875,103.328125,103.32421875,103.32421875,180.0
2025-05-23 20:02:00+00:00,103.32421875,103.328125,103.32421875,103.328125,9.0
2025-05-23 20:03:00+00:00,103.328125,103.328125,103.32421875,103.328125,181.0
2025-05-23 20:04:00+00:00,103.32421875,103.328125,103.32421875,103.328125,11.0
2025-05-23 20:05:00+00:00,103.328125,103.328125,103.32421875,103.328125,6.0
2025-05-23 20:06:00+00:00,103.328125,103.328125,103.328125,103.328125,101.0
2025-05-23 20:10:00+00:00,103.32421875,103.32421875,103.32421875,103.32421875,272.0
2025-05-23 20:11:00+00:00,103.32421875,103.32421875,103.32421875,103.32421875,392.0
2025-05-23 20:14:00+00:00,103.32421875,103.32421875,103.32421875,103.32421875,66.0
2025-05-23 20:15:00+00:00,103.32421875,103.32421875,103.3203125,103.3203125,3.0
2025-05-23 20:25:00+00:00,103.32421875,103.32421875,103.3203125,103.3203125,54.0
2025-05-23 20:32:00+00:00,103.32421875,103.32421875,103.3203125,103.3203125,60.0
2025-05-23 20:33:00+00:00,103.3203125,103.3203125,103.3203125,103.3203125,61.0
2025-05-23 20:34:00+00:00,103.3203125,103.32421875,103.3203125,103.32421875,52.0
2025-05-23 20:35:00+00:00,103.32421875,103.32421875,103.3203125,103.3203125,2.0
2025-05-23 20:36:00+00:00,103.32421875,103.32421875,103.3203125,103.32421875,6.0
2025-05-23 20:37:00+00:00,103.32421875,103.32421875,103.3203125,103.3203125,950.0
2025-05-23 20:39:00+00:00,103.3203125,103.32421875,103.3203125,103.32421875,45.0
2025-05-23 20:40:00+00:00,103.3203125,103.32421875,103.3203125,103.3203125,280.0
2025-05-23 20:41:00+00:00,103.3203125,103.32421875,103.3203125,103.32421875,25.0
2025-05-23 20:43:00+00:00,103.32421875,103.32421875,103.3203125,103.32421875,21.0
2025-05-23 20:44:00+00:00,103.32421875,103.32421875,103.32421875,103.32421875,62.0
2025-05-23 20:45:00+00:00,103.3203125,103.3203125,103.3203125,103.3203125,114.0
2025-05-23 20:46:00+00:00,103.3203125,103.3203125,103.3203125,103.3203125,283.0
2025-05-23 20:48:00+00:00,103.31640625,103.3203125,103.31640625,103.3203125,906.0
2025-05-23 20:50:00+00:00,103.31640625,103.3203125,103.31640625,103.3203125,344.0
2025-05-23 20:52:00+00:00,103.3203125,103.3203125,103.3203125,103.3203125,77.0
2025-05-23 20:53:00+00:00,103.3203125,103.3203125,103.31640625,103.31640625,28.0
2025-05-23 20:54:00+00:00,103.3203125,103.3203125,103.31640625,103.31640625,68.0
2025-05-23 20:55:00+00:00,103.31640625,103.3203125,103.31640625,103.31640625,112.0
2025-05-23 20:56:00+00:00,103.3203125,103.3203125,103.31640625,103.3203125,187.0
2025-05-23 20:58:00+00:00,103.3203125,103.3203125,103.31640625,103.31640625,157.0
2025-05-23 20:59:00+00:00,103.3125,103.3203125,103.31199645996094,103.3203125,1675.0
2025-05-25 22:00:00+00:00,103.32421875,103.32421875,103.31640625,103.3203125,0.0
2025-05-25 22:01:00+00:00,103.3203125,103.32421875,103.3203125,103.3203125,83.0
2025-05-25 22:02:00+00:00,103.31640625,103.3203125,103.31640625,103.31640625,34.0
2025-05-25 22:03:00+00:00,103.3125,103.31640625,103.3125,103.31640625,251.0
2025-05-25 22:04:00+00:00,103.3125,103.3125,103.3125,103.3125,137.0
2025-05-25 22:05:00+00:00,103.30859375,103.3125,103.30859375,103.3125,7445.0
2025-05-25 22:06:00+00:00,103.30078125,103.3125,103.30078125,103.3125,318.0
2025-05-25 22:07:00+00:00,103.2890625,103.296875,103.2890625,103.296875,398.0
2025-05-25 22:08:00+00:00,103.28515625,103.28515625,103.28125,103.28515625,2525.0
2025-05-25 22:09:00+00:00,103.27734375,103.28515625,103.2734375,103.28125,2264.0
2025-05-25 22:10:00+00:00,103.28515625,103.28515625,103.26953125,103.27734375,537.0
2025-05-25 22:12:00+00:00,103.2734375,103.28125,103.2734375,103.28125,430.0
2025-05-25 22:13:00+00:00,103.2734375,103.2734375,103.26953125,103.2734375,302.0
2025-05-25 22:14:00+00:00,103.27734375,103.28125,103.27734375,103.27734375,163.0
2025-05-25 22:15:00+00:00,103.27734375,103.27734375,103.2734375,103.2734375,1205.0
2025-05-25 22:16:00+00:00,103.27734375,103.27734375,103.27734375,103.27734375,98.0
2025-05-25 22:17:00+00:00,103.27734375,103.28125,103.27734375,103.27734375,218.0
2025-05-25 22:18:00+00:00,103.27734375,103.27734375,103.2734375,103.2734375,263.0
2025-05-25 22:19:00+00:00,103.26953125,103.2734375,103.26953125,103.2734375,93.0
2025-05-25 22:20:00+00:00,103.26953125,103.2734375,103.265625,103.2734375,2173.0
2025-05-25 22:21:00+00:00,103.26953125,103.26953125,103.265625,103.265625,120.0
2025-05-25 22:22:00+00:00,103.26953125,103.2734375,103.265625,103.26953125,580.0
2025-05-25 22:23:00+00:00,103.26953125,103.26953125,103.26953125,103.26953125,563.0
2025-05-25 22:24:00+00:00,103.26953125,103.2734375,103.26953125,103.26953125,835.0
2025-05-25 22:25:00+00:00,103.26953125,103.26953125,103.26953125,103.26953125,248.0
2025-05-25 22:26:00+00:00,103.265625,103.265625,103.265625,103.265625,714.0
2025-05-25 22:27:00+00:00,103.27734375,103.28125,103.26953125,103.26953125,305.0
2025-05-25 22:28:00+00:00,103.27734375,103.27734375,103.27734375,103.27734375,385.0
2025-05-25 22:29:00+00:00,103.26953125,103.27734375,103.26953125,103.27734375,396.0
2025-05-25 22:30:00+00:00,103.2734375,103.2734375,103.26953125,103.26953125,117.0
2025-05-25 22:32:00+00:00,103.2734375,103.2734375,103.2734375,103.2734375,96.0
2025-05-25 22:33:00+00:00,103.2734375,103.2734375,103.26953125,103.2734375,356.0
2025-05-25 22:36:00+00:00,103.26953125,103.26953125,103.26953125,103.26953125,120.0
2025-05-25 22:38:00+00:00,103.26953125,103.26953125,103.26953125,103.26953125,159.0
2025-05-25 22:40:00+00:00,103.2734375,103.2734375,103.2734375,103.2734375,155.0
2025-05-25 22:41:00+00:00,103.2734375,103.2734375,103.2734375,103.2734375,3.0
2025-05-25 22:42:00+00:00,103.2734375,103.2734375,103.2734375,103.2734375,42.0
2025-05-25 22:46:00+00:00,103.26953125,103.26953125,103.26953125,103.26953125,7.0
2025-05-25 22:48:00+00:00,103.26953125,103.26953125,103.26953125,103.26953125,26.0
2025-05-25 22:49:00+00:00,103.265625,103.265625,103.265625,103.265625,210.0
2025-05-25 22:50:00+00:00,103.265625,103.265625,103.2578125,103.26171875,286.0
2025-05-25 22:51:00+00:00,103.26953125,103.26953125,103.26953125,103.26953125,79.0
2025-05-25 22:55:00+00:00,103.265625,103.265625,103.265625,103.265625,2.0
2025-05-25 23:00:00+00:00,103.26171875,103.265625,103.26171875,103.265625,84.0
2025-05-25 23:02:00+00:00,103.26171875,103.26171875,103.26171875,103.26171875,79.0
2025-05-25 23:03:00+00:00,103.265625,103.265625,103.26171875,103.26171875,71.0
2025-05-25 23:04:00+00:00,103.265625,103.265625,103.265625,103.265625,38.0
2025-05-25 23:06:00+00:00,103.265625,103.265625,103.265625,103.265625,9.0
2025-05-25 23:09:00+00:00,103.265625,103.26953125,103.265625,103.26953125,90.0
2025-05-25 23:10:00+00:00,103.26171875,103.265625,103.26171875,103.265625,59.0
2025-05-25 23:14:00+00:00,103.26953125,103.26953125,103.265625,103.265625,43.0
2025-05-25 23:16:00+00:00,103.26953125,103.26953125,103.26953125,103.26953125,52.0
2025-05-25 23:19:00+00:00,103.265625,103.265625,103.265625,103.265625,165.0
2025-05-25 23:20:00+00:00,103.265625,103.265625,103.265625,103.265625,35.0
2025-05-25 23:21:00+00:00,103.265625,103.265625,103.265625,103.265625,25.0
2025-05-25 23:23:00+00:00,103.265625,103.265625,103.265625,103.265625,56.0
2025-05-25 23:25:00+00:00,103.26171875,103.26171875,103.26171875,103.26171875,37.0
2025-05-25 23:26:00+00:00,103.26171875,103.26171875,103.26171875,103.26171875,65.0
2025-05-25 23:30:00+00:00,103.26171875,103.26171875,103.26171875,103.26171875,11.0
2025-05-25 23:31:00+00:00,103.265625,103.265625,103.265625,103.265625,48.0
2025-05-25 23:33:00+00:00,103.265625,103.265625,103.265625,103.265625,683.0
2025-05-25 23:34:00+00:00,103.265625,103.265625,103.265625,103.265625,55.0
2025-05-25 23:38:00+00:00,103.265625,103.265625,103.265625,103.265625,15.0
2025-05-25 23:39:00+00:00,103.265625,103.265625,103.265625,103.265625,3.0
2025-05-25 23:40:00+00:00,103.265625,103.265625,103.265625,103.265625,41.0
2025-05-25 23:42:00+00:00,103.26171875,103.26171875,103.26171875,103.26171875,183.0
2025-05-25 23:43:00+00:00,103.265625,103.265625,103.26171875,103.26171875,4.0
2025-05-25 23:44:00+00:00,103.26171875,103.26171875,103.26171875,103.26171875,4.0
2025-05-25 23:45:00+00:00,103.26171875,103.26171875,103.26171875,103.26171875,14.0
2025-05-25 23:46:00+00:00,103.26171875,103.26171875,103.26171875,103.26171875,165.0
2025-05-25 23:47:00+00:00,103.265625,103.265625,103.26171875,103.26171875,30.0
2025-05-25 23:50:00+00:00,103.26171875,103.26171875,103.26171875,103.26171875,2.0
2025-05-25 23:52:00+00:00,103.265625,103.265625,103.265625,103.265625,414.0
2025-05-25 23:56:00+00:00,103.265625,103.265625,103.265625,103.265625,46.0
2025-05-25 23:59:00+00:00,103.265625,103.265625,103.265625,103.265625,76.0
2025-05-26 00:00:00+00:00,103.26953125,103.26953125,103.265625,103.265625,39.0
2025-05-26 00:01:00+00:00,103.26953125,103.26953125,103.26953125,103.26953125,11.0
2025-05-26 00:04:00+00:00,103.26953125,103.26953125,103.265625,103.26953125,13.0
2025-05-26 00:05:00+00:00,103.265625,103.26953125,103.265625,103.26953125,36.0
2025-05-26 00:06:00+00:00,103.265625,103.26953125,103.265625,103.265625,53.0
2025-05-26 00:07:00+00:00,103.26171875,103.265625,103.26171875,103.265625,39.0
2025-05-26 00:08:00+00:00,103.265625,103.265625,103.265625,103.265625,10.0
2025-05-26 00:09:00+00:00,103.26171875,103.265625,103.26171875,103.265625,76.0
2025-05-26 00:15:00+00:00,103.2578125,103.265625,103.2578125,103.26171875,596.0
2025-05-26 00:16:00+00:00,103.2578125,103.2578125,103.2578125,103.2578125,209.0
2025-05-26 00:17:00+00:00,103.26171875,103.26171875,103.2578125,103.2578125,39.0
2025-05-26 00:18:00+00:00,103.265625,103.265625,103.265625,103.265625,68.0
2025-05-26 00:19:00+00:00,103.265625,103.265625,103.265625,103.265625,542.0
2025-05-26 00:20:00+00:00,103.265625,103.26953125,103.265625,103.26953125,164.0
2025-05-26 00:21:00+00:00,103.26953125,103.26953125,103.265625,103.265625,194.0
2025-05-26 00:23:00+00:00,103.26953125,103.26953125,103.26953125,103.26953125,54.0
2025-05-26 00:25:00+00:00,103.26953125,103.26953125,103.26953125,103.26953125,420.0
2025-05-26 00:26:00+00:00,103.26953125,103.26953125,103.26953125,103.26953125,32.0
2025-05-26 00:27:00+00:00,103.26953125,103.26953125,103.26953125,103.26953125,19.0
2025-05-26 00:28:00+00:00,103.2734375,103.2734375,103.2734375,103.2734375,130.0
2025-05-26 00:29:00+00:00,103.2734375,103.2734375,103.2734375,103.2734375,15.0
2025-05-26 00:30:00+00:00,103.26953125,103.2734375,103.26953125,103.2734375,316.0
2025-05-26 00:31:00+00:00,103.26953125,103.26953125,103.26953125,103.26953125,22.0
2025-05-26 00:33:00+00:00,103.26953125,103.26953125,103.26953125,103.26953125,153.0
2025-05-26 00:35:00+00:00,103.26953125,103.26953125,103.26953125,103.26953125,102.0
2025-05-26 00:39:00+00:00,103.2734375,103.2734375,103.26953125,103.26953125,95.0
2025-05-26 00:47:00+00:00,103.26953125,103.2734375,103.26953125,103.2734375,2.0
2025-05-26 00:50:00+00:00,103.26953125,103.2734375,103.26953125,103.26953125,54.0
2025-05-26 00:52:00+00:00,103.2734375,103.2734375,103.2734375,103.2734375,25.0
2025-05-26 00:53:00+00:00,103.2734375,103.27734375,103.2734375,103.27734375,2.0
2025-05-26 00:55:00+00:00,103.27734375,103.27734375,103.27734375,103.27734375,117.0
2025-05-26 00:56:00+00:00,103.28125,103.28515625,103.28125,103.28125,117.0
2025-05-26 01:01:00+00:00,103.28125,103.28125,103.28125,103.28125,3.0
2025-05-26 01:03:00+00:00,103.28515625,103.28515625,103.28515625,103.28515625,106.0
2025-05-26 01:09:00+00:00,103.28125,103.28125,103.28125,103.28125,19.0
2025-05-26 01:10:00+00:00,103.28125,103.28125,103.28125,103.28125,36.0
2025-05-26 01:11:00+00:00,103.27734375,103.27734375,103.27734375,103.27734375,47.0
2025-05-26 01:13:00+00:00,103.27734375,103.27734375,103.2734375,103.27734375,59.0
2025-05-26 01:14:00+00:00,103.27734375,103.27734375,103.27734375,103.27734375,2.0
2025-05-26 01:15:00+00:00,103.28125,103.28125,103.27734375,103.27734375,36.0
2025-05-26 01:16:00+00:00,103.28125,103.28125,103.28125,103.28125,30.0
2025-05-26 01:19:00+00:00,103.28515625,103.28515625,103.28515625,103.28515625,56.0
2025-05-26 01:21:00+00:00,103.28125,103.28125,103.28125,103.28125,434.0
2025-05-26 01:22:00+00:00,103.28125,103.28125,103.28125,103.28125,31.0
2025-05-26 01:23:00+00:00,103.27734375,103.27734375,103.27734375,103.27734375,8.0
2025-05-26 01:25:00+00:00,103.28125,103.28125,103.28125,103.28125,223.0
2025-05-26 01:27:00+00:00,103.28125,103.28125,103.28125,103.28125,16.0
2025-05-26 01:29:00+00:00,103.28125,103.28125,103.28125,103.28125,208.0
2025-05-26 01:36:00+00:00,103.27734375,103.27734375,103.27734375,103.27734375,26.0
2025-05-26 01:42:00+00:00,103.2734375,103.27734375,103.2734375,103.27734375,51.0
2025-05-26 01:46:00+00:00,103.2734375,103.27734375,103.2734375,103.27734375,104.0
2025-05-26 01:47:00+00:00,103.27734375,103.27734375,103.27734375,103.27734375,165.0
2025-05-26 01:48:00+00:00,103.2734375,103.27734375,103.2734375,103.27734375,93.0
2025-05-26 01:51:00+00:00,103.27734375,103.27734375,103.27734375,103.27734375,73.0
2025-05-26 01:57:00+00:00,103.27734375,103.28125,103.27734375,103.27734375,357.0
2025-05-26 01:58:00+00:00,103.27734375,103.27734375,103.27734375,103.27734375,56.0
2025-05-26 01:59:00+00:00,103.27734375,103.27734375,103.27734375,103.27734375,120.0
2025-05-26 02:03:00+00:00,103.28125,103.28125,103.28125,103.28125,109.0
2025-05-26 02:09:00+00:00,103.28125,103.28125,103.28125,103.28125,158.0
2025-05-26 02:12:00+00:00,103.27734375,103.27734375,103.27734375,103.27734375,6.0
2025-05-26 02:13:00+00:00,103.27734375,103.27734375,103.27734375,103.27734375,70.0
2025-05-26 02:15:00+00:00,103.27734375,103.27734375,103.2734375,103.2734375,8.0
2025-05-26 02:16:00+00:00,103.27734375,103.27734375,103.27734375,103.27734375,225.0
2025-05-26 02:22:00+00:00,103.27734375,103.27734375,103.27734375,103.27734375,31.0
2025-05-26 02:28:00+00:00,103.27734375,103.27734375,103.27734375,103.27734375,349.0
2025-05-26 02:29:00+00:00,103.2734375,103.2734375,103.2734375,103.2734375,136.0
2025-05-26 02:31:00+00:00,103.27734375,103.27734375,103.27734375,103.27734375,57.0
2025-05-26 02:43:00+00:00,103.28125,103.28125,103.28125,103.28125,675.0
2025-05-26 02:45:00+00:00,103.28125,103.28125,103.28125,103.28125,324.0
2025-05-26 02:48:00+00:00,103.28125,103.28125,103.28125,103.28125,316.0
2025-05-26 02:49:00+00:00,103.27734375,103.28125,103.27734375,103.28125,699.0
2025-05-26 02:59:00+00:00,103.28125,103.28125,103.27734375,103.27734375,56.0
2025-05-26 03:01:00+00:00,103.2734375,103.27734375,103.2734375,103.27734375,485.0
2025-05-26 03:03:00+00:00,103.27734375,103.27734375,103.27734375,103.27734375,7.0
2025-05-26 03:04:00+00:00,103.2734375,103.28125,103.2734375,103.27734375,535.0
2025-05-26 03:11:00+00:00,103.2734375,103.2734375,103.2734375,103.2734375,95.0
2025-05-26 03:14:00+00:00,103.27734375,103.27734375,103.27734375,103.27734375,9.0
2025-05-26 03:15:00+00:00,103.28125,103.28125,103.27734375,103.27734375,25.0
2025-05-26 03:16:00+00:00,103.27734375,103.27734375,103.27734375,103.27734375,228.0
2025-05-26 03:17:00+00:00,103.27734375,103.27734375,103.27734375,103.27734375,431.0
2025-05-26 03:20:00+00:00,103.28125,103.28125,103.28125,103.28125,218.0
2025-05-26 03:21:00+00:00,103.27734375,103.28125,103.27734375,103.28125,89.0
2025-05-26 03:22:00+00:00,103.27734375,103.27734375,103.27734375,103.27734375,30.0
2025-05-26 03:23:00+00:00,103.27734375,103.27734375,103.27734375,103.27734375,33.0
2025-05-26 03:24:00+00:00,103.27734375,103.27734375,103.27734375,103.27734375,84.0
2025-05-26 03:28:00+00:00,103.27734375,103.27734375,103.27734375,103.27734375,29.0
2025-05-26 03:29:00+00:00,103.28125,103.28125,103.27734375,103.27734375,59.0
2025-05-26 03:30:00+00:00,103.27734375,103.28515625,103.27734375,103.28125,186.0
2025-05-26 03:31:00+00:00,103.28125,103.28125,103.27734375,103.28125,550.0
2025-05-26 03:35:00+00:00,103.28125,103.28515625,103.28125,103.28125,124.0
2025-05-26 03:36:00+00:00,103.28125,103.28515625,103.28125,103.28515625,68.0
2025-05-26 03:44:00+00:00,103.28125,103.28125,103.28125,103.28125,152.0
2025-05-26 03:47:00+00:00,103.28125,103.28125,103.27734375,103.28125,7.0
2025-05-26 03:48:00+00:00,103.27734375,103.28125,103.27734375,103.28125,6.0
2025-05-26 03:54:00+00:00,103.27734375,103.27734375,103.27734375,103.27734375,19.0
2025-05-26 03:55:00+00:00,103.27734375,103.27734375,103.27734375,103.27734375,153.0
2025-05-26 04:01:00+00:00,103.27734375,103.27734375,103.27734375,103.27734375,35.0
2025-05-26 04:02:00+00:00,103.28125,103.28125,103.27734375,103.27734375,39.0
2025-05-26 04:17:00+00:00,103.27734375,103.27734375,103.27734375,103.27734375,142.0
2025-05-26 04:18:00+00:00,103.2734375,103.2734375,103.2734375,103.2734375,300.0
2025-05-26 04:21:00+00:00,103.2734375,103.2734375,103.2734375,103.2734375,107.0
2025-05-26 04:22:00+00:00,103.2734375,103.2734375,103.2734375,103.2734375,12.0
2025-05-26 04:25:00+00:00,103.2734375,103.2734375,103.2734375,103.2734375,166.0
2025-05-26 04:29:00+00:00,103.2734375,103.2734375,103.2734375,103.2734375,50.0
2025-05-26 04:35:00+00:00,103.2734375,103.2734375,103.2734375,103.2734375,144.0
2025-05-26 04:37:00+00:00,103.2734375,103.2734375,103.2734375,103.2734375,229.0
2025-05-26 04:42:00+00:00,103.2734375,103.2734375,103.2734375,103.2734375,52.0
2025-05-26 04:49:00+00:00,103.2734375,103.2734375,103.2734375,103.2734375,7.0
2025-05-26 04:50:00+00:00,103.2734375,103.2734375,103.2734375,103.2734375,4.0
2025-05-26 04:51:00+00:00,103.2734375,103.2734375,103.2734375,103.2734375,122.0
2025-05-26 04:52:00+00:00,103.2734375,103.2734375,103.2734375,103.2734375,48.0
2025-05-26 04:55:00+00:00,103.2734375,103.2734375,103.26953125,103.2734375,63.0
2025-05-26 04:57:00+00:00,103.2734375,103.2734375,103.2734375,103.2734375,56.0
2025-05-26 04:58:00+00:00,103.2734375,103.2734375,103.2734375,103.2734375,75.0
2025-05-26 05:01:00+00:00,103.26953125,103.26953125,103.26953125,103.26953125,207.0
2025-05-26 05:02:00+00:00,103.26953125,103.26953125,103.26953125,103.26953125,42.0
2025-05-26 05:07:00+00:00,103.26953125,103.26953125,103.26953125,103.26953125,43.0
2025-05-26 05:12:00+00:00,103.265625,103.26953125,103.265625,103.26953125,5.0
2025-05-26 05:13:00+00:00,103.26953125,103.26953125,103.265625,103.265625,6.0
2025-05-26 05:18:00+00:00,103.26953125,103.26953125,103.265625,103.265625,4.0
2025-05-26 05:19:00+00:00,103.26953125,103.26953125,103.265625,103.265625,227.0
2025-05-26 05:25:00+00:00,103.26953125,103.26953125,103.265625,103.265625,28.0
2025-05-26 05:27:00+00:00,103.26953125,103.26953125,103.26953125,103.26953125,176.0
2025-05-26 05:28:00+00:00,103.26953125,103.26953125,103.26953125,103.26953125,57.0
2025-05-26 05:29:00+00:00,103.26953125,103.26953125,103.26953125,103.26953125,8.0
2025-05-26 05:30:00+00:00,103.26953125,103.26953125,103.26953125,103.26953125,127.0
2025-05-26 05:31:00+00:00,103.26953125,103.26953125,103.26953125,103.26953125,33.0
2025-05-26 05:35:00+00:00,103.26953125,103.26953125,103.26953125,103.26953125,60.0
2025-05-26 05:37:00+00:00,103.26953125,103.26953125,103.26953125,103.26953125,18.0
2025-05-26 05:38:00+00:00,103.26953125,103.26953125,103.26953125,103.26953125,109.0
2025-05-26 05:40:00+00:00,103.26953125,103.26953125,103.26953125,103.26953125,104.0
2025-05-26 05:41:00+00:00,103.26953125,103.26953125,103.26953125,103.26953125,96.0
2025-05-26 05:45:00+00:00,103.2734375,103.2734375,103.2734375,103.2734375,68.0
2025-05-26 05:46:00+00:00,103.2734375,103.2734375,103.2734375,103.2734375,331.0
2025-05-26 05:47:00+00:00,103.265625,103.26953125,103.265625,103.26953125,379.0
2025-05-26 05:49:00+00:00,103.26953125,103.26953125,103.265625,103.26953125,195.0
2025-05-26 05:54:00+00:00,103.2734375,103.2734375,103.2734375,103.2734375,151.0
2025-05-26 05:56:00+00:00,103.27734375,103.27734375,103.27734375,103.27734375,71.0
2025-05-26 05:57:00+00:00,103.2734375,103.2734375,103.2734375,103.2734375,643.0
2025-05-26 05:58:00+00:00,103.27734375,103.27734375,103.27734375,103.27734375,37.0
2025-05-26 06:00:00+00:00,103.2734375,103.27734375,103.2734375,103.27734375,448.0
2025-05-26 06:01:00+00:00,103.2734375,103.27734375,103.2734375,103.2734375,75.0
2025-05-26 06:04:00+00:00,103.26953125,103.2734375,103.26953125,103.2734375,337.0
2025-05-26 06:09:00+00:00,103.2734375,103.2734375,103.2734375,103.2734375,159.0
2025-05-26 06:10:00+00:00,103.2734375,103.2734375,103.2734375,103.2734375,138.0
2025-05-26 06:11:00+00:00,103.26953125,103.26953125,103.26953125,103.26953125,146.0
2025-05-26 06:13:00+00:00,103.26953125,103.26953125,103.26953125,103.26953125,125.0
2025-05-26 06:15:00+00:00,103.2734375,103.2734375,103.26953125,103.26953125,3.0
2025-05-26 06:20:00+00:00,103.26953125,103.26953125,103.265625,103.265625,135.0
2025-05-26 06:22:00+00:00,103.26953125,103.26953125,103.26953125,103.26953125,73.0
2025-05-26 06:25:00+00:00,103.26953125,103.26953125,103.265625,103.265625,2.0
2025-05-26 06:26:00+00:00,103.2734375,103.2734375,103.265625,103.265625,796.0
2025-05-26 06:27:00+00:00,103.27734375,103.27734375,103.27734375,103.27734375,455.0
2025-05-26 06:28:00+00:00,103.27734375,103.27734375,103.27734375,103.27734375,21.0
2025-05-26 06:30:00+00:00,103.27734375,103.28125,103.2734375,103.28125,617.0
2025-05-26 06:31:00+00:00,103.27734375,103.27734375,103.2734375,103.2734375,190.0
2025-05-26 06:33:00+00:00,103.27734375,103.27734375,103.27734375,103.27734375,133.0
2025-05-26 06:34:00+00:00,103.27734375,103.27734375,103.27734375,103.27734375,38.0
2025-05-26 06:36:00+00:00,103.2734375,103.2734375,103.2734375,103.2734375,13.0
2025-05-26 06:37:00+00:00,103.27734375,103.27734375,103.2734375,103.2734375,4.0
2025-05-26 06:40:00+00:00,103.2734375,103.2734375,103.2734375,103.2734375,28.0
2025-05-26 06:43:00+00:00,103.2734375,103.27734375,103.2734375,103.27734375,156.0
2025-05-26 06:44:00+00:00,103.28125,103.28125,103.27734375,103.27734375,51.0
2025-05-26 06:45:00+00:00,103.27734375,103.27734375,103.2734375,103.27734375,118.0
2025-05-26 06:46:00+00:00,103.27734375,103.28125,103.27734375,103.27734375,4145.0
2025-05-26 06:47:00+00:00,103.2734375,103.28125,103.2734375,103.27734375,201.0
2025-05-26 06:49:00+00:00,103.27734375,103.27734375,103.27734375,103.27734375,74.0
2025-05-26 06:52:00+00:00,103.27734375,103.27734375,103.27734375,103.27734375,221.0
2025-05-26 06:53:00+00:00,103.27734375,103.28125,103.27734375,103.28125,97.0
2025-05-26 06:55:00+00:00,103.27734375,103.27734375,103.27734375,103.27734375,113.0
2025-05-26 06:56:00+00:00,103.27734375,103.27734375,103.27734375,103.27734375,356.0
2025-05-26 06:57:00+00:00,103.27734375,103.27734375,103.27734375,103.27734375,53.0
2025-05-26 06:58:00+00:00,103.28125,103.28125,103.27734375,103.27734375,218.0
2025-05-26 07:00:00+00:00,103.28125,103.28125,103.28125,103.28125,385.0
2025-05-26 07:02:00+00:00,103.28515625,103.28515625,103.28515625,103.28515625,21.0
2025-05-26 07:03:00+00:00,103.28125,103.28515625,103.28125,103.28515625,300.0
2025-05-26 07:04:00+00:00,103.28125,103.28125,103.28125,103.28125,177.0
2025-05-26 07:05:00+00:00,103.28515625,103.28515625,103.28515625,103.28515625,94.0
2025-05-26 07:06:00+00:00,103.28515625,103.28515625,103.28125,103.28125,207.0
2025-05-26 07:07:00+00:00,103.28515625,103.28515625,103.28515625,103.28515625,144.0
2025-05-26 07:08:00+00:00,103.28125,103.28515625,103.28125,103.28515625,221.0
2025-05-26 07:09:00+00:00,103.28515625,103.28515625,103.28125,103.28125,43.0
2025-05-26 07:10:00+00:00,103.28125,103.28515625,103.28125,103.28515625,38.0
2025-05-26 07:11:00+00:00,103.28515625,103.28515625,103.28125,103.28125,130.0
2025-05-26 07:12:00+00:00,103.28515625,103.28515625,103.28515625,103.28515625,163.0
2025-05-26 07:13:00+00:00,103.2890625,103.2890625,103.2890625,103.2890625,5719.0
2025-05-26 07:14:00+00:00,103.2890625,103.2890625,103.2890625,103.2890625,2001.0
2025-05-26 07:15:00+00:00,103.2890625,103.29296875,103.2890625,103.2890625,5525.0
2025-05-26 07:16:00+00:00,103.29296875,103.29296875,103.29296875,103.29296875,146.0
2025-05-26 07:17:00+00:00,103.29296875,103.29296875,103.2890625,103.29296875,1861.0
2025-05-26 07:18:00+00:00,103.29296875,103.29296875,103.29296875,103.29296875,102.0
2025-05-26 07:19:00+00:00,103.29296875,103.29296875,103.29296875,103.29296875,715.0
2025-05-26 07:21:00+00:00,103.29296875,103.29296875,103.29296875,103.29296875,661.0
2025-05-26 07:23:00+00:00,103.2890625,103.2890625,103.2890625,103.2890625,424.0
2025-05-26 07:24:00+00:00,103.2890625,103.29296875,103.2890625,103.29296875,173.0
2025-05-26 07:26:00+00:00,103.2890625,103.2890625,103.2890625,103.2890625,87.0
2025-05-26 07:29:00+00:00,103.28515625,103.28515625,103.28515625,103.28515625,166.0
2025-05-26 07:30:00+00:00,103.28515625,103.2890625,103.28515625,103.2890625,106.0
2025-05-26 07:31:00+00:00,103.2890625,103.2890625,103.28515625,103.28515625,55.0
2025-05-26 07:32:00+00:00,103.28125,103.28515625,103.28125,103.28515625,316.0
2025-05-26 07:33:00+00:00,103.28515625,103.28515625,103.28515625,103.28515625,110.0
2025-05-26 07:35:00+00:00,103.28515625,103.28515625,103.28515625,103.28515625,174.0
2025-05-26 07:38:00+00:00,103.28515625,103.28515625,103.28515625,103.28515625,83.0
2025-05-26 07:41:00+00:00,103.28515625,103.28515625,103.28515625,103.28515625,855.0
2025-05-26 07:42:00+00:00,103.28515625,103.28515625,103.28125,103.28125,258.0
2025-05-26 07:43:00+00:00,103.28515625,103.28515625,103.28515625,103.28515625,3.0
2025-05-26 07:46:00+00:00,103.28515625,103.28515625,103.28515625,103.28515625,16.0
2025-05-26 07:49:00+00:00,103.28125,103.28125,103.28125,103.28125,108.0
2025-05-26 07:50:00+00:00,103.28515625,103.28515625,103.28515625,103.28515625,11.0
2025-05-26 07:51:00+00:00,103.28125,103.28125,103.28125,103.28125,249.0
2025-05-26 07:54:00+00:00,103.28125,103.28125,103.28125,103.28125,67.0
2025-05-26 07:55:00+00:00,103.28125,103.28125,103.28125,103.28125,136.0
2025-05-26 07:56:00+00:00,103.28515625,103.28515625,103.28515625,103.28515625,195.0
2025-05-26 07:58:00+00:00,103.28515625,103.28515625,103.28125,103.28125,12.0
2025-05-26 07:59:00+00:00,103.28125,103.28125,103.28125,103.28125,242.0
2025-05-26 08:01:00+00:00,103.28125,103.28125,103.27734375,103.28125,282.0
2025-05-26 08:02:00+00:00,103.28125,103.28125,103.28125,103.28125,18.0
2025-05-26 08:04:00+00:00,103.28125,103.28125,103.28125,103.28125,189.0
2025-05-26 08:05:00+00:00,103.28125,103.28125,103.28125,103.28125,72.0
2025-05-26 08:06:00+00:00,103.28125,103.28125,103.28125,103.28125,45.0
2025-05-26 08:08:00+00:00,103.28125,103.28125,103.28125,103.28125,15.0
2025-05-26 08:09:00+00:00,103.28125,103.28125,103.28125,103.28125,6.0
2025-05-26 08:14:00+00:00,103.27734375,103.27734375,103.2734375,103.27734375,4732.0
2025-05-26 08:30:00+00:00,103.27734375,103.28125,103.2770004272461,103.2770004272461,658.0
2025-05-26 08:31:00+00:00,103.28125,103.28125,103.28125,103.28125,89.0
2025-05-26 08:34:00+00:00,103.28125,103.28125,103.28125,103.28125,5.0
2025-05-26 08:35:00+00:00,103.28125,103.28125,103.27734375,103.27734375,42.0
2025-05-26 08:38:00+00:00,103.28125,103.28515625,103.28125,103.28125,329.0
2025-05-26 08:39:00+00:00,103.28515625,103.28515625,103.28515625,103.28515625,588.0
2025-05-26 08:40:00+00:00,103.28515625,103.28515625,103.28515625,103.28515625,6.0
2025-05-26 08:42:00+00:00,103.28515625,103.2890625,103.28515625,103.2890625,14.0
2025-05-26 08:43:00+00:00,103.2890625,103.2890625,103.2890625,103.2890625,93.0
2025-05-26 08:44:00+00:00,103.2890625,103.29296875,103.2890625,103.2890625,80.0
2025-05-26 08:47:00+00:00,103.29296875,103.296875,103.29296875,103.29296875,151.0
2025-05-26 08:48:00+00:00,103.29296875,103.29296875,103.29296875,103.29296875,55.0
2025-05-26 08:49:00+00:00,103.29296875,103.29296875,103.29296875,103.29296875,159.0
2025-05-26 08:50:00+00:00,103.2890625,103.2890625,103.2890625,103.2890625,79.0
2025-05-26 08:57:00+00:00,103.29296875,103.29296875,103.29296875,103.29296875,171.0
2025-05-26 08:58:00+00:00,103.29296875,103.29296875,103.29296875,103.29296875,31.0
2025-05-26 08:59:00+00:00,103.29296875,103.29296875,103.29296875,103.29296875,32.0
2025-05-26 09:02:00+00:00,103.29296875,103.29296875,103.2890625,103.29296875,294.0
2025-05-26 09:04:00+00:00,103.2890625,103.2890625,103.2890625,103.2890625,7748.0
2025-05-26 09:09:00+00:00,103.2890625,103.2890625,103.2890625,103.2890625,13.0
2025-05-26 09:12:00+00:00,103.2890625,103.2890625,103.2890625,103.2890625,721.0
2025-05-26 09:13:00+00:00,103.2890625,103.2890625,103.2890625,103.2890625,265.0
2025-05-26 09:14:00+00:00,103.2890625,103.2890625,103.2890625,103.2890625,4962.0
2025-05-26 09:15:00+00:00,103.2890625,103.2890625,103.2890625,103.2890625,460.0
2025-05-26 09:17:00+00:00,103.2890625,103.2890625,103.2890625,103.2890625,1456.0
2025-05-26 09:18:00+00:00,103.2890625,103.2890625,103.2890625,103.2890625,1110.0
2025-05-26 09:21:00+00:00,103.2890625,103.2890625,103.2890625,103.2890625,53.0
2025-05-26 09:22:00+00:00,103.2890625,103.2890625,103.2890625,103.2890625,151.0
2025-05-26 09:23:00+00:00,103.2890625,103.2890625,103.2890625,103.2890625,20.0
2025-05-26 09:24:00+00:00,103.2890625,103.2890625,103.2890625,103.2890625,78.0
2025-05-26 09:25:00+00:00,103.29296875,103.29296875,103.2890625,103.2890625,73.0
2025-05-26 09:28:00+00:00,103.29296875,103.29296875,103.29296875,103.29296875,17.0
2025-05-26 09:29:00+00:00,103.296875,103.296875,103.29296875,103.29296875,333.0
2025-05-26 09:30:00+00:00,103.29296875,103.296875,103.29296875,103.296875,106.0
2025-05-26 09:31:00+00:00,103.29296875,103.29296875,103.29296875,103.29296875,71.0
2025-05-26 09:32:00+00:00,103.296875,103.296875,103.296875,103.296875,349.0
2025-05-26 09:33:00+00:00,103.29296875,103.296875,103.29296875,103.296875,473.0
2025-05-26 09:36:00+00:00,103.29296875,103.296875,103.29296875,103.29296875,3.0
2025-05-26 09:39:00+00:00,103.296875,103.296875,103.296875,103.296875,41.0
2025-05-26 09:40:00+00:00,103.29296875,103.296875,103.29296875,103.296875,6.0
2025-05-26 09:42:00+00:00,103.2890625,103.29296875,103.2890625,103.29296875,223.0
2025-05-26 09:43:00+00:00,103.29296875,103.29296875,103.2890625,103.2890625,39.0
2025-05-26 09:46:00+00:00,103.29296875,103.29296875,103.29296875,103.29296875,23.0
2025-05-26 09:49:00+00:00,103.29296875,103.29296875,103.29296875,103.29296875,48.0
2025-05-26 09:50:00+00:00,103.29296875,103.29296875,103.2890625,103.2890625,2.0
2025-05-26 09:51:00+00:00,103.2890625,103.2890625,103.2890625,103.2890625,2301.0
2025-05-26 09:55:00+00:00,103.29296875,103.29296875,103.2890625,103.2890625,90.0
2025-05-26 09:56:00+00:00,103.29296875,103.29296875,103.29296875,103.29296875,8.0
2025-05-26 09:58:00+00:00,103.29296875,103.29296875,103.29296875,103.29296875,44.0
2025-05-26 09:59:00+00:00,103.29296875,103.29296875,103.29296875,103.29296875,247.0
2025-05-26 10:04:00+00:00,103.29296875,103.296875,103.29296875,103.29296875,13.0
2025-05-26 10:05:00+00:00,103.29296875,103.296875,103.29296875,103.29296875,75.0
2025-05-26 10:12:00+00:00,103.29296875,103.29296875,103.29296875,103.29296875,14.0
2025-05-26 10:14:00+00:00,103.29296875,103.29299926757812,103.29296875,103.29296875,431.0
2025-05-26 10:15:00+00:00,103.296875,103.296875,103.29296875,103.29296875,265.0
2025-05-26 10:17:00+00:00,103.29296875,103.29296875,103.29296875,103.29296875,7.0
2025-05-26 10:21:00+00:00,103.2890625,103.296875,103.2890625,103.29296875,1162.0
2025-05-26 10:22:00+00:00,103.29296875,103.29296875,103.29296875,103.29296875,34.0
2025-05-26 10:23:00+00:00,103.29296875,103.29296875,103.29296875,103.29296875,29.0
2025-05-26 10:24:00+00:00,103.2890625,103.29296875,103.2890625,103.2890625,14.0
2025-05-26 10:29:00+00:00,103.2890625,103.2890625,103.2890625,103.2890625,6.0
2025-05-26 10:30:00+00:00,103.2890625,103.29296875,103.2890625,103.2890625,57.0
2025-05-26 10:32:00+00:00,103.2890625,103.29296875,103.2890625,103.2890625,107.0
2025-05-26 10:33:00+00:00,103.29296875,103.29296875,103.2890625,103.29296875,192.0
2025-05-26 10:34:00+00:00,103.2890625,103.29296875,103.2890625,103.2890625,70.0
2025-05-26 10:35:00+00:00,103.2890625,103.29296875,103.2890625,103.2890625,449.0
2025-05-26 10:36:00+00:00,103.2890625,103.29296875,103.2890625,103.2890625,526.0
2025-05-26 10:37:00+00:00,103.29296875,103.29296875,103.2890625,103.2890625,604.0
2025-05-26 10:38:00+00:00,103.29296875,103.29296875,103.2890625,103.2890625,209.0
2025-05-26 10:44:00+00:00,103.2890625,103.2890625,103.2890625,103.2890625,40.0
2025-05-26 10:45:00+00:00,103.2890625,103.29296875,103.2890625,103.29296875,38.0
2025-05-26 10:49:00+00:00,103.2890625,103.2890625,103.2890625,103.2890625,192.0
2025-05-26 10:50:00+00:00,103.2890625,103.29296875,103.2890625,103.29296875,177.0
2025-05-26 10:51:00+00:00,103.2890625,103.2890625,103.2890625,103.2890625,7.0
2025-05-26 10:52:00+00:00,103.2890625,103.29296875,103.2890625,103.2890625,11.0
2025-05-26 10:53:00+00:00,103.2890625,103.2890625,103.2890625,103.2890625,28.0
2025-05-26 11:00:00+00:00,103.2890625,103.2890625,103.2890625,103.2890625,8.0
2025-05-26 11:13:00+00:00,103.2890625,103.2890625,103.2890625,103.2890625,302.0
2025-05-26 11:17:00+00:00,103.2890625,103.2890625,103.2890625,103.2890625,122.0
2025-05-26 11:25:00+00:00,103.29296875,103.29296875,103.2890625,103.2890625,128.0
2025-05-26 11:26:00+00:00,103.29296875,103.29296875,103.29296875,103.29296875,266.0
2025-05-26 11:32:00+00:00,103.2890625,103.2890625,103.2890625,103.2890625,241.0
2025-05-26 11:33:00+00:00,103.29296875,103.29296875,103.2890625,103.2890625,306.0
2025-05-26 11:37:00+00:00,103.2890625,103.2890625,103.2890625,103.2890625,77.0
2025-05-26 11:40:00+00:00,103.2890625,103.2890625,103.2890625,103.2890625,38.0
2025-05-26 11:46:00+00:00,103.29296875,103.29296875,103.29296875,103.29296875,9.0
2025-05-26 11:51:00+00:00,103.2890625,103.29296875,103.2890625,103.2890625,311.0
2025-05-26 11:52:00+00:00,103.2890625,103.29296875,103.2890625,103.29296875,305.0
2025-05-26 11:58:00+00:00,103.29296875,103.29296875,103.29296875,103.29296875,12.0
2025-05-26 12:00:00+00:00,103.29296875,103.29296875,103.29296875,103.29296875,610.0
2025-05-26 12:02:00+00:00,103.29296875,103.29296875,103.29296875,103.29296875,205.0
2025-05-26 12:04:00+00:00,103.296875,103.296875,103.296875,103.296875,1457.0
2025-05-26 12:05:00+00:00,103.296875,103.296875,103.29296875,103.29296875,206.0
2025-05-26 12:06:00+00:00,103.296875,103.296875,103.296875,103.296875,12586.0
2025-05-26 12:10:00+00:00,103.30078125,103.30078125,103.30078125,103.30078125,10.0
2025-05-26 12:13:00+00:00,103.296875,103.296875,103.296875,103.296875,127.0
2025-05-26 12:14:00+00:00,103.296875,103.30078125,103.296875,103.30078125,467.0
2025-05-26 12:17:00+00:00,103.296875,103.296875,103.296875,103.296875,163.0
2025-05-26 12:20:00+00:00,103.296875,103.296875,103.296875,103.296875,39.0
2025-05-26 12:21:00+00:00,103.29296875,103.29296875,103.29296875,103.29296875,222.0
2025-05-26 12:22:00+00:00,103.29296875,103.296875,103.29296875,103.296875,13.0
2025-05-26 12:23:00+00:00,103.29296875,103.296875,103.29296875,103.29296875,551.0
2025-05-26 12:24:00+00:00,103.29296875,103.29296875,103.29296875,103.29296875,79.0
2025-05-26 12:25:00+00:00,103.29296875,103.296875,103.29296875,103.29296875,41.0
2025-05-26 12:26:00+00:00,103.296875,103.296875,103.29296875,103.29296875,25.0
2025-05-26 12:27:00+00:00,103.2890625,103.29296875,103.2890625,103.29296875,333.0
2025-05-26 12:30:00+00:00,103.29296875,103.29296875,103.2890625,103.2890625,488.0
2025-05-26 12:31:00+00:00,103.296875,103.296875,103.29296875,103.29296875,1354.0
2025-05-26 12:32:00+00:00,103.29296875,103.29296875,103.29296875,103.29296875,172.0
2025-05-26 12:33:00+00:00,103.29296875,103.29296875,103.2890625,103.2890625,98.0
2025-05-26 12:40:00+00:00,103.29296875,103.296875,103.29296875,103.296875,4.0
2025-05-26 12:41:00+00:00,103.296875,103.296875,103.29296875,103.29296875,142.0
2025-05-26 12:42:00+00:00,103.296875,103.296875,103.29296875,103.296875,113.0
2025-05-26 12:43:00+00:00,103.29296875,103.296875,103.29296875,103.296875,20.0
2025-05-26 12:44:00+00:00,103.29296875,103.296875,103.29296875,103.29296875,7636.0
2025-05-26 12:46:00+00:00,103.296875,103.296875,103.296875,103.296875,1410.0
2025-05-26 12:48:00+00:00,103.296875,103.296875,103.296875,103.296875,164.0
2025-05-26 12:50:00+00:00,103.296875,103.296875,103.296875,103.296875,40.0
2025-05-26 12:51:00+00:00,103.296875,103.296875,103.296875,103.296875,321.0
2025-05-26 12:55:00+00:00,103.30078125,103.30078125,103.30078125,103.30078125,251.0
2025-05-26 12:57:00+00:00,103.30078125,103.30078125,103.30078125,103.30078125,266.0
2025-05-26 12:58:00+00:00,103.30078125,103.30078125,103.30078125,103.30078125,63.0
2025-05-26 13:02:00+00:00,103.30078125,103.30078125,103.30078125,103.30078125,770.0
2025-05-26 13:06:00+00:00,103.3046875,103.3046875,103.30078125,103.30078125,785.0
2025-05-26 13:09:00+00:00,103.30078125,103.3046875,103.30078125,103.3046875,5256.0
2025-05-26 13:11:00+00:00,103.3046875,103.3046875,103.3046875,103.3046875,293.0
2025-05-26 13:14:00+00:00,103.3046875,103.3046875,103.3046875,103.3046875,11.0
2025-05-26 13:15:00+00:00,103.3046875,103.3046875,103.3046875,103.3046875,195.0
2025-05-26 13:19:00+00:00,103.3046875,103.3046875,103.3046875,103.3046875,1.0
2025-05-26 13:20:00+00:00,103.3046875,103.3046875,103.3046875,103.3046875,149.0
2025-05-26 13:28:00+00:00,103.30078125,103.30078125,103.30078125,103.30078125,225.0
2025-05-26 13:31:00+00:00,103.30078125,103.30078125,103.30078125,103.30078125,3.0
2025-05-26 13:32:00+00:00,103.30078125,103.30078125,103.30078125,103.30078125,185.0
2025-05-26 13:34:00+00:00,103.30078125,103.30078125,103.30078125,103.30078125,36.0
2025-05-26 13:36:00+00:00,103.30078125,103.30078125,103.30078125,103.30078125,215.0
2025-05-26 13:40:00+00:00,103.30078125,103.3046875,103.30078125,103.3046875,510.0
2025-05-26 13:42:00+00:00,103.296875,103.30078125,103.296875,103.30078125,274.0
2025-05-26 13:49:00+00:00,103.30078125,103.30078125,103.30078125,103.30078125,8.0
2025-05-26 13:50:00+00:00,103.296875,103.296875,103.296875,103.296875,272.0
2025-05-26 13:55:00+00:00,103.296875,103.30078125,103.296875,103.30078125,283.0
2025-05-26 13:56:00+00:00,103.296875,103.30078125,103.296875,103.30078125,2593.0
2025-05-26 14:00:00+00:00,103.296875,103.30078125,103.296875,103.30078125,61.0
2025-05-26 14:05:00+00:00,103.296875,103.30078125,103.296875,103.30078125,19.0
2025-05-26 14:06:00+00:00,103.3046875,103.3046875,103.30078125,103.30078125,900.0
2025-05-26 14:12:00+00:00,103.3046875,103.3046875,103.3046875,103.3046875,31.0
2025-05-26 14:15:00+00:00,103.3046875,103.3046875,103.3046875,103.3046875,243.0
2025-05-26 14:16:00+00:00,103.3046875,103.3046875,103.3046875,103.3046875,34.0
2025-05-26 14:20:00+00:00,103.3046875,103.3046875,103.3046875,103.3046875,17.0
2025-05-26 14:22:00+00:00,103.30859375,103.30859375,103.3046875,103.3046875,60.0
2025-05-26 14:23:00+00:00,103.30859375,103.30859375,103.30859375,103.30859375,42.0
2025-05-26 14:24:00+00:00,103.3046875,103.3046875,103.3046875,103.3046875,28.0
2025-05-26 14:26:00+00:00,103.30859375,103.30859375,103.30859375,103.30859375,31.0
2025-05-26 14:28:00+00:00,103.3046875,103.3046875,103.3046875,103.3046875,19.0
2025-05-26 14:31:00+00:00,103.3046875,103.3046875,103.3046875,103.3046875,22.0
2025-05-26 14:32:00+00:00,103.3046875,103.30859375,103.3046875,103.3046875,30.0
2025-05-26 14:36:00+00:00,103.3046875,103.3046875,103.3046875,103.3046875,27.0
2025-05-26 14:39:00+00:00,103.30859375,103.30859375,103.30859375,103.30859375,373.0
2025-05-26 14:40:00+00:00,103.30859375,103.30859375,103.30859375,103.30859375,98.0
2025-05-26 14:42:00+00:00,103.30859375,103.3125,103.30859375,103.3125,12.0
2025-05-26 14:43:00+00:00,103.30859375,103.30859375,103.30859375,103.30859375,105.0
2025-05-26 14:46:00+00:00,103.30859375,103.30859375,103.30859375,103.30859375,224.0
2025-05-26 14:49:00+00:00,103.30859375,103.30859375,103.30859375,103.30859375,289.0
2025-05-26 14:50:00+00:00,103.3046875,103.3046875,103.3046875,103.3046875,13.0
2025-05-26 14:51:00+00:00,103.3046875,103.30859375,103.3046875,103.30859375,18.0
2025-05-26 14:53:00+00:00,103.3046875,103.3046875,103.3046875,103.3046875,21.0
2025-05-26 14:54:00+00:00,103.30859375,103.30859375,103.30859375,103.30859375,3.0
2025-05-26 14:55:00+00:00,103.3046875,103.3046875,103.3046875,103.3046875,323.0
2025-05-26 14:56:00+00:00,103.30078125,103.3046875,103.30078125,103.3046875,16.0
2025-05-26 14:57:00+00:00,103.3046875,103.3046875,103.3046875,103.3046875,706.0
2025-05-26 15:02:00+00:00,103.30078125,103.3046875,103.30078125,103.3046875,14.0
2025-05-26 15:03:00+00:00,103.3046875,103.3046875,103.30078125,103.30078125,16.0
2025-05-26 15:04:00+00:00,103.3046875,103.3046875,103.3046875,103.3046875,35.0
2025-05-26 15:05:00+00:00,103.30078125,103.3046875,103.30078125,103.3046875,100.0
2025-05-26 15:06:00+00:00,103.30078125,103.30078125,103.30078125,103.30078125,1212.0
2025-05-26 15:13:00+00:00,103.30078125,103.30078125,103.30078125,103.30078125,4.0
2025-05-26 15:16:00+00:00,103.30078125,103.3046875,103.30078125,103.3046875,140.0
2025-05-26 15:24:00+00:00,103.3046875,103.3046875,103.3046875,103.3046875,15.0
2025-05-26 15:26:00+00:00,103.30078125,103.30078125,103.30078125,103.30078125,18.0
2025-05-26 15:27:00+00:00,103.3046875,103.3046875,103.30078125,103.30078125,15.0
2025-05-26 15:30:00+00:00,103.3046875,103.3046875,103.30078125,103.30078125,562.0
2025-05-26 15:32:00+00:00,103.30078125,103.3046875,103.30078125,103.3046875,77.0
2025-05-26 15:35:00+00:00,103.30078125,103.3046875,103.30078125,103.3046875,18.0
2025-05-26 15:37:00+00:00,103.3046875,103.3046875,103.3046875,103.3046875,12.0
2025-05-26 15:39:00+00:00,103.30078125,103.3046875,103.30078125,103.3046875,17.0
2025-05-26 15:48:00+00:00,103.30078125,103.30078125,103.30078125,103.30078125,14.0
2025-05-26 15:50:00+00:00,103.3046875,103.3046875,103.3046875,103.3046875,3.0
2025-05-26 15:52:00+00:00,103.30078125,103.30078125,103.30078125,103.30078125,23.0
2025-05-26 15:56:00+00:00,103.3046875,103.3046875,103.30078125,103.30078125,32.0
2025-05-26 15:57:00+00:00,103.30078125,103.3046875,103.30078125,103.3046875,25.0
2025-05-26 16:02:00+00:00,103.30078125,103.30078125,103.30078125,103.30078125,19.0
2025-05-26 16:08:00+00:00,103.3046875,103.3046875,103.30078125,103.30078125,287.0
2025-05-26 16:13:00+00:00,103.3046875,103.3046875,103.3046875,103.3046875,105.0
2025-05-26 16:20:00+00:00,103.3046875,103.3046875,103.3046875,103.3046875,5.0
2025-05-26 16:21:00+00:00,103.3046875,103.3046875,103.30078125,103.3046875,6.0
2025-05-26 16:22:00+00:00,103.3046875,103.3046875,103.3046875,103.3046875,14.0
2025-05-26 16:26:00+00:00,103.30078125,103.3046875,103.30078125,103.3046875,31.0
2025-05-26 16:30:00+00:00,103.30078125,103.30078125,103.30078125,103.30078125,1269.0
2025-05-26 16:33:00+00:00,103.3046875,103.3046875,103.3046875,103.3046875,10.0
2025-05-26 16:34:00+00:00,103.30078125,103.3046875,103.30078125,103.3046875,4.0
2025-05-26 16:37:00+00:00,103.30078125,103.30078125,103.30078125,103.30078125,25.0
2025-05-26 16:44:00+00:00,103.3046875,103.3046875,103.30078125,103.30078125,3.0
2025-05-26 16:47:00+00:00,103.30859375,103.30859375,103.3046875,103.3046875,500.0
2025-05-26 16:48:00+00:00,103.30859375,103.30859375,103.30859375,103.30859375,21.0
2025-05-26 16:49:00+00:00,103.30859375,103.30859375,103.30859375,103.30859375,52.0
2025-05-26 16:53:00+00:00,103.30859375,103.30859375,103.30859375,103.30859375,10.0
2025-05-26 16:55:00+00:00,103.3125,103.3125,103.30859375,103.30859375,5.0
2025-05-26 16:56:00+00:00,103.30859375,103.30859375,103.30859375,103.30859375,913.0
2025-05-26 16:59:00+00:00,103.30859375,103.3125,103.3046875,103.30859375,3683.0
2025-05-26 22:00:00+00:00,103.30859375,103.3125,103.3046875,103.30859375,539.0
2025-05-26 22:01:00+00:00,103.3046875,103.30859375,103.3046875,103.30859375,19.0
2025-05-26 22:02:00+00:00,103.30859375,103.30859375,103.30859375,103.30859375,89.0
2025-05-26 22:04:00+00:00,103.30859375,103.30859375,103.30859375,103.30859375,5.0
2025-05-26 22:05:00+00:00,103.3125,103.3125,103.3125,103.3125,33.0
2025-05-26 22:14:00+00:00,103.3125,103.3125,103.3125,103.3125,1972.0
2025-05-26 22:22:00+00:00,103.30859375,103.30859375,103.30859375,103.30859375,190.0
2025-05-26 22:28:00+00:00,103.3046875,103.30859375,103.3046875,103.30859375,100.0
2025-05-26 22:29:00+00:00,103.3046875,103.3046875,103.3046875,103.3046875,9.0
2025-05-26 22:32:00+00:00,103.3046875,103.3046875,103.3046875,103.3046875,45.0
2025-05-26 22:39:00+00:00,103.3046875,103.3046875,103.3046875,103.3046875,20.0
2025-05-26 22:42:00+00:00,103.30859375,103.30859375,103.30859375,103.30859375,66.0
2025-05-26 22:43:00+00:00,103.3125,103.3125,103.3125,103.3125,147.0
2025-05-26 23:02:00+00:00,103.3046875,103.30859375,103.3046875,103.30859375,48.0
2025-05-26 23:05:00+00:00,103.3046875,103.3046875,103.3046875,103.3046875,286.0
2025-05-26 23:06:00+00:00,103.30859375,103.30859375,103.30859375,103.30859375,14.0
2025-05-26 23:07:00+00:00,103.3046875,103.3046875,103.3046875,103.3046875,121.0
2025-05-26 23:17:00+00:00,103.3046875,103.3046875,103.3046875,103.3046875,115.0
2025-05-26 23:24:00+00:00,103.3046875,103.3046875,103.30078125,103.30078125,38.0
2025-05-26 23:30:00+00:00,103.30078125,103.30078125,103.30078125,103.30078125,224.0
2025-05-26 23:32:00+00:00,103.3046875,103.3046875,103.3046875,103.3046875,251.0
2025-05-26 23:33:00+00:00,103.30859375,103.30859375,103.3046875,103.3046875,38.0
2025-05-26 23:37:00+00:00,103.30859375,103.3125,103.30859375,103.30859375,157.0
2025-05-26 23:38:00+00:00,103.3046875,103.30859375,103.3046875,103.30859375,4479.0
2025-05-26 23:40:00+00:00,103.30859375,103.30859375,103.30859375,103.30859375,235.0
2025-05-26 23:42:00+00:00,103.3125,103.3125,103.3125,103.3125,51.0
2025-05-26 23:43:00+00:00,103.3125,103.3125,103.3125,103.3125,29.0
2025-05-26 23:44:00+00:00,103.30859375,103.30859375,103.3046875,103.30859375,417.0
2025-05-26 23:49:00+00:00,103.3125,103.3125,103.3125,103.3125,3.0
2025-05-26 23:50:00+00:00,103.3125,103.3125,103.30859375,103.30859375,114.0
2025-05-27 00:02:00+00:00,103.30859375,103.30859375,103.30859375,103.30859375,2753.0
2025-05-27 00:03:00+00:00,103.30859375,103.30859375,103.30859375,103.30859375,386.0
2025-05-27 00:05:00+00:00,103.30859375,103.30859375,103.30859375,103.30859375,15.0
2025-05-27 00:06:00+00:00,103.3046875,103.30859375,103.3046875,103.30859375,453.0
2025-05-27 00:07:00+00:00,103.3125,103.3125,103.30859375,103.30859375,530.0
2025-05-27 00:08:00+00:00,103.3125,103.31640625,103.3125,103.31640625,437.0
2025-05-27 00:09:00+00:00,103.31640625,103.3203125,103.3125,103.3125,730.0
2025-05-27 00:10:00+00:00,103.3203125,103.3203125,103.3203125,103.3203125,113.0
2025-05-27 00:11:00+00:00,103.32421875,103.32421875,103.3203125,103.3203125,223.0
2025-05-27 00:12:00+00:00,103.32421875,103.328125,103.32421875,103.328125,324.0
2025-05-27 00:14:00+00:00,103.3203125,103.3203125,103.3203125,103.3203125,17.0
2025-05-27 00:15:00+00:00,103.31640625,103.3203125,103.31640625,103.3203125,63.0
2025-05-27 00:16:00+00:00,103.31640625,103.31640625,103.31640625,103.31640625,204.0
2025-05-27 00:17:00+00:00,103.31640625,103.31640625,103.31640625,103.31640625,64.0
2025-05-27 00:18:00+00:00,103.3125,103.31640625,103.3125,103.3125,822.0
2025-05-27 00:19:00+00:00,103.3125,103.31640625,103.3125,103.31640625,765.0
2025-05-27 00:20:00+00:00,103.31640625,103.31640625,103.31640625,103.31640625,57.0
2025-05-27 00:23:00+00:00,103.3203125,103.32421875,103.3203125,103.32421875,610.0
2025-05-27 00:27:00+00:00,103.3203125,103.3203125,103.3203125,103.3203125,54.0
2025-05-27 00:28:00+00:00,103.3203125,103.3203125,103.3203125,103.3203125,38.0
2025-05-27 00:29:00+00:00,103.3203125,103.3203125,103.3203125,103.3203125,80.0
2025-05-27 00:30:00+00:00,103.31640625,103.3203125,103.31640625,103.3203125,310.0
2025-05-27 00:31:00+00:00,103.3125,103.31640625,103.3125,103.31640625,265.0
2025-05-27 00:32:00+00:00,103.3125,103.3125,103.3125,103.3125,99.0
2025-05-27 00:34:00+00:00,103.3125,103.31640625,103.3125,103.3125,194.0
2025-05-27 00:35:00+00:00,103.3125,103.3125,103.3125,103.3125,222.0
2025-05-27 00:36:00+00:00,103.3125,103.3125,103.3125,103.3125,68.0
2025-05-27 00:38:00+00:00,103.30859375,103.3125,103.30859375,103.3125,175.0
2025-05-27 00:39:00+00:00,103.30859375,103.30859375,103.30859375,103.30859375,117.0
2025-05-27 00:40:00+00:00,103.30859375,103.30859375,103.30859375,103.30859375,72.0
2025-05-27 00:41:00+00:00,103.30859375,103.30859375,103.30859375,103.30859375,811.0
2025-05-27 00:42:00+00:00,103.30859375,103.30859375,103.30859375,103.30859375,149.0
2025-05-27 00:44:00+00:00,103.3125,103.3125,103.3125,103.3125,37.0
2025-05-27 00:46:00+00:00,103.30859375,103.30859375,103.30859375,103.30859375,825.0
2025-05-27 00:47:00+00:00,103.3125,103.3125,103.30859375,103.30859375,26.0
2025-05-27 00:48:00+00:00,103.30859375,103.30859375,103.30859375,103.30859375,2376.0
2025-05-27 00:49:00+00:00,103.3046875,103.3046875,103.3046875,103.3046875,116.0
2025-05-27 00:50:00+00:00,103.3046875,103.3046875,103.3046875,103.3046875,159.0
2025-05-27 00:51:00+00:00,103.3046875,103.30859375,103.3046875,103.30859375,47.0
2025-05-27 00:53:00+00:00,103.30078125,103.3046875,103.30078125,103.3046875,2158.0
2025-05-27 00:55:00+00:00,103.30078125,103.30078125,103.30078125,103.30078125,200.0
2025-05-27 00:56:00+00:00,103.30078125,103.3046875,103.30078125,103.3046875,403.0
2025-05-27 00:57:00+00:00,103.30078125,103.30078125,103.30078125,103.30078125,61.0
2025-05-27 01:01:00+00:00,103.3046875,103.3046875,103.30078125,103.30078125,360.0
2025-05-27 01:02:00+00:00,103.30859375,103.30859375,103.3046875,103.3046875,261.0
2025-05-27 01:03:00+00:00,103.30859375,103.30859375,103.30859375,103.30859375,9.0
2025-05-27 01:04:00+00:00,103.3125,103.3125,103.30859375,103.30859375,314.0
2025-05-27 01:05:00+00:00,103.3125,103.3125,103.3125,103.3125,38.0
2025-05-27 01:06:00+00:00,103.3125,103.3125,103.30859375,103.30859375,190.0
2025-05-27 01:07:00+00:00,103.3125,103.3125,103.3125,103.3125,285.0
2025-05-27 01:09:00+00:00,103.31640625,103.31640625,103.31640625,103.31640625,670.0
2025-05-27 01:10:00+00:00,103.3203125,103.3203125,103.3203125,103.3203125,56.0
2025-05-27 01:12:00+00:00,103.31640625,103.31640625,103.31640625,103.31640625,23.0
2025-05-27 01:13:00+00:00,103.3203125,103.3203125,103.3203125,103.3203125,91.0
2025-05-27 01:14:00+00:00,103.3203125,103.3203125,103.31640625,103.31640625,148.0
2025-05-27 01:15:00+00:00,103.3203125,103.3203125,103.31640625,103.31640625,167.0
2025-05-27 01:17:00+00:00,103.3203125,103.3203125,103.3203125,103.3203125,778.0
2025-05-27 01:18:00+00:00,103.3203125,103.3203125,103.3203125,103.3203125,248.0
2025-05-27 01:19:00+00:00,103.3203125,103.32421875,103.3203125,103.32421875,111.0
2025-05-27 01:21:00+00:00,103.3203125,103.3203125,103.3203125,103.3203125,85.0
2025-05-27 01:22:00+00:00,103.3203125,103.3203125,103.3203125,103.3203125,1760.0
2025-05-27 01:24:00+00:00,103.3203125,103.3203125,103.3203125,103.3203125,20.0
2025-05-27 01:25:00+00:00,103.3203125,103.3203125,103.3203125,103.3203125,171.0
2025-05-27 01:28:00+00:00,103.31640625,103.31640625,103.31640625,103.31640625,322.0
2025-05-27 01:29:00+00:00,103.31640625,103.31640625,103.31640625,103.31640625,238.0
2025-05-27 01:31:00+00:00,103.31640625,103.31640625,103.31640625,103.31640625,2254.0
2025-05-27 01:32:00+00:00,103.31640625,103.31640625,103.3125,103.3125,1444.0
2025-05-27 01:35:00+00:00,103.31640625,103.31640625,103.31640625,103.31640625,151.0
2025-05-27 01:38:00+00:00,103.3203125,103.3203125,103.3203125,103.3203125,183.0
2025-05-27 01:39:00+00:00,103.3203125,103.3203125,103.3203125,103.3203125,53.0
2025-05-27 01:40:00+00:00,103.3203125,103.3203125,103.31640625,103.31640625,146.0
2025-05-27 01:43:00+00:00,103.3203125,103.3203125,103.3203125,103.3203125,96.0
2025-05-27 01:45:00+00:00,103.3203125,103.3203125,103.3203125,103.3203125,373.0
2025-05-27 01:47:00+00:00,103.3203125,103.3203125,103.3203125,103.3203125,364.0
2025-05-27 01:55:00+00:00,103.3203125,103.3203125,103.3203125,103.3203125,37.0
2025-05-27 01:56:00+00:00,103.3203125,103.3203125,103.3203125,103.3203125,39.0
2025-05-27 01:58:00+00:00,103.31640625,103.3203125,103.31640625,103.31640625,121.0
2025-05-27 01:59:00+00:00,103.3203125,103.3203125,103.3203125,103.3203125,145.0
2025-05-27 02:01:00+00:00,103.32421875,103.32421875,103.3203125,103.3203125,192.0
2025-05-27 02:02:00+00:00,103.32421875,103.32421875,103.32421875,103.32421875,54.0
2025-05-27 02:03:00+00:00,103.32421875,103.32421875,103.3203125,103.32421875,847.0
2025-05-27 02:04:00+00:00,103.32421875,103.32421875,103.3203125,103.3203125,167.0
2025-05-27 02:06:00+00:00,103.32421875,103.32421875,103.32421875,103.32421875,1057.0
2025-05-27 02:07:00+00:00,103.3203125,103.32421875,103.3203125,103.32421875,790.0
2025-05-27 02:09:00+00:00,103.3203125,103.32421875,103.3203125,103.32421875,175.0
2025-05-27 02:12:00+00:00,103.32421875,103.32421875,103.32421875,103.32421875,80.0
2025-05-27 02:14:00+00:00,103.32421875,103.328125,103.32421875,103.32421875,188.0
2025-05-27 02:17:00+00:00,103.32421875,103.32421875,103.32421875,103.32421875,700.0
2025-05-27 02:19:00+00:00,103.32421875,103.32421875,103.32421875,103.32421875,1630.0
2025-05-27 02:35:00+00:00,103.3203125,103.3203125,103.3203125,103.3203125,997.0
2025-05-27 02:37:00+00:00,103.3203125,103.3203125,103.3203125,103.3203125,608.0
2025-05-27 02:38:00+00:00,103.3203125,103.3203125,103.3203125,103.3203125,392.0
2025-05-27 02:39:00+00:00,103.3203125,103.3203125,103.3203125,103.3203125,71.0
2025-05-27 02:42:00+00:00,103.3203125,103.3203125,103.3203125,103.3203125,32.0
2025-05-27 02:43:00+00:00,103.3203125,103.3203125,103.3203125,103.3203125,90.0
2025-05-27 02:46:00+00:00,103.3203125,103.3203125,103.3203125,103.3203125,125.0
2025-05-27 02:51:00+00:00,103.32421875,103.32421875,103.32421875,103.32421875,1151.0
2025-05-27 02:55:00+00:00,103.3203125,103.3203125,103.3203125,103.3203125,115.0
2025-05-27 02:56:00+00:00,103.31640625,103.31640625,103.31640625,103.31640625,42.0
2025-05-27 02:58:00+00:00,103.3203125,103.3203125,103.3203125,103.3203125,271.0
2025-05-27 02:59:00+00:00,103.3203125,103.3203125,103.3203125,103.3203125,12916.0
2025-05-27 03:05:00+00:00,103.32421875,103.32421875,103.32421875,103.32421875,135.0
2025-05-27 03:10:00+00:00,103.32421875,103.32421875,103.32421875,103.32421875,57.0
2025-05-27 03:13:00+00:00,103.32421875,103.32421875,103.32421875,103.32421875,1208.0
2025-05-27 03:15:00+00:00,103.32421875,103.32421875,103.32421875,103.32421875,100.0
2025-05-27 03:16:00+00:00,103.328125,103.328125,103.328125,103.328125,58.0
2025-05-27 03:19:00+00:00,103.328125,103.328125,103.328125,103.328125,126.0
2025-05-27 03:25:00+00:00,103.328125,103.328125,103.328125,103.328125,173.0
2025-05-27 03:28:00+00:00,103.33203125,103.33203125,103.33203125,103.33203125,136.0
2025-05-27 03:30:00+00:00,103.33203125,103.33203125,103.33203125,103.33203125,94.0
2025-05-27 03:35:00+00:00,103.328125,103.328125,103.328125,103.328125,76.0
2025-05-27 03:36:00+00:00,103.328125,103.328125,103.328125,103.328125,149.0
2025-05-27 03:38:00+00:00,103.328125,103.328125,103.328125,103.328125,202.0
2025-05-27 03:42:00+00:00,103.328125,103.328125,103.328125,103.328125,789.0
2025-05-27 03:50:00+00:00,103.33203125,103.33203125,103.328125,103.328125,826.0
2025-05-27 03:52:00+00:00,103.33203125,103.33203125,103.33203125,103.33203125,335.0
2025-05-27 03:55:00+00:00,103.33203125,103.33203125,103.33203125,103.33203125,33.0
2025-05-27 03:57:00+00:00,103.328125,103.3359375,103.328125,103.33203125,267.0
2025-05-27 04:00:00+00:00,103.33203125,103.33203125,103.33203125,103.33203125,56.0
2025-05-27 04:03:00+00:00,103.33203125,103.33203125,103.33203125,103.33203125,20.0
2025-05-27 04:04:00+00:00,103.33203125,103.33203125,103.328125,103.328125,1494.0
2025-05-27 04:05:00+00:00,103.328125,103.328125,103.32421875,103.328125,1616.0
2025-05-27 04:11:00+00:00,103.33203125,103.33203125,103.328125,103.328125,218.0
2025-05-27 04:12:00+00:00,103.33203125,103.33203125,103.33203125,103.33203125,9.0
2025-05-27 04:13:00+00:00,103.328125,103.328125,103.328125,103.328125,238.0
2025-05-27 04:20:00+00:00,103.328125,103.328125,103.328125,103.328125,1517.0
2025-05-27 04:21:00+00:00,103.328125,103.328125,103.328125,103.328125,157.0
2025-05-27 04:22:00+00:00,103.328125,103.328125,103.328125,103.328125,43.0
2025-05-27 04:25:00+00:00,103.328125,103.328125,103.328125,103.328125,571.0
2025-05-27 04:26:00+00:00,103.328125,103.328125,103.328125,103.328125,199.0
2025-05-27 04:27:00+00:00,103.328125,103.328125,103.328125,103.328125,50.0
2025-05-27 04:29:00+00:00,103.328125,103.328125,103.328125,103.328125,2113.0
2025-05-27 04:30:00+00:00,103.328125,103.328125,103.328125,103.328125,86.0
2025-05-27 04:32:00+00:00,103.328125,103.328125,103.32421875,103.32421875,123.0
2025-05-27 04:34:00+00:00,103.328125,103.328125,103.328125,103.328125,81.0
2025-05-27 04:35:00+00:00,103.33203125,103.33203125,103.328125,103.328125,90.0
2025-05-27 04:38:00+00:00,103.328125,103.328125,103.328125,103.328125,16.0
2025-05-27 04:39:00+00:00,103.328125,103.328125,103.328125,103.328125,87.0
2025-05-27 04:40:00+00:00,103.328125,103.328125,103.328125,103.328125,139.0
2025-05-27 04:45:00+00:00,103.33203125,103.33203125,103.328125,103.328125,80.0
2025-05-27 04:46:00+00:00,103.33203125,103.33203125,103.33203125,103.33203125,172.0
2025-05-27 04:47:00+00:00,103.33203125,103.3359375,103.33203125,103.3359375,96.0
2025-05-27 04:48:00+00:00,103.328125,103.33203125,103.328125,103.33203125,85.0
2025-05-27 04:50:00+00:00,103.33203125,103.3359375,103.33203125,103.33203125,173.0
2025-05-27 04:52:00+00:00,103.33203125,103.33203125,103.33203125,103.33203125,208.0
2025-05-27 04:53:00+00:00,103.3359375,103.3359375,103.3359375,103.3359375,101.0
2025-05-27 04:54:00+00:00,103.3359375,103.3359375,103.3359375,103.3359375,163.0
2025-05-27 04:55:00+00:00,103.3359375,103.3359375,103.3359375,103.3359375,21.0
2025-05-27 04:56:00+00:00,103.3359375,103.3359375,103.33203125,103.33203125,38.0
2025-05-27 04:57:00+00:00,103.3359375,103.3359375,103.3359375,103.3359375,38.0
2025-05-27 04:59:00+00:00,103.3359375,103.3359375,103.3359375,103.3359375,19.0
2025-05-27 05:00:00+00:00,103.33203125,103.3359375,103.33203125,103.3359375,754.0
2025-05-27 05:01:00+00:00,103.33203125,103.3359375,103.33203125,103.33203125,534.0
2025-05-27 05:02:00+00:00,103.33203125,103.33203125,103.33203125,103.33203125,559.0
2025-05-27 05:04:00+00:00,103.33203125,103.33203125,103.33203125,103.33203125,133.0
2025-05-27 05:05:00+00:00,103.33203125,103.33203125,103.33203125,103.33203125,170.0
2025-05-27 05:07:00+00:00,103.328125,103.328125,103.328125,103.328125,616.0
2025-05-27 05:08:00+00:00,103.33203125,103.33203125,103.328125,103.328125,1056.0
2025-05-27 05:10:00+00:00,103.328125,103.328125,103.328125,103.328125,578.0
2025-05-27 05:11:00+00:00,103.328125,103.328125,103.328125,103.328125,94.0
2025-05-27 05:12:00+00:00,103.328125,103.328125,103.328125,103.328125,57.0
2025-05-27 05:13:00+00:00,103.33203125,103.33203125,103.328125,103.328125,590.0
2025-05-27 05:14:00+00:00,103.328125,103.33203125,103.328125,103.33203125,196.0
2025-05-27 05:15:00+00:00,103.328125,103.33203125,103.328125,103.33203125,205.0
2025-05-27 05:17:00+00:00,103.328125,103.328125,103.328125,103.328125,175.0
2025-05-27 05:18:00+00:00,103.328125,103.328125,103.328125,103.328125,487.0
2025-05-27 05:19:00+00:00,103.33203125,103.3359375,103.33203125,103.33203125,845.0
2025-05-27 05:20:00+00:00,103.33203125,103.33203125,103.328125,103.33203125,554.0
2025-05-27 05:21:00+00:00,103.33203125,103.33203125,103.33203125,103.33203125,115.0
2025-05-27 05:23:00+00:00,103.328125,103.33203125,103.328125,103.33203125,167.0
2025-05-27 05:24:00+00:00,103.328125,103.328125,103.32421875,103.32421875,31.0
2025-05-27 05:25:00+00:00,103.32421875,103.328125,103.32421875,103.328125,1535.0
2025-05-27 05:26:00+00:00,103.3203125,103.3203125,103.3203125,103.3203125,1295.0
2025-05-27 05:27:00+00:00,103.32421875,103.32421875,103.3203125,103.3203125,7297.0
2025-05-27 05:29:00+00:00,103.328125,103.328125,103.32421875,103.32421875,255.0
2025-05-27 05:30:00+00:00,103.328125,103.328125,103.328125,103.328125,83.0
2025-05-27 05:35:00+00:00,103.32421875,103.32421875,103.3203125,103.32421875,426.0
2025-05-27 05:37:00+00:00,103.328125,103.328125,103.32421875,103.32421875,561.0
2025-05-27 05:40:00+00:00,103.328125,103.328125,103.328125,103.328125,17.0
2025-05-27 05:41:00+00:00,103.328125,103.328125,103.328125,103.328125,614.0
2025-05-27 05:42:00+00:00,103.328125,103.328125,103.328125,103.328125,285.0
2025-05-27 05:43:00+00:00,103.328125,103.328125,103.328125,103.328125,192.0
2025-05-27 05:44:00+00:00,103.328125,103.328125,103.328125,103.328125,323.0
2025-05-27 05:45:00+00:00,103.328125,103.328125,103.328125,103.328125,142.0
2025-05-27 05:46:00+00:00,103.328125,103.33203125,103.328125,103.328125,663.0
2025-05-27 05:47:00+00:00,103.328125,103.328125,103.328125,103.328125,21.0
2025-05-27 05:50:00+00:00,103.3359375,103.3359375,103.328125,103.328125,584.0
2025-05-27 05:52:00+00:00,103.3359375,103.3359375,103.3359375,103.3359375,29.0
2025-05-27 05:53:00+00:00,103.3359375,103.3359375,103.3359375,103.3359375,10.0
2025-05-27 05:55:00+00:00,103.328125,103.33203125,103.328125,103.328125,161.0
2025-05-27 05:58:00+00:00,103.32421875,103.32421875,103.32421875,103.32421875,170.0
2025-05-27 05:59:00+00:00,103.3203125,103.32421875,103.3203125,103.32421875,47.0
2025-05-27 06:01:00+00:00,103.3203125,103.3203125,103.3203125,103.3203125,4716.0
2025-05-27 06:02:00+00:00,103.32421875,103.32421875,103.32421875,103.32421875,375.0
2025-05-27 06:03:00+00:00,103.328125,103.328125,103.32421875,103.32421875,1035.0
2025-05-27 06:04:00+00:00,103.33203125,103.33203125,103.33203125,103.33203125,140.0
2025-05-27 06:06:00+00:00,103.3359375,103.3359375,103.3359375,103.3359375,66.0
2025-05-27 06:08:00+00:00,103.328125,103.33203125,103.328125,103.33203125,133.0
2025-05-27 06:09:00+00:00,103.32421875,103.328125,103.32421875,103.328125,262.0
2025-05-27 06:12:00+00:00,103.32421875,103.32421875,103.3203125,103.3203125,958.0
2025-05-27 06:13:00+00:00,103.32421875,103.32421875,103.32421875,103.32421875,123.0
2025-05-27 06:14:00+00:00,103.32421875,103.32421875,103.32421875,103.32421875,164.0
2025-05-27 06:18:00+00:00,103.31640625,103.31640625,103.31640625,103.31640625,80.0
2025-05-27 06:20:00+00:00,103.32421875,103.32421875,103.3203125,103.3203125,301.0
2025-05-27 06:21:00+00:00,103.3203125,103.32421875,103.3203125,103.32421875,750.0
2025-05-27 06:24:00+00:00,103.3203125,103.3203125,103.3203125,103.3203125,216.0
2025-05-27 06:26:00+00:00,103.32421875,103.32421875,103.32421875,103.32421875,56.0
2025-05-27 06:27:00+00:00,103.32421875,103.32421875,103.32421875,103.32421875,325.0
2025-05-27 06:28:00+00:00,103.32421875,103.328125,103.32421875,103.32421875,283.0
2025-05-27 06:29:00+00:00,103.32421875,103.32421875,103.32421875,103.32421875,295.0
2025-05-27 06:30:00+00:00,103.32421875,103.32421875,103.32421875,103.32421875,28.0
2025-05-27 06:31:00+00:00,103.32421875,103.32421875,103.32421875,103.32421875,283.0
2025-05-27 06:32:00+00:00,103.32421875,103.32421875,103.32421875,103.32421875,726.0
2025-05-27 06:33:00+00:00,103.32421875,103.32421875,103.3203125,103.3203125,190.0
2025-05-27 06:34:00+00:00,103.3203125,103.3203125,103.3203125,103.3203125,493.0
2025-05-27 06:36:00+00:00,103.3203125,103.3203125,103.3203125,103.3203125,1234.0
2025-05-27 06:37:00+00:00,103.3203125,103.3203125,103.3203125,103.3203125,131.0
2025-05-27 06:38:00+00:00,103.32421875,103.32421875,103.32421875,103.32421875,167.0
2025-05-27 06:40:00+00:00,103.3203125,103.3203125,103.3203125,103.3203125,95.0
2025-05-27 06:41:00+00:00,103.31640625,103.31640625,103.31640625,103.31640625,18.0
2025-05-27 06:43:00+00:00,103.31640625,103.31640625,103.31640625,103.31640625,174.0
2025-05-27 06:44:00+00:00,103.3203125,103.3203125,103.3203125,103.3203125,371.0
2025-05-27 06:45:00+00:00,103.32421875,103.328125,103.3203125,103.3203125,1464.0
2025-05-27 06:46:00+00:00,103.3203125,103.32421875,103.3203125,103.32421875,695.0
2025-05-27 06:48:00+00:00,103.32421875,103.32421875,103.32421875,103.32421875,223.0
2025-05-27 06:49:00+00:00,103.32421875,103.32421875,103.32421875,103.32421875,267.0
2025-05-27 06:51:00+00:00,103.328125,103.328125,103.32421875,103.32421875,295.0
2025-05-27 06:52:00+00:00,103.33203125,103.33203125,103.328125,103.328125,366.0
2025-05-27 06:53:00+00:00,103.32421875,103.328125,103.32421875,103.328125,594.0
2025-05-27 06:55:00+00:00,103.328125,103.328125,103.328125,103.328125,293.0
2025-05-27 06:56:00+00:00,103.32421875,103.32421875,103.32421875,103.32421875,114.0
2025-05-27 06:57:00+00:00,103.328125,103.328125,103.328125,103.328125,200.0
2025-05-27 06:58:00+00:00,103.328125,103.328125,103.328125,103.328125,795.0
2025-05-27 06:59:00+00:00,103.33203125,103.33203125,103.328125,103.33203125,729.0
2025-05-27 07:00:00+00:00,103.328125,103.33203125,103.328125,103.33203125,492.0
2025-05-27 07:01:00+00:00,103.33203125,103.33203125,103.33203125,103.33203125,246.0
2025-05-27 07:02:00+00:00,103.33203125,103.33203125,103.33203125,103.33203125,519.0
2025-05-27 07:03:00+00:00,103.3359375,103.3359375,103.3359375,103.3359375,661.0
2025-05-27 07:04:00+00:00,103.3359375,103.3359375,103.33203125,103.3359375,190.0
2025-05-27 07:05:00+00:00,103.33203125,103.33203125,103.33203125,103.33203125,23.0
2025-05-27 07:06:00+00:00,103.33203125,103.33203125,103.33203125,103.33203125,562.0
2025-05-27 07:07:00+00:00,103.328125,103.33203125,103.328125,103.33203125,120.0
2025-05-27 07:08:00+00:00,103.328125,103.328125,103.328125,103.328125,162.0
2025-05-27 07:09:00+00:00,103.328125,103.33203125,103.328125,103.33203125,65.0
2025-05-27 07:10:00+00:00,103.33203125,103.33203125,103.328125,103.33203125,269.0
2025-05-27 07:11:00+00:00,103.328125,103.33203125,103.328125,103.33203125,997.0
2025-05-27 07:12:00+00:00,103.3359375,103.3359375,103.33203125,103.33203125,615.0
2025-05-27 07:13:00+00:00,103.33203125,103.33203125,103.33203125,103.33203125,225.0
2025-05-27 07:14:00+00:00,103.328125,103.33203125,103.328125,103.33203125,735.0
2025-05-27 07:15:00+00:00,103.33203125,103.33203125,103.33203125,103.33203125,577.0
2025-05-27 07:16:00+00:00,103.33203125,103.3359375,103.33203125,103.3359375,302.0
2025-05-27 07:18:00+00:00,103.33203125,103.3359375,103.33203125,103.3359375,310.0
2025-05-27 07:19:00+00:00,103.33203125,103.33203125,103.33203125,103.33203125,64.0
2025-05-27 07:20:00+00:00,103.328125,103.33203125,103.328125,103.33203125,320.0
2025-05-27 07:21:00+00:00,103.328125,103.33203125,103.328125,103.33203125,372.0
2025-05-27 07:22:00+00:00,103.328125,103.33203125,103.328125,103.33203125,236.0
2025-05-27 07:23:00+00:00,103.32421875,103.328125,103.32421875,103.328125,430.0
2025-05-27 07:24:00+00:00,103.32421875,103.32421875,103.32421875,103.32421875,159.0
2025-05-27 07:26:00+00:00,103.328125,103.33203125,103.328125,103.328125,1729.0
2025-05-27 07:27:00+00:00,103.328125,103.328125,103.32421875,103.32421875,133.0
2025-05-27 07:28:00+00:00,103.328125,103.328125,103.32421875,103.328125,608.0
2025-05-27 07:29:00+00:00,103.33203125,103.3359375,103.32421875,103.32421875,3138.0
2025-05-27 07:30:00+00:00,103.328125,103.33203125,103.328125,103.33203125,1486.0
2025-05-27 07:31:00+00:00,103.32421875,103.328125,103.32421875,103.32421875,168.0
2025-05-27 07:32:00+00:00,103.33203125,103.33203125,103.328125,103.328125,121.0
2025-05-27 07:34:00+00:00,103.33203125,103.33203125,103.33203125,103.33203125,406.0
2025-05-27 07:35:00+00:00,103.33203125,103.3359375,103.33203125,103.33203125,161.0
2025-05-27 07:37:00+00:00,103.328125,103.328125,103.328125,103.328125,287.0
2025-05-27 07:38:00+00:00,103.328125,103.328125,103.328125,103.328125,40.0
2025-05-27 07:42:00+00:00,103.33203125,103.33203125,103.33203125,103.33203125,639.0
2025-05-27 07:43:00+00:00,103.3359375,103.3359375,103.3359375,103.3359375,46.0
2025-05-27 07:44:00+00:00,103.3359375,103.33984375,103.3359375,103.3359375,3056.0
2025-05-27 07:45:00+00:00,103.33984375,103.33984375,103.3359375,103.3359375,1779.0
2025-05-27 07:46:00+00:00,103.33203125,103.3359375,103.33203125,103.3359375,456.0
2025-05-27 07:48:00+00:00,103.33203125,103.33203125,103.33203125,103.33203125,748.0
2025-05-27 07:49:00+00:00,103.3359375,103.3359375,103.3359375,103.3359375,99.0
2025-05-27 07:50:00+00:00,103.33984375,103.33984375,103.3359375,103.3359375,201.0
2025-05-27 07:51:00+00:00,103.33984375,103.33984375,103.3359375,103.33984375,460.0
2025-05-27 07:52:00+00:00,103.34375,103.34375,103.33984375,103.33984375,318.0
2025-05-27 07:53:00+00:00,103.33984375,103.34375,103.33984375,103.34375,417.0
2025-05-27 07:54:00+00:00,103.33984375,103.33984375,103.33984375,103.33984375,36.0
2025-05-27 07:55:00+00:00,103.3359375,103.3359375,103.3359375,103.3359375,1882.0
2025-05-27 07:56:00+00:00,103.3359375,103.3359375,103.33203125,103.3359375,899.0
2025-05-27 07:57:00+00:00,103.33203125,103.3359375,103.33203125,103.3359375,107.0
2025-05-27 07:58:00+00:00,103.33203125,103.33203125,103.33203125,103.33203125,495.0
2025-05-27 07:59:00+00:00,103.3359375,103.3359375,103.33203125,103.3359375,197.0
2025-05-27 08:00:00+00:00,103.3359375,103.3359375,103.3359375,103.3359375,940.0
2025-05-27 08:01:00+00:00,103.33203125,103.3359375,103.33203125,103.3359375,464.0
2025-05-27 08:02:00+00:00,103.33203125,103.33203125,103.33203125,103.33203125,342.0
2025-05-27 08:03:00+00:00,103.33203125,103.33203125,103.328125,103.33203125,93.0
2025-05-27 08:04:00+00:00,103.3359375,103.3359375,103.33203125,103.33203125,534.0
2025-05-27 08:05:00+00:00,103.33203125,103.33203125,103.33203125,103.33203125,89.0
2025-05-27 08:06:00+00:00,103.33203125,103.3359375,103.33203125,103.33203125,657.0
2025-05-27 08:07:00+00:00,103.328125,103.328125,103.328125,103.328125,308.0
2025-05-27 08:08:00+00:00,103.328125,103.33203125,103.328125,103.33203125,1883.0
2025-05-27 08:09:00+00:00,103.33203125,103.33203125,103.328125,103.33203125,406.0
2025-05-27 08:10:00+00:00,103.33203125,103.33203125,103.328125,103.328125,739.0
2025-05-27 08:11:00+00:00,103.33203125,103.33203125,103.33203125,103.33203125,77.0
2025-05-27 08:12:00+00:00,103.33203125,103.33203125,103.33200073242188,103.33203125,208.0
2025-05-27 08:14:00+00:00,103.33203125,103.33203125,103.33203125,103.33203125,18.0
2025-05-27 08:15:00+00:00,103.33203125,103.33203125,103.33203125,103.33203125,318.0
2025-05-27 08:16:00+00:00,103.33203125,103.33203125,103.33203125,103.33203125,220.0
2025-05-27 08:17:00+00:00,103.328125,103.33203125,103.328125,103.33203125,100.0
2025-05-27 08:18:00+00:00,103.33203125,103.33203125,103.328125,103.33203125,768.0
2025-05-27 08:19:00+00:00,103.3359375,103.3359375,103.33203125,103.33203125,413.0
2025-05-27 08:21:00+00:00,103.3359375,103.3359375,103.33203125,103.3359375,542.0
2025-05-27 08:22:00+00:00,103.33203125,103.3359375,103.33203125,103.3359375,134.0
2025-05-27 08:23:00+00:00,103.33203125,103.33203125,103.33203125,103.33203125,138.0
2025-05-27 08:24:00+00:00,103.33203125,103.33203125,103.328125,103.328125,324.0
2025-05-27 08:25:00+00:00,103.33203125,103.33203125,103.33203125,103.33203125,139.0
2025-05-27 08:26:00+00:00,103.328125,103.328125,103.328125,103.328125,135.0
2025-05-27 08:27:00+00:00,103.33203125,103.33203125,103.33203125,103.33203125,367.0
2025-05-27 08:28:00+00:00,103.33203125,103.33203125,103.328125,103.328125,631.0
2025-05-27 08:29:00+00:00,103.328125,103.33203125,103.328125,103.328125,252.0
2025-05-27 08:32:00+00:00,103.33203125,103.33203125,103.328125,103.328125,157.0
2025-05-27 08:33:00+00:00,103.328125,103.33203125,103.328125,103.33203125,48.0
2025-05-27 08:34:00+00:00,103.33203125,103.33203125,103.328125,103.328125,1471.0
2025-05-27 08:35:00+00:00,103.328125,103.33203125,103.328125,103.33203125,1808.0
2025-05-27 08:37:00+00:00,103.3359375,103.3359375,103.33203125,103.33203125,118.0
2025-05-27 08:38:00+00:00,103.33203125,103.33203125,103.33203125,103.33203125,348.0
2025-05-27 08:39:00+00:00,103.33203125,103.33203125,103.33203125,103.33203125,91.0
2025-05-27 08:40:00+00:00,103.33203125,103.3359375,103.33203125,103.33203125,499.0
2025-05-27 08:42:00+00:00,103.33203125,103.33203125,103.33203125,103.33203125,2067.0
2025-05-27 08:43:00+00:00,103.328125,103.33203125,103.328125,103.33203125,344.0
2025-05-27 08:44:00+00:00,103.33203125,103.33203125,103.328125,103.328125,507.0
2025-05-27 08:45:00+00:00,103.328125,103.33203125,103.328125,103.33203125,2924.0
2025-05-27 08:46:00+00:00,103.33203125,103.33203125,103.328125,103.328125,582.0
2025-05-27 08:47:00+00:00,103.33203125,103.33203125,103.33203125,103.33203125,207.0
2025-05-27 08:49:00+00:00,103.33203125,103.33203125,103.33203125,103.33203125,128.0
2025-05-27 08:50:00+00:00,103.33203125,103.33203125,103.328125,103.33203125,89.0
2025-05-27 08:51:00+00:00,103.328125,103.328125,103.328125,103.328125,1194.0
2025-05-27 08:52:00+00:00,103.32421875,103.328125,103.32421875,103.328125,3675.0
2025-05-27 08:53:00+00:00,103.32421875,103.328125,103.32421875,103.32421875,5753.0
2025-05-27 08:54:00+00:00,103.328125,103.328125,103.32421875,103.328125,5693.0
2025-05-27 08:55:00+00:00,103.328125,103.328125,103.32421875,103.32421875,602.0
2025-05-27 08:56:00+00:00,103.32421875,103.328125,103.32421875,103.328125,383.0
2025-05-27 08:57:00+00:00,103.32421875,103.328125,103.32421875,103.32421875,698.0
2025-05-27 08:59:00+00:00,103.32421875,103.32421875,103.32421875,103.32421875,1557.0
2025-05-27 09:01:00+00:00,103.3203125,103.3203125,103.3203125,103.3203125,4610.0
2025-05-27 09:04:00+00:00,103.3203125,103.3203125,103.3203125,103.3203125,687.0
2025-05-27 09:06:00+00:00,103.3203125,103.32421875,103.3203125,103.32421875,884.0
2025-05-27 09:07:00+00:00,103.3203125,103.32421875,103.3203125,103.32421875,50.0
2025-05-27 09:08:00+00:00,103.3203125,103.3203125,103.3203125,103.3203125,241.0
2025-05-27 09:10:00+00:00,103.3203125,103.3203125,103.3203125,103.3203125,88.0
2025-05-27 09:11:00+00:00,103.3203125,103.3203125,103.3203125,103.3203125,70.0
2025-05-27 09:12:00+00:00,103.31640625,103.3203125,103.31640625,103.3203125,1204.0
2025-05-27 09:13:00+00:00,103.31640625,103.3203125,103.31640625,103.31640625,1084.0
2025-05-27 09:14:00+00:00,103.3203125,103.32421875,103.31640625,103.3203125,33491.0
2025-05-27 09:15:00+00:00,103.3203125,103.3203125,103.3203125,103.3203125,334.0
2025-05-27 09:16:00+00:00,103.31640625,103.3203125,103.31640625,103.3203125,3902.0
2025-05-27 09:17:00+00:00,103.31640625,103.31640625,103.31640625,103.31640625,397.0
2025-05-27 09:18:00+00:00,103.3203125,103.3203125,103.31640625,103.31640625,1480.0
2025-05-27 09:19:00+00:00,103.3203125,103.3203125,103.3203125,103.3203125,846.0
2025-05-27 09:20:00+00:00,103.3203125,103.3203125,103.3203125,103.3203125,798.0
2025-05-27 09:21:00+00:00,103.3203125,103.3203125,103.31640625,103.3203125,4431.0
2025-05-27 09:22:00+00:00,103.32421875,103.32421875,103.32421875,103.32421875,4336.0
2025-05-27 09:23:00+00:00,103.3203125,103.3203125,103.3203125,103.3203125,698.0
2025-05-27 09:24:00+00:00,103.3203125,103.32421875,103.3203125,103.32421875,223.0
2025-05-27 09:26:00+00:00,103.32421875,103.32421875,103.32421875,103.32421875,124.0
2025-05-27 09:27:00+00:00,103.32421875,103.32421875,103.32421875,103.32421875,309.0
2025-05-27 09:29:00+00:00,103.328125,103.328125,103.32421875,103.32421875,1531.0
2025-05-27 09:30:00+00:00,103.328125,103.328125,103.328125,103.328125,527.0
2025-05-27 09:32:00+00:00,103.328125,103.328125,103.328125,103.328125,172.0
2025-05-27 09:33:00+00:00,103.32421875,103.328125,103.32421875,103.328125,229.0
2025-05-27 09:34:00+00:00,103.32421875,103.32421875,103.32421875,103.32421875,129.0
2025-05-27 09:35:00+00:00,103.32421875,103.328125,103.32421875,103.328125,2270.0
2025-05-27 09:38:00+00:00,103.328125,103.328125,103.328125,103.328125,164.0
2025-05-27 09:39:00+00:00,103.32421875,103.328125,103.32421875,103.328125,242.0
2025-05-27 09:40:00+00:00,103.32421875,103.32421875,103.32421875,103.32421875,499.0
2025-05-27 09:41:00+00:00,103.32421875,103.32421875,103.32421875,103.32421875,266.0
2025-05-27 09:42:00+00:00,103.32421875,103.32421875,103.32421875,103.32421875,639.0
2025-05-27 09:43:00+00:00,103.32421875,103.32421875,103.32421875,103.32421875,806.0
2025-05-27 09:44:00+00:00,103.328125,103.328125,103.32421875,103.32421875,2924.0
2025-05-27 09:46:00+00:00,103.328125,103.328125,103.328125,103.328125,133.0
2025-05-27 09:48:00+00:00,103.328125,103.328125,103.328125,103.328125,80.0
2025-05-27 09:49:00+00:00,103.328125,103.328125,103.328125,103.328125,223.0
2025-05-27 09:50:00+00:00,103.32421875,103.328125,103.32421875,103.328125,220.0
2025-05-27 09:52:00+00:00,103.328125,103.328125,103.328125,103.328125,174.0
2025-05-27 09:55:00+00:00,103.32421875,103.32421875,103.32421875,103.32421875,103.0
2025-05-27 09:56:00+00:00,103.328125,103.328125,103.328125,103.328125,82.0
2025-05-27 09:57:00+00:00,103.328125,103.328125,103.328125,103.328125,2341.0
2025-05-27 10:01:00+00:00,103.328125,103.328125,103.328125,103.328125,406.0
2025-05-27 10:02:00+00:00,103.328125,103.328125,103.328125,103.328125,72.0
2025-05-27 10:03:00+00:00,103.328125,103.328125,103.328125,103.328125,96.0
2025-05-27 10:04:00+00:00,103.328125,103.328125,103.328125,103.328125,105.0
2025-05-27 10:05:00+00:00,103.32421875,103.32421875,103.32421875,103.32421875,11245.0
2025-05-27 10:06:00+00:00,103.3203125,103.3203125,103.3203125,103.3203125,1016.0
2025-05-27 10:09:00+00:00,103.3203125,103.32421875,103.3203125,103.3203125,139.0
2025-05-27 10:10:00+00:00,103.32421875,103.32421875,103.3239974975586,103.32421875,121.0
2025-05-27 10:11:00+00:00,103.3203125,103.3203125,103.3203125,103.3203125,69.0
2025-05-27 10:12:00+00:00,103.32421875,103.32421875,103.32421875,103.32421875,4678.0
2025-05-27 10:13:00+00:00,103.3203125,103.3203125,103.3203125,103.3203125,67.0
2025-05-27 10:15:00+00:00,103.3203125,103.3203125,103.3203125,103.3203125,2584.0
2025-05-27 10:18:00+00:00,103.32421875,103.32421875,103.31640625,103.3203125,1179.0
2025-05-27 10:20:00+00:00,103.32421875,103.32421875,103.32421875,103.32421875,50.0
2025-05-27 10:21:00+00:00,103.32421875,103.32421875,103.32421875,103.32421875,180.0
2025-05-27 10:22:00+00:00,103.32421875,103.32421875,103.3203125,103.32421875,64.0
2025-05-27 10:23:00+00:00,103.3203125,103.32421875,103.3203125,103.32421875,147.0
2025-05-27 10:24:00+00:00,103.32421875,103.32421875,103.3203125,103.3203125,85.0
2025-05-27 10:26:00+00:00,103.3203125,103.3203125,103.3203125,103.3203125,2454.0
2025-05-27 10:27:00+00:00,103.32421875,103.32421875,103.32421875,103.32421875,169.0
2025-05-27 10:28:00+00:00,103.32421875,103.328125,103.32421875,103.328125,139.0
2025-05-27 10:29:00+00:00,103.32421875,103.32421875,103.32421875,103.32421875,141.0
2025-05-27 10:32:00+00:00,103.32421875,103.328125,103.32421875,103.328125,155.0
2025-05-27 10:33:00+00:00,103.32421875,103.32421875,103.32421875,103.32421875,1876.0
2025-05-27 10:34:00+00:00,103.3203125,103.32421875,103.3203125,103.32421875,23984.0
2025-05-27 10:35:00+00:00,103.3203125,103.3203125,103.31640625,103.3203125,3036.0
2025-05-27 10:36:00+00:00,103.3203125,103.3203125,103.3203125,103.3203125,482.0
2025-05-27 10:37:00+00:00,103.3203125,103.3203125,103.3203125,103.3203125,281.0
2025-05-27 10:39:00+00:00,103.328125,103.328125,103.32421875,103.32421875,1292.0
2025-05-27 10:40:00+00:00,103.328125,103.328125,103.328125,103.328125,2193.0
2025-05-27 10:41:00+00:00,103.328125,103.328125,103.328125,103.328125,737.0
2025-05-27 10:43:00+00:00,103.328125,103.328125,103.328125,103.328125,766.0
2025-05-27 10:44:00+00:00,103.328125,103.328125,103.328125,103.328125,468.0
2025-05-27 10:45:00+00:00,103.328125,103.328125,103.328125,103.328125,408.0
2025-05-27 10:46:00+00:00,103.33203125,103.33203125,103.33203125,103.33203125,159.0
2025-05-27 10:47:00+00:00,103.33203125,103.33203125,103.328125,103.33203125,6383.0
2025-05-27 10:48:00+00:00,103.33203125,103.33203125,103.328125,103.33203125,142.0
2025-05-27 10:49:00+00:00,103.33203125,103.33203125,103.328125,103.33203125,63.0
2025-05-27 10:50:00+00:00,103.328125,103.33203125,103.328125,103.328125,135.0
2025-05-27 10:52:00+00:00,103.328125,103.33203125,103.328125,103.33203125,582.0
2025-05-27 10:53:00+00:00,103.32421875,103.328125,103.32421875,103.328125,9201.0
2025-05-27 10:54:00+00:00,103.32421875,103.32421875,103.32421875,103.32421875,182.0
2025-05-27 10:55:00+00:00,103.32421875,103.32421875,103.32421875,103.32421875,221.0
2025-05-27 10:56:00+00:00,103.328125,103.328125,103.32421875,103.32421875,3047.0
2025-05-27 10:58:00+00:00,103.328125,103.328125,103.328125,103.328125,485.0
2025-05-27 10:59:00+00:00,103.32421875,103.32421875,103.32421875,103.32421875,81.0
2025-05-27 11:00:00+00:00,103.32421875,103.328125,103.32421875,103.32421875,124.0
2025-05-27 11:01:00+00:00,103.32421875,103.328125,103.32421875,103.32421875,66.0
2025-05-27 11:02:00+00:00,103.32421875,103.328125,103.32421875,103.32421875,336.0
2025-05-27 11:03:00+00:00,103.32421875,103.328125,103.32421875,103.32421875,866.0
2025-05-27 11:04:00+00:00,103.32421875,103.328125,103.32421875,103.32421875,306.0
2025-05-27 11:05:00+00:00,103.32421875,103.32421875,103.3203125,103.32421875,1268.0
2025-05-27 11:06:00+00:00,103.32421875,103.32421875,103.32421875,103.32421875,316.0
2025-05-27 11:08:00+00:00,103.32421875,103.32421875,103.32421875,103.32421875,1594.0
2025-05-27 11:10:00+00:00,103.32421875,103.32421875,103.3203125,103.32421875,1247.0
2025-05-27 11:11:00+00:00,103.32421875,103.32421875,103.32421875,103.32421875,1325.0
2025-05-27 11:12:00+00:00,103.328125,103.328125,103.328125,103.328125,390.0
2025-05-27 11:13:00+00:00,103.32421875,103.32421875,103.32421875,103.32421875,6484.0
2025-05-27 11:14:00+00:00,103.32421875,103.328125,103.32421875,103.32421875,387.0
2025-05-27 11:16:00+00:00,103.32421875,103.32421875,103.32421875,103.32421875,3061.0
2025-05-27 11:17:00+00:00,103.328125,103.328125,103.328125,103.328125,684.0
2025-05-27 11:18:00+00:00,103.32421875,103.32421875,103.32421875,103.32421875,3444.0
2025-05-27 11:19:00+00:00,103.3203125,103.32421875,103.3203125,103.32421875,672.0
2025-05-27 11:20:00+00:00,103.3203125,103.32421875,103.3203125,103.3203125,552.0
2025-05-27 11:21:00+00:00,103.31640625,103.31640625,103.31640625,103.31640625,586.0
2025-05-27 11:22:00+00:00,103.3203125,103.3203125,103.3203125,103.3203125,708.0
2025-05-27 11:23:00+00:00,103.3203125,103.3203125,103.3203125,103.3203125,1057.0
2025-05-27 11:25:00+00:00,103.32421875,103.32421875,103.32421875,103.32421875,1133.0
2025-05-27 11:26:00+00:00,103.32421875,103.32421875,103.32421875,103.32421875,640.0
2025-05-27 11:27:00+00:00,103.328125,103.328125,103.32421875,103.32421875,610.0
2025-05-27 11:28:00+00:00,103.328125,103.328125,103.328125,103.328125,167.0
2025-05-27 11:29:00+00:00,103.32421875,103.328125,103.32421875,103.328125,630.0
2025-05-27 11:30:00+00:00,103.328125,103.33203125,103.328125,103.328125,365.0
2025-05-27 11:31:00+00:00,103.328125,103.328125,103.328125,103.328125,244.0
2025-05-27 11:32:00+00:00,103.328125,103.328125,103.32421875,103.328125,329.0
2025-05-27 11:34:00+00:00,103.33203125,103.33203125,103.33203125,103.33203125,158.0
2025-05-27 11:35:00+00:00,103.328125,103.33203125,103.328125,103.33203125,387.0
2025-05-27 11:36:00+00:00,103.33203125,103.33203125,103.328125,103.328125,4132.0
2025-05-27 11:37:00+00:00,103.328125,103.33203125,103.328125,103.33203125,859.0
2025-05-27 11:38:00+00:00,103.33203125,103.33203125,103.328125,103.328125,171.0
2025-05-27 11:39:00+00:00,103.33203125,103.33203125,103.328125,103.328125,119.0
2025-05-27 11:40:00+00:00,103.328125,103.33203125,103.328125,103.33203125,2153.0
2025-05-27 11:41:00+00:00,103.328125,103.328125,103.32421875,103.32421875,127.0
2025-05-27 11:42:00+00:00,103.32421875,103.32421875,103.32421875,103.32421875,824.0
2025-05-27 11:43:00+00:00,103.3203125,103.32421875,103.3203125,103.32421875,1619.0
2025-05-27 11:44:00+00:00,103.3203125,103.3203125,103.3203125,103.3203125,243.0
2025-05-27 11:45:00+00:00,103.32421875,103.32421875,103.3203125,103.3203125,249.0
2025-05-27 11:46:00+00:00,103.32421875,103.32421875,103.3203125,103.3203125,1020.0
2025-05-27 11:48:00+00:00,103.3203125,103.32421875,103.3203125,103.3203125,6179.0
2025-05-27 11:49:00+00:00,103.32421875,103.328125,103.32421875,103.32421875,5900.0
2025-05-27 11:50:00+00:00,103.32421875,103.32421875,103.3203125,103.32421875,906.0
2025-05-27 11:51:00+00:00,103.32421875,103.32421875,103.3203125,103.32421875,700.0
2025-05-27 11:52:00+00:00,103.328125,103.33203125,103.32421875,103.32421875,566.0
2025-05-27 11:53:00+00:00,103.328125,103.33203125,103.328125,103.328125,863.0
2025-05-27 11:54:00+00:00,103.328125,103.328125,103.32421875,103.328125,9767.0
2025-05-27 11:55:00+00:00,103.33203125,103.33203125,103.328125,103.328125,548.0
2025-05-27 11:56:00+00:00,103.328125,103.33203125,103.328125,103.328125,1441.0
2025-05-27 11:57:00+00:00,103.33203125,103.33203125,103.328125,103.328125,942.0
2025-05-27 11:58:00+00:00,103.328125,103.328125,103.328125,103.328125,2109.0
2025-05-27 11:59:00+00:00,103.32421875,103.33203125,103.32421875,103.33203125,1517.0
2025-05-27 12:00:00+00:00,103.32421875,103.328125,103.32421875,103.328125,1807.0
2025-05-27 12:01:00+00:00,103.32421875,103.32421875,103.32421875,103.32421875,203.0
2025-05-27 12:02:00+00:00,103.32421875,103.32421875,103.3203125,103.32421875,2571.0
2025-05-27 12:04:00+00:00,103.32421875,103.328125,103.3203125,103.3203125,681.0
2025-05-27 12:05:00+00:00,103.32421875,103.328125,103.32421875,103.328125,1833.0
2025-05-27 12:06:00+00:00,103.32421875,103.32421875,103.32421875,103.32421875,444.0
2025-05-27 12:07:00+00:00,103.328125,103.328125,103.32421875,103.32421875,273.0
2025-05-27 12:08:00+00:00,103.32421875,103.328125,103.32421875,103.32421875,853.0
2025-05-27 12:09:00+00:00,103.3203125,103.32421875,103.3203125,103.32421875,687.0
2025-05-27 12:10:00+00:00,103.3203125,103.3203125,103.3203125,103.3203125,552.0
2025-05-27 12:11:00+00:00,103.32421875,103.32421875,103.3203125,103.32421875,2072.0
2025-05-27 12:12:00+00:00,103.3203125,103.32421875,103.3203125,103.3203125,631.0
2025-05-27 12:13:00+00:00,103.328125,103.328125,103.3203125,103.3203125,1128.0
2025-05-27 12:14:00+00:00,103.32421875,103.328125,103.32421875,103.328125,2032.0
2025-05-27 12:15:00+00:00,103.32421875,103.328125,103.3203125,103.32421875,1023.0
2025-05-27 12:16:00+00:00,103.32421875,103.32421875,103.32421875,103.32421875,355.0
2025-05-27 12:17:00+00:00,103.328125,103.328125,103.32421875,103.32421875,783.0
2025-05-27 12:18:00+00:00,103.32421875,103.328125,103.32421875,103.328125,10927.0
2025-05-27 12:19:00+00:00,103.328125,103.33203125,103.32421875,103.328125,28395.0
2025-05-27 12:20:00+00:00,103.32421875,103.3359375,103.32421875,103.33203125,17305.0
2025-05-27 12:21:00+00:00,103.31640625,103.3203125,103.31640625,103.3203125,2157.0
2025-05-27 12:22:00+00:00,103.3125,103.31640625,103.30859375,103.31640625,3080.0
2025-05-27 12:23:00+00:00,103.30859375,103.31640625,103.30859375,103.3125,1685.0
2025-05-27 12:24:00+00:00,103.30859375,103.3125,103.30859375,103.3125,1502.0
2025-05-27 12:25:00+00:00,103.3125,103.3125,103.3046875,103.30859375,2716.0
2025-05-27 12:26:00+00:00,103.3125,103.31640625,103.30859375,103.30859375,13398.0
2025-05-27 12:27:00+00:00,103.3203125,103.3203125,103.30859375,103.3125,6270.0
2025-05-27 12:28:00+00:00,103.3125,103.3203125,103.3125,103.3203125,1159.0
2025-05-27 12:29:00+00:00,103.3125,103.31640625,103.3125,103.3125,1042.0
2025-05-27 12:30:00+00:00,103.31640625,103.3203125,103.30859375,103.31640625,4907.0
2025-05-27 12:31:00+00:00,103.3125,103.3203125,103.3125,103.31640625,1489.0
2025-05-27 12:32:00+00:00,103.31640625,103.31640625,103.30859375,103.30859375,1080.0
2025-05-27 12:33:00+00:00,103.31640625,103.31640625,103.30859375,103.31640625,5147.0
2025-05-27 12:34:00+00:00,103.3125,103.31640625,103.30859375,103.31640625,9120.0
2025-05-27 12:35:00+00:00,103.3125,103.31640625,103.30859375,103.3125,43910.0
2025-05-27 12:36:00+00:00,103.31640625,103.3203125,103.30859375,103.31640625,2613.0
2025-05-27 12:37:00+00:00,103.3125,103.31640625,103.30859375,103.3125,10119.0
2025-05-27 12:38:00+00:00,103.31640625,103.31640625,103.3125,103.3125,7013.0
2025-05-27 12:39:00+00:00,103.3203125,103.3203125,103.3125,103.31640625,4809.0
2025-05-27 12:40:00+00:00,103.32421875,103.32421875,103.31640625,103.31640625,2430.0
2025-05-27 12:41:00+00:00,103.328125,103.328125,103.32421875,103.32421875,1676.0
2025-05-27 12:42:00+00:00,103.3359375,103.33984375,103.33203125,103.33203125,2580.0
2025-05-27 12:43:00+00:00,103.33984375,103.33984375,103.33203125,103.33984375,3185.0
2025-05-27 12:44:00+00:00,103.3359375,103.34375,103.3359375,103.34375,1206.0
2025-05-27 12:45:00+00:00,103.33203125,103.3359375,103.328125,103.3359375,5299.0
2025-05-27 12:46:00+00:00,103.3359375,103.3359375,103.328125,103.328125,671.0
2025-05-27 12:47:00+00:00,103.32421875,103.3359375,103.32421875,103.3359375,27426.0
2025-05-27 12:48:00+00:00,103.32421875,103.328125,103.32421875,103.328125,1546.0
2025-05-27 12:49:00+00:00,103.328125,103.328125,103.32421875,103.32421875,1160.0
2025-05-27 12:50:00+00:00,103.32421875,103.328125,103.32421875,103.32421875,5083.0
2025-05-27 12:51:00+00:00,103.32421875,103.328125,103.32421875,103.32421875,567.0
2025-05-27 12:52:00+00:00,103.328125,103.33203125,103.32421875,103.328125,1270.0
2025-05-27 12:53:00+00:00,103.328125,103.328125,103.32421875,103.32421875,1454.0
2025-05-27 12:54:00+00:00,103.328125,103.328125,103.32421875,103.32421875,600.0
2025-05-27 12:55:00+00:00,103.328125,103.33203125,103.328125,103.328125,2790.0
2025-05-27 12:56:00+00:00,103.32421875,103.33203125,103.32421875,103.33203125,5041.0
2025-05-27 12:57:00+00:00,103.32421875,103.328125,103.32421875,103.328125,3420.0
2025-05-27 12:58:00+00:00,103.328125,103.328125,103.32421875,103.32421875,3553.0
2025-05-27 12:59:00+00:00,103.32421875,103.328125,103.32421875,103.32421875,349.0
2025-05-27 13:00:00+00:00,103.32421875,103.328125,103.32421875,103.328125,714.0
2025-05-27 13:01:00+00:00,103.32421875,103.328125,103.32421875,103.328125,1028.0
2025-05-27 13:02:00+00:00,103.33203125,103.33203125,103.32421875,103.328125,540.0
2025-05-27 13:03:00+00:00,103.3359375,103.3359375,103.33203125,103.33203125,2496.0
2025-05-27 13:04:00+00:00,103.33203125,103.3359375,103.33203125,103.3359375,5274.0
2025-05-27 13:05:00+00:00,103.33203125,103.3359375,103.33203125,103.3359375,4640.0
2025-05-27 13:06:00+00:00,103.3359375,103.3359375,103.33203125,103.33203125,2369.0
2025-05-27 13:07:00+00:00,103.33203125,103.3359375,103.33203125,103.33203125,337.0
2025-05-27 13:08:00+00:00,103.328125,103.328125,103.32421875,103.328125,1812.0
2025-05-27 13:09:00+00:00,103.328125,103.328125,103.32421875,103.328125,545.0
2025-05-27 13:10:00+00:00,103.328125,103.328125,103.32421875,103.328125,684.0
2025-05-27 13:11:00+00:00,103.33203125,103.33203125,103.32421875,103.32421875,1673.0
2025-05-27 13:12:00+00:00,103.3359375,103.3359375,103.33203125,103.33203125,339.0
2025-05-27 13:13:00+00:00,103.328125,103.3359375,103.328125,103.33203125,457.0
2025-05-27 13:14:00+00:00,103.328125,103.33203125,103.328125,103.33203125,420.0
2025-05-27 13:15:00+00:00,103.328125,103.328125,103.32421875,103.328125,4186.0
2025-05-27 13:16:00+00:00,103.328125,103.33203125,103.32421875,103.32421875,1798.0
2025-05-27 13:17:00+00:00,103.32421875,103.328125,103.32421875,103.328125,371.0
2025-05-27 13:18:00+00:00,103.32421875,103.328125,103.32421875,103.32421875,975.0
2025-05-27 13:19:00+00:00,103.32421875,103.328125,103.32421875,103.32421875,495.0
2025-05-27 13:20:00+00:00,103.328125,103.328125,103.32421875,103.32421875,665.0
2025-05-27 13:21:00+00:00,103.32421875,103.328125,103.32421875,103.32421875,573.0
2025-05-27 13:22:00+00:00,103.3359375,103.3359375,103.32421875,103.32421875,1418.0
2025-05-27 13:23:00+00:00,103.33984375,103.34375,103.3359375,103.3359375,862.0
2025-05-27 13:24:00+00:00,103.3359375,103.33984375,103.33203125,103.33984375,719.0
2025-05-27 13:25:00+00:00,103.3359375,103.3359375,103.3359375,103.3359375,1136.0
2025-05-27 13:26:00+00:00,103.3359375,103.33984375,103.33203125,103.33984375,5217.0
2025-05-27 13:27:00+00:00,103.33203125,103.33984375,103.33203125,103.3359375,3525.0
2025-05-27 13:28:00+00:00,103.33203125,103.3359375,103.33203125,103.3359375,847.0
2025-05-27 13:29:00+00:00,103.33984375,103.33984375,103.33203125,103.3359375,795.0
2025-05-27 13:30:00+00:00,103.3359375,103.33984375,103.3359375,103.33984375,967.0
2025-05-27 13:31:00+00:00,103.33984375,103.33984375,103.3359375,103.3359375,720.0
2025-05-27 13:32:00+00:00,103.3359375,103.34375,103.3359375,103.33984375,938.0
2025-05-27 13:33:00+00:00,103.33203125,103.3359375,103.33203125,103.33203125,430.0
2025-05-27 13:34:00+00:00,103.3359375,103.33984375,103.33203125,103.3359375,102138.0
2025-05-27 13:35:00+00:00,103.328125,103.3359375,103.328125,103.3359375,12268.0
2025-05-27 13:36:00+00:00,103.32421875,103.328125,103.32421875,103.328125,6203.0
2025-05-27 13:37:00+00:00,103.328125,103.328125,103.3203125,103.32421875,13441.0
2025-05-27 13:38:00+00:00,103.32421875,103.33203125,103.32421875,103.328125,2646.0
2025-05-27 13:39:00+00:00,103.32421875,103.32421875,103.3203125,103.3203125,2469.0
2025-05-27 13:40:00+00:00,103.32421875,103.32421875,103.3203125,103.32421875,5046.0
2025-05-27 13:41:00+00:00,103.32421875,103.32421875,103.3203125,103.32421875,893.0
2025-05-27 13:42:00+00:00,103.328125,103.328125,103.3203125,103.32421875,1863.0
2025-05-27 13:43:00+00:00,103.328125,103.328125,103.32421875,103.328125,959.0
2025-05-27 13:44:00+00:00,103.328125,103.328125,103.32421875,103.32421875,67210.0
2025-05-27 13:45:00+00:00,103.32421875,103.33203125,103.32421875,103.328125,13749.0
2025-05-27 13:46:00+00:00,103.32421875,103.32421875,103.3203125,103.32421875,3176.0
2025-05-27 13:47:00+00:00,103.3203125,103.32421875,103.31640625,103.32421875,17237.0
2025-05-27 13:48:00+00:00,103.3203125,103.32421875,103.3203125,103.32421875,762.0
2025-05-27 13:49:00+00:00,103.31640625,103.32421875,103.31640625,103.3203125,1123.0
2025-05-27 13:50:00+00:00,103.3203125,103.3203125,103.31640625,103.3203125,1229.0
2025-05-27 13:51:00+00:00,103.31640625,103.3203125,103.3125,103.3203125,817.0
2025-05-27 13:52:00+00:00,103.3125,103.31640625,103.30859375,103.3125,9541.0
2025-05-27 13:53:00+00:00,103.3125,103.31640625,103.3125,103.31640625,796.0
2025-05-27 13:54:00+00:00,103.3125,103.31640625,103.3125,103.3125,61386.0
2025-05-27 13:55:00+00:00,103.3125,103.3125,103.30859375,103.30859375,25899.0
2025-05-27 13:56:00+00:00,103.3203125,103.3203125,103.3125,103.31640625,7918.0
2025-05-27 13:57:00+00:00,103.31640625,103.3203125,103.3125,103.3203125,12671.0
2025-05-27 13:58:00+00:00,103.3203125,103.32421875,103.31640625,103.3203125,2868.0
2025-05-27 13:59:00+00:00,103.31640625,103.32421875,103.31640625,103.3203125,1650.0
2025-05-27 14:00:00+00:00,103.30859375,103.31640625,103.30078125,103.31640625,7664.0
2025-05-27 14:01:00+00:00,103.3125,103.3125,103.3046875,103.30859375,3783.0
2025-05-27 14:02:00+00:00,103.30859375,103.3125,103.3046875,103.30859375,3331.0
2025-05-27 14:03:00+00:00,103.30859375,103.3125,103.3046875,103.30859375,2021.0
2025-05-27 14:04:00+00:00,103.3125,103.3125,103.3046875,103.30859375,2452.0
2025-05-27 14:05:00+00:00,103.3125,103.3125,103.30859375,103.30859375,712.0
2025-05-27 14:06:00+00:00,103.31640625,103.31640625,103.30859375,103.3125,3525.0
2025-05-27 14:07:00+00:00,103.31640625,103.3203125,103.3125,103.3203125,15009.0
2025-05-27 14:08:00+00:00,103.31640625,103.3203125,103.3125,103.3203125,755.0
2025-05-27 14:09:00+00:00,103.32421875,103.32421875,103.31640625,103.31640625,2466.0
2025-05-27 14:10:00+00:00,103.3203125,103.32421875,103.31640625,103.32421875,1554.0
2025-05-27 14:11:00+00:00,103.3203125,103.32421875,103.31640625,103.3203125,16329.0
2025-05-27 14:12:00+00:00,103.32421875,103.32421875,103.3203125,103.32421875,417.0
2025-05-27 14:13:00+00:00,103.3203125,103.32421875,103.3203125,103.32421875,32415.0
2025-05-27 14:14:00+00:00,103.32421875,103.32421875,103.3203125,103.3203125,2862.0
2025-05-27 14:15:00+00:00,103.3203125,103.32421875,103.3203125,103.32421875,12983.0
2025-05-27 14:16:00+00:00,103.32421875,103.32421875,103.3203125,103.32421875,658.0
2025-05-27 14:17:00+00:00,103.3203125,103.3203125,103.31640625,103.3203125,422.0
2025-05-27 14:18:00+00:00,103.32421875,103.32421875,103.3203125,103.32421875,1691.0
2025-05-27 14:19:00+00:00,103.3203125,103.32421875,103.3203125,103.32421875,801.0
2025-05-27 14:20:00+00:00,103.32421875,103.32421875,103.3203125,103.32421875,2043.0
2025-05-27 14:21:00+00:00,103.3203125,103.32421875,103.3203125,103.32421875,3677.0
2025-05-27 14:22:00+00:00,103.3203125,103.328125,103.3203125,103.32421875,13017.0
2025-05-27 14:23:00+00:00,103.32421875,103.32421875,103.3203125,103.32421875,1899.0
2025-05-27 14:24:00+00:00,103.328125,103.328125,103.3203125,103.3203125,718.0
2025-05-27 14:25:00+00:00,103.328125,103.33203125,103.32421875,103.328125,2074.0
2025-05-27 14:26:00+00:00,103.328125,103.33203125,103.328125,103.328125,539.0
2025-05-27 14:27:00+00:00,103.328125,103.33203125,103.328125,103.328125,1002.0
2025-05-27 14:28:00+00:00,103.328125,103.33203125,103.328125,103.328125,1123.0
2025-05-27 14:29:00+00:00,103.33203125,103.3359375,103.328125,103.328125,531.0
2025-05-27 14:30:00+00:00,103.33984375,103.33984375,103.33203125,103.33203125,534.0
2025-05-27 14:31:00+00:00,103.3359375,103.33984375,103.3359375,103.33984375,258.0
2025-05-27 14:32:00+00:00,103.3359375,103.33984375,103.3359375,103.3359375,194.0
2025-05-27 14:33:00+00:00,103.3359375,103.33984375,103.3359375,103.3359375,1660.0
2025-05-27 14:34:00+00:00,103.328125,103.33984375,103.328125,103.3359375,1412.0
2025-05-27 14:35:00+00:00,103.32421875,103.328125,103.32421875,103.328125,577.0
2025-05-27 14:36:00+00:00,103.32421875,103.328125,103.32421875,103.32421875,8920.0
2025-05-27 14:37:00+00:00,103.328125,103.328125,103.32421875,103.328125,2330.0
2025-05-27 14:38:00+00:00,103.32421875,103.33203125,103.32421875,103.32421875,1526.0
2025-05-27 14:39:00+00:00,103.3203125,103.328125,103.3203125,103.328125,1120.0
2025-05-27 14:40:00+00:00,103.32421875,103.328125,103.3203125,103.32421875,760.0
2025-05-27 14:41:00+00:00,103.33203125,103.3359375,103.32421875,103.32421875,75414.0
2025-05-27 14:42:00+00:00,103.32421875,103.3359375,103.32421875,103.33203125,4317.0
2025-05-27 14:43:00+00:00,103.3203125,103.328125,103.3203125,103.32421875,20291.0
2025-05-27 14:44:00+00:00,103.31640625,103.3203125,103.31640625,103.3203125,1109.0
2025-05-27 14:45:00+00:00,103.32421875,103.32421875,103.31640625,103.3203125,2809.0
2025-05-27 14:46:00+00:00,103.32421875,103.32421875,103.32421875,103.32421875,253.0
2025-05-27 14:47:00+00:00,103.328125,103.328125,103.32421875,103.32421875,716.0
2025-05-27 14:48:00+00:00,103.328125,103.33203125,103.32421875,103.328125,1708.0
2025-05-27 14:49:00+00:00,103.32421875,103.33203125,103.32421875,103.32421875,1007.0
2025-05-27 14:50:00+00:00,103.32421875,103.328125,103.3203125,103.32421875,2741.0
2025-05-27 14:51:00+00:00,103.32421875,103.328125,103.32421875,103.32421875,286.0
2025-05-27 14:52:00+00:00,103.32421875,103.328125,103.32421875,103.32421875,2028.0
2025-05-27 14:53:00+00:00,103.32421875,103.32421875,103.3203125,103.32421875,2999.0
2025-05-27 14:54:00+00:00,103.32421875,103.328125,103.3203125,103.32421875,37489.0
2025-05-27 14:55:00+00:00,103.33203125,103.33203125,103.32421875,103.32421875,11857.0
2025-05-27 14:56:00+00:00,103.328125,103.33203125,103.328125,103.33203125,17600.0
2025-05-27 14:57:00+00:00,103.33203125,103.33203125,103.328125,103.328125,358.0
2025-05-27 14:59:00+00:00,103.32421875,103.33203125,103.32421875,103.33203125,21832.0
2025-05-27 15:00:00+00:00,103.32421875,103.328125,103.32421875,103.32421875,14980.0
2025-05-27 15:01:00+00:00,103.32421875,103.328125,103.32421875,103.328125,3127.0
2025-05-27 15:02:00+00:00,103.32421875,103.32421875,103.32421875,103.32421875,10169.0
2025-05-27 15:03:00+00:00,103.3203125,103.32421875,103.3203125,103.32421875,9067.0
2025-05-27 15:04:00+00:00,103.328125,103.328125,103.3203125,103.32421875,2435.0
2025-05-27 15:05:00+00:00,103.32421875,103.328125,103.32421875,103.32421875,1566.0
2025-05-27 15:06:00+00:00,103.32421875,103.32421875,103.32421875,103.32421875,2695.0
2025-05-27 15:07:00+00:00,103.328125,103.328125,103.32421875,103.328125,132.0
2025-05-27 15:08:00+00:00,103.328125,103.328125,103.32421875,103.328125,135.0
2025-05-27 15:09:00+00:00,103.328125,103.33203125,103.32421875,103.32421875,939.0
2025-05-27 15:11:00+00:00,103.33203125,103.33203125,103.328125,103.328125,133.0
2025-05-27 15:12:00+00:00,103.33203125,103.33203125,103.328125,103.328125,1334.0
2025-05-27 15:13:00+00:00,103.328125,103.33203125,103.328125,103.33203125,210.0
2025-05-27 15:14:00+00:00,103.328125,103.33203125,103.328125,103.328125,267.0
2025-05-27 15:15:00+00:00,103.328125,103.328125,103.3203125,103.328125,1788.0
2025-05-27 15:16:00+00:00,103.32421875,103.32421875,103.32421875,103.32421875,1331.0
2025-05-27 15:17:00+00:00,103.32421875,103.328125,103.32421875,103.328125,1360.0
2025-05-27 15:18:00+00:00,103.32421875,103.328125,103.32421875,103.32421875,415.0
2025-05-27 15:19:00+00:00,103.33203125,103.33203125,103.328125,103.328125,23224.0
2025-05-27 15:20:00+00:00,103.33203125,103.33203125,103.328125,103.328125,9934.0
2025-05-27 15:21:00+00:00,103.33203125,103.3359375,103.328125,103.328125,975.0
2025-05-27 15:22:00+00:00,103.33203125,103.3359375,103.33203125,103.33203125,684.0
2025-05-27 15:23:00+00:00,103.33203125,103.3359375,103.33203125,103.3359375,545.0
2025-05-27 15:24:00+00:00,103.33203125,103.3359375,103.33203125,103.33203125,8288.0
2025-05-27 15:25:00+00:00,103.33984375,103.33984375,103.33203125,103.33203125,1052.0
2025-05-27 15:26:00+00:00,103.3359375,103.3359375,103.3359375,103.3359375,51074.0
2025-05-27 15:27:00+00:00,103.33984375,103.33984375,103.3359375,103.3359375,2580.0
2025-05-27 15:28:00+00:00,103.33984375,103.33984375,103.33984375,103.33984375,2810.0
2025-05-27 15:29:00+00:00,103.33984375,103.34375,103.33984375,103.33984375,5455.0
2025-05-27 15:30:00+00:00,103.33984375,103.33984375,103.33984375,103.33984375,7228.0
2025-05-27 15:31:00+00:00,103.3359375,103.33984375,103.3359375,103.33984375,138.0
2025-05-27 15:32:00+00:00,103.3359375,103.33984375,103.3359375,103.3359375,6699.0
2025-05-27 15:33:00+00:00,103.3359375,103.33984375,103.3359375,103.3359375,54.0
2025-05-27 15:34:00+00:00,103.33984375,103.33984375,103.3359375,103.33984375,11471.0
2025-05-27 15:35:00+00:00,103.33984375,103.33984375,103.3359375,103.33984375,387.0
2025-05-27 15:36:00+00:00,103.3359375,103.33984375,103.3359375,103.3359375,98.0
2025-05-27 15:37:00+00:00,103.33203125,103.3359375,103.33203125,103.3359375,622.0
2025-05-27 15:38:00+00:00,103.33984375,103.33984375,103.33203125,103.33203125,953.0
2025-05-27 15:39:00+00:00,103.34375,103.34375,103.33984375,103.33984375,25065.0
2025-05-27 15:40:00+00:00,103.33984375,103.34375,103.33984375,103.34375,146.0
2025-05-27 15:41:00+00:00,103.33984375,103.34375,103.33984375,103.33984375,327.0
2025-05-27 15:42:00+00:00,103.33984375,103.34375,103.33984375,103.34375,621.0
2025-05-27 15:43:00+00:00,103.3359375,103.34375,103.3359375,103.33984375,974.0
2025-05-27 15:44:00+00:00,103.3359375,103.34375,103.3359375,103.3359375,1751.0
2025-05-27 15:45:00+00:00,103.33203125,103.33984375,103.33203125,103.33984375,936.0
2025-05-27 15:46:00+00:00,103.33203125,103.3359375,103.33203125,103.33203125,750.0
2025-05-27 15:47:00+00:00,103.33203125,103.3359375,103.33203125,103.33203125,925.0
2025-05-27 15:48:00+00:00,103.33203125,103.33203125,103.33203125,103.33203125,459.0
2025-05-27 15:49:00+00:00,103.33203125,103.33203125,103.328125,103.33203125,1437.0
2025-05-27 15:50:00+00:00,103.328125,103.33203125,103.328125,103.328125,648.0
2025-05-27 15:51:00+00:00,103.33203125,103.3359375,103.328125,103.328125,1260.0
2025-05-27 15:52:00+00:00,103.3359375,103.3359375,103.33203125,103.33203125,209.0
2025-05-27 15:53:00+00:00,103.34375,103.34375,103.33984375,103.33984375,7060.0
2025-05-27 15:54:00+00:00,103.33984375,103.34375,103.3359375,103.34375,1202.0
2025-05-27 15:55:00+00:00,103.3359375,103.33984375,103.3359375,103.33984375,386.0
2025-05-27 15:56:00+00:00,103.33984375,103.34375,103.3359375,103.33984375,356.0
2025-05-27 15:57:00+00:00,103.33984375,103.33984375,103.3359375,103.33984375,2840.0
2025-05-27 15:58:00+00:00,103.3359375,103.33984375,103.3359375,103.33984375,275.0
2025-05-27 15:59:00+00:00,103.33984375,103.33984375,103.3359375,103.3359375,4308.0
2025-05-27 16:00:00+00:00,103.33984375,103.33984375,103.3359375,103.33984375,1074.0
2025-05-27 16:01:00+00:00,103.33984375,103.33984375,103.3359375,103.33984375,433.0
2025-05-27 16:02:00+00:00,103.33984375,103.33984375,103.3359375,103.33984375,242.0
2025-05-27 16:03:00+00:00,103.33984375,103.34375,103.3359375,103.33984375,5634.0
2025-05-27 16:04:00+00:00,103.3359375,103.33984375,103.3359375,103.33984375,2696.0
2025-05-27 16:05:00+00:00,103.33984375,103.33984375,103.3359375,103.33984375,271.0
2025-05-27 16:06:00+00:00,103.33984375,103.33984375,103.3359375,103.33984375,380.0
2025-05-27 16:07:00+00:00,103.33984375,103.33984375,103.3359375,103.33984375,182.0
2025-05-27 16:08:00+00:00,103.3359375,103.33984375,103.3359375,103.33984375,226.0
2025-05-27 16:09:00+00:00,103.3359375,103.33984375,103.3359375,103.33984375,6303.0
2025-05-27 16:10:00+00:00,103.3359375,103.3359375,103.33203125,103.3359375,1530.0
2025-05-27 16:11:00+00:00,103.3359375,103.33984375,103.33203125,103.3359375,2540.0
2025-05-27 16:12:00+00:00,103.3359375,103.3359375,103.33203125,103.3359375,2116.0
2025-05-27 16:13:00+00:00,103.3359375,103.33984375,103.3359375,103.3359375,484.0
2025-05-27 16:14:00+00:00,103.33984375,103.33984375,103.3359375,103.33984375,3320.0
2025-05-27 16:15:00+00:00,103.33984375,103.33984375,103.3359375,103.33984375,2757.0
2025-05-27 16:16:00+00:00,103.34375,103.34375,103.3359375,103.33984375,21264.0
2025-05-27 16:17:00+00:00,103.34375,103.34375,103.33984375,103.33984375,414.0
2025-05-27 16:18:00+00:00,103.34375,103.34375,103.33984375,103.33984375,444.0
2025-05-27 16:19:00+00:00,103.34375,103.34375,103.33984375,103.34375,425.0
2025-05-27 16:20:00+00:00,103.34375,103.34375,103.33984375,103.34375,1082.0
2025-05-27 16:21:00+00:00,103.33984375,103.33984375,103.33984375,103.33984375,992.0
2025-05-27 16:22:00+00:00,103.34375,103.34375,103.33984375,103.34375,450.0
2025-05-27 16:23:00+00:00,103.34375,103.34765625,103.34375,103.34375,1777.0
2025-05-27 16:24:00+00:00,103.34765625,103.34765625,103.34375,103.34765625,2760.0
2025-05-27 16:25:00+00:00,103.34765625,103.3515625,103.34765625,103.34765625,5861.0
2025-05-27 16:26:00+00:00,103.33984375,103.34765625,103.33984375,103.34765625,11705.0
2025-05-27 16:27:00+00:00,103.3359375,103.33984375,103.3359375,103.33984375,886.0
2025-05-27 16:28:00+00:00,103.3359375,103.33984375,103.3359375,103.33984375,1970.0
2025-05-27 16:29:00+00:00,103.3359375,103.33984375,103.3359375,103.3359375,464.0
2025-05-27 16:30:00+00:00,103.3359375,103.33984375,103.3359375,103.3359375,648.0
2025-05-27 16:31:00+00:00,103.3359375,103.33984375,103.3359375,103.33984375,293.0
2025-05-27 16:32:00+00:00,103.33984375,103.33984375,103.3359375,103.3359375,693.0
2025-05-27 16:33:00+00:00,103.33984375,103.33984375,103.3359375,103.33984375,911.0
2025-05-27 16:34:00+00:00,103.3359375,103.33984375,103.3359375,103.3359375,713.0
2025-05-27 16:35:00+00:00,103.33203125,103.3359375,103.33203125,103.3359375,2454.0
2025-05-27 16:36:00+00:00,103.33203125,103.3359375,103.33203125,103.3359375,1723.0
2025-05-27 16:37:00+00:00,103.328125,103.3359375,103.328125,103.33203125,5674.0
2025-05-27 16:38:00+00:00,103.328125,103.33203125,103.328125,103.33203125,1171.0
2025-05-27 16:40:00+00:00,103.33203125,103.33203125,103.328125,103.328125,725.0
2025-05-27 16:41:00+00:00,103.33203125,103.3359375,103.328125,103.33203125,3621.0
2025-05-27 16:42:00+00:00,103.33984375,103.33984375,103.3359375,103.3359375,595.0
2025-05-27 16:43:00+00:00,103.3359375,103.33984375,103.33203125,103.3359375,2607.0
2025-05-27 16:44:00+00:00,103.328125,103.3359375,103.328125,103.33203125,1846.0
2025-05-27 16:45:00+00:00,103.3359375,103.3359375,103.328125,103.33203125,1499.0
2025-05-27 16:46:00+00:00,103.33203125,103.3359375,103.328125,103.3359375,2261.0
2025-05-27 16:47:00+00:00,103.33203125,103.33203125,103.328125,103.33203125,719.0
2025-05-27 16:48:00+00:00,103.328125,103.33203125,103.328125,103.328125,476.0
2025-05-27 16:49:00+00:00,103.328125,103.33203125,103.328125,103.33203125,946.0
2025-05-27 16:50:00+00:00,103.328125,103.33203125,103.328125,103.328125,2668.0
2025-05-27 16:51:00+00:00,103.32421875,103.328125,103.3203125,103.328125,6170.0
2025-05-27 16:52:00+00:00,103.32421875,103.328125,103.32421875,103.32421875,898.0
2025-05-27 16:53:00+00:00,103.32421875,103.328125,103.32421875,103.32421875,2345.0
2025-05-27 16:54:00+00:00,103.328125,103.33203125,103.32421875,103.32421875,7144.0
2025-05-27 16:55:00+00:00,103.328125,103.33203125,103.328125,103.328125,1066.0
2025-05-27 16:56:00+00:00,103.328125,103.33203125,103.328125,103.328125,3913.0
2025-05-27 16:57:00+00:00,103.328125,103.33203125,103.328125,103.328125,737.0
2025-05-27 16:58:00+00:00,103.328125,103.33203125,103.328125,103.328125,5092.0
2025-05-27 16:59:00+00:00,103.32421875,103.33203125,103.32421875,103.328125,22498.0
2025-05-27 17:00:00+00:00,103.3359375,103.3359375,103.32421875,103.328125,845.0
2025-05-27 17:01:00+00:00,103.3359375,103.33984375,103.33203125,103.3359375,599.0
2025-05-27 17:02:00+00:00,103.33984375,103.34765625,103.3359375,103.3359375,1751.0
2025-05-27 17:03:00+00:00,103.3359375,103.34375,103.3359375,103.34375,717.0
2025-05-27 17:04:00+00:00,103.3359375,103.33984375,103.33203125,103.33984375,1708.0
2025-05-27 17:05:00+00:00,103.3359375,103.3359375,103.3359375,103.3359375,621.0
2025-05-27 17:06:00+00:00,103.3359375,103.33984375,103.3359375,103.33984375,514.0
2025-05-27 17:07:00+00:00,103.32421875,103.33984375,103.32421875,103.3359375,19825.0
2025-05-27 17:08:00+00:00,103.33203125,103.33203125,103.328125,103.328125,917.0
2025-05-27 17:09:00+00:00,103.33203125,103.33203125,103.328125,103.328125,15453.0
2025-05-27 17:10:00+00:00,103.33203125,103.33203125,103.328125,103.33203125,22838.0
2025-05-27 17:11:00+00:00,103.33203125,103.3359375,103.328125,103.33203125,3208.0
2025-05-27 17:12:00+00:00,103.328125,103.3359375,103.328125,103.3359375,11635.0
2025-05-27 17:13:00+00:00,103.33203125,103.3359375,103.33203125,103.33203125,5722.0
2025-05-27 17:14:00+00:00,103.33203125,103.3359375,103.33203125,103.3359375,11217.0
2025-05-27 17:15:00+00:00,103.328125,103.33203125,103.328125,103.33203125,2407.0
2025-05-27 17:16:00+00:00,103.328125,103.33203125,103.328125,103.33203125,3528.0
2025-05-27 17:17:00+00:00,103.328125,103.33203125,103.328125,103.328125,1423.0
2025-05-27 17:18:00+00:00,103.33203125,103.33203125,103.328125,103.33203125,19.0
2025-05-27 17:19:00+00:00,103.33203125,103.33203125,103.328125,103.328125,336.0
2025-05-27 17:20:00+00:00,103.33203125,103.3359375,103.328125,103.33203125,4160.0
2025-05-27 17:21:00+00:00,103.33203125,103.3359375,103.328125,103.33203125,12322.0
2025-05-27 17:22:00+00:00,103.33203125,103.3359375,103.33203125,103.33203125,29.0
2025-05-27 17:23:00+00:00,103.3359375,103.3359375,103.33203125,103.3359375,39.0
2025-05-27 17:24:00+00:00,103.3359375,103.33984375,103.33203125,103.3359375,1568.0
2025-05-27 17:25:00+00:00,103.3359375,103.33984375,103.3359375,103.33984375,1336.0
2025-05-27 17:26:00+00:00,103.3359375,103.33984375,103.3359375,103.33984375,2794.0
2025-05-27 17:27:00+00:00,103.3359375,103.33984375,103.3359375,103.33984375,16.0
2025-05-27 17:28:00+00:00,103.33203125,103.33984375,103.33203125,103.3359375,774.0
2025-05-27 17:29:00+00:00,103.33203125,103.3359375,103.33203125,103.33203125,602.0
2025-05-27 17:30:00+00:00,103.3359375,103.3359375,103.33203125,103.33203125,155.0
2025-05-27 17:31:00+00:00,103.3359375,103.3359375,103.33203125,103.3359375,54.0
2025-05-27 17:32:00+00:00,103.3359375,103.3359375,103.33203125,103.3359375,30.0
2025-05-27 17:33:00+00:00,103.33203125,103.3359375,103.33203125,103.33203125,2726.0
2025-05-27 17:34:00+00:00,103.3359375,103.3359375,103.33203125,103.33203125,414.0
2025-05-27 17:35:00+00:00,103.33203125,103.3359375,103.33203125,103.3359375,2564.0
2025-05-27 17:36:00+00:00,103.3359375,103.3359375,103.33203125,103.33203125,235.0
2025-05-27 17:37:00+00:00,103.3359375,103.3359375,103.33203125,103.33203125,115.0
2025-05-27 17:38:00+00:00,103.33203125,103.33984375,103.33203125,103.33203125,1463.0
2025-05-27 17:39:00+00:00,103.3359375,103.3359375,103.33203125,103.3359375,704.0
2025-05-27 17:40:00+00:00,103.33203125,103.3359375,103.33203125,103.33203125,128.0
2025-05-27 17:41:00+00:00,103.33203125,103.3359375,103.33203125,103.33203125,306.0
2025-05-27 17:42:00+00:00,103.33203125,103.3359375,103.33203125,103.33203125,1284.0
2025-05-27 17:43:00+00:00,103.33203125,103.3359375,103.33203125,103.3359375,225.0
2025-05-27 17:44:00+00:00,103.33203125,103.3359375,103.33203125,103.3359375,49409.0
2025-05-27 17:45:00+00:00,103.328125,103.33203125,103.328125,103.33203125,1854.0
2025-05-27 17:46:00+00:00,103.328125,103.33203125,103.328125,103.328125,7356.0
2025-05-27 17:47:00+00:00,103.328125,103.33203125,103.328125,103.328125,11.0
2025-05-27 17:48:00+00:00,103.328125,103.33203125,103.328125,103.328125,79.0
2025-05-27 17:49:00+00:00,103.328125,103.33203125,103.328125,103.328125,113.0
2025-05-27 17:50:00+00:00,103.33203125,103.33203125,103.328125,103.328125,966.0
2025-05-27 17:51:00+00:00,103.328125,103.328125,103.328125,103.328125,146.0
2025-05-27 17:52:00+00:00,103.33203125,103.3359375,103.33203125,103.33203125,1031.0
2025-05-27 17:53:00+00:00,103.33203125,103.3359375,103.33203125,103.3359375,19413.0
2025-05-27 17:54:00+00:00,103.33203125,103.3359375,103.328125,103.33203125,1485.0
2025-05-27 17:55:00+00:00,103.33984375,103.34375,103.328125,103.33203125,15293.0
2025-05-27 17:56:00+00:00,103.33203125,103.33984375,103.33203125,103.33984375,2087.0
2025-05-27 17:57:00+00:00,103.3359375,103.3359375,103.33203125,103.3359375,1741.0
2025-05-27 17:58:00+00:00,103.3359375,103.3359375,103.3359375,103.3359375,1111.0
2025-05-27 17:59:00+00:00,103.34375,103.34375,103.3359375,103.33984375,680.0
2025-05-27 18:00:00+00:00,103.33984375,103.34375,103.33984375,103.34375,637.0
2025-05-27 18:01:00+00:00,103.33984375,103.34375,103.33984375,103.33984375,461.0
2025-05-27 18:02:00+00:00,103.34375,103.34375,103.33984375,103.33984375,1353.0
2025-05-27 18:03:00+00:00,103.34375,103.34765625,103.33984375,103.34375,568.0
2025-05-27 18:04:00+00:00,103.34765625,103.34765625,103.34375,103.34765625,30.0
2025-05-27 18:05:00+00:00,103.34765625,103.34765625,103.34375,103.34375,28.0
2025-05-27 18:06:00+00:00,103.34765625,103.34765625,103.34375,103.34765625,4204.0
2025-05-27 18:07:00+00:00,103.34765625,103.34765625,103.34375,103.34765625,6743.0
2025-05-27 18:08:00+00:00,103.34765625,103.34765625,103.34375,103.34765625,619.0
2025-05-27 18:09:00+00:00,103.34375,103.34765625,103.34375,103.34375,1438.0
2025-05-27 18:10:00+00:00,103.34765625,103.34765625,103.34375,103.34375,719.0
2025-05-27 18:11:00+00:00,103.34765625,103.34765625,103.34375,103.34765625,18437.0
2025-05-27 18:12:00+00:00,103.3515625,103.3515625,103.34765625,103.34765625,2017.0
2025-05-27 18:13:00+00:00,103.3515625,103.3515625,103.34765625,103.3515625,1020.0
2025-05-27 18:14:00+00:00,103.34765625,103.3515625,103.34765625,103.34765625,703.0
2025-05-27 18:15:00+00:00,103.3515625,103.3515625,103.34765625,103.3515625,98.0
2025-05-27 18:16:00+00:00,103.3515625,103.35546875,103.34765625,103.3515625,1143.0
2025-05-27 18:17:00+00:00,103.35546875,103.35546875,103.3515625,103.3515625,204.0
2025-05-27 18:18:00+00:00,103.35546875,103.35546875,103.3515625,103.3515625,154.0
2025-05-27 18:19:00+00:00,103.3515625,103.35546875,103.3515625,103.3515625,1776.0
2025-05-27 18:20:00+00:00,103.35546875,103.359375,103.3515625,103.3515625,2105.0
2025-05-27 18:21:00+00:00,103.359375,103.359375,103.35546875,103.35546875,434.0
2025-05-27 18:22:00+00:00,103.359375,103.359375,103.35546875,103.359375,83.0
2025-05-27 18:23:00+00:00,103.35546875,103.359375,103.35546875,103.35546875,251.0
2025-05-27 18:24:00+00:00,103.35546875,103.359375,103.35546875,103.359375,146.0
2025-05-27 18:25:00+00:00,103.359375,103.359375,103.35546875,103.359375,51.0
2025-05-27 18:26:00+00:00,103.359375,103.359375,103.35546875,103.359375,179.0
2025-05-27 18:27:00+00:00,103.35546875,103.359375,103.35546875,103.359375,423.0
2025-05-27 18:28:00+00:00,103.359375,103.36328125,103.359375,103.359375,2863.0
2025-05-27 18:29:00+00:00,103.36328125,103.36328125,103.359375,103.36328125,96.0
2025-05-27 18:30:00+00:00,103.359375,103.36328125,103.359375,103.36328125,90.0
2025-05-27 18:31:00+00:00,103.359375,103.36328125,103.359375,103.359375,199.0
2025-05-27 18:32:00+00:00,103.36328125,103.36328125,103.359375,103.36328125,483.0
2025-05-27 18:33:00+00:00,103.36328125,103.36328125,103.359375,103.359375,377.0
2025-05-27 18:34:00+00:00,103.359375,103.36328125,103.359375,103.359375,132.0
2025-05-27 18:35:00+00:00,103.359375,103.3671875,103.359375,103.359375,3067.0
2025-05-27 18:36:00+00:00,103.359375,103.36328125,103.359375,103.36328125,3522.0
2025-05-27 18:37:00+00:00,103.35546875,103.359375,103.35546875,103.359375,2504.0
2025-05-27 18:38:00+00:00,103.35546875,103.359375,103.35546875,103.359375,865.0
2025-05-27 18:39:00+00:00,103.35546875,103.359375,103.35546875,103.359375,228.0
2025-05-27 18:40:00+00:00,103.35546875,103.359375,103.35546875,103.35546875,128.0
2025-05-27 18:41:00+00:00,103.35546875,103.359375,103.35546875,103.35546875,85.0
2025-05-27 18:42:00+00:00,103.35546875,103.359375,103.35546875,103.35546875,511.0
2025-05-27 18:43:00+00:00,103.35546875,103.359375,103.35546875,103.35546875,246.0
2025-05-27 18:44:00+00:00,103.35546875,103.359375,103.35546875,103.35546875,878.0
2025-05-27 18:45:00+00:00,103.35546875,103.359375,103.35546875,103.359375,83.0
2025-05-27 18:46:00+00:00,103.359375,103.36328125,103.359375,103.359375,644.0
2025-05-27 18:47:00+00:00,103.359375,103.36328125,103.359375,103.36328125,1494.0
2025-05-27 18:48:00+00:00,103.359375,103.36328125,103.359375,103.359375,89.0
2025-05-27 18:49:00+00:00,103.359375,103.36328125,103.359375,103.359375,68.0
2025-05-27 18:50:00+00:00,103.359375,103.36328125,103.359375,103.359375,12744.0
2025-05-27 18:51:00+00:00,103.36328125,103.36328125,103.359375,103.36328125,4629.0
2025-05-27 18:52:00+00:00,103.36328125,103.36328125,103.359375,103.36328125,445.0
2025-05-27 18:53:00+00:00,103.36328125,103.36328125,103.359375,103.36328125,730.0
2025-05-27 18:54:00+00:00,103.36328125,103.36328125,103.359375,103.359375,692.0
2025-05-27 18:55:00+00:00,103.36328125,103.36328125,103.359375,103.36328125,421.0
2025-05-27 18:56:00+00:00,103.36328125,103.36328125,103.359375,103.36328125,755.0
2025-05-27 18:57:00+00:00,103.3671875,103.3671875,103.359375,103.36328125,16477.0
2025-05-27 18:58:00+00:00,103.3671875,103.3671875,103.36328125,103.3671875,2459.0
2025-05-27 18:59:00+00:00,103.359375,103.3671875,103.359375,103.3671875,42623.0
2025-05-27 19:00:00+00:00,103.359375,103.36328125,103.359375,103.36328125,2118.0
2025-05-27 19:01:00+00:00,103.359375,103.359375,103.35546875,103.359375,3048.0
2025-05-27 19:02:00+00:00,103.359375,103.36328125,103.359375,103.36328125,842.0
2025-05-27 19:03:00+00:00,103.359375,103.359375,103.35546875,103.359375,1432.0
2025-05-27 19:04:00+00:00,103.359375,103.36328125,103.359375,103.36328125,27.0
2025-05-27 19:05:00+00:00,103.359375,103.36328125,103.35546875,103.359375,8289.0
2025-05-27 19:06:00+00:00,103.359375,103.36328125,103.359375,103.359375,956.0
2025-05-27 19:07:00+00:00,103.35546875,103.359375,103.35546875,103.359375,273.0
2025-05-27 19:08:00+00:00,103.35546875,103.359375,103.35546875,103.35546875,111.0
2025-05-27 19:09:00+00:00,103.35546875,103.359375,103.35546875,103.35546875,141.0
2025-05-27 19:10:00+00:00,103.35546875,103.359375,103.35546875,103.35546875,428.0
2025-05-27 19:11:00+00:00,103.359375,103.359375,103.35546875,103.35546875,90.0
2025-05-27 19:12:00+00:00,103.359375,103.359375,103.35546875,103.35546875,88.0
2025-05-27 19:13:00+00:00,103.3515625,103.35546875,103.3515625,103.35546875,1340.0
2025-05-27 19:14:00+00:00,103.3515625,103.35546875,103.3515625,103.3515625,78.0
2025-05-27 19:15:00+00:00,103.34765625,103.3515625,103.34765625,103.3515625,684.0
2025-05-27 19:16:00+00:00,103.35546875,103.35546875,103.34765625,103.34765625,981.0
2025-05-27 19:17:00+00:00,103.3515625,103.35546875,103.3515625,103.35546875,181.0
2025-05-27 19:18:00+00:00,103.3515625,103.3515625,103.3515625,103.3515625,695.0
2025-05-27 19:19:00+00:00,103.3515625,103.35546875,103.3515625,103.3515625,2493.0
2025-05-27 19:20:00+00:00,103.35546875,103.35546875,103.3515625,103.3515625,138.0
2025-05-27 19:21:00+00:00,103.35546875,103.35546875,103.3515625,103.3515625,705.0
2025-05-27 19:22:00+00:00,103.35546875,103.35546875,103.3515625,103.35546875,852.0
2025-05-27 19:23:00+00:00,103.34765625,103.3515625,103.34375,103.3515625,877.0
2025-05-27 19:24:00+00:00,103.34375,103.34765625,103.34375,103.34765625,1315.0
2025-05-27 19:25:00+00:00,103.34765625,103.34765625,103.34375,103.34765625,438.0
2025-05-27 19:26:00+00:00,103.34375,103.34765625,103.34375,103.34375,162.0
2025-05-27 19:27:00+00:00,103.34375,103.34765625,103.34375,103.34375,745.0
2025-05-27 19:28:00+00:00,103.34765625,103.34765625,103.34375,103.34375,465.0
2025-05-27 19:29:00+00:00,103.34375,103.34765625,103.34375,103.34375,17.0
2025-05-27 19:30:00+00:00,103.34375,103.34765625,103.34375,103.34765625,2011.0
2025-05-27 19:31:00+00:00,103.34375,103.34765625,103.33984375,103.34375,12143.0
2025-05-27 19:32:00+00:00,103.33984375,103.34375,103.33984375,103.34375,164.0
2025-05-27 19:33:00+00:00,103.33984375,103.34375,103.33984375,103.33984375,4231.0
2025-05-27 19:34:00+00:00,103.34765625,103.34765625,103.33984375,103.34375,695.0
2025-05-27 19:35:00+00:00,103.34765625,103.34765625,103.34375,103.34375,310.0
2025-05-27 19:36:00+00:00,103.34375,103.34765625,103.34375,103.34375,560.0
2025-05-27 19:37:00+00:00,103.34375,103.3515625,103.34375,103.34765625,1179.0
2025-05-27 19:38:00+00:00,103.3515625,103.3515625,103.34375,103.34765625,249.0
2025-05-27 19:39:00+00:00,103.34765625,103.3515625,103.34765625,103.34765625,1209.0
2025-05-27 19:40:00+00:00,103.3515625,103.3515625,103.34765625,103.34765625,1049.0
2025-05-27 19:41:00+00:00,103.3515625,103.3515625,103.34765625,103.3515625,5304.0
2025-05-27 19:42:00+00:00,103.34765625,103.3515625,103.34765625,103.34765625,198.0
2025-05-27 19:43:00+00:00,103.34375,103.34765625,103.34375,103.34765625,1350.0
2025-05-27 19:44:00+00:00,103.34375,103.34765625,103.34375,103.34375,197.0
2025-05-27 19:45:00+00:00,103.34765625,103.34765625,103.34375,103.34375,8001.0
2025-05-27 19:46:00+00:00,103.34765625,103.34765625,103.34375,103.34375,224.0
2025-05-27 19:47:00+00:00,103.33984375,103.34375,103.33984375,103.34375,653.0
2025-05-27 19:48:00+00:00,103.34375,103.34375,103.33984375,103.33984375,81.0
2025-05-27 19:49:00+00:00,103.33984375,103.34375,103.33984375,103.33984375,1642.0
2025-05-27 19:50:00+00:00,103.33984375,103.33984375,103.33984375,103.33984375,29.0
2025-05-27 19:51:00+00:00,103.33984375,103.33984375,103.3359375,103.33984375,1439.0
2025-05-27 19:52:00+00:00,103.34375,103.34375,103.3359375,103.33984375,256.0
2025-05-27 19:53:00+00:00,103.33984375,103.34375,103.33984375,103.33984375,314.0
2025-05-27 19:54:00+00:00,103.33984375,103.33984375,103.33984375,103.33984375,1515.0
2025-05-27 19:55:00+00:00,103.3359375,103.33984375,103.3359375,103.33984375,501.0
2025-05-27 19:56:00+00:00,103.33984375,103.33984375,103.3359375,103.33984375,14718.0
2025-05-27 19:57:00+00:00,103.33984375,103.33984375,103.3359375,103.3359375,279.0
2025-05-27 19:58:00+00:00,103.3359375,103.33984375,103.3359375,103.3359375,45.0
2025-05-27 19:59:00+00:00,103.33984375,103.34375,103.3359375,103.3359375,2447.0
2025-05-27 20:00:00+00:00,103.33984375,103.34375,103.33984375,103.33984375,1725.0
2025-05-27 20:01:00+00:00,103.3359375,103.33984375,103.3359375,103.33984375,755.0
2025-05-27 20:02:00+00:00,103.33203125,103.3359375,103.33203125,103.3359375,13.0
2025-05-27 20:03:00+00:00,103.33203125,103.3359375,103.33203125,103.3359375,54.0
2025-05-27 20:04:00+00:00,103.3359375,103.3359375,103.33203125,103.3359375,83.0
2025-05-27 20:05:00+00:00,103.33203125,103.3359375,103.33203125,103.3359375,149.0
2025-05-27 20:06:00+00:00,103.3359375,103.3359375,103.3359375,103.3359375,14.0
2025-05-27 20:08:00+00:00,103.33203125,103.33203125,103.33203125,103.33203125,27.0
2025-05-27 20:09:00+00:00,103.328125,103.3359375,103.328125,103.33203125,1026.0
2025-05-27 20:12:00+00:00,103.33203125,103.33203125,103.328125,103.328125,3174.0
2025-05-27 20:13:00+00:00,103.328125,103.33203125,103.328125,103.328125,187.0
2025-05-27 20:16:00+00:00,103.32421875,103.33203125,103.32421875,103.328125,680.0
2025-05-27 20:17:00+00:00,103.328125,103.328125,103.32421875,103.328125,1637.0
2025-05-27 20:18:00+00:00,103.328125,103.328125,103.32421875,103.328125,191.0
2025-05-27 20:19:00+00:00,103.33203125,103.33203125,103.328125,103.328125,326.0
2025-05-27 20:21:00+00:00,103.33203125,103.33203125,103.33203125,103.33203125,22.0
2025-05-27 20:23:00+00:00,103.3359375,103.3359375,103.33203125,103.33203125,5553.0
2025-05-27 20:24:00+00:00,103.33984375,103.33984375,103.33984375,103.33984375,222.0
2025-05-27 20:27:00+00:00,103.3359375,103.3359375,103.3359375,103.3359375,81.0
2025-05-27 20:28:00+00:00,103.3359375,103.33984375,103.3359375,103.3359375,113.0
2025-05-27 20:29:00+00:00,103.3359375,103.3359375,103.3359375,103.3359375,47.0
2025-05-27 20:30:00+00:00,103.33984375,103.33984375,103.3359375,103.3359375,711.0
2025-05-27 20:31:00+00:00,103.33984375,103.33984375,103.33984375,103.33984375,339.0
2025-05-27 20:32:00+00:00,103.33984375,103.33984375,103.3359375,103.33984375,1186.0
2025-05-27 20:33:00+00:00,103.3359375,103.3359375,103.3359375,103.3359375,143.0
2025-05-27 20:34:00+00:00,103.3359375,103.33984375,103.3359375,103.33984375,212.0
2025-05-27 20:35:00+00:00,103.33984375,103.33984375,103.33984375,103.33984375,213.0
2025-05-27 20:36:00+00:00,103.33984375,103.34375,103.33984375,103.33984375,712.0
2025-05-27 20:39:00+00:00,103.34375,103.34375,103.34375,103.34375,1011.0
2025-05-27 20:40:00+00:00,103.34375,103.34375,103.34375,103.34375,193.0
2025-05-27 20:41:00+00:00,103.33984375,103.34375,103.33984375,103.34375,525.0
2025-05-27 20:42:00+00:00,103.33984375,103.33984375,103.33984375,103.33984375,553.0
2025-05-27 20:43:00+00:00,103.33984375,103.33984375,103.33984375,103.33984375,211.0
2025-05-27 20:44:00+00:00,103.33984375,103.33984375,103.33984375,103.33984375,352.0
2025-05-27 20:45:00+00:00,103.33984375,103.33984375,103.3359375,103.33984375,686.0
2025-05-27 20:46:00+00:00,103.33984375,103.33984375,103.33984375,103.33984375,34.0
2025-05-27 20:47:00+00:00,103.33984375,103.33984375,103.33984375,103.33984375,57.0
2025-05-27 20:48:00+00:00,103.34375,103.34375,103.33984375,103.33984375,518.0
2025-05-27 20:49:00+00:00,103.33984375,103.34375,103.33984375,103.33984375,166.0
2025-05-27 20:50:00+00:00,103.33984375,103.34375,103.33984375,103.34375,1433.0
2025-05-27 20:51:00+00:00,103.33203125,103.3359375,103.33203125,103.3359375,749.0
2025-05-27 20:52:00+00:00,103.3359375,103.3359375,103.33203125,103.33203125,220.0
2025-05-27 20:53:00+00:00,103.3359375,103.3359375,103.33203125,103.33203125,6492.0
2025-05-27 20:54:00+00:00,103.3359375,103.3359375,103.33203125,103.33203125,380.0
2025-05-27 20:56:00+00:00,103.33203125,103.33203125,103.33203125,103.33203125,827.0
2025-05-27 20:57:00+00:00,103.33203125,103.33203125,103.328125,103.33203125,516.0
2025-05-27 20:58:00+00:00,103.328125,103.33203125,103.328125,103.33203125,69.0
2025-05-27 20:59:00+00:00,103.33203125,103.33203125,103.328125,103.328125,448.0
2025-05-27 22:00:00+00:00,103.33203125,103.33984375,103.33203125,103.33984375,0.0
2025-05-27 22:01:00+00:00,103.3359375,103.3359375,103.3359375,103.3359375,44.0
2025-05-27 22:03:00+00:00,103.33203125,103.3359375,103.33203125,103.3359375,86.0
2025-05-27 22:04:00+00:00,103.33203125,103.3359375,103.33203125,103.3359375,18.0
2025-05-27 22:05:00+00:00,103.3359375,103.3359375,103.33203125,103.3359375,15.0
2025-05-27 22:07:00+00:00,103.3359375,103.3359375,103.3359375,103.3359375,104.0
2025-05-27 22:08:00+00:00,103.3359375,103.3359375,103.3359375,103.3359375,7.0
2025-05-27 22:09:00+00:00,103.33203125,103.33984375,103.33203125,103.33984375,206.0
2025-05-27 22:10:00+00:00,103.33203125,103.3359375,103.33203125,103.3359375,3.0
2025-05-27 22:11:00+00:00,103.33203125,103.33203125,103.33203125,103.33203125,450.0
2025-05-27 22:12:00+00:00,103.33203125,103.3359375,103.33203125,103.33203125,21.0
2025-05-27 22:13:00+00:00,103.3359375,103.3359375,103.3359375,103.3359375,37.0
2025-05-27 22:19:00+00:00,103.3359375,103.3359375,103.3359375,103.3359375,239.0
2025-05-27 22:20:00+00:00,103.3359375,103.3359375,103.3359375,103.3359375,86.0
2025-05-27 22:23:00+00:00,103.3359375,103.3359375,103.3359375,103.3359375,62.0
2025-05-27 22:24:00+00:00,103.3359375,103.3359375,103.3359375,103.3359375,69.0
2025-05-27 22:25:00+00:00,103.3359375,103.3359375,103.3359375,103.3359375,43.0
2025-05-27 22:27:00+00:00,103.3359375,103.3359375,103.3359375,103.3359375,105.0
2025-05-27 22:28:00+00:00,103.3359375,103.3359375,103.3359375,103.3359375,70.0
2025-05-27 22:30:00+00:00,103.3359375,103.33984375,103.3359375,103.33984375,2.0
2025-05-27 22:31:00+00:00,103.33984375,103.33984375,103.33984375,103.33984375,124.0
2025-05-27 22:32:00+00:00,103.33984375,103.33984375,103.33984375,103.33984375,2.0
2025-05-27 22:36:00+00:00,103.33984375,103.33984375,103.33984375,103.33984375,80.0
2025-05-27 22:37:00+00:00,103.33984375,103.33984375,103.33984375,103.33984375,1.0
2025-05-27 22:42:00+00:00,103.3359375,103.3359375,103.3359375,103.3359375,171.0
2025-05-27 22:43:00+00:00,103.33203125,103.33984375,103.33203125,103.33984375,94.0
2025-05-27 22:47:00+00:00,103.3359375,103.3359375,103.33203125,103.33203125,3.0
2025-05-27 22:52:00+00:00,103.33203125,103.3359375,103.33203125,103.3359375,2.0
2025-05-27 23:02:00+00:00,103.3359375,103.3359375,103.33203125,103.33203125,77.0
2025-05-27 23:04:00+00:00,103.3359375,103.3359375,103.33203125,103.33203125,2.0
2025-05-27 23:06:00+00:00,103.3359375,103.3359375,103.3359375,103.3359375,24.0
2025-05-27 23:08:00+00:00,103.3359375,103.3359375,103.3359375,103.3359375,189.0
2025-05-27 23:09:00+00:00,103.33203125,103.33203125,103.33203125,103.33203125,327.0
2025-05-27 23:14:00+00:00,103.3359375,103.3359375,103.3359375,103.3359375,79.0
2025-05-27 23:15:00+00:00,103.3359375,103.3359375,103.3359375,103.3359375,17.0
2025-05-27 23:23:00+00:00,103.3359375,103.3359375,103.3359375,103.3359375,87.0
2025-05-27 23:30:00+00:00,103.328125,103.3359375,103.328125,103.33203125,97.0
2025-05-27 23:40:00+00:00,103.33203125,103.3359375,103.33203125,103.3359375,5.0
2025-05-27 23:42:00+00:00,103.3359375,103.3359375,103.3359375,103.3359375,132.0
2025-05-27 23:43:00+00:00,103.3359375,103.3359375,103.3359375,103.3359375,4.0
2025-05-27 23:51:00+00:00,103.3359375,103.3359375,103.3359375,103.3359375,41.0
2025-05-27 23:52:00+00:00,103.3359375,103.3359375,103.3359375,103.3359375,165.0
2025-05-27 23:57:00+00:00,103.3359375,103.3359375,103.3359375,103.3359375,90.0
2025-05-27 23:58:00+00:00,103.3359375,103.3359375,103.33203125,103.33203125,57.0
2025-05-27 23:59:00+00:00,103.3359375,103.3359375,103.3359375,103.3359375,173.0
2025-05-28 00:01:00+00:00,103.3359375,103.3359375,103.3359375,103.3359375,344.0
2025-05-28 00:05:00+00:00,103.33203125,103.33203125,103.33203125,103.33203125,344.0
2025-05-28 00:08:00+00:00,103.33203125,103.33203125,103.33203125,103.33203125,196.0
2025-05-28 00:15:00+00:00,103.3359375,103.3359375,103.33203125,103.33203125,149.0
2025-05-28 00:16:00+00:00,103.33984375,103.33984375,103.33984375,103.33984375,231.0
2025-05-28 00:21:00+00:00,103.33984375,103.33984375,103.33984375,103.33984375,133.0
2025-05-28 00:23:00+00:00,103.3359375,103.3359375,103.3359375,103.3359375,15.0
2025-05-28 00:27:00+00:00,103.33984375,103.33984375,103.33984375,103.33984375,71.0
2025-05-28 00:28:00+00:00,103.33984375,103.33984375,103.33984375,103.33984375,262.0
2025-05-28 00:29:00+00:00,103.34375,103.34375,103.34375,103.34375,9.0
2025-05-28 00:30:00+00:00,103.34375,103.34375,103.34375,103.34375,5.0
2025-05-28 00:33:00+00:00,103.33984375,103.33984375,103.33984375,103.33984375,69.0
2025-05-28 00:34:00+00:00,103.33984375,103.33984375,103.33984375,103.33984375,331.0
2025-05-28 00:36:00+00:00,103.33984375,103.33984375,103.33984375,103.33984375,129.0
2025-05-28 00:37:00+00:00,103.33984375,103.33984375,103.33984375,103.33984375,255.0
2025-05-28 00:38:00+00:00,103.3359375,103.3359375,103.3359375,103.3359375,250.0
2025-05-28 00:39:00+00:00,103.33984375,103.33984375,103.33984375,103.33984375,11.0
2025-05-28 00:40:00+00:00,103.33984375,103.33984375,103.33984375,103.33984375,3.0
2025-05-28 00:41:00+00:00,103.3359375,103.33984375,103.3359375,103.33984375,90.0
2025-05-28 00:42:00+00:00,103.33984375,103.33984375,103.33984375,103.33984375,478.0
2025-05-28 00:43:00+00:00,103.34375,103.34375,103.33984375,103.33984375,427.0
2025-05-28 00:44:00+00:00,103.34375,103.34375,103.34375,103.34375,571.0
2025-05-28 00:45:00+00:00,103.34375,103.34375,103.33984375,103.34375,4.0
2025-05-28 00:48:00+00:00,103.33984375,103.34375,103.33984375,103.33984375,199.0
2025-05-28 00:49:00+00:00,103.33984375,103.34375,103.33984375,103.33984375,97.0
2025-05-28 00:51:00+00:00,103.33984375,103.34375,103.33984375,103.34375,50.0
2025-05-28 00:52:00+00:00,103.3359375,103.3359375,103.3359375,103.3359375,89.0
2025-05-28 00:53:00+00:00,103.3359375,103.3359375,103.3359375,103.3359375,183.0
2025-05-28 00:54:00+00:00,103.3359375,103.3359375,103.33203125,103.3359375,497.0
2025-05-28 00:56:00+00:00,103.3359375,103.3359375,103.3359375,103.3359375,126.0
2025-05-28 01:02:00+00:00,103.3359375,103.3359375,103.3359375,103.3359375,170.0
2025-05-28 01:03:00+00:00,103.3359375,103.3359375,103.3359375,103.3359375,48.0
2025-05-28 01:05:00+00:00,103.33203125,103.33203125,103.33203125,103.33203125,151.0
2025-05-28 01:10:00+00:00,103.32421875,103.328125,103.32421875,103.328125,217.0
2025-05-28 01:11:00+00:00,103.32421875,103.32421875,103.32421875,103.32421875,290.0
2025-05-28 01:13:00+00:00,103.3203125,103.32421875,103.3203125,103.32421875,3.0
2025-05-28 01:15:00+00:00,103.3203125,103.32421875,103.3203125,103.32421875,299.0
2025-05-28 01:16:00+00:00,103.31640625,103.31640625,103.3125,103.31640625,3040.0
2025-05-28 01:17:00+00:00,103.3203125,103.3203125,103.31640625,103.31640625,238.0
2025-05-28 01:21:00+00:00,103.3203125,103.32421875,103.3203125,103.32421875,101.0
2025-05-28 01:25:00+00:00,103.3203125,103.3203125,103.3203125,103.3203125,144.0
2025-05-28 01:27:00+00:00,103.32421875,103.32421875,103.3203125,103.3203125,11.0
2025-05-28 01:28:00+00:00,103.3203125,103.3203125,103.3203125,103.3203125,211.0
2025-05-28 01:33:00+00:00,103.328125,103.328125,103.32421875,103.328125,182.0
2025-05-28 01:34:00+00:00,103.328125,103.328125,103.32421875,103.32421875,616.0
2025-05-28 01:36:00+00:00,103.32421875,103.328125,103.32421875,103.328125,24.0
2025-05-28 01:37:00+00:00,103.32421875,103.32421875,103.32421875,103.32421875,26.0
2025-05-28 01:39:00+00:00,103.328125,103.328125,103.328125,103.328125,108.0
2025-05-28 01:47:00+00:00,103.328125,103.328125,103.328125,103.328125,214.0
2025-05-28 01:55:00+00:00,103.32421875,103.328125,103.32421875,103.32421875,11.0
2025-05-28 01:58:00+00:00,103.32421875,103.328125,103.32421875,103.328125,3.0
2025-05-28 02:02:00+00:00,103.32421875,103.32421875,103.32421875,103.32421875,117.0
2025-05-28 02:03:00+00:00,103.328125,103.328125,103.32421875,103.32421875,4877.0
2025-05-28 02:05:00+00:00,103.32421875,103.328125,103.32421875,103.328125,84.0
2025-05-28 02:07:00+00:00,103.32421875,103.32421875,103.32421875,103.32421875,393.0
2025-05-28 02:08:00+00:00,103.32421875,103.32421875,103.32421875,103.32421875,148.0
2025-05-28 02:11:00+00:00,103.32421875,103.32421875,103.32421875,103.32421875,41.0
2025-05-28 02:13:00+00:00,103.32421875,103.328125,103.32421875,103.328125,10.0
2025-05-28 02:20:00+00:00,103.32421875,103.328125,103.32421875,103.328125,20.0
2025-05-28 02:25:00+00:00,103.32421875,103.32421875,103.32421875,103.32421875,222.0
2025-05-28 02:27:00+00:00,103.328125,103.328125,103.328125,103.328125,39.0
2025-05-28 02:31:00+00:00,103.328125,103.328125,103.328125,103.328125,137.0
2025-05-28 02:37:00+00:00,103.328125,103.328125,103.328125,103.328125,44.0
2025-05-28 02:58:00+00:00,103.32421875,103.32421875,103.32421875,103.32421875,310.0
2025-05-28 03:06:00+00:00,103.32421875,103.328125,103.32421875,103.328125,5.0
2025-05-28 03:12:00+00:00,103.3203125,103.3203125,103.3203125,103.3203125,1255.0
2025-05-28 03:19:00+00:00,103.3203125,103.3203125,103.3203125,103.3203125,231.0
2025-05-28 03:23:00+00:00,103.31640625,103.31640625,103.31640625,103.31640625,59.0
2025-05-28 03:29:00+00:00,103.31640625,103.31640625,103.31640625,103.31640625,5841.0
2025-05-28 03:33:00+00:00,103.3203125,103.3203125,103.3203125,103.3203125,194.0
2025-05-28 03:35:00+00:00,103.31640625,103.32421875,103.31640625,103.32421875,767.0
2025-05-28 03:36:00+00:00,103.31640625,103.31640625,103.31640625,103.31640625,76.0
2025-05-28 03:39:00+00:00,103.31640625,103.31640625,103.31640625,103.31640625,90.0
2025-05-28 03:45:00+00:00,103.31640625,103.3203125,103.31640625,103.3203125,292.0
2025-05-28 03:49:00+00:00,103.3203125,103.3203125,103.3203125,103.3203125,210.0
2025-05-28 03:55:00+00:00,103.3203125,103.3203125,103.3203125,103.3203125,186.0
2025-05-28 03:56:00+00:00,103.31640625,103.3203125,103.31640625,103.3203125,95.0
2025-05-28 03:58:00+00:00,103.3203125,103.3203125,103.3203125,103.3203125,31.0
2025-05-28 04:00:00+00:00,103.3203125,103.3203125,103.3203125,103.3203125,18.0
2025-05-28 04:01:00+00:00,103.3203125,103.3203125,103.3203125,103.3203125,102.0
2025-05-28 04:02:00+00:00,103.3203125,103.3203125,103.3203125,103.3203125,98.0
2025-05-28 04:03:00+00:00,103.3203125,103.32421875,103.3203125,103.3203125,211.0
2025-05-28 04:04:00+00:00,103.3203125,103.32421875,103.3203125,103.32421875,11.0
2025-05-28 04:10:00+00:00,103.3203125,103.3203125,103.3203125,103.3203125,468.0
2025-05-28 04:15:00+00:00,103.3203125,103.3203125,103.3203125,103.3203125,456.0
2025-05-28 04:16:00+00:00,103.31640625,103.31640625,103.31640625,103.31640625,63.0
2025-05-28 04:18:00+00:00,103.3203125,103.3203125,103.3203125,103.3203125,0.0
