Datetime,Close,High,Low,Open,Volume
2025-02-19 10:11:00+00:00,106.2109375,106.2109375,106.2109375,106.2109375,0.0
2025-02-19 10:12:00+00:00,106.2109375,106.2109375,106.2109375,106.2109375,119.0
2025-02-19 10:13:00+00:00,106.21875,106.21875,106.2109375,106.2109375,858.0
2025-02-19 10:14:00+00:00,106.2109375,106.21875,106.2109375,106.21875,196.0
2025-02-19 10:15:00+00:00,106.2109375,106.2109375,106.2109375,106.2109375,9.0
2025-02-19 10:16:00+00:00,106.2109375,106.21875,106.2109375,106.21875,405.0
2025-02-19 10:17:00+00:00,106.2109375,106.2109375,106.2109375,106.2109375,44.0
2025-02-19 10:18:00+00:00,106.203125,106.2109375,106.203125,106.2109375,125.0
2025-02-19 10:19:00+00:00,106.203125,106.203125,106.203125,106.203125,14.0
2025-02-19 10:20:00+00:00,106.2109375,106.2109375,106.203125,106.203125,216.0
2025-02-19 10:22:00+00:00,106.203125,106.2109375,106.203125,106.203125,13.0
2025-02-19 10:23:00+00:00,106.203125,106.203125,106.203125,106.203125,9.0
2025-02-19 10:24:00+00:00,106.203125,106.203125,106.203125,106.203125,10.0
2025-02-19 10:26:00+00:00,106.2109375,106.2109375,106.2109375,106.2109375,906.0
2025-02-19 10:27:00+00:00,106.2109375,106.21875,106.2109375,106.2109375,1146.0
2025-02-19 10:28:00+00:00,106.2109375,106.2109375,106.2109375,106.2109375,1515.0
2025-02-19 10:29:00+00:00,106.21875,106.21875,106.2109375,106.2109375,3094.0
2025-02-19 10:30:00+00:00,106.21875,106.2265625,106.21875,106.21875,1301.0
2025-02-19 10:31:00+00:00,106.21875,106.21875,106.2109375,106.21875,1873.0
2025-02-19 10:33:00+00:00,106.2265625,106.2265625,106.2265625,106.2265625,1177.0
2025-02-19 10:35:00+00:00,106.2265625,106.2265625,106.2265625,106.2265625,3.0
2025-02-19 10:36:00+00:00,106.234375,106.234375,106.234375,106.234375,74.0
2025-02-19 10:37:00+00:00,106.234375,106.234375,106.234375,106.234375,99.0
2025-02-19 10:38:00+00:00,106.2265625,106.234375,106.2265625,106.2265625,226.0
2025-02-19 10:39:00+00:00,106.234375,106.234375,106.2265625,106.2265625,493.0
2025-02-19 10:40:00+00:00,106.234375,106.234375,106.234375,106.234375,534.0
2025-02-19 10:41:00+00:00,106.234375,106.234375,106.2265625,106.234375,81.0
2025-02-19 10:42:00+00:00,106.2421875,106.2421875,106.234375,106.234375,319.0
2025-02-19 10:43:00+00:00,106.234375,106.234375,106.234375,106.234375,76.0
2025-02-19 10:44:00+00:00,106.234375,106.234375,106.234375,106.234375,651.0
2025-02-19 10:45:00+00:00,106.2421875,106.2421875,106.234375,106.234375,2138.0
2025-02-19 10:46:00+00:00,106.2421875,106.2421875,106.2265625,106.234375,368.0
2025-02-19 10:47:00+00:00,106.234375,106.2421875,106.234375,106.234375,216.0
2025-02-19 10:49:00+00:00,106.21875,106.2265625,106.21875,106.2265625,1100.0
2025-02-19 10:50:00+00:00,106.2265625,106.2265625,106.21875,106.21875,460.0
2025-02-19 10:51:00+00:00,106.2265625,106.234375,106.2265625,106.2265625,215.0
2025-02-19 10:52:00+00:00,106.2265625,106.2265625,106.2265625,106.2265625,1.0
2025-02-19 10:53:00+00:00,106.234375,106.234375,106.2265625,106.2265625,402.0
2025-02-19 10:54:00+00:00,106.2265625,106.234375,106.2265625,106.234375,452.0
2025-02-19 10:55:00+00:00,106.234375,106.234375,106.2265625,106.234375,72.0
2025-02-19 10:56:00+00:00,106.234375,106.234375,106.234375,106.234375,124.0
2025-02-19 10:58:00+00:00,106.234375,106.234375,106.2265625,106.2265625,2287.0
2025-02-19 10:59:00+00:00,106.2421875,106.2421875,106.234375,106.234375,1479.0
2025-02-19 11:00:00+00:00,106.2421875,106.2421875,106.234375,106.234375,736.0
2025-02-19 11:01:00+00:00,106.2265625,106.2421875,106.2109375,106.2421875,5507.0
2025-02-19 11:02:00+00:00,106.2265625,106.2265625,106.2265625,106.2265625,466.0
2025-02-19 11:03:00+00:00,106.2265625,106.234375,106.2265625,106.234375,2085.0
2025-02-19 11:04:00+00:00,106.21875,106.2265625,106.21875,106.2265625,665.0
2025-02-19 11:05:00+00:00,106.2265625,106.234375,106.2265625,106.2265625,905.0
2025-02-19 11:06:00+00:00,106.21875,106.21875,106.21875,106.21875,56.0
2025-02-19 11:07:00+00:00,106.21875,106.21875,106.2109375,106.21875,1161.0
2025-02-19 11:08:00+00:00,106.2265625,106.2265625,106.21875,106.21875,465.0
2025-02-19 11:09:00+00:00,106.2265625,106.2265625,106.2265625,106.2265625,395.0
2025-02-19 11:10:00+00:00,106.2265625,106.2265625,106.21875,106.2265625,831.0
2025-02-19 11:20:00+00:00,106.2109375,106.21875,106.2109375,106.21099853515625,16863.0
2025-02-19 11:21:00+00:00,106.2265625,106.2265625,106.21875,106.21875,264.0
2025-02-19 11:22:00+00:00,106.21875,106.21875,106.21875,106.21875,880.0
2025-02-19 11:23:00+00:00,106.21875,106.21875,106.21875,106.21875,899.0
2025-02-19 11:24:00+00:00,106.21875,106.21875,106.21875,106.21875,282.0
2025-02-19 11:25:00+00:00,106.2265625,106.2265625,106.21875,106.21875,756.0
2025-02-19 11:27:00+00:00,106.2109375,106.2265625,106.2109375,106.2265625,794.0
2025-02-19 11:28:00+00:00,106.21875,106.21875,106.21875,106.21875,1183.0
2025-02-19 11:29:00+00:00,106.21875,106.21875,106.21875,106.21875,1280.0
2025-02-19 11:30:00+00:00,106.2109375,106.2265625,106.2109375,106.21875,967.0
2025-02-19 11:31:00+00:00,106.21875,106.21875,106.2109375,106.21875,177.0
2025-02-19 11:32:00+00:00,106.2109375,106.2109375,106.203125,106.2109375,864.0
2025-02-19 11:33:00+00:00,106.2109375,106.21875,106.2109375,106.2109375,22.0
2025-02-19 11:34:00+00:00,106.2109375,106.21875,106.2109375,106.2109375,7256.0
2025-02-19 11:35:00+00:00,106.2109375,106.2109375,106.2109375,106.2109375,5.0
2025-02-19 11:36:00+00:00,106.2109375,106.2109375,106.2109375,106.2109375,1393.0
2025-02-19 11:37:00+00:00,106.2109375,106.21875,106.2109375,106.2109375,501.0
2025-02-19 11:38:00+00:00,106.203125,106.203125,106.203125,106.203125,23.0
2025-02-19 11:39:00+00:00,106.203125,106.2109375,106.203125,106.203125,1314.0
2025-02-19 11:40:00+00:00,106.2109375,106.2109375,106.1953125,106.203125,946.0
2025-02-19 11:41:00+00:00,106.2109375,106.21875,106.2109375,106.2109375,1991.0
2025-02-19 11:42:00+00:00,106.2109375,106.2109375,106.203125,106.2109375,2194.0
2025-02-19 11:43:00+00:00,106.21875,106.21875,106.2109375,106.2109375,43.0
2025-02-19 11:44:00+00:00,106.2109375,106.2109375,106.203125,106.2109375,3107.0
2025-02-19 11:46:00+00:00,106.2109375,106.2109375,106.203125,106.2109375,551.0
2025-02-19 11:49:00+00:00,106.203125,106.2109375,106.203125,106.2109375,44.0
2025-02-19 11:51:00+00:00,106.2109375,106.2109375,106.2109375,106.2109375,74.0
2025-02-19 11:52:00+00:00,106.203125,106.203125,106.203125,106.203125,196.0
2025-02-19 11:53:00+00:00,106.2109375,106.2109375,106.1953125,106.203125,2117.0
2025-02-19 11:54:00+00:00,106.2109375,106.2109375,106.2109375,106.2109375,47.0
2025-02-19 11:55:00+00:00,106.21875,106.21875,106.21875,106.21875,718.0
2025-02-19 11:56:00+00:00,106.2265625,106.234375,106.21875,106.2265625,1178.0
2025-02-19 11:57:00+00:00,106.2265625,106.2265625,106.2265625,106.2265625,412.0
2025-02-19 11:58:00+00:00,106.21875,106.2265625,106.21875,106.21875,259.0
2025-02-19 11:59:00+00:00,106.21875,106.21875,106.21875,106.21875,823.0
2025-02-19 12:00:00+00:00,106.2109375,106.21875,106.2109375,106.21875,402.0
2025-02-19 12:01:00+00:00,106.2109375,106.2109375,106.2109375,106.2109375,545.0
2025-02-19 12:02:00+00:00,106.2109375,106.2109375,106.2109375,106.2109375,744.0
2025-02-19 12:03:00+00:00,106.2109375,106.2109375,106.2109375,106.2109375,57.0
2025-02-19 12:04:00+00:00,106.21875,106.21875,106.2109375,106.2109375,350.0
2025-02-19 12:05:00+00:00,106.21875,106.21875,106.21875,106.21875,159.0
2025-02-19 12:06:00+00:00,106.21875,106.21875,106.2109375,106.2109375,270.0
2025-02-19 12:07:00+00:00,106.21875,106.21875,106.2109375,106.21875,86.0
2025-02-19 12:08:00+00:00,106.21875,106.21875,106.21875,106.21875,1421.0
2025-02-19 12:09:00+00:00,106.2265625,106.2265625,106.21875,106.2265625,9604.0
2025-02-19 12:10:00+00:00,106.21875,106.21875,106.21875,106.21875,20.0
2025-02-19 12:11:00+00:00,106.21875,106.21875,106.21875,106.21875,742.0
2025-02-19 12:12:00+00:00,106.21875,106.2265625,106.21875,106.21875,44.0
2025-02-19 12:13:00+00:00,106.21875,106.21875,106.21875,106.21875,45.0
2025-02-19 12:14:00+00:00,106.234375,106.234375,106.2265625,106.2265625,1551.0
2025-02-19 12:15:00+00:00,106.234375,106.234375,106.234375,106.234375,33.0
2025-02-19 12:16:00+00:00,106.2421875,106.2421875,106.234375,106.234375,2074.0
2025-02-19 12:17:00+00:00,106.2421875,106.25,106.2421875,106.2421875,2108.0
2025-02-19 12:18:00+00:00,106.2421875,106.2421875,106.2421875,106.2421875,4.0
2025-02-19 12:19:00+00:00,106.2421875,106.2421875,106.234375,106.2421875,872.0
2025-02-19 12:20:00+00:00,106.25,106.25,106.2421875,106.2421875,1251.0
2025-02-19 12:21:00+00:00,106.2421875,106.25,106.2421875,106.25,329.0
2025-02-19 12:22:00+00:00,106.2421875,106.2421875,106.2421875,106.2421875,1692.0
2025-02-19 12:23:00+00:00,106.2421875,106.2421875,106.2421875,106.2421875,946.0
2025-02-19 12:24:00+00:00,106.25,106.25,106.25,106.25,1262.0
2025-02-19 12:25:00+00:00,106.25,106.25,106.25,106.25,201.0
2025-02-19 12:26:00+00:00,106.2421875,106.25,106.2421875,106.25,18.0
2025-02-19 12:27:00+00:00,106.25,106.25,106.2421875,106.2421875,458.0
2025-02-19 12:28:00+00:00,106.25,106.25,106.25,106.25,293.0
2025-02-19 12:29:00+00:00,106.2421875,106.25,106.2421875,106.25,190.0
2025-02-19 12:30:00+00:00,106.2421875,106.2421875,106.2421875,106.2421875,1553.0
2025-02-19 12:31:00+00:00,106.2421875,106.2421875,106.2421875,106.2421875,808.0
2025-02-19 12:32:00+00:00,106.2421875,106.2421875,106.2421875,106.2421875,588.0
2025-02-19 12:33:00+00:00,106.2421875,106.25,106.2421875,106.2421875,513.0
2025-02-19 12:34:00+00:00,106.234375,106.2421875,106.234375,106.2421875,917.0
2025-02-19 12:35:00+00:00,106.234375,106.234375,106.234375,106.234375,1258.0
2025-02-19 12:36:00+00:00,106.234375,106.234375,106.234375,106.234375,1468.0
2025-02-19 12:37:00+00:00,106.2265625,106.2265625,106.2265625,106.2265625,195.0
2025-02-19 12:38:00+00:00,106.2265625,106.2265625,106.2265625,106.2265625,257.0
2025-02-19 12:39:00+00:00,106.2265625,106.2265625,106.2265625,106.2265625,48.0
2025-02-19 12:41:00+00:00,106.234375,106.234375,106.234375,106.234375,107.0
2025-02-19 12:42:00+00:00,106.234375,106.234375,106.234375,106.234375,7.0
2025-02-19 12:43:00+00:00,106.2265625,106.2265625,106.2265625,106.2265625,60.0
2025-02-19 12:44:00+00:00,106.234375,106.234375,106.2265625,106.234375,608.0
2025-02-19 12:45:00+00:00,106.234375,106.234375,106.234375,106.234375,512.0
2025-02-19 12:46:00+00:00,106.234375,106.234375,106.234375,106.234375,89.0
2025-02-19 12:47:00+00:00,106.2421875,106.2421875,106.234375,106.234375,949.0
2025-02-19 12:48:00+00:00,106.2265625,106.234375,106.2265625,106.234375,234.0
2025-02-19 12:49:00+00:00,106.2265625,106.2265625,106.2265625,106.2265625,5.0
2025-02-19 12:50:00+00:00,106.2421875,106.2421875,106.234375,106.234375,1699.0
2025-02-19 12:51:00+00:00,106.2421875,106.2421875,106.234375,106.2421875,304.0
2025-02-19 12:52:00+00:00,106.234375,106.2421875,106.234375,106.234375,1219.0
2025-02-19 12:53:00+00:00,106.234375,106.234375,106.234375,106.234375,772.0
2025-02-19 12:54:00+00:00,106.2265625,106.234375,106.2265625,106.234375,1580.0
2025-02-19 12:55:00+00:00,106.2265625,106.2265625,106.2265625,106.2265625,61.0
2025-02-19 12:56:00+00:00,106.21875,106.2265625,106.21875,106.2265625,1611.0
2025-02-19 12:57:00+00:00,106.21875,106.2265625,106.21875,106.21875,416.0
2025-02-19 12:58:00+00:00,106.21875,106.21875,106.21875,106.21875,53.0
2025-02-19 12:59:00+00:00,106.21875,106.21875,106.21875,106.21875,451.0
2025-02-19 13:00:00+00:00,106.2265625,106.234375,106.21875,106.2265625,5442.0
2025-02-19 13:01:00+00:00,106.2265625,106.2265625,106.21875,106.21875,5424.0
2025-02-19 13:02:00+00:00,106.2265625,106.234375,106.2265625,106.2265625,1778.0
2025-02-19 13:03:00+00:00,106.234375,106.234375,106.21875,106.2265625,4288.0
2025-02-19 13:04:00+00:00,106.2265625,106.2421875,106.2265625,106.234375,1136.0
2025-02-19 13:05:00+00:00,106.21875,106.234375,106.21875,106.2265625,384.0
2025-02-19 13:06:00+00:00,106.2265625,106.2265625,106.21875,106.2265625,1315.0
2025-02-19 13:07:00+00:00,106.21875,106.234375,106.21875,106.2265625,757.0
2025-02-19 13:08:00+00:00,106.234375,106.234375,106.2265625,106.2265625,1342.0
2025-02-19 13:09:00+00:00,106.2265625,106.2265625,106.21875,106.2265625,934.0
2025-02-19 13:10:00+00:00,106.21875,106.2265625,106.21875,106.2265625,358.0
2025-02-19 13:11:00+00:00,106.2265625,106.2265625,106.2265625,106.2265625,1147.0
2025-02-19 13:12:00+00:00,106.234375,106.234375,106.2265625,106.2265625,888.0
2025-02-19 13:13:00+00:00,106.2265625,106.234375,106.2265625,106.234375,2293.0
2025-02-19 13:14:00+00:00,106.21875,106.2265625,106.2109375,106.2265625,4194.0
2025-02-19 13:15:00+00:00,106.2265625,106.2265625,106.2109375,106.21875,3365.0
2025-02-19 13:16:00+00:00,106.2265625,106.2265625,106.21875,106.2265625,2155.0
2025-02-19 13:17:00+00:00,106.2265625,106.2265625,106.21875,106.2265625,3029.0
2025-02-19 13:18:00+00:00,106.2265625,106.2265625,106.21875,106.2265625,1565.0
2025-02-19 13:19:00+00:00,106.2265625,106.2265625,106.21875,106.2265625,1789.0
2025-02-19 13:20:00+00:00,106.2109375,106.2265625,106.2109375,106.21875,4243.0
2025-02-19 13:21:00+00:00,106.2109375,106.21875,106.203125,106.2109375,1710.0
2025-02-19 13:22:00+00:00,106.21875,106.21875,106.203125,106.203125,2163.0
2025-02-19 13:23:00+00:00,106.203125,106.21875,106.1953125,106.2109375,4688.0
2025-02-19 13:24:00+00:00,106.2109375,106.2109375,106.203125,106.203125,872.0
2025-02-19 13:25:00+00:00,106.203125,106.2109375,106.203125,106.2109375,161.0
2025-02-19 13:26:00+00:00,106.203125,106.2109375,106.1953125,106.203125,74903.0
2025-02-19 13:27:00+00:00,106.203125,106.203125,106.1953125,106.1953125,2153.0
2025-02-19 13:28:00+00:00,106.1953125,106.2109375,106.1953125,106.203125,2616.0
2025-02-19 13:29:00+00:00,106.203125,106.203125,106.1953125,106.1953125,988.0
2025-02-19 13:30:00+00:00,106.203125,106.2109375,106.1953125,106.203125,3576.0
2025-02-19 13:31:00+00:00,106.203125,106.203125,106.1953125,106.1953125,1212.0
2025-02-19 13:32:00+00:00,106.1953125,106.1953125,106.1875,106.1953125,586.0
2025-02-19 13:33:00+00:00,106.1796875,106.1953125,106.1796875,106.1953125,1241.0
2025-02-19 13:34:00+00:00,106.203125,106.203125,106.1875,106.1875,2114.0
2025-02-19 13:35:00+00:00,106.203125,106.2109375,106.1953125,106.203125,3321.0
2025-02-19 13:36:00+00:00,106.2109375,106.2109375,106.203125,106.203125,1429.0
2025-02-19 13:37:00+00:00,106.203125,106.2109375,106.203125,106.2109375,256.0
2025-02-19 13:38:00+00:00,106.2109375,106.2109375,106.203125,106.203125,258.0
2025-02-19 13:39:00+00:00,106.203125,106.21875,106.203125,106.2109375,2319.0
2025-02-19 13:40:00+00:00,106.203125,106.2109375,106.203125,106.203125,3534.0
2025-02-19 13:41:00+00:00,106.203125,106.203125,106.1953125,106.203125,864.0
2025-02-19 13:42:00+00:00,106.203125,106.203125,106.1953125,106.203125,1171.0
2025-02-19 13:43:00+00:00,106.203125,106.203125,106.1953125,106.203125,237.0
2025-02-19 13:44:00+00:00,106.1875,106.1953125,106.1875,106.1953125,3222.0
2025-02-19 13:45:00+00:00,106.1875,106.1953125,106.1875,106.1953125,235.0
2025-02-19 13:46:00+00:00,106.1953125,106.203125,106.1953125,106.1953125,1235.0
2025-02-19 13:47:00+00:00,106.203125,106.203125,106.1953125,106.203125,411.0
2025-02-19 13:48:00+00:00,106.203125,106.203125,106.1953125,106.203125,1093.0
2025-02-19 13:49:00+00:00,106.203125,106.2109375,106.203125,106.203125,1498.0
2025-02-19 13:50:00+00:00,106.203125,106.2109375,106.203125,106.2109375,1251.0
2025-02-19 13:51:00+00:00,106.203125,106.203125,106.1953125,106.203125,5847.0
2025-02-19 13:52:00+00:00,106.203125,106.2109375,106.1953125,106.203125,2225.0
2025-02-19 13:53:00+00:00,106.203125,106.2109375,106.1953125,106.203125,2659.0
2025-02-19 13:54:00+00:00,106.203125,106.203125,106.1953125,106.203125,330.0
2025-02-19 13:55:00+00:00,106.1953125,106.203125,106.1953125,106.1953125,1151.0
2025-02-19 13:56:00+00:00,106.203125,106.203125,106.1953125,106.1953125,1387.0
2025-02-19 13:57:00+00:00,106.203125,106.203125,106.203125,106.203125,977.0
2025-02-19 13:58:00+00:00,106.203125,106.203125,106.203125,106.203125,159.0
2025-02-19 13:59:00+00:00,106.203125,106.2109375,106.203125,106.203125,1380.0
2025-02-19 14:00:00+00:00,106.2109375,106.2109375,106.203125,106.203125,2215.0
2025-02-19 14:01:00+00:00,106.2109375,106.21875,106.2109375,106.2109375,3504.0
2025-02-19 14:02:00+00:00,106.2109375,106.21875,106.2109375,106.2109375,1703.0
2025-02-19 14:03:00+00:00,106.2109375,106.2109375,106.203125,106.2109375,2743.0
2025-02-19 14:04:00+00:00,106.203125,106.2109375,106.203125,106.2109375,46.0
2025-02-19 14:05:00+00:00,106.203125,106.2109375,106.203125,106.2109375,1185.0
2025-02-19 14:06:00+00:00,106.2109375,106.2109375,106.203125,106.203125,408.0
2025-02-19 14:07:00+00:00,106.2265625,106.2265625,106.21875,106.21875,2777.0
2025-02-19 14:08:00+00:00,106.21875,106.2265625,106.21875,106.21875,294.0
2025-02-19 14:09:00+00:00,106.2265625,106.2265625,106.21875,106.21875,2234.0
2025-02-19 14:10:00+00:00,106.2265625,106.2265625,106.2265625,106.2265625,585.0
2025-02-19 14:12:00+00:00,106.21875,106.2265625,106.21875,106.21875,2018.0
2025-02-19 14:13:00+00:00,106.21875,106.21875,106.2109375,106.21875,793.0
2025-02-19 14:14:00+00:00,106.2265625,106.2265625,106.21875,106.21875,4576.0
2025-02-19 14:15:00+00:00,106.21875,106.2265625,106.21875,106.21875,972.0
2025-02-19 14:16:00+00:00,106.2109375,106.2265625,106.2109375,106.21875,1591.0
2025-02-19 14:17:00+00:00,106.21875,106.21875,106.2109375,106.2109375,323.0
2025-02-19 14:18:00+00:00,106.21875,106.21875,106.2109375,106.2109375,2169.0
2025-02-19 14:19:00+00:00,106.2265625,106.2265625,106.2109375,106.2109375,1902.0
2025-02-19 14:20:00+00:00,106.21875,106.234375,106.21875,106.234375,2686.0
2025-02-19 14:21:00+00:00,106.21875,106.21875,106.2109375,106.21875,683.0
2025-02-19 14:22:00+00:00,106.2109375,106.21875,106.2109375,106.21875,860.0
2025-02-19 14:23:00+00:00,106.21875,106.21875,106.2109375,106.21875,710.0
2025-02-19 14:24:00+00:00,106.2265625,106.2265625,106.21875,106.21875,1767.0
2025-02-19 14:25:00+00:00,106.2265625,106.2265625,106.21875,106.2265625,780.0
2025-02-19 14:26:00+00:00,106.21875,106.2265625,106.21875,106.21875,22.0
2025-02-19 14:27:00+00:00,106.2265625,106.234375,106.21875,106.21875,1994.0
2025-02-19 14:28:00+00:00,106.234375,106.234375,106.2265625,106.2265625,4717.0
2025-02-19 14:29:00+00:00,106.21875,106.234375,106.21875,106.234375,3166.0
2025-02-19 14:30:00+00:00,106.2265625,106.2265625,106.21875,106.2265625,552.0
2025-02-19 14:31:00+00:00,106.2265625,106.234375,106.2265625,106.2265625,4366.0
2025-02-19 14:32:00+00:00,106.234375,106.234375,106.2265625,106.2265625,543.0
2025-02-19 14:33:00+00:00,106.234375,106.234375,106.2265625,106.2265625,1572.0
2025-02-19 14:34:00+00:00,106.234375,106.2421875,106.234375,106.2421875,194.0
2025-02-19 14:35:00+00:00,106.2421875,106.25,106.2265625,106.234375,62690.0
2025-02-19 14:36:00+00:00,106.2578125,106.2578125,106.2421875,106.25,4851.0
2025-02-19 14:37:00+00:00,106.265625,106.265625,106.25,106.265625,902.0
2025-02-19 14:38:00+00:00,106.2578125,106.265625,106.2578125,106.265625,1877.0
2025-02-19 14:39:00+00:00,106.265625,106.2734375,106.2578125,106.2578125,4466.0
2025-02-19 14:40:00+00:00,106.2578125,106.265625,106.25,106.2578125,2428.0
2025-02-19 14:41:00+00:00,106.265625,106.265625,106.2578125,106.2578125,3671.0
2025-02-19 14:42:00+00:00,106.265625,106.265625,106.2578125,106.2578125,155.0
2025-02-19 14:43:00+00:00,106.2734375,106.2734375,106.265625,106.265625,5136.0
2025-02-19 14:44:00+00:00,106.265625,106.2734375,106.265625,106.265625,1603.0
2025-02-19 14:45:00+00:00,106.2734375,106.2734375,106.265625,106.265625,1233.0
2025-02-19 14:46:00+00:00,106.2578125,106.265625,106.2578125,106.265625,5722.0
2025-02-19 14:47:00+00:00,106.2578125,106.265625,106.2578125,106.2578125,2681.0
2025-02-19 14:48:00+00:00,106.265625,106.2734375,106.2578125,106.265625,4010.0
2025-02-19 14:49:00+00:00,106.2734375,106.2734375,106.265625,106.265625,2218.0
2025-02-19 14:50:00+00:00,106.2734375,106.2734375,106.265625,106.265625,4190.0
2025-02-19 14:51:00+00:00,106.2734375,106.28125,106.265625,106.265625,4675.0
2025-02-19 14:52:00+00:00,106.28125,106.28125,106.265625,106.28125,2727.0
2025-02-19 14:53:00+00:00,106.2890625,106.2890625,106.2734375,106.28125,2433.0
2025-02-19 14:54:00+00:00,106.2890625,106.2890625,106.28125,106.2890625,763.0
2025-02-19 14:55:00+00:00,106.2890625,106.2890625,106.28125,106.2890625,375.0
2025-02-19 14:56:00+00:00,106.28125,106.296875,106.28125,106.2890625,2069.0
2025-02-19 14:57:00+00:00,106.296875,106.296875,106.28125,106.28125,1342.0
2025-02-19 14:58:00+00:00,106.296875,106.3046875,106.2890625,106.296875,4763.0
2025-02-19 14:59:00+00:00,106.296875,106.3046875,106.296875,106.296875,349.0
2025-02-19 15:00:00+00:00,106.3046875,106.3125,106.296875,106.3046875,2650.0
2025-02-19 15:01:00+00:00,106.3125,106.3125,106.3046875,106.3046875,3052.0
2025-02-19 15:02:00+00:00,106.3046875,106.3125,106.3046875,106.3046875,3773.0
2025-02-19 15:03:00+00:00,106.3046875,106.3125,106.296875,106.3125,9394.0
2025-02-19 15:04:00+00:00,106.296875,106.3046875,106.2890625,106.296875,2176.0
2025-02-19 15:05:00+00:00,106.3046875,106.3046875,106.2890625,106.296875,2576.0
2025-02-19 15:06:00+00:00,106.2890625,106.296875,106.2890625,106.296875,1171.0
2025-02-19 15:07:00+00:00,106.296875,106.296875,106.2890625,106.2890625,3785.0
2025-02-19 15:08:00+00:00,106.2890625,106.3046875,106.2890625,106.296875,1790.0
2025-02-19 15:09:00+00:00,106.296875,106.296875,106.2890625,106.2890625,3064.0
2025-02-19 15:10:00+00:00,106.3046875,106.3046875,106.296875,106.296875,948.0
2025-02-19 15:11:00+00:00,106.296875,106.3125,106.296875,106.3046875,1493.0
2025-02-19 15:12:00+00:00,106.2890625,106.3046875,106.2890625,106.3046875,1828.0
2025-02-19 15:13:00+00:00,106.2890625,106.2890625,106.28125,106.2890625,1671.0
2025-02-19 15:14:00+00:00,106.28125,106.2890625,106.28125,106.2890625,1952.0
2025-02-19 15:15:00+00:00,106.28125,106.2890625,106.28125,106.2890625,1106.0
2025-02-19 15:16:00+00:00,106.28125,106.28125,106.2734375,106.28125,2113.0
2025-02-19 15:17:00+00:00,106.28125,106.2890625,106.28125,106.28125,287.0
2025-02-19 15:18:00+00:00,106.296875,106.296875,106.28125,106.28125,1315.0
2025-02-19 15:19:00+00:00,106.28125,106.296875,106.28125,106.296875,545.0
2025-02-19 15:20:00+00:00,106.28125,106.2890625,106.2734375,106.28125,1733.0
2025-02-19 15:21:00+00:00,106.28125,106.2890625,106.2734375,106.28125,1018.0
2025-02-19 15:22:00+00:00,106.2890625,106.2890625,106.28125,106.28125,705.0
2025-02-19 15:23:00+00:00,106.3046875,106.3046875,106.2890625,106.2890625,3413.0
2025-02-19 15:24:00+00:00,106.296875,106.296875,106.2890625,106.296875,1835.0
2025-02-19 15:25:00+00:00,106.2890625,106.296875,106.2890625,106.296875,57.0
2025-02-19 15:26:00+00:00,106.3046875,106.3046875,106.2890625,106.2890625,1047.0
2025-02-19 15:27:00+00:00,106.3125,106.3125,106.296875,106.296875,1444.0
2025-02-19 15:28:00+00:00,106.3046875,106.3125,106.3046875,106.3125,4941.0
2025-02-19 15:29:00+00:00,106.3046875,106.3125,106.3046875,106.3046875,18.0
2025-02-19 15:30:00+00:00,106.3125,106.3125,106.3125,106.3125,5127.0
2025-02-19 15:31:00+00:00,106.296875,106.3125,106.296875,106.3125,2330.0
2025-02-19 15:32:00+00:00,106.3046875,106.3046875,106.296875,106.3046875,822.0
2025-02-19 15:33:00+00:00,106.3046875,106.3046875,106.296875,106.3046875,92.0
2025-02-19 15:34:00+00:00,106.3046875,106.3046875,106.296875,106.3046875,47.0
2025-02-19 15:35:00+00:00,106.296875,106.3046875,106.296875,106.3046875,1241.0
2025-02-19 15:36:00+00:00,106.2890625,106.296875,106.2890625,106.296875,1355.0
2025-02-19 15:37:00+00:00,106.296875,106.296875,106.2890625,106.2890625,960.0
2025-02-19 15:38:00+00:00,106.2890625,106.296875,106.28125,106.2890625,819.0
2025-02-19 15:39:00+00:00,106.2890625,106.296875,106.2890625,106.2890625,482.0
2025-02-19 15:40:00+00:00,106.2890625,106.296875,106.2890625,106.296875,1820.0
2025-02-19 15:41:00+00:00,106.296875,106.296875,106.2890625,106.2890625,189.0
2025-02-19 15:42:00+00:00,106.296875,106.296875,106.2890625,106.296875,1668.0
2025-02-19 15:43:00+00:00,106.296875,106.296875,106.2890625,106.296875,43.0
2025-02-19 15:44:00+00:00,106.3046875,106.3046875,106.296875,106.296875,4151.0
2025-02-19 15:45:00+00:00,106.296875,106.3125,106.2890625,106.3046875,2721.0
2025-02-19 15:46:00+00:00,106.296875,106.296875,106.2890625,106.296875,1147.0
2025-02-19 15:47:00+00:00,106.3046875,106.3125,106.296875,106.3046875,648.0
2025-02-19 15:48:00+00:00,106.3046875,106.3046875,106.3046875,106.3046875,500.0
2025-02-19 15:49:00+00:00,106.296875,106.3046875,106.296875,106.3046875,749.0
2025-02-19 15:50:00+00:00,106.3046875,106.3046875,106.296875,106.3046875,66.0
2025-02-19 15:51:00+00:00,106.3125,106.3125,106.296875,106.296875,2093.0
2025-02-19 15:52:00+00:00,106.3125,106.3125,106.3046875,106.3046875,54.0
2025-02-19 15:53:00+00:00,106.3125,106.3125,106.3046875,106.3046875,1028.0
2025-02-19 15:54:00+00:00,106.3125,106.3125,106.3046875,106.3046875,58.0
2025-02-19 15:55:00+00:00,106.3125,106.3203125,106.3125,106.3125,3016.0
2025-02-19 15:56:00+00:00,106.3203125,106.3203125,106.3125,106.3125,611.0
2025-02-19 15:57:00+00:00,106.3203125,106.328125,106.3203125,106.3203125,1058.0
2025-02-19 15:58:00+00:00,106.3125,106.3203125,106.3046875,106.3125,1714.0
2025-02-19 15:59:00+00:00,106.296875,106.3203125,106.296875,106.3125,2961.0
2025-02-19 16:00:00+00:00,106.296875,106.3046875,106.2890625,106.296875,3640.0
2025-02-19 16:01:00+00:00,106.3046875,106.3046875,106.296875,106.296875,4855.0
2025-02-19 16:02:00+00:00,106.296875,106.296875,106.296875,106.296875,1261.0
2025-02-19 16:03:00+00:00,106.296875,106.3046875,106.296875,106.296875,688.0
2025-02-19 16:04:00+00:00,106.296875,106.296875,106.296875,106.296875,122.0
2025-02-19 16:05:00+00:00,106.296875,106.296875,106.2890625,106.296875,1118.0
2025-02-19 16:06:00+00:00,106.296875,106.3046875,106.2890625,106.296875,1075.0
2025-02-19 16:07:00+00:00,106.296875,106.3046875,106.296875,106.296875,467.0
2025-02-19 16:08:00+00:00,106.296875,106.3046875,106.296875,106.296875,437.0
2025-02-19 16:09:00+00:00,106.296875,106.3046875,106.296875,106.296875,445.0
2025-02-19 16:10:00+00:00,106.296875,106.3046875,106.296875,106.296875,1065.0
2025-02-19 16:11:00+00:00,106.3046875,106.3046875,106.296875,106.296875,2131.0
2025-02-19 16:12:00+00:00,106.3046875,106.3125,106.296875,106.3046875,2718.0
2025-02-19 16:13:00+00:00,106.3046875,106.3125,106.3046875,106.3046875,2401.0
2025-02-19 16:14:00+00:00,106.3046875,106.3046875,106.3046875,106.3046875,1799.0
2025-02-19 16:15:00+00:00,106.296875,106.3046875,106.2890625,106.3046875,1984.0
2025-02-19 16:16:00+00:00,106.296875,106.3046875,106.296875,106.296875,2444.0
2025-02-19 16:17:00+00:00,106.3125,106.3125,106.296875,106.3046875,3087.0
2025-02-19 16:18:00+00:00,106.3046875,106.3125,106.3046875,106.3046875,321.0
2025-02-19 16:19:00+00:00,106.296875,106.3125,106.296875,106.3125,674.0
2025-02-19 16:20:00+00:00,106.296875,106.3046875,106.296875,106.296875,71.0
2025-02-19 16:21:00+00:00,106.296875,106.3046875,106.296875,106.296875,980.0
2025-02-19 16:22:00+00:00,106.2890625,106.296875,106.2890625,106.296875,1365.0
2025-02-19 16:23:00+00:00,106.2890625,106.2890625,106.28125,106.2890625,211.0
2025-02-19 16:24:00+00:00,106.2890625,106.2890625,106.28125,106.2890625,939.0
2025-02-19 16:25:00+00:00,106.2890625,106.2890625,106.2890625,106.2890625,1530.0
2025-02-19 16:26:00+00:00,106.2890625,106.2890625,106.28125,106.28125,728.0
2025-02-19 16:27:00+00:00,106.28125,106.28125,106.2734375,106.28125,3723.0
2025-02-19 16:28:00+00:00,106.28125,106.2890625,106.28125,106.28125,1279.0
2025-02-19 16:29:00+00:00,106.28125,106.2890625,106.28125,106.28125,127.0
2025-02-19 16:30:00+00:00,106.28125,106.2890625,106.28125,106.28125,1181.0
2025-02-19 16:31:00+00:00,106.2734375,106.28125,106.2734375,106.2734375,867.0
2025-02-19 16:32:00+00:00,106.265625,106.2734375,106.265625,106.2734375,378.0
2025-02-19 16:33:00+00:00,106.2734375,106.2734375,106.265625,106.265625,1077.0
2025-02-19 16:34:00+00:00,106.265625,106.2734375,106.265625,106.265625,41.0
2025-02-19 16:35:00+00:00,106.2734375,106.28125,106.2734375,106.2734375,2004.0
2025-02-19 16:36:00+00:00,106.28125,106.28125,106.2734375,106.2734375,776.0
2025-02-19 16:37:00+00:00,106.265625,106.2734375,106.265625,106.2734375,792.0
2025-02-19 16:38:00+00:00,106.265625,106.265625,106.265625,106.265625,31.0
2025-02-19 16:39:00+00:00,106.2734375,106.2734375,106.265625,106.2734375,2241.0
2025-02-19 16:40:00+00:00,106.2734375,106.2734375,106.265625,106.2734375,43.0
2025-02-19 16:41:00+00:00,106.265625,106.2734375,106.265625,106.265625,347.0
2025-02-19 16:42:00+00:00,106.265625,106.265625,106.265625,106.265625,15.0
2025-02-19 16:43:00+00:00,106.265625,106.2734375,106.265625,106.265625,559.0
2025-02-19 16:44:00+00:00,106.2734375,106.28125,106.2734375,106.2734375,2390.0
2025-02-19 16:45:00+00:00,106.28125,106.28125,106.2734375,106.2734375,1233.0
2025-02-19 16:46:00+00:00,106.28125,106.2890625,106.28125,106.28125,979.0
2025-02-19 16:47:00+00:00,106.2890625,106.2890625,106.28125,106.28125,440.0
2025-02-19 16:48:00+00:00,106.28125,106.2890625,106.28125,106.28125,823.0
2025-02-19 16:49:00+00:00,106.28125,106.28125,106.28125,106.28125,465.0
2025-02-19 16:50:00+00:00,106.2890625,106.2890625,106.28125,106.28125,270.0
2025-02-19 16:51:00+00:00,106.28125,106.28125,106.28125,106.28125,685.0
2025-02-19 16:52:00+00:00,106.2734375,106.28125,106.2734375,106.2734375,813.0
2025-02-19 16:53:00+00:00,106.28125,106.28125,106.2734375,106.28125,1716.0
2025-02-19 16:54:00+00:00,106.2890625,106.2890625,106.28125,106.28125,315.0
2025-02-19 16:55:00+00:00,106.28125,106.2890625,106.28125,106.2890625,509.0
2025-02-19 16:56:00+00:00,106.2734375,106.2890625,106.2734375,106.2890625,2807.0
2025-02-19 16:57:00+00:00,106.28125,106.28125,106.2734375,106.2734375,648.0
2025-02-19 16:58:00+00:00,106.2734375,106.2890625,106.2734375,106.28125,529.0
2025-02-19 16:59:00+00:00,106.2734375,106.28125,106.2734375,106.2734375,1075.0
2025-02-19 17:00:00+00:00,106.2734375,106.28125,106.265625,106.28125,1064.0
2025-02-19 17:01:00+00:00,106.2734375,106.2734375,106.265625,106.2734375,780.0
2025-02-19 17:02:00+00:00,106.265625,106.2734375,106.265625,106.2734375,456.0
2025-02-19 17:03:00+00:00,106.28125,106.28125,106.265625,106.2734375,1383.0
2025-02-19 17:04:00+00:00,106.2890625,106.2890625,106.28125,106.28125,58868.0
2025-02-19 17:05:00+00:00,106.296875,106.296875,106.2890625,106.2890625,8985.0
2025-02-19 17:06:00+00:00,106.2890625,106.296875,106.28125,106.2890625,2455.0
2025-02-19 17:07:00+00:00,106.2890625,106.296875,106.2890625,106.2890625,1383.0
2025-02-19 17:08:00+00:00,106.2890625,106.2890625,106.28125,106.2890625,396.0
2025-02-19 17:09:00+00:00,106.296875,106.296875,106.2890625,106.2890625,147.0
2025-02-19 17:10:00+00:00,106.296875,106.296875,106.2890625,106.2890625,15.0
2025-02-19 17:11:00+00:00,106.2890625,106.296875,106.2890625,106.296875,75.0
2025-02-19 17:12:00+00:00,106.2890625,106.296875,106.2890625,106.296875,18.0
2025-02-19 17:13:00+00:00,106.296875,106.296875,106.2890625,106.296875,14.0
2025-02-19 17:14:00+00:00,106.2890625,106.296875,106.2890625,106.296875,2159.0
2025-02-19 17:15:00+00:00,106.296875,106.296875,106.2890625,106.2890625,3586.0
2025-02-19 17:16:00+00:00,106.296875,106.296875,106.2890625,106.2890625,9.0
2025-02-19 17:17:00+00:00,106.296875,106.296875,106.296875,106.296875,615.0
2025-02-19 17:18:00+00:00,106.296875,106.296875,106.2890625,106.2890625,1002.0
2025-02-19 17:19:00+00:00,106.2890625,106.296875,106.2890625,106.296875,1176.0
2025-02-19 17:20:00+00:00,106.28125,106.2890625,106.28125,106.2890625,793.0
2025-02-19 17:21:00+00:00,106.2890625,106.2890625,106.2890625,106.2890625,986.0
2025-02-19 17:22:00+00:00,106.28125,106.2890625,106.28125,106.2890625,1918.0
2025-02-19 17:23:00+00:00,106.28125,106.28125,106.2734375,106.2734375,413.0
2025-02-19 17:24:00+00:00,106.28125,106.28125,106.2734375,106.28125,27.0
2025-02-19 17:25:00+00:00,106.2734375,106.28125,106.2734375,106.2734375,1509.0
2025-02-19 17:26:00+00:00,106.2734375,106.2734375,106.2734375,106.2734375,105.0
2025-02-19 17:27:00+00:00,106.2734375,106.2734375,106.265625,106.265625,1295.0
2025-02-19 17:28:00+00:00,106.2734375,106.2734375,106.2734375,106.2734375,1577.0
2025-02-19 17:29:00+00:00,106.2734375,106.2734375,106.265625,106.265625,123.0
2025-02-19 17:30:00+00:00,106.2734375,106.2734375,106.265625,106.2734375,1356.0
2025-02-19 17:31:00+00:00,106.2734375,106.2734375,106.2734375,106.2734375,193.0
2025-02-19 17:32:00+00:00,106.265625,106.2734375,106.265625,106.2734375,1291.0
2025-02-19 17:33:00+00:00,106.28125,106.28125,106.2734375,106.2734375,323.0
2025-02-19 17:35:00+00:00,106.2734375,106.28125,106.2734375,106.2734375,1043.0
2025-02-19 17:36:00+00:00,106.2734375,106.28125,106.2734375,106.2734375,1147.0
2025-02-19 17:37:00+00:00,106.2734375,106.28125,106.2734375,106.28125,53.0
2025-02-19 17:38:00+00:00,106.2734375,106.2734375,106.2734375,106.2734375,18.0
2025-02-19 17:39:00+00:00,106.265625,106.2734375,106.265625,106.2734375,5906.0
2025-02-19 17:40:00+00:00,106.265625,106.265625,106.265625,106.265625,2209.0
2025-02-19 17:41:00+00:00,106.265625,106.265625,106.265625,106.265625,3167.0
2025-02-19 17:42:00+00:00,106.2734375,106.2734375,106.265625,106.265625,198.0
2025-02-19 17:43:00+00:00,106.265625,106.265625,106.265625,106.265625,27.0
2025-02-19 17:44:00+00:00,106.2734375,106.2734375,106.265625,106.265625,1333.0
2025-02-19 17:45:00+00:00,106.265625,106.2734375,106.265625,106.2734375,22.0
2025-02-19 17:46:00+00:00,106.28125,106.28125,106.2734375,106.2734375,922.0
2025-02-19 17:47:00+00:00,106.28125,106.28125,106.2734375,106.2734375,124.0
2025-02-19 17:48:00+00:00,106.28125,106.28125,106.2734375,106.28125,123.0
2025-02-19 17:49:00+00:00,106.2734375,106.2734375,106.2734375,106.2734375,2379.0
2025-02-19 17:50:00+00:00,106.265625,106.265625,106.265625,106.265625,276.0
2025-02-19 17:51:00+00:00,106.265625,106.265625,106.265625,106.265625,188.0
2025-02-19 17:52:00+00:00,106.265625,106.265625,106.265625,106.265625,16.0
2025-02-19 17:53:00+00:00,106.2734375,106.2734375,106.265625,106.2734375,84.0
2025-02-19 17:54:00+00:00,106.2734375,106.2734375,106.265625,106.265625,288.0
2025-02-19 17:55:00+00:00,106.2734375,106.2734375,106.2734375,106.2734375,93.0
2025-02-19 17:56:00+00:00,106.2734375,106.2734375,106.265625,106.265625,3566.0
2025-02-19 17:57:00+00:00,106.2734375,106.28125,106.2734375,106.2734375,4181.0
2025-02-19 17:58:00+00:00,106.2734375,106.2734375,106.265625,106.2734375,217.0
2025-02-19 17:59:00+00:00,106.2734375,106.2734375,106.265625,106.2734375,429.0
2025-02-19 18:00:00+00:00,106.28125,106.28125,106.2734375,106.2734375,882.0
2025-02-19 18:01:00+00:00,106.28125,106.28125,106.2734375,106.2734375,452.0
2025-02-19 18:02:00+00:00,106.2734375,106.28125,106.265625,106.2734375,4170.0
2025-02-19 18:03:00+00:00,106.2734375,106.28125,106.2734375,106.2734375,3327.0
2025-02-19 18:04:00+00:00,106.265625,106.2734375,106.265625,106.2734375,1400.0
2025-02-19 18:05:00+00:00,106.2578125,106.265625,106.2578125,106.265625,2535.0
2025-02-19 18:06:00+00:00,106.265625,106.265625,106.265625,106.265625,2490.0
2025-02-19 18:07:00+00:00,106.2578125,106.265625,106.2578125,106.2578125,2421.0
2025-02-19 18:08:00+00:00,106.265625,106.265625,106.2578125,106.2578125,2633.0
2025-02-19 18:09:00+00:00,106.265625,106.265625,106.265625,106.265625,1416.0
2025-02-19 18:10:00+00:00,106.2578125,106.265625,106.25,106.265625,801.0
2025-02-19 18:11:00+00:00,106.2578125,106.2578125,106.2578125,106.2578125,775.0
2025-02-19 18:12:00+00:00,106.25,106.2578125,106.2421875,106.2578125,4231.0
2025-02-19 18:13:00+00:00,106.25,106.2578125,106.25,106.2578125,645.0
2025-02-19 18:14:00+00:00,106.25,106.25,106.2421875,106.25,1195.0
2025-02-19 18:15:00+00:00,106.2578125,106.265625,106.25,106.25,1227.0
2025-02-19 18:16:00+00:00,106.265625,106.265625,106.2578125,106.265625,1006.0
2025-02-19 18:17:00+00:00,106.265625,106.265625,106.25,106.265625,1358.0
2025-02-19 18:18:00+00:00,106.2578125,106.265625,106.2578125,106.265625,24.0
2025-02-19 18:19:00+00:00,106.2734375,106.2734375,106.2578125,106.2578125,2110.0
2025-02-19 18:20:00+00:00,106.2734375,106.2734375,106.2734375,106.2734375,44.0
2025-02-19 18:21:00+00:00,106.2734375,106.2734375,106.265625,106.2734375,3075.0
2025-02-19 18:22:00+00:00,106.28125,106.28125,106.2734375,106.2734375,2063.0
2025-02-19 18:23:00+00:00,106.2890625,106.2890625,106.28125,106.28125,5775.0
2025-02-19 18:24:00+00:00,106.2890625,106.2890625,106.28125,106.28125,567.0
2025-02-19 18:25:00+00:00,106.28125,106.28125,106.2734375,106.28125,867.0
2025-02-19 18:26:00+00:00,106.28125,106.2890625,106.2734375,106.28125,203.0
2025-02-19 18:27:00+00:00,106.28125,106.2890625,106.28125,106.28125,1143.0
2025-02-19 18:28:00+00:00,106.2734375,106.28125,106.2734375,106.28125,155.0
2025-02-19 18:29:00+00:00,106.2734375,106.28125,106.2734375,106.2734375,2973.0
2025-02-19 18:30:00+00:00,106.28125,106.28125,106.2734375,106.28125,411.0
2025-02-19 18:31:00+00:00,106.28125,106.28125,106.2734375,106.28125,429.0
2025-02-19 18:32:00+00:00,106.28125,106.28125,106.2734375,106.28125,1347.0
2025-02-19 18:33:00+00:00,106.2890625,106.2890625,106.28125,106.28125,700.0
2025-02-19 18:34:00+00:00,106.28125,106.2890625,106.28125,106.2890625,621.0
2025-02-19 18:35:00+00:00,106.2890625,106.2890625,106.2890625,106.2890625,13.0
2025-02-19 18:36:00+00:00,106.28125,106.2890625,106.2734375,106.2890625,1696.0
2025-02-19 18:37:00+00:00,106.2734375,106.28125,106.2734375,106.28125,67.0
2025-02-19 18:38:00+00:00,106.28125,106.2890625,106.28125,106.28125,349.0
2025-02-19 18:39:00+00:00,106.296875,106.296875,106.28125,106.28125,783.0
2025-02-19 18:40:00+00:00,106.2890625,106.296875,106.2890625,106.296875,431.0
2025-02-19 18:41:00+00:00,106.28125,106.296875,106.28125,106.296875,596.0
2025-02-19 18:42:00+00:00,106.2890625,106.296875,106.2890625,106.2890625,513.0
2025-02-19 18:43:00+00:00,106.2890625,106.296875,106.2890625,106.296875,334.0
2025-02-19 18:44:00+00:00,106.2890625,106.296875,106.28125,106.296875,873.0
2025-02-19 18:45:00+00:00,106.296875,106.296875,106.2890625,106.2890625,320.0
2025-02-19 18:46:00+00:00,106.296875,106.3046875,106.296875,106.296875,3287.0
2025-02-19 18:47:00+00:00,106.296875,106.3046875,106.296875,106.296875,782.0
2025-02-19 18:48:00+00:00,106.296875,106.3046875,106.296875,106.296875,1398.0
2025-02-19 18:49:00+00:00,106.3046875,106.3046875,106.2890625,106.3046875,1659.0
2025-02-19 18:50:00+00:00,106.3046875,106.3046875,106.296875,106.3046875,3178.0
2025-02-19 18:51:00+00:00,106.296875,106.3046875,106.296875,106.3046875,43.0
2025-02-19 18:52:00+00:00,106.296875,106.3046875,106.296875,106.3046875,45.0
2025-02-19 18:53:00+00:00,106.3046875,106.3046875,106.296875,106.296875,139.0
2025-02-19 18:54:00+00:00,106.296875,106.3046875,106.296875,106.3046875,1657.0
2025-02-19 18:55:00+00:00,106.296875,106.3046875,106.296875,106.3046875,21.0
2025-02-19 18:56:00+00:00,106.296875,106.3046875,106.296875,106.296875,1413.0
2025-02-19 18:57:00+00:00,106.296875,106.296875,106.296875,106.296875,1166.0
2025-02-19 18:58:00+00:00,106.296875,106.296875,106.2890625,106.296875,1268.0
2025-02-19 18:59:00+00:00,106.296875,106.296875,106.28125,106.296875,2445.0
2025-02-19 19:00:00+00:00,106.2890625,106.3046875,106.2890625,106.2890625,3321.0
2025-02-19 19:01:00+00:00,106.28125,106.2890625,106.28125,106.2890625,470.0
2025-02-19 19:02:00+00:00,106.3046875,106.3046875,106.28125,106.28125,4203.0
2025-02-19 19:03:00+00:00,106.3046875,106.3046875,106.296875,106.296875,1330.0
2025-02-19 19:04:00+00:00,106.296875,106.3046875,106.296875,106.296875,2761.0
2025-02-19 19:05:00+00:00,106.3046875,106.3046875,106.2890625,106.296875,5284.0
2025-02-19 19:06:00+00:00,106.3125,106.3203125,106.3046875,106.3125,3883.0
2025-02-19 19:07:00+00:00,106.328125,106.328125,106.3203125,106.3203125,957.0
2025-02-19 19:08:00+00:00,106.328125,106.3359375,106.328125,106.328125,11941.0
2025-02-19 19:09:00+00:00,106.34375,106.3515625,106.328125,106.328125,4810.0
2025-02-19 19:10:00+00:00,106.3515625,106.3515625,106.34375,106.34375,3765.0
2025-02-19 19:11:00+00:00,106.3515625,106.359375,106.34375,106.3515625,27063.0
2025-02-19 19:12:00+00:00,106.3515625,106.359375,106.3515625,106.3515625,37039.0
2025-02-19 19:13:00+00:00,106.375,106.375,106.3515625,106.359375,61273.0
2025-02-19 19:14:00+00:00,106.359375,106.375,106.359375,106.3671875,29895.0
2025-02-19 19:15:00+00:00,106.3671875,106.3671875,106.359375,106.359375,3836.0
2025-02-19 19:16:00+00:00,106.359375,106.375,106.359375,106.375,65069.0
2025-02-19 19:17:00+00:00,106.359375,106.359375,106.3515625,106.359375,9886.0
2025-02-19 19:18:00+00:00,106.375,106.375,106.359375,106.3671875,4946.0
2025-02-19 19:19:00+00:00,106.375,106.3828125,106.3671875,106.375,44607.0
2025-02-19 19:20:00+00:00,106.375,106.375,106.3671875,106.375,4688.0
2025-02-19 19:21:00+00:00,106.375,106.375,106.3671875,106.375,1518.0
2025-02-19 19:22:00+00:00,106.375,106.3828125,106.3671875,106.375,22405.0
2025-02-19 19:23:00+00:00,106.3671875,106.375,106.3671875,106.375,860.0
2025-02-19 19:24:00+00:00,106.3671875,106.3671875,106.3671875,106.3671875,2436.0
2025-02-19 19:25:00+00:00,106.359375,106.3671875,106.3515625,106.3671875,4925.0
2025-02-19 19:26:00+00:00,106.3515625,106.359375,106.3515625,106.359375,2298.0
2025-02-19 19:27:00+00:00,106.3515625,106.3515625,106.34375,106.3515625,5360.0
2025-02-19 19:28:00+00:00,106.359375,106.359375,106.3515625,106.3515625,34683.0
2025-02-19 19:29:00+00:00,106.359375,106.3671875,106.359375,106.359375,1315.0
2025-02-19 19:30:00+00:00,106.3515625,106.3515625,106.3515625,106.3515625,10.0
2025-02-19 19:31:00+00:00,106.3515625,106.3515625,106.34375,106.3515625,2820.0
2025-02-19 19:32:00+00:00,106.3515625,106.3515625,106.3515625,106.3515625,344.0
2025-02-19 19:33:00+00:00,106.3515625,106.3515625,106.3515625,106.3515625,1139.0
2025-02-19 19:34:00+00:00,106.34375,106.3515625,106.34375,106.3515625,396.0
2025-02-19 19:35:00+00:00,106.3515625,106.3515625,106.34375,106.3515625,646.0
2025-02-19 19:36:00+00:00,106.34375,106.3515625,106.34375,106.3515625,2847.0
2025-02-19 19:37:00+00:00,106.34375,106.3515625,106.34375,106.3515625,1487.0
2025-02-19 19:38:00+00:00,106.3671875,106.3671875,106.3515625,106.3515625,3114.0
2025-02-19 19:39:00+00:00,106.3671875,106.3671875,106.359375,106.3671875,1695.0
2025-02-19 19:40:00+00:00,106.3671875,106.375,106.3671875,106.375,2053.0
2025-02-19 19:41:00+00:00,106.3671875,106.375,106.3671875,106.3671875,3846.0
2025-02-19 19:42:00+00:00,106.3671875,106.3671875,106.359375,106.3671875,1029.0
2025-02-19 19:43:00+00:00,106.359375,106.3671875,106.359375,106.3671875,126.0
2025-02-19 19:44:00+00:00,106.3671875,106.375,106.3671875,106.3671875,486.0
2025-02-19 19:45:00+00:00,106.3671875,106.375,106.3671875,106.3671875,14.0
2025-02-19 19:46:00+00:00,106.359375,106.375,106.359375,106.3671875,3908.0
2025-02-19 19:47:00+00:00,106.359375,106.3671875,106.359375,106.359375,4014.0
2025-02-19 19:48:00+00:00,106.359375,106.359375,106.359375,106.359375,311.0
2025-02-19 19:49:00+00:00,106.3515625,106.359375,106.3515625,106.359375,24.0
2025-02-19 19:50:00+00:00,106.359375,106.3671875,106.359375,106.359375,739.0
2025-02-19 19:51:00+00:00,106.359375,106.3671875,106.359375,106.359375,3519.0
2025-02-19 19:52:00+00:00,106.359375,106.359375,106.359375,106.359375,1096.0
2025-02-19 19:53:00+00:00,106.359375,106.359375,106.359375,106.359375,16.0
2025-02-19 19:54:00+00:00,106.359375,106.359375,106.359375,106.359375,3052.0
2025-02-19 19:55:00+00:00,106.359375,106.3671875,106.359375,106.3671875,495.0
2025-02-19 19:56:00+00:00,106.3515625,106.359375,106.3515625,106.359375,3186.0
2025-02-19 19:57:00+00:00,106.359375,106.3671875,106.359375,106.359375,3794.0
2025-02-19 19:58:00+00:00,106.3671875,106.3671875,106.3671875,106.3671875,3398.0
2025-02-19 19:59:00+00:00,106.3671875,106.3671875,106.359375,106.3671875,6619.0
2025-02-19 20:00:00+00:00,106.359375,106.3671875,106.3515625,106.3671875,5156.0
2025-02-19 20:01:00+00:00,106.359375,106.359375,106.3515625,106.359375,5242.0
2025-02-19 20:02:00+00:00,106.3515625,106.359375,106.34375,106.359375,6495.0
2025-02-19 20:03:00+00:00,106.3515625,106.359375,106.34375,106.3515625,4874.0
2025-02-19 20:04:00+00:00,106.3515625,106.3515625,106.34375,106.3515625,53.0
2025-02-19 20:05:00+00:00,106.34375,106.3515625,106.34375,106.3515625,8057.0
2025-02-19 20:06:00+00:00,106.3515625,106.3515625,106.34375,106.34375,759.0
2025-02-19 20:07:00+00:00,106.3515625,106.359375,106.3515625,106.3515625,479.0
2025-02-19 20:08:00+00:00,106.359375,106.359375,106.3515625,106.3515625,1912.0
2025-02-19 20:09:00+00:00,106.3671875,106.3671875,106.359375,106.359375,1451.0
2025-02-19 20:10:00+00:00,106.3671875,106.3671875,106.3671875,106.3671875,2462.0
2025-02-19 20:11:00+00:00,106.359375,106.3671875,106.359375,106.3671875,2483.0
2025-02-19 20:12:00+00:00,106.359375,106.3671875,106.359375,106.359375,361.0
2025-02-19 20:13:00+00:00,106.3671875,106.3671875,106.359375,106.359375,996.0
2025-02-19 20:14:00+00:00,106.3671875,106.375,106.3671875,106.375,39.0
2025-02-19 20:15:00+00:00,106.359375,106.3671875,106.359375,106.3671875,1100.0
2025-02-19 20:16:00+00:00,106.359375,106.359375,106.359375,106.359375,20.0
2025-02-19 20:17:00+00:00,106.359375,106.3671875,106.359375,106.3671875,266.0
2025-02-19 20:18:00+00:00,106.3671875,106.3671875,106.359375,106.359375,3198.0
2025-02-19 20:19:00+00:00,106.3671875,106.3671875,106.3671875,106.3671875,74.0
2025-02-19 20:20:00+00:00,106.3671875,106.3671875,106.3671875,106.3671875,87.0
2025-02-19 20:21:00+00:00,106.3671875,106.3671875,106.359375,106.3671875,2944.0
2025-02-19 20:22:00+00:00,106.3671875,106.375,106.359375,106.3671875,1162.0
2025-02-19 20:23:00+00:00,106.3671875,106.375,106.3671875,106.3671875,2147.0
2025-02-19 20:24:00+00:00,106.375,106.375,106.3671875,106.375,597.0
2025-02-19 20:25:00+00:00,106.375,106.375,106.3671875,106.3671875,38.0
2025-02-19 20:26:00+00:00,106.3671875,106.3671875,106.3671875,106.3671875,22.0
2025-02-19 20:27:00+00:00,106.3671875,106.375,106.3671875,106.375,683.0
2025-02-19 20:28:00+00:00,106.375,106.375,106.3671875,106.375,81.0
2025-02-19 20:29:00+00:00,106.375,106.3828125,106.375,106.375,6019.0
2025-02-19 20:30:00+00:00,106.375,106.375,106.375,106.375,344.0
2025-02-19 20:31:00+00:00,106.375,106.3828125,106.375,106.3828125,56.0
2025-02-19 20:32:00+00:00,106.3828125,106.390625,106.3828125,106.3828125,430.0
2025-02-19 20:33:00+00:00,106.375,106.390625,106.375,106.390625,2126.0
2025-02-19 20:34:00+00:00,106.3828125,106.390625,106.3828125,106.3828125,2615.0
2025-02-19 20:35:00+00:00,106.3828125,106.390625,106.3828125,106.390625,899.0
2025-02-19 20:36:00+00:00,106.375,106.3828125,106.375,106.3828125,2221.0
2025-02-19 20:37:00+00:00,106.375,106.3828125,106.375,106.375,962.0
2025-02-19 20:38:00+00:00,106.375,106.3828125,106.375,106.375,9.0
2025-02-19 20:39:00+00:00,106.390625,106.390625,106.375,106.3828125,2019.0
2025-02-19 20:40:00+00:00,106.390625,106.390625,106.3828125,106.3828125,50.0
2025-02-19 20:41:00+00:00,106.390625,106.390625,106.3828125,106.3828125,5546.0
2025-02-19 20:42:00+00:00,106.390625,106.390625,106.390625,106.390625,17.0
2025-02-19 20:43:00+00:00,106.3828125,106.390625,106.375,106.390625,4723.0
2025-02-19 20:44:00+00:00,106.3828125,106.390625,106.3828125,106.3828125,1213.0
2025-02-19 20:45:00+00:00,106.3828125,106.3828125,106.375,106.375,1115.0
2025-02-19 20:46:00+00:00,106.3828125,106.390625,106.375,106.375,327.0
2025-02-19 20:47:00+00:00,106.3828125,106.390625,106.3828125,106.3828125,478.0
2025-02-19 20:48:00+00:00,106.3828125,106.390625,106.3828125,106.390625,42.0
2025-02-19 20:49:00+00:00,106.390625,106.3984375,106.3828125,106.390625,3898.0
2025-02-19 20:50:00+00:00,106.390625,106.3984375,106.3828125,106.3828125,2424.0
2025-02-19 20:51:00+00:00,106.3828125,106.390625,106.3828125,106.3828125,460.0
2025-02-19 20:52:00+00:00,106.390625,106.390625,106.3828125,106.3828125,1213.0
2025-02-19 20:53:00+00:00,106.390625,106.390625,106.390625,106.390625,203.0
2025-02-19 20:54:00+00:00,106.390625,106.390625,106.3828125,106.390625,12106.0
2025-02-19 20:55:00+00:00,106.3828125,106.390625,106.3828125,106.3828125,23653.0
2025-02-19 20:56:00+00:00,106.390625,106.390625,106.3828125,106.390625,1511.0
2025-02-19 20:57:00+00:00,106.390625,106.390625,106.3828125,106.390625,5172.0
2025-02-19 20:58:00+00:00,106.3828125,106.390625,106.375,106.390625,4632.0
2025-02-19 20:59:00+00:00,106.375,106.3828125,106.375,106.375,4019.0
2025-02-19 21:00:00+00:00,106.3828125,106.3828125,106.3671875,106.375,8287.0
2025-02-19 21:01:00+00:00,106.3828125,106.390625,106.375,106.375,16239.0
2025-02-19 21:02:00+00:00,106.3828125,106.3828125,106.375,106.375,1527.0
2025-02-19 21:03:00+00:00,106.375,106.3828125,106.375,106.375,259.0
2025-02-19 21:04:00+00:00,106.3828125,106.3828125,106.375,106.3828125,95.0
2025-02-19 21:05:00+00:00,106.375,106.375,106.375,106.375,407.0
2025-02-19 21:06:00+00:00,106.375,106.3828125,106.375,106.3828125,830.0
2025-02-19 21:07:00+00:00,106.3828125,106.3828125,106.375,106.375,112.0
2025-02-19 21:08:00+00:00,106.375,106.3828125,106.375,106.375,1845.0
2025-02-19 21:09:00+00:00,106.375,106.3828125,106.375,106.375,621.0
2025-02-19 21:10:00+00:00,106.3828125,106.3828125,106.375,106.375,4432.0
2025-02-19 21:11:00+00:00,106.375,106.3828125,106.375,106.3828125,454.0
2025-02-19 21:12:00+00:00,106.390625,106.390625,106.375,106.375,304.0
2025-02-19 21:13:00+00:00,106.390625,106.3984375,106.3828125,106.3828125,3159.0
2025-02-19 21:14:00+00:00,106.3828125,106.390625,106.3828125,106.390625,6549.0
2025-02-19 21:15:00+00:00,106.3828125,106.390625,106.3828125,106.3828125,377.0
2025-02-19 21:16:00+00:00,106.375,106.390625,106.375,106.3828125,1615.0
2025-02-19 21:17:00+00:00,106.3828125,106.3828125,106.375,106.375,612.0
2025-02-19 21:18:00+00:00,106.3828125,106.390625,106.3828125,106.390625,893.0
2025-02-19 21:19:00+00:00,106.3828125,106.390625,106.3828125,106.390625,326.0
2025-02-19 21:20:00+00:00,106.390625,106.390625,106.390625,106.390625,7.0
2025-02-19 21:21:00+00:00,106.3828125,106.390625,106.3828125,106.390625,469.0
2025-02-19 21:22:00+00:00,106.3828125,106.3828125,106.3828125,106.3828125,1.0
2025-02-19 21:23:00+00:00,106.3828125,106.390625,106.3828125,106.3828125,9.0
2025-02-19 21:24:00+00:00,106.3828125,106.390625,106.3828125,106.390625,443.0
2025-02-19 21:25:00+00:00,106.390625,106.390625,106.390625,106.390625,2666.0
2025-02-19 21:26:00+00:00,106.390625,106.3984375,106.390625,106.390625,19.0
2025-02-19 21:27:00+00:00,106.390625,106.390625,106.390625,106.390625,153.0
2025-02-19 21:28:00+00:00,106.390625,106.3984375,106.390625,106.3984375,2240.0
2025-02-19 21:29:00+00:00,106.3828125,106.390625,106.3828125,106.390625,427.0
2025-02-19 21:30:00+00:00,106.390625,106.390625,106.3828125,106.390625,422.0
2025-02-19 21:31:00+00:00,106.390625,106.390625,106.390625,106.390625,2030.0
2025-02-19 21:32:00+00:00,106.390625,106.390625,106.3828125,106.390625,890.0
2025-02-19 21:33:00+00:00,106.390625,106.390625,106.3828125,106.390625,658.0
2025-02-19 21:34:00+00:00,106.390625,106.390625,106.390625,106.390625,401.0
2025-02-19 21:35:00+00:00,106.390625,106.390625,106.3828125,106.390625,202.0
2025-02-19 21:36:00+00:00,106.390625,106.390625,106.390625,106.390625,25.0
2025-02-19 21:37:00+00:00,106.3828125,106.390625,106.3828125,106.3828125,446.0
2025-02-19 21:38:00+00:00,106.3828125,106.3828125,106.375,106.3828125,3266.0
2025-02-19 21:39:00+00:00,106.375,106.3828125,106.375,106.375,417.0
2025-02-19 21:40:00+00:00,106.375,106.375,106.3671875,106.375,3194.0
2025-02-19 21:41:00+00:00,106.3828125,106.3828125,106.375,106.3828125,9733.0
2025-02-19 21:42:00+00:00,106.375,106.3828125,106.375,106.375,401.0
2025-02-19 21:43:00+00:00,106.3828125,106.3828125,106.375,106.375,146.0
2025-02-19 21:44:00+00:00,106.3828125,106.390625,106.3828125,106.3828125,2894.0
2025-02-19 21:45:00+00:00,106.3828125,106.3828125,106.3828125,106.3828125,1109.0
2025-02-19 21:46:00+00:00,106.375,106.390625,106.375,106.3828125,465.0
2025-02-19 21:47:00+00:00,106.375,106.375,106.375,106.375,27.0
2025-02-19 21:48:00+00:00,106.3828125,106.3828125,106.3828125,106.3828125,3.0
2025-02-19 21:49:00+00:00,106.375,106.3828125,106.375,106.3828125,346.0
2025-02-19 21:50:00+00:00,106.375,106.3828125,106.375,106.3828125,170.0
2025-02-19 21:51:00+00:00,106.375,106.3828125,106.375,106.375,160.0
2025-02-19 21:52:00+00:00,106.3828125,106.3828125,106.375,106.375,2348.0
2025-02-19 21:53:00+00:00,106.390625,106.390625,106.375,106.3828125,641.0
2025-02-19 21:54:00+00:00,106.3828125,106.390625,106.3828125,106.3828125,593.0
2025-02-19 21:55:00+00:00,106.375,106.3828125,106.375,106.3828125,849.0
2025-02-19 21:56:00+00:00,106.3828125,106.390625,106.3828125,106.3828125,772.0
2025-02-19 21:57:00+00:00,106.3828125,106.390625,106.3828125,106.3828125,700.0
2025-02-19 21:58:00+00:00,106.3828125,106.390625,106.3828125,106.3828125,467.0
2025-02-19 21:59:00+00:00,106.390625,106.390625,106.3828125,106.3828125,827.0
2025-02-19 23:00:00+00:00,106.390625,106.390625,106.375,106.3828125,0.0
2025-02-19 23:01:00+00:00,106.390625,106.390625,106.390625,106.390625,107.0
2025-02-19 23:02:00+00:00,106.390625,106.390625,106.390625,106.390625,228.0
2025-02-19 23:03:00+00:00,106.390625,106.390625,106.390625,106.390625,27.0
2025-02-19 23:04:00+00:00,106.390625,106.3984375,106.3828125,106.390625,177.0
2025-02-19 23:05:00+00:00,106.390625,106.390625,106.390625,106.390625,48.0
2025-02-19 23:06:00+00:00,106.3984375,106.3984375,106.390625,106.390625,408.0
2025-02-19 23:07:00+00:00,106.390625,106.390625,106.390625,106.390625,488.0
2025-02-19 23:08:00+00:00,106.3828125,106.3828125,106.3828125,106.3828125,467.0
2025-02-19 23:09:00+00:00,106.3828125,106.390625,106.3828125,106.390625,262.0
2025-02-19 23:10:00+00:00,106.390625,106.390625,106.3828125,106.3828125,327.0
2025-02-19 23:11:00+00:00,106.390625,106.390625,106.390625,106.390625,117.0
2025-02-19 23:12:00+00:00,106.3984375,106.3984375,106.390625,106.390625,255.0
2025-02-19 23:14:00+00:00,106.390625,106.3984375,106.390625,106.3984375,92.0
2025-02-19 23:15:00+00:00,106.3984375,106.3984375,106.3984375,106.3984375,19.0
2025-02-19 23:16:00+00:00,106.3984375,106.3984375,106.3984375,106.3984375,275.0
2025-02-19 23:18:00+00:00,106.3984375,106.3984375,106.3984375,106.3984375,285.0
2025-02-19 23:21:00+00:00,106.390625,106.390625,106.390625,106.390625,323.0
2025-02-19 23:25:00+00:00,106.3828125,106.3828125,106.3828125,106.3828125,126.0
2025-02-19 23:26:00+00:00,106.3828125,106.3828125,106.3828125,106.3828125,635.0
2025-02-19 23:28:00+00:00,106.390625,106.390625,106.3828125,106.3828125,12.0
2025-02-19 23:31:00+00:00,106.3828125,106.3828125,106.3828125,106.3828125,162.0
2025-02-19 23:32:00+00:00,106.375,106.375,106.375,106.375,32.0
2025-02-19 23:35:00+00:00,106.375,106.375,106.375,106.375,1.0
2025-02-19 23:38:00+00:00,106.375,106.375,106.375,106.375,6.0
2025-02-19 23:39:00+00:00,106.375,106.375,106.375,106.375,2.0
2025-02-19 23:43:00+00:00,106.3828125,106.3828125,106.3828125,106.3828125,7.0
2025-02-19 23:44:00+00:00,106.3828125,106.3828125,106.375,106.375,261.0
2025-02-19 23:46:00+00:00,106.3828125,106.3828125,106.3828125,106.3828125,1013.0
2025-02-19 23:49:00+00:00,106.3828125,106.3828125,106.3828125,106.3828125,576.0
2025-02-19 23:50:00+00:00,106.3828125,106.3828125,106.3828125,106.3828125,35.0
2025-02-19 23:51:00+00:00,106.390625,106.390625,106.390625,106.390625,250.0
2025-02-19 23:54:00+00:00,106.390625,106.390625,106.390625,106.390625,341.0
2025-02-19 23:55:00+00:00,106.390625,106.390625,106.390625,106.390625,2.0
2025-02-19 23:56:00+00:00,106.390625,106.390625,106.390625,106.390625,3.0
2025-02-19 23:57:00+00:00,106.390625,106.390625,106.390625,106.390625,561.0
2025-02-20 00:00:00+00:00,106.3828125,106.3828125,106.3828125,106.3828125,93.0
2025-02-20 00:01:00+00:00,106.390625,106.3984375,106.390625,106.390625,355.0
2025-02-20 00:02:00+00:00,106.3828125,106.3828125,106.3828125,106.3828125,2.0
2025-02-20 00:04:00+00:00,106.390625,106.390625,106.390625,106.390625,92.0
2025-02-20 00:06:00+00:00,106.390625,106.390625,106.390625,106.390625,189.0
2025-02-20 00:07:00+00:00,106.390625,106.390625,106.390625,106.390625,407.0
2025-02-20 00:08:00+00:00,106.390625,106.390625,106.3828125,106.390625,1974.0
2025-02-20 00:12:00+00:00,106.3984375,106.3984375,106.3984375,106.3984375,15.0
2025-02-20 00:14:00+00:00,106.390625,106.390625,106.390625,106.390625,53.0
2025-02-20 00:15:00+00:00,106.390625,106.390625,106.390625,106.390625,361.0
2025-02-20 00:16:00+00:00,106.390625,106.390625,106.3828125,106.390625,164.0
2025-02-20 00:17:00+00:00,106.3984375,106.3984375,106.390625,106.390625,270.0
2025-02-20 00:18:00+00:00,106.3984375,106.3984375,106.3984375,106.3984375,109.0
2025-02-20 00:19:00+00:00,106.3984375,106.3984375,106.3984375,106.3984375,42.0
2025-02-20 00:20:00+00:00,106.390625,106.390625,106.390625,106.390625,18.0
2025-02-20 00:22:00+00:00,106.3984375,106.3984375,106.390625,106.390625,19.0
2025-02-20 00:23:00+00:00,106.390625,106.390625,106.390625,106.390625,191.0
2025-02-20 00:24:00+00:00,106.390625,106.390625,106.390625,106.390625,231.0
2025-02-20 00:26:00+00:00,106.3984375,106.3984375,106.3984375,106.3984375,1.0
2025-02-20 00:27:00+00:00,106.3984375,106.3984375,106.390625,106.390625,15.0
2025-02-20 00:28:00+00:00,106.390625,106.390625,106.390625,106.390625,10.0
2025-02-20 00:29:00+00:00,106.3984375,106.3984375,106.390625,106.390625,315.0
2025-02-20 00:30:00+00:00,106.3828125,106.3984375,106.3828125,106.3984375,858.0
2025-02-20 00:31:00+00:00,106.3828125,106.3828125,106.3828125,106.3828125,264.0
2025-02-20 00:32:00+00:00,106.3828125,106.3828125,106.3828125,106.3828125,43.0
2025-02-20 00:33:00+00:00,106.3828125,106.3828125,106.3828125,106.3828125,138.0
2025-02-20 00:34:00+00:00,106.3828125,106.3828125,106.3828125,106.3828125,62.0
2025-02-20 00:35:00+00:00,106.3828125,106.3828125,106.3828125,106.3828125,36.0
2025-02-20 00:36:00+00:00,106.390625,106.390625,106.390625,106.390625,1.0
2025-02-20 00:38:00+00:00,106.390625,106.390625,106.3828125,106.3828125,176.0
2025-02-20 00:39:00+00:00,106.3984375,106.3984375,106.390625,106.390625,101.0
2025-02-20 00:42:00+00:00,106.390625,106.390625,106.390625,106.390625,168.0
2025-02-20 00:43:00+00:00,106.390625,106.390625,106.390625,106.390625,20.0
2025-02-20 00:44:00+00:00,106.3984375,106.3984375,106.3984375,106.3984375,352.0
2025-02-20 00:45:00+00:00,106.3984375,106.3984375,106.3984375,106.3984375,110.0
2025-02-20 00:46:00+00:00,106.40625,106.40625,106.390625,106.3984375,482.0
2025-02-20 00:47:00+00:00,106.3984375,106.40625,106.3984375,106.40625,5.0
2025-02-20 00:48:00+00:00,106.3984375,106.3984375,106.3984375,106.3984375,302.0
2025-02-20 00:49:00+00:00,106.40625,106.40625,106.3984375,106.3984375,433.0
2025-02-20 00:50:00+00:00,106.40625,106.40625,106.3984375,106.3984375,409.0
2025-02-20 00:51:00+00:00,106.3984375,106.3984375,106.3984375,106.3984375,9.0
2025-02-20 00:52:00+00:00,106.3984375,106.3984375,106.3984375,106.3984375,666.0
2025-02-20 00:53:00+00:00,106.3984375,106.3984375,106.3984375,106.3984375,50.0
2025-02-20 00:54:00+00:00,106.3984375,106.3984375,106.3984375,106.3984375,80.0
2025-02-20 00:55:00+00:00,106.3984375,106.3984375,106.3984375,106.3984375,20.0
2025-02-20 00:57:00+00:00,106.3984375,106.3984375,106.390625,106.3984375,18.0
2025-02-20 00:58:00+00:00,106.3984375,106.3984375,106.390625,106.390625,230.0
2025-02-20 00:59:00+00:00,106.3984375,106.3984375,106.3984375,106.3984375,54.0
2025-02-20 01:00:00+00:00,106.40625,106.40625,106.40625,106.40625,214.0
2025-02-20 01:01:00+00:00,106.40625,106.40625,106.40625,106.40625,156.0
2025-02-20 01:02:00+00:00,106.4140625,106.4140625,106.40625,106.40625,118.0
2025-02-20 01:03:00+00:00,106.4140625,106.4140625,106.4140625,106.4140625,117.0
2025-02-20 01:04:00+00:00,106.4140625,106.4140625,106.4140625,106.4140625,33.0
2025-02-20 01:05:00+00:00,106.4140625,106.4140625,106.4140625,106.4140625,170.0
2025-02-20 01:06:00+00:00,106.421875,106.421875,106.4140625,106.421875,301.0
2025-02-20 01:07:00+00:00,106.421875,106.421875,106.421875,106.421875,104.0
2025-02-20 01:08:00+00:00,106.421875,106.421875,106.421875,106.421875,426.0
2025-02-20 01:09:00+00:00,106.421875,106.421875,106.421875,106.421875,12.0
2025-02-20 01:10:00+00:00,106.421875,106.421875,106.421875,106.421875,129.0
2025-02-20 01:11:00+00:00,106.421875,106.421875,106.421875,106.421875,281.0
2025-02-20 01:12:00+00:00,106.421875,106.421875,106.421875,106.421875,328.0
2025-02-20 01:15:00+00:00,106.4296875,106.4296875,106.4296875,106.4296875,463.0
2025-02-20 01:16:00+00:00,106.4296875,106.4296875,106.421875,106.421875,142.0
2025-02-20 01:22:00+00:00,106.421875,106.4296875,106.421875,106.421875,350.0
2025-02-20 01:23:00+00:00,106.421875,106.421875,106.421875,106.421875,9.0
2025-02-20 01:24:00+00:00,106.4296875,106.4296875,106.421875,106.421875,16.0
2025-02-20 01:26:00+00:00,106.421875,106.421875,106.421875,106.421875,8.0
2025-02-20 01:27:00+00:00,106.421875,106.421875,106.421875,106.421875,35.0
2025-02-20 01:28:00+00:00,106.421875,106.421875,106.421875,106.421875,14.0
2025-02-20 01:29:00+00:00,106.4296875,106.4296875,106.421875,106.421875,225.0
2025-02-20 01:31:00+00:00,106.4296875,106.4296875,106.421875,106.421875,283.0
2025-02-20 01:32:00+00:00,106.4375,106.4375,106.4296875,106.4296875,448.0
2025-02-20 01:33:00+00:00,106.4375,106.4375,106.4375,106.4375,667.0
2025-02-20 01:34:00+00:00,106.453125,106.453125,106.4375,106.4375,1201.0
2025-02-20 01:35:00+00:00,106.4453125,106.4453125,106.4453125,106.4453125,21.0
2025-02-20 01:36:00+00:00,106.4375,106.4453125,106.4375,106.4453125,434.0
2025-02-20 01:37:00+00:00,106.4375,106.4375,106.4375,106.4375,401.0
2025-02-20 01:38:00+00:00,106.4296875,106.4296875,106.4296875,106.4296875,67.0
2025-02-20 01:39:00+00:00,106.4296875,106.4296875,106.4296875,106.4296875,14.0
2025-02-20 01:40:00+00:00,106.4296875,106.4296875,106.4296875,106.4296875,18.0
2025-02-20 01:41:00+00:00,106.4296875,106.4296875,106.4296875,106.4296875,9.0
2025-02-20 01:43:00+00:00,106.4375,106.4375,106.4296875,106.4296875,771.0
2025-02-20 01:44:00+00:00,106.4375,106.4375,106.4375,106.4375,305.0
2025-02-20 01:45:00+00:00,106.4375,106.4375,106.4375,106.4375,727.0
2025-02-20 01:46:00+00:00,106.4375,106.4375,106.4296875,106.4375,36.0
2025-02-20 01:47:00+00:00,106.4375,106.4375,106.4296875,106.4296875,92.0
2025-02-20 01:48:00+00:00,106.4375,106.4375,106.4296875,106.4296875,58.0
2025-02-20 01:49:00+00:00,106.4375,106.4453125,106.4375,106.4375,40.0
2025-02-20 01:51:00+00:00,106.4375,106.4453125,106.4375,106.4453125,363.0
2025-02-20 01:53:00+00:00,106.4453125,106.4453125,106.4453125,106.4453125,178.0
2025-02-20 01:54:00+00:00,106.4453125,106.4453125,106.4453125,106.4453125,189.0
2025-02-20 01:56:00+00:00,106.4453125,106.4453125,106.4453125,106.4453125,59.0
2025-02-20 01:57:00+00:00,106.4453125,106.4453125,106.4453125,106.4453125,13.0
2025-02-20 01:58:00+00:00,106.4453125,106.4453125,106.4453125,106.4453125,9.0
2025-02-20 02:00:00+00:00,106.4453125,106.4453125,106.4453125,106.4453125,24.0
2025-02-20 02:01:00+00:00,106.4453125,106.4453125,106.4453125,106.4453125,614.0
2025-02-20 02:02:00+00:00,106.4453125,106.4453125,106.4375,106.4375,15.0
2025-02-20 02:03:00+00:00,106.4375,106.4375,106.4375,106.4375,9.0
2025-02-20 02:04:00+00:00,106.4375,106.4375,106.4375,106.4375,1152.0
2025-02-20 02:05:00+00:00,106.4375,106.4375,106.4375,106.4375,18.0
2025-02-20 02:07:00+00:00,106.4375,106.4375,106.4375,106.4375,84.0
2025-02-20 02:08:00+00:00,106.4375,106.4375,106.4375,106.4375,14.0
2025-02-20 02:09:00+00:00,106.4375,106.4375,106.4375,106.4375,114.0
2025-02-20 02:10:00+00:00,106.4375,106.4375,106.4375,106.4375,233.0
2025-02-20 02:12:00+00:00,106.4375,106.4375,106.4375,106.4375,1.0
2025-02-20 02:13:00+00:00,106.4375,106.4375,106.4375,106.4375,27.0
2025-02-20 02:14:00+00:00,106.4375,106.4375,106.4375,106.4375,100.0
2025-02-20 02:15:00+00:00,106.4375,106.4375,106.4375,106.4375,10.0
2025-02-20 02:17:00+00:00,106.4375,106.4375,106.4375,106.4375,134.0
2025-02-20 02:18:00+00:00,106.4375,106.4375,106.4375,106.4375,408.0
2025-02-20 02:19:00+00:00,106.4375,106.4375,106.4375,106.4375,74.0
2025-02-20 02:20:00+00:00,106.4453125,106.4453125,106.4375,106.4375,211.0
2025-02-20 02:21:00+00:00,106.4375,106.4375,106.4375,106.4375,15.0
2025-02-20 02:24:00+00:00,106.4375,106.4375,106.4375,106.4375,99.0
2025-02-20 02:26:00+00:00,106.4296875,106.4296875,106.4296875,106.4296875,8.0
2025-02-20 02:27:00+00:00,106.4375,106.4375,106.4296875,106.4296875,19.0
2025-02-20 02:29:00+00:00,106.4296875,106.4296875,106.4296875,106.4296875,168.0
2025-02-20 02:30:00+00:00,106.4375,106.4375,106.4296875,106.4296875,1363.0
2025-02-20 02:31:00+00:00,106.4375,106.4375,106.4375,106.4375,89.0
2025-02-20 02:32:00+00:00,106.4296875,106.4296875,106.4296875,106.4296875,50.0
2025-02-20 02:33:00+00:00,106.4375,106.4375,106.4375,106.4375,574.0
2025-02-20 02:34:00+00:00,106.4375,106.4375,106.4375,106.4375,81.0
2025-02-20 02:35:00+00:00,106.4375,106.4375,106.4375,106.4375,11.0
2025-02-20 02:37:00+00:00,106.4453125,106.4453125,106.4453125,106.4453125,456.0
2025-02-20 02:38:00+00:00,106.4375,106.4453125,106.4375,106.4453125,1156.0
2025-02-20 02:39:00+00:00,106.4375,106.4453125,106.4296875,106.4375,505.0
2025-02-20 02:41:00+00:00,106.4375,106.4375,106.4375,106.4375,364.0
2025-02-20 02:42:00+00:00,106.4375,106.4375,106.4375,106.4375,94.0
2025-02-20 02:44:00+00:00,106.4375,106.4375,106.4375,106.4375,271.0
2025-02-20 02:45:00+00:00,106.4375,106.4375,106.4375,106.4375,64.0
2025-02-20 02:46:00+00:00,106.4296875,106.4375,106.4296875,106.4375,364.0
2025-02-20 02:50:00+00:00,106.4453125,106.4453125,106.4375,106.4375,499.0
2025-02-20 02:51:00+00:00,106.4453125,106.4453125,106.4453125,106.4453125,86.0
2025-02-20 02:52:00+00:00,106.453125,106.453125,106.4453125,106.4453125,177.0
2025-02-20 02:53:00+00:00,106.4453125,106.4453125,106.4453125,106.4453125,166.0
2025-02-20 02:54:00+00:00,106.4453125,106.4453125,106.4375,106.4453125,662.0
2025-02-20 02:55:00+00:00,106.4453125,106.4453125,106.4453125,106.4453125,207.0
2025-02-20 02:57:00+00:00,106.4375,106.4453125,106.4375,106.4453125,581.0
2025-02-20 02:58:00+00:00,106.4453125,106.4453125,106.4453125,106.4453125,372.0
2025-02-20 02:59:00+00:00,106.4453125,106.453125,106.4453125,106.4453125,114.0
2025-02-20 03:00:00+00:00,106.4453125,106.4453125,106.4453125,106.4453125,46.0
2025-02-20 03:01:00+00:00,106.4453125,106.4453125,106.4453125,106.4453125,279.0
2025-02-20 03:02:00+00:00,106.4453125,106.4453125,106.4453125,106.4453125,18.0
2025-02-20 03:03:00+00:00,106.4453125,106.4453125,106.4453125,106.4453125,127.0
2025-02-20 03:04:00+00:00,106.4453125,106.4453125,106.4453125,106.4453125,32.0
2025-02-20 03:05:00+00:00,106.4375,106.4453125,106.4375,106.4453125,57.0
2025-02-20 03:06:00+00:00,106.453125,106.453125,106.4375,106.4375,1525.0
2025-02-20 03:07:00+00:00,106.4609375,106.4609375,106.453125,106.453125,138.0
2025-02-20 03:10:00+00:00,106.453125,106.453125,106.453125,106.453125,775.0
2025-02-20 03:11:00+00:00,106.453125,106.453125,106.453125,106.453125,9.0
2025-02-20 03:12:00+00:00,106.4609375,106.4609375,106.453125,106.4609375,770.0
2025-02-20 03:13:00+00:00,106.4609375,106.46875,106.4609375,106.4609375,181.0
2025-02-20 03:14:00+00:00,106.453125,106.4609375,106.453125,106.4609375,40.0
2025-02-20 03:15:00+00:00,106.4609375,106.4609375,106.453125,106.453125,365.0
2025-02-20 03:17:00+00:00,106.4609375,106.46875,106.4609375,106.4609375,22.0
2025-02-20 03:18:00+00:00,106.4609375,106.4609375,106.4609375,106.4609375,12.0
2025-02-20 03:19:00+00:00,106.46875,106.46875,106.4609375,106.4609375,10.0
2025-02-20 03:20:00+00:00,106.4609375,106.4609375,106.4609375,106.4609375,206.0
2025-02-20 03:22:00+00:00,106.4609375,106.4609375,106.4609375,106.4609375,185.0
2025-02-20 03:23:00+00:00,106.4609375,106.4609375,106.453125,106.453125,358.0
2025-02-20 03:24:00+00:00,106.4609375,106.4609375,106.4609375,106.4609375,437.0
2025-02-20 03:25:00+00:00,106.4609375,106.4609375,106.4609375,106.4609375,6.0
2025-02-20 03:26:00+00:00,106.4609375,106.4609375,106.4609375,106.4609375,33.0
2025-02-20 03:27:00+00:00,106.4609375,106.4609375,106.4609375,106.4609375,354.0
2025-02-20 03:28:00+00:00,106.4609375,106.4609375,106.453125,106.4609375,52.0
2025-02-20 03:29:00+00:00,106.4609375,106.4609375,106.4609375,106.4609375,11.0
2025-02-20 03:30:00+00:00,106.46875,106.46875,106.46875,106.46875,1.0
2025-02-20 03:32:00+00:00,106.4609375,106.4609375,106.4609375,106.4609375,79.0
2025-02-20 03:33:00+00:00,106.4609375,106.4609375,106.4609375,106.4609375,9.0
2025-02-20 03:34:00+00:00,106.4609375,106.4609375,106.4609375,106.4609375,496.0
2025-02-20 03:35:00+00:00,106.453125,106.4609375,106.453125,106.4609375,117.0
2025-02-20 03:36:00+00:00,106.453125,106.453125,106.453125,106.453125,1.0
2025-02-20 03:42:00+00:00,106.453125,106.453125,106.453125,106.453125,42.0
2025-02-20 03:43:00+00:00,106.453125,106.453125,106.453125,106.453125,305.0
2025-02-20 03:44:00+00:00,106.453125,106.453125,106.453125,106.453125,186.0
2025-02-20 03:46:00+00:00,106.4453125,106.453125,106.4453125,106.453125,894.0
2025-02-20 03:47:00+00:00,106.4453125,106.4453125,106.4453125,106.4453125,1.0
2025-02-20 03:49:00+00:00,106.4453125,106.4453125,106.4453125,106.4453125,598.0
2025-02-20 03:50:00+00:00,106.4453125,106.4453125,106.4453125,106.4453125,147.0
2025-02-20 03:51:00+00:00,106.4453125,106.4453125,106.4453125,106.4453125,27.0
2025-02-20 03:52:00+00:00,106.4453125,106.4453125,106.4453125,106.4453125,229.0
2025-02-20 03:53:00+00:00,106.4453125,106.4453125,106.4453125,106.4453125,572.0
2025-02-20 03:55:00+00:00,106.4453125,106.4453125,106.4453125,106.4453125,129.0
2025-02-20 03:56:00+00:00,106.4453125,106.4453125,106.4453125,106.4453125,133.0
2025-02-20 03:58:00+00:00,106.4375,106.4453125,106.4375,106.4453125,31.0
2025-02-20 03:59:00+00:00,106.4375,106.4375,106.4375,106.4375,393.0
2025-02-20 04:02:00+00:00,106.4375,106.4375,106.4375,106.4375,72.0
2025-02-20 04:03:00+00:00,106.4375,106.4375,106.4375,106.4375,31.0
2025-02-20 04:04:00+00:00,106.4375,106.4375,106.4375,106.4375,122.0
2025-02-20 04:05:00+00:00,106.4375,106.4375,106.4296875,106.4296875,78.0
2025-02-20 04:06:00+00:00,106.4375,106.4375,106.4375,106.4375,75.0
2025-02-20 04:08:00+00:00,106.4296875,106.4296875,106.4296875,106.4296875,33.0
2025-02-20 04:09:00+00:00,106.4375,106.4375,106.4296875,106.4296875,100.0
2025-02-20 04:10:00+00:00,106.4375,106.4453125,106.4375,106.4453125,5.0
2025-02-20 04:11:00+00:00,106.4375,106.4375,106.4375,106.4375,96.0
2025-02-20 04:12:00+00:00,106.4375,106.4375,106.4296875,106.4296875,76.0
2025-02-20 04:13:00+00:00,106.453125,106.453125,106.4453125,106.4453125,598.0
2025-02-20 04:14:00+00:00,106.453125,106.453125,106.453125,106.453125,251.0
2025-02-20 04:15:00+00:00,106.453125,106.453125,106.453125,106.453125,91.0
2025-02-20 04:17:00+00:00,106.453125,106.453125,106.453125,106.453125,32.0
2025-02-20 04:18:00+00:00,106.453125,106.453125,106.453125,106.453125,86.0
2025-02-20 04:20:00+00:00,106.453125,106.453125,106.453125,106.453125,78.0
2025-02-20 04:21:00+00:00,106.453125,106.453125,106.453125,106.453125,35.0
2025-02-20 04:22:00+00:00,106.4453125,106.4453125,106.4453125,106.4453125,2.0
2025-02-20 04:23:00+00:00,106.4453125,106.4453125,106.4453125,106.4453125,30.0
2025-02-20 04:24:00+00:00,106.453125,106.453125,106.4453125,106.4453125,59.0
2025-02-20 04:25:00+00:00,106.4453125,106.4453125,106.4453125,106.4453125,31.0
2025-02-20 04:26:00+00:00,106.4453125,106.4453125,106.4453125,106.4453125,34.0
2025-02-20 04:29:00+00:00,106.4453125,106.4453125,106.4453125,106.4453125,33.0
2025-02-20 04:30:00+00:00,106.4453125,106.4453125,106.4453125,106.4453125,10.0
2025-02-20 04:31:00+00:00,106.4453125,106.4453125,106.4453125,106.4453125,35.0
2025-02-20 04:32:00+00:00,106.4453125,106.4453125,106.4453125,106.4453125,14.0
2025-02-20 04:33:00+00:00,106.453125,106.453125,106.4453125,106.4453125,48.0
2025-02-20 04:50:00+00:00,106.4453125,106.4453125,106.4453125,106.4453125,310.0
2025-02-20 04:52:00+00:00,106.453125,106.453125,106.4453125,106.4453125,554.0
2025-02-20 04:54:00+00:00,106.4609375,106.4609375,106.4609375,106.4609375,3.0
2025-02-20 04:55:00+00:00,106.453125,106.453125,106.453125,106.453125,10.0
2025-02-20 04:56:00+00:00,106.453125,106.453125,106.453125,106.453125,37.0
2025-02-20 04:57:00+00:00,106.453125,106.453125,106.453125,106.453125,21.0
2025-02-20 04:58:00+00:00,106.453125,106.453125,106.453125,106.453125,39.0
2025-02-20 05:00:00+00:00,106.4609375,106.4609375,106.453125,106.453125,10.0
2025-02-20 05:01:00+00:00,106.453125,106.453125,106.453125,106.453125,36.0
2025-02-20 05:02:00+00:00,106.4609375,106.4609375,106.453125,106.453125,812.0
2025-02-20 05:04:00+00:00,106.4609375,106.4609375,106.4609375,106.4609375,619.0
2025-02-20 05:05:00+00:00,106.4609375,106.4609375,106.4609375,106.4609375,157.0
2025-02-20 05:06:00+00:00,106.4609375,106.4609375,106.4609375,106.4609375,403.0
2025-02-20 05:07:00+00:00,106.4609375,106.4609375,106.4609375,106.4609375,10.0
2025-02-20 05:11:00+00:00,106.46875,106.46875,106.4609375,106.4609375,16.0
2025-02-20 05:20:00+00:00,106.4609375,106.4609375,106.4609375,106.4609375,19.0
2025-02-20 05:21:00+00:00,106.4609375,106.4609375,106.4609375,106.4609375,1208.0
2025-02-20 05:22:00+00:00,106.4609375,106.4609375,106.4609375,106.4609375,211.0
2025-02-20 05:25:00+00:00,106.4609375,106.4609375,106.4609375,106.4609375,26.0
2025-02-20 05:26:00+00:00,106.4609375,106.4609375,106.4609375,106.4609375,2100.0
2025-02-20 05:27:00+00:00,106.4609375,106.4609375,106.4609375,106.4609375,4.0
2025-02-20 05:28:00+00:00,106.4609375,106.4609375,106.4609375,106.4609375,1.0
2025-02-20 05:29:00+00:00,106.46875,106.46875,106.4609375,106.4609375,1658.0
2025-02-20 05:30:00+00:00,106.46875,106.46875,106.46875,106.46875,275.0
2025-02-20 05:34:00+00:00,106.4609375,106.4609375,106.4609375,106.4609375,847.0
2025-02-20 05:35:00+00:00,106.453125,106.4609375,106.453125,106.4609375,321.0
2025-02-20 05:36:00+00:00,106.4609375,106.4609375,106.4609375,106.4609375,722.0
2025-02-20 05:38:00+00:00,106.4609375,106.4609375,106.4609375,106.4609375,42.0
2025-02-20 05:42:00+00:00,106.4609375,106.4609375,106.4609375,106.4609375,30.0
2025-02-20 05:43:00+00:00,106.4609375,106.4609375,106.4609375,106.4609375,253.0
2025-02-20 05:44:00+00:00,106.4609375,106.46875,106.4609375,106.4609375,731.0
2025-02-20 05:45:00+00:00,106.4609375,106.4609375,106.4609375,106.4609375,766.0
2025-02-20 05:46:00+00:00,106.4609375,106.4609375,106.4609375,106.4609375,276.0
2025-02-20 05:47:00+00:00,106.4609375,106.4609375,106.4609375,106.4609375,77.0
2025-02-20 05:48:00+00:00,106.4609375,106.4609375,106.4609375,106.4609375,264.0
2025-02-20 05:51:00+00:00,106.4609375,106.4609375,106.4609375,106.4609375,16.0
2025-02-20 05:54:00+00:00,106.4609375,106.4609375,106.4609375,106.4609375,36.0
2025-02-20 05:58:00+00:00,106.4609375,106.4609375,106.4609375,106.4609375,59.0
2025-02-20 05:59:00+00:00,106.46875,106.46875,106.4609375,106.4609375,844.0
2025-02-20 06:00:00+00:00,106.46875,106.46875,106.46875,106.46875,287.0
2025-02-20 06:03:00+00:00,106.46875,106.46875,106.46875,106.46875,890.0
2025-02-20 06:04:00+00:00,106.46875,106.46875,106.46875,106.46875,316.0
2025-02-20 06:05:00+00:00,106.4765625,106.4765625,106.46875,106.46875,8.0
2025-02-20 06:06:00+00:00,106.46875,106.4765625,106.46875,106.4765625,15.0
2025-02-20 06:07:00+00:00,106.46875,106.46875,106.46875,106.46875,9.0
2025-02-20 06:09:00+00:00,106.4765625,106.4765625,106.46875,106.46875,2235.0
2025-02-20 06:10:00+00:00,106.4765625,106.4765625,106.4765625,106.4765625,77.0
2025-02-20 06:11:00+00:00,106.46875,106.484375,106.46875,106.4765625,770.0
2025-02-20 06:12:00+00:00,106.46875,106.46875,106.46875,106.46875,30.0
2025-02-20 06:14:00+00:00,106.46875,106.46875,106.46875,106.46875,12.0
2025-02-20 06:15:00+00:00,106.46875,106.46875,106.46875,106.46875,21.0
2025-02-20 06:16:00+00:00,106.46875,106.46875,106.46875,106.46875,224.0
2025-02-20 06:17:00+00:00,106.46875,106.46875,106.4609375,106.4609375,77.0
2025-02-20 06:18:00+00:00,106.46875,106.46875,106.4609375,106.4609375,168.0
2025-02-20 06:19:00+00:00,106.46875,106.46875,106.46875,106.46875,10.0
2025-02-20 06:20:00+00:00,106.46875,106.46875,106.46875,106.46875,237.0
2025-02-20 06:21:00+00:00,106.46875,106.46875,106.46875,106.46875,34.0
2025-02-20 06:22:00+00:00,106.4765625,106.4765625,106.4765625,106.4765625,32.0
2025-02-20 06:23:00+00:00,106.4765625,106.4765625,106.4765625,106.4765625,75.0
2025-02-20 06:24:00+00:00,106.4765625,106.4765625,106.46875,106.46875,117.0
2025-02-20 06:25:00+00:00,106.4765625,106.4765625,106.4765625,106.4765625,522.0
2025-02-20 06:28:00+00:00,106.4765625,106.4765625,106.4765625,106.4765625,93.0
2025-02-20 06:29:00+00:00,106.4765625,106.4765625,106.46875,106.46875,152.0
2025-02-20 06:30:00+00:00,106.4765625,106.4765625,106.4765625,106.4765625,5.0
2025-02-20 06:31:00+00:00,106.4765625,106.4765625,106.4765625,106.4765625,15.0
2025-02-20 06:32:00+00:00,106.4765625,106.4765625,106.46875,106.46875,12.0
2025-02-20 06:34:00+00:00,106.46875,106.46875,106.46875,106.46875,1016.0
2025-02-20 06:35:00+00:00,106.4609375,106.4609375,106.4609375,106.4609375,13.0
2025-02-20 06:37:00+00:00,106.4609375,106.4609375,106.4609375,106.4609375,277.0
2025-02-20 06:38:00+00:00,106.4609375,106.4609375,106.4609375,106.4609375,1360.0
2025-02-20 06:46:00+00:00,106.4609375,106.4609375,106.4609375,106.4609375,545.0
2025-02-20 06:48:00+00:00,106.453125,106.453125,106.453125,106.453125,26.0
2025-02-20 06:49:00+00:00,106.453125,106.453125,106.453125,106.453125,17.0
2025-02-20 06:50:00+00:00,106.4609375,106.4609375,106.453125,106.453125,460.0
2025-02-20 06:51:00+00:00,106.4609375,106.4609375,106.4609375,106.4609375,88.0
2025-02-20 06:52:00+00:00,106.4609375,106.4609375,106.4609375,106.4609375,189.0
2025-02-20 06:53:00+00:00,106.4609375,106.4609375,106.453125,106.453125,239.0
2025-02-20 06:54:00+00:00,106.4609375,106.4609375,106.4609375,106.4609375,24.0
2025-02-20 06:56:00+00:00,106.46875,106.46875,106.46875,106.46875,40.0
2025-02-20 06:58:00+00:00,106.4609375,106.4609375,106.4609375,106.4609375,20.0
2025-02-20 06:59:00+00:00,106.4609375,106.4609375,106.4609375,106.4609375,183.0
2025-02-20 07:00:00+00:00,106.4609375,106.4609375,106.453125,106.453125,121.0
2025-02-20 07:01:00+00:00,106.46875,106.46875,106.46875,106.46875,867.0
2025-02-20 07:03:00+00:00,106.46875,106.46875,106.46875,106.46875,443.0
2025-02-20 07:04:00+00:00,106.46875,106.46875,106.46875,106.46875,24.0
2025-02-20 07:06:00+00:00,106.46875,106.46875,106.46875,106.46875,60.0
2025-02-20 07:07:00+00:00,106.46875,106.46875,106.46875,106.46875,483.0
2025-02-20 07:08:00+00:00,106.4765625,106.4765625,106.4765625,106.4765625,295.0
2025-02-20 07:09:00+00:00,106.4765625,106.4765625,106.46875,106.4765625,306.0
2025-02-20 07:10:00+00:00,106.4765625,106.484375,106.4765625,106.4765625,139.0
2025-02-20 07:11:00+00:00,106.484375,106.484375,106.4765625,106.4765625,2063.0
2025-02-20 07:12:00+00:00,106.484375,106.484375,106.484375,106.484375,681.0
2025-02-20 07:13:00+00:00,106.4765625,106.4765625,106.4765625,106.4765625,1.0
2025-02-20 07:14:00+00:00,106.484375,106.484375,106.484375,106.484375,523.0
2025-02-20 07:15:00+00:00,106.484375,106.484375,106.4765625,106.4765625,1517.0
2025-02-20 07:16:00+00:00,106.46875,106.484375,106.46875,106.484375,1562.0
2025-02-20 07:17:00+00:00,106.46875,106.4765625,106.46875,106.4765625,592.0
2025-02-20 07:18:00+00:00,106.46875,106.46875,106.46875,106.46875,261.0
2025-02-20 07:19:00+00:00,106.46875,106.46875,106.46875,106.46875,22.0
2025-02-20 07:20:00+00:00,106.46875,106.46875,106.46875,106.46875,569.0
2025-02-20 07:21:00+00:00,106.46875,106.46875,106.46875,106.46875,226.0
2025-02-20 07:24:00+00:00,106.46875,106.46875,106.4609375,106.46875,511.0
2025-02-20 07:25:00+00:00,106.4609375,106.4609375,106.4609375,106.4609375,90.0
2025-02-20 07:26:00+00:00,106.4609375,106.4609375,106.4609375,106.4609375,306.0
2025-02-20 07:27:00+00:00,106.453125,106.4609375,106.453125,106.4609375,107.0
2025-02-20 07:28:00+00:00,106.4609375,106.4609375,106.4609375,106.4609375,634.0
2025-02-20 07:29:00+00:00,106.453125,106.4609375,106.453125,106.4609375,18.0
2025-02-20 07:30:00+00:00,106.4609375,106.4609375,106.453125,106.453125,736.0
2025-02-20 07:31:00+00:00,106.4609375,106.46875,106.4609375,106.4609375,617.0
2025-02-20 07:32:00+00:00,106.4609375,106.4609375,106.4609375,106.4609375,199.0
2025-02-20 07:33:00+00:00,106.4609375,106.46875,106.4609375,106.46875,326.0
2025-02-20 07:35:00+00:00,106.4609375,106.4609375,106.4609375,106.4609375,67.0
2025-02-20 07:37:00+00:00,106.4609375,106.4609375,106.4609375,106.4609375,441.0
2025-02-20 07:38:00+00:00,106.453125,106.4609375,106.453125,106.4609375,108.0
2025-02-20 07:40:00+00:00,106.453125,106.453125,106.453125,106.453125,525.0
2025-02-20 07:42:00+00:00,106.4609375,106.4609375,106.453125,106.4609375,254.0
2025-02-20 07:43:00+00:00,106.4609375,106.4609375,106.4609375,106.4609375,433.0
2025-02-20 07:44:00+00:00,106.4609375,106.4609375,106.4609375,106.4609375,8.0
2025-02-20 07:46:00+00:00,106.4609375,106.4609375,106.453125,106.453125,755.0
2025-02-20 07:47:00+00:00,106.46875,106.46875,106.46875,106.46875,116.0
2025-02-20 07:48:00+00:00,106.4609375,106.46875,106.4609375,106.46875,38.0
2025-02-20 07:49:00+00:00,106.4609375,106.4609375,106.4609375,106.4609375,40.0
2025-02-20 07:50:00+00:00,106.4609375,106.4609375,106.4609375,106.4609375,27.0
2025-02-20 07:51:00+00:00,106.453125,106.4609375,106.453125,106.4609375,629.0
2025-02-20 07:53:00+00:00,106.453125,106.453125,106.453125,106.453125,18.0
2025-02-20 07:55:00+00:00,106.453125,106.453125,106.453125,106.453125,16.0
2025-02-20 07:56:00+00:00,106.453125,106.453125,106.4453125,106.453125,1197.0
2025-02-20 07:57:00+00:00,106.453125,106.453125,106.453125,106.453125,347.0
2025-02-20 07:58:00+00:00,106.4453125,106.453125,106.4453125,106.453125,53.0
2025-02-20 07:59:00+00:00,106.453125,106.453125,106.4453125,106.4453125,254.0
2025-02-20 08:00:00+00:00,106.4453125,106.4609375,106.4453125,106.4609375,209.0
2025-02-20 08:01:00+00:00,106.453125,106.453125,106.4453125,106.4453125,32.0
2025-02-20 08:02:00+00:00,106.4453125,106.453125,106.4453125,106.4453125,26.0
2025-02-20 08:03:00+00:00,106.4453125,106.453125,106.4453125,106.453125,13.0
2025-02-20 08:04:00+00:00,106.4453125,106.453125,106.4453125,106.453125,108.0
2025-02-20 08:05:00+00:00,106.4609375,106.4609375,106.4453125,106.4453125,605.0
2025-02-20 08:06:00+00:00,106.4609375,106.4609375,106.4609375,106.4609375,542.0
2025-02-20 08:07:00+00:00,106.453125,106.4609375,106.453125,106.4609375,7.0
2025-02-20 08:08:00+00:00,106.453125,106.4609375,106.453125,106.4609375,392.0
2025-02-20 08:09:00+00:00,106.453125,106.4609375,106.453125,106.4609375,951.0
2025-02-20 08:10:00+00:00,106.4609375,106.4609375,106.453125,106.453125,27.0
2025-02-20 08:11:00+00:00,106.4453125,106.453125,106.4453125,106.453125,613.0
2025-02-20 08:12:00+00:00,106.4453125,106.4453125,106.4453125,106.4453125,29.0
2025-02-20 08:13:00+00:00,106.4453125,106.453125,106.4453125,106.453125,319.0
2025-02-20 08:15:00+00:00,106.4453125,106.453125,106.4453125,106.4453125,72.0
2025-02-20 08:16:00+00:00,106.4453125,106.453125,106.4453125,106.4453125,19.0
2025-02-20 08:17:00+00:00,106.4453125,106.453125,106.4453125,106.453125,140.0
2025-02-20 08:19:00+00:00,106.4453125,106.453125,106.4453125,106.453125,11.0
2025-02-20 08:20:00+00:00,106.453125,106.453125,106.4453125,106.4453125,423.0
2025-02-20 08:21:00+00:00,106.453125,106.453125,106.4453125,106.4453125,206.0
2025-02-20 08:22:00+00:00,106.453125,106.453125,106.453125,106.453125,331.0
2025-02-20 08:23:00+00:00,106.4453125,106.453125,106.4453125,106.453125,18.0
2025-02-20 08:24:00+00:00,106.4375,106.4453125,106.4375,106.4453125,1325.0
2025-02-20 08:25:00+00:00,106.4375,106.4453125,106.4375,106.4453125,411.0
2025-02-20 08:26:00+00:00,106.4375,106.4453125,106.4296875,106.4375,1536.0
2025-02-20 08:27:00+00:00,106.4453125,106.4453125,106.4375,106.4375,130.0
2025-02-20 08:28:00+00:00,106.4375,106.4453125,106.4296875,106.4453125,767.0
2025-02-20 08:29:00+00:00,106.4375,106.4375,106.4375,106.4375,5.0
2025-02-20 08:30:00+00:00,106.453125,106.453125,106.4375,106.4375,1030.0
2025-02-20 08:31:00+00:00,106.4453125,106.4453125,106.4453125,106.4453125,6.0
2025-02-20 08:32:00+00:00,106.4375,106.453125,106.4375,106.4453125,432.0
2025-02-20 08:33:00+00:00,106.4453125,106.453125,106.4453125,106.4453125,491.0
2025-02-20 08:34:00+00:00,106.4453125,106.453125,106.4453125,106.4453125,347.0
2025-02-20 08:36:00+00:00,106.453125,106.453125,106.4453125,106.4453125,29.0
2025-02-20 08:37:00+00:00,106.4609375,106.4609375,106.4453125,106.4453125,604.0
2025-02-20 08:38:00+00:00,106.453125,106.4609375,106.453125,106.453125,826.0
2025-02-20 08:39:00+00:00,106.453125,106.453125,106.4453125,106.453125,41.0
2025-02-20 08:40:00+00:00,106.4375,106.453125,106.4375,106.453125,178.0
2025-02-20 08:41:00+00:00,106.4375,106.4453125,106.4375,106.4375,221.0
2025-02-20 08:42:00+00:00,106.4375,106.4453125,106.4375,106.4453125,60.0
2025-02-20 08:43:00+00:00,106.4375,106.4375,106.4375,106.4375,541.0
2025-02-20 08:44:00+00:00,106.4296875,106.4375,106.4296875,106.4375,104.0
2025-02-20 08:45:00+00:00,106.4375,106.4375,106.4296875,106.4296875,726.0
2025-02-20 08:46:00+00:00,106.4296875,106.4296875,106.4296875,106.4296875,808.0
2025-02-20 08:47:00+00:00,106.4296875,106.4375,106.4296875,106.4296875,488.0
2025-02-20 08:48:00+00:00,106.4375,106.4375,106.4296875,106.4296875,932.0
2025-02-20 08:49:00+00:00,106.4453125,106.4453125,106.4453125,106.4453125,80.0
2025-02-20 08:50:00+00:00,106.4375,106.4453125,106.4375,106.4453125,1139.0
2025-02-20 08:51:00+00:00,106.4375,106.4375,106.4375,106.4375,648.0
2025-02-20 08:52:00+00:00,106.4375,106.4375,106.4375,106.4375,80.0
2025-02-20 08:53:00+00:00,106.4375,106.4453125,106.4296875,106.4375,482.0
2025-02-20 08:54:00+00:00,106.4375,106.4375,106.4375,106.4375,175.0
2025-02-20 08:56:00+00:00,106.4375,106.4375,106.4375,106.4375,650.0
2025-02-20 08:58:00+00:00,106.4375,106.4375,106.4375,106.4375,50.0
2025-02-20 08:59:00+00:00,106.4375,106.4375,106.4375,106.4375,481.0
2025-02-20 09:00:00+00:00,106.4296875,106.4375,106.4296875,106.4375,647.0
2025-02-20 09:01:00+00:00,106.4296875,106.4296875,106.4296875,106.4296875,1029.0
2025-02-20 09:02:00+00:00,106.4375,106.4375,106.4375,106.4375,903.0
2025-02-20 09:03:00+00:00,106.4296875,106.4375,106.4296875,106.4296875,199.0
2025-02-20 09:04:00+00:00,106.4296875,106.4375,106.4296875,106.4375,854.0
2025-02-20 09:05:00+00:00,106.4375,106.4375,106.4296875,106.4296875,2.0
2025-02-20 09:06:00+00:00,106.4453125,106.4453125,106.4296875,106.4296875,764.0
2025-02-20 09:07:00+00:00,106.4296875,106.4453125,106.4296875,106.4375,102.0
2025-02-20 09:08:00+00:00,106.4375,106.4375,106.4375,106.4375,817.0
2025-02-20 09:09:00+00:00,106.4296875,106.4375,106.4296875,106.4375,29.0
2025-02-20 09:10:00+00:00,106.4296875,106.4375,106.4296875,106.4375,48.0
2025-02-20 09:11:00+00:00,106.4375,106.4375,106.4375,106.4375,272.0
2025-02-20 09:12:00+00:00,106.4375,106.4453125,106.4375,106.4453125,3.0
2025-02-20 09:13:00+00:00,106.4453125,106.4453125,106.4375,106.4453125,40.0
2025-02-20 09:23:00+00:00,106.4296875,106.43000030517578,106.4296875,106.43000030517578,3529.0
2025-02-20 09:24:00+00:00,106.4296875,106.4296875,106.4296875,106.4296875,42.0
2025-02-20 09:25:00+00:00,106.4375,106.4375,106.4296875,106.4375,137.0
2025-02-20 09:26:00+00:00,106.4296875,106.4296875,106.4296875,106.4296875,34.0
2025-02-20 09:27:00+00:00,106.4296875,106.4375,106.4296875,106.4296875,12.0
2025-02-20 09:28:00+00:00,106.4296875,106.4296875,106.4296875,106.4296875,41.0
2025-02-20 09:29:00+00:00,106.4296875,106.4296875,106.4296875,106.4296875,1.0
2025-02-20 09:30:00+00:00,106.4296875,106.4296875,106.4296875,106.4296875,831.0
2025-02-20 09:32:00+00:00,106.4296875,106.4375,106.4296875,106.4296875,77.0
2025-02-20 09:33:00+00:00,106.4296875,106.4375,106.4296875,106.4296875,116.0
2025-02-20 09:34:00+00:00,106.4296875,106.4296875,106.4296875,106.4296875,318.0
2025-02-20 09:35:00+00:00,106.421875,106.4296875,106.421875,106.4296875,378.0
2025-02-20 09:36:00+00:00,106.4296875,106.4296875,106.421875,106.421875,941.0
2025-02-20 09:40:00+00:00,106.4296875,106.4296875,106.421875,106.4296875,1513.0
2025-02-20 09:41:00+00:00,106.4296875,106.4296875,106.421875,106.4296875,517.0
2025-02-20 09:42:00+00:00,106.4296875,106.4296875,106.4296875,106.4296875,7.0
2025-02-20 09:43:00+00:00,106.421875,106.4296875,106.421875,106.4296875,155.0
2025-02-20 09:44:00+00:00,106.4375,106.4375,106.421875,106.421875,938.0
2025-02-20 09:45:00+00:00,106.4296875,106.4375,106.4296875,106.4375,119.0
2025-02-20 09:47:00+00:00,106.4296875,106.4375,106.4296875,106.4375,11.0
2025-02-20 09:48:00+00:00,106.4296875,106.4296875,106.421875,106.4296875,696.0
2025-02-20 09:49:00+00:00,106.4296875,106.4296875,106.421875,106.4296875,1197.0
2025-02-20 09:50:00+00:00,106.421875,106.4296875,106.421875,106.4296875,1260.0
2025-02-20 09:51:00+00:00,106.421875,106.4296875,106.421875,106.421875,340.0
2025-02-20 09:52:00+00:00,106.4296875,106.4296875,106.421875,106.4296875,420.0
2025-02-20 09:53:00+00:00,106.421875,106.4375,106.421875,106.4296875,57.0
2025-02-20 09:55:00+00:00,106.421875,106.421875,106.421875,106.421875,2.0
2025-02-20 09:56:00+00:00,106.4375,106.4375,106.4296875,106.4296875,363.0
2025-02-20 09:57:00+00:00,106.4296875,106.4375,106.4296875,106.4375,153.0
2025-02-20 09:58:00+00:00,106.4375,106.4375,106.4375,106.4375,376.0
2025-02-20 09:59:00+00:00,106.4375,106.4453125,106.4375,106.4453125,30.0
2025-02-20 10:00:00+00:00,106.4375,106.4453125,106.4375,106.4453125,68.0
2025-02-20 10:01:00+00:00,106.4375,106.4453125,106.4375,106.4453125,368.0
2025-02-20 10:02:00+00:00,106.4375,106.4453125,106.4375,106.4453125,16.0
2025-02-20 10:03:00+00:00,106.4375,106.4375,106.4375,106.4375,4.0
2025-02-20 10:04:00+00:00,106.4375,106.4375,106.4375,106.4375,32.0
2025-02-20 10:05:00+00:00,106.4375,106.4453125,106.4375,106.4453125,10.0
2025-02-20 10:06:00+00:00,106.4375,106.4375,106.4375,106.4375,3.0
2025-02-20 10:08:00+00:00,106.4375,106.4453125,106.4375,106.4375,203.0
2025-02-20 10:09:00+00:00,106.4375,106.4375,106.4375,106.4375,696.0
2025-02-20 10:10:00+00:00,106.4375,106.4375,106.4375,106.4375,228.0
2025-02-20 10:11:00+00:00,106.4375,106.4375,106.4375,106.4375,744.0
2025-02-20 10:12:00+00:00,106.4375,106.4375,106.4375,106.4375,61.0
2025-02-20 10:14:00+00:00,106.4375,106.4375,106.4375,106.4375,20.0
2025-02-20 10:16:00+00:00,106.4375,106.4453125,106.4375,106.4453125,84.0
2025-02-20 10:18:00+00:00,106.4375,106.4453125,106.4375,106.4453125,77.0
2025-02-20 10:22:00+00:00,106.4453125,106.4453125,106.4375,106.4453125,370.0
2025-02-20 10:23:00+00:00,106.453125,106.453125,106.4453125,106.4453125,1040.0
2025-02-20 10:24:00+00:00,106.453125,106.453125,106.4453125,106.453125,114.0
2025-02-20 10:25:00+00:00,106.453125,106.453125,106.4453125,106.453125,113.0
2025-02-20 10:26:00+00:00,106.4453125,106.4453125,106.4375,106.4453125,1593.0
2025-02-20 10:27:00+00:00,106.4453125,106.4453125,106.4375,106.4375,178.0
2025-02-20 10:28:00+00:00,106.4453125,106.4453125,106.4453125,106.4453125,174.0
2025-02-20 10:29:00+00:00,106.4453125,106.4453125,106.4453125,106.4453125,74.0
2025-02-20 10:31:00+00:00,106.4375,106.4375,106.4375,106.4375,8.0
2025-02-20 10:33:00+00:00,106.4453125,106.4453125,106.4453125,106.4453125,561.0
2025-02-20 10:34:00+00:00,106.4453125,106.4453125,106.4453125,106.4453125,171.0
2025-02-20 10:35:00+00:00,106.4453125,106.4453125,106.4453125,106.4453125,278.0
2025-02-20 10:36:00+00:00,106.4453125,106.4453125,106.4453125,106.4453125,119.0
2025-02-20 10:37:00+00:00,106.4375,106.4375,106.4375,106.4375,120.0
2025-02-20 10:38:00+00:00,106.4375,106.4453125,106.4375,106.4453125,169.0
2025-02-20 10:39:00+00:00,106.4453125,106.4453125,106.4375,106.4453125,386.0
2025-02-20 10:41:00+00:00,106.4375,106.4453125,106.4375,106.4453125,155.0
2025-02-20 10:42:00+00:00,106.4453125,106.4453125,106.4453125,106.4453125,348.0
2025-02-20 10:43:00+00:00,106.4453125,106.4453125,106.4453125,106.4453125,169.0
2025-02-20 10:44:00+00:00,106.4453125,106.4453125,106.4453125,106.4453125,8.0
2025-02-20 10:46:00+00:00,106.4375,106.4375,106.4375,106.4375,568.0
2025-02-20 10:47:00+00:00,106.4375,106.4375,106.4375,106.4375,2.0
2025-02-20 10:48:00+00:00,106.4296875,106.4375,106.4296875,106.4375,381.0
2025-02-20 10:50:00+00:00,106.4296875,106.4375,106.4296875,106.4375,98.0
2025-02-20 10:51:00+00:00,106.4296875,106.4375,106.4296875,106.4296875,15.0
2025-02-20 10:52:00+00:00,106.4296875,106.4375,106.4296875,106.4375,100.0
2025-02-20 10:53:00+00:00,106.4296875,106.4296875,106.4296875,106.4296875,19.0
2025-02-20 10:54:00+00:00,106.421875,106.4296875,106.421875,106.4296875,1083.0
2025-02-20 10:55:00+00:00,106.421875,106.421875,106.421875,106.421875,18.0
2025-02-20 10:56:00+00:00,106.421875,106.421875,106.421875,106.421875,76.0
2025-02-20 10:58:00+00:00,106.4296875,106.4296875,106.4296875,106.4296875,584.0
2025-02-20 11:00:00+00:00,106.421875,106.421875,106.421875,106.421875,106.0
2025-02-20 11:02:00+00:00,106.421875,106.421875,106.421875,106.421875,88.0
2025-02-20 11:03:00+00:00,106.4296875,106.4296875,106.4296875,106.4296875,378.0
2025-02-20 11:04:00+00:00,106.4296875,106.4375,106.4296875,106.4375,9.0
2025-02-20 11:05:00+00:00,106.4296875,106.4296875,106.421875,106.4296875,276.0
2025-02-20 11:06:00+00:00,106.4296875,106.4296875,106.421875,106.421875,107.0
2025-02-20 11:07:00+00:00,106.421875,106.421875,106.421875,106.421875,1.0
2025-02-20 11:08:00+00:00,106.421875,106.421875,106.421875,106.421875,86.0
2025-02-20 11:09:00+00:00,106.421875,106.4296875,106.421875,106.4296875,610.0
2025-02-20 11:20:00+00:00,106.4140625,106.4140625,106.41400146484375,106.41400146484375,2189.0
2025-02-20 11:21:00+00:00,106.4140625,106.4140625,106.4140625,106.4140625,29.0
2025-02-20 11:22:00+00:00,106.4140625,106.421875,106.4140625,106.421875,27.0
2025-02-20 11:23:00+00:00,106.4140625,106.4140625,106.4140625,106.4140625,1.0
2025-02-20 11:24:00+00:00,106.4140625,106.421875,106.4140625,106.421875,13.0
2025-02-20 11:25:00+00:00,106.421875,106.421875,106.421875,106.421875,961.0
2025-02-20 11:26:00+00:00,106.421875,106.421875,106.421875,106.421875,181.0
2025-02-20 11:28:00+00:00,106.421875,106.4296875,106.421875,106.4296875,37.0
2025-02-20 11:30:00+00:00,106.421875,106.421875,106.4140625,106.421875,2549.0
2025-02-20 11:31:00+00:00,106.4140625,106.421875,106.4140625,106.421875,86.0
2025-02-20 11:32:00+00:00,106.4140625,106.4140625,106.4140625,106.4140625,9.0
2025-02-20 11:33:00+00:00,106.4140625,106.421875,106.4140625,106.4140625,64.0
2025-02-20 11:34:00+00:00,106.4140625,106.421875,106.40625,106.4140625,830.0
2025-02-20 11:35:00+00:00,106.4140625,106.4140625,106.40625,106.4140625,60.0
2025-02-20 11:38:00+00:00,106.4140625,106.4140625,106.4140625,106.4140625,6.0
2025-02-20 11:40:00+00:00,106.4140625,106.421875,106.4140625,106.421875,134.0
2025-02-20 11:41:00+00:00,106.4140625,106.4140625,106.4140625,106.4140625,1116.0
2025-02-20 11:42:00+00:00,106.4140625,106.4140625,106.4140625,106.4140625,336.0
2025-02-20 11:45:00+00:00,106.4140625,106.421875,106.40625,106.421875,517.0
2025-02-20 11:46:00+00:00,106.40625,106.4140625,106.40625,106.4140625,353.0
2025-02-20 11:47:00+00:00,106.40625,106.40625,106.40625,106.40625,226.0
2025-02-20 11:49:00+00:00,106.40625,106.40625,106.40625,106.40625,1848.0
2025-02-20 11:50:00+00:00,106.3984375,106.40625,106.3984375,106.40625,3725.0
2025-02-20 11:51:00+00:00,106.3984375,106.40625,106.3984375,106.40625,63.0
2025-02-20 11:52:00+00:00,106.3984375,106.40625,106.3984375,106.40625,588.0
2025-02-20 11:53:00+00:00,106.3984375,106.3984375,106.3984375,106.3984375,870.0
2025-02-20 11:54:00+00:00,106.3984375,106.40625,106.3984375,106.3984375,4729.0
2025-02-20 11:55:00+00:00,106.3984375,106.3984375,106.3984375,106.3984375,308.0
2025-02-20 11:56:00+00:00,106.40625,106.40625,106.3984375,106.40625,141.0
2025-02-20 11:57:00+00:00,106.3984375,106.3984375,106.3984375,106.3984375,18.0
2025-02-20 11:58:00+00:00,106.3984375,106.3984375,106.3984375,106.3984375,756.0
2025-02-20 11:59:00+00:00,106.40625,106.40625,106.40625,106.40625,2754.0
2025-02-20 12:00:00+00:00,106.40625,106.40625,106.3984375,106.3984375,340.0
2025-02-20 12:01:00+00:00,106.40625,106.4140625,106.40625,106.40625,100.0
2025-02-20 12:02:00+00:00,106.4140625,106.4140625,106.40625,106.4140625,947.0
2025-02-20 12:03:00+00:00,106.421875,106.421875,106.40625,106.4140625,458.0
2025-02-20 12:04:00+00:00,106.421875,106.421875,106.4140625,106.4140625,368.0
2025-02-20 12:05:00+00:00,106.4375,106.4375,106.421875,106.421875,1442.0
2025-02-20 12:06:00+00:00,106.453125,106.453125,106.4453125,106.4453125,4905.0
2025-02-20 12:07:00+00:00,106.4453125,106.4609375,106.4453125,106.453125,3010.0
2025-02-20 12:08:00+00:00,106.453125,106.453125,106.4453125,106.453125,1031.0
2025-02-20 12:09:00+00:00,106.4765625,106.4765625,106.4609375,106.4609375,1344.0
2025-02-20 12:10:00+00:00,106.4765625,106.4765625,106.46875,106.46875,1127.0
2025-02-20 12:11:00+00:00,106.46875,106.4765625,106.46875,106.4765625,2151.0
2025-02-20 12:13:00+00:00,106.4453125,106.4609375,106.4453125,106.4609375,2086.0
2025-02-20 12:14:00+00:00,106.4453125,106.4453125,106.4375,106.4453125,1848.0
2025-02-20 12:15:00+00:00,106.4453125,106.453125,106.4453125,106.453125,186.0
2025-02-20 12:16:00+00:00,106.4375,106.4453125,106.4375,106.4453125,274.0
2025-02-20 12:17:00+00:00,106.453125,106.4609375,106.4453125,106.4453125,3165.0
2025-02-20 12:18:00+00:00,106.4375,106.4453125,106.4296875,106.4453125,2281.0
2025-02-20 12:19:00+00:00,106.4296875,106.4375,106.4296875,106.4296875,574.0
2025-02-20 12:20:00+00:00,106.4296875,106.4296875,106.4296875,106.4296875,276.0
2025-02-20 12:21:00+00:00,106.4296875,106.4296875,106.4296875,106.4296875,10.0
2025-02-20 12:22:00+00:00,106.4375,106.4453125,106.4296875,106.4375,498.0
2025-02-20 12:23:00+00:00,106.4453125,106.4453125,106.4453125,106.4453125,2125.0
2025-02-20 12:24:00+00:00,106.453125,106.453125,106.4375,106.4453125,574.0
2025-02-20 12:25:00+00:00,106.453125,106.453125,106.4453125,106.4453125,674.0
2025-02-20 12:26:00+00:00,106.453125,106.453125,106.453125,106.453125,1091.0
2025-02-20 12:27:00+00:00,106.4609375,106.4609375,106.453125,106.453125,89.0
2025-02-20 12:28:00+00:00,106.4609375,106.46875,106.453125,106.453125,1282.0
2025-02-20 12:29:00+00:00,106.4609375,106.4609375,106.4609375,106.4609375,1352.0
2025-02-20 12:30:00+00:00,106.453125,106.4609375,106.453125,106.4609375,731.0
2025-02-20 12:31:00+00:00,106.4453125,106.453125,106.4453125,106.453125,493.0
2025-02-20 12:32:00+00:00,106.453125,106.453125,106.4453125,106.453125,933.0
2025-02-20 12:33:00+00:00,106.4453125,106.453125,106.4375,106.453125,424.0
2025-02-20 12:34:00+00:00,106.4375,106.4453125,106.4375,106.4453125,421.0
2025-02-20 12:35:00+00:00,106.4453125,106.4453125,106.4453125,106.4453125,53.0
2025-02-20 12:36:00+00:00,106.453125,106.453125,106.4453125,106.4453125,607.0
2025-02-20 12:37:00+00:00,106.453125,106.4609375,106.453125,106.453125,1203.0
2025-02-20 12:38:00+00:00,106.453125,106.4609375,106.453125,106.453125,370.0
2025-02-20 12:39:00+00:00,106.453125,106.453125,106.4453125,106.453125,994.0
2025-02-20 12:40:00+00:00,106.453125,106.46875,106.453125,106.453125,1403.0
2025-02-20 12:41:00+00:00,106.4453125,106.4609375,106.4453125,106.4609375,1384.0
2025-02-20 12:42:00+00:00,106.4453125,106.4453125,106.4453125,106.4453125,860.0
2025-02-20 12:43:00+00:00,106.453125,106.453125,106.453125,106.453125,982.0
2025-02-20 12:44:00+00:00,106.453125,106.453125,106.453125,106.453125,1421.0
2025-02-20 12:45:00+00:00,106.4453125,106.453125,106.4453125,106.453125,114.0
2025-02-20 12:46:00+00:00,106.4453125,106.453125,106.4453125,106.4453125,45.0
2025-02-20 12:48:00+00:00,106.4453125,106.453125,106.4453125,106.453125,61.0
2025-02-20 12:49:00+00:00,106.4609375,106.4609375,106.453125,106.453125,1111.0
2025-02-20 12:50:00+00:00,106.4609375,106.46875,106.4609375,106.46875,16.0
2025-02-20 12:51:00+00:00,106.4609375,106.46875,106.453125,106.46875,4369.0
2025-02-20 12:52:00+00:00,106.4609375,106.4609375,106.4609375,106.4609375,1365.0
2025-02-20 12:53:00+00:00,106.4609375,106.46875,106.4609375,106.4609375,1724.0
2025-02-20 12:54:00+00:00,106.4609375,106.46875,106.453125,106.4609375,1417.0
2025-02-20 12:55:00+00:00,106.4609375,106.46875,106.4609375,106.4609375,487.0
2025-02-20 12:56:00+00:00,106.46875,106.46875,106.46875,106.46875,141.0
2025-02-20 12:57:00+00:00,106.484375,106.484375,106.4609375,106.46875,3162.0
2025-02-20 12:58:00+00:00,106.4921875,106.4921875,106.484375,106.484375,1069.0
2025-02-20 12:59:00+00:00,106.4921875,106.4921875,106.484375,106.4921875,95.0
2025-02-20 13:00:00+00:00,106.5,106.5078125,106.484375,106.4921875,7601.0
2025-02-20 13:01:00+00:00,106.5078125,106.515625,106.5,106.5,4642.0
2025-02-20 13:02:00+00:00,106.5078125,106.5078125,106.5,106.5,4517.0
2025-02-20 13:03:00+00:00,106.5,106.5078125,106.5,106.5,260.0
2025-02-20 13:04:00+00:00,106.5078125,106.515625,106.5,106.5,1759.0
2025-02-20 13:05:00+00:00,106.5,106.515625,106.5,106.515625,4534.0
2025-02-20 13:06:00+00:00,106.4921875,106.5078125,106.4921875,106.5,3728.0
2025-02-20 13:07:00+00:00,106.4921875,106.5,106.4921875,106.4921875,2052.0
2025-02-20 13:08:00+00:00,106.484375,106.4921875,106.484375,106.4921875,1831.0
2025-02-20 13:09:00+00:00,106.484375,106.4921875,106.4765625,106.484375,3227.0
2025-02-20 13:10:00+00:00,106.4921875,106.4921875,106.484375,106.484375,2243.0
2025-02-20 13:11:00+00:00,106.4921875,106.4921875,106.484375,106.4921875,1656.0
2025-02-20 13:12:00+00:00,106.4921875,106.4921875,106.484375,106.484375,890.0
2025-02-20 13:13:00+00:00,106.4921875,106.4921875,106.484375,106.484375,1332.0
2025-02-20 13:14:00+00:00,106.4921875,106.5,106.484375,106.484375,3049.0
2025-02-20 13:15:00+00:00,106.5,106.5,106.4921875,106.4921875,1099.0
2025-02-20 13:16:00+00:00,106.5,106.5,106.484375,106.5,2903.0
2025-02-20 13:17:00+00:00,106.5,106.5,106.4921875,106.4921875,49.0
2025-02-20 13:18:00+00:00,106.4921875,106.5,106.4921875,106.5,337.0
2025-02-20 13:19:00+00:00,106.5,106.5,106.4921875,106.5,42.0
2025-02-20 13:20:00+00:00,106.5,106.515625,106.4921875,106.4921875,5676.0
2025-02-20 13:21:00+00:00,106.5,106.5078125,106.5,106.5078125,1205.0
2025-02-20 13:22:00+00:00,106.5,106.5,106.4921875,106.5,2927.0
2025-02-20 13:23:00+00:00,106.5078125,106.5078125,106.4921875,106.5,1521.0
2025-02-20 13:24:00+00:00,106.4921875,106.5078125,106.4921875,106.5078125,2159.0
2025-02-20 13:25:00+00:00,106.5,106.5078125,106.4921875,106.4921875,4459.0
2025-02-20 13:26:00+00:00,106.5,106.5,106.4921875,106.5,1919.0
2025-02-20 13:27:00+00:00,106.5,106.5078125,106.5,106.5,2404.0
2025-02-20 13:28:00+00:00,106.5078125,106.515625,106.5,106.5,1619.0
2025-02-20 13:29:00+00:00,106.515625,106.515625,106.5078125,106.515625,1233.0
2025-02-20 13:30:00+00:00,106.4765625,106.515625,106.46875,106.515625,10595.0
2025-02-20 13:31:00+00:00,106.4921875,106.4921875,106.46875,106.4765625,2890.0
2025-02-20 13:32:00+00:00,106.484375,106.5078125,106.484375,106.4921875,2456.0
2025-02-20 13:33:00+00:00,106.4921875,106.5,106.484375,106.4921875,2160.0
2025-02-20 13:34:00+00:00,106.4921875,106.5078125,106.484375,106.5,2544.0
2025-02-20 13:35:00+00:00,106.484375,106.4921875,106.484375,106.484375,1578.0
2025-02-20 13:36:00+00:00,106.4609375,106.4921875,106.4609375,106.484375,4811.0
2025-02-20 13:37:00+00:00,106.4609375,106.46875,106.453125,106.4609375,4921.0
2025-02-20 13:38:00+00:00,106.4609375,106.4609375,106.453125,106.4609375,1645.0
2025-02-20 13:39:00+00:00,106.46875,106.46875,106.4609375,106.4609375,1119.0
2025-02-20 13:40:00+00:00,106.4609375,106.46875,106.453125,106.46875,1937.0
2025-02-20 13:41:00+00:00,106.4609375,106.4609375,106.453125,106.4609375,2163.0
2025-02-20 13:42:00+00:00,106.4609375,106.4609375,106.453125,106.453125,54.0
2025-02-20 13:43:00+00:00,106.4609375,106.46875,106.453125,106.4609375,5322.0
2025-02-20 13:44:00+00:00,106.4609375,106.46875,106.4609375,106.46875,2042.0
2025-02-20 13:45:00+00:00,106.4609375,106.46875,106.4609375,106.4609375,1201.0
2025-02-20 13:46:00+00:00,106.4453125,106.4609375,106.4453125,106.4609375,652.0
2025-02-20 13:47:00+00:00,106.4453125,106.4453125,106.4375,106.4453125,2449.0
2025-02-20 13:48:00+00:00,106.4453125,106.4453125,106.4375,106.4375,13.0
2025-02-20 13:49:00+00:00,106.4453125,106.4453125,106.4375,106.4375,4666.0
2025-02-20 13:50:00+00:00,106.4296875,106.4453125,106.4296875,106.4375,2104.0
2025-02-20 13:51:00+00:00,106.4375,106.4375,106.4296875,106.4296875,3286.0
2025-02-20 13:52:00+00:00,106.4296875,106.4375,106.421875,106.4375,4080.0
2025-02-20 13:53:00+00:00,106.4296875,106.4375,106.4296875,106.4296875,1663.0
2025-02-20 13:54:00+00:00,106.4375,106.4375,106.4296875,106.4375,554.0
2025-02-20 13:55:00+00:00,106.4453125,106.4453125,106.4375,106.4375,228.0
2025-02-20 13:56:00+00:00,106.4296875,106.4453125,106.4296875,106.4375,974.0
2025-02-20 13:57:00+00:00,106.4375,106.4375,106.4296875,106.4296875,1010.0
2025-02-20 13:58:00+00:00,106.421875,106.4375,106.421875,106.4375,2635.0
2025-02-20 13:59:00+00:00,106.4296875,106.4375,106.421875,106.421875,3042.0
2025-02-20 14:00:00+00:00,106.421875,106.4296875,106.4140625,106.4296875,4417.0
2025-02-20 14:01:00+00:00,106.4140625,106.421875,106.4140625,106.421875,1756.0
2025-02-20 14:02:00+00:00,106.421875,106.421875,106.40625,106.4140625,1274.0
2025-02-20 14:03:00+00:00,106.4140625,106.421875,106.4140625,106.421875,1989.0
2025-02-20 14:04:00+00:00,106.4296875,106.4296875,106.4140625,106.421875,3452.0
2025-02-20 14:05:00+00:00,106.4296875,106.4296875,106.421875,106.4296875,1687.0
2025-02-20 14:06:00+00:00,106.4296875,106.4375,106.4296875,106.4296875,1486.0
2025-02-20 14:07:00+00:00,106.4375,106.4375,106.4296875,106.4375,3149.0
2025-02-20 14:08:00+00:00,106.4375,106.4375,106.4375,106.4375,2420.0
2025-02-20 14:09:00+00:00,106.4375,106.4375,106.4375,106.4375,677.0
2025-02-20 14:10:00+00:00,106.421875,106.4375,106.421875,106.4375,2307.0
2025-02-20 14:11:00+00:00,106.421875,106.4296875,106.421875,106.421875,2038.0
2025-02-20 14:12:00+00:00,106.421875,106.4296875,106.421875,106.421875,3204.0
2025-02-20 14:13:00+00:00,106.4140625,106.421875,106.4140625,106.4140625,77.0
2025-02-20 14:14:00+00:00,106.4140625,106.4140625,106.4140625,106.4140625,1783.0
2025-02-20 14:15:00+00:00,106.4140625,106.421875,106.40625,106.4140625,961.0
2025-02-20 14:16:00+00:00,106.421875,106.421875,106.4140625,106.421875,122.0
2025-02-20 14:17:00+00:00,106.421875,106.421875,106.4140625,106.4140625,2355.0
2025-02-20 14:18:00+00:00,106.421875,106.4296875,106.4140625,106.4140625,232.0
2025-02-20 14:19:00+00:00,106.4140625,106.421875,106.4140625,106.421875,599.0
2025-02-20 14:20:00+00:00,106.4296875,106.4296875,106.4140625,106.421875,11860.0
2025-02-20 14:21:00+00:00,106.421875,106.4296875,106.421875,106.4296875,1075.0
2025-02-20 14:22:00+00:00,106.4296875,106.4296875,106.421875,106.421875,3884.0
2025-02-20 14:23:00+00:00,106.4296875,106.4375,106.4296875,106.4375,1961.0
2025-02-20 14:24:00+00:00,106.4296875,106.4375,106.4296875,106.4375,149.0
2025-02-20 14:25:00+00:00,106.4296875,106.4375,106.4296875,106.4296875,361.0
2025-02-20 14:26:00+00:00,106.4453125,106.4453125,106.4296875,106.4296875,1709.0
2025-02-20 14:27:00+00:00,106.4453125,106.453125,106.4453125,106.453125,1560.0
2025-02-20 14:28:00+00:00,106.4453125,106.453125,106.4453125,106.4453125,1070.0
2025-02-20 14:29:00+00:00,106.4453125,106.453125,106.4453125,106.4453125,25.0
2025-02-20 14:30:00+00:00,106.4609375,106.46875,106.453125,106.453125,2894.0
2025-02-20 14:31:00+00:00,106.46875,106.4765625,106.4609375,106.4609375,4578.0
2025-02-20 14:32:00+00:00,106.46875,106.46875,106.4609375,106.46875,2455.0
2025-02-20 14:33:00+00:00,106.453125,106.4609375,106.453125,106.4609375,2856.0
2025-02-20 14:34:00+00:00,106.453125,106.4609375,106.453125,106.453125,109.0
2025-02-20 14:35:00+00:00,106.4453125,106.4609375,106.4453125,106.4609375,2952.0
2025-02-20 14:36:00+00:00,106.4609375,106.4609375,106.4453125,106.4453125,1250.0
2025-02-20 14:37:00+00:00,106.46875,106.46875,106.453125,106.4609375,2166.0
2025-02-20 14:38:00+00:00,106.453125,106.4609375,106.453125,106.4609375,282.0
2025-02-20 14:39:00+00:00,106.4453125,106.453125,106.4453125,106.453125,1672.0
2025-02-20 14:40:00+00:00,106.4609375,106.4609375,106.4453125,106.453125,1597.0
2025-02-20 14:41:00+00:00,106.4765625,106.4765625,106.4609375,106.4609375,1338.0
2025-02-20 14:42:00+00:00,106.4765625,106.484375,106.46875,106.4765625,1701.0
2025-02-20 14:43:00+00:00,106.4765625,106.4765625,106.46875,106.46875,220.0
2025-02-20 14:44:00+00:00,106.484375,106.4921875,106.484375,106.484375,6437.0
2025-02-20 14:45:00+00:00,106.484375,106.4921875,106.484375,106.4921875,955.0
2025-02-20 14:46:00+00:00,106.4765625,106.484375,106.4765625,106.4765625,601.0
2025-02-20 14:47:00+00:00,106.46875,106.484375,106.46875,106.4765625,3165.0
2025-02-20 14:48:00+00:00,106.4765625,106.484375,106.4765625,106.4765625,841.0
2025-02-20 14:49:00+00:00,106.46875,106.484375,106.46875,106.4765625,2664.0
2025-02-20 14:50:00+00:00,106.4765625,106.4765625,106.46875,106.4765625,2547.0
2025-02-20 14:51:00+00:00,106.4765625,106.484375,106.4765625,106.4765625,280.0
2025-02-20 14:52:00+00:00,106.46875,106.484375,106.46875,106.484375,3343.0
2025-02-20 14:53:00+00:00,106.484375,106.484375,106.46875,106.46875,2746.0
2025-02-20 14:54:00+00:00,106.484375,106.4921875,106.4765625,106.4765625,1511.0
2025-02-20 14:55:00+00:00,106.484375,106.4921875,106.484375,106.4921875,872.0
2025-02-20 14:56:00+00:00,106.484375,106.4921875,106.4765625,106.484375,1243.0
2025-02-20 14:57:00+00:00,106.5,106.5,106.484375,106.4921875,1801.0
2025-02-20 14:58:00+00:00,106.4921875,106.5,106.4921875,106.5,242.0
2025-02-20 14:59:00+00:00,106.5,106.5,106.4921875,106.5,431.0
2025-02-20 15:00:00+00:00,106.5234375,106.5234375,106.4921875,106.4921875,121450.0
2025-02-20 15:01:00+00:00,106.53125,106.5390625,106.515625,106.515625,4809.0
2025-02-20 15:02:00+00:00,106.5234375,106.5390625,106.5234375,106.53125,2940.0
2025-02-20 15:03:00+00:00,106.515625,106.53125,106.5078125,106.5234375,4308.0
2025-02-20 15:04:00+00:00,106.515625,106.5234375,106.515625,106.515625,1626.0
2025-02-20 15:05:00+00:00,106.5078125,106.5234375,106.5,106.5234375,5852.0
2025-02-20 15:06:00+00:00,106.515625,106.515625,106.5,106.5078125,1633.0
2025-02-20 15:07:00+00:00,106.515625,106.515625,106.5078125,106.5078125,7159.0
2025-02-20 15:08:00+00:00,106.5078125,106.515625,106.5078125,106.515625,1050.0
2025-02-20 15:09:00+00:00,106.5078125,106.515625,106.5,106.515625,13113.0
2025-02-20 15:10:00+00:00,106.4921875,106.5078125,106.4921875,106.5078125,1273.0
2025-02-20 15:11:00+00:00,106.5078125,106.5078125,106.5,106.5,2618.0
2025-02-20 15:12:00+00:00,106.5078125,106.515625,106.5078125,106.515625,2349.0
2025-02-20 15:13:00+00:00,106.5,106.5078125,106.4921875,106.5,1286.0
2025-02-20 15:14:00+00:00,106.4921875,106.5,106.4921875,106.4921875,3452.0
2025-02-20 15:15:00+00:00,106.4921875,106.5,106.4921875,106.4921875,4075.0
2025-02-20 15:16:00+00:00,106.4921875,106.5,106.484375,106.4921875,331.0
2025-02-20 15:17:00+00:00,106.4921875,106.5,106.4921875,106.5,2264.0
2025-02-20 15:18:00+00:00,106.4921875,106.4921875,106.484375,106.4921875,2673.0
2025-02-20 15:19:00+00:00,106.4921875,106.5,106.4921875,106.4921875,2100.0
2025-02-20 15:20:00+00:00,106.484375,106.4921875,106.4765625,106.4921875,14963.0
2025-02-20 15:21:00+00:00,106.4765625,106.4921875,106.4765625,106.484375,1443.0
2025-02-20 15:22:00+00:00,106.484375,106.484375,106.4765625,106.484375,1849.0
2025-02-20 15:23:00+00:00,106.484375,106.4921875,106.484375,106.484375,140.0
2025-02-20 15:24:00+00:00,106.4921875,106.5,106.484375,106.484375,4226.0
2025-02-20 15:25:00+00:00,106.484375,106.5,106.484375,106.5,3638.0
2025-02-20 15:26:00+00:00,106.484375,106.484375,106.4765625,106.484375,660.0
2025-02-20 15:27:00+00:00,106.4765625,106.484375,106.4765625,106.4765625,326.0
2025-02-20 15:28:00+00:00,106.4765625,106.484375,106.4765625,106.4765625,868.0
2025-02-20 15:29:00+00:00,106.4765625,106.484375,106.4765625,106.4765625,828.0
2025-02-20 15:30:00+00:00,106.46875,106.4765625,106.46875,106.4765625,680.0
2025-02-20 15:31:00+00:00,106.46875,106.46875,106.4609375,106.46875,8156.0
2025-02-20 15:32:00+00:00,106.4609375,106.46875,106.4609375,106.46875,5793.0
2025-02-20 15:33:00+00:00,106.46875,106.46875,106.4609375,106.46875,4866.0
2025-02-20 15:34:00+00:00,106.46875,106.46875,106.46875,106.46875,961.0
2025-02-20 15:35:00+00:00,106.4765625,106.4765625,106.4765625,106.4765625,1314.0
2025-02-20 15:36:00+00:00,106.4765625,106.4765625,106.46875,106.4765625,3738.0
2025-02-20 15:37:00+00:00,106.46875,106.4765625,106.46875,106.4765625,1943.0
2025-02-20 15:38:00+00:00,106.46875,106.4765625,106.4609375,106.46875,3615.0
2025-02-20 15:39:00+00:00,106.4765625,106.4765625,106.46875,106.46875,664.0
2025-02-20 15:40:00+00:00,106.46875,106.4765625,106.46875,106.46875,2321.0
2025-02-20 15:41:00+00:00,106.46875,106.46875,106.46875,106.46875,2358.0
2025-02-20 15:42:00+00:00,106.46875,106.4765625,106.4609375,106.46875,6688.0
2025-02-20 15:43:00+00:00,106.4765625,106.4921875,106.4765625,106.4765625,1497.0
2025-02-20 15:44:00+00:00,106.4921875,106.4921875,106.484375,106.484375,932.0
2025-02-20 15:45:00+00:00,106.484375,106.4921875,106.484375,106.4921875,684.0
2025-02-20 15:46:00+00:00,106.484375,106.5,106.484375,106.4921875,3250.0
2025-02-20 15:47:00+00:00,106.5,106.5,106.484375,106.4921875,433.0
2025-02-20 15:48:00+00:00,106.5,106.5,106.4921875,106.5,111.0
2025-02-20 15:49:00+00:00,106.4921875,106.5,106.484375,106.5,2866.0
2025-02-20 15:50:00+00:00,106.4921875,106.4921875,106.4921875,106.4921875,1094.0
2025-02-20 15:51:00+00:00,106.4921875,106.5,106.4921875,106.4921875,18204.0
2025-02-20 15:52:00+00:00,106.4921875,106.5,106.4921875,106.5,3723.0
2025-02-20 15:53:00+00:00,106.484375,106.4921875,106.4765625,106.4921875,2609.0
2025-02-20 15:54:00+00:00,106.484375,106.484375,106.4765625,106.484375,505.0
2025-02-20 15:55:00+00:00,106.4765625,106.484375,106.4765625,106.484375,209.0
2025-02-20 15:56:00+00:00,106.484375,106.484375,106.4765625,106.484375,1432.0
2025-02-20 15:57:00+00:00,106.484375,106.4921875,106.4765625,106.484375,2789.0
2025-02-20 15:58:00+00:00,106.484375,106.4921875,106.484375,106.484375,1041.0
2025-02-20 15:59:00+00:00,106.484375,106.4921875,106.484375,106.4921875,1043.0
2025-02-20 16:00:00+00:00,106.4921875,106.5,106.484375,106.4921875,2448.0
2025-02-20 16:01:00+00:00,106.484375,106.5,106.484375,106.5,9117.0
2025-02-20 16:02:00+00:00,106.5,106.5,106.484375,106.484375,1688.0
2025-02-20 16:03:00+00:00,106.4921875,106.5,106.484375,106.4921875,2435.0
2025-02-20 16:04:00+00:00,106.4921875,106.5,106.4921875,106.4921875,673.0
2025-02-20 16:05:00+00:00,106.4921875,106.5,106.4921875,106.4921875,720.0
2025-02-20 16:06:00+00:00,106.4921875,106.4921875,106.484375,106.4921875,271.0
2025-02-20 16:07:00+00:00,106.4921875,106.4921875,106.484375,106.484375,114.0
2025-02-20 16:08:00+00:00,106.484375,106.4921875,106.484375,106.484375,10743.0
2025-02-20 16:09:00+00:00,106.484375,106.4921875,106.4765625,106.484375,1744.0
2025-02-20 16:10:00+00:00,106.4921875,106.4921875,106.4765625,106.4765625,2255.0
2025-02-20 16:11:00+00:00,106.484375,106.4921875,106.484375,106.484375,5604.0
2025-02-20 16:12:00+00:00,106.4765625,106.484375,106.4765625,106.4765625,39.0
2025-02-20 16:13:00+00:00,106.4765625,106.4765625,106.46875,106.4765625,6456.0
2025-02-20 16:14:00+00:00,106.4765625,106.484375,106.4765625,106.4765625,4031.0
2025-02-20 16:15:00+00:00,106.4921875,106.4921875,106.484375,106.484375,862.0
2025-02-20 16:16:00+00:00,106.4765625,106.4921875,106.4765625,106.4921875,985.0
2025-02-20 16:17:00+00:00,106.484375,106.484375,106.4765625,106.4765625,1183.0
2025-02-20 16:18:00+00:00,106.484375,106.4921875,106.484375,106.4921875,894.0
2025-02-20 16:19:00+00:00,106.4765625,106.484375,106.4765625,106.484375,3323.0
2025-02-20 16:20:00+00:00,106.4921875,106.4921875,106.484375,106.484375,678.0
2025-02-20 16:21:00+00:00,106.5,106.5,106.4921875,106.4921875,2671.0
2025-02-20 16:22:00+00:00,106.4921875,106.4921875,106.4921875,106.4921875,2666.0
2025-02-20 16:23:00+00:00,106.4921875,106.5,106.484375,106.4921875,5406.0
2025-02-20 16:24:00+00:00,106.484375,106.484375,106.484375,106.484375,316.0
2025-02-20 16:25:00+00:00,106.484375,106.4921875,106.484375,106.484375,1176.0
2025-02-20 16:26:00+00:00,106.4921875,106.5,106.4921875,106.4921875,349.0
2025-02-20 16:27:00+00:00,106.5,106.5,106.484375,106.4921875,2175.0
2025-02-20 16:28:00+00:00,106.5,106.5,106.4921875,106.4921875,3461.0
2025-02-20 16:29:00+00:00,106.484375,106.5,106.484375,106.4921875,2438.0
2025-02-20 16:30:00+00:00,106.484375,106.4921875,106.484375,106.484375,412.0
2025-02-20 16:31:00+00:00,106.4921875,106.4921875,106.484375,106.484375,1693.0
2025-02-20 16:32:00+00:00,106.4921875,106.4921875,106.484375,106.484375,1901.0
2025-02-20 16:33:00+00:00,106.5,106.5,106.4921875,106.4921875,166.0
2025-02-20 16:34:00+00:00,106.5,106.5,106.4921875,106.4921875,1379.0
2025-02-20 16:35:00+00:00,106.5,106.5,106.4921875,106.5,1221.0
2025-02-20 16:36:00+00:00,106.5078125,106.5078125,106.5,106.5,1443.0
2025-02-20 16:37:00+00:00,106.5078125,106.515625,106.4921875,106.5,2795.0
2025-02-20 16:38:00+00:00,106.5,106.5078125,106.5,106.5078125,3296.0
2025-02-20 16:39:00+00:00,106.4921875,106.5078125,106.4921875,106.5,3851.0
2025-02-20 16:40:00+00:00,106.4921875,106.5,106.4921875,106.4921875,4177.0
2025-02-20 16:41:00+00:00,106.5,106.5,106.4921875,106.4921875,1350.0
2025-02-20 16:42:00+00:00,106.5,106.5078125,106.4921875,106.5,1290.0
2025-02-20 16:43:00+00:00,106.4921875,106.4921875,106.4921875,106.4921875,849.0
2025-02-20 16:44:00+00:00,106.484375,106.484375,106.4765625,106.484375,2976.0
2025-02-20 16:45:00+00:00,106.4765625,106.484375,106.4765625,106.484375,1178.0
2025-02-20 16:46:00+00:00,106.4765625,106.484375,106.4765625,106.4765625,2039.0
2025-02-20 16:47:00+00:00,106.4921875,106.4921875,106.4765625,106.484375,546.0
2025-02-20 16:48:00+00:00,106.4765625,106.4921875,106.4765625,106.484375,1805.0
2025-02-20 16:49:00+00:00,106.484375,106.484375,106.4765625,106.4765625,36.0
2025-02-20 16:50:00+00:00,106.484375,106.4921875,106.484375,106.484375,325.0
2025-02-20 16:51:00+00:00,106.4765625,106.4921875,106.4765625,106.484375,5491.0
2025-02-20 16:52:00+00:00,106.484375,106.4921875,106.484375,106.484375,785.0
2025-02-20 16:53:00+00:00,106.484375,106.4921875,106.4765625,106.4921875,788.0
2025-02-20 16:54:00+00:00,106.4921875,106.4921875,106.4765625,106.484375,371.0
2025-02-20 16:55:00+00:00,106.484375,106.4921875,106.484375,106.4921875,122.0
2025-02-20 16:56:00+00:00,106.484375,106.4921875,106.484375,106.4921875,87.0
2025-02-20 16:57:00+00:00,106.484375,106.4921875,106.484375,106.484375,519.0
2025-02-20 16:58:00+00:00,106.4921875,106.4921875,106.484375,106.484375,1363.0
2025-02-20 16:59:00+00:00,106.4921875,106.4921875,106.484375,106.484375,1062.0
2025-02-20 17:00:00+00:00,106.484375,106.4921875,106.484375,106.4921875,1212.0
2025-02-20 17:01:00+00:00,106.484375,106.4921875,106.484375,106.484375,977.0
2025-02-20 17:02:00+00:00,106.4921875,106.4921875,106.484375,106.4921875,14829.0
2025-02-20 17:03:00+00:00,106.484375,106.484375,106.4765625,106.484375,19211.0
2025-02-20 17:04:00+00:00,106.4765625,106.484375,106.4765625,106.4765625,386.0
2025-02-20 17:05:00+00:00,106.4765625,106.484375,106.4765625,106.4765625,1787.0
2025-02-20 17:06:00+00:00,106.4765625,106.484375,106.4765625,106.4765625,448.0
2025-02-20 17:07:00+00:00,106.4765625,106.484375,106.46875,106.4765625,1287.0
2025-02-20 17:08:00+00:00,106.4765625,106.4765625,106.46875,106.4765625,3045.0
2025-02-20 17:09:00+00:00,106.484375,106.484375,106.4765625,106.4765625,251.0
2025-02-20 17:10:00+00:00,106.4765625,106.4765625,106.4765625,106.4765625,921.0
2025-02-20 17:11:00+00:00,106.4765625,106.4765625,106.4765625,106.4765625,3166.0
2025-02-20 17:12:00+00:00,106.484375,106.484375,106.4765625,106.4765625,2497.0
2025-02-20 17:13:00+00:00,106.4921875,106.4921875,106.484375,106.484375,530.0
2025-02-20 17:14:00+00:00,106.484375,106.4921875,106.484375,106.484375,215.0
2025-02-20 17:15:00+00:00,106.484375,106.4921875,106.484375,106.4921875,4973.0
2025-02-20 17:16:00+00:00,106.4921875,106.4921875,106.484375,106.4921875,229.0
2025-02-20 17:17:00+00:00,106.4921875,106.5,106.4921875,106.4921875,4845.0
2025-02-20 17:18:00+00:00,106.4921875,106.5,106.4921875,106.5,2696.0
2025-02-20 17:19:00+00:00,106.4921875,106.4921875,106.4921875,106.4921875,761.0
2025-02-20 17:20:00+00:00,106.4921875,106.4921875,106.4921875,106.4921875,40.0
2025-02-20 17:21:00+00:00,106.4921875,106.5,106.4921875,106.4921875,1596.0
2025-02-20 17:22:00+00:00,106.484375,106.484375,106.484375,106.484375,606.0
2025-02-20 17:23:00+00:00,106.4921875,106.4921875,106.484375,106.484375,1438.0
2025-02-20 17:24:00+00:00,106.4921875,106.4921875,106.484375,106.484375,11308.0
2025-02-20 17:25:00+00:00,106.4921875,106.4921875,106.484375,106.484375,112.0
2025-02-20 17:26:00+00:00,106.4921875,106.5,106.4921875,106.4921875,1241.0
2025-02-20 17:27:00+00:00,106.4921875,106.5,106.4921875,106.4921875,3324.0
2025-02-20 17:28:00+00:00,106.4921875,106.4921875,106.484375,106.4921875,2448.0
2025-02-20 17:29:00+00:00,106.4921875,106.4921875,106.484375,106.4921875,161.0
2025-02-20 17:30:00+00:00,106.4921875,106.4921875,106.4921875,106.4921875,2208.0
2025-02-20 17:31:00+00:00,106.4921875,106.5,106.4921875,106.4921875,1256.0
2025-02-20 17:32:00+00:00,106.4921875,106.4921875,106.4921875,106.4921875,49.0
2025-02-20 17:33:00+00:00,106.5,106.5,106.4921875,106.4921875,852.0
2025-02-20 17:34:00+00:00,106.4921875,106.5,106.4921875,106.4921875,478.0
2025-02-20 17:35:00+00:00,106.4921875,106.5,106.484375,106.4921875,1654.0
2025-02-20 17:36:00+00:00,106.484375,106.4921875,106.484375,106.4921875,369.0
2025-02-20 17:37:00+00:00,106.4921875,106.5,106.484375,106.4921875,1665.0
2025-02-20 17:38:00+00:00,106.4921875,106.4921875,106.4921875,106.4921875,1213.0
2025-02-20 17:39:00+00:00,106.4921875,106.4921875,106.4921875,106.4921875,928.0
2025-02-20 17:40:00+00:00,106.5,106.5,106.5,106.5,2784.0
2025-02-20 17:41:00+00:00,106.5,106.5078125,106.5,106.5,866.0
2025-02-20 17:43:00+00:00,106.5,106.5078125,106.5,106.5078125,711.0
2025-02-20 17:44:00+00:00,106.5,106.5,106.4921875,106.5,3564.0
2025-02-20 17:45:00+00:00,106.5,106.5,106.4921875,106.5,640.0
2025-02-20 17:46:00+00:00,106.4921875,106.5,106.4921875,106.5,1029.0
2025-02-20 17:47:00+00:00,106.4921875,106.5,106.484375,106.4921875,820.0
2025-02-20 17:48:00+00:00,106.5,106.5,106.4921875,106.4921875,1220.0
2025-02-20 17:49:00+00:00,106.4921875,106.5,106.4921875,106.5,1091.0
2025-02-20 17:50:00+00:00,106.4921875,106.5,106.4921875,106.5,1224.0
2025-02-20 17:51:00+00:00,106.4921875,106.5,106.4921875,106.4921875,710.0
2025-02-20 17:52:00+00:00,106.4921875,106.5,106.4921875,106.5,948.0
2025-02-20 17:53:00+00:00,106.4921875,106.5,106.4921875,106.5,9927.0
2025-02-20 17:54:00+00:00,106.484375,106.5,106.484375,106.4921875,561.0
2025-02-20 17:55:00+00:00,106.4765625,106.484375,106.4765625,106.484375,3565.0
2025-02-20 17:56:00+00:00,106.484375,106.4921875,106.4765625,106.484375,2070.0
2025-02-20 17:57:00+00:00,106.484375,106.484375,106.484375,106.484375,138.0
2025-02-20 17:58:00+00:00,106.484375,106.484375,106.484375,106.484375,854.0
2025-02-20 17:59:00+00:00,106.4921875,106.4921875,106.484375,106.484375,2964.0
2025-02-20 18:00:00+00:00,106.46875,106.484375,106.46875,106.484375,2082.0
2025-02-20 18:01:00+00:00,106.4765625,106.484375,106.46875,106.46875,8140.0
2025-02-20 18:02:00+00:00,106.4765625,106.4765625,106.4765625,106.4765625,212.0
2025-02-20 18:03:00+00:00,106.484375,106.484375,106.4765625,106.4765625,1392.0
2025-02-20 18:04:00+00:00,106.46875,106.4765625,106.46875,106.4765625,3223.0
2025-02-20 18:05:00+00:00,106.46875,106.4765625,106.46875,106.46875,217.0
2025-02-20 18:06:00+00:00,106.46875,106.4765625,106.46875,106.46875,331.0
2025-02-20 18:07:00+00:00,106.46875,106.4765625,106.46875,106.46875,167.0
2025-02-20 18:08:00+00:00,106.46875,106.4765625,106.46875,106.46875,234.0
2025-02-20 18:09:00+00:00,106.4765625,106.4765625,106.46875,106.46875,412.0
2025-02-20 18:10:00+00:00,106.46875,106.4765625,106.46875,106.46875,176.0
2025-02-20 18:11:00+00:00,106.484375,106.484375,106.46875,106.46875,3546.0
2025-02-20 18:12:00+00:00,106.4765625,106.484375,106.46875,106.484375,3911.0
2025-02-20 18:13:00+00:00,106.46875,106.4765625,106.46875,106.4765625,1553.0
2025-02-20 18:14:00+00:00,106.46875,106.4765625,106.46875,106.46875,5296.0
2025-02-20 18:15:00+00:00,106.46875,106.4765625,106.46875,106.4765625,69422.0
2025-02-20 18:16:00+00:00,106.4609375,106.46875,106.4609375,106.46875,2410.0
2025-02-20 18:17:00+00:00,106.4609375,106.4609375,106.453125,106.4609375,16942.0
2025-02-20 18:18:00+00:00,106.453125,106.4609375,106.453125,106.4609375,2120.0
2025-02-20 18:19:00+00:00,106.453125,106.453125,106.453125,106.453125,292.0
2025-02-20 18:20:00+00:00,106.4609375,106.4609375,106.453125,106.453125,2231.0
2025-02-20 18:21:00+00:00,106.453125,106.4609375,106.453125,106.4609375,1008.0
2025-02-20 18:22:00+00:00,106.453125,106.453125,106.453125,106.453125,71.0
2025-02-20 18:23:00+00:00,106.4453125,106.4609375,106.4453125,106.453125,5947.0
2025-02-20 18:24:00+00:00,106.453125,106.453125,106.4453125,106.4453125,1324.0
2025-02-20 18:25:00+00:00,106.4609375,106.4609375,106.4609375,106.4609375,245.0
2025-02-20 18:26:00+00:00,106.4609375,106.46875,106.4609375,106.4609375,811.0
2025-02-20 18:27:00+00:00,106.46875,106.46875,106.4609375,106.4609375,5040.0
2025-02-20 18:28:00+00:00,106.46875,106.46875,106.46875,106.46875,2196.0
2025-02-20 18:29:00+00:00,106.4765625,106.4765625,106.46875,106.4765625,2394.0
2025-02-20 18:30:00+00:00,106.484375,106.484375,106.46875,106.4765625,1053.0
2025-02-20 18:31:00+00:00,106.4921875,106.4921875,106.484375,106.484375,1163.0
2025-02-20 18:32:00+00:00,106.484375,106.4921875,106.4765625,106.4921875,521.0
2025-02-20 18:33:00+00:00,106.484375,106.484375,106.4765625,106.4765625,87.0
2025-02-20 18:34:00+00:00,106.4765625,106.484375,106.4765625,106.484375,2016.0
2025-02-20 18:35:00+00:00,106.4765625,106.4765625,106.4765625,106.4765625,576.0
2025-02-20 18:36:00+00:00,106.484375,106.484375,106.4765625,106.4765625,691.0
2025-02-20 18:37:00+00:00,106.484375,106.484375,106.4765625,106.484375,49.0
2025-02-20 18:38:00+00:00,106.4921875,106.4921875,106.484375,106.484375,903.0
2025-02-20 18:39:00+00:00,106.484375,106.484375,106.4765625,106.484375,690.0
2025-02-20 18:40:00+00:00,106.4765625,106.4765625,106.4765625,106.4765625,9.0
2025-02-20 18:41:00+00:00,106.4765625,106.484375,106.4765625,106.4765625,157.0
2025-02-20 18:42:00+00:00,106.484375,106.484375,106.484375,106.484375,769.0
2025-02-20 18:43:00+00:00,106.4921875,106.4921875,106.4921875,106.4921875,1.0
2025-02-20 18:44:00+00:00,106.484375,106.484375,106.484375,106.484375,21.0
2025-02-20 18:45:00+00:00,106.484375,106.484375,106.484375,106.484375,211.0
2025-02-20 18:47:00+00:00,106.4921875,106.5,106.484375,106.4921875,2349.0
2025-02-20 18:48:00+00:00,106.4921875,106.4921875,106.4921875,106.4921875,1128.0
2025-02-20 18:49:00+00:00,106.484375,106.4921875,106.484375,106.4921875,1505.0
2025-02-20 18:50:00+00:00,106.484375,106.4921875,106.484375,106.4921875,386.0
2025-02-20 18:51:00+00:00,106.4921875,106.4921875,106.4921875,106.4921875,2.0
2025-02-20 18:52:00+00:00,106.484375,106.484375,106.484375,106.484375,5328.0
2025-02-20 18:53:00+00:00,106.4921875,106.4921875,106.484375,106.4921875,1107.0
2025-02-20 18:54:00+00:00,106.4921875,106.4921875,106.484375,106.4921875,285.0
2025-02-20 18:55:00+00:00,106.4765625,106.484375,106.4765625,106.484375,785.0
2025-02-20 18:56:00+00:00,106.484375,106.484375,106.484375,106.484375,924.0
2025-02-20 18:57:00+00:00,106.4921875,106.4921875,106.484375,106.4921875,97.0
2025-02-20 18:58:00+00:00,106.484375,106.484375,106.484375,106.484375,358.0
2025-02-20 18:59:00+00:00,106.484375,106.484375,106.4765625,106.484375,1064.0
2025-02-20 19:00:00+00:00,106.484375,106.484375,106.484375,106.484375,1646.0
2025-02-20 19:01:00+00:00,106.4765625,106.484375,106.4765625,106.484375,126.0
2025-02-20 19:02:00+00:00,106.484375,106.484375,106.4765625,106.4765625,310.0
2025-02-20 19:03:00+00:00,106.46875,106.4765625,106.46875,106.4765625,422.0
2025-02-20 19:05:00+00:00,106.4765625,106.4765625,106.46875,106.46875,776.0
2025-02-20 19:06:00+00:00,106.4765625,106.484375,106.4765625,106.484375,994.0
2025-02-20 19:07:00+00:00,106.46875,106.4765625,106.46875,106.46875,181.0
2025-02-20 19:08:00+00:00,106.4765625,106.4765625,106.4765625,106.4765625,2.0
2025-02-20 19:09:00+00:00,106.4765625,106.4765625,106.46875,106.46875,546.0
2025-02-20 19:10:00+00:00,106.4765625,106.4765625,106.46875,106.4765625,24.0
2025-02-20 19:11:00+00:00,106.46875,106.4765625,106.46875,106.4765625,247.0
2025-02-20 19:12:00+00:00,106.46875,106.46875,106.46875,106.46875,23.0
2025-02-20 19:13:00+00:00,106.46875,106.4765625,106.46875,106.46875,583.0
2025-02-20 19:14:00+00:00,106.4765625,106.4765625,106.46875,106.46875,305.0
2025-02-20 19:15:00+00:00,106.4765625,106.4765625,106.46875,106.4765625,1492.0
2025-02-20 19:16:00+00:00,106.4765625,106.4765625,106.46875,106.4765625,61.0
2025-02-20 19:17:00+00:00,106.46875,106.4765625,106.46875,106.46875,4810.0
2025-02-20 19:18:00+00:00,106.46875,106.4765625,106.46875,106.46875,474.0
2025-02-20 19:19:00+00:00,106.46875,106.46875,106.46875,106.46875,195.0
2025-02-20 19:20:00+00:00,106.46875,106.46875,106.4609375,106.46875,2589.0
2025-02-20 19:21:00+00:00,106.46875,106.46875,106.4609375,106.46875,41.0
2025-02-20 19:22:00+00:00,106.46875,106.46875,106.46875,106.46875,484.0
2025-02-20 19:23:00+00:00,106.46875,106.46875,106.46875,106.46875,158.0
2025-02-20 19:24:00+00:00,106.46875,106.46875,106.4609375,106.4609375,85.0
2025-02-20 19:25:00+00:00,106.46875,106.46875,106.46875,106.46875,709.0
2025-02-20 19:26:00+00:00,106.46875,106.46875,106.46875,106.46875,910.0
2025-02-20 19:27:00+00:00,106.4765625,106.4765625,106.46875,106.46875,319.0
2025-02-20 19:28:00+00:00,106.4765625,106.4765625,106.4765625,106.4765625,444.0
2025-02-20 19:29:00+00:00,106.46875,106.4765625,106.46875,106.4765625,154.0
2025-02-20 19:30:00+00:00,106.4765625,106.4765625,106.4765625,106.4765625,76.0
2025-02-20 19:31:00+00:00,106.4765625,106.4765625,106.46875,106.4765625,5.0
2025-02-20 19:32:00+00:00,106.46875,106.4765625,106.46875,106.4765625,21.0
2025-02-20 19:33:00+00:00,106.46875,106.4765625,106.4609375,106.4765625,896.0
2025-02-20 19:34:00+00:00,106.4765625,106.4765625,106.46875,106.46875,414.0
2025-02-20 19:35:00+00:00,106.4765625,106.4765625,106.46875,106.46875,4712.0
2025-02-20 19:36:00+00:00,106.484375,106.484375,106.46875,106.4765625,900.0
2025-02-20 19:37:00+00:00,106.4765625,106.484375,106.4765625,106.484375,1239.0
2025-02-20 19:38:00+00:00,106.4765625,106.4765625,106.46875,106.4765625,3338.0
2025-02-20 19:39:00+00:00,106.4765625,106.4765625,106.46875,106.4765625,44.0
2025-02-20 19:40:00+00:00,106.4765625,106.4765625,106.46875,106.46875,498.0
2025-02-20 19:41:00+00:00,106.484375,106.484375,106.4765625,106.4765625,127.0
2025-02-20 19:42:00+00:00,106.4765625,106.484375,106.4765625,106.4765625,78.0
2025-02-20 19:43:00+00:00,106.4765625,106.4765625,106.4765625,106.4765625,18.0
2025-02-20 19:44:00+00:00,106.484375,106.4921875,106.4765625,106.4765625,3556.0
2025-02-20 19:45:00+00:00,106.4765625,106.4765625,106.4765625,106.4765625,43.0
2025-02-20 19:46:00+00:00,106.484375,106.484375,106.4765625,106.4765625,456.0
2025-02-20 19:47:00+00:00,106.484375,106.4921875,106.484375,106.484375,236.0
2025-02-20 19:48:00+00:00,106.484375,106.484375,106.484375,106.484375,7.0
2025-02-20 19:49:00+00:00,106.484375,106.4921875,106.484375,106.4921875,113.0
2025-02-20 19:50:00+00:00,106.484375,106.4921875,106.484375,106.4921875,78.0
2025-02-20 19:51:00+00:00,106.484375,106.484375,106.4765625,106.484375,1801.0
2025-02-20 19:52:00+00:00,106.4921875,106.4921875,106.484375,106.4921875,5418.0
2025-02-20 19:53:00+00:00,106.4921875,106.5,106.4921875,106.4921875,7579.0
2025-02-20 19:54:00+00:00,106.484375,106.4921875,106.484375,106.4921875,6273.0
2025-02-20 19:55:00+00:00,106.4921875,106.4921875,106.4765625,106.484375,3693.0
2025-02-20 19:56:00+00:00,106.5,106.5,106.484375,106.4921875,1383.0
2025-02-20 19:57:00+00:00,106.5,106.5,106.4921875,106.5,689.0
2025-02-20 19:58:00+00:00,106.4765625,106.5,106.4765625,106.5,2696.0
2025-02-20 19:59:00+00:00,106.484375,106.484375,106.46875,106.484375,4965.0
2025-02-20 20:00:00+00:00,106.4765625,106.484375,106.46875,106.4765625,1757.0
2025-02-20 20:01:00+00:00,106.46875,106.4765625,106.46875,106.46875,762.0
2025-02-20 20:02:00+00:00,106.4765625,106.4765625,106.46875,106.46875,1207.0
2025-02-20 20:03:00+00:00,106.484375,106.484375,106.46875,106.4765625,789.0
2025-02-20 20:04:00+00:00,106.4765625,106.484375,106.4765625,106.484375,882.0
2025-02-20 20:05:00+00:00,106.4765625,106.484375,106.4765625,106.484375,838.0
2025-02-20 20:06:00+00:00,106.4765625,106.484375,106.4765625,106.4765625,548.0
2025-02-20 20:07:00+00:00,106.4765625,106.484375,106.4765625,106.4765625,719.0
2025-02-20 20:08:00+00:00,106.4765625,106.484375,106.4765625,106.4765625,5632.0
2025-02-20 20:09:00+00:00,106.484375,106.484375,106.4765625,106.4765625,3801.0
2025-02-20 20:10:00+00:00,106.484375,106.484375,106.4765625,106.4765625,2325.0
2025-02-20 20:11:00+00:00,106.4921875,106.4921875,106.484375,106.4921875,37883.0
2025-02-20 20:12:00+00:00,106.4765625,106.4921875,106.4765625,106.484375,3023.0
2025-02-20 20:13:00+00:00,106.4765625,106.484375,106.4765625,106.484375,579.0
2025-02-20 20:14:00+00:00,106.4765625,106.4765625,106.4765625,106.4765625,480.0
2025-02-20 20:15:00+00:00,106.46875,106.4765625,106.46875,106.4765625,1169.0
2025-02-20 20:16:00+00:00,106.46875,106.4765625,106.46875,106.4765625,201.0
2025-02-20 20:17:00+00:00,106.46875,106.4765625,106.46875,106.4765625,1957.0
2025-02-20 20:18:00+00:00,106.46875,106.4765625,106.46875,106.46875,2891.0
2025-02-20 20:19:00+00:00,106.46875,106.46875,106.4609375,106.46875,1232.0
2025-02-20 20:20:00+00:00,106.4609375,106.46875,106.4609375,106.4609375,701.0
2025-02-20 20:22:00+00:00,106.4609375,106.4609375,106.4609375,106.4609375,15.0
2025-02-20 20:23:00+00:00,106.46875,106.46875,106.4609375,106.46875,666.0
2025-02-20 20:24:00+00:00,106.46875,106.46875,106.4609375,106.4609375,391.0
2025-02-20 20:25:00+00:00,106.4609375,106.46875,106.4609375,106.4609375,627.0
2025-02-20 20:26:00+00:00,106.4609375,106.46875,106.4609375,106.46875,169.0
2025-02-20 20:27:00+00:00,106.46875,106.46875,106.4609375,106.46875,4759.0
2025-02-20 20:28:00+00:00,106.46875,106.4765625,106.46875,106.46875,1167.0
2025-02-20 20:29:00+00:00,106.46875,106.4765625,106.4609375,106.4765625,1049.0
2025-02-20 20:30:00+00:00,106.46875,106.46875,106.46875,106.46875,377.0
2025-02-20 20:31:00+00:00,106.4609375,106.46875,106.4609375,106.46875,960.0
2025-02-20 20:32:00+00:00,106.46875,106.46875,106.4609375,106.46875,67.0
2025-02-20 20:33:00+00:00,106.46875,106.46875,106.4609375,106.4609375,5023.0
2025-02-20 20:34:00+00:00,106.4609375,106.46875,106.4609375,106.46875,4570.0
2025-02-20 20:35:00+00:00,106.46875,106.46875,106.4609375,106.4609375,1668.0
2025-02-20 20:36:00+00:00,106.4609375,106.46875,106.4609375,106.4609375,390.0
2025-02-20 20:37:00+00:00,106.46875,106.46875,106.4609375,106.46875,530.0
2025-02-20 20:38:00+00:00,106.46875,106.46875,106.4609375,106.46875,741.0
2025-02-20 20:39:00+00:00,106.4609375,106.46875,106.4609375,106.4609375,3753.0
2025-02-20 20:40:00+00:00,106.4609375,106.46875,106.4609375,106.46875,3215.0
2025-02-20 20:41:00+00:00,106.4609375,106.46875,106.4609375,106.4609375,1977.0
2025-02-20 20:42:00+00:00,106.4609375,106.46875,106.4609375,106.4609375,692.0
2025-02-20 20:43:00+00:00,106.453125,106.46875,106.453125,106.46875,5498.0
2025-02-20 20:44:00+00:00,106.4609375,106.4609375,106.453125,106.4609375,772.0
2025-02-20 20:45:00+00:00,106.453125,106.46875,106.453125,106.453125,2508.0
2025-02-20 20:46:00+00:00,106.453125,106.4609375,106.453125,106.453125,1716.0
2025-02-20 20:47:00+00:00,106.4609375,106.4609375,106.453125,106.453125,414.0
2025-02-20 20:48:00+00:00,106.46875,106.46875,106.4609375,106.4609375,4492.0
2025-02-20 20:49:00+00:00,106.46875,106.46875,106.46875,106.46875,1062.0
2025-02-20 20:50:00+00:00,106.4609375,106.46875,106.4609375,106.4609375,686.0
2025-02-20 20:51:00+00:00,106.4609375,106.46875,106.4609375,106.4609375,928.0
2025-02-20 20:52:00+00:00,106.4609375,106.46875,106.4609375,106.4609375,266602.0
2025-02-20 20:53:00+00:00,106.4609375,106.46875,106.4609375,106.4609375,79062.0
2025-02-20 20:54:00+00:00,106.46875,106.46875,106.4609375,106.46875,16595.0
2025-02-20 20:55:00+00:00,106.46875,106.4765625,106.4609375,106.46875,7251.0
2025-02-20 20:56:00+00:00,106.4609375,106.4609375,106.453125,106.4609375,1528.0
2025-02-20 20:57:00+00:00,106.453125,106.4609375,106.453125,106.4609375,531.0
2025-02-20 20:58:00+00:00,106.453125,106.4609375,106.453125,106.4609375,3034.0
2025-02-20 20:59:00+00:00,106.4609375,106.4609375,106.453125,106.453125,10896.0
2025-02-20 21:00:00+00:00,106.453125,106.46875,106.453125,106.4609375,5197.0
2025-02-20 21:01:00+00:00,106.4609375,106.4609375,106.453125,106.4609375,346.0
2025-02-20 21:02:00+00:00,106.4609375,106.4609375,106.453125,106.4609375,2270.0
2025-02-20 21:03:00+00:00,106.453125,106.46875,106.453125,106.4609375,1392.0
2025-02-20 21:04:00+00:00,106.453125,106.4609375,106.453125,106.4609375,477.0
2025-02-20 21:05:00+00:00,106.4453125,106.453125,106.4453125,106.453125,44888.0
2025-02-20 21:06:00+00:00,106.4453125,106.453125,106.4453125,106.453125,446.0
2025-02-20 21:07:00+00:00,106.453125,106.453125,106.453125,106.453125,8.0
2025-02-20 21:08:00+00:00,106.4453125,106.453125,106.4453125,106.453125,87.0
2025-02-20 21:09:00+00:00,106.453125,106.453125,106.4453125,106.4453125,83.0
2025-02-20 21:11:00+00:00,106.4453125,106.453125,106.4453125,106.4453125,3523.0
2025-02-20 21:12:00+00:00,106.4453125,106.4453125,106.4453125,106.4453125,1616.0
2025-02-20 21:13:00+00:00,106.4453125,106.4453125,106.4453125,106.4453125,1043.0
2025-02-20 21:14:00+00:00,106.453125,106.453125,106.4453125,106.453125,2064.0
2025-02-20 21:15:00+00:00,106.453125,106.453125,106.4453125,106.4453125,68.0
2025-02-20 21:16:00+00:00,106.453125,106.453125,106.453125,106.453125,1283.0
2025-02-20 21:17:00+00:00,106.453125,106.4609375,106.453125,106.453125,25520.0
2025-02-20 21:18:00+00:00,106.453125,106.453125,106.453125,106.453125,170.0
2025-02-20 21:19:00+00:00,106.453125,106.453125,106.453125,106.453125,143.0
2025-02-20 21:20:00+00:00,106.4453125,106.4609375,106.4453125,106.4609375,1395.0
2025-02-20 21:21:00+00:00,106.453125,106.453125,106.453125,106.453125,4010.0
2025-02-20 21:22:00+00:00,106.4453125,106.453125,106.4453125,106.453125,252.0
2025-02-20 21:23:00+00:00,106.453125,106.453125,106.4453125,106.453125,3548.0
2025-02-20 21:24:00+00:00,106.4453125,106.453125,106.4453125,106.453125,71.0
2025-02-20 21:25:00+00:00,106.4453125,106.453125,106.4453125,106.453125,679.0
2025-02-20 21:26:00+00:00,106.4609375,106.46875,106.4453125,106.4453125,1971.0
2025-02-20 21:27:00+00:00,106.4609375,106.46875,106.453125,106.46875,4225.0
2025-02-20 21:28:00+00:00,106.4609375,106.4609375,106.453125,106.4609375,955.0
2025-02-20 21:29:00+00:00,106.4609375,106.4609375,106.453125,106.4609375,1211.0
2025-02-20 21:30:00+00:00,106.4609375,106.4609375,106.4609375,106.4609375,2730.0
2025-02-20 21:31:00+00:00,106.4609375,106.46875,106.4609375,106.4609375,1906.0
2025-02-20 21:32:00+00:00,106.4609375,106.46875,106.4609375,106.46875,168.0
2025-02-20 21:33:00+00:00,106.4609375,106.4609375,106.4609375,106.4609375,1077.0
2025-02-20 21:34:00+00:00,106.4609375,106.4609375,106.4609375,106.4609375,2.0
2025-02-20 21:35:00+00:00,106.46875,106.46875,106.4609375,106.4609375,242.0
2025-02-20 21:36:00+00:00,106.46875,106.46875,106.4609375,106.46875,50.0
2025-02-20 21:37:00+00:00,106.4609375,106.46875,106.4609375,106.46875,1132.0
2025-02-20 21:38:00+00:00,106.4609375,106.4609375,106.453125,106.453125,75.0
2025-02-20 21:39:00+00:00,106.453125,106.4609375,106.453125,106.4609375,963.0
2025-02-20 21:40:00+00:00,106.4609375,106.4609375,106.453125,106.453125,230.0
2025-02-20 21:41:00+00:00,106.4609375,106.4609375,106.453125,106.4609375,201.0
2025-02-20 21:42:00+00:00,106.4609375,106.4609375,106.4609375,106.4609375,871.0
2025-02-20 21:43:00+00:00,106.4609375,106.4609375,106.453125,106.4609375,104.0
2025-02-20 21:44:00+00:00,106.4609375,106.4609375,106.4609375,106.4609375,85.0
2025-02-20 21:45:00+00:00,106.4609375,106.4609375,106.4609375,106.4609375,2720.0
2025-02-20 21:46:00+00:00,106.4609375,106.4609375,106.4609375,106.4609375,7.0
2025-02-20 21:47:00+00:00,106.46875,106.46875,106.4609375,106.4609375,2885.0
2025-02-20 21:48:00+00:00,106.4609375,106.46875,106.4609375,106.46875,5562.0
2025-02-20 21:49:00+00:00,106.4609375,106.46875,106.4609375,106.4609375,455.0
2025-02-20 21:50:00+00:00,106.46875,106.46875,106.4609375,106.4609375,228.0
2025-02-20 21:52:00+00:00,106.4609375,106.46875,106.4609375,106.46875,976.0
2025-02-20 21:53:00+00:00,106.4609375,106.46875,106.4609375,106.4609375,2245.0
2025-02-20 21:54:00+00:00,106.4609375,106.4609375,106.4609375,106.4609375,49.0
2025-02-20 21:55:00+00:00,106.4609375,106.46875,106.4609375,106.4609375,322.0
2025-02-20 21:56:00+00:00,106.4609375,106.4609375,106.4609375,106.4609375,744.0
2025-02-20 21:57:00+00:00,106.4609375,106.4609375,106.4609375,106.4609375,342.0
2025-02-20 21:58:00+00:00,106.4609375,106.4609375,106.4609375,106.4609375,115.0
2025-02-20 21:59:00+00:00,106.4609375,106.46875,106.4609375,106.4609375,777.0
2025-02-20 23:00:00+00:00,106.4453125,106.4609375,106.4453125,106.4609375,0.0
2025-02-20 23:02:00+00:00,106.4453125,106.4453125,106.4453125,106.4453125,10871.0
2025-02-20 23:03:00+00:00,106.4453125,106.4453125,106.4453125,106.4453125,93.0
2025-02-20 23:04:00+00:00,106.4453125,106.4453125,106.4453125,106.4453125,123.0
2025-02-20 23:07:00+00:00,106.4453125,106.4453125,106.4453125,106.4453125,4.0
2025-02-20 23:08:00+00:00,106.453125,106.453125,106.453125,106.453125,47.0
2025-02-20 23:09:00+00:00,106.453125,106.453125,106.453125,106.453125,3.0
2025-02-20 23:10:00+00:00,106.4453125,106.4453125,106.4453125,106.4453125,531.0
2025-02-20 23:12:00+00:00,106.453125,106.453125,106.4453125,106.453125,40.0
2025-02-20 23:14:00+00:00,106.453125,106.453125,106.4453125,106.453125,18.0
2025-02-20 23:19:00+00:00,106.453125,106.453125,106.453125,106.453125,1127.0
2025-02-20 23:25:00+00:00,106.4609375,106.4609375,106.453125,106.453125,1064.0
2025-02-20 23:26:00+00:00,106.4609375,106.4609375,106.4609375,106.4609375,39.0
2025-02-20 23:28:00+00:00,106.4609375,106.4609375,106.4609375,106.4609375,23.0
2025-02-20 23:30:00+00:00,106.453125,106.453125,106.453125,106.453125,85.0
2025-02-20 23:34:00+00:00,106.453125,106.453125,106.453125,106.453125,27.0
2025-02-20 23:36:00+00:00,106.4453125,106.4453125,106.4453125,106.4453125,493.0
2025-02-20 23:37:00+00:00,106.4453125,106.4453125,106.4453125,106.4453125,436.0
2025-02-20 23:40:00+00:00,106.453125,106.453125,106.453125,106.453125,74.0
2025-02-20 23:44:00+00:00,106.453125,106.453125,106.453125,106.453125,122.0
2025-02-20 23:49:00+00:00,106.4609375,106.4609375,106.4609375,106.4609375,102.0
2025-02-20 23:52:00+00:00,106.453125,106.453125,106.453125,106.453125,222.0
2025-02-20 23:53:00+00:00,106.453125,106.453125,106.453125,106.453125,230.0
2025-02-20 23:59:00+00:00,106.453125,106.453125,106.453125,106.453125,246.0
2025-02-21 00:01:00+00:00,106.453125,106.453125,106.453125,106.453125,2.0
2025-02-21 00:03:00+00:00,106.4453125,106.4453125,106.4453125,106.4453125,61.0
2025-02-21 00:04:00+00:00,106.4453125,106.4453125,106.4453125,106.4453125,184.0
2025-02-21 00:06:00+00:00,106.4609375,106.4609375,106.453125,106.453125,389.0
2025-02-21 00:07:00+00:00,106.4609375,106.4609375,106.4609375,106.4609375,17.0
2025-02-21 00:10:00+00:00,106.4609375,106.4609375,106.4609375,106.4609375,190.0
2025-02-21 00:11:00+00:00,106.46875,106.46875,106.4609375,106.4609375,358.0
2025-02-21 00:12:00+00:00,106.46875,106.46875,106.4609375,106.46875,208.0
2025-02-21 00:14:00+00:00,106.4609375,106.4609375,106.4609375,106.4609375,401.0
2025-02-21 00:15:00+00:00,106.4609375,106.4609375,106.4609375,106.4609375,72.0
2025-02-21 00:20:00+00:00,106.453125,106.4609375,106.453125,106.4609375,79.0
2025-02-21 00:23:00+00:00,106.4453125,106.453125,106.4453125,106.453125,1023.0
2025-02-21 00:24:00+00:00,106.453125,106.453125,106.4453125,106.4453125,72.0
2025-02-21 00:25:00+00:00,106.4453125,106.4453125,106.4453125,106.4453125,15.0
2025-02-21 00:28:00+00:00,106.4453125,106.4453125,106.4453125,106.4453125,104.0
2025-02-21 00:29:00+00:00,106.4453125,106.4453125,106.4453125,106.4453125,72.0
2025-02-21 00:30:00+00:00,106.4453125,106.4453125,106.4453125,106.4453125,102.0
2025-02-21 00:31:00+00:00,106.4453125,106.4453125,106.4453125,106.4453125,160.0
2025-02-21 00:36:00+00:00,106.453125,106.453125,106.453125,106.453125,127.0
2025-02-21 00:37:00+00:00,106.453125,106.453125,106.453125,106.453125,118.0
2025-02-21 00:38:00+00:00,106.453125,106.453125,106.453125,106.453125,80.0
2025-02-21 00:39:00+00:00,106.453125,106.453125,106.453125,106.453125,174.0
2025-02-21 00:41:00+00:00,106.4609375,106.4609375,106.4609375,106.4609375,148.0
2025-02-21 00:44:00+00:00,106.4609375,106.4609375,106.4609375,106.4609375,107.0
2025-02-21 00:45:00+00:00,106.4609375,106.4609375,106.453125,106.453125,256.0
2025-02-21 00:46:00+00:00,106.4609375,106.4609375,106.4609375,106.4609375,154.0
2025-02-21 00:47:00+00:00,106.4609375,106.4609375,106.4609375,106.4609375,64.0
2025-02-21 00:49:00+00:00,106.453125,106.453125,106.453125,106.453125,7.0
2025-02-21 00:50:00+00:00,106.453125,106.453125,106.453125,106.453125,205.0
2025-02-21 00:51:00+00:00,106.453125,106.453125,106.453125,106.453125,108.0
2025-02-21 00:54:00+00:00,106.453125,106.453125,106.453125,106.453125,101.0
2025-02-21 00:55:00+00:00,106.453125,106.453125,106.453125,106.453125,105.0
2025-02-21 00:59:00+00:00,106.453125,106.453125,106.453125,106.453125,117.0
2025-02-21 01:00:00+00:00,106.453125,106.453125,106.453125,106.453125,100.0
2025-02-21 01:06:00+00:00,106.4609375,106.4609375,106.4609375,106.4609375,86.0
2025-02-21 01:07:00+00:00,106.4609375,106.46875,106.4609375,106.46875,361.0
2025-02-21 01:10:00+00:00,106.4609375,106.4609375,106.4609375,106.4609375,167.0
2025-02-21 01:11:00+00:00,106.4609375,106.46875,106.4609375,106.46875,119.0
2025-02-21 01:12:00+00:00,106.4609375,106.4609375,106.4609375,106.4609375,60.0
2025-02-21 01:16:00+00:00,106.46875,106.46875,106.46875,106.46875,37.0
2025-02-21 01:17:00+00:00,106.46875,106.46875,106.46875,106.46875,233.0
2025-02-21 01:18:00+00:00,106.46875,106.46875,106.46875,106.46875,125.0
2025-02-21 01:19:00+00:00,106.46875,106.46875,106.46875,106.46875,194.0
2025-02-21 01:20:00+00:00,106.46875,106.46875,106.46875,106.46875,32.0
2025-02-21 01:22:00+00:00,106.46875,106.46875,106.46875,106.46875,139.0
2025-02-21 01:23:00+00:00,106.46875,106.46875,106.46875,106.46875,18.0
2025-02-21 01:25:00+00:00,106.46875,106.46875,106.46875,106.46875,55.0
2025-02-21 01:26:00+00:00,106.46875,106.46875,106.46875,106.46875,3.0
2025-02-21 01:27:00+00:00,106.46875,106.46875,106.46875,106.46875,45.0
2025-02-21 01:28:00+00:00,106.46875,106.46875,106.46875,106.46875,229.0
2025-02-21 01:29:00+00:00,106.46875,106.46875,106.46875,106.46875,62.0
2025-02-21 01:30:00+00:00,106.46875,106.46875,106.46875,106.46875,329.0
2025-02-21 01:31:00+00:00,106.46875,106.4765625,106.46875,106.4765625,56.0
2025-02-21 01:33:00+00:00,106.46875,106.46875,106.46875,106.46875,27.0
2025-02-21 01:34:00+00:00,106.4765625,106.4765625,106.4765625,106.4765625,3.0
2025-02-21 01:35:00+00:00,106.4765625,106.4765625,106.4765625,106.4765625,47.0
2025-02-21 01:36:00+00:00,106.4765625,106.4765625,106.4765625,106.4765625,4.0
2025-02-21 01:38:00+00:00,106.46875,106.46875,106.46875,106.46875,315.0
2025-02-21 01:39:00+00:00,106.4765625,106.4765625,106.4765625,106.4765625,42.0
2025-02-21 01:40:00+00:00,106.4765625,106.4765625,106.4765625,106.4765625,153.0
2025-02-21 01:41:00+00:00,106.4765625,106.4765625,106.4765625,106.4765625,182.0
2025-02-21 01:42:00+00:00,106.484375,106.484375,106.484375,106.484375,105.0
2025-02-21 01:43:00+00:00,106.484375,106.484375,106.484375,106.484375,127.0
2025-02-21 01:44:00+00:00,106.484375,106.484375,106.484375,106.484375,26.0
2025-02-21 01:45:00+00:00,106.484375,106.484375,106.484375,106.484375,17.0
2025-02-21 01:46:00+00:00,106.484375,106.484375,106.484375,106.484375,165.0
2025-02-21 01:47:00+00:00,106.484375,106.484375,106.484375,106.484375,88.0
2025-02-21 01:49:00+00:00,106.484375,106.4921875,106.484375,106.4921875,115.0
2025-02-21 01:50:00+00:00,106.4921875,106.5,106.4765625,106.484375,665.0
2025-02-21 01:51:00+00:00,106.5,106.5,106.4921875,106.5,189.0
2025-02-21 01:52:00+00:00,106.5,106.5,106.5,106.5,794.0
2025-02-21 01:53:00+00:00,106.5,106.5,106.5,106.5,512.0
2025-02-21 01:54:00+00:00,106.5,106.5,106.5,106.5,259.0
2025-02-21 01:55:00+00:00,106.5078125,106.5078125,106.5,106.5,408.0
2025-02-21 01:56:00+00:00,106.5078125,106.5078125,106.5078125,106.5078125,2.0
2025-02-21 01:57:00+00:00,106.4921875,106.5,106.4921875,106.5,419.0
2025-02-21 01:59:00+00:00,106.484375,106.484375,106.484375,106.484375,191.0
2025-02-21 02:00:00+00:00,106.484375,106.484375,106.484375,106.484375,2.0
2025-02-21 02:01:00+00:00,106.484375,106.484375,106.484375,106.484375,32.0
2025-02-21 02:02:00+00:00,106.484375,106.484375,106.484375,106.484375,78.0
2025-02-21 02:03:00+00:00,106.484375,106.484375,106.484375,106.484375,8.0
2025-02-21 02:04:00+00:00,106.484375,106.484375,106.484375,106.484375,34.0
2025-02-21 02:05:00+00:00,106.484375,106.484375,106.484375,106.484375,70.0
2025-02-21 02:06:00+00:00,106.484375,106.484375,106.484375,106.484375,15.0
2025-02-21 02:07:00+00:00,106.4921875,106.4921875,106.4921875,106.4921875,38.0
2025-02-21 02:14:00+00:00,106.484375,106.484375,106.484375,106.484375,72.0
2025-02-21 02:17:00+00:00,106.4921875,106.4921875,106.4921875,106.4921875,274.0
2025-02-21 02:18:00+00:00,106.5,106.5,106.5,106.5,49.0
2025-02-21 02:19:00+00:00,106.5,106.5,106.5,106.5,129.0
2025-02-21 02:20:00+00:00,106.5,106.5,106.5,106.5,6.0
2025-02-21 02:21:00+00:00,106.5,106.5,106.5,106.5,65.0
2025-02-21 02:23:00+00:00,106.5,106.5,106.5,106.5,53.0
2025-02-21 02:24:00+00:00,106.5,106.5,106.5,106.5,200.0
2025-02-21 02:25:00+00:00,106.5078125,106.5078125,106.5,106.5,21.0
2025-02-21 02:26:00+00:00,106.5078125,106.5078125,106.5078125,106.5078125,1609.0
2025-02-21 02:29:00+00:00,106.5,106.5,106.5,106.5,96.0
2025-02-21 02:30:00+00:00,106.5078125,106.5078125,106.5078125,106.5078125,64.0
2025-02-21 02:31:00+00:00,106.5078125,106.5078125,106.5078125,106.5078125,96.0
2025-02-21 02:32:00+00:00,106.5078125,106.5078125,106.5078125,106.5078125,248.0
2025-02-21 02:33:00+00:00,106.5078125,106.515625,106.5078125,106.515625,197.0
2025-02-21 02:34:00+00:00,106.5078125,106.5078125,106.5078125,106.5078125,25.0
2025-02-21 02:35:00+00:00,106.5078125,106.5078125,106.5078125,106.5078125,92.0
2025-02-21 02:36:00+00:00,106.5078125,106.5078125,106.5078125,106.5078125,40.0
2025-02-21 02:37:00+00:00,106.5078125,106.5078125,106.5078125,106.5078125,0.0
2025-02-21 02:38:00+00:00,106.5,106.5078125,106.5,106.5,33867.0
2025-02-21 02:39:00+00:00,106.5,106.5,106.5,106.5,2.0
2025-02-21 02:40:00+00:00,106.5,106.5,106.5,106.5,495.0
2025-02-21 02:43:00+00:00,106.5,106.5,106.5,106.5,90.0
2025-02-21 02:44:00+00:00,106.5078125,106.5078125,106.5,106.5078125,53.0
2025-02-21 02:45:00+00:00,106.5078125,106.5078125,106.5078125,106.5078125,4.0
2025-02-21 02:46:00+00:00,106.5078125,106.5078125,106.5078125,106.5078125,11.0
2025-02-21 02:47:00+00:00,106.5078125,106.5078125,106.5,106.5078125,13.0
2025-02-21 02:48:00+00:00,106.5078125,106.5078125,106.5078125,106.5078125,10.0
2025-02-21 02:49:00+00:00,106.5078125,106.5078125,106.5,106.5078125,879.0
2025-02-21 02:50:00+00:00,106.515625,106.515625,106.5078125,106.515625,24.0
2025-02-21 02:51:00+00:00,106.515625,106.515625,106.515625,106.515625,10.0
2025-02-21 02:52:00+00:00,106.515625,106.515625,106.515625,106.515625,9.0
2025-02-21 02:53:00+00:00,106.515625,106.515625,106.515625,106.515625,122.0
2025-02-21 02:55:00+00:00,106.515625,106.515625,106.5078125,106.515625,17.0
2025-02-21 02:56:00+00:00,106.515625,106.515625,106.5078125,106.5078125,28.0
2025-02-21 03:00:00+00:00,106.515625,106.515625,106.515625,106.515625,316.0
2025-02-21 03:01:00+00:00,106.515625,106.515625,106.515625,106.515625,524.0
2025-02-21 03:02:00+00:00,106.515625,106.515625,106.515625,106.515625,104.0
2025-02-21 03:03:00+00:00,106.515625,106.515625,106.515625,106.515625,137.0
2025-02-21 03:04:00+00:00,106.515625,106.515625,106.515625,106.515625,144.0
2025-02-21 03:05:00+00:00,106.5078125,106.515625,106.5078125,106.515625,38.0
2025-02-21 03:06:00+00:00,106.515625,106.5234375,106.515625,106.515625,507.0
2025-02-21 03:07:00+00:00,106.515625,106.515625,106.515625,106.515625,172.0
2025-02-21 03:08:00+00:00,106.515625,106.515625,106.515625,106.515625,62.0
2025-02-21 03:10:00+00:00,106.515625,106.515625,106.515625,106.515625,1608.0
2025-02-21 03:11:00+00:00,106.515625,106.515625,106.515625,106.515625,24.0
2025-02-21 03:13:00+00:00,106.515625,106.515625,106.515625,106.515625,846.0
2025-02-21 03:14:00+00:00,106.515625,106.515625,106.515625,106.515625,1174.0
2025-02-21 03:15:00+00:00,106.515625,106.515625,106.515625,106.515625,189.0
2025-02-21 03:16:00+00:00,106.515625,106.515625,106.515625,106.515625,3.0
2025-02-21 03:17:00+00:00,106.515625,106.515625,106.515625,106.515625,508.0
2025-02-21 03:18:00+00:00,106.515625,106.515625,106.515625,106.515625,1183.0
2025-02-21 03:19:00+00:00,106.515625,106.515625,106.515625,106.515625,263.0
2025-02-21 03:20:00+00:00,106.515625,106.515625,106.515625,106.515625,8.0
2025-02-21 03:22:00+00:00,106.515625,106.515625,106.515625,106.515625,220.0
2025-02-21 03:25:00+00:00,106.5078125,106.5078125,106.5078125,106.5078125,1086.0
2025-02-21 03:26:00+00:00,106.5078125,106.5078125,106.5078125,106.5078125,66.0
2025-02-21 03:27:00+00:00,106.5078125,106.515625,106.5078125,106.5078125,135.0
2025-02-21 03:28:00+00:00,106.5078125,106.5078125,106.5078125,106.5078125,86.0
2025-02-21 03:30:00+00:00,106.515625,106.515625,106.515625,106.515625,346.0
2025-02-21 03:31:00+00:00,106.5078125,106.5078125,106.5,106.5078125,360.0
2025-02-21 03:32:00+00:00,106.515625,106.515625,106.515625,106.515625,551.0
2025-02-21 03:33:00+00:00,106.515625,106.5234375,106.515625,106.5234375,279.0
2025-02-21 03:34:00+00:00,106.515625,106.515625,106.515625,106.515625,337.0
2025-02-21 03:35:00+00:00,106.5078125,106.5078125,106.5078125,106.5078125,778.0
2025-02-21 03:36:00+00:00,106.5078125,106.5078125,106.5078125,106.5078125,60.0
2025-02-21 03:37:00+00:00,106.5078125,106.5078125,106.5078125,106.5078125,1.0
2025-02-21 03:38:00+00:00,106.5078125,106.5078125,106.5078125,106.5078125,68.0
2025-02-21 03:39:00+00:00,106.5078125,106.5078125,106.5078125,106.5078125,19.0
2025-02-21 03:41:00+00:00,106.5078125,106.5078125,106.5078125,106.5078125,232.0
2025-02-21 03:42:00+00:00,106.515625,106.515625,106.515625,106.515625,153.0
2025-02-21 03:43:00+00:00,106.515625,106.515625,106.515625,106.515625,181.0
2025-02-21 03:44:00+00:00,106.515625,106.515625,106.515625,106.515625,37.0
2025-02-21 03:45:00+00:00,106.515625,106.515625,106.515625,106.515625,59.0
2025-02-21 03:46:00+00:00,106.515625,106.515625,106.515625,106.515625,50.0
2025-02-21 03:47:00+00:00,106.515625,106.515625,106.515625,106.515625,173.0
2025-02-21 03:48:00+00:00,106.515625,106.515625,106.515625,106.515625,1099.0
2025-02-21 03:49:00+00:00,106.515625,106.515625,106.515625,106.515625,22.0
2025-02-21 03:51:00+00:00,106.5078125,106.515625,106.5078125,106.515625,334.0
2025-02-21 03:52:00+00:00,106.5078125,106.5078125,106.5078125,106.5078125,200.0
2025-02-21 03:54:00+00:00,106.515625,106.515625,106.515625,106.515625,118.0
2025-02-21 03:55:00+00:00,106.515625,106.515625,106.515625,106.515625,25.0
2025-02-21 03:56:00+00:00,106.515625,106.515625,106.515625,106.515625,49.0
2025-02-21 03:57:00+00:00,106.515625,106.515625,106.515625,106.515625,146.0
2025-02-21 04:04:00+00:00,106.5234375,106.5234375,106.5234375,106.5234375,94.0
2025-02-21 04:06:00+00:00,106.5234375,106.5234375,106.5234375,106.5234375,96.0
2025-02-21 04:07:00+00:00,106.5234375,106.5234375,106.5234375,106.5234375,12.0
2025-02-21 04:08:00+00:00,106.5234375,106.5234375,106.5234375,106.5234375,225.0
2025-02-21 04:09:00+00:00,106.53125,106.53125,106.5234375,106.5234375,72.0
2025-02-21 04:10:00+00:00,106.5390625,106.5390625,106.53125,106.53125,841.0
2025-02-21 04:11:00+00:00,106.5390625,106.5390625,106.5390625,106.5390625,551.0
2025-02-21 04:12:00+00:00,106.5390625,106.546875,106.5390625,106.5390625,2518.0
2025-02-21 04:13:00+00:00,106.546875,106.546875,106.546875,106.546875,27.0
2025-02-21 04:15:00+00:00,106.546875,106.546875,106.5390625,106.5390625,527.0
2025-02-21 04:16:00+00:00,106.5390625,106.5390625,106.5390625,106.5390625,16.0
2025-02-21 04:17:00+00:00,106.5390625,106.5390625,106.5390625,106.5390625,97.0
2025-02-21 04:18:00+00:00,106.546875,106.546875,106.546875,106.546875,187.0
2025-02-21 04:20:00+00:00,106.546875,106.546875,106.546875,106.546875,13.0
2025-02-21 04:21:00+00:00,106.546875,106.546875,106.546875,106.546875,57.0
2025-02-21 04:22:00+00:00,106.546875,106.546875,106.546875,106.546875,201.0
2025-02-21 04:24:00+00:00,106.546875,106.546875,106.546875,106.546875,5.0
2025-02-21 04:25:00+00:00,106.546875,106.546875,106.546875,106.546875,29.0
2025-02-21 04:29:00+00:00,106.546875,106.546875,106.546875,106.546875,137.0
2025-02-21 04:30:00+00:00,106.5390625,106.546875,106.5390625,106.546875,496.0
2025-02-21 04:33:00+00:00,106.546875,106.546875,106.546875,106.546875,96.0
2025-02-21 04:36:00+00:00,106.546875,106.546875,106.546875,106.546875,427.0
2025-02-21 04:37:00+00:00,106.546875,106.546875,106.546875,106.546875,9.0
2025-02-21 04:38:00+00:00,106.546875,106.546875,106.546875,106.546875,215.0
2025-02-21 04:40:00+00:00,106.5390625,106.546875,106.5390625,106.546875,261.0
2025-02-21 04:42:00+00:00,106.546875,106.5546875,106.546875,106.546875,684.0
2025-02-21 04:43:00+00:00,106.5546875,106.5546875,106.546875,106.546875,83.0
2025-02-21 04:45:00+00:00,106.546875,106.546875,106.546875,106.546875,183.0
2025-02-21 04:46:00+00:00,106.546875,106.546875,106.546875,106.546875,84.0
2025-02-21 04:47:00+00:00,106.546875,106.546875,106.546875,106.546875,465.0
2025-02-21 04:49:00+00:00,106.546875,106.546875,106.546875,106.546875,122.0
2025-02-21 04:50:00+00:00,106.546875,106.546875,106.546875,106.546875,31.0
2025-02-21 04:51:00+00:00,106.546875,106.546875,106.546875,106.546875,20.0
2025-02-21 04:52:00+00:00,106.5546875,106.5546875,106.5546875,106.5546875,10.0
2025-02-21 04:58:00+00:00,106.546875,106.546875,106.546875,106.546875,173.0
2025-02-21 05:00:00+00:00,106.546875,106.546875,106.546875,106.546875,715.0
2025-02-21 05:01:00+00:00,106.5546875,106.5546875,106.546875,106.546875,225.0
2025-02-21 05:02:00+00:00,106.546875,106.546875,106.546875,106.546875,1.0
2025-02-21 05:03:00+00:00,106.546875,106.546875,106.546875,106.546875,41.0
2025-02-21 05:04:00+00:00,106.5390625,106.546875,106.5390625,106.546875,226.0
2025-02-21 05:06:00+00:00,106.546875,106.546875,106.546875,106.546875,18.0
2025-02-21 05:09:00+00:00,106.546875,106.546875,106.546875,106.546875,125.0
2025-02-21 05:10:00+00:00,106.546875,106.546875,106.546875,106.546875,6.0
2025-02-21 05:11:00+00:00,106.546875,106.546875,106.546875,106.546875,37.0
2025-02-21 05:12:00+00:00,106.546875,106.546875,106.546875,106.546875,63.0
2025-02-21 05:14:00+00:00,106.5546875,106.5546875,106.5546875,106.5546875,323.0
2025-02-21 05:18:00+00:00,106.5546875,106.5546875,106.5546875,106.5546875,285.0
2025-02-21 05:19:00+00:00,106.5546875,106.5546875,106.5546875,106.5546875,4.0
2025-02-21 05:20:00+00:00,106.546875,106.546875,106.546875,106.546875,11.0
2025-02-21 05:21:00+00:00,106.546875,106.546875,106.546875,106.546875,174.0
2025-02-21 05:22:00+00:00,106.546875,106.546875,106.546875,106.546875,195.0
2025-02-21 05:23:00+00:00,106.5390625,106.546875,106.5390625,106.546875,46.0
2025-02-21 05:25:00+00:00,106.546875,106.546875,106.546875,106.546875,121.0
2025-02-21 05:26:00+00:00,106.546875,106.546875,106.546875,106.546875,300.0
2025-02-21 05:27:00+00:00,106.5390625,106.5390625,106.5390625,106.5390625,84.0
2025-02-21 05:28:00+00:00,106.5390625,106.5390625,106.5390625,106.5390625,7.0
2025-02-21 05:29:00+00:00,106.5390625,106.546875,106.5390625,106.546875,371.0
2025-02-21 05:30:00+00:00,106.5390625,106.5390625,106.5390625,106.5390625,18.0
2025-02-21 05:34:00+00:00,106.5390625,106.5390625,106.5390625,106.5390625,667.0
2025-02-21 05:35:00+00:00,106.5390625,106.5390625,106.5390625,106.5390625,105.0
2025-02-21 05:36:00+00:00,106.5390625,106.5390625,106.5390625,106.5390625,99.0
2025-02-21 05:43:00+00:00,106.546875,106.546875,106.546875,106.546875,1333.0
2025-02-21 05:47:00+00:00,106.5390625,106.546875,106.5390625,106.546875,234.0
2025-02-21 05:49:00+00:00,106.5390625,106.5390625,106.5390625,106.5390625,3.0
2025-02-21 05:50:00+00:00,106.5390625,106.546875,106.5390625,106.546875,7.0
2025-02-21 05:51:00+00:00,106.5390625,106.5390625,106.5390625,106.5390625,14.0
2025-02-21 05:52:00+00:00,106.5390625,106.5390625,106.5390625,106.5390625,2.0
2025-02-21 05:53:00+00:00,106.5390625,106.5390625,106.5390625,106.5390625,117.0
2025-02-21 05:54:00+00:00,106.5390625,106.5390625,106.5390625,106.5390625,390.0
2025-02-21 05:55:00+00:00,106.5390625,106.5390625,106.5390625,106.5390625,325.0
2025-02-21 05:56:00+00:00,106.5390625,106.5390625,106.5390625,106.5390625,23.0
2025-02-21 05:57:00+00:00,106.5390625,106.5390625,106.5390625,106.5390625,41.0
2025-02-21 05:58:00+00:00,106.5390625,106.5390625,106.5390625,106.5390625,389.0
2025-02-21 06:00:00+00:00,106.546875,106.546875,106.5390625,106.546875,17.0
2025-02-21 06:01:00+00:00,106.5390625,106.5390625,106.5390625,106.5390625,4.0
2025-02-21 06:03:00+00:00,106.5390625,106.5390625,106.5390625,106.5390625,37.0
2025-02-21 06:04:00+00:00,106.5390625,106.5390625,106.5390625,106.5390625,12.0
2025-02-21 06:08:00+00:00,106.5390625,106.5390625,106.5390625,106.5390625,8.0
2025-02-21 06:11:00+00:00,106.546875,106.546875,106.546875,106.546875,2.0
2025-02-21 06:12:00+00:00,106.5390625,106.5390625,106.5390625,106.5390625,330.0
2025-02-21 06:15:00+00:00,106.5390625,106.5390625,106.5390625,106.5390625,164.0
2025-02-21 06:16:00+00:00,106.5390625,106.5390625,106.5390625,106.5390625,6.0
2025-02-21 06:17:00+00:00,106.5390625,106.5390625,106.53125,106.53125,5.0
2025-02-21 06:18:00+00:00,106.53125,106.53125,106.53125,106.53125,275.0
2025-02-21 06:19:00+00:00,106.5390625,106.5390625,106.5390625,106.5390625,419.0
2025-02-21 06:20:00+00:00,106.5390625,106.5390625,106.5390625,106.5390625,224.0
2025-02-21 06:21:00+00:00,106.5390625,106.5390625,106.5390625,106.5390625,17.0
2025-02-21 06:22:00+00:00,106.5390625,106.5390625,106.5390625,106.5390625,29.0
2025-02-21 06:23:00+00:00,106.5390625,106.5390625,106.5390625,106.5390625,214.0
2025-02-21 06:24:00+00:00,106.5390625,106.5390625,106.5390625,106.5390625,234.0
2025-02-21 06:25:00+00:00,106.5390625,106.5390625,106.5390625,106.5390625,25.0
2025-02-21 06:26:00+00:00,106.5390625,106.5390625,106.5390625,106.5390625,98.0
2025-02-21 06:27:00+00:00,106.5390625,106.5390625,106.5390625,106.5390625,36.0
2025-02-21 06:28:00+00:00,106.53125,106.53125,106.53125,106.53125,146.0
2025-02-21 06:29:00+00:00,106.53125,106.53125,106.53125,106.53125,11.0
2025-02-21 06:30:00+00:00,106.53125,106.53125,106.53125,106.53125,8.0
2025-02-21 06:31:00+00:00,106.53125,106.53125,106.53125,106.53125,52.0
2025-02-21 06:32:00+00:00,106.5234375,106.53125,106.5234375,106.53125,648.0
2025-02-21 06:33:00+00:00,106.5234375,106.5234375,106.5234375,106.5234375,412.0
2025-02-21 06:34:00+00:00,106.5234375,106.5234375,106.5234375,106.5234375,124.0
2025-02-21 06:35:00+00:00,106.5234375,106.5234375,106.5234375,106.5234375,815.0
2025-02-21 06:38:00+00:00,106.53125,106.53125,106.53125,106.53125,1.0
2025-02-21 06:39:00+00:00,106.5390625,106.5390625,106.5234375,106.53125,797.0
2025-02-21 06:40:00+00:00,106.5390625,106.5390625,106.53125,106.53125,55.0
2025-02-21 06:43:00+00:00,106.53125,106.53125,106.53125,106.53125,125.0
2025-02-21 06:44:00+00:00,106.53125,106.53125,106.53125,106.53125,476.0
2025-02-21 06:45:00+00:00,106.53125,106.53125,106.53125,106.53125,95.0
2025-02-21 06:46:00+00:00,106.53125,106.53125,106.53125,106.53125,85.0
2025-02-21 06:48:00+00:00,106.53125,106.5390625,106.53125,106.5390625,12.0
2025-02-21 06:49:00+00:00,106.53125,106.53125,106.53125,106.53125,12.0
2025-02-21 06:50:00+00:00,106.5390625,106.5390625,106.5390625,106.5390625,254.0
2025-02-21 06:53:00+00:00,106.53125,106.53125,106.53125,106.53125,549.0
2025-02-21 06:54:00+00:00,106.53125,106.53125,106.5234375,106.5234375,667.0
2025-02-21 06:55:00+00:00,106.53125,106.53125,106.53125,106.53125,478.0
2025-02-21 06:56:00+00:00,106.53125,106.5390625,106.53125,106.53125,181.0
2025-02-21 06:57:00+00:00,106.5390625,106.5390625,106.5390625,106.5390625,2191.0
2025-02-21 06:58:00+00:00,106.546875,106.546875,106.546875,106.546875,1093.0
2025-02-21 06:59:00+00:00,106.546875,106.546875,106.546875,106.546875,745.0
2025-02-21 07:00:00+00:00,106.546875,106.546875,106.5390625,106.546875,1227.0
2025-02-21 07:01:00+00:00,106.546875,106.546875,106.546875,106.546875,194.0
2025-02-21 07:02:00+00:00,106.546875,106.5546875,106.546875,106.546875,12.0
2025-02-21 07:03:00+00:00,106.5546875,106.5546875,106.5546875,106.5546875,321.0
2025-02-21 07:05:00+00:00,106.5546875,106.5546875,106.5546875,106.5546875,1296.0
2025-02-21 07:06:00+00:00,106.5546875,106.5546875,106.546875,106.546875,267.0
2025-02-21 07:07:00+00:00,106.5546875,106.5546875,106.5546875,106.5546875,13.0
2025-02-21 07:08:00+00:00,106.5546875,106.5546875,106.5546875,106.5546875,2.0
2025-02-21 07:09:00+00:00,106.546875,106.546875,106.546875,106.546875,1097.0
2025-02-21 07:10:00+00:00,106.546875,106.546875,106.546875,106.546875,185.0
2025-02-21 07:11:00+00:00,106.5625,106.5625,106.5546875,106.5546875,1574.0
2025-02-21 07:12:00+00:00,106.5546875,106.5546875,106.5546875,106.5546875,5.0
2025-02-21 07:13:00+00:00,106.5546875,106.5546875,106.5546875,106.5546875,225.0
2025-02-21 07:15:00+00:00,106.5625,106.5625,106.5625,106.5625,212.0
2025-02-21 07:16:00+00:00,106.5625,106.5625,106.5625,106.5625,636.0
2025-02-21 07:19:00+00:00,106.5546875,106.5625,106.5546875,106.5546875,523.0
2025-02-21 07:20:00+00:00,106.5546875,106.5546875,106.5546875,106.5546875,47.0
2025-02-21 07:21:00+00:00,106.5546875,106.5546875,106.546875,106.5546875,11.0
2025-02-21 07:22:00+00:00,106.5390625,106.546875,106.5390625,106.546875,3980.0
2025-02-21 07:23:00+00:00,106.5390625,106.546875,106.5390625,106.546875,929.0
2025-02-21 07:24:00+00:00,106.546875,106.546875,106.5390625,106.5390625,673.0
2025-02-21 07:25:00+00:00,106.5390625,106.5390625,106.5390625,106.5390625,150.0
2025-02-21 07:26:00+00:00,106.5390625,106.5390625,106.5390625,106.5390625,13.0
2025-02-21 07:27:00+00:00,106.5390625,106.5390625,106.5390625,106.5390625,425.0
2025-02-21 07:28:00+00:00,106.5390625,106.5390625,106.53125,106.5390625,510.0
2025-02-21 07:29:00+00:00,106.5390625,106.5390625,106.53125,106.5390625,108.0
2025-02-21 07:31:00+00:00,106.53125,106.53125,106.53125,106.53125,4455.0
2025-02-21 07:32:00+00:00,106.5390625,106.5390625,106.5390625,106.5390625,1.0
2025-02-21 07:33:00+00:00,106.5390625,106.5390625,106.53125,106.53125,1700.0
2025-02-21 07:34:00+00:00,106.5390625,106.5390625,106.5390625,106.5390625,153.0
2025-02-21 07:35:00+00:00,106.5390625,106.5390625,106.5390625,106.5390625,238.0
2025-02-21 07:37:00+00:00,106.53125,106.53125,106.53125,106.53125,6.0
2025-02-21 07:38:00+00:00,106.53125,106.53125,106.53125,106.53125,9.0
2025-02-21 07:39:00+00:00,106.53125,106.53125,106.53125,106.53125,593.0
2025-02-21 07:40:00+00:00,106.53125,106.53125,106.53125,106.53125,515.0
2025-02-21 07:41:00+00:00,106.53125,106.53125,106.5234375,106.53125,275.0
2025-02-21 07:42:00+00:00,106.53125,106.5390625,106.53125,106.5390625,109.0
2025-02-21 07:43:00+00:00,106.53125,106.53125,106.53125,106.53125,134.0
2025-02-21 07:44:00+00:00,106.5234375,106.53125,106.5234375,106.53125,856.0
2025-02-21 07:45:00+00:00,106.5234375,106.53125,106.5234375,106.5234375,855.0
2025-02-21 07:46:00+00:00,106.5234375,106.5234375,106.5234375,106.5234375,596.0
2025-02-21 07:47:00+00:00,106.5234375,106.5234375,106.5234375,106.5234375,269.0
2025-02-21 07:48:00+00:00,106.5234375,106.5234375,106.5234375,106.5234375,115.0
2025-02-21 07:49:00+00:00,106.5234375,106.5234375,106.5234375,106.5234375,645.0
2025-02-21 07:50:00+00:00,106.5234375,106.53125,106.5234375,106.5234375,1221.0
2025-02-21 07:51:00+00:00,106.53125,106.53125,106.53125,106.53125,1302.0
2025-02-21 07:52:00+00:00,106.53125,106.53125,106.53125,106.53125,144.0
2025-02-21 07:53:00+00:00,106.53125,106.53125,106.53125,106.53125,212.0
2025-02-21 07:54:00+00:00,106.53125,106.53125,106.53125,106.53125,61.0
2025-02-21 07:56:00+00:00,106.53125,106.53125,106.53125,106.53125,164.0
2025-02-21 07:57:00+00:00,106.5234375,106.5234375,106.5234375,106.5234375,31.0
2025-02-21 07:59:00+00:00,106.53125,106.53125,106.53125,106.53125,170.0
2025-02-21 08:00:00+00:00,106.5234375,106.53125,106.5234375,106.53125,678.0
2025-02-21 08:01:00+00:00,106.5234375,106.5234375,106.5234375,106.5234375,3.0
2025-02-21 08:02:00+00:00,106.53125,106.5390625,106.53125,106.53125,479.0
2025-02-21 08:03:00+00:00,106.5390625,106.5390625,106.53125,106.53125,330.0
2025-02-21 08:04:00+00:00,106.546875,106.546875,106.5390625,106.546875,35.0
2025-02-21 08:05:00+00:00,106.5390625,106.546875,106.5390625,106.546875,3718.0
2025-02-21 08:06:00+00:00,106.5390625,106.5390625,106.5390625,106.5390625,252.0
2025-02-21 08:08:00+00:00,106.5390625,106.5390625,106.5390625,106.5390625,216.0
2025-02-21 08:09:00+00:00,106.53125,106.546875,106.53125,106.53125,315.0
2025-02-21 08:10:00+00:00,106.53125,106.5390625,106.53125,106.53125,256.0
2025-02-21 08:11:00+00:00,106.5390625,106.5390625,106.53125,106.5390625,146.0
2025-02-21 08:12:00+00:00,106.5390625,106.5390625,106.53125,106.5390625,84.0
2025-02-21 08:13:00+00:00,106.5390625,106.546875,106.5390625,106.546875,1733.0
2025-02-21 08:14:00+00:00,106.53125,106.546875,106.5234375,106.5390625,616.0
2025-02-21 08:15:00+00:00,106.578125,106.59375,106.5390625,106.5390625,52207.0
2025-02-21 08:16:00+00:00,106.5625,106.5859375,106.5625,106.5859375,2959.0
2025-02-21 08:17:00+00:00,106.5546875,106.5625,106.5546875,106.5625,5103.0
2025-02-21 08:18:00+00:00,106.5625,106.5703125,106.5546875,106.5546875,2037.0
2025-02-21 08:19:00+00:00,106.5625,106.5703125,106.5625,106.5625,2226.0
2025-02-21 08:20:00+00:00,106.578125,106.578125,106.5625,106.5625,2129.0
2025-02-21 08:21:00+00:00,106.578125,106.5859375,106.5703125,106.5859375,2721.0
2025-02-21 08:22:00+00:00,106.5703125,106.578125,106.5703125,106.578125,276.0
2025-02-21 08:23:00+00:00,106.5703125,106.578125,106.5703125,106.578125,1148.0
2025-02-21 08:24:00+00:00,106.578125,106.578125,106.5703125,106.5703125,116.0
2025-02-21 08:25:00+00:00,106.5703125,106.578125,106.5703125,106.5703125,880.0
2025-02-21 08:26:00+00:00,106.5703125,106.5703125,106.5703125,106.5703125,1250.0
2025-02-21 08:27:00+00:00,106.5703125,106.5703125,106.5703125,106.5703125,102.0
2025-02-21 08:28:00+00:00,106.5703125,106.5703125,106.5703125,106.5703125,1084.0
2025-02-21 08:29:00+00:00,106.5703125,106.5703125,106.5625,106.5703125,875.0
2025-02-21 08:30:00+00:00,106.5390625,106.5703125,106.53125,106.5625,51110.0
2025-02-21 08:31:00+00:00,106.546875,106.546875,106.5390625,106.5390625,2355.0
2025-02-21 08:32:00+00:00,106.546875,106.5546875,106.546875,106.5546875,1597.0
2025-02-21 08:33:00+00:00,106.5546875,106.5546875,106.5390625,106.546875,1334.0
2025-02-21 08:34:00+00:00,106.546875,106.5546875,106.546875,106.546875,260.0
2025-02-21 08:35:00+00:00,106.546875,106.546875,106.5390625,106.5390625,95.0
2025-02-21 08:36:00+00:00,106.5390625,106.546875,106.5390625,106.546875,1071.0
2025-02-21 08:37:00+00:00,106.546875,106.546875,106.5390625,106.5390625,788.0
2025-02-21 08:38:00+00:00,106.546875,106.546875,106.546875,106.546875,1749.0
2025-02-21 08:39:00+00:00,106.5390625,106.546875,106.5390625,106.546875,185.0
2025-02-21 08:40:00+00:00,106.546875,106.546875,106.5390625,106.5390625,485.0
2025-02-21 08:41:00+00:00,106.546875,106.546875,106.546875,106.546875,106.0
2025-02-21 08:42:00+00:00,106.546875,106.5546875,106.546875,106.5546875,677.0
2025-02-21 08:43:00+00:00,106.546875,106.546875,106.546875,106.546875,145.0
2025-02-21 08:44:00+00:00,106.546875,106.546875,106.546875,106.546875,387.0
2025-02-21 08:46:00+00:00,106.5546875,106.5546875,106.546875,106.546875,787.0
2025-02-21 08:47:00+00:00,106.5546875,106.5546875,106.546875,106.546875,38446.0
2025-02-21 08:48:00+00:00,106.546875,106.546875,106.546875,106.546875,2035.0
2025-02-21 08:49:00+00:00,106.546875,106.546875,106.5390625,106.5390625,2282.0
2025-02-21 08:50:00+00:00,106.5546875,106.5625,106.5546875,106.5546875,641.0
2025-02-21 08:51:00+00:00,106.5546875,106.5546875,106.5546875,106.5546875,207.0
2025-02-21 08:52:00+00:00,106.5546875,106.5546875,106.5546875,106.5546875,830.0
2025-02-21 08:53:00+00:00,106.5546875,106.5546875,106.5546875,106.5546875,1064.0
2025-02-21 08:54:00+00:00,106.546875,106.5546875,106.546875,106.5546875,1520.0
2025-02-21 08:55:00+00:00,106.5390625,106.546875,106.5390625,106.546875,362.0
2025-02-21 08:56:00+00:00,106.53125,106.546875,106.53125,106.546875,1890.0
2025-02-21 08:57:00+00:00,106.5390625,106.5390625,106.5390625,106.5390625,2547.0
2025-02-21 08:58:00+00:00,106.53125,106.53125,106.53125,106.53125,838.0
2025-02-21 08:59:00+00:00,106.53125,106.5390625,106.53125,106.53125,344.0
2025-02-21 09:00:00+00:00,106.53125,106.53125,106.5234375,106.53125,2562.0
2025-02-21 09:01:00+00:00,106.53125,106.53125,106.53125,106.53125,41.0
2025-02-21 09:02:00+00:00,106.53125,106.53125,106.5234375,106.5234375,1712.0
2025-02-21 09:03:00+00:00,106.5234375,106.53125,106.5234375,106.53125,212.0
2025-02-21 09:04:00+00:00,106.53125,106.53125,106.53125,106.53125,232.0
2025-02-21 09:05:00+00:00,106.53125,106.53125,106.53125,106.53125,314.0
2025-02-21 09:06:00+00:00,106.53125,106.53125,106.53125,106.53125,821.0
2025-02-21 09:07:00+00:00,106.5234375,106.53125,106.515625,106.53125,1819.0
2025-02-21 09:08:00+00:00,106.5234375,106.5234375,106.5234375,106.5234375,635.0
2025-02-21 09:09:00+00:00,106.5234375,106.53125,106.5234375,106.5234375,1208.0
2025-02-21 09:10:00+00:00,106.5234375,106.5234375,106.5234375,106.5234375,2.0
2025-02-21 09:11:00+00:00,106.5234375,106.5234375,106.5234375,106.5234375,65.0
2025-02-21 09:12:00+00:00,106.5234375,106.5234375,106.52300262451172,106.5234375,169.0
2025-02-21 09:13:00+00:00,106.5234375,106.5234375,106.515625,106.5234375,24.0
2025-02-21 09:14:00+00:00,106.515625,106.515625,106.515625,106.515625,272.0
2025-02-21 09:15:00+00:00,106.5234375,106.5234375,106.5234375,106.5234375,13.0
2025-02-21 09:16:00+00:00,106.515625,106.5234375,106.515625,106.5234375,1206.0
2025-02-21 09:17:00+00:00,106.515625,106.515625,106.515625,106.515625,158.0
2025-02-21 09:18:00+00:00,106.515625,106.5234375,106.515625,106.515625,367.0
2025-02-21 09:19:00+00:00,106.5078125,106.515625,106.5078125,106.515625,421.0
2025-02-21 09:20:00+00:00,106.515625,106.515625,106.5078125,106.5078125,736.0
2025-02-21 09:21:00+00:00,106.5078125,106.515625,106.5078125,106.515625,2329.0
2025-02-21 09:22:00+00:00,106.5078125,106.5078125,106.5078125,106.5078125,179.0
2025-02-21 09:23:00+00:00,106.5078125,106.5078125,106.5078125,106.5078125,141.0
2025-02-21 09:24:00+00:00,106.5078125,106.5078125,106.5,106.5,6.0
2025-02-21 09:25:00+00:00,106.5,106.5078125,106.5,106.5,26.0
2025-02-21 09:26:00+00:00,106.5078125,106.515625,106.5,106.5078125,807.0
2025-02-21 09:27:00+00:00,106.5,106.5078125,106.5,106.5078125,196.0
2025-02-21 09:28:00+00:00,106.5078125,106.5078125,106.5078125,106.5078125,45.0
2025-02-21 09:29:00+00:00,106.5078125,106.5078125,106.5078125,106.5078125,404.0
2025-02-21 09:30:00+00:00,106.5078125,106.5078125,106.5,106.5078125,479.0
2025-02-21 09:31:00+00:00,106.5078125,106.5078125,106.5,106.5,204.0
2025-02-21 09:32:00+00:00,106.515625,106.515625,106.5078125,106.5078125,445.0
2025-02-21 09:33:00+00:00,106.5078125,106.5078125,106.5,106.5078125,1037.0
2025-02-21 09:34:00+00:00,106.5,106.5078125,106.5,106.5078125,409.0
2025-02-21 09:35:00+00:00,106.5078125,106.5078125,106.5,106.5,710.0
2025-02-21 09:36:00+00:00,106.5078125,106.5078125,106.5078125,106.5078125,808.0
2025-02-21 09:37:00+00:00,106.5078125,106.5078125,106.5078125,106.5078125,103.0
2025-02-21 09:38:00+00:00,106.5078125,106.5078125,106.5078125,106.5078125,6.0
2025-02-21 09:40:00+00:00,106.5078125,106.5078125,106.5,106.5078125,720.0
2025-02-21 09:41:00+00:00,106.5078125,106.5078125,106.5078125,106.5078125,15.0
2025-02-21 09:42:00+00:00,106.5,106.515625,106.5,106.515625,109.0
2025-02-21 09:43:00+00:00,106.5,106.5,106.5,106.5,19.0
2025-02-21 09:44:00+00:00,106.5,106.5,106.5,106.5,949.0
2025-02-21 09:45:00+00:00,106.5,106.5,106.4921875,106.5,6609.0
2025-02-21 09:46:00+00:00,106.5,106.5078125,106.5,106.5,406.0
2025-02-21 09:47:00+00:00,106.5,106.5,106.5,106.5,18.0
2025-02-21 09:49:00+00:00,106.5078125,106.5078125,106.5078125,106.5078125,307.0
2025-02-21 09:50:00+00:00,106.5,106.5078125,106.5,106.5078125,13.0
2025-02-21 09:51:00+00:00,106.5,106.5078125,106.5,106.5,14.0
2025-02-21 09:52:00+00:00,106.5,106.5078125,106.5,106.5,12.0
2025-02-21 09:53:00+00:00,106.5,106.5,106.5,106.5,14.0
2025-02-21 09:54:00+00:00,106.4921875,106.5,106.4921875,106.5,829.0
2025-02-21 09:55:00+00:00,106.4921875,106.4921875,106.4921875,106.4921875,14.0
2025-02-21 09:56:00+00:00,106.4921875,106.4921875,106.4921875,106.4921875,416.0
2025-02-21 09:57:00+00:00,106.4921875,106.5,106.4921875,106.4921875,865.0
2025-02-21 09:58:00+00:00,106.4921875,106.4921875,106.4921875,106.4921875,8.0
2025-02-21 09:59:00+00:00,106.5,106.5,106.4921875,106.4921875,1243.0
2025-02-21 10:00:00+00:00,106.5,106.5,106.5,106.5,469.0
2025-02-21 10:02:00+00:00,106.5,106.5,106.5,106.5,1.0
2025-02-21 10:03:00+00:00,106.4921875,106.4921875,106.4921875,106.4921875,660.0
2025-02-21 10:04:00+00:00,106.4921875,106.4921875,106.484375,106.4921875,402.0
2025-02-21 10:05:00+00:00,106.4921875,106.4921875,106.4921875,106.4921875,61.0
2025-02-21 10:07:00+00:00,106.5,106.5,106.4921875,106.4921875,26.0
2025-02-21 10:08:00+00:00,106.4921875,106.5,106.4921875,106.4921875,281.0
2025-02-21 10:09:00+00:00,106.4921875,106.4921875,106.4921875,106.4921875,231.0
2025-02-21 10:10:00+00:00,106.4921875,106.4921875,106.4921875,106.4921875,175.0
2025-02-21 10:12:00+00:00,106.484375,106.484375,106.484375,106.484375,124.0
2025-02-21 10:15:00+00:00,106.4921875,106.4921875,106.4921875,106.4921875,107.0
2025-02-21 10:16:00+00:00,106.4921875,106.4921875,106.4921875,106.4921875,184.0
2025-02-21 10:17:00+00:00,106.4921875,106.4921875,106.484375,106.4921875,542.0
2025-02-21 10:18:00+00:00,106.5,106.5,106.4921875,106.4921875,2423.0
2025-02-21 10:19:00+00:00,106.5078125,106.5078125,106.4921875,106.5,1789.0
2025-02-21 10:20:00+00:00,106.5078125,106.5078125,106.5078125,106.5078125,1120.0
2025-02-21 10:21:00+00:00,106.5078125,106.5078125,106.5078125,106.5078125,790.0
2025-02-21 10:22:00+00:00,106.5,106.5,106.5,106.5,1605.0
2025-02-21 10:23:00+00:00,106.5078125,106.5078125,106.5,106.5,126.0
2025-02-21 10:25:00+00:00,106.5078125,106.5078125,106.5,106.5,35.0
2025-02-21 10:29:00+00:00,106.5078125,106.5078125,106.5078125,106.5078125,337.0
2025-02-21 10:30:00+00:00,106.5,106.5,106.5,106.5,8.0
2025-02-21 10:31:00+00:00,106.5078125,106.5078125,106.5078125,106.5078125,14.0
2025-02-21 10:32:00+00:00,106.5,106.5,106.5,106.5,458.0
2025-02-21 10:34:00+00:00,106.5,106.5,106.5,106.5,269.0
2025-02-21 10:35:00+00:00,106.4921875,106.5,106.4921875,106.5,259.0
2025-02-21 10:36:00+00:00,106.4921875,106.4921875,106.4921875,106.4921875,12.0
2025-02-21 10:37:00+00:00,106.5078125,106.5078125,106.5,106.5,464.0
2025-02-21 10:38:00+00:00,106.5,106.5078125,106.5,106.5,704.0
2025-02-21 10:40:00+00:00,106.5078125,106.5078125,106.5078125,106.5078125,244.0
2025-02-21 10:41:00+00:00,106.5078125,106.5078125,106.5078125,106.5078125,640.0
2025-02-21 10:42:00+00:00,106.5078125,106.5078125,106.5078125,106.5078125,217.0
2025-02-21 10:44:00+00:00,106.5078125,106.5078125,106.5078125,106.5078125,125.0
2025-02-21 10:45:00+00:00,106.5078125,106.5078125,106.5078125,106.5078125,3.0
2025-02-21 10:46:00+00:00,106.5078125,106.5078125,106.5078125,106.5078125,256.0
2025-02-21 10:47:00+00:00,106.5,106.5,106.5,106.5,396.0
2025-02-21 10:48:00+00:00,106.5,106.5,106.5,106.5,359.0
2025-02-21 10:50:00+00:00,106.5078125,106.5078125,106.5,106.5,906.0
2025-02-21 10:53:00+00:00,106.5,106.5,106.5,106.5,502.0
2025-02-21 10:54:00+00:00,106.5078125,106.5078125,106.4921875,106.4921875,285.0
2025-02-21 10:56:00+00:00,106.5078125,106.5078125,106.5078125,106.5078125,599.0
2025-02-21 10:58:00+00:00,106.5,106.5,106.5,106.5,43.0
2025-02-21 10:59:00+00:00,106.5,106.5,106.4921875,106.5,725.0
2025-02-21 11:00:00+00:00,106.5078125,106.5078125,106.5,106.5,48.0
2025-02-21 11:01:00+00:00,106.5078125,106.5078125,106.5078125,106.5078125,79.0
2025-02-21 11:02:00+00:00,106.5,106.5078125,106.5,106.5078125,1104.0
2025-02-21 11:05:00+00:00,106.5,106.5,106.5,106.5,525.0
2025-02-21 11:06:00+00:00,106.5,106.5,106.5,106.5,203.0
2025-02-21 11:07:00+00:00,106.5,106.5,106.5,106.5,128.0
2025-02-21 11:08:00+00:00,106.5,106.5078125,106.5,106.5,164.0
2025-02-21 11:09:00+00:00,106.5,106.5,106.5,106.5,145.0
2025-02-21 11:18:00+00:00,106.5,106.5,106.5,106.5,4401.0
2025-02-21 11:19:00+00:00,106.5,106.5,106.5,106.5,9.0
2025-02-21 11:20:00+00:00,106.5078125,106.5078125,106.5078125,106.5078125,65.0
2025-02-21 11:21:00+00:00,106.5078125,106.5078125,106.5078125,106.5078125,3444.0
2025-02-21 11:22:00+00:00,106.515625,106.5234375,106.5078125,106.5078125,2497.0
2025-02-21 11:23:00+00:00,106.515625,106.515625,106.515625,106.515625,98.0
2025-02-21 11:24:00+00:00,106.5078125,106.515625,106.5078125,106.515625,327.0
2025-02-21 11:25:00+00:00,106.5078125,106.515625,106.5078125,106.515625,545.0
2025-02-21 11:26:00+00:00,106.5078125,106.515625,106.5078125,106.515625,1751.0
2025-02-21 11:27:00+00:00,106.5078125,106.5078125,106.5078125,106.5078125,267.0
2025-02-21 11:28:00+00:00,106.5078125,106.515625,106.5078125,106.515625,25.0
2025-02-21 11:29:00+00:00,106.515625,106.515625,106.5078125,106.5078125,15.0
2025-02-21 11:30:00+00:00,106.515625,106.515625,106.5078125,106.5078125,390.0
2025-02-21 11:31:00+00:00,106.515625,106.515625,106.5078125,106.5078125,313.0
2025-02-21 11:32:00+00:00,106.515625,106.515625,106.5078125,106.5078125,739.0
2025-02-21 11:33:00+00:00,106.5078125,106.5078125,106.5078125,106.5078125,539.0
2025-02-21 11:34:00+00:00,106.5078125,106.5078125,106.5078125,106.5078125,402.0
2025-02-21 11:35:00+00:00,106.5078125,106.5078125,106.5078125,106.5078125,736.0
2025-02-21 11:36:00+00:00,106.5078125,106.515625,106.5078125,106.515625,404.0
2025-02-21 11:37:00+00:00,106.515625,106.515625,106.5078125,106.515625,581.0
2025-02-21 11:38:00+00:00,106.5078125,106.5078125,106.5078125,106.5078125,7.0
2025-02-21 11:39:00+00:00,106.515625,106.515625,106.5078125,106.5078125,104.0
2025-02-21 11:40:00+00:00,106.515625,106.515625,106.5078125,106.515625,475.0
2025-02-21 11:41:00+00:00,106.515625,106.515625,106.5078125,106.515625,851.0
2025-02-21 11:43:00+00:00,106.515625,106.515625,106.515625,106.515625,749.0
2025-02-21 11:44:00+00:00,106.5234375,106.5234375,106.5234375,106.5234375,11.0
2025-02-21 11:46:00+00:00,106.515625,106.5234375,106.515625,106.5234375,3231.0
2025-02-21 11:47:00+00:00,106.515625,106.515625,106.515625,106.515625,30.0
2025-02-21 11:48:00+00:00,106.515625,106.515625,106.515625,106.515625,268.0
2025-02-21 11:50:00+00:00,106.515625,106.515625,106.515625,106.515625,106.0
2025-02-21 11:51:00+00:00,106.5234375,106.5234375,106.515625,106.515625,712.0
2025-02-21 11:52:00+00:00,106.515625,106.5234375,106.515625,106.5234375,596.0
2025-02-21 11:53:00+00:00,106.515625,106.515625,106.515625,106.515625,7.0
2025-02-21 11:54:00+00:00,106.515625,106.515625,106.515625,106.515625,686.0
2025-02-21 11:55:00+00:00,106.515625,106.5234375,106.515625,106.515625,557.0
2025-02-21 11:56:00+00:00,106.515625,106.5234375,106.515625,106.5234375,97.0
2025-02-21 11:57:00+00:00,106.5078125,106.515625,106.5078125,106.515625,352.0
2025-02-21 11:58:00+00:00,106.5078125,106.515625,106.5078125,106.5078125,391.0
2025-02-21 11:59:00+00:00,106.515625,106.515625,106.515625,106.515625,3368.0
2025-02-21 12:00:00+00:00,106.515625,106.515625,106.515625,106.515625,70.0
2025-02-21 12:01:00+00:00,106.53125,106.53125,106.5234375,106.5234375,832.0
2025-02-21 12:02:00+00:00,106.5390625,106.5390625,106.53125,106.53125,2178.0
2025-02-21 12:04:00+00:00,106.5390625,106.5390625,106.5390625,106.5390625,60.0
2025-02-21 12:05:00+00:00,106.5234375,106.53125,106.5234375,106.53125,3695.0
2025-02-21 12:06:00+00:00,106.5234375,106.5234375,106.515625,106.5234375,272.0
2025-02-21 12:08:00+00:00,106.5234375,106.53125,106.5234375,106.53125,513.0
2025-02-21 12:10:00+00:00,106.5234375,106.5234375,106.5234375,106.5234375,511.0
2025-02-21 12:11:00+00:00,106.515625,106.5234375,106.515625,106.5234375,247.0
2025-02-21 12:12:00+00:00,106.515625,106.515625,106.515625,106.515625,549.0
2025-02-21 12:13:00+00:00,106.5234375,106.5234375,106.5234375,106.5234375,82.0
2025-02-21 12:14:00+00:00,106.5234375,106.5234375,106.5234375,106.5234375,483.0
2025-02-21 12:15:00+00:00,106.53125,106.53125,106.5234375,106.5234375,114.0
2025-02-21 12:16:00+00:00,106.53125,106.53125,106.5234375,106.5234375,91.0
2025-02-21 12:17:00+00:00,106.5234375,106.5234375,106.5234375,106.5234375,246.0
2025-02-21 12:18:00+00:00,106.53125,106.53125,106.5234375,106.5234375,71.0
2025-02-21 12:19:00+00:00,106.53125,106.53125,106.5234375,106.53125,58.0
2025-02-21 12:20:00+00:00,106.53125,106.53125,106.53125,106.53125,383.0
2025-02-21 12:21:00+00:00,106.53125,106.53125,106.53125,106.53125,429.0
2025-02-21 12:22:00+00:00,106.53125,106.53125,106.53125,106.53125,1152.0
2025-02-21 12:23:00+00:00,106.53125,106.5390625,106.53125,106.5390625,439.0
2025-02-21 12:24:00+00:00,106.5234375,106.5234375,106.5234375,106.5234375,222.0
2025-02-21 12:25:00+00:00,106.5234375,106.53125,106.5234375,106.53125,349.0
2025-02-21 12:26:00+00:00,106.5234375,106.5234375,106.5234375,106.5234375,640.0
2025-02-21 12:27:00+00:00,106.5234375,106.5234375,106.5234375,106.5234375,443.0
2025-02-21 12:28:00+00:00,106.5234375,106.5234375,106.5234375,106.5234375,243.0
2025-02-21 12:29:00+00:00,106.5234375,106.5234375,106.5234375,106.5234375,268.0
2025-02-21 12:30:00+00:00,106.5234375,106.5234375,106.515625,106.515625,517.0
2025-02-21 12:31:00+00:00,106.515625,106.5234375,106.515625,106.5234375,363.0
2025-02-21 12:32:00+00:00,106.515625,106.515625,106.5078125,106.515625,569.0
2025-02-21 12:33:00+00:00,106.515625,106.515625,106.515625,106.515625,6.0
2025-02-21 12:34:00+00:00,106.5078125,106.515625,106.5078125,106.515625,1168.0
2025-02-21 12:35:00+00:00,106.515625,106.515625,106.5078125,106.515625,19.0
2025-02-21 12:36:00+00:00,106.5078125,106.515625,106.5078125,106.515625,1926.0
2025-02-21 12:37:00+00:00,106.5078125,106.515625,106.5078125,106.5078125,183.0
2025-02-21 12:38:00+00:00,106.515625,106.515625,106.5078125,106.515625,46.0
2025-02-21 12:40:00+00:00,106.5078125,106.515625,106.5,106.515625,427.0
2025-02-21 12:41:00+00:00,106.5,106.5,106.4921875,106.5,514.0
2025-02-21 12:42:00+00:00,106.5,106.5078125,106.5,106.5,1254.0
2025-02-21 12:43:00+00:00,106.5078125,106.5078125,106.5078125,106.5078125,121.0
2025-02-21 12:44:00+00:00,106.5078125,106.5078125,106.5,106.5078125,208.0
2025-02-21 12:45:00+00:00,106.5078125,106.5078125,106.5078125,106.5078125,41.0
2025-02-21 12:46:00+00:00,106.5078125,106.5078125,106.5078125,106.5078125,339.0
2025-02-21 12:47:00+00:00,106.5078125,106.5078125,106.5078125,106.5078125,52.0
2025-02-21 12:48:00+00:00,106.5078125,106.5078125,106.5078125,106.5078125,9.0
2025-02-21 12:49:00+00:00,106.4921875,106.5078125,106.484375,106.5078125,1724.0
2025-02-21 12:50:00+00:00,106.484375,106.484375,106.484375,106.484375,1492.0
2025-02-21 12:51:00+00:00,106.484375,106.484375,106.484375,106.484375,1471.0
2025-02-21 12:52:00+00:00,106.4921875,106.4921875,106.484375,106.484375,201.0
2025-02-21 12:53:00+00:00,106.4921875,106.4921875,106.484375,106.484375,395.0
2025-02-21 12:54:00+00:00,106.4921875,106.4921875,106.4921875,106.4921875,2303.0
2025-02-21 12:55:00+00:00,106.5,106.5,106.4921875,106.5,346.0
2025-02-21 12:56:00+00:00,106.5,106.5078125,106.5,106.5078125,115.0
2025-02-21 12:57:00+00:00,106.5,106.5,106.5,106.5,1393.0
2025-02-21 12:58:00+00:00,106.5,106.5,106.4921875,106.5,567.0
2025-02-21 12:59:00+00:00,106.4921875,106.5,106.4921875,106.5,804.0
2025-02-21 13:00:00+00:00,106.4921875,106.5,106.4921875,106.4921875,531.0
2025-02-21 13:01:00+00:00,106.5,106.5078125,106.5,106.5,973.0
2025-02-21 13:02:00+00:00,106.4921875,106.5,106.4921875,106.5,152.0
2025-02-21 13:03:00+00:00,106.5078125,106.5078125,106.4921875,106.4921875,6393.0
2025-02-21 13:04:00+00:00,106.5,106.5078125,106.5,106.5,41.0
2025-02-21 13:05:00+00:00,106.515625,106.515625,106.4921875,106.5,4035.0
2025-02-21 13:06:00+00:00,106.5078125,106.5078125,106.5,106.5078125,395.0
2025-02-21 13:07:00+00:00,106.5,106.5078125,106.5,106.5,1217.0
2025-02-21 13:08:00+00:00,106.5,106.5,106.4921875,106.5,955.0
2025-02-21 13:09:00+00:00,106.5,106.5,106.5,106.5,845.0
2025-02-21 13:10:00+00:00,106.5078125,106.515625,106.5078125,106.5078125,1704.0
2025-02-21 13:11:00+00:00,106.5,106.5078125,106.5,106.5,8182.0
2025-02-21 13:12:00+00:00,106.5,106.5078125,106.5,106.5078125,240.0
2025-02-21 13:13:00+00:00,106.5,106.5078125,106.5,106.5078125,192.0
2025-02-21 13:14:00+00:00,106.5,106.5078125,106.5,106.5078125,892.0
2025-02-21 13:15:00+00:00,106.5078125,106.5078125,106.5,106.5,1498.0
2025-02-21 13:16:00+00:00,106.5,106.5078125,106.5,106.5078125,857.0
2025-02-21 13:17:00+00:00,106.5078125,106.5078125,106.5,106.5,1128.0
2025-02-21 13:18:00+00:00,106.5234375,106.5234375,106.5078125,106.5078125,3286.0
2025-02-21 13:19:00+00:00,106.5234375,106.5234375,106.515625,106.515625,778.0
2025-02-21 13:20:00+00:00,106.515625,106.515625,106.5078125,106.515625,1878.0
2025-02-21 13:21:00+00:00,106.5078125,106.5234375,106.5,106.5234375,2340.0
2025-02-21 13:22:00+00:00,106.5,106.5,106.5,106.5,98.0
2025-02-21 13:23:00+00:00,106.4921875,106.5078125,106.4921875,106.5,2485.0
2025-02-21 13:24:00+00:00,106.4921875,106.4921875,106.484375,106.4921875,2934.0
2025-02-21 13:25:00+00:00,106.484375,106.4921875,106.484375,106.4921875,263.0
2025-02-21 13:26:00+00:00,106.484375,106.4921875,106.484375,106.4921875,145.0
2025-02-21 13:27:00+00:00,106.484375,106.4921875,106.484375,106.4921875,196.0
2025-02-21 13:28:00+00:00,106.484375,106.4921875,106.484375,106.484375,490.0
2025-02-21 13:29:00+00:00,106.484375,106.4921875,106.4765625,106.4921875,2342.0
2025-02-21 13:30:00+00:00,106.46875,106.484375,106.46875,106.484375,2202.0
2025-02-21 13:31:00+00:00,106.4765625,106.4765625,106.46875,106.46875,1104.0
2025-02-21 13:32:00+00:00,106.46875,106.4765625,106.46875,106.4765625,2491.0
2025-02-21 13:33:00+00:00,106.46875,106.46875,106.46875,106.46875,1996.0
2025-02-21 13:34:00+00:00,106.46875,106.4765625,106.46875,106.46875,52.0
2025-02-21 13:35:00+00:00,106.46875,106.4765625,106.46875,106.46875,33.0
2025-02-21 13:36:00+00:00,106.46875,106.4765625,106.46875,106.4765625,2273.0
2025-02-21 13:37:00+00:00,106.46875,106.4765625,106.46875,106.4765625,216.0
2025-02-21 13:38:00+00:00,106.46875,106.4765625,106.46875,106.46875,709.0
2025-02-21 13:39:00+00:00,106.4609375,106.4765625,106.4609375,106.4765625,2172.0
2025-02-21 13:40:00+00:00,106.4609375,106.46875,106.4609375,106.4609375,3768.0
2025-02-21 13:41:00+00:00,106.4453125,106.4609375,106.4453125,106.4609375,3006.0
2025-02-21 13:42:00+00:00,106.453125,106.453125,106.4453125,106.4453125,11136.0
2025-02-21 13:43:00+00:00,106.453125,106.453125,106.4453125,106.453125,1208.0
2025-02-21 13:44:00+00:00,106.4453125,106.453125,106.4453125,106.453125,848.0
2025-02-21 13:45:00+00:00,106.453125,106.453125,106.4453125,106.4453125,872.0
2025-02-21 13:46:00+00:00,106.4609375,106.4609375,106.453125,106.453125,1530.0
2025-02-21 13:47:00+00:00,106.453125,106.4609375,106.453125,106.4609375,2424.0
2025-02-21 13:48:00+00:00,106.4453125,106.453125,106.4453125,106.453125,728.0
2025-02-21 13:49:00+00:00,106.4453125,106.453125,106.4453125,106.453125,880.0
2025-02-21 13:50:00+00:00,106.4375,106.4453125,106.4375,106.4453125,9220.0
2025-02-21 13:51:00+00:00,106.453125,106.453125,106.4375,106.4453125,1665.0
2025-02-21 13:52:00+00:00,106.453125,106.4609375,106.4453125,106.453125,795.0
2025-02-21 13:53:00+00:00,106.4453125,106.4609375,106.4453125,106.453125,913.0
2025-02-21 13:54:00+00:00,106.4453125,106.453125,106.4375,106.453125,3052.0
2025-02-21 13:55:00+00:00,106.4453125,106.453125,106.4453125,106.4453125,2290.0
2025-02-21 13:56:00+00:00,106.4453125,106.4453125,106.4375,106.4453125,444.0
2025-02-21 13:57:00+00:00,106.453125,106.453125,106.4453125,106.453125,4248.0
2025-02-21 13:58:00+00:00,106.4453125,106.453125,106.4453125,106.453125,548.0
2025-02-21 13:59:00+00:00,106.453125,106.453125,106.453125,106.453125,1484.0
2025-02-21 14:00:00+00:00,106.453125,106.453125,106.4453125,106.4453125,3114.0
2025-02-21 14:01:00+00:00,106.453125,106.453125,106.4453125,106.453125,1758.0
2025-02-21 14:02:00+00:00,106.46875,106.46875,106.4609375,106.4609375,2795.0
2025-02-21 14:03:00+00:00,106.484375,106.484375,106.46875,106.46875,3366.0
2025-02-21 14:04:00+00:00,106.484375,106.4921875,106.4765625,106.484375,2334.0
2025-02-21 14:05:00+00:00,106.46875,106.4765625,106.46875,106.4765625,498.0
2025-02-21 14:06:00+00:00,106.46875,106.46875,106.46875,106.46875,2273.0
2025-02-21 14:07:00+00:00,106.46875,106.46875,106.4609375,106.46875,431.0
2025-02-21 14:08:00+00:00,106.46875,106.46875,106.4609375,106.4609375,1402.0
2025-02-21 14:09:00+00:00,106.46875,106.46875,106.4609375,106.46875,702.0
2025-02-21 14:10:00+00:00,106.46875,106.46875,106.4609375,106.4609375,638.0
2025-02-21 14:11:00+00:00,106.46875,106.46875,106.4609375,106.46875,693.0
2025-02-21 14:12:00+00:00,106.46875,106.46875,106.4609375,106.46875,564.0
2025-02-21 14:13:00+00:00,106.4609375,106.46875,106.4609375,106.4609375,16424.0
2025-02-21 14:14:00+00:00,106.4765625,106.4765625,106.46875,106.46875,4474.0
2025-02-21 14:15:00+00:00,106.4765625,106.4765625,106.46875,106.4765625,566.0
2025-02-21 14:16:00+00:00,106.4765625,106.4765625,106.46875,106.46875,215.0
2025-02-21 14:17:00+00:00,106.46875,106.4765625,106.46875,106.46875,440.0
2025-02-21 14:18:00+00:00,106.46875,106.46875,106.46875,106.46875,104.0
2025-02-21 14:19:00+00:00,106.46875,106.46875,106.4609375,106.46875,337.0
2025-02-21 14:20:00+00:00,106.4609375,106.4765625,106.4609375,106.4609375,2016.0
2025-02-21 14:22:00+00:00,106.4609375,106.46875,106.4609375,106.4609375,1696.0
2025-02-21 14:23:00+00:00,106.46875,106.4765625,106.4609375,106.4609375,744.0
2025-02-21 14:24:00+00:00,106.46875,106.4765625,106.46875,106.4765625,952.0
2025-02-21 14:26:00+00:00,106.4765625,106.484375,106.46875,106.4765625,850.0
2025-02-21 14:27:00+00:00,106.484375,106.484375,106.4765625,106.4765625,518.0
2025-02-21 14:28:00+00:00,106.484375,106.484375,106.4765625,106.484375,57.0
2025-02-21 14:29:00+00:00,106.4765625,106.484375,106.46875,106.484375,901.0
2025-02-21 14:30:00+00:00,106.4921875,106.4921875,106.4765625,106.4765625,3532.0
2025-02-21 14:31:00+00:00,106.5,106.5078125,106.4921875,106.4921875,7442.0
2025-02-21 14:32:00+00:00,106.4921875,106.5,106.4921875,106.5,1985.0
2025-02-21 14:33:00+00:00,106.5,106.5,106.484375,106.4921875,2669.0
2025-02-21 14:34:00+00:00,106.4921875,106.5,106.484375,106.4921875,1876.0
2025-02-21 14:35:00+00:00,106.484375,106.484375,106.484375,106.484375,83.0
2025-02-21 14:36:00+00:00,106.4921875,106.5,106.4921875,106.4921875,1127.0
2025-02-21 14:37:00+00:00,106.5,106.5078125,106.4921875,106.5,4254.0
2025-02-21 14:38:00+00:00,106.5,106.5078125,106.4921875,106.5,9276.0
2025-02-21 14:39:00+00:00,106.4921875,106.5078125,106.4921875,106.5,2601.0
2025-02-21 14:40:00+00:00,106.4921875,106.5,106.4921875,106.4921875,762.0
2025-02-21 14:41:00+00:00,106.4921875,106.5,106.4921875,106.5,823.0
2025-02-21 14:42:00+00:00,106.5078125,106.515625,106.5,106.5,2186.0
2025-02-21 14:43:00+00:00,106.5078125,106.515625,106.5078125,106.5078125,1805.0
2025-02-21 14:44:00+00:00,106.5078125,106.5078125,106.5,106.5078125,3329.0
2025-02-21 14:45:00+00:00,106.609375,106.625,106.5078125,106.5078125,308329.0
2025-02-21 14:46:00+00:00,106.625,106.625,106.6015625,106.6015625,41115.0
2025-02-21 14:47:00+00:00,106.6328125,106.640625,106.6171875,106.625,14983.0
2025-02-21 14:48:00+00:00,106.6171875,106.6328125,106.609375,106.625,5818.0
2025-02-21 14:49:00+00:00,106.6015625,106.6171875,106.6015625,106.6171875,8045.0
2025-02-21 14:50:00+00:00,106.59375,106.609375,106.59375,106.6015625,6418.0
2025-02-21 14:51:00+00:00,106.6171875,106.6171875,106.59375,106.59375,3926.0
2025-02-21 14:52:00+00:00,106.6171875,106.625,106.609375,106.6171875,4168.0
2025-02-21 14:53:00+00:00,106.609375,106.625,106.609375,106.6171875,7005.0
2025-02-21 14:54:00+00:00,106.6171875,106.625,106.609375,106.609375,2991.0
2025-02-21 14:55:00+00:00,106.6171875,106.6328125,106.6171875,106.625,2298.0
2025-02-21 14:56:00+00:00,106.625,106.625,106.609375,106.6171875,4105.0
2025-02-21 14:57:00+00:00,106.6328125,106.640625,106.625,106.625,21302.0
2025-02-21 14:58:00+00:00,106.6328125,106.640625,106.625,106.6328125,7350.0
2025-02-21 14:59:00+00:00,106.640625,106.640625,106.6328125,106.6328125,7868.0
2025-02-21 15:00:00+00:00,106.640625,106.6484375,106.6015625,106.625,18361.0
2025-02-21 15:01:00+00:00,106.65625,106.6640625,106.6328125,106.640625,10528.0
2025-02-21 15:02:00+00:00,106.6484375,106.65625,106.640625,106.65625,7587.0
2025-02-21 15:03:00+00:00,106.6328125,106.6484375,106.6328125,106.6484375,11534.0
2025-02-21 15:04:00+00:00,106.6484375,106.65625,106.6328125,106.6328125,4564.0
2025-02-21 15:05:00+00:00,106.640625,106.65625,106.6328125,106.640625,2753.0
2025-02-21 15:06:00+00:00,106.6328125,106.640625,106.6328125,106.6328125,2597.0
2025-02-21 15:07:00+00:00,106.625,106.640625,106.625,106.6328125,4309.0
2025-02-21 15:08:00+00:00,106.609375,106.625,106.609375,106.625,4714.0
2025-02-21 15:09:00+00:00,106.625,106.625,106.609375,106.6171875,3527.0
2025-02-21 15:10:00+00:00,106.6171875,106.625,106.6171875,106.625,2544.0
2025-02-21 15:11:00+00:00,106.6171875,106.625,106.6171875,106.6171875,2203.0
2025-02-21 15:12:00+00:00,106.6171875,106.625,106.609375,106.6171875,2945.0
2025-02-21 15:13:00+00:00,106.625,106.6328125,106.6171875,106.625,3815.0
2025-02-21 15:14:00+00:00,106.6171875,106.625,106.6171875,106.625,3421.0
2025-02-21 15:15:00+00:00,106.6171875,106.625,106.609375,106.609375,2310.0
2025-02-21 15:16:00+00:00,106.6015625,106.6171875,106.6015625,106.6171875,3571.0
2025-02-21 15:17:00+00:00,106.6171875,106.625,106.6015625,106.6015625,6584.0
2025-02-21 15:18:00+00:00,106.609375,106.6171875,106.609375,106.609375,2154.0
2025-02-21 15:19:00+00:00,106.625,106.625,106.609375,106.6171875,3060.0
2025-02-21 15:20:00+00:00,106.625,106.625,106.609375,106.6171875,1633.0
2025-02-21 15:21:00+00:00,106.625,106.625,106.6171875,106.625,600.0
2025-02-21 15:22:00+00:00,106.625,106.6328125,106.6171875,106.6171875,4612.0
2025-02-21 15:23:00+00:00,106.6328125,106.6328125,106.625,106.6328125,2556.0
2025-02-21 15:24:00+00:00,106.6328125,106.640625,106.625,106.6328125,2351.0
2025-02-21 15:25:00+00:00,106.640625,106.640625,106.6171875,106.625,1962.0
2025-02-21 15:26:00+00:00,106.6484375,106.6484375,106.6328125,106.640625,7169.0
2025-02-21 15:27:00+00:00,106.6484375,106.6484375,106.6484375,106.6484375,4216.0
2025-02-21 15:28:00+00:00,106.640625,106.65625,106.640625,106.6484375,5719.0
2025-02-21 15:29:00+00:00,106.640625,106.6484375,106.640625,106.6484375,1723.0
2025-02-21 15:30:00+00:00,106.6484375,106.6484375,106.6328125,106.6328125,7554.0
2025-02-21 15:31:00+00:00,106.6328125,106.6484375,106.6328125,106.6484375,2778.0
2025-02-21 15:32:00+00:00,106.6328125,106.6484375,106.6328125,106.640625,890.0
2025-02-21 15:33:00+00:00,106.6171875,106.640625,106.6171875,106.6328125,3201.0
2025-02-21 15:34:00+00:00,106.625,106.6328125,106.6171875,106.6171875,2571.0
2025-02-21 15:35:00+00:00,106.6171875,106.6328125,106.609375,106.6171875,5190.0
2025-02-21 15:36:00+00:00,106.625,106.625,106.6171875,106.625,5796.0
2025-02-21 15:37:00+00:00,106.6328125,106.6328125,106.6171875,106.6171875,3168.0
2025-02-21 15:38:00+00:00,106.6171875,106.6328125,106.6171875,106.625,19401.0
2025-02-21 15:39:00+00:00,106.6171875,106.6171875,106.609375,106.6171875,1711.0
2025-02-21 15:40:00+00:00,106.609375,106.6171875,106.609375,106.6171875,2440.0
2025-02-21 15:41:00+00:00,106.6171875,106.625,106.609375,106.609375,935.0
2025-02-21 15:42:00+00:00,106.625,106.625,106.609375,106.625,3391.0
2025-02-21 15:43:00+00:00,106.625,106.6328125,106.6171875,106.625,2030.0
2025-02-21 15:44:00+00:00,106.625,106.6328125,106.625,106.625,1266.0
2025-02-21 15:45:00+00:00,106.625,106.6328125,106.6171875,106.6328125,2155.0
2025-02-21 15:46:00+00:00,106.625,106.625,106.6171875,106.625,2402.0
2025-02-21 15:47:00+00:00,106.6171875,106.625,106.6171875,106.6171875,4049.0
2025-02-21 15:48:00+00:00,106.6171875,106.6171875,106.609375,106.6171875,7832.0
2025-02-21 15:49:00+00:00,106.6171875,106.625,106.6171875,106.6171875,1082.0
2025-02-21 15:50:00+00:00,106.6171875,106.625,106.6171875,106.6171875,4943.0
2025-02-21 15:51:00+00:00,106.625,106.625,106.6171875,106.6171875,2075.0
2025-02-21 15:52:00+00:00,106.640625,106.640625,106.625,106.6328125,1226.0
2025-02-21 15:53:00+00:00,106.640625,106.640625,106.6328125,106.6328125,667.0
2025-02-21 15:54:00+00:00,106.640625,106.6484375,106.640625,106.640625,1574.0
2025-02-21 15:55:00+00:00,106.6484375,106.6484375,106.640625,106.6484375,947.0
2025-02-21 15:56:00+00:00,106.640625,106.6484375,106.640625,106.6484375,3566.0
2025-02-21 15:57:00+00:00,106.65625,106.65625,106.640625,106.640625,1480.0
2025-02-21 15:58:00+00:00,106.640625,106.6484375,106.640625,106.6484375,4454.0
2025-02-21 15:59:00+00:00,106.6484375,106.6484375,106.640625,106.640625,2679.0
2025-02-21 16:00:00+00:00,106.640625,106.6484375,106.6328125,106.6484375,2346.0
2025-02-21 16:01:00+00:00,106.6328125,106.640625,106.625,106.640625,2481.0
2025-02-21 16:02:00+00:00,106.6328125,106.640625,106.625,106.6328125,416.0
2025-02-21 16:03:00+00:00,106.6328125,106.6328125,106.625,106.6328125,518.0
2025-02-21 16:04:00+00:00,106.6328125,106.6328125,106.625,106.6328125,114.0
2025-02-21 16:05:00+00:00,106.6328125,106.640625,106.625,106.6328125,3268.0
2025-02-21 16:06:00+00:00,106.6328125,106.640625,106.6328125,106.6328125,3270.0
2025-02-21 16:07:00+00:00,106.6328125,106.6328125,106.6328125,106.6328125,1894.0
2025-02-21 16:08:00+00:00,106.640625,106.640625,106.6328125,106.6328125,996.0
2025-02-21 16:09:00+00:00,106.640625,106.640625,106.6328125,106.640625,244.0
2025-02-21 16:10:00+00:00,106.6484375,106.6484375,106.6328125,106.6328125,351.0
2025-02-21 16:11:00+00:00,106.640625,106.6484375,106.640625,106.6484375,1734.0
2025-02-21 16:12:00+00:00,106.625,106.640625,106.625,106.640625,1928.0
2025-02-21 16:13:00+00:00,106.625,106.6328125,106.625,106.6328125,1953.0
2025-02-21 16:14:00+00:00,106.625,106.6328125,106.625,106.6328125,1368.0
2025-02-21 16:15:00+00:00,106.625,106.6328125,106.6171875,106.6328125,790.0
2025-02-21 16:16:00+00:00,106.6171875,106.6171875,106.6171875,106.6171875,918.0
2025-02-21 16:17:00+00:00,106.6171875,106.6171875,106.6171875,106.6171875,1562.0
2025-02-21 16:18:00+00:00,106.609375,106.625,106.609375,106.6171875,906.0
2025-02-21 16:19:00+00:00,106.6171875,106.6171875,106.609375,106.609375,2170.0
2025-02-21 16:20:00+00:00,106.6171875,106.625,106.6171875,106.6171875,1986.0
2025-02-21 16:21:00+00:00,106.625,106.625,106.609375,106.6171875,2091.0
2025-02-21 16:22:00+00:00,106.625,106.625,106.6171875,106.6171875,278.0
2025-02-21 16:23:00+00:00,106.625,106.625,106.6171875,106.6171875,62.0
2025-02-21 16:24:00+00:00,106.6171875,106.625,106.6171875,106.625,2010.0
2025-02-21 16:25:00+00:00,106.625,106.625,106.6171875,106.6171875,1368.0
2025-02-21 16:26:00+00:00,106.625,106.625,106.6171875,106.6171875,3273.0
2025-02-21 16:27:00+00:00,106.625,106.625,106.6171875,106.625,296.0
2025-02-21 16:28:00+00:00,106.6171875,106.625,106.6171875,106.625,665.0
2025-02-21 16:29:00+00:00,106.625,106.625,106.6171875,106.625,331.0
2025-02-21 16:30:00+00:00,106.6171875,106.625,106.6171875,106.6171875,851.0
2025-02-21 16:31:00+00:00,106.625,106.625,106.6171875,106.6171875,910.0
2025-02-21 16:32:00+00:00,106.625,106.625,106.6171875,106.625,3175.0
2025-02-21 16:33:00+00:00,106.609375,106.625,106.609375,106.625,2040.0
2025-02-21 16:34:00+00:00,106.609375,106.6171875,106.6015625,106.6171875,2209.0
2025-02-21 16:35:00+00:00,106.6015625,106.609375,106.6015625,106.609375,1828.0
2025-02-21 16:36:00+00:00,106.609375,106.609375,106.6015625,106.6015625,1974.0
2025-02-21 16:37:00+00:00,106.6015625,106.609375,106.6015625,106.6015625,1446.0
2025-02-21 16:38:00+00:00,106.6015625,106.609375,106.6015625,106.609375,1294.0
2025-02-21 16:39:00+00:00,106.6015625,106.6015625,106.6015625,106.6015625,1346.0
2025-02-21 16:40:00+00:00,106.6015625,106.609375,106.6015625,106.6015625,1834.0
2025-02-21 16:41:00+00:00,106.6015625,106.609375,106.6015625,106.6015625,6731.0
2025-02-21 16:42:00+00:00,106.6015625,106.6015625,106.6015625,106.6015625,234.0
2025-02-21 16:43:00+00:00,106.609375,106.609375,106.6015625,106.609375,18524.0
2025-02-21 16:44:00+00:00,106.609375,106.6171875,106.609375,106.6171875,1958.0
2025-02-21 16:45:00+00:00,106.6015625,106.6171875,106.6015625,106.609375,5585.0
2025-02-21 16:46:00+00:00,106.6015625,106.609375,106.59375,106.609375,3100.0
2025-02-21 16:47:00+00:00,106.609375,106.609375,106.59375,106.6015625,375.0
2025-02-21 16:48:00+00:00,106.609375,106.609375,106.609375,106.609375,1530.0
2025-02-21 16:49:00+00:00,106.609375,106.609375,106.609375,106.609375,1963.0
2025-02-21 16:50:00+00:00,106.6015625,106.609375,106.6015625,106.6015625,296.0
2025-02-21 16:51:00+00:00,106.6015625,106.6015625,106.59375,106.6015625,1688.0
2025-02-21 16:52:00+00:00,106.609375,106.609375,106.6015625,106.6015625,1033.0
2025-02-21 16:53:00+00:00,106.609375,106.609375,106.6015625,106.6015625,1105.0
2025-02-21 16:54:00+00:00,106.609375,106.609375,106.6015625,106.609375,3134.0
2025-02-21 16:55:00+00:00,106.609375,106.609375,106.6015625,106.609375,1786.0
2025-02-21 16:56:00+00:00,106.609375,106.609375,106.6015625,106.609375,273.0
2025-02-21 16:57:00+00:00,106.609375,106.609375,106.609375,106.609375,1013.0
2025-02-21 16:58:00+00:00,106.609375,106.609375,106.6015625,106.609375,4776.0
2025-02-21 16:59:00+00:00,106.609375,106.609375,106.6015625,106.609375,493.0
2025-02-21 17:00:00+00:00,106.609375,106.609375,106.6015625,106.609375,3760.0
2025-02-21 17:01:00+00:00,106.609375,106.609375,106.6015625,106.609375,2522.0
2025-02-21 17:02:00+00:00,106.6171875,106.6171875,106.6015625,106.609375,3311.0
2025-02-21 17:03:00+00:00,106.625,106.625,106.6171875,106.6171875,2057.0
2025-02-21 17:04:00+00:00,106.6171875,106.6328125,106.6171875,106.625,3179.0
2025-02-21 17:05:00+00:00,106.6015625,106.609375,106.6015625,106.609375,1215.0
2025-02-21 17:06:00+00:00,106.609375,106.609375,106.6015625,106.609375,1925.0
2025-02-21 17:07:00+00:00,106.6015625,106.609375,106.6015625,106.6015625,385.0
2025-02-21 17:08:00+00:00,106.609375,106.609375,106.6015625,106.6015625,1581.0
2025-02-21 17:09:00+00:00,106.6015625,106.609375,106.6015625,106.6015625,1578.0
2025-02-21 17:10:00+00:00,106.6015625,106.609375,106.6015625,106.609375,17079.0
2025-02-21 17:11:00+00:00,106.6015625,106.609375,106.6015625,106.6015625,31684.0
2025-02-21 17:12:00+00:00,106.59375,106.609375,106.59375,106.609375,2657.0
2025-02-21 17:13:00+00:00,106.609375,106.609375,106.6015625,106.6015625,17389.0
2025-02-21 17:14:00+00:00,106.59375,106.6015625,106.59375,106.6015625,18423.0
2025-02-21 17:15:00+00:00,106.59375,106.6015625,106.59375,106.6015625,36196.0
2025-02-21 17:16:00+00:00,106.609375,106.609375,106.59375,106.6015625,1376.0
2025-02-21 17:17:00+00:00,106.6171875,106.6171875,106.6015625,106.609375,4656.0
2025-02-21 17:18:00+00:00,106.6171875,106.625,106.609375,106.6171875,1394.0
2025-02-21 17:19:00+00:00,106.625,106.6328125,106.6171875,106.6171875,4063.0
2025-02-21 17:20:00+00:00,106.6171875,106.625,106.6171875,106.625,1496.0
2025-02-21 17:21:00+00:00,106.609375,106.609375,106.609375,106.609375,41.0
2025-02-21 17:22:00+00:00,106.6171875,106.6171875,106.609375,106.6171875,1040.0
2025-02-21 17:23:00+00:00,106.609375,106.6171875,106.609375,106.6171875,1234.0
2025-02-21 17:24:00+00:00,106.6171875,106.6171875,106.6171875,106.6171875,1273.0
2025-02-21 17:25:00+00:00,106.6171875,106.6171875,106.6171875,106.6171875,1067.0
2025-02-21 17:26:00+00:00,106.625,106.625,106.625,106.625,1252.0
2025-02-21 17:27:00+00:00,106.6171875,106.625,106.6171875,106.6171875,1634.0
2025-02-21 17:28:00+00:00,106.625,106.625,106.6171875,106.625,473.0
2025-02-21 17:29:00+00:00,106.625,106.625,106.625,106.625,51.0
2025-02-21 17:30:00+00:00,106.6171875,106.625,106.6171875,106.6171875,2484.0
2025-02-21 17:31:00+00:00,106.625,106.625,106.6171875,106.6171875,2866.0
2025-02-21 17:32:00+00:00,106.6171875,106.625,106.6171875,106.6171875,278.0
2025-02-21 17:33:00+00:00,106.6328125,106.6328125,106.625,106.625,485.0
2025-02-21 17:34:00+00:00,106.6328125,106.6328125,106.625,106.6328125,448.0
2025-02-21 17:35:00+00:00,106.6484375,106.6484375,106.6328125,106.6328125,2209.0
2025-02-21 17:36:00+00:00,106.65625,106.65625,106.6484375,106.6484375,3868.0
2025-02-21 17:37:00+00:00,106.6640625,106.6640625,106.65625,106.65625,17814.0
2025-02-21 17:38:00+00:00,106.6484375,106.6640625,106.6484375,106.6640625,3640.0
2025-02-21 17:39:00+00:00,106.65625,106.65625,106.6484375,106.6484375,2005.0
2025-02-21 17:40:00+00:00,106.6484375,106.65625,106.6484375,106.65625,877.0
2025-02-21 17:41:00+00:00,106.6640625,106.6640625,106.6484375,106.6484375,2638.0
2025-02-21 17:42:00+00:00,106.6640625,106.6640625,106.65625,106.65625,7098.0
2025-02-21 17:43:00+00:00,106.6640625,106.671875,106.6484375,106.65625,270705.0
2025-02-21 17:44:00+00:00,106.6640625,106.671875,106.6640625,106.6640625,75035.0
2025-02-21 17:45:00+00:00,106.6875,106.6875,106.671875,106.671875,8301.0
2025-02-21 17:46:00+00:00,106.6796875,106.6875,106.6796875,106.6875,4161.0
2025-02-21 17:47:00+00:00,106.6875,106.6875,106.6875,106.6875,2514.0
2025-02-21 17:48:00+00:00,106.6875,106.6953125,106.6875,106.6875,9713.0
2025-02-21 17:49:00+00:00,106.6875,106.6875,106.6796875,106.6875,742.0
2025-02-21 17:50:00+00:00,106.6796875,106.6875,106.6796875,106.6875,319.0
2025-02-21 17:51:00+00:00,106.6875,106.6953125,106.6796875,106.6796875,683.0
2025-02-21 17:52:00+00:00,106.6953125,106.6953125,106.6875,106.6875,2520.0
2025-02-21 17:53:00+00:00,106.703125,106.703125,106.6953125,106.6953125,393.0
2025-02-21 17:54:00+00:00,106.6953125,106.703125,106.6953125,106.703125,752.0
2025-02-21 17:55:00+00:00,106.7109375,106.7109375,106.6953125,106.703125,3109.0
2025-02-21 17:56:00+00:00,106.71875,106.71875,106.703125,106.7109375,5471.0
2025-02-21 17:57:00+00:00,106.71875,106.71875,106.7109375,106.71875,22031.0
2025-02-21 17:58:00+00:00,106.734375,106.734375,106.71875,106.71875,3918.0
2025-02-21 17:59:00+00:00,106.7265625,106.734375,106.71875,106.7265625,4272.0
2025-02-21 18:00:00+00:00,106.71875,106.7265625,106.71875,106.7265625,819.0
2025-02-21 18:01:00+00:00,106.71875,106.7265625,106.71875,106.7265625,5806.0
2025-02-21 18:02:00+00:00,106.71875,106.734375,106.71875,106.71875,6912.0
2025-02-21 18:03:00+00:00,106.734375,106.7421875,106.71875,106.71875,7801.0
2025-02-21 18:04:00+00:00,106.75,106.75,106.734375,106.7421875,5268.0
2025-02-21 18:05:00+00:00,106.734375,106.7421875,106.734375,106.7421875,4218.0
2025-02-21 18:06:00+00:00,106.7734375,106.7734375,106.734375,106.734375,25265.0
2025-02-21 18:07:00+00:00,106.765625,106.78125,106.765625,106.7734375,4980.0
2025-02-21 18:08:00+00:00,106.7890625,106.7890625,106.765625,106.765625,2610.0
2025-02-21 18:09:00+00:00,106.796875,106.8046875,106.78125,106.7890625,11795.0
2025-02-21 18:10:00+00:00,106.8203125,106.8359375,106.796875,106.8046875,19509.0
2025-02-21 18:11:00+00:00,106.8046875,106.8203125,106.796875,106.8203125,11234.0
2025-02-21 18:12:00+00:00,106.8046875,106.8203125,106.796875,106.8046875,7240.0
2025-02-21 18:13:00+00:00,106.828125,106.8359375,106.796875,106.8046875,10628.0
2025-02-21 18:14:00+00:00,106.8046875,106.8359375,106.8046875,106.828125,6096.0
2025-02-21 18:15:00+00:00,106.7734375,106.796875,106.7578125,106.796875,12811.0
2025-02-21 18:16:00+00:00,106.7734375,106.78125,106.7734375,106.7734375,6979.0
2025-02-21 18:17:00+00:00,106.7734375,106.7734375,106.765625,106.7734375,5910.0
2025-02-21 18:18:00+00:00,106.7734375,106.78125,106.7734375,106.7734375,1822.0
2025-02-21 18:19:00+00:00,106.765625,106.7734375,106.765625,106.765625,24711.0
2025-02-21 18:20:00+00:00,106.765625,106.7734375,106.7578125,106.765625,2842.0
2025-02-21 18:21:00+00:00,106.78125,106.78125,106.765625,106.7734375,4524.0
2025-02-21 18:22:00+00:00,106.796875,106.796875,106.78125,106.7890625,2810.0
2025-02-21 18:23:00+00:00,106.7890625,106.796875,106.78125,106.796875,2437.0
2025-02-21 18:24:00+00:00,106.8046875,106.8046875,106.78125,106.78125,3098.0
2025-02-21 18:25:00+00:00,106.78125,106.796875,106.7734375,106.796875,2851.0
2025-02-21 18:26:00+00:00,106.78125,106.78125,106.7734375,106.7734375,995.0
2025-02-21 18:27:00+00:00,106.7890625,106.7890625,106.78125,106.7890625,3420.0
2025-02-21 18:28:00+00:00,106.8046875,106.8046875,106.7890625,106.796875,1939.0
2025-02-21 18:29:00+00:00,106.8046875,106.8125,106.796875,106.796875,2522.0
2025-02-21 18:30:00+00:00,106.8046875,106.8125,106.8046875,106.8125,6252.0
2025-02-21 18:31:00+00:00,106.8046875,106.8125,106.796875,106.796875,4032.0
2025-02-21 18:32:00+00:00,106.8046875,106.8125,106.796875,106.8046875,916.0
2025-02-21 18:33:00+00:00,106.796875,106.8046875,106.7890625,106.8046875,21643.0
2025-02-21 18:34:00+00:00,106.796875,106.8046875,106.7890625,106.796875,2393.0
2025-02-21 18:35:00+00:00,106.796875,106.8125,106.796875,106.8046875,2322.0
2025-02-21 18:36:00+00:00,106.796875,106.8046875,106.796875,106.796875,2025.0
2025-02-21 18:37:00+00:00,106.796875,106.8046875,106.7890625,106.796875,1367.0
2025-02-21 18:38:00+00:00,106.78125,106.7890625,106.7734375,106.7890625,1750.0
2025-02-21 18:39:00+00:00,106.78125,106.78125,106.78125,106.78125,1947.0
2025-02-21 18:40:00+00:00,106.78125,106.78125,106.7734375,106.78125,2133.0
2025-02-21 18:41:00+00:00,106.7890625,106.796875,106.78125,106.78125,4018.0
2025-02-21 18:42:00+00:00,106.7890625,106.796875,106.7890625,106.796875,600.0
2025-02-21 18:43:00+00:00,106.8046875,106.8046875,106.7890625,106.796875,1245.0
2025-02-21 18:44:00+00:00,106.8046875,106.8125,106.8046875,106.8046875,2750.0
2025-02-21 18:45:00+00:00,106.8046875,106.8125,106.8046875,106.8046875,1544.0
2025-02-21 18:46:00+00:00,106.8046875,106.8125,106.8046875,106.8125,5450.0
2025-02-21 18:47:00+00:00,106.8203125,106.8203125,106.8125,106.8125,154219.0
2025-02-21 18:48:00+00:00,106.8359375,106.8359375,106.8203125,106.8203125,4906.0
2025-02-21 18:49:00+00:00,106.8359375,106.84375,106.8359375,106.8359375,4899.0
2025-02-21 18:50:00+00:00,106.8203125,106.8359375,106.8203125,106.828125,25494.0
2025-02-21 18:51:00+00:00,106.828125,106.8359375,106.828125,106.828125,10112.0
2025-02-21 18:52:00+00:00,106.8203125,106.8359375,106.8203125,106.828125,1712.0
2025-02-21 18:53:00+00:00,106.8203125,106.828125,106.8125,106.828125,21420.0
2025-02-21 18:54:00+00:00,106.8046875,106.8203125,106.8046875,106.8203125,3176.0
2025-02-21 18:55:00+00:00,106.8125,106.8203125,106.8046875,106.8046875,5087.0
2025-02-21 18:56:00+00:00,106.8125,106.8125,106.8046875,106.8125,2086.0
2025-02-21 18:57:00+00:00,106.8125,106.8203125,106.8046875,106.8125,3592.0
2025-02-21 18:58:00+00:00,106.8125,106.828125,106.8125,106.8125,2720.0
2025-02-21 18:59:00+00:00,106.8203125,106.828125,106.8046875,106.8046875,1485.0
2025-02-21 19:00:00+00:00,106.8203125,106.8203125,106.8125,106.8125,1391.0
2025-02-21 19:01:00+00:00,106.8203125,106.828125,106.8203125,106.8203125,5177.0
2025-02-21 19:02:00+00:00,106.828125,106.8359375,106.8203125,106.828125,1921.0
2025-02-21 19:03:00+00:00,106.8359375,106.8359375,106.8203125,106.828125,1817.0
2025-02-21 19:04:00+00:00,106.8359375,106.84375,106.8359375,106.8359375,1670.0
2025-02-21 19:05:00+00:00,106.828125,106.8359375,106.8203125,106.8359375,2846.0
2025-02-21 19:06:00+00:00,106.828125,106.828125,106.828125,106.828125,358.0
2025-02-21 19:07:00+00:00,106.8203125,106.828125,106.8203125,106.828125,1920.0
2025-02-21 19:08:00+00:00,106.8125,106.8203125,106.8125,106.8125,1073.0
2025-02-21 19:09:00+00:00,106.8046875,106.8125,106.8046875,106.8125,3332.0
2025-02-21 19:10:00+00:00,106.828125,106.8359375,106.8046875,106.8046875,5890.0
2025-02-21 19:11:00+00:00,106.828125,106.84375,106.828125,106.8359375,2887.0
2025-02-21 19:12:00+00:00,106.8359375,106.8359375,106.8359375,106.8359375,3464.0
2025-02-21 19:13:00+00:00,106.8359375,106.8359375,106.828125,106.8359375,2229.0
2025-02-21 19:14:00+00:00,106.84375,106.84375,106.8359375,106.8359375,1270.0
2025-02-21 19:15:00+00:00,106.84375,106.84375,106.8359375,106.8359375,16.0
2025-02-21 19:16:00+00:00,106.8515625,106.8515625,106.84375,106.84375,2868.0
2025-02-21 19:17:00+00:00,106.859375,106.859375,106.8515625,106.8515625,2315.0
2025-02-21 19:18:00+00:00,106.84375,106.859375,106.84375,106.859375,2837.0
2025-02-21 19:19:00+00:00,106.8359375,106.84375,106.8359375,106.84375,2276.0
2025-02-21 19:20:00+00:00,106.8359375,106.84375,106.8359375,106.84375,1353.0
2025-02-21 19:21:00+00:00,106.84375,106.84375,106.8359375,106.8359375,3961.0
2025-02-21 19:22:00+00:00,106.8359375,106.84375,106.8359375,106.84375,50.0
2025-02-21 19:23:00+00:00,106.84375,106.84375,106.8359375,106.84375,331.0
2025-02-21 19:24:00+00:00,106.84375,106.84375,106.8359375,106.84375,45.0
2025-02-21 19:25:00+00:00,106.8515625,106.859375,106.8359375,106.84375,3680.0
2025-02-21 19:26:00+00:00,106.8515625,106.8515625,106.84375,106.8515625,2738.0
2025-02-21 19:27:00+00:00,106.84375,106.8515625,106.84375,106.84375,1290.0
2025-02-21 19:28:00+00:00,106.8515625,106.8515625,106.84375,106.84375,871.0
2025-02-21 19:29:00+00:00,106.8515625,106.8515625,106.84375,106.8515625,3292.0
2025-02-21 19:30:00+00:00,106.84375,106.8515625,106.84375,106.84375,12785.0
2025-02-21 19:31:00+00:00,106.8359375,106.84375,106.8359375,106.84375,1995.0
2025-02-21 19:32:00+00:00,106.84375,106.84375,106.8359375,106.8359375,345.0
2025-02-21 19:33:00+00:00,106.828125,106.8359375,106.828125,106.8359375,2517.0
2025-02-21 19:34:00+00:00,106.8203125,106.828125,106.8125,106.828125,1651.0
2025-02-21 19:35:00+00:00,106.828125,106.828125,106.8125,106.8203125,2273.0
2025-02-21 19:36:00+00:00,106.8125,106.828125,106.8125,106.828125,2770.0
2025-02-21 19:37:00+00:00,106.8125,106.8203125,106.8125,106.8125,3116.0
2025-02-21 19:38:00+00:00,106.8125,106.8125,106.8046875,106.8125,3009.0
2025-02-21 19:39:00+00:00,106.8203125,106.8203125,106.8046875,106.8125,1188.0
2025-02-21 19:40:00+00:00,106.8203125,106.8203125,106.8125,106.8203125,1362.0
2025-02-21 19:41:00+00:00,106.828125,106.828125,106.8203125,106.8203125,737.0
2025-02-21 19:42:00+00:00,106.828125,106.828125,106.8203125,106.8203125,2063.0
2025-02-21 19:43:00+00:00,106.8203125,106.828125,106.8203125,106.8203125,68.0
2025-02-21 19:44:00+00:00,106.8203125,106.8203125,106.8203125,106.8203125,781.0
2025-02-21 19:45:00+00:00,106.828125,106.828125,106.8203125,106.8203125,197.0
2025-02-21 19:46:00+00:00,106.8359375,106.8359375,106.8203125,106.8203125,1943.0
2025-02-21 19:47:00+00:00,106.8359375,106.8359375,106.8359375,106.8359375,2777.0
2025-02-21 19:48:00+00:00,106.84375,106.84375,106.828125,106.8359375,3552.0
2025-02-21 19:49:00+00:00,106.84375,106.84375,106.8359375,106.84375,927.0
2025-02-21 19:50:00+00:00,106.8359375,106.84375,106.828125,106.8359375,3343.0
2025-02-21 19:51:00+00:00,106.8359375,106.8359375,106.828125,106.8359375,4303.0
2025-02-21 19:52:00+00:00,106.828125,106.8359375,106.828125,106.8359375,4224.0
2025-02-21 19:53:00+00:00,106.8203125,106.8359375,106.8203125,106.828125,974.0
2025-02-21 19:54:00+00:00,106.828125,106.828125,106.8203125,106.8203125,3488.0
2025-02-21 19:55:00+00:00,106.828125,106.828125,106.8125,106.8203125,3610.0
2025-02-21 19:56:00+00:00,106.8203125,106.828125,106.8046875,106.8203125,5871.0
2025-02-21 19:57:00+00:00,106.8125,106.8125,106.8046875,106.8125,3015.0
2025-02-21 19:58:00+00:00,106.8125,106.8203125,106.8046875,106.8125,11641.0
2025-02-21 19:59:00+00:00,106.8203125,106.828125,106.8125,106.8125,9057.0
2025-02-21 20:00:00+00:00,106.828125,106.8359375,106.8125,106.8203125,4370.0
2025-02-21 20:01:00+00:00,106.8359375,106.8359375,106.8203125,106.828125,4008.0
2025-02-21 20:02:00+00:00,106.8359375,106.84375,106.828125,106.828125,1676.0
2025-02-21 20:03:00+00:00,106.8359375,106.84375,106.8359375,106.8359375,2826.0
2025-02-21 20:04:00+00:00,106.8359375,106.8359375,106.8203125,106.828125,3236.0
2025-02-21 20:05:00+00:00,106.828125,106.8359375,106.828125,106.8359375,1925.0
2025-02-21 20:06:00+00:00,106.8359375,106.8359375,106.828125,106.828125,1322.0
2025-02-21 20:07:00+00:00,106.8359375,106.8359375,106.828125,106.828125,1153.0
2025-02-21 20:08:00+00:00,106.8359375,106.84375,106.828125,106.8359375,755.0
2025-02-21 20:09:00+00:00,106.8359375,106.8359375,106.8359375,106.8359375,646.0
2025-02-21 20:10:00+00:00,106.8359375,106.84375,106.8359375,106.84375,172.0
2025-02-21 20:11:00+00:00,106.8359375,106.8359375,106.8359375,106.8359375,2340.0
2025-02-21 20:12:00+00:00,106.8359375,106.8359375,106.828125,106.8359375,2312.0
2025-02-21 20:13:00+00:00,106.8359375,106.8359375,106.828125,106.8359375,1675.0
2025-02-21 20:14:00+00:00,106.828125,106.8359375,106.828125,106.8359375,3488.0
2025-02-21 20:15:00+00:00,106.828125,106.8359375,106.828125,106.828125,2315.0
2025-02-21 20:16:00+00:00,106.828125,106.828125,106.8203125,106.828125,2088.0
2025-02-21 20:17:00+00:00,106.8359375,106.8359375,106.828125,106.828125,679.0
2025-02-21 20:18:00+00:00,106.8359375,106.8359375,106.828125,106.828125,90.0
2025-02-21 20:19:00+00:00,106.828125,106.8359375,106.8203125,106.8359375,3092.0
2025-02-21 20:20:00+00:00,106.8203125,106.828125,106.8203125,106.8203125,397.0
2025-02-21 20:21:00+00:00,106.8203125,106.8203125,106.8203125,106.8203125,6239.0
2025-02-21 20:22:00+00:00,106.828125,106.828125,106.8203125,106.8203125,19.0
2025-02-21 20:23:00+00:00,106.8203125,106.828125,106.8203125,106.828125,724.0
2025-02-21 20:24:00+00:00,106.8203125,106.828125,106.8125,106.8203125,3414.0
2025-02-21 20:25:00+00:00,106.8203125,106.828125,106.8125,106.828125,15722.0
2025-02-21 20:26:00+00:00,106.8203125,106.8203125,106.8125,106.8125,6864.0
2025-02-21 20:27:00+00:00,106.8203125,106.828125,106.8203125,106.8203125,3579.0
2025-02-21 20:28:00+00:00,106.8203125,106.828125,106.8203125,106.828125,3184.0
2025-02-21 20:29:00+00:00,106.828125,106.828125,106.8203125,106.8203125,6506.0
2025-02-21 20:30:00+00:00,106.8203125,106.828125,106.8203125,106.828125,3110.0
2025-02-21 20:31:00+00:00,106.8125,106.8203125,106.8125,106.8203125,3093.0
2025-02-21 20:32:00+00:00,106.8125,106.8203125,106.8046875,106.8125,7165.0
2025-02-21 20:33:00+00:00,106.8203125,106.8203125,106.8046875,106.8125,1462.0
2025-02-21 20:34:00+00:00,106.8125,106.8203125,106.8046875,106.8203125,2596.0
2025-02-21 20:35:00+00:00,106.8125,106.8125,106.8125,106.8125,20.0
2025-02-21 20:36:00+00:00,106.8125,106.8203125,106.8125,106.8125,1254.0
2025-02-21 20:37:00+00:00,106.8203125,106.8203125,106.8125,106.8125,826.0
2025-02-21 20:38:00+00:00,106.8203125,106.8203125,106.8125,106.8203125,33.0
2025-02-21 20:39:00+00:00,106.8203125,106.8203125,106.8125,106.8203125,1797.0
2025-02-21 20:40:00+00:00,106.8203125,106.8203125,106.8125,106.8203125,1304.0
2025-02-21 20:41:00+00:00,106.8203125,106.8203125,106.8125,106.8203125,1017.0
2025-02-21 20:42:00+00:00,106.8125,106.8203125,106.8125,106.8125,22913.0
2025-02-21 20:43:00+00:00,106.8046875,106.8046875,106.796875,106.8046875,2964.0
2025-02-21 20:44:00+00:00,106.796875,106.8125,106.796875,106.8046875,4266.0
2025-02-21 20:45:00+00:00,106.8046875,106.8125,106.796875,106.796875,4668.0
2025-02-21 20:46:00+00:00,106.8125,106.8125,106.8046875,106.8046875,478.0
2025-02-21 20:47:00+00:00,106.8046875,106.8046875,106.8046875,106.8046875,3699.0
2025-02-21 20:48:00+00:00,106.796875,106.8046875,106.796875,106.8046875,1557.0
2025-02-21 20:49:00+00:00,106.796875,106.8046875,106.796875,106.796875,755.0
2025-02-21 20:50:00+00:00,106.796875,106.8046875,106.7890625,106.796875,5083.0
2025-02-21 20:51:00+00:00,106.7890625,106.8046875,106.7890625,106.796875,2136.0
2025-02-21 20:52:00+00:00,106.8046875,106.8046875,106.796875,106.796875,2603.0
2025-02-21 20:53:00+00:00,106.8046875,106.8046875,106.7890625,106.8046875,2239.0
2025-02-21 20:54:00+00:00,106.796875,106.8046875,106.7890625,106.8046875,4119.0
2025-02-21 20:55:00+00:00,106.796875,106.796875,106.78125,106.796875,6645.0
2025-02-21 20:56:00+00:00,106.7890625,106.796875,106.7890625,106.7890625,4286.0
2025-02-21 20:57:00+00:00,106.7890625,106.796875,106.78125,106.7890625,10258.0
2025-02-21 20:58:00+00:00,106.796875,106.8046875,106.7890625,106.796875,7032.0
2025-02-21 20:59:00+00:00,106.796875,106.796875,106.78125,106.796875,9920.0
2025-02-21 21:00:00+00:00,106.78125,106.796875,106.78125,106.7890625,33387.0
2025-02-21 21:01:00+00:00,106.78125,106.7890625,106.7734375,106.7734375,18308.0
2025-02-21 21:02:00+00:00,106.78125,106.7890625,106.7734375,106.78125,3736.0
2025-02-21 21:03:00+00:00,106.7734375,106.78125,106.7734375,106.78125,107.0
2025-02-21 21:04:00+00:00,106.78125,106.78125,106.7734375,106.7734375,21.0
2025-02-21 21:05:00+00:00,106.7734375,106.7734375,106.7734375,106.7734375,119.0
2025-02-21 21:06:00+00:00,106.78125,106.78125,106.7734375,106.7734375,1651.0
2025-02-21 21:07:00+00:00,106.78125,106.78125,106.78125,106.78125,2638.0
2025-02-21 21:08:00+00:00,106.78125,106.78125,106.7734375,106.7734375,1858.0
2025-02-21 21:09:00+00:00,106.7734375,106.78125,106.7734375,106.78125,1924.0
2025-02-21 21:10:00+00:00,106.7734375,106.7734375,106.7734375,106.7734375,5320.0
2025-02-21 21:11:00+00:00,106.7734375,106.7734375,106.7734375,106.7734375,1533.0
2025-02-21 21:12:00+00:00,106.78125,106.78125,106.7734375,106.7734375,30111.0
2025-02-21 21:13:00+00:00,106.7890625,106.7890625,106.7734375,106.7734375,15707.0
2025-02-21 21:14:00+00:00,106.78125,106.7890625,106.7734375,106.7890625,6789.0
2025-02-21 21:15:00+00:00,106.7734375,106.78125,106.7734375,106.78125,399.0
2025-02-21 21:16:00+00:00,106.7734375,106.78125,106.765625,106.7734375,15710.0
2025-02-21 21:18:00+00:00,106.78125,106.78125,106.765625,106.7734375,2119.0
2025-02-21 21:19:00+00:00,106.7890625,106.7890625,106.7734375,106.78125,1498.0
2025-02-21 21:20:00+00:00,106.7890625,106.7890625,106.78125,106.7890625,284.0
2025-02-21 21:21:00+00:00,106.7890625,106.7890625,106.7890625,106.7890625,841.0
2025-02-21 21:22:00+00:00,106.7890625,106.7890625,106.7890625,106.7890625,238.0
2025-02-21 21:23:00+00:00,106.7890625,106.7890625,106.7890625,106.7890625,596.0
2025-02-21 21:24:00+00:00,106.7890625,106.7890625,106.78125,106.78125,119.0
2025-02-21 21:25:00+00:00,106.78125,106.78125,106.78125,106.78125,1082.0
2025-02-21 21:26:00+00:00,106.78125,106.78125,106.7734375,106.7734375,539.0
2025-02-21 21:27:00+00:00,106.7734375,106.78125,106.7734375,106.78125,351.0
2025-02-21 21:28:00+00:00,106.765625,106.7734375,106.765625,106.7734375,1154.0
2025-02-21 21:29:00+00:00,106.765625,106.7734375,106.765625,106.765625,1242.0
2025-02-21 21:30:00+00:00,106.765625,106.765625,106.765625,106.765625,1380.0
2025-02-21 21:31:00+00:00,106.7734375,106.7734375,106.765625,106.765625,615.0
2025-02-21 21:32:00+00:00,106.765625,106.7734375,106.765625,106.765625,234.0
2025-02-21 21:33:00+00:00,106.7734375,106.7734375,106.765625,106.765625,95.0
2025-02-21 21:34:00+00:00,106.765625,106.7734375,106.7578125,106.765625,2741.0
2025-02-21 21:35:00+00:00,106.7578125,106.7578125,106.7578125,106.7578125,36.0
2025-02-21 21:36:00+00:00,106.7578125,106.7578125,106.7578125,106.7578125,8.0
2025-02-21 21:37:00+00:00,106.765625,106.765625,106.765625,106.765625,223.0
2025-02-21 21:38:00+00:00,106.765625,106.7734375,106.765625,106.765625,5424.0
2025-02-21 21:39:00+00:00,106.7734375,106.7734375,106.7578125,106.765625,1008.0
2025-02-21 21:40:00+00:00,106.765625,106.7734375,106.765625,106.7734375,773.0
2025-02-21 21:41:00+00:00,106.765625,106.7734375,106.765625,106.765625,507.0
2025-02-21 21:42:00+00:00,106.765625,106.7734375,106.765625,106.765625,371.0
2025-02-21 21:43:00+00:00,106.765625,106.765625,106.765625,106.765625,810.0
2025-02-21 21:44:00+00:00,106.7734375,106.7734375,106.765625,106.765625,402.0
2025-02-21 21:45:00+00:00,106.7734375,106.7734375,106.765625,106.765625,4177.0
2025-02-21 21:46:00+00:00,106.765625,106.765625,106.765625,106.765625,1373.0
2025-02-21 21:47:00+00:00,106.765625,106.765625,106.765625,106.765625,1026.0
2025-02-21 21:48:00+00:00,106.765625,106.765625,106.765625,106.765625,54.0
2025-02-21 21:49:00+00:00,106.7734375,106.7734375,106.765625,106.765625,3119.0
2025-02-21 21:50:00+00:00,106.7578125,106.765625,106.7578125,106.765625,3518.0
2025-02-21 21:51:00+00:00,106.7578125,106.765625,106.7578125,106.7578125,6010.0
2025-02-21 21:52:00+00:00,106.7578125,106.7578125,106.7578125,106.7578125,1591.0
2025-02-21 21:53:00+00:00,106.7578125,106.7578125,106.7578125,106.7578125,266.0
2025-02-21 21:54:00+00:00,106.7578125,106.7578125,106.75,106.7578125,2423.0
2025-02-21 21:55:00+00:00,106.7578125,106.7578125,106.75,106.7578125,28420.0
2025-02-21 21:56:00+00:00,106.7578125,106.7578125,106.7578125,106.7578125,1015.0
2025-02-21 21:57:00+00:00,106.7578125,106.7578125,106.75,106.7578125,1144.0
2025-02-21 21:58:00+00:00,106.75,106.7578125,106.75,106.7578125,240.0
2025-02-21 21:59:00+00:00,106.7578125,106.8203125,106.7578125,106.7578125,5308.0
2025-02-23 23:00:00+00:00,106.734375,106.75,106.703125,106.7265625,0.0
2025-02-23 23:01:00+00:00,106.734375,106.75,106.7265625,106.734375,2280.0
2025-02-23 23:02:00+00:00,106.734375,106.734375,106.71875,106.734375,583.0
2025-02-23 23:03:00+00:00,106.71875,106.734375,106.71875,106.734375,1081.0
2025-02-23 23:04:00+00:00,106.7265625,106.7265625,106.71875,106.71875,524.0
2025-02-23 23:05:00+00:00,106.7265625,106.7265625,106.7265625,106.7265625,5.0
2025-02-23 23:06:00+00:00,106.703125,106.7265625,106.703125,106.71875,2919.0
2025-02-23 23:07:00+00:00,106.7109375,106.7109375,106.703125,106.703125,397.0
2025-02-23 23:08:00+00:00,106.7109375,106.71875,106.7109375,106.7109375,166.0
2025-02-23 23:09:00+00:00,106.7109375,106.71875,106.703125,106.71875,2079.0
2025-02-23 23:10:00+00:00,106.7109375,106.71875,106.7109375,106.71875,88.0
2025-02-23 23:11:00+00:00,106.7109375,106.7109375,106.7109375,106.7109375,149.0
2025-02-23 23:12:00+00:00,106.71875,106.71875,106.71875,106.71875,171.0
2025-02-23 23:13:00+00:00,106.71875,106.71875,106.71875,106.71875,144.0
2025-02-23 23:14:00+00:00,106.7109375,106.7109375,106.7109375,106.7109375,166.0
2025-02-23 23:15:00+00:00,106.71875,106.71875,106.7109375,106.7109375,74.0
2025-02-23 23:16:00+00:00,106.7109375,106.7109375,106.7109375,106.7109375,217.0
2025-02-23 23:17:00+00:00,106.7109375,106.7109375,106.7109375,106.7109375,613.0
2025-02-23 23:18:00+00:00,106.703125,106.7109375,106.703125,106.7109375,3.0
2025-02-23 23:19:00+00:00,106.7109375,106.7109375,106.703125,106.703125,213.0
2025-02-23 23:20:00+00:00,106.7109375,106.7109375,106.7109375,106.7109375,9.0
2025-02-23 23:22:00+00:00,106.7109375,106.7109375,106.7109375,106.7109375,462.0
2025-02-23 23:23:00+00:00,106.7109375,106.7109375,106.703125,106.703125,208.0
2025-02-23 23:24:00+00:00,106.71875,106.71875,106.71875,106.71875,5.0
2025-02-23 23:25:00+00:00,106.7109375,106.71875,106.7109375,106.71875,327.0
2025-02-23 23:26:00+00:00,106.71875,106.71875,106.71875,106.71875,1.0
2025-02-23 23:28:00+00:00,106.7109375,106.7109375,106.7109375,106.7109375,4.0
2025-02-23 23:29:00+00:00,106.7109375,106.7109375,106.7109375,106.7109375,60.0
2025-02-23 23:30:00+00:00,106.7109375,106.7109375,106.7109375,106.7109375,191.0
2025-02-23 23:31:00+00:00,106.703125,106.7109375,106.703125,106.7109375,35.0
2025-02-23 23:32:00+00:00,106.703125,106.7109375,106.703125,106.7109375,581.0
2025-02-23 23:33:00+00:00,106.6953125,106.703125,106.6953125,106.703125,425.0
2025-02-23 23:34:00+00:00,106.703125,106.7109375,106.703125,106.703125,158.0
2025-02-23 23:35:00+00:00,106.703125,106.703125,106.703125,106.703125,169.0
2025-02-23 23:36:00+00:00,106.703125,106.703125,106.703125,106.703125,108.0
2025-02-23 23:37:00+00:00,106.703125,106.703125,106.703125,106.703125,14.0
2025-02-23 23:38:00+00:00,106.7109375,106.7109375,106.703125,106.703125,20.0
2025-02-23 23:39:00+00:00,106.7109375,106.7109375,106.7109375,106.7109375,165.0
2025-02-23 23:40:00+00:00,106.7109375,106.7109375,106.7109375,106.7109375,7.0
2025-02-23 23:45:00+00:00,106.7109375,106.71875,106.7109375,106.71875,283.0
2025-02-23 23:46:00+00:00,106.71875,106.71875,106.71875,106.71875,3.0
2025-02-23 23:47:00+00:00,106.71875,106.71875,106.703125,106.7109375,81.0
2025-02-23 23:50:00+00:00,106.7109375,106.7109375,106.7109375,106.7109375,5.0
2025-02-23 23:51:00+00:00,106.7109375,106.7109375,106.7109375,106.7109375,72.0
2025-02-23 23:52:00+00:00,106.7109375,106.7109375,106.7109375,106.7109375,63.0
2025-02-23 23:53:00+00:00,106.703125,106.703125,106.703125,106.703125,7.0
2025-02-23 23:54:00+00:00,106.7109375,106.7109375,106.703125,106.703125,33.0
2025-02-23 23:55:00+00:00,106.7109375,106.7109375,106.703125,106.7109375,30.0
2025-02-23 23:56:00+00:00,106.7109375,106.7109375,106.7109375,106.7109375,33.0
2025-02-23 23:57:00+00:00,106.7109375,106.7109375,106.7109375,106.7109375,536.0
2025-02-23 23:58:00+00:00,106.7109375,106.7109375,106.7109375,106.7109375,35.0
2025-02-23 23:59:00+00:00,106.7109375,106.7109375,106.7109375,106.7109375,53.0
2025-02-24 00:00:00+00:00,106.7109375,106.7109375,106.7109375,106.7109375,74.0
2025-02-24 00:01:00+00:00,106.7109375,106.7109375,106.7109375,106.7109375,3.0
2025-02-24 00:02:00+00:00,106.7109375,106.7109375,106.7109375,106.7109375,10.0
2025-02-24 00:04:00+00:00,106.71875,106.7265625,106.71875,106.71875,691.0
2025-02-24 00:05:00+00:00,106.71875,106.71875,106.71875,106.71875,25.0
2025-02-24 00:06:00+00:00,106.7109375,106.71875,106.7109375,106.71875,141.0
2025-02-24 00:07:00+00:00,106.7109375,106.7109375,106.7109375,106.7109375,167.0
2025-02-24 00:08:00+00:00,106.7109375,106.7109375,106.7109375,106.7109375,6.0
2025-02-24 00:09:00+00:00,106.7109375,106.7109375,106.7109375,106.7109375,1.0
2025-02-24 00:11:00+00:00,106.71875,106.71875,106.71875,106.71875,113.0
2025-02-24 00:12:00+00:00,106.71875,106.71875,106.71875,106.71875,38.0
2025-02-24 00:15:00+00:00,106.7265625,106.7265625,106.71875,106.71875,52.0
2025-02-24 00:16:00+00:00,106.7265625,106.7265625,106.7265625,106.7265625,502.0
2025-02-24 00:18:00+00:00,106.71875,106.7265625,106.7109375,106.71875,818.0
2025-02-24 00:19:00+00:00,106.7109375,106.71875,106.7109375,106.71875,247.0
2025-02-24 00:20:00+00:00,106.703125,106.71875,106.703125,106.71875,528.0
2025-02-24 00:21:00+00:00,106.703125,106.703125,106.6953125,106.703125,958.0
2025-02-24 00:22:00+00:00,106.6953125,106.703125,106.6953125,106.703125,144.0
2025-02-24 00:23:00+00:00,106.6953125,106.703125,106.6953125,106.703125,301.0
2025-02-24 00:24:00+00:00,106.6953125,106.6953125,106.6953125,106.6953125,135.0
2025-02-24 00:25:00+00:00,106.703125,106.703125,106.703125,106.703125,462.0
2025-02-24 00:26:00+00:00,106.703125,106.703125,106.703125,106.703125,476.0
2025-02-24 00:27:00+00:00,106.703125,106.703125,106.703125,106.703125,129.0
2025-02-24 00:28:00+00:00,106.703125,106.703125,106.703125,106.703125,90.0
2025-02-24 00:29:00+00:00,106.703125,106.703125,106.703125,106.703125,189.0
2025-02-24 00:31:00+00:00,106.7109375,106.7109375,106.7109375,106.7109375,320.0
2025-02-24 00:32:00+00:00,106.7109375,106.7109375,106.7109375,106.7109375,393.0
2025-02-24 00:34:00+00:00,106.71875,106.71875,106.71875,106.71875,23.0
2025-02-24 00:35:00+00:00,106.71875,106.71875,106.71875,106.71875,115.0
2025-02-24 00:36:00+00:00,106.71875,106.7265625,106.71875,106.71875,233.0
2025-02-24 00:37:00+00:00,106.71875,106.71875,106.71875,106.71875,28.0
2025-02-24 00:39:00+00:00,106.7109375,106.7109375,106.7109375,106.7109375,223.0
2025-02-24 00:40:00+00:00,106.71875,106.71875,106.7109375,106.7109375,16.0
2025-02-24 00:41:00+00:00,106.7109375,106.7109375,106.7109375,106.7109375,133.0
2025-02-24 00:42:00+00:00,106.7109375,106.7109375,106.7109375,106.7109375,112.0
2025-02-24 00:43:00+00:00,106.7109375,106.7109375,106.7109375,106.7109375,42.0
2025-02-24 00:46:00+00:00,106.7109375,106.7109375,106.7109375,106.7109375,1112.0
2025-02-24 00:47:00+00:00,106.71875,106.71875,106.71875,106.71875,19.0
2025-02-24 00:48:00+00:00,106.7109375,106.7109375,106.7109375,106.7109375,228.0
2025-02-24 00:49:00+00:00,106.7109375,106.7109375,106.7109375,106.7109375,178.0
2025-02-24 00:51:00+00:00,106.7109375,106.7109375,106.7109375,106.7109375,61.0
2025-02-24 00:52:00+00:00,106.7109375,106.7109375,106.7109375,106.7109375,145.0
2025-02-24 00:53:00+00:00,106.7109375,106.7109375,106.7109375,106.7109375,15.0
2025-02-24 00:54:00+00:00,106.7109375,106.7109375,106.7109375,106.7109375,118.0
2025-02-24 00:55:00+00:00,106.71875,106.71875,106.71875,106.71875,85.0
2025-02-24 00:56:00+00:00,106.71875,106.71875,106.71875,106.71875,285.0
2025-02-24 00:58:00+00:00,106.7109375,106.7109375,106.7109375,106.7109375,271.0
2025-02-24 00:59:00+00:00,106.7109375,106.7109375,106.7109375,106.7109375,76.0
2025-02-24 01:00:00+00:00,106.703125,106.7109375,106.703125,106.7109375,41.0
2025-02-24 01:01:00+00:00,106.703125,106.7109375,106.703125,106.7109375,129.0
2025-02-24 01:02:00+00:00,106.703125,106.703125,106.703125,106.703125,25.0
2025-02-24 01:03:00+00:00,106.7109375,106.7109375,106.7109375,106.7109375,331.0
2025-02-24 01:04:00+00:00,106.7109375,106.7109375,106.7109375,106.7109375,333.0
2025-02-24 01:06:00+00:00,106.7109375,106.7109375,106.7109375,106.7109375,43.0
2025-02-24 01:07:00+00:00,106.7109375,106.7109375,106.7109375,106.7109375,14.0
2025-02-24 01:08:00+00:00,106.71875,106.71875,106.71875,106.71875,15.0
2025-02-24 01:09:00+00:00,106.7109375,106.7109375,106.7109375,106.7109375,469.0
2025-02-24 01:10:00+00:00,106.71875,106.71875,106.71875,106.71875,87.0
2025-02-24 01:12:00+00:00,106.71875,106.71875,106.71875,106.71875,231.0
2025-02-24 01:13:00+00:00,106.71875,106.71875,106.71875,106.71875,324.0
2025-02-24 01:14:00+00:00,106.7265625,106.7265625,106.7265625,106.7265625,973.0
2025-02-24 01:15:00+00:00,106.7265625,106.7265625,106.7265625,106.7265625,25.0
2025-02-24 01:16:00+00:00,106.71875,106.71875,106.71875,106.71875,18.0
2025-02-24 01:19:00+00:00,106.7265625,106.7265625,106.7265625,106.7265625,117.0
2025-02-24 01:20:00+00:00,106.7265625,106.7265625,106.7265625,106.7265625,192.0
2025-02-24 01:21:00+00:00,106.7265625,106.7265625,106.7265625,106.7265625,217.0
2025-02-24 01:22:00+00:00,106.7265625,106.7265625,106.7265625,106.7265625,145.0
2025-02-24 01:23:00+00:00,106.7265625,106.7265625,106.7265625,106.7265625,150.0
2025-02-24 01:25:00+00:00,106.7265625,106.7265625,106.7265625,106.7265625,256.0
2025-02-24 01:26:00+00:00,106.7265625,106.7265625,106.7265625,106.7265625,676.0
2025-02-24 01:27:00+00:00,106.7265625,106.7265625,106.7265625,106.7265625,368.0
2025-02-24 01:28:00+00:00,106.71875,106.71875,106.71875,106.71875,94.0
2025-02-24 01:29:00+00:00,106.71875,106.71875,106.71875,106.71875,133.0
2025-02-24 01:30:00+00:00,106.71875,106.71875,106.71875,106.71875,14.0
2025-02-24 01:31:00+00:00,106.7265625,106.7265625,106.7265625,106.7265625,125.0
2025-02-24 01:32:00+00:00,106.7265625,106.7265625,106.7265625,106.7265625,45.0
2025-02-24 01:33:00+00:00,106.7265625,106.7265625,106.7265625,106.7265625,11.0
2025-02-24 01:40:00+00:00,106.7265625,106.7265625,106.7265625,106.7265625,282.0
2025-02-24 01:41:00+00:00,106.71875,106.7265625,106.71875,106.7265625,32.0
2025-02-24 01:45:00+00:00,106.71875,106.71875,106.71875,106.71875,122.0
2025-02-24 01:47:00+00:00,106.71875,106.71875,106.71875,106.71875,257.0
2025-02-24 01:50:00+00:00,106.7109375,106.71875,106.7109375,106.7109375,52.0
2025-02-24 01:52:00+00:00,106.71875,106.71875,106.7109375,106.7109375,256.0
2025-02-24 01:54:00+00:00,106.7109375,106.7109375,106.7109375,106.7109375,26.0
2025-02-24 01:55:00+00:00,106.7109375,106.7109375,106.7109375,106.7109375,34.0
2025-02-24 01:56:00+00:00,106.7109375,106.7109375,106.7109375,106.7109375,24.0
2025-02-24 01:57:00+00:00,106.7109375,106.7109375,106.7109375,106.7109375,18.0
2025-02-24 01:58:00+00:00,106.7109375,106.71875,106.7109375,106.7109375,18.0
2025-02-24 01:59:00+00:00,106.7109375,106.7109375,106.7109375,106.7109375,16.0
2025-02-24 02:00:00+00:00,106.71875,106.71875,106.71875,106.71875,7.0
2025-02-24 02:02:00+00:00,106.7109375,106.7109375,106.7109375,106.7109375,21.0
2025-02-24 02:04:00+00:00,106.7109375,106.7109375,106.7109375,106.7109375,29.0
2025-02-24 02:05:00+00:00,106.7109375,106.7109375,106.7109375,106.7109375,374.0
2025-02-24 02:06:00+00:00,106.703125,106.7109375,106.703125,106.7109375,188.0
2025-02-24 02:07:00+00:00,106.7109375,106.7109375,106.7109375,106.7109375,44.0
2025-02-24 02:12:00+00:00,106.7109375,106.7109375,106.7109375,106.7109375,84.0
2025-02-24 02:13:00+00:00,106.7109375,106.7109375,106.7109375,106.7109375,319.0
2025-02-24 02:15:00+00:00,106.7109375,106.7109375,106.703125,106.703125,198.0
2025-02-24 02:18:00+00:00,106.7109375,106.7109375,106.7109375,106.7109375,1173.0
2025-02-24 02:29:00+00:00,106.703125,106.7109375,106.703125,106.7109375,1222.0
2025-02-24 02:36:00+00:00,106.703125,106.703125,106.703125,106.703125,744.0
2025-02-24 02:38:00+00:00,106.703125,106.703125,106.703125,106.703125,319.0
2025-02-24 02:39:00+00:00,106.703125,106.703125,106.703125,106.703125,171.0
2025-02-24 02:43:00+00:00,106.703125,106.703125,106.703125,106.703125,59.0
2025-02-24 02:44:00+00:00,106.703125,106.703125,106.703125,106.703125,10.0
2025-02-24 02:45:00+00:00,106.703125,106.703125,106.703125,106.703125,20.0
2025-02-24 02:46:00+00:00,106.703125,106.703125,106.703125,106.703125,207.0
2025-02-24 02:50:00+00:00,106.6953125,106.6953125,106.6953125,106.6953125,51.0
2025-02-24 02:51:00+00:00,106.6953125,106.6953125,106.6953125,106.6953125,7.0
2025-02-24 02:52:00+00:00,106.6953125,106.6953125,106.6953125,106.6953125,251.0
2025-02-24 02:54:00+00:00,106.6953125,106.6953125,106.6953125,106.6953125,295.0
2025-02-24 02:56:00+00:00,106.703125,106.703125,106.703125,106.703125,36.0
2025-02-24 02:57:00+00:00,106.703125,106.703125,106.703125,106.703125,19.0
2025-02-24 02:58:00+00:00,106.703125,106.703125,106.703125,106.703125,848.0
2025-02-24 02:59:00+00:00,106.703125,106.703125,106.703125,106.703125,101.0
2025-02-24 03:00:00+00:00,106.703125,106.703125,106.703125,106.703125,460.0
2025-02-24 03:02:00+00:00,106.703125,106.703125,106.703125,106.703125,87.0
2025-02-24 03:04:00+00:00,106.703125,106.703125,106.703125,106.703125,22.0
2025-02-24 03:06:00+00:00,106.6953125,106.6953125,106.6953125,106.6953125,181.0
2025-02-24 03:08:00+00:00,106.6953125,106.6953125,106.6953125,106.6953125,719.0
2025-02-24 03:09:00+00:00,106.6953125,106.6953125,106.6953125,106.6953125,25.0
2025-02-24 03:12:00+00:00,106.703125,106.703125,106.703125,106.703125,34.0
2025-02-24 03:14:00+00:00,106.6953125,106.6953125,106.6953125,106.6953125,93.0
2025-02-24 03:23:00+00:00,106.703125,106.703125,106.703125,106.703125,485.0
2025-02-24 03:25:00+00:00,106.703125,106.703125,106.703125,106.703125,302.0
2025-02-24 03:26:00+00:00,106.703125,106.703125,106.703125,106.703125,633.0
2025-02-24 03:27:00+00:00,106.703125,106.703125,106.703125,106.703125,35.0
2025-02-24 03:29:00+00:00,106.703125,106.703125,106.703125,106.703125,52.0
2025-02-24 03:30:00+00:00,106.703125,106.703125,106.703125,106.703125,63.0
2025-02-24 03:32:00+00:00,106.7109375,106.7109375,106.7109375,106.7109375,161.0
2025-02-24 03:36:00+00:00,106.7109375,106.7109375,106.7109375,106.7109375,22.0
2025-02-24 03:41:00+00:00,106.71875,106.71875,106.71875,106.71875,361.0
2025-02-24 03:44:00+00:00,106.71875,106.71875,106.71875,106.71875,39.0
2025-02-24 03:49:00+00:00,106.7265625,106.7265625,106.7265625,106.7265625,302.0
2025-02-24 03:51:00+00:00,106.7265625,106.7265625,106.7265625,106.7265625,392.0
2025-02-24 03:53:00+00:00,106.71875,106.71875,106.71875,106.71875,292.0
2025-02-24 03:54:00+00:00,106.71875,106.71875,106.71875,106.71875,92.0
2025-02-24 03:58:00+00:00,106.71875,106.71875,106.71875,106.71875,266.0
2025-02-24 03:59:00+00:00,106.71875,106.71875,106.71875,106.71875,160.0
2025-02-24 04:00:00+00:00,106.71875,106.7265625,106.71875,106.7265625,58.0
2025-02-24 04:04:00+00:00,106.71875,106.71875,106.71875,106.71875,654.0
2025-02-24 04:10:00+00:00,106.7109375,106.7109375,106.7109375,106.7109375,90.0
2025-02-24 04:11:00+00:00,106.7109375,106.71875,106.7109375,106.71875,78.0
2025-02-24 04:12:00+00:00,106.71875,106.71875,106.71875,106.71875,376.0
2025-02-24 04:14:00+00:00,106.71875,106.71875,106.71875,106.71875,78.0
2025-02-24 04:16:00+00:00,106.71875,106.71875,106.71875,106.71875,130.0
2025-02-24 04:18:00+00:00,106.7265625,106.7265625,106.7265625,106.7265625,79.0
2025-02-24 04:21:00+00:00,106.71875,106.71875,106.71875,106.71875,169.0
2025-02-24 04:25:00+00:00,106.71875,106.71875,106.71875,106.71875,1591.0
2025-02-24 04:26:00+00:00,106.71875,106.71875,106.71875,106.71875,168.0
2025-02-24 04:30:00+00:00,106.7265625,106.7265625,106.7265625,106.7265625,67.0
2025-02-24 04:31:00+00:00,106.7265625,106.7265625,106.7265625,106.7265625,152.0
2025-02-24 04:35:00+00:00,106.7265625,106.7265625,106.7265625,106.7265625,400.0
2025-02-24 04:36:00+00:00,106.7265625,106.7265625,106.7265625,106.7265625,210.0
2025-02-24 04:37:00+00:00,106.7265625,106.7265625,106.7265625,106.7265625,174.0
2025-02-24 04:38:00+00:00,106.7265625,106.7265625,106.7265625,106.7265625,283.0
2025-02-24 04:41:00+00:00,106.7265625,106.7265625,106.7265625,106.7265625,176.0
2025-02-24 04:43:00+00:00,106.7265625,106.7265625,106.7265625,106.7265625,367.0
2025-02-24 04:44:00+00:00,106.7265625,106.7265625,106.7265625,106.7265625,28.0
2025-02-24 04:51:00+00:00,106.71875,106.71875,106.71875,106.71875,7490.0
2025-02-24 04:52:00+00:00,106.7265625,106.7265625,106.7265625,106.7265625,7.0
2025-02-24 04:58:00+00:00,106.7265625,106.7265625,106.71875,106.7265625,156.0
2025-02-24 05:01:00+00:00,106.71875,106.71875,106.71875,106.71875,91.0
2025-02-24 05:02:00+00:00,106.71875,106.7265625,106.71875,106.7265625,34.0
2025-02-24 05:04:00+00:00,106.7265625,106.7265625,106.7265625,106.7265625,27.0
2025-02-24 05:05:00+00:00,106.7265625,106.7265625,106.7265625,106.7265625,39.0
2025-02-24 05:07:00+00:00,106.7265625,106.7265625,106.7265625,106.7265625,167.0
2025-02-24 05:08:00+00:00,106.734375,106.734375,106.7265625,106.7265625,417.0
2025-02-24 05:09:00+00:00,106.734375,106.734375,106.734375,106.734375,231.0
2025-02-24 05:10:00+00:00,106.734375,106.734375,106.7265625,106.7265625,4389.0
2025-02-24 05:11:00+00:00,106.734375,106.734375,106.7265625,106.734375,693.0
2025-02-24 05:12:00+00:00,106.734375,106.734375,106.734375,106.734375,25.0
2025-02-24 05:13:00+00:00,106.734375,106.734375,106.7265625,106.7265625,485.0
2025-02-24 05:18:00+00:00,106.7265625,106.7265625,106.7265625,106.7265625,107.0
2025-02-24 05:22:00+00:00,106.7265625,106.7265625,106.7265625,106.7265625,579.0
2025-02-24 05:23:00+00:00,106.71875,106.71875,106.71875,106.71875,37.0
2025-02-24 05:26:00+00:00,106.71875,106.71875,106.71875,106.71875,67.0
2025-02-24 05:28:00+00:00,106.71875,106.71875,106.71875,106.71875,199.0
2025-02-24 05:32:00+00:00,106.71875,106.7265625,106.71875,106.71875,29.0
2025-02-24 05:33:00+00:00,106.71875,106.71875,106.71875,106.71875,279.0
2025-02-24 05:35:00+00:00,106.7109375,106.7109375,106.7109375,106.7109375,66.0
2025-02-24 05:37:00+00:00,106.71875,106.71875,106.71875,106.71875,194.0
2025-02-24 05:38:00+00:00,106.71875,106.71875,106.71875,106.71875,206.0
2025-02-24 05:39:00+00:00,106.71875,106.71875,106.71875,106.71875,35.0
2025-02-24 05:40:00+00:00,106.71875,106.71875,106.71875,106.71875,62.0
2025-02-24 05:41:00+00:00,106.71875,106.71875,106.71875,106.71875,84.0
2025-02-24 05:42:00+00:00,106.71875,106.71875,106.71875,106.71875,51.0
2025-02-24 05:43:00+00:00,106.71875,106.71875,106.71875,106.71875,10.0
2025-02-24 05:44:00+00:00,106.7265625,106.7265625,106.71875,106.71875,18.0
2025-02-24 05:45:00+00:00,106.71875,106.71875,106.71875,106.71875,83.0
2025-02-24 05:46:00+00:00,106.71875,106.71875,106.71875,106.71875,116.0
2025-02-24 05:48:00+00:00,106.7265625,106.7265625,106.7265625,106.7265625,123.0
2025-02-24 05:49:00+00:00,106.7265625,106.7265625,106.7265625,106.7265625,46.0
2025-02-24 05:50:00+00:00,106.7265625,106.7265625,106.7265625,106.7265625,232.0
2025-02-24 05:51:00+00:00,106.7265625,106.7265625,106.7265625,106.7265625,122.0
2025-02-24 05:52:00+00:00,106.7265625,106.7265625,106.7265625,106.7265625,115.0
2025-02-24 05:54:00+00:00,106.7265625,106.7265625,106.7265625,106.7265625,498.0
2025-02-24 05:55:00+00:00,106.7265625,106.7265625,106.7265625,106.7265625,22.0
2025-02-24 05:56:00+00:00,106.7265625,106.7265625,106.7265625,106.7265625,12.0
2025-02-24 05:57:00+00:00,106.7265625,106.7265625,106.7265625,106.7265625,17.0
2025-02-24 05:58:00+00:00,106.7265625,106.7265625,106.7265625,106.7265625,34.0
2025-02-24 05:59:00+00:00,106.7265625,106.7265625,106.7265625,106.7265625,26.0
2025-02-24 06:00:00+00:00,106.7265625,106.7265625,106.7265625,106.7265625,1245.0
2025-02-24 06:01:00+00:00,106.71875,106.7265625,106.71875,106.7265625,4595.0
2025-02-24 06:02:00+00:00,106.7265625,106.7265625,106.7265625,106.7265625,235.0
2025-02-24 06:04:00+00:00,106.71875,106.71875,106.71875,106.71875,71.0
2025-02-24 06:06:00+00:00,106.7265625,106.7265625,106.7265625,106.7265625,194.0
2025-02-24 06:07:00+00:00,106.7265625,106.7265625,106.7265625,106.7265625,187.0
2025-02-24 06:11:00+00:00,106.71875,106.71875,106.71875,106.71875,384.0
2025-02-24 06:12:00+00:00,106.71875,106.71875,106.71875,106.71875,73.0
2025-02-24 06:13:00+00:00,106.71875,106.71875,106.71875,106.71875,270.0
2025-02-24 06:20:00+00:00,106.71875,106.71875,106.71875,106.71875,227.0
2025-02-24 06:21:00+00:00,106.71875,106.71875,106.71875,106.71875,81.0
2025-02-24 06:22:00+00:00,106.71875,106.71875,106.71875,106.71875,225.0
2025-02-24 06:24:00+00:00,106.7109375,106.7109375,106.7109375,106.7109375,127.0
2025-02-24 06:26:00+00:00,106.71875,106.71875,106.71875,106.71875,183.0
2025-02-24 06:30:00+00:00,106.7109375,106.7109375,106.7109375,106.7109375,80.0
2025-02-24 06:33:00+00:00,106.71875,106.71875,106.71875,106.71875,76.0
2025-02-24 06:34:00+00:00,106.71875,106.71875,106.71875,106.71875,190.0
2025-02-24 06:37:00+00:00,106.71875,106.71875,106.71875,106.71875,97.0
2025-02-24 06:38:00+00:00,106.703125,106.71875,106.703125,106.7109375,980.0
2025-02-24 06:39:00+00:00,106.703125,106.703125,106.703125,106.703125,360.0
2025-02-24 06:40:00+00:00,106.703125,106.703125,106.703125,106.703125,192.0
2025-02-24 06:44:00+00:00,106.703125,106.703125,106.703125,106.703125,24.0
2025-02-24 06:46:00+00:00,106.6953125,106.6953125,106.6953125,106.6953125,124.0
2025-02-24 06:47:00+00:00,106.6953125,106.6953125,106.6953125,106.6953125,24.0
2025-02-24 06:49:00+00:00,106.703125,106.703125,106.703125,106.703125,443.0
2025-02-24 06:50:00+00:00,106.703125,106.703125,106.703125,106.703125,342.0
2025-02-24 06:51:00+00:00,106.703125,106.703125,106.703125,106.703125,366.0
2025-02-24 06:52:00+00:00,106.703125,106.703125,106.703125,106.703125,82.0
2025-02-24 06:53:00+00:00,106.703125,106.703125,106.703125,106.703125,31.0
2025-02-24 06:54:00+00:00,106.703125,106.703125,106.703125,106.703125,984.0
2025-02-24 06:56:00+00:00,106.6953125,106.703125,106.6953125,106.6953125,684.0
2025-02-24 06:57:00+00:00,106.6953125,106.6953125,106.6953125,106.6953125,80.0
2025-02-24 06:58:00+00:00,106.6953125,106.6953125,106.6875,106.6953125,188.0
2025-02-24 07:00:00+00:00,106.703125,106.703125,106.6875,106.6953125,755.0
2025-02-24 07:01:00+00:00,106.7109375,106.7109375,106.703125,106.703125,1163.0
2025-02-24 07:02:00+00:00,106.703125,106.703125,106.703125,106.703125,293.0
2025-02-24 07:03:00+00:00,106.7109375,106.7109375,106.703125,106.703125,502.0
2025-02-24 07:04:00+00:00,106.7109375,106.7109375,106.703125,106.7109375,386.0
2025-02-24 07:05:00+00:00,106.703125,106.703125,106.6953125,106.703125,299.0
2025-02-24 07:06:00+00:00,106.703125,106.7109375,106.703125,106.7109375,203.0
2025-02-24 07:07:00+00:00,106.703125,106.703125,106.703125,106.703125,434.0
2025-02-24 07:08:00+00:00,106.703125,106.703125,106.703125,106.703125,215.0
2025-02-24 07:10:00+00:00,106.703125,106.703125,106.703125,106.703125,181.0
2025-02-24 07:11:00+00:00,106.703125,106.703125,106.703125,106.703125,15.0
2025-02-24 07:12:00+00:00,106.7109375,106.7109375,106.7109375,106.7109375,509.0
2025-02-24 07:13:00+00:00,106.703125,106.703125,106.703125,106.703125,854.0
2025-02-24 07:14:00+00:00,106.6953125,106.6953125,106.6953125,106.6953125,398.0
2025-02-24 07:15:00+00:00,106.6953125,106.6953125,106.6953125,106.6953125,370.0
2025-02-24 07:16:00+00:00,106.6875,106.6953125,106.6875,106.6953125,199.0
2025-02-24 07:17:00+00:00,106.6875,106.6875,106.6875,106.6875,879.0
2025-02-24 07:18:00+00:00,106.6796875,106.6875,106.6796875,106.6875,580.0
2025-02-24 07:19:00+00:00,106.6875,106.6875,106.6796875,106.6875,420.0
2025-02-24 07:20:00+00:00,106.6875,106.6875,106.6875,106.6875,69.0
2025-02-24 07:21:00+00:00,106.6953125,106.6953125,106.6953125,106.6953125,11.0
2025-02-24 07:22:00+00:00,106.6875,106.6875,106.6875,106.6875,435.0
2025-02-24 07:23:00+00:00,106.6875,106.6875,106.6875,106.6875,916.0
2025-02-24 07:24:00+00:00,106.6875,106.6875,106.6875,106.6875,221.0
2025-02-24 07:25:00+00:00,106.6953125,106.6953125,106.6875,106.6875,515.0
2025-02-24 07:26:00+00:00,106.6953125,106.6953125,106.6953125,106.6953125,77.0
2025-02-24 07:27:00+00:00,106.6953125,106.6953125,106.6953125,106.6953125,475.0
2025-02-24 07:28:00+00:00,106.703125,106.703125,106.6953125,106.6953125,671.0
2025-02-24 07:29:00+00:00,106.6953125,106.6953125,106.6953125,106.6953125,99.0
2025-02-24 07:30:00+00:00,106.703125,106.703125,106.6953125,106.6953125,266.0
2025-02-24 07:31:00+00:00,106.6953125,106.6953125,106.6953125,106.6953125,354.0
2025-02-24 07:33:00+00:00,106.703125,106.703125,106.703125,106.703125,816.0
2025-02-24 07:34:00+00:00,106.703125,106.703125,106.703125,106.703125,130.0
2025-02-24 07:35:00+00:00,106.7109375,106.7109375,106.7109375,106.7109375,360.0
2025-02-24 07:36:00+00:00,106.71875,106.71875,106.7109375,106.7109375,1148.0
2025-02-24 07:37:00+00:00,106.7109375,106.71875,106.7109375,106.7109375,322.0
2025-02-24 07:38:00+00:00,106.71875,106.71875,106.7109375,106.7109375,628.0
2025-02-24 07:39:00+00:00,106.7265625,106.7265625,106.71875,106.71875,932.0
2025-02-24 07:40:00+00:00,106.7265625,106.7265625,106.7265625,106.7265625,798.0
2025-02-24 07:41:00+00:00,106.7265625,106.734375,106.71875,106.7265625,1244.0
2025-02-24 07:42:00+00:00,106.734375,106.734375,106.7265625,106.7265625,435.0
2025-02-24 07:43:00+00:00,106.734375,106.734375,106.734375,106.734375,10.0
2025-02-24 07:44:00+00:00,106.7265625,106.734375,106.71875,106.734375,4495.0
2025-02-24 07:45:00+00:00,106.71875,106.7265625,106.71875,106.7265625,3629.0
2025-02-24 07:46:00+00:00,106.7265625,106.7265625,106.71875,106.71875,861.0
2025-02-24 07:47:00+00:00,106.7109375,106.71875,106.7109375,106.71875,1422.0
2025-02-24 07:48:00+00:00,106.71875,106.71875,106.71875,106.71875,20.0
2025-02-24 07:49:00+00:00,106.7109375,106.71875,106.7109375,106.7109375,232.0
2025-02-24 07:50:00+00:00,106.71875,106.71875,106.7109375,106.71875,2150.0
2025-02-24 07:51:00+00:00,106.7265625,106.734375,106.7265625,106.7265625,1594.0
2025-02-24 07:52:00+00:00,106.71875,106.71875,106.7109375,106.71875,1193.0
2025-02-24 07:53:00+00:00,106.7109375,106.71875,106.7109375,106.71875,1944.0
2025-02-24 07:55:00+00:00,106.7109375,106.7109375,106.7109375,106.7109375,1916.0
2025-02-24 07:56:00+00:00,106.7109375,106.7109375,106.7109375,106.7109375,421.0
2025-02-24 07:58:00+00:00,106.7109375,106.7109375,106.7109375,106.7109375,246.0
2025-02-24 07:59:00+00:00,106.7109375,106.7109375,106.7109375,106.7109375,465.0
2025-02-24 08:00:00+00:00,106.7109375,106.7109375,106.703125,106.7109375,952.0
2025-02-24 08:01:00+00:00,106.71875,106.71875,106.7109375,106.7109375,215.0
2025-02-24 08:02:00+00:00,106.7109375,106.71875,106.7109375,106.71875,92.0
2025-02-24 08:03:00+00:00,106.71875,106.71875,106.7109375,106.71875,3178.0
2025-02-24 08:04:00+00:00,106.71875,106.71875,106.71875,106.71875,521.0
2025-02-24 08:05:00+00:00,106.7109375,106.7109375,106.7109375,106.7109375,964.0
2025-02-24 08:07:00+00:00,106.7109375,106.7109375,106.7109375,106.7109375,680.0
2025-02-24 08:08:00+00:00,106.7109375,106.71875,106.7109375,106.71875,456.0
2025-02-24 08:09:00+00:00,106.71875,106.71875,106.71875,106.71875,1952.0
2025-02-24 08:10:00+00:00,106.71875,106.71875,106.7109375,106.71875,3440.0
2025-02-24 08:11:00+00:00,106.71875,106.71875,106.71875,106.71875,3661.0
2025-02-24 08:12:00+00:00,106.71875,106.71875,106.7109375,106.71875,103.0
2025-02-24 08:13:00+00:00,106.7109375,106.71875,106.7109375,106.7109375,1112.0
2025-02-24 08:14:00+00:00,106.7265625,106.7265625,106.7109375,106.7109375,2372.0
2025-02-24 08:15:00+00:00,106.7421875,106.7421875,106.7265625,106.734375,5963.0
2025-02-24 08:16:00+00:00,106.734375,106.7421875,106.7265625,106.734375,1887.0
2025-02-24 08:17:00+00:00,106.7421875,106.7421875,106.734375,106.734375,8781.0
2025-02-24 08:18:00+00:00,106.7421875,106.7421875,106.7421875,106.7421875,518.0
2025-02-24 08:19:00+00:00,106.75,106.75,106.7421875,106.7421875,363.0
2025-02-24 08:20:00+00:00,106.75,106.75,106.75,106.75,1167.0
2025-02-24 08:21:00+00:00,106.75,106.75,106.7421875,106.75,743.0
2025-02-24 08:22:00+00:00,106.75,106.75,106.7421875,106.75,874.0
2025-02-24 08:23:00+00:00,106.75,106.75,106.7421875,106.7421875,554.0
2025-02-24 08:24:00+00:00,106.7578125,106.7578125,106.7421875,106.7421875,586.0
2025-02-24 08:25:00+00:00,106.7578125,106.7578125,106.7578125,106.7578125,556.0
2025-02-24 08:26:00+00:00,106.7578125,106.7578125,106.75,106.75,2235.0
2025-02-24 08:27:00+00:00,106.765625,106.7734375,106.765625,106.765625,45351.0
2025-02-24 08:28:00+00:00,106.7578125,106.7734375,106.7578125,106.7734375,446.0
2025-02-24 08:29:00+00:00,106.765625,106.765625,106.7578125,106.7578125,994.0
2025-02-24 08:30:00+00:00,106.765625,106.765625,106.7578125,106.7578125,214.0
2025-02-24 08:31:00+00:00,106.7578125,106.765625,106.7578125,106.765625,361.0
2025-02-24 08:32:00+00:00,106.765625,106.765625,106.765625,106.765625,300.0
2025-02-24 08:33:00+00:00,106.765625,106.765625,106.7578125,106.765625,3062.0
2025-02-24 08:34:00+00:00,106.7578125,106.765625,106.7578125,106.765625,735.0
2025-02-24 08:35:00+00:00,106.75,106.7578125,106.75,106.7578125,470.0
2025-02-24 08:36:00+00:00,106.7578125,106.7578125,106.75,106.7578125,844.0
2025-02-24 08:37:00+00:00,106.7578125,106.7578125,106.7578125,106.7578125,654.0
2025-02-24 08:38:00+00:00,106.7578125,106.7578125,106.7578125,106.7578125,491.0
2025-02-24 08:39:00+00:00,106.7578125,106.765625,106.7578125,106.765625,75.0
2025-02-24 08:40:00+00:00,106.7734375,106.7734375,106.765625,106.765625,8345.0
2025-02-24 08:41:00+00:00,106.7578125,106.765625,106.7578125,106.765625,422.0
2025-02-24 08:42:00+00:00,106.7578125,106.7578125,106.7578125,106.7578125,7718.0
2025-02-24 08:43:00+00:00,106.75,106.75,106.75,106.75,66.0
2025-02-24 08:44:00+00:00,106.75,106.75,106.75,106.75,1688.0
2025-02-24 08:45:00+00:00,106.75,106.75,106.75,106.75,410.0
2025-02-24 08:46:00+00:00,106.7421875,106.7421875,106.7421875,106.7421875,18996.0
2025-02-24 08:47:00+00:00,106.734375,106.734375,106.734375,106.734375,3822.0
2025-02-24 08:48:00+00:00,106.734375,106.734375,106.734375,106.734375,126.0
2025-02-24 08:49:00+00:00,106.7265625,106.7265625,106.7265625,106.7265625,550.0
2025-02-24 08:50:00+00:00,106.7265625,106.734375,106.7265625,106.734375,647.0
2025-02-24 08:51:00+00:00,106.734375,106.734375,106.734375,106.734375,571.0
2025-02-24 08:52:00+00:00,106.7265625,106.734375,106.7265625,106.734375,830.0
2025-02-24 08:54:00+00:00,106.7265625,106.7265625,106.7265625,106.7265625,68.0
2025-02-24 08:55:00+00:00,106.7421875,106.7421875,106.7265625,106.7265625,2644.0
2025-02-24 08:56:00+00:00,106.7421875,106.7421875,106.7421875,106.7421875,14.0
2025-02-24 08:57:00+00:00,106.75,106.75,106.7421875,106.7421875,211.0
2025-02-24 08:58:00+00:00,106.7578125,106.7578125,106.75,106.75,1280.0
2025-02-24 08:59:00+00:00,106.7578125,106.7578125,106.75,106.75,862.0
2025-02-24 09:00:00+00:00,106.7578125,106.765625,106.7578125,106.7578125,11553.0
2025-02-24 09:01:00+00:00,106.7421875,106.7578125,106.734375,106.7578125,15310.0
2025-02-24 09:02:00+00:00,106.75,106.75,106.7421875,106.7421875,2249.0
2025-02-24 09:03:00+00:00,106.75,106.75,106.75,106.75,846.0
2025-02-24 09:04:00+00:00,106.75,106.75,106.7421875,106.75,867.0
2025-02-24 09:05:00+00:00,106.7421875,106.75,106.7421875,106.75,266.0
2025-02-24 09:06:00+00:00,106.7421875,106.75,106.7421875,106.7421875,9831.0
2025-02-24 09:07:00+00:00,106.734375,106.734375,106.734375,106.734375,545.0
2025-02-24 09:08:00+00:00,106.734375,106.7421875,106.734375,106.7421875,320.0
2025-02-24 09:09:00+00:00,106.734375,106.734375,106.734375,106.734375,204.0
2025-02-24 09:10:00+00:00,106.7421875,106.7421875,106.734375,106.734375,586.0
2025-02-24 09:11:00+00:00,106.734375,106.734375,106.734375,106.734375,438.0
2025-02-24 09:12:00+00:00,106.734375,106.734375,106.734375,106.734375,422.0
2025-02-24 09:13:00+00:00,106.734375,106.734375,106.734375,106.734375,364.0
2025-02-24 09:14:00+00:00,106.734375,106.734375,106.734375,106.734375,20.0
2025-02-24 09:24:00+00:00,106.7421875,106.7421875,106.74199676513672,106.74199676513672,12711.0
2025-02-24 09:25:00+00:00,106.7421875,106.7421875,106.7421875,106.7421875,476.0
2025-02-24 09:26:00+00:00,106.7421875,106.7421875,106.7421875,106.7421875,550.0
2025-02-24 09:27:00+00:00,106.734375,106.734375,106.734375,106.734375,27.0
2025-02-24 09:28:00+00:00,106.734375,106.734375,106.734375,106.734375,698.0
2025-02-24 09:29:00+00:00,106.734375,106.734375,106.734375,106.734375,542.0
2025-02-24 09:30:00+00:00,106.734375,106.734375,106.7265625,106.734375,379.0
2025-02-24 09:31:00+00:00,106.7265625,106.734375,106.7265625,106.734375,107.0
2025-02-24 09:32:00+00:00,106.7265625,106.7265625,106.7265625,106.7265625,591.0
2025-02-24 09:33:00+00:00,106.7265625,106.7265625,106.7265625,106.7265625,180.0
2025-02-24 09:34:00+00:00,106.7265625,106.734375,106.7265625,106.734375,38.0
2025-02-24 09:35:00+00:00,106.7265625,106.7265625,106.7265625,106.7265625,172.0
2025-02-24 09:36:00+00:00,106.7265625,106.734375,106.7265625,106.734375,2709.0
2025-02-24 09:37:00+00:00,106.7265625,106.7265625,106.7265625,106.7265625,391.0
2025-02-24 09:38:00+00:00,106.7265625,106.7265625,106.7265625,106.7265625,504.0
2025-02-24 09:39:00+00:00,106.7265625,106.7265625,106.7265625,106.7265625,157.0
2025-02-24 09:40:00+00:00,106.7265625,106.734375,106.7265625,106.734375,844.0
2025-02-24 09:41:00+00:00,106.734375,106.734375,106.7265625,106.7265625,1083.0
2025-02-24 09:42:00+00:00,106.7265625,106.734375,106.7265625,106.734375,621.0
2025-02-24 09:44:00+00:00,106.734375,106.734375,106.7265625,106.7265625,109.0
2025-02-24 09:45:00+00:00,106.7265625,106.7265625,106.7265625,106.7265625,355.0
2025-02-24 09:46:00+00:00,106.7265625,106.7265625,106.7265625,106.7265625,279.0
2025-02-24 09:47:00+00:00,106.7265625,106.7265625,106.7265625,106.7265625,384.0
2025-02-24 09:48:00+00:00,106.7265625,106.7265625,106.7265625,106.7265625,428.0
2025-02-24 09:49:00+00:00,106.7265625,106.7265625,106.7265625,106.7265625,1222.0
2025-02-24 09:50:00+00:00,106.7265625,106.7265625,106.7265625,106.7265625,6670.0
2025-02-24 09:51:00+00:00,106.7265625,106.7265625,106.7265625,106.7265625,401.0
2025-02-24 09:52:00+00:00,106.734375,106.734375,106.7265625,106.7265625,243.0
2025-02-24 09:53:00+00:00,106.734375,106.734375,106.734375,106.734375,384.0
2025-02-24 09:54:00+00:00,106.734375,106.734375,106.734375,106.734375,368.0
2025-02-24 09:55:00+00:00,106.734375,106.734375,106.734375,106.734375,94.0
2025-02-24 09:56:00+00:00,106.7265625,106.7265625,106.7265625,106.7265625,296.0
2025-02-24 09:57:00+00:00,106.7265625,106.7265625,106.7265625,106.7265625,370.0
2025-02-24 09:58:00+00:00,106.734375,106.734375,106.71875,106.7265625,2615.0
2025-02-24 10:00:00+00:00,106.7421875,106.7421875,106.7265625,106.734375,3997.0
2025-02-24 10:01:00+00:00,106.734375,106.734375,106.734375,106.734375,164.0
2025-02-24 10:02:00+00:00,106.7421875,106.7421875,106.734375,106.734375,56.0
2025-02-24 10:03:00+00:00,106.7421875,106.7421875,106.7421875,106.7421875,222.0
2025-02-24 10:04:00+00:00,106.7421875,106.75,106.734375,106.734375,574.0
2025-02-24 10:05:00+00:00,106.7421875,106.7421875,106.7421875,106.7421875,757.0
2025-02-24 10:06:00+00:00,106.734375,106.734375,106.734375,106.734375,243.0
2025-02-24 10:07:00+00:00,106.7265625,106.7265625,106.7265625,106.7265625,1427.0
2025-02-24 10:08:00+00:00,106.7265625,106.734375,106.7265625,106.734375,147.0
2025-02-24 10:09:00+00:00,106.734375,106.734375,106.7265625,106.7265625,133.0
2025-02-24 10:10:00+00:00,106.734375,106.734375,106.734375,106.734375,1035.0
2025-02-24 10:11:00+00:00,106.734375,106.7421875,106.7265625,106.734375,1751.0
2025-02-24 10:12:00+00:00,106.7265625,106.734375,106.7265625,106.734375,71.0
2025-02-24 10:13:00+00:00,106.734375,106.734375,106.7265625,106.734375,1729.0
2025-02-24 10:14:00+00:00,106.734375,106.734375,106.734375,106.734375,292.0
2025-02-24 10:15:00+00:00,106.71875,106.734375,106.71875,106.734375,458.0
2025-02-24 10:16:00+00:00,106.71875,106.71875,106.71875,106.71875,3025.0
2025-02-24 10:17:00+00:00,106.7109375,106.71875,106.7109375,106.71875,99.0
2025-02-24 10:18:00+00:00,106.71875,106.71875,106.7109375,106.7109375,604.0
2025-02-24 10:19:00+00:00,106.71875,106.71875,106.71875,106.71875,935.0
2025-02-24 10:20:00+00:00,106.71875,106.71875,106.71875,106.71875,306.0
2025-02-24 10:21:00+00:00,106.71875,106.71875,106.71875,106.71875,255.0
2025-02-24 10:22:00+00:00,106.71875,106.71875,106.7109375,106.71875,4826.0
2025-02-24 10:23:00+00:00,106.71875,106.71875,106.71875,106.71875,412.0
2025-02-24 10:24:00+00:00,106.71875,106.71875,106.71875,106.71875,162.0
2025-02-24 10:25:00+00:00,106.71875,106.71875,106.7109375,106.7109375,73.0
2025-02-24 10:26:00+00:00,106.71875,106.71875,106.71875,106.71875,392.0
2025-02-24 10:28:00+00:00,106.71875,106.71875,106.71875,106.71875,633.0
2025-02-24 10:29:00+00:00,106.7109375,106.71875,106.7109375,106.71875,252.0
2025-02-24 10:30:00+00:00,106.7109375,106.71875,106.7109375,106.71875,135.0
2025-02-24 10:32:00+00:00,106.71875,106.71875,106.71875,106.71875,703.0
2025-02-24 10:33:00+00:00,106.71875,106.71875,106.71875,106.71875,603.0
2025-02-24 10:34:00+00:00,106.71875,106.7265625,106.71875,106.7265625,313.0
2025-02-24 10:35:00+00:00,106.71875,106.71875,106.71875,106.71875,398.0
2025-02-24 10:36:00+00:00,106.7109375,106.71875,106.7109375,106.71875,174.0
2025-02-24 10:37:00+00:00,106.7109375,106.71875,106.7109375,106.7109375,2040.0
2025-02-24 10:38:00+00:00,106.7109375,106.7109375,106.7109375,106.7109375,614.0
2025-02-24 10:40:00+00:00,106.7109375,106.71875,106.7109375,106.7109375,494.0
2025-02-24 10:41:00+00:00,106.7109375,106.7109375,106.7109375,106.7109375,298.0
2025-02-24 10:43:00+00:00,106.7109375,106.7109375,106.703125,106.703125,200.0
2025-02-24 10:44:00+00:00,106.7109375,106.7109375,106.703125,106.703125,535.0
2025-02-24 10:45:00+00:00,106.7109375,106.7109375,106.7109375,106.7109375,193.0
2025-02-24 10:47:00+00:00,106.7109375,106.71875,106.7109375,106.7109375,1202.0
2025-02-24 10:48:00+00:00,106.7109375,106.7109375,106.7109375,106.7109375,1160.0
2025-02-24 10:49:00+00:00,106.6953125,106.7109375,106.6953125,106.7109375,1328.0
2025-02-24 10:50:00+00:00,106.6953125,106.6953125,106.6953125,106.6953125,94.0
2025-02-24 10:51:00+00:00,106.7109375,106.7109375,106.6953125,106.703125,1553.0
2025-02-24 10:52:00+00:00,106.7109375,106.71875,106.7109375,106.7109375,788.0
2025-02-24 10:53:00+00:00,106.71875,106.71875,106.7109375,106.7109375,1124.0
2025-02-24 10:54:00+00:00,106.71875,106.71875,106.7109375,106.7109375,1371.0
2025-02-24 10:55:00+00:00,106.7109375,106.7109375,106.7109375,106.7109375,30.0
2025-02-24 10:56:00+00:00,106.7109375,106.7109375,106.7109375,106.7109375,596.0
2025-02-24 10:57:00+00:00,106.7109375,106.7109375,106.703125,106.703125,56.0
2025-02-24 10:58:00+00:00,106.7109375,106.7109375,106.7109375,106.7109375,429.0
2025-02-24 10:59:00+00:00,106.7109375,106.71875,106.7109375,106.7109375,384.0
2025-02-24 11:00:00+00:00,106.7109375,106.7109375,106.7109375,106.7109375,196.0
2025-02-24 11:01:00+00:00,106.7109375,106.7109375,106.7109375,106.7109375,28.0
2025-02-24 11:03:00+00:00,106.7109375,106.7109375,106.7109375,106.7109375,206.0
2025-02-24 11:04:00+00:00,106.7109375,106.7109375,106.7109375,106.7109375,153.0
2025-02-24 11:05:00+00:00,106.7109375,106.7109375,106.7109375,106.7109375,252.0
2025-02-24 11:06:00+00:00,106.7109375,106.7109375,106.7109375,106.7109375,101.0
2025-02-24 11:07:00+00:00,106.7109375,106.7109375,106.7109375,106.7109375,79.0
2025-02-24 11:08:00+00:00,106.703125,106.7109375,106.703125,106.7109375,393.0
2025-02-24 11:09:00+00:00,106.703125,106.703125,106.703125,106.703125,201.0
2025-02-24 11:10:00+00:00,106.7109375,106.7109375,106.703125,106.7109375,323.0
2025-02-24 11:11:00+00:00,106.7109375,106.7109375,106.7109375,106.7109375,39.0
2025-02-24 11:21:00+00:00,106.71875,106.71875,106.7109375,106.71099853515625,3789.0
2025-02-24 11:22:00+00:00,106.7109375,106.71875,106.7109375,106.71875,163.0
2025-02-24 11:23:00+00:00,106.7109375,106.7109375,106.7109375,106.7109375,265.0
2025-02-24 11:24:00+00:00,106.71875,106.71875,106.71875,106.71875,562.0
2025-02-24 11:25:00+00:00,106.71875,106.71875,106.71875,106.71875,238.0
2025-02-24 11:26:00+00:00,106.71875,106.71875,106.71875,106.71875,134.0
2025-02-24 11:27:00+00:00,106.71875,106.71875,106.7109375,106.7109375,164.0
2025-02-24 11:28:00+00:00,106.71875,106.71875,106.71875,106.71875,695.0
2025-02-24 11:29:00+00:00,106.71875,106.71875,106.71875,106.71875,385.0
2025-02-24 11:30:00+00:00,106.71875,106.7265625,106.71875,106.71875,388.0
2025-02-24 11:31:00+00:00,106.7265625,106.7265625,106.71875,106.71875,258.0
2025-02-24 11:32:00+00:00,106.71875,106.71875,106.71875,106.71875,31.0
2025-02-24 11:33:00+00:00,106.7109375,106.71875,106.7109375,106.71875,1547.0
2025-02-24 11:34:00+00:00,106.7109375,106.71875,106.7109375,106.7109375,372.0
2025-02-24 11:35:00+00:00,106.7109375,106.7109375,106.703125,106.703125,420.0
2025-02-24 11:36:00+00:00,106.7109375,106.7109375,106.7109375,106.7109375,297.0
2025-02-24 11:38:00+00:00,106.7109375,106.7109375,106.703125,106.703125,272.0
2025-02-24 11:40:00+00:00,106.7109375,106.7109375,106.7109375,106.7109375,474.0
2025-02-24 11:41:00+00:00,106.71875,106.71875,106.7109375,106.7109375,401.0
2025-02-24 11:43:00+00:00,106.7109375,106.71875,106.7109375,106.71875,564.0
2025-02-24 11:44:00+00:00,106.7109375,106.7109375,106.703125,106.7109375,1508.0
2025-02-24 11:45:00+00:00,106.703125,106.7109375,106.703125,106.7109375,462.0
2025-02-24 11:46:00+00:00,106.703125,106.703125,106.703125,106.703125,180.0
2025-02-24 11:48:00+00:00,106.703125,106.703125,106.703125,106.703125,705.0
2025-02-24 11:49:00+00:00,106.7109375,106.7109375,106.703125,106.703125,2361.0
2025-02-24 11:50:00+00:00,106.7109375,106.7109375,106.7109375,106.7109375,245.0
2025-02-24 11:51:00+00:00,106.703125,106.7109375,106.703125,106.703125,429.0
2025-02-24 11:52:00+00:00,106.703125,106.7109375,106.703125,106.703125,406.0
2025-02-24 11:53:00+00:00,106.703125,106.7109375,106.703125,106.703125,1250.0
2025-02-24 11:54:00+00:00,106.703125,106.703125,106.703125,106.703125,347.0
2025-02-24 11:55:00+00:00,106.703125,106.703125,106.703125,106.703125,49.0
2025-02-24 11:56:00+00:00,106.703125,106.703125,106.703125,106.703125,1015.0
2025-02-24 11:58:00+00:00,106.703125,106.703125,106.703125,106.703125,94.0
2025-02-24 11:59:00+00:00,106.6953125,106.703125,106.6953125,106.703125,972.0
2025-02-24 12:00:00+00:00,106.6953125,106.6953125,106.6953125,106.6953125,211.0
2025-02-24 12:01:00+00:00,106.6953125,106.703125,106.6953125,106.703125,52.0
2025-02-24 12:02:00+00:00,106.7109375,106.7109375,106.703125,106.703125,1557.0
2025-02-24 12:04:00+00:00,106.71875,106.71875,106.703125,106.703125,2275.0
2025-02-24 12:05:00+00:00,106.71875,106.71875,106.71875,106.71875,237.0
2025-02-24 12:06:00+00:00,106.71875,106.71875,106.7109375,106.71875,8017.0
2025-02-24 12:07:00+00:00,106.7109375,106.7109375,106.7109375,106.7109375,227.0
2025-02-24 12:08:00+00:00,106.7109375,106.71875,106.7109375,106.71875,2190.0
2025-02-24 12:09:00+00:00,106.7109375,106.7109375,106.7109375,106.7109375,636.0
2025-02-24 12:10:00+00:00,106.71875,106.71875,106.7109375,106.7109375,1203.0
2025-02-24 12:11:00+00:00,106.7109375,106.7109375,106.7109375,106.7109375,70.0
2025-02-24 12:12:00+00:00,106.7109375,106.7109375,106.7109375,106.7109375,159.0
2025-02-24 12:13:00+00:00,106.71875,106.71875,106.7109375,106.71875,409.0
2025-02-24 12:14:00+00:00,106.71875,106.71875,106.71875,106.71875,785.0
2025-02-24 12:16:00+00:00,106.7109375,106.71875,106.7109375,106.71875,947.0
2025-02-24 12:17:00+00:00,106.7109375,106.7109375,106.7109375,106.7109375,427.0
2025-02-24 12:18:00+00:00,106.71875,106.71875,106.7109375,106.7109375,8969.0
2025-02-24 12:20:00+00:00,106.7109375,106.7109375,106.7109375,106.7109375,307.0
2025-02-24 12:21:00+00:00,106.703125,106.703125,106.703125,106.703125,308.0
2025-02-24 12:23:00+00:00,106.7109375,106.7109375,106.703125,106.703125,303.0
2025-02-24 12:24:00+00:00,106.703125,106.703125,106.703125,106.703125,421.0
2025-02-24 12:25:00+00:00,106.703125,106.703125,106.6953125,106.703125,676.0
2025-02-24 12:26:00+00:00,106.703125,106.7109375,106.703125,106.703125,1202.0
2025-02-24 12:29:00+00:00,106.703125,106.703125,106.6953125,106.6953125,418.0
2025-02-24 12:30:00+00:00,106.703125,106.703125,106.703125,106.703125,156.0
2025-02-24 12:31:00+00:00,106.703125,106.703125,106.6953125,106.703125,575.0
2025-02-24 12:32:00+00:00,106.6953125,106.703125,106.6953125,106.6953125,856.0
2025-02-24 12:33:00+00:00,106.6953125,106.6953125,106.6953125,106.6953125,576.0
2025-02-24 12:34:00+00:00,106.6875,106.6953125,106.6875,106.6953125,121.0
2025-02-24 12:35:00+00:00,106.6953125,106.6953125,106.6875,106.6953125,347.0
2025-02-24 12:36:00+00:00,106.6953125,106.6953125,106.6875,106.6875,317.0
2025-02-24 12:37:00+00:00,106.6953125,106.6953125,106.6953125,106.6953125,417.0
2025-02-24 12:38:00+00:00,106.6953125,106.6953125,106.6953125,106.6953125,688.0
2025-02-24 12:39:00+00:00,106.6953125,106.703125,106.6875,106.6953125,1347.0
2025-02-24 12:40:00+00:00,106.6953125,106.6953125,106.6953125,106.6953125,707.0
2025-02-24 12:41:00+00:00,106.6953125,106.6953125,106.6953125,106.6953125,322.0
2025-02-24 12:42:00+00:00,106.6875,106.6875,106.6796875,106.6875,766.0
2025-02-24 12:43:00+00:00,106.6875,106.6875,106.6875,106.6875,1100.0
2025-02-24 12:44:00+00:00,106.6875,106.6875,106.6875,106.6875,516.0
2025-02-24 12:45:00+00:00,106.6875,106.6875,106.6875,106.6875,403.0
2025-02-24 12:46:00+00:00,106.6796875,106.6875,106.6796875,106.6875,249.0
2025-02-24 12:47:00+00:00,106.6796875,106.6796875,106.6796875,106.6796875,11019.0
2025-02-24 12:48:00+00:00,106.6796875,106.6875,106.671875,106.6796875,3165.0
2025-02-24 12:49:00+00:00,106.671875,106.6796875,106.671875,106.6796875,1216.0
2025-02-24 12:50:00+00:00,106.671875,106.6796875,106.671875,106.671875,5460.0
2025-02-24 12:51:00+00:00,106.671875,106.6796875,106.671875,106.671875,5637.0
2025-02-24 12:52:00+00:00,106.6796875,106.6796875,106.671875,106.671875,853.0
2025-02-24 12:53:00+00:00,106.671875,106.6796875,106.671875,106.6796875,197.0
2025-02-24 12:54:00+00:00,106.671875,106.6796875,106.671875,106.671875,109.0
2025-02-24 12:55:00+00:00,106.671875,106.6796875,106.671875,106.671875,225.0
2025-02-24 12:56:00+00:00,106.6640625,106.671875,106.6640625,106.671875,6089.0
2025-02-24 12:57:00+00:00,106.671875,106.671875,106.6640625,106.671875,40615.0
2025-02-24 12:58:00+00:00,106.671875,106.6796875,106.6640625,106.671875,18902.0
2025-02-24 12:59:00+00:00,106.671875,106.6796875,106.671875,106.6796875,6126.0
2025-02-24 13:00:00+00:00,106.6796875,106.6796875,106.671875,106.6796875,1561.0
2025-02-24 13:01:00+00:00,106.671875,106.671875,106.6640625,106.671875,3389.0
2025-02-24 13:02:00+00:00,106.6640625,106.671875,106.6640625,106.671875,171.0
2025-02-24 13:03:00+00:00,106.671875,106.671875,106.6640625,106.6640625,1505.0
2025-02-24 13:04:00+00:00,106.671875,106.6796875,106.6640625,106.6640625,4831.0
2025-02-24 13:05:00+00:00,106.6640625,106.671875,106.65625,106.6640625,323703.0
2025-02-24 13:06:00+00:00,106.6796875,106.6796875,106.65625,106.6640625,5041.0
2025-02-24 13:07:00+00:00,106.6875,106.6953125,106.671875,106.671875,4971.0
2025-02-24 13:08:00+00:00,106.703125,106.703125,106.6875,106.6953125,126641.0
2025-02-24 13:09:00+00:00,106.7109375,106.7109375,106.703125,106.703125,42423.0
2025-02-24 13:10:00+00:00,106.703125,106.71875,106.6953125,106.71875,6466.0
2025-02-24 13:11:00+00:00,106.7109375,106.7109375,106.703125,106.703125,7657.0
2025-02-24 13:12:00+00:00,106.7109375,106.7109375,106.7109375,106.7109375,501.0
2025-02-24 13:13:00+00:00,106.71875,106.71875,106.7109375,106.71875,3665.0
2025-02-24 13:14:00+00:00,106.71875,106.71875,106.7109375,106.7109375,6133.0
2025-02-24 13:15:00+00:00,106.7265625,106.7265625,106.7109375,106.71875,2701.0
2025-02-24 13:16:00+00:00,106.7421875,106.7421875,106.734375,106.734375,2344.0
2025-02-24 13:17:00+00:00,106.7421875,106.75,106.734375,106.75,3038.0
2025-02-24 13:18:00+00:00,106.734375,106.7421875,106.734375,106.734375,1092.0
2025-02-24 13:19:00+00:00,106.7421875,106.7421875,106.734375,106.734375,528.0
2025-02-24 13:20:00+00:00,106.75,106.7578125,106.734375,106.7421875,11274.0
2025-02-24 13:21:00+00:00,106.75,106.75,106.7421875,106.75,7030.0
2025-02-24 13:22:00+00:00,106.75,106.75,106.7421875,106.7421875,1297.0
2025-02-24 13:23:00+00:00,106.75,106.75,106.7421875,106.7421875,1310.0
2025-02-24 13:24:00+00:00,106.765625,106.765625,106.75,106.7578125,3632.0
2025-02-24 13:25:00+00:00,106.7578125,106.765625,106.75,106.7578125,4439.0
2025-02-24 13:26:00+00:00,106.75,106.7578125,106.7421875,106.7578125,2607.0
2025-02-24 13:27:00+00:00,106.7421875,106.7578125,106.7421875,106.75,1989.0
2025-02-24 13:28:00+00:00,106.7421875,106.75,106.734375,106.7421875,1376.0
2025-02-24 13:29:00+00:00,106.71875,106.7421875,106.71875,106.7421875,4976.0
2025-02-24 13:30:00+00:00,106.7265625,106.7265625,106.71875,106.71875,654.0
2025-02-24 13:31:00+00:00,106.71875,106.7265625,106.7109375,106.71875,4907.0
2025-02-24 13:32:00+00:00,106.71875,106.71875,106.71875,106.71875,11329.0
2025-02-24 13:33:00+00:00,106.7265625,106.7265625,106.71875,106.7265625,1155.0
2025-02-24 13:34:00+00:00,106.7265625,106.734375,106.7265625,106.734375,2465.0
2025-02-24 13:35:00+00:00,106.734375,106.734375,106.71875,106.7265625,2126.0
2025-02-24 13:36:00+00:00,106.7265625,106.734375,106.7265625,106.734375,1592.0
2025-02-24 13:37:00+00:00,106.71875,106.734375,106.7109375,106.734375,2028.0
2025-02-24 13:38:00+00:00,106.7265625,106.7265625,106.7109375,106.7109375,516.0
2025-02-24 13:39:00+00:00,106.7109375,106.7265625,106.7109375,106.7265625,1150.0
2025-02-24 13:40:00+00:00,106.7109375,106.7109375,106.703125,106.703125,1122.0
2025-02-24 13:41:00+00:00,106.703125,106.7109375,106.6953125,106.703125,4412.0
2025-02-24 13:42:00+00:00,106.6953125,106.6953125,106.6953125,106.6953125,1536.0
2025-02-24 13:43:00+00:00,106.703125,106.703125,106.6953125,106.703125,7093.0
2025-02-24 13:44:00+00:00,106.703125,106.7109375,106.6953125,106.6953125,4188.0
2025-02-24 13:45:00+00:00,106.703125,106.703125,106.6953125,106.703125,2197.0
2025-02-24 13:46:00+00:00,106.6953125,106.703125,106.6875,106.703125,2994.0
2025-02-24 13:47:00+00:00,106.6953125,106.703125,106.6953125,106.6953125,1320.0
2025-02-24 13:48:00+00:00,106.6953125,106.703125,106.6875,106.6953125,2274.0
2025-02-24 13:49:00+00:00,106.6953125,106.6953125,106.6875,106.6953125,2069.0
2025-02-24 13:50:00+00:00,106.6953125,106.6953125,106.6875,106.6953125,3151.0
2025-02-24 13:51:00+00:00,106.6875,106.703125,106.6875,106.6875,751.0
2025-02-24 13:52:00+00:00,106.6953125,106.703125,106.6875,106.6875,682.0
2025-02-24 13:53:00+00:00,106.7109375,106.7109375,106.6953125,106.6953125,1526.0
2025-02-24 13:54:00+00:00,106.703125,106.703125,106.703125,106.703125,1339.0
2025-02-24 13:55:00+00:00,106.703125,106.703125,106.6953125,106.6953125,23206.0
2025-02-24 13:56:00+00:00,106.7109375,106.7109375,106.6953125,106.6953125,703.0
2025-02-24 13:57:00+00:00,106.7109375,106.7109375,106.703125,106.703125,2928.0
2025-02-24 13:58:00+00:00,106.703125,106.7109375,106.703125,106.7109375,2199.0
2025-02-24 13:59:00+00:00,106.7109375,106.7109375,106.703125,106.7109375,4927.0
2025-02-24 14:00:00+00:00,106.703125,106.71875,106.703125,106.7109375,1887.0
2025-02-24 14:01:00+00:00,106.7109375,106.7265625,106.7109375,106.7109375,1658.0
2025-02-24 14:02:00+00:00,106.7109375,106.71875,106.703125,106.7109375,4954.0
2025-02-24 14:03:00+00:00,106.7109375,106.7109375,106.7109375,106.7109375,829.0
2025-02-24 14:04:00+00:00,106.7109375,106.7109375,106.7109375,106.7109375,623.0
2025-02-24 14:05:00+00:00,106.7265625,106.7265625,106.71875,106.71875,2606.0
2025-02-24 14:06:00+00:00,106.7265625,106.7265625,106.7265625,106.7265625,7190.0
2025-02-24 14:07:00+00:00,106.7265625,106.734375,106.71875,106.734375,960.0
2025-02-24 14:08:00+00:00,106.71875,106.7265625,106.71875,106.7265625,970.0
2025-02-24 14:09:00+00:00,106.71875,106.7265625,106.7109375,106.71875,2628.0
2025-02-24 14:10:00+00:00,106.71875,106.71875,106.71875,106.71875,278.0
2025-02-24 14:11:00+00:00,106.71875,106.71875,106.71875,106.71875,970.0
2025-02-24 14:12:00+00:00,106.703125,106.71875,106.6953125,106.71875,10668.0
2025-02-24 14:13:00+00:00,106.6953125,106.703125,106.6953125,106.703125,937.0
2025-02-24 14:14:00+00:00,106.6875,106.703125,106.6875,106.703125,23162.0
2025-02-24 14:15:00+00:00,106.6875,106.6953125,106.6875,106.6953125,317.0
2025-02-24 14:16:00+00:00,106.6875,106.6953125,106.6875,106.6875,12988.0
2025-02-24 14:17:00+00:00,106.6875,106.6953125,106.6875,106.6875,3724.0
2025-02-24 14:18:00+00:00,106.6953125,106.6953125,106.6875,106.6953125,2125.0
2025-02-24 14:19:00+00:00,106.6875,106.6953125,106.6796875,106.6953125,2622.0
2025-02-24 14:20:00+00:00,106.6875,106.6875,106.6875,106.6875,4031.0
2025-02-24 14:21:00+00:00,106.6953125,106.6953125,106.6875,106.6875,2077.0
2025-02-24 14:22:00+00:00,106.6953125,106.703125,106.6875,106.6953125,1309.0
2025-02-24 14:23:00+00:00,106.6953125,106.703125,106.6875,106.6953125,1314.0
2025-02-24 14:24:00+00:00,106.6953125,106.6953125,106.6875,106.6953125,1851.0
2025-02-24 14:25:00+00:00,106.703125,106.703125,106.6875,106.6953125,7195.0
2025-02-24 14:26:00+00:00,106.7109375,106.7109375,106.703125,106.703125,945.0
2025-02-24 14:27:00+00:00,106.7109375,106.71875,106.703125,106.703125,14370.0
2025-02-24 14:28:00+00:00,106.7109375,106.7109375,106.703125,106.7109375,7330.0
2025-02-24 14:29:00+00:00,106.7109375,106.7109375,106.703125,106.703125,40525.0
2025-02-24 14:30:00+00:00,106.7265625,106.7265625,106.7109375,106.7109375,2517.0
2025-02-24 14:31:00+00:00,106.7109375,106.71875,106.7109375,106.71875,1512.0
2025-02-24 14:32:00+00:00,106.6953125,106.7109375,106.6875,106.7109375,8208.0
2025-02-24 14:33:00+00:00,106.703125,106.703125,106.6953125,106.6953125,3137.0
2025-02-24 14:34:00+00:00,106.703125,106.7109375,106.703125,106.703125,2756.0
2025-02-24 14:35:00+00:00,106.71875,106.71875,106.703125,106.7109375,2813.0
2025-02-24 14:36:00+00:00,106.71875,106.7265625,106.71875,106.7265625,4378.0
2025-02-24 14:37:00+00:00,106.7421875,106.75,106.7265625,106.7265625,1392.0
2025-02-24 14:38:00+00:00,106.734375,106.75,106.734375,106.75,1712.0
2025-02-24 14:39:00+00:00,106.75,106.75,106.7421875,106.7421875,3888.0
2025-02-24 14:40:00+00:00,106.7421875,106.75,106.7421875,106.75,1119.0
2025-02-24 14:41:00+00:00,106.7421875,106.75,106.7421875,106.75,787.0
2025-02-24 14:42:00+00:00,106.7578125,106.7578125,106.75,106.75,5781.0
2025-02-24 14:43:00+00:00,106.7734375,106.7734375,106.75,106.75,8088.0
2025-02-24 14:44:00+00:00,106.765625,106.7734375,106.7578125,106.7734375,5032.0
2025-02-24 14:45:00+00:00,106.765625,106.7734375,106.7578125,106.765625,2089.0
2025-02-24 14:46:00+00:00,106.765625,106.765625,106.7578125,106.7578125,1837.0
2025-02-24 14:47:00+00:00,106.7734375,106.7734375,106.7578125,106.765625,1865.0
2025-02-24 14:48:00+00:00,106.7734375,106.7734375,106.765625,106.765625,2519.0
2025-02-24 14:49:00+00:00,106.78125,106.78125,106.7734375,106.7734375,5074.0
2025-02-24 14:50:00+00:00,106.7890625,106.7890625,106.7734375,106.78125,1045.0
2025-02-24 14:51:00+00:00,106.7890625,106.796875,106.78125,106.7890625,6167.0
2025-02-24 14:52:00+00:00,106.796875,106.8046875,106.78125,106.7890625,16859.0
2025-02-24 14:53:00+00:00,106.796875,106.8046875,106.796875,106.8046875,5144.0
2025-02-24 14:54:00+00:00,106.8046875,106.8046875,106.796875,106.8046875,253503.0
2025-02-24 14:55:00+00:00,106.8125,106.8125,106.796875,106.8046875,9811.0
2025-02-24 14:56:00+00:00,106.8046875,106.8125,106.8046875,106.8125,4435.0
2025-02-24 14:57:00+00:00,106.8203125,106.8203125,106.796875,106.8046875,5471.0
2025-02-24 14:58:00+00:00,106.828125,106.828125,106.8203125,106.828125,4838.0
2025-02-24 14:59:00+00:00,106.8203125,106.8359375,106.8203125,106.828125,24067.0
2025-02-24 15:00:00+00:00,106.8046875,106.8203125,106.8046875,106.8125,2418.0
2025-02-24 15:01:00+00:00,106.828125,106.828125,106.8046875,106.8046875,18076.0
2025-02-24 15:02:00+00:00,106.8203125,106.828125,106.8203125,106.8203125,5960.0
2025-02-24 15:03:00+00:00,106.8359375,106.8359375,106.8203125,106.828125,2117.0
2025-02-24 15:04:00+00:00,106.8359375,106.8359375,106.828125,106.828125,2809.0
2025-02-24 15:05:00+00:00,106.84375,106.8515625,106.8203125,106.8359375,5531.0
2025-02-24 15:06:00+00:00,106.859375,106.859375,106.84375,106.8515625,5672.0
2025-02-24 15:07:00+00:00,106.84375,106.8515625,106.84375,106.8515625,15942.0
2025-02-24 15:08:00+00:00,106.828125,106.8515625,106.828125,106.84375,6886.0
2025-02-24 15:09:00+00:00,106.828125,106.84375,106.8203125,106.8359375,5639.0
2025-02-24 15:10:00+00:00,106.8203125,106.8359375,106.8125,106.828125,2857.0
2025-02-24 15:11:00+00:00,106.8203125,106.828125,106.8125,106.8203125,4949.0
2025-02-24 15:12:00+00:00,106.8203125,106.828125,106.8125,106.828125,3271.0
2025-02-24 15:13:00+00:00,106.828125,106.828125,106.8125,106.8203125,5786.0
2025-02-24 15:14:00+00:00,106.8203125,106.828125,106.8125,106.828125,4977.0
2025-02-24 15:15:00+00:00,106.8203125,106.828125,106.8125,106.8203125,9309.0
2025-02-24 15:16:00+00:00,106.828125,106.828125,106.8125,106.8203125,5061.0
2025-02-24 15:17:00+00:00,106.8203125,106.828125,106.8203125,106.8203125,1529.0
2025-02-24 15:18:00+00:00,106.828125,106.828125,106.8203125,106.8203125,2614.0
2025-02-24 15:19:00+00:00,106.828125,106.8359375,106.828125,106.828125,8415.0
2025-02-24 15:20:00+00:00,106.8203125,106.828125,106.8125,106.8203125,4957.0
2025-02-24 15:21:00+00:00,106.8125,106.8203125,106.8125,106.8203125,2989.0
2025-02-24 15:22:00+00:00,106.8203125,106.828125,106.8125,106.8125,1841.0
2025-02-24 15:23:00+00:00,106.8203125,106.8203125,106.8125,106.8203125,3067.0
2025-02-24 15:24:00+00:00,106.828125,106.828125,106.8203125,106.8203125,1898.0
2025-02-24 15:25:00+00:00,106.8359375,106.8359375,106.8203125,106.8203125,3040.0
2025-02-24 15:26:00+00:00,106.8359375,106.84375,106.828125,106.8359375,2884.0
2025-02-24 15:27:00+00:00,106.8359375,106.84375,106.8359375,106.8359375,4176.0
2025-02-24 15:28:00+00:00,106.84375,106.84375,106.8359375,106.8359375,1700.0
2025-02-24 15:29:00+00:00,106.84375,106.84375,106.8359375,106.8359375,5985.0
2025-02-24 15:30:00+00:00,106.8359375,106.8515625,106.8359375,106.84375,4665.0
2025-02-24 15:31:00+00:00,106.859375,106.859375,106.8359375,106.84375,3107.0
2025-02-24 15:32:00+00:00,106.8515625,106.859375,106.8359375,106.8515625,5515.0
2025-02-24 15:33:00+00:00,106.8515625,106.859375,106.84375,106.8515625,5386.0
2025-02-24 15:34:00+00:00,106.8671875,106.8671875,106.8515625,106.8515625,9123.0
2025-02-24 15:35:00+00:00,106.8515625,106.859375,106.84375,106.859375,3126.0
2025-02-24 15:36:00+00:00,106.859375,106.8671875,106.8515625,106.8515625,2866.0
2025-02-24 15:37:00+00:00,106.859375,106.859375,106.8515625,106.859375,1971.0
2025-02-24 15:38:00+00:00,106.8671875,106.8671875,106.8515625,106.859375,4876.0
2025-02-24 15:39:00+00:00,106.8671875,106.875,106.8671875,106.8671875,2646.0
2025-02-24 15:40:00+00:00,106.8671875,106.875,106.859375,106.875,19222.0
2025-02-24 15:41:00+00:00,106.890625,106.890625,106.859375,106.859375,28900.0
2025-02-24 15:42:00+00:00,106.90625,106.90625,106.890625,106.890625,34527.0
2025-02-24 15:43:00+00:00,106.8984375,106.9140625,106.890625,106.90625,94086.0
2025-02-24 15:44:00+00:00,106.90625,106.90625,106.8828125,106.890625,350862.0
2025-02-24 15:45:00+00:00,106.890625,106.90625,106.8828125,106.90625,54228.0
2025-02-24 15:46:00+00:00,106.890625,106.8984375,106.8828125,106.890625,9541.0
2025-02-24 15:47:00+00:00,106.8984375,106.90625,106.890625,106.890625,9721.0
2025-02-24 15:48:00+00:00,106.8984375,106.90625,106.890625,106.8984375,19605.0
2025-02-24 15:49:00+00:00,106.8984375,106.90625,106.8984375,106.8984375,2680.0
2025-02-24 15:50:00+00:00,106.9140625,106.9140625,106.890625,106.90625,9136.0
2025-02-24 15:51:00+00:00,106.90625,106.9140625,106.90625,106.9140625,23005.0
2025-02-24 15:52:00+00:00,106.9296875,106.9296875,106.9140625,106.9140625,9128.0
2025-02-24 15:53:00+00:00,106.9296875,106.9296875,106.9140625,106.921875,2652.0
2025-02-24 15:54:00+00:00,106.9296875,106.9375,106.921875,106.921875,2824.0
2025-02-24 15:55:00+00:00,106.9296875,106.9375,106.9296875,106.9296875,4670.0
2025-02-24 15:56:00+00:00,106.9296875,106.9453125,106.9296875,106.9375,2720.0
2025-02-24 15:57:00+00:00,106.921875,106.9375,106.921875,106.9296875,4562.0
2025-02-24 15:58:00+00:00,106.921875,106.9296875,106.9140625,106.9296875,15757.0
2025-02-24 15:59:00+00:00,106.921875,106.9296875,106.9140625,106.921875,3025.0
2025-02-24 16:00:00+00:00,106.90625,106.9296875,106.8984375,106.9296875,5089.0
2025-02-24 16:01:00+00:00,106.90625,106.9140625,106.90625,106.90625,11069.0
2025-02-24 16:02:00+00:00,106.9140625,106.9140625,106.8984375,106.90625,1988.0
2025-02-24 16:03:00+00:00,106.90625,106.9140625,106.90625,106.90625,801.0
2025-02-24 16:04:00+00:00,106.8984375,106.9140625,106.8984375,106.9140625,2107.0
2025-02-24 16:05:00+00:00,106.90625,106.9140625,106.8984375,106.8984375,6034.0
2025-02-24 16:06:00+00:00,106.8984375,106.90625,106.8984375,106.90625,8320.0
2025-02-24 16:07:00+00:00,106.8984375,106.90625,106.890625,106.8984375,4961.0
2025-02-24 16:08:00+00:00,106.8984375,106.90625,106.890625,106.890625,4584.0
2025-02-24 16:09:00+00:00,106.8984375,106.90625,106.8984375,106.8984375,1553.0
2025-02-24 16:10:00+00:00,106.90625,106.9140625,106.8984375,106.8984375,1997.0
2025-02-24 16:11:00+00:00,106.90625,106.9140625,106.8984375,106.9140625,3039.0
2025-02-24 16:12:00+00:00,106.90625,106.921875,106.8984375,106.8984375,5953.0
2025-02-24 16:13:00+00:00,106.90625,106.90625,106.8984375,106.90625,2088.0
2025-02-24 16:14:00+00:00,106.921875,106.921875,106.8984375,106.90625,5255.0
2025-02-24 16:15:00+00:00,106.921875,106.921875,106.9140625,106.9140625,1613.0
2025-02-24 16:16:00+00:00,106.9140625,106.921875,106.9140625,106.9140625,1045.0
2025-02-24 16:17:00+00:00,106.90625,106.9140625,106.90625,106.9140625,1668.0
2025-02-24 16:18:00+00:00,106.8984375,106.9140625,106.8984375,106.90625,2962.0
2025-02-24 16:19:00+00:00,106.890625,106.8984375,106.890625,106.8984375,4128.0
2025-02-24 16:20:00+00:00,106.8828125,106.890625,106.8828125,106.890625,2710.0
2025-02-24 16:21:00+00:00,106.8828125,106.890625,106.8828125,106.8828125,4020.0
2025-02-24 16:22:00+00:00,106.8984375,106.8984375,106.8828125,106.8828125,2033.0
2025-02-24 16:23:00+00:00,106.890625,106.890625,106.890625,106.890625,2667.0
2025-02-24 16:24:00+00:00,106.8828125,106.890625,106.8828125,106.890625,12163.0
2025-02-24 16:25:00+00:00,106.8828125,106.8828125,106.8828125,106.8828125,480.0
2025-02-24 16:26:00+00:00,106.8828125,106.890625,106.8828125,106.8828125,19324.0
2025-02-24 16:27:00+00:00,106.875,106.8828125,106.8671875,106.8828125,7944.0
2025-02-24 16:28:00+00:00,106.875,106.875,106.8671875,106.875,1895.0
2025-02-24 16:29:00+00:00,106.8671875,106.875,106.8671875,106.875,1900.0
2025-02-24 16:30:00+00:00,106.8671875,106.875,106.8671875,106.875,1451.0
2025-02-24 16:31:00+00:00,106.875,106.875,106.8671875,106.875,849.0
2025-02-24 16:32:00+00:00,106.875,106.875,106.8671875,106.875,9890.0
2025-02-24 16:33:00+00:00,106.8671875,106.8671875,106.8671875,106.8671875,71067.0
2025-02-24 16:34:00+00:00,106.8671875,106.8671875,106.859375,106.8671875,5107.0
2025-02-24 16:35:00+00:00,106.875,106.875,106.859375,106.8671875,21408.0
2025-02-24 16:36:00+00:00,106.875,106.875,106.859375,106.8671875,5841.0
2025-02-24 16:37:00+00:00,106.859375,106.8671875,106.859375,106.8671875,12744.0
2025-02-24 16:38:00+00:00,106.8671875,106.875,106.859375,106.859375,8862.0
2025-02-24 16:39:00+00:00,106.875,106.875,106.875,106.875,1799.0
2025-02-24 16:40:00+00:00,106.875,106.875,106.8671875,106.875,3228.0
2025-02-24 16:41:00+00:00,106.875,106.875,106.8671875,106.875,1844.0
2025-02-24 16:42:00+00:00,106.8671875,106.875,106.8671875,106.8671875,1508.0
2025-02-24 16:43:00+00:00,106.8671875,106.8671875,106.8671875,106.8671875,642.0
2025-02-24 16:44:00+00:00,106.8671875,106.8671875,106.859375,106.8671875,12388.0
2025-02-24 16:45:00+00:00,106.875,106.875,106.8671875,106.875,12129.0
2025-02-24 16:46:00+00:00,106.8671875,106.875,106.8671875,106.8671875,3499.0
2025-02-24 16:47:00+00:00,106.8671875,106.875,106.8671875,106.875,1524.0
2025-02-24 16:48:00+00:00,106.8671875,106.8671875,106.859375,106.8671875,1835.0
2025-02-24 16:49:00+00:00,106.8671875,106.8671875,106.859375,106.8671875,2957.0
2025-02-24 16:50:00+00:00,106.8671875,106.8671875,106.8671875,106.8671875,1282.0
2025-02-24 16:51:00+00:00,106.8671875,106.875,106.8671875,106.8671875,13780.0
2025-02-24 16:52:00+00:00,106.859375,106.8671875,106.859375,106.8671875,5257.0
2025-02-24 16:53:00+00:00,106.8671875,106.8671875,106.859375,106.859375,10691.0
2025-02-24 16:54:00+00:00,106.8828125,106.8828125,106.8671875,106.8671875,7138.0
2025-02-24 16:55:00+00:00,106.8828125,106.890625,106.875,106.8828125,4751.0
2025-02-24 16:56:00+00:00,106.8984375,106.8984375,106.890625,106.890625,2553.0
2025-02-24 16:57:00+00:00,106.8984375,106.90625,106.8984375,106.8984375,2255.0
2025-02-24 16:58:00+00:00,106.8984375,106.90625,106.890625,106.8984375,2856.0
2025-02-24 16:59:00+00:00,106.8984375,106.90625,106.8984375,106.8984375,7137.0
2025-02-24 17:00:00+00:00,106.8984375,106.90625,106.8984375,106.8984375,2048.0
2025-02-24 17:01:00+00:00,106.8984375,106.8984375,106.890625,106.8984375,1397.0
2025-02-24 17:02:00+00:00,106.890625,106.8984375,106.890625,106.8984375,2915.0
2025-02-24 17:03:00+00:00,106.8828125,106.890625,106.8828125,106.890625,7172.0
2025-02-24 17:04:00+00:00,106.875,106.890625,106.875,106.8828125,4013.0
2025-02-24 17:05:00+00:00,106.8671875,106.8828125,106.8671875,106.875,5656.0
2025-02-24 17:06:00+00:00,106.8671875,106.875,106.8671875,106.8671875,2256.0
2025-02-24 17:07:00+00:00,106.8671875,106.8828125,106.8671875,106.875,5549.0
2025-02-24 17:08:00+00:00,106.875,106.875,106.8671875,106.8671875,5960.0
2025-02-24 17:09:00+00:00,106.875,106.875,106.875,106.875,2546.0
2025-02-24 17:10:00+00:00,106.875,106.875,106.875,106.875,1723.0
2025-02-24 17:11:00+00:00,106.875,106.875,106.8671875,106.875,5570.0
2025-02-24 17:12:00+00:00,106.8828125,106.890625,106.875,106.875,10686.0
2025-02-24 17:13:00+00:00,106.875,106.8828125,106.8671875,106.8828125,2281.0
2025-02-24 17:14:00+00:00,106.8828125,106.8828125,106.875,106.875,1419.0
2025-02-24 17:15:00+00:00,106.8671875,106.875,106.8671875,106.875,664.0
2025-02-24 17:16:00+00:00,106.875,106.875,106.8671875,106.8671875,1178.0
2025-02-24 17:17:00+00:00,106.875,106.875,106.8671875,106.875,1018.0
2025-02-24 17:18:00+00:00,106.875,106.875,106.8671875,106.8671875,2126.0
2025-02-24 17:19:00+00:00,106.875,106.875,106.8671875,106.8671875,1723.0
2025-02-24 17:20:00+00:00,106.8671875,106.8671875,106.859375,106.8671875,10031.0
2025-02-24 17:21:00+00:00,106.8671875,106.8671875,106.859375,106.8671875,3032.0
2025-02-24 17:22:00+00:00,106.859375,106.8671875,106.859375,106.8671875,1846.0
2025-02-24 17:23:00+00:00,106.859375,106.859375,106.8515625,106.859375,1380.0
2025-02-24 17:24:00+00:00,106.8515625,106.859375,106.8515625,106.8515625,1628.0
2025-02-24 17:25:00+00:00,106.859375,106.859375,106.8515625,106.859375,2315.0
2025-02-24 17:26:00+00:00,106.859375,106.859375,106.859375,106.859375,1924.0
2025-02-24 17:27:00+00:00,106.859375,106.859375,106.8515625,106.859375,1505.0
2025-02-24 17:28:00+00:00,106.8671875,106.875,106.859375,106.859375,1853.0
2025-02-24 17:29:00+00:00,106.875,106.875,106.875,106.875,1497.0
2025-02-24 17:30:00+00:00,106.875,106.875,106.875,106.875,2828.0
2025-02-24 17:31:00+00:00,106.875,106.8828125,106.875,106.875,994.0
2025-02-24 17:32:00+00:00,106.890625,106.8984375,106.875,106.875,6000.0
2025-02-24 17:33:00+00:00,106.8828125,106.8984375,106.8828125,106.890625,4438.0
2025-02-24 17:34:00+00:00,106.8828125,106.890625,106.8828125,106.890625,4091.0
2025-02-24 17:35:00+00:00,106.890625,106.8984375,106.8828125,106.890625,2155.0
2025-02-24 17:36:00+00:00,106.8828125,106.890625,106.8828125,106.890625,2611.0
2025-02-24 17:37:00+00:00,106.8828125,106.8828125,106.8828125,106.8828125,2306.0
2025-02-24 17:38:00+00:00,106.8828125,106.890625,106.8828125,106.8828125,2432.0
2025-02-24 17:39:00+00:00,106.8828125,106.890625,106.8828125,106.890625,2874.0
2025-02-24 17:40:00+00:00,106.8828125,106.890625,106.8828125,106.8828125,1901.0
2025-02-24 17:41:00+00:00,106.8828125,106.8828125,106.875,106.8828125,3424.0
2025-02-24 17:42:00+00:00,106.875,106.8828125,106.875,106.8828125,752.0
2025-02-24 17:43:00+00:00,106.8671875,106.875,106.8671875,106.875,2119.0
2025-02-24 17:44:00+00:00,106.875,106.875,106.8671875,106.875,1093.0
2025-02-24 17:45:00+00:00,106.8671875,106.8671875,106.8671875,106.8671875,2819.0
2025-02-24 17:46:00+00:00,106.875,106.875,106.8671875,106.8671875,3020.0
2025-02-24 17:47:00+00:00,106.875,106.8828125,106.875,106.875,987.0
2025-02-24 17:48:00+00:00,106.8671875,106.875,106.8671875,106.875,6422.0
2025-02-24 17:49:00+00:00,106.875,106.875,106.875,106.875,18607.0
2025-02-24 17:50:00+00:00,106.875,106.8828125,106.875,106.8828125,5300.0
2025-02-24 17:51:00+00:00,106.8828125,106.8828125,106.875,106.875,4430.0
2025-02-24 17:52:00+00:00,106.8984375,106.8984375,106.8828125,106.8828125,4864.0
2025-02-24 17:53:00+00:00,106.8984375,106.90625,106.8984375,106.8984375,1893.0
2025-02-24 17:54:00+00:00,106.890625,106.90625,106.890625,106.90625,3311.0
2025-02-24 17:55:00+00:00,106.890625,106.8984375,106.890625,106.8984375,1434.0
2025-02-24 17:56:00+00:00,106.890625,106.890625,106.8828125,106.890625,3603.0
2025-02-24 17:57:00+00:00,106.8828125,106.8828125,106.8828125,106.8828125,704.0
2025-02-24 17:58:00+00:00,106.8828125,106.8828125,106.875,106.8828125,3001.0
2025-02-24 17:59:00+00:00,106.8828125,106.890625,106.8828125,106.8828125,2329.0
2025-02-24 18:00:00+00:00,106.875,106.890625,106.875,106.8828125,4025.0
2025-02-24 18:01:00+00:00,106.890625,106.890625,106.875,106.8828125,3452.0
2025-02-24 18:02:00+00:00,106.90625,106.9140625,106.890625,106.890625,6009.0
2025-02-24 18:03:00+00:00,106.9140625,106.921875,106.8984375,106.8984375,4597.0
2025-02-24 18:04:00+00:00,106.9140625,106.921875,106.9140625,106.9140625,2174.0
2025-02-24 18:05:00+00:00,106.9140625,106.9296875,106.9140625,106.921875,3056.0
2025-02-24 18:06:00+00:00,106.921875,106.921875,106.9140625,106.921875,3082.0
2025-02-24 18:07:00+00:00,106.9375,106.9375,106.921875,106.921875,3932.0
2025-02-24 18:08:00+00:00,106.9453125,106.9453125,106.9296875,106.9375,1375.0
2025-02-24 18:09:00+00:00,106.9375,106.9453125,106.9375,106.9453125,3683.0
2025-02-24 18:10:00+00:00,106.9453125,106.9453125,106.9375,106.9375,9637.0
2025-02-24 18:11:00+00:00,106.9375,106.9453125,106.9296875,106.9375,3546.0
2025-02-24 18:12:00+00:00,106.9296875,106.9375,106.9296875,106.9375,2944.0
2025-02-24 18:13:00+00:00,106.9296875,106.9375,106.9296875,106.9296875,9629.0
2025-02-24 18:14:00+00:00,106.9375,106.9375,106.9296875,106.9296875,7936.0
2025-02-24 18:15:00+00:00,106.9375,106.9453125,106.9375,106.9375,8302.0
2025-02-24 18:16:00+00:00,106.921875,106.9375,106.921875,106.9375,3860.0
2025-02-24 18:17:00+00:00,106.921875,106.9296875,106.921875,106.9296875,2803.0
2025-02-24 18:18:00+00:00,106.921875,106.921875,106.9140625,106.9140625,1760.0
2025-02-24 18:19:00+00:00,106.921875,106.921875,106.9140625,106.921875,1656.0
2025-02-24 18:20:00+00:00,106.9296875,106.9296875,106.9140625,106.921875,3317.0
2025-02-24 18:21:00+00:00,106.9296875,106.9296875,106.921875,106.9296875,1058.0
2025-02-24 18:22:00+00:00,106.9296875,106.9375,106.921875,106.9296875,2022.0
2025-02-24 18:23:00+00:00,106.9375,106.9375,106.9296875,106.9375,1077.0
2025-02-24 18:24:00+00:00,106.9296875,106.9375,106.9296875,106.9375,1822.0
2025-02-24 18:25:00+00:00,106.9296875,106.9296875,106.9140625,106.921875,3584.0
2025-02-24 18:26:00+00:00,106.921875,106.9296875,106.921875,106.921875,3698.0
2025-02-24 18:27:00+00:00,106.9375,106.9375,106.9140625,106.9140625,3063.0
2025-02-24 18:28:00+00:00,106.9375,106.9453125,106.9296875,106.9375,1887.0
2025-02-24 18:29:00+00:00,106.9375,106.9453125,106.9375,106.9375,2689.0
2025-02-24 18:30:00+00:00,106.9375,106.9453125,106.9296875,106.9375,54571.0
2025-02-24 18:31:00+00:00,106.9453125,106.9453125,106.9375,106.9375,1036.0
2025-02-24 18:32:00+00:00,106.9453125,106.953125,106.9375,106.9375,210065.0
2025-02-24 18:33:00+00:00,106.9453125,106.953125,106.9375,106.9375,3318.0
2025-02-24 18:34:00+00:00,106.9453125,106.9453125,106.9375,106.9453125,51909.0
2025-02-24 18:35:00+00:00,106.953125,106.953125,106.9375,106.9375,6521.0
2025-02-24 18:36:00+00:00,106.9375,106.953125,106.9375,106.953125,1689.0
2025-02-24 18:37:00+00:00,106.9453125,106.9453125,106.9375,106.9375,1431.0
2025-02-24 18:38:00+00:00,106.9453125,106.9453125,106.9375,106.9375,956.0
2025-02-24 18:39:00+00:00,106.9453125,106.9453125,106.9375,106.9453125,9215.0
2025-02-24 18:40:00+00:00,106.9296875,106.9453125,106.9296875,106.9375,2113.0
2025-02-24 18:41:00+00:00,106.9375,106.9375,106.9296875,106.9296875,1362.0
2025-02-24 18:42:00+00:00,106.9375,106.9375,106.9296875,106.9375,3264.0
2025-02-24 18:43:00+00:00,106.9296875,106.9375,106.9296875,106.9375,4732.0
2025-02-24 18:44:00+00:00,106.921875,106.9375,106.921875,106.9296875,1832.0
2025-02-24 18:45:00+00:00,106.921875,106.9296875,106.921875,106.9296875,310.0
2025-02-24 18:46:00+00:00,106.9296875,106.9296875,106.921875,106.9296875,2738.0
2025-02-24 18:47:00+00:00,106.9296875,106.9296875,106.921875,106.921875,5436.0
2025-02-24 18:48:00+00:00,106.921875,106.921875,106.921875,106.921875,204.0
2025-02-24 18:49:00+00:00,106.921875,106.921875,106.9140625,106.921875,4554.0
2025-02-24 18:50:00+00:00,106.921875,106.921875,106.9140625,106.921875,1765.0
2025-02-24 18:51:00+00:00,106.921875,106.9296875,106.921875,106.921875,1103.0
2025-02-24 18:52:00+00:00,106.9140625,106.921875,106.9140625,106.921875,1449.0
2025-02-24 18:53:00+00:00,106.9140625,106.921875,106.9140625,106.9140625,1110.0
2025-02-24 18:54:00+00:00,106.9140625,106.921875,106.9140625,106.921875,4396.0
2025-02-24 18:55:00+00:00,106.9140625,106.9140625,106.9140625,106.9140625,167.0
2025-02-24 18:56:00+00:00,106.9140625,106.9140625,106.9140625,106.9140625,12854.0
2025-02-24 18:57:00+00:00,106.921875,106.921875,106.9140625,106.9140625,563.0
2025-02-24 18:58:00+00:00,106.9140625,106.9140625,106.9140625,106.9140625,2809.0
2025-02-24 18:59:00+00:00,106.9140625,106.9140625,106.9140625,106.9140625,2985.0
2025-02-24 19:00:00+00:00,106.9140625,106.9140625,106.90625,106.9140625,3052.0
2025-02-24 19:01:00+00:00,106.9140625,106.9140625,106.90625,106.90625,275.0
2025-02-24 19:02:00+00:00,106.9140625,106.921875,106.90625,106.90625,1970.0
2025-02-24 19:03:00+00:00,106.9140625,106.9140625,106.90625,106.90625,165.0
2025-02-24 19:04:00+00:00,106.90625,106.90625,106.90625,106.90625,6043.0
2025-02-24 19:05:00+00:00,106.90625,106.9140625,106.8984375,106.9140625,1224.0
2025-02-24 19:06:00+00:00,106.8984375,106.90625,106.8984375,106.90625,3640.0
2025-02-24 19:07:00+00:00,106.8984375,106.8984375,106.8984375,106.8984375,1139.0
2025-02-24 19:08:00+00:00,106.90625,106.90625,106.90625,106.90625,3090.0
2025-02-24 19:09:00+00:00,106.9140625,106.9140625,106.90625,106.9140625,2742.0
2025-02-24 19:10:00+00:00,106.9140625,106.9140625,106.90625,106.90625,1148.0
2025-02-24 19:11:00+00:00,106.90625,106.9140625,106.90625,106.90625,354.0
2025-02-24 19:12:00+00:00,106.90625,106.9140625,106.90625,106.90625,778.0
2025-02-24 19:13:00+00:00,106.921875,106.921875,106.90625,106.90625,4537.0
2025-02-24 19:14:00+00:00,106.921875,106.921875,106.9140625,106.921875,2791.0
2025-02-24 19:15:00+00:00,106.921875,106.921875,106.9140625,106.921875,1229.0
2025-02-24 19:16:00+00:00,106.9296875,106.9296875,106.9140625,106.921875,13173.0
2025-02-24 19:17:00+00:00,106.921875,106.9296875,106.921875,106.9296875,459.0
2025-02-24 19:18:00+00:00,106.9296875,106.9296875,106.921875,106.921875,4488.0
2025-02-24 19:19:00+00:00,106.9296875,106.9296875,106.9296875,106.9296875,1320.0
2025-02-24 19:20:00+00:00,106.9375,106.9375,106.921875,106.9296875,3695.0
2025-02-24 19:21:00+00:00,106.9375,106.9375,106.9296875,106.9296875,2018.0
2025-02-24 19:22:00+00:00,106.9296875,106.9375,106.921875,106.9375,1012.0
2025-02-24 19:23:00+00:00,106.921875,106.921875,106.9140625,106.921875,4253.0
2025-02-24 19:24:00+00:00,106.9140625,106.921875,106.9140625,106.921875,885.0
2025-02-24 19:25:00+00:00,106.921875,106.9296875,106.9140625,106.921875,1235.0
2025-02-24 19:26:00+00:00,106.9296875,106.9296875,106.921875,106.9296875,3618.0
2025-02-24 19:27:00+00:00,106.921875,106.921875,106.921875,106.921875,1478.0
2025-02-24 19:28:00+00:00,106.921875,106.921875,106.921875,106.921875,599.0
2025-02-24 19:29:00+00:00,106.9140625,106.9296875,106.9140625,106.9296875,1708.0
2025-02-24 19:30:00+00:00,106.890625,106.9140625,106.890625,106.9140625,6338.0
2025-02-24 19:31:00+00:00,106.890625,106.8984375,106.890625,106.8984375,21297.0
2025-02-24 19:32:00+00:00,106.890625,106.8984375,106.8828125,106.890625,1805.0
2025-02-24 19:33:00+00:00,106.8828125,106.890625,106.8828125,106.890625,5565.0
2025-02-24 19:34:00+00:00,106.8984375,106.8984375,106.8828125,106.890625,1634.0
2025-02-24 19:35:00+00:00,106.890625,106.8984375,106.890625,106.8984375,3227.0
2025-02-24 19:36:00+00:00,106.890625,106.890625,106.8828125,106.890625,1902.0
2025-02-24 19:37:00+00:00,106.890625,106.890625,106.8828125,106.890625,3060.0
2025-02-24 19:38:00+00:00,106.890625,106.8984375,106.890625,106.890625,1681.0
2025-02-24 19:39:00+00:00,106.890625,106.890625,106.8828125,106.8828125,1594.0
2025-02-24 19:40:00+00:00,106.890625,106.8984375,106.890625,106.8984375,1782.0
2025-02-24 19:41:00+00:00,106.890625,106.8984375,106.8828125,106.8828125,1686.0
2025-02-24 19:42:00+00:00,106.8984375,106.8984375,106.890625,106.890625,1034.0
2025-02-24 19:43:00+00:00,106.90625,106.90625,106.8984375,106.8984375,1026.0
2025-02-24 19:44:00+00:00,106.90625,106.9140625,106.8984375,106.8984375,2450.0
2025-02-24 19:45:00+00:00,106.9140625,106.921875,106.9140625,106.9140625,1730.0
2025-02-24 19:46:00+00:00,106.9140625,106.9140625,106.9140625,106.9140625,3096.0
2025-02-24 19:47:00+00:00,106.9140625,106.921875,106.9140625,106.921875,1730.0
2025-02-24 19:48:00+00:00,106.921875,106.921875,106.9140625,106.921875,1659.0
2025-02-24 19:49:00+00:00,106.921875,106.921875,106.9140625,106.921875,5652.0
2025-02-24 19:50:00+00:00,106.9140625,106.921875,106.9140625,106.921875,278.0
2025-02-24 19:51:00+00:00,106.9140625,106.9140625,106.9140625,106.9140625,4475.0
2025-02-24 19:52:00+00:00,106.9140625,106.9140625,106.90625,106.9140625,2969.0
2025-02-24 19:53:00+00:00,106.9140625,106.921875,106.9140625,106.9140625,786.0
2025-02-24 19:54:00+00:00,106.921875,106.9296875,106.9140625,106.9140625,3328.0
2025-02-24 19:55:00+00:00,106.921875,106.9296875,106.921875,106.921875,2240.0
2025-02-24 19:56:00+00:00,106.9375,106.9375,106.921875,106.9296875,3559.0
2025-02-24 19:57:00+00:00,106.9375,106.9375,106.9296875,106.9375,6507.0
2025-02-24 19:58:00+00:00,106.9375,106.9453125,106.9296875,106.9375,6010.0
2025-02-24 19:59:00+00:00,106.9375,106.953125,106.9375,106.9375,36241.0
2025-02-24 20:00:00+00:00,106.953125,106.9609375,106.9375,106.9453125,13597.0
2025-02-24 20:01:00+00:00,106.9453125,106.953125,106.9375,106.953125,22467.0
2025-02-24 20:02:00+00:00,106.953125,106.953125,106.9375,106.9453125,1914.0
2025-02-24 20:03:00+00:00,106.9453125,106.953125,106.9453125,106.9453125,8307.0
2025-02-24 20:04:00+00:00,106.9453125,106.953125,106.9375,106.953125,1833.0
2025-02-24 20:05:00+00:00,106.953125,106.953125,106.9375,106.9375,1254.0
2025-02-24 20:06:00+00:00,106.9453125,106.953125,106.9453125,106.9453125,4446.0
2025-02-24 20:07:00+00:00,106.953125,106.953125,106.9453125,106.953125,1294.0
2025-02-24 20:08:00+00:00,106.9453125,106.953125,106.9453125,106.9453125,3472.0
2025-02-24 20:09:00+00:00,106.9453125,106.9453125,106.9375,106.9453125,1559.0
2025-02-24 20:10:00+00:00,106.953125,106.953125,106.9453125,106.9453125,2006.0
2025-02-24 20:11:00+00:00,106.9453125,106.953125,106.9375,106.953125,2527.0
2025-02-24 20:12:00+00:00,106.953125,106.953125,106.9453125,106.9453125,110.0
2025-02-24 20:13:00+00:00,106.9453125,106.9453125,106.9375,106.9453125,2333.0
2025-02-24 20:14:00+00:00,106.9296875,106.9453125,106.9296875,106.9453125,3888.0
2025-02-24 20:15:00+00:00,106.9375,106.9375,106.9296875,106.9296875,1593.0
2025-02-24 20:16:00+00:00,106.9375,106.953125,106.9375,106.9375,2367.0
2025-02-24 20:17:00+00:00,106.9375,106.9453125,106.9375,106.9375,1297.0
2025-02-24 20:18:00+00:00,106.9296875,106.9375,106.9296875,106.9375,790.0
2025-02-24 20:19:00+00:00,106.9296875,106.9453125,106.9296875,106.9375,3204.0
2025-02-24 20:20:00+00:00,106.9453125,106.953125,106.9375,106.9375,4456.0
2025-02-24 20:21:00+00:00,106.9296875,106.9453125,106.9296875,106.9453125,797.0
2025-02-24 20:22:00+00:00,106.9375,106.9375,106.9296875,106.9375,1943.0
2025-02-24 20:23:00+00:00,106.9296875,106.9375,106.9296875,106.9375,3218.0
2025-02-24 20:24:00+00:00,106.9375,106.9375,106.9296875,106.9296875,1646.0
2025-02-24 20:25:00+00:00,106.9296875,106.9453125,106.9296875,106.9375,1520.0
2025-02-24 20:26:00+00:00,106.9296875,106.9375,106.9296875,106.9375,467.0
2025-02-24 20:27:00+00:00,106.9453125,106.9453125,106.9296875,106.9296875,2162.0
2025-02-24 20:28:00+00:00,106.9375,106.9375,106.9296875,106.9375,1261.0
2025-02-24 20:29:00+00:00,106.9296875,106.9375,106.9296875,106.9375,686.0
2025-02-24 20:30:00+00:00,106.9453125,106.9453125,106.9296875,106.9296875,994.0
2025-02-24 20:31:00+00:00,106.9375,106.9453125,106.9375,106.9375,137.0
2025-02-24 20:32:00+00:00,106.9375,106.9453125,106.9296875,106.9375,3875.0
2025-02-24 20:33:00+00:00,106.9296875,106.9375,106.9296875,106.9375,1884.0
2025-02-24 20:34:00+00:00,106.9296875,106.9296875,106.921875,106.921875,976.0
2025-02-24 20:35:00+00:00,106.9296875,106.9296875,106.921875,106.9296875,766.0
2025-02-24 20:36:00+00:00,106.9296875,106.9296875,106.921875,106.921875,255.0
2025-02-24 20:37:00+00:00,106.9296875,106.9296875,106.921875,106.921875,1445.0
2025-02-24 20:38:00+00:00,106.9296875,106.9375,106.921875,106.921875,2344.0
2025-02-24 20:39:00+00:00,106.921875,106.9296875,106.921875,106.9296875,1865.0
2025-02-24 20:40:00+00:00,106.9375,106.9375,106.921875,106.9296875,1592.0
2025-02-24 20:41:00+00:00,106.9296875,106.9375,106.9296875,106.9296875,4780.0
2025-02-24 20:42:00+00:00,106.9375,106.9375,106.921875,106.9296875,394.0
2025-02-24 20:43:00+00:00,106.9375,106.9375,106.9296875,106.9296875,643.0
2025-02-24 20:44:00+00:00,106.9375,106.9453125,106.9375,106.9453125,6512.0
2025-02-24 20:45:00+00:00,106.9296875,106.9375,106.9296875,106.9375,2390.0
2025-02-24 20:46:00+00:00,106.9296875,106.9375,106.9296875,106.9296875,3260.0
2025-02-24 20:47:00+00:00,106.921875,106.9375,106.9140625,106.9296875,26112.0
2025-02-24 20:48:00+00:00,106.9140625,106.921875,106.9140625,106.921875,1046.0
2025-02-24 20:49:00+00:00,106.9140625,106.921875,106.9140625,106.921875,410.0
2025-02-24 20:50:00+00:00,106.921875,106.921875,106.90625,106.9140625,928.0
2025-02-24 20:51:00+00:00,106.9140625,106.921875,106.9140625,106.9140625,3886.0
2025-02-24 20:52:00+00:00,106.90625,106.921875,106.90625,106.9140625,2446.0
2025-02-24 20:53:00+00:00,106.921875,106.921875,106.90625,106.9140625,1629.0
2025-02-24 20:54:00+00:00,106.921875,106.921875,106.9140625,106.9140625,4542.0
2025-02-24 20:55:00+00:00,106.921875,106.9296875,106.9140625,106.9296875,2410.0
2025-02-24 20:56:00+00:00,106.9140625,106.9296875,106.9140625,106.9296875,8773.0
2025-02-24 20:57:00+00:00,106.9140625,106.921875,106.9140625,106.921875,2498.0
2025-02-24 20:58:00+00:00,106.921875,106.9296875,106.9140625,106.921875,21291.0
2025-02-24 20:59:00+00:00,106.9296875,106.9296875,106.9140625,106.921875,3680.0
2025-02-24 21:00:00+00:00,106.921875,106.9296875,106.9140625,106.9296875,29269.0
2025-02-24 21:01:00+00:00,106.9140625,106.921875,106.9140625,106.921875,3119.0
2025-02-24 21:02:00+00:00,106.921875,106.921875,106.9140625,106.921875,2184.0
2025-02-24 21:03:00+00:00,106.9140625,106.921875,106.90625,106.921875,1045.0
2025-02-24 21:04:00+00:00,106.9140625,106.9140625,106.90625,106.9140625,4216.0
2025-02-24 21:05:00+00:00,106.9140625,106.9140625,106.90625,106.9140625,4688.0
2025-02-24 21:06:00+00:00,106.9140625,106.9140625,106.9140625,106.9140625,177.0
2025-02-24 21:07:00+00:00,106.9140625,106.921875,106.9140625,106.9140625,31050.0
2025-02-24 21:08:00+00:00,106.9140625,106.9140625,106.9140625,106.9140625,95.0
2025-02-24 21:09:00+00:00,106.90625,106.9140625,106.90625,106.9140625,1969.0
2025-02-24 21:10:00+00:00,106.90625,106.90625,106.90625,106.90625,1978.0
2025-02-24 21:11:00+00:00,106.90625,106.9140625,106.90625,106.9140625,5906.0
2025-02-24 21:12:00+00:00,106.90625,106.90625,106.90625,106.90625,8530.0
2025-02-24 21:13:00+00:00,106.8984375,106.8984375,106.8984375,106.8984375,320.0
2025-02-24 21:14:00+00:00,106.90625,106.9140625,106.90625,106.90625,2365.0
2025-02-24 21:15:00+00:00,106.90625,106.9140625,106.90625,106.9140625,2742.0
2025-02-24 21:16:00+00:00,106.90625,106.90625,106.90625,106.90625,164.0
2025-02-24 21:17:00+00:00,106.90625,106.90625,106.90625,106.90625,1615.0
2025-02-24 21:18:00+00:00,106.90625,106.90625,106.90625,106.90625,1040.0
2025-02-24 21:19:00+00:00,106.90625,106.9140625,106.90625,106.90625,2320.0
2025-02-24 21:20:00+00:00,106.9140625,106.9140625,106.9140625,106.9140625,927.0
2025-02-24 21:21:00+00:00,106.9140625,106.9140625,106.9140625,106.9140625,1.0
2025-02-24 21:23:00+00:00,106.9140625,106.9140625,106.90625,106.9140625,2393.0
2025-02-24 21:24:00+00:00,106.9140625,106.9140625,106.90625,106.90625,3383.0
2025-02-24 21:25:00+00:00,106.9140625,106.9140625,106.9140625,106.9140625,6487.0
2025-02-24 21:28:00+00:00,106.921875,106.921875,106.921875,106.921875,3.0
2025-02-24 21:29:00+00:00,106.921875,106.921875,106.9140625,106.9140625,2098.0
2025-02-24 21:30:00+00:00,106.921875,106.921875,106.921875,106.921875,434.0
2025-02-24 21:32:00+00:00,106.9140625,106.921875,106.9140625,106.921875,27.0
2025-02-24 21:33:00+00:00,106.921875,106.921875,106.921875,106.921875,507.0
2025-02-24 21:34:00+00:00,106.921875,106.921875,106.921875,106.921875,831.0
2025-02-24 21:35:00+00:00,106.9140625,106.921875,106.9140625,106.9140625,5275.0
2025-02-24 21:36:00+00:00,106.921875,106.921875,106.9140625,106.9140625,419.0
2025-02-24 21:37:00+00:00,106.9140625,106.9140625,106.9140625,106.9140625,10015.0
2025-02-24 21:38:00+00:00,106.9140625,106.9140625,106.9140625,106.9140625,6.0
2025-02-24 21:39:00+00:00,106.921875,106.921875,106.9140625,106.9140625,35034.0
2025-02-24 21:40:00+00:00,106.921875,106.921875,106.9140625,106.921875,600.0
2025-02-24 21:41:00+00:00,106.9140625,106.9140625,106.9140625,106.9140625,818.0
2025-02-24 21:42:00+00:00,106.9140625,106.921875,106.9140625,106.9140625,18199.0
2025-02-24 21:43:00+00:00,106.9140625,106.9296875,106.9140625,106.921875,14051.0
2025-02-24 21:44:00+00:00,106.9140625,106.921875,106.9140625,106.9140625,937.0
2025-02-24 21:45:00+00:00,106.9140625,106.921875,106.9140625,106.9140625,1528.0
2025-02-24 21:46:00+00:00,106.90625,106.9140625,106.90625,106.9140625,2084.0
2025-02-24 21:47:00+00:00,106.90625,106.9140625,106.90625,106.9140625,1091.0
2025-02-24 21:48:00+00:00,106.9140625,106.9140625,106.9140625,106.9140625,912.0
2025-02-24 21:49:00+00:00,106.9140625,106.9140625,106.9140625,106.9140625,121.0
2025-02-24 21:50:00+00:00,106.90625,106.9140625,106.90625,106.90625,1863.0
2025-02-24 21:51:00+00:00,106.9140625,106.9140625,106.9140625,106.9140625,36.0
2025-02-24 21:52:00+00:00,106.90625,106.9140625,106.90625,106.9140625,258.0
2025-02-24 21:53:00+00:00,106.90625,106.9140625,106.90625,106.90625,468.0
2025-02-24 21:54:00+00:00,106.9140625,106.9140625,106.90625,106.90625,172.0
2025-02-24 21:55:00+00:00,106.9140625,106.9140625,106.90625,106.9140625,7414.0
2025-02-24 21:56:00+00:00,106.9140625,106.9140625,106.90625,106.9140625,789.0
2025-02-24 21:57:00+00:00,106.9140625,106.9140625,106.90625,106.9140625,412.0
2025-02-24 21:58:00+00:00,106.9140625,106.9140625,106.90625,106.9140625,639.0
2025-02-24 21:59:00+00:00,106.9140625,106.9140625,106.90625,106.9140625,1508.0
2025-02-24 23:00:00+00:00,106.90625,106.90625,106.8984375,106.8984375,0.0
2025-02-24 23:01:00+00:00,106.90625,106.90625,106.90625,106.90625,85.0
2025-02-24 23:02:00+00:00,106.90625,106.90625,106.90625,106.90625,28.0
2025-02-24 23:07:00+00:00,106.90625,106.90625,106.90625,106.90625,74.0
2025-02-24 23:10:00+00:00,106.90625,106.90625,106.90625,106.90625,2.0
2025-02-24 23:12:00+00:00,106.90625,106.90625,106.90625,106.90625,206.0
2025-02-24 23:13:00+00:00,106.8984375,106.8984375,106.8984375,106.8984375,244.0
2025-02-24 23:14:00+00:00,106.8984375,106.8984375,106.8984375,106.8984375,1.0
2025-02-24 23:15:00+00:00,106.90625,106.90625,106.8984375,106.8984375,86.0
2025-02-24 23:16:00+00:00,106.9140625,106.9140625,106.90625,106.90625,8.0
2025-02-24 23:17:00+00:00,106.90625,106.90625,106.90625,106.90625,1.0
2025-02-24 23:18:00+00:00,106.90625,106.90625,106.90625,106.90625,19.0
2025-02-24 23:21:00+00:00,106.9140625,106.9140625,106.9140625,106.9140625,5.0
2025-02-24 23:22:00+00:00,106.9140625,106.9140625,106.9140625,106.9140625,3.0
2025-02-24 23:23:00+00:00,106.9140625,106.9140625,106.9140625,106.9140625,15.0
2025-02-24 23:24:00+00:00,106.9140625,106.9140625,106.9140625,106.9140625,89.0
2025-02-24 23:25:00+00:00,106.9140625,106.9140625,106.9140625,106.9140625,32.0
2025-02-24 23:28:00+00:00,106.9140625,106.9140625,106.9140625,106.9140625,2.0
2025-02-24 23:30:00+00:00,106.921875,106.921875,106.9140625,106.9140625,249.0
2025-02-24 23:31:00+00:00,106.9140625,106.921875,106.9140625,106.921875,14.0
2025-02-24 23:32:00+00:00,106.921875,106.921875,106.9140625,106.921875,629.0
2025-02-24 23:33:00+00:00,106.921875,106.921875,106.921875,106.921875,12.0
2025-02-24 23:34:00+00:00,106.921875,106.921875,106.921875,106.921875,773.0
2025-02-24 23:35:00+00:00,106.921875,106.921875,106.9140625,106.9140625,929.0
2025-02-24 23:36:00+00:00,106.921875,106.921875,106.921875,106.921875,207.0
2025-02-24 23:37:00+00:00,106.921875,106.921875,106.921875,106.921875,65.0
2025-02-24 23:38:00+00:00,106.921875,106.921875,106.921875,106.921875,66.0
2025-02-24 23:39:00+00:00,106.921875,106.9296875,106.921875,106.921875,38.0
2025-02-24 23:40:00+00:00,106.921875,106.921875,106.921875,106.921875,130.0
2025-02-24 23:41:00+00:00,106.921875,106.9296875,106.921875,106.921875,61.0
2025-02-24 23:42:00+00:00,106.921875,106.921875,106.921875,106.921875,5.0
2025-02-24 23:43:00+00:00,106.9140625,106.9140625,106.9140625,106.9140625,74.0
2025-02-24 23:47:00+00:00,106.921875,106.921875,106.921875,106.921875,1.0
2025-02-24 23:48:00+00:00,106.9140625,106.9140625,106.9140625,106.9140625,166.0
2025-02-24 23:51:00+00:00,106.921875,106.921875,106.921875,106.921875,6.0
2025-02-24 23:55:00+00:00,106.921875,106.921875,106.921875,106.921875,44.0
2025-02-24 23:57:00+00:00,106.9296875,106.9296875,106.921875,106.921875,1036.0
2025-02-24 23:58:00+00:00,106.9296875,106.9296875,106.9296875,106.9296875,139.0
2025-02-24 23:59:00+00:00,106.9296875,106.9296875,106.9296875,106.9296875,44.0
2025-02-25 00:00:00+00:00,106.9375,106.9375,106.9296875,106.9296875,275.0
2025-02-25 00:01:00+00:00,106.921875,106.9375,106.921875,106.9375,255.0
2025-02-25 00:02:00+00:00,106.9296875,106.9296875,106.9296875,106.9296875,100.0
2025-02-25 00:03:00+00:00,106.921875,106.9296875,106.921875,106.9296875,35.0
2025-02-25 00:04:00+00:00,106.9296875,106.9296875,106.9296875,106.9296875,214.0
2025-02-25 00:05:00+00:00,106.9375,106.9375,106.9296875,106.9296875,36.0
2025-02-25 00:06:00+00:00,106.9375,106.9375,106.9296875,106.9296875,584.0
2025-02-25 00:08:00+00:00,106.9375,106.9375,106.9296875,106.9296875,33.0
2025-02-25 00:10:00+00:00,106.9296875,106.9296875,106.9296875,106.9296875,1.0
2025-02-25 00:11:00+00:00,106.9375,106.9375,106.9375,106.9375,143.0
2025-02-25 00:12:00+00:00,106.9453125,106.9453125,106.9375,106.9375,190.0
2025-02-25 00:13:00+00:00,106.9453125,106.9453125,106.9453125,106.9453125,317.0
2025-02-25 00:14:00+00:00,106.9453125,106.9453125,106.9453125,106.9453125,479.0
2025-02-25 00:16:00+00:00,106.9375,106.9375,106.9375,106.9375,236.0
2025-02-25 00:17:00+00:00,106.9375,106.9375,106.9375,106.9375,594.0
2025-02-25 00:18:00+00:00,106.9375,106.9375,106.9375,106.9375,159.0
2025-02-25 00:19:00+00:00,106.9375,106.9375,106.9375,106.9375,23.0
2025-02-25 00:20:00+00:00,106.9375,106.9375,106.9375,106.9375,211.0
2025-02-25 00:21:00+00:00,106.9375,106.9375,106.9375,106.9375,166.0
2025-02-25 00:22:00+00:00,106.9453125,106.9453125,106.9453125,106.9453125,357.0
2025-02-25 00:23:00+00:00,106.9453125,106.9453125,106.9453125,106.9453125,204.0
2025-02-25 00:24:00+00:00,106.9453125,106.9453125,106.9453125,106.9453125,41.0
2025-02-25 00:25:00+00:00,106.953125,106.953125,106.9453125,106.9453125,58.0
2025-02-25 00:27:00+00:00,106.9453125,106.9453125,106.9453125,106.9453125,95.0
2025-02-25 00:28:00+00:00,106.9609375,106.9609375,106.953125,106.953125,1287.0
2025-02-25 00:29:00+00:00,106.96875,106.96875,106.9609375,106.9609375,293.0
2025-02-25 00:30:00+00:00,106.9609375,106.9609375,106.9609375,106.9609375,281.0
2025-02-25 00:31:00+00:00,106.96875,106.96875,106.9609375,106.9609375,2886.0
2025-02-25 00:32:00+00:00,106.9609375,106.9609375,106.9609375,106.9609375,241.0
2025-02-25 00:35:00+00:00,106.9609375,106.9609375,106.9609375,106.9609375,3.0
2025-02-25 00:36:00+00:00,106.9609375,106.96875,106.9609375,106.96875,192.0
2025-02-25 00:37:00+00:00,106.9609375,106.9609375,106.9609375,106.9609375,81.0
2025-02-25 00:39:00+00:00,106.9609375,106.96875,106.9609375,106.96875,3.0
2025-02-25 00:40:00+00:00,106.9609375,106.96875,106.9609375,106.9609375,179.0
2025-02-25 00:43:00+00:00,106.9609375,106.9609375,106.9609375,106.9609375,96.0
2025-02-25 00:47:00+00:00,106.9609375,106.9609375,106.9609375,106.9609375,155.0
2025-02-25 00:49:00+00:00,106.96875,106.96875,106.96875,106.96875,14.0
2025-02-25 00:50:00+00:00,106.96875,106.96875,106.96875,106.96875,360.0
2025-02-25 00:51:00+00:00,106.9765625,106.9765625,106.9765625,106.9765625,7.0
2025-02-25 00:52:00+00:00,106.9765625,106.9765625,106.9765625,106.9765625,181.0
2025-02-25 00:54:00+00:00,106.9765625,106.9765625,106.9765625,106.9765625,404.0
2025-02-25 00:55:00+00:00,106.9765625,106.9765625,106.9765625,106.9765625,195.0
2025-02-25 00:56:00+00:00,106.984375,106.984375,106.9765625,106.9765625,1176.0
2025-02-25 00:57:00+00:00,106.984375,106.984375,106.984375,106.984375,3.0
2025-02-25 00:58:00+00:00,106.984375,106.984375,106.9765625,106.984375,281.0
2025-02-25 00:59:00+00:00,106.984375,106.984375,106.984375,106.984375,20.0
2025-02-25 01:00:00+00:00,106.984375,106.984375,106.984375,106.984375,795.0
2025-02-25 01:01:00+00:00,106.9921875,106.9921875,106.984375,106.984375,72.0
2025-02-25 01:02:00+00:00,106.984375,106.984375,106.984375,106.984375,1133.0
2025-02-25 01:03:00+00:00,106.984375,106.984375,106.984375,106.984375,436.0
2025-02-25 01:04:00+00:00,106.9765625,106.984375,106.9765625,106.984375,141.0
2025-02-25 01:05:00+00:00,106.984375,106.984375,106.9765625,106.9765625,91.0
2025-02-25 01:06:00+00:00,106.984375,106.984375,106.984375,106.984375,479.0
2025-02-25 01:07:00+00:00,106.9765625,106.984375,106.9765625,106.9765625,164.0
2025-02-25 01:08:00+00:00,106.984375,106.984375,106.984375,106.984375,28.0
2025-02-25 01:09:00+00:00,106.9765625,106.9765625,106.9765625,106.9765625,6.0
2025-02-25 01:10:00+00:00,106.984375,106.984375,106.984375,106.984375,220.0
2025-02-25 01:11:00+00:00,106.984375,106.984375,106.984375,106.984375,225.0
2025-02-25 01:13:00+00:00,106.984375,106.984375,106.984375,106.984375,1512.0
2025-02-25 01:16:00+00:00,106.984375,106.9921875,106.984375,106.9921875,195.0
2025-02-25 01:17:00+00:00,106.984375,106.9921875,106.984375,106.9921875,123.0
2025-02-25 01:18:00+00:00,106.984375,106.9921875,106.984375,106.984375,408.0
2025-02-25 01:19:00+00:00,106.9921875,106.9921875,106.9921875,106.9921875,165.0
2025-02-25 01:20:00+00:00,107.0,107.0,107.0,107.0,93.0
2025-02-25 01:21:00+00:00,107.0,107.0,107.0,107.0,800.0
2025-02-25 01:22:00+00:00,107.0,107.0,107.0,107.0,65.0
2025-02-25 01:23:00+00:00,107.0,107.0,107.0,107.0,9746.0
2025-02-25 01:24:00+00:00,106.9921875,107.0,106.9921875,106.9921875,217.0
2025-02-25 01:25:00+00:00,106.9921875,106.9921875,106.9921875,106.9921875,163.0
2025-02-25 01:26:00+00:00,106.9921875,106.9921875,106.9921875,106.9921875,59.0
2025-02-25 01:27:00+00:00,106.9921875,106.9921875,106.9921875,106.9921875,120.0
2025-02-25 01:28:00+00:00,106.9921875,106.9921875,106.9921875,106.9921875,683.0
2025-02-25 01:29:00+00:00,106.9921875,106.9921875,106.9921875,106.9921875,15.0
2025-02-25 01:30:00+00:00,106.9921875,106.9921875,106.9921875,106.9921875,63.0
2025-02-25 01:31:00+00:00,106.984375,106.9921875,106.984375,106.9921875,577.0
2025-02-25 01:32:00+00:00,106.9765625,106.9765625,106.9765625,106.9765625,21.0
2025-02-25 01:33:00+00:00,106.9765625,106.9765625,106.9765625,106.9765625,494.0
2025-02-25 01:34:00+00:00,106.96875,106.9765625,106.96875,106.9765625,97.0
2025-02-25 01:35:00+00:00,106.9765625,106.9765625,106.9765625,106.9765625,62.0
2025-02-25 01:36:00+00:00,106.9765625,106.9765625,106.9765625,106.9765625,81.0
2025-02-25 01:38:00+00:00,106.96875,106.96875,106.96875,106.96875,4.0
2025-02-25 01:39:00+00:00,106.984375,106.984375,106.9765625,106.9765625,482.0
2025-02-25 01:40:00+00:00,106.984375,106.984375,106.984375,106.984375,165.0
2025-02-25 01:41:00+00:00,106.984375,106.984375,106.984375,106.984375,163.0
2025-02-25 01:42:00+00:00,106.984375,106.984375,106.984375,106.984375,10.0
2025-02-25 01:43:00+00:00,106.984375,106.984375,106.984375,106.984375,4.0
2025-02-25 01:44:00+00:00,106.984375,106.984375,106.984375,106.984375,7.0
2025-02-25 01:48:00+00:00,106.9765625,106.9765625,106.9765625,106.9765625,472.0
2025-02-25 01:49:00+00:00,106.9765625,106.9765625,106.9765625,106.9765625,117.0
2025-02-25 01:50:00+00:00,106.984375,106.984375,106.9765625,106.9765625,161.0
2025-02-25 01:51:00+00:00,106.984375,106.984375,106.9765625,106.984375,70.0
2025-02-25 01:52:00+00:00,106.984375,106.984375,106.984375,106.984375,8.0
2025-02-25 01:53:00+00:00,106.984375,106.984375,106.984375,106.984375,36.0
2025-02-25 01:54:00+00:00,106.9765625,106.9765625,106.9765625,106.9765625,163.0
2025-02-25 01:55:00+00:00,106.9765625,106.9765625,106.9765625,106.9765625,196.0
2025-02-25 01:56:00+00:00,106.9765625,106.9765625,106.9765625,106.9765625,70.0
2025-02-25 01:57:00+00:00,106.9765625,106.9765625,106.9765625,106.9765625,158.0
2025-02-25 01:58:00+00:00,106.9765625,106.9765625,106.96875,106.96875,6.0
2025-02-25 01:59:00+00:00,106.9765625,106.9765625,106.9765625,106.9765625,556.0
2025-02-25 02:00:00+00:00,106.984375,106.984375,106.984375,106.984375,46.0
2025-02-25 02:01:00+00:00,106.984375,106.984375,106.984375,106.984375,221.0
2025-02-25 02:02:00+00:00,106.984375,106.984375,106.984375,106.984375,24.0
2025-02-25 02:03:00+00:00,106.984375,106.984375,106.984375,106.984375,13.0
2025-02-25 02:05:00+00:00,106.984375,106.984375,106.984375,106.984375,246.0
2025-02-25 02:07:00+00:00,106.984375,106.984375,106.984375,106.984375,109.0
2025-02-25 02:08:00+00:00,106.984375,106.984375,106.984375,106.984375,162.0
2025-02-25 02:09:00+00:00,106.984375,106.984375,106.984375,106.984375,298.0
2025-02-25 02:10:00+00:00,106.984375,106.984375,106.984375,106.984375,5.0
2025-02-25 02:11:00+00:00,106.9921875,106.9921875,106.984375,106.984375,227.0
2025-02-25 02:12:00+00:00,106.9921875,106.9921875,106.9921875,106.9921875,45.0
2025-02-25 02:13:00+00:00,106.9921875,106.9921875,106.9921875,106.9921875,25.0
2025-02-25 02:14:00+00:00,106.9921875,106.9921875,106.9921875,106.9921875,13.0
2025-02-25 02:15:00+00:00,106.9921875,106.9921875,106.9921875,106.9921875,1.0
2025-02-25 02:16:00+00:00,106.984375,106.9921875,106.984375,106.9921875,34.0
2025-02-25 02:18:00+00:00,106.984375,106.984375,106.984375,106.984375,620.0
2025-02-25 02:19:00+00:00,106.9921875,107.0,106.9921875,107.0,2543.0
2025-02-25 02:20:00+00:00,107.0,107.0,107.0,107.0,377.0
2025-02-25 02:21:00+00:00,107.0,107.0,107.0,107.0,98.0
2025-02-25 02:22:00+00:00,107.0,107.0,107.0,107.0,82.0
2025-02-25 02:23:00+00:00,107.0,107.0,107.0,107.0,266.0
2025-02-25 02:24:00+00:00,107.0078125,107.0078125,107.0078125,107.0078125,112.0
2025-02-25 02:25:00+00:00,107.0078125,107.0078125,107.0078125,107.0078125,6.0
2025-02-25 02:26:00+00:00,107.0078125,107.0078125,107.0078125,107.0078125,248.0
2025-02-25 02:27:00+00:00,107.015625,107.015625,107.015625,107.015625,812.0
2025-02-25 02:28:00+00:00,107.015625,107.015625,107.015625,107.015625,56.0
2025-02-25 02:29:00+00:00,107.015625,107.0234375,107.015625,107.015625,94139.0
2025-02-25 02:30:00+00:00,107.015625,107.015625,107.015625,107.015625,5.0
2025-02-25 02:31:00+00:00,107.0234375,107.0234375,107.0234375,107.0234375,29.0
2025-02-25 02:32:00+00:00,107.0234375,107.0234375,107.0234375,107.0234375,66.0
2025-02-25 02:33:00+00:00,107.0234375,107.0234375,107.0234375,107.0234375,179.0
2025-02-25 02:34:00+00:00,107.015625,107.015625,107.015625,107.015625,1.0
2025-02-25 02:35:00+00:00,107.0234375,107.0234375,107.0234375,107.0234375,810.0
2025-02-25 02:37:00+00:00,107.0390625,107.0390625,107.03125,107.0390625,1434.0
2025-02-25 02:38:00+00:00,107.0390625,107.0390625,107.0390625,107.0390625,271.0
2025-02-25 02:39:00+00:00,107.0390625,107.0390625,107.0390625,107.0390625,107.0
2025-02-25 02:40:00+00:00,107.0390625,107.0390625,107.0390625,107.0390625,293.0
2025-02-25 02:41:00+00:00,107.0390625,107.0390625,107.03125,107.03125,330.0
2025-02-25 02:42:00+00:00,107.0234375,107.03125,107.0234375,107.03125,81.0
2025-02-25 02:43:00+00:00,107.0234375,107.0234375,107.0234375,107.0234375,58.0
2025-02-25 02:44:00+00:00,107.03125,107.03125,107.03125,107.03125,404.0
2025-02-25 02:45:00+00:00,107.0390625,107.046875,107.03125,107.03125,984.0
2025-02-25 02:46:00+00:00,107.03125,107.0390625,107.03125,107.0390625,94.0
2025-02-25 02:47:00+00:00,107.03125,107.03125,107.03125,107.03125,136.0
2025-02-25 02:48:00+00:00,107.0234375,107.03125,107.0234375,107.03125,615.0
2025-02-25 02:50:00+00:00,107.03125,107.03125,107.03125,107.03125,86.0
2025-02-25 02:51:00+00:00,107.03125,107.03125,107.03125,107.03125,304.0
2025-02-25 02:52:00+00:00,107.0390625,107.0390625,107.03125,107.03125,40.0
2025-02-25 02:53:00+00:00,107.0390625,107.0390625,107.0390625,107.0390625,10.0
2025-02-25 02:54:00+00:00,107.0390625,107.0390625,107.0390625,107.0390625,3.0
2025-02-25 02:55:00+00:00,107.0390625,107.0390625,107.0390625,107.0390625,26.0
2025-02-25 02:57:00+00:00,107.03125,107.0390625,107.03125,107.0390625,388.0
2025-02-25 03:00:00+00:00,107.03125,107.03125,107.03125,107.03125,6.0
2025-02-25 03:02:00+00:00,107.03125,107.03125,107.03125,107.03125,170.0
2025-02-25 03:03:00+00:00,107.03125,107.03125,107.03125,107.03125,28.0
2025-02-25 03:05:00+00:00,107.0234375,107.0234375,107.0234375,107.0234375,460.0
2025-02-25 03:06:00+00:00,107.015625,107.015625,107.015625,107.015625,709.0
2025-02-25 03:07:00+00:00,107.0234375,107.0234375,107.015625,107.0234375,154.0
2025-02-25 03:09:00+00:00,107.0234375,107.0234375,107.0234375,107.0234375,27.0
2025-02-25 03:10:00+00:00,107.015625,107.015625,107.015625,107.015625,66.0
2025-02-25 03:11:00+00:00,107.015625,107.015625,107.015625,107.015625,13.0
2025-02-25 03:15:00+00:00,107.0234375,107.0234375,107.015625,107.015625,2583.0
2025-02-25 03:19:00+00:00,107.015625,107.015625,107.015625,107.015625,391.0
2025-02-25 03:20:00+00:00,107.015625,107.015625,107.015625,107.015625,45.0
2025-02-25 03:22:00+00:00,107.0078125,107.0078125,107.0078125,107.0078125,128.0
2025-02-25 03:23:00+00:00,107.0078125,107.0078125,107.0078125,107.0078125,33.0
2025-02-25 03:26:00+00:00,107.015625,107.015625,107.015625,107.015625,71.0
2025-02-25 03:27:00+00:00,107.015625,107.015625,107.015625,107.015625,114.0
2025-02-25 03:28:00+00:00,107.0078125,107.015625,107.0078125,107.0078125,190.0
2025-02-25 03:30:00+00:00,107.015625,107.015625,107.015625,107.015625,6.0
2025-02-25 03:32:00+00:00,107.015625,107.015625,107.015625,107.015625,11.0
2025-02-25 03:35:00+00:00,107.0078125,107.0078125,107.0078125,107.0078125,514.0
2025-02-25 03:36:00+00:00,107.0078125,107.0078125,107.0078125,107.0078125,13.0
2025-02-25 03:38:00+00:00,107.015625,107.015625,107.0078125,107.0078125,102.0
2025-02-25 03:39:00+00:00,107.0078125,107.015625,107.0078125,107.015625,2706.0
2025-02-25 03:40:00+00:00,107.015625,107.015625,107.015625,107.015625,85.0
2025-02-25 03:42:00+00:00,107.015625,107.015625,107.0078125,107.015625,85.0
2025-02-25 03:43:00+00:00,107.0078125,107.0078125,107.0078125,107.0078125,153.0
2025-02-25 03:44:00+00:00,107.015625,107.015625,107.015625,107.015625,1013.0
2025-02-25 03:50:00+00:00,107.0078125,107.0078125,107.0078125,107.0078125,923.0
2025-02-25 03:51:00+00:00,107.0,107.0078125,107.0,107.0,50.0
2025-02-25 03:53:00+00:00,107.0078125,107.0078125,107.0,107.0,264.0
2025-02-25 03:54:00+00:00,107.0,107.0,107.0,107.0,141.0
2025-02-25 03:55:00+00:00,107.0078125,107.0078125,107.0078125,107.0078125,54.0
2025-02-25 03:56:00+00:00,107.0078125,107.0078125,107.0,107.0078125,216.0
2025-02-25 03:59:00+00:00,107.0,107.0,107.0,107.0,86.0
2025-02-25 04:00:00+00:00,107.0078125,107.0078125,107.0078125,107.0078125,176.0
2025-02-25 04:01:00+00:00,107.0,107.0,106.9921875,107.0,6356.0
2025-02-25 04:02:00+00:00,107.0,107.0,107.0,107.0,56.0
2025-02-25 04:03:00+00:00,107.0,107.0,107.0,107.0,527.0
2025-02-25 04:05:00+00:00,107.0,107.0,107.0,107.0,66.0
2025-02-25 04:06:00+00:00,107.0,107.0,107.0,107.0,43.0
2025-02-25 04:07:00+00:00,107.0,107.0,107.0,107.0,24.0
2025-02-25 04:08:00+00:00,107.0,107.0,107.0,107.0,219.0
2025-02-25 04:10:00+00:00,107.0,107.0,107.0,107.0,653.0
2025-02-25 04:14:00+00:00,107.0,107.0,107.0,107.0,503.0
2025-02-25 04:15:00+00:00,107.0078125,107.0078125,107.0,107.0,344.0
2025-02-25 04:16:00+00:00,107.0078125,107.0078125,107.0078125,107.0078125,85.0
2025-02-25 04:17:00+00:00,107.0078125,107.0078125,107.0078125,107.0078125,28.0
2025-02-25 04:18:00+00:00,107.0078125,107.0078125,107.0078125,107.0078125,35.0
2025-02-25 04:19:00+00:00,107.0078125,107.0078125,107.0,107.0078125,25.0
2025-02-25 04:20:00+00:00,107.0078125,107.0078125,107.0078125,107.0078125,690.0
2025-02-25 04:21:00+00:00,107.0078125,107.0078125,107.0078125,107.0078125,819.0
2025-02-25 04:25:00+00:00,107.0078125,107.0078125,107.0078125,107.0078125,617.0
2025-02-25 04:26:00+00:00,107.0078125,107.0078125,107.0078125,107.0078125,2.0
2025-02-25 04:27:00+00:00,107.015625,107.015625,107.015625,107.015625,256.0
2025-02-25 04:28:00+00:00,107.015625,107.015625,107.015625,107.015625,211.0
2025-02-25 04:29:00+00:00,107.015625,107.015625,107.015625,107.015625,17.0
2025-02-25 04:30:00+00:00,107.015625,107.015625,107.015625,107.015625,48.0
2025-02-25 04:31:00+00:00,107.015625,107.015625,107.015625,107.015625,132.0
2025-02-25 04:32:00+00:00,107.0234375,107.0234375,107.015625,107.015625,1037.0
2025-02-25 04:34:00+00:00,107.015625,107.015625,107.015625,107.015625,61.0
2025-02-25 04:35:00+00:00,107.015625,107.015625,107.015625,107.015625,99.0
2025-02-25 04:36:00+00:00,107.015625,107.015625,107.0078125,107.015625,84.0
2025-02-25 04:37:00+00:00,107.015625,107.015625,107.015625,107.015625,65.0
2025-02-25 04:39:00+00:00,107.0234375,107.0234375,107.0234375,107.0234375,823.0
2025-02-25 04:43:00+00:00,107.0234375,107.0234375,107.0234375,107.0234375,80.0
2025-02-25 04:44:00+00:00,107.0234375,107.0234375,107.0234375,107.0234375,205.0
2025-02-25 04:45:00+00:00,107.0234375,107.0234375,107.0234375,107.0234375,65.0
2025-02-25 04:46:00+00:00,107.0234375,107.0234375,107.0234375,107.0234375,43.0
2025-02-25 04:47:00+00:00,107.015625,107.015625,107.015625,107.015625,219.0
2025-02-25 04:53:00+00:00,107.0234375,107.0234375,107.0234375,107.0234375,897.0
2025-02-25 04:57:00+00:00,107.015625,107.015625,107.015625,107.015625,603.0
2025-02-25 05:03:00+00:00,107.015625,107.015625,107.015625,107.015625,429.0
2025-02-25 05:04:00+00:00,107.015625,107.015625,107.015625,107.015625,248.0
2025-02-25 05:05:00+00:00,107.015625,107.015625,107.015625,107.015625,68.0
2025-02-25 05:08:00+00:00,107.0078125,107.0078125,107.0,107.0078125,321.0
2025-02-25 05:09:00+00:00,107.0078125,107.0078125,107.0078125,107.0078125,208.0
2025-02-25 05:10:00+00:00,107.015625,107.015625,107.015625,107.015625,76.0
2025-02-25 05:11:00+00:00,107.015625,107.015625,107.0078125,107.015625,2201.0
2025-02-25 05:12:00+00:00,107.015625,107.015625,107.015625,107.015625,47.0
2025-02-25 05:13:00+00:00,107.015625,107.015625,107.015625,107.015625,7.0
2025-02-25 05:15:00+00:00,107.015625,107.015625,107.015625,107.015625,3.0
2025-02-25 05:16:00+00:00,107.0078125,107.0078125,107.0078125,107.0078125,605.0
2025-02-25 05:17:00+00:00,107.0078125,107.0078125,107.0078125,107.0078125,168.0
2025-02-25 05:24:00+00:00,107.015625,107.015625,107.015625,107.015625,23.0
2025-02-25 05:25:00+00:00,107.0078125,107.0078125,107.0078125,107.0078125,21.0
2025-02-25 05:26:00+00:00,107.0078125,107.0078125,107.0078125,107.0078125,138.0
2025-02-25 05:27:00+00:00,107.0078125,107.0078125,107.0078125,107.0078125,29.0
2025-02-25 05:28:00+00:00,107.0078125,107.0078125,107.0078125,107.0078125,71.0
2025-02-25 05:29:00+00:00,107.0078125,107.0078125,107.0078125,107.0078125,1600.0
2025-02-25 05:30:00+00:00,107.0078125,107.0078125,107.0078125,107.0078125,2502.0
2025-02-25 05:32:00+00:00,107.0078125,107.0078125,107.0078125,107.0078125,341.0
2025-02-25 05:37:00+00:00,107.015625,107.015625,107.0078125,107.0078125,291.0
2025-02-25 05:38:00+00:00,107.015625,107.015625,107.015625,107.015625,8.0
2025-02-25 05:39:00+00:00,107.015625,107.015625,107.015625,107.015625,78.0
2025-02-25 05:40:00+00:00,107.015625,107.015625,107.015625,107.015625,32.0
2025-02-25 05:41:00+00:00,107.015625,107.015625,107.015625,107.015625,9.0
2025-02-25 05:43:00+00:00,107.015625,107.015625,107.0078125,107.0078125,63.0
2025-02-25 05:44:00+00:00,107.015625,107.015625,107.0078125,107.0078125,474.0
2025-02-25 05:45:00+00:00,107.0234375,107.0234375,107.015625,107.0234375,272.0
2025-02-25 05:46:00+00:00,107.03125,107.03125,107.0234375,107.0234375,253.0
2025-02-25 05:47:00+00:00,107.0234375,107.0234375,107.0234375,107.0234375,7.0
2025-02-25 05:48:00+00:00,107.0234375,107.0234375,107.0234375,107.0234375,77.0
2025-02-25 05:49:00+00:00,107.0234375,107.0234375,107.015625,107.015625,16.0
2025-02-25 05:50:00+00:00,107.015625,107.015625,107.015625,107.015625,278.0
2025-02-25 05:51:00+00:00,107.015625,107.015625,107.015625,107.015625,308.0
2025-02-25 05:52:00+00:00,107.0078125,107.015625,107.0078125,107.0078125,22.0
2025-02-25 05:55:00+00:00,107.015625,107.015625,107.015625,107.015625,585.0
2025-02-25 05:56:00+00:00,107.0234375,107.0234375,107.015625,107.015625,209.0
2025-02-25 05:57:00+00:00,107.0234375,107.0234375,107.015625,107.0234375,1765.0
2025-02-25 05:59:00+00:00,107.0234375,107.0234375,107.0234375,107.0234375,142.0
2025-02-25 06:00:00+00:00,107.0234375,107.0234375,107.0234375,107.0234375,12.0
2025-02-25 06:06:00+00:00,107.015625,107.015625,107.015625,107.015625,506.0
2025-02-25 06:08:00+00:00,107.015625,107.015625,107.015625,107.015625,428.0
2025-02-25 06:10:00+00:00,107.015625,107.015625,107.015625,107.015625,340.0
2025-02-25 06:13:00+00:00,107.015625,107.015625,107.015625,107.015625,40.0
2025-02-25 06:14:00+00:00,107.0078125,107.0078125,107.0078125,107.0078125,207.0
2025-02-25 06:17:00+00:00,107.0078125,107.0078125,107.0078125,107.0078125,407.0
2025-02-25 06:18:00+00:00,107.0,107.0078125,107.0,107.0078125,168.0
2025-02-25 06:21:00+00:00,107.0,107.0,107.0,107.0,11.0
2025-02-25 06:25:00+00:00,107.0078125,107.0078125,107.0078125,107.0078125,65.0
2025-02-25 06:26:00+00:00,107.0078125,107.0078125,107.0078125,107.0078125,95.0
2025-02-25 06:27:00+00:00,107.0078125,107.0078125,107.0078125,107.0078125,43.0
2025-02-25 06:28:00+00:00,107.0078125,107.0078125,107.0078125,107.0078125,4.0
2025-02-25 06:29:00+00:00,106.9921875,107.0,106.9921875,106.9921875,454.0
2025-02-25 06:30:00+00:00,107.0,107.0,106.9921875,106.9921875,117.0
2025-02-25 06:31:00+00:00,107.0,107.0,107.0,107.0,78.0
2025-02-25 06:32:00+00:00,107.0,107.0,106.9921875,106.9921875,36.0
2025-02-25 06:33:00+00:00,107.0,107.0,107.0,107.0,417.0
2025-02-25 06:34:00+00:00,107.0,107.0,107.0,107.0,105.0
2025-02-25 06:35:00+00:00,107.0,107.0,107.0,107.0,54.0
2025-02-25 06:36:00+00:00,107.0,107.0,106.9921875,107.0,127.0
2025-02-25 06:37:00+00:00,107.0,107.0,107.0,107.0,30.0
2025-02-25 06:38:00+00:00,106.9921875,106.9921875,106.9921875,106.9921875,733.0
2025-02-25 06:39:00+00:00,106.9921875,106.9921875,106.9921875,106.9921875,202.0
2025-02-25 06:40:00+00:00,106.9921875,106.9921875,106.9921875,106.9921875,1003.0
2025-02-25 06:41:00+00:00,106.9921875,107.0,106.9921875,106.9921875,668.0
2025-02-25 06:43:00+00:00,106.9921875,106.9921875,106.9921875,106.9921875,16.0
2025-02-25 06:45:00+00:00,106.9921875,106.9921875,106.9921875,106.9921875,700.0
2025-02-25 06:46:00+00:00,107.0,107.0,107.0,107.0,35.0
2025-02-25 06:48:00+00:00,107.0,107.0,107.0,107.0,3.0
2025-02-25 06:50:00+00:00,106.9921875,107.0,106.9921875,107.0,65.0
2025-02-25 06:52:00+00:00,107.0,107.0,106.9921875,106.9921875,1284.0
2025-02-25 06:53:00+00:00,107.0,107.0,107.0,107.0,765.0
2025-02-25 06:54:00+00:00,107.0078125,107.0078125,107.0,107.0,51.0
2025-02-25 06:55:00+00:00,107.0078125,107.0078125,107.0078125,107.0078125,854.0
2025-02-25 06:57:00+00:00,107.0078125,107.0078125,107.0078125,107.0078125,678.0
2025-02-25 06:58:00+00:00,107.0,107.0,107.0,107.0,110.0
2025-02-25 07:00:00+00:00,107.0,107.0,107.0,107.0,411.0
2025-02-25 07:01:00+00:00,107.0078125,107.0078125,107.0,107.0078125,3487.0
2025-02-25 07:02:00+00:00,107.0078125,107.0078125,107.0078125,107.0078125,122.0
2025-02-25 07:04:00+00:00,107.015625,107.015625,107.0078125,107.0078125,76.0
2025-02-25 07:05:00+00:00,107.015625,107.015625,107.0078125,107.015625,307.0
2025-02-25 07:06:00+00:00,107.0234375,107.0234375,107.015625,107.015625,1187.0
2025-02-25 07:07:00+00:00,107.015625,107.0234375,107.015625,107.0234375,949.0
2025-02-25 07:08:00+00:00,107.0234375,107.03125,107.015625,107.015625,529.0
2025-02-25 07:09:00+00:00,107.03125,107.03125,107.0234375,107.0234375,71.0
2025-02-25 07:10:00+00:00,107.0234375,107.0234375,107.0234375,107.0234375,433.0
2025-02-25 07:11:00+00:00,107.0234375,107.0234375,107.0234375,107.0234375,307.0
2025-02-25 07:13:00+00:00,107.03125,107.03125,107.03125,107.03125,972.0
2025-02-25 07:14:00+00:00,107.0390625,107.0390625,107.03125,107.0390625,1108.0
2025-02-25 07:15:00+00:00,107.0390625,107.0390625,107.0390625,107.0390625,654.0
2025-02-25 07:16:00+00:00,107.0390625,107.0390625,107.0390625,107.0390625,2.0
2025-02-25 07:17:00+00:00,107.03125,107.0390625,107.03125,107.0390625,127.0
2025-02-25 07:18:00+00:00,107.03125,107.03125,107.03125,107.03125,8.0
2025-02-25 07:19:00+00:00,107.0390625,107.0390625,107.0390625,107.0390625,415.0
2025-02-25 07:20:00+00:00,107.046875,107.046875,107.0390625,107.0390625,178.0
2025-02-25 07:21:00+00:00,107.046875,107.046875,107.046875,107.046875,502.0
2025-02-25 07:22:00+00:00,107.046875,107.046875,107.0390625,107.0390625,331.0
2025-02-25 07:23:00+00:00,107.0546875,107.0546875,107.046875,107.046875,582.0
2025-02-25 07:24:00+00:00,107.0625,107.0703125,107.0546875,107.0546875,3221.0
2025-02-25 07:25:00+00:00,107.0703125,107.0703125,107.0625,107.0625,2191.0
2025-02-25 07:26:00+00:00,107.1015625,107.1015625,107.0703125,107.0703125,79599.0
2025-02-25 07:27:00+00:00,107.1015625,107.1015625,107.1015625,107.1015625,674.0
2025-02-25 07:28:00+00:00,107.1015625,107.109375,107.1015625,107.1015625,2479.0
2025-02-25 07:29:00+00:00,107.125,107.125,107.109375,107.109375,1048.0
2025-02-25 07:30:00+00:00,107.109375,107.1171875,107.109375,107.1171875,452.0
2025-02-25 07:31:00+00:00,107.1171875,107.1171875,107.1171875,107.1171875,825.0
2025-02-25 07:32:00+00:00,107.1171875,107.1171875,107.1171875,107.1171875,402.0
2025-02-25 07:33:00+00:00,107.1328125,107.1328125,107.1171875,107.1171875,1953.0
2025-02-25 07:34:00+00:00,107.1328125,107.1328125,107.125,107.1328125,943.0
2025-02-25 07:35:00+00:00,107.1328125,107.140625,107.1328125,107.1328125,402.0
2025-02-25 07:36:00+00:00,107.1328125,107.140625,107.1328125,107.140625,1352.0
2025-02-25 07:37:00+00:00,107.125,107.1328125,107.125,107.125,698.0
2025-02-25 07:38:00+00:00,107.109375,107.1171875,107.109375,107.1171875,514.0
2025-02-25 07:39:00+00:00,107.125,107.125,107.109375,107.109375,1055.0
2025-02-25 07:40:00+00:00,107.1328125,107.1328125,107.109375,107.1171875,1321.0
2025-02-25 07:41:00+00:00,107.1328125,107.1328125,107.125,107.125,640.0
2025-02-25 07:42:00+00:00,107.125,107.125,107.1171875,107.125,3859.0
2025-02-25 07:43:00+00:00,107.1171875,107.125,107.1171875,107.1171875,257.0
2025-02-25 07:44:00+00:00,107.125,107.1328125,107.125,107.125,4523.0
2025-02-25 07:45:00+00:00,107.125,107.125,107.1171875,107.125,1266.0
2025-02-25 07:46:00+00:00,107.1171875,107.1171875,107.1171875,107.1171875,198.0
2025-02-25 07:47:00+00:00,107.125,107.1328125,107.1171875,107.1171875,802.0
2025-02-25 07:48:00+00:00,107.140625,107.1484375,107.125,107.125,4473.0
2025-02-25 07:49:00+00:00,107.1328125,107.140625,107.1328125,107.1328125,171.0
2025-02-25 07:50:00+00:00,107.1484375,107.15625,107.1328125,107.140625,1132.0
2025-02-25 07:51:00+00:00,107.140625,107.1484375,107.140625,107.1484375,1188.0
2025-02-25 07:52:00+00:00,107.1640625,107.1640625,107.140625,107.140625,2174.0
2025-02-25 07:53:00+00:00,107.1640625,107.171875,107.15625,107.15625,1150.0
2025-02-25 07:54:00+00:00,107.15625,107.171875,107.15625,107.1640625,2002.0
2025-02-25 07:55:00+00:00,107.1640625,107.171875,107.15625,107.15625,1112.0
2025-02-25 07:56:00+00:00,107.171875,107.171875,107.1640625,107.1640625,771.0
2025-02-25 07:57:00+00:00,107.171875,107.1796875,107.171875,107.171875,676.0
2025-02-25 07:58:00+00:00,107.1875,107.1875,107.171875,107.171875,2650.0
2025-02-25 07:59:00+00:00,107.1875,107.1875,107.1875,107.1875,259.0
2025-02-25 08:00:00+00:00,107.203125,107.2109375,107.1875,107.1875,8913.0
2025-02-25 08:01:00+00:00,107.1953125,107.203125,107.1953125,107.1953125,3321.0
2025-02-25 08:02:00+00:00,107.1875,107.1875,107.1875,107.1875,83.0
2025-02-25 08:03:00+00:00,107.1953125,107.1953125,107.1875,107.1953125,1285.0
2025-02-25 08:04:00+00:00,107.1796875,107.1875,107.1796875,107.1875,1293.0
2025-02-25 08:05:00+00:00,107.15625,107.1796875,107.15625,107.1796875,759.0
2025-02-25 08:06:00+00:00,107.1484375,107.15625,107.1484375,107.15625,1440.0
2025-02-25 08:07:00+00:00,107.15625,107.15625,107.1484375,107.1484375,1042.0
2025-02-25 08:08:00+00:00,107.1484375,107.1484375,107.1484375,107.1484375,911.0
2025-02-25 08:09:00+00:00,107.1484375,107.1484375,107.1484375,107.1484375,523.0
2025-02-25 08:10:00+00:00,107.140625,107.1484375,107.140625,107.1484375,410.0
2025-02-25 08:11:00+00:00,107.1484375,107.1484375,107.140625,107.1484375,187.0
2025-02-25 08:12:00+00:00,107.1328125,107.140625,107.1328125,107.140625,562.0
2025-02-25 08:13:00+00:00,107.125,107.1328125,107.125,107.1328125,862.0
2025-02-25 08:14:00+00:00,107.125,107.125,107.1171875,107.125,741.0
2025-02-25 08:15:00+00:00,107.1328125,107.1328125,107.125,107.125,457.0
2025-02-25 08:16:00+00:00,107.1328125,107.1328125,107.1328125,107.1328125,213.0
2025-02-25 08:17:00+00:00,107.1484375,107.1484375,107.140625,107.140625,1843.0
2025-02-25 08:18:00+00:00,107.140625,107.1484375,107.140625,107.1484375,23.0
2025-02-25 08:19:00+00:00,107.1484375,107.1484375,107.140625,107.140625,1115.0
2025-02-25 08:20:00+00:00,107.1484375,107.1484375,107.1484375,107.1484375,891.0
2025-02-25 08:21:00+00:00,107.1484375,107.1484375,107.140625,107.140625,625.0
2025-02-25 08:22:00+00:00,107.140625,107.1484375,107.140625,107.1484375,15.0
2025-02-25 08:23:00+00:00,107.140625,107.140625,107.140625,107.140625,361.0
2025-02-25 08:24:00+00:00,107.140625,107.140625,107.140625,107.140625,455.0
2025-02-25 08:25:00+00:00,107.1328125,107.140625,107.1328125,107.140625,276.0
2025-02-25 08:26:00+00:00,107.140625,107.140625,107.140625,107.140625,305.0
2025-02-25 08:27:00+00:00,107.140625,107.140625,107.1328125,107.1328125,415.0
2025-02-25 08:28:00+00:00,107.1484375,107.1484375,107.1484375,107.1484375,1737.0
2025-02-25 08:29:00+00:00,107.1484375,107.1484375,107.1484375,107.1484375,1713.0
2025-02-25 08:30:00+00:00,107.140625,107.140625,107.140625,107.140625,298.0
2025-02-25 08:31:00+00:00,107.140625,107.140625,107.140625,107.140625,546.0
2025-02-25 08:32:00+00:00,107.125,107.140625,107.125,107.140625,562.0
2025-02-25 08:33:00+00:00,107.1328125,107.1328125,107.125,107.1328125,673.0
2025-02-25 08:34:00+00:00,107.140625,107.140625,107.1328125,107.1328125,511.0
2025-02-25 08:35:00+00:00,107.140625,107.1484375,107.140625,107.1484375,623.0
2025-02-25 08:36:00+00:00,107.1328125,107.140625,107.1328125,107.140625,1853.0
2025-02-25 08:37:00+00:00,107.140625,107.1484375,107.140625,107.140625,321.0
2025-02-25 08:38:00+00:00,107.140625,107.1484375,107.140625,107.140625,170.0
2025-02-25 08:39:00+00:00,107.140625,107.1484375,107.140625,107.1484375,876.0
2025-02-25 08:40:00+00:00,107.1484375,107.1484375,107.140625,107.140625,200.0
2025-02-25 08:41:00+00:00,107.1484375,107.15625,107.1484375,107.15625,421.0
2025-02-25 08:42:00+00:00,107.15625,107.15625,107.1484375,107.1484375,417.0
2025-02-25 08:43:00+00:00,107.15625,107.1640625,107.15625,107.15625,799.0
2025-02-25 08:44:00+00:00,107.140625,107.15625,107.140625,107.15625,484.0
2025-02-25 08:45:00+00:00,107.1328125,107.1484375,107.1328125,107.140625,2076.0
2025-02-25 08:46:00+00:00,107.125,107.1328125,107.125,107.1328125,131.0
2025-02-25 08:47:00+00:00,107.125,107.1328125,107.125,107.125,130.0
2025-02-25 08:48:00+00:00,107.140625,107.140625,107.125,107.125,790.0
2025-02-25 08:49:00+00:00,107.140625,107.1484375,107.140625,107.140625,478.0
2025-02-25 08:50:00+00:00,107.1484375,107.1484375,107.140625,107.1484375,471.0
2025-02-25 08:51:00+00:00,107.1484375,107.1484375,107.140625,107.1484375,707.0
2025-02-25 08:52:00+00:00,107.15625,107.1640625,107.1484375,107.1484375,2198.0
2025-02-25 08:53:00+00:00,107.15625,107.1640625,107.1484375,107.15625,1614.0
2025-02-25 08:54:00+00:00,107.171875,107.171875,107.15625,107.15625,1060.0
2025-02-25 08:55:00+00:00,107.171875,107.171875,107.1640625,107.171875,27.0
2025-02-25 08:56:00+00:00,107.1875,107.1875,107.1640625,107.171875,3334.0
2025-02-25 08:57:00+00:00,107.1796875,107.1875,107.1796875,107.1796875,327.0
2025-02-25 08:58:00+00:00,107.1640625,107.1796875,107.1640625,107.1796875,2044.0
2025-02-25 08:59:00+00:00,107.171875,107.1796875,107.1640625,107.1640625,678.0
2025-02-25 09:00:00+00:00,107.171875,107.171875,107.171875,107.171875,118.0
2025-02-25 09:01:00+00:00,107.171875,107.1796875,107.171875,107.171875,1243.0
2025-02-25 09:02:00+00:00,107.1640625,107.1796875,107.1640625,107.1796875,703.0
2025-02-25 09:03:00+00:00,107.1796875,107.1796875,107.1640625,107.1640625,1072.0
2025-02-25 09:04:00+00:00,107.1796875,107.1875,107.1796875,107.1796875,178.0
2025-02-25 09:05:00+00:00,107.1875,107.1953125,107.1796875,107.1796875,1527.0
2025-02-25 09:06:00+00:00,107.1640625,107.1953125,107.1640625,107.1875,1668.0
2025-02-25 09:07:00+00:00,107.171875,107.171875,107.1640625,107.1640625,1538.0
2025-02-25 09:08:00+00:00,107.15625,107.171875,107.15625,107.171875,739.0
2025-02-25 09:09:00+00:00,107.15625,107.1640625,107.15625,107.15625,1823.0
2025-02-25 09:10:00+00:00,107.15625,107.1640625,107.15625,107.15625,3229.0
2025-02-25 09:11:00+00:00,107.15625,107.1640625,107.1484375,107.15625,1312.0
2025-02-25 09:12:00+00:00,107.15625,107.15625,107.1484375,107.15625,418.0
2025-02-25 09:13:00+00:00,107.15625,107.15625,107.1484375,107.15625,384.0
2025-02-25 09:14:00+00:00,107.1484375,107.15625,107.1484375,107.15625,595.0
2025-02-25 09:15:00+00:00,107.1484375,107.15625,107.1484375,107.15625,246.0
2025-02-25 09:16:00+00:00,107.140625,107.15625,107.140625,107.1484375,2324.0
2025-02-25 09:17:00+00:00,107.140625,107.1484375,107.140625,107.140625,803.0
2025-02-25 09:18:00+00:00,107.15625,107.15625,107.140625,107.1484375,1447.0
2025-02-25 09:19:00+00:00,107.15625,107.1640625,107.1484375,107.1484375,1032.0
2025-02-25 09:20:00+00:00,107.15625,107.1640625,107.15625,107.15625,1456.0
2025-02-25 09:21:00+00:00,107.15625,107.15625,107.15625,107.15625,332.0
2025-02-25 09:22:00+00:00,107.1484375,107.1640625,107.140625,107.15625,1145.0
2025-02-25 09:23:00+00:00,107.1484375,107.15625,107.1484375,107.1484375,376.0
2025-02-25 09:24:00+00:00,107.1484375,107.1484375,107.1484375,107.1484375,491.0
2025-02-25 09:25:00+00:00,107.1484375,107.1484375,107.140625,107.1484375,1456.0
2025-02-25 09:26:00+00:00,107.1484375,107.1484375,107.1484375,107.1484375,1657.0
2025-02-25 09:27:00+00:00,107.1484375,107.15625,107.1484375,107.1484375,1584.0
2025-02-25 09:28:00+00:00,107.1484375,107.1484375,107.140625,107.1484375,735.0
2025-02-25 09:29:00+00:00,107.1484375,107.1484375,107.140625,107.1484375,1248.0
2025-02-25 09:30:00+00:00,107.1484375,107.1484375,107.140625,107.140625,1273.0
2025-02-25 09:31:00+00:00,107.15625,107.15625,107.1484375,107.15625,1087.0
2025-02-25 09:32:00+00:00,107.15625,107.1640625,107.1484375,107.15625,703.0
2025-02-25 09:33:00+00:00,107.1484375,107.15625,107.1484375,107.15625,235.0
2025-02-25 09:34:00+00:00,107.15625,107.15625,107.1484375,107.1484375,613.0
2025-02-25 09:35:00+00:00,107.15625,107.15625,107.15625,107.15625,706.0
2025-02-25 09:36:00+00:00,107.1484375,107.15625,107.1484375,107.15625,822.0
2025-02-25 09:37:00+00:00,107.15625,107.15625,107.1484375,107.1484375,1480.0
2025-02-25 09:38:00+00:00,107.15625,107.15625,107.1484375,107.1484375,554.0
2025-02-25 09:39:00+00:00,107.1484375,107.1484375,107.1484375,107.1484375,1014.0
2025-02-25 09:40:00+00:00,107.1484375,107.1484375,107.1484375,107.1484375,1015.0
2025-02-25 09:41:00+00:00,107.1484375,107.15625,107.1484375,107.1484375,1273.0
2025-02-25 09:42:00+00:00,107.1484375,107.1484375,107.1484375,107.1484375,228.0
2025-02-25 09:43:00+00:00,107.15625,107.15625,107.15625,107.15625,1309.0
2025-02-25 09:44:00+00:00,107.15625,107.1640625,107.15625,107.15625,1037.0
2025-02-25 09:45:00+00:00,107.1640625,107.1640625,107.15625,107.15625,1755.0
2025-02-25 09:46:00+00:00,107.1640625,107.171875,107.15625,107.1640625,1252.0
2025-02-25 09:47:00+00:00,107.1640625,107.1640625,107.1640625,107.1640625,437.0
2025-02-25 09:48:00+00:00,107.171875,107.1796875,107.1640625,107.1640625,2851.0
2025-02-25 09:49:00+00:00,107.171875,107.171875,107.171875,107.171875,266.0
2025-02-25 09:50:00+00:00,107.171875,107.1796875,107.171875,107.171875,930.0
2025-02-25 09:51:00+00:00,107.171875,107.1796875,107.171875,107.1796875,239.0
2025-02-25 09:52:00+00:00,107.1796875,107.1796875,107.171875,107.1796875,2559.0
2025-02-25 09:53:00+00:00,107.1796875,107.1796875,107.171875,107.1796875,1236.0
2025-02-25 09:54:00+00:00,107.1796875,107.1875,107.171875,107.171875,2750.0
2025-02-25 09:55:00+00:00,107.1875,107.1875,107.1796875,107.1796875,13600.0
2025-02-25 09:56:00+00:00,107.1796875,107.1875,107.1796875,107.1875,11892.0
2025-02-25 09:57:00+00:00,107.1796875,107.1875,107.1796875,107.1875,1897.0
2025-02-25 09:58:00+00:00,107.1875,107.1875,107.171875,107.1796875,781.0
2025-02-25 09:59:00+00:00,107.1953125,107.203125,107.1796875,107.1796875,27994.0
2025-02-25 10:00:00+00:00,107.1953125,107.203125,107.1953125,107.1953125,252.0
2025-02-25 10:01:00+00:00,107.1953125,107.203125,107.1875,107.203125,1374.0
2025-02-25 10:02:00+00:00,107.1953125,107.1953125,107.1953125,107.1953125,1262.0
2025-02-25 10:03:00+00:00,107.1796875,107.203125,107.1796875,107.203125,695.0
2025-02-25 10:04:00+00:00,107.1796875,107.1796875,107.1796875,107.1796875,316.0
2025-02-25 10:05:00+00:00,107.1796875,107.1796875,107.1640625,107.1796875,1028.0
2025-02-25 10:06:00+00:00,107.1640625,107.171875,107.1640625,107.171875,444.0
2025-02-25 10:07:00+00:00,107.15625,107.171875,107.15625,107.1640625,772.0
2025-02-25 10:08:00+00:00,107.1640625,107.1640625,107.15625,107.15625,1057.0
2025-02-25 10:09:00+00:00,107.1640625,107.171875,107.1640625,107.1640625,2710.0
2025-02-25 10:10:00+00:00,107.171875,107.171875,107.1640625,107.171875,686.0
2025-02-25 10:11:00+00:00,107.1640625,107.1640625,107.1640625,107.1640625,2364.0
2025-02-25 10:12:00+00:00,107.1640625,107.171875,107.1640625,107.1640625,809.0
2025-02-25 10:13:00+00:00,107.1796875,107.1796875,107.1640625,107.1640625,221.0
2025-02-25 10:14:00+00:00,107.171875,107.171875,107.171875,107.171875,1507.0
2025-02-25 10:15:00+00:00,107.171875,107.1796875,107.1640625,107.1640625,1350.0
2025-02-25 10:16:00+00:00,107.1640625,107.1796875,107.1640625,107.171875,3983.0
2025-02-25 10:17:00+00:00,107.171875,107.171875,107.1640625,107.171875,607.0
2025-02-25 10:18:00+00:00,107.1640625,107.1640625,107.15625,107.1640625,841.0
2025-02-25 10:19:00+00:00,107.15625,107.1640625,107.15625,107.1640625,1274.0
2025-02-25 10:20:00+00:00,107.1640625,107.1640625,107.15625,107.1640625,830.0
2025-02-25 10:21:00+00:00,107.1640625,107.1640625,107.1640625,107.1640625,315.0
2025-02-25 10:22:00+00:00,107.1640625,107.171875,107.1640625,107.171875,998.0
2025-02-25 10:23:00+00:00,107.1640625,107.171875,107.1640625,107.171875,271.0
2025-02-25 10:24:00+00:00,107.1640625,107.1640625,107.15625,107.1640625,899.0
2025-02-25 10:25:00+00:00,107.1640625,107.1640625,107.1640625,107.1640625,1268.0
2025-02-25 10:26:00+00:00,107.1640625,107.171875,107.1640625,107.1640625,1058.0
2025-02-25 10:27:00+00:00,107.1640625,107.1640625,107.1640625,107.1640625,369.0
2025-02-25 10:28:00+00:00,107.1640625,107.171875,107.1640625,107.171875,567.0
2025-02-25 10:29:00+00:00,107.1640625,107.1640625,107.1640625,107.1640625,914.0
2025-02-25 10:30:00+00:00,107.1640625,107.171875,107.1640625,107.1640625,6168.0
2025-02-25 10:31:00+00:00,107.1640625,107.1640625,107.15625,107.1640625,348.0
2025-02-25 10:32:00+00:00,107.1640625,107.1640625,107.15625,107.1640625,1472.0
2025-02-25 10:33:00+00:00,107.1640625,107.171875,107.1640625,107.1640625,6779.0
2025-02-25 10:34:00+00:00,107.15625,107.1640625,107.15625,107.1640625,699.0
2025-02-25 10:35:00+00:00,107.1484375,107.1640625,107.1484375,107.15625,850.0
2025-02-25 10:36:00+00:00,107.1484375,107.1484375,107.140625,107.1484375,765.0
2025-02-25 10:37:00+00:00,107.15625,107.15625,107.140625,107.140625,1197.0
2025-02-25 10:38:00+00:00,107.15625,107.15625,107.15625,107.15625,202.0
2025-02-25 10:39:00+00:00,107.1484375,107.1484375,107.1484375,107.1484375,73.0
2025-02-25 10:40:00+00:00,107.1484375,107.1484375,107.1484375,107.1484375,639.0
2025-02-25 10:41:00+00:00,107.140625,107.140625,107.140625,107.140625,356.0
2025-02-25 10:42:00+00:00,107.1484375,107.15625,107.1484375,107.1484375,893.0
2025-02-25 10:43:00+00:00,107.140625,107.1484375,107.140625,107.1484375,320.0
2025-02-25 10:44:00+00:00,107.140625,107.1484375,107.140625,107.1484375,613.0
2025-02-25 10:45:00+00:00,107.140625,107.140625,107.140625,107.140625,1597.0
2025-02-25 10:46:00+00:00,107.1484375,107.1484375,107.140625,107.140625,1379.0
2025-02-25 10:47:00+00:00,107.140625,107.1484375,107.140625,107.1484375,759.0
2025-02-25 10:48:00+00:00,107.140625,107.140625,107.140625,107.140625,194.0
2025-02-25 10:49:00+00:00,107.1484375,107.1484375,107.140625,107.140625,2132.0
2025-02-25 10:50:00+00:00,107.15625,107.15625,107.1484375,107.1484375,1631.0
2025-02-25 10:51:00+00:00,107.15625,107.15625,107.15625,107.15625,656.0
2025-02-25 10:52:00+00:00,107.1484375,107.1640625,107.1484375,107.1640625,1213.0
2025-02-25 10:53:00+00:00,107.1484375,107.1484375,107.140625,107.1484375,440.0
2025-02-25 10:54:00+00:00,107.1484375,107.1484375,107.1484375,107.1484375,500.0
2025-02-25 10:55:00+00:00,107.1484375,107.1484375,107.1484375,107.1484375,608.0
2025-02-25 10:56:00+00:00,107.1484375,107.1484375,107.1484375,107.1484375,967.0
2025-02-25 10:57:00+00:00,107.140625,107.140625,107.140625,107.140625,641.0
2025-02-25 10:58:00+00:00,107.1484375,107.1484375,107.140625,107.1484375,1261.0
2025-02-25 10:59:00+00:00,107.1484375,107.15625,107.1484375,107.15625,175.0
2025-02-25 11:00:00+00:00,107.125,107.1484375,107.125,107.140625,28344.0
2025-02-25 11:01:00+00:00,107.1484375,107.15625,107.125,107.125,2685.0
2025-02-25 11:02:00+00:00,107.1484375,107.15625,107.1484375,107.1484375,315.0
2025-02-25 11:03:00+00:00,107.1484375,107.15625,107.1484375,107.1484375,252.0
2025-02-25 11:04:00+00:00,107.1484375,107.1484375,107.140625,107.1484375,935.0
2025-02-25 11:05:00+00:00,107.15625,107.15625,107.15625,107.15625,578.0
2025-02-25 11:06:00+00:00,107.1640625,107.1640625,107.15625,107.15625,608.0
2025-02-25 11:07:00+00:00,107.1640625,107.1640625,107.1640625,107.1640625,149.0
2025-02-25 11:08:00+00:00,107.1640625,107.1640625,107.15625,107.1640625,1317.0
2025-02-25 11:09:00+00:00,107.1640625,107.1640625,107.1640625,107.1640625,472.0
2025-02-25 11:10:00+00:00,107.171875,107.171875,107.1640625,107.1640625,156.0
2025-02-25 11:11:00+00:00,107.1640625,107.1640625,107.1640625,107.1640625,125.0
2025-02-25 11:21:00+00:00,107.171875,107.18000030517578,107.171875,107.18000030517578,7884.0
2025-02-25 11:22:00+00:00,107.171875,107.1796875,107.171875,107.171875,262.0
2025-02-25 11:23:00+00:00,107.1796875,107.1796875,107.171875,107.1796875,831.0
2025-02-25 11:24:00+00:00,107.171875,107.1796875,107.171875,107.1796875,2178.0
2025-02-25 11:25:00+00:00,107.1796875,107.1796875,107.1796875,107.1796875,153.0
2025-02-25 11:26:00+00:00,107.1640625,107.171875,107.1640625,107.171875,6630.0
2025-02-25 11:27:00+00:00,107.171875,107.171875,107.171875,107.171875,693.0
2025-02-25 11:28:00+00:00,107.171875,107.171875,107.171875,107.171875,874.0
2025-02-25 11:29:00+00:00,107.171875,107.171875,107.1640625,107.171875,539.0
2025-02-25 11:30:00+00:00,107.171875,107.171875,107.171875,107.171875,631.0
2025-02-25 11:31:00+00:00,107.171875,107.171875,107.171875,107.171875,447.0
2025-02-25 11:32:00+00:00,107.171875,107.171875,107.171875,107.171875,532.0
2025-02-25 11:33:00+00:00,107.171875,107.171875,107.171875,107.171875,212.0
2025-02-25 11:34:00+00:00,107.171875,107.171875,107.171875,107.171875,402.0
2025-02-25 11:35:00+00:00,107.171875,107.171875,107.171875,107.171875,3185.0
2025-02-25 11:36:00+00:00,107.171875,107.1796875,107.171875,107.1796875,523.0
2025-02-25 11:37:00+00:00,107.171875,107.1796875,107.171875,107.1796875,700.0
2025-02-25 11:38:00+00:00,107.171875,107.171875,107.171875,107.171875,235.0
2025-02-25 11:39:00+00:00,107.1796875,107.1796875,107.1796875,107.1796875,1394.0
2025-02-25 11:40:00+00:00,107.171875,107.171875,107.171875,107.171875,142.0
2025-02-25 11:41:00+00:00,107.1640625,107.171875,107.1640625,107.171875,2404.0
2025-02-25 11:42:00+00:00,107.1640625,107.1640625,107.1640625,107.1640625,1045.0
2025-02-25 11:44:00+00:00,107.1640625,107.1640625,107.1640625,107.1640625,1771.0
2025-02-25 11:46:00+00:00,107.1640625,107.1640625,107.15625,107.15625,504.0
2025-02-25 11:47:00+00:00,107.15625,107.1640625,107.15625,107.1640625,1226.0
2025-02-25 11:48:00+00:00,107.15625,107.15625,107.1484375,107.15625,311.0
2025-02-25 11:49:00+00:00,107.15625,107.15625,107.15625,107.15625,837.0
2025-02-25 11:50:00+00:00,107.1640625,107.1640625,107.15625,107.15625,1406.0
2025-02-25 11:51:00+00:00,107.171875,107.171875,107.15625,107.1640625,1343.0
2025-02-25 11:52:00+00:00,107.171875,107.1796875,107.171875,107.1796875,1007.0
2025-02-25 11:53:00+00:00,107.171875,107.171875,107.171875,107.171875,177.0
2025-02-25 11:54:00+00:00,107.1640625,107.171875,107.1640625,107.171875,986.0
2025-02-25 11:55:00+00:00,107.15625,107.1640625,107.1484375,107.1640625,2628.0
2025-02-25 11:56:00+00:00,107.15625,107.15625,107.15625,107.15625,322.0
2025-02-25 11:57:00+00:00,107.15625,107.15625,107.1484375,107.15625,144.0
2025-02-25 11:58:00+00:00,107.15625,107.15625,107.1484375,107.15625,759.0
2025-02-25 11:59:00+00:00,107.15625,107.15625,107.15625,107.15625,623.0
2025-02-25 12:00:00+00:00,107.1484375,107.15625,107.1484375,107.15625,67.0
2025-02-25 12:01:00+00:00,107.1484375,107.15625,107.1484375,107.1484375,298.0
2025-02-25 12:02:00+00:00,107.15625,107.15625,107.1484375,107.1484375,573.0
2025-02-25 12:03:00+00:00,107.1640625,107.1640625,107.15625,107.15625,591.0
2025-02-25 12:04:00+00:00,107.171875,107.171875,107.15625,107.1640625,767.0
2025-02-25 12:05:00+00:00,107.171875,107.171875,107.171875,107.171875,147.0
2025-02-25 12:06:00+00:00,107.1640625,107.1796875,107.1640625,107.1796875,12760.0
2025-02-25 12:07:00+00:00,107.171875,107.171875,107.1640625,107.1640625,3490.0
2025-02-25 12:08:00+00:00,107.1796875,107.1796875,107.171875,107.171875,143.0
2025-02-25 12:09:00+00:00,107.1875,107.1953125,107.1796875,107.1796875,43108.0
2025-02-25 12:10:00+00:00,107.1875,107.1953125,107.1875,107.1953125,19646.0
2025-02-25 12:11:00+00:00,107.1875,107.1953125,107.1875,107.1875,689.0
2025-02-25 12:12:00+00:00,107.1953125,107.2109375,107.1875,107.1875,103332.0
2025-02-25 12:13:00+00:00,107.1953125,107.1953125,107.1953125,107.1953125,2313.0
2025-02-25 12:14:00+00:00,107.203125,107.203125,107.1953125,107.1953125,4050.0
2025-02-25 12:15:00+00:00,107.203125,107.203125,107.203125,107.203125,541.0
2025-02-25 12:16:00+00:00,107.2265625,107.2265625,107.1953125,107.203125,19517.0
2025-02-25 12:17:00+00:00,107.234375,107.234375,107.21875,107.2265625,3293.0
2025-02-25 12:18:00+00:00,107.2421875,107.25,107.234375,107.234375,5682.0
2025-02-25 12:19:00+00:00,107.2421875,107.25,107.234375,107.25,5154.0
2025-02-25 12:20:00+00:00,107.2421875,107.2421875,107.234375,107.234375,516.0
2025-02-25 12:21:00+00:00,107.234375,107.2421875,107.234375,107.2421875,510.0
2025-02-25 12:22:00+00:00,107.234375,107.234375,107.2265625,107.234375,1474.0
2025-02-25 12:23:00+00:00,107.234375,107.234375,107.234375,107.234375,332.0
2025-02-25 12:24:00+00:00,107.25,107.25,107.234375,107.2421875,2160.0
2025-02-25 12:25:00+00:00,107.2421875,107.2578125,107.2421875,107.25,2175.0
2025-02-25 12:26:00+00:00,107.2578125,107.2578125,107.2421875,107.2421875,1536.0
2025-02-25 12:27:00+00:00,107.25,107.2578125,107.25,107.25,27253.0
2025-02-25 12:28:00+00:00,107.2578125,107.2578125,107.25,107.2578125,1107.0
2025-02-25 12:29:00+00:00,107.25,107.2578125,107.2421875,107.2578125,1127.0
2025-02-25 12:30:00+00:00,107.25,107.25,107.25,107.25,1783.0
2025-02-25 12:31:00+00:00,107.234375,107.2578125,107.234375,107.2578125,1831.0
2025-02-25 12:32:00+00:00,107.2421875,107.2421875,107.234375,107.2421875,877.0
2025-02-25 12:33:00+00:00,107.2421875,107.2421875,107.2421875,107.2421875,1056.0
2025-02-25 12:34:00+00:00,107.2421875,107.2421875,107.234375,107.2421875,3277.0
2025-02-25 12:35:00+00:00,107.2421875,107.2421875,107.234375,107.2421875,508.0
2025-02-25 12:36:00+00:00,107.2421875,107.2421875,107.2421875,107.2421875,1068.0
2025-02-25 12:37:00+00:00,107.234375,107.2421875,107.234375,107.2421875,1836.0
2025-02-25 12:38:00+00:00,107.234375,107.2421875,107.234375,107.234375,1778.0
2025-02-25 12:39:00+00:00,107.2265625,107.234375,107.2265625,107.234375,795.0
2025-02-25 12:40:00+00:00,107.2265625,107.2265625,107.2265625,107.2265625,958.0
2025-02-25 12:41:00+00:00,107.2109375,107.2265625,107.2109375,107.2265625,2014.0
2025-02-25 12:42:00+00:00,107.21875,107.21875,107.2109375,107.2109375,1150.0
2025-02-25 12:43:00+00:00,107.2109375,107.21875,107.2109375,107.21875,947.0
2025-02-25 12:44:00+00:00,107.21875,107.21875,107.2109375,107.2109375,557.0
2025-02-25 12:45:00+00:00,107.21875,107.21875,107.21875,107.21875,1479.0
2025-02-25 12:46:00+00:00,107.2109375,107.21875,107.2109375,107.21875,281.0
2025-02-25 12:47:00+00:00,107.21875,107.21875,107.21875,107.21875,516.0
2025-02-25 12:48:00+00:00,107.2265625,107.2265625,107.21875,107.21875,331.0
2025-02-25 12:49:00+00:00,107.21875,107.21875,107.2109375,107.21875,2312.0
2025-02-25 12:50:00+00:00,107.21875,107.21875,107.2109375,107.2109375,920.0
2025-02-25 12:51:00+00:00,107.21875,107.21875,107.2109375,107.21875,2649.0
2025-02-25 12:52:00+00:00,107.2109375,107.2109375,107.2109375,107.2109375,892.0
2025-02-25 12:53:00+00:00,107.2109375,107.2109375,107.203125,107.203125,813.0
2025-02-25 12:54:00+00:00,107.2109375,107.2109375,107.2109375,107.2109375,746.0
2025-02-25 12:55:00+00:00,107.2109375,107.21875,107.203125,107.203125,5369.0
2025-02-25 12:56:00+00:00,107.2109375,107.21875,107.2109375,107.2109375,2081.0
2025-02-25 12:57:00+00:00,107.203125,107.2109375,107.203125,107.2109375,1904.0
2025-02-25 12:58:00+00:00,107.203125,107.2109375,107.203125,107.2109375,1541.0
2025-02-25 12:59:00+00:00,107.203125,107.2109375,107.203125,107.2109375,531.0
2025-02-25 13:00:00+00:00,107.203125,107.2109375,107.1953125,107.2109375,6817.0
2025-02-25 13:01:00+00:00,107.203125,107.2109375,107.1953125,107.1953125,5023.0
2025-02-25 13:02:00+00:00,107.2109375,107.21875,107.203125,107.203125,878.0
2025-02-25 13:03:00+00:00,107.2109375,107.2109375,107.2109375,107.2109375,1141.0
2025-02-25 13:04:00+00:00,107.2109375,107.2109375,107.2109375,107.2109375,2248.0
2025-02-25 13:05:00+00:00,107.2109375,107.21875,107.2109375,107.2109375,2412.0
2025-02-25 13:06:00+00:00,107.2109375,107.2109375,107.2109375,107.2109375,4786.0
2025-02-25 13:07:00+00:00,107.2109375,107.2109375,107.203125,107.203125,834.0
2025-02-25 13:08:00+00:00,107.1953125,107.203125,107.1953125,107.203125,1213.0
2025-02-25 13:09:00+00:00,107.203125,107.203125,107.1953125,107.203125,18657.0
2025-02-25 13:10:00+00:00,107.203125,107.203125,107.1953125,107.1953125,829.0
2025-02-25 13:11:00+00:00,107.2109375,107.2109375,107.203125,107.203125,1430.0
2025-02-25 13:12:00+00:00,107.1953125,107.203125,107.1875,107.203125,1528.0
2025-02-25 13:13:00+00:00,107.1953125,107.1953125,107.1875,107.1953125,958.0
2025-02-25 13:14:00+00:00,107.1796875,107.1953125,107.1796875,107.1875,31561.0
2025-02-25 13:15:00+00:00,107.1796875,107.1953125,107.1796875,107.1796875,9717.0
2025-02-25 13:16:00+00:00,107.1875,107.1953125,107.1796875,107.1796875,16007.0
2025-02-25 13:17:00+00:00,107.1796875,107.1875,107.1796875,107.1875,4732.0
2025-02-25 13:18:00+00:00,107.171875,107.1875,107.171875,107.1875,9926.0
2025-02-25 13:19:00+00:00,107.171875,107.1796875,107.171875,107.171875,11474.0
2025-02-25 13:20:00+00:00,107.203125,107.2109375,107.171875,107.1796875,14054.0
2025-02-25 13:21:00+00:00,107.1953125,107.2109375,107.1953125,107.203125,2083.0
2025-02-25 13:22:00+00:00,107.1796875,107.1875,107.1796875,107.1875,1014.0
2025-02-25 13:23:00+00:00,107.171875,107.1875,107.1640625,107.1796875,3675.0
2025-02-25 13:24:00+00:00,107.1796875,107.1796875,107.1640625,107.171875,786.0
2025-02-25 13:25:00+00:00,107.1796875,107.1796875,107.171875,107.171875,7177.0
2025-02-25 13:26:00+00:00,107.1796875,107.1875,107.171875,107.1796875,1270.0
2025-02-25 13:27:00+00:00,107.1796875,107.1875,107.171875,107.1796875,2572.0
2025-02-25 13:28:00+00:00,107.1875,107.1875,107.1796875,107.1875,6542.0
2025-02-25 13:29:00+00:00,107.1953125,107.203125,107.1875,107.1875,304998.0
2025-02-25 13:30:00+00:00,107.1875,107.1953125,107.1796875,107.1953125,23506.0
2025-02-25 13:31:00+00:00,107.1796875,107.1875,107.1796875,107.1796875,5075.0
2025-02-25 13:32:00+00:00,107.1796875,107.1875,107.171875,107.1796875,3652.0
2025-02-25 13:33:00+00:00,107.171875,107.1796875,107.1640625,107.1796875,4581.0
2025-02-25 13:34:00+00:00,107.171875,107.171875,107.1640625,107.171875,1348.0
2025-02-25 13:35:00+00:00,107.1875,107.1875,107.1796875,107.1796875,2865.0
2025-02-25 13:36:00+00:00,107.1953125,107.1953125,107.1875,107.1875,208.0
2025-02-25 13:37:00+00:00,107.203125,107.203125,107.1875,107.1953125,1783.0
2025-02-25 13:38:00+00:00,107.2109375,107.2109375,107.203125,107.203125,370.0
2025-02-25 13:39:00+00:00,107.234375,107.234375,107.2109375,107.21875,2698.0
2025-02-25 13:40:00+00:00,107.234375,107.234375,107.2265625,107.234375,1834.0
2025-02-25 13:41:00+00:00,107.2265625,107.234375,107.2265625,107.2265625,793.0
2025-02-25 13:42:00+00:00,107.2421875,107.25,107.2265625,107.2265625,1361.0
2025-02-25 13:43:00+00:00,107.25,107.25,107.2421875,107.2421875,9090.0
2025-02-25 13:44:00+00:00,107.2578125,107.265625,107.2421875,107.25,1897.0
2025-02-25 13:45:00+00:00,107.2578125,107.265625,107.25,107.265625,4011.0
2025-02-25 13:46:00+00:00,107.2578125,107.265625,107.2578125,107.265625,3720.0
2025-02-25 13:47:00+00:00,107.265625,107.265625,107.25,107.25,2537.0
2025-02-25 13:48:00+00:00,107.265625,107.2734375,107.265625,107.265625,5054.0
2025-02-25 13:49:00+00:00,107.265625,107.2734375,107.265625,107.2734375,24553.0
2025-02-25 13:50:00+00:00,107.2734375,107.2734375,107.265625,107.265625,1536.0
2025-02-25 13:51:00+00:00,107.2890625,107.296875,107.2734375,107.28125,14950.0
2025-02-25 13:52:00+00:00,107.296875,107.296875,107.28125,107.2890625,4082.0
2025-02-25 13:53:00+00:00,107.296875,107.3046875,107.2890625,107.296875,1613.0
2025-02-25 13:54:00+00:00,107.3046875,107.3125,107.3046875,107.3046875,4589.0
2025-02-25 13:55:00+00:00,107.296875,107.3046875,107.2890625,107.3046875,6840.0
2025-02-25 13:56:00+00:00,107.2890625,107.296875,107.28125,107.296875,1354.0
2025-02-25 13:57:00+00:00,107.28125,107.2890625,107.2734375,107.2890625,1441.0
2025-02-25 13:58:00+00:00,107.2734375,107.28125,107.2734375,107.28125,1007.0
2025-02-25 13:59:00+00:00,107.2734375,107.28125,107.265625,107.2734375,1695.0
2025-02-25 14:00:00+00:00,107.265625,107.28125,107.265625,107.2734375,3427.0
2025-02-25 14:01:00+00:00,107.265625,107.2734375,107.2578125,107.265625,3174.0
2025-02-25 14:02:00+00:00,107.2578125,107.2734375,107.2578125,107.265625,35300.0
2025-02-25 14:03:00+00:00,107.2734375,107.28125,107.25,107.2578125,2957.0
2025-02-25 14:04:00+00:00,107.2578125,107.265625,107.2578125,107.265625,1938.0
2025-02-25 14:05:00+00:00,107.25,107.2578125,107.25,107.2578125,5649.0
2025-02-25 14:06:00+00:00,107.25,107.265625,107.25,107.25,2132.0
2025-02-25 14:07:00+00:00,107.25,107.2578125,107.25,107.2578125,1996.0
2025-02-25 14:08:00+00:00,107.25,107.2578125,107.2421875,107.25,2354.0
2025-02-25 14:09:00+00:00,107.2421875,107.25,107.234375,107.25,2855.0
2025-02-25 14:10:00+00:00,107.25,107.25,107.234375,107.234375,5559.0
2025-02-25 14:11:00+00:00,107.25,107.2578125,107.2421875,107.25,1196.0
2025-02-25 14:12:00+00:00,107.25,107.25,107.234375,107.2421875,2450.0
2025-02-25 14:13:00+00:00,107.25,107.25,107.2421875,107.2421875,656.0
2025-02-25 14:14:00+00:00,107.25,107.2578125,107.2421875,107.25,17218.0
2025-02-25 14:15:00+00:00,107.2578125,107.2578125,107.2421875,107.25,9843.0
2025-02-25 14:16:00+00:00,107.2578125,107.2578125,107.25,107.25,435.0
2025-02-25 14:17:00+00:00,107.265625,107.2734375,107.2578125,107.2578125,2419.0
2025-02-25 14:18:00+00:00,107.265625,107.265625,107.2578125,107.265625,2578.0
2025-02-25 14:19:00+00:00,107.265625,107.265625,107.2578125,107.265625,2429.0
2025-02-25 14:20:00+00:00,107.25,107.2734375,107.25,107.265625,3011.0
2025-02-25 14:21:00+00:00,107.25,107.25,107.25,107.25,1147.0
2025-02-25 14:22:00+00:00,107.25,107.25,107.2421875,107.25,1408.0
2025-02-25 14:23:00+00:00,107.234375,107.25,107.234375,107.2421875,1504.0
2025-02-25 14:24:00+00:00,107.234375,107.2421875,107.234375,107.2421875,4015.0
2025-02-25 14:25:00+00:00,107.2421875,107.2421875,107.234375,107.2421875,826.0
2025-02-25 14:26:00+00:00,107.2578125,107.2578125,107.2421875,107.2421875,6724.0
2025-02-25 14:27:00+00:00,107.2734375,107.28125,107.2578125,107.2578125,5085.0
2025-02-25 14:28:00+00:00,107.2734375,107.2734375,107.265625,107.2734375,3652.0
2025-02-25 14:29:00+00:00,107.28125,107.28125,107.2734375,107.2734375,4155.0
2025-02-25 14:30:00+00:00,107.265625,107.28125,107.265625,107.2734375,4699.0
2025-02-25 14:31:00+00:00,107.265625,107.2734375,107.2578125,107.2734375,5918.0
2025-02-25 14:32:00+00:00,107.265625,107.265625,107.2578125,107.2578125,4957.0
2025-02-25 14:33:00+00:00,107.265625,107.265625,107.2578125,107.2578125,3706.0
2025-02-25 14:34:00+00:00,107.265625,107.265625,107.2578125,107.265625,3689.0
2025-02-25 14:35:00+00:00,107.2578125,107.265625,107.25,107.265625,1736.0
2025-02-25 14:36:00+00:00,107.234375,107.2578125,107.234375,107.2578125,2119.0
2025-02-25 14:37:00+00:00,107.2421875,107.2421875,107.234375,107.234375,3716.0
2025-02-25 14:38:00+00:00,107.234375,107.234375,107.2265625,107.234375,11899.0
2025-02-25 14:39:00+00:00,107.2265625,107.234375,107.21875,107.234375,5560.0
2025-02-25 14:40:00+00:00,107.2265625,107.234375,107.21875,107.2265625,5139.0
2025-02-25 14:41:00+00:00,107.2265625,107.234375,107.2265625,107.2265625,7150.0
2025-02-25 14:42:00+00:00,107.234375,107.234375,107.2265625,107.2265625,6686.0
2025-02-25 14:43:00+00:00,107.2265625,107.234375,107.2265625,107.234375,3647.0
2025-02-25 14:44:00+00:00,107.2265625,107.2265625,107.21875,107.2265625,15665.0
2025-02-25 14:45:00+00:00,107.2421875,107.25,107.2265625,107.2265625,4376.0
2025-02-25 14:46:00+00:00,107.25,107.25,107.234375,107.234375,614.0
2025-02-25 14:47:00+00:00,107.2421875,107.25,107.2421875,107.2421875,1972.0
2025-02-25 14:48:00+00:00,107.25,107.25,107.2421875,107.2421875,730.0
2025-02-25 14:49:00+00:00,107.2421875,107.25,107.2421875,107.2421875,1979.0
2025-02-25 14:50:00+00:00,107.25,107.25,107.2421875,107.2421875,16984.0
2025-02-25 14:51:00+00:00,107.2578125,107.2578125,107.2421875,107.25,3971.0
2025-02-25 14:52:00+00:00,107.2734375,107.28125,107.2578125,107.2578125,3700.0
2025-02-25 14:53:00+00:00,107.296875,107.296875,107.2734375,107.2734375,16810.0
2025-02-25 14:54:00+00:00,107.2890625,107.3125,107.2890625,107.2890625,12452.0
2025-02-25 14:55:00+00:00,107.2890625,107.296875,107.28125,107.296875,3140.0
2025-02-25 14:56:00+00:00,107.28125,107.2890625,107.28125,107.2890625,3934.0
2025-02-25 14:57:00+00:00,107.2890625,107.2890625,107.28125,107.28125,2219.0
2025-02-25 14:58:00+00:00,107.296875,107.296875,107.28125,107.2890625,7198.0
2025-02-25 14:59:00+00:00,107.2890625,107.3046875,107.2890625,107.296875,4737.0
2025-02-25 15:00:00+00:00,107.3359375,107.34375,107.296875,107.296875,13245.0
2025-02-25 15:01:00+00:00,107.328125,107.3515625,107.3203125,107.34375,5937.0
2025-02-25 15:02:00+00:00,107.328125,107.34375,107.3203125,107.328125,8573.0
2025-02-25 15:03:00+00:00,107.328125,107.3515625,107.328125,107.3359375,17725.0
2025-02-25 15:04:00+00:00,107.328125,107.3359375,107.3125,107.3359375,5598.0
2025-02-25 15:05:00+00:00,107.3125,107.328125,107.3125,107.328125,15788.0
2025-02-25 15:06:00+00:00,107.3125,107.3203125,107.3125,107.3125,3492.0
2025-02-25 15:07:00+00:00,107.3125,107.328125,107.3125,107.3125,4561.0
2025-02-25 15:08:00+00:00,107.3203125,107.328125,107.3125,107.3203125,4335.0
2025-02-25 15:09:00+00:00,107.3203125,107.3359375,107.3125,107.3203125,2762.0
2025-02-25 15:10:00+00:00,107.328125,107.3359375,107.3046875,107.3203125,5069.0
2025-02-25 15:11:00+00:00,107.3203125,107.3359375,107.3203125,107.328125,2676.0
2025-02-25 15:12:00+00:00,107.3203125,107.328125,107.3203125,107.328125,1463.0
2025-02-25 15:13:00+00:00,107.3359375,107.3359375,107.328125,107.328125,4377.0
2025-02-25 15:14:00+00:00,107.3515625,107.359375,107.34375,107.34375,5343.0
2025-02-25 15:15:00+00:00,107.3515625,107.3515625,107.34375,107.3515625,1779.0
2025-02-25 15:16:00+00:00,107.3515625,107.3515625,107.3359375,107.34375,2623.0
2025-02-25 15:17:00+00:00,107.3671875,107.375,107.34375,107.3515625,334596.0
2025-02-25 15:18:00+00:00,107.375,107.375,107.359375,107.3671875,1798.0
2025-02-25 15:19:00+00:00,107.3671875,107.375,107.359375,107.3671875,6334.0
2025-02-25 15:20:00+00:00,107.375,107.375,107.3671875,107.375,3765.0
2025-02-25 15:21:00+00:00,107.375,107.3828125,107.375,107.375,4179.0
2025-02-25 15:22:00+00:00,107.359375,107.375,107.359375,107.375,2230.0
2025-02-25 15:23:00+00:00,107.359375,107.3671875,107.359375,107.359375,23090.0
2025-02-25 15:24:00+00:00,107.359375,107.3671875,107.3515625,107.3515625,14901.0
2025-02-25 15:25:00+00:00,107.3515625,107.3671875,107.3515625,107.359375,12133.0
2025-02-25 15:26:00+00:00,107.3515625,107.359375,107.34375,107.3515625,22198.0
2025-02-25 15:27:00+00:00,107.3515625,107.359375,107.3515625,107.359375,1901.0
2025-02-25 15:28:00+00:00,107.359375,107.3671875,107.3515625,107.3515625,3082.0
2025-02-25 15:29:00+00:00,107.375,107.375,107.3671875,107.3671875,1395.0
2025-02-25 15:30:00+00:00,107.3671875,107.375,107.3515625,107.375,9444.0
2025-02-25 15:31:00+00:00,107.375,107.375,107.3671875,107.3671875,2096.0
2025-02-25 15:32:00+00:00,107.375,107.375,107.359375,107.3671875,9320.0
2025-02-25 15:33:00+00:00,107.3671875,107.3828125,107.3671875,107.3828125,2143.0
2025-02-25 15:34:00+00:00,107.375,107.375,107.3671875,107.3671875,5748.0
2025-02-25 15:35:00+00:00,107.375,107.3828125,107.3671875,107.375,9075.0
2025-02-25 15:36:00+00:00,107.375,107.3828125,107.3671875,107.3828125,3879.0
2025-02-25 15:37:00+00:00,107.359375,107.375,107.359375,107.375,3733.0
2025-02-25 15:38:00+00:00,107.3515625,107.359375,107.3515625,107.359375,8486.0
2025-02-25 15:39:00+00:00,107.3359375,107.3515625,107.3359375,107.34375,2386.0
2025-02-25 15:40:00+00:00,107.3828125,107.3984375,107.328125,107.3359375,20854.0
2025-02-25 15:41:00+00:00,107.3984375,107.3984375,107.375,107.3828125,149000.0
2025-02-25 15:42:00+00:00,107.390625,107.40625,107.375,107.390625,193862.0
2025-02-25 15:43:00+00:00,107.3828125,107.3984375,107.375,107.3984375,89905.0
2025-02-25 15:44:00+00:00,107.3828125,107.390625,107.375,107.3828125,59251.0
2025-02-25 15:45:00+00:00,107.390625,107.3984375,107.3828125,107.3828125,9876.0
2025-02-25 15:46:00+00:00,107.40625,107.4140625,107.390625,107.390625,5194.0
2025-02-25 15:47:00+00:00,107.3984375,107.421875,107.3984375,107.4140625,73445.0
2025-02-25 15:48:00+00:00,107.3828125,107.390625,107.375,107.390625,2734.0
2025-02-25 15:49:00+00:00,107.3828125,107.390625,107.375,107.3828125,5098.0
2025-02-25 15:50:00+00:00,107.3671875,107.390625,107.3671875,107.3828125,10472.0
2025-02-25 15:51:00+00:00,107.375,107.375,107.359375,107.3671875,102772.0
2025-02-25 15:52:00+00:00,107.3515625,107.3671875,107.3515625,107.3671875,3850.0
2025-02-25 15:53:00+00:00,107.3515625,107.3515625,107.34375,107.3515625,7686.0
2025-02-25 15:54:00+00:00,107.34375,107.3515625,107.34375,107.34375,1854.0
2025-02-25 15:55:00+00:00,107.3203125,107.34375,107.3203125,107.34375,7908.0
2025-02-25 15:56:00+00:00,107.3203125,107.328125,107.3203125,107.3203125,3415.0
2025-02-25 15:57:00+00:00,107.3203125,107.3359375,107.3125,107.328125,3697.0
2025-02-25 15:58:00+00:00,107.328125,107.328125,107.3203125,107.3203125,3039.0
2025-02-25 15:59:00+00:00,107.328125,107.328125,107.3203125,107.328125,3071.0
2025-02-25 16:00:00+00:00,107.3359375,107.34375,107.328125,107.3359375,2352.0
2025-02-25 16:01:00+00:00,107.3359375,107.34375,107.328125,107.3359375,3295.0
2025-02-25 16:02:00+00:00,107.3359375,107.3359375,107.3359375,107.3359375,1442.0
2025-02-25 16:03:00+00:00,107.3359375,107.3359375,107.328125,107.3359375,5316.0
2025-02-25 16:04:00+00:00,107.3203125,107.3359375,107.3203125,107.3359375,1219.0
2025-02-25 16:05:00+00:00,107.3203125,107.3203125,107.3125,107.3203125,2355.0
2025-02-25 16:06:00+00:00,107.3203125,107.3359375,107.3125,107.3203125,6548.0
2025-02-25 16:07:00+00:00,107.3203125,107.3359375,107.3125,107.3203125,4715.0
2025-02-25 16:08:00+00:00,107.328125,107.328125,107.3203125,107.3203125,2693.0
2025-02-25 16:09:00+00:00,107.3203125,107.3359375,107.3203125,107.328125,2459.0
2025-02-25 16:10:00+00:00,107.3359375,107.3359375,107.3203125,107.3203125,2782.0
2025-02-25 16:11:00+00:00,107.3359375,107.3359375,107.328125,107.328125,888.0
2025-02-25 16:12:00+00:00,107.3203125,107.3359375,107.3203125,107.3359375,2871.0
2025-02-25 16:13:00+00:00,107.3125,107.3203125,107.3125,107.3203125,2097.0
2025-02-25 16:14:00+00:00,107.328125,107.328125,107.3125,107.3125,5858.0
2025-02-25 16:15:00+00:00,107.3203125,107.328125,107.3203125,107.328125,966.0
2025-02-25 16:16:00+00:00,107.3125,107.3359375,107.3125,107.3203125,6208.0
2025-02-25 16:17:00+00:00,107.3046875,107.3203125,107.3046875,107.3203125,3181.0
2025-02-25 16:18:00+00:00,107.3046875,107.3203125,107.3046875,107.3125,17489.0
2025-02-25 16:19:00+00:00,107.3125,107.3125,107.3046875,107.3046875,4401.0
2025-02-25 16:20:00+00:00,107.3046875,107.3125,107.3046875,107.3046875,3823.0
2025-02-25 16:21:00+00:00,107.3125,107.3125,107.3046875,107.3046875,690.0
2025-02-25 16:22:00+00:00,107.3203125,107.328125,107.3046875,107.3125,6590.0
2025-02-25 16:23:00+00:00,107.328125,107.3359375,107.328125,107.328125,3692.0
2025-02-25 16:24:00+00:00,107.3359375,107.3359375,107.328125,107.328125,3527.0
2025-02-25 16:25:00+00:00,107.328125,107.3359375,107.3203125,107.3359375,3028.0
2025-02-25 16:26:00+00:00,107.34375,107.3515625,107.328125,107.328125,3313.0
2025-02-25 16:27:00+00:00,107.34375,107.34375,107.34375,107.34375,2394.0
2025-02-25 16:28:00+00:00,107.3515625,107.3515625,107.34375,107.3515625,3616.0
2025-02-25 16:29:00+00:00,107.34375,107.3515625,107.34375,107.3515625,3562.0
2025-02-25 16:30:00+00:00,107.359375,107.359375,107.3515625,107.3515625,1128.0
2025-02-25 16:31:00+00:00,107.359375,107.359375,107.3515625,107.359375,7452.0
2025-02-25 16:32:00+00:00,107.3515625,107.359375,107.3515625,107.359375,5200.0
2025-02-25 16:33:00+00:00,107.359375,107.359375,107.3515625,107.359375,1178.0
2025-02-25 16:34:00+00:00,107.359375,107.359375,107.359375,107.359375,1742.0
2025-02-25 16:35:00+00:00,107.375,107.3828125,107.3515625,107.359375,24314.0
2025-02-25 16:36:00+00:00,107.3671875,107.375,107.3671875,107.375,9135.0
2025-02-25 16:37:00+00:00,107.359375,107.3671875,107.3515625,107.3671875,2849.0
2025-02-25 16:38:00+00:00,107.359375,107.359375,107.3515625,107.3515625,1472.0
2025-02-25 16:39:00+00:00,107.3515625,107.359375,107.3515625,107.3515625,8317.0
2025-02-25 16:40:00+00:00,107.359375,107.359375,107.3515625,107.3515625,1754.0
2025-02-25 16:41:00+00:00,107.3515625,107.359375,107.3515625,107.359375,3255.0
2025-02-25 16:42:00+00:00,107.34375,107.3515625,107.34375,107.3515625,2673.0
2025-02-25 16:43:00+00:00,107.3515625,107.3515625,107.34375,107.34375,1454.0
2025-02-25 16:44:00+00:00,107.359375,107.3671875,107.3515625,107.359375,807.0
2025-02-25 16:45:00+00:00,107.359375,107.3671875,107.3515625,107.359375,1916.0
2025-02-25 16:46:00+00:00,107.359375,107.359375,107.359375,107.359375,3785.0
2025-02-25 16:47:00+00:00,107.3515625,107.3515625,107.3515625,107.3515625,1692.0
2025-02-25 16:48:00+00:00,107.3359375,107.34375,107.3359375,107.34375,2045.0
2025-02-25 16:49:00+00:00,107.3359375,107.34375,107.328125,107.34375,2203.0
2025-02-25 16:50:00+00:00,107.328125,107.328125,107.3203125,107.328125,2159.0
2025-02-25 16:51:00+00:00,107.328125,107.328125,107.3203125,107.328125,1135.0
2025-02-25 16:52:00+00:00,107.3359375,107.3359375,107.3203125,107.328125,2669.0
2025-02-25 16:53:00+00:00,107.3203125,107.328125,107.3203125,107.328125,1047.0
2025-02-25 16:54:00+00:00,107.3125,107.3203125,107.3125,107.3125,2809.0
2025-02-25 16:55:00+00:00,107.3203125,107.3203125,107.3125,107.3125,2664.0
2025-02-25 16:56:00+00:00,107.3046875,107.3203125,107.3046875,107.3203125,4317.0
2025-02-25 16:57:00+00:00,107.296875,107.3046875,107.296875,107.3046875,11365.0
2025-02-25 16:58:00+00:00,107.296875,107.296875,107.296875,107.296875,1679.0
2025-02-25 16:59:00+00:00,107.296875,107.296875,107.2890625,107.296875,1376.0
2025-02-25 17:00:00+00:00,107.296875,107.296875,107.296875,107.296875,6275.0
2025-02-25 17:01:00+00:00,107.296875,107.3046875,107.296875,107.296875,2707.0
2025-02-25 17:02:00+00:00,107.296875,107.3046875,107.296875,107.296875,3519.0
2025-02-25 17:03:00+00:00,107.296875,107.296875,107.296875,107.296875,3942.0
2025-02-25 17:04:00+00:00,107.3046875,107.3046875,107.296875,107.296875,3685.0
2025-02-25 17:05:00+00:00,107.3046875,107.3046875,107.3046875,107.3046875,810.0
2025-02-25 17:06:00+00:00,107.296875,107.3046875,107.296875,107.3046875,5480.0
2025-02-25 17:07:00+00:00,107.3046875,107.3046875,107.296875,107.3046875,1305.0
2025-02-25 17:08:00+00:00,107.296875,107.3046875,107.296875,107.3046875,851.0
2025-02-25 17:09:00+00:00,107.3046875,107.3046875,107.296875,107.296875,505.0
2025-02-25 17:10:00+00:00,107.296875,107.296875,107.2890625,107.296875,1168.0
2025-02-25 17:11:00+00:00,107.2890625,107.296875,107.2890625,107.2890625,2350.0
2025-02-25 17:12:00+00:00,107.3046875,107.3046875,107.296875,107.296875,2433.0
2025-02-25 17:13:00+00:00,107.3125,107.3125,107.296875,107.3046875,1593.0
2025-02-25 17:14:00+00:00,107.3203125,107.3203125,107.3125,107.3125,2179.0
2025-02-25 17:15:00+00:00,107.3203125,107.3203125,107.3125,107.3125,537.0
2025-02-25 17:16:00+00:00,107.3203125,107.3203125,107.3203125,107.3203125,686.0
2025-02-25 17:17:00+00:00,107.328125,107.328125,107.3125,107.3203125,1177.0
2025-02-25 17:18:00+00:00,107.328125,107.328125,107.3203125,107.3203125,333.0
2025-02-25 17:19:00+00:00,107.3359375,107.3359375,107.328125,107.328125,2110.0
2025-02-25 17:20:00+00:00,107.34375,107.34375,107.328125,107.3359375,10012.0
2025-02-25 17:21:00+00:00,107.3515625,107.3515625,107.34375,107.34375,1742.0
2025-02-25 17:22:00+00:00,107.3515625,107.3515625,107.34375,107.3515625,1398.0
2025-02-25 17:23:00+00:00,107.34375,107.34375,107.34375,107.34375,3832.0
2025-02-25 17:24:00+00:00,107.34375,107.3515625,107.34375,107.34375,1683.0
2025-02-25 17:25:00+00:00,107.3359375,107.34375,107.328125,107.34375,49141.0
2025-02-25 17:26:00+00:00,107.3359375,107.34375,107.328125,107.328125,253567.0
2025-02-25 17:27:00+00:00,107.328125,107.34375,107.328125,107.34375,186897.0
2025-02-25 17:28:00+00:00,107.3359375,107.34375,107.328125,107.328125,119225.0
2025-02-25 17:29:00+00:00,107.328125,107.34375,107.3203125,107.3359375,15657.0
2025-02-25 17:30:00+00:00,107.328125,107.328125,107.3203125,107.328125,2201.0
2025-02-25 17:31:00+00:00,107.328125,107.3359375,107.328125,107.328125,36563.0
2025-02-25 17:32:00+00:00,107.328125,107.3359375,107.328125,107.328125,520.0
2025-02-25 17:33:00+00:00,107.3203125,107.3359375,107.3125,107.3359375,4207.0
2025-02-25 17:34:00+00:00,107.328125,107.328125,107.3203125,107.3203125,995.0
2025-02-25 17:35:00+00:00,107.3125,107.328125,107.3125,107.3203125,2165.0
2025-02-25 17:36:00+00:00,107.3125,107.3203125,107.3125,107.3125,638.0
2025-02-25 17:37:00+00:00,107.3125,107.3203125,107.3125,107.3203125,6803.0
2025-02-25 17:38:00+00:00,107.3125,107.3203125,107.3046875,107.3125,26439.0
2025-02-25 17:39:00+00:00,107.3125,107.3203125,107.3125,107.3125,2365.0
2025-02-25 17:40:00+00:00,107.3125,107.3203125,107.3125,107.3125,101880.0
2025-02-25 17:41:00+00:00,107.328125,107.328125,107.3125,107.3203125,22479.0
2025-02-25 17:42:00+00:00,107.3203125,107.328125,107.3203125,107.328125,3174.0
2025-02-25 17:43:00+00:00,107.328125,107.3359375,107.3203125,107.328125,3017.0
2025-02-25 17:44:00+00:00,107.328125,107.3359375,107.328125,107.3359375,1288.0
2025-02-25 17:45:00+00:00,107.3359375,107.3359375,107.328125,107.328125,7994.0
2025-02-25 17:46:00+00:00,107.34375,107.34375,107.3359375,107.3359375,3674.0
2025-02-25 17:47:00+00:00,107.34375,107.34375,107.3359375,107.34375,1294.0
2025-02-25 17:48:00+00:00,107.3515625,107.3515625,107.3359375,107.34375,1193.0
2025-02-25 17:49:00+00:00,107.34375,107.3515625,107.34375,107.3515625,1334.0
2025-02-25 17:50:00+00:00,107.3359375,107.3515625,107.3359375,107.3515625,5495.0
2025-02-25 17:51:00+00:00,107.3359375,107.34375,107.3359375,107.3359375,1131.0
2025-02-25 17:52:00+00:00,107.328125,107.3359375,107.328125,107.3359375,4808.0
2025-02-25 17:53:00+00:00,107.328125,107.328125,107.328125,107.328125,1399.0
2025-02-25 17:54:00+00:00,107.3125,107.328125,107.3125,107.3203125,3570.0
2025-02-25 17:55:00+00:00,107.3203125,107.328125,107.3125,107.3203125,35136.0
2025-02-25 17:56:00+00:00,107.3125,107.3203125,107.3125,107.3203125,11960.0
2025-02-25 17:57:00+00:00,107.3046875,107.3125,107.3046875,107.3125,3225.0
2025-02-25 17:58:00+00:00,107.3046875,107.3125,107.3046875,107.3046875,1168.0
2025-02-25 17:59:00+00:00,107.3046875,107.3125,107.296875,107.3046875,2881.0
2025-02-25 18:00:00+00:00,107.296875,107.3046875,107.296875,107.3046875,1597.0
2025-02-25 18:01:00+00:00,107.3046875,107.3046875,107.296875,107.3046875,1185.0
2025-02-25 18:02:00+00:00,107.3125,107.3359375,107.296875,107.3046875,77883.0
2025-02-25 18:03:00+00:00,107.328125,107.34375,107.3125,107.3203125,20320.0
2025-02-25 18:04:00+00:00,107.3203125,107.3359375,107.3203125,107.328125,4608.0
2025-02-25 18:05:00+00:00,107.3125,107.328125,107.3125,107.3203125,2303.0
2025-02-25 18:06:00+00:00,107.3203125,107.328125,107.3125,107.3203125,1056.0
2025-02-25 18:07:00+00:00,107.3046875,107.3203125,107.296875,107.3203125,13572.0
2025-02-25 18:08:00+00:00,107.2734375,107.296875,107.2734375,107.296875,14328.0
2025-02-25 18:09:00+00:00,107.28125,107.2890625,107.2734375,107.2734375,15378.0
2025-02-25 18:10:00+00:00,107.2890625,107.2890625,107.28125,107.2890625,3275.0
2025-02-25 18:11:00+00:00,107.2890625,107.296875,107.28125,107.2890625,2449.0
2025-02-25 18:12:00+00:00,107.296875,107.296875,107.28125,107.2890625,1828.0
2025-02-25 18:13:00+00:00,107.2890625,107.296875,107.2890625,107.296875,375.0
2025-02-25 18:14:00+00:00,107.28125,107.296875,107.28125,107.2890625,1023.0
2025-02-25 18:15:00+00:00,107.2734375,107.2890625,107.2734375,107.28125,8467.0
2025-02-25 18:16:00+00:00,107.2734375,107.28125,107.265625,107.2734375,1878.0
2025-02-25 18:17:00+00:00,107.2734375,107.28125,107.265625,107.2734375,10994.0
2025-02-25 18:18:00+00:00,107.2734375,107.2734375,107.265625,107.265625,3495.0
2025-02-25 18:19:00+00:00,107.28125,107.28125,107.2734375,107.2734375,3583.0
2025-02-25 18:20:00+00:00,107.28125,107.28125,107.2734375,107.2734375,178.0
2025-02-25 18:21:00+00:00,107.28125,107.28125,107.265625,107.2734375,5425.0
2025-02-25 18:22:00+00:00,107.28125,107.28125,107.2734375,107.2734375,3688.0
2025-02-25 18:23:00+00:00,107.2890625,107.2890625,107.28125,107.28125,4363.0
2025-02-25 18:24:00+00:00,107.28125,107.2890625,107.28125,107.2890625,977.0
2025-02-25 18:25:00+00:00,107.2734375,107.28125,107.2734375,107.28125,762.0
2025-02-25 18:26:00+00:00,107.28125,107.28125,107.2734375,107.28125,2163.0
2025-02-25 18:27:00+00:00,107.2890625,107.2890625,107.28125,107.2890625,1751.0
2025-02-25 18:28:00+00:00,107.2890625,107.296875,107.2890625,107.296875,1958.0
2025-02-25 18:29:00+00:00,107.2890625,107.296875,107.28125,107.2890625,1093.0
2025-02-25 18:30:00+00:00,107.296875,107.3046875,107.296875,107.296875,3531.0
2025-02-25 18:31:00+00:00,107.3046875,107.3046875,107.296875,107.296875,297.0
2025-02-25 18:32:00+00:00,107.3046875,107.3046875,107.3046875,107.3046875,606.0
2025-02-25 18:33:00+00:00,107.3125,107.3125,107.3046875,107.3046875,1656.0
2025-02-25 18:34:00+00:00,107.3125,107.3125,107.3046875,107.3046875,617.0
2025-02-25 18:35:00+00:00,107.3046875,107.3125,107.3046875,107.3125,765.0
2025-02-25 18:36:00+00:00,107.3046875,107.3046875,107.3046875,107.3046875,237.0
2025-02-25 18:37:00+00:00,107.296875,107.296875,107.2890625,107.296875,2298.0
2025-02-25 18:38:00+00:00,107.296875,107.3046875,107.2890625,107.2890625,2425.0
2025-02-25 18:39:00+00:00,107.2890625,107.296875,107.2890625,107.296875,2246.0
2025-02-25 18:40:00+00:00,107.2734375,107.2890625,107.2734375,107.2890625,8075.0
2025-02-25 18:41:00+00:00,107.28125,107.28125,107.2734375,107.2734375,4541.0
2025-02-25 18:42:00+00:00,107.2734375,107.2734375,107.2734375,107.2734375,3147.0
2025-02-25 18:43:00+00:00,107.265625,107.2734375,107.2578125,107.265625,8169.0
2025-02-25 18:44:00+00:00,107.265625,107.265625,107.265625,107.265625,868.0
2025-02-25 18:45:00+00:00,107.265625,107.265625,107.2578125,107.2578125,179054.0
2025-02-25 18:46:00+00:00,107.2578125,107.265625,107.25,107.265625,2831.0
2025-02-25 18:47:00+00:00,107.265625,107.265625,107.2578125,107.2578125,4872.0
2025-02-25 18:48:00+00:00,107.265625,107.265625,107.265625,107.265625,769.0
2025-02-25 18:49:00+00:00,107.2578125,107.2578125,107.25,107.2578125,44527.0
2025-02-25 18:50:00+00:00,107.265625,107.265625,107.2578125,107.2578125,6265.0
2025-02-25 18:51:00+00:00,107.265625,107.265625,107.2578125,107.2578125,4893.0
2025-02-25 18:52:00+00:00,107.2734375,107.2734375,107.265625,107.265625,7701.0
2025-02-25 18:53:00+00:00,107.2734375,107.2734375,107.265625,107.2734375,1168.0
2025-02-25 18:54:00+00:00,107.2734375,107.2734375,107.265625,107.265625,508.0
2025-02-25 18:55:00+00:00,107.265625,107.2734375,107.265625,107.265625,579.0
2025-02-25 18:56:00+00:00,107.265625,107.265625,107.2578125,107.265625,10802.0
2025-02-25 18:57:00+00:00,107.265625,107.265625,107.2578125,107.2578125,1448.0
2025-02-25 18:58:00+00:00,107.2734375,107.2734375,107.265625,107.265625,40547.0
2025-02-25 18:59:00+00:00,107.28125,107.28125,107.265625,107.2734375,31824.0
2025-02-25 19:00:00+00:00,107.28125,107.28125,107.2734375,107.28125,927.0
2025-02-25 19:01:00+00:00,107.296875,107.296875,107.28125,107.28125,4590.0
2025-02-25 19:02:00+00:00,107.3046875,107.3046875,107.2890625,107.2890625,4104.0
2025-02-25 19:03:00+00:00,107.3046875,107.3046875,107.296875,107.3046875,35300.0
2025-02-25 19:04:00+00:00,107.3046875,107.3125,107.3046875,107.3046875,2065.0
2025-02-25 19:05:00+00:00,107.3046875,107.3046875,107.296875,107.3046875,1139.0
2025-02-25 19:06:00+00:00,107.3125,107.3125,107.3046875,107.3046875,1611.0
2025-02-25 19:07:00+00:00,107.3125,107.3125,107.3046875,107.3046875,1411.0
2025-02-25 19:08:00+00:00,107.3125,107.3125,107.3125,107.3125,531.0
2025-02-25 19:09:00+00:00,107.3046875,107.3203125,107.3046875,107.3125,3082.0
2025-02-25 19:10:00+00:00,107.3125,107.3125,107.3046875,107.3046875,1657.0
2025-02-25 19:11:00+00:00,107.3203125,107.3203125,107.3125,107.3125,1109.0
2025-02-25 19:12:00+00:00,107.3203125,107.3203125,107.3125,107.3203125,469.0
2025-02-25 19:13:00+00:00,107.328125,107.328125,107.3203125,107.3203125,1512.0
2025-02-25 19:14:00+00:00,107.328125,107.328125,107.328125,107.328125,272.0
2025-02-25 19:15:00+00:00,107.3046875,107.3203125,107.3046875,107.3125,10051.0
2025-02-25 19:16:00+00:00,107.3203125,107.3203125,107.3046875,107.3046875,4520.0
2025-02-25 19:17:00+00:00,107.3046875,107.3125,107.296875,107.3125,2727.0
2025-02-25 19:18:00+00:00,107.3046875,107.3125,107.296875,107.3046875,6819.0
2025-02-25 19:19:00+00:00,107.3046875,107.3046875,107.296875,107.3046875,1259.0
2025-02-25 19:20:00+00:00,107.3046875,107.3046875,107.296875,107.3046875,2138.0
2025-02-25 19:21:00+00:00,107.3046875,107.3046875,107.3046875,107.3046875,1469.0
2025-02-25 19:22:00+00:00,107.3125,107.3125,107.3046875,107.3046875,1310.0
2025-02-25 19:23:00+00:00,107.328125,107.328125,107.3125,107.3125,1153.0
2025-02-25 19:24:00+00:00,107.3203125,107.3203125,107.3203125,107.3203125,1603.0
2025-02-25 19:25:00+00:00,107.3203125,107.3203125,107.3125,107.3203125,761.0
2025-02-25 19:26:00+00:00,107.3125,107.328125,107.3125,107.3203125,1314.0
2025-02-25 19:27:00+00:00,107.3203125,107.3203125,107.3046875,107.3125,899.0
2025-02-25 19:28:00+00:00,107.3125,107.3125,107.3125,107.3125,2469.0
2025-02-25 19:29:00+00:00,107.3203125,107.3203125,107.3125,107.3203125,932.0
2025-02-25 19:30:00+00:00,107.3125,107.3125,107.3046875,107.3125,520.0
2025-02-25 19:31:00+00:00,107.3125,107.3203125,107.3046875,107.3046875,734.0
2025-02-25 19:32:00+00:00,107.3125,107.3125,107.3046875,107.3046875,371.0
2025-02-25 19:33:00+00:00,107.3046875,107.3125,107.3046875,107.3046875,684.0
2025-02-25 19:34:00+00:00,107.3046875,107.3046875,107.3046875,107.3046875,577.0
2025-02-25 19:35:00+00:00,107.3125,107.3125,107.296875,107.296875,11671.0
2025-02-25 19:36:00+00:00,107.3046875,107.3125,107.3046875,107.3046875,286.0
2025-02-25 19:37:00+00:00,107.296875,107.3046875,107.296875,107.3046875,384.0
2025-02-25 19:38:00+00:00,107.296875,107.296875,107.296875,107.296875,8227.0
2025-02-25 19:39:00+00:00,107.296875,107.296875,107.2890625,107.2890625,1208.0
2025-02-25 19:40:00+00:00,107.3046875,107.3046875,107.296875,107.296875,972.0
2025-02-25 19:41:00+00:00,107.3125,107.3125,107.296875,107.3046875,984.0
2025-02-25 19:42:00+00:00,107.3046875,107.3125,107.296875,107.3046875,1141.0
2025-02-25 19:43:00+00:00,107.3046875,107.3046875,107.296875,107.3046875,1764.0
2025-02-25 19:44:00+00:00,107.3046875,107.3046875,107.296875,107.3046875,1456.0
2025-02-25 19:45:00+00:00,107.3125,107.3125,107.296875,107.3046875,1770.0
2025-02-25 19:46:00+00:00,107.3203125,107.3203125,107.3046875,107.3046875,7596.0
2025-02-25 19:47:00+00:00,107.3125,107.3203125,107.3125,107.3203125,1321.0
2025-02-25 19:48:00+00:00,107.3046875,107.3203125,107.3046875,107.3203125,3202.0
2025-02-25 19:49:00+00:00,107.3046875,107.3125,107.3046875,107.3046875,2675.0
2025-02-25 19:50:00+00:00,107.3125,107.3125,107.3046875,107.3125,2873.0
2025-02-25 19:51:00+00:00,107.3125,107.3125,107.3046875,107.3125,4777.0
2025-02-25 19:52:00+00:00,107.3125,107.3125,107.3125,107.3125,2004.0
2025-02-25 19:53:00+00:00,107.3203125,107.3203125,107.3046875,107.3046875,8937.0
2025-02-25 19:54:00+00:00,107.3203125,107.328125,107.3203125,107.3203125,2007.0
2025-02-25 19:55:00+00:00,107.328125,107.328125,107.328125,107.328125,2556.0
2025-02-25 19:56:00+00:00,107.3359375,107.3359375,107.328125,107.328125,1983.0
2025-02-25 19:57:00+00:00,107.328125,107.3359375,107.328125,107.3359375,3148.0
2025-02-25 19:58:00+00:00,107.328125,107.3359375,107.328125,107.328125,3410.0
2025-02-25 19:59:00+00:00,107.3359375,107.3515625,107.328125,107.328125,24188.0
2025-02-25 20:00:00+00:00,107.34375,107.34375,107.328125,107.34375,8323.0
2025-02-25 20:01:00+00:00,107.34375,107.3515625,107.3359375,107.34375,3706.0
2025-02-25 20:02:00+00:00,107.3515625,107.359375,107.3359375,107.34375,5862.0
2025-02-25 20:03:00+00:00,107.3515625,107.3515625,107.3515625,107.3515625,2058.0
2025-02-25 20:04:00+00:00,107.3515625,107.3515625,107.34375,107.3515625,3174.0
2025-02-25 20:05:00+00:00,107.3515625,107.3515625,107.34375,107.34375,5372.0
2025-02-25 20:06:00+00:00,107.359375,107.3671875,107.3515625,107.3515625,206013.0
2025-02-25 20:07:00+00:00,107.3515625,107.3671875,107.3515625,107.359375,27617.0
2025-02-25 20:08:00+00:00,107.359375,107.359375,107.359375,107.359375,413.0
2025-02-25 20:09:00+00:00,107.3671875,107.375,107.359375,107.359375,6767.0
2025-02-25 20:10:00+00:00,107.3671875,107.3671875,107.3671875,107.3671875,2599.0
2025-02-25 20:11:00+00:00,107.3515625,107.3671875,107.3515625,107.3671875,6540.0
2025-02-25 20:12:00+00:00,107.34375,107.359375,107.34375,107.359375,9495.0
2025-02-25 20:13:00+00:00,107.3515625,107.3515625,107.34375,107.3515625,1517.0
2025-02-25 20:14:00+00:00,107.3515625,107.3515625,107.34375,107.34375,878.0
2025-02-25 20:15:00+00:00,107.3515625,107.3515625,107.34375,107.3515625,7506.0
2025-02-25 20:16:00+00:00,107.359375,107.359375,107.34375,107.3515625,1317.0
2025-02-25 20:17:00+00:00,107.3515625,107.359375,107.3515625,107.3515625,445.0
2025-02-25 20:18:00+00:00,107.359375,107.359375,107.3515625,107.359375,291.0
2025-02-25 20:19:00+00:00,107.34375,107.3515625,107.34375,107.3515625,625.0
2025-02-25 20:20:00+00:00,107.34375,107.359375,107.34375,107.3515625,1467.0
2025-02-25 20:21:00+00:00,107.34375,107.3515625,107.34375,107.34375,250.0
2025-02-25 20:22:00+00:00,107.3359375,107.34375,107.3359375,107.34375,11158.0
2025-02-25 20:23:00+00:00,107.34375,107.34375,107.3359375,107.3359375,3860.0
2025-02-25 20:24:00+00:00,107.34375,107.34375,107.3359375,107.34375,1499.0
2025-02-25 20:25:00+00:00,107.34375,107.34375,107.34375,107.34375,8497.0
2025-02-25 20:26:00+00:00,107.34375,107.3515625,107.3359375,107.34375,2144.0
2025-02-25 20:27:00+00:00,107.34375,107.34375,107.3359375,107.34375,418.0
2025-02-25 20:28:00+00:00,107.34375,107.34375,107.3359375,107.34375,1495.0
2025-02-25 20:29:00+00:00,107.3515625,107.3515625,107.34375,107.34375,1183.0
2025-02-25 20:30:00+00:00,107.3515625,107.359375,107.3515625,107.3515625,968.0
2025-02-25 20:31:00+00:00,107.3515625,107.3515625,107.34375,107.34375,1057.0
2025-02-25 20:32:00+00:00,107.3515625,107.3515625,107.34375,107.3515625,4948.0
2025-02-25 20:33:00+00:00,107.3515625,107.3515625,107.3515625,107.3515625,246.0
2025-02-25 20:34:00+00:00,107.34375,107.3515625,107.34375,107.3515625,364.0
2025-02-25 20:35:00+00:00,107.34375,107.34375,107.3359375,107.34375,1995.0
2025-02-25 20:36:00+00:00,107.3515625,107.3515625,107.34375,107.34375,138.0
2025-02-25 20:37:00+00:00,107.359375,107.359375,107.3515625,107.3515625,9743.0
2025-02-25 20:38:00+00:00,107.359375,107.359375,107.3515625,107.359375,720.0
2025-02-25 20:39:00+00:00,107.359375,107.359375,107.3515625,107.3515625,2060.0
2025-02-25 20:40:00+00:00,107.359375,107.3671875,107.359375,107.359375,2411.0
2025-02-25 20:41:00+00:00,107.3671875,107.3671875,107.359375,107.359375,8625.0
2025-02-25 20:42:00+00:00,107.359375,107.3671875,107.359375,107.3671875,10736.0
2025-02-25 20:43:00+00:00,107.359375,107.3671875,107.3515625,107.3671875,1010.0
2025-02-25 20:44:00+00:00,107.359375,107.359375,107.3515625,107.3515625,238.0
2025-02-25 20:45:00+00:00,107.359375,107.359375,107.359375,107.359375,797.0
2025-02-25 20:46:00+00:00,107.3671875,107.3671875,107.359375,107.359375,236.0
2025-02-25 20:47:00+00:00,107.359375,107.3671875,107.359375,107.3671875,404.0
2025-02-25 20:48:00+00:00,107.3515625,107.359375,107.3515625,107.359375,1142.0
2025-02-25 20:49:00+00:00,107.34375,107.3515625,107.34375,107.3515625,640.0
2025-02-25 20:50:00+00:00,107.3515625,107.3515625,107.34375,107.34375,143.0
2025-02-25 20:51:00+00:00,107.3515625,107.3515625,107.34375,107.3515625,306.0
2025-02-25 20:52:00+00:00,107.3515625,107.3515625,107.34375,107.3515625,76.0
2025-02-25 20:53:00+00:00,107.359375,107.359375,107.34375,107.3515625,727.0
2025-02-25 20:54:00+00:00,107.359375,107.359375,107.3515625,107.359375,6791.0
2025-02-25 20:55:00+00:00,107.359375,107.3671875,107.3515625,107.359375,3480.0
2025-02-25 20:56:00+00:00,107.359375,107.359375,107.3515625,107.359375,2595.0
2025-02-25 20:57:00+00:00,107.359375,107.3671875,107.3515625,107.359375,1733.0
2025-02-25 20:58:00+00:00,107.359375,107.3671875,107.3515625,107.359375,728.0
2025-02-25 20:59:00+00:00,107.359375,107.3671875,107.359375,107.3671875,4046.0
2025-02-25 21:00:00+00:00,107.3515625,107.3671875,107.34375,107.3671875,23461.0
2025-02-25 21:01:00+00:00,107.359375,107.359375,107.34375,107.3515625,3062.0
2025-02-25 21:02:00+00:00,107.359375,107.359375,107.3515625,107.359375,84.0
2025-02-25 21:03:00+00:00,107.3515625,107.359375,107.3515625,107.3515625,929.0
2025-02-25 21:04:00+00:00,107.359375,107.359375,107.34375,107.3515625,1068.0
2025-02-25 21:05:00+00:00,107.3515625,107.3515625,107.3515625,107.3515625,53.0
2025-02-25 21:06:00+00:00,107.3515625,107.3515625,107.3515625,107.3515625,610.0
2025-02-25 21:07:00+00:00,107.3515625,107.3515625,107.3515625,107.3515625,12.0
2025-02-25 21:08:00+00:00,107.3515625,107.359375,107.3515625,107.3515625,510.0
2025-02-25 21:09:00+00:00,107.3515625,107.359375,107.3515625,107.359375,722.0
2025-02-25 21:10:00+00:00,107.34375,107.3515625,107.34375,107.3515625,1263.0
2025-02-25 21:11:00+00:00,107.34375,107.34375,107.34375,107.34375,99.0
2025-02-25 21:12:00+00:00,107.34375,107.34375,107.34375,107.34375,598.0
2025-02-25 21:13:00+00:00,107.3359375,107.34375,107.3359375,107.34375,1617.0
2025-02-25 21:16:00+00:00,107.3359375,107.3359375,107.3359375,107.3359375,122.0
2025-02-25 21:17:00+00:00,107.328125,107.3359375,107.328125,107.3359375,985.0
2025-02-25 21:18:00+00:00,107.328125,107.328125,107.328125,107.328125,114.0
2025-02-25 21:19:00+00:00,107.328125,107.328125,107.328125,107.328125,725.0
2025-02-25 21:20:00+00:00,107.3359375,107.3359375,107.328125,107.328125,601.0
2025-02-25 21:21:00+00:00,107.3359375,107.3359375,107.328125,107.3359375,1475.0
2025-02-25 21:22:00+00:00,107.3359375,107.3359375,107.3359375,107.3359375,1693.0
2025-02-25 21:23:00+00:00,107.328125,107.328125,107.328125,107.328125,14.0
2025-02-25 21:24:00+00:00,107.3359375,107.3359375,107.328125,107.328125,4584.0
2025-02-25 21:25:00+00:00,107.328125,107.3359375,107.328125,107.3359375,11216.0
2025-02-25 21:26:00+00:00,107.328125,107.328125,107.328125,107.328125,468.0
2025-02-25 21:27:00+00:00,107.328125,107.3359375,107.328125,107.328125,22756.0
2025-02-25 21:28:00+00:00,107.328125,107.3359375,107.328125,107.328125,1390.0
2025-02-25 21:29:00+00:00,107.328125,107.3359375,107.328125,107.3359375,6787.0
2025-02-25 21:30:00+00:00,107.3359375,107.3359375,107.3359375,107.3359375,5.0
2025-02-25 21:31:00+00:00,107.3359375,107.3359375,107.3359375,107.3359375,662.0
2025-02-25 21:32:00+00:00,107.3359375,107.3359375,107.3359375,107.3359375,1400.0
2025-02-25 21:33:00+00:00,107.3359375,107.3359375,107.3359375,107.3359375,492.0
2025-02-25 21:34:00+00:00,107.3359375,107.3359375,107.3359375,107.3359375,217.0
2025-02-25 21:35:00+00:00,107.328125,107.3359375,107.3203125,107.3359375,559.0
2025-02-25 21:36:00+00:00,107.328125,107.328125,107.328125,107.328125,498.0
2025-02-25 21:37:00+00:00,107.328125,107.3359375,107.328125,107.3359375,25.0
2025-02-25 21:38:00+00:00,107.3359375,107.3359375,107.3359375,107.3359375,33.0
2025-02-25 21:39:00+00:00,107.328125,107.3359375,107.328125,107.328125,74.0
2025-02-25 21:40:00+00:00,107.3359375,107.3359375,107.3359375,107.3359375,59.0
2025-02-25 21:41:00+00:00,107.3359375,107.3359375,107.3359375,107.3359375,385.0
2025-02-25 21:42:00+00:00,107.3359375,107.3359375,107.3359375,107.3359375,11.0
2025-02-25 21:43:00+00:00,107.3359375,107.34375,107.3359375,107.3359375,3374.0
2025-02-25 21:44:00+00:00,107.3359375,107.34375,107.3359375,107.3359375,293.0
2025-02-25 21:45:00+00:00,107.3359375,107.3359375,107.3359375,107.3359375,1130.0
2025-02-25 21:46:00+00:00,107.34375,107.34375,107.3359375,107.3359375,1377.0
2025-02-25 21:47:00+00:00,107.3359375,107.34375,107.3359375,107.3359375,575.0
2025-02-25 21:48:00+00:00,107.3515625,107.3515625,107.3359375,107.34375,885.0
2025-02-25 21:49:00+00:00,107.34375,107.34375,107.34375,107.34375,349.0
2025-02-25 21:50:00+00:00,107.3515625,107.3515625,107.3515625,107.3515625,52.0
2025-02-25 21:51:00+00:00,107.3515625,107.3515625,107.34375,107.34375,115.0
2025-02-25 21:52:00+00:00,107.34375,107.3515625,107.34375,107.34375,2368.0
2025-02-25 21:53:00+00:00,107.34375,107.34375,107.34375,107.34375,566.0
2025-02-25 21:55:00+00:00,107.34375,107.3515625,107.34375,107.3515625,736.0
2025-02-25 21:56:00+00:00,107.34375,107.34375,107.34375,107.34375,159.0
2025-02-25 21:57:00+00:00,107.34375,107.34375,107.34375,107.34375,1196.0
2025-02-25 21:58:00+00:00,107.34375,107.34375,107.34375,107.34375,396.0
2025-02-25 21:59:00+00:00,107.3359375,107.34375,107.3359375,107.34375,325.0
2025-02-25 23:00:00+00:00,107.3203125,107.3515625,107.3203125,107.3515625,0.0
2025-02-25 23:01:00+00:00,107.3203125,107.3203125,107.3125,107.3203125,249.0
2025-02-25 23:02:00+00:00,107.328125,107.328125,107.328125,107.328125,137.0
2025-02-25 23:04:00+00:00,107.3359375,107.3359375,107.3359375,107.3359375,57.0
2025-02-25 23:05:00+00:00,107.34375,107.34375,107.3359375,107.3359375,426.0
2025-02-25 23:06:00+00:00,107.3515625,107.3515625,107.3359375,107.34375,408.0
2025-02-25 23:07:00+00:00,107.3515625,107.359375,107.3515625,107.3515625,330.0
2025-02-25 23:08:00+00:00,107.359375,107.3671875,107.34375,107.3515625,580.0
2025-02-25 23:09:00+00:00,107.375,107.375,107.3515625,107.359375,13468.0
2025-02-25 23:10:00+00:00,107.375,107.3828125,107.3671875,107.375,1765.0
2025-02-25 23:12:00+00:00,107.3828125,107.3828125,107.375,107.3828125,278.0
2025-02-25 23:13:00+00:00,107.3828125,107.3828125,107.3828125,107.3828125,55.0
2025-02-25 23:14:00+00:00,107.375,107.3828125,107.375,107.3828125,263.0
2025-02-25 23:15:00+00:00,107.375,107.3828125,107.375,107.3828125,430.0
2025-02-25 23:17:00+00:00,107.375,107.375,107.375,107.375,74.0
2025-02-25 23:18:00+00:00,107.3671875,107.3671875,107.3671875,107.3671875,1.0
2025-02-25 23:19:00+00:00,107.375,107.375,107.375,107.375,209.0
2025-02-25 23:20:00+00:00,107.375,107.375,107.375,107.375,60.0
2025-02-25 23:22:00+00:00,107.375,107.375,107.375,107.375,3.0
2025-02-25 23:25:00+00:00,107.3671875,107.375,107.3671875,107.375,103.0
2025-02-25 23:27:00+00:00,107.375,107.375,107.375,107.375,78.0
2025-02-25 23:28:00+00:00,107.375,107.3828125,107.375,107.375,84.0
2025-02-25 23:29:00+00:00,107.375,107.375,107.375,107.375,23.0
2025-02-25 23:30:00+00:00,107.3828125,107.3828125,107.3828125,107.3828125,1.0
2025-02-25 23:31:00+00:00,107.3828125,107.3828125,107.3828125,107.3828125,10.0
2025-02-25 23:32:00+00:00,107.375,107.375,107.375,107.375,1.0
2025-02-25 23:40:00+00:00,107.375,107.375,107.375,107.375,160.0
2025-02-25 23:41:00+00:00,107.375,107.375,107.375,107.375,19.0
2025-02-25 23:43:00+00:00,107.375,107.3828125,107.375,107.3828125,220.0
2025-02-25 23:46:00+00:00,107.3671875,107.3671875,107.3671875,107.3671875,216.0
2025-02-25 23:48:00+00:00,107.3671875,107.3671875,107.3671875,107.3671875,76.0
2025-02-25 23:49:00+00:00,107.3671875,107.3671875,107.3671875,107.3671875,69.0
2025-02-25 23:50:00+00:00,107.3671875,107.375,107.3671875,107.375,554.0
2025-02-25 23:51:00+00:00,107.375,107.375,107.3671875,107.3671875,20.0
2025-02-25 23:52:00+00:00,107.3671875,107.3671875,107.3671875,107.3671875,37.0
2025-02-25 23:53:00+00:00,107.3671875,107.3671875,107.3671875,107.3671875,1736.0
2025-02-25 23:54:00+00:00,107.3671875,107.3671875,107.3671875,107.3671875,10.0
2025-02-25 23:55:00+00:00,107.359375,107.359375,107.359375,107.359375,634.0
2025-02-25 23:57:00+00:00,107.3671875,107.3671875,107.359375,107.3671875,5.0
2025-02-25 23:58:00+00:00,107.3671875,107.3671875,107.3671875,107.3671875,207.0
2025-02-25 23:59:00+00:00,107.3671875,107.3671875,107.359375,107.359375,308.0
2025-02-26 00:00:00+00:00,107.3671875,107.3671875,107.359375,107.3671875,332.0
2025-02-26 00:01:00+00:00,107.3671875,107.3671875,107.3671875,107.3671875,174.0
2025-02-26 00:02:00+00:00,107.375,107.375,107.3671875,107.3671875,10.0
2025-02-26 00:03:00+00:00,107.3671875,107.375,107.3671875,107.375,58.0
2025-02-26 00:05:00+00:00,107.3671875,107.3671875,107.3671875,107.3671875,45.0
2025-02-26 00:06:00+00:00,107.3671875,107.3671875,107.3671875,107.3671875,53.0
2025-02-26 00:08:00+00:00,107.3671875,107.3671875,107.3671875,107.3671875,36.0
2025-02-26 00:09:00+00:00,107.375,107.375,107.375,107.375,205.0
2025-02-26 00:10:00+00:00,107.375,107.375,107.375,107.375,33.0
2025-02-26 00:11:00+00:00,107.3828125,107.3828125,107.3828125,107.3828125,302.0
2025-02-26 00:12:00+00:00,107.390625,107.390625,107.3828125,107.3828125,347.0
2025-02-26 00:13:00+00:00,107.390625,107.390625,107.390625,107.390625,15.0
2025-02-26 00:14:00+00:00,107.390625,107.390625,107.3828125,107.390625,5.0
2025-02-26 00:15:00+00:00,107.3828125,107.3828125,107.3828125,107.3828125,61.0
2025-02-26 00:16:00+00:00,107.375,107.3828125,107.375,107.3828125,174.0
2025-02-26 00:17:00+00:00,107.375,107.375,107.375,107.375,24.0
2025-02-26 00:18:00+00:00,107.3828125,107.3828125,107.375,107.375,333.0
2025-02-26 00:19:00+00:00,107.3828125,107.390625,107.3828125,107.3828125,64.0
2025-02-26 00:20:00+00:00,107.3828125,107.390625,107.3828125,107.3828125,1261.0
2025-02-26 00:21:00+00:00,107.3828125,107.3828125,107.3828125,107.3828125,189.0
2025-02-26 00:22:00+00:00,107.3828125,107.3828125,107.3828125,107.3828125,48.0
2025-02-26 00:24:00+00:00,107.375,107.3828125,107.375,107.3828125,2.0
2025-02-26 00:26:00+00:00,107.390625,107.390625,107.3828125,107.3828125,184.0
2025-02-26 00:28:00+00:00,107.3828125,107.3828125,107.3828125,107.3828125,380.0
2025-02-26 00:29:00+00:00,107.375,107.390625,107.375,107.390625,530.0
2025-02-26 00:30:00+00:00,107.3828125,107.3828125,107.375,107.375,345.0
2025-02-26 00:31:00+00:00,107.3828125,107.3828125,107.3828125,107.3828125,20.0
2025-02-26 00:32:00+00:00,107.3828125,107.3828125,107.3828125,107.3828125,348.0
2025-02-26 00:33:00+00:00,107.375,107.3828125,107.375,107.3828125,100.0
2025-02-26 00:34:00+00:00,107.375,107.3828125,107.375,107.3828125,139.0
2025-02-26 00:35:00+00:00,107.375,107.375,107.375,107.375,128.0
2025-02-26 00:36:00+00:00,107.375,107.375,107.375,107.375,346.0
2025-02-26 00:37:00+00:00,107.375,107.375,107.375,107.375,127.0
2025-02-26 00:38:00+00:00,107.3828125,107.3828125,107.3828125,107.3828125,195.0
2025-02-26 00:39:00+00:00,107.3828125,107.3828125,107.3828125,107.3828125,63.0
2025-02-26 00:40:00+00:00,107.3828125,107.3828125,107.3828125,107.3828125,26.0
2025-02-26 00:41:00+00:00,107.3828125,107.3828125,107.3828125,107.3828125,143.0
2025-02-26 00:42:00+00:00,107.3828125,107.3828125,107.3828125,107.3828125,70.0
2025-02-26 00:43:00+00:00,107.375,107.390625,107.375,107.390625,414.0
2025-02-26 00:44:00+00:00,107.375,107.375,107.3671875,107.3671875,339.0
2025-02-26 00:45:00+00:00,107.375,107.375,107.375,107.375,28.0
2025-02-26 00:46:00+00:00,107.3671875,107.3671875,107.3671875,107.3671875,62.0
2025-02-26 00:47:00+00:00,107.3671875,107.375,107.3671875,107.3671875,584.0
2025-02-26 00:48:00+00:00,107.375,107.375,107.3671875,107.3671875,232.0
2025-02-26 00:49:00+00:00,107.375,107.375,107.375,107.375,239.0
2025-02-26 00:50:00+00:00,107.375,107.375,107.3671875,107.375,165.0
2025-02-26 00:52:00+00:00,107.3671875,107.375,107.3671875,107.375,141.0
2025-02-26 00:53:00+00:00,107.375,107.375,107.375,107.375,335.0
2025-02-26 00:54:00+00:00,107.375,107.375,107.375,107.375,281.0
2025-02-26 00:55:00+00:00,107.375,107.375,107.375,107.375,5.0
2025-02-26 00:56:00+00:00,107.3828125,107.3828125,107.3828125,107.3828125,233.0
2025-02-26 00:57:00+00:00,107.3828125,107.3828125,107.3828125,107.3828125,965.0
2025-02-26 00:58:00+00:00,107.3828125,107.3828125,107.3828125,107.3828125,8.0
2025-02-26 00:59:00+00:00,107.3828125,107.3828125,107.3828125,107.3828125,12.0
2025-02-26 01:00:00+00:00,107.3671875,107.375,107.3671875,107.375,164.0
2025-02-26 01:01:00+00:00,107.3671875,107.3671875,107.3671875,107.3671875,75.0
2025-02-26 01:02:00+00:00,107.3671875,107.375,107.3671875,107.375,163.0
2025-02-26 01:03:00+00:00,107.3671875,107.3671875,107.3671875,107.3671875,14.0
2025-02-26 01:04:00+00:00,107.375,107.375,107.3671875,107.375,108.0
2025-02-26 01:05:00+00:00,107.3828125,107.3828125,107.3671875,107.3671875,91.0
2025-02-26 01:06:00+00:00,107.3828125,107.3828125,107.3828125,107.3828125,166.0
2025-02-26 01:07:00+00:00,107.3828125,107.390625,107.3828125,107.3828125,102.0
2025-02-26 01:09:00+00:00,107.3828125,107.3828125,107.3828125,107.3828125,244.0
2025-02-26 01:10:00+00:00,107.390625,107.390625,107.3828125,107.3828125,522.0
2025-02-26 01:11:00+00:00,107.390625,107.390625,107.3828125,107.390625,1531.0
2025-02-26 01:12:00+00:00,107.3984375,107.3984375,107.390625,107.390625,59.0
2025-02-26 01:13:00+00:00,107.3984375,107.40625,107.390625,107.3984375,189.0
2025-02-26 01:14:00+00:00,107.3984375,107.3984375,107.3984375,107.3984375,55.0
2025-02-26 01:15:00+00:00,107.3984375,107.3984375,107.390625,107.3984375,390.0
2025-02-26 01:16:00+00:00,107.3984375,107.40625,107.3984375,107.40625,441.0
2025-02-26 01:17:00+00:00,107.390625,107.3984375,107.390625,107.3984375,922.0
2025-02-26 01:18:00+00:00,107.390625,107.390625,107.3828125,107.3828125,1593.0
2025-02-26 01:19:00+00:00,107.390625,107.390625,107.3828125,107.3828125,33.0
2025-02-26 01:20:00+00:00,107.3828125,107.390625,107.3828125,107.3828125,2999.0
2025-02-26 01:21:00+00:00,107.375,107.390625,107.375,107.390625,185.0
2025-02-26 01:22:00+00:00,107.3828125,107.3828125,107.375,107.375,565.0
2025-02-26 01:23:00+00:00,107.375,107.3828125,107.3671875,107.3828125,207.0
2025-02-26 01:24:00+00:00,107.3671875,107.3671875,107.359375,107.3671875,245.0
2025-02-26 01:25:00+00:00,107.3671875,107.3671875,107.359375,107.359375,772.0
2025-02-26 01:27:00+00:00,107.3671875,107.3671875,107.359375,107.3671875,109.0
2025-02-26 01:28:00+00:00,107.3671875,107.3671875,107.3671875,107.3671875,1267.0
2025-02-26 01:30:00+00:00,107.359375,107.3671875,107.359375,107.359375,183.0
2025-02-26 01:31:00+00:00,107.359375,107.359375,107.359375,107.359375,3.0
2025-02-26 01:32:00+00:00,107.3671875,107.3671875,107.3671875,107.3671875,305.0
2025-02-26 01:33:00+00:00,107.359375,107.359375,107.359375,107.359375,69.0
2025-02-26 01:34:00+00:00,107.359375,107.359375,107.359375,107.359375,150.0
2025-02-26 01:35:00+00:00,107.3515625,107.3515625,107.3515625,107.3515625,350.0
2025-02-26 01:37:00+00:00,107.359375,107.359375,107.359375,107.359375,13.0
2025-02-26 01:39:00+00:00,107.359375,107.359375,107.359375,107.359375,344.0
2025-02-26 01:40:00+00:00,107.359375,107.359375,107.359375,107.359375,72.0
2025-02-26 01:41:00+00:00,107.3515625,107.3515625,107.3515625,107.3515625,30.0
2025-02-26 01:42:00+00:00,107.3515625,107.359375,107.3515625,107.3515625,129.0
2025-02-26 01:43:00+00:00,107.3359375,107.3515625,107.3359375,107.3515625,341.0
2025-02-26 01:44:00+00:00,107.3515625,107.3515625,107.34375,107.3515625,47.0
2025-02-26 01:45:00+00:00,107.34375,107.34375,107.3359375,107.34375,128.0
2025-02-26 01:46:00+00:00,107.3359375,107.34375,107.328125,107.34375,252.0
2025-02-26 01:47:00+00:00,107.328125,107.328125,107.328125,107.328125,7.0
2025-02-26 01:48:00+00:00,107.328125,107.328125,107.3203125,107.328125,538.0
2025-02-26 01:49:00+00:00,107.3203125,107.328125,107.3125,107.328125,571.0
2025-02-26 01:50:00+00:00,107.3046875,107.3203125,107.3046875,107.3203125,338.0
2025-02-26 01:51:00+00:00,107.3046875,107.3046875,107.296875,107.3046875,462.0
2025-02-26 01:52:00+00:00,107.296875,107.3046875,107.296875,107.3046875,461.0
2025-02-26 01:53:00+00:00,107.296875,107.3046875,107.296875,107.3046875,176.0
2025-02-26 01:54:00+00:00,107.3046875,107.3125,107.296875,107.3046875,583.0
2025-02-26 01:55:00+00:00,107.2890625,107.3046875,107.2890625,107.3046875,895.0
2025-02-26 01:56:00+00:00,107.28125,107.2890625,107.28125,107.2890625,344.0
2025-02-26 01:57:00+00:00,107.28125,107.28125,107.2734375,107.2734375,319.0
2025-02-26 01:58:00+00:00,107.2734375,107.2734375,107.265625,107.2734375,715.0
2025-02-26 01:59:00+00:00,107.265625,107.2734375,107.265625,107.2734375,523.0
2025-02-26 02:00:00+00:00,107.265625,107.2734375,107.265625,107.2734375,94.0
2025-02-26 02:01:00+00:00,107.265625,107.28125,107.265625,107.2734375,1072.0
2025-02-26 02:02:00+00:00,107.265625,107.265625,107.2578125,107.265625,185.0
2025-02-26 02:03:00+00:00,107.265625,107.265625,107.2578125,107.2578125,78.0
2025-02-26 02:04:00+00:00,107.265625,107.265625,107.265625,107.265625,110.0
2025-02-26 02:05:00+00:00,107.25,107.265625,107.25,107.265625,232.0
2025-02-26 02:06:00+00:00,107.2578125,107.265625,107.25,107.2578125,312.0
2025-02-26 02:07:00+00:00,107.2578125,107.2578125,107.2578125,107.2578125,39.0
2025-02-26 02:08:00+00:00,107.25,107.2578125,107.25,107.2578125,45.0
2025-02-26 02:09:00+00:00,107.25,107.25,107.25,107.25,354.0
2025-02-26 02:10:00+00:00,107.25,107.2578125,107.25,107.2578125,155.0
2025-02-26 02:11:00+00:00,107.2421875,107.25,107.2421875,107.25,18668.0
2025-02-26 02:12:00+00:00,107.2421875,107.2421875,107.234375,107.2421875,886.0
2025-02-26 02:13:00+00:00,107.2421875,107.25,107.234375,107.2421875,576.0
2025-02-26 02:14:00+00:00,107.2421875,107.25,107.2421875,107.2421875,109.0
2025-02-26 02:15:00+00:00,107.25,107.25,107.234375,107.2421875,389.0
2025-02-26 02:16:00+00:00,107.25,107.25,107.25,107.25,426.0
2025-02-26 02:17:00+00:00,107.2578125,107.2578125,107.2421875,107.2578125,6411.0
2025-02-26 02:18:00+00:00,107.25,107.25,107.25,107.25,13.0
2025-02-26 02:19:00+00:00,107.25,107.25,107.25,107.25,474.0
2025-02-26 02:20:00+00:00,107.25,107.25,107.2421875,107.2421875,298.0
2025-02-26 02:21:00+00:00,107.25,107.25,107.25,107.25,64.0
2025-02-26 02:22:00+00:00,107.25,107.25,107.25,107.25,188.0
2025-02-26 02:23:00+00:00,107.25,107.25,107.25,107.25,21.0
2025-02-26 02:25:00+00:00,107.2421875,107.25,107.2421875,107.25,321.0
2025-02-26 02:26:00+00:00,107.2421875,107.2421875,107.2421875,107.2421875,337.0
2025-02-26 02:27:00+00:00,107.2421875,107.2421875,107.2421875,107.2421875,24.0
2025-02-26 02:28:00+00:00,107.2421875,107.2421875,107.2421875,107.2421875,272.0
2025-02-26 02:29:00+00:00,107.2421875,107.2421875,107.2421875,107.2421875,57.0
2025-02-26 02:30:00+00:00,107.2421875,107.2421875,107.234375,107.2421875,81.0
2025-02-26 02:31:00+00:00,107.234375,107.234375,107.234375,107.234375,412.0
2025-02-26 02:33:00+00:00,107.2421875,107.2421875,107.2421875,107.2421875,7.0
2025-02-26 02:34:00+00:00,107.2421875,107.2421875,107.2421875,107.2421875,471.0
2025-02-26 02:35:00+00:00,107.2421875,107.2421875,107.2421875,107.2421875,293.0
2025-02-26 02:36:00+00:00,107.25,107.25,107.25,107.25,251.0
2025-02-26 02:38:00+00:00,107.2421875,107.2421875,107.2421875,107.2421875,261.0
2025-02-26 02:39:00+00:00,107.2421875,107.2421875,107.2421875,107.2421875,248.0
2025-02-26 02:40:00+00:00,107.234375,107.234375,107.234375,107.234375,547.0
2025-02-26 02:41:00+00:00,107.234375,107.234375,107.234375,107.234375,593.0
2025-02-26 02:42:00+00:00,107.234375,107.234375,107.234375,107.234375,148.0
2025-02-26 02:43:00+00:00,107.2421875,107.2421875,107.2421875,107.2421875,130.0
2025-02-26 02:44:00+00:00,107.2421875,107.2421875,107.2421875,107.2421875,303.0
2025-02-26 02:45:00+00:00,107.234375,107.25,107.234375,107.25,27.0
2025-02-26 02:46:00+00:00,107.234375,107.2421875,107.2265625,107.2421875,282.0
2025-02-26 02:47:00+00:00,107.234375,107.234375,107.234375,107.234375,227.0
2025-02-26 02:49:00+00:00,107.234375,107.234375,107.234375,107.234375,957.0
2025-02-26 02:50:00+00:00,107.234375,107.234375,107.2265625,107.2265625,31.0
2025-02-26 02:51:00+00:00,107.234375,107.234375,107.2265625,107.2265625,42.0
2025-02-26 02:52:00+00:00,107.21875,107.234375,107.2109375,107.234375,8775.0
2025-02-26 02:53:00+00:00,107.2109375,107.21875,107.2109375,107.21875,3149.0
2025-02-26 02:54:00+00:00,107.2109375,107.2109375,107.203125,107.2109375,2809.0
2025-02-26 02:55:00+00:00,107.2109375,107.2109375,107.2109375,107.2109375,1157.0
2025-02-26 02:58:00+00:00,107.2109375,107.21875,107.2109375,107.2109375,966.0
2025-02-26 02:59:00+00:00,107.2109375,107.21875,107.2109375,107.21875,89.0
2025-02-26 03:00:00+00:00,107.2109375,107.2109375,107.2109375,107.2109375,32.0
2025-02-26 03:01:00+00:00,107.203125,107.2109375,107.203125,107.2109375,291.0
2025-02-26 03:03:00+00:00,107.203125,107.203125,107.203125,107.203125,27.0
2025-02-26 03:05:00+00:00,107.2109375,107.2109375,107.203125,107.203125,8.0
2025-02-26 03:06:00+00:00,107.203125,107.2109375,107.203125,107.2109375,1613.0
2025-02-26 03:07:00+00:00,107.2109375,107.2109375,107.2109375,107.2109375,320.0
2025-02-26 03:08:00+00:00,107.2109375,107.2109375,107.2109375,107.2109375,675.0
2025-02-26 03:09:00+00:00,107.2109375,107.2109375,107.2109375,107.2109375,605.0
2025-02-26 03:10:00+00:00,107.2109375,107.2109375,107.2109375,107.2109375,11.0
2025-02-26 03:11:00+00:00,107.21875,107.21875,107.21875,107.21875,7.0
2025-02-26 03:12:00+00:00,107.2109375,107.2109375,107.2109375,107.2109375,13.0
2025-02-26 03:13:00+00:00,107.21875,107.21875,107.21875,107.21875,109.0
2025-02-26 03:14:00+00:00,107.21875,107.21875,107.21875,107.21875,3509.0
2025-02-26 03:17:00+00:00,107.21875,107.21875,107.21875,107.21875,23.0
2025-02-26 03:19:00+00:00,107.21875,107.21875,107.21875,107.21875,99.0
2025-02-26 03:20:00+00:00,107.21875,107.21875,107.21875,107.21875,62.0
2025-02-26 03:22:00+00:00,107.21875,107.21875,107.21875,107.21875,341.0
2025-02-26 03:23:00+00:00,107.2265625,107.2265625,107.21875,107.21875,291.0
2025-02-26 03:24:00+00:00,107.2265625,107.2265625,107.2265625,107.2265625,194.0
2025-02-26 03:25:00+00:00,107.2265625,107.2265625,107.2265625,107.2265625,22.0
2025-02-26 03:26:00+00:00,107.2265625,107.2265625,107.2265625,107.2265625,3.0
2025-02-26 03:27:00+00:00,107.2265625,107.2265625,107.2265625,107.2265625,53.0
2025-02-26 03:28:00+00:00,107.2265625,107.2265625,107.2265625,107.2265625,21.0
2025-02-26 03:29:00+00:00,107.2265625,107.2265625,107.2265625,107.2265625,5.0
2025-02-26 03:30:00+00:00,107.21875,107.2265625,107.21875,107.2265625,9.0
2025-02-26 03:31:00+00:00,107.21875,107.21875,107.21875,107.21875,939.0
2025-02-26 03:32:00+00:00,107.21875,107.21875,107.21875,107.21875,312.0
2025-02-26 03:33:00+00:00,107.2109375,107.2109375,107.2109375,107.2109375,3.0
2025-02-26 03:34:00+00:00,107.2109375,107.2109375,107.2109375,107.2109375,29.0
2025-02-26 03:35:00+00:00,107.2109375,107.21875,107.2109375,107.21875,13.0
2025-02-26 03:36:00+00:00,107.2109375,107.2109375,107.2109375,107.2109375,20.0
2025-02-26 03:38:00+00:00,107.2109375,107.2109375,107.2109375,107.2109375,5.0
2025-02-26 03:39:00+00:00,107.21875,107.21875,107.21875,107.21875,957.0
2025-02-26 03:41:00+00:00,107.2265625,107.2265625,107.2265625,107.2265625,17.0
2025-02-26 03:42:00+00:00,107.2265625,107.2265625,107.2265625,107.2265625,400.0
2025-02-26 03:43:00+00:00,107.21875,107.21875,107.21875,107.21875,70.0
2025-02-26 03:44:00+00:00,107.21875,107.21875,107.21875,107.21875,18.0
2025-02-26 03:47:00+00:00,107.21875,107.21875,107.21875,107.21875,51.0
2025-02-26 03:49:00+00:00,107.2265625,107.2265625,107.2265625,107.2265625,30.0
2025-02-26 03:54:00+00:00,107.21875,107.21875,107.21875,107.21875,159.0
2025-02-26 03:55:00+00:00,107.21875,107.21875,107.21875,107.21875,4.0
2025-02-26 03:56:00+00:00,107.2265625,107.2265625,107.2265625,107.2265625,19.0
2025-02-26 04:00:00+00:00,107.2265625,107.2265625,107.2265625,107.2265625,52.0
2025-02-26 04:01:00+00:00,107.2265625,107.2265625,107.2265625,107.2265625,68.0
2025-02-26 04:02:00+00:00,107.2265625,107.2265625,107.2265625,107.2265625,74.0
2025-02-26 04:03:00+00:00,107.2265625,107.2265625,107.2265625,107.2265625,51.0
2025-02-26 04:04:00+00:00,107.2265625,107.2265625,107.2265625,107.2265625,10.0
2025-02-26 04:05:00+00:00,107.2265625,107.2265625,107.2265625,107.2265625,48.0
2025-02-26 04:12:00+00:00,107.21875,107.2265625,107.21875,107.2265625,84.0
2025-02-26 04:13:00+00:00,107.21875,107.21875,107.21875,107.21875,47.0
2025-02-26 04:15:00+00:00,107.21875,107.21875,107.21875,107.21875,21.0
2025-02-26 04:18:00+00:00,107.21875,107.21875,107.21875,107.21875,206.0
2025-02-26 04:19:00+00:00,107.21875,107.21875,107.21875,107.21875,102.0
2025-02-26 04:22:00+00:00,107.21875,107.21875,107.21875,107.21875,55.0
2025-02-26 04:24:00+00:00,107.21875,107.21875,107.21875,107.21875,2.0
2025-02-26 04:25:00+00:00,107.21875,107.21875,107.21875,107.21875,253.0
2025-02-26 04:26:00+00:00,107.2109375,107.21875,107.2109375,107.21875,52.0
2025-02-26 04:27:00+00:00,107.21875,107.21875,107.21875,107.21875,12.0
2025-02-26 04:28:00+00:00,107.2109375,107.2109375,107.2109375,107.2109375,4.0
2025-02-26 04:29:00+00:00,107.21875,107.21875,107.21875,107.21875,41.0
2025-02-26 04:31:00+00:00,107.2265625,107.2265625,107.21875,107.2265625,38.0
2025-02-26 04:32:00+00:00,107.2265625,107.2265625,107.2265625,107.2265625,47.0
2025-02-26 04:33:00+00:00,107.2265625,107.2265625,107.2265625,107.2265625,118.0
2025-02-26 04:35:00+00:00,107.234375,107.234375,107.2265625,107.2265625,95.0
2025-02-26 04:36:00+00:00,107.2265625,107.2265625,107.2265625,107.2265625,126.0
2025-02-26 04:37:00+00:00,107.2265625,107.2265625,107.2265625,107.2265625,71.0
2025-02-26 04:38:00+00:00,107.2265625,107.2265625,107.2265625,107.2265625,41.0
2025-02-26 04:39:00+00:00,107.2265625,107.2265625,107.2265625,107.2265625,34.0
2025-02-26 04:42:00+00:00,107.2265625,107.234375,107.2265625,107.234375,24.0
2025-02-26 04:43:00+00:00,107.2265625,107.2265625,107.2265625,107.2265625,144.0
2025-02-26 04:45:00+00:00,107.2265625,107.2265625,107.2265625,107.2265625,87.0
2025-02-26 04:46:00+00:00,107.21875,107.2265625,107.21875,107.2265625,255.0
2025-02-26 04:49:00+00:00,107.2109375,107.2109375,107.2109375,107.2109375,873.0
2025-02-26 04:50:00+00:00,107.2109375,107.2109375,107.2109375,107.2109375,110.0
2025-02-26 04:52:00+00:00,107.21875,107.21875,107.21875,107.21875,16.0
2025-02-26 04:55:00+00:00,107.2109375,107.2109375,107.2109375,107.2109375,310.0
2025-02-26 04:56:00+00:00,107.2109375,107.2109375,107.2109375,107.2109375,127.0
2025-02-26 05:01:00+00:00,107.2109375,107.2109375,107.2109375,107.2109375,94.0
2025-02-26 05:02:00+00:00,107.203125,107.2109375,107.203125,107.2109375,283.0
2025-02-26 05:04:00+00:00,107.203125,107.203125,107.203125,107.203125,96.0
2025-02-26 05:05:00+00:00,107.2109375,107.2109375,107.203125,107.203125,6.0
2025-02-26 05:06:00+00:00,107.2109375,107.2109375,107.2109375,107.2109375,25.0
2025-02-26 05:07:00+00:00,107.203125,107.203125,107.203125,107.203125,5.0
2025-02-26 05:08:00+00:00,107.203125,107.203125,107.203125,107.203125,870.0
2025-02-26 05:09:00+00:00,107.203125,107.203125,107.203125,107.203125,285.0
2025-02-26 05:12:00+00:00,107.2109375,107.2109375,107.2109375,107.2109375,513.0
2025-02-26 05:13:00+00:00,107.2109375,107.2109375,107.2109375,107.2109375,27.0
2025-02-26 05:14:00+00:00,107.203125,107.203125,107.203125,107.203125,133.0
2025-02-26 05:15:00+00:00,107.203125,107.203125,107.203125,107.203125,103.0
2025-02-26 05:16:00+00:00,107.203125,107.203125,107.203125,107.203125,108.0
2025-02-26 05:17:00+00:00,107.203125,107.203125,107.203125,107.203125,17.0
2025-02-26 05:18:00+00:00,107.203125,107.203125,107.203125,107.203125,7.0
2025-02-26 05:19:00+00:00,107.1953125,107.1953125,107.1953125,107.1953125,4.0
2025-02-26 05:20:00+00:00,107.203125,107.203125,107.203125,107.203125,64.0
2025-02-26 05:23:00+00:00,107.1953125,107.1953125,107.1953125,107.1953125,245.0
2025-02-26 05:24:00+00:00,107.203125,107.203125,107.203125,107.203125,57.0
2025-02-26 05:25:00+00:00,107.203125,107.203125,107.203125,107.203125,24.0
2025-02-26 05:26:00+00:00,107.203125,107.203125,107.203125,107.203125,63.0
2025-02-26 05:27:00+00:00,107.203125,107.203125,107.203125,107.203125,30.0
2025-02-26 05:29:00+00:00,107.2109375,107.2109375,107.2109375,107.2109375,166.0
2025-02-26 05:30:00+00:00,107.203125,107.2109375,107.203125,107.2109375,121.0
2025-02-26 05:31:00+00:00,107.203125,107.203125,107.203125,107.203125,62.0
2025-02-26 05:32:00+00:00,107.203125,107.203125,107.203125,107.203125,65.0
2025-02-26 05:33:00+00:00,107.203125,107.203125,107.203125,107.203125,73.0
2025-02-26 05:34:00+00:00,107.203125,107.203125,107.203125,107.203125,31.0
2025-02-26 05:35:00+00:00,107.2109375,107.2109375,107.2109375,107.2109375,15.0
2025-02-26 05:36:00+00:00,107.2109375,107.2109375,107.2109375,107.2109375,279.0
2025-02-26 05:37:00+00:00,107.203125,107.2109375,107.203125,107.2109375,112.0
2025-02-26 05:38:00+00:00,107.203125,107.203125,107.203125,107.203125,848.0
2025-02-26 05:39:00+00:00,107.2109375,107.2109375,107.1953125,107.203125,730.0
2025-02-26 05:40:00+00:00,107.203125,107.203125,107.203125,107.203125,11.0
2025-02-26 05:45:00+00:00,107.203125,107.203125,107.203125,107.203125,150.0
2025-02-26 05:50:00+00:00,107.1953125,107.1953125,107.1953125,107.1953125,174.0
2025-02-26 05:52:00+00:00,107.203125,107.203125,107.203125,107.203125,3.0
2025-02-26 05:53:00+00:00,107.1953125,107.203125,107.1953125,107.203125,16.0
2025-02-26 05:54:00+00:00,107.1953125,107.1953125,107.1953125,107.1953125,176.0
2025-02-26 05:55:00+00:00,107.1953125,107.1953125,107.1953125,107.1953125,52.0
2025-02-26 05:56:00+00:00,107.1953125,107.1953125,107.1953125,107.1953125,38.0
2025-02-26 05:57:00+00:00,107.1953125,107.1953125,107.1953125,107.1953125,10.0
2025-02-26 05:58:00+00:00,107.1953125,107.1953125,107.1953125,107.1953125,100.0
2025-02-26 05:59:00+00:00,107.1953125,107.1953125,107.1953125,107.1953125,35.0
2025-02-26 06:00:00+00:00,107.1953125,107.1953125,107.1953125,107.1953125,63.0
2025-02-26 06:01:00+00:00,107.1953125,107.1953125,107.1953125,107.1953125,3.0
2025-02-26 06:02:00+00:00,107.1875,107.1953125,107.1875,107.1953125,58.0
2025-02-26 06:03:00+00:00,107.1953125,107.1953125,107.1953125,107.1953125,40.0
2025-02-26 06:04:00+00:00,107.1953125,107.1953125,107.1953125,107.1953125,32.0
2025-02-26 06:05:00+00:00,107.1953125,107.1953125,107.1953125,107.1953125,34.0
2025-02-26 06:07:00+00:00,107.1953125,107.203125,107.1953125,107.1953125,75.0
2025-02-26 06:08:00+00:00,107.203125,107.203125,107.1953125,107.1953125,1031.0
2025-02-26 06:09:00+00:00,107.203125,107.203125,107.203125,107.203125,1994.0
2025-02-26 06:10:00+00:00,107.1953125,107.203125,107.1953125,107.203125,358.0
2025-02-26 06:12:00+00:00,107.1953125,107.1953125,107.1953125,107.1953125,19.0
2025-02-26 06:14:00+00:00,107.1953125,107.1953125,107.1953125,107.1953125,414.0
2025-02-26 06:15:00+00:00,107.1875,107.1953125,107.1875,107.1953125,394.0
2025-02-26 06:18:00+00:00,107.1875,107.1953125,107.1875,107.1953125,671.0
2025-02-26 06:19:00+00:00,107.1875,107.1875,107.1875,107.1875,230.0
2025-02-26 06:20:00+00:00,107.1875,107.1875,107.1796875,107.1875,527.0
2025-02-26 06:21:00+00:00,107.1875,107.1875,107.1875,107.1875,196.0
2025-02-26 06:22:00+00:00,107.1875,107.1875,107.1796875,107.1875,274.0
2025-02-26 06:23:00+00:00,107.1875,107.1875,107.1875,107.1875,56.0
2025-02-26 06:24:00+00:00,107.1875,107.1875,107.1875,107.1875,41.0
2025-02-26 06:25:00+00:00,107.1875,107.1875,107.1875,107.1875,24.0
2025-02-26 06:30:00+00:00,107.1875,107.1875,107.1875,107.1875,193.0
2025-02-26 06:31:00+00:00,107.1875,107.1875,107.1875,107.1875,38.0
2025-02-26 06:34:00+00:00,107.1796875,107.1875,107.1796875,107.1875,270.0
2025-02-26 06:35:00+00:00,107.1796875,107.1796875,107.171875,107.1796875,127.0
2025-02-26 06:36:00+00:00,107.171875,107.1796875,107.171875,107.1796875,37.0
2025-02-26 06:37:00+00:00,107.1796875,107.1796875,107.1796875,107.1796875,330.0
2025-02-26 06:38:00+00:00,107.1796875,107.1796875,107.171875,107.171875,50.0
2025-02-26 06:39:00+00:00,107.1796875,107.1796875,107.171875,107.171875,395.0
2025-02-26 06:40:00+00:00,107.1796875,107.1875,107.1796875,107.1875,81.0
2025-02-26 06:41:00+00:00,107.1796875,107.1796875,107.1796875,107.1796875,61.0
2025-02-26 06:42:00+00:00,107.1796875,107.1796875,107.1796875,107.1796875,60.0
2025-02-26 06:43:00+00:00,107.1796875,107.1796875,107.1796875,107.1796875,58.0
2025-02-26 06:44:00+00:00,107.171875,107.1796875,107.171875,107.1796875,38.0
2025-02-26 06:45:00+00:00,107.171875,107.1796875,107.171875,107.1796875,630.0
2025-02-26 06:47:00+00:00,107.171875,107.171875,107.171875,107.171875,193.0
2025-02-26 06:48:00+00:00,107.1640625,107.171875,107.1640625,107.171875,39.0
2025-02-26 06:49:00+00:00,107.1640625,107.1640625,107.1640625,107.1640625,126.0
2025-02-26 06:50:00+00:00,107.1640625,107.171875,107.1640625,107.171875,363.0
2025-02-26 06:51:00+00:00,107.1640625,107.1640625,107.1640625,107.1640625,362.0
2025-02-26 06:52:00+00:00,107.1640625,107.1640625,107.1640625,107.1640625,130.0
2025-02-26 06:53:00+00:00,107.1640625,107.1640625,107.1640625,107.1640625,446.0
2025-02-26 06:54:00+00:00,107.1640625,107.171875,107.1640625,107.171875,137.0
2025-02-26 06:55:00+00:00,107.1640625,107.1640625,107.15625,107.1640625,171.0
2025-02-26 06:56:00+00:00,107.1640625,107.1640625,107.1640625,107.1640625,62.0
2025-02-26 06:57:00+00:00,107.1640625,107.1640625,107.1640625,107.1640625,24.0
2025-02-26 06:58:00+00:00,107.1640625,107.171875,107.1640625,107.171875,34.0
2025-02-26 06:59:00+00:00,107.171875,107.171875,107.171875,107.171875,281.0
2025-02-26 07:00:00+00:00,107.1796875,107.1796875,107.171875,107.171875,215.0
2025-02-26 07:01:00+00:00,107.1796875,107.1796875,107.1796875,107.1796875,150.0
2025-02-26 07:02:00+00:00,107.1875,107.1875,107.1875,107.1875,9.0
2025-02-26 07:04:00+00:00,107.1875,107.1875,107.1796875,107.1796875,81.0
2025-02-26 07:05:00+00:00,107.1796875,107.1875,107.1796875,107.1875,24.0
2025-02-26 07:06:00+00:00,107.1953125,107.1953125,107.1875,107.1875,353.0
2025-02-26 07:07:00+00:00,107.203125,107.203125,107.1953125,107.1953125,30.0
2025-02-26 07:08:00+00:00,107.1953125,107.203125,107.1953125,107.203125,371.0
2025-02-26 07:09:00+00:00,107.203125,107.203125,107.1953125,107.1953125,422.0
2025-02-26 07:10:00+00:00,107.21875,107.21875,107.2109375,107.2109375,621.0
2025-02-26 07:11:00+00:00,107.21875,107.21875,107.21875,107.21875,280.0
2025-02-26 07:12:00+00:00,107.21875,107.21875,107.21875,107.21875,6.0
2025-02-26 07:13:00+00:00,107.21875,107.21875,107.21875,107.21875,183.0
2025-02-26 07:14:00+00:00,107.21875,107.21875,107.21875,107.21875,343.0
2025-02-26 07:15:00+00:00,107.21875,107.2265625,107.21875,107.21875,253.0
2025-02-26 07:16:00+00:00,107.21875,107.21875,107.21875,107.21875,574.0
2025-02-26 07:17:00+00:00,107.21875,107.21875,107.21875,107.21875,433.0
2025-02-26 07:18:00+00:00,107.2265625,107.2265625,107.21875,107.21875,25.0
2025-02-26 07:19:00+00:00,107.2265625,107.2265625,107.2265625,107.2265625,115.0
2025-02-26 07:20:00+00:00,107.2265625,107.2265625,107.2265625,107.2265625,7.0
2025-02-26 07:21:00+00:00,107.2265625,107.2265625,107.21875,107.21875,369.0
2025-02-26 07:22:00+00:00,107.2265625,107.2265625,107.2265625,107.2265625,67.0
2025-02-26 07:23:00+00:00,107.2265625,107.234375,107.2265625,107.234375,45.0
2025-02-26 07:24:00+00:00,107.2265625,107.2265625,107.2265625,107.2265625,73.0
2025-02-26 07:25:00+00:00,107.234375,107.234375,107.234375,107.234375,166.0
2025-02-26 07:26:00+00:00,107.234375,107.2421875,107.234375,107.2421875,53.0
2025-02-26 07:27:00+00:00,107.21875,107.2265625,107.21875,107.2265625,392.0
2025-02-26 07:28:00+00:00,107.21875,107.2265625,107.2109375,107.21875,115.0
2025-02-26 07:29:00+00:00,107.21875,107.21875,107.2109375,107.2109375,251.0
2025-02-26 07:30:00+00:00,107.21875,107.21875,107.21875,107.21875,304.0
2025-02-26 07:31:00+00:00,107.21875,107.21875,107.21875,107.21875,90.0
2025-02-26 07:34:00+00:00,107.21875,107.21875,107.2109375,107.21875,58.0
2025-02-26 07:35:00+00:00,107.21875,107.21875,107.21875,107.21875,10.0
2025-02-26 07:36:00+00:00,107.2109375,107.21875,107.2109375,107.21875,778.0
2025-02-26 07:37:00+00:00,107.2265625,107.2265625,107.21875,107.21875,93.0
2025-02-26 07:38:00+00:00,107.21875,107.21875,107.21875,107.21875,27.0
2025-02-26 07:39:00+00:00,107.21875,107.2265625,107.21875,107.2265625,115.0
2025-02-26 07:40:00+00:00,107.2109375,107.21875,107.2109375,107.21875,37.0
2025-02-26 07:41:00+00:00,107.21875,107.21875,107.21875,107.21875,44.0
2025-02-26 07:42:00+00:00,107.2265625,107.2265625,107.21875,107.21875,147.0
2025-02-26 07:43:00+00:00,107.234375,107.234375,107.234375,107.234375,202.0
2025-02-26 07:44:00+00:00,107.234375,107.234375,107.234375,107.234375,49.0
2025-02-26 07:45:00+00:00,107.2421875,107.2421875,107.2421875,107.2421875,5273.0
2025-02-26 07:46:00+00:00,107.25,107.25,107.25,107.25,8.0
2025-02-26 07:47:00+00:00,107.25,107.25,107.25,107.25,2.0
2025-02-26 07:48:00+00:00,107.2421875,107.25,107.2421875,107.25,288.0
2025-02-26 07:49:00+00:00,107.25,107.25,107.25,107.25,129.0
2025-02-26 07:50:00+00:00,107.2421875,107.25,107.2421875,107.25,301.0
2025-02-26 07:51:00+00:00,107.2421875,107.2421875,107.234375,107.2421875,126.0
2025-02-26 07:52:00+00:00,107.234375,107.2421875,107.234375,107.2421875,182.0
2025-02-26 07:53:00+00:00,107.2265625,107.234375,107.2265625,107.234375,57.0
2025-02-26 07:54:00+00:00,107.2265625,107.2265625,107.21875,107.2265625,220.0
2025-02-26 07:55:00+00:00,107.21875,107.2265625,107.21875,107.2265625,314.0
2025-02-26 07:56:00+00:00,107.2265625,107.2265625,107.21875,107.21875,146.0
2025-02-26 07:57:00+00:00,107.2265625,107.234375,107.2265625,107.234375,142.0
2025-02-26 07:58:00+00:00,107.2265625,107.234375,107.2265625,107.234375,51.0
2025-02-26 07:59:00+00:00,107.21875,107.21875,107.21875,107.21875,20.0
2025-02-26 08:00:00+00:00,107.2421875,107.2421875,107.2265625,107.234375,455.0
2025-02-26 08:01:00+00:00,107.2421875,107.2421875,107.234375,107.2421875,64.0
2025-02-26 08:02:00+00:00,107.2421875,107.2421875,107.234375,107.2421875,500.0
2025-02-26 08:03:00+00:00,107.25,107.25,107.2421875,107.25,142.0
2025-02-26 08:04:00+00:00,107.25,107.25,107.25,107.25,6.0
2025-02-26 08:05:00+00:00,107.2421875,107.25,107.2421875,107.25,174.0
2025-02-26 08:06:00+00:00,107.25,107.25,107.2421875,107.25,1117.0
2025-02-26 08:08:00+00:00,107.25,107.25,107.2421875,107.25,338.0
2025-02-26 08:09:00+00:00,107.2421875,107.2421875,107.2421875,107.2421875,534.0
2025-02-26 08:10:00+00:00,107.25,107.25,107.2421875,107.25,355.0
2025-02-26 08:11:00+00:00,107.25,107.25,107.2421875,107.25,1386.0
2025-02-26 08:12:00+00:00,107.234375,107.25,107.234375,107.25,683.0
2025-02-26 08:13:00+00:00,107.234375,107.2421875,107.234375,107.2421875,678.0
2025-02-26 08:14:00+00:00,107.2265625,107.234375,107.2265625,107.234375,1127.0
2025-02-26 08:15:00+00:00,107.234375,107.234375,107.234375,107.234375,573.0
2025-02-26 08:16:00+00:00,107.2421875,107.2421875,107.2421875,107.2421875,36.0
2025-02-26 08:17:00+00:00,107.234375,107.2421875,107.234375,107.2421875,207.0
2025-02-26 08:18:00+00:00,107.234375,107.234375,107.234375,107.234375,66.0
2025-02-26 08:19:00+00:00,107.2421875,107.2421875,107.234375,107.234375,427.0
2025-02-26 08:20:00+00:00,107.2421875,107.2421875,107.2421875,107.2421875,307.0
2025-02-26 08:21:00+00:00,107.2421875,107.2421875,107.234375,107.2421875,196.0
2025-02-26 08:22:00+00:00,107.2421875,107.2421875,107.2421875,107.2421875,950.0
2025-02-26 08:23:00+00:00,107.2421875,107.2421875,107.2421875,107.2421875,224.0
2025-02-26 08:24:00+00:00,107.234375,107.25,107.234375,107.25,1080.0
2025-02-26 08:25:00+00:00,107.234375,107.234375,107.234375,107.234375,156.0
2025-02-26 08:26:00+00:00,107.2421875,107.2421875,107.2421875,107.2421875,1529.0
2025-02-26 08:27:00+00:00,107.2421875,107.2421875,107.234375,107.2421875,363.0
2025-02-26 08:28:00+00:00,107.2421875,107.2421875,107.2421875,107.2421875,89.0
2025-02-26 08:29:00+00:00,107.2421875,107.25,107.2421875,107.25,1778.0
2025-02-26 08:30:00+00:00,107.25,107.25,107.2421875,107.2421875,464.0
2025-02-26 08:31:00+00:00,107.2421875,107.2578125,107.2421875,107.2578125,180.0
2025-02-26 08:32:00+00:00,107.2421875,107.25,107.2421875,107.25,289.0
2025-02-26 08:33:00+00:00,107.25,107.2578125,107.25,107.25,247.0
2025-02-26 08:34:00+00:00,107.25,107.25,107.25,107.25,200.0
2025-02-26 08:35:00+00:00,107.25,107.25,107.25,107.25,81.0
2025-02-26 08:36:00+00:00,107.25,107.2578125,107.2421875,107.2578125,19971.0
2025-02-26 08:37:00+00:00,107.2578125,107.2578125,107.25,107.25,1139.0
2025-02-26 08:38:00+00:00,107.2578125,107.2578125,107.2578125,107.2578125,199.0
2025-02-26 08:39:00+00:00,107.2578125,107.265625,107.2578125,107.2578125,285.0
2025-02-26 08:40:00+00:00,107.265625,107.265625,107.2578125,107.265625,400.0
2025-02-26 08:41:00+00:00,107.2734375,107.2734375,107.2734375,107.2734375,492.0
2025-02-26 08:42:00+00:00,107.28125,107.28125,107.265625,107.2734375,1689.0
2025-02-26 08:43:00+00:00,107.28125,107.28125,107.2734375,107.28125,394.0
2025-02-26 08:44:00+00:00,107.2734375,107.28125,107.2734375,107.28125,497.0
2025-02-26 08:45:00+00:00,107.2734375,107.2734375,107.2734375,107.2734375,1953.0
2025-02-26 08:46:00+00:00,107.2734375,107.28125,107.265625,107.2734375,3459.0
2025-02-26 08:47:00+00:00,107.2734375,107.28125,107.2734375,107.2734375,1795.0
2025-02-26 08:48:00+00:00,107.28125,107.28125,107.2734375,107.2734375,4044.0
2025-02-26 08:49:00+00:00,107.28125,107.2890625,107.28125,107.2890625,307.0
2025-02-26 08:50:00+00:00,107.2890625,107.2890625,107.2890625,107.2890625,1385.0
2025-02-26 08:51:00+00:00,107.28125,107.2890625,107.28125,107.2890625,200.0
2025-02-26 08:52:00+00:00,107.28125,107.2890625,107.28125,107.2890625,585.0
2025-02-26 08:53:00+00:00,107.2734375,107.296875,107.2734375,107.2890625,38245.0
2025-02-26 08:54:00+00:00,107.2890625,107.296875,107.28125,107.28125,12903.0
2025-02-26 08:55:00+00:00,107.296875,107.3046875,107.2890625,107.2890625,196.0
2025-02-26 08:56:00+00:00,107.2890625,107.296875,107.2890625,107.296875,265.0
2025-02-26 08:57:00+00:00,107.28125,107.28125,107.28125,107.28125,9757.0
2025-02-26 08:58:00+00:00,107.2890625,107.2890625,107.2890625,107.2890625,305.0
2025-02-26 08:59:00+00:00,107.2890625,107.2890625,107.28125,107.2890625,8242.0
2025-02-26 09:00:00+00:00,107.28125,107.2890625,107.28125,107.2890625,118.0
2025-02-26 09:01:00+00:00,107.28125,107.2890625,107.28125,107.2890625,186.0
2025-02-26 09:02:00+00:00,107.28125,107.28125,107.28125,107.28125,3.0
2025-02-26 09:03:00+00:00,107.28125,107.2890625,107.28125,107.2890625,284.0
2025-02-26 09:04:00+00:00,107.2734375,107.2734375,107.2734375,107.2734375,445.0
2025-02-26 09:05:00+00:00,107.2734375,107.28125,107.2734375,107.28125,1749.0
2025-02-26 09:06:00+00:00,107.265625,107.2734375,107.265625,107.2734375,282.0
2025-02-26 09:07:00+00:00,107.265625,107.2734375,107.265625,107.2734375,1027.0
2025-02-26 09:08:00+00:00,107.265625,107.265625,107.265625,107.265625,403.0
2025-02-26 09:09:00+00:00,107.265625,107.265625,107.265625,107.265625,151.0
2025-02-26 09:10:00+00:00,107.2578125,107.2578125,107.2578125,107.2578125,612.0
2025-02-26 09:11:00+00:00,107.2578125,107.265625,107.2578125,107.265625,371.0
2025-02-26 09:12:00+00:00,107.2578125,107.2578125,107.2578125,107.2578125,96.0
2025-02-26 09:13:00+00:00,107.265625,107.265625,107.265625,107.265625,86.0
2025-02-26 09:14:00+00:00,107.265625,107.4140625,107.265625,107.265625,1346.0
2025-02-26 09:15:00+00:00,107.2578125,107.4140625,107.2578125,107.4140625,170.0
2025-02-26 09:16:00+00:00,107.2578125,107.40625,107.2578125,107.265625,960.0
2025-02-26 09:17:00+00:00,107.40625,107.40625,107.40625,107.40625,29379.0
2025-02-26 09:18:00+00:00,107.40625,107.4140625,107.2578125,107.265625,736.0
2025-02-26 09:19:00+00:00,107.2578125,107.40625,107.2578125,107.40625,0.0
2025-02-26 09:20:00+00:00,107.40625,107.40625,107.2578125,107.265625,29709.0
2025-02-26 09:21:00+00:00,107.2578125,107.40625,107.25,107.2578125,0.0
2025-02-26 09:22:00+00:00,107.40625,107.40625,107.25,107.3984375,29525.0
2025-02-26 09:23:00+00:00,107.40625,107.40625,107.2578125,107.40625,1442.0
2025-02-26 09:24:00+00:00,107.25,107.40625,107.25,107.3984375,0.0
2025-02-26 09:25:00+00:00,107.3984375,107.40625,107.25,107.40625,30460.0
2025-02-26 09:26:00+00:00,107.3984375,107.3984375,107.25,107.390625,799.0
2025-02-26 09:27:00+00:00,107.2578125,107.40625,107.25,107.25,0.0
2025-02-26 09:28:00+00:00,107.3984375,107.3984375,107.25,107.3984375,30215.0
2025-02-26 09:29:00+00:00,107.3984375,107.3984375,107.2578125,107.2578125,1019.0
2025-02-26 09:30:00+00:00,107.3984375,107.3984375,107.25,107.2578125,100.0
2025-02-26 09:31:00+00:00,107.2578125,107.3984375,107.2578125,107.2578125,0.0
2025-02-26 09:32:00+00:00,107.3984375,107.40625,107.2578125,107.2578125,30582.0
2025-02-26 09:33:00+00:00,107.390625,107.40625,107.25,107.3984375,1636.0
2025-02-26 09:34:00+00:00,107.390625,107.390625,107.2421875,107.2421875,877.0
2025-02-26 09:35:00+00:00,107.2421875,107.390625,107.2421875,107.25,0.0
2025-02-26 09:36:00+00:00,107.3828125,107.390625,107.234375,107.3828125,34108.0
2025-02-26 09:37:00+00:00,107.375,107.390625,107.2421875,107.3828125,1458.0
2025-02-26 09:38:00+00:00,107.3828125,107.3828125,107.2421875,107.3828125,484.0
2025-02-26 09:39:00+00:00,107.390625,107.390625,107.2421875,107.375,933.0
2025-02-26 09:40:00+00:00,107.3828125,107.390625,107.2421875,107.390625,257.0
2025-02-26 09:41:00+00:00,107.3828125,107.3828125,107.2421875,107.3828125,401.0
2025-02-26 09:42:00+00:00,107.2421875,107.390625,107.2421875,107.2421875,0.0
2025-02-26 09:43:00+00:00,107.2421875,107.390625,107.2421875,107.25,200.0
2025-02-26 09:44:00+00:00,107.3828125,107.390625,107.234375,107.2421875,35697.0
2025-02-26 09:45:00+00:00,107.3828125,107.3828125,107.2421875,107.3828125,285.0
2025-02-26 09:46:00+00:00,107.390625,107.390625,107.2421875,107.2421875,56.0
2025-02-26 09:47:00+00:00,107.390625,107.390625,107.25,107.3828125,802.0
2025-02-26 09:48:00+00:00,107.390625,107.390625,107.2421875,107.390625,233.0
2025-02-26 09:49:00+00:00,107.3828125,107.390625,107.2421875,107.390625,499.0
2025-02-26 09:50:00+00:00,107.2421875,107.390625,107.2421875,107.3828125,0.0
2025-02-26 09:51:00+00:00,107.2421875,107.390625,107.2421875,107.2421875,186.0
2025-02-26 09:52:00+00:00,107.390625,107.390625,107.2421875,107.3828125,36106.0
2025-02-26 09:53:00+00:00,107.25,107.3984375,107.25,107.390625,0.0
2025-02-26 09:54:00+00:00,107.3984375,107.3984375,107.2578125,107.390625,36784.0
2025-02-26 09:55:00+00:00,107.3984375,107.3984375,107.3984375,107.3984375,389.0
2025-02-26 09:56:00+00:00,107.40625,107.4140625,107.2578125,107.2578125,421.0
2025-02-26 09:57:00+00:00,107.4140625,107.4140625,107.2578125,107.4140625,354.0
2025-02-26 09:58:00+00:00,107.4140625,107.4140625,107.265625,107.4140625,177.0
2025-02-26 09:59:00+00:00,107.4140625,107.421875,107.4140625,107.4140625,355.0
2025-02-26 10:00:00+00:00,107.265625,107.4140625,107.265625,107.2734375,0.0
