Datetime,Close,High,Low,Open,Volume
2025-06-10 13:30:00+00:00,42754.21875,42770.640625,42735.2890625,42738.26953125,0.0
2025-06-10 13:31:00+00:00,42752.05859375,42756.25,42741.33984375,42752.37890625,3194443.0
2025-06-10 13:32:00+00:00,42786.0,42793.890625,42754.30859375,42754.30859375,2851155.0
2025-06-10 13:33:00+00:00,42789.609375,42811.21875,42784.87109375,42785.7109375,1775270.0
2025-06-10 13:34:00+00:00,42775.73046875,42802.80078125,42775.73046875,42792.05859375,2026030.0
2025-06-10 13:35:00+00:00,42752.921875,42777.4296875,42749.12890625,42775.41015625,2077615.0
2025-06-10 13:36:00+00:00,42761.80859375,42761.80859375,42745.08984375,42752.75,1671620.0
2025-06-10 13:37:00+00:00,42761.8515625,42770.05078125,42753.98828125,42761.28125,1509602.0
2025-06-10 13:38:00+00:00,42777.4609375,42777.4609375,42760.46875,42760.80078125,1447132.0
2025-06-10 13:39:00+00:00,42747.7890625,42778.58984375,42742.87109375,42778.58984375,1945967.0
2025-06-10 13:40:00+00:00,42762.98046875,42765.37109375,42747.91015625,42747.91015625,1642534.0
2025-06-10 13:41:00+00:00,42767.80859375,42768.2109375,42759.48046875,42763.3515625,1230297.0
2025-06-10 13:42:00+00:00,42767.62890625,42774.328125,42761.66015625,42768.0703125,1136512.0
2025-06-10 13:43:00+00:00,42745.859375,42772.37890625,42744.7890625,42767.328125,1429268.0
2025-06-10 13:44:00+00:00,42754.390625,42754.390625,42736.2890625,42747.6484375,1371660.0
2025-06-10 13:45:00+00:00,42741.890625,42757.01953125,42736.19921875,42754.03125,2023107.0
2025-06-10 13:46:00+00:00,42729.3984375,42741.51171875,42726.3203125,42740.03125,1592581.0
2025-06-10 13:47:00+00:00,42731.05078125,42738.8515625,42729.69140625,42730.23046875,1180640.0
2025-06-10 13:48:00+00:00,42742.62890625,42752.87109375,42732.05859375,42732.48828125,1101823.0
2025-06-10 13:49:00+00:00,42739.37890625,42756.7109375,42738.609375,42747.3203125,905339.0
2025-06-10 13:50:00+00:00,42737.26953125,42744.66015625,42736.69140625,42739.23046875,1140683.0
2025-06-10 13:51:00+00:00,42755.33984375,42755.33984375,42736.98828125,42738.0,1645285.0
2025-06-10 13:52:00+00:00,42765.421875,42772.03125,42756.140625,42756.140625,1334446.0
2025-06-10 13:53:00+00:00,42740.671875,42765.37109375,42740.671875,42764.21875,1331745.0
2025-06-10 13:54:00+00:00,42729.73828125,42741.08984375,42723.9609375,42741.0703125,1116162.0
2025-06-10 13:55:00+00:00,42747.2109375,42747.23046875,42729.08984375,42729.69921875,1139553.0
2025-06-10 13:56:00+00:00,42737.30859375,42750.6015625,42737.30859375,42747.76171875,998749.0
2025-06-10 13:57:00+00:00,42739.51171875,42743.421875,42736.9296875,42738.08984375,931435.0
2025-06-10 13:58:00+00:00,42748.73046875,42749.23828125,42737.62109375,42737.78125,1015291.0
2025-06-10 13:59:00+00:00,42750.62890625,42753.48828125,42746.55078125,42748.76171875,1387229.0
2025-06-10 14:00:00+00:00,42757.2890625,42768.8984375,42754.390625,42754.390625,2073206.0
2025-06-10 14:01:00+00:00,42744.62109375,42760.12109375,42743.7109375,42755.0703125,1481087.0
2025-06-10 14:02:00+00:00,42752.55078125,42755.19921875,42743.640625,42743.73828125,1367555.0
2025-06-10 14:03:00+00:00,42750.2109375,42756.55859375,42737.55859375,42753.609375,1375845.0
2025-06-10 14:04:00+00:00,42758.69921875,42759.98828125,42748.83984375,42750.0,1020865.0
2025-06-10 14:05:00+00:00,42779.4296875,42779.4296875,42759.48828125,42760.671875,953789.0
2025-06-10 14:06:00+00:00,42772.01953125,42778.51953125,42763.03125,42778.171875,1057288.0
2025-06-10 14:07:00+00:00,42747.94921875,42772.75,42746.359375,42772.75,1122548.0
2025-06-10 14:08:00+00:00,42737.98828125,42748.58984375,42730.33984375,42748.44140625,1169410.0
2025-06-10 14:09:00+00:00,42741.9609375,42746.30859375,42736.8203125,42736.8203125,958976.0
2025-06-10 14:10:00+00:00,42763.609375,42763.609375,42740.69140625,42742.9609375,1097576.0
2025-06-10 14:11:00+00:00,42754.828125,42763.62890625,42753.4609375,42763.62890625,1565427.0
2025-06-10 14:12:00+00:00,42758.55859375,42759.62890625,42754.55078125,42755.078125,1045315.0
2025-06-10 14:13:00+00:00,42759.921875,42760.30859375,42752.5390625,42758.75,1055795.0
2025-06-10 14:14:00+00:00,42744.03125,42766.0390625,42744.03125,42759.03125,1072080.0
2025-06-10 14:15:00+00:00,42752.01953125,42754.2109375,42744.30859375,42745.8984375,923214.0
2025-06-10 14:16:00+00:00,42751.48828125,42752.23046875,42745.05078125,42751.80078125,972650.0
2025-06-10 14:17:00+00:00,42753.87109375,42755.171875,42748.25,42752.83984375,713489.0
2025-06-10 14:18:00+00:00,42758.26171875,42761.98828125,42754.55078125,42754.55078125,1208501.0
2025-06-10 14:19:00+00:00,42760.69921875,42763.98828125,42755.1484375,42758.33984375,967303.0
2025-06-10 14:20:00+00:00,42750.71875,42760.8203125,42748.69921875,42760.30859375,815400.0
2025-06-10 14:21:00+00:00,42741.28125,42750.73046875,42741.28125,42750.73046875,255042.0
2025-06-10 14:22:00+00:00,42750.5703125,42750.5703125,42742.5390625,42745.6484375,1404133.0
2025-06-10 14:23:00+00:00,42776.8203125,42776.8203125,42773.75,42774.05859375,1408136.0
2025-06-10 14:24:00+00:00,42781.171875,42783.26953125,42775.109375,42775.8515625,836209.0
2025-06-10 14:25:00+00:00,42769.66015625,42780.51953125,42769.6484375,42780.19921875,739248.0
2025-06-10 14:26:00+00:00,42768.87890625,42771.87109375,42765.12109375,42769.76953125,974648.0
2025-06-10 14:27:00+00:00,42764.51953125,42774.4609375,42762.921875,42769.73828125,1028098.0
2025-06-10 14:28:00+00:00,42783.44140625,42783.609375,42763.44140625,42763.6015625,867875.0
2025-06-10 14:29:00+00:00,42780.390625,42783.2890625,42776.23828125,42783.2890625,674527.0
2025-06-10 14:30:00+00:00,42782.53125,42782.53125,42780.0390625,42780.16015625,119304.0
2025-06-10 14:31:00+00:00,42768.12109375,42772.2109375,42767.76953125,42770.640625,1611593.0
2025-06-10 14:32:00+00:00,42761.921875,42770.41015625,42761.921875,42768.19921875,1282777.0
2025-06-10 14:33:00+00:00,42763.51953125,42769.62109375,42759.12109375,42762.94140625,747769.0
2025-06-10 14:34:00+00:00,42761.94140625,42761.94140625,42752.58984375,42752.58984375,906156.0
2025-06-10 14:35:00+00:00,42760.890625,42765.19140625,42754.30859375,42761.83984375,954172.0
2025-06-10 14:36:00+00:00,42772.9609375,42772.9609375,42757.26171875,42761.0703125,1374440.0
2025-06-10 14:37:00+00:00,42782.078125,42785.7109375,42772.73046875,42772.73046875,1207045.0
2025-06-10 14:38:00+00:00,42774.25,42790.46875,42774.12109375,42782.0,1069069.0
2025-06-10 14:39:00+00:00,42779.75,42783.19140625,42772.1796875,42773.73828125,720754.0
2025-06-10 14:40:00+00:00,42790.91015625,42792.7109375,42776.48046875,42779.2890625,1024098.0
2025-06-10 14:41:00+00:00,42796.3984375,42800.828125,42790.87109375,42790.87109375,1104749.0
2025-06-10 14:42:00+00:00,42801.16015625,42802.3203125,42792.9296875,42795.6796875,1015488.0
2025-06-10 14:43:00+00:00,42812.9296875,42813.1796875,42798.91015625,42800.9609375,1238417.0
2025-06-10 14:44:00+00:00,42825.51171875,42827.33984375,42812.609375,42812.609375,1244422.0
2025-06-10 14:45:00+00:00,42821.25,42827.6015625,42821.05859375,42826.7109375,1031406.0
2025-06-10 14:46:00+00:00,42801.91015625,42821.9609375,42800.859375,42820.87890625,1280243.0
2025-06-10 14:47:00+00:00,42811.94140625,42819.19921875,42802.421875,42802.421875,978443.0
2025-06-10 14:48:00+00:00,42802.16015625,42813.83984375,42800.359375,42813.83984375,737232.0
2025-06-10 14:49:00+00:00,42814.1796875,42818.08984375,42801.78125,42802.55859375,643775.0
2025-06-10 14:50:00+00:00,42816.19921875,42818.08984375,42811.140625,42813.78125,851312.0
2025-06-10 14:51:00+00:00,42812.73046875,42817.859375,42811.05859375,42817.75,863075.0
2025-06-10 14:52:00+00:00,42812.53125,42815.80859375,42811.23046875,42813.0,749449.0
2025-06-10 14:53:00+00:00,42819.5,42825.3515625,42813.6015625,42813.6015625,829001.0
2025-06-10 14:54:00+00:00,42815.46875,42823.76171875,42815.46875,42820.109375,817017.0
2025-06-10 14:55:00+00:00,42796.5,42818.66015625,42795.62890625,42815.69921875,1316984.0
2025-06-10 14:56:00+00:00,42796.5390625,42797.0390625,42788.7890625,42795.73046875,978661.0
2025-06-10 14:57:00+00:00,42796.44921875,42804.05859375,42791.390625,42796.671875,786871.0
2025-06-10 14:58:00+00:00,42782.6484375,42796.3203125,42780.98046875,42796.078125,906563.0
2025-06-10 14:59:00+00:00,42790.41015625,42790.41015625,42782.01953125,42782.359375,287354.0
2025-06-10 15:00:00+00:00,42785.96875,42788.4296875,42785.0703125,42786.73046875,1647309.0
2025-06-10 15:03:00+00:00,42814.41015625,42821.48046875,42813.76171875,42821.48046875,2345740.0
2025-06-10 15:06:00+00:00,42815.109375,42817.109375,42808.671875,42811.21875,3637540.0
2025-06-10 15:07:00+00:00,42812.66015625,42816.76953125,42812.640625,42815.48828125,673187.0
2025-06-10 15:13:00+00:00,42806.12890625,42813.48046875,42805.16015625,42813.48046875,4989299.0
2025-06-10 15:15:00+00:00,42792.8203125,42794.8984375,42792.8203125,42793.83984375,2034159.0
2025-06-10 15:18:00+00:00,42800.87109375,42802.6484375,42799.05859375,42799.05859375,1858641.0
2025-06-10 15:19:00+00:00,42804.80078125,42810.19140625,42802.4609375,42809.4296875,1253364.0
2025-06-10 15:20:00+00:00,42795.44921875,42803.62109375,42793.05859375,42803.62109375,703889.0
2025-06-10 15:21:00+00:00,42793.37109375,42796.078125,42790.51171875,42794.921875,728113.0
2025-06-10 15:22:00+00:00,42796.30859375,42798.0703125,42792.08984375,42793.96875,574291.0
2025-06-10 15:23:00+00:00,42794.62109375,42798.44140625,42791.73828125,42795.6796875,694082.0
2025-06-10 15:24:00+00:00,42795.87109375,42801.73828125,42795.0390625,42795.0390625,765383.0
2025-06-10 15:25:00+00:00,42810.23046875,42813.55859375,42792.8203125,42796.58984375,905641.0
2025-06-10 15:26:00+00:00,42813.62890625,42814.640625,42809.76171875,42810.2109375,1787213.0
2025-06-10 15:27:00+00:00,42811.76953125,42816.58984375,42811.26171875,42813.55859375,677496.0
2025-06-10 15:28:00+00:00,42806.7890625,42813.94921875,42805.1484375,42812.23046875,770055.0
2025-06-10 15:29:00+00:00,42809.48828125,42809.87890625,42802.2109375,42807.66015625,763002.0
2025-06-10 15:30:00+00:00,42800.671875,42809.4609375,42796.96875,42809.4609375,818772.0
2025-06-10 15:31:00+00:00,42793.390625,42801.078125,42789.87109375,42799.28125,980606.0
2025-06-10 15:32:00+00:00,42748.828125,42796.4296875,42728.37890625,42792.671875,1879302.0
2025-06-10 15:33:00+00:00,42739.44921875,42751.328125,42710.08984375,42751.328125,2817226.0
2025-06-10 15:35:00+00:00,42769.1796875,42778.69140625,42769.1796875,42769.21875,3632752.0
2025-06-10 15:36:00+00:00,42753.69921875,42769.69921875,42749.640625,42769.69921875,975139.0
2025-06-10 15:37:00+00:00,42759.3515625,42767.6015625,42753.1015625,42753.21875,1148019.0
2025-06-10 15:38:00+00:00,42770.94921875,42771.37109375,42758.46875,42759.078125,1024539.0
2025-06-10 15:39:00+00:00,42767.8203125,42772.26171875,42767.55078125,42771.87109375,1056890.0
2025-06-10 15:40:00+00:00,42767.359375,42775.75,42766.78125,42768.08984375,895825.0
2025-06-10 15:41:00+00:00,42762.96875,42773.8984375,42762.21875,42768.08984375,813687.0
2025-06-10 15:42:00+00:00,42758.78125,42767.87890625,42756.51171875,42762.9609375,631164.0
2025-06-10 15:43:00+00:00,42768.25,42772.19921875,42759.78125,42759.78125,774826.0
2025-06-10 15:44:00+00:00,42781.0390625,42781.76953125,42768.12109375,42768.30859375,853058.0
2025-06-10 15:45:00+00:00,42768.33984375,42780.328125,42768.12109375,42780.328125,627433.0
2025-06-10 15:46:00+00:00,42768.66015625,42771.76953125,42768.48828125,42768.6796875,566979.0
2025-06-10 15:47:00+00:00,42778.37109375,42780.109375,42767.8515625,42768.921875,613346.0
2025-06-10 15:48:00+00:00,42772.23828125,42778.26171875,42770.80078125,42778.19921875,470116.0
2025-06-10 15:49:00+00:00,42769.578125,42774.55078125,42768.01953125,42771.71875,511542.0
2025-06-10 15:50:00+00:00,42770.5390625,42771.69140625,42768.83984375,42769.1796875,700728.0
2025-06-10 15:51:00+00:00,42772.7109375,42776.9609375,42770.44140625,42770.7109375,724649.0
2025-06-10 15:52:00+00:00,42777.140625,42777.87109375,42770.1796875,42772.8984375,570721.0
2025-06-10 15:53:00+00:00,42781.94921875,42783.6484375,42778.01171875,42778.01953125,682580.0
2025-06-10 15:54:00+00:00,42778.9296875,42782.75,42773.53125,42781.73046875,756342.0
2025-06-10 15:55:00+00:00,42778.33984375,42781.12109375,42776.19921875,42778.390625,766373.0
2025-06-10 15:56:00+00:00,42779.3203125,42783.12890625,42777.421875,42778.96875,655596.0
2025-06-10 15:57:00+00:00,42783.48046875,42785.26171875,42777.51953125,42778.62890625,682526.0
2025-06-10 15:58:00+00:00,42783.109375,42783.55078125,42778.6796875,42783.55078125,534142.0
2025-06-10 15:59:00+00:00,42783.9296875,42786.5,42782.12109375,42782.53125,536322.0
2025-06-10 16:00:00+00:00,42793.171875,42793.28125,42783.21875,42784.62890625,709016.0
2025-06-10 16:01:00+00:00,42808.33984375,42812.640625,42793.2109375,42793.37890625,2067838.0
2025-06-10 16:02:00+00:00,42805.171875,42818.21875,42805.171875,42808.51953125,1064618.0
2025-06-10 16:03:00+00:00,42800.98828125,42810.05078125,42800.890625,42805.3515625,854934.0
2025-06-10 16:04:00+00:00,42803.9296875,42805.6796875,42800.0,42801.01953125,812873.0
2025-06-10 16:05:00+00:00,42804.98828125,42807.96875,42800.3203125,42804.37109375,864681.0
2025-06-10 16:06:00+00:00,42807.19140625,42808.87109375,42802.55078125,42805.69140625,641901.0
2025-06-10 16:07:00+00:00,42812.8984375,42813.328125,42807.16015625,42807.33984375,1027429.0
2025-06-10 16:08:00+00:00,42806.421875,42812.76953125,42803.91015625,42812.76953125,602444.0
2025-06-10 16:09:00+00:00,42801.05859375,42806.01171875,42795.578125,42806.01171875,557033.0
2025-06-10 16:10:00+00:00,42806.1796875,42806.328125,42799.48046875,42800.69921875,528546.0
2025-06-10 16:11:00+00:00,42807.94921875,42812.0,42805.2109375,42805.28125,637395.0
2025-06-10 16:12:00+00:00,42799.7890625,42808.33984375,42797.6015625,42808.2890625,596798.0
2025-06-10 16:13:00+00:00,42802.12109375,42804.66015625,42798.671875,42799.921875,591403.0
2025-06-10 16:14:00+00:00,42802.73046875,42804.26953125,42799.890625,42802.30078125,484639.0
2025-06-10 16:15:00+00:00,42800.48046875,42802.671875,42798.4296875,42801.26953125,465205.0
2025-06-10 16:16:00+00:00,42803.171875,42805.25,42796.01953125,42799.87109375,500439.0
2025-06-10 16:17:00+00:00,42803.44140625,42805.98046875,42800.390625,42802.21875,714436.0
2025-06-10 16:18:00+00:00,42801.51171875,42804.62890625,42799.03125,42802.80859375,582579.0
2025-06-10 16:19:00+00:00,42803.2109375,42810.0703125,42801.19921875,42801.48046875,617598.0
2025-06-10 16:20:00+00:00,42803.328125,42804.7890625,42798.12890625,42803.4296875,484347.0
2025-06-10 16:21:00+00:00,42808.2890625,42808.44140625,42802.37109375,42802.73046875,574552.0
2025-06-10 16:22:00+00:00,42819.48046875,42821.44921875,42807.5703125,42808.16015625,556933.0
2025-06-10 16:23:00+00:00,42826.55859375,42826.55859375,42818.91015625,42819.98046875,1087531.0
2025-06-10 16:24:00+00:00,42831.28125,42832.19140625,42825.859375,42826.41015625,563212.0
2025-06-10 16:25:00+00:00,42825.6015625,42832.421875,42824.26171875,42830.80859375,489935.0
2025-06-10 16:26:00+00:00,42823.98828125,42826.30859375,42818.87890625,42825.5390625,523183.0
2025-06-10 16:27:00+00:00,42824.1484375,42826.94921875,42822.76953125,42824.28125,598835.0
2025-06-10 16:28:00+00:00,42829.16015625,42833.16015625,42823.5,42824.4296875,874096.0
2025-06-10 16:29:00+00:00,42830.19921875,42830.48046875,42823.9609375,42828.921875,559083.0
2025-06-10 16:30:00+00:00,42830.2890625,42836.6015625,42827.76171875,42830.0703125,673889.0
2025-06-10 16:31:00+00:00,42832.6796875,42835.69921875,42830.12890625,42830.5390625,582230.0
2025-06-10 16:32:00+00:00,42838.76171875,42839.98828125,42835.51171875,42836.1015625,611322.0
2025-06-10 16:33:00+00:00,42849.08984375,42849.6796875,42838.140625,42838.671875,644870.0
2025-06-10 16:34:00+00:00,42846.78125,42851.0703125,42846.609375,42848.48828125,634741.0
2025-06-10 16:35:00+00:00,42845.05859375,42849.2109375,42843.01953125,42847.19140625,670344.0
2025-06-10 16:36:00+00:00,42842.98046875,42844.890625,42839.421875,42844.890625,434087.0
2025-06-10 16:37:00+00:00,42853.23046875,42853.23046875,42842.1796875,42842.80078125,520247.0
2025-06-10 16:38:00+00:00,42854.98046875,42857.53125,42853.078125,42853.078125,541355.0
2025-06-10 16:39:00+00:00,42848.5703125,42855.33984375,42845.98046875,42855.30078125,591349.0
2025-06-10 16:40:00+00:00,42841.30859375,42850.140625,42840.91015625,42848.16015625,525002.0
2025-06-10 16:41:00+00:00,42842.01953125,42849.0390625,42841.5703125,42841.5703125,445126.0
2025-06-10 16:42:00+00:00,42847.96875,42848.62890625,42841.33984375,42842.5390625,573038.0
2025-06-10 16:43:00+00:00,42847.51171875,42847.76171875,42844.51953125,42847.76171875,449128.0
2025-06-10 16:44:00+00:00,42840.98828125,42849.5703125,42840.55078125,42847.55859375,507638.0
2025-06-10 16:45:00+00:00,42849.08984375,42849.62109375,42840.48828125,42840.48828125,553180.0
2025-06-10 16:46:00+00:00,42852.640625,42853.828125,42846.828125,42848.921875,603478.0
2025-06-10 16:47:00+00:00,42861.421875,42862.1484375,42848.94140625,42852.98046875,802323.0
2025-06-10 16:48:00+00:00,42856.078125,42862.05078125,42856.05078125,42860.51953125,528700.0
2025-06-10 16:49:00+00:00,42855.0390625,42859.01953125,42855.0390625,42856.3203125,641983.0
2025-06-10 16:51:00+00:00,42869.0,42869.75,42866.3984375,42866.98046875,1262761.0
2025-06-10 16:52:00+00:00,42867.44140625,42870.359375,42864.6015625,42869.73046875,793754.0
2025-06-10 16:53:00+00:00,42867.8984375,42870.01953125,42864.76171875,42866.91015625,541920.0
2025-06-10 16:54:00+00:00,42874.73828125,42874.96875,42866.66015625,42867.828125,635933.0
2025-06-10 16:55:00+00:00,42872.12890625,42876.53125,42872.12890625,42874.76953125,493214.0
2025-06-10 16:56:00+00:00,42866.41015625,42874.23828125,42865.66015625,42872.16015625,551983.0
2025-06-10 16:57:00+00:00,42872.26953125,42872.9609375,42865.4609375,42865.87109375,761343.0
2025-06-10 16:58:00+00:00,42878.5703125,42878.5703125,42873.03125,42873.69140625,441324.0
2025-06-10 16:59:00+00:00,42876.6015625,42880.01171875,42876.6015625,42879.16015625,478640.0
2025-06-10 17:00:00+00:00,42876.921875,42880.25,42876.05078125,42876.26171875,624084.0
2025-06-10 17:01:00+00:00,42875.55859375,42879.51171875,42875.359375,42876.62109375,606146.0
2025-06-10 17:02:00+00:00,42862.2890625,42876.8984375,42861.01171875,42875.7109375,651116.0
2025-06-10 17:03:00+00:00,42864.640625,42864.640625,42861.0390625,42861.98828125,585530.0
2025-06-10 17:04:00+00:00,42866.66015625,42869.73046875,42864.91015625,42864.91015625,472175.0
2025-06-10 17:05:00+00:00,42865.28125,42870.078125,42864.6015625,42866.8984375,600149.0
2025-06-10 17:06:00+00:00,42853.94140625,42865.75,42853.94140625,42865.16015625,627635.0
2025-06-10 17:07:00+00:00,42873.44921875,42873.44921875,42852.94921875,42854.44921875,732353.0
2025-06-10 17:08:00+00:00,42885.62890625,42885.62890625,42873.21875,42873.21875,680003.0
2025-06-10 17:09:00+00:00,42889.83984375,42892.1484375,42885.87109375,42886.01953125,684895.0
2025-06-10 17:10:00+00:00,42896.44140625,42898.0390625,42890.51953125,42890.828125,621551.0
2025-06-10 17:11:00+00:00,42909.6015625,42910.75,42896.6484375,42896.6484375,725978.0
2025-06-10 17:12:00+00:00,42909.8203125,42911.8984375,42908.9609375,42908.9609375,662321.0
2025-06-10 17:13:00+00:00,42923.9296875,42923.9296875,42909.5390625,42910.078125,729960.0
2025-06-10 17:14:00+00:00,42917.94140625,42925.94140625,42916.578125,42923.73046875,772358.0
2025-06-10 17:15:00+00:00,42914.1484375,42922.671875,42912.109375,42917.96875,736684.0
2025-06-10 17:16:00+00:00,42900.01953125,42916.37890625,42900.01953125,42914.30078125,717265.0
2025-06-10 17:17:00+00:00,42898.26953125,42899.16015625,42892.01171875,42899.16015625,616016.0
2025-06-10 17:18:00+00:00,42901.19921875,42903.078125,42898.3515625,42898.3515625,639982.0
2025-06-10 17:19:00+00:00,42895.1015625,42902.76953125,42894.9609375,42901.71875,584469.0
2025-06-10 17:20:00+00:00,42896.9296875,42896.9296875,42891.98828125,42895.05859375,446806.0
2025-06-10 17:21:00+00:00,42899.23046875,42900.30078125,42891.62890625,42896.37890625,626391.0
2025-06-10 17:22:00+00:00,42894.33984375,42899.73828125,42894.33984375,42898.5703125,459093.0
2025-06-10 17:23:00+00:00,42890.98828125,42896.23046875,42890.75,42895.12109375,544086.0
2025-06-10 17:24:00+00:00,42886.7890625,42894.19921875,42886.7890625,42891.25,551334.0
2025-06-10 17:25:00+00:00,42888.9296875,42890.30078125,42887.03125,42887.03125,570252.0
2025-06-10 17:26:00+00:00,42876.48046875,42889.19140625,42875.890625,42889.0390625,553314.0
2025-06-10 17:27:00+00:00,42876.0390625,42881.94140625,42874.2890625,42875.76953125,693467.0
2025-06-10 17:28:00+00:00,42874.578125,42875.96875,42867.828125,42875.96875,594589.0
2025-06-10 17:29:00+00:00,42872.69140625,42874.83984375,42871.41015625,42874.6484375,575684.0
2025-06-10 17:30:00+00:00,42863.328125,42872.859375,42862.9609375,42872.46875,523572.0
2025-06-10 17:31:00+00:00,42866.6015625,42867.640625,42857.96875,42863.171875,604338.0
2025-06-10 17:32:00+00:00,42869.48828125,42870.21875,42866.5703125,42866.5703125,516152.0
2025-06-10 17:33:00+00:00,42868.8203125,42875.37890625,42868.1796875,42869.9609375,575093.0
2025-06-10 17:34:00+00:00,42867.05078125,42869.23828125,42864.69921875,42868.1015625,495427.0
2025-06-10 17:35:00+00:00,42876.3203125,42877.48046875,42867.51953125,42867.51953125,540518.0
2025-06-10 17:36:00+00:00,42869.1484375,42876.19921875,42867.6484375,42875.25,576084.0
2025-06-10 17:37:00+00:00,42872.1484375,42873.078125,42869.23828125,42869.6484375,524749.0
2025-06-10 17:38:00+00:00,42873.23046875,42877.359375,42870.609375,42872.578125,438506.0
2025-06-10 17:39:00+00:00,42870.7890625,42874.51953125,42869.7109375,42873.44921875,540053.0
2025-06-10 17:40:00+00:00,42858.69921875,42871.421875,42858.4609375,42870.640625,893935.0
2025-06-10 17:41:00+00:00,42867.76953125,42872.328125,42857.19921875,42859.69140625,716419.0
2025-06-10 17:42:00+00:00,42864.8984375,42869.75,42864.44921875,42867.78125,673148.0
2025-06-10 17:43:00+00:00,42860.359375,42864.7109375,42858.69140625,42864.7109375,518637.0
2025-06-10 17:44:00+00:00,42852.78125,42862.28125,42850.66015625,42860.171875,495706.0
2025-06-10 17:45:00+00:00,42849.66015625,42852.37109375,42847.578125,42852.25,506191.0
2025-06-10 17:46:00+00:00,42837.7890625,42849.48046875,42837.48828125,42849.48046875,488402.0
2025-06-10 17:47:00+00:00,42836.05859375,42838.37890625,42835.19140625,42838.19140625,371951.0
2025-06-10 17:48:00+00:00,42834.890625,42836.421875,42831.1015625,42835.921875,456824.0
2025-06-10 17:49:00+00:00,42833.5390625,42836.5,42831.1015625,42834.58984375,477751.0
2025-06-10 17:50:00+00:00,42843.6015625,42844.671875,42833.08984375,42833.55859375,629635.0
2025-06-10 17:51:00+00:00,42837.25,42845.078125,42836.30859375,42843.44921875,447987.0
2025-06-10 17:52:00+00:00,42834.921875,42836.80078125,42831.62109375,42836.6796875,553732.0
2025-06-10 17:53:00+00:00,42834.46875,42838.62890625,42833.98046875,42834.5,462516.0
2025-06-10 17:54:00+00:00,42832.69921875,42839.0390625,42832.51953125,42834.80859375,558370.0
2025-06-10 17:55:00+00:00,42819.94921875,42833.55859375,42819.94921875,42832.7890625,498494.0
2025-06-10 17:56:00+00:00,42820.21875,42825.2109375,42817.94921875,42819.51953125,544596.0
2025-06-10 17:57:00+00:00,42811.96875,42819.890625,42808.609375,42819.609375,746763.0
2025-06-10 17:58:00+00:00,42815.2109375,42816.83984375,42812.19921875,42812.69140625,593178.0
2025-06-10 17:59:00+00:00,42813.12109375,42819.25,42811.62109375,42815.328125,556405.0
2025-06-10 18:00:00+00:00,42778.28125,42812.9296875,42745.4609375,42812.9296875,1910900.0
2025-06-10 18:01:00+00:00,42747.421875,42778.2890625,42745.2890625,42778.2890625,815800.0
2025-06-10 18:02:00+00:00,42773.328125,42773.8203125,42746.80078125,42750.37109375,829643.0
2025-06-10 18:03:00+00:00,42774.28125,42774.28125,42764.5390625,42773.578125,492609.0
2025-06-10 18:04:00+00:00,42767.96875,42775.94921875,42767.1484375,42775.3203125,578279.0
2025-06-10 18:05:00+00:00,42761.05859375,42761.05859375,42753.26171875,42754.55859375,811302.0
2025-06-10 18:06:00+00:00,42768.0,42771.23046875,42762.01171875,42763.80859375,477045.0
2025-06-10 18:07:00+00:00,42780.1484375,42780.4609375,42767.2890625,42767.2890625,739110.0
2025-06-10 18:08:00+00:00,42776.30078125,42785.23828125,42775.66015625,42780.1796875,679735.0
2025-06-10 18:09:00+00:00,42777.98046875,42780.66015625,42772.33984375,42776.26171875,491984.0
2025-06-10 18:10:00+00:00,42769.7890625,42778.328125,42766.5703125,42778.2890625,510832.0
2025-06-10 18:11:00+00:00,42758.12890625,42770.76953125,42756.98828125,42770.078125,574722.0
2025-06-10 18:12:00+00:00,42764.16015625,42764.33984375,42757.78125,42758.671875,498264.0
2025-06-10 18:13:00+00:00,42756.4296875,42764.140625,42754.96875,42764.140625,535611.0
2025-06-10 18:14:00+00:00,42757.62109375,42759.390625,42753.0703125,42756.640625,577167.0
2025-06-10 18:15:00+00:00,42759.7890625,42763.94921875,42757.05078125,42757.73046875,717771.0
2025-06-10 18:16:00+00:00,42758.5390625,42768.1484375,42758.44140625,42759.640625,1080887.0
2025-06-10 18:17:00+00:00,42750.51953125,42758.3984375,42750.2109375,42757.05078125,506156.0
2025-06-10 18:18:00+00:00,42754.19921875,42755.1796875,42750.80859375,42750.80859375,688754.0
2025-06-10 18:19:00+00:00,42755.03125,42761.28125,42753.58984375,42753.58984375,818967.0
2025-06-10 18:20:00+00:00,42755.26953125,42758.30859375,42755.26953125,42755.30078125,533747.0
2025-06-10 18:21:00+00:00,42752.33984375,42758.171875,42750.44921875,42755.25,600169.0
2025-06-10 18:22:00+00:00,42761.3203125,42761.3203125,42750.37890625,42752.328125,509951.0
2025-06-10 18:23:00+00:00,42761.890625,42761.890625,42757.2109375,42761.44921875,438111.0
2025-06-10 18:24:00+00:00,42766.9296875,42769.9296875,42761.5,42762.12890625,531192.0
2025-06-10 18:25:00+00:00,42754.109375,42767.1796875,42753.921875,42766.9296875,578011.0
2025-06-10 18:26:00+00:00,42758.94921875,42759.76953125,42750.12890625,42753.1484375,442614.0
2025-06-10 18:27:00+00:00,42748.390625,42750.921875,42748.390625,42750.921875,1253198.0
2025-06-10 18:28:00+00:00,42740.8984375,42750.7109375,42740.33984375,42748.421875,496843.0
2025-06-10 18:29:00+00:00,42754.21875,42755.23046875,42740.890625,42740.890625,520722.0
2025-06-10 18:30:00+00:00,42756.87890625,42758.140625,42753.140625,42753.94140625,687786.0
2025-06-10 18:31:00+00:00,42760.73828125,42761.33984375,42750.4609375,42756.71875,658290.0
2025-06-10 18:32:00+00:00,42755.83984375,42768.5703125,42755.66015625,42761.8984375,498076.0
2025-06-10 18:33:00+00:00,42757.51171875,42759.05078125,42755.53125,42755.94921875,529622.0
2025-06-10 18:34:00+00:00,42770.30859375,42771.03125,42756.890625,42757.48828125,373012.0
2025-06-10 18:35:00+00:00,42781.609375,42781.640625,42770.2109375,42770.26171875,479350.0
2025-06-10 18:36:00+00:00,42785.109375,42787.26171875,42781.1015625,42781.7890625,533400.0
2025-06-10 18:37:00+00:00,42788.3515625,42789.28125,42784.8984375,42785.078125,465797.0
2025-06-10 18:38:00+00:00,42793.21875,42794.2890625,42788.1484375,42788.390625,508296.0
2025-06-10 18:39:00+00:00,42789.87109375,42793.37109375,42788.76953125,42793.37109375,419841.0
2025-06-10 18:40:00+00:00,42795.48828125,42797.6796875,42790.0703125,42790.0703125,449496.0
2025-06-10 18:41:00+00:00,42784.91015625,42795.48828125,42784.8984375,42795.48828125,449452.0
2025-06-10 18:42:00+00:00,42785.28125,42785.78125,42782.23046875,42785.26953125,423554.0
2025-06-10 18:43:00+00:00,42790.671875,42790.8203125,42783.0390625,42784.359375,473774.0
2025-06-10 18:44:00+00:00,42788.01171875,42791.16015625,42785.0703125,42790.91015625,721488.0
2025-06-10 18:45:00+00:00,42786.8203125,42788.2890625,42785.859375,42787.91015625,473237.0
2025-06-10 18:46:00+00:00,42785.1015625,42787.87109375,42783.8203125,42787.0390625,472537.0
2025-06-10 18:47:00+00:00,42792.53125,42793.26171875,42783.4296875,42785.609375,543903.0
2025-06-10 18:48:00+00:00,42792.48828125,42794.4296875,42792.12109375,42792.37890625,533324.0
2025-06-10 18:49:00+00:00,42793.78125,42794.53125,42789.140625,42792.578125,458327.0
2025-06-10 18:50:00+00:00,42795.4296875,42795.4296875,42790.83984375,42793.94921875,599120.0
2025-06-10 18:51:00+00:00,42801.6796875,42802.01953125,42795.51171875,42795.51171875,641061.0
2025-06-10 18:52:00+00:00,42804.58984375,42808.5703125,42801.78125,42801.78125,982804.0
2025-06-10 18:53:00+00:00,42810.1484375,42812.87890625,42802.8203125,42804.58984375,833402.0
2025-06-10 18:54:00+00:00,42813.30859375,42813.30859375,42806.328125,42806.828125,838699.0
2025-06-10 18:55:00+00:00,42816.58984375,42822.8984375,42813.25,42813.25,1295171.0
2025-06-10 18:56:00+00:00,42854.4609375,42863.6796875,42812.28125,42816.4296875,2770582.0
2025-06-10 18:57:00+00:00,42837.640625,42855.21875,42837.640625,42854.62890625,1968877.0
2025-06-10 18:58:00+00:00,42854.0,42854.03125,42836.609375,42836.609375,1121818.0
2025-06-10 18:59:00+00:00,42842.01953125,42856.44921875,42841.109375,42852.98046875,1154326.0
2025-06-10 19:00:00+00:00,42856.3203125,42856.7109375,42842.0,42842.0,1238745.0
2025-06-10 19:01:00+00:00,42856.19140625,42865.37890625,42856.19140625,42857.76171875,1010181.0
2025-06-10 19:02:00+00:00,42863.6484375,42864.44921875,42856.51171875,42856.8203125,866907.0
2025-06-10 19:03:00+00:00,42867.0,42875.0703125,42862.3515625,42862.75,849663.0
2025-06-10 19:04:00+00:00,42872.69140625,42877.01953125,42863.6484375,42866.5703125,1045705.0
2025-06-10 19:05:00+00:00,42898.609375,42898.609375,42870.4296875,42872.3984375,1673046.0
2025-06-10 19:06:00+00:00,42891.5390625,42905.23046875,42891.390625,42897.51171875,1091158.0
2025-06-10 19:07:00+00:00,42889.609375,42891.609375,42885.94921875,42891.609375,673053.0
2025-06-10 19:08:00+00:00,42879.55078125,42890.1484375,42879.55078125,42888.390625,851325.0
2025-06-10 19:09:00+00:00,42882.87109375,42882.87109375,42878.1015625,42878.98046875,732448.0
2025-06-10 19:10:00+00:00,42884.91015625,42888.66015625,42882.48828125,42882.859375,820648.0
2025-06-10 19:11:00+00:00,42876.28125,42877.3984375,42875.3984375,42877.3984375,858939.0
2025-06-10 19:12:00+00:00,42875.58984375,42881.44921875,42873.80859375,42875.55078125,716328.0
2025-06-10 19:13:00+00:00,42872.73046875,42878.328125,42872.16015625,42875.46875,817547.0
2025-06-10 19:14:00+00:00,42866.609375,42875.12109375,42864.80078125,42872.609375,961928.0
2025-06-10 19:15:00+00:00,42855.73046875,42868.55078125,42854.55078125,42866.859375,1893653.0
2025-06-10 19:16:00+00:00,42863.23046875,42865.578125,42855.94921875,42856.21875,910290.0
2025-06-10 19:17:00+00:00,42863.08984375,42867.91015625,42862.1015625,42863.3203125,1069356.0
2025-06-10 19:18:00+00:00,42867.80859375,42869.76953125,42863.12109375,42863.30078125,1088043.0
2025-06-10 19:19:00+00:00,42863.6796875,42869.6015625,42863.08984375,42867.98828125,771168.0
2025-06-10 19:20:00+00:00,42855.69140625,42864.51953125,42852.4296875,42864.37890625,700348.0
2025-06-10 19:21:00+00:00,42862.19921875,42862.19921875,42852.73046875,42855.87109375,755260.0
2025-06-10 19:22:00+00:00,42867.9609375,42869.44921875,42862.76171875,42862.76171875,738816.0
2025-06-10 19:23:00+00:00,42864.91015625,42867.6796875,42858.2109375,42867.6796875,770842.0
2025-06-10 19:24:00+00:00,42861.0,42867.87109375,42858.12890625,42864.96875,776419.0
2025-06-10 19:25:00+00:00,42859.58984375,42862.23046875,42855.01171875,42860.28125,777614.0
2025-06-10 19:26:00+00:00,42859.21875,42865.19921875,42858.08984375,42860.05078125,928830.0
2025-06-10 19:27:00+00:00,42856.55859375,42858.48046875,42853.0390625,42858.48046875,647933.0
2025-06-10 19:28:00+00:00,42848.26953125,42856.48046875,42845.37890625,42856.48046875,610567.0
2025-06-10 19:29:00+00:00,42846.53125,42848.4609375,42844.8203125,42848.16015625,889301.0
2025-06-10 19:30:00+00:00,42840.30859375,42847.8203125,42834.7890625,42846.328125,1285574.0
2025-06-10 19:31:00+00:00,42832.05859375,42840.3203125,42831.171875,42840.26171875,1184073.0
2025-06-10 19:32:00+00:00,42829.33984375,42831.98828125,42821.96875,42830.98828125,890181.0
2025-06-10 19:33:00+00:00,42840.0390625,42840.0390625,42827.7890625,42829.76953125,812569.0
2025-06-10 19:34:00+00:00,42837.87890625,42842.19921875,42837.44921875,42840.62109375,606610.0
2025-06-10 19:36:00+00:00,42830.6484375,42832.8515625,42822.80859375,42828.6484375,1848352.0
2025-06-10 19:37:00+00:00,42824.71875,42833.55859375,42824.3515625,42830.25,857820.0
2025-06-10 19:38:00+00:00,42821.44921875,42829.94921875,42819.87890625,42824.9296875,744303.0
2025-06-10 19:39:00+00:00,42824.01953125,42826.0390625,42817.921875,42820.98828125,1130547.0
2025-06-10 19:40:00+00:00,42824.55859375,42829.66015625,42822.890625,42824.1796875,982628.0
2025-06-10 19:41:00+00:00,42817.6796875,42826.62890625,42817.5,42824.62109375,983381.0
2025-06-10 19:42:00+00:00,42803.23046875,42820.19140625,42793.12890625,42818.1484375,1264591.0
2025-06-10 19:43:00+00:00,42820.2890625,42820.2890625,42803.12890625,42803.12890625,927922.0
2025-06-10 19:44:00+00:00,42825.8203125,42826.66015625,42819.98828125,42819.98828125,943441.0
2025-06-10 19:45:00+00:00,42821.28125,42825.9609375,42816.73046875,42825.69921875,960887.0
2025-06-10 19:46:00+00:00,42815.48828125,42827.609375,42815.1015625,42821.33984375,945000.0
2025-06-10 19:47:00+00:00,42814.9609375,42817.69921875,42808.578125,42815.37890625,965408.0
2025-06-10 19:48:00+00:00,42817.23046875,42826.05859375,42815.01171875,42815.01171875,1054347.0
2025-06-10 19:49:00+00:00,42802.671875,42817.859375,42801.12890625,42817.859375,1129918.0
2025-06-10 19:50:00+00:00,42825.55078125,42825.55078125,42802.80078125,42802.80078125,1746173.0
2025-06-10 19:51:00+00:00,42822.69140625,42834.33984375,42822.69140625,42825.76171875,1527316.0
2025-06-10 19:52:00+00:00,42821.48828125,42825.48046875,42813.1484375,42820.12890625,1602222.0
2025-06-10 19:53:00+00:00,42810.28125,42826.828125,42806.921875,42820.6796875,2674377.0
2025-06-10 19:54:00+00:00,42835.03125,42838.46875,42807.4609375,42810.75,2508729.0
2025-06-10 19:55:00+00:00,42861.890625,42862.0390625,42834.76171875,42834.76171875,2618115.0
2025-06-10 19:56:00+00:00,42868.87109375,42870.78125,42856.9296875,42861.9296875,3214130.0
2025-06-10 19:57:00+00:00,42880.7109375,42880.7109375,42862.359375,42869.51171875,2657175.0
2025-06-10 19:58:00+00:00,42867.5703125,42870.62109375,42863.25,42870.62109375,4030155.0
2025-06-10 19:59:00+00:00,42878.08984375,42881.19921875,42851.5390625,42866.390625,7935659.0
2025-06-11 13:30:00+00:00,42898.12109375,42924.55859375,42882.859375,42882.859375,0.0
2025-06-11 13:31:00+00:00,42820.671875,42898.12109375,42809.87109375,42898.12109375,3222789.0
2025-06-11 13:32:00+00:00,42846.1484375,42846.1484375,42812.890625,42827.62109375,2621986.0
2025-06-11 13:33:00+00:00,42860.5390625,42869.80859375,42851.9609375,42853.16015625,2434634.0
2025-06-11 13:34:00+00:00,42839.1796875,42857.0,42828.19921875,42857.0,1862932.0
2025-06-11 13:35:00+00:00,42814.62890625,42845.12890625,42812.94921875,42838.58984375,2574785.0
2025-06-11 13:36:00+00:00,42831.1484375,42832.66015625,42801.62109375,42814.03125,2692535.0
2025-06-11 13:37:00+00:00,42823.6484375,42833.1796875,42818.078125,42830.890625,1899617.0
2025-06-11 13:38:00+00:00,42820.01953125,42828.83984375,42815.80859375,42827.7109375,1933996.0
2025-06-11 13:39:00+00:00,42838.05859375,42838.80078125,42821.71875,42822.28125,1815918.0
2025-06-11 13:40:00+00:00,42851.0,42851.0,42828.98828125,42836.890625,1838894.0
2025-06-11 13:41:00+00:00,42858.83984375,42865.80078125,42847.6484375,42850.41015625,2124692.0
2025-06-11 13:42:00+00:00,42868.98828125,42870.62890625,42851.44140625,42855.87890625,1756817.0
2025-06-11 13:43:00+00:00,42872.37109375,42879.8984375,42860.609375,42867.94921875,1711557.0
2025-06-11 13:44:00+00:00,42885.078125,42888.51953125,42868.6484375,42872.94140625,1618658.0
2025-06-11 13:45:00+00:00,42882.48828125,42884.1484375,42872.51171875,42884.1484375,1901569.0
2025-06-11 13:46:00+00:00,42846.58984375,42883.578125,42841.75,42882.76171875,2133452.0
2025-06-11 13:47:00+00:00,42845.83984375,42846.8203125,42832.8203125,42846.5,1762175.0
2025-06-11 13:48:00+00:00,42873.890625,42878.37890625,42849.6796875,42849.6796875,1653783.0
2025-06-11 13:49:00+00:00,42883.7890625,42888.4609375,42863.1484375,42872.5,1647898.0
2025-06-11 13:50:00+00:00,42879.69921875,42889.87890625,42874.6015625,42883.390625,1522042.0
2025-06-11 13:51:00+00:00,42902.25,42903.8984375,42876.44921875,42879.03125,1579017.0
2025-06-11 13:52:00+00:00,42916.51171875,42917.859375,42897.828125,42902.1484375,1241395.0
2025-06-11 13:53:00+00:00,42934.83984375,42936.41015625,42916.12109375,42917.69921875,1301819.0
2025-06-11 13:54:00+00:00,42916.83984375,42937.01953125,42912.828125,42934.75,1260039.0
2025-06-11 13:55:00+00:00,42930.19140625,42931.16015625,42907.828125,42915.87890625,1467706.0
2025-06-11 13:56:00+00:00,42943.96875,42950.9296875,42928.578125,42931.0,1258822.0
2025-06-11 13:57:00+00:00,42932.58984375,42945.44921875,42932.44921875,42945.2890625,1015785.0
2025-06-11 13:58:00+00:00,42946.609375,42947.8984375,42932.5703125,42932.578125,965858.0
2025-06-11 13:59:00+00:00,42935.08984375,42946.94140625,42929.12109375,42946.94140625,975874.0
2025-06-11 14:00:00+00:00,42949.1484375,42950.48046875,42936.19140625,42936.19140625,1832691.0
2025-06-11 14:01:00+00:00,42930.640625,42930.640625,42928.62109375,42928.62109375,1820038.0
2025-06-11 14:02:00+00:00,42928.171875,42935.578125,42921.58984375,42931.4609375,1096902.0
2025-06-11 14:03:00+00:00,42923.62890625,42929.05859375,42917.26171875,42927.921875,970949.0
2025-06-11 14:04:00+00:00,42911.51953125,42922.94921875,42905.91015625,42921.30078125,1048750.0
2025-06-11 14:05:00+00:00,42899.48046875,42922.609375,42896.94921875,42912.8203125,1024216.0
2025-06-11 14:06:00+00:00,42907.37890625,42907.37890625,42891.859375,42899.4609375,952002.0
2025-06-11 14:07:00+00:00,42909.109375,42924.578125,42907.53125,42907.53125,1264524.0
2025-06-11 14:08:00+00:00,42918.8984375,42921.01953125,42900.9296875,42909.46875,1191355.0
2025-06-11 14:09:00+00:00,42935.421875,42935.421875,42917.21875,42918.80859375,1064409.0
2025-06-11 14:10:00+00:00,42931.4296875,42940.37109375,42929.078125,42935.26171875,969196.0
2025-06-11 14:11:00+00:00,42916.26171875,42936.12890625,42916.26171875,42931.73828125,1502003.0
2025-06-11 14:12:00+00:00,42922.890625,42926.12109375,42914.359375,42916.2109375,1239216.0
2025-06-11 14:13:00+00:00,42924.87890625,42926.62890625,42917.2890625,42921.69921875,882140.0
2025-06-11 14:14:00+00:00,42921.171875,42930.55078125,42920.1796875,42926.94140625,1083763.0
2025-06-11 14:15:00+00:00,42927.2109375,42929.05859375,42920.46875,42922.921875,893909.0
2025-06-11 14:16:00+00:00,42961.26953125,42962.19140625,42926.73828125,42926.9296875,954026.0
2025-06-11 14:17:00+00:00,42956.87109375,42965.05078125,42952.578125,42960.01171875,910007.0
2025-06-11 14:18:00+00:00,42967.21875,42967.21875,42953.078125,42957.23046875,979693.0
2025-06-11 14:19:00+00:00,42988.83984375,42988.83984375,42965.55078125,42966.66015625,1100472.0
2025-06-11 14:20:00+00:00,42995.76171875,43002.5,42987.46875,42988.05078125,1218034.0
2025-06-11 14:21:00+00:00,42986.6484375,42995.71875,42986.6484375,42994.69921875,1413232.0
2025-06-11 14:22:00+00:00,42981.19140625,42990.7890625,42979.53125,42985.1015625,1751644.0
2025-06-11 14:23:00+00:00,43001.48828125,43003.80078125,42982.9609375,42982.9609375,993978.0
2025-06-11 14:24:00+00:00,42989.5703125,43006.328125,42989.5703125,43003.7109375,1139108.0
2025-06-11 14:25:00+00:00,42999.859375,43000.33984375,42989.140625,42989.140625,1237663.0
2025-06-11 14:26:00+00:00,42997.828125,43004.69921875,42994.1796875,42999.87109375,1042563.0
2025-06-11 14:27:00+00:00,43014.6015625,43014.6015625,42997.37109375,42997.37109375,1286183.0
2025-06-11 14:28:00+00:00,43006.0703125,43015.94140625,43003.48828125,43014.4609375,1156792.0
2025-06-11 14:29:00+00:00,43012.28125,43018.87109375,43006.1015625,43006.1015625,876103.0
2025-06-11 14:30:00+00:00,43011.48046875,43016.640625,43009.53125,43012.62109375,1269991.0
2025-06-11 14:31:00+00:00,42998.3515625,43015.9296875,42997.62109375,43011.96875,1162743.0
2025-06-11 14:32:00+00:00,42995.94921875,42997.9296875,42989.46875,42997.171875,1077469.0
2025-06-11 14:33:00+00:00,42987.98828125,43001.8203125,42987.98828125,42995.859375,969482.0
2025-06-11 14:34:00+00:00,42989.19140625,42989.19140625,42988.28125,42988.28125,49807.0
2025-06-11 14:35:00+00:00,43002.12890625,43002.98828125,43001.05078125,43001.05078125,1509785.0
2025-06-11 14:36:00+00:00,42991.26953125,42991.26953125,42991.26953125,42991.26953125,627720.0
2025-06-11 14:37:00+00:00,42991.53125,42991.53125,42991.53125,42991.53125,1616334.0
2025-06-11 14:38:00+00:00,42999.71875,42999.7890625,42994.12890625,42995.58984375,1615778.0
2025-06-11 14:39:00+00:00,43006.8515625,43011.23046875,43000.30078125,43000.30078125,1043130.0
2025-06-11 14:40:00+00:00,43003.30859375,43008.30859375,43001.51953125,43007.3515625,1103097.0
2025-06-11 14:41:00+00:00,43006.8984375,43010.21875,43000.76953125,43002.23046875,1080789.0
2025-06-11 14:42:00+00:00,42992.0,43006.80859375,42991.8203125,43006.80859375,1176743.0
2025-06-11 14:43:00+00:00,42994.23046875,42994.7890625,42987.55859375,42991.08984375,961531.0
2025-06-11 14:44:00+00:00,43015.87890625,43016.51171875,43013.21875,43013.7109375,898235.0
2025-06-11 14:45:00+00:00,43022.48046875,43022.48046875,43007.25,43015.5,918016.0
2025-06-11 14:46:00+00:00,43027.53125,43032.2109375,43017.921875,43022.26171875,960115.0
2025-06-11 14:47:00+00:00,43031.9609375,43032.12890625,43025.4296875,43027.23046875,921296.0
2025-06-11 14:48:00+00:00,43044.671875,43044.671875,43029.7109375,43032.44140625,749429.0
2025-06-11 14:49:00+00:00,43030.98046875,43045.890625,43029.8515625,43044.96875,829212.0
2025-06-11 14:50:00+00:00,43029.23046875,43037.69921875,43028.80859375,43030.44921875,677980.0
2025-06-11 14:51:00+00:00,43023.30859375,43029.48046875,43023.30859375,43029.48046875,916593.0
2025-06-11 14:52:00+00:00,43034.48828125,43034.78125,43019.76171875,43023.5703125,1207772.0
2025-06-11 14:53:00+00:00,43034.8515625,43036.0703125,43034.578125,43035.4296875,75638.0
2025-06-11 14:54:00+00:00,43031.12890625,43033.71875,43031.12890625,43033.71875,1187631.0
2025-06-11 14:56:00+00:00,43056.33984375,43056.33984375,43055.94921875,43055.94921875,1785893.0
2025-06-11 14:57:00+00:00,43055.921875,43059.16015625,43055.921875,43056.33984375,59440.0
2025-06-11 14:59:00+00:00,43024.76171875,43024.76171875,43020.859375,43021.21875,1974817.0
2025-06-11 15:01:00+00:00,43045.4609375,43050.83984375,43044.69921875,43045.16015625,2248488.0
2025-06-11 15:02:00+00:00,43046.91015625,43048.078125,43042.94921875,43045.30078125,850052.0
2025-06-11 15:03:00+00:00,43044.4609375,43047.4609375,43040.94921875,43046.9609375,730895.0
2025-06-11 15:04:00+00:00,43050.51171875,43051.7890625,43043.83984375,43044.8984375,708153.0
2025-06-11 15:05:00+00:00,43047.78125,43051.05859375,43045.80078125,43050.58984375,707916.0
2025-06-11 15:06:00+00:00,43041.76171875,43049.46875,43040.9296875,43047.26171875,891858.0
2025-06-11 15:07:00+00:00,43035.41015625,43045.62109375,43033.19140625,43041.94140625,756217.0
2025-06-11 15:08:00+00:00,43016.140625,43036.3515625,43016.140625,43036.3515625,475496.0
2025-06-11 15:10:00+00:00,42991.01171875,42991.01171875,42985.41015625,42985.41015625,4816893.0
2025-06-11 15:11:00+00:00,43010.9296875,43011.671875,43008.75,43008.91015625,2044927.0
2025-06-11 15:12:00+00:00,43019.16015625,43019.16015625,43007.8203125,43011.9609375,1172395.0
2025-06-11 15:13:00+00:00,43011.62890625,43027.96875,43004.80078125,43017.55859375,964528.0
2025-06-11 15:14:00+00:00,43013.2109375,43013.44140625,43007.171875,43011.69140625,751329.0
2025-06-11 15:15:00+00:00,43019.01953125,43023.828125,43012.1796875,43012.8203125,936118.0
2025-06-11 15:16:00+00:00,43036.05859375,43037.3203125,43019.3203125,43019.78125,818576.0
2025-06-11 15:17:00+00:00,43036.94140625,43041.41015625,43033.921875,43035.87890625,869573.0
2025-06-11 15:18:00+00:00,43038.76171875,43042.28125,43032.9296875,43037.05859375,780022.0
2025-06-11 15:19:00+00:00,43044.55859375,43046.12109375,43039.1796875,43039.1796875,548311.0
2025-06-11 15:20:00+00:00,43035.66015625,43044.30078125,43034.6796875,43043.8984375,763871.0
2025-06-11 15:21:00+00:00,43030.03125,43036.30078125,43026.76171875,43036.30078125,702447.0
2025-06-11 15:22:00+00:00,43033.21875,43035.8203125,43024.3515625,43030.01953125,672874.0
2025-06-11 15:23:00+00:00,43025.8515625,43033.25,43024.5,43033.25,612873.0
2025-06-11 15:25:00+00:00,43022.58984375,43022.73828125,43020.9296875,43022.23046875,2185976.0
2025-06-11 15:28:00+00:00,43026.890625,43028.37890625,43026.890625,43028.2890625,1790703.0
2025-06-11 15:30:00+00:00,43013.76171875,43013.76171875,43010.890625,43010.890625,1879585.0
2025-06-11 15:33:00+00:00,43018.390625,43021.28125,43018.12890625,43020.890625,1449853.0
2025-06-11 15:34:00+00:00,43020.6796875,43023.87890625,43020.37109375,43023.0703125,1070289.0
2025-06-11 15:35:00+00:00,43029.359375,43029.359375,43018.37890625,43020.4609375,618672.0
2025-06-11 15:36:00+00:00,43031.578125,43032.80078125,43026.890625,43029.359375,702352.0
2025-06-11 15:37:00+00:00,43039.44140625,43040.94140625,43032.83984375,43033.328125,489470.0
2025-06-11 15:38:00+00:00,43037.55859375,43048.0390625,43036.80078125,43039.33984375,641235.0
2025-06-11 15:39:00+00:00,43026.51171875,43040.05078125,43026.51171875,43037.1015625,734501.0
2025-06-11 15:40:00+00:00,43036.98828125,43037.37109375,43025.83984375,43026.19140625,660516.0
2025-06-11 15:41:00+00:00,43033.80859375,43038.1484375,43033.62890625,43038.1484375,642190.0
2025-06-11 15:42:00+00:00,43023.4609375,43033.69921875,43022.28125,43033.69921875,692836.0
2025-06-11 15:43:00+00:00,43028.23046875,43031.21875,43021.37109375,43022.8984375,742214.0
2025-06-11 15:44:00+00:00,43019.76171875,43029.2890625,43017.7890625,43028.91015625,842233.0
2025-06-11 15:45:00+00:00,43025.05078125,43025.078125,43018.5,43018.5,546209.0
2025-06-11 15:46:00+00:00,43030.12890625,43030.12890625,43021.44140625,43024.73046875,1012697.0
2025-06-11 15:47:00+00:00,43024.69140625,43033.21875,43024.69140625,43030.1484375,758917.0
2025-06-11 15:48:00+00:00,42999.421875,43024.48046875,42995.23046875,43024.37890625,1063160.0
2025-06-11 15:49:00+00:00,43012.46875,43012.46875,42989.859375,42999.328125,903019.0
2025-06-11 15:50:00+00:00,43010.87890625,43016.5703125,43008.48828125,43012.48828125,665763.0
2025-06-11 15:51:00+00:00,43029.26953125,43032.76171875,43009.87109375,43010.8203125,654401.0
2025-06-11 15:52:00+00:00,43032.94140625,43034.78125,43029.23828125,43029.23828125,521899.0
2025-06-11 15:53:00+00:00,43042.30859375,43042.30859375,43032.0390625,43033.87109375,648156.0
2025-06-11 15:54:00+00:00,43047.83984375,43050.05859375,43042.328125,43042.62109375,648061.0
2025-06-11 15:55:00+00:00,43024.76171875,43047.94140625,43024.421875,43047.94140625,599479.0
2025-06-11 15:56:00+00:00,43022.58984375,43027.421875,43021.2109375,43022.94140625,497059.0
2025-06-11 15:58:00+00:00,43014.5,43019.55859375,43009.109375,43019.55859375,1225029.0
2025-06-11 15:59:00+00:00,43018.4609375,43019.87890625,43010.578125,43015.69921875,619274.0
2025-06-11 16:00:00+00:00,43029.1796875,43029.1796875,43017.44140625,43017.6015625,553255.0
2025-06-11 16:01:00+00:00,43016.12109375,43030.5,43015.390625,43029.359375,821489.0
2025-06-11 16:02:00+00:00,43004.48046875,43016.23046875,43003.53125,43016.23046875,2578606.0
2025-06-11 16:03:00+00:00,42998.26953125,43002.9609375,42998.26953125,43002.9609375,789196.0
2025-06-11 16:04:00+00:00,42981.94140625,42998.1484375,42980.87890625,42998.1484375,961589.0
2025-06-11 16:05:00+00:00,42976.12890625,42984.48828125,42967.37109375,42982.1796875,823328.0
2025-06-11 16:06:00+00:00,42959.87109375,42977.9609375,42956.26953125,42976.109375,950939.0
2025-06-11 16:07:00+00:00,42950.46875,42959.05078125,42930.98828125,42959.05078125,1155112.0
2025-06-11 16:08:00+00:00,42948.96875,42955.75,42947.3203125,42952.75,624558.0
2025-06-11 16:09:00+00:00,42965.7109375,42968.28125,42949.171875,42949.171875,704335.0
2025-06-11 16:10:00+00:00,42948.87109375,42966.01171875,42948.7109375,42966.01171875,1331145.0
2025-06-11 16:11:00+00:00,42947.01171875,42947.87890625,42934.48828125,42947.69921875,1026105.0
2025-06-11 16:12:00+00:00,42960.16015625,42960.16015625,42946.73046875,42946.98046875,946716.0
2025-06-11 16:13:00+00:00,42978.37109375,42978.73828125,42959.5703125,42959.71875,796274.0
2025-06-11 16:14:00+00:00,42963.5703125,42979.62890625,42960.53125,42978.51171875,816984.0
2025-06-11 16:15:00+00:00,42973.609375,42976.28125,42962.9296875,42963.640625,780832.0
2025-06-11 16:16:00+00:00,42972.140625,42973.671875,42965.12109375,42973.58984375,612635.0
2025-06-11 16:18:00+00:00,42957.62109375,42957.62109375,42957.16015625,42957.16015625,1783972.0
2025-06-11 16:19:00+00:00,42943.51171875,42959.69140625,42936.3203125,42957.6015625,988346.0
2025-06-11 16:20:00+00:00,42950.73046875,42950.73046875,42942.51171875,42944.19140625,1434434.0
2025-06-11 16:21:00+00:00,42949.73828125,42951.05859375,42936.921875,42950.421875,1308890.0
2025-06-11 16:22:00+00:00,42947.1796875,42954.55859375,42944.01171875,42949.30859375,863720.0
2025-06-11 16:23:00+00:00,42959.87890625,42963.1796875,42948.1796875,42948.23828125,895647.0
2025-06-11 16:24:00+00:00,42954.921875,42961.26953125,42952.33984375,42960.5390625,645624.0
2025-06-11 16:25:00+00:00,42968.1484375,42968.1484375,42955.37109375,42955.37109375,728138.0
2025-06-11 16:26:00+00:00,42973.21875,42974.578125,42965.2109375,42968.328125,784083.0
2025-06-11 16:27:00+00:00,42987.9296875,42989.5390625,42973.83984375,42973.83984375,717520.0
2025-06-11 16:28:00+00:00,42988.55078125,42996.98046875,42988.08984375,42988.37109375,808135.0
2025-06-11 16:29:00+00:00,42991.41015625,42991.41015625,42986.41015625,42988.578125,554196.0
2025-06-11 16:30:00+00:00,43002.578125,43008.921875,42991.12109375,42991.12109375,754392.0
2025-06-11 16:31:00+00:00,43023.30859375,43023.44921875,43002.05859375,43002.53125,1706738.0
2025-06-11 16:32:00+00:00,43007.30859375,43025.76171875,43003.328125,43023.76171875,704001.0
2025-06-11 16:33:00+00:00,43002.5390625,43007.828125,43000.71875,43007.03125,664782.0
2025-06-11 16:34:00+00:00,43005.73828125,43010.33984375,43002.69921875,43002.69921875,774211.0
2025-06-11 16:35:00+00:00,42979.98828125,43005.96875,42979.98828125,43005.69921875,492858.0
2025-06-11 16:36:00+00:00,42967.171875,42976.01171875,42963.26953125,42975.73046875,697889.0
2025-06-11 16:37:00+00:00,42961.48828125,42967.51171875,42960.37109375,42967.19140625,508309.0
2025-06-11 16:38:00+00:00,42980.23046875,42980.23046875,42959.9296875,42961.5703125,643406.0
2025-06-11 16:39:00+00:00,42971.26171875,42980.69921875,42971.01953125,42979.87109375,454503.0
2025-06-11 16:40:00+00:00,42966.53125,42968.30859375,42960.98828125,42966.98828125,444595.0
2025-06-11 16:41:00+00:00,42960.58984375,42966.55859375,42959.421875,42966.55859375,397654.0
2025-06-11 16:42:00+00:00,42963.98046875,42965.51171875,42959.5703125,42960.53125,501041.0
2025-06-11 16:43:00+00:00,42987.58984375,42987.58984375,42963.73828125,42963.73828125,514332.0
2025-06-11 16:44:00+00:00,42994.26171875,42996.01171875,42987.109375,42988.30078125,571639.0
2025-06-11 16:45:00+00:00,42992.23046875,42994.33984375,42986.73046875,42993.83984375,638335.0
2025-06-11 16:46:00+00:00,43006.91015625,43008.08984375,42992.03125,42992.46875,660627.0
2025-06-11 16:47:00+00:00,43018.69921875,43018.69921875,43007.80859375,43007.80859375,523177.0
2025-06-11 16:48:00+00:00,43022.62890625,43024.44921875,43018.859375,43018.859375,671840.0
2025-06-11 16:49:00+00:00,43017.1484375,43025.6796875,43017.1484375,43022.87890625,468588.0
2025-06-11 16:50:00+00:00,43018.8203125,43021.578125,43013.16015625,43017.0,446052.0
2025-06-11 16:51:00+00:00,43016.96875,43018.91015625,43014.48046875,43018.3203125,376309.0
2025-06-11 16:52:00+00:00,43013.359375,43022.8515625,43013.359375,43017.53125,452901.0
2025-06-11 16:53:00+00:00,43011.5703125,43013.3984375,43002.140625,43013.3984375,582899.0
2025-06-11 16:54:00+00:00,43015.30078125,43015.30078125,43011.62890625,43011.62890625,337914.0
2025-06-11 16:55:00+00:00,43009.48828125,43016.109375,43009.359375,43015.7109375,586873.0
2025-06-11 16:57:00+00:00,43008.8515625,43010.921875,43008.01953125,43008.3984375,954468.0
2025-06-11 16:58:00+00:00,43017.69140625,43017.921875,43007.921875,43009.44921875,361713.0
2025-06-11 16:59:00+00:00,43015.921875,43020.62890625,43013.37890625,43018.2890625,382545.0
2025-06-11 17:00:00+00:00,43008.6796875,43017.37890625,43007.109375,43015.171875,430658.0
2025-06-11 17:01:00+00:00,43012.73046875,43012.91015625,43007.69921875,43008.6484375,808252.0
2025-06-11 17:02:00+00:00,43037.109375,43037.94921875,43013.03125,43013.03125,843406.0
2025-06-11 17:03:00+00:00,43039.1015625,43040.2890625,43033.51171875,43037.19921875,592626.0
2025-06-11 17:04:00+00:00,43060.23046875,43060.37109375,43039.25,43039.578125,789768.0
2025-06-11 17:05:00+00:00,43045.69140625,43060.83984375,43040.33984375,43060.140625,797161.0
2025-06-11 17:06:00+00:00,43046.69921875,43052.55859375,43046.2890625,43046.7890625,509947.0
2025-06-11 17:07:00+00:00,43058.921875,43058.921875,43047.78125,43047.80078125,446492.0
2025-06-11 17:08:00+00:00,43065.66015625,43066.30859375,43058.76171875,43058.94921875,436120.0
2025-06-11 17:09:00+00:00,43072.75,43072.890625,43066.140625,43066.140625,482921.0
2025-06-11 17:10:00+00:00,43067.53125,43078.44140625,43067.53125,43073.30859375,718472.0
2025-06-11 17:11:00+00:00,43071.75,43073.01171875,43066.5,43067.01953125,453345.0
2025-06-11 17:12:00+00:00,43068.7109375,43077.8984375,43068.7109375,43071.5703125,527355.0
2025-06-11 17:13:00+00:00,43063.55859375,43070.1015625,43063.1484375,43068.01171875,547852.0
2025-06-11 17:14:00+00:00,43060.78125,43064.69921875,43060.69140625,43063.16015625,448235.0
2025-06-11 17:15:00+00:00,43060.16015625,43063.828125,43052.5703125,43061.359375,553488.0
2025-06-11 17:16:00+00:00,43071.69921875,43071.859375,43058.1015625,43060.30078125,521348.0
2025-06-11 17:17:00+00:00,43069.91015625,43075.8984375,43069.91015625,43071.55859375,565801.0
2025-06-11 17:18:00+00:00,43074.55859375,43074.921875,43068.0703125,43069.71875,399349.0
2025-06-11 17:19:00+00:00,43071.7890625,43077.94140625,43071.7890625,43074.2890625,358805.0
2025-06-11 17:20:00+00:00,43074.8984375,43074.8984375,43069.8515625,43071.30078125,360639.0
2025-06-11 17:21:00+00:00,43080.1015625,43081.3203125,43074.4296875,43074.87109375,360856.0
2025-06-11 17:22:00+00:00,43072.8984375,43080.46875,43071.0703125,43080.03125,482756.0
2025-06-11 17:23:00+00:00,43082.921875,43083.76953125,43082.578125,43083.05859375,424699.0
2025-06-11 17:24:00+00:00,43078.75,43084.890625,43077.51953125,43082.80078125,511813.0
2025-06-11 17:25:00+00:00,43102.01953125,43103.58984375,43078.78125,43078.78125,531026.0
2025-06-11 17:26:00+00:00,43105.0,43107.1484375,43101.44140625,43101.44140625,599190.0
2025-06-11 17:27:00+00:00,43108.890625,43112.1484375,43105.3203125,43105.890625,742354.0
2025-06-11 17:28:00+00:00,43105.8984375,43110.05859375,43103.71875,43108.33984375,440188.0
2025-06-11 17:29:00+00:00,43105.28125,43107.9609375,43101.16015625,43105.80859375,451454.0
2025-06-11 17:30:00+00:00,43110.71875,43111.1796875,43104.87890625,43105.26953125,603092.0
2025-06-11 17:31:00+00:00,43106.16015625,43115.69140625,43106.16015625,43111.01171875,396316.0
2025-06-11 17:32:00+00:00,43087.8515625,43106.62109375,43087.8515625,43106.05078125,496436.0
2025-06-11 17:33:00+00:00,43077.9609375,43087.73828125,43075.9609375,43087.25,552447.0
2025-06-11 17:34:00+00:00,43079.23828125,43081.01953125,43077.671875,43078.23828125,579877.0
2025-06-11 17:35:00+00:00,43074.19921875,43079.03125,43067.78125,43079.03125,852407.0
2025-06-11 17:36:00+00:00,43064.30859375,43075.26953125,43060.9296875,43073.71875,664532.0
2025-06-11 17:37:00+00:00,43078.2890625,43078.2890625,43063.4296875,43063.4609375,408383.0
2025-06-11 17:38:00+00:00,43073.7890625,43077.55859375,43070.69140625,43077.51171875,490168.0
2025-06-11 17:39:00+00:00,43069.5,43075.171875,43069.5,43074.01171875,475398.0
2025-06-11 17:40:00+00:00,43083.83984375,43085.51171875,43068.390625,43068.390625,503230.0
2025-06-11 17:42:00+00:00,43071.0390625,43071.87890625,43070.25,43070.5,879326.0
2025-06-11 17:43:00+00:00,43035.390625,43071.08984375,43035.390625,43071.08984375,928870.0
2025-06-11 17:44:00+00:00,43060.140625,43060.140625,43032.01171875,43035.2109375,827724.0
2025-06-11 17:45:00+00:00,43054.5,43061.12890625,43049.62890625,43059.921875,512170.0
2025-06-11 17:46:00+00:00,43048.51953125,43060.16015625,43048.51171875,43055.51171875,490471.0
2025-06-11 17:47:00+00:00,43040.80078125,43048.51953125,43038.859375,43048.51953125,605097.0
2025-06-11 17:48:00+00:00,43047.7890625,43051.3515625,43037.578125,43041.30859375,686023.0
2025-06-11 17:49:00+00:00,43040.58984375,43048.05078125,43036.8203125,43047.671875,596296.0
2025-06-11 17:50:00+00:00,43042.640625,43043.7109375,43023.26953125,43039.08984375,747628.0
2025-06-11 17:51:00+00:00,43042.19140625,43044.2890625,43037.5,43043.359375,501182.0
2025-06-11 17:52:00+00:00,43036.37109375,43043.30859375,43031.7109375,43040.890625,618930.0
2025-06-11 17:53:00+00:00,43037.98046875,43040.03125,43033.58984375,43037.9609375,693862.0
2025-06-11 17:54:00+00:00,43038.4609375,43042.640625,43035.01953125,43037.98046875,419172.0
2025-06-11 17:55:00+00:00,43026.44921875,43047.8984375,43026.28125,43038.98046875,697800.0
2025-06-11 17:56:00+00:00,43024.30078125,43028.62890625,43020.71875,43027.3203125,489932.0
2025-06-11 17:57:00+00:00,43011.83984375,43024.80078125,43011.83984375,43024.80078125,461423.0
2025-06-11 17:58:00+00:00,42997.80859375,43014.51953125,42995.6796875,43012.421875,782617.0
2025-06-11 17:59:00+00:00,42991.87890625,42999.23046875,42986.6484375,42997.7109375,880026.0
2025-06-11 18:00:00+00:00,43001.87109375,43005.03125,42985.1015625,42991.51953125,749751.0
2025-06-11 18:01:00+00:00,42962.23828125,43002.19140625,42960.87109375,43002.19140625,1578032.0
2025-06-11 18:02:00+00:00,42932.8984375,42962.48828125,42921.578125,42962.48828125,1628742.0
2025-06-11 18:03:00+00:00,42890.05078125,42934.12890625,42887.19140625,42932.7890625,1332859.0
2025-06-11 18:04:00+00:00,42878.0390625,42890.30859375,42839.46875,42890.30859375,1808985.0
2025-06-11 18:05:00+00:00,42890.01953125,42890.21875,42870.19921875,42878.30859375,1121470.0
2025-06-11 18:06:00+00:00,42909.78125,42912.37109375,42892.140625,42892.140625,888190.0
2025-06-11 18:07:00+00:00,42890.33984375,42913.4609375,42882.6484375,42909.4296875,842088.0
2025-06-11 18:08:00+00:00,42911.69921875,42916.01953125,42889.05859375,42891.33984375,738878.0
2025-06-11 18:09:00+00:00,42907.12890625,42918.0703125,42906.98046875,42910.53125,767260.0
2025-06-11 18:10:00+00:00,42889.73828125,42906.828125,42870.73046875,42906.828125,1146785.0
2025-06-11 18:11:00+00:00,42879.1015625,42892.8515625,42879.1015625,42889.75,578049.0
2025-06-11 18:12:00+00:00,42863.171875,42875.51171875,42863.171875,42874.19140625,661538.0
2025-06-11 18:13:00+00:00,42860.1484375,42865.69140625,42853.37890625,42863.0703125,806439.0
2025-06-11 18:14:00+00:00,42835.08984375,42860.05078125,42834.3515625,42860.05078125,1095637.0
2025-06-11 18:15:00+00:00,42804.640625,42830.0,42788.73046875,42830.0,1704673.0
2025-06-11 18:16:00+00:00,42768.48046875,42804.6796875,42767.94921875,42804.6796875,1143326.0
2025-06-11 18:17:00+00:00,42786.78125,42787.46875,42738.62109375,42763.19921875,1857603.0
2025-06-11 18:18:00+00:00,42787.66015625,42816.91015625,42784.98046875,42786.37109375,1039315.0
2025-06-11 18:19:00+00:00,42799.46875,42799.48046875,42785.5703125,42787.69140625,765771.0
2025-06-11 18:20:00+00:00,42821.30078125,42821.328125,42799.73828125,42799.73828125,799675.0
2025-06-11 18:21:00+00:00,42811.921875,42833.671875,42810.87109375,42821.078125,839913.0
2025-06-11 18:22:00+00:00,42809.12109375,42818.171875,42807.37109375,42812.33984375,808365.0
2025-06-11 18:23:00+00:00,42831.26953125,42831.62890625,42807.03125,42808.9296875,725735.0
2025-06-11 18:24:00+00:00,42838.828125,42847.44140625,42830.1015625,42831.37109375,740328.0
2025-06-11 18:25:00+00:00,42838.87109375,42845.4296875,42838.71875,42838.71875,657947.0
2025-06-11 18:26:00+00:00,42819.80859375,42852.76953125,42819.80859375,42839.0703125,880855.0
2025-06-11 18:27:00+00:00,42822.640625,42831.4296875,42813.41015625,42819.78125,682280.0
2025-06-11 18:28:00+00:00,42831.1015625,42831.28125,42814.8984375,42822.8984375,599997.0
2025-06-11 18:29:00+00:00,42824.5390625,42829.44140625,42823.08984375,42829.44140625,523841.0
2025-06-11 18:30:00+00:00,42795.71875,42824.890625,42795.6796875,42824.890625,899803.0
2025-06-11 18:31:00+00:00,42847.2109375,42849.890625,42774.3515625,42783.80078125,1817878.0
2025-06-11 18:32:00+00:00,42861.73046875,42863.37890625,42848.921875,42849.96875,992862.0
2025-06-11 18:33:00+00:00,42863.8203125,42872.26171875,42860.5703125,42861.3515625,616822.0
2025-06-11 18:34:00+00:00,42862.58984375,42870.23828125,42859.6015625,42863.8203125,670674.0
2025-06-11 18:35:00+00:00,42843.7890625,42862.76171875,42843.1796875,42862.76171875,682717.0
2025-06-11 18:36:00+00:00,42864.05078125,42864.1484375,42843.75,42843.75,646246.0
2025-06-11 18:37:00+00:00,42873.9609375,42878.16015625,42872.4609375,42876.62890625,712968.0
2025-06-11 18:38:00+00:00,42896.23046875,42896.23046875,42873.26171875,42873.26171875,576548.0
2025-06-11 18:39:00+00:00,42887.62890625,42895.87890625,42887.62890625,42895.87890625,536936.0
2025-06-11 18:40:00+00:00,42887.25,42890.171875,42885.26953125,42887.5390625,548198.0
2025-06-11 18:41:00+00:00,42880.69140625,42888.87890625,42875.578125,42887.1796875,660031.0
2025-06-11 18:42:00+00:00,42875.8203125,42881.859375,42872.828125,42880.21875,597382.0
2025-06-11 18:43:00+00:00,42918.69140625,42919.25,42875.23046875,42875.62109375,712676.0
2025-06-11 18:44:00+00:00,42923.62109375,42925.6015625,42916.66015625,42919.23828125,528059.0
2025-06-11 18:45:00+00:00,42911.6796875,42925.7890625,42910.53125,42923.1796875,570741.0
2025-06-11 18:46:00+00:00,42921.21875,42924.671875,42911.69140625,42911.69140625,472706.0
2025-06-11 18:47:00+00:00,42929.6796875,42929.6796875,42919.98046875,42921.1015625,471510.0
2025-06-11 18:48:00+00:00,42934.1015625,42935.4609375,42922.16015625,42928.3984375,435888.0
2025-06-11 18:49:00+00:00,42935.78125,42937.078125,42931.55859375,42934.2890625,515008.0
2025-06-11 18:50:00+00:00,42917.73828125,42935.828125,42915.46875,42935.828125,615347.0
2025-06-11 18:51:00+00:00,42923.28125,42931.5703125,42915.37109375,42917.37109375,649241.0
2025-06-11 18:52:00+00:00,42925.2109375,42925.73828125,42921.30078125,42922.6015625,561557.0
2025-06-11 18:53:00+00:00,42905.37890625,42926.80078125,42900.94921875,42925.19921875,813360.0
2025-06-11 18:54:00+00:00,42893.94140625,42898.3515625,42892.44921875,42892.80078125,865071.0
2025-06-11 18:55:00+00:00,42872.48828125,42893.98046875,42858.96875,42893.890625,1087849.0
2025-06-11 18:56:00+00:00,42853.21875,42872.66015625,42852.41015625,42872.66015625,791015.0
2025-06-11 18:57:00+00:00,42876.51171875,42876.51171875,42850.01171875,42854.171875,814968.0
2025-06-11 18:58:00+00:00,42866.328125,42875.28125,42861.33984375,42875.28125,651199.0
2025-06-11 18:59:00+00:00,42846.078125,42865.73828125,42844.30078125,42865.73828125,792412.0
2025-06-11 19:00:00+00:00,42817.41015625,42855.140625,42816.7109375,42846.05078125,1164531.0
2025-06-11 19:01:00+00:00,42833.2890625,42833.2890625,42810.3984375,42816.828125,822473.0
2025-06-11 19:02:00+00:00,42837.890625,42837.890625,42820.73046875,42832.1796875,683906.0
2025-06-11 19:03:00+00:00,42831.12890625,42837.671875,42827.28125,42837.671875,956403.0
2025-06-11 19:04:00+00:00,42820.3515625,42831.48828125,42818.30078125,42831.48828125,1046606.0
2025-06-11 19:05:00+00:00,42797.8515625,42821.94921875,42796.421875,42820.62890625,1257944.0
2025-06-11 19:06:00+00:00,42792.0703125,42798.0703125,42789.5,42797.69140625,731387.0
2025-06-11 19:07:00+00:00,42813.08984375,42814.0390625,42784.28125,42791.48046875,1061261.0
2025-06-11 19:08:00+00:00,42814.94921875,42817.73046875,42807.73828125,42813.98046875,673869.0
2025-06-11 19:09:00+00:00,42826.328125,42830.73046875,42812.25,42815.12890625,881287.0
2025-06-11 19:10:00+00:00,42820.69140625,42845.48046875,42820.6015625,42826.55859375,1002011.0
2025-06-11 19:11:00+00:00,42836.26171875,42842.12109375,42819.16015625,42820.44921875,706918.0
2025-06-11 19:12:00+00:00,42840.21875,42847.609375,42834.71875,42836.6015625,918968.0
2025-06-11 19:13:00+00:00,42842.48828125,42843.578125,42842.21875,42843.05859375,539506.0
2025-06-11 19:14:00+00:00,42844.80078125,42847.9609375,42839.421875,42842.5390625,575053.0
2025-06-11 19:15:00+00:00,42839.12109375,42845.30078125,42837.5390625,42844.76171875,883356.0
2025-06-11 19:16:00+00:00,42805.19921875,42840.109375,42804.9296875,42837.4609375,806755.0
2025-06-11 19:17:00+00:00,42818.9609375,42821.21875,42804.12890625,42805.48046875,828423.0
2025-06-11 19:18:00+00:00,42814.37109375,42818.30859375,42810.12109375,42818.30859375,787128.0
2025-06-11 19:19:00+00:00,42803.1015625,42815.4296875,42802.8515625,42814.53125,752354.0
2025-06-11 19:20:00+00:00,42802.5703125,42805.390625,42797.19921875,42802.69921875,722706.0
2025-06-11 19:21:00+00:00,42816.80078125,42819.2890625,42802.16015625,42802.55078125,789177.0
2025-06-11 19:22:00+00:00,42832.41015625,42834.01953125,42815.83984375,42815.83984375,787557.0
2025-06-11 19:23:00+00:00,42835.890625,42847.08984375,42833.21875,42834.2890625,882106.0
2025-06-11 19:24:00+00:00,42847.9296875,42852.83984375,42833.44140625,42835.58984375,839302.0
2025-06-11 19:25:00+00:00,42861.078125,42862.23828125,42847.12109375,42847.640625,940877.0
2025-06-11 19:26:00+00:00,42841.890625,42860.12109375,42808.109375,42860.12109375,2121900.0
2025-06-11 19:27:00+00:00,42826.5703125,42846.98828125,42825.69921875,42842.3515625,1156010.0
2025-06-11 19:28:00+00:00,42829.44140625,42838.46875,42819.62890625,42826.69921875,593143.0
2025-06-11 19:29:00+00:00,42816.6796875,42829.46875,42815.48046875,42829.46875,702694.0
2025-06-11 19:30:00+00:00,42822.5,42826.140625,42805.30078125,42817.0390625,815767.0
2025-06-11 19:31:00+00:00,42828.7890625,42841.26953125,42821.87890625,42822.48828125,1024766.0
2025-06-11 19:32:00+00:00,42804.2109375,42831.19921875,42804.2109375,42829.01171875,967358.0
2025-06-11 19:33:00+00:00,42785.2109375,42789.078125,42783.05078125,42789.078125,733861.0
2025-06-11 19:34:00+00:00,42771.3984375,42784.28125,42767.12890625,42784.28125,831750.0
2025-06-11 19:35:00+00:00,42779.12109375,42782.98828125,42767.30078125,42771.46875,869428.0
2025-06-11 19:36:00+00:00,42791.7890625,42791.7890625,42774.51171875,42778.890625,924204.0
2025-06-11 19:37:00+00:00,42805.6484375,42805.6484375,42788.73046875,42791.33984375,889565.0
2025-06-11 19:38:00+00:00,42817.62890625,42820.87109375,42798.58984375,42805.08984375,875212.0
2025-06-11 19:39:00+00:00,42819.359375,42829.01171875,42815.37109375,42817.7890625,869257.0
2025-06-11 19:40:00+00:00,42825.73828125,42829.5703125,42815.578125,42819.6796875,958272.0
2025-06-11 19:41:00+00:00,42819.73046875,42831.26171875,42819.46875,42825.71875,892663.0
2025-06-11 19:42:00+00:00,42801.140625,42821.80859375,42799.4609375,42821.46875,890460.0
2025-06-11 19:43:00+00:00,42828.0,42828.0,42800.58984375,42801.0,1195234.0
2025-06-11 19:44:00+00:00,42832.87890625,42834.03125,42826.30078125,42829.69140625,949556.0
2025-06-11 19:45:00+00:00,42839.23046875,42841.26953125,42832.23828125,42832.66015625,956547.0
2025-06-11 19:46:00+00:00,42835.2109375,42839.2890625,42820.94921875,42839.2890625,1183636.0
2025-06-11 19:47:00+00:00,42837.4296875,42850.37109375,42829.80859375,42835.1796875,1281605.0
2025-06-11 19:48:00+00:00,42826.5703125,42840.03125,42826.5703125,42837.12109375,850482.0
2025-06-11 19:49:00+00:00,42807.73046875,42826.140625,42804.98828125,42826.140625,1231484.0
2025-06-11 19:50:00+00:00,42838.8203125,42847.8203125,42804.98828125,42804.98828125,1896115.0
2025-06-11 19:51:00+00:00,42833.37109375,42839.0703125,42820.6484375,42839.01171875,1606623.0
2025-06-11 19:52:00+00:00,42852.03125,42858.23828125,42833.1484375,42833.1484375,1725999.0
2025-06-11 19:53:00+00:00,42853.671875,42858.640625,42837.30078125,42852.30078125,1979779.0
2025-06-11 19:54:00+00:00,42843.1796875,42860.609375,42843.1796875,42853.75,2352728.0
2025-06-11 19:55:00+00:00,42868.96875,42868.96875,42865.69140625,42865.69140625,3151720.0
2025-06-11 19:56:00+00:00,42866.390625,42875.26171875,42858.390625,42868.62109375,2739089.0
2025-06-11 19:57:00+00:00,42866.05859375,42880.171875,42863.828125,42867.05859375,3097374.0
2025-06-11 19:58:00+00:00,42864.9296875,42866.1484375,42853.16015625,42866.1484375,4154492.0
2025-06-11 19:59:00+00:00,42876.6484375,42884.1015625,42863.53125,42864.62890625,9283350.0
2025-06-12 13:30:00+00:00,42720.078125,42737.359375,42679.87109375,42737.359375,0.0
2025-06-12 13:31:00+00:00,42679.44921875,42728.7890625,42679.44921875,42722.890625,3517435.0
2025-06-12 13:32:00+00:00,42641.12109375,42681.7890625,42637.30078125,42680.46875,3005823.0
2025-06-12 13:33:00+00:00,42629.30859375,42645.0390625,42625.76171875,42641.171875,2253944.0
2025-06-12 13:34:00+00:00,42638.390625,42639.5,42627.9609375,42629.671875,2922394.0
2025-06-12 13:35:00+00:00,42634.8984375,42647.05078125,42620.48828125,42645.859375,2440851.0
2025-06-12 13:36:00+00:00,42609.0390625,42637.140625,42606.421875,42637.140625,2276046.0
2025-06-12 13:37:00+00:00,42627.890625,42629.44921875,42607.05078125,42609.140625,1872779.0
2025-06-12 13:38:00+00:00,42661.05859375,42665.94921875,42628.2890625,42629.58984375,2540083.0
2025-06-12 13:39:00+00:00,42651.2109375,42667.87890625,42644.9609375,42660.44921875,1729630.0
2025-06-12 13:40:00+00:00,42672.25,42683.6015625,42657.0,42657.0,2019068.0
2025-06-12 13:41:00+00:00,42671.75,42675.69140625,42659.78125,42673.5703125,1482692.0
2025-06-12 13:42:00+00:00,42667.55078125,42673.75,42664.3984375,42673.1484375,1447629.0
2025-06-12 13:43:00+00:00,42695.75,42699.9609375,42669.1484375,42669.37109375,1533896.0
2025-06-12 13:44:00+00:00,42680.37890625,42695.44140625,42677.51953125,42694.6796875,1711053.0
2025-06-12 13:45:00+00:00,42664.58984375,42684.12890625,42663.23828125,42681.3984375,1706171.0
2025-06-12 13:46:00+00:00,42658.80078125,42668.8203125,42656.48046875,42664.55078125,1599958.0
2025-06-12 13:47:00+00:00,42649.05078125,42667.94140625,42647.23828125,42659.98046875,1890231.0
2025-06-12 13:48:00+00:00,42676.19921875,42676.53125,42647.5,42650.19921875,1686111.0
2025-06-12 13:49:00+00:00,42683.51171875,42688.25,42675.55078125,42676.98828125,1497813.0
2025-06-12 13:50:00+00:00,42684.421875,42694.25,42680.78125,42683.98046875,1450494.0
2025-06-12 13:51:00+00:00,42693.96875,42694.37890625,42674.0703125,42684.078125,1473505.0
2025-06-12 13:52:00+00:00,42717.3984375,42717.3984375,42692.578125,42693.62890625,1315872.0
2025-06-12 13:53:00+00:00,42717.19140625,42722.1484375,42713.8984375,42716.87890625,980824.0
2025-06-12 13:54:00+00:00,42716.25,42733.5703125,42716.0390625,42716.0390625,1041437.0
2025-06-12 13:55:00+00:00,42686.48828125,42715.26171875,42678.69140625,42714.28125,1440203.0
2025-06-12 13:56:00+00:00,42718.140625,42718.51171875,42702.48046875,42708.4609375,1121607.0
2025-06-12 13:57:00+00:00,42721.3515625,42724.62109375,42717.28125,42718.41015625,1022166.0
2025-06-12 13:58:00+00:00,42697.51953125,42724.48046875,42697.01171875,42722.7890625,1267532.0
2025-06-12 13:59:00+00:00,42723.1015625,42723.1015625,42697.828125,42699.3984375,1274031.0
2025-06-12 14:00:00+00:00,42697.44921875,42729.2890625,42693.828125,42729.2890625,1749191.0
2025-06-12 14:01:00+00:00,42729.51953125,42729.51953125,42696.8984375,42696.8984375,1201141.0
2025-06-12 14:02:00+00:00,42732.91015625,42738.69921875,42728.9609375,42730.76171875,1279992.0
2025-06-12 14:03:00+00:00,42747.4609375,42750.48828125,42733.19140625,42733.19140625,1134037.0
2025-06-12 14:04:00+00:00,42740.26953125,42746.30078125,42739.76953125,42746.12890625,1202947.0
2025-06-12 14:05:00+00:00,42739.19140625,42741.8203125,42732.4609375,42737.859375,1559412.0
2025-06-12 14:06:00+00:00,42730.890625,42740.609375,42718.76953125,42739.859375,1220336.0
2025-06-12 14:07:00+00:00,42766.75,42767.62109375,42733.19140625,42733.19140625,1352743.0
2025-06-12 14:11:00+00:00,42865.76953125,42865.76953125,42865.76953125,42865.76953125,4483224.0
2025-06-12 14:12:00+00:00,42754.23828125,42762.3515625,42752.26171875,42753.609375,1900530.0
2025-06-12 14:13:00+00:00,42757.1796875,42762.3515625,42753.19140625,42754.2890625,1075835.0
2025-06-12 14:14:00+00:00,42778.33984375,42781.98828125,42755.48828125,42757.73828125,1094700.0
2025-06-12 14:15:00+00:00,42791.30859375,42793.01953125,42780.140625,42782.5390625,1368490.0
2025-06-12 14:16:00+00:00,42792.75,42793.94140625,42781.3203125,42791.9296875,1973272.0
2025-06-12 14:17:00+00:00,42829.25,42831.2109375,42789.19140625,42792.76171875,1413104.0
2025-06-12 14:18:00+00:00,42815.58984375,42834.0,42815.58984375,42828.171875,1309956.0
2025-06-12 14:19:00+00:00,42822.671875,42825.96875,42815.25,42816.80859375,1043494.0
2025-06-12 14:20:00+00:00,42831.140625,42833.55859375,42822.33984375,42822.33984375,1374359.0
2025-06-12 14:21:00+00:00,42827.98046875,42833.4609375,42824.75,42830.390625,1547761.0
2025-06-12 14:22:00+00:00,42820.0703125,42828.8203125,42813.1796875,42828.28125,1151547.0
2025-06-12 14:23:00+00:00,42839.33984375,42843.87890625,42820.0703125,42820.0703125,976006.0
2025-06-12 14:24:00+00:00,42832.390625,42839.5,42830.19140625,42839.5,1062478.0
2025-06-12 14:25:00+00:00,42822.828125,42836.12109375,42819.12890625,42833.87890625,1135233.0
2025-06-12 14:26:00+00:00,42848.37109375,42849.78125,42822.87890625,42823.03125,990048.0
2025-06-12 14:27:00+00:00,42859.48046875,42864.3203125,42849.76953125,42849.76953125,1033490.0
2025-06-12 14:28:00+00:00,42858.48046875,42860.51171875,42845.23046875,42845.23046875,1326346.0
2025-06-12 14:29:00+00:00,42851.94140625,42859.03125,42847.41015625,42857.7890625,1098445.0
2025-06-12 14:30:00+00:00,42849.16015625,42855.46875,42846.609375,42853.37890625,1059798.0
2025-06-12 14:31:00+00:00,42844.98828125,42864.171875,42844.98828125,42848.828125,1604185.0
2025-06-12 14:32:00+00:00,42848.078125,42848.80859375,42835.66015625,42845.91015625,1318653.0
2025-06-12 14:33:00+00:00,42857.83984375,42858.12890625,42848.109375,42848.33984375,1009958.0
2025-06-12 14:34:00+00:00,42855.53125,42860.01953125,42853.9296875,42857.9609375,1341068.0
2025-06-12 14:35:00+00:00,42854.87109375,42858.6484375,42852.328125,42854.30859375,1150432.0
2025-06-12 14:36:00+00:00,42870.4296875,42870.4296875,42855.08984375,42855.08984375,1015420.0
2025-06-12 14:37:00+00:00,42894.71875,42895.1484375,42869.62109375,42870.44921875,2173289.0
2025-06-12 14:38:00+00:00,42881.83984375,42896.44921875,42881.83984375,42894.3984375,1232929.0
2025-06-12 14:39:00+00:00,42882.390625,42883.171875,42880.28125,42881.578125,1240503.0
2025-06-12 14:40:00+00:00,42893.23828125,42895.80859375,42882.73828125,42882.96875,1528646.0
2025-06-12 14:41:00+00:00,42893.98046875,42895.1015625,42887.46875,42893.1484375,1299613.0
2025-06-12 14:42:00+00:00,42878.12109375,42893.3984375,42878.0390625,42893.19140625,1369484.0
2025-06-12 14:43:00+00:00,42883.55078125,42885.5703125,42877.921875,42877.921875,1343138.0
2025-06-12 14:44:00+00:00,42882.16015625,42883.921875,42876.46875,42883.53125,1110226.0
2025-06-12 14:45:00+00:00,42881.58984375,42885.5390625,42877.3515625,42881.91015625,966248.0
2025-06-12 14:46:00+00:00,42882.19921875,42884.58984375,42876.26953125,42881.51171875,1179545.0
2025-06-12 14:47:00+00:00,42895.73828125,42895.73828125,42882.328125,42882.328125,1066366.0
2025-06-12 14:48:00+00:00,42892.5703125,42897.91015625,42890.75,42895.03125,1113530.0
2025-06-12 14:49:00+00:00,42886.05078125,42892.609375,42880.41015625,42892.44140625,1399993.0
2025-06-12 14:50:00+00:00,42883.4609375,42888.62890625,42876.44921875,42885.26171875,2043755.0
2025-06-12 14:51:00+00:00,42881.19921875,42892.76953125,42879.05078125,42883.28125,1491673.0
2025-06-12 14:52:00+00:00,42881.25,42884.7890625,42879.328125,42880.87109375,1257553.0
2025-06-12 14:53:00+00:00,42884.01171875,42885.140625,42878.62890625,42880.37890625,1301015.0
2025-06-12 14:54:00+00:00,42874.2109375,42889.9609375,42873.7109375,42884.671875,1007228.0
2025-06-12 14:55:00+00:00,42874.46875,42874.46875,42871.1796875,42872.7109375,1079348.0
2025-06-12 14:56:00+00:00,42865.73828125,42876.73046875,42864.859375,42876.0,1030525.0
2025-06-12 14:57:00+00:00,42859.5390625,42869.62890625,42856.80078125,42864.26953125,893046.0
2025-06-12 14:58:00+00:00,42859.12109375,42864.69140625,42858.58984375,42861.80078125,895501.0
2025-06-12 14:59:00+00:00,42840.62109375,42856.890625,42839.87890625,42856.890625,980725.0
2025-06-12 15:00:00+00:00,42853.48046875,42853.48046875,42839.671875,42839.671875,1112949.0
2025-06-12 15:01:00+00:00,42862.05078125,42862.05078125,42842.890625,42854.109375,1325357.0
2025-06-12 15:02:00+00:00,42896.3984375,42897.9296875,42861.69921875,42863.62890625,1249733.0
2025-06-12 15:03:00+00:00,42882.3984375,42898.5,42882.171875,42894.75,1632140.0
2025-06-12 15:04:00+00:00,42891.6796875,42892.28125,42881.2109375,42882.69140625,1070979.0
2025-06-12 15:05:00+00:00,42894.859375,42898.80078125,42890.41015625,42891.23828125,1087789.0
2025-06-12 15:06:00+00:00,42889.1484375,42896.8515625,42885.66015625,42894.87109375,1164613.0
2025-06-12 15:07:00+00:00,42869.44921875,42889.390625,42868.890625,42889.390625,1145672.0
2025-06-12 15:08:00+00:00,42873.8984375,42875.9609375,42868.890625,42870.05859375,890231.0
2025-06-12 15:09:00+00:00,42878.55078125,42881.23828125,42871.12890625,42874.01171875,927246.0
2025-06-12 15:10:00+00:00,42872.51953125,42878.4296875,42866.8984375,42878.0703125,1018345.0
2025-06-12 15:11:00+00:00,42873.73046875,42877.03125,42871.98046875,42872.44140625,853867.0
2025-06-12 15:12:00+00:00,42882.33984375,42882.33984375,42873.23046875,42873.76953125,885924.0
2025-06-12 15:13:00+00:00,42880.62890625,42883.1484375,42876.6015625,42882.41015625,822406.0
2025-06-12 15:14:00+00:00,42891.421875,42895.6796875,42878.12109375,42880.421875,961139.0
2025-06-12 15:15:00+00:00,42886.73046875,42891.33984375,42883.25,42891.30859375,1031380.0
2025-06-12 15:16:00+00:00,42869.859375,42888.19921875,42869.859375,42886.91015625,1315555.0
2025-06-12 15:17:00+00:00,42852.3203125,42872.921875,42849.12109375,42869.66015625,1089257.0
2025-06-12 15:18:00+00:00,42842.51953125,42861.94921875,42842.51953125,42852.44140625,1164937.0
2025-06-12 15:19:00+00:00,42852.73046875,42855.6484375,42839.2890625,42842.8984375,994517.0
2025-06-12 15:20:00+00:00,42853.19140625,42856.3203125,42851.171875,42852.5,839818.0
2025-06-12 15:21:00+00:00,42845.80859375,42853.3515625,42843.609375,42853.3515625,801073.0
2025-06-12 15:22:00+00:00,42813.4609375,42830.5703125,42807.87890625,42829.05078125,1328041.0
2025-06-12 15:23:00+00:00,42823.25,42823.25,42786.640625,42811.94921875,2229995.0
2025-06-12 15:24:00+00:00,42800.23828125,42827.33984375,42800.23828125,42824.03125,856385.0
2025-06-12 15:25:00+00:00,42807.3515625,42807.3515625,42792.76171875,42800.66015625,995486.0
2025-06-12 15:26:00+00:00,42827.25,42827.25,42807.62109375,42807.8203125,1092550.0
2025-06-12 15:27:00+00:00,42806.91015625,42826.9296875,42805.69921875,42826.9296875,1285218.0
2025-06-12 15:28:00+00:00,42822.1484375,42822.2890625,42802.55078125,42806.30859375,1090271.0
2025-06-12 15:29:00+00:00,42843.96875,42844.8515625,42821.23046875,42822.23828125,897647.0
2025-06-12 15:30:00+00:00,42853.66015625,42854.0390625,42838.1796875,42845.08984375,819721.0
2025-06-12 15:31:00+00:00,42850.12890625,42853.55078125,42844.23828125,42853.55078125,966083.0
2025-06-12 15:32:00+00:00,42821.0703125,42849.30078125,42821.0703125,42848.1796875,827589.0
2025-06-12 15:33:00+00:00,42822.23046875,42829.44921875,42817.94140625,42821.41015625,665252.0
2025-06-12 15:34:00+00:00,42835.71875,42835.7890625,42820.16015625,42822.171875,619811.0
2025-06-12 15:35:00+00:00,42842.6015625,42844.69921875,42836.19140625,42836.19140625,552446.0
2025-06-12 15:36:00+00:00,42833.16015625,42844.21875,42833.16015625,42842.390625,879144.0
2025-06-12 15:37:00+00:00,42819.05859375,42833.171875,42814.9609375,42833.171875,748941.0
2025-06-12 15:38:00+00:00,42821.21875,42821.21875,42810.26171875,42819.578125,636353.0
2025-06-12 15:39:00+00:00,42816.7109375,42823.8984375,42813.2109375,42821.3203125,759768.0
2025-06-12 15:40:00+00:00,42817.3515625,42818.12890625,42812.73046875,42816.609375,1112106.0
2025-06-12 15:41:00+00:00,42833.75,42833.75,42816.8984375,42817.4296875,760864.0
2025-06-12 15:42:00+00:00,42820.30078125,42834.19140625,42819.41015625,42833.578125,736176.0
2025-06-12 15:44:00+00:00,42830.01953125,42835.9609375,42828.328125,42835.0703125,1033710.0
2025-06-12 15:45:00+00:00,42813.5390625,42830.4296875,42812.19921875,42828.78125,649735.0
2025-06-12 15:46:00+00:00,42809.4296875,42816.3984375,42808.9609375,42813.19140625,596045.0
2025-06-12 15:47:00+00:00,42804.5,42809.51953125,42802.078125,42809.51953125,552151.0
2025-06-12 15:48:00+00:00,42794.76953125,42804.80859375,42794.25,42804.578125,611163.0
2025-06-12 15:49:00+00:00,42803.859375,42806.7890625,42794.48046875,42795.01171875,612956.0
2025-06-12 15:50:00+00:00,42796.8515625,42806.921875,42796.5,42804.01953125,634049.0
2025-06-12 15:51:00+00:00,42812.859375,42812.859375,42793.01953125,42793.2890625,815977.0
2025-06-12 15:52:00+00:00,42824.21875,42825.640625,42812.12109375,42812.12109375,785808.0
2025-06-12 15:53:00+00:00,42813.05859375,42825.3515625,42813.05859375,42824.53125,687911.0
2025-06-12 15:54:00+00:00,42826.37890625,42826.37890625,42813.26171875,42813.69921875,629026.0
2025-06-12 15:55:00+00:00,42835.1015625,42835.328125,42827.359375,42827.37890625,555250.0
2025-06-12 15:56:00+00:00,42844.4296875,42844.6796875,42834.3203125,42834.3203125,676600.0
2025-06-12 15:57:00+00:00,42838.2890625,42845.80078125,42831.16015625,42844.37109375,812076.0
2025-06-12 15:58:00+00:00,42846.66015625,42846.66015625,42837.3984375,42837.921875,686695.0
2025-06-12 15:59:00+00:00,42849.7890625,42851.37109375,42846.109375,42846.3515625,489680.0
2025-06-12 16:00:00+00:00,42852.16015625,42853.30859375,42839.51171875,42849.76953125,871861.0
2025-06-12 16:01:00+00:00,42854.5390625,42859.640625,42852.0,42852.0,668830.0
2025-06-12 16:02:00+00:00,42848.890625,42856.12890625,42848.41015625,42854.03125,667096.0
2025-06-12 16:03:00+00:00,42838.171875,42852.1484375,42836.671875,42848.3203125,777114.0
2025-06-12 16:04:00+00:00,42813.890625,42838.609375,42806.26953125,42838.609375,1155029.0
2025-06-12 16:05:00+00:00,42829.94140625,42836.19921875,42814.16015625,42815.71875,926303.0
2025-06-12 16:06:00+00:00,42839.75,42844.37890625,42825.1796875,42830.2109375,890247.0
2025-06-12 16:07:00+00:00,42825.359375,42840.9296875,42809.828125,42839.8984375,949566.0
2025-06-12 16:08:00+00:00,42833.0,42836.078125,42824.25,42825.1015625,436269.0
2025-06-12 16:09:00+00:00,42854.8984375,42857.08984375,42832.4609375,42833.25,667111.0
2025-06-12 16:10:00+00:00,42858.94140625,42865.078125,42855.1015625,42855.21875,592435.0
2025-06-12 16:11:00+00:00,42871.48046875,42872.140625,42870.83984375,42872.140625,675848.0
2025-06-12 16:12:00+00:00,42887.0,42887.58984375,42872.6796875,42873.78125,620690.0
2025-06-12 16:13:00+00:00,42887.890625,42900.19140625,42882.859375,42886.8515625,953784.0
2025-06-12 16:14:00+00:00,42889.66015625,42890.1484375,42883.87890625,42888.23828125,403543.0
2025-06-12 16:15:00+00:00,42890.62890625,42895.76171875,42888.87890625,42889.578125,537308.0
2025-06-12 16:16:00+00:00,42895.80859375,42896.44921875,42889.87890625,42890.5703125,464379.0
2025-06-12 16:17:00+00:00,42877.48046875,42895.48046875,42876.421875,42895.48046875,519201.0
2025-06-12 16:18:00+00:00,42866.80859375,42881.7890625,42866.44921875,42877.48828125,718693.0
2025-06-12 16:19:00+00:00,42865.03125,42876.76953125,42865.03125,42867.640625,481939.0
2025-06-12 16:20:00+00:00,42862.6484375,42865.171875,42860.55078125,42865.0,499662.0
2025-06-12 16:21:00+00:00,42864.91015625,42867.33984375,42863.03125,42863.8984375,774711.0
2025-06-12 16:22:00+00:00,42851.98828125,42866.19921875,42851.98828125,42865.26953125,687783.0
2025-06-12 16:23:00+00:00,42832.94921875,42852.26171875,42832.1796875,42852.171875,947075.0
2025-06-12 16:24:00+00:00,42827.58984375,42832.828125,42820.328125,42832.828125,621217.0
2025-06-12 16:25:00+00:00,42826.73828125,42833.75,42823.62109375,42827.859375,476769.0
2025-06-12 16:26:00+00:00,42830.30078125,42830.30078125,42824.55859375,42828.078125,499703.0
2025-06-12 16:27:00+00:00,42860.73828125,42860.73828125,42829.2890625,42830.46875,759915.0
2025-06-12 16:28:00+00:00,42874.44140625,42875.01171875,42859.73046875,42860.62890625,711916.0
2025-06-12 16:29:00+00:00,42879.9296875,42884.921875,42876.19921875,42876.390625,730938.0
2025-06-12 16:30:00+00:00,42862.69921875,42880.01953125,42860.5,42880.01953125,699690.0
2025-06-12 16:31:00+00:00,42827.83984375,42870.328125,42826.23046875,42862.609375,1223828.0
2025-06-12 16:32:00+00:00,42856.7109375,42856.7109375,42826.03125,42826.1484375,729613.0
2025-06-12 16:33:00+00:00,42865.98046875,42865.98046875,42857.390625,42857.421875,509572.0
2025-06-12 16:34:00+00:00,42873.7109375,42878.46875,42867.25,42867.25,515363.0
2025-06-12 16:35:00+00:00,42890.578125,42891.6796875,42874.51953125,42874.578125,551992.0
2025-06-12 16:36:00+00:00,42895.859375,42895.859375,42886.25,42890.23046875,715004.0
2025-06-12 16:37:00+00:00,42891.98828125,42901.6015625,42890.5703125,42895.96875,570334.0
2025-06-12 16:38:00+00:00,42893.7890625,42894.87890625,42889.359375,42892.8203125,498146.0
2025-06-12 16:39:00+00:00,42913.55078125,42914.109375,42891.75,42893.3984375,903222.0
2025-06-12 16:40:00+00:00,42910.94921875,42913.44140625,42904.390625,42913.140625,787747.0
2025-06-12 16:41:00+00:00,42906.2890625,42912.94140625,42902.890625,42911.0703125,597426.0
2025-06-12 16:42:00+00:00,42904.8984375,42907.75,42904.078125,42905.328125,654004.0
2025-06-12 16:43:00+00:00,42898.421875,42904.03125,42891.08984375,42904.03125,623311.0
2025-06-12 16:44:00+00:00,42902.46875,42906.0390625,42897.51171875,42898.91015625,553430.0
2025-06-12 16:45:00+00:00,42907.23046875,42915.6484375,42902.23828125,42902.23828125,538975.0
2025-06-12 16:46:00+00:00,42905.4296875,42908.25,42901.9609375,42907.37890625,496930.0
2025-06-12 16:47:00+00:00,42889.5,42904.80859375,42888.69140625,42904.80859375,603709.0
2025-06-12 16:48:00+00:00,42895.671875,42895.671875,42886.28125,42889.5703125,571352.0
2025-06-12 16:49:00+00:00,42891.921875,42896.73828125,42890.1796875,42895.8515625,583564.0
2025-06-12 16:50:00+00:00,42899.46875,42899.46875,42888.4296875,42892.28125,689010.0
2025-06-12 16:51:00+00:00,42883.94921875,42899.4296875,42878.078125,42898.48046875,626356.0
2025-06-12 16:52:00+00:00,42885.3515625,42885.8984375,42881.078125,42884.41015625,488916.0
2025-06-12 16:53:00+00:00,42888.62890625,42892.75,42886.359375,42886.359375,441050.0
2025-06-12 16:54:00+00:00,42876.5,42889.7890625,42876.5,42888.08984375,453454.0
2025-06-12 16:55:00+00:00,42878.44921875,42878.640625,42870.83984375,42877.33984375,609810.0
2025-06-12 16:56:00+00:00,42876.69921875,42876.94921875,42874.94140625,42876.37890625,635659.0
2025-06-12 16:57:00+00:00,42879.3515625,42879.44921875,42872.109375,42876.55859375,678911.0
2025-06-12 16:58:00+00:00,42872.1796875,42879.578125,42867.3203125,42879.578125,588739.0
2025-06-12 16:59:00+00:00,42872.0390625,42876.69921875,42871.19140625,42871.55078125,664697.0
2025-06-12 17:00:00+00:00,42884.26171875,42884.51171875,42869.26953125,42872.01171875,654299.0
2025-06-12 17:01:00+00:00,42888.109375,42890.19921875,42880.5,42884.01171875,568410.0
2025-06-12 17:02:00+00:00,42896.1484375,42915.16015625,42888.109375,42888.109375,1069805.0
2025-06-12 17:03:00+00:00,42892.73828125,42904.4609375,42892.73828125,42896.23046875,631713.0
2025-06-12 17:04:00+00:00,42885.87890625,42897.37890625,42883.2890625,42892.9296875,524497.0
2025-06-12 17:05:00+00:00,42891.171875,42891.171875,42883.87109375,42886.03125,547479.0
2025-06-12 17:06:00+00:00,42892.37890625,42892.51171875,42886.30078125,42891.3515625,542759.0
2025-06-12 17:07:00+00:00,42900.44140625,42900.8515625,42892.5703125,42892.5703125,1117301.0
2025-06-12 17:08:00+00:00,42910.9296875,42915.5703125,42901.78125,42901.78125,657915.0
2025-06-12 17:09:00+00:00,42915.0390625,42916.12109375,42907.4609375,42910.80859375,474017.0
2025-06-12 17:10:00+00:00,42927.98828125,42928.609375,42913.73828125,42914.859375,561710.0
2025-06-12 17:11:00+00:00,42918.01171875,42927.76171875,42917.62890625,42927.46875,524129.0
2025-06-12 17:12:00+00:00,42913.98828125,42919.51953125,42911.9296875,42917.9609375,560570.0
2025-06-12 17:13:00+00:00,42913.359375,42916.16015625,42909.44140625,42914.2109375,463966.0
2025-06-12 17:14:00+00:00,42922.58984375,42922.58984375,42913.19140625,42914.328125,501636.0
2025-06-12 17:15:00+00:00,42924.30859375,42925.21875,42921.6015625,42922.6796875,465215.0
2025-06-12 17:16:00+00:00,42917.23828125,42925.58984375,42914.80859375,42923.37890625,531368.0
2025-06-12 17:17:00+00:00,42926.30078125,42927.5390625,42917.48046875,42917.48046875,548602.0
2025-06-12 17:18:00+00:00,42942.41015625,42942.41015625,42925.28125,42925.69140625,783773.0
2025-06-12 17:19:00+00:00,42937.2109375,42942.9296875,42936.6484375,42942.3515625,537561.0
2025-06-12 17:20:00+00:00,42929.3515625,42938.73046875,42927.8984375,42937.41015625,439047.0
2025-06-12 17:21:00+00:00,42926.96875,42929.69140625,42925.25,42929.69140625,463120.0
2025-06-12 17:22:00+00:00,42928.33984375,42932.37109375,42926.9609375,42926.9609375,731590.0
2025-06-12 17:23:00+00:00,42924.37109375,42927.87890625,42923.28125,42927.87890625,507773.0
2025-06-12 17:24:00+00:00,42923.87109375,42927.1484375,42922.26171875,42924.140625,499742.0
2025-06-12 17:25:00+00:00,42931.25,42933.87109375,42923.41015625,42923.83984375,474074.0
2025-06-12 17:26:00+00:00,42926.05859375,42931.66015625,42925.58984375,42930.6796875,504998.0
2025-06-12 17:27:00+00:00,42918.2890625,42927.0,42918.2890625,42926.05859375,547415.0
2025-06-12 17:28:00+00:00,42897.1015625,42918.75,42896.5,42918.75,556297.0
2025-06-12 17:29:00+00:00,42909.2890625,42909.96875,42896.1484375,42896.30078125,478484.0
2025-06-12 17:30:00+00:00,42924.12890625,42924.26171875,42908.03125,42908.69140625,625456.0
2025-06-12 17:31:00+00:00,42932.62890625,42933.33984375,42923.390625,42924.76171875,782506.0
2025-06-12 17:32:00+00:00,42937.6796875,42940.171875,42931.98046875,42932.69140625,652181.0
2025-06-12 17:33:00+00:00,42938.359375,42938.359375,42932.359375,42936.9296875,471437.0
2025-06-12 17:34:00+00:00,42944.05078125,42947.8515625,42938.66015625,42938.66015625,474654.0
2025-06-12 17:35:00+00:00,42937.921875,42945.1015625,42937.921875,42942.7890625,606842.0
2025-06-12 17:36:00+00:00,42931.44140625,42937.5,42927.01171875,42937.5,575345.0
2025-06-12 17:37:00+00:00,42941.19921875,42941.19921875,42927.62109375,42930.46875,501352.0
2025-06-12 17:38:00+00:00,42936.69921875,42940.8984375,42936.69921875,42940.87890625,513980.0
2025-06-12 17:39:00+00:00,42935.921875,42939.4296875,42934.58984375,42936.73046875,851292.0
2025-06-12 17:40:00+00:00,42936.26953125,42937.33984375,42930.73828125,42935.37109375,599617.0
2025-06-12 17:41:00+00:00,42939.73828125,42941.12890625,42933.76171875,42936.30859375,426322.0
2025-06-12 17:42:00+00:00,42936.58984375,42943.5390625,42934.19140625,42940.171875,453498.0
2025-06-12 17:43:00+00:00,42940.62109375,42942.37109375,42936.03125,42936.26953125,406054.0
2025-06-12 17:44:00+00:00,42939.05859375,42941.51953125,42936.5390625,42940.94140625,327726.0
2025-06-12 17:46:00+00:00,42938.01953125,42938.01953125,42927.171875,42929.921875,955630.0
2025-06-12 17:47:00+00:00,42942.48828125,42942.98046875,42937.2109375,42938.1796875,580295.0
2025-06-12 17:48:00+00:00,42932.21875,42942.33984375,42931.91015625,42942.33984375,435253.0
2025-06-12 17:49:00+00:00,42928.8203125,42932.828125,42926.03125,42932.828125,459024.0
2025-06-12 17:50:00+00:00,42937.421875,42939.94921875,42927.421875,42928.73828125,550287.0
2025-06-12 17:51:00+00:00,42940.390625,42942.390625,42935.98828125,42937.37109375,381565.0
2025-06-12 17:52:00+00:00,42940.7890625,42940.7890625,42935.98828125,42940.3515625,403568.0
2025-06-12 17:53:00+00:00,42938.46875,42940.9296875,42938.01171875,42940.69921875,353106.0
2025-06-12 17:54:00+00:00,42943.94921875,42944.3984375,42938.3984375,42938.58984375,414169.0
2025-06-12 17:55:00+00:00,42944.21875,42945.171875,42941.98828125,42943.94140625,395762.0
2025-06-12 17:56:00+00:00,42937.109375,42945.640625,42935.609375,42943.8203125,463899.0
2025-06-12 17:57:00+00:00,42924.96875,42937.2109375,42922.890625,42936.890625,496878.0
2025-06-12 17:58:00+00:00,42935.44921875,42936.640625,42923.140625,42924.78125,441391.0
2025-06-12 17:59:00+00:00,42932.03125,42936.890625,42932.0,42935.44921875,360033.0
2025-06-12 18:00:00+00:00,42937.71875,42938.0390625,42930.1015625,42932.1484375,925648.0
2025-06-12 18:01:00+00:00,42941.1015625,42942.37109375,42937.01171875,42938.51171875,475477.0
2025-06-12 18:02:00+00:00,42943.94921875,42943.94921875,42938.3984375,42940.9609375,533116.0
2025-06-12 18:03:00+00:00,42927.37890625,42943.58984375,42927.37890625,42943.08984375,564115.0
2025-06-12 18:04:00+00:00,42936.44140625,42937.44921875,42927.80078125,42927.80078125,441478.0
2025-06-12 18:05:00+00:00,42947.30859375,42947.30859375,42936.171875,42936.171875,1646315.0
2025-06-12 18:06:00+00:00,42950.8203125,42955.58984375,42945.98828125,42947.98046875,605199.0
2025-06-12 18:07:00+00:00,42942.3203125,42950.83984375,42941.5390625,42950.83984375,1065653.0
2025-06-12 18:08:00+00:00,42945.25,42945.25,42941.26171875,42942.44921875,862666.0
2025-06-12 18:09:00+00:00,42950.1484375,42953.1484375,42945.1015625,42945.2109375,782132.0
2025-06-12 18:10:00+00:00,42947.6796875,42951.55859375,42946.671875,42950.171875,626108.0
2025-06-12 18:11:00+00:00,42949.0,42950.390625,42945.55078125,42945.671875,371020.0
2025-06-12 18:12:00+00:00,42950.12890625,42952.55859375,42947.51171875,42949.26953125,464333.0
2025-06-12 18:13:00+00:00,42939.1484375,42950.46875,42937.80859375,42950.23046875,661775.0
2025-06-12 18:14:00+00:00,42936.23828125,42939.26953125,42935.8203125,42938.62890625,519834.0
2025-06-12 18:15:00+00:00,42938.828125,42942.66015625,42934.80078125,42936.890625,567747.0
2025-06-12 18:16:00+00:00,42931.8984375,42941.44921875,42931.55859375,42938.26171875,674660.0
2025-06-12 18:17:00+00:00,42936.25,42936.25,42929.66015625,42931.55859375,423469.0
2025-06-12 18:18:00+00:00,42937.87890625,42940.640625,42933.66015625,42936.33984375,377342.0
2025-06-12 18:19:00+00:00,42938.05078125,42938.1015625,42934.609375,42937.9296875,512407.0
2025-06-12 18:20:00+00:00,42945.30859375,42945.66015625,42938.2890625,42938.2890625,495360.0
2025-06-12 18:21:00+00:00,42940.73828125,42946.19140625,42940.73828125,42945.76171875,453538.0
2025-06-12 18:22:00+00:00,42928.98046875,42941.41015625,42928.98046875,42940.3515625,505916.0
2025-06-12 18:23:00+00:00,42925.23046875,42932.21875,42922.87109375,42928.6015625,1096740.0
2025-06-12 18:24:00+00:00,42926.23046875,42927.96875,42922.6796875,42924.3984375,817590.0
2025-06-12 18:25:00+00:00,42930.96875,42931.08984375,42925.1484375,42926.0390625,555202.0
2025-06-12 18:26:00+00:00,42929.12890625,42931.640625,42922.9609375,42931.23828125,607563.0
2025-06-12 18:27:00+00:00,42901.94140625,42929.19140625,42897.33984375,42929.109375,1040810.0
2025-06-12 18:28:00+00:00,42916.62109375,42919.08984375,42901.94140625,42902.1796875,716407.0
2025-06-12 18:29:00+00:00,42918.37109375,42920.66015625,42914.4296875,42915.98046875,489600.0
2025-06-12 18:30:00+00:00,42905.9609375,42919.62109375,42905.9609375,42918.44140625,756695.0
2025-06-12 18:31:00+00:00,42901.4609375,42910.58984375,42901.4609375,42906.5,863746.0
2025-06-12 18:32:00+00:00,42907.21875,42907.21875,42896.96875,42901.30078125,927153.0
2025-06-12 18:33:00+00:00,42919.71875,42919.71875,42906.578125,42906.578125,606914.0
2025-06-12 18:34:00+00:00,42917.91015625,42920.19921875,42915.16015625,42919.62109375,479490.0
2025-06-12 18:35:00+00:00,42932.08984375,42932.08984375,42916.828125,42917.96875,612245.0
2025-06-12 18:36:00+00:00,42937.28125,42937.28125,42934.421875,42934.9609375,472761.0
2025-06-12 18:37:00+00:00,42928.3515625,42941.1015625,42926.1015625,42938.390625,622207.0
2025-06-12 18:38:00+00:00,42928.859375,42928.859375,42924.0390625,42927.73046875,568797.0
2025-06-12 18:39:00+00:00,42936.0390625,42936.0390625,42929.62109375,42929.87109375,407614.0
2025-06-12 18:40:00+00:00,42937.08984375,42938.94140625,42934.58984375,42936.7109375,468549.0
2025-06-12 18:41:00+00:00,42940.609375,42940.609375,42935.98046875,42936.921875,472648.0
2025-06-12 18:42:00+00:00,42931.73046875,42940.80078125,42931.30078125,42940.44921875,405759.0
2025-06-12 18:43:00+00:00,42925.5,42931.94921875,42924.94921875,42931.578125,559146.0
2025-06-12 18:44:00+00:00,42926.66015625,42929.6796875,42925.359375,42925.359375,152853.0
2025-06-12 18:45:00+00:00,42924.91015625,42927.921875,42924.91015625,42926.5,538105.0
2025-06-12 18:46:00+00:00,42919.671875,42928.37109375,42919.5390625,42925.109375,556736.0
2025-06-12 18:47:00+00:00,42933.890625,42934.05859375,42918.08984375,42918.76171875,604375.0
2025-06-12 18:48:00+00:00,42941.94140625,42944.9296875,42937.03125,42937.03125,615570.0
2025-06-12 18:49:00+00:00,42940.2890625,42942.48828125,42938.078125,42941.9296875,414119.0
2025-06-12 18:50:00+00:00,42933.48046875,42939.55078125,42933.44140625,42939.55078125,533572.0
2025-06-12 18:51:00+00:00,42944.69921875,42944.69921875,42930.640625,42933.37890625,661405.0
2025-06-12 18:52:00+00:00,42951.0703125,42951.62109375,42944.76171875,42945.109375,572771.0
2025-06-12 18:53:00+00:00,42947.4296875,42951.1015625,42947.4296875,42951.1015625,399639.0
2025-06-12 18:54:00+00:00,42947.26953125,42950.80078125,42946.30859375,42946.94140625,517796.0
2025-06-12 18:55:00+00:00,42940.8203125,42946.8984375,42938.3984375,42946.8984375,698816.0
2025-06-12 18:56:00+00:00,42933.87109375,42940.73828125,42930.51953125,42940.390625,440218.0
2025-06-12 18:57:00+00:00,42942.421875,42943.0390625,42933.51953125,42933.6796875,569743.0
2025-06-12 18:58:00+00:00,42945.671875,42947.33984375,42942.609375,42942.609375,664831.0
2025-06-12 18:59:00+00:00,42954.73046875,42956.05859375,42945.96875,42945.96875,626662.0
2025-06-12 19:00:00+00:00,42949.91015625,42957.87109375,42949.421875,42954.359375,643140.0
2025-06-12 19:01:00+00:00,42954.71875,42955.390625,42943.48828125,42950.23046875,582518.0
2025-06-12 19:02:00+00:00,42959.921875,42962.62890625,42954.5,42954.5,525008.0
2025-06-12 19:03:00+00:00,42959.37890625,42960.1015625,42956.80078125,42959.62890625,655610.0
2025-06-12 19:04:00+00:00,42955.98046875,42961.05859375,42955.51953125,42959.359375,1285678.0
2025-06-12 19:05:00+00:00,42959.87890625,42963.51171875,42955.7109375,42956.7890625,738161.0
2025-06-12 19:06:00+00:00,42952.19140625,42959.7109375,42952.0703125,42959.7109375,609147.0
2025-06-12 19:07:00+00:00,42953.7109375,42954.73046875,42951.37109375,42951.78125,678141.0
2025-06-12 19:08:00+00:00,42949.28125,42954.421875,42946.921875,42953.5703125,665990.0
2025-06-12 19:09:00+00:00,42947.890625,42947.890625,42946.390625,42947.640625,558363.0
2025-06-12 19:10:00+00:00,42950.76171875,42951.1484375,42946.26171875,42948.08984375,717913.0
2025-06-12 19:11:00+00:00,42948.12890625,42952.44921875,42946.1484375,42951.01953125,628011.0
2025-06-12 19:12:00+00:00,42948.5,42950.8984375,42947.109375,42948.41015625,692148.0
2025-06-12 19:13:00+00:00,42948.01171875,42949.05078125,42946.578125,42948.2109375,552906.0
2025-06-12 19:14:00+00:00,42941.28125,42947.91015625,42941.28125,42946.859375,482342.0
2025-06-12 19:15:00+00:00,42943.94921875,42945.7890625,42940.73828125,42941.19921875,542493.0
2025-06-12 19:16:00+00:00,42945.98828125,42947.109375,42942.73828125,42943.76171875,787698.0
2025-06-12 19:17:00+00:00,42952.7109375,42953.1015625,42942.78125,42946.12109375,770561.0
2025-06-12 19:18:00+00:00,42948.44921875,42952.75,42944.55078125,42952.69140625,720067.0
2025-06-12 19:19:00+00:00,42949.62890625,42952.55859375,42942.578125,42948.078125,803797.0
2025-06-12 19:20:00+00:00,42948.66015625,42951.12109375,42946.3515625,42949.8203125,829566.0
2025-06-12 19:21:00+00:00,42949.37109375,42950.83984375,42948.44140625,42948.44140625,678497.0
2025-06-12 19:22:00+00:00,42938.48046875,42950.87109375,42938.48046875,42949.44921875,735923.0
2025-06-12 19:23:00+00:00,42940.359375,42942.03125,42936.5,42938.578125,613077.0
2025-06-12 19:24:00+00:00,42937.48046875,42939.16015625,42933.828125,42937.80078125,638899.0
2025-06-12 19:25:00+00:00,42923.8203125,42937.30078125,42923.109375,42937.30078125,885259.0
2025-06-12 19:26:00+00:00,42934.3515625,42934.3515625,42922.8203125,42923.55078125,662378.0
2025-06-12 19:27:00+00:00,42932.2109375,42936.87109375,42931.73828125,42933.8984375,752158.0
2025-06-12 19:28:00+00:00,42935.26171875,42936.55078125,42930.51171875,42932.71875,649217.0
2025-06-12 19:29:00+00:00,42942.75,42943.55078125,42935.08984375,42935.91015625,620634.0
2025-06-12 19:30:00+00:00,42935.9609375,42943.6484375,42935.83984375,42943.12890625,740355.0
2025-06-12 19:31:00+00:00,42933.7890625,42943.26953125,42933.08984375,42936.1796875,729999.0
2025-06-12 19:32:00+00:00,42929.94921875,42934.30078125,42925.26953125,42933.53125,776942.0
2025-06-12 19:33:00+00:00,42927.80078125,42931.578125,42920.94140625,42929.98828125,905488.0
2025-06-12 19:34:00+00:00,42942.12890625,42942.94140625,42929.0,42929.0,788367.0
2025-06-12 19:35:00+00:00,42936.859375,42942.421875,42934.0390625,42942.421875,865290.0
2025-06-12 19:36:00+00:00,42944.48046875,42944.48046875,42936.01171875,42936.08984375,687250.0
2025-06-12 19:37:00+00:00,42939.30078125,42944.48828125,42938.2890625,42944.48828125,682639.0
2025-06-12 19:38:00+00:00,42947.16015625,42949.05859375,42938.94140625,42938.94140625,741427.0
2025-06-12 19:39:00+00:00,42941.98046875,42948.76171875,42941.58984375,42947.171875,744618.0
2025-06-12 19:40:00+00:00,42931.828125,42941.87109375,42930.71875,42941.51171875,832844.0
2025-06-12 19:41:00+00:00,42933.78125,42933.87890625,42929.421875,42933.109375,825792.0
2025-06-12 19:42:00+00:00,42928.73046875,42934.21875,42927.078125,42934.21875,736643.0
2025-06-12 19:43:00+00:00,42922.98046875,42928.55859375,42921.05859375,42928.3515625,931151.0
2025-06-12 19:44:00+00:00,42913.28125,42923.01953125,42913.1796875,42922.828125,868152.0
2025-06-12 19:45:00+00:00,42916.19921875,42917.109375,42904.96875,42913.7109375,1152266.0
2025-06-12 19:46:00+00:00,42913.83984375,42923.62890625,42911.6484375,42916.078125,975734.0
2025-06-12 19:47:00+00:00,42917.859375,42920.94921875,42912.58984375,42913.828125,999691.0
2025-06-12 19:48:00+00:00,42914.44140625,42920.8984375,42914.30859375,42916.890625,941184.0
2025-06-12 19:49:00+00:00,42909.1796875,42915.109375,42908.55859375,42914.76953125,887616.0
2025-06-12 19:50:00+00:00,42926.96875,42926.96875,42896.98828125,42908.9296875,2319047.0
2025-06-12 19:51:00+00:00,42920.26953125,42929.71875,42916.671875,42926.9296875,1690444.0
2025-06-12 19:52:00+00:00,42925.91015625,42925.91015625,42919.640625,42920.87109375,1584911.0
2025-06-12 19:53:00+00:00,42906.921875,42925.44921875,42906.921875,42925.44140625,2002685.0
2025-06-12 19:54:00+00:00,42909.7109375,42912.171875,42896.3515625,42907.76171875,2593749.0
2025-06-12 19:55:00+00:00,42932.578125,42932.578125,42908.0703125,42908.0703125,3351732.0
2025-06-12 19:56:00+00:00,42925.62109375,42934.26953125,42920.140625,42932.828125,2497321.0
2025-06-12 19:57:00+00:00,42944.921875,42945.6015625,42927.109375,42927.109375,2958728.0
2025-06-12 19:58:00+00:00,42944.1484375,42960.16015625,42944.1484375,42945.69921875,5346341.0
2025-06-12 19:59:00+00:00,42968.9296875,42968.9296875,42935.1796875,42943.80078125,9077512.0
2025-06-13 13:30:00+00:00,42527.828125,42529.12890625,42473.69921875,42477.2890625,24459201.0
2025-06-13 13:31:00+00:00,42537.1015625,42553.87890625,42515.26171875,42519.48046875,3766257.0
2025-06-13 13:32:00+00:00,42488.62890625,42576.890625,42485.640625,42536.828125,3208239.0
2025-06-13 13:33:00+00:00,42429.75,42487.9296875,42429.75,42487.9296875,2724637.0
2025-06-13 13:34:00+00:00,42464.359375,42469.87890625,42436.140625,42436.140625,2051695.0
2025-06-13 13:35:00+00:00,42459.328125,42472.6015625,42446.08984375,42464.0390625,2800687.0
2025-06-13 13:36:00+00:00,42501.6484375,42505.5703125,42457.5703125,42460.80859375,2317218.0
2025-06-13 13:37:00+00:00,42510.421875,42511.53125,42495.25,42500.87890625,2411127.0
2025-06-13 13:38:00+00:00,42494.578125,42514.171875,42489.73046875,42510.33984375,2027110.0
2025-06-13 13:39:00+00:00,42508.9296875,42511.171875,42495.3984375,42499.171875,1971337.0
2025-06-13 13:40:00+00:00,42478.1796875,42511.28125,42470.55859375,42508.19140625,2086717.0
2025-06-13 13:41:00+00:00,42490.37890625,42508.44140625,42470.26171875,42479.1015625,1717123.0
2025-06-13 13:42:00+00:00,42498.44140625,42507.94921875,42489.9609375,42489.9609375,1514017.0
2025-06-13 13:43:00+00:00,42493.12890625,42509.12890625,42486.28125,42499.0,1628984.0
2025-06-13 13:44:00+00:00,42482.890625,42492.69921875,42477.19140625,42492.69921875,1854554.0
2025-06-13 13:45:00+00:00,42449.9296875,42482.671875,42443.44921875,42482.671875,1968862.0
2025-06-13 13:46:00+00:00,42458.3515625,42459.73046875,42438.44140625,42450.828125,1576807.0
2025-06-13 13:47:00+00:00,42433.28125,42467.16015625,42432.359375,42457.01953125,1638114.0
2025-06-13 13:48:00+00:00,42418.55859375,42434.23046875,42414.30078125,42433.78125,1374831.0
2025-06-13 13:49:00+00:00,42401.8984375,42417.33984375,42383.01171875,42417.33984375,1384945.0
2025-06-13 13:50:00+00:00,42410.41015625,42411.078125,42387.3984375,42400.58984375,1957448.0
2025-06-13 13:51:00+00:00,42399.359375,42422.890625,42391.328125,42406.37109375,1823510.0
2025-06-13 13:52:00+00:00,42418.19921875,42421.328125,42401.359375,42402.8203125,1179873.0
2025-06-13 13:53:00+00:00,42395.8203125,42420.96875,42395.8203125,42419.05859375,1175920.0
2025-06-13 13:54:00+00:00,42378.69140625,42395.3203125,42374.30859375,42395.3203125,1253864.0
2025-06-13 13:55:00+00:00,42383.62109375,42383.62109375,42356.8984375,42377.640625,1377181.0
2025-06-13 13:56:00+00:00,42375.69140625,42391.98046875,42365.7109375,42383.9609375,1116742.0
2025-06-13 13:57:00+00:00,42367.76953125,42378.6015625,42363.01171875,42375.9296875,1268366.0
2025-06-13 13:58:00+00:00,42362.05078125,42365.421875,42350.08984375,42365.421875,1277177.0
2025-06-13 13:59:00+00:00,42340.6484375,42362.671875,42336.19921875,42362.578125,1557169.0
2025-06-13 14:00:00+00:00,42361.44140625,42404.01171875,42340.51953125,42340.51953125,2794745.0
2025-06-13 14:01:00+00:00,42362.87890625,42372.5390625,42355.80859375,42362.0,1389477.0
2025-06-13 14:02:00+00:00,42357.23828125,42367.2109375,42336.19140625,42365.8203125,1080345.0
2025-06-13 14:03:00+00:00,42389.87890625,42390.0390625,42357.66015625,42357.66015625,1234671.0
2025-06-13 14:04:00+00:00,42363.08984375,42390.05859375,42360.01953125,42390.05859375,1336619.0
2025-06-13 14:05:00+00:00,42359.609375,42379.03125,42359.0703125,42362.359375,1408379.0
2025-06-13 14:06:00+00:00,42393.3515625,42393.3515625,42358.5703125,42359.48828125,1264832.0
2025-06-13 14:07:00+00:00,42361.6796875,42394.51953125,42359.48046875,42394.51953125,1162730.0
2025-06-13 14:08:00+00:00,42347.2109375,42362.23046875,42344.171875,42361.328125,1454428.0
2025-06-13 14:09:00+00:00,42360.76171875,42363.609375,42345.26953125,42345.26953125,1598492.0
2025-06-13 14:10:00+00:00,42318.87109375,42343.80078125,42318.87109375,42343.80078125,2108440.0
2025-06-13 14:11:00+00:00,42318.1796875,42319.9609375,42298.05859375,42317.76953125,1989334.0
2025-06-13 14:12:00+00:00,42313.1015625,42322.140625,42296.609375,42319.51171875,1663234.0
2025-06-13 14:13:00+00:00,42327.7890625,42329.91015625,42307.28125,42308.05078125,1441968.0
2025-06-13 14:14:00+00:00,42343.23046875,42353.58984375,42329.73046875,42329.73046875,1184315.0
2025-06-13 14:15:00+00:00,42342.26171875,42345.16015625,42329.078125,42344.08984375,1333085.0
2025-06-13 14:16:00+00:00,42340.25,42347.4609375,42337.46875,42342.76953125,1905477.0
2025-06-13 14:17:00+00:00,42342.37890625,42351.98828125,42337.01953125,42340.609375,1408010.0
2025-06-13 14:18:00+00:00,42364.41015625,42364.53125,42341.71875,42341.71875,1123781.0
2025-06-13 14:19:00+00:00,42333.671875,42366.0703125,42333.30078125,42365.1484375,1309578.0
2025-06-13 14:20:00+00:00,42296.671875,42334.4296875,42296.0390625,42334.4296875,1650879.0
2025-06-13 14:21:00+00:00,42320.0390625,42320.0390625,42285.96875,42296.69140625,2037850.0
2025-06-13 14:22:00+00:00,42315.41015625,42328.109375,42315.19921875,42319.05078125,2370138.0
2025-06-13 14:23:00+00:00,42348.828125,42348.828125,42314.5390625,42316.25,1207998.0
2025-06-13 14:24:00+00:00,42320.73828125,42354.23046875,42320.73828125,42347.390625,1251728.0
2025-06-13 14:25:00+00:00,42322.7890625,42326.37109375,42301.0390625,42320.80078125,1110269.0
2025-06-13 14:26:00+00:00,42307.19921875,42322.2109375,42307.19921875,42322.2109375,1275250.0
2025-06-13 14:27:00+00:00,42287.53125,42308.578125,42285.55078125,42307.25,1566258.0
2025-06-13 14:28:00+00:00,42269.8984375,42290.51171875,42266.0703125,42287.87109375,1681024.0
2025-06-13 14:29:00+00:00,42259.83984375,42269.8515625,42259.21875,42269.8515625,1555256.0
2025-06-13 14:30:00+00:00,42263.8984375,42272.5,42262.4296875,42262.87109375,1497795.0
2025-06-13 14:31:00+00:00,42256.51953125,42262.7890625,42249.23828125,42262.7890625,1639558.0
2025-06-13 14:32:00+00:00,42265.8203125,42265.8203125,42252.671875,42256.37109375,1398163.0
2025-06-13 14:33:00+00:00,42288.94921875,42292.51953125,42266.44140625,42266.51171875,1533792.0
2025-06-13 14:34:00+00:00,42291.23828125,42294.01171875,42285.94921875,42289.171875,1195700.0
2025-06-13 14:35:00+00:00,42273.6484375,42291.05078125,42273.6484375,42291.05078125,1439085.0
2025-06-13 14:36:00+00:00,42269.359375,42275.0390625,42257.7890625,42274.8203125,1133282.0
2025-06-13 14:37:00+00:00,42306.69140625,42308.37890625,42263.87890625,42269.55078125,1583129.0
2025-06-13 14:38:00+00:00,42316.578125,42317.2890625,42305.30078125,42305.8203125,1106020.0
2025-06-13 14:39:00+00:00,42336.01171875,42336.01171875,42310.73828125,42315.96875,1291840.0
2025-06-13 14:40:00+00:00,42348.1484375,42351.26953125,42332.171875,42335.48828125,1072641.0
2025-06-13 14:41:00+00:00,42345.7890625,42348.03125,42333.109375,42346.7109375,1156073.0
2025-06-13 14:42:00+00:00,42335.98046875,42357.109375,42331.23046875,42346.171875,1311235.0
2025-06-13 14:43:00+00:00,42308.3984375,42337.3984375,42307.69140625,42336.01171875,1054041.0
2025-06-13 14:44:00+00:00,42297.390625,42309.51953125,42296.5390625,42308.6015625,921962.0
2025-06-13 14:45:00+00:00,42271.73828125,42283.28125,42271.390625,42283.28125,950006.0
2025-06-13 14:46:00+00:00,42287.94140625,42294.078125,42271.671875,42271.671875,922145.0
2025-06-13 14:47:00+00:00,42284.26953125,42301.1015625,42278.5,42289.5390625,1019385.0
2025-06-13 14:48:00+00:00,42264.7890625,42284.76171875,42264.7890625,42284.76171875,1029887.0
2025-06-13 14:49:00+00:00,42284.5703125,42288.80859375,42260.58984375,42265.01953125,920733.0
2025-06-13 14:50:00+00:00,42289.01953125,42289.578125,42275.3515625,42286.01953125,907677.0
2025-06-13 14:51:00+00:00,42314.9609375,42315.8515625,42289.1015625,42289.1015625,804916.0
2025-06-13 14:52:00+00:00,42346.80859375,42350.140625,42315.1484375,42315.2890625,938197.0
2025-06-13 14:53:00+00:00,42364.16015625,42364.16015625,42345.8515625,42347.55859375,1213495.0
2025-06-13 14:54:00+00:00,42376.640625,42388.921875,42361.80859375,42365.53125,1632149.0
2025-06-13 14:55:00+00:00,42410.8515625,42411.26171875,42376.609375,42376.609375,1383100.0
2025-06-13 14:56:00+00:00,42404.12890625,42414.33984375,42396.2890625,42410.94921875,1117610.0
2025-06-13 14:57:00+00:00,42383.1015625,42407.5390625,42382.7109375,42404.51171875,969164.0
2025-06-13 14:58:00+00:00,42399.0703125,42399.0703125,42382.53125,42382.671875,880444.0
2025-06-13 14:59:00+00:00,42419.1796875,42422.75,42399.01171875,42400.171875,766651.0
2025-06-13 15:00:00+00:00,42404.6015625,42419.578125,42402.21875,42419.08984375,907214.0
2025-06-13 15:01:00+00:00,42394.48046875,42410.19921875,42394.21875,42403.87890625,771137.0
2025-06-13 15:02:00+00:00,42413.66015625,42413.66015625,42394.5,42394.76953125,953768.0
2025-06-13 15:03:00+00:00,42422.19921875,42424.37890625,42421.4296875,42423.640625,781145.0
2025-06-13 15:04:00+00:00,42427.359375,42429.37109375,42421.46875,42423.390625,1270503.0
2025-06-13 15:05:00+00:00,42444.4296875,42444.4296875,42424.5,42427.03125,909070.0
2025-06-13 15:06:00+00:00,42444.08984375,42452.37109375,42440.76171875,42443.8203125,831002.0
2025-06-13 15:07:00+00:00,42455.46875,42457.1796875,42443.5390625,42443.5390625,669112.0
2025-06-13 15:08:00+00:00,42453.48828125,42467.1484375,42453.08984375,42456.8203125,721114.0
2025-06-13 15:09:00+00:00,42449.890625,42460.8515625,42449.890625,42453.421875,721285.0
2025-06-13 15:10:00+00:00,42434.08984375,42459.16015625,42434.08984375,42449.5703125,803340.0
2025-06-13 15:11:00+00:00,42442.37109375,42442.37109375,42430.80859375,42430.96875,814880.0
2025-06-13 15:12:00+00:00,42457.69140625,42459.98046875,42441.4296875,42441.921875,802433.0
2025-06-13 15:13:00+00:00,42472.4296875,42472.66015625,42449.0390625,42457.921875,1037035.0
2025-06-13 15:14:00+00:00,42469.1796875,42473.37890625,42464.5,42471.87890625,855867.0
2025-06-13 15:15:00+00:00,42482.96875,42490.8203125,42469.69921875,42469.69921875,702602.0
2025-06-13 15:16:00+00:00,42482.0703125,42488.2890625,42482.0703125,42482.76953125,669667.0
2025-06-13 15:17:00+00:00,42460.9296875,42484.51171875,42459.8984375,42482.9609375,598462.0
2025-06-13 15:18:00+00:00,42466.94140625,42467.76953125,42454.48046875,42459.12890625,641601.0
2025-06-13 15:19:00+00:00,42481.26171875,42481.26171875,42465.921875,42467.05078125,596428.0
2025-06-13 15:20:00+00:00,42476.640625,42492.05859375,42476.640625,42481.30078125,714213.0
2025-06-13 15:21:00+00:00,42477.8203125,42479.12109375,42473.28125,42476.328125,583906.0
2025-06-13 15:22:00+00:00,42509.3984375,42510.2890625,42473.53125,42476.98828125,1342479.0
2025-06-13 15:23:00+00:00,42492.0,42512.1484375,42487.671875,42511.08984375,1027430.0
2025-06-13 15:24:00+00:00,42485.98046875,42502.1796875,42485.87890625,42492.76953125,658982.0
2025-06-13 15:25:00+00:00,42488.6484375,42489.05078125,42478.26953125,42486.62890625,640361.0
2025-06-13 15:26:00+00:00,42475.55078125,42489.171875,42475.171875,42488.80859375,677376.0
2025-06-13 15:27:00+00:00,42495.19140625,42498.30078125,42487.9296875,42487.9296875,746702.0
2025-06-13 15:28:00+00:00,42497.62109375,42499.98828125,42487.9296875,42493.890625,643934.0
2025-06-13 15:29:00+00:00,42515.23828125,42515.23828125,42495.2890625,42498.3984375,838100.0
2025-06-13 15:30:00+00:00,42517.2109375,42532.91015625,42514.98046875,42515.859375,965816.0
2025-06-13 15:31:00+00:00,42538.5703125,42539.9609375,42516.51171875,42517.55078125,1049571.0
2025-06-13 15:32:00+00:00,42535.6796875,42542.171875,42534.12890625,42537.98828125,756050.0
2025-06-13 15:33:00+00:00,42527.890625,42538.44921875,42527.890625,42535.69921875,609186.0
2025-06-13 15:34:00+00:00,42520.26171875,42529.30078125,42512.8984375,42529.30078125,759212.0
2025-06-13 15:35:00+00:00,42508.19921875,42522.80078125,42507.171875,42520.33984375,828114.0
2025-06-13 15:36:00+00:00,42512.51171875,42514.53125,42504.30859375,42508.73828125,816808.0
2025-06-13 15:37:00+00:00,42510.19140625,42517.2109375,42509.0,42513.421875,666639.0
2025-06-13 15:38:00+00:00,42515.26171875,42521.26953125,42510.01171875,42510.01171875,652704.0
2025-06-13 15:39:00+00:00,42507.9296875,42515.8984375,42507.9296875,42514.44140625,558459.0
2025-06-13 15:40:00+00:00,42510.30078125,42510.30078125,42492.6796875,42507.19140625,639807.0
2025-06-13 15:41:00+00:00,42518.359375,42518.6484375,42506.12890625,42510.171875,548594.0
2025-06-13 15:42:00+00:00,42536.46875,42536.46875,42518.859375,42518.859375,573831.0
2025-06-13 15:43:00+00:00,42543.8984375,42544.98828125,42535.48046875,42536.26953125,534467.0
2025-06-13 15:44:00+00:00,42548.0703125,42551.8203125,42542.1015625,42543.578125,790881.0
2025-06-13 15:45:00+00:00,42545.0390625,42550.109375,42537.19140625,42548.69921875,593866.0
2025-06-13 15:46:00+00:00,42561.1015625,42561.1484375,42543.69921875,42545.01171875,539257.0
2025-06-13 15:47:00+00:00,42587.16015625,42587.16015625,42558.01953125,42561.078125,795937.0
2025-06-13 15:48:00+00:00,42579.609375,42588.94921875,42579.609375,42588.3515625,636590.0
2025-06-13 15:49:00+00:00,42572.19140625,42582.78125,42571.16015625,42579.41015625,608637.0
2025-06-13 15:50:00+00:00,42580.3515625,42580.44921875,42571.859375,42571.859375,540140.0
2025-06-13 15:51:00+00:00,42599.7890625,42599.7890625,42575.9609375,42580.73046875,801674.0
2025-06-13 15:52:00+00:00,42594.921875,42600.2890625,42590.8515625,42600.2890625,676858.0
2025-06-13 15:53:00+00:00,42594.3515625,42597.171875,42592.48828125,42595.37109375,536862.0
2025-06-13 15:54:00+00:00,42600.66015625,42602.48046875,42593.44921875,42594.83984375,582296.0
2025-06-13 15:55:00+00:00,42569.58984375,42592.41015625,42569.58984375,42592.41015625,806597.0
2025-06-13 15:56:00+00:00,42559.69921875,42573.25,42556.26953125,42569.58984375,692786.0
2025-06-13 15:57:00+00:00,42569.05078125,42570.8984375,42550.671875,42559.1484375,655801.0
2025-06-13 15:58:00+00:00,42554.83984375,42569.37109375,42554.83984375,42569.05078125,688977.0
2025-06-13 15:59:00+00:00,42561.55859375,42562.94140625,42553.12109375,42555.05859375,489520.0
2025-06-13 16:00:00+00:00,42558.6484375,42563.6796875,42557.3515625,42561.37109375,900886.0
2025-06-13 16:01:00+00:00,42550.58984375,42556.73828125,42545.6015625,42556.37890625,854020.0
2025-06-13 16:02:00+00:00,42565.87890625,42566.76171875,42549.078125,42549.8515625,658834.0
2025-06-13 16:03:00+00:00,42560.0,42570.0390625,42559.94140625,42565.1796875,492806.0
2025-06-13 16:04:00+00:00,42550.62109375,42566.16015625,42550.48046875,42559.8515625,734721.0
2025-06-13 16:05:00+00:00,42545.23828125,42555.421875,42543.46875,42549.6796875,545336.0
2025-06-13 16:06:00+00:00,42559.44921875,42560.19921875,42543.83984375,42545.3984375,486935.0
2025-06-13 16:07:00+00:00,42565.69140625,42565.69140625,42557.55078125,42559.51171875,1462290.0
2025-06-13 16:08:00+00:00,42573.25,42577.859375,42566.078125,42566.078125,543368.0
2025-06-13 16:09:00+00:00,42568.1015625,42577.23046875,42568.1015625,42573.2890625,495776.0
2025-06-13 16:10:00+00:00,42571.96875,42574.30859375,42568.1484375,42568.1484375,530827.0
2025-06-13 16:11:00+00:00,42578.8515625,42583.62109375,42572.03125,42572.03125,641078.0
2025-06-13 16:12:00+00:00,42576.03125,42585.8203125,42575.671875,42578.66015625,638060.0
2025-06-13 16:13:00+00:00,42575.171875,42579.2890625,42573.71875,42575.76953125,493425.0
2025-06-13 16:14:00+00:00,42579.96875,42581.94140625,42574.87109375,42575.359375,630948.0
2025-06-13 16:15:00+00:00,42560.76953125,42579.96875,42559.69921875,42579.96875,550433.0
2025-06-13 16:16:00+00:00,42580.41015625,42580.48046875,42561.01171875,42561.01171875,593096.0
2025-06-13 16:17:00+00:00,42581.578125,42584.55078125,42580.1484375,42580.6484375,610965.0
2025-06-13 16:18:00+00:00,42588.05859375,42592.08984375,42581.26171875,42581.26171875,794198.0
2025-06-13 16:19:00+00:00,42586.12109375,42588.30859375,42584.1796875,42588.2890625,503967.0
2025-06-13 16:20:00+00:00,42567.0,42586.58984375,42566.5,42586.1796875,566569.0
2025-06-13 16:21:00+00:00,42577.0,42577.5,42563.1796875,42566.69140625,621191.0
2025-06-13 16:22:00+00:00,42574.421875,42579.1796875,42573.66015625,42576.640625,449852.0
2025-06-13 16:23:00+00:00,42575.5703125,42578.87890625,42573.58984375,42574.30078125,481046.0
2025-06-13 16:24:00+00:00,42560.421875,42577.30859375,42560.2109375,42576.19140625,527608.0
2025-06-13 16:25:00+00:00,42557.8515625,42565.0703125,42556.6484375,42560.51171875,450522.0
2025-06-13 16:26:00+00:00,42533.37890625,42557.80859375,42533.37890625,42557.80859375,681137.0
2025-06-13 16:27:00+00:00,42521.6484375,42533.53125,42519.359375,42533.21875,617053.0
2025-06-13 16:28:00+00:00,42507.01171875,42514.1484375,42503.8515625,42514.1484375,733470.0
2025-06-13 16:29:00+00:00,42502.30078125,42508.26171875,42498.421875,42507.2890625,741885.0
2025-06-13 16:30:00+00:00,42518.53125,42518.53125,42501.12890625,42502.1796875,702240.0
2025-06-13 16:31:00+00:00,42526.69140625,42528.12890625,42518.87109375,42518.87109375,1170467.0
2025-06-13 16:32:00+00:00,42532.01171875,42534.69921875,42528.0390625,42528.0390625,667166.0
2025-06-13 16:33:00+00:00,42528.1796875,42532.80078125,42528.1796875,42531.6796875,765628.0
2025-06-13 16:34:00+00:00,42530.01953125,42533.5,42525.7890625,42528.46875,652010.0
2025-06-13 16:35:00+00:00,42541.98046875,42544.0390625,42530.58984375,42530.58984375,603616.0
2025-06-13 16:36:00+00:00,42513.0,42539.94140625,42513.0,42539.94140625,679944.0
2025-06-13 16:37:00+00:00,42505.16015625,42514.96875,42505.16015625,42512.96875,700001.0
2025-06-13 16:38:00+00:00,42495.26953125,42505.19921875,42490.71875,42505.19921875,630919.0
2025-06-13 16:39:00+00:00,42483.44140625,42494.23046875,42483.44140625,42494.0390625,509555.0
2025-06-13 16:40:00+00:00,42491.1796875,42491.1796875,42482.1015625,42483.44140625,657431.0
2025-06-13 16:41:00+00:00,42490.76171875,42497.76171875,42489.1796875,42491.12109375,598909.0
2025-06-13 16:42:00+00:00,42485.0703125,42494.55859375,42485.0703125,42492.6484375,503724.0
2025-06-13 16:43:00+00:00,42472.2890625,42487.0390625,42472.2890625,42484.4296875,617225.0
2025-06-13 16:44:00+00:00,42476.23828125,42476.9609375,42469.5,42472.4296875,479210.0
2025-06-13 16:45:00+00:00,42478.75,42478.78125,42471.94921875,42476.328125,485599.0
2025-06-13 16:46:00+00:00,42482.55078125,42486.62890625,42475.8203125,42477.80078125,577247.0
2025-06-13 16:47:00+00:00,42468.109375,42481.8515625,42466.7890625,42481.8515625,430559.0
2025-06-13 16:48:00+00:00,42463.9609375,42469.98046875,42463.640625,42467.8203125,419991.0
2025-06-13 16:49:00+00:00,42448.28125,42464.5703125,42448.28125,42463.9296875,475879.0
2025-06-13 16:50:00+00:00,42455.9296875,42456.640625,42444.98828125,42448.08984375,484740.0
2025-06-13 16:51:00+00:00,42477.08984375,42477.08984375,42455.359375,42456.05078125,598388.0
2025-06-13 16:52:00+00:00,42494.51953125,42494.62109375,42477.25,42477.25,596846.0
2025-06-13 16:53:00+00:00,42507.3984375,42509.5390625,42491.30859375,42494.4609375,389393.0
2025-06-13 16:54:00+00:00,42511.890625,42518.25,42511.890625,42514.26953125,585675.0
2025-06-13 16:55:00+00:00,42511.62890625,42513.26953125,42508.0,42511.828125,381086.0
2025-06-13 16:56:00+00:00,42515.66015625,42515.66015625,42507.01953125,42511.80859375,510839.0
2025-06-13 16:57:00+00:00,42522.5390625,42522.5390625,42515.26953125,42515.73046875,371237.0
2025-06-13 16:58:00+00:00,42500.921875,42523.7890625,42500.66015625,42523.62890625,537899.0
2025-06-13 16:59:00+00:00,42491.96875,42502.44921875,42491.3203125,42500.3984375,562325.0
2025-06-13 17:00:00+00:00,42488.3515625,42493.2890625,42487.03125,42492.0703125,514227.0
2025-06-13 17:01:00+00:00,42492.62890625,42492.98046875,42484.5390625,42488.3515625,441780.0
2025-06-13 17:02:00+00:00,42489.1015625,42494.12890625,42486.9609375,42492.890625,496118.0
2025-06-13 17:03:00+00:00,42477.12890625,42493.96875,42477.12890625,42488.69921875,489737.0
2025-06-13 17:04:00+00:00,42460.7109375,42479.94140625,42460.26953125,42477.0703125,543815.0
2025-06-13 17:05:00+00:00,42459.46875,42463.8203125,42458.01171875,42460.1796875,510353.0
2025-06-13 17:06:00+00:00,42460.1796875,42465.1015625,42459.30859375,42459.44140625,359391.0
2025-06-13 17:07:00+00:00,42441.28125,42460.66015625,42439.4296875,42460.66015625,656885.0
2025-06-13 17:08:00+00:00,42440.08984375,42443.921875,42438.98046875,42440.171875,473089.0
2025-06-13 17:09:00+00:00,42438.33984375,42440.8203125,42433.41015625,42439.30859375,466620.0
2025-06-13 17:10:00+00:00,42418.51171875,42438.28125,42412.46875,42437.98046875,1002944.0
2025-06-13 17:11:00+00:00,42409.5390625,42418.8984375,42408.33984375,42418.6015625,663617.0
2025-06-13 17:12:00+00:00,42418.859375,42418.859375,42402.69921875,42409.171875,883763.0
2025-06-13 17:13:00+00:00,42437.55859375,42441.4609375,42418.609375,42419.12890625,676399.0
2025-06-13 17:14:00+00:00,42425.3203125,42438.5703125,42425.3203125,42437.58984375,497784.0
2025-06-13 17:15:00+00:00,42392.9609375,42424.66015625,42392.9609375,42424.66015625,842217.0
2025-06-13 17:16:00+00:00,42364.08984375,42392.8203125,42364.08984375,42392.8203125,1020244.0
2025-06-13 17:17:00+00:00,42389.83984375,42391.53125,42363.44140625,42364.5390625,926392.0
2025-06-13 17:18:00+00:00,42400.58984375,42401.98046875,42388.53125,42389.5703125,556118.0
2025-06-13 17:20:00+00:00,42408.73828125,42409.19140625,42407.08984375,42407.30859375,993301.0
2025-06-13 17:21:00+00:00,42427.8984375,42435.94921875,42409.75,42409.75,1140878.0
2025-06-13 17:22:00+00:00,42408.7890625,42428.359375,42408.390625,42427.58984375,445824.0
2025-06-13 17:23:00+00:00,42401.890625,42409.1015625,42393.87890625,42408.78125,537465.0
2025-06-13 17:24:00+00:00,42407.19921875,42414.21875,42401.890625,42401.890625,644194.0
2025-06-13 17:25:00+00:00,42411.69140625,42411.87109375,42405.71875,42407.140625,503729.0
2025-06-13 17:26:00+00:00,42405.921875,42412.19921875,42403.80078125,42412.12109375,1167867.0
2025-06-13 17:27:00+00:00,42396.30078125,42407.140625,42396.30078125,42406.23046875,406456.0
2025-06-13 17:28:00+00:00,42376.2109375,42397.3203125,42375.3515625,42396.66015625,505497.0
2025-06-13 17:29:00+00:00,42369.171875,42379.4296875,42366.83984375,42376.03125,551968.0
2025-06-13 17:30:00+00:00,42377.69921875,42378.03125,42364.03125,42369.328125,531740.0
2025-06-13 17:31:00+00:00,42391.62109375,42392.2109375,42377.7890625,42378.3515625,552899.0
2025-06-13 17:32:00+00:00,42386.3984375,42392.80078125,42381.69140625,42391.75,494075.0
2025-06-13 17:33:00+00:00,42396.3515625,42401.26171875,42385.578125,42386.328125,483650.0
2025-06-13 17:34:00+00:00,42366.78125,42396.5,42366.78125,42396.37109375,602781.0
2025-06-13 17:35:00+00:00,42361.7890625,42370.328125,42361.23828125,42366.390625,504190.0
2025-06-13 17:36:00+00:00,42368.6484375,42369.5,42361.640625,42361.640625,444718.0
2025-06-13 17:37:00+00:00,42364.37109375,42369.01953125,42361.98828125,42368.58984375,429290.0
2025-06-13 17:38:00+00:00,42357.0390625,42369.0390625,42357.0390625,42364.01171875,464638.0
2025-06-13 17:39:00+00:00,42354.8203125,42360.23046875,42354.75,42356.58984375,422946.0
2025-06-13 17:40:00+00:00,42360.0390625,42360.80859375,42346.51953125,42354.8515625,496532.0
2025-06-13 17:41:00+00:00,42358.328125,42360.19921875,42356.73046875,42360.19140625,328136.0
2025-06-13 17:42:00+00:00,42362.48046875,42374.671875,42358.0,42358.0,540922.0
2025-06-13 17:43:00+00:00,42354.51171875,42367.6796875,42354.51171875,42362.44921875,558828.0
2025-06-13 17:44:00+00:00,42344.26953125,42351.21875,42329.98046875,42348.6484375,891240.0
2025-06-13 17:45:00+00:00,42353.30859375,42356.48046875,42340.5390625,42344.91015625,583854.0
2025-06-13 17:46:00+00:00,42347.55859375,42354.75,42341.1796875,42353.1484375,374655.0
2025-06-13 17:47:00+00:00,42338.8515625,42349.46875,42336.3984375,42347.66015625,405084.0
2025-06-13 17:48:00+00:00,42341.78125,42346.44140625,42337.1796875,42339.19140625,377521.0
2025-06-13 17:49:00+00:00,42337.1484375,42341.16015625,42336.19140625,42341.16015625,411933.0
2025-06-13 17:50:00+00:00,42358.921875,42358.921875,42336.3515625,42337.21875,529641.0
2025-06-13 17:51:00+00:00,42372.05078125,42379.859375,42359.9296875,42359.9296875,670901.0
2025-06-13 17:52:00+00:00,42374.16015625,42376.23828125,42371.5703125,42371.78125,496092.0
2025-06-13 17:53:00+00:00,42378.16015625,42378.19921875,42371.9296875,42373.640625,477013.0
2025-06-13 17:54:00+00:00,42372.0390625,42378.26953125,42367.55078125,42378.26953125,380089.0
2025-06-13 17:55:00+00:00,42357.94921875,42375.80078125,42356.4296875,42372.71875,479127.0
2025-06-13 17:56:00+00:00,42359.109375,42361.44921875,42357.91015625,42358.55078125,338063.0
2025-06-13 17:57:00+00:00,42358.58984375,42364.9296875,42357.83984375,42358.71875,448759.0
2025-06-13 17:58:00+00:00,42364.3984375,42366.51953125,42355.26953125,42359.1796875,393795.0
2025-06-13 17:59:00+00:00,42355.859375,42365.23828125,42354.828125,42364.8203125,359122.0
2025-06-13 18:00:00+00:00,42381.671875,42383.2109375,42353.890625,42355.76953125,655172.0
2025-06-13 18:01:00+00:00,42383.9609375,42386.921875,42379.578125,42382.25,503653.0
2025-06-13 18:02:00+00:00,42375.3984375,42386.30078125,42375.25,42384.51171875,359472.0
2025-06-13 18:03:00+00:00,42329.6015625,42376.76171875,42329.6015625,42375.37109375,841904.0
2025-06-13 18:04:00+00:00,42313.6484375,42328.73046875,42299.48828125,42328.73046875,1489575.0
2025-06-13 18:05:00+00:00,42310.80859375,42336.7109375,42310.28125,42314.421875,959157.0
2025-06-13 18:06:00+00:00,42299.94140625,42313.8984375,42298.6015625,42311.4296875,711072.0
2025-06-13 18:07:00+00:00,42284.98828125,42300.6015625,42283.05859375,42300.19140625,812249.0
2025-06-13 18:08:00+00:00,42287.62890625,42298.96875,42284.6796875,42285.140625,721560.0
2025-06-13 18:09:00+00:00,42293.30859375,42298.05859375,42282.12890625,42287.16015625,733235.0
2025-06-13 18:10:00+00:00,42289.7890625,42296.1796875,42286.01171875,42292.94921875,637822.0
2025-06-13 18:11:00+00:00,42288.48046875,42291.46875,42282.66015625,42289.44921875,559988.0
2025-06-13 18:12:00+00:00,42309.1484375,42311.1796875,42288.6015625,42288.6015625,525607.0
2025-06-13 18:13:00+00:00,42305.8984375,42311.30078125,42301.671875,42310.6484375,1900750.0
2025-06-13 18:14:00+00:00,42284.62109375,42306.0,42284.62109375,42306.0,521307.0
2025-06-13 18:15:00+00:00,42249.5390625,42283.1015625,42225.69140625,42283.1015625,2373314.0
2025-06-13 18:16:00+00:00,42236.9609375,42247.87109375,42236.1015625,42247.87109375,658439.0
2025-06-13 18:17:00+00:00,42239.51171875,42250.96875,42232.26171875,42237.01953125,645196.0
2025-06-13 18:18:00+00:00,42246.25,42247.23828125,42229.16015625,42238.12890625,728706.0
2025-06-13 18:19:00+00:00,42259.58984375,42261.78125,42247.78125,42247.78125,673167.0
2025-06-13 18:20:00+00:00,42242.41015625,42267.5703125,42241.4296875,42259.5,746403.0
2025-06-13 18:21:00+00:00,42222.76171875,42244.23828125,42222.12890625,42243.4296875,721275.0
2025-06-13 18:22:00+00:00,42215.3515625,42222.7890625,42212.37890625,42222.7890625,585944.0
2025-06-13 18:23:00+00:00,42234.828125,42236.421875,42214.6484375,42215.21875,760849.0
2025-06-13 18:24:00+00:00,42225.1796875,42234.6015625,42219.3984375,42234.55078125,521780.0
2025-06-13 18:25:00+00:00,42230.69921875,42231.140625,42222.30078125,42225.1484375,408593.0
2025-06-13 18:26:00+00:00,42205.05859375,42230.4296875,42203.51953125,42230.4296875,906833.0
2025-06-13 18:27:00+00:00,42172.05859375,42204.33984375,42162.1484375,42204.08984375,1253812.0
2025-06-13 18:28:00+00:00,42165.46875,42175.80859375,42163.55078125,42171.8203125,688046.0
2025-06-13 18:29:00+00:00,42164.37890625,42175.69921875,42161.2109375,42165.01953125,916412.0
2025-06-13 18:30:00+00:00,42167.28125,42177.80859375,42161.05078125,42163.75,892050.0
2025-06-13 18:31:00+00:00,42161.25,42169.87109375,42158.80859375,42167.0390625,1174369.0
2025-06-13 18:32:00+00:00,42115.6484375,42160.671875,42112.26171875,42160.6015625,1529043.0
2025-06-13 18:33:00+00:00,42110.26171875,42128.21875,42110.26171875,42116.2890625,1026282.0
2025-06-13 18:34:00+00:00,42131.890625,42134.1015625,42104.0390625,42109.55859375,1380436.0
2025-06-13 18:35:00+00:00,42121.109375,42137.921875,42118.5390625,42132.69140625,829294.0
2025-06-13 18:36:00+00:00,42093.21875,42121.5703125,42091.28125,42121.5703125,952857.0
2025-06-13 18:37:00+00:00,42101.46875,42112.2109375,42091.46875,42092.30859375,954445.0
2025-06-13 18:38:00+00:00,42096.91015625,42101.1015625,42081.08984375,42101.1015625,1739419.0
2025-06-13 18:39:00+00:00,42103.578125,42109.8984375,42096.55078125,42098.08984375,985207.0
2025-06-13 18:40:00+00:00,42121.1015625,42121.140625,42084.62109375,42104.03125,1284198.0
2025-06-13 18:41:00+00:00,42111.62109375,42133.8515625,42111.51953125,42121.578125,1181818.0
2025-06-13 18:42:00+00:00,42109.51953125,42117.53125,42100.55859375,42109.05859375,768052.0
2025-06-13 18:43:00+00:00,42107.48828125,42109.48828125,42097.96875,42109.1796875,621973.0
2025-06-13 18:44:00+00:00,42108.390625,42112.80859375,42099.01171875,42107.41015625,733260.0
2025-06-13 18:45:00+00:00,42143.12890625,42144.96875,42107.359375,42108.359375,1077235.0
2025-06-13 18:46:00+00:00,42140.48828125,42146.8515625,42137.78125,42143.44921875,785260.0
2025-06-13 18:47:00+00:00,42121.98828125,42152.859375,42116.94921875,42139.1796875,899766.0
2025-06-13 18:48:00+00:00,42110.1484375,42128.37890625,42109.98046875,42122.5390625,806026.0
2025-06-13 18:49:00+00:00,42111.328125,42112.609375,42105.578125,42110.46875,779836.0
2025-06-13 18:50:00+00:00,42112.6015625,42123.3515625,42111.75,42111.75,724098.0
2025-06-13 18:51:00+00:00,42142.55078125,42148.19140625,42113.5,42113.83984375,801631.0
2025-06-13 18:52:00+00:00,42145.48828125,42146.3984375,42137.51953125,42140.8203125,616611.0
2025-06-13 18:53:00+00:00,42160.91015625,42161.01953125,42140.94140625,42145.1796875,578345.0
2025-06-13 18:54:00+00:00,42170.69140625,42171.62890625,42156.109375,42156.109375,869895.0
2025-06-13 18:55:00+00:00,42156.01953125,42181.421875,42154.109375,42170.62890625,1018682.0
2025-06-13 18:56:00+00:00,42165.98046875,42169.48046875,42145.41015625,42156.0703125,701516.0
2025-06-13 18:57:00+00:00,42135.98828125,42166.05859375,42135.98828125,42166.0,678030.0
2025-06-13 18:58:00+00:00,42150.62109375,42151.98046875,42136.26953125,42136.26953125,617551.0
2025-06-13 18:59:00+00:00,42172.0390625,42172.6015625,42150.1484375,42150.76953125,677604.0
2025-06-13 19:00:00+00:00,42161.78125,42185.0703125,42160.75,42172.33984375,1033677.0
2025-06-13 19:01:00+00:00,42137.28125,42162.98046875,42137.0,42161.421875,760542.0
2025-06-13 19:02:00+00:00,42125.2109375,42136.87109375,42119.0390625,42136.87109375,965993.0
2025-06-13 19:03:00+00:00,42170.30859375,42178.3515625,42125.69921875,42126.328125,1007055.0
2025-06-13 19:04:00+00:00,42159.53125,42170.109375,42159.53125,42169.37109375,601206.0
2025-06-13 19:05:00+00:00,42151.01953125,42159.6796875,42140.8984375,42159.6796875,664277.0
2025-06-13 19:06:00+00:00,42149.0703125,42151.19921875,42140.76953125,42151.19921875,754137.0
2025-06-13 19:07:00+00:00,42173.0703125,42173.78125,42144.83984375,42148.8203125,758239.0
2025-06-13 19:08:00+00:00,42176.96875,42177.44140625,42166.0703125,42173.12890625,689574.0
2025-06-13 19:09:00+00:00,42190.921875,42197.859375,42174.4609375,42176.890625,1013163.0
2025-06-13 19:10:00+00:00,42177.69140625,42191.0703125,42175.69140625,42190.9296875,638784.0
2025-06-13 19:11:00+00:00,42160.48828125,42179.01953125,42158.25,42178.33984375,890799.0
2025-06-13 19:12:00+00:00,42166.23828125,42166.23828125,42156.01171875,42160.3515625,639877.0
2025-06-13 19:13:00+00:00,42174.87109375,42179.8515625,42161.5390625,42166.30859375,775918.0
2025-06-13 19:14:00+00:00,42184.75,42193.2109375,42169.23046875,42174.69921875,918606.0
2025-06-13 19:15:00+00:00,42175.01953125,42189.05078125,42167.5390625,42185.2109375,1064756.0
2025-06-13 19:16:00+00:00,42175.359375,42180.5,42172.30078125,42177.71875,871052.0
2025-06-13 19:17:00+00:00,42161.76171875,42180.16015625,42157.4609375,42175.44921875,809002.0
2025-06-13 19:18:00+00:00,42171.87890625,42183.3203125,42161.30859375,42161.91015625,810938.0
2025-06-13 19:19:00+00:00,42167.16015625,42171.921875,42152.55859375,42171.921875,937399.0
2025-06-13 19:20:00+00:00,42176.16015625,42182.8203125,42161.359375,42166.921875,1207092.0
2025-06-13 19:21:00+00:00,42167.30859375,42189.609375,42167.30859375,42177.28125,955840.0
2025-06-13 19:22:00+00:00,42151.578125,42166.80859375,42146.73046875,42165.6484375,1038331.0
2025-06-13 19:23:00+00:00,42144.98828125,42151.16015625,42144.421875,42151.16015625,795541.0
2025-06-13 19:24:00+00:00,42142.2109375,42151.1015625,42141.19921875,42144.8984375,929407.0
2025-06-13 19:25:00+00:00,42127.7109375,42128.3515625,42125.828125,42127.44921875,1233083.0
2025-06-13 19:26:00+00:00,42126.51953125,42128.53125,42121.66015625,42128.53125,990299.0
2025-06-13 19:27:00+00:00,42117.9296875,42125.78125,42113.37109375,42125.78125,885824.0
2025-06-13 19:28:00+00:00,42129.109375,42137.6484375,42116.6796875,42117.12890625,1116271.0
2025-06-13 19:29:00+00:00,42132.4296875,42135.609375,42127.25,42128.73046875,753080.0
2025-06-13 19:30:00+00:00,42151.0703125,42154.578125,42131.33984375,42132.3984375,4302296.0
2025-06-13 19:31:00+00:00,42154.33984375,42161.44140625,42148.55859375,42151.41015625,1079030.0
2025-06-13 19:32:00+00:00,42139.37890625,42155.71875,42136.23828125,42154.37890625,1046178.0
2025-06-13 19:33:00+00:00,42115.30859375,42138.55078125,42114.859375,42138.55078125,1886461.0
2025-06-13 19:34:00+00:00,42130.359375,42132.23046875,42113.23046875,42115.421875,877158.0
2025-06-13 19:35:00+00:00,42141.4296875,42144.94921875,42125.25,42130.28125,999223.0
2025-06-13 19:36:00+00:00,42164.58984375,42164.58984375,42136.359375,42137.19921875,1203822.0
2025-06-13 19:37:00+00:00,42182.1015625,42185.7109375,42164.6015625,42164.6015625,1363529.0
2025-06-13 19:38:00+00:00,42166.328125,42187.1796875,42166.328125,42181.87109375,1080419.0
2025-06-13 19:39:00+00:00,42159.1484375,42166.53125,42151.76953125,42166.01171875,979195.0
2025-06-13 19:40:00+00:00,42170.51953125,42170.51953125,42139.859375,42159.1484375,1106862.0
2025-06-13 19:41:00+00:00,42162.05859375,42176.2109375,42161.41015625,42170.4609375,1236070.0
2025-06-13 19:42:00+00:00,42131.83984375,42162.16015625,42131.83984375,42161.30078125,1056944.0
2025-06-13 19:43:00+00:00,42131.640625,42134.640625,42124.30859375,42132.16015625,959690.0
2025-06-13 19:44:00+00:00,42128.1484375,42136.12109375,42126.390625,42130.16015625,1026136.0
2025-06-13 19:45:00+00:00,42095.078125,42127.91015625,42091.3984375,42127.91015625,1310404.0
2025-06-13 19:46:00+00:00,42113.21875,42113.21875,42086.76953125,42095.46875,1439043.0
2025-06-13 19:47:00+00:00,42118.58984375,42131.5703125,42109.26171875,42113.140625,1805272.0
2025-06-13 19:48:00+00:00,42152.2890625,42152.41015625,42114.640625,42118.19921875,2268886.0
2025-06-13 19:49:00+00:00,42152.83984375,42171.921875,42151.8515625,42151.8515625,1527830.0
2025-06-13 19:50:00+00:00,42148.51953125,42170.23046875,42146.671875,42149.359375,2100217.0
2025-06-13 19:51:00+00:00,42139.5703125,42167.05859375,42137.12109375,42147.80859375,1876104.0
2025-06-13 19:52:00+00:00,42130.44921875,42160.46875,42130.44921875,42143.05078125,2612959.0
2025-06-13 19:53:00+00:00,42118.51953125,42136.55078125,42118.51953125,42131.890625,1761532.0
2025-06-13 19:54:00+00:00,42127.23828125,42136.55859375,42118.30859375,42118.78125,3105489.0
2025-06-13 19:55:00+00:00,42133.421875,42147.62890625,42116.390625,42126.5390625,4786980.0
2025-06-13 19:56:00+00:00,42154.05859375,42165.05078125,42131.44140625,42132.8984375,2976308.0
2025-06-13 19:57:00+00:00,42148.33984375,42162.6015625,42142.98828125,42152.609375,3092633.0
2025-06-13 19:58:00+00:00,42159.33984375,42163.671875,42144.12109375,42148.9609375,4869373.0
2025-06-13 19:59:00+00:00,42203.26171875,42203.26171875,42153.62890625,42160.609375,10801778.0
2025-06-16 13:30:00+00:00,42419.328125,42429.46875,42300.12890625,42300.12890625,0.0
2025-06-16 13:31:00+00:00,42444.28125,42446.25,42417.44140625,42417.44140625,3415883.0
2025-06-16 13:32:00+00:00,42444.2890625,42452.1796875,42422.62109375,42438.2109375,2786233.0
2025-06-16 13:33:00+00:00,42455.66015625,42463.37890625,42444.078125,42447.359375,2039067.0
2025-06-16 13:34:00+00:00,42472.3515625,42475.421875,42450.1796875,42458.98046875,2184404.0
2025-06-16 13:35:00+00:00,42483.75,42486.6796875,42457.78125,42470.26171875,2504438.0
2025-06-16 13:36:00+00:00,42459.75,42482.1015625,42446.12890625,42481.6796875,2073664.0
2025-06-16 13:37:00+00:00,42469.8203125,42481.25,42455.69140625,42459.53125,1861657.0
2025-06-16 13:38:00+00:00,42470.0390625,42474.359375,42465.9609375,42470.53125,1658468.0
2025-06-16 13:39:00+00:00,42454.1484375,42471.76171875,42451.25,42469.4609375,1511735.0
2025-06-16 13:40:00+00:00,42473.0,42473.98828125,42450.390625,42453.48828125,1921440.0
2025-06-16 13:41:00+00:00,42479.0703125,42482.6015625,42471.6796875,42476.5703125,1364608.0
2025-06-16 13:42:00+00:00,42481.390625,42495.23046875,42476.03125,42477.48046875,1441487.0
2025-06-16 13:43:00+00:00,42491.390625,42492.41015625,42476.76953125,42481.05859375,1195983.0
2025-06-16 13:44:00+00:00,42477.0,42498.91015625,42472.12109375,42489.26953125,1704496.0
2025-06-16 13:45:00+00:00,42520.140625,42520.140625,42476.3203125,42476.3203125,1814427.0
2025-06-16 13:46:00+00:00,42537.55078125,42541.96875,42528.73046875,42529.2890625,1617846.0
2025-06-16 13:47:00+00:00,42502.1015625,42538.28125,42500.0,42537.03125,1637555.0
2025-06-16 13:48:00+00:00,42517.19140625,42521.87109375,42497.05078125,42500.75,1185944.0
2025-06-16 13:49:00+00:00,42560.01171875,42571.48046875,42518.80078125,42518.80078125,2802770.0
2025-06-16 13:50:00+00:00,42546.25,42562.640625,42543.5703125,42562.640625,1415958.0
2025-06-16 13:51:00+00:00,42530.9609375,42553.37890625,42523.3515625,42543.94921875,1536139.0
2025-06-16 13:52:00+00:00,42561.140625,42562.48046875,42529.2109375,42529.2109375,1326270.0
2025-06-16 13:53:00+00:00,42582.46875,42585.23046875,42558.578125,42560.62890625,2038686.0
2025-06-16 13:54:00+00:00,42583.9296875,42607.890625,42577.578125,42582.16015625,1805720.0
2025-06-16 13:55:00+00:00,42608.78125,42608.8515625,42578.390625,42583.5703125,2241010.0
2025-06-16 13:56:00+00:00,42632.421875,42632.421875,42608.8515625,42609.1796875,2064527.0
2025-06-16 13:57:00+00:00,42620.8515625,42631.98046875,42617.62890625,42631.171875,1565745.0
2025-06-16 13:58:00+00:00,42597.30078125,42623.05859375,42592.640625,42621.3984375,2171959.0
2025-06-16 13:59:00+00:00,42610.0390625,42614.87890625,42607.0390625,42614.48046875,2150187.0
2025-06-16 14:00:00+00:00,42619.16015625,42638.30859375,42610.4609375,42610.4609375,2345685.0
2025-06-16 14:01:00+00:00,42631.23046875,42635.890625,42618.44921875,42618.96875,1405323.0
2025-06-16 14:02:00+00:00,42641.28125,42648.01953125,42628.25,42632.171875,1331312.0
2025-06-16 14:03:00+00:00,42627.37109375,42641.640625,42621.75,42641.640625,1129645.0
2025-06-16 14:04:00+00:00,42640.94140625,42641.1484375,42627.01953125,42627.01953125,1186988.0
2025-06-16 14:05:00+00:00,42643.21875,42650.55859375,42637.76953125,42640.76953125,1384571.0
2025-06-16 14:06:00+00:00,42615.0390625,42648.69140625,42615.0390625,42644.21875,1446587.0
2025-06-16 14:07:00+00:00,42632.08984375,42637.80859375,42631.328125,42632.37890625,1198972.0
2025-06-16 14:08:00+00:00,42610.8515625,42630.37109375,42610.6484375,42630.37109375,1099295.0
2025-06-16 14:09:00+00:00,42623.98828125,42634.640625,42609.69140625,42609.69140625,1362940.0
2025-06-16 14:10:00+00:00,42622.1015625,42631.44921875,42619.171875,42623.76953125,1198604.0
2025-06-16 14:11:00+00:00,42628.69921875,42629.51171875,42612.25,42622.94140625,999309.0
2025-06-16 14:12:00+00:00,42652.359375,42652.94140625,42630.33984375,42630.33984375,2463637.0
2025-06-16 14:13:00+00:00,42652.98046875,42657.3984375,42643.41015625,42653.69140625,1425745.0
2025-06-16 14:14:00+00:00,42662.30859375,42668.7890625,42652.55078125,42652.55078125,1041774.0
2025-06-16 14:15:00+00:00,42659.6796875,42671.8203125,42659.6796875,42662.78125,1156538.0
2025-06-16 14:16:00+00:00,42659.05078125,42662.9609375,42656.37109375,42658.26171875,1003747.0
2025-06-16 14:17:00+00:00,42666.76953125,42678.828125,42660.23046875,42660.23046875,1221462.0
2025-06-16 14:18:00+00:00,42697.55859375,42699.19140625,42666.25,42666.25,1179828.0
2025-06-16 14:19:00+00:00,42691.109375,42698.51171875,42686.359375,42696.44140625,1003150.0
2025-06-16 14:20:00+00:00,42685.890625,42692.80078125,42685.2890625,42691.671875,1330260.0
2025-06-16 14:21:00+00:00,42701.078125,42702.28125,42686.26953125,42687.5390625,1123653.0
2025-06-16 14:22:00+00:00,42688.7109375,42706.71875,42688.7109375,42701.2109375,1043173.0
2025-06-16 14:23:00+00:00,42677.98046875,42689.76953125,42676.0390625,42689.75,944551.0
2025-06-16 14:24:00+00:00,42684.44921875,42688.80078125,42678.87109375,42678.87109375,1004517.0
2025-06-16 14:25:00+00:00,42674.5703125,42685.9296875,42666.51953125,42684.3515625,1087524.0
2025-06-16 14:26:00+00:00,42677.328125,42680.48046875,42669.87890625,42674.9609375,793464.0
2025-06-16 14:27:00+00:00,42680.1484375,42684.19140625,42677.921875,42681.359375,1011139.0
2025-06-16 14:28:00+00:00,42678.7890625,42687.33984375,42678.7890625,42681.2890625,995194.0
2025-06-16 14:29:00+00:00,42663.6015625,42681.44921875,42659.8984375,42679.73046875,1058485.0
2025-06-16 14:30:00+00:00,42666.30859375,42673.7109375,42665.01171875,42665.01171875,1050222.0
2025-06-16 14:31:00+00:00,42677.390625,42678.1484375,42664.66015625,42665.671875,917821.0
2025-06-16 14:32:00+00:00,42697.421875,42702.23828125,42677.7109375,42677.9609375,861174.0
2025-06-16 14:33:00+00:00,42698.87890625,42705.71875,42695.62109375,42700.48046875,1339059.0
2025-06-16 14:34:00+00:00,42691.46875,42703.26953125,42690.21875,42699.46875,1189880.0
2025-06-16 14:35:00+00:00,42689.08984375,42692.80078125,42683.8515625,42690.6796875,1076267.0
2025-06-16 14:36:00+00:00,42681.1796875,42695.3515625,42675.4296875,42687.4609375,1090528.0
2025-06-16 14:37:00+00:00,42667.1796875,42697.41015625,42666.140625,42680.80859375,1084078.0
2025-06-16 14:38:00+00:00,42660.55078125,42669.08984375,42658.25,42667.859375,762077.0
2025-06-16 14:39:00+00:00,42655.33984375,42662.83984375,42653.48046875,42661.48046875,749850.0
2025-06-16 14:40:00+00:00,42651.078125,42657.9609375,42647.80078125,42655.12890625,787886.0
2025-06-16 14:41:00+00:00,42653.25,42655.0390625,42650.828125,42651.44140625,1308657.0
2025-06-16 14:42:00+00:00,42670.46875,42671.578125,42653.08984375,42654.828125,1091606.0
2025-06-16 14:43:00+00:00,42695.19140625,42697.390625,42668.6484375,42669.98828125,1337389.0
2025-06-16 14:44:00+00:00,42704.48046875,42704.48046875,42695.8984375,42697.80859375,1309622.0
2025-06-16 14:45:00+00:00,42699.12890625,42705.2109375,42695.96875,42704.3515625,854215.0
2025-06-16 14:46:00+00:00,42706.3203125,42706.4296875,42696.6796875,42699.921875,1205065.0
2025-06-16 14:47:00+00:00,42696.140625,42707.73046875,42692.96875,42706.921875,1062256.0
2025-06-16 14:48:00+00:00,42688.8515625,42697.25,42683.8203125,42695.921875,928535.0
2025-06-16 14:49:00+00:00,42678.9296875,42688.140625,42676.328125,42688.140625,763442.0
2025-06-16 14:50:00+00:00,42679.48046875,42690.16015625,42677.4296875,42678.3203125,1023481.0
2025-06-16 14:51:00+00:00,42684.828125,42689.6015625,42677.1484375,42679.359375,834651.0
2025-06-16 14:52:00+00:00,42675.921875,42685.609375,42668.359375,42684.80078125,1050136.0
2025-06-16 14:53:00+00:00,42687.53125,42690.62890625,42675.21875,42675.21875,1067571.0
2025-06-16 14:54:00+00:00,42672.8984375,42688.578125,42671.69921875,42687.91015625,759475.0
2025-06-16 14:55:00+00:00,42665.98046875,42676.48046875,42664.76953125,42671.83984375,908589.0
2025-06-16 14:56:00+00:00,42662.109375,42665.671875,42660.25,42665.30078125,899792.0
2025-06-16 14:57:00+00:00,42663.171875,42669.37109375,42660.98046875,42663.91015625,821488.0
2025-06-16 14:58:00+00:00,42651.6484375,42667.80078125,42650.28125,42662.37890625,1633544.0
2025-06-16 14:59:00+00:00,42667.16015625,42667.16015625,42649.66015625,42651.140625,1124842.0
2025-06-16 15:00:00+00:00,42665.46875,42668.7890625,42661.6484375,42665.8984375,1442703.0
2025-06-16 15:01:00+00:00,42669.58984375,42670.8515625,42662.2109375,42665.578125,1448039.0
2025-06-16 15:02:00+00:00,42660.8203125,42670.7109375,42654.80859375,42670.12890625,1658572.0
2025-06-16 15:03:00+00:00,42645.55859375,42665.23046875,42645.55859375,42665.23046875,2031707.0
2025-06-16 15:04:00+00:00,42640.6484375,42648.1015625,42640.26953125,42645.30078125,6972484.0
2025-06-16 15:05:00+00:00,42626.3203125,42642.5390625,42620.26953125,42641.76953125,2761588.0
2025-06-16 15:06:00+00:00,42626.01171875,42633.2109375,42622.91015625,42626.828125,1898160.0
2025-06-16 15:07:00+00:00,42604.109375,42626.6484375,42604.109375,42626.0390625,1641120.0
2025-06-16 15:08:00+00:00,42594.30078125,42603.73828125,42594.30078125,42603.73828125,1590720.0
2025-06-16 15:09:00+00:00,42597.37890625,42598.26171875,42592.6796875,42594.23828125,1428245.0
2025-06-16 15:10:00+00:00,42611.01953125,42611.01953125,42590.7109375,42596.80859375,1774083.0
2025-06-16 15:11:00+00:00,42596.51953125,42611.08984375,42593.1484375,42611.08984375,4054250.0
2025-06-16 15:12:00+00:00,42603.578125,42604.12109375,42596.12109375,42596.12109375,1658971.0
2025-06-16 15:13:00+00:00,42600.73828125,42606.96875,42595.26171875,42603.73046875,1258952.0
2025-06-16 15:14:00+00:00,42603.71875,42604.80078125,42595.76171875,42601.94921875,1078806.0
2025-06-16 15:15:00+00:00,42616.1015625,42625.96875,42604.1015625,42604.578125,1255810.0
2025-06-16 15:16:00+00:00,42597.23828125,42617.2890625,42596.6796875,42616.2890625,846589.0
2025-06-16 15:17:00+00:00,42609.66015625,42609.66015625,42597.08984375,42600.078125,941862.0
2025-06-16 15:18:00+00:00,42622.51171875,42623.48828125,42619.94140625,42621.5703125,1082040.0
2025-06-16 15:19:00+00:00,42614.01171875,42622.87890625,42612.140625,42622.87890625,920557.0
2025-06-16 15:20:00+00:00,42613.12109375,42617.140625,42610.140625,42613.9609375,1228288.0
2025-06-16 15:21:00+00:00,42637.30859375,42637.75,42612.5703125,42613.171875,875322.0
2025-06-16 15:22:00+00:00,42629.62890625,42640.859375,42628.828125,42637.5,1034343.0
2025-06-16 15:23:00+00:00,42625.73046875,42633.55078125,42625.53125,42628.78125,851231.0
2025-06-16 15:24:00+00:00,42628.87890625,42632.8984375,42625.640625,42625.640625,987322.0
2025-06-16 15:25:00+00:00,42615.578125,42634.08984375,42615.578125,42629.48046875,1131745.0
2025-06-16 15:26:00+00:00,42594.69140625,42616.03125,42594.66015625,42616.03125,1421057.0
2025-06-16 15:27:00+00:00,42587.46875,42597.23046875,42585.75,42593.1796875,1194044.0
2025-06-16 15:28:00+00:00,42596.421875,42596.55078125,42585.76953125,42587.01171875,1025676.0
2025-06-16 15:29:00+00:00,42585.9609375,42596.94140625,42582.80859375,42596.94140625,1062723.0
2025-06-16 15:30:00+00:00,42587.66015625,42590.55859375,42584.6484375,42587.9609375,838740.0
2025-06-16 15:31:00+00:00,42590.7109375,42592.71875,42581.1484375,42587.71875,969057.0
2025-06-16 15:32:00+00:00,42579.109375,42590.44140625,42579.109375,42590.44140625,668792.0
2025-06-16 15:33:00+00:00,42579.9609375,42583.19140625,42578.26171875,42579.640625,789582.0
2025-06-16 15:34:00+00:00,42577.4609375,42581.671875,42577.03125,42577.94140625,856521.0
2025-06-16 15:35:00+00:00,42575.78125,42577.58984375,42565.12890625,42577.58984375,1047992.0
2025-06-16 15:36:00+00:00,42589.37109375,42590.859375,42585.23828125,42586.03125,752626.0
2025-06-16 15:37:00+00:00,42595.3515625,42606.4609375,42589.6796875,42589.6796875,781681.0
2025-06-16 15:38:00+00:00,42608.578125,42608.62109375,42591.71875,42596.53125,862852.0
2025-06-16 15:39:00+00:00,42599.6015625,42609.1484375,42597.62890625,42608.75,522898.0
2025-06-16 15:40:00+00:00,42608.05859375,42608.05859375,42597.6796875,42600.3515625,819681.0
2025-06-16 15:41:00+00:00,42602.140625,42607.76953125,42602.140625,42607.76953125,717435.0
2025-06-16 15:42:00+00:00,42604.1796875,42605.33984375,42600.91015625,42603.41015625,642529.0
2025-06-16 15:43:00+00:00,42610.4609375,42618.55859375,42606.19140625,42606.19140625,710226.0
2025-06-16 15:44:00+00:00,42597.98046875,42611.12109375,42597.98046875,42610.16015625,665943.0
2025-06-16 15:45:00+00:00,42597.8984375,42603.390625,42593.94921875,42598.359375,657163.0
2025-06-16 15:46:00+00:00,42618.76953125,42618.76953125,42598.5,42598.5,570930.0
2025-06-16 15:47:00+00:00,42610.3515625,42618.44140625,42608.80859375,42618.171875,509518.0
2025-06-16 15:48:00+00:00,42609.46875,42611.578125,42608.03125,42610.5,445096.0
2025-06-16 15:49:00+00:00,42604.51171875,42608.578125,42598.87890625,42608.578125,589254.0
2025-06-16 15:50:00+00:00,42601.21875,42604.48828125,42597.58984375,42604.48828125,505376.0
2025-06-16 15:51:00+00:00,42594.01171875,42602.0390625,42593.5,42601.1015625,574092.0
2025-06-16 15:52:00+00:00,42584.41015625,42595.30859375,42581.01953125,42594.8515625,621385.0
2025-06-16 15:53:00+00:00,42579.421875,42586.5703125,42576.8203125,42584.37109375,781860.0
2025-06-16 15:54:00+00:00,42574.87109375,42581.828125,42574.05859375,42579.3203125,709751.0
2025-06-16 15:56:00+00:00,42557.5,42572.05859375,42545.4296875,42569.91015625,2329376.0
2025-06-16 15:57:00+00:00,42565.921875,42568.03125,42554.69140625,42557.3515625,813739.0
2025-06-16 15:58:00+00:00,42565.12890625,42568.4296875,42562.01171875,42566.19140625,658441.0
2025-06-16 15:59:00+00:00,42561.12109375,42569.26953125,42561.109375,42564.76171875,737569.0
2025-06-16 16:00:00+00:00,42574.8515625,42576.51953125,42561.1796875,42561.1796875,757149.0
2025-06-16 16:01:00+00:00,42555.578125,42575.05078125,42555.578125,42575.05078125,600175.0
2025-06-16 16:02:00+00:00,42546.48828125,42555.1015625,42544.75,42555.01953125,535380.0
2025-06-16 16:03:00+00:00,42543.1015625,42547.12109375,42540.80078125,42547.12109375,493130.0
2025-06-16 16:04:00+00:00,42548.1015625,42548.1015625,42539.23046875,42543.03125,683458.0
2025-06-16 16:05:00+00:00,42545.25,42553.51171875,42543.1015625,42547.9609375,653435.0
2025-06-16 16:06:00+00:00,42549.578125,42553.3984375,42542.37890625,42544.96875,594817.0
2025-06-16 16:07:00+00:00,42567.30078125,42567.30078125,42548.2890625,42551.03125,727833.0
2025-06-16 16:08:00+00:00,42561.44921875,42568.4296875,42560.7109375,42567.21875,611826.0
2025-06-16 16:09:00+00:00,42550.0703125,42562.37109375,42549.23828125,42561.5,735984.0
2025-06-16 16:10:00+00:00,42554.19921875,42554.53125,42541.671875,42550.69140625,650091.0
2025-06-16 16:11:00+00:00,42556.6796875,42557.91015625,42553.37109375,42554.19921875,563584.0
2025-06-16 16:12:00+00:00,42569.9296875,42569.94140625,42556.62890625,42557.01953125,764631.0
2025-06-16 16:13:00+00:00,42582.6484375,42582.6484375,42569.8515625,42569.8515625,693664.0
2025-06-16 16:15:00+00:00,42577.37109375,42577.66015625,42565.01171875,42574.98828125,2197477.0
2025-06-16 16:16:00+00:00,42581.80078125,42583.26953125,42576.5,42577.109375,734645.0
2025-06-16 16:17:00+00:00,42593.46875,42596.33984375,42580.08984375,42581.76953125,822436.0
2025-06-16 16:18:00+00:00,42592.66015625,42595.9296875,42592.41015625,42594.08984375,762054.0
2025-06-16 16:19:00+00:00,42584.5,42592.6796875,42584.5,42592.6796875,624949.0
2025-06-16 16:20:00+00:00,42601.609375,42601.76171875,42579.80078125,42583.7109375,770899.0
2025-06-16 16:21:00+00:00,42608.62890625,42609.48828125,42601.76171875,42602.1796875,560531.0
2025-06-16 16:22:00+00:00,42595.80859375,42611.23828125,42595.73828125,42608.75,749761.0
2025-06-16 16:23:00+00:00,42595.328125,42598.1015625,42594.19140625,42594.828125,652014.0
2025-06-16 16:24:00+00:00,42594.48828125,42597.25,42588.48046875,42595.671875,929200.0
2025-06-16 16:25:00+00:00,42578.87109375,42594.73828125,42576.71875,42594.609375,715025.0
2025-06-16 16:26:00+00:00,42566.51171875,42578.921875,42566.4296875,42578.921875,633880.0
2025-06-16 16:27:00+00:00,42564.6796875,42568.76953125,42560.9296875,42566.21875,600684.0
2025-06-16 16:28:00+00:00,42571.78125,42572.3203125,42559.9296875,42564.03125,704598.0
2025-06-16 16:29:00+00:00,42564.80859375,42573.76171875,42564.80859375,42570.83984375,684684.0
2025-06-16 16:30:00+00:00,42568.30078125,42568.76953125,42565.671875,42567.6015625,663545.0
2025-06-16 16:31:00+00:00,42574.87890625,42574.87890625,42567.16015625,42568.0,621821.0
2025-06-16 16:32:00+00:00,42578.80859375,42580.05078125,42570.94921875,42574.83984375,634628.0
2025-06-16 16:33:00+00:00,42569.8515625,42581.48046875,42569.8515625,42578.71875,617624.0
2025-06-16 16:34:00+00:00,42568.8203125,42571.109375,42566.94921875,42569.640625,547402.0
2025-06-16 16:35:00+00:00,42559.30078125,42568.94140625,42558.71875,42566.87109375,536833.0
2025-06-16 16:36:00+00:00,42567.98828125,42567.98828125,42555.37109375,42559.23046875,583627.0
2025-06-16 16:37:00+00:00,42565.171875,42578.30078125,42565.0703125,42568.6015625,645205.0
2025-06-16 16:38:00+00:00,42564.94921875,42566.44921875,42562.33984375,42565.3203125,677794.0
2025-06-16 16:39:00+00:00,42566.16015625,42568.6015625,42563.80078125,42566.3203125,583484.0
2025-06-16 16:40:00+00:00,42558.01171875,42566.3203125,42556.66015625,42566.01953125,648699.0
2025-06-16 16:41:00+00:00,42564.91015625,42570.140625,42558.7109375,42558.71875,643151.0
2025-06-16 16:42:00+00:00,42555.05078125,42565.0390625,42554.609375,42564.26953125,747046.0
2025-06-16 16:43:00+00:00,42547.30078125,42555.62890625,42544.53125,42554.26953125,586443.0
2025-06-16 16:44:00+00:00,42541.44140625,42547.58984375,42536.8515625,42546.73828125,691174.0
2025-06-16 16:45:00+00:00,42543.30078125,42544.1484375,42536.6015625,42540.859375,497557.0
2025-06-16 16:46:00+00:00,42563.21875,42564.03125,42542.9296875,42543.4609375,762272.0
2025-06-16 16:47:00+00:00,42569.51171875,42570.23828125,42562.671875,42563.08984375,643188.0
2025-06-16 16:48:00+00:00,42561.16015625,42561.76171875,42559.76953125,42559.76953125,461900.0
2025-06-16 16:49:00+00:00,42557.5,42562.46875,42556.71875,42561.0390625,394027.0
2025-06-16 16:50:00+00:00,42562.19140625,42562.19921875,42557.9609375,42558.55078125,454042.0
2025-06-16 16:51:00+00:00,42562.96875,42565.33984375,42560.05078125,42562.23828125,488247.0
2025-06-16 16:52:00+00:00,42573.76953125,42573.9296875,42561.140625,42563.1015625,578164.0
2025-06-16 16:53:00+00:00,42578.46875,42579.8203125,42571.73046875,42573.94140625,946788.0
2025-06-16 16:54:00+00:00,42577.30859375,42578.23828125,42573.01953125,42578.23828125,443786.0
2025-06-16 16:55:00+00:00,42569.4296875,42577.859375,42569.390625,42577.7109375,427508.0
2025-06-16 16:56:00+00:00,42567.98046875,42571.078125,42567.41015625,42569.55859375,468513.0
2025-06-16 16:57:00+00:00,42560.4296875,42568.87109375,42560.4296875,42568.48828125,438585.0
2025-06-16 16:58:00+00:00,42554.8203125,42562.73046875,42554.8203125,42560.859375,513396.0
2025-06-16 16:59:00+00:00,42553.078125,42554.640625,42544.01171875,42554.33984375,647440.0
2025-06-16 17:00:00+00:00,42557.2890625,42557.69140625,42551.078125,42554.0390625,422053.0
2025-06-16 17:01:00+00:00,42556.2890625,42559.25,42552.26953125,42557.46875,486178.0
2025-06-16 17:02:00+00:00,42553.91015625,42560.71875,42550.5,42555.8203125,548119.0
2025-06-16 17:03:00+00:00,42550.9296875,42554.2890625,42550.9296875,42554.0390625,367247.0
2025-06-16 17:04:00+00:00,42544.7890625,42553.76171875,42540.98046875,42550.8984375,540394.0
2025-06-16 17:05:00+00:00,42535.6015625,42548.37109375,42532.58984375,42544.76953125,650684.0
2025-06-16 17:06:00+00:00,42535.98046875,42536.98828125,42533.94140625,42535.46875,716913.0
2025-06-16 17:07:00+00:00,42540.28125,42543.4609375,42536.01171875,42536.01171875,502841.0
2025-06-16 17:08:00+00:00,42545.87109375,42546.66015625,42536.578125,42540.5390625,424188.0
2025-06-16 17:09:00+00:00,42549.98046875,42550.03125,42546.44140625,42546.44140625,456108.0
2025-06-16 17:10:00+00:00,42548.1796875,42548.1796875,42545.48828125,42545.48828125,427587.0
2025-06-16 17:11:00+00:00,42541.328125,42554.80859375,42540.25,42547.6484375,529178.0
2025-06-16 17:12:00+00:00,42529.25,42540.828125,42529.25,42540.58984375,531750.0
2025-06-16 17:13:00+00:00,42536.16015625,42536.16015625,42527.62890625,42529.4296875,707565.0
2025-06-16 17:14:00+00:00,42530.46875,42538.0390625,42530.46875,42536.08984375,605197.0
2025-06-16 17:15:00+00:00,42531.6015625,42531.6015625,42526.1796875,42530.9296875,694789.0
2025-06-16 17:16:00+00:00,42536.05078125,42536.05078125,42530.76171875,42531.6015625,627782.0
2025-06-16 17:17:00+00:00,42536.390625,42537.26953125,42532.21875,42537.26953125,583580.0
2025-06-16 17:18:00+00:00,42538.890625,42538.890625,42532.1015625,42536.3203125,696526.0
2025-06-16 17:19:00+00:00,42542.23046875,42544.05078125,42538.1796875,42538.76171875,546500.0
2025-06-16 17:20:00+00:00,42536.94921875,42547.51953125,42535.37109375,42541.62109375,716743.0
2025-06-16 17:21:00+00:00,42532.9609375,42538.0,42532.9609375,42536.80078125,456300.0
2025-06-16 17:22:00+00:00,42534.80078125,42536.8203125,42532.390625,42533.359375,499237.0
2025-06-16 17:23:00+00:00,42536.98046875,42538.859375,42534.12109375,42534.58984375,613768.0
2025-06-16 17:24:00+00:00,42540.6484375,42545.578125,42535.7109375,42535.7109375,567960.0
2025-06-16 17:25:00+00:00,42557.73046875,42558.01171875,42539.73046875,42540.6015625,714643.0
2025-06-16 17:26:00+00:00,42567.7109375,42568.12890625,42558.01953125,42558.01953125,461427.0
2025-06-16 17:27:00+00:00,42570.44140625,42570.44140625,42564.359375,42568.109375,479342.0
2025-06-16 17:28:00+00:00,42601.98046875,42603.76171875,42570.21875,42571.1015625,907953.0
2025-06-16 17:29:00+00:00,42594.16015625,42601.6484375,42593.98046875,42601.6484375,457462.0
2025-06-16 17:30:00+00:00,42611.21875,42613.80859375,42594.4296875,42594.4296875,611204.0
2025-06-16 17:31:00+00:00,42606.21875,42616.921875,42600.69921875,42616.4296875,809661.0
2025-06-16 17:32:00+00:00,42601.5390625,42607.98828125,42599.2890625,42606.58984375,645604.0
2025-06-16 17:33:00+00:00,42598.9296875,42611.6796875,42598.9296875,42601.76171875,531030.0
2025-06-16 17:34:00+00:00,42601.01171875,42601.98828125,42592.94921875,42597.578125,783512.0
2025-06-16 17:35:00+00:00,42588.53125,42604.46875,42585.75,42600.94921875,659437.0
2025-06-16 17:36:00+00:00,42587.5703125,42594.671875,42587.28125,42588.55078125,594809.0
2025-06-16 17:37:00+00:00,42584.859375,42589.8515625,42583.83984375,42587.71875,448484.0
2025-06-16 17:38:00+00:00,42581.30078125,42585.140625,42574.9609375,42583.87890625,514794.0
2025-06-16 17:39:00+00:00,42576.078125,42582.26953125,42575.05859375,42581.37109375,424855.0
2025-06-16 17:40:00+00:00,42580.390625,42581.0703125,42573.53125,42574.98828125,473971.0
2025-06-16 17:41:00+00:00,42585.69140625,42588.23828125,42579.62890625,42580.23046875,481881.0
2025-06-16 17:42:00+00:00,42576.76953125,42585.94140625,42576.76953125,42585.94140625,411826.0
2025-06-16 17:44:00+00:00,42571.7109375,42577.921875,42570.9296875,42573.328125,1125702.0
2025-06-16 17:45:00+00:00,42571.98046875,42578.76171875,42571.55859375,42571.55859375,575042.0
2025-06-16 17:46:00+00:00,42563.33984375,42572.390625,42559.58984375,42572.390625,461235.0
2025-06-16 17:47:00+00:00,42559.98828125,42564.6796875,42558.5703125,42564.0703125,557685.0
2025-06-16 17:48:00+00:00,42556.69921875,42560.37890625,42554.94921875,42559.80078125,469049.0
2025-06-16 17:49:00+00:00,42561.828125,42562.0390625,42556.0,42556.7890625,428845.0
2025-06-16 17:50:00+00:00,42563.73046875,42563.828125,42560.3984375,42562.48046875,422255.0
2025-06-16 17:51:00+00:00,42571.0703125,42571.0703125,42562.2109375,42564.2109375,428316.0
2025-06-16 17:52:00+00:00,42552.12890625,42572.0390625,42551.78125,42571.25,670701.0
2025-06-16 17:53:00+00:00,42555.328125,42558.1015625,42552.48828125,42552.48828125,469455.0
2025-06-16 17:54:00+00:00,42542.5703125,42556.96875,42542.5703125,42555.33984375,574486.0
2025-06-16 17:55:00+00:00,42535.55859375,42541.05859375,42529.5,42541.05859375,845285.0
2025-06-16 17:56:00+00:00,42535.96875,42537.62109375,42534.62890625,42535.359375,469514.0
2025-06-16 17:57:00+00:00,42520.609375,42536.2109375,42519.46875,42535.94140625,628382.0
2025-06-16 17:58:00+00:00,42511.078125,42520.140625,42511.078125,42519.640625,652095.0
2025-06-16 17:59:00+00:00,42516.96875,42517.05078125,42508.3984375,42510.94921875,592435.0
2025-06-16 18:00:00+00:00,42517.05859375,42519.69921875,42513.55078125,42517.01171875,525773.0
2025-06-16 18:01:00+00:00,42526.51171875,42529.03125,42515.23828125,42517.671875,746139.0
2025-06-16 18:02:00+00:00,42526.03125,42528.9296875,42524.16015625,42526.7890625,523114.0
2025-06-16 18:03:00+00:00,42535.48046875,42535.48046875,42526.55078125,42526.55078125,525935.0
2025-06-16 18:04:00+00:00,42538.87109375,42540.23046875,42535.359375,42535.80078125,454023.0
2025-06-16 18:05:00+00:00,42548.4296875,42548.609375,42539.03125,42539.03125,418119.0
2025-06-16 18:06:00+00:00,42552.0,42557.2109375,42548.5,42548.5,448961.0
2025-06-16 18:07:00+00:00,42543.671875,42552.0390625,42541.4609375,42552.0390625,445595.0
2025-06-16 18:08:00+00:00,42540.94140625,42544.4296875,42538.87109375,42543.41015625,418758.0
2025-06-16 18:09:00+00:00,42538.78125,42540.890625,42535.0703125,42540.890625,479959.0
2025-06-16 18:10:00+00:00,42539.8515625,42541.19140625,42538.12890625,42538.921875,420474.0
2025-06-16 18:11:00+00:00,42531.62890625,42539.87890625,42531.609375,42539.87890625,512743.0
2025-06-16 18:12:00+00:00,42534.01171875,42536.8984375,42531.6484375,42532.0390625,608566.0
2025-06-16 18:13:00+00:00,42540.3984375,42541.94921875,42531.41015625,42533.890625,465611.0
2025-06-16 18:14:00+00:00,42544.62890625,42544.62890625,42539.87109375,42540.55859375,966693.0
2025-06-16 18:15:00+00:00,42537.1796875,42545.05859375,42535.21875,42544.75,603064.0
2025-06-16 18:16:00+00:00,42532.62890625,42535.78125,42532.62890625,42535.71875,597035.0
2025-06-16 18:17:00+00:00,42532.37109375,42534.359375,42531.0703125,42532.48828125,513099.0
2025-06-16 18:18:00+00:00,42527.51171875,42533.25,42525.30078125,42532.4296875,405526.0
2025-06-16 18:19:00+00:00,42524.2890625,42527.3515625,42520.78125,42527.3515625,395073.0
2025-06-16 18:20:00+00:00,42517.078125,42525.0,42516.78125,42524.76171875,574671.0
2025-06-16 18:21:00+00:00,42517.16015625,42518.359375,42512.4296875,42516.66015625,459699.0
2025-06-16 18:22:00+00:00,42526.30859375,42526.390625,42515.96875,42517.5,392458.0
2025-06-16 18:23:00+00:00,42531.98046875,42533.578125,42524.30859375,42526.26953125,456301.0
2025-06-16 18:24:00+00:00,42542.76171875,42543.80078125,42532.0390625,42532.0390625,449205.0
2025-06-16 18:25:00+00:00,42536.5390625,42544.5703125,42535.5703125,42542.80078125,543037.0
2025-06-16 18:26:00+00:00,42537.44140625,42537.62109375,42532.21875,42536.2109375,388633.0
2025-06-16 18:27:00+00:00,42536.62890625,42542.0390625,42536.390625,42537.46875,1026407.0
2025-06-16 18:28:00+00:00,42534.6015625,42539.55859375,42533.640625,42536.7109375,399538.0
2025-06-16 18:29:00+00:00,42525.2109375,42534.48828125,42525.2109375,42534.05078125,378507.0
2025-06-16 18:30:00+00:00,42519.55859375,42528.8515625,42518.7890625,42525.19140625,548129.0
2025-06-16 18:31:00+00:00,42510.80078125,42521.0,42510.2109375,42519.75,630012.0
2025-06-16 18:32:00+00:00,42514.8515625,42515.03125,42507.6796875,42511.890625,472462.0
2025-06-16 18:33:00+00:00,42518.78125,42519.98828125,42514.28125,42514.5,437410.0
2025-06-16 18:34:00+00:00,42512.578125,42518.828125,42512.578125,42518.76171875,395426.0
2025-06-16 18:35:00+00:00,42500.41015625,42507.91015625,42500.41015625,42507.91015625,499863.0
2025-06-16 18:36:00+00:00,42498.08984375,42500.08984375,42490.859375,42500.08984375,666982.0
2025-06-16 18:37:00+00:00,42496.73046875,42498.28125,42493.671875,42497.98046875,447675.0
2025-06-16 18:38:00+00:00,42495.19921875,42502.3515625,42495.19921875,42496.87890625,405781.0
2025-06-16 18:39:00+00:00,42495.0,42496.94921875,42493.76171875,42494.48828125,511850.0
2025-06-16 18:40:00+00:00,42500.71875,42500.71875,42495.12109375,42495.12109375,559396.0
2025-06-16 18:41:00+00:00,42501.28125,42502.8984375,42499.66015625,42500.9296875,429705.0
2025-06-16 18:42:00+00:00,42499.12109375,42502.62109375,42498.19140625,42501.5390625,470288.0
2025-06-16 18:43:00+00:00,42498.69140625,42502.421875,42498.69140625,42499.859375,389993.0
2025-06-16 18:44:00+00:00,42494.08984375,42499.2890625,42494.08984375,42498.55859375,446755.0
2025-06-16 18:45:00+00:00,42487.44921875,42493.62109375,42483.1484375,42493.62109375,600913.0
2025-06-16 18:46:00+00:00,42487.4296875,42490.171875,42486.33984375,42486.33984375,621840.0
2025-06-16 18:47:00+00:00,42480.8984375,42486.6484375,42479.76953125,42485.76171875,419144.0
2025-06-16 18:48:00+00:00,42483.5703125,42485.30859375,42479.30078125,42480.55859375,549946.0
2025-06-16 18:49:00+00:00,42478.98046875,42485.08984375,42478.73046875,42483.578125,1070242.0
2025-06-16 18:50:00+00:00,42479.2109375,42484.80078125,42477.109375,42479.1796875,706910.0
2025-06-16 18:51:00+00:00,42480.19921875,42480.96875,42471.0390625,42478.9609375,598551.0
2025-06-16 18:52:00+00:00,42490.078125,42492.33984375,42479.9296875,42480.140625,729572.0
2025-06-16 18:53:00+00:00,42496.80078125,42500.578125,42488.0390625,42490.16015625,1000555.0
2025-06-16 18:54:00+00:00,42503.8515625,42503.8515625,42494.44921875,42496.78125,677508.0
2025-06-16 18:55:00+00:00,42508.73046875,42510.44921875,42503.828125,42503.828125,756815.0
2025-06-16 18:56:00+00:00,42519.28125,42520.01953125,42508.4296875,42508.640625,583561.0
2025-06-16 18:57:00+00:00,42525.03125,42525.76171875,42523.8203125,42525.76171875,589472.0
2025-06-16 18:58:00+00:00,42517.25,42526.6484375,42516.3203125,42524.671875,1110518.0
2025-06-16 18:59:00+00:00,42514.1015625,42518.55859375,42513.62109375,42517.08984375,618622.0
2025-06-16 19:00:00+00:00,42514.8515625,42515.05078125,42505.609375,42514.23828125,757862.0
2025-06-16 19:01:00+00:00,42501.19921875,42514.8515625,42500.2890625,42514.8515625,585578.0
2025-06-16 19:02:00+00:00,42499.48828125,42502.078125,42497.91015625,42501.328125,509390.0
2025-06-16 19:03:00+00:00,42485.0703125,42499.25,42485.0703125,42499.2109375,618177.0
2025-06-16 19:04:00+00:00,42483.87109375,42485.7890625,42482.41015625,42484.98046875,564438.0
2025-06-16 19:05:00+00:00,42476.30859375,42483.48046875,42475.73828125,42483.48046875,701857.0
2025-06-16 19:06:00+00:00,42475.6796875,42479.73828125,42472.30078125,42475.75,783265.0
2025-06-16 19:07:00+00:00,42472.53125,42477.859375,42472.53125,42475.94140625,632631.0
2025-06-16 19:08:00+00:00,42470.30859375,42473.2890625,42468.87890625,42472.91015625,773102.0
2025-06-16 19:09:00+00:00,42465.98828125,42470.12890625,42464.62109375,42469.98828125,853469.0
2025-06-16 19:10:00+00:00,42461.78125,42465.6484375,42458.3515625,42465.3203125,764482.0
2025-06-16 19:11:00+00:00,42466.5703125,42467.01953125,42457.94921875,42462.55859375,1138417.0
2025-06-16 19:12:00+00:00,42468.1484375,42468.3984375,42467.6015625,42468.30859375,668956.0
2025-06-16 19:13:00+00:00,42483.109375,42484.921875,42466.1796875,42468.140625,1010526.0
2025-06-16 19:14:00+00:00,42468.6484375,42486.23046875,42466.5,42483.83984375,766418.0
2025-06-16 19:15:00+00:00,42464.328125,42469.44140625,42464.03125,42468.6484375,638198.0
2025-06-16 19:16:00+00:00,42476.96875,42476.96875,42464.0,42464.30078125,778938.0
2025-06-16 19:17:00+00:00,42467.640625,42477.4296875,42466.94921875,42477.26953125,694451.0
2025-06-16 19:18:00+00:00,42463.76953125,42469.66015625,42463.16015625,42467.44140625,570380.0
2025-06-16 19:19:00+00:00,42457.98046875,42466.44140625,42457.6484375,42463.4296875,798220.0
2025-06-16 19:20:00+00:00,42454.37109375,42459.26171875,42451.44140625,42457.921875,773811.0
2025-06-16 19:21:00+00:00,42479.80078125,42486.328125,42447.51171875,42454.55859375,2080601.0
2025-06-16 19:22:00+00:00,42483.578125,42490.25,42478.5390625,42481.890625,825331.0
2025-06-16 19:23:00+00:00,42492.671875,42493.9609375,42484.41015625,42484.41015625,931674.0
2025-06-16 19:24:00+00:00,42470.80078125,42493.1796875,42468.19140625,42492.69921875,825700.0
2025-06-16 19:25:00+00:00,42470.19140625,42470.828125,42465.55859375,42470.828125,751667.0
2025-06-16 19:26:00+00:00,42478.75,42480.73046875,42469.7890625,42470.12890625,850430.0
2025-06-16 19:27:00+00:00,42477.30859375,42488.55859375,42475.05859375,42478.75,1376741.0
2025-06-16 19:28:00+00:00,42466.76171875,42477.73046875,42466.3203125,42477.6484375,665706.0
2025-06-16 19:29:00+00:00,42462.9296875,42467.80859375,42462.6015625,42467.578125,683205.0
2025-06-16 19:30:00+00:00,42467.30078125,42470.98046875,42460.33984375,42462.51171875,937469.0
2025-06-16 19:31:00+00:00,42468.1484375,42474.5703125,42463.33984375,42466.98046875,1331393.0
2025-06-16 19:33:00+00:00,42450.01171875,42453.328125,42448.80078125,42449.98828125,2012057.0
2025-06-16 19:34:00+00:00,42462.98828125,42465.859375,42449.69140625,42449.69140625,747590.0
2025-06-16 19:35:00+00:00,42471.75,42477.9296875,42459.94921875,42461.26953125,854491.0
2025-06-16 19:36:00+00:00,42476.78125,42477.6796875,42468.078125,42471.1484375,943248.0
2025-06-16 19:37:00+00:00,42472.0703125,42480.33984375,42472.0703125,42477.6484375,985617.0
2025-06-16 19:38:00+00:00,42478.94921875,42479.01953125,42472.1796875,42472.1796875,991497.0
2025-06-16 19:39:00+00:00,42477.109375,42483.28125,42474.8515625,42479.1484375,1043454.0
2025-06-16 19:40:00+00:00,42477.66015625,42480.171875,42476.30078125,42477.46875,871152.0
2025-06-16 19:41:00+00:00,42482.80859375,42483.26953125,42474.41015625,42477.33984375,1083714.0
2025-06-16 19:42:00+00:00,42484.640625,42486.46875,42484.12890625,42485.33984375,653676.0
2025-06-16 19:43:00+00:00,42482.58984375,42485.640625,42479.62109375,42485.0703125,955658.0
2025-06-16 19:44:00+00:00,42484.921875,42484.921875,42475.80078125,42482.01953125,931326.0
2025-06-16 19:45:00+00:00,42498.7109375,42498.7109375,42484.94140625,42485.0,972481.0
2025-06-16 19:46:00+00:00,42504.1484375,42505.73828125,42494.75,42498.55859375,1030301.0
2025-06-16 19:47:00+00:00,42505.19140625,42508.828125,42499.98828125,42503.44140625,1145141.0
2025-06-16 19:48:00+00:00,42517.078125,42517.078125,42497.4609375,42504.83984375,1423984.0
2025-06-16 19:49:00+00:00,42503.3203125,42518.58984375,42503.3203125,42516.73046875,1491358.0
2025-06-16 19:50:00+00:00,42476.9609375,42487.01171875,42473.83984375,42486.98828125,2150593.0
2025-06-16 19:51:00+00:00,42485.94921875,42485.94921875,42473.5703125,42476.4609375,1820606.0
2025-06-16 19:52:00+00:00,42495.69921875,42497.5390625,42481.890625,42484.91015625,1624779.0
2025-06-16 19:53:00+00:00,42492.359375,42498.66015625,42489.91015625,42495.55859375,1805139.0
2025-06-16 19:54:00+00:00,42501.3984375,42511.890625,42484.5703125,42492.05859375,2907469.0
2025-06-16 19:55:00+00:00,42507.421875,42521.8203125,42493.0390625,42501.0703125,3253196.0
2025-06-16 19:56:00+00:00,42502.578125,42516.9609375,42502.578125,42509.0,2882146.0
2025-06-16 19:57:00+00:00,42464.05078125,42504.37890625,42464.05078125,42504.37890625,3522576.0
2025-06-16 19:58:00+00:00,42470.921875,42475.4296875,42463.078125,42464.30859375,4853734.0
2025-06-16 19:59:00+00:00,42519.140625,42523.0703125,42464.2890625,42469.28125,9328962.0
2025-06-17 13:30:00+00:00,42341.96875,42364.05859375,42341.96875,42364.05859375,19694002.0
2025-06-17 13:31:00+00:00,42379.16015625,42380.33984375,42343.4609375,42343.4609375,2953239.0
2025-06-17 13:32:00+00:00,42402.7109375,42405.94140625,42370.26171875,42376.80078125,2460019.0
2025-06-17 13:33:00+00:00,42374.44921875,42407.26953125,42371.44140625,42403.62890625,1791250.0
2025-06-17 13:34:00+00:00,42397.48046875,42409.9296875,42374.55078125,42374.640625,2262039.0
2025-06-17 13:35:00+00:00,42375.578125,42397.44140625,42371.53125,42392.80078125,2094685.0
2025-06-17 13:36:00+00:00,42367.1796875,42382.390625,42365.83984375,42376.3203125,1505863.0
2025-06-17 13:37:00+00:00,42352.83984375,42367.44140625,42350.73828125,42367.44140625,1597652.0
2025-06-17 13:38:00+00:00,42376.30078125,42377.48828125,42353.78125,42353.78125,1246036.0
2025-06-17 13:39:00+00:00,42373.2890625,42383.83984375,42366.9609375,42376.21875,1387082.0
2025-06-17 13:40:00+00:00,42388.71875,42388.94140625,42372.69140625,42373.8515625,1438369.0
2025-06-17 13:41:00+00:00,42385.578125,42396.671875,42383.66015625,42387.30078125,1595911.0
2025-06-17 13:42:00+00:00,42356.83984375,42383.26953125,42344.87109375,42382.48046875,1948416.0
2025-06-17 13:43:00+00:00,42376.2109375,42381.2109375,42353.12109375,42357.140625,1292813.0
2025-06-17 13:44:00+00:00,42398.62890625,42398.62890625,42376.51171875,42376.671875,1575074.0
2025-06-17 13:46:00+00:00,42404.80859375,42414.98046875,42401.05859375,42403.140625,3148162.0
2025-06-17 13:47:00+00:00,42409.80859375,42414.94921875,42404.01953125,42408.55078125,1317914.0
2025-06-17 13:48:00+00:00,42392.01171875,42415.55078125,42390.28125,42407.5,1348588.0
2025-06-17 13:49:00+00:00,42385.6484375,42394.76171875,42381.73046875,42392.828125,1269901.0
2025-06-17 13:50:00+00:00,42365.94921875,42385.671875,42365.94921875,42385.55859375,1255275.0
2025-06-17 13:51:00+00:00,42381.03125,42381.5,42367.80078125,42367.80078125,937122.0
2025-06-17 13:52:00+00:00,42409.96875,42411.6796875,42380.5390625,42384.66015625,1620394.0
2025-06-17 13:53:00+00:00,42406.2890625,42414.23046875,42405.109375,42409.8515625,878021.0
2025-06-17 13:54:00+00:00,42396.609375,42406.75,42396.33984375,42403.921875,1167624.0
2025-06-17 13:55:00+00:00,42393.44140625,42406.83984375,42393.12109375,42395.328125,970307.0
2025-06-17 13:56:00+00:00,42406.80859375,42407.73828125,42380.94921875,42394.55078125,1606743.0
2025-06-17 13:57:00+00:00,42405.69921875,42410.421875,42402.44140625,42404.8515625,1153897.0
2025-06-17 13:58:00+00:00,42395.48828125,42408.3515625,42395.48828125,42406.80859375,936147.0
2025-06-17 13:59:00+00:00,42405.44140625,42405.44140625,42390.75,42395.44921875,993872.0
2025-06-17 14:00:00+00:00,42415.75,42426.421875,42405.3984375,42405.3984375,1531840.0
2025-06-17 14:01:00+00:00,42404.46875,42417.19921875,42402.2109375,42413.44140625,1155932.0
2025-06-17 14:02:00+00:00,42406.1484375,42413.2109375,42401.58984375,42404.23828125,1019893.0
2025-06-17 14:03:00+00:00,42406.87109375,42414.87890625,42406.16015625,42407.26953125,1009951.0
2025-06-17 14:04:00+00:00,42404.3515625,42408.6796875,42394.390625,42407.078125,1137849.0
2025-06-17 14:05:00+00:00,42425.30078125,42426.359375,42402.8203125,42405.05859375,1208242.0
2025-06-17 14:06:00+00:00,42426.41015625,42433.76953125,42424.44140625,42424.859375,961048.0
2025-06-17 14:07:00+00:00,42423.328125,42440.23046875,42423.328125,42426.83984375,1379499.0
2025-06-17 14:08:00+00:00,42425.94140625,42426.9609375,42417.96875,42422.1484375,999449.0
2025-06-17 14:09:00+00:00,42438.8984375,42440.96875,42415.28125,42424.828125,1037340.0
2025-06-17 14:10:00+00:00,42436.23046875,42451.9609375,42435.421875,42438.640625,1107393.0
2025-06-17 14:11:00+00:00,42452.19921875,42452.19921875,42435.578125,42438.5,1053686.0
2025-06-17 14:12:00+00:00,42468.44921875,42468.44921875,42450.58984375,42451.69921875,1018468.0
2025-06-17 14:13:00+00:00,42461.12109375,42472.26953125,42457.71875,42468.390625,825340.0
2025-06-17 14:14:00+00:00,42468.25,42469.8984375,42459.87890625,42460.9609375,1086094.0
2025-06-17 14:15:00+00:00,42462.26953125,42476.94921875,42459.16015625,42467.71875,918236.0
2025-06-17 14:16:00+00:00,42464.44921875,42464.44921875,42457.28125,42461.94921875,1314719.0
2025-06-17 14:17:00+00:00,42463.4609375,42468.96875,42460.96875,42465.30078125,836553.0
2025-06-17 14:18:00+00:00,42450.71875,42467.94921875,42448.98828125,42463.5,1103690.0
2025-06-17 14:19:00+00:00,42455.69140625,42459.28125,42445.6015625,42449.9609375,746357.0
2025-06-17 14:20:00+00:00,42472.8984375,42473.0,42455.0703125,42456.1484375,750391.0
2025-06-17 14:21:00+00:00,42489.5703125,42489.5703125,42480.828125,42481.109375,801532.0
2025-06-17 14:22:00+00:00,42485.671875,42493.62890625,42484.609375,42489.73828125,1587243.0
2025-06-17 14:23:00+00:00,42488.41015625,42492.33984375,42484.8984375,42487.51171875,838523.0
2025-06-17 14:24:00+00:00,42470.1484375,42492.19140625,42470.0,42488.30859375,1023747.0
2025-06-17 14:25:00+00:00,42466.328125,42477.828125,42463.98828125,42469.91015625,831740.0
2025-06-17 14:26:00+00:00,42466.8203125,42473.33984375,42463.94140625,42466.7890625,905361.0
2025-06-17 14:27:00+00:00,42470.12890625,42471.55078125,42463.08984375,42465.1015625,846094.0
2025-06-17 14:28:00+00:00,42471.3203125,42474.03125,42467.8203125,42469.51953125,817256.0
2025-06-17 14:29:00+00:00,42474.46875,42476.1015625,42470.30078125,42471.76953125,732814.0
2025-06-17 14:30:00+00:00,42481.51953125,42484.37890625,42473.390625,42473.94921875,1095185.0
2025-06-17 14:31:00+00:00,42492.140625,42497.37890625,42480.44140625,42480.80078125,741083.0
2025-06-17 14:32:00+00:00,42481.25,42494.98828125,42481.25,42491.890625,642713.0
2025-06-17 14:33:00+00:00,42475.26953125,42481.51953125,42475.26953125,42481.51953125,879007.0
2025-06-17 14:34:00+00:00,42470.890625,42477.2109375,42470.58984375,42475.828125,684922.0
2025-06-17 14:35:00+00:00,42453.5703125,42470.76171875,42452.578125,42470.390625,817217.0
2025-06-17 14:36:00+00:00,42457.8515625,42469.58984375,42453.23828125,42453.23828125,649065.0
2025-06-17 14:37:00+00:00,42455.30859375,42458.1015625,42448.83984375,42457.8515625,898391.0
2025-06-17 14:38:00+00:00,42462.2109375,42466.12890625,42456.23828125,42456.23828125,795823.0
2025-06-17 14:39:00+00:00,42460.91015625,42463.7890625,42458.0,42462.23828125,560413.0
2025-06-17 14:40:00+00:00,42438.8984375,42463.421875,42438.8984375,42461.4609375,1001903.0
2025-06-17 14:41:00+00:00,42427.19140625,42440.33984375,42427.19140625,42439.7109375,687206.0
2025-06-17 14:42:00+00:00,42424.37109375,42431.26953125,42416.921875,42427.359375,835151.0
2025-06-17 14:43:00+00:00,42435.25,42438.828125,42424.16015625,42424.51171875,734689.0
2025-06-17 14:44:00+00:00,42426.359375,42436.73828125,42423.80859375,42435.328125,763709.0
2025-06-17 14:45:00+00:00,42431.7109375,42434.83984375,42423.76953125,42426.359375,953035.0
2025-06-17 14:46:00+00:00,42438.01171875,42440.51171875,42428.08984375,42431.9296875,633127.0
2025-06-17 14:47:00+00:00,42440.6796875,42448.640625,42438.671875,42438.671875,673018.0
2025-06-17 14:48:00+00:00,42435.078125,42442.69140625,42433.12109375,42440.2890625,733515.0
2025-06-17 14:49:00+00:00,42428.890625,42436.33984375,42420.2890625,42434.98828125,723864.0
2025-06-17 14:50:00+00:00,42448.87109375,42448.87109375,42425.55859375,42428.421875,735702.0
2025-06-17 14:51:00+00:00,42433.98828125,42457.4296875,42432.6796875,42448.859375,742159.0
2025-06-17 14:52:00+00:00,42416.3984375,42434.609375,42415.3515625,42434.609375,685264.0
2025-06-17 14:53:00+00:00,42420.7890625,42423.7890625,42414.171875,42416.19140625,868137.0
2025-06-17 14:54:00+00:00,42434.26953125,42434.73046875,42420.9609375,42420.9609375,540137.0
2025-06-17 14:55:00+00:00,42439.80859375,42440.69140625,42429.8984375,42434.73046875,603116.0
2025-06-17 14:56:00+00:00,42432.94140625,42439.48828125,42429.2890625,42438.8984375,724045.0
2025-06-17 14:57:00+00:00,42424.87890625,42424.87890625,42422.69140625,42423.53125,824616.0
2025-06-17 14:58:00+00:00,42433.58984375,42437.41015625,42423.51171875,42424.421875,714378.0
2025-06-17 14:59:00+00:00,42433.37890625,42437.66015625,42429.28125,42434.30859375,597033.0
2025-06-17 15:00:00+00:00,42434.2890625,42435.94140625,42427.859375,42433.26171875,1010990.0
2025-06-17 15:01:00+00:00,42428.359375,42432.94140625,42423.94140625,42432.51953125,996831.0
2025-06-17 15:02:00+00:00,42429.28125,42431.08984375,42423.0703125,42427.078125,586130.0
2025-06-17 15:03:00+00:00,42453.1484375,42453.1484375,42427.80078125,42428.609375,855409.0
2025-06-17 15:04:00+00:00,42465.51953125,42465.8203125,42453.44921875,42454.0390625,762305.0
2025-06-17 15:05:00+00:00,42471.8515625,42476.1796875,42461.23828125,42465.48828125,559811.0
2025-06-17 15:06:00+00:00,42472.33984375,42473.37890625,42468.171875,42470.98828125,1286118.0
2025-06-17 15:07:00+00:00,42485.109375,42486.3984375,42472.66015625,42473.05078125,631730.0
2025-06-17 15:08:00+00:00,42484.96875,42491.1796875,42483.19140625,42485.69921875,676800.0
2025-06-17 15:09:00+00:00,42483.01171875,42485.19921875,42478.76953125,42484.62890625,491433.0
2025-06-17 15:10:00+00:00,42489.01953125,42491.41015625,42479.01953125,42483.6796875,952920.0
2025-06-17 15:11:00+00:00,42508.2890625,42511.98828125,42485.640625,42486.5390625,1011556.0
2025-06-17 15:12:00+00:00,42504.55078125,42510.08984375,42502.55078125,42508.94140625,1116339.0
2025-06-17 15:13:00+00:00,42493.94140625,42504.94140625,42492.83984375,42504.94140625,959824.0
2025-06-17 15:14:00+00:00,42529.328125,42529.328125,42496.98046875,42496.98046875,984870.0
2025-06-17 15:15:00+00:00,42519.828125,42530.828125,42519.2109375,42529.83984375,989090.0
2025-06-17 15:16:00+00:00,42491.80859375,42519.23046875,42489.5703125,42519.23046875,1566904.0
2025-06-17 15:17:00+00:00,42487.01171875,42490.21875,42486.6796875,42489.76953125,740641.0
2025-06-17 15:18:00+00:00,42490.55859375,42491.828125,42482.1796875,42487.640625,628711.0
2025-06-17 15:19:00+00:00,42479.921875,42494.2890625,42478.9296875,42489.671875,702278.0
2025-06-17 15:20:00+00:00,42477.05859375,42479.921875,42463.609375,42479.921875,630677.0
2025-06-17 15:21:00+00:00,42466.91015625,42478.41015625,42466.4609375,42476.921875,702545.0
2025-06-17 15:22:00+00:00,42461.96875,42469.66015625,42461.96875,42467.37109375,752310.0
2025-06-17 15:23:00+00:00,42469.390625,42470.30078125,42459.80859375,42462.609375,539107.0
2025-06-17 15:24:00+00:00,42464.01171875,42471.87890625,42464.01171875,42469.41015625,628167.0
2025-06-17 15:25:00+00:00,42443.1796875,42466.421875,42441.08984375,42464.03125,684488.0
2025-06-17 15:26:00+00:00,42438.91015625,42448.05078125,42438.3984375,42443.421875,663173.0
2025-06-17 15:27:00+00:00,42442.1796875,42447.609375,42437.53125,42438.19921875,682597.0
2025-06-17 15:28:00+00:00,42443.25,42443.78125,42438.5703125,42442.1484375,704855.0
2025-06-17 15:29:00+00:00,42432.421875,42442.80859375,42426.48046875,42442.80859375,1048018.0
2025-06-17 15:30:00+00:00,42430.5,42439.94921875,42428.640625,42432.94140625,632990.0
2025-06-17 15:31:00+00:00,42419.73046875,42429.69921875,42413.76953125,42429.69921875,820142.0
2025-06-17 15:32:00+00:00,42407.94921875,42420.26953125,42407.08984375,42419.80078125,639880.0
2025-06-17 15:33:00+00:00,42409.0703125,42411.01953125,42403.828125,42406.44921875,790906.0
2025-06-17 15:34:00+00:00,42422.48046875,42424.05859375,42408.94140625,42408.94140625,710932.0
2025-06-17 15:35:00+00:00,42415.66015625,42422.48828125,42408.6796875,42422.48828125,757719.0
2025-06-17 15:36:00+00:00,42437.78125,42437.78125,42416.109375,42416.109375,991458.0
2025-06-17 15:38:00+00:00,42442.0,42442.25,42434.73828125,42441.62890625,1435855.0
2025-06-17 15:39:00+00:00,42428.75,42443.390625,42427.76171875,42443.390625,754771.0
2025-06-17 15:40:00+00:00,42438.1796875,42438.80078125,42426.58984375,42427.9296875,742952.0
2025-06-17 15:41:00+00:00,42441.83984375,42444.6484375,42438.25,42438.4296875,687325.0
2025-06-17 15:42:00+00:00,42454.51953125,42454.671875,42441.98828125,42441.98828125,1009459.0
2025-06-17 15:43:00+00:00,42447.078125,42454.96875,42446.4609375,42454.48046875,596368.0
2025-06-17 15:44:00+00:00,42447.46875,42452.53125,42444.328125,42446.9609375,755775.0
2025-06-17 15:45:00+00:00,42443.05859375,42453.83984375,42443.05859375,42447.3515625,625867.0
2025-06-17 15:46:00+00:00,42450.1015625,42450.69140625,42442.37890625,42442.48828125,624913.0
2025-06-17 15:47:00+00:00,42453.75,42456.41015625,42450.01171875,42450.01953125,563853.0
2025-06-17 15:48:00+00:00,42432.01171875,42453.8515625,42431.4296875,42453.8515625,874167.0
2025-06-17 15:49:00+00:00,42444.03125,42444.69921875,42427.7890625,42432.171875,670750.0
2025-06-17 15:50:00+00:00,42446.078125,42452.16015625,42444.80859375,42444.80859375,501628.0
2025-06-17 15:51:00+00:00,42451.171875,42451.171875,42441.76171875,42445.578125,625194.0
2025-06-17 15:52:00+00:00,42459.578125,42460.140625,42450.78125,42450.78125,573078.0
2025-06-17 15:53:00+00:00,42465.359375,42465.890625,42458.859375,42459.48046875,549436.0
2025-06-17 15:54:00+00:00,42455.109375,42466.05859375,42454.94921875,42465.30078125,424803.0
2025-06-17 15:55:00+00:00,42427.94921875,42455.30859375,42427.94921875,42455.21875,643687.0
2025-06-17 15:56:00+00:00,42441.8984375,42444.5,42427.25,42427.76171875,564838.0
2025-06-17 15:57:00+00:00,42441.6796875,42443.33984375,42441.6796875,42443.2109375,462066.0
2025-06-17 15:58:00+00:00,42442.3515625,42444.62109375,42434.12109375,42441.7109375,486825.0
2025-06-17 15:59:00+00:00,42439.640625,42445.12890625,42438.80078125,42442.21875,584125.0
2025-06-17 16:00:00+00:00,42446.328125,42448.08984375,42439.859375,42440.1015625,812320.0
2025-06-17 16:01:00+00:00,42461.30078125,42461.76171875,42444.6796875,42446.80859375,482072.0
2025-06-17 16:02:00+00:00,42466.37890625,42470.48046875,42461.46875,42461.46875,419961.0
2025-06-17 16:03:00+00:00,42464.87109375,42467.19140625,42463.23046875,42466.0390625,514717.0
2025-06-17 16:04:00+00:00,42473.5703125,42478.55859375,42465.03125,42465.03125,548856.0
2025-06-17 16:05:00+00:00,42460.19921875,42476.7109375,42460.0,42473.23046875,621095.0
2025-06-17 16:06:00+00:00,42464.69921875,42465.23046875,42454.51953125,42460.21875,1313019.0
2025-06-17 16:07:00+00:00,42465.19921875,42471.19921875,42462.6796875,42464.73046875,744915.0
2025-06-17 16:08:00+00:00,42470.640625,42474.4609375,42465.390625,42465.671875,648334.0
2025-06-17 16:09:00+00:00,42441.4609375,42471.51953125,42429.5390625,42470.6015625,1722694.0
2025-06-17 16:10:00+00:00,42468.69921875,42470.71875,42441.3984375,42441.3984375,642826.0
2025-06-17 16:11:00+00:00,42483.26953125,42484.05078125,42467.7890625,42467.7890625,595594.0
2025-06-17 16:12:00+00:00,42478.01171875,42485.94140625,42475.69140625,42484.859375,508786.0
2025-06-17 16:13:00+00:00,42475.890625,42481.73828125,42475.890625,42477.80078125,610054.0
2025-06-17 16:14:00+00:00,42484.62890625,42484.62890625,42474.44921875,42475.73046875,531737.0
2025-06-17 16:15:00+00:00,42482.01171875,42486.3515625,42481.890625,42483.75,492910.0
2025-06-17 16:16:00+00:00,42479.48828125,42482.109375,42477.73828125,42481.58984375,420232.0
2025-06-17 16:17:00+00:00,42485.01171875,42492.01953125,42480.01171875,42480.01171875,518391.0
2025-06-17 16:18:00+00:00,42479.1484375,42486.73046875,42477.671875,42485.26953125,538455.0
2025-06-17 16:19:00+00:00,42486.16015625,42486.16015625,42478.7109375,42479.26953125,879572.0
2025-06-17 16:20:00+00:00,42485.76953125,42489.12109375,42482.9296875,42486.12109375,538069.0
2025-06-17 16:21:00+00:00,42471.01953125,42486.87109375,42468.76953125,42486.3203125,548096.0
2025-06-17 16:22:00+00:00,42467.91015625,42472.87109375,42467.91015625,42472.87109375,543743.0
2025-06-17 16:23:00+00:00,42473.828125,42475.7109375,42467.8203125,42468.28125,502039.0
2025-06-17 16:24:00+00:00,42468.8515625,42480.4609375,42468.8515625,42473.671875,558872.0
2025-06-17 16:25:00+00:00,42472.62109375,42474.21875,42464.6484375,42469.2890625,506577.0
2025-06-17 16:26:00+00:00,42465.41015625,42473.51953125,42465.26953125,42473.19921875,520413.0
2025-06-17 16:27:00+00:00,42470.578125,42471.3984375,42463.6484375,42466.671875,599317.0
2025-06-17 16:28:00+00:00,42468.98828125,42470.6015625,42466.2109375,42469.578125,581137.0
2025-06-17 16:29:00+00:00,42460.26953125,42471.3515625,42459.671875,42469.48046875,504120.0
2025-06-17 16:30:00+00:00,42460.96875,42465.94921875,42459.0,42459.80078125,437657.0
2025-06-17 16:31:00+00:00,42467.19921875,42469.55078125,42457.1015625,42460.48828125,439819.0
2025-06-17 16:32:00+00:00,42477.1015625,42477.76171875,42466.7109375,42467.01171875,392619.0
2025-06-17 16:33:00+00:00,42482.51953125,42485.5390625,42475.87109375,42477.1796875,449170.0
2025-06-17 16:34:00+00:00,42484.609375,42486.12890625,42481.37890625,42481.91015625,436326.0
2025-06-17 16:35:00+00:00,42489.01171875,42489.01171875,42484.37890625,42484.37890625,477037.0
2025-06-17 16:36:00+00:00,42484.23046875,42490.19921875,42483.26953125,42488.578125,461332.0
2025-06-17 16:37:00+00:00,42480.55078125,42484.73046875,42479.359375,42484.73046875,369957.0
2025-06-17 16:38:00+00:00,42490.76171875,42492.6484375,42480.359375,42480.359375,469882.0
2025-06-17 16:39:00+00:00,42481.25,42492.44140625,42481.25,42490.69140625,427902.0
2025-06-17 16:40:00+00:00,42478.30078125,42481.26171875,42477.9609375,42481.16015625,490573.0
2025-06-17 16:41:00+00:00,42467.21875,42478.1484375,42466.1796875,42478.1484375,554972.0
2025-06-17 16:42:00+00:00,42466.76171875,42467.55078125,42465.171875,42467.37890625,456936.0
2025-06-17 16:43:00+00:00,42469.08984375,42471.73046875,42461.0390625,42466.6484375,435820.0
2025-06-17 16:44:00+00:00,42432.87890625,42469.55859375,42427.78125,42469.55859375,1041835.0
2025-06-17 16:45:00+00:00,42448.41015625,42456.12109375,42432.69921875,42433.3515625,770671.0
2025-06-17 16:46:00+00:00,42456.6015625,42456.6015625,42456.33984375,42456.33984375,442192.0
2025-06-17 16:47:00+00:00,42456.2109375,42463.671875,42454.921875,42457.0703125,403886.0
2025-06-17 16:48:00+00:00,42444.55078125,42456.44921875,42442.44140625,42456.26171875,454182.0
2025-06-17 16:49:00+00:00,42435.19140625,42444.94140625,42418.2109375,42444.48828125,1154211.0
2025-06-17 16:50:00+00:00,42428.28125,42443.05078125,42418.23046875,42435.1015625,703107.0
2025-06-17 16:51:00+00:00,42433.44140625,42435.3984375,42427.890625,42429.80859375,719810.0
2025-06-17 16:52:00+00:00,42419.828125,42435.26953125,42412.28125,42433.76171875,748319.0
2025-06-17 16:53:00+00:00,42417.9609375,42420.73828125,42414.6796875,42417.44140625,860296.0
2025-06-17 16:54:00+00:00,42430.76171875,42432.51953125,42415.71875,42418.75,585936.0
2025-06-17 16:55:00+00:00,42403.578125,42429.25,42403.578125,42429.25,619600.0
2025-06-17 16:56:00+00:00,42402.98828125,42406.51953125,42398.69140625,42403.6015625,670964.0
2025-06-17 16:57:00+00:00,42391.96875,42403.1015625,42391.7890625,42403.1015625,840969.0
2025-06-17 16:58:00+00:00,42374.578125,42393.05078125,42374.390625,42392.8984375,616279.0
2025-06-17 16:59:00+00:00,42372.5703125,42375.0703125,42362.0703125,42375.0703125,747399.0
2025-06-17 17:00:00+00:00,42371.91015625,42374.69140625,42368.19921875,42372.51171875,649315.0
2025-06-17 17:01:00+00:00,42367.66015625,42373.80078125,42364.80859375,42372.25,598038.0
2025-06-17 17:02:00+00:00,42395.80859375,42395.98828125,42368.73046875,42368.96875,876011.0
2025-06-17 17:03:00+00:00,42405.58984375,42405.58984375,42393.44140625,42396.0,778670.0
2025-06-17 17:04:00+00:00,42400.859375,42407.41015625,42400.66015625,42407.41015625,659817.0
2025-06-17 17:05:00+00:00,42378.75,42400.921875,42377.80078125,42400.87890625,732614.0
2025-06-17 17:06:00+00:00,42373.69921875,42378.6484375,42371.7890625,42378.6484375,506660.0
2025-06-17 17:07:00+00:00,42379.44921875,42379.44921875,42366.03125,42373.08984375,675065.0
2025-06-17 17:08:00+00:00,42393.41015625,42394.7890625,42380.01953125,42380.01953125,610090.0
2025-06-17 17:09:00+00:00,42390.0390625,42392.94921875,42386.9296875,42392.94921875,536687.0
2025-06-17 17:10:00+00:00,42396.26953125,42399.8515625,42385.12890625,42389.94140625,689368.0
2025-06-17 17:11:00+00:00,42383.171875,42394.640625,42382.2890625,42394.640625,650115.0
2025-06-17 17:12:00+00:00,42381.4609375,42384.9296875,42380.69921875,42383.91015625,617707.0
2025-06-17 17:13:00+00:00,42384.76953125,42388.30859375,42379.75,42381.26953125,500776.0
2025-06-17 17:14:00+00:00,42384.16015625,42385.30859375,42379.94921875,42384.859375,621649.0
2025-06-17 17:15:00+00:00,42382.05859375,42384.69921875,42380.7109375,42383.41015625,533129.0
2025-06-17 17:16:00+00:00,42371.171875,42382.0703125,42364.26953125,42382.0703125,817736.0
2025-06-17 17:17:00+00:00,42367.87109375,42372.828125,42366.12890625,42371.08984375,1618965.0
2025-06-17 17:18:00+00:00,42373.3984375,42373.828125,42359.8984375,42367.08984375,570080.0
2025-06-17 17:19:00+00:00,42359.359375,42373.1484375,42359.359375,42371.73046875,504884.0
2025-06-17 17:20:00+00:00,42352.859375,42359.7890625,42348.12109375,42359.7890625,829599.0
2025-06-17 17:21:00+00:00,42346.51953125,42353.01953125,42341.16015625,42352.98046875,564868.0
2025-06-17 17:22:00+00:00,42340.0,42346.28125,42337.76171875,42346.28125,465756.0
2025-06-17 17:23:00+00:00,42339.140625,42342.671875,42337.44140625,42342.421875,494306.0
2025-06-17 17:24:00+00:00,42339.1484375,42350.87109375,42338.921875,42339.03125,1194992.0
2025-06-17 17:25:00+00:00,42325.12890625,42326.01171875,42323.76953125,42326.01171875,711750.0
2025-06-17 17:26:00+00:00,42319.421875,42327.58984375,42310.7890625,42325.30859375,787018.0
2025-06-17 17:27:00+00:00,42322.69921875,42322.859375,42317.26953125,42319.98828125,386695.0
2025-06-17 17:28:00+00:00,42304.5,42322.51171875,42304.1796875,42322.51171875,627057.0
2025-06-17 17:29:00+00:00,42304.1015625,42306.41015625,42301.80859375,42304.76953125,674268.0
2025-06-17 17:30:00+00:00,42295.26953125,42304.25,42283.5,42304.25,1145982.0
2025-06-17 17:31:00+00:00,42314.390625,42314.390625,42295.66015625,42295.66015625,613492.0
2025-06-17 17:32:00+00:00,42321.828125,42322.30078125,42312.3984375,42314.98828125,512112.0
2025-06-17 17:33:00+00:00,42330.26171875,42334.2109375,42319.19140625,42322.1015625,817971.0
2025-06-17 17:34:00+00:00,42338.6796875,42340.55078125,42330.73046875,42330.73046875,564481.0
2025-06-17 17:35:00+00:00,42352.16015625,42354.23828125,42337.359375,42338.69921875,490522.0
2025-06-17 17:36:00+00:00,42346.5,42351.4296875,42344.69140625,42351.4296875,693436.0
2025-06-17 17:37:00+00:00,42351.8203125,42352.6484375,42346.0,42346.05859375,544720.0
2025-06-17 17:38:00+00:00,42330.48828125,42357.05859375,42330.48828125,42352.0390625,574296.0
2025-06-17 17:39:00+00:00,42323.05078125,42332.578125,42316.921875,42330.16015625,534569.0
2025-06-17 17:41:00+00:00,42336.12890625,42344.359375,42335.171875,42335.359375,1160807.0
2025-06-17 17:42:00+00:00,42326.921875,42336.4609375,42326.890625,42336.390625,388462.0
2025-06-17 17:43:00+00:00,42313.01953125,42327.8203125,42313.01953125,42327.8203125,546597.0
2025-06-17 17:44:00+00:00,42290.78125,42312.390625,42284.48046875,42312.390625,680772.0
2025-06-17 17:45:00+00:00,42294.078125,42296.140625,42285.12890625,42289.87890625,576487.0
2025-06-17 17:46:00+00:00,42269.26171875,42291.8515625,42249.2890625,42291.8515625,1114513.0
2025-06-17 17:47:00+00:00,42259.578125,42277.78125,42259.05859375,42277.78125,887177.0
2025-06-17 17:48:00+00:00,42246.3984375,42259.6796875,42243.6015625,42259.6796875,738403.0
2025-06-17 17:49:00+00:00,42249.55078125,42250.62109375,42228.33984375,42246.3984375,1158300.0
2025-06-17 17:50:00+00:00,42237.91015625,42249.53125,42233.1015625,42249.53125,637460.0
2025-06-17 17:51:00+00:00,42227.44140625,42239.5703125,42216.80078125,42237.171875,982407.0
2025-06-17 17:52:00+00:00,42230.2109375,42238.51171875,42225.98828125,42226.69921875,652803.0
2025-06-17 17:53:00+00:00,42248.4296875,42249.140625,42231.921875,42232.41015625,637370.0
2025-06-17 17:54:00+00:00,42246.140625,42248.16015625,42237.828125,42248.16015625,546773.0
2025-06-17 17:55:00+00:00,42257.71875,42262.23046875,42246.140625,42246.44921875,652790.0
2025-06-17 17:56:00+00:00,42266.76171875,42267.73828125,42257.91015625,42258.3203125,522536.0
2025-06-17 17:57:00+00:00,42266.6484375,42272.75,42266.6484375,42267.328125,537618.0
2025-06-17 17:58:00+00:00,42254.8203125,42267.05078125,42254.33984375,42266.7109375,571426.0
2025-06-17 17:59:00+00:00,42247.94140625,42254.390625,42246.26171875,42254.390625,561037.0
2025-06-17 18:00:00+00:00,42217.55078125,42247.5,42199.37890625,42247.5,1295336.0
2025-06-17 18:01:00+00:00,42211.58984375,42217.171875,42197.0703125,42217.171875,844281.0
2025-06-17 18:02:00+00:00,42208.26953125,42214.69921875,42190.96875,42210.390625,1422099.0
2025-06-17 18:03:00+00:00,42190.01953125,42211.25,42186.921875,42208.03125,708736.0
2025-06-17 18:04:00+00:00,42193.53125,42193.76953125,42183.98828125,42192.21875,813210.0
2025-06-17 18:05:00+00:00,42210.05078125,42211.98046875,42193.98046875,42193.98046875,1090534.0
2025-06-17 18:06:00+00:00,42206.1796875,42220.2890625,42204.55859375,42214.62890625,1090914.0
2025-06-17 18:07:00+00:00,42225.359375,42225.44140625,42205.2109375,42206.12109375,667251.0
2025-06-17 18:08:00+00:00,42214.78125,42225.578125,42214.6796875,42225.578125,700767.0
2025-06-17 18:09:00+00:00,42224.9296875,42224.9296875,42210.1484375,42213.33984375,882016.0
2025-06-17 18:10:00+00:00,42235.2890625,42236.30859375,42223.87890625,42224.05859375,634190.0
2025-06-17 18:11:00+00:00,42234.12109375,42235.109375,42229.37890625,42234.80078125,484578.0
2025-06-17 18:12:00+00:00,42213.0,42235.48046875,42210.26171875,42234.19140625,623214.0
2025-06-17 18:13:00+00:00,42228.80859375,42228.80859375,42209.98046875,42213.12890625,505031.0
2025-06-17 18:14:00+00:00,42213.30859375,42228.328125,42213.28125,42228.328125,361634.0
2025-06-17 18:15:00+00:00,42197.12109375,42216.4609375,42195.421875,42212.08984375,824497.0
2025-06-17 18:16:00+00:00,42202.51953125,42207.71875,42196.80078125,42196.859375,663359.0
2025-06-17 18:17:00+00:00,42216.87109375,42216.96875,42196.6484375,42202.51953125,187545.0
2025-06-17 18:18:00+00:00,42208.69140625,42216.8515625,42205.0703125,42216.3984375,498312.0
2025-06-17 18:19:00+00:00,42205.76953125,42210.140625,42201.01171875,42208.87890625,468864.0
2025-06-17 18:20:00+00:00,42211.44921875,42211.44921875,42203.3515625,42206.3984375,680331.0
2025-06-17 18:21:00+00:00,42209.62890625,42214.51171875,42204.9296875,42211.2890625,507321.0
2025-06-17 18:22:00+00:00,42201.80859375,42209.46875,42200.859375,42209.37890625,564554.0
2025-06-17 18:23:00+00:00,42195.48828125,42203.30078125,42193.578125,42201.9296875,567350.0
2025-06-17 18:24:00+00:00,42189.12109375,42197.1484375,42188.4609375,42194.01953125,558880.0
2025-06-17 18:25:00+00:00,42187.4296875,42192.48046875,42177.3515625,42189.1484375,874216.0
2025-06-17 18:26:00+00:00,42183.08984375,42187.26953125,42174.80078125,42187.26953125,863769.0
2025-06-17 18:27:00+00:00,42171.26953125,42183.55859375,42165.87890625,42182.33984375,597466.0
2025-06-17 18:28:00+00:00,42168.6484375,42175.671875,42158.2890625,42170.96875,764405.0
2025-06-17 18:29:00+00:00,42178.2109375,42181.6796875,42166.55859375,42169.0703125,616479.0
2025-06-17 18:30:00+00:00,42189.3984375,42192.62890625,42174.2890625,42177.8984375,738569.0
2025-06-17 18:31:00+00:00,42187.671875,42194.25,42185.73046875,42189.58984375,681194.0
2025-06-17 18:32:00+00:00,42181.0703125,42190.66015625,42175.26171875,42187.5703125,496830.0
2025-06-17 18:33:00+00:00,42179.23828125,42184.8984375,42177.1796875,42180.73046875,421684.0
2025-06-17 18:34:00+00:00,42198.1015625,42198.1015625,42179.3984375,42179.3984375,710064.0
2025-06-17 18:35:00+00:00,42204.73046875,42206.1015625,42197.58984375,42197.58984375,558119.0
2025-06-17 18:36:00+00:00,42187.75,42205.3203125,42184.23046875,42204.80859375,572747.0
2025-06-17 18:37:00+00:00,42187.28125,42190.0390625,42179.51171875,42187.55859375,698924.0
2025-06-17 18:38:00+00:00,42183.48828125,42195.5,42183.48828125,42187.33984375,499708.0
2025-06-17 18:39:00+00:00,42168.23828125,42183.3984375,42163.19921875,42183.3984375,607056.0
2025-06-17 18:40:00+00:00,42154.26953125,42168.37890625,42150.8515625,42168.19921875,590237.0
2025-06-17 18:41:00+00:00,42150.1015625,42157.69921875,42144.05859375,42154.03125,749021.0
2025-06-17 18:42:00+00:00,42154.26953125,42157.0,42151.9609375,42151.9609375,689084.0
2025-06-17 18:43:00+00:00,42157.87890625,42165.58984375,42151.2890625,42153.3203125,591055.0
2025-06-17 18:44:00+00:00,42150.05859375,42159.69140625,42132.6484375,42157.76953125,1070740.0
2025-06-17 18:45:00+00:00,42166.41015625,42166.41015625,42150.26171875,42150.609375,655309.0
2025-06-17 18:46:00+00:00,42173.76171875,42174.0390625,42165.3515625,42166.7109375,523427.0
2025-06-17 18:47:00+00:00,42159.80078125,42177.25,42158.91015625,42174.05078125,602228.0
2025-06-17 18:48:00+00:00,42159.6015625,42160.578125,42149.859375,42160.01953125,551435.0
2025-06-17 18:49:00+00:00,42162.69140625,42165.2890625,42159.4609375,42159.609375,405220.0
2025-06-17 18:50:00+00:00,42166.25,42168.87109375,42160.109375,42162.44140625,558353.0
2025-06-17 18:51:00+00:00,42155.6484375,42167.26171875,42153.80078125,42166.51953125,571099.0
2025-06-17 18:52:00+00:00,42151.078125,42157.66015625,42150.87890625,42155.19921875,513616.0
2025-06-17 18:53:00+00:00,42156.05859375,42156.078125,42148.0390625,42151.359375,426294.0
2025-06-17 18:54:00+00:00,42155.80078125,42155.94921875,42145.69921875,42155.94921875,673774.0
2025-06-17 18:55:00+00:00,42175.0,42175.0,42155.76171875,42155.76171875,780698.0
2025-06-17 18:56:00+00:00,42180.23828125,42182.671875,42173.7109375,42173.7109375,532579.0
2025-06-17 18:57:00+00:00,42190.109375,42190.4609375,42178.328125,42180.96875,629968.0
2025-06-17 18:58:00+00:00,42195.1796875,42195.44921875,42191.5703125,42191.5703125,565168.0
2025-06-17 18:59:00+00:00,42205.7890625,42205.7890625,42195.328125,42195.55859375,862262.0
2025-06-17 19:00:00+00:00,42202.078125,42214.3515625,42201.3984375,42205.51171875,568473.0
2025-06-17 19:01:00+00:00,42197.55078125,42204.5390625,42197.078125,42201.73828125,884831.0
2025-06-17 19:02:00+00:00,42200.37890625,42205.890625,42195.171875,42198.41015625,529877.0
2025-06-17 19:03:00+00:00,42186.109375,42201.5,42185.421875,42200.48828125,577674.0
2025-06-17 19:04:00+00:00,42178.23046875,42183.75,42178.01171875,42183.75,422392.0
2025-06-17 19:05:00+00:00,42172.23828125,42178.6796875,42166.6015625,42178.171875,692736.0
2025-06-17 19:06:00+00:00,42180.0390625,42180.12890625,42169.828125,42170.109375,493791.0
2025-06-17 19:07:00+00:00,42187.76953125,42187.76953125,42178.1484375,42179.640625,552370.0
2025-06-17 19:08:00+00:00,42196.46875,42196.46875,42186.12109375,42188.01953125,613724.0
2025-06-17 19:09:00+00:00,42198.078125,42199.03125,42192.94140625,42196.109375,506407.0
2025-06-17 19:10:00+00:00,42185.859375,42199.1015625,42183.23046875,42197.83984375,740845.0
2025-06-17 19:11:00+00:00,42213.83984375,42214.87890625,42185.55859375,42185.55859375,719372.0
2025-06-17 19:12:00+00:00,42225.640625,42225.9609375,42213.578125,42213.76171875,671992.0
2025-06-17 19:13:00+00:00,42211.8984375,42225.7890625,42211.8984375,42225.5390625,510822.0
2025-06-17 19:14:00+00:00,42212.83984375,42216.390625,42211.83984375,42211.87109375,540847.0
2025-06-17 19:15:00+00:00,42222.23046875,42224.08984375,42212.78125,42212.78125,481219.0
2025-06-17 19:16:00+00:00,42219.53125,42225.55078125,42217.03125,42222.23828125,575081.0
2025-06-17 19:17:00+00:00,42195.8203125,42220.6484375,42195.62890625,42219.69921875,957199.0
2025-06-17 19:18:00+00:00,42198.73828125,42204.26953125,42195.78125,42195.78125,588104.0
2025-06-17 19:19:00+00:00,42197.01953125,42201.98828125,42197.01953125,42198.03125,607576.0
2025-06-17 19:20:00+00:00,42209.94140625,42209.94140625,42194.5390625,42197.140625,699313.0
2025-06-17 19:21:00+00:00,42216.1796875,42220.41015625,42210.23046875,42210.23046875,674875.0
2025-06-17 19:22:00+00:00,42230.0703125,42231.30859375,42216.859375,42216.98046875,539243.0
2025-06-17 19:23:00+00:00,42232.609375,42232.83984375,42229.671875,42229.671875,542042.0
2025-06-17 19:24:00+00:00,42232.01953125,42232.75,42227.671875,42232.75,513415.0
2025-06-17 19:25:00+00:00,42235.0390625,42237.19140625,42230.44140625,42232.2109375,628757.0
2025-06-17 19:26:00+00:00,42230.62890625,42234.28125,42224.390625,42234.12109375,586475.0
2025-06-17 19:27:00+00:00,42228.62109375,42233.51171875,42226.6796875,42230.8203125,522168.0
2025-06-17 19:28:00+00:00,42231.9296875,42232.94140625,42228.23828125,42228.9296875,549740.0
2025-06-17 19:29:00+00:00,42230.96875,42233.80078125,42229.3203125,42232.0,538965.0
2025-06-17 19:30:00+00:00,42223.359375,42234.9296875,42223.359375,42230.828125,818560.0
2025-06-17 19:31:00+00:00,42205.62890625,42225.62890625,42204.12109375,42223.51953125,921624.0
2025-06-17 19:32:00+00:00,42210.328125,42213.48046875,42210.328125,42213.48046875,685392.0
2025-06-17 19:33:00+00:00,42208.9296875,42212.7109375,42202.390625,42210.359375,607492.0
2025-06-17 19:34:00+00:00,42218.3515625,42218.9609375,42208.87109375,42208.87109375,687741.0
2025-06-17 19:35:00+00:00,42228.03125,42228.4296875,42217.94921875,42217.94921875,722047.0
2025-06-17 19:36:00+00:00,42228.75,42233.73828125,42226.62109375,42227.3984375,692735.0
2025-06-17 19:37:00+00:00,42228.1484375,42230.69140625,42224.80859375,42229.03125,908335.0
2025-06-17 19:38:00+00:00,42227.5703125,42228.390625,42223.44921875,42228.21875,770968.0
2025-06-17 19:39:00+00:00,42209.0703125,42228.640625,42208.859375,42227.421875,1156522.0
2025-06-17 19:40:00+00:00,42199.96875,42211.9296875,42199.3515625,42208.7890625,933235.0
2025-06-17 19:41:00+00:00,42194.30859375,42202.4296875,42182.671875,42199.94140625,1111342.0
2025-06-17 19:42:00+00:00,42186.578125,42195.53125,42185.26953125,42195.53125,762609.0
2025-06-17 19:43:00+00:00,42199.58984375,42203.01171875,42186.73828125,42186.73828125,889880.0
2025-06-17 19:44:00+00:00,42201.23828125,42205.640625,42194.58984375,42199.421875,877978.0
2025-06-17 19:45:00+00:00,42220.390625,42220.390625,42198.3203125,42201.76171875,1316813.0
2025-06-17 19:46:00+00:00,42208.9296875,42222.859375,42206.96875,42220.98046875,1278095.0
2025-06-17 19:47:00+00:00,42228.12109375,42229.98046875,42209.0,42209.23046875,1021002.0
2025-06-17 19:48:00+00:00,42238.41015625,42239.73828125,42228.44921875,42228.44921875,975307.0
2025-06-17 19:49:00+00:00,42237.390625,42241.078125,42233.9296875,42238.1796875,1135898.0
2025-06-17 19:50:00+00:00,42240.98828125,42245.05859375,42226.171875,42237.58984375,2499000.0
2025-06-17 19:51:00+00:00,42235.62109375,42239.96875,42227.359375,42239.96875,1694920.0
2025-06-17 19:52:00+00:00,42220.51953125,42233.5,42218.8984375,42233.5,1631789.0
2025-06-17 19:53:00+00:00,42237.2890625,42238.8203125,42216.41015625,42220.5,1646898.0
2025-06-17 19:54:00+00:00,42208.109375,42237.21875,42206.5703125,42237.21875,2413656.0
2025-06-17 19:55:00+00:00,42226.28125,42228.46875,42182.51171875,42208.0,4094312.0
2025-06-17 19:56:00+00:00,42231.2890625,42237.30859375,42223.5703125,42226.4609375,2428600.0
2025-06-17 19:57:00+00:00,42214.30859375,42222.25,42207.5703125,42221.05078125,2886510.0
2025-06-17 19:58:00+00:00,42209.19140625,42221.3515625,42208.55078125,42215.28125,4133739.0
2025-06-17 19:59:00+00:00,42211.0703125,42220.0390625,42197.37890625,42206.5703125,8838847.0
