Datetime,Close,High,Low,Open,Volume
2025-03-11 12:17:00+00:00,2916.60009765625,2917.300048828125,2916.60009765625,2917.199951171875,0.0
2025-03-11 12:18:00+00:00,2916.800048828125,2916.89990234375,2916.199951171875,2916.60009765625,202.0
2025-03-11 12:19:00+00:00,2915.89990234375,2916.800048828125,2915.89990234375,2916.800048828125,102.0
2025-03-11 12:20:00+00:00,2916.300048828125,2916.800048828125,2915.800048828125,2916.0,215.0
2025-03-11 12:21:00+00:00,2916.10009765625,2916.5,2915.800048828125,2916.300048828125,222.0
2025-03-11 12:22:00+00:00,2917.10009765625,2918.0,2916.0,2916.0,421.0
2025-03-11 12:23:00+00:00,2916.800048828125,2917.60009765625,2916.60009765625,2917.10009765625,1141.0
2025-03-11 12:24:00+00:00,2917.0,2917.199951171875,2916.10009765625,2916.89990234375,185.0
2025-03-11 12:25:00+00:00,2917.699951171875,2917.800048828125,2916.89990234375,2917.10009765625,181.0
2025-03-11 12:26:00+00:00,2917.300048828125,2917.800048828125,2917.0,2917.699951171875,84.0
2025-03-11 12:27:00+00:00,2918.39990234375,2919.10009765625,2917.39990234375,2917.39990234375,1053.0
2025-03-11 12:28:00+00:00,2919.300048828125,2919.39990234375,2918.5,2918.5,234.0
2025-03-11 12:29:00+00:00,2918.10009765625,2919.699951171875,2917.89990234375,2919.39990234375,803.0
2025-03-11 12:30:00+00:00,2918.10009765625,2918.800048828125,2917.60009765625,2918.10009765625,232.0
2025-03-11 12:31:00+00:00,2917.699951171875,2918.300048828125,2917.199951171875,2918.10009765625,136.0
2025-03-11 12:32:00+00:00,2919.300048828125,2919.5,2917.699951171875,2917.800048828125,169.0
2025-03-11 12:33:00+00:00,2917.60009765625,2919.300048828125,2917.60009765625,2919.0,153.0
2025-03-11 12:34:00+00:00,2918.5,2918.5,2917.699951171875,2917.699951171875,75.0
2025-03-11 12:35:00+00:00,2919.300048828125,2919.39990234375,2918.39990234375,2918.60009765625,91.0
2025-03-11 12:36:00+00:00,2918.89990234375,2920.10009765625,2918.60009765625,2919.199951171875,184.0
2025-03-11 12:37:00+00:00,2918.699951171875,2919.0,2918.5,2918.800048828125,109.0
2025-03-11 12:38:00+00:00,2918.10009765625,2918.60009765625,2917.699951171875,2918.60009765625,155.0
2025-03-11 12:39:00+00:00,2919.800048828125,2919.800048828125,2918.10009765625,2918.10009765625,262.0
2025-03-11 12:40:00+00:00,2920.5,2921.60009765625,2919.699951171875,2919.89990234375,892.0
2025-03-11 12:41:00+00:00,2920.699951171875,2921.300048828125,2920.199951171875,2920.39990234375,178.0
2025-03-11 12:42:00+00:00,2921.5,2921.89990234375,2920.699951171875,2920.800048828125,285.0
2025-03-11 12:43:00+00:00,2921.5,2922.300048828125,2921.199951171875,2921.60009765625,286.0
2025-03-11 12:44:00+00:00,2921.60009765625,2921.89990234375,2921.199951171875,2921.39990234375,219.0
2025-03-11 12:45:00+00:00,2921.39990234375,2921.89990234375,2921.199951171875,2921.60009765625,102.0
2025-03-11 12:46:00+00:00,2921.39990234375,2921.39990234375,2920.89990234375,2921.39990234375,156.0
2025-03-11 12:47:00+00:00,2920.60009765625,2921.60009765625,2920.60009765625,2921.39990234375,334.0
2025-03-11 12:48:00+00:00,2919.60009765625,2920.60009765625,2919.10009765625,2920.60009765625,566.0
2025-03-11 12:49:00+00:00,2919.800048828125,2919.800048828125,2919.39990234375,2919.5,88.0
2025-03-11 12:50:00+00:00,2919.39990234375,2919.89990234375,2919.199951171875,2919.800048828125,76.0
2025-03-11 12:51:00+00:00,2919.5,2919.699951171875,2919.0,2919.199951171875,60.0
2025-03-11 12:52:00+00:00,2918.199951171875,2919.39990234375,2918.199951171875,2919.300048828125,240.0
2025-03-11 12:53:00+00:00,2918.699951171875,2919.0,2917.800048828125,2918.199951171875,197.0
2025-03-11 12:54:00+00:00,2919.10009765625,2919.5,2918.60009765625,2918.60009765625,107.0
2025-03-11 12:55:00+00:00,2919.0,2919.300048828125,2918.699951171875,2919.199951171875,63.0
2025-03-11 12:56:00+00:00,2918.5,2919.0,2918.300048828125,2919.0,53.0
2025-03-11 12:57:00+00:00,2917.699951171875,2918.39990234375,2916.699951171875,2918.39990234375,392.0
2025-03-11 12:58:00+00:00,2917.300048828125,2917.89990234375,2916.89990234375,2917.60009765625,231.0
2025-03-11 12:59:00+00:00,2918.39990234375,2918.39990234375,2916.5,2917.300048828125,307.0
2025-03-11 13:00:00+00:00,2918.199951171875,2919.5,2917.800048828125,2918.39990234375,981.0
2025-03-11 13:01:00+00:00,2917.10009765625,2918.5,2916.800048828125,2918.10009765625,237.0
2025-03-11 13:02:00+00:00,2916.5,2917.300048828125,2916.300048828125,2917.199951171875,215.0
2025-03-11 13:03:00+00:00,2916.300048828125,2917.0,2916.199951171875,2916.60009765625,252.0
2025-03-11 13:04:00+00:00,2915.699951171875,2916.60009765625,2915.39990234375,2916.39990234375,294.0
2025-03-11 13:05:00+00:00,2914.5,2916.0,2914.199951171875,2915.60009765625,313.0
2025-03-11 13:06:00+00:00,2914.5,2914.89990234375,2913.10009765625,2914.300048828125,428.0
2025-03-11 13:07:00+00:00,2914.10009765625,2915.39990234375,2914.0,2914.39990234375,243.0
2025-03-11 13:08:00+00:00,2913.60009765625,2915.199951171875,2913.199951171875,2914.10009765625,265.0
2025-03-11 13:09:00+00:00,2914.699951171875,2914.699951171875,2912.89990234375,2913.699951171875,544.0
2025-03-11 13:10:00+00:00,2914.60009765625,2915.39990234375,2914.10009765625,2914.89990234375,343.0
2025-03-11 13:11:00+00:00,2915.199951171875,2915.5,2914.199951171875,2914.5,940.0
2025-03-11 13:12:00+00:00,2914.800048828125,2916.60009765625,2914.60009765625,2915.199951171875,333.0
2025-03-11 13:13:00+00:00,2913.699951171875,2914.800048828125,2912.89990234375,2914.800048828125,436.0
2025-03-11 13:14:00+00:00,2913.199951171875,2914.0,2913.0,2913.699951171875,1280.0
2025-03-11 13:15:00+00:00,2913.300048828125,2913.5,2912.10009765625,2913.39990234375,761.0
2025-03-11 13:16:00+00:00,2913.89990234375,2914.60009765625,2913.199951171875,2913.199951171875,192.0
2025-03-11 13:17:00+00:00,2914.800048828125,2915.0,2913.10009765625,2913.699951171875,172.0
2025-03-11 13:18:00+00:00,2913.300048828125,2915.199951171875,2913.10009765625,2914.60009765625,208.0
2025-03-11 13:19:00+00:00,2914.5,2914.60009765625,2913.10009765625,2913.199951171875,66.0
2025-03-11 13:20:00+00:00,2914.699951171875,2914.800048828125,2914.10009765625,2914.5,186.0
2025-03-11 13:21:00+00:00,2916.300048828125,2916.39990234375,2914.5,2914.699951171875,241.0
2025-03-11 13:22:00+00:00,2916.300048828125,2916.5,2915.699951171875,2916.39990234375,92.0
2025-03-11 13:23:00+00:00,2917.10009765625,2917.300048828125,2916.10009765625,2916.199951171875,178.0
2025-03-11 13:24:00+00:00,2917.699951171875,2918.0,2916.5,2917.199951171875,153.0
2025-03-11 13:25:00+00:00,2917.0,2918.39990234375,2916.89990234375,2917.60009765625,267.0
2025-03-11 13:26:00+00:00,2915.5,2916.89990234375,2915.300048828125,2916.89990234375,825.0
2025-03-11 13:27:00+00:00,2916.10009765625,2916.800048828125,2914.89990234375,2915.39990234375,220.0
2025-03-11 13:28:00+00:00,2916.699951171875,2916.800048828125,2916.199951171875,2916.199951171875,53.0
2025-03-11 13:29:00+00:00,2916.60009765625,2916.800048828125,2915.60009765625,2916.699951171875,110.0
2025-03-11 13:30:00+00:00,2918.300048828125,2918.300048828125,2916.39990234375,2916.699951171875,425.0
2025-03-11 13:31:00+00:00,2916.300048828125,2918.60009765625,2916.199951171875,2918.300048828125,637.0
2025-03-11 13:32:00+00:00,2916.39990234375,2917.39990234375,2916.300048828125,2916.39990234375,136.0
2025-03-11 13:33:00+00:00,2918.800048828125,2919.10009765625,2916.5,2916.5,305.0
2025-03-11 13:34:00+00:00,2920.60009765625,2921.0,2918.699951171875,2918.800048828125,483.0
2025-03-11 13:35:00+00:00,2922.800048828125,2923.199951171875,2920.39990234375,2920.5,1010.0
2025-03-11 13:36:00+00:00,2922.39990234375,2923.89990234375,2922.300048828125,2922.800048828125,685.0
2025-03-11 13:37:00+00:00,2923.89990234375,2924.10009765625,2922.199951171875,2922.5,617.0
2025-03-11 13:38:00+00:00,2925.800048828125,2927.699951171875,2923.10009765625,2923.699951171875,2410.0
2025-03-11 13:39:00+00:00,2925.300048828125,2926.0,2925.0,2925.699951171875,825.0
2025-03-11 13:40:00+00:00,2924.199951171875,2925.60009765625,2923.300048828125,2925.300048828125,1226.0
2025-03-11 13:41:00+00:00,2925.39990234375,2926.300048828125,2924.10009765625,2924.10009765625,1338.0
2025-03-11 13:42:00+00:00,2926.699951171875,2927.300048828125,2924.800048828125,2925.60009765625,921.0
2025-03-11 13:43:00+00:00,2926.0,2927.199951171875,2925.699951171875,2926.5,612.0
2025-03-11 13:44:00+00:00,2926.300048828125,2927.699951171875,2925.699951171875,2926.10009765625,710.0
2025-03-11 13:45:00+00:00,2927.5,2928.699951171875,2925.60009765625,2926.300048828125,1195.0
2025-03-11 13:46:00+00:00,2928.699951171875,2929.0,2927.300048828125,2927.39990234375,981.0
2025-03-11 13:47:00+00:00,2925.39990234375,2928.60009765625,2925.39990234375,2928.60009765625,1323.0
2025-03-11 13:48:00+00:00,2924.699951171875,2925.800048828125,2923.699951171875,2925.60009765625,938.0
2025-03-11 13:49:00+00:00,2926.199951171875,2926.39990234375,2924.800048828125,2924.89990234375,503.0
2025-03-11 13:50:00+00:00,2925.699951171875,2926.199951171875,2925.60009765625,2926.199951171875,32.0
2025-03-11 13:51:00+00:00,2924.39990234375,2925.0,2923.800048828125,2923.89990234375,528.0
2025-03-11 13:52:00+00:00,2924.0,2924.60009765625,2923.60009765625,2924.39990234375,197.0
2025-03-11 13:53:00+00:00,2924.800048828125,2925.10009765625,2922.89990234375,2924.10009765625,288.0
2025-03-11 13:54:00+00:00,2923.89990234375,2925.199951171875,2923.5,2924.800048828125,119.0
2025-03-11 13:55:00+00:00,2923.39990234375,2924.0,2923.199951171875,2923.699951171875,124.0
2025-03-11 13:56:00+00:00,2923.39990234375,2924.0,2923.10009765625,2923.60009765625,116.0
2025-03-11 13:57:00+00:00,2923.300048828125,2924.0,2922.89990234375,2923.60009765625,163.0
2025-03-11 13:58:00+00:00,2922.60009765625,2923.5,2921.800048828125,2923.300048828125,539.0
2025-03-11 13:59:00+00:00,2924.0,2924.10009765625,2922.300048828125,2922.699951171875,200.0
2025-03-11 14:00:00+00:00,2923.39990234375,2924.0,2921.800048828125,2923.89990234375,530.0
2025-03-11 14:01:00+00:00,2922.300048828125,2923.800048828125,2922.199951171875,2923.39990234375,402.0
2025-03-11 14:02:00+00:00,2922.800048828125,2923.800048828125,2922.0,2922.199951171875,285.0
2025-03-11 14:03:00+00:00,2921.800048828125,2923.300048828125,2921.800048828125,2922.800048828125,135.0
2025-03-11 14:04:00+00:00,2921.699951171875,2922.300048828125,2921.199951171875,2922.0,233.0
2025-03-11 14:05:00+00:00,2923.5,2923.800048828125,2921.5,2921.60009765625,247.0
2025-03-11 14:06:00+00:00,2925.89990234375,2926.0,2923.60009765625,2923.60009765625,445.0
2025-03-11 14:07:00+00:00,2925.800048828125,2927.0,2925.699951171875,2926.10009765625,298.0
2025-03-11 14:08:00+00:00,2925.89990234375,2926.10009765625,2924.10009765625,2925.89990234375,416.0
2025-03-11 14:09:00+00:00,2926.10009765625,2926.5,2925.39990234375,2926.0,276.0
2025-03-11 14:10:00+00:00,2925.800048828125,2926.800048828125,2925.5,2926.199951171875,327.0
2025-03-11 14:11:00+00:00,2926.89990234375,2927.199951171875,2925.199951171875,2925.60009765625,344.0
2025-03-11 14:12:00+00:00,2925.5,2927.60009765625,2925.39990234375,2926.89990234375,282.0
2025-03-11 14:13:00+00:00,2925.300048828125,2926.39990234375,2925.10009765625,2925.5,136.0
2025-03-11 14:14:00+00:00,2925.300048828125,2926.199951171875,2925.199951171875,2925.5,174.0
2025-03-11 14:15:00+00:00,2926.5,2926.89990234375,2924.800048828125,2925.199951171875,173.0
2025-03-11 14:16:00+00:00,2926.39990234375,2927.800048828125,2926.199951171875,2926.699951171875,301.0
2025-03-11 14:17:00+00:00,2925.60009765625,2926.699951171875,2925.10009765625,2926.300048828125,238.0
2025-03-11 14:18:00+00:00,2924.10009765625,2926.0,2924.0,2925.60009765625,503.0
2025-03-11 14:19:00+00:00,2924.39990234375,2925.89990234375,2923.89990234375,2924.300048828125,213.0
2025-03-11 14:20:00+00:00,2925.39990234375,2925.800048828125,2924.300048828125,2924.39990234375,134.0
2025-03-11 14:21:00+00:00,2923.60009765625,2925.800048828125,2923.300048828125,2925.300048828125,152.0
2025-03-11 14:22:00+00:00,2922.699951171875,2923.5,2922.300048828125,2923.39990234375,214.0
2025-03-11 14:23:00+00:00,2922.89990234375,2922.89990234375,2922.199951171875,2922.800048828125,98.0
2025-03-11 14:24:00+00:00,2922.39990234375,2922.89990234375,2921.39990234375,2922.800048828125,178.0
2025-03-11 14:25:00+00:00,2923.699951171875,2924.39990234375,2922.0,2922.300048828125,231.0
2025-03-11 14:26:00+00:00,2924.10009765625,2924.10009765625,2923.300048828125,2923.699951171875,170.0
2025-03-11 14:27:00+00:00,2923.0,2924.199951171875,2922.89990234375,2923.89990234375,136.0
2025-03-11 14:28:00+00:00,2921.5,2923.0,2921.199951171875,2923.0,190.0
2025-03-11 14:29:00+00:00,2922.300048828125,2922.300048828125,2921.199951171875,2921.5,104.0
2025-03-11 14:30:00+00:00,2922.0,2922.800048828125,2921.800048828125,2922.300048828125,228.0
2025-03-11 14:31:00+00:00,2922.39990234375,2922.89990234375,2922.0,2922.10009765625,100.0
2025-03-11 14:32:00+00:00,2921.5,2922.5,2921.199951171875,2922.10009765625,145.0
2025-03-11 14:33:00+00:00,2920.300048828125,2921.60009765625,2918.800048828125,2921.39990234375,464.0
2025-03-11 14:34:00+00:00,2919.800048828125,2920.5,2919.699951171875,2920.199951171875,178.0
2025-03-11 14:35:00+00:00,2919.199951171875,2919.800048828125,2919.0,2919.699951171875,211.0
2025-03-11 14:36:00+00:00,2920.699951171875,2920.699951171875,2919.0,2919.199951171875,195.0
2025-03-11 14:37:00+00:00,2920.199951171875,2921.0,2919.5,2920.699951171875,112.0
2025-03-11 14:38:00+00:00,2919.0,2920.89990234375,2918.89990234375,2920.300048828125,255.0
2025-03-11 14:39:00+00:00,2919.0,2919.89990234375,2918.199951171875,2919.10009765625,272.0
2025-03-11 14:40:00+00:00,2918.39990234375,2919.800048828125,2918.199951171875,2919.199951171875,792.0
2025-03-11 14:41:00+00:00,2917.800048828125,2918.89990234375,2917.300048828125,2918.300048828125,389.0
2025-03-11 14:42:00+00:00,2918.699951171875,2919.699951171875,2917.800048828125,2917.89990234375,257.0
2025-03-11 14:43:00+00:00,2920.10009765625,2920.300048828125,2918.300048828125,2918.699951171875,277.0
2025-03-11 14:44:00+00:00,2921.89990234375,2921.89990234375,2920.199951171875,2920.199951171875,739.0
2025-03-11 14:45:00+00:00,2922.39990234375,2922.699951171875,2921.60009765625,2922.0,453.0
2025-03-11 14:46:00+00:00,2921.199951171875,2922.699951171875,2921.10009765625,2922.5,163.0
2025-03-11 14:47:00+00:00,2921.39990234375,2921.89990234375,2920.699951171875,2921.199951171875,159.0
2025-03-11 14:48:00+00:00,2922.10009765625,2922.39990234375,2921.300048828125,2921.39990234375,197.0
2025-03-11 14:49:00+00:00,2920.89990234375,2922.10009765625,2920.89990234375,2922.10009765625,56.0
2025-03-11 14:50:00+00:00,2921.199951171875,2921.5,2920.800048828125,2920.89990234375,81.0
2025-03-11 14:51:00+00:00,2920.60009765625,2921.39990234375,2920.300048828125,2921.199951171875,157.0
2025-03-11 14:52:00+00:00,2921.300048828125,2921.300048828125,2920.60009765625,2920.60009765625,119.0
2025-03-11 14:53:00+00:00,2922.10009765625,2922.5,2921.10009765625,2921.39990234375,105.0
2025-03-11 14:54:00+00:00,2922.199951171875,2922.5,2921.800048828125,2922.199951171875,85.0
2025-03-11 14:55:00+00:00,2921.39990234375,2922.39990234375,2921.10009765625,2922.10009765625,116.0
2025-03-11 14:56:00+00:00,2921.699951171875,2921.699951171875,2921.300048828125,2921.300048828125,54.0
2025-03-11 14:57:00+00:00,2920.800048828125,2921.60009765625,2920.39990234375,2921.60009765625,80.0
2025-03-11 14:58:00+00:00,2920.39990234375,2920.89990234375,2920.0,2920.89990234375,139.0
2025-03-11 14:59:00+00:00,2920.60009765625,2920.89990234375,2920.199951171875,2920.39990234375,89.0
2025-03-11 15:00:00+00:00,2922.0,2922.5,2920.39990234375,2920.699951171875,708.0
2025-03-11 15:01:00+00:00,2922.89990234375,2923.39990234375,2921.60009765625,2922.0,227.0
2025-03-11 15:02:00+00:00,2922.60009765625,2923.300048828125,2922.300048828125,2922.800048828125,281.0
2025-03-11 15:03:00+00:00,2923.0,2923.39990234375,2921.89990234375,2922.60009765625,322.0
2025-03-11 15:04:00+00:00,2923.699951171875,2924.300048828125,2923.0,2923.199951171875,498.0
2025-03-11 15:05:00+00:00,2924.800048828125,2924.800048828125,2923.10009765625,2923.699951171875,607.0
2025-03-11 15:06:00+00:00,2925.800048828125,2926.10009765625,2924.699951171875,2924.699951171875,504.0
2025-03-11 15:07:00+00:00,2926.199951171875,2926.39990234375,2925.199951171875,2925.89990234375,752.0
2025-03-11 15:08:00+00:00,2925.800048828125,2926.300048828125,2925.199951171875,2926.0,182.0
2025-03-11 15:09:00+00:00,2926.300048828125,2926.89990234375,2925.89990234375,2925.89990234375,216.0
2025-03-11 15:10:00+00:00,2926.0,2926.699951171875,2925.699951171875,2926.5,236.0
2025-03-11 15:11:00+00:00,2925.39990234375,2926.300048828125,2925.300048828125,2926.10009765625,133.0
2025-03-11 15:12:00+00:00,2925.300048828125,2926.0,2925.199951171875,2925.300048828125,129.0
2025-03-11 15:13:00+00:00,2925.60009765625,2926.39990234375,2925.199951171875,2925.39990234375,121.0
2025-03-11 15:14:00+00:00,2926.0,2926.0,2924.800048828125,2925.5,149.0
2025-03-11 15:15:00+00:00,2925.10009765625,2926.0,2924.89990234375,2926.0,104.0
2025-03-11 15:16:00+00:00,2925.5,2925.699951171875,2924.60009765625,2925.10009765625,135.0
2025-03-11 15:17:00+00:00,2924.199951171875,2925.39990234375,2924.0,2925.39990234375,106.0
2025-03-11 15:18:00+00:00,2925.800048828125,2925.800048828125,2924.300048828125,2924.300048828125,80.0
2025-03-11 15:19:00+00:00,2924.89990234375,2925.89990234375,2924.89990234375,2925.89990234375,85.0
2025-03-11 15:20:00+00:00,2923.60009765625,2925.10009765625,2923.60009765625,2925.10009765625,117.0
2025-03-11 15:21:00+00:00,2923.199951171875,2923.699951171875,2923.0,2923.699951171875,132.0
2025-03-11 15:22:00+00:00,2922.89990234375,2923.10009765625,2922.300048828125,2923.10009765625,127.0
2025-03-11 15:23:00+00:00,2922.199951171875,2923.0,2922.10009765625,2923.0,115.0
2025-03-11 15:24:00+00:00,2922.699951171875,2922.89990234375,2921.39990234375,2922.0,149.0
2025-03-11 15:25:00+00:00,2922.60009765625,2922.800048828125,2922.10009765625,2922.60009765625,116.0
2025-03-11 15:26:00+00:00,2923.0,2923.10009765625,2922.39990234375,2922.5,110.0
2025-03-11 15:27:00+00:00,2921.39990234375,2922.800048828125,2921.300048828125,2922.800048828125,115.0
2025-03-11 15:28:00+00:00,2922.300048828125,2922.300048828125,2921.0,2921.39990234375,119.0
2025-03-11 15:29:00+00:00,2922.39990234375,2922.39990234375,2921.60009765625,2922.0,49.0
2025-03-11 15:30:00+00:00,2923.10009765625,2923.10009765625,2922.10009765625,2922.5,69.0
2025-03-11 15:31:00+00:00,2924.199951171875,2924.300048828125,2923.0,2923.0,139.0
2025-03-11 15:32:00+00:00,2924.89990234375,2925.10009765625,2924.10009765625,2924.300048828125,192.0
2025-03-11 15:33:00+00:00,2924.300048828125,2925.800048828125,2924.0,2925.0,138.0
2025-03-11 15:34:00+00:00,2923.60009765625,2924.300048828125,2923.60009765625,2924.0,64.0
2025-03-11 15:35:00+00:00,2923.300048828125,2923.699951171875,2923.10009765625,2923.60009765625,51.0
2025-03-11 15:36:00+00:00,2922.60009765625,2923.60009765625,2922.5,2923.10009765625,107.0
2025-03-11 15:37:00+00:00,2922.5,2922.60009765625,2921.199951171875,2922.60009765625,148.0
2025-03-11 15:38:00+00:00,2924.39990234375,2924.699951171875,2922.699951171875,2922.699951171875,201.0
2025-03-11 15:39:00+00:00,2924.800048828125,2924.89990234375,2924.10009765625,2924.300048828125,94.0
2025-03-11 15:40:00+00:00,2926.10009765625,2926.300048828125,2924.699951171875,2924.89990234375,113.0
2025-03-11 15:41:00+00:00,2925.5,2926.5,2925.5,2926.300048828125,243.0
2025-03-11 15:42:00+00:00,2926.0,2926.199951171875,2925.699951171875,2925.699951171875,79.0
2025-03-11 15:43:00+00:00,2924.699951171875,2925.89990234375,2924.39990234375,2925.89990234375,230.0
2025-03-11 15:44:00+00:00,2924.699951171875,2924.89990234375,2924.39990234375,2924.699951171875,79.0
2025-03-11 15:45:00+00:00,2924.300048828125,2924.800048828125,2924.199951171875,2924.800048828125,34.0
2025-03-11 15:46:00+00:00,2923.699951171875,2924.199951171875,2923.699951171875,2924.199951171875,84.0
2025-03-11 15:47:00+00:00,2923.699951171875,2924.0,2923.39990234375,2923.5,36.0
2025-03-11 15:48:00+00:00,2923.89990234375,2924.39990234375,2923.699951171875,2923.800048828125,58.0
2025-03-11 15:49:00+00:00,2923.60009765625,2924.199951171875,2923.5,2923.89990234375,128.0
2025-03-11 15:50:00+00:00,2924.10009765625,2924.300048828125,2923.5,2923.60009765625,71.0
2025-03-11 15:51:00+00:00,2924.10009765625,2924.39990234375,2923.89990234375,2924.0,43.0
2025-03-11 15:52:00+00:00,2924.89990234375,2925.10009765625,2924.199951171875,2924.300048828125,35.0
2025-03-11 15:53:00+00:00,2924.300048828125,2925.0,2924.10009765625,2924.89990234375,85.0
2025-03-11 15:54:00+00:00,2923.89990234375,2924.699951171875,2923.800048828125,2924.300048828125,94.0
2025-03-11 15:55:00+00:00,2924.0,2924.199951171875,2923.699951171875,2924.0,84.0
2025-03-11 15:56:00+00:00,2923.800048828125,2924.10009765625,2923.5,2923.800048828125,59.0
2025-03-11 15:57:00+00:00,2923.5,2923.60009765625,2923.199951171875,2923.5,57.0
2025-03-11 15:58:00+00:00,2922.60009765625,2923.39990234375,2922.60009765625,2923.300048828125,149.0
2025-03-11 15:59:00+00:00,2922.800048828125,2922.89990234375,2922.300048828125,2922.5,70.0
2025-03-11 16:00:00+00:00,2922.39990234375,2922.800048828125,2922.10009765625,2922.699951171875,65.0
2025-03-11 16:01:00+00:00,2922.199951171875,2922.800048828125,2922.0,2922.300048828125,83.0
2025-03-11 16:02:00+00:00,2923.5,2924.0,2922.39990234375,2922.39990234375,101.0
2025-03-11 16:03:00+00:00,2923.10009765625,2923.60009765625,2922.89990234375,2923.60009765625,67.0
2025-03-11 16:04:00+00:00,2923.5,2923.5,2922.89990234375,2923.0,60.0
2025-03-11 16:05:00+00:00,2923.10009765625,2923.39990234375,2922.800048828125,2923.39990234375,77.0
2025-03-11 16:06:00+00:00,2922.39990234375,2923.5,2922.300048828125,2923.300048828125,84.0
2025-03-11 16:07:00+00:00,2922.39990234375,2923.0,2922.0,2922.60009765625,73.0
2025-03-11 16:08:00+00:00,2922.199951171875,2922.199951171875,2921.800048828125,2922.10009765625,58.0
2025-03-11 16:09:00+00:00,2922.39990234375,2922.5,2922.10009765625,2922.39990234375,2210.0
2025-03-11 16:10:00+00:00,2922.5,2922.5,2921.89990234375,2922.5,340.0
2025-03-11 16:11:00+00:00,2922.60009765625,2922.60009765625,2922.0,2922.60009765625,32.0
2025-03-11 16:12:00+00:00,2923.0,2923.300048828125,2922.39990234375,2922.699951171875,59.0
2025-03-11 16:13:00+00:00,2922.5,2923.0,2922.5,2923.0,30.0
2025-03-11 16:14:00+00:00,2921.800048828125,2922.5,2921.800048828125,2922.39990234375,57.0
2025-03-11 16:15:00+00:00,2922.300048828125,2922.89990234375,2921.89990234375,2922.10009765625,66.0
2025-03-11 16:16:00+00:00,2922.199951171875,2922.60009765625,2921.89990234375,2922.5,47.0
2025-03-11 16:17:00+00:00,2923.10009765625,2923.10009765625,2922.199951171875,2922.300048828125,155.0
2025-03-11 16:18:00+00:00,2923.199951171875,2923.300048828125,2922.89990234375,2923.10009765625,55.0
2025-03-11 16:19:00+00:00,2922.5,2923.300048828125,2922.5,2923.10009765625,27.0
2025-03-11 16:20:00+00:00,2923.0,2923.199951171875,2922.5,2922.699951171875,22.0
2025-03-11 16:21:00+00:00,2923.10009765625,2923.300048828125,2922.60009765625,2923.199951171875,67.0
2025-03-11 16:22:00+00:00,2923.800048828125,2924.10009765625,2923.300048828125,2923.300048828125,70.0
2025-03-11 16:23:00+00:00,2923.39990234375,2923.89990234375,2923.0,2923.89990234375,101.0
2025-03-11 16:24:00+00:00,2923.199951171875,2923.5,2923.199951171875,2923.39990234375,67.0
2025-03-11 16:25:00+00:00,2923.5,2923.699951171875,2923.199951171875,2923.199951171875,36.0
2025-03-11 16:26:00+00:00,2923.300048828125,2923.699951171875,2923.199951171875,2923.5,48.0
2025-03-11 16:27:00+00:00,2922.39990234375,2923.300048828125,2922.39990234375,2923.199951171875,90.0
2025-03-11 16:28:00+00:00,2923.39990234375,2923.5,2922.300048828125,2922.39990234375,62.0
2025-03-11 16:29:00+00:00,2922.699951171875,2923.39990234375,2922.60009765625,2923.39990234375,154.0
2025-03-11 16:30:00+00:00,2923.199951171875,2923.300048828125,2922.800048828125,2922.800048828125,67.0
2025-03-11 16:31:00+00:00,2922.800048828125,2923.39990234375,2922.800048828125,2923.199951171875,70.0
2025-03-11 16:32:00+00:00,2923.0,2923.10009765625,2922.5,2922.89990234375,81.0
2025-03-11 16:33:00+00:00,2922.60009765625,2923.199951171875,2922.60009765625,2923.10009765625,56.0
2025-03-11 16:34:00+00:00,2921.800048828125,2922.60009765625,2921.800048828125,2922.60009765625,84.0
2025-03-11 16:35:00+00:00,2921.699951171875,2922.10009765625,2921.300048828125,2921.800048828125,146.0
2025-03-11 16:36:00+00:00,2921.699951171875,2922.300048828125,2921.300048828125,2921.800048828125,104.0
2025-03-11 16:37:00+00:00,2922.800048828125,2923.39990234375,2921.60009765625,2921.800048828125,237.0
2025-03-11 16:38:00+00:00,2923.300048828125,2923.39990234375,2922.699951171875,2922.800048828125,97.0
2025-03-11 16:39:00+00:00,2923.0,2923.699951171875,2923.0,2923.39990234375,67.0
2025-03-11 16:40:00+00:00,2923.0,2923.10009765625,2922.5,2923.0,133.0
2025-03-11 16:41:00+00:00,2922.0,2922.89990234375,2921.800048828125,2922.89990234375,66.0
2025-03-11 16:42:00+00:00,2923.10009765625,2923.199951171875,2921.800048828125,2922.10009765625,107.0
2025-03-11 16:43:00+00:00,2923.300048828125,2924.39990234375,2923.10009765625,2923.199951171875,232.0
2025-03-11 16:44:00+00:00,2922.699951171875,2923.5,2922.60009765625,2923.300048828125,123.0
2025-03-11 16:45:00+00:00,2922.300048828125,2922.89990234375,2922.300048828125,2922.60009765625,66.0
2025-03-11 16:46:00+00:00,2922.89990234375,2923.199951171875,2922.39990234375,2922.39990234375,46.0
2025-03-11 16:47:00+00:00,2922.699951171875,2923.39990234375,2922.699951171875,2922.89990234375,81.0
2025-03-11 16:48:00+00:00,2921.89990234375,2922.800048828125,2921.800048828125,2922.800048828125,108.0
2025-03-11 16:49:00+00:00,2922.800048828125,2923.0,2922.0,2922.0,81.0
2025-03-11 16:50:00+00:00,2922.60009765625,2923.10009765625,2922.5,2922.699951171875,88.0
2025-03-11 16:51:00+00:00,2922.800048828125,2923.199951171875,2922.60009765625,2922.699951171875,49.0
2025-03-11 16:52:00+00:00,2922.60009765625,2923.0,2922.60009765625,2922.800048828125,39.0
2025-03-11 16:53:00+00:00,2923.0,2923.39990234375,2922.199951171875,2922.60009765625,167.0
2025-03-11 16:54:00+00:00,2922.199951171875,2922.800048828125,2921.89990234375,2922.800048828125,104.0
2025-03-11 16:55:00+00:00,2922.800048828125,2922.89990234375,2922.39990234375,2922.39990234375,103.0
2025-03-11 16:56:00+00:00,2923.39990234375,2923.5,2922.800048828125,2922.800048828125,127.0
2025-03-11 16:57:00+00:00,2923.10009765625,2923.5,2922.89990234375,2923.39990234375,86.0
2025-03-11 16:58:00+00:00,2923.199951171875,2923.699951171875,2922.89990234375,2923.0,99.0
2025-03-11 16:59:00+00:00,2923.300048828125,2923.5,2923.0,2923.199951171875,88.0
2025-03-11 17:00:00+00:00,2924.0,2924.0,2923.10009765625,2923.10009765625,151.0
2025-03-11 17:01:00+00:00,2923.699951171875,2923.89990234375,2923.0,2923.800048828125,196.0
2025-03-11 17:02:00+00:00,2923.199951171875,2923.89990234375,2923.10009765625,2923.800048828125,153.0
2025-03-11 17:03:00+00:00,2922.300048828125,2923.39990234375,2922.0,2923.199951171875,2160.0
2025-03-11 17:04:00+00:00,2921.699951171875,2922.300048828125,2921.5,2922.199951171875,101.0
2025-03-11 17:05:00+00:00,2923.39990234375,2923.5,2921.60009765625,2921.699951171875,134.0
2025-03-11 17:06:00+00:00,2922.89990234375,2923.5,2922.89990234375,2923.10009765625,56.0
2025-03-11 17:07:00+00:00,2923.0,2923.60009765625,2922.800048828125,2922.89990234375,77.0
2025-03-11 17:08:00+00:00,2923.199951171875,2923.39990234375,2923.0,2923.0,20.0
2025-03-11 17:09:00+00:00,2923.89990234375,2924.0,2923.300048828125,2923.39990234375,175.0
2025-03-11 17:10:00+00:00,2925.39990234375,2925.39990234375,2923.800048828125,2923.800048828125,291.0
2025-03-11 17:11:00+00:00,2925.10009765625,2925.60009765625,2925.10009765625,2925.300048828125,82.0
2025-03-11 17:12:00+00:00,2925.199951171875,2925.199951171875,2924.60009765625,2925.0,87.0
2025-03-11 17:13:00+00:00,2926.699951171875,2926.699951171875,2924.60009765625,2925.199951171875,393.0
2025-03-11 17:14:00+00:00,2925.300048828125,2926.60009765625,2925.300048828125,2926.5,5461.0
2025-03-11 17:15:00+00:00,2925.39990234375,2925.699951171875,2925.10009765625,2925.39990234375,142.0
2025-03-11 17:16:00+00:00,2925.5,2925.800048828125,2925.10009765625,2925.60009765625,355.0
2025-03-11 17:17:00+00:00,2925.300048828125,2926.0,2925.300048828125,2925.60009765625,659.0
2025-03-11 17:18:00+00:00,2925.5,2925.800048828125,2925.199951171875,2925.5,186.0
2025-03-11 17:19:00+00:00,2924.5,2925.60009765625,2924.5,2925.60009765625,141.0
2025-03-11 17:20:00+00:00,2924.0,2924.89990234375,2924.0,2924.699951171875,297.0
2025-03-11 17:21:00+00:00,2923.39990234375,2924.10009765625,2923.199951171875,2923.800048828125,143.0
2025-03-11 17:22:00+00:00,2923.0,2923.5,2923.0,2923.5,216.0
2025-03-11 17:23:00+00:00,2922.10009765625,2923.0,2922.0,2922.89990234375,281.0
2025-03-11 17:24:00+00:00,2922.0,2922.800048828125,2921.89990234375,2922.0,508.0
2025-03-11 17:25:00+00:00,2920.699951171875,2922.300048828125,2920.60009765625,2921.89990234375,255.0
2025-03-11 17:26:00+00:00,2920.699951171875,2921.199951171875,2920.10009765625,2920.60009765625,610.0
2025-03-11 17:27:00+00:00,2920.800048828125,2921.199951171875,2919.89990234375,2920.699951171875,1147.0
2025-03-11 17:28:00+00:00,2920.10009765625,2921.199951171875,2920.0,2920.699951171875,534.0
2025-03-11 17:29:00+00:00,2921.300048828125,2921.39990234375,2920.0,2920.10009765625,2502.0
2025-03-11 17:30:00+00:00,2921.5,2921.800048828125,2921.0,2921.199951171875,3521.0
2025-03-11 17:31:00+00:00,2922.0,2922.699951171875,2921.199951171875,2921.60009765625,340.0
2025-03-11 17:32:00+00:00,2922.199951171875,2922.199951171875,2921.699951171875,2921.89990234375,200.0
2025-03-11 17:33:00+00:00,2922.89990234375,2922.89990234375,2922.0,2922.300048828125,54.0
2025-03-11 17:34:00+00:00,2923.10009765625,2923.699951171875,2922.89990234375,2923.0,660.0
2025-03-11 17:35:00+00:00,2923.10009765625,2923.699951171875,2923.0,2923.199951171875,179.0
2025-03-11 17:36:00+00:00,2922.60009765625,2923.5,2922.60009765625,2923.0,43.0
2025-03-11 17:37:00+00:00,2922.800048828125,2923.199951171875,2922.60009765625,2922.699951171875,647.0
2025-03-11 17:38:00+00:00,2922.39990234375,2922.800048828125,2922.199951171875,2922.699951171875,506.0
2025-03-11 17:39:00+00:00,2922.89990234375,2923.10009765625,2922.5,2922.5,114.0
2025-03-11 17:40:00+00:00,2923.199951171875,2923.300048828125,2922.800048828125,2922.800048828125,42.0
2025-03-11 17:41:00+00:00,2923.800048828125,2923.89990234375,2923.199951171875,2923.39990234375,63.0
2025-03-11 17:42:00+00:00,2923.10009765625,2923.699951171875,2923.0,2923.699951171875,35.0
2025-03-11 17:43:00+00:00,2923.0,2923.300048828125,2922.800048828125,2923.300048828125,29.0
2025-03-11 17:44:00+00:00,2922.699951171875,2922.89990234375,2922.300048828125,2922.89990234375,53.0
2025-03-11 17:45:00+00:00,2923.0,2923.10009765625,2922.5,2922.800048828125,41.0
2025-03-11 17:46:00+00:00,2923.60009765625,2923.60009765625,2922.699951171875,2923.0,38.0
2025-03-11 17:47:00+00:00,2924.300048828125,2924.300048828125,2923.60009765625,2923.60009765625,74.0
2025-03-11 17:48:00+00:00,2924.10009765625,2924.300048828125,2923.89990234375,2924.300048828125,44.0
2025-03-11 17:49:00+00:00,2924.0,2924.39990234375,2923.89990234375,2923.89990234375,30.0
2025-03-11 17:50:00+00:00,2924.5,2924.5,2924.0,2924.199951171875,18.0
2025-03-11 17:51:00+00:00,2924.10009765625,2924.300048828125,2923.800048828125,2924.199951171875,17.0
2025-03-11 17:52:00+00:00,2924.10009765625,2924.5,2924.10009765625,2924.199951171875,20.0
2025-03-11 17:53:00+00:00,2924.39990234375,2924.39990234375,2923.800048828125,2924.0,32.0
2025-03-11 17:54:00+00:00,2924.39990234375,2924.5,2924.10009765625,2924.39990234375,50.0
2025-03-11 17:55:00+00:00,2924.60009765625,2924.800048828125,2924.300048828125,2924.39990234375,94.0
2025-03-11 17:56:00+00:00,2924.300048828125,2924.89990234375,2924.300048828125,2924.699951171875,25.0
2025-03-11 17:57:00+00:00,2924.300048828125,2924.300048828125,2924.0,2924.0,517.0
2025-03-11 17:58:00+00:00,2923.89990234375,2924.39990234375,2923.699951171875,2924.10009765625,150.0
2025-03-11 17:59:00+00:00,2923.800048828125,2923.800048828125,2923.199951171875,2923.800048828125,90.0
2025-03-11 18:00:00+00:00,2923.0,2924.199951171875,2922.89990234375,2923.800048828125,84.0
2025-03-11 18:01:00+00:00,2924.199951171875,2924.199951171875,2922.5,2922.89990234375,80.0
2025-03-11 18:02:00+00:00,2923.89990234375,2924.39990234375,2923.800048828125,2924.199951171875,31.0
2025-03-11 18:03:00+00:00,2923.5,2924.39990234375,2923.300048828125,2923.800048828125,62.0
2025-03-11 18:04:00+00:00,2922.800048828125,2923.5,2922.800048828125,2923.5,42.0
2025-03-11 18:05:00+00:00,2922.60009765625,2922.800048828125,2922.39990234375,2922.699951171875,35.0
2025-03-11 18:06:00+00:00,2921.800048828125,2922.800048828125,2921.800048828125,2922.39990234375,60.0
2025-03-11 18:07:00+00:00,2921.699951171875,2922.300048828125,2921.300048828125,2922.10009765625,147.0
2025-03-11 18:08:00+00:00,2921.39990234375,2921.699951171875,2920.800048828125,2921.60009765625,174.0
2025-03-11 18:09:00+00:00,2921.60009765625,2921.800048828125,2921.300048828125,2921.300048828125,27.0
2025-03-11 18:10:00+00:00,2922.0,2922.0,2921.60009765625,2921.699951171875,24.0
2025-03-11 18:11:00+00:00,2922.699951171875,2922.699951171875,2921.800048828125,2922.10009765625,94.0
2025-03-11 18:12:00+00:00,2923.5,2923.5,2922.800048828125,2922.800048828125,41.0
2025-03-11 18:13:00+00:00,2923.10009765625,2923.60009765625,2923.0,2923.300048828125,96.0
2025-03-11 18:14:00+00:00,2922.89990234375,2923.300048828125,2922.60009765625,2923.10009765625,107.0
2025-03-11 18:15:00+00:00,2923.0,2923.10009765625,2922.699951171875,2923.10009765625,18.0
2025-03-11 18:16:00+00:00,2922.699951171875,2923.10009765625,2922.60009765625,2922.800048828125,20.0
2025-03-11 18:17:00+00:00,2921.60009765625,2922.60009765625,2921.60009765625,2922.5,83.0
2025-03-11 18:18:00+00:00,2921.699951171875,2922.0,2921.39990234375,2921.5,610.0
2025-03-11 18:19:00+00:00,2921.39990234375,2921.800048828125,2921.39990234375,2921.60009765625,30.0
2025-03-11 18:20:00+00:00,2921.800048828125,2921.800048828125,2921.199951171875,2921.300048828125,74.0
2025-03-11 18:21:00+00:00,2922.39990234375,2922.699951171875,2921.699951171875,2921.800048828125,118.0
2025-03-11 18:22:00+00:00,2922.60009765625,2923.10009765625,2922.39990234375,2922.60009765625,46.0
2025-03-11 18:23:00+00:00,2922.800048828125,2923.10009765625,2922.699951171875,2922.800048828125,27.0
2025-03-11 18:24:00+00:00,2922.39990234375,2923.10009765625,2922.300048828125,2922.89990234375,66.0
2025-03-11 18:25:00+00:00,2922.0,2922.39990234375,2921.800048828125,2922.300048828125,27.0
2025-03-11 18:26:00+00:00,2921.5,2921.89990234375,2921.199951171875,2921.699951171875,65.0
2025-03-11 18:27:00+00:00,2921.89990234375,2922.0,2921.5,2921.699951171875,36.0
2025-03-11 18:28:00+00:00,2922.5,2922.5,2921.699951171875,2921.89990234375,30.0
2025-03-11 18:29:00+00:00,2922.5,2922.699951171875,2922.10009765625,2922.39990234375,46.0
2025-03-11 18:30:00+00:00,2922.60009765625,2922.89990234375,2922.300048828125,2922.39990234375,30.0
2025-03-11 18:31:00+00:00,2922.0,2922.39990234375,2921.89990234375,2922.300048828125,39.0
2025-03-11 18:32:00+00:00,2922.89990234375,2922.89990234375,2922.199951171875,2922.199951171875,29.0
2025-03-11 18:33:00+00:00,2922.800048828125,2923.10009765625,2922.60009765625,2922.89990234375,110.0
2025-03-11 18:34:00+00:00,2922.699951171875,2923.199951171875,2922.699951171875,2922.800048828125,14.0
2025-03-11 18:35:00+00:00,2923.10009765625,2923.10009765625,2922.300048828125,2922.60009765625,34.0
2025-03-11 18:36:00+00:00,2922.89990234375,2923.0,2922.699951171875,2923.0,9.0
2025-03-11 18:37:00+00:00,2923.60009765625,2923.60009765625,2923.0,2923.0,124.0
2025-03-11 18:38:00+00:00,2923.60009765625,2923.60009765625,2923.300048828125,2923.300048828125,186.0
2025-03-11 18:39:00+00:00,2923.0,2923.60009765625,2922.800048828125,2923.5,88.0
2025-03-11 18:40:00+00:00,2923.300048828125,2923.300048828125,2922.699951171875,2922.699951171875,35.0
2025-03-11 18:41:00+00:00,2924.5,2924.699951171875,2923.199951171875,2923.39990234375,305.0
2025-03-11 18:42:00+00:00,2923.89990234375,2924.699951171875,2923.800048828125,2924.5,192.0
2025-03-11 18:43:00+00:00,2923.699951171875,2924.5,2923.5,2924.0,67.0
2025-03-11 18:44:00+00:00,2924.0,2924.5,2923.5,2923.60009765625,77.0
2025-03-11 18:45:00+00:00,2923.39990234375,2924.0,2923.300048828125,2924.0,38.0
2025-03-11 18:46:00+00:00,2923.5,2923.60009765625,2923.199951171875,2923.199951171875,15.0
2025-03-11 18:47:00+00:00,2923.39990234375,2923.39990234375,2923.10009765625,2923.10009765625,29.0
2025-03-11 18:48:00+00:00,2924.199951171875,2924.199951171875,2923.300048828125,2923.5,33.0
2025-03-11 18:49:00+00:00,2924.5,2924.5,2924.10009765625,2924.199951171875,54.0
2025-03-11 18:50:00+00:00,2924.5,2925.0,2924.5,2924.60009765625,75.0
2025-03-11 18:51:00+00:00,2924.199951171875,2924.39990234375,2924.10009765625,2924.199951171875,21.0
2025-03-11 18:52:00+00:00,2924.300048828125,2924.699951171875,2924.199951171875,2924.199951171875,28.0
2025-03-11 18:53:00+00:00,2925.0,2925.0,2924.39990234375,2924.39990234375,178.0
2025-03-11 18:54:00+00:00,2924.300048828125,2925.39990234375,2924.199951171875,2925.199951171875,142.0
2025-03-11 18:55:00+00:00,2923.800048828125,2924.0,2923.60009765625,2924.0,51.0
2025-03-11 18:56:00+00:00,2924.0,2924.300048828125,2923.89990234375,2923.89990234375,30.0
2025-03-11 18:57:00+00:00,2924.300048828125,2924.39990234375,2923.800048828125,2923.89990234375,27.0
2025-03-11 18:58:00+00:00,2924.60009765625,2924.800048828125,2924.10009765625,2924.300048828125,30.0
2025-03-11 18:59:00+00:00,2923.89990234375,2924.699951171875,2923.89990234375,2924.60009765625,67.0
2025-03-11 19:00:00+00:00,2924.39990234375,2924.699951171875,2923.89990234375,2923.89990234375,74.0
2025-03-11 19:01:00+00:00,2924.0,2924.5,2924.0,2924.39990234375,26.0
2025-03-11 19:02:00+00:00,2923.5,2924.10009765625,2923.5,2924.10009765625,38.0
2025-03-11 19:03:00+00:00,2923.699951171875,2923.800048828125,2923.199951171875,2923.39990234375,54.0
2025-03-11 19:04:00+00:00,2924.0,2924.10009765625,2923.699951171875,2923.699951171875,29.0
2025-03-11 19:05:00+00:00,2924.699951171875,2924.89990234375,2924.10009765625,2924.10009765625,36.0
2025-03-11 19:06:00+00:00,2924.89990234375,2925.300048828125,2924.60009765625,2924.800048828125,64.0
2025-03-11 19:07:00+00:00,2925.10009765625,2925.300048828125,2924.39990234375,2924.89990234375,53.0
2025-03-11 19:08:00+00:00,2925.0,2925.39990234375,2925.0,2925.300048828125,41.0
2025-03-11 19:09:00+00:00,2924.60009765625,2925.0,2924.5,2925.0,20.0
2025-03-11 19:10:00+00:00,2925.199951171875,2925.199951171875,2924.300048828125,2924.39990234375,42.0
2025-03-11 19:11:00+00:00,2924.89990234375,2925.39990234375,2924.800048828125,2925.10009765625,99.0
2025-03-11 19:12:00+00:00,2924.89990234375,2925.10009765625,2924.699951171875,2924.89990234375,12.0
2025-03-11 19:13:00+00:00,2924.89990234375,2925.10009765625,2924.699951171875,2924.699951171875,79.0
2025-03-11 19:14:00+00:00,2925.0,2925.0,2924.699951171875,2924.800048828125,15.0
2025-03-11 19:15:00+00:00,2925.0,2925.199951171875,2924.60009765625,2924.800048828125,66.0
2025-03-11 19:16:00+00:00,2925.0,2925.199951171875,2924.39990234375,2925.0,54.0
2025-03-11 19:17:00+00:00,2924.800048828125,2925.10009765625,2924.5,2925.10009765625,408.0
2025-03-11 19:18:00+00:00,2926.199951171875,2926.199951171875,2924.60009765625,2924.699951171875,351.0
2025-03-11 19:19:00+00:00,2926.300048828125,2926.39990234375,2926.0,2926.199951171875,47.0
2025-03-11 19:20:00+00:00,2926.89990234375,2926.89990234375,2926.300048828125,2926.300048828125,167.0
2025-03-11 19:21:00+00:00,2926.800048828125,2926.89990234375,2926.199951171875,2926.800048828125,111.0
2025-03-11 19:22:00+00:00,2926.89990234375,2927.10009765625,2926.800048828125,2926.800048828125,128.0
2025-03-11 19:23:00+00:00,2927.10009765625,2927.199951171875,2926.699951171875,2926.800048828125,46.0
2025-03-11 19:24:00+00:00,2926.800048828125,2927.199951171875,2926.60009765625,2927.199951171875,123.0
2025-03-11 19:25:00+00:00,2926.60009765625,2926.89990234375,2926.5,2926.800048828125,53.0
2025-03-11 19:26:00+00:00,2927.0,2927.199951171875,2926.60009765625,2926.60009765625,41.0
2025-03-11 19:27:00+00:00,2927.0,2927.10009765625,2926.39990234375,2926.699951171875,88.0
2025-03-11 19:28:00+00:00,2927.0,2927.199951171875,2926.60009765625,2927.10009765625,66.0
2025-03-11 19:29:00+00:00,2926.5,2927.10009765625,2926.5,2926.89990234375,30.0
2025-03-11 19:30:00+00:00,2927.0,2927.10009765625,2926.5,2926.60009765625,42.0
2025-03-11 19:31:00+00:00,2927.5,2927.60009765625,2926.89990234375,2927.10009765625,47.0
2025-03-11 19:32:00+00:00,2927.300048828125,2927.5,2927.0,2927.5,36.0
2025-03-11 19:33:00+00:00,2927.300048828125,2927.60009765625,2927.300048828125,2927.39990234375,48.0
2025-03-11 19:34:00+00:00,2927.39990234375,2927.5,2927.10009765625,2927.5,46.0
2025-03-11 19:35:00+00:00,2927.300048828125,2927.800048828125,2927.300048828125,2927.5,73.0
2025-03-11 19:36:00+00:00,2926.89990234375,2927.39990234375,2926.699951171875,2927.39990234375,60.0
2025-03-11 19:37:00+00:00,2927.0,2927.10009765625,2926.60009765625,2927.0,32.0
2025-03-11 19:38:00+00:00,2927.0,2927.199951171875,2926.89990234375,2926.89990234375,8.0
2025-03-11 19:39:00+00:00,2926.89990234375,2927.199951171875,2926.800048828125,2927.10009765625,19.0
2025-03-11 19:40:00+00:00,2926.300048828125,2926.800048828125,2926.199951171875,2926.800048828125,65.0
2025-03-11 19:41:00+00:00,2926.800048828125,2927.0,2926.39990234375,2926.39990234375,20.0
2025-03-11 19:42:00+00:00,2927.199951171875,2927.199951171875,2926.800048828125,2927.0,13.0
2025-03-11 19:43:00+00:00,2927.39990234375,2927.39990234375,2927.0,2927.10009765625,35.0
2025-03-11 19:44:00+00:00,2927.39990234375,2927.39990234375,2927.300048828125,2927.39990234375,13.0
2025-03-11 19:45:00+00:00,2927.10009765625,2927.5,2926.89990234375,2927.5,103.0
2025-03-11 19:46:00+00:00,2926.800048828125,2927.10009765625,2926.699951171875,2927.10009765625,30.0
2025-03-11 19:47:00+00:00,2926.699951171875,2926.699951171875,2926.5,2926.699951171875,20.0
2025-03-11 19:48:00+00:00,2927.0,2927.0,2926.60009765625,2926.800048828125,45.0
2025-03-11 19:49:00+00:00,2926.89990234375,2927.10009765625,2926.800048828125,2927.10009765625,27.0
2025-03-11 19:50:00+00:00,2927.199951171875,2927.199951171875,2926.60009765625,2926.89990234375,56.0
2025-03-11 19:51:00+00:00,2926.10009765625,2927.199951171875,2926.0,2927.199951171875,81.0
2025-03-11 19:52:00+00:00,2926.300048828125,2926.300048828125,2925.699951171875,2926.0,85.0
2025-03-11 19:53:00+00:00,2926.0,2926.300048828125,2925.800048828125,2926.300048828125,73.0
2025-03-11 19:54:00+00:00,2926.5,2926.60009765625,2926.0,2926.10009765625,28.0
2025-03-11 19:55:00+00:00,2926.699951171875,2926.699951171875,2926.300048828125,2926.5,83.0
2025-03-11 19:56:00+00:00,2925.89990234375,2926.5,2925.800048828125,2926.5,68.0
2025-03-11 19:57:00+00:00,2925.699951171875,2926.199951171875,2925.60009765625,2926.0,62.0
2025-03-11 19:58:00+00:00,2925.699951171875,2926.300048828125,2925.699951171875,2925.89990234375,59.0
2025-03-11 19:59:00+00:00,2925.199951171875,2925.800048828125,2925.10009765625,2925.800048828125,231.0
2025-03-11 20:00:00+00:00,2925.39990234375,2925.699951171875,2925.10009765625,2925.39990234375,64.0
2025-03-11 20:01:00+00:00,2925.699951171875,2926.10009765625,2925.39990234375,2925.5,54.0
2025-03-11 20:02:00+00:00,2925.89990234375,2926.0,2925.800048828125,2925.800048828125,12.0
2025-03-11 20:03:00+00:00,2925.699951171875,2925.89990234375,2925.60009765625,2925.800048828125,35.0
2025-03-11 20:04:00+00:00,2925.199951171875,2925.60009765625,2925.199951171875,2925.60009765625,42.0
2025-03-11 20:05:00+00:00,2925.0,2925.39990234375,2925.0,2925.39990234375,26.0
2025-03-11 20:06:00+00:00,2924.300048828125,2924.89990234375,2924.199951171875,2924.89990234375,50.0
2025-03-11 20:07:00+00:00,2924.199951171875,2924.60009765625,2924.199951171875,2924.300048828125,158.0
2025-03-11 20:08:00+00:00,2924.800048828125,2924.800048828125,2924.39990234375,2924.39990234375,30.0
2025-03-11 20:09:00+00:00,2924.800048828125,2924.89990234375,2924.699951171875,2924.800048828125,22.0
2025-03-11 20:10:00+00:00,2923.89990234375,2924.800048828125,2923.699951171875,2924.800048828125,233.0
2025-03-11 20:11:00+00:00,2923.5,2924.0,2923.5,2923.699951171875,49.0
2025-03-11 20:12:00+00:00,2923.800048828125,2924.0,2923.5,2923.60009765625,59.0
2025-03-11 20:13:00+00:00,2923.60009765625,2924.199951171875,2923.60009765625,2923.699951171875,48.0
2025-03-11 20:14:00+00:00,2922.800048828125,2923.60009765625,2922.699951171875,2923.60009765625,195.0
2025-03-11 20:15:00+00:00,2922.800048828125,2923.300048828125,2922.800048828125,2922.800048828125,71.0
2025-03-11 20:16:00+00:00,2923.300048828125,2923.60009765625,2922.699951171875,2922.800048828125,211.0
2025-03-11 20:17:00+00:00,2923.5,2923.60009765625,2922.89990234375,2923.10009765625,38.0
2025-03-11 20:18:00+00:00,2924.0,2924.300048828125,2923.10009765625,2923.39990234375,115.0
2025-03-11 20:19:00+00:00,2923.60009765625,2923.89990234375,2923.39990234375,2923.89990234375,26.0
2025-03-11 20:20:00+00:00,2922.89990234375,2923.5,2922.89990234375,2923.5,23.0
2025-03-11 20:21:00+00:00,2923.5,2923.5,2922.800048828125,2922.89990234375,33.0
2025-03-11 20:22:00+00:00,2923.39990234375,2923.5,2923.300048828125,2923.5,12.0
2025-03-11 20:23:00+00:00,2922.89990234375,2923.300048828125,2922.800048828125,2923.300048828125,22.0
2025-03-11 20:24:00+00:00,2923.10009765625,2923.199951171875,2922.60009765625,2922.89990234375,146.0
2025-03-11 20:25:00+00:00,2923.0,2923.10009765625,2922.89990234375,2922.89990234375,41.0
2025-03-11 20:26:00+00:00,2922.89990234375,2923.300048828125,2922.89990234375,2923.199951171875,6.0
2025-03-11 20:27:00+00:00,2923.300048828125,2923.300048828125,2923.0,2923.0,14.0
2025-03-11 20:28:00+00:00,2923.199951171875,2923.699951171875,2923.199951171875,2923.5,22.0
2025-03-11 20:29:00+00:00,2923.0,2923.10009765625,2923.0,2923.10009765625,2.0
2025-03-11 20:30:00+00:00,2922.89990234375,2923.10009765625,2922.89990234375,2923.0,16.0
2025-03-11 20:31:00+00:00,2922.800048828125,2923.0,2922.800048828125,2923.0,41.0
2025-03-11 20:32:00+00:00,2923.10009765625,2923.199951171875,2922.89990234375,2922.89990234375,13.0
2025-03-11 20:33:00+00:00,2923.0,2923.0,2922.800048828125,2923.0,14.0
2025-03-11 20:34:00+00:00,2922.89990234375,2923.199951171875,2922.89990234375,2923.10009765625,15.0
2025-03-11 20:35:00+00:00,2922.89990234375,2923.300048828125,2922.89990234375,2923.10009765625,23.0
2025-03-11 20:36:00+00:00,2923.199951171875,2923.39990234375,2923.10009765625,2923.10009765625,11.0
2025-03-11 20:37:00+00:00,2922.800048828125,2923.199951171875,2922.800048828125,2923.199951171875,18.0
2025-03-11 20:38:00+00:00,2923.300048828125,2923.300048828125,2922.89990234375,2922.89990234375,25.0
2025-03-11 20:39:00+00:00,2923.300048828125,2923.39990234375,2922.89990234375,2923.199951171875,20.0
2025-03-11 20:40:00+00:00,2923.5,2923.699951171875,2923.5,2923.5,11.0
2025-03-11 20:41:00+00:00,2923.699951171875,2923.699951171875,2923.60009765625,2923.699951171875,5.0
2025-03-11 20:42:00+00:00,2923.10009765625,2923.800048828125,2923.10009765625,2923.800048828125,14.0
2025-03-11 20:43:00+00:00,2923.39990234375,2923.39990234375,2923.300048828125,2923.300048828125,8.0
2025-03-11 20:44:00+00:00,2923.5,2923.60009765625,2923.199951171875,2923.300048828125,24.0
2025-03-11 20:45:00+00:00,2923.199951171875,2923.699951171875,2923.199951171875,2923.39990234375,26.0
2025-03-11 20:46:00+00:00,2922.800048828125,2923.10009765625,2922.800048828125,2923.10009765625,97.0
2025-03-11 20:47:00+00:00,2923.0,2923.10009765625,2922.89990234375,2923.10009765625,10.0
2025-03-11 20:48:00+00:00,2923.199951171875,2923.199951171875,2923.0,2923.0,14.0
2025-03-11 20:49:00+00:00,2923.0,2923.199951171875,2923.0,2923.10009765625,17.0
2025-03-11 20:50:00+00:00,2922.800048828125,2923.300048828125,2922.699951171875,2922.89990234375,70.0
2025-03-11 20:51:00+00:00,2922.10009765625,2922.800048828125,2922.10009765625,2922.800048828125,92.0
2025-03-11 20:52:00+00:00,2922.10009765625,2922.5,2922.0,2922.199951171875,41.0
2025-03-11 20:53:00+00:00,2922.10009765625,2922.300048828125,2922.0,2922.300048828125,34.0
2025-03-11 20:54:00+00:00,2922.39990234375,2922.699951171875,2922.0,2922.0,36.0
2025-03-11 20:55:00+00:00,2922.800048828125,2922.800048828125,2922.199951171875,2922.39990234375,32.0
2025-03-11 20:56:00+00:00,2923.10009765625,2923.10009765625,2922.89990234375,2923.0,53.0
2025-03-11 20:57:00+00:00,2923.0,2923.199951171875,2922.89990234375,2923.10009765625,16.0
2025-03-11 20:58:00+00:00,2922.800048828125,2923.0,2922.39990234375,2923.0,62.0
2025-03-11 20:59:00+00:00,2922.800048828125,2923.0,2922.699951171875,2922.800048828125,34.0
2025-03-11 22:00:00+00:00,2923.0,2923.0,2922.0,2922.300048828125,0.0
2025-03-11 22:01:00+00:00,2922.699951171875,2923.0,2922.60009765625,2923.0,19.0
2025-03-11 22:02:00+00:00,2922.699951171875,2922.699951171875,2922.60009765625,2922.699951171875,7.0
2025-03-11 22:03:00+00:00,2922.39990234375,2922.60009765625,2922.300048828125,2922.60009765625,30.0
2025-03-11 22:04:00+00:00,2922.5,2922.699951171875,2922.39990234375,2922.5,19.0
2025-03-11 22:05:00+00:00,2922.300048828125,2922.39990234375,2922.10009765625,2922.39990234375,109.0
2025-03-11 22:06:00+00:00,2922.39990234375,2922.5,2922.39990234375,2922.39990234375,5.0
2025-03-11 22:07:00+00:00,2921.60009765625,2922.39990234375,2921.60009765625,2922.39990234375,29.0
2025-03-11 22:08:00+00:00,2921.5,2921.800048828125,2921.300048828125,2921.699951171875,42.0
2025-03-11 22:09:00+00:00,2921.300048828125,2921.5,2921.199951171875,2921.5,44.0
2025-03-11 22:10:00+00:00,2921.699951171875,2921.699951171875,2921.300048828125,2921.39990234375,40.0
2025-03-11 22:11:00+00:00,2922.800048828125,2922.800048828125,2921.300048828125,2921.60009765625,104.0
2025-03-11 22:12:00+00:00,2922.60009765625,2922.60009765625,2922.5,2922.60009765625,4.0
2025-03-11 22:13:00+00:00,2923.10009765625,2923.10009765625,2922.699951171875,2922.699951171875,20.0
2025-03-11 22:14:00+00:00,2923.699951171875,2923.800048828125,2923.199951171875,2923.199951171875,37.0
2025-03-11 22:15:00+00:00,2923.199951171875,2923.89990234375,2923.199951171875,2923.800048828125,26.0
2025-03-11 22:16:00+00:00,2923.199951171875,2923.39990234375,2923.10009765625,2923.199951171875,7.0
2025-03-11 22:17:00+00:00,2922.800048828125,2923.10009765625,2922.60009765625,2923.10009765625,18.0
2025-03-11 22:18:00+00:00,2923.10009765625,2923.199951171875,2922.800048828125,2922.89990234375,19.0
2025-03-11 22:19:00+00:00,2923.10009765625,2923.300048828125,2923.0,2923.300048828125,6.0
2025-03-11 22:20:00+00:00,2922.800048828125,2923.0,2922.699951171875,2923.0,7.0
2025-03-11 22:21:00+00:00,2922.89990234375,2923.199951171875,2922.699951171875,2923.10009765625,22.0
2025-03-11 22:22:00+00:00,2923.10009765625,2923.10009765625,2922.89990234375,2922.89990234375,11.0
2025-03-11 22:23:00+00:00,2923.39990234375,2923.39990234375,2923.10009765625,2923.199951171875,11.0
2025-03-11 22:24:00+00:00,2923.5,2923.60009765625,2923.5,2923.5,5.0
2025-03-11 22:25:00+00:00,2923.699951171875,2923.800048828125,2923.300048828125,2923.39990234375,27.0
2025-03-11 22:26:00+00:00,2923.800048828125,2923.89990234375,2923.300048828125,2923.800048828125,28.0
2025-03-11 22:27:00+00:00,2924.300048828125,2924.300048828125,2923.800048828125,2923.89990234375,14.0
2025-03-11 22:28:00+00:00,2924.300048828125,2924.5,2924.199951171875,2924.300048828125,21.0
2025-03-11 22:29:00+00:00,2923.300048828125,2924.199951171875,2923.10009765625,2924.199951171875,33.0
2025-03-11 22:30:00+00:00,2923.5,2923.89990234375,2923.199951171875,2923.39990234375,40.0
2025-03-11 22:31:00+00:00,2924.10009765625,2924.10009765625,2923.5,2923.60009765625,130.0
2025-03-11 22:32:00+00:00,2924.10009765625,2924.300048828125,2924.10009765625,2924.199951171875,9.0
2025-03-11 22:33:00+00:00,2923.199951171875,2924.0,2923.0,2924.0,23.0
2025-03-11 22:34:00+00:00,2922.89990234375,2923.0,2922.89990234375,2923.0,6.0
2025-03-11 22:35:00+00:00,2922.89990234375,2923.0,2922.60009765625,2923.0,20.0
2025-03-11 22:36:00+00:00,2922.199951171875,2922.800048828125,2922.0,2922.800048828125,28.0
2025-03-11 22:37:00+00:00,2921.699951171875,2922.300048828125,2921.5,2922.10009765625,53.0
2025-03-11 22:38:00+00:00,2921.800048828125,2922.10009765625,2921.5,2921.699951171875,51.0
2025-03-11 22:39:00+00:00,2921.60009765625,2921.89990234375,2921.5,2921.60009765625,37.0
2025-03-11 22:40:00+00:00,2921.699951171875,2921.699951171875,2921.60009765625,2921.60009765625,6.0
2025-03-11 22:41:00+00:00,2922.0,2922.0,2921.800048828125,2921.800048828125,25.0
2025-03-11 22:42:00+00:00,2921.699951171875,2921.699951171875,2921.5,2921.699951171875,7.0
2025-03-11 22:43:00+00:00,2921.89990234375,2922.10009765625,2921.800048828125,2921.800048828125,11.0
2025-03-11 22:44:00+00:00,2922.10009765625,2922.10009765625,2922.0,2922.0,4.0
2025-03-11 22:45:00+00:00,2923.199951171875,2923.199951171875,2922.10009765625,2922.199951171875,26.0
2025-03-11 22:46:00+00:00,2922.89990234375,2923.300048828125,2922.60009765625,2923.300048828125,19.0
2025-03-11 22:47:00+00:00,2922.60009765625,2923.300048828125,2922.39990234375,2923.0,17.0
2025-03-11 22:48:00+00:00,2922.199951171875,2922.39990234375,2922.10009765625,2922.39990234375,29.0
2025-03-11 22:49:00+00:00,2921.89990234375,2922.10009765625,2921.60009765625,2922.0,21.0
2025-03-11 22:50:00+00:00,2921.5,2922.10009765625,2921.39990234375,2921.800048828125,46.0
2025-03-11 22:51:00+00:00,2922.800048828125,2923.0,2921.199951171875,2921.5,102.0
2025-03-11 22:52:00+00:00,2922.300048828125,2922.800048828125,2922.0,2922.800048828125,27.0
2025-03-11 22:53:00+00:00,2922.10009765625,2922.300048828125,2921.89990234375,2922.300048828125,10.0
2025-03-11 22:54:00+00:00,2922.199951171875,2922.39990234375,2921.60009765625,2922.0,32.0
2025-03-11 22:55:00+00:00,2922.10009765625,2922.39990234375,2921.5,2921.89990234375,38.0
2025-03-11 22:56:00+00:00,2922.699951171875,2922.89990234375,2922.199951171875,2922.199951171875,37.0
2025-03-11 22:57:00+00:00,2922.300048828125,2922.699951171875,2922.300048828125,2922.699951171875,3.0
2025-03-11 22:58:00+00:00,2923.199951171875,2923.39990234375,2922.300048828125,2922.300048828125,19.0
2025-03-11 22:59:00+00:00,2923.39990234375,2924.199951171875,2923.199951171875,2923.300048828125,131.0
2025-03-11 23:00:00+00:00,2922.800048828125,2923.300048828125,2922.800048828125,2923.300048828125,28.0
2025-03-11 23:01:00+00:00,2923.5,2923.800048828125,2923.0,2923.0,17.0
2025-03-11 23:02:00+00:00,2923.89990234375,2924.199951171875,2923.60009765625,2923.60009765625,31.0
2025-03-11 23:03:00+00:00,2923.699951171875,2923.800048828125,2923.699951171875,2923.800048828125,4.0
2025-03-11 23:04:00+00:00,2924.10009765625,2924.10009765625,2923.699951171875,2923.699951171875,11.0
2025-03-11 23:05:00+00:00,2923.5,2924.10009765625,2923.5,2924.0,13.0
2025-03-11 23:06:00+00:00,2924.199951171875,2924.199951171875,2923.39990234375,2923.39990234375,33.0
2025-03-11 23:07:00+00:00,2924.300048828125,2924.60009765625,2924.10009765625,2924.10009765625,34.0
2025-03-11 23:08:00+00:00,2924.60009765625,2924.800048828125,2924.199951171875,2924.39990234375,42.0
2025-03-11 23:09:00+00:00,2925.10009765625,2925.300048828125,2924.199951171875,2924.5,82.0
2025-03-11 23:10:00+00:00,2925.0,2925.39990234375,2924.699951171875,2925.10009765625,60.0
2025-03-11 23:11:00+00:00,2923.89990234375,2925.10009765625,2923.300048828125,2925.0,98.0
2025-03-11 23:12:00+00:00,2923.89990234375,2924.199951171875,2923.800048828125,2923.800048828125,25.0
2025-03-11 23:13:00+00:00,2924.10009765625,2924.5,2924.0,2924.0,58.0
2025-03-11 23:14:00+00:00,2924.0,2924.39990234375,2923.699951171875,2924.10009765625,97.0
2025-03-11 23:15:00+00:00,2923.60009765625,2924.39990234375,2923.60009765625,2924.0,90.0
2025-03-11 23:16:00+00:00,2922.699951171875,2923.800048828125,2922.60009765625,2923.800048828125,44.0
2025-03-11 23:17:00+00:00,2922.89990234375,2922.89990234375,2922.699951171875,2922.699951171875,4.0
2025-03-11 23:18:00+00:00,2922.699951171875,2923.199951171875,2922.699951171875,2923.199951171875,15.0
2025-03-11 23:19:00+00:00,2923.10009765625,2923.10009765625,2922.5,2922.60009765625,12.0
2025-03-11 23:20:00+00:00,2923.0,2923.300048828125,2923.0,2923.300048828125,11.0
2025-03-11 23:21:00+00:00,2922.89990234375,2922.89990234375,2922.800048828125,2922.800048828125,4.0
2025-03-11 23:22:00+00:00,2923.39990234375,2923.39990234375,2922.699951171875,2922.800048828125,13.0
2025-03-11 23:23:00+00:00,2923.39990234375,2923.5,2922.89990234375,2923.300048828125,30.0
2025-03-11 23:24:00+00:00,2923.300048828125,2923.300048828125,2923.300048828125,2923.300048828125,1.0
2025-03-11 23:25:00+00:00,2923.39990234375,2923.39990234375,2923.300048828125,2923.300048828125,3.0
2025-03-11 23:27:00+00:00,2923.5,2923.60009765625,2923.39990234375,2923.39990234375,7.0
2025-03-11 23:28:00+00:00,2923.699951171875,2923.699951171875,2923.5,2923.5,5.0
2025-03-11 23:29:00+00:00,2923.800048828125,2924.0,2923.800048828125,2923.89990234375,13.0
2025-03-11 23:30:00+00:00,2924.0,2924.0,2923.800048828125,2923.800048828125,2.0
2025-03-11 23:31:00+00:00,2924.0,2924.5,2923.89990234375,2924.0,60.0
2025-03-11 23:32:00+00:00,2924.199951171875,2924.199951171875,2924.0,2924.10009765625,8.0
2025-03-11 23:33:00+00:00,2924.199951171875,2924.199951171875,2924.0,2924.199951171875,10.0
2025-03-11 23:34:00+00:00,2924.10009765625,2924.199951171875,2924.0,2924.199951171875,13.0
2025-03-11 23:35:00+00:00,2924.300048828125,2924.300048828125,2924.199951171875,2924.199951171875,6.0
2025-03-11 23:36:00+00:00,2924.0,2924.199951171875,2923.89990234375,2924.199951171875,17.0
2025-03-11 23:37:00+00:00,2923.5,2923.89990234375,2923.5,2923.89990234375,8.0
2025-03-11 23:38:00+00:00,2923.60009765625,2923.60009765625,2923.300048828125,2923.39990234375,12.0
2025-03-11 23:39:00+00:00,2923.699951171875,2923.699951171875,2923.5,2923.5,2.0
2025-03-11 23:40:00+00:00,2923.39990234375,2923.699951171875,2923.39990234375,2923.699951171875,3.0
2025-03-11 23:41:00+00:00,2923.300048828125,2923.5,2923.300048828125,2923.5,5.0
2025-03-11 23:42:00+00:00,2923.300048828125,2923.39990234375,2923.300048828125,2923.39990234375,5.0
2025-03-11 23:43:00+00:00,2923.0,2923.39990234375,2922.89990234375,2923.39990234375,53.0
2025-03-11 23:44:00+00:00,2923.199951171875,2923.199951171875,2923.10009765625,2923.10009765625,12.0
2025-03-11 23:45:00+00:00,2922.699951171875,2923.10009765625,2922.699951171875,2923.10009765625,16.0
2025-03-11 23:46:00+00:00,2922.5,2922.699951171875,2922.5,2922.699951171875,3.0
2025-03-11 23:47:00+00:00,2922.39990234375,2922.5,2922.39990234375,2922.39990234375,7.0
2025-03-11 23:48:00+00:00,2922.5,2922.5,2922.5,2922.5,4.0
2025-03-11 23:49:00+00:00,2922.89990234375,2922.89990234375,2922.60009765625,2922.60009765625,6.0
2025-03-11 23:50:00+00:00,2922.89990234375,2922.89990234375,2922.89990234375,2922.89990234375,6.0
2025-03-11 23:51:00+00:00,2922.699951171875,2923.0,2922.5,2923.0,22.0
2025-03-11 23:52:00+00:00,2922.39990234375,2922.699951171875,2922.39990234375,2922.60009765625,23.0
2025-03-11 23:53:00+00:00,2922.5,2922.5,2922.300048828125,2922.39990234375,16.0
2025-03-11 23:54:00+00:00,2922.5,2922.5,2922.39990234375,2922.5,3.0
2025-03-11 23:55:00+00:00,2922.800048828125,2922.89990234375,2922.5,2922.5,13.0
2025-03-11 23:56:00+00:00,2922.60009765625,2922.800048828125,2922.60009765625,2922.800048828125,2.0
2025-03-11 23:57:00+00:00,2922.60009765625,2922.800048828125,2922.5,2922.800048828125,18.0
2025-03-11 23:58:00+00:00,2922.10009765625,2922.60009765625,2922.10009765625,2922.60009765625,19.0
2025-03-11 23:59:00+00:00,2922.300048828125,2922.5,2922.300048828125,2922.300048828125,7.0
2025-03-12 00:00:00+00:00,2922.10009765625,2922.39990234375,2921.5,2922.39990234375,135.0
2025-03-12 00:01:00+00:00,2921.699951171875,2922.199951171875,2921.5,2922.10009765625,35.0
2025-03-12 00:02:00+00:00,2921.699951171875,2921.699951171875,2921.60009765625,2921.699951171875,8.0
2025-03-12 00:03:00+00:00,2921.199951171875,2921.5,2920.89990234375,2921.5,103.0
2025-03-12 00:04:00+00:00,2921.5,2921.5,2921.0,2921.199951171875,25.0
2025-03-12 00:05:00+00:00,2921.39990234375,2921.60009765625,2921.39990234375,2921.39990234375,13.0
2025-03-12 00:06:00+00:00,2921.10009765625,2921.39990234375,2921.10009765625,2921.39990234375,12.0
2025-03-12 00:07:00+00:00,2921.0,2921.300048828125,2921.0,2921.10009765625,16.0
2025-03-12 00:08:00+00:00,2920.89990234375,2921.199951171875,2920.800048828125,2920.89990234375,42.0
2025-03-12 00:09:00+00:00,2921.0,2921.0,2920.800048828125,2920.800048828125,4.0
2025-03-12 00:10:00+00:00,2920.800048828125,2921.300048828125,2920.699951171875,2920.699951171875,63.0
2025-03-12 00:11:00+00:00,2920.5,2920.800048828125,2920.10009765625,2920.699951171875,139.0
2025-03-12 00:12:00+00:00,2920.89990234375,2920.89990234375,2920.300048828125,2920.300048828125,39.0
2025-03-12 00:13:00+00:00,2920.699951171875,2920.800048828125,2920.699951171875,2920.699951171875,11.0
2025-03-12 00:14:00+00:00,2920.5,2920.60009765625,2920.39990234375,2920.60009765625,15.0
2025-03-12 00:15:00+00:00,2920.60009765625,2920.60009765625,2920.5,2920.60009765625,6.0
2025-03-12 00:16:00+00:00,2920.699951171875,2920.800048828125,2920.5,2920.60009765625,13.0
2025-03-12 00:17:00+00:00,2920.89990234375,2921.0,2920.800048828125,2920.800048828125,5.0
2025-03-12 00:18:00+00:00,2920.800048828125,2921.0,2920.699951171875,2921.0,12.0
2025-03-12 00:19:00+00:00,2920.199951171875,2920.89990234375,2920.199951171875,2920.60009765625,17.0
2025-03-12 00:20:00+00:00,2920.60009765625,2920.60009765625,2920.300048828125,2920.300048828125,8.0
2025-03-12 00:21:00+00:00,2920.5,2920.5,2920.300048828125,2920.5,5.0
2025-03-12 00:22:00+00:00,2920.699951171875,2920.699951171875,2920.5,2920.5,13.0
2025-03-12 00:23:00+00:00,2920.300048828125,2920.800048828125,2920.300048828125,2920.60009765625,21.0
2025-03-12 00:24:00+00:00,2920.5,2920.5,2920.0,2920.300048828125,36.0
2025-03-12 00:25:00+00:00,2921.0,2921.199951171875,2920.699951171875,2920.699951171875,22.0
2025-03-12 00:26:00+00:00,2920.699951171875,2921.10009765625,2920.699951171875,2920.800048828125,10.0
2025-03-12 00:27:00+00:00,2920.89990234375,2920.89990234375,2920.699951171875,2920.800048828125,13.0
2025-03-12 00:28:00+00:00,2920.89990234375,2921.0,2920.60009765625,2920.699951171875,45.0
2025-03-12 00:29:00+00:00,2920.89990234375,2921.5,2920.60009765625,2921.0,120.0
2025-03-12 00:30:00+00:00,2921.10009765625,2921.10009765625,2920.60009765625,2920.800048828125,23.0
2025-03-12 00:31:00+00:00,2920.89990234375,2921.0,2920.800048828125,2921.0,8.0
2025-03-12 00:32:00+00:00,2921.10009765625,2921.199951171875,2921.0,2921.0,18.0
2025-03-12 00:33:00+00:00,2921.10009765625,2921.199951171875,2920.60009765625,2921.0,38.0
2025-03-12 00:34:00+00:00,2921.10009765625,2921.300048828125,2921.10009765625,2921.10009765625,17.0
2025-03-12 00:35:00+00:00,2921.10009765625,2921.10009765625,2921.10009765625,2921.10009765625,2.0
2025-03-12 00:36:00+00:00,2921.0,2921.10009765625,2921.0,2921.10009765625,8.0
2025-03-12 00:37:00+00:00,2919.699951171875,2920.60009765625,2919.60009765625,2920.60009765625,76.0
2025-03-12 00:38:00+00:00,2919.5,2920.10009765625,2919.300048828125,2919.60009765625,72.0
2025-03-12 00:39:00+00:00,2919.5,2919.800048828125,2919.300048828125,2919.60009765625,39.0
2025-03-12 00:40:00+00:00,2919.300048828125,2919.5,2919.10009765625,2919.39990234375,30.0
2025-03-12 00:41:00+00:00,2919.199951171875,2919.5,2919.0,2919.199951171875,62.0
2025-03-12 00:42:00+00:00,2919.0,2919.10009765625,2918.800048828125,2919.10009765625,30.0
2025-03-12 00:43:00+00:00,2919.0,2919.199951171875,2918.60009765625,2919.0,40.0
2025-03-12 00:44:00+00:00,2919.699951171875,2919.800048828125,2919.199951171875,2919.199951171875,43.0
2025-03-12 00:45:00+00:00,2919.199951171875,2919.60009765625,2919.199951171875,2919.60009765625,27.0
2025-03-12 00:46:00+00:00,2919.10009765625,2919.10009765625,2918.89990234375,2919.0,16.0
2025-03-12 00:47:00+00:00,2919.10009765625,2919.10009765625,2918.5,2919.0,29.0
2025-03-12 00:48:00+00:00,2919.800048828125,2919.800048828125,2919.10009765625,2919.10009765625,115.0
2025-03-12 00:49:00+00:00,2919.699951171875,2919.89990234375,2919.60009765625,2919.60009765625,13.0
2025-03-12 00:50:00+00:00,2919.800048828125,2919.800048828125,2919.39990234375,2919.60009765625,18.0
2025-03-12 00:51:00+00:00,2919.89990234375,2920.300048828125,2919.800048828125,2919.800048828125,52.0
2025-03-12 00:52:00+00:00,2919.699951171875,2920.10009765625,2919.699951171875,2920.10009765625,20.0
2025-03-12 00:53:00+00:00,2919.60009765625,2919.699951171875,2919.60009765625,2919.60009765625,4.0
2025-03-12 00:54:00+00:00,2919.60009765625,2919.60009765625,2919.300048828125,2919.5,6.0
2025-03-12 00:55:00+00:00,2919.89990234375,2920.0,2919.699951171875,2919.699951171875,30.0
2025-03-12 00:56:00+00:00,2920.39990234375,2920.39990234375,2919.89990234375,2920.10009765625,41.0
2025-03-12 00:57:00+00:00,2920.5,2920.5,2920.0,2920.300048828125,25.0
2025-03-12 00:58:00+00:00,2920.39990234375,2920.60009765625,2920.199951171875,2920.5,103.0
2025-03-12 00:59:00+00:00,2920.39990234375,2920.89990234375,2920.199951171875,2920.39990234375,80.0
2025-03-12 01:00:00+00:00,2919.300048828125,2920.5,2919.0,2920.300048828125,123.0
2025-03-12 01:01:00+00:00,2919.10009765625,2919.39990234375,2918.89990234375,2919.300048828125,39.0
2025-03-12 01:02:00+00:00,2919.0,2919.300048828125,2918.60009765625,2919.0,54.0
2025-03-12 01:03:00+00:00,2918.800048828125,2918.89990234375,2918.300048828125,2918.89990234375,41.0
2025-03-12 01:04:00+00:00,2918.39990234375,2919.199951171875,2918.39990234375,2918.89990234375,41.0
2025-03-12 01:05:00+00:00,2918.5,2918.89990234375,2918.199951171875,2918.39990234375,59.0
2025-03-12 01:06:00+00:00,2918.60009765625,2918.89990234375,2918.199951171875,2918.300048828125,27.0
2025-03-12 01:07:00+00:00,2918.5,2918.5,2918.0,2918.300048828125,30.0
2025-03-12 01:08:00+00:00,2918.39990234375,2918.5,2918.199951171875,2918.39990234375,30.0
2025-03-12 01:09:00+00:00,2918.60009765625,2919.0,2918.5,2918.800048828125,37.0
2025-03-12 01:10:00+00:00,2918.5,2918.699951171875,2918.0,2918.699951171875,34.0
2025-03-12 01:11:00+00:00,2917.89990234375,2918.39990234375,2917.89990234375,2918.39990234375,19.0
2025-03-12 01:12:00+00:00,2917.39990234375,2918.0,2917.39990234375,2917.89990234375,73.0
2025-03-12 01:13:00+00:00,2917.699951171875,2917.800048828125,2917.300048828125,2917.300048828125,29.0
2025-03-12 01:14:00+00:00,2918.10009765625,2918.10009765625,2917.5,2917.699951171875,46.0
2025-03-12 01:15:00+00:00,2919.300048828125,2919.5,2918.0,2918.199951171875,112.0
2025-03-12 01:16:00+00:00,2919.0,2919.39990234375,2918.89990234375,2919.39990234375,37.0
2025-03-12 01:17:00+00:00,2919.300048828125,2919.300048828125,2918.89990234375,2919.0,16.0
2025-03-12 01:18:00+00:00,2919.60009765625,2919.699951171875,2919.39990234375,2919.39990234375,49.0
2025-03-12 01:19:00+00:00,2919.199951171875,2919.5,2919.10009765625,2919.5,38.0
2025-03-12 01:20:00+00:00,2918.89990234375,2919.199951171875,2918.60009765625,2919.199951171875,21.0
2025-03-12 01:21:00+00:00,2918.89990234375,2919.0,2918.699951171875,2918.800048828125,14.0
2025-03-12 01:22:00+00:00,2919.5,2919.5,2919.0,2919.0,22.0
2025-03-12 01:23:00+00:00,2920.199951171875,2920.39990234375,2919.5,2919.5,40.0
2025-03-12 01:24:00+00:00,2920.89990234375,2920.89990234375,2920.0,2920.0,71.0
2025-03-12 01:25:00+00:00,2920.699951171875,2921.199951171875,2920.39990234375,2920.800048828125,63.0
2025-03-12 01:26:00+00:00,2920.89990234375,2921.300048828125,2920.699951171875,2920.699951171875,49.0
2025-03-12 01:27:00+00:00,2921.5,2921.5,2920.89990234375,2920.89990234375,41.0
2025-03-12 01:28:00+00:00,2921.699951171875,2922.0,2921.300048828125,2921.300048828125,58.0
2025-03-12 01:29:00+00:00,2921.39990234375,2921.5,2921.199951171875,2921.5,20.0
2025-03-12 01:30:00+00:00,2921.10009765625,2921.800048828125,2921.10009765625,2921.199951171875,22.0
2025-03-12 01:31:00+00:00,2922.0,2922.199951171875,2921.10009765625,2921.199951171875,55.0
2025-03-12 01:32:00+00:00,2921.800048828125,2922.300048828125,2921.699951171875,2922.0,25.0
2025-03-12 01:33:00+00:00,2922.39990234375,2922.699951171875,2921.89990234375,2921.89990234375,55.0
2025-03-12 01:34:00+00:00,2922.800048828125,2923.39990234375,2922.800048828125,2922.800048828125,63.0
2025-03-12 01:35:00+00:00,2922.699951171875,2922.89990234375,2922.300048828125,2922.699951171875,89.0
2025-03-12 01:36:00+00:00,2922.800048828125,2923.0,2922.300048828125,2922.60009765625,55.0
2025-03-12 01:37:00+00:00,2924.0,2924.0,2922.800048828125,2922.89990234375,47.0
2025-03-12 01:38:00+00:00,2923.5,2923.89990234375,2923.39990234375,2923.89990234375,53.0
2025-03-12 01:39:00+00:00,2923.300048828125,2923.60009765625,2923.300048828125,2923.39990234375,13.0
2025-03-12 01:40:00+00:00,2922.89990234375,2923.39990234375,2922.800048828125,2923.39990234375,27.0
2025-03-12 01:41:00+00:00,2922.5,2923.10009765625,2922.5,2923.10009765625,28.0
2025-03-12 01:42:00+00:00,2921.699951171875,2922.5,2921.699951171875,2922.5,43.0
2025-03-12 01:43:00+00:00,2921.800048828125,2921.89990234375,2921.39990234375,2921.5,25.0
2025-03-12 01:44:00+00:00,2922.199951171875,2922.39990234375,2921.800048828125,2921.800048828125,27.0
2025-03-12 01:45:00+00:00,2922.300048828125,2922.39990234375,2922.10009765625,2922.199951171875,17.0
2025-03-12 01:46:00+00:00,2921.699951171875,2922.300048828125,2921.699951171875,2922.300048828125,21.0
2025-03-12 01:47:00+00:00,2922.300048828125,2922.300048828125,2921.60009765625,2921.60009765625,20.0
2025-03-12 01:48:00+00:00,2922.89990234375,2922.89990234375,2922.199951171875,2922.39990234375,34.0
2025-03-12 01:49:00+00:00,2923.10009765625,2923.39990234375,2922.699951171875,2923.0,50.0
2025-03-12 01:50:00+00:00,2922.699951171875,2923.10009765625,2922.5,2923.10009765625,9.0
2025-03-12 01:51:00+00:00,2922.800048828125,2922.800048828125,2922.60009765625,2922.60009765625,5.0
2025-03-12 01:52:00+00:00,2921.89990234375,2922.89990234375,2921.800048828125,2922.60009765625,55.0
2025-03-12 01:53:00+00:00,2921.800048828125,2922.0,2921.60009765625,2921.89990234375,55.0
2025-03-12 01:54:00+00:00,2921.199951171875,2921.89990234375,2920.699951171875,2921.89990234375,93.0
2025-03-12 01:55:00+00:00,2921.300048828125,2921.39990234375,2921.10009765625,2921.199951171875,23.0
2025-03-12 01:56:00+00:00,2921.10009765625,2921.5,2921.0,2921.39990234375,25.0
2025-03-12 01:57:00+00:00,2921.10009765625,2921.300048828125,2920.89990234375,2920.89990234375,8.0
2025-03-12 01:58:00+00:00,2921.0,2921.199951171875,2920.800048828125,2921.199951171875,10.0
2025-03-12 01:59:00+00:00,2921.0,2921.0,2920.60009765625,2920.800048828125,11.0
2025-03-12 02:00:00+00:00,2921.0,2921.0,2920.0,2920.89990234375,55.0
2025-03-12 02:01:00+00:00,2920.89990234375,2921.10009765625,2920.89990234375,2921.0,15.0
2025-03-12 02:02:00+00:00,2920.60009765625,2920.89990234375,2920.199951171875,2920.800048828125,41.0
2025-03-12 02:03:00+00:00,2920.60009765625,2920.60009765625,2920.0,2920.300048828125,20.0
2025-03-12 02:04:00+00:00,2920.39990234375,2920.800048828125,2920.300048828125,2920.300048828125,11.0
2025-03-12 02:05:00+00:00,2921.0,2921.0,2920.10009765625,2920.10009765625,24.0
2025-03-12 02:06:00+00:00,2921.199951171875,2921.800048828125,2920.89990234375,2920.89990234375,158.0
2025-03-12 02:07:00+00:00,2920.60009765625,2921.199951171875,2920.60009765625,2921.0,32.0
2025-03-12 02:08:00+00:00,2920.699951171875,2921.10009765625,2920.699951171875,2920.89990234375,27.0
2025-03-12 02:09:00+00:00,2921.0,2921.0,2920.5,2920.699951171875,14.0
2025-03-12 02:10:00+00:00,2921.199951171875,2921.699951171875,2921.10009765625,2921.10009765625,30.0
2025-03-12 02:11:00+00:00,2921.300048828125,2921.5,2921.300048828125,2921.300048828125,17.0
2025-03-12 02:12:00+00:00,2921.699951171875,2921.699951171875,2921.300048828125,2921.300048828125,17.0
2025-03-12 02:13:00+00:00,2921.39990234375,2921.5,2921.39990234375,2921.5,2.0
2025-03-12 02:14:00+00:00,2921.5,2921.60009765625,2921.5,2921.60009765625,3.0
2025-03-12 02:15:00+00:00,2921.300048828125,2921.699951171875,2921.10009765625,2921.5,41.0
2025-03-12 02:16:00+00:00,2922.39990234375,2922.699951171875,2921.300048828125,2921.300048828125,52.0
2025-03-12 02:17:00+00:00,2922.10009765625,2922.300048828125,2921.89990234375,2922.300048828125,21.0
2025-03-12 02:18:00+00:00,2921.39990234375,2922.0,2921.300048828125,2921.89990234375,39.0
2025-03-12 02:19:00+00:00,2922.10009765625,2922.10009765625,2921.300048828125,2921.300048828125,10.0
2025-03-12 02:20:00+00:00,2921.89990234375,2922.0,2921.60009765625,2922.0,34.0
2025-03-12 02:21:00+00:00,2921.199951171875,2921.699951171875,2921.199951171875,2921.699951171875,9.0
2025-03-12 02:22:00+00:00,2921.0,2921.39990234375,2921.0,2921.0,39.0
2025-03-12 02:23:00+00:00,2921.0,2921.10009765625,2920.800048828125,2921.10009765625,12.0
2025-03-12 02:24:00+00:00,2921.0,2921.0,2920.89990234375,2920.89990234375,5.0
2025-03-12 02:25:00+00:00,2921.300048828125,2921.300048828125,2920.699951171875,2920.699951171875,12.0
2025-03-12 02:26:00+00:00,2921.10009765625,2921.199951171875,2920.89990234375,2921.199951171875,14.0
2025-03-12 02:27:00+00:00,2921.5,2921.5,2920.89990234375,2921.0,11.0
2025-03-12 02:28:00+00:00,2921.699951171875,2921.800048828125,2921.5,2921.5,12.0
2025-03-12 02:29:00+00:00,2921.800048828125,2921.89990234375,2921.699951171875,2921.699951171875,7.0
2025-03-12 02:30:00+00:00,2922.60009765625,2922.699951171875,2921.39990234375,2921.699951171875,48.0
2025-03-12 02:31:00+00:00,2923.5,2923.800048828125,2922.5,2922.60009765625,166.0
2025-03-12 02:32:00+00:00,2923.300048828125,2923.5,2923.199951171875,2923.5,25.0
2025-03-12 02:33:00+00:00,2923.800048828125,2924.10009765625,2923.199951171875,2923.199951171875,124.0
2025-03-12 02:34:00+00:00,2922.39990234375,2923.60009765625,2922.199951171875,2923.60009765625,142.0
2025-03-12 02:35:00+00:00,2922.89990234375,2923.199951171875,2922.300048828125,2922.5,27.0
2025-03-12 02:36:00+00:00,2922.300048828125,2922.60009765625,2922.199951171875,2922.60009765625,27.0
2025-03-12 02:37:00+00:00,2922.60009765625,2922.60009765625,2922.199951171875,2922.199951171875,18.0
2025-03-12 02:38:00+00:00,2922.60009765625,2922.699951171875,2922.5,2922.60009765625,6.0
2025-03-12 02:39:00+00:00,2922.300048828125,2922.800048828125,2922.300048828125,2922.800048828125,8.0
2025-03-12 02:40:00+00:00,2922.60009765625,2922.800048828125,2922.60009765625,2922.60009765625,3.0
2025-03-12 02:41:00+00:00,2922.0,2922.300048828125,2921.60009765625,2922.199951171875,28.0
2025-03-12 02:42:00+00:00,2921.60009765625,2922.199951171875,2921.60009765625,2921.89990234375,21.0
2025-03-12 02:43:00+00:00,2921.199951171875,2921.5,2921.199951171875,2921.39990234375,16.0
2025-03-12 02:44:00+00:00,2922.0,2922.0,2921.5,2921.5,27.0
2025-03-12 02:45:00+00:00,2922.5,2922.800048828125,2922.10009765625,2922.10009765625,50.0
2025-03-12 02:46:00+00:00,2922.5,2923.199951171875,2922.300048828125,2922.699951171875,51.0
2025-03-12 02:47:00+00:00,2922.60009765625,2922.800048828125,2922.60009765625,2922.800048828125,6.0
2025-03-12 02:48:00+00:00,2922.39990234375,2922.60009765625,2922.199951171875,2922.5,20.0
2025-03-12 02:49:00+00:00,2922.5,2922.800048828125,2922.0,2922.10009765625,46.0
2025-03-12 02:50:00+00:00,2922.699951171875,2922.89990234375,2922.39990234375,2922.39990234375,24.0
2025-03-12 02:51:00+00:00,2922.199951171875,2922.699951171875,2922.199951171875,2922.699951171875,9.0
2025-03-12 02:52:00+00:00,2922.300048828125,2922.39990234375,2922.199951171875,2922.199951171875,7.0
2025-03-12 02:53:00+00:00,2922.199951171875,2922.39990234375,2922.0,2922.39990234375,10.0
2025-03-12 02:54:00+00:00,2921.800048828125,2922.0,2921.699951171875,2922.0,17.0
2025-03-12 02:55:00+00:00,2921.199951171875,2921.89990234375,2921.10009765625,2921.89990234375,27.0
2025-03-12 02:56:00+00:00,2921.199951171875,2921.39990234375,2921.0,2921.10009765625,7.0
2025-03-12 02:57:00+00:00,2921.39990234375,2921.39990234375,2921.10009765625,2921.10009765625,6.0
2025-03-12 02:58:00+00:00,2921.89990234375,2921.89990234375,2921.699951171875,2921.89990234375,7.0
2025-03-12 02:59:00+00:00,2921.699951171875,2922.10009765625,2921.699951171875,2921.89990234375,10.0
2025-03-12 03:00:00+00:00,2922.5,2922.60009765625,2921.800048828125,2921.800048828125,34.0
2025-03-12 03:01:00+00:00,2923.10009765625,2923.199951171875,2922.5,2922.5,27.0
2025-03-12 03:02:00+00:00,2923.800048828125,2924.0,2923.199951171875,2923.199951171875,77.0
2025-03-12 03:03:00+00:00,2924.60009765625,2924.800048828125,2924.0,2924.0,122.0
2025-03-12 03:04:00+00:00,2923.800048828125,2924.39990234375,2923.800048828125,2924.300048828125,33.0
2025-03-12 03:05:00+00:00,2923.39990234375,2924.0,2923.300048828125,2923.89990234375,32.0
2025-03-12 03:06:00+00:00,2922.800048828125,2923.60009765625,2922.800048828125,2923.39990234375,52.0
2025-03-12 03:07:00+00:00,2923.60009765625,2923.60009765625,2922.89990234375,2922.89990234375,23.0
2025-03-12 03:08:00+00:00,2924.300048828125,2924.300048828125,2923.60009765625,2923.699951171875,41.0
2025-03-12 03:09:00+00:00,2924.10009765625,2924.699951171875,2924.10009765625,2924.300048828125,40.0
2025-03-12 03:10:00+00:00,2923.800048828125,2924.10009765625,2923.60009765625,2924.0,11.0
2025-03-12 03:11:00+00:00,2923.60009765625,2923.800048828125,2923.39990234375,2923.5,29.0
2025-03-12 03:12:00+00:00,2923.60009765625,2923.699951171875,2923.60009765625,2923.60009765625,8.0
2025-03-12 03:13:00+00:00,2923.800048828125,2924.199951171875,2923.699951171875,2923.699951171875,21.0
2025-03-12 03:14:00+00:00,2923.89990234375,2924.10009765625,2923.699951171875,2923.89990234375,19.0
2025-03-12 03:15:00+00:00,2924.39990234375,2924.60009765625,2923.800048828125,2923.800048828125,37.0
2025-03-12 03:16:00+00:00,2924.300048828125,2924.5,2923.89990234375,2924.300048828125,63.0
2025-03-12 03:17:00+00:00,2923.39990234375,2924.39990234375,2923.300048828125,2924.39990234375,55.0
2025-03-12 03:18:00+00:00,2923.89990234375,2923.89990234375,2923.5,2923.5,27.0
2025-03-12 03:19:00+00:00,2923.199951171875,2923.89990234375,2923.199951171875,2923.89990234375,12.0
2025-03-12 03:20:00+00:00,2924.199951171875,2924.300048828125,2923.199951171875,2923.199951171875,51.0
2025-03-12 03:21:00+00:00,2923.5,2924.199951171875,2923.5,2924.199951171875,7.0
2025-03-12 03:22:00+00:00,2923.60009765625,2923.699951171875,2923.5,2923.5,15.0
2025-03-12 03:23:00+00:00,2923.39990234375,2923.5,2923.300048828125,2923.5,4.0
2025-03-12 03:24:00+00:00,2923.199951171875,2923.300048828125,2922.89990234375,2923.300048828125,12.0
2025-03-12 03:25:00+00:00,2923.5,2923.5,2923.199951171875,2923.199951171875,11.0
2025-03-12 03:26:00+00:00,2924.5,2924.5,2923.60009765625,2923.60009765625,23.0
2025-03-12 03:27:00+00:00,2925.300048828125,2925.300048828125,2924.5,2924.800048828125,58.0
2025-03-12 03:28:00+00:00,2925.300048828125,2925.800048828125,2925.10009765625,2925.300048828125,112.0
2025-03-12 03:29:00+00:00,2925.10009765625,2925.39990234375,2924.89990234375,2925.300048828125,17.0
2025-03-12 03:30:00+00:00,2924.800048828125,2924.89990234375,2924.60009765625,2924.800048828125,14.0
2025-03-12 03:31:00+00:00,2924.39990234375,2925.39990234375,2924.0,2924.89990234375,122.0
2025-03-12 03:32:00+00:00,2924.39990234375,2924.800048828125,2923.89990234375,2924.199951171875,64.0
2025-03-12 03:33:00+00:00,2924.5,2924.5,2924.300048828125,2924.5,14.0
2025-03-12 03:34:00+00:00,2924.0,2924.300048828125,2923.89990234375,2924.300048828125,18.0
2025-03-12 03:35:00+00:00,2924.5,2924.5,2924.0,2924.0,21.0
2025-03-12 03:36:00+00:00,2924.39990234375,2924.5,2924.199951171875,2924.5,8.0
2025-03-12 03:38:00+00:00,2924.300048828125,2924.300048828125,2924.300048828125,2924.300048828125,1.0
2025-03-12 03:39:00+00:00,2924.39990234375,2924.5,2924.199951171875,2924.199951171875,16.0
2025-03-12 03:40:00+00:00,2924.39990234375,2924.5,2924.10009765625,2924.39990234375,16.0
2025-03-12 03:41:00+00:00,2924.10009765625,2924.10009765625,2924.10009765625,2924.10009765625,2.0
2025-03-12 03:42:00+00:00,2923.89990234375,2924.5,2923.699951171875,2924.0,40.0
2025-03-12 03:43:00+00:00,2923.699951171875,2923.699951171875,2923.300048828125,2923.699951171875,13.0
2025-03-12 03:44:00+00:00,2923.699951171875,2923.699951171875,2923.60009765625,2923.60009765625,8.0
2025-03-12 03:45:00+00:00,2923.89990234375,2924.10009765625,2923.699951171875,2923.699951171875,10.0
2025-03-12 03:46:00+00:00,2923.800048828125,2923.800048828125,2923.60009765625,2923.60009765625,9.0
2025-03-12 03:47:00+00:00,2923.800048828125,2923.89990234375,2923.699951171875,2923.89990234375,11.0
2025-03-12 03:48:00+00:00,2923.800048828125,2923.800048828125,2923.699951171875,2923.699951171875,4.0
2025-03-12 03:49:00+00:00,2922.699951171875,2923.5,2922.699951171875,2923.5,57.0
2025-03-12 03:50:00+00:00,2922.300048828125,2922.800048828125,2922.300048828125,2922.800048828125,19.0
2025-03-12 03:51:00+00:00,2922.0,2922.39990234375,2922.0,2922.300048828125,13.0
2025-03-12 03:52:00+00:00,2922.10009765625,2922.10009765625,2921.800048828125,2921.89990234375,16.0
2025-03-12 03:53:00+00:00,2922.0,2922.199951171875,2921.89990234375,2922.10009765625,15.0
2025-03-12 03:54:00+00:00,2922.39990234375,2922.39990234375,2921.89990234375,2921.89990234375,28.0
2025-03-12 03:55:00+00:00,2922.300048828125,2922.699951171875,2922.199951171875,2922.5,27.0
2025-03-12 03:56:00+00:00,2922.199951171875,2922.39990234375,2922.199951171875,2922.199951171875,12.0
2025-03-12 03:57:00+00:00,2921.699951171875,2922.10009765625,2921.699951171875,2922.0,24.0
2025-03-12 03:58:00+00:00,2921.199951171875,2921.800048828125,2921.0,2921.60009765625,72.0
2025-03-12 04:00:00+00:00,2919.800048828125,2920.699951171875,2919.800048828125,2920.699951171875,132.0
2025-03-12 04:01:00+00:00,2920.699951171875,2920.89990234375,2920.0,2920.0,33.0
2025-03-12 04:02:00+00:00,2920.800048828125,2920.800048828125,2920.300048828125,2920.699951171875,50.0
2025-03-12 04:03:00+00:00,2920.699951171875,2920.699951171875,2920.5,2920.699951171875,15.0
2025-03-12 04:04:00+00:00,2920.60009765625,2920.60009765625,2920.10009765625,2920.5,42.0
2025-03-12 04:05:00+00:00,2920.199951171875,2920.699951171875,2920.10009765625,2920.699951171875,27.0
2025-03-12 04:06:00+00:00,2920.0,2920.300048828125,2919.60009765625,2920.300048828125,24.0
2025-03-12 04:07:00+00:00,2920.0,2920.199951171875,2919.800048828125,2920.0,40.0
2025-03-12 04:08:00+00:00,2920.10009765625,2920.300048828125,2920.0,2920.0,28.0
2025-03-12 04:09:00+00:00,2920.39990234375,2920.39990234375,2920.199951171875,2920.199951171875,4.0
2025-03-12 04:10:00+00:00,2920.39990234375,2920.800048828125,2920.300048828125,2920.300048828125,29.0
2025-03-12 04:11:00+00:00,2920.10009765625,2920.60009765625,2919.89990234375,2920.5,21.0
2025-03-12 04:12:00+00:00,2920.300048828125,2920.39990234375,2920.199951171875,2920.199951171875,4.0
2025-03-12 04:13:00+00:00,2920.0,2920.39990234375,2919.89990234375,2920.300048828125,56.0
2025-03-12 04:14:00+00:00,2919.800048828125,2920.10009765625,2919.800048828125,2920.0,27.0
2025-03-12 04:15:00+00:00,2920.10009765625,2920.10009765625,2919.5,2919.60009765625,112.0
2025-03-12 04:16:00+00:00,2920.10009765625,2920.39990234375,2920.0,2920.10009765625,26.0
2025-03-12 04:17:00+00:00,2919.699951171875,2920.199951171875,2919.699951171875,2920.199951171875,5.0
2025-03-12 04:18:00+00:00,2919.60009765625,2919.89990234375,2919.5,2919.800048828125,25.0
2025-03-12 04:19:00+00:00,2919.0,2919.5,2918.699951171875,2919.5,144.0
2025-03-12 04:20:00+00:00,2919.800048828125,2920.0,2918.5,2918.699951171875,98.0
2025-03-12 04:21:00+00:00,2919.60009765625,2919.699951171875,2919.300048828125,2919.699951171875,22.0
2025-03-12 04:22:00+00:00,2920.199951171875,2921.0,2919.5,2919.5,95.0
2025-03-12 04:23:00+00:00,2920.89990234375,2921.300048828125,2920.199951171875,2920.300048828125,62.0
2025-03-12 04:24:00+00:00,2920.699951171875,2921.10009765625,2920.699951171875,2920.800048828125,24.0
2025-03-12 04:25:00+00:00,2920.699951171875,2920.800048828125,2920.699951171875,2920.699951171875,5.0
2025-03-12 04:26:00+00:00,2921.0,2921.0,2921.0,2921.0,2.0
2025-03-12 04:27:00+00:00,2921.0,2921.0,2920.89990234375,2921.0,12.0
2025-03-12 04:28:00+00:00,2921.0,2921.300048828125,2920.800048828125,2920.800048828125,27.0
2025-03-12 04:30:00+00:00,2920.800048828125,2920.800048828125,2920.699951171875,2920.800048828125,10.0
2025-03-12 04:31:00+00:00,2919.89990234375,2920.60009765625,2919.89990234375,2920.60009765625,30.0
2025-03-12 04:32:00+00:00,2919.800048828125,2919.89990234375,2919.800048828125,2919.800048828125,5.0
2025-03-12 04:33:00+00:00,2920.5,2920.5,2919.800048828125,2919.800048828125,17.0
2025-03-12 04:34:00+00:00,2920.39990234375,2920.5,2920.199951171875,2920.5,15.0
2025-03-12 04:35:00+00:00,2920.10009765625,2920.300048828125,2920.10009765625,2920.199951171875,13.0
2025-03-12 04:36:00+00:00,2920.60009765625,2920.800048828125,2920.199951171875,2920.199951171875,12.0
2025-03-12 04:37:00+00:00,2920.5,2920.5,2920.39990234375,2920.5,7.0
2025-03-12 04:38:00+00:00,2920.300048828125,2920.699951171875,2920.300048828125,2920.699951171875,16.0
2025-03-12 04:39:00+00:00,2920.800048828125,2920.800048828125,2920.699951171875,2920.699951171875,6.0
2025-03-12 04:40:00+00:00,2920.89990234375,2921.0,2920.699951171875,2920.800048828125,20.0
2025-03-12 04:41:00+00:00,2921.0,2921.0,2920.89990234375,2920.89990234375,4.0
2025-03-12 04:42:00+00:00,2920.5,2921.0,2920.5,2921.0,24.0
2025-03-12 04:43:00+00:00,2921.10009765625,2921.10009765625,2920.800048828125,2920.800048828125,10.0
2025-03-12 04:44:00+00:00,2920.60009765625,2920.89990234375,2920.60009765625,2920.60009765625,13.0
2025-03-12 04:45:00+00:00,2920.300048828125,2920.60009765625,2920.300048828125,2920.60009765625,6.0
2025-03-12 04:46:00+00:00,2920.39990234375,2920.39990234375,2920.39990234375,2920.39990234375,5.0
2025-03-12 04:47:00+00:00,2920.5,2920.5,2920.300048828125,2920.5,7.0
2025-03-12 04:48:00+00:00,2920.5,2920.5,2920.5,2920.5,1.0
2025-03-12 04:49:00+00:00,2921.199951171875,2921.5,2920.39990234375,2920.5,135.0
2025-03-12 04:50:00+00:00,2920.800048828125,2921.0,2920.300048828125,2921.0,62.0
2025-03-12 04:51:00+00:00,2920.89990234375,2920.89990234375,2920.699951171875,2920.699951171875,5.0
2025-03-12 04:52:00+00:00,2921.39990234375,2921.39990234375,2920.89990234375,2920.89990234375,13.0
2025-03-12 04:53:00+00:00,2921.199951171875,2921.300048828125,2920.89990234375,2921.300048828125,15.0
2025-03-12 04:54:00+00:00,2921.10009765625,2921.10009765625,2920.89990234375,2920.89990234375,3.0
2025-03-12 04:55:00+00:00,2921.10009765625,2921.10009765625,2921.10009765625,2921.10009765625,11.0
2025-03-12 04:56:00+00:00,2920.699951171875,2921.10009765625,2920.699951171875,2921.0,13.0
2025-03-12 04:57:00+00:00,2920.699951171875,2920.699951171875,2920.699951171875,2920.699951171875,1.0
2025-03-12 04:58:00+00:00,2920.5,2920.60009765625,2920.5,2920.60009765625,3.0
2025-03-12 04:59:00+00:00,2920.300048828125,2920.300048828125,2920.10009765625,2920.199951171875,11.0
2025-03-12 05:00:00+00:00,2919.5,2920.699951171875,2919.5,2920.300048828125,36.0
2025-03-12 05:01:00+00:00,2919.39990234375,2919.699951171875,2919.39990234375,2919.60009765625,27.0
2025-03-12 05:02:00+00:00,2919.60009765625,2919.800048828125,2919.39990234375,2919.39990234375,17.0
2025-03-12 05:03:00+00:00,2919.300048828125,2919.5,2919.0,2919.5,37.0
2025-03-12 05:04:00+00:00,2919.199951171875,2919.39990234375,2919.10009765625,2919.10009765625,20.0
2025-03-12 05:05:00+00:00,2919.199951171875,2919.39990234375,2918.60009765625,2919.199951171875,42.0
2025-03-12 05:06:00+00:00,2919.39990234375,2919.39990234375,2919.0,2919.0,15.0
2025-03-12 05:07:00+00:00,2919.0,2919.800048828125,2919.0,2919.60009765625,229.0
2025-03-12 05:08:00+00:00,2919.10009765625,2919.10009765625,2918.699951171875,2918.800048828125,26.0
2025-03-12 05:09:00+00:00,2918.60009765625,2919.10009765625,2918.60009765625,2919.10009765625,26.0
2025-03-12 05:10:00+00:00,2919.199951171875,2919.199951171875,2918.699951171875,2918.699951171875,25.0
2025-03-12 05:11:00+00:00,2919.0,2919.10009765625,2918.699951171875,2919.10009765625,18.0
2025-03-12 05:12:00+00:00,2919.39990234375,2919.60009765625,2919.10009765625,2919.10009765625,11.0
2025-03-12 05:13:00+00:00,2919.699951171875,2919.699951171875,2919.199951171875,2919.39990234375,17.0
2025-03-12 05:14:00+00:00,2919.699951171875,2919.699951171875,2919.5,2919.699951171875,13.0
2025-03-12 05:15:00+00:00,2919.60009765625,2919.699951171875,2919.39990234375,2919.60009765625,8.0
2025-03-12 05:16:00+00:00,2919.199951171875,2919.60009765625,2919.199951171875,2919.60009765625,15.0
2025-03-12 05:17:00+00:00,2919.5,2919.800048828125,2919.5,2919.60009765625,13.0
2025-03-12 05:18:00+00:00,2918.800048828125,2919.800048828125,2918.60009765625,2919.5,73.0
2025-03-12 05:19:00+00:00,2919.5,2919.5,2919.0,2919.0,13.0
2025-03-12 05:20:00+00:00,2919.199951171875,2919.60009765625,2918.89990234375,2919.39990234375,33.0
2025-03-12 05:21:00+00:00,2919.39990234375,2919.39990234375,2919.300048828125,2919.300048828125,3.0
2025-03-12 05:22:00+00:00,2919.10009765625,2919.39990234375,2919.10009765625,2919.39990234375,6.0
2025-03-12 05:23:00+00:00,2918.5,2919.199951171875,2918.300048828125,2919.10009765625,24.0
2025-03-12 05:24:00+00:00,2918.5,2918.5,2918.39990234375,2918.5,11.0
2025-03-12 05:25:00+00:00,2918.300048828125,2918.60009765625,2918.10009765625,2918.60009765625,25.0
2025-03-12 05:26:00+00:00,2918.5,2919.10009765625,2918.5,2918.5,33.0
2025-03-12 05:27:00+00:00,2917.89990234375,2918.5,2917.800048828125,2918.39990234375,80.0
2025-03-12 05:28:00+00:00,2918.5,2918.60009765625,2918.10009765625,2918.10009765625,36.0
2025-03-12 05:29:00+00:00,2918.89990234375,2918.89990234375,2918.39990234375,2918.5,10.0
2025-03-12 05:30:00+00:00,2918.0,2919.10009765625,2917.89990234375,2918.89990234375,128.0
2025-03-12 05:31:00+00:00,2918.39990234375,2918.39990234375,2917.89990234375,2918.10009765625,38.0
2025-03-12 05:32:00+00:00,2918.39990234375,2918.39990234375,2918.10009765625,2918.300048828125,9.0
2025-03-12 05:33:00+00:00,2920.0,2920.0,2918.60009765625,2918.60009765625,102.0
2025-03-12 05:34:00+00:00,2919.800048828125,2920.10009765625,2919.699951171875,2920.0,39.0
2025-03-12 05:35:00+00:00,2919.39990234375,2919.699951171875,2919.0,2919.699951171875,30.0
2025-03-12 05:36:00+00:00,2920.10009765625,2920.300048828125,2919.800048828125,2919.800048828125,29.0
2025-03-12 05:37:00+00:00,2920.60009765625,2920.699951171875,2920.0,2920.10009765625,94.0
2025-03-12 05:38:00+00:00,2919.699951171875,2920.800048828125,2919.60009765625,2920.60009765625,56.0
2025-03-12 05:39:00+00:00,2920.0,2920.0,2919.39990234375,2919.699951171875,22.0
2025-03-12 05:40:00+00:00,2919.89990234375,2920.0,2919.5,2920.0,14.0
2025-03-12 05:41:00+00:00,2920.10009765625,2920.199951171875,2919.699951171875,2919.800048828125,14.0
2025-03-12 05:42:00+00:00,2920.39990234375,2920.60009765625,2920.199951171875,2920.199951171875,16.0
2025-03-12 05:43:00+00:00,2920.300048828125,2920.39990234375,2920.300048828125,2920.300048828125,6.0
2025-03-12 05:44:00+00:00,2920.800048828125,2920.89990234375,2920.300048828125,2920.300048828125,56.0
2025-03-12 05:45:00+00:00,2920.800048828125,2920.800048828125,2920.5,2920.699951171875,19.0
2025-03-12 05:46:00+00:00,2921.0,2921.5,2920.5,2920.699951171875,54.0
2025-03-12 05:47:00+00:00,2921.199951171875,2921.199951171875,2920.800048828125,2920.800048828125,7.0
2025-03-12 05:48:00+00:00,2921.300048828125,2921.39990234375,2921.0,2921.199951171875,24.0
2025-03-12 05:49:00+00:00,2921.5,2921.5,2921.10009765625,2921.10009765625,26.0
2025-03-12 05:50:00+00:00,2921.800048828125,2922.5,2921.39990234375,2921.5,83.0
2025-03-12 05:51:00+00:00,2921.800048828125,2922.10009765625,2921.39990234375,2921.699951171875,34.0
2025-03-12 05:52:00+00:00,2921.199951171875,2922.300048828125,2921.10009765625,2921.5,89.0
2025-03-12 05:53:00+00:00,2921.699951171875,2921.89990234375,2921.0,2921.300048828125,38.0
2025-03-12 05:54:00+00:00,2921.5,2921.89990234375,2921.300048828125,2921.5,44.0
2025-03-12 05:55:00+00:00,2921.60009765625,2921.800048828125,2921.39990234375,2921.60009765625,19.0
2025-03-12 05:56:00+00:00,2921.39990234375,2921.89990234375,2921.39990234375,2921.800048828125,28.0
2025-03-12 05:57:00+00:00,2921.60009765625,2921.699951171875,2921.39990234375,2921.39990234375,7.0
2025-03-12 05:58:00+00:00,2921.699951171875,2922.0,2921.699951171875,2921.699951171875,19.0
2025-03-12 05:59:00+00:00,2921.5,2921.89990234375,2921.5,2921.89990234375,11.0
2025-03-12 06:00:00+00:00,2922.5,2922.60009765625,2921.300048828125,2921.60009765625,81.0
2025-03-12 06:01:00+00:00,2922.10009765625,2922.699951171875,2922.0,2922.5,33.0
2025-03-12 06:02:00+00:00,2921.800048828125,2922.10009765625,2921.800048828125,2922.10009765625,15.0
2025-03-12 06:03:00+00:00,2922.199951171875,2922.300048828125,2921.39990234375,2921.699951171875,41.0
2025-03-12 06:04:00+00:00,2922.89990234375,2923.199951171875,2922.300048828125,2922.300048828125,82.0
2025-03-12 06:05:00+00:00,2923.300048828125,2923.5,2922.699951171875,2922.800048828125,68.0
2025-03-12 06:06:00+00:00,2923.5,2924.10009765625,2923.300048828125,2923.39990234375,198.0
2025-03-12 06:07:00+00:00,2924.0,2924.199951171875,2923.60009765625,2923.60009765625,71.0
2025-03-12 06:08:00+00:00,2924.60009765625,2924.60009765625,2924.0,2924.10009765625,67.0
2025-03-12 06:09:00+00:00,2925.10009765625,2925.199951171875,2924.60009765625,2924.60009765625,90.0
2025-03-12 06:10:00+00:00,2924.800048828125,2925.300048828125,2924.699951171875,2925.10009765625,43.0
2025-03-12 06:11:00+00:00,2925.0,2925.10009765625,2924.5,2924.800048828125,41.0
2025-03-12 06:12:00+00:00,2925.699951171875,2925.699951171875,2924.10009765625,2924.800048828125,235.0
2025-03-12 06:13:00+00:00,2925.39990234375,2925.89990234375,2925.10009765625,2925.699951171875,91.0
2025-03-12 06:14:00+00:00,2925.10009765625,2925.5,2924.699951171875,2925.39990234375,26.0
2025-03-12 06:15:00+00:00,2924.39990234375,2925.699951171875,2924.0,2925.0,139.0
2025-03-12 06:16:00+00:00,2924.199951171875,2924.300048828125,2924.0,2924.10009765625,36.0
2025-03-12 06:17:00+00:00,2923.60009765625,2924.0,2923.39990234375,2924.0,91.0
2025-03-12 06:18:00+00:00,2924.0,2924.60009765625,2923.800048828125,2923.800048828125,78.0
2025-03-12 06:19:00+00:00,2925.0,2925.300048828125,2924.0,2924.10009765625,64.0
2025-03-12 06:20:00+00:00,2924.800048828125,2924.89990234375,2924.60009765625,2924.89990234375,19.0
2025-03-12 06:21:00+00:00,2924.800048828125,2925.10009765625,2924.699951171875,2924.699951171875,48.0
2025-03-12 06:22:00+00:00,2923.89990234375,2924.800048828125,2923.89990234375,2924.800048828125,90.0
2025-03-12 06:23:00+00:00,2923.60009765625,2924.0,2923.60009765625,2923.800048828125,48.0
2025-03-12 06:24:00+00:00,2922.89990234375,2923.800048828125,2922.60009765625,2923.699951171875,68.0
2025-03-12 06:25:00+00:00,2923.10009765625,2923.699951171875,2922.89990234375,2922.89990234375,70.0
2025-03-12 06:26:00+00:00,2923.199951171875,2923.60009765625,2922.89990234375,2923.10009765625,71.0
2025-03-12 06:27:00+00:00,2922.800048828125,2922.89990234375,2922.10009765625,2922.89990234375,89.0
2025-03-12 06:28:00+00:00,2922.300048828125,2922.89990234375,2922.300048828125,2922.800048828125,64.0
2025-03-12 06:29:00+00:00,2921.699951171875,2922.60009765625,2921.699951171875,2922.300048828125,99.0
2025-03-12 06:30:00+00:00,2921.10009765625,2921.699951171875,2920.60009765625,2921.699951171875,109.0
2025-03-12 06:31:00+00:00,2922.199951171875,2922.699951171875,2921.0,2921.300048828125,105.0
2025-03-12 06:32:00+00:00,2921.60009765625,2922.10009765625,2921.300048828125,2922.10009765625,44.0
2025-03-12 06:33:00+00:00,2921.5,2921.800048828125,2921.39990234375,2921.60009765625,22.0
2025-03-12 06:34:00+00:00,2921.0,2921.60009765625,2921.0,2921.5,23.0
2025-03-12 06:35:00+00:00,2920.800048828125,2921.199951171875,2920.5,2921.10009765625,36.0
2025-03-12 06:36:00+00:00,2920.89990234375,2921.10009765625,2920.699951171875,2920.800048828125,45.0
2025-03-12 06:37:00+00:00,2921.10009765625,2921.39990234375,2920.699951171875,2920.800048828125,50.0
2025-03-12 06:38:00+00:00,2921.0,2921.300048828125,2920.60009765625,2921.0,140.0
2025-03-12 06:39:00+00:00,2919.5,2921.10009765625,2919.10009765625,2921.10009765625,247.0
2025-03-12 06:40:00+00:00,2920.0,2920.300048828125,2919.199951171875,2919.5,159.0
2025-03-12 06:41:00+00:00,2920.10009765625,2920.300048828125,2919.10009765625,2920.10009765625,169.0
2025-03-12 06:42:00+00:00,2919.5,2920.10009765625,2919.199951171875,2920.10009765625,110.0
2025-03-12 06:43:00+00:00,2919.39990234375,2920.10009765625,2919.39990234375,2919.699951171875,81.0
2025-03-12 06:44:00+00:00,2919.10009765625,2919.5,2918.699951171875,2919.5,90.0
2025-03-12 06:45:00+00:00,2919.0,2919.5,2918.60009765625,2919.10009765625,92.0
2025-03-12 06:46:00+00:00,2918.89990234375,2918.89990234375,2918.199951171875,2918.89990234375,82.0
2025-03-12 06:47:00+00:00,2917.800048828125,2918.60009765625,2917.800048828125,2918.60009765625,142.0
2025-03-12 06:48:00+00:00,2918.10009765625,2918.10009765625,2917.39990234375,2917.699951171875,102.0
2025-03-12 06:49:00+00:00,2917.89990234375,2918.39990234375,2917.60009765625,2918.10009765625,133.0
2025-03-12 06:50:00+00:00,2919.10009765625,2919.10009765625,2917.39990234375,2917.89990234375,141.0
2025-03-12 06:51:00+00:00,2919.10009765625,2919.300048828125,2918.60009765625,2919.0,136.0
2025-03-12 06:52:00+00:00,2919.199951171875,2919.39990234375,2918.300048828125,2919.10009765625,145.0
2025-03-12 06:53:00+00:00,2919.699951171875,2920.300048828125,2919.10009765625,2919.199951171875,159.0
2025-03-12 06:54:00+00:00,2919.10009765625,2919.699951171875,2918.800048828125,2919.60009765625,93.0
2025-03-12 06:55:00+00:00,2919.300048828125,2919.5,2919.0,2919.0,25.0
2025-03-12 06:56:00+00:00,2918.699951171875,2919.5,2918.699951171875,2919.10009765625,58.0
2025-03-12 06:57:00+00:00,2917.60009765625,2918.5,2917.60009765625,2918.5,94.0
2025-03-12 06:58:00+00:00,2917.0,2917.60009765625,2916.800048828125,2917.60009765625,165.0
2025-03-12 06:59:00+00:00,2917.300048828125,2917.39990234375,2916.800048828125,2917.0,58.0
2025-03-12 07:00:00+00:00,2916.699951171875,2917.60009765625,2916.10009765625,2917.199951171875,271.0
2025-03-12 07:01:00+00:00,2917.199951171875,2917.39990234375,2916.5,2916.60009765625,78.0
2025-03-12 07:02:00+00:00,2917.0,2917.39990234375,2916.60009765625,2917.0,59.0
2025-03-12 07:03:00+00:00,2916.5,2917.199951171875,2916.300048828125,2917.0,132.0
2025-03-12 07:04:00+00:00,2916.699951171875,2917.60009765625,2916.60009765625,2917.0,119.0
2025-03-12 07:05:00+00:00,2916.800048828125,2917.199951171875,2916.199951171875,2916.699951171875,107.0
2025-03-12 07:06:00+00:00,2917.5,2917.699951171875,2916.800048828125,2917.0,43.0
2025-03-12 07:07:00+00:00,2916.5,2917.699951171875,2916.10009765625,2917.699951171875,94.0
2025-03-12 07:08:00+00:00,2917.5,2917.5,2916.300048828125,2916.5,58.0
2025-03-12 07:09:00+00:00,2917.300048828125,2917.699951171875,2917.199951171875,2917.39990234375,40.0
2025-03-12 07:10:00+00:00,2918.0,2918.10009765625,2917.300048828125,2917.300048828125,54.0
2025-03-12 07:11:00+00:00,2918.0,2918.10009765625,2917.5,2917.800048828125,34.0
2025-03-12 07:12:00+00:00,2917.699951171875,2917.89990234375,2917.60009765625,2917.89990234375,21.0
2025-03-12 07:13:00+00:00,2917.5,2918.0,2917.5,2918.0,33.0
2025-03-12 07:14:00+00:00,2917.199951171875,2917.699951171875,2917.199951171875,2917.5,36.0
2025-03-12 07:15:00+00:00,2917.39990234375,2917.800048828125,2917.300048828125,2917.39990234375,46.0
2025-03-12 07:16:00+00:00,2917.0,2917.699951171875,2917.0,2917.5,48.0
2025-03-12 07:17:00+00:00,2917.10009765625,2917.60009765625,2916.89990234375,2917.199951171875,26.0
2025-03-12 07:18:00+00:00,2916.699951171875,2917.199951171875,2916.60009765625,2917.0,67.0
2025-03-12 07:19:00+00:00,2916.800048828125,2916.89990234375,2916.60009765625,2916.699951171875,41.0
2025-03-12 07:20:00+00:00,2915.699951171875,2916.89990234375,2914.10009765625,2916.699951171875,389.0
2025-03-12 07:21:00+00:00,2915.800048828125,2915.89990234375,2915.300048828125,2915.699951171875,69.0
2025-03-12 07:22:00+00:00,2915.800048828125,2916.300048828125,2915.5,2915.699951171875,41.0
2025-03-12 07:23:00+00:00,2916.60009765625,2916.89990234375,2915.800048828125,2915.800048828125,36.0
2025-03-12 07:24:00+00:00,2917.5,2917.5,2916.800048828125,2916.800048828125,230.0
2025-03-12 07:25:00+00:00,2917.800048828125,2918.10009765625,2917.5,2917.60009765625,60.0
2025-03-12 07:26:00+00:00,2917.39990234375,2918.0,2917.10009765625,2917.800048828125,103.0
2025-03-12 07:27:00+00:00,2917.60009765625,2918.10009765625,2917.60009765625,2917.60009765625,86.0
2025-03-12 07:28:00+00:00,2917.300048828125,2917.800048828125,2917.199951171875,2917.699951171875,66.0
2025-03-12 07:29:00+00:00,2917.10009765625,2917.300048828125,2916.89990234375,2917.300048828125,26.0
2025-03-12 07:40:00+00:00,2918.0,2918.0,2917.5,2917.5,644.0
2025-03-12 07:41:00+00:00,2917.89990234375,2918.199951171875,2917.699951171875,2917.89990234375,57.0
2025-03-12 07:42:00+00:00,2917.89990234375,2918.0,2917.60009765625,2917.89990234375,26.0
2025-03-12 07:43:00+00:00,2918.5,2919.10009765625,2917.800048828125,2917.89990234375,62.0
2025-03-12 07:44:00+00:00,2918.199951171875,2918.5,2917.800048828125,2918.5,35.0
2025-03-12 07:45:00+00:00,2917.800048828125,2918.199951171875,2917.800048828125,2918.0,55.0
2025-03-12 07:46:00+00:00,2918.39990234375,2918.699951171875,2917.699951171875,2917.800048828125,99.0
2025-03-12 07:47:00+00:00,2918.300048828125,2918.60009765625,2917.89990234375,2918.5,66.0
2025-03-12 07:48:00+00:00,2918.0,2918.300048828125,2917.89990234375,2918.300048828125,32.0
2025-03-12 07:49:00+00:00,2918.10009765625,2918.39990234375,2917.89990234375,2918.10009765625,22.0
2025-03-12 07:50:00+00:00,2919.199951171875,2919.199951171875,2918.0,2918.0,39.0
2025-03-12 07:51:00+00:00,2919.199951171875,2919.699951171875,2919.10009765625,2919.10009765625,49.0
2025-03-12 07:52:00+00:00,2919.699951171875,2919.699951171875,2919.199951171875,2919.199951171875,26.0
2025-03-12 07:53:00+00:00,2919.5,2920.10009765625,2919.5,2919.800048828125,52.0
2025-03-12 07:54:00+00:00,2918.89990234375,2919.300048828125,2918.60009765625,2919.300048828125,67.0
2025-03-12 07:55:00+00:00,2919.199951171875,2919.39990234375,2918.699951171875,2919.0,38.0
2025-03-12 07:56:00+00:00,2920.699951171875,2921.10009765625,2919.300048828125,2919.300048828125,337.0
2025-03-12 07:57:00+00:00,2921.10009765625,2921.10009765625,2920.60009765625,2920.699951171875,62.0
2025-03-12 07:58:00+00:00,2920.5,2921.199951171875,2920.39990234375,2921.10009765625,67.0
2025-03-12 07:59:00+00:00,2919.699951171875,2921.0,2919.10009765625,2920.5,221.0
2025-03-12 08:00:00+00:00,2920.199951171875,2920.199951171875,2919.199951171875,2919.699951171875,126.0
2025-03-12 08:01:00+00:00,2920.60009765625,2920.89990234375,2919.800048828125,2920.5,123.0
2025-03-12 08:02:00+00:00,2919.89990234375,2920.89990234375,2919.89990234375,2920.699951171875,102.0
2025-03-12 08:03:00+00:00,2921.10009765625,2921.10009765625,2920.199951171875,2920.199951171875,83.0
2025-03-12 08:04:00+00:00,2920.5,2921.199951171875,2920.300048828125,2921.0,95.0
2025-03-12 08:05:00+00:00,2920.5,2921.0,2920.5,2920.60009765625,73.0
2025-03-12 08:06:00+00:00,2920.5,2920.699951171875,2919.89990234375,2920.5,125.0
2025-03-12 08:07:00+00:00,2921.199951171875,2921.199951171875,2920.300048828125,2920.60009765625,96.0
2025-03-12 08:08:00+00:00,2922.0,2922.0,2921.10009765625,2921.199951171875,106.0
2025-03-12 08:09:00+00:00,2922.39990234375,2922.5,2921.60009765625,2921.800048828125,206.0
2025-03-12 08:10:00+00:00,2922.10009765625,2922.39990234375,2921.699951171875,2922.300048828125,88.0
2025-03-12 08:11:00+00:00,2921.699951171875,2921.89990234375,2921.0,2921.89990234375,74.0
2025-03-12 08:12:00+00:00,2922.300048828125,2922.699951171875,2921.5,2921.89990234375,80.0
2025-03-12 08:13:00+00:00,2921.699951171875,2922.60009765625,2921.60009765625,2922.60009765625,92.0
2025-03-12 08:14:00+00:00,2921.699951171875,2921.89990234375,2921.300048828125,2921.800048828125,39.0
2025-03-12 08:15:00+00:00,2922.0,2922.300048828125,2921.800048828125,2921.800048828125,39.0
2025-03-12 08:16:00+00:00,2922.699951171875,2922.89990234375,2921.800048828125,2921.800048828125,135.0
2025-03-12 08:17:00+00:00,2922.10009765625,2922.699951171875,2921.800048828125,2922.699951171875,47.0
2025-03-12 08:18:00+00:00,2922.10009765625,2922.300048828125,2921.800048828125,2922.10009765625,21.0
2025-03-12 08:19:00+00:00,2922.800048828125,2923.0,2921.89990234375,2921.89990234375,42.0
2025-03-12 08:20:00+00:00,2922.0,2923.0,2921.89990234375,2922.800048828125,64.0
2025-03-12 08:21:00+00:00,2922.199951171875,2922.5,2922.0,2922.0,16.0
2025-03-12 08:22:00+00:00,2922.39990234375,2922.39990234375,2922.199951171875,2922.199951171875,27.0
2025-03-12 08:23:00+00:00,2922.60009765625,2922.800048828125,2922.5,2922.5,12.0
2025-03-12 08:24:00+00:00,2923.0,2923.10009765625,2922.5,2922.699951171875,44.0
2025-03-12 08:25:00+00:00,2922.800048828125,2923.0,2922.60009765625,2922.89990234375,43.0
2025-03-12 08:26:00+00:00,2923.10009765625,2923.199951171875,2922.300048828125,2922.699951171875,106.0
2025-03-12 08:27:00+00:00,2922.699951171875,2923.300048828125,2922.60009765625,2923.199951171875,66.0
2025-03-12 08:28:00+00:00,2923.300048828125,2923.800048828125,2922.699951171875,2922.699951171875,153.0
2025-03-12 08:29:00+00:00,2922.60009765625,2923.199951171875,2922.39990234375,2923.199951171875,64.0
2025-03-12 08:30:00+00:00,2923.10009765625,2923.5,2921.89990234375,2922.39990234375,108.0
2025-03-12 08:31:00+00:00,2924.699951171875,2925.10009765625,2923.199951171875,2923.199951171875,280.0
2025-03-12 08:32:00+00:00,2924.39990234375,2924.800048828125,2923.89990234375,2924.60009765625,59.0
2025-03-12 08:33:00+00:00,2923.89990234375,2925.0,2923.699951171875,2924.60009765625,93.0
2025-03-12 08:34:00+00:00,2924.300048828125,2924.300048828125,2923.5,2924.0,37.0
2025-03-12 08:35:00+00:00,2923.5,2924.5,2923.5,2924.39990234375,52.0
2025-03-12 08:36:00+00:00,2923.699951171875,2924.199951171875,2923.10009765625,2923.699951171875,72.0
2025-03-12 08:37:00+00:00,2924.699951171875,2924.800048828125,2923.39990234375,2923.800048828125,88.0
2025-03-12 08:38:00+00:00,2923.60009765625,2924.699951171875,2923.5,2924.60009765625,53.0
2025-03-12 08:39:00+00:00,2924.300048828125,2924.39990234375,2923.5,2923.60009765625,37.0
2025-03-12 08:40:00+00:00,2924.300048828125,2924.800048828125,2923.699951171875,2924.39990234375,99.0
2025-03-12 08:41:00+00:00,2924.800048828125,2924.89990234375,2924.39990234375,2924.39990234375,52.0
2025-03-12 08:42:00+00:00,2925.10009765625,2925.10009765625,2924.5,2924.800048828125,67.0
2025-03-12 08:43:00+00:00,2924.800048828125,2925.199951171875,2924.5,2925.199951171875,44.0
2025-03-12 08:44:00+00:00,2924.300048828125,2924.89990234375,2924.300048828125,2924.800048828125,39.0
2025-03-12 08:45:00+00:00,2923.39990234375,2924.300048828125,2923.300048828125,2924.300048828125,73.0
2025-03-12 08:46:00+00:00,2923.60009765625,2923.699951171875,2923.10009765625,2923.39990234375,32.0
2025-03-12 08:47:00+00:00,2924.0,2924.300048828125,2923.199951171875,2923.60009765625,41.0
2025-03-12 08:48:00+00:00,2924.60009765625,2925.0,2924.0,2924.0,52.0
2025-03-12 08:49:00+00:00,2925.60009765625,2925.60009765625,2924.60009765625,2924.60009765625,153.0
2025-03-12 08:50:00+00:00,2925.5,2925.699951171875,2925.199951171875,2925.5,80.0
2025-03-12 08:51:00+00:00,2926.0,2926.10009765625,2925.199951171875,2925.5,261.0
2025-03-12 08:52:00+00:00,2925.89990234375,2926.39990234375,2925.699951171875,2925.89990234375,67.0
2025-03-12 08:53:00+00:00,2925.89990234375,2926.300048828125,2925.300048828125,2925.89990234375,120.0
2025-03-12 08:54:00+00:00,2925.800048828125,2926.0,2925.199951171875,2926.0,68.0
2025-03-12 08:55:00+00:00,2925.89990234375,2926.300048828125,2925.800048828125,2925.89990234375,26.0
2025-03-12 08:56:00+00:00,2926.60009765625,2926.800048828125,2926.0,2926.0,82.0
2025-03-12 08:57:00+00:00,2926.699951171875,2926.89990234375,2926.300048828125,2926.699951171875,42.0
2025-03-12 08:58:00+00:00,2927.199951171875,2927.39990234375,2926.699951171875,2926.699951171875,257.0
2025-03-12 08:59:00+00:00,2927.5,2927.699951171875,2927.0,2927.0,121.0
2025-03-12 09:00:00+00:00,2929.699951171875,2929.800048828125,2927.199951171875,2927.699951171875,774.0
2025-03-12 09:01:00+00:00,2931.39990234375,2931.5,2929.60009765625,2929.60009765625,735.0
2025-03-12 09:02:00+00:00,2928.199951171875,2931.5,2928.0,2931.300048828125,775.0
2025-03-12 09:03:00+00:00,2927.300048828125,2928.60009765625,2927.199951171875,2928.199951171875,455.0
2025-03-12 09:04:00+00:00,2926.800048828125,2927.39990234375,2926.60009765625,2927.199951171875,202.0
2025-03-12 09:05:00+00:00,2925.10009765625,2926.89990234375,2925.0,2926.89990234375,377.0
2025-03-12 09:06:00+00:00,2927.199951171875,2927.5,2925.199951171875,2925.199951171875,403.0
2025-03-12 09:07:00+00:00,2928.0,2928.0,2927.199951171875,2927.300048828125,81.0
2025-03-12 09:08:00+00:00,2927.5,2928.10009765625,2926.800048828125,2928.10009765625,51.0
2025-03-12 09:09:00+00:00,2927.60009765625,2927.699951171875,2927.300048828125,2927.699951171875,51.0
2025-03-12 09:10:00+00:00,2925.89990234375,2927.39990234375,2925.89990234375,2927.39990234375,115.0
2025-03-12 09:11:00+00:00,2924.699951171875,2926.39990234375,2924.300048828125,2926.0,220.0
2025-03-12 09:12:00+00:00,2924.39990234375,2926.199951171875,2924.39990234375,2924.699951171875,191.0
2025-03-12 09:13:00+00:00,2924.800048828125,2925.800048828125,2924.300048828125,2924.5,115.0
2025-03-12 09:14:00+00:00,2925.5,2925.699951171875,2924.89990234375,2924.89990234375,92.0
2025-03-12 09:15:00+00:00,2925.10009765625,2926.0,2924.800048828125,2925.60009765625,50.0
2025-03-12 09:16:00+00:00,2924.699951171875,2925.699951171875,2924.5,2925.199951171875,86.0
2025-03-12 09:17:00+00:00,2925.89990234375,2926.0,2924.699951171875,2924.800048828125,102.0
2025-03-12 09:18:00+00:00,2925.699951171875,2926.10009765625,2925.300048828125,2926.0,51.0
2025-03-12 09:19:00+00:00,2925.89990234375,2925.89990234375,2925.199951171875,2925.800048828125,42.0
2025-03-12 09:20:00+00:00,2926.10009765625,2926.199951171875,2925.39990234375,2925.800048828125,58.0
2025-03-12 09:21:00+00:00,2925.800048828125,2926.5,2925.60009765625,2926.300048828125,58.0
2025-03-12 09:22:00+00:00,2925.5,2925.89990234375,2925.39990234375,2925.89990234375,15.0
2025-03-12 09:23:00+00:00,2925.699951171875,2925.699951171875,2925.60009765625,2925.60009765625,9.0
2025-03-12 09:24:00+00:00,2925.60009765625,2925.699951171875,2925.39990234375,2925.60009765625,9.0
2025-03-12 09:25:00+00:00,2925.60009765625,2925.60009765625,2925.10009765625,2925.5,38.0
2025-03-12 09:26:00+00:00,2925.0,2925.39990234375,2925.0,2925.300048828125,19.0
2025-03-12 09:27:00+00:00,2924.60009765625,2925.199951171875,2924.60009765625,2925.0,68.0
2025-03-12 09:28:00+00:00,2925.800048828125,2925.800048828125,2924.800048828125,2924.89990234375,45.0
2025-03-12 09:29:00+00:00,2925.89990234375,2925.89990234375,2925.5,2925.5,37.0
2025-03-12 09:30:00+00:00,2925.89990234375,2925.89990234375,2925.699951171875,2925.800048828125,7.0
2025-03-12 09:40:00+00:00,2923.39990234375,2923.89990234375,2923.39990234375,2923.60009765625,570.0
2025-03-12 09:41:00+00:00,2922.199951171875,2923.5,2922.10009765625,2923.5,142.0
2025-03-12 09:42:00+00:00,2922.39990234375,2922.699951171875,2922.10009765625,2922.199951171875,55.0
2025-03-12 09:43:00+00:00,2921.89990234375,2922.39990234375,2921.89990234375,2922.39990234375,68.0
2025-03-12 09:44:00+00:00,2921.300048828125,2922.60009765625,2921.199951171875,2922.0,91.0
2025-03-12 09:45:00+00:00,2921.39990234375,2921.60009765625,2921.199951171875,2921.39990234375,49.0
2025-03-12 09:46:00+00:00,2921.199951171875,2922.300048828125,2920.89990234375,2921.39990234375,125.0
2025-03-12 09:47:00+00:00,2921.300048828125,2921.5,2921.0,2921.199951171875,63.0
2025-03-12 09:48:00+00:00,2920.60009765625,2922.10009765625,2920.39990234375,2921.300048828125,120.0
2025-03-12 09:49:00+00:00,2921.0,2921.0,2920.0,2920.5,135.0
2025-03-12 09:50:00+00:00,2920.800048828125,2921.199951171875,2920.699951171875,2920.89990234375,51.0
2025-03-12 09:51:00+00:00,2920.39990234375,2920.89990234375,2920.10009765625,2920.89990234375,219.0
2025-03-12 09:52:00+00:00,2919.89990234375,2920.199951171875,2919.5,2920.199951171875,74.0
2025-03-12 09:53:00+00:00,2919.800048828125,2920.199951171875,2919.60009765625,2920.0,76.0
2025-03-12 09:54:00+00:00,2920.0,2920.0,2919.60009765625,2919.699951171875,30.0
2025-03-12 09:55:00+00:00,2920.699951171875,2920.800048828125,2920.10009765625,2920.10009765625,94.0
2025-03-12 09:56:00+00:00,2921.800048828125,2922.300048828125,2920.800048828125,2920.800048828125,436.0
2025-03-12 09:57:00+00:00,2922.199951171875,2922.5,2921.5,2921.699951171875,156.0
2025-03-12 09:58:00+00:00,2921.89990234375,2922.39990234375,2921.800048828125,2922.300048828125,75.0
2025-03-12 09:59:00+00:00,2920.89990234375,2921.89990234375,2920.89990234375,2921.89990234375,209.0
2025-03-12 10:00:00+00:00,2920.699951171875,2920.89990234375,2920.39990234375,2920.89990234375,108.0
2025-03-12 10:01:00+00:00,2921.0,2921.10009765625,2920.39990234375,2920.800048828125,81.0
2025-03-12 10:02:00+00:00,2921.39990234375,2921.60009765625,2920.699951171875,2921.10009765625,44.0
2025-03-12 10:03:00+00:00,2921.800048828125,2922.199951171875,2921.60009765625,2921.60009765625,50.0
2025-03-12 10:04:00+00:00,2921.89990234375,2922.10009765625,2921.699951171875,2921.89990234375,42.0
2025-03-12 10:05:00+00:00,2921.89990234375,2921.89990234375,2921.39990234375,2921.800048828125,46.0
2025-03-12 10:06:00+00:00,2922.39990234375,2922.800048828125,2921.60009765625,2921.89990234375,131.0
2025-03-12 10:07:00+00:00,2922.699951171875,2923.10009765625,2922.10009765625,2922.39990234375,65.0
2025-03-12 10:08:00+00:00,2922.39990234375,2922.89990234375,2921.60009765625,2922.89990234375,100.0
2025-03-12 10:09:00+00:00,2922.60009765625,2922.89990234375,2922.10009765625,2922.60009765625,52.0
2025-03-12 10:10:00+00:00,2921.89990234375,2923.0,2921.89990234375,2922.699951171875,69.0
2025-03-12 10:11:00+00:00,2922.300048828125,2922.39990234375,2921.800048828125,2922.0,56.0
2025-03-12 10:12:00+00:00,2922.39990234375,2922.699951171875,2922.10009765625,2922.300048828125,37.0
2025-03-12 10:13:00+00:00,2922.199951171875,2922.699951171875,2922.10009765625,2922.60009765625,25.0
2025-03-12 10:14:00+00:00,2921.5,2922.300048828125,2921.5,2922.0,18.0
2025-03-12 10:15:00+00:00,2920.89990234375,2921.800048828125,2920.60009765625,2921.300048828125,182.0
2025-03-12 10:16:00+00:00,2920.699951171875,2921.10009765625,2920.699951171875,2921.0,24.0
2025-03-12 10:17:00+00:00,2919.800048828125,2920.89990234375,2919.5,2920.89990234375,82.0
2025-03-12 10:18:00+00:00,2919.300048828125,2919.800048828125,2918.89990234375,2919.800048828125,91.0
2025-03-12 10:19:00+00:00,2919.89990234375,2920.199951171875,2919.199951171875,2919.39990234375,38.0
2025-03-12 10:20:00+00:00,2920.89990234375,2921.10009765625,2920.0,2920.0,36.0
2025-03-12 10:21:00+00:00,2920.39990234375,2920.89990234375,2920.300048828125,2920.699951171875,46.0
2025-03-12 10:22:00+00:00,2920.39990234375,2920.699951171875,2920.199951171875,2920.5,53.0
2025-03-12 10:23:00+00:00,2920.699951171875,2920.699951171875,2920.199951171875,2920.300048828125,23.0
2025-03-12 10:24:00+00:00,2920.10009765625,2920.60009765625,2920.0,2920.60009765625,36.0
2025-03-12 10:25:00+00:00,2919.800048828125,2920.10009765625,2919.800048828125,2920.0,34.0
2025-03-12 10:26:00+00:00,2920.199951171875,2920.39990234375,2919.699951171875,2919.800048828125,24.0
2025-03-12 10:27:00+00:00,2920.300048828125,2920.39990234375,2919.800048828125,2920.300048828125,25.0
2025-03-12 10:28:00+00:00,2920.10009765625,2920.5,2920.10009765625,2920.199951171875,48.0
2025-03-12 10:29:00+00:00,2918.800048828125,2920.0,2918.699951171875,2920.0,125.0
2025-03-12 10:30:00+00:00,2918.800048828125,2919.60009765625,2918.39990234375,2918.699951171875,226.0
2025-03-12 10:31:00+00:00,2919.5,2919.5,2918.699951171875,2918.699951171875,85.0
2025-03-12 10:32:00+00:00,2919.699951171875,2919.699951171875,2919.199951171875,2919.300048828125,14.0
2025-03-12 10:33:00+00:00,2919.89990234375,2920.0,2919.199951171875,2919.800048828125,57.0
2025-03-12 10:34:00+00:00,2920.300048828125,2920.300048828125,2919.800048828125,2919.89990234375,40.0
2025-03-12 10:35:00+00:00,2919.199951171875,2920.10009765625,2919.10009765625,2920.0,74.0
2025-03-12 10:36:00+00:00,2919.39990234375,2919.5,2918.5,2919.199951171875,96.0
2025-03-12 10:37:00+00:00,2918.5,2919.39990234375,2918.5,2919.39990234375,94.0
2025-03-12 10:38:00+00:00,2919.199951171875,2919.39990234375,2918.39990234375,2918.39990234375,38.0
2025-03-12 10:39:00+00:00,2919.10009765625,2919.39990234375,2919.10009765625,2919.300048828125,13.0
2025-03-12 10:40:00+00:00,2919.10009765625,2919.199951171875,2918.800048828125,2918.89990234375,35.0
2025-03-12 10:41:00+00:00,2919.89990234375,2920.10009765625,2919.199951171875,2919.300048828125,18.0
2025-03-12 10:42:00+00:00,2919.5,2920.39990234375,2919.5,2920.10009765625,61.0
2025-03-12 10:43:00+00:00,2919.800048828125,2919.800048828125,2919.39990234375,2919.39990234375,18.0
2025-03-12 10:44:00+00:00,2919.89990234375,2919.89990234375,2919.800048828125,2919.800048828125,8.0
2025-03-12 10:45:00+00:00,2919.89990234375,2920.300048828125,2919.800048828125,2919.89990234375,25.0
2025-03-12 10:46:00+00:00,2920.39990234375,2920.5,2920.0,2920.0,30.0
2025-03-12 10:47:00+00:00,2920.5,2920.5,2920.0,2920.39990234375,72.0
2025-03-12 10:48:00+00:00,2920.300048828125,2921.0,2920.199951171875,2920.5,51.0
2025-03-12 10:49:00+00:00,2919.60009765625,2920.5,2919.60009765625,2920.300048828125,89.0
2025-03-12 10:50:00+00:00,2919.800048828125,2920.39990234375,2919.5,2919.5,67.0
2025-03-12 10:51:00+00:00,2920.199951171875,2920.300048828125,2919.800048828125,2920.0,74.0
2025-03-12 10:52:00+00:00,2921.0,2921.0,2920.199951171875,2920.199951171875,21.0
2025-03-12 10:53:00+00:00,2920.5,2920.89990234375,2920.39990234375,2920.89990234375,35.0
2025-03-12 10:54:00+00:00,2920.89990234375,2921.10009765625,2920.699951171875,2920.699951171875,46.0
2025-03-12 10:55:00+00:00,2920.60009765625,2921.0,2920.5,2920.699951171875,31.0
2025-03-12 10:56:00+00:00,2920.800048828125,2921.0,2920.39990234375,2920.699951171875,36.0
2025-03-12 10:57:00+00:00,2920.39990234375,2920.800048828125,2920.300048828125,2920.800048828125,24.0
2025-03-12 10:58:00+00:00,2920.199951171875,2920.5,2920.10009765625,2920.5,23.0
2025-03-12 10:59:00+00:00,2920.10009765625,2920.10009765625,2919.89990234375,2920.0,18.0
2025-03-12 11:00:00+00:00,2919.89990234375,2920.0,2919.5,2919.89990234375,51.0
2025-03-12 11:01:00+00:00,2919.800048828125,2920.10009765625,2919.800048828125,2919.89990234375,24.0
2025-03-12 11:02:00+00:00,2920.10009765625,2920.300048828125,2919.699951171875,2919.800048828125,46.0
2025-03-12 11:03:00+00:00,2920.300048828125,2920.60009765625,2920.10009765625,2920.10009765625,23.0
2025-03-12 11:04:00+00:00,2920.199951171875,2920.699951171875,2920.10009765625,2920.199951171875,25.0
2025-03-12 11:05:00+00:00,2920.300048828125,2920.39990234375,2920.199951171875,2920.199951171875,18.0
2025-03-12 11:06:00+00:00,2921.199951171875,2921.199951171875,2920.60009765625,2920.60009765625,36.0
2025-03-12 11:07:00+00:00,2921.199951171875,2921.300048828125,2921.0,2921.10009765625,24.0
2025-03-12 11:08:00+00:00,2921.300048828125,2921.300048828125,2921.0,2921.0,19.0
2025-03-12 11:09:00+00:00,2921.0,2922.199951171875,2921.0,2921.199951171875,151.0
2025-03-12 11:10:00+00:00,2921.39990234375,2921.39990234375,2921.0,2921.10009765625,25.0
2025-03-12 11:11:00+00:00,2921.199951171875,2921.699951171875,2921.199951171875,2921.5,29.0
2025-03-12 11:12:00+00:00,2921.199951171875,2921.300048828125,2921.0,2921.199951171875,17.0
2025-03-12 11:13:00+00:00,2921.0,2921.199951171875,2920.300048828125,2921.199951171875,289.0
2025-03-12 11:14:00+00:00,2921.0,2921.199951171875,2921.0,2921.0,14.0
2025-03-12 11:15:00+00:00,2920.89990234375,2921.300048828125,2920.89990234375,2921.199951171875,35.0
2025-03-12 11:16:00+00:00,2921.5,2921.5,2921.10009765625,2921.199951171875,12.0
2025-03-12 11:17:00+00:00,2921.60009765625,2921.800048828125,2921.5,2921.5,23.0
2025-03-12 11:18:00+00:00,2921.60009765625,2921.89990234375,2921.5,2921.699951171875,28.0
2025-03-12 11:19:00+00:00,2921.199951171875,2921.89990234375,2921.0,2921.60009765625,40.0
2025-03-12 11:20:00+00:00,2921.39990234375,2921.800048828125,2921.10009765625,2921.10009765625,42.0
2025-03-12 11:21:00+00:00,2920.300048828125,2921.10009765625,2920.199951171875,2921.10009765625,34.0
2025-03-12 11:22:00+00:00,2920.5,2920.89990234375,2920.10009765625,2920.199951171875,60.0
2025-03-12 11:23:00+00:00,2920.300048828125,2920.39990234375,2920.10009765625,2920.300048828125,28.0
2025-03-12 11:24:00+00:00,2919.89990234375,2920.199951171875,2919.800048828125,2920.199951171875,27.0
2025-03-12 11:25:00+00:00,2919.60009765625,2920.0,2919.300048828125,2920.0,65.0
2025-03-12 11:26:00+00:00,2919.300048828125,2919.60009765625,2918.89990234375,2919.60009765625,42.0
2025-03-12 11:27:00+00:00,2919.300048828125,2919.800048828125,2919.199951171875,2919.199951171875,47.0
2025-03-12 11:28:00+00:00,2919.199951171875,2919.699951171875,2919.199951171875,2919.39990234375,60.0
2025-03-12 11:29:00+00:00,2919.0,2919.300048828125,2918.800048828125,2919.199951171875,60.0
2025-03-12 11:30:00+00:00,2918.699951171875,2918.89990234375,2918.300048828125,2918.89990234375,139.0
2025-03-12 11:31:00+00:00,2920.199951171875,2920.39990234375,2918.60009765625,2918.60009765625,112.0
2025-03-12 11:32:00+00:00,2920.300048828125,2920.800048828125,2919.89990234375,2920.10009765625,100.0
2025-03-12 11:33:00+00:00,2920.5,2921.0,2920.0,2920.300048828125,129.0
2025-03-12 11:34:00+00:00,2920.60009765625,2920.60009765625,2920.199951171875,2920.60009765625,35.0
2025-03-12 11:35:00+00:00,2920.89990234375,2921.199951171875,2920.60009765625,2920.699951171875,37.0
2025-03-12 11:36:00+00:00,2921.699951171875,2921.699951171875,2920.89990234375,2921.0,53.0
2025-03-12 11:37:00+00:00,2920.699951171875,2921.800048828125,2920.5,2921.800048828125,64.0
2025-03-12 11:38:00+00:00,2920.39990234375,2921.0,2920.39990234375,2920.699951171875,68.0
2025-03-12 11:39:00+00:00,2920.39990234375,2920.699951171875,2920.300048828125,2920.39990234375,15.0
2025-03-12 11:40:00+00:00,2920.39990234375,2920.5,2920.199951171875,2920.5,35.0
2025-03-12 11:41:00+00:00,2920.60009765625,2920.699951171875,2919.800048828125,2920.199951171875,85.0
2025-03-12 11:42:00+00:00,2920.89990234375,2921.10009765625,2920.699951171875,2920.699951171875,53.0
2025-03-12 11:43:00+00:00,2921.10009765625,2921.199951171875,2920.60009765625,2921.0,37.0
2025-03-12 11:44:00+00:00,2921.0,2921.39990234375,2920.89990234375,2921.10009765625,30.0
2025-03-12 11:45:00+00:00,2920.39990234375,2920.60009765625,2920.10009765625,2920.5,105.0
2025-03-12 11:46:00+00:00,2920.60009765625,2921.10009765625,2920.199951171875,2920.39990234375,54.0
2025-03-12 11:47:00+00:00,2921.39990234375,2921.5,2920.0,2920.699951171875,57.0
2025-03-12 11:48:00+00:00,2921.60009765625,2921.800048828125,2921.199951171875,2921.199951171875,88.0
2025-03-12 11:49:00+00:00,2921.60009765625,2922.0,2921.5,2921.5,36.0
2025-03-12 11:50:00+00:00,2921.800048828125,2922.199951171875,2921.39990234375,2921.60009765625,63.0
2025-03-12 11:51:00+00:00,2922.0,2922.10009765625,2921.60009765625,2921.60009765625,145.0
2025-03-12 11:52:00+00:00,2921.39990234375,2921.89990234375,2921.10009765625,2921.89990234375,68.0
2025-03-12 11:53:00+00:00,2922.10009765625,2922.10009765625,2921.199951171875,2921.199951171875,88.0
2025-03-12 11:54:00+00:00,2921.89990234375,2922.199951171875,2921.89990234375,2922.0,22.0
2025-03-12 11:55:00+00:00,2921.699951171875,2921.89990234375,2921.0,2921.89990234375,124.0
2025-03-12 11:56:00+00:00,2921.39990234375,2921.5,2921.300048828125,2921.39990234375,15.0
2025-03-12 11:57:00+00:00,2921.10009765625,2921.5,2921.10009765625,2921.5,28.0
2025-03-12 11:58:00+00:00,2920.89990234375,2921.60009765625,2920.699951171875,2921.0,53.0
2025-03-12 11:59:00+00:00,2920.89990234375,2921.0,2920.60009765625,2920.800048828125,52.0
2025-03-12 12:00:00+00:00,2919.89990234375,2921.10009765625,2919.5,2920.800048828125,147.0
2025-03-12 12:01:00+00:00,2920.5,2920.699951171875,2919.699951171875,2919.89990234375,87.0
2025-03-12 12:02:00+00:00,2920.300048828125,2920.800048828125,2920.199951171875,2920.60009765625,46.0
2025-03-12 12:03:00+00:00,2920.0,2920.300048828125,2919.5,2920.199951171875,140.0
2025-03-12 12:04:00+00:00,2919.39990234375,2920.0,2919.39990234375,2920.0,41.0
2025-03-12 12:05:00+00:00,2919.199951171875,2919.5,2918.89990234375,2919.5,414.0
2025-03-12 12:06:00+00:00,2918.800048828125,2919.39990234375,2918.699951171875,2919.10009765625,76.0
2025-03-12 12:07:00+00:00,2918.39990234375,2918.89990234375,2918.39990234375,2918.699951171875,492.0
2025-03-12 12:08:00+00:00,2918.10009765625,2919.10009765625,2917.39990234375,2918.39990234375,631.0
2025-03-12 12:09:00+00:00,2918.10009765625,2918.699951171875,2917.699951171875,2918.10009765625,267.0
2025-03-12 12:10:00+00:00,2917.60009765625,2918.39990234375,2917.10009765625,2918.0,162.0
2025-03-12 12:11:00+00:00,2917.89990234375,2917.89990234375,2917.199951171875,2917.5,84.0
2025-03-12 12:12:00+00:00,2918.5,2918.5,2917.800048828125,2918.0,461.0
2025-03-12 12:13:00+00:00,2919.10009765625,2919.300048828125,2918.5,2918.5,118.0
2025-03-12 12:14:00+00:00,2919.0,2919.5,2918.800048828125,2919.39990234375,44.0
2025-03-12 12:15:00+00:00,2919.199951171875,2919.5,2919.0,2919.10009765625,46.0
2025-03-12 12:16:00+00:00,2918.800048828125,2919.300048828125,2918.39990234375,2919.199951171875,54.0
2025-03-12 12:17:00+00:00,2918.5,2918.89990234375,2918.39990234375,2918.800048828125,36.0
2025-03-12 12:18:00+00:00,2918.89990234375,2918.89990234375,2918.5,2918.5,39.0
2025-03-12 12:19:00+00:00,2918.199951171875,2919.199951171875,2918.199951171875,2918.800048828125,60.0
2025-03-12 12:20:00+00:00,2918.800048828125,2919.199951171875,2917.89990234375,2918.199951171875,165.0
2025-03-12 12:21:00+00:00,2919.199951171875,2919.199951171875,2918.699951171875,2918.699951171875,154.0
2025-03-12 12:22:00+00:00,2919.800048828125,2920.300048828125,2919.0,2919.300048828125,155.0
2025-03-12 12:23:00+00:00,2919.5,2920.39990234375,2919.300048828125,2919.800048828125,98.0
2025-03-12 12:24:00+00:00,2920.0,2920.0,2919.39990234375,2919.5,90.0
2025-03-12 12:25:00+00:00,2920.39990234375,2920.800048828125,2919.800048828125,2920.0,126.0
2025-03-12 12:26:00+00:00,2920.89990234375,2921.10009765625,2920.60009765625,2920.60009765625,94.0
2025-03-12 12:27:00+00:00,2920.0,2920.800048828125,2919.699951171875,2920.699951171875,78.0
2025-03-12 12:28:00+00:00,2918.89990234375,2920.300048828125,2918.89990234375,2920.0,89.0
2025-03-12 12:29:00+00:00,2919.5,2919.699951171875,2918.60009765625,2919.199951171875,189.0
2025-03-12 12:30:00+00:00,2925.10009765625,2927.39990234375,2919.300048828125,2920.10009765625,1686.0
2025-03-12 12:31:00+00:00,2923.800048828125,2925.89990234375,2923.800048828125,2925.0,641.0
2025-03-12 12:32:00+00:00,2928.199951171875,2929.5,2923.800048828125,2923.800048828125,901.0
2025-03-12 12:33:00+00:00,2924.300048828125,2928.199951171875,2923.60009765625,2928.10009765625,847.0
2025-03-12 12:34:00+00:00,2926.39990234375,2926.39990234375,2924.10009765625,2924.300048828125,332.0
2025-03-12 12:35:00+00:00,2925.800048828125,2926.89990234375,2924.5,2926.5,494.0
2025-03-12 12:36:00+00:00,2926.699951171875,2927.10009765625,2925.60009765625,2925.800048828125,420.0
2025-03-12 12:37:00+00:00,2923.800048828125,2926.89990234375,2923.699951171875,2926.5,687.0
2025-03-12 12:38:00+00:00,2922.300048828125,2923.60009765625,2922.10009765625,2923.60009765625,407.0
2025-03-12 12:39:00+00:00,2925.0,2925.89990234375,2921.60009765625,2922.300048828125,724.0
2025-03-12 12:40:00+00:00,2926.89990234375,2927.60009765625,2924.800048828125,2925.10009765625,705.0
2025-03-12 12:41:00+00:00,2925.699951171875,2927.10009765625,2923.39990234375,2926.800048828125,620.0
2025-03-12 12:42:00+00:00,2926.199951171875,2927.5,2925.89990234375,2925.89990234375,347.0
2025-03-12 12:43:00+00:00,2926.699951171875,2927.199951171875,2925.5,2926.39990234375,212.0
2025-03-12 12:44:00+00:00,2924.199951171875,2926.699951171875,2923.89990234375,2926.699951171875,429.0
2025-03-12 12:45:00+00:00,2923.800048828125,2925.0,2923.199951171875,2924.300048828125,276.0
2025-03-12 12:46:00+00:00,2924.39990234375,2924.5,2923.199951171875,2923.699951171875,152.0
2025-03-12 12:47:00+00:00,2924.800048828125,2925.199951171875,2924.199951171875,2924.5,216.0
2025-03-12 12:48:00+00:00,2923.39990234375,2924.699951171875,2922.699951171875,2924.699951171875,213.0
2025-03-12 12:49:00+00:00,2923.800048828125,2924.300048828125,2923.300048828125,2923.300048828125,77.0
2025-03-12 12:50:00+00:00,2924.0,2924.5,2923.800048828125,2923.89990234375,135.0
2025-03-12 12:51:00+00:00,2923.39990234375,2924.10009765625,2922.89990234375,2923.89990234375,99.0
2025-03-12 12:52:00+00:00,2924.10009765625,2924.300048828125,2923.39990234375,2923.89990234375,92.0
2025-03-12 12:53:00+00:00,2923.800048828125,2924.0,2923.10009765625,2923.89990234375,86.0
2025-03-12 12:54:00+00:00,2923.89990234375,2924.10009765625,2923.10009765625,2924.0,135.0
2025-03-12 12:55:00+00:00,2923.89990234375,2924.199951171875,2923.300048828125,2923.800048828125,74.0
2025-03-12 12:56:00+00:00,2924.60009765625,2925.800048828125,2922.699951171875,2923.89990234375,896.0
2025-03-12 12:57:00+00:00,2924.39990234375,2924.800048828125,2923.699951171875,2924.5,229.0
2025-03-12 12:58:00+00:00,2924.39990234375,2924.89990234375,2923.5,2924.300048828125,206.0
2025-03-12 12:59:00+00:00,2923.5,2924.300048828125,2922.300048828125,2924.199951171875,350.0
2025-03-12 13:00:00+00:00,2923.39990234375,2923.800048828125,2921.60009765625,2923.39990234375,792.0
2025-03-12 13:01:00+00:00,2923.60009765625,2923.89990234375,2922.5,2923.39990234375,225.0
2025-03-12 13:02:00+00:00,2924.199951171875,2924.199951171875,2923.199951171875,2923.60009765625,208.0
2025-03-12 13:03:00+00:00,2924.0,2925.39990234375,2924.0,2924.300048828125,586.0
2025-03-12 13:04:00+00:00,2923.300048828125,2924.199951171875,2920.800048828125,2924.199951171875,856.0
2025-03-12 13:05:00+00:00,2924.0,2924.699951171875,2923.5,2923.5,282.0
2025-03-12 13:06:00+00:00,2923.5,2923.89990234375,2923.0,2923.699951171875,94.0
2025-03-12 13:07:00+00:00,2923.60009765625,2924.199951171875,2923.0,2923.5,109.0
2025-03-12 13:08:00+00:00,2922.89990234375,2923.800048828125,2922.199951171875,2923.39990234375,534.0
2025-03-12 13:09:00+00:00,2922.60009765625,2924.5,2921.89990234375,2922.89990234375,419.0
2025-03-12 13:10:00+00:00,2922.10009765625,2922.800048828125,2921.0,2922.60009765625,287.0
2025-03-12 13:11:00+00:00,2922.0,2922.39990234375,2921.199951171875,2922.199951171875,234.0
2025-03-12 13:12:00+00:00,2923.10009765625,2923.5,2921.0,2921.800048828125,738.0
2025-03-12 13:13:00+00:00,2922.699951171875,2923.5,2922.39990234375,2923.199951171875,102.0
2025-03-12 13:14:00+00:00,2923.0,2923.0,2921.89990234375,2922.5,101.0
2025-03-12 13:15:00+00:00,2920.89990234375,2923.0,2920.300048828125,2923.0,325.0
2025-03-12 13:16:00+00:00,2919.89990234375,2921.0,2918.5,2921.0,520.0
2025-03-12 13:17:00+00:00,2918.39990234375,2921.199951171875,2918.300048828125,2919.89990234375,403.0
2025-03-12 13:18:00+00:00,2917.5,2918.89990234375,2915.0,2918.300048828125,2720.0
2025-03-12 13:19:00+00:00,2916.199951171875,2918.10009765625,2915.60009765625,2917.60009765625,487.0
2025-03-12 13:20:00+00:00,2916.199951171875,2916.800048828125,2915.10009765625,2916.300048828125,430.0
2025-03-12 13:21:00+00:00,2916.199951171875,2917.199951171875,2915.0,2916.10009765625,876.0
2025-03-12 13:22:00+00:00,2915.699951171875,2916.800048828125,2915.60009765625,2916.10009765625,524.0
2025-03-12 13:23:00+00:00,2916.199951171875,2916.39990234375,2915.60009765625,2915.89990234375,507.0
2025-03-12 13:24:00+00:00,2913.199951171875,2916.300048828125,2912.39990234375,2916.0,2654.0
2025-03-12 13:25:00+00:00,2913.89990234375,2914.199951171875,2911.0,2913.300048828125,1008.0
2025-03-12 13:26:00+00:00,2912.699951171875,2914.199951171875,2912.10009765625,2913.800048828125,396.0
2025-03-12 13:27:00+00:00,2914.199951171875,2914.39990234375,2911.800048828125,2912.60009765625,382.0
2025-03-12 13:28:00+00:00,2916.300048828125,2917.10009765625,2913.89990234375,2914.199951171875,678.0
2025-03-12 13:29:00+00:00,2916.800048828125,2916.800048828125,2915.699951171875,2916.199951171875,217.0
2025-03-12 13:30:00+00:00,2918.199951171875,2919.0,2916.699951171875,2916.800048828125,866.0
2025-03-12 13:31:00+00:00,2916.89990234375,2918.5,2916.199951171875,2918.300048828125,622.0
2025-03-12 13:32:00+00:00,2917.800048828125,2918.39990234375,2917.0,2917.0,397.0
2025-03-12 13:33:00+00:00,2916.699951171875,2917.699951171875,2916.39990234375,2917.699951171875,189.0
2025-03-12 13:34:00+00:00,2917.300048828125,2917.5,2916.39990234375,2916.60009765625,171.0
2025-03-12 13:35:00+00:00,2917.5,2918.10009765625,2916.89990234375,2917.199951171875,227.0
2025-03-12 13:36:00+00:00,2917.800048828125,2918.5,2917.300048828125,2917.699951171875,417.0
2025-03-12 13:37:00+00:00,2916.699951171875,2918.699951171875,2916.699951171875,2917.60009765625,518.0
2025-03-12 13:38:00+00:00,2916.10009765625,2917.60009765625,2915.89990234375,2916.699951171875,464.0
2025-03-12 13:39:00+00:00,2916.699951171875,2917.199951171875,2915.199951171875,2915.89990234375,371.0
2025-03-12 13:40:00+00:00,2916.60009765625,2917.60009765625,2915.60009765625,2916.60009765625,214.0
2025-03-12 13:41:00+00:00,2915.89990234375,2918.10009765625,2915.89990234375,2916.699951171875,354.0
2025-03-12 13:42:00+00:00,2916.89990234375,2917.5,2915.699951171875,2915.800048828125,321.0
2025-03-12 13:43:00+00:00,2918.199951171875,2918.300048828125,2916.60009765625,2917.0,720.0
2025-03-12 13:44:00+00:00,2917.699951171875,2918.60009765625,2917.60009765625,2918.0,292.0
2025-03-12 13:45:00+00:00,2918.0,2918.300048828125,2917.300048828125,2917.800048828125,170.0
2025-03-12 13:46:00+00:00,2918.89990234375,2919.800048828125,2917.300048828125,2918.199951171875,705.0
2025-03-12 13:47:00+00:00,2919.800048828125,2920.89990234375,2918.60009765625,2918.89990234375,279.0
2025-03-12 13:48:00+00:00,2920.800048828125,2921.0,2919.39990234375,2919.800048828125,303.0
2025-03-12 13:49:00+00:00,2920.699951171875,2921.39990234375,2920.300048828125,2920.89990234375,201.0
2025-03-12 13:50:00+00:00,2921.5,2922.60009765625,2920.39990234375,2920.800048828125,597.0
2025-03-12 13:51:00+00:00,2920.89990234375,2922.39990234375,2920.5,2921.5,1072.0
2025-03-12 13:52:00+00:00,2921.60009765625,2922.10009765625,2920.60009765625,2920.89990234375,401.0
2025-03-12 13:53:00+00:00,2921.699951171875,2922.10009765625,2921.39990234375,2921.699951171875,131.0
2025-03-12 13:54:00+00:00,2922.5,2922.800048828125,2920.699951171875,2921.699951171875,269.0
2025-03-12 13:55:00+00:00,2920.699951171875,2923.5,2920.5,2922.39990234375,387.0
2025-03-12 13:56:00+00:00,2920.699951171875,2921.300048828125,2920.0,2920.699951171875,286.0
2025-03-12 13:57:00+00:00,2920.800048828125,2921.10009765625,2919.699951171875,2920.5,184.0
2025-03-12 13:58:00+00:00,2920.699951171875,2921.199951171875,2920.699951171875,2920.800048828125,107.0
2025-03-12 13:59:00+00:00,2921.0,2921.39990234375,2920.60009765625,2920.800048828125,131.0
2025-03-12 14:00:00+00:00,2920.199951171875,2921.300048828125,2920.199951171875,2920.89990234375,102.0
2025-03-12 14:01:00+00:00,2921.10009765625,2921.89990234375,2920.300048828125,2920.300048828125,191.0
2025-03-12 14:02:00+00:00,2921.300048828125,2922.300048828125,2920.5,2921.10009765625,168.0
2025-03-12 14:03:00+00:00,2921.10009765625,2921.300048828125,2919.89990234375,2921.300048828125,248.0
2025-03-12 14:04:00+00:00,2922.60009765625,2922.89990234375,2920.89990234375,2920.89990234375,729.0
2025-03-12 14:05:00+00:00,2923.60009765625,2924.300048828125,2922.699951171875,2922.800048828125,516.0
2025-03-12 14:06:00+00:00,2922.89990234375,2923.89990234375,2922.60009765625,2923.699951171875,829.0
2025-03-12 14:07:00+00:00,2921.699951171875,2923.0,2921.39990234375,2922.89990234375,205.0
2025-03-12 14:08:00+00:00,2921.89990234375,2922.5,2921.10009765625,2921.39990234375,135.0
2025-03-12 14:09:00+00:00,2921.800048828125,2922.39990234375,2921.39990234375,2922.0,126.0
2025-03-12 14:10:00+00:00,2921.89990234375,2922.10009765625,2920.39990234375,2921.800048828125,162.0
2025-03-12 14:11:00+00:00,2922.800048828125,2923.5,2921.89990234375,2921.89990234375,150.0
2025-03-12 14:12:00+00:00,2923.5,2923.699951171875,2922.39990234375,2922.800048828125,137.0
2025-03-12 14:13:00+00:00,2923.5,2923.800048828125,2922.800048828125,2923.39990234375,654.0
2025-03-12 14:14:00+00:00,2922.300048828125,2923.60009765625,2922.0,2923.39990234375,128.0
2025-03-12 14:15:00+00:00,2922.300048828125,2922.89990234375,2921.89990234375,2922.39990234375,100.0
2025-03-12 14:16:00+00:00,2923.300048828125,2923.300048828125,2921.800048828125,2922.199951171875,204.0
2025-03-12 14:17:00+00:00,2923.0,2923.60009765625,2922.199951171875,2923.300048828125,137.0
2025-03-12 14:18:00+00:00,2923.10009765625,2923.5,2922.89990234375,2922.89990234375,58.0
2025-03-12 14:19:00+00:00,2922.699951171875,2923.60009765625,2922.699951171875,2923.300048828125,57.0
2025-03-12 14:20:00+00:00,2923.10009765625,2923.199951171875,2921.800048828125,2922.39990234375,241.0
2025-03-12 14:21:00+00:00,2923.89990234375,2924.10009765625,2922.800048828125,2923.199951171875,539.0
2025-03-12 14:22:00+00:00,2924.0,2924.5,2923.699951171875,2923.89990234375,537.0
2025-03-12 14:23:00+00:00,2922.699951171875,2924.0,2922.39990234375,2924.0,185.0
2025-03-12 14:24:00+00:00,2922.300048828125,2922.89990234375,2922.199951171875,2922.800048828125,82.0
2025-03-12 14:25:00+00:00,2922.800048828125,2923.0,2921.800048828125,2922.300048828125,65.0
2025-03-12 14:26:00+00:00,2922.5,2923.10009765625,2922.5,2923.0,72.0
2025-03-12 14:27:00+00:00,2922.60009765625,2923.199951171875,2921.800048828125,2922.800048828125,159.0
2025-03-12 14:28:00+00:00,2922.699951171875,2922.800048828125,2921.89990234375,2922.39990234375,62.0
2025-03-12 14:29:00+00:00,2922.300048828125,2923.0,2922.300048828125,2922.699951171875,67.0
2025-03-12 14:30:00+00:00,2923.60009765625,2923.60009765625,2922.5,2922.5,115.0
2025-03-12 14:31:00+00:00,2923.800048828125,2924.300048828125,2923.39990234375,2923.60009765625,181.0
2025-03-12 14:32:00+00:00,2924.39990234375,2924.39990234375,2923.699951171875,2923.800048828125,290.0
2025-03-12 14:33:00+00:00,2924.60009765625,2924.89990234375,2924.0,2924.300048828125,200.0
2025-03-12 14:34:00+00:00,2924.199951171875,2924.800048828125,2923.60009765625,2924.60009765625,272.0
2025-03-12 14:35:00+00:00,2925.800048828125,2926.300048828125,2923.60009765625,2924.199951171875,801.0
2025-03-12 14:36:00+00:00,2925.89990234375,2926.199951171875,2924.699951171875,2925.89990234375,398.0
2025-03-12 14:37:00+00:00,2925.60009765625,2926.10009765625,2924.800048828125,2925.699951171875,205.0
2025-03-12 14:38:00+00:00,2925.39990234375,2925.699951171875,2924.800048828125,2925.5,100.0
2025-03-12 14:39:00+00:00,2923.699951171875,2925.39990234375,2923.60009765625,2925.39990234375,138.0
2025-03-12 14:40:00+00:00,2923.5,2923.89990234375,2922.89990234375,2923.800048828125,119.0
2025-03-12 14:41:00+00:00,2925.0,2925.0,2923.39990234375,2923.699951171875,205.0
2025-03-12 14:42:00+00:00,2925.300048828125,2925.60009765625,2924.699951171875,2925.0,187.0
2025-03-12 14:43:00+00:00,2925.300048828125,2925.89990234375,2925.0,2925.199951171875,143.0
2025-03-12 14:44:00+00:00,2925.60009765625,2925.800048828125,2925.0,2925.300048828125,158.0
2025-03-12 14:45:00+00:00,2925.5,2926.0,2925.5,2925.800048828125,102.0
2025-03-12 14:46:00+00:00,2925.800048828125,2926.0,2925.39990234375,2925.60009765625,91.0
2025-03-12 14:47:00+00:00,2926.5,2926.699951171875,2925.800048828125,2925.89990234375,207.0
2025-03-12 14:48:00+00:00,2926.39990234375,2926.60009765625,2925.60009765625,2926.39990234375,156.0
2025-03-12 14:49:00+00:00,2925.199951171875,2926.39990234375,2924.60009765625,2926.39990234375,199.0
2025-03-12 14:50:00+00:00,2925.800048828125,2925.800048828125,2924.699951171875,2925.0,99.0
2025-03-12 14:51:00+00:00,2925.0,2925.800048828125,2924.800048828125,2925.60009765625,124.0
2025-03-12 14:52:00+00:00,2926.5,2926.60009765625,2924.60009765625,2925.0,109.0
2025-03-12 14:53:00+00:00,2927.10009765625,2927.300048828125,2926.39990234375,2926.5,201.0
2025-03-12 14:54:00+00:00,2927.5,2928.10009765625,2927.0,2927.199951171875,329.0
2025-03-12 14:55:00+00:00,2927.699951171875,2927.89990234375,2927.199951171875,2927.800048828125,126.0
2025-03-12 14:56:00+00:00,2926.60009765625,2927.89990234375,2926.199951171875,2927.800048828125,1371.0
2025-03-12 14:57:00+00:00,2927.89990234375,2928.0,2926.5,2926.60009765625,173.0
2025-03-12 14:58:00+00:00,2929.199951171875,2929.39990234375,2927.800048828125,2927.800048828125,516.0
2025-03-12 14:59:00+00:00,2929.0,2929.89990234375,2929.0,2929.199951171875,338.0
2025-03-12 15:00:00+00:00,2930.5,2931.0,2928.5,2929.0,740.0
2025-03-12 15:01:00+00:00,2930.300048828125,2932.0,2930.10009765625,2930.5,897.0
2025-03-12 15:02:00+00:00,2931.0,2932.199951171875,2930.10009765625,2930.199951171875,555.0
2025-03-12 15:03:00+00:00,2931.89990234375,2932.199951171875,2930.5,2930.89990234375,279.0
2025-03-12 15:04:00+00:00,2931.60009765625,2932.39990234375,2931.0,2932.0,286.0
2025-03-12 15:05:00+00:00,2931.39990234375,2931.800048828125,2930.699951171875,2931.60009765625,276.0
2025-03-12 15:06:00+00:00,2931.10009765625,2931.699951171875,2930.5,2931.60009765625,262.0
2025-03-12 15:07:00+00:00,2931.199951171875,2931.60009765625,2930.199951171875,2931.300048828125,353.0
2025-03-12 15:08:00+00:00,2931.5,2931.800048828125,2930.60009765625,2931.39990234375,226.0
2025-03-12 15:09:00+00:00,2931.60009765625,2932.39990234375,2930.699951171875,2931.5,151.0
2025-03-12 15:10:00+00:00,2932.699951171875,2932.89990234375,2931.800048828125,2931.800048828125,307.0
2025-03-12 15:11:00+00:00,2934.199951171875,2934.5,2932.199951171875,2932.699951171875,882.0
2025-03-12 15:12:00+00:00,2933.800048828125,2935.0,2933.60009765625,2934.199951171875,681.0
2025-03-12 15:13:00+00:00,2935.199951171875,2935.39990234375,2933.39990234375,2933.800048828125,547.0
2025-03-12 15:14:00+00:00,2935.39990234375,2935.39990234375,2934.60009765625,2935.300048828125,304.0
2025-03-12 15:15:00+00:00,2933.10009765625,2935.60009765625,2933.0,2935.300048828125,518.0
2025-03-12 15:16:00+00:00,2933.60009765625,2934.39990234375,2932.89990234375,2933.10009765625,178.0
2025-03-12 15:17:00+00:00,2932.199951171875,2933.699951171875,2932.10009765625,2933.60009765625,1380.0
2025-03-12 15:18:00+00:00,2931.800048828125,2932.60009765625,2931.10009765625,2932.199951171875,511.0
2025-03-12 15:19:00+00:00,2932.199951171875,2932.39990234375,2931.5,2931.89990234375,132.0
2025-03-12 15:20:00+00:00,2931.199951171875,2932.39990234375,2930.800048828125,2932.39990234375,153.0
2025-03-12 15:21:00+00:00,2930.89990234375,2931.300048828125,2929.89990234375,2931.199951171875,266.0
2025-03-12 15:22:00+00:00,2932.199951171875,2932.300048828125,2930.5,2930.89990234375,233.0
2025-03-12 15:23:00+00:00,2932.0,2932.5,2932.0,2932.199951171875,125.0
2025-03-12 15:24:00+00:00,2932.0,2932.5,2931.699951171875,2932.0,103.0
2025-03-12 15:25:00+00:00,2932.39990234375,2932.60009765625,2931.699951171875,2931.800048828125,147.0
2025-03-12 15:26:00+00:00,2932.10009765625,2932.60009765625,2932.0,2932.5,57.0
2025-03-12 15:27:00+00:00,2931.89990234375,2932.10009765625,2931.300048828125,2932.10009765625,130.0
2025-03-12 15:28:00+00:00,2932.0,2932.800048828125,2931.699951171875,2931.89990234375,128.0
2025-03-12 15:29:00+00:00,2930.699951171875,2931.800048828125,2930.39990234375,2931.800048828125,205.0
2025-03-12 15:30:00+00:00,2931.89990234375,2932.199951171875,2930.699951171875,2930.800048828125,225.0
2025-03-12 15:31:00+00:00,2931.89990234375,2932.199951171875,2931.5,2931.5,75.0
2025-03-12 15:32:00+00:00,2930.5,2932.0,2930.300048828125,2932.0,161.0
2025-03-12 15:33:00+00:00,2931.699951171875,2931.699951171875,2930.199951171875,2930.39990234375,116.0
2025-03-12 15:34:00+00:00,2932.89990234375,2933.60009765625,2931.800048828125,2931.800048828125,342.0
2025-03-12 15:35:00+00:00,2932.89990234375,2933.5,2932.60009765625,2932.800048828125,111.0
2025-03-12 15:36:00+00:00,2932.89990234375,2933.10009765625,2932.5,2932.800048828125,139.0
2025-03-12 15:37:00+00:00,2933.60009765625,2933.60009765625,2932.699951171875,2932.89990234375,81.0
2025-03-12 15:38:00+00:00,2932.89990234375,2934.0,2932.699951171875,2933.39990234375,220.0
2025-03-12 15:39:00+00:00,2933.699951171875,2934.0,2932.800048828125,2932.89990234375,137.0
2025-03-12 15:40:00+00:00,2933.699951171875,2934.39990234375,2933.60009765625,2933.800048828125,248.0
2025-03-12 15:41:00+00:00,2933.800048828125,2934.199951171875,2932.89990234375,2933.699951171875,155.0
2025-03-12 15:42:00+00:00,2933.800048828125,2934.39990234375,2933.60009765625,2933.800048828125,159.0
2025-03-12 15:43:00+00:00,2934.199951171875,2934.300048828125,2933.39990234375,2933.800048828125,170.0
2025-03-12 15:44:00+00:00,2933.89990234375,2934.300048828125,2933.699951171875,2934.10009765625,120.0
2025-03-12 15:45:00+00:00,2933.89990234375,2934.199951171875,2933.199951171875,2934.10009765625,142.0
2025-03-12 15:46:00+00:00,2934.300048828125,2934.5,2933.699951171875,2934.0,76.0
2025-03-12 15:47:00+00:00,2933.89990234375,2934.300048828125,2933.10009765625,2934.10009765625,115.0
2025-03-12 15:48:00+00:00,2934.39990234375,2934.39990234375,2933.5,2933.800048828125,146.0
2025-03-12 15:49:00+00:00,2934.60009765625,2934.800048828125,2933.89990234375,2934.300048828125,73.0
2025-03-12 15:50:00+00:00,2934.800048828125,2934.89990234375,2934.300048828125,2934.60009765625,87.0
2025-03-12 15:51:00+00:00,2935.10009765625,2935.89990234375,2934.89990234375,2934.89990234375,243.0
2025-03-12 15:52:00+00:00,2935.699951171875,2936.0,2934.89990234375,2935.0,110.0
2025-03-12 15:53:00+00:00,2935.89990234375,2935.89990234375,2935.39990234375,2935.800048828125,89.0
2025-03-12 15:54:00+00:00,2935.699951171875,2936.0,2935.199951171875,2935.800048828125,90.0
2025-03-12 15:55:00+00:00,2936.300048828125,2937.300048828125,2935.699951171875,2935.800048828125,522.0
2025-03-12 15:56:00+00:00,2935.60009765625,2936.800048828125,2935.39990234375,2936.300048828125,209.0
2025-03-12 15:57:00+00:00,2935.60009765625,2935.699951171875,2935.199951171875,2935.699951171875,147.0
2025-03-12 15:58:00+00:00,2935.199951171875,2935.89990234375,2935.0,2935.699951171875,106.0
2025-03-12 15:59:00+00:00,2935.699951171875,2935.699951171875,2934.699951171875,2935.10009765625,115.0
2025-03-12 16:00:00+00:00,2936.0,2936.199951171875,2935.10009765625,2935.800048828125,307.0
2025-03-12 16:01:00+00:00,2936.5,2936.5,2935.800048828125,2936.0,168.0
2025-03-12 16:02:00+00:00,2936.10009765625,2937.10009765625,2936.10009765625,2936.39990234375,390.0
2025-03-12 16:03:00+00:00,2935.39990234375,2936.300048828125,2935.300048828125,2936.199951171875,119.0
2025-03-12 16:04:00+00:00,2935.199951171875,2935.5,2935.0,2935.199951171875,67.0
2025-03-12 16:05:00+00:00,2935.199951171875,2935.699951171875,2934.800048828125,2935.10009765625,70.0
2025-03-12 16:06:00+00:00,2935.699951171875,2935.89990234375,2935.300048828125,2935.39990234375,39.0
2025-03-12 16:07:00+00:00,2936.39990234375,2936.5,2935.800048828125,2935.800048828125,134.0
2025-03-12 16:08:00+00:00,2939.699951171875,2940.0,2936.39990234375,2936.5,1146.0
2025-03-12 16:09:00+00:00,2943.199951171875,2944.699951171875,2939.89990234375,2939.89990234375,2067.0
2025-03-12 16:10:00+00:00,2941.800048828125,2944.5,2941.699951171875,2943.300048828125,982.0
2025-03-12 16:11:00+00:00,2941.800048828125,2943.300048828125,2941.0,2941.89990234375,611.0
2025-03-12 16:12:00+00:00,2942.300048828125,2942.60009765625,2941.5,2941.699951171875,931.0
2025-03-12 16:13:00+00:00,2943.199951171875,2943.199951171875,2941.39990234375,2942.300048828125,340.0
2025-03-12 16:14:00+00:00,2942.0,2943.5,2941.699951171875,2943.10009765625,356.0
2025-03-12 16:15:00+00:00,2940.800048828125,2942.5,2940.10009765625,2942.199951171875,510.0
2025-03-12 16:16:00+00:00,2941.300048828125,2941.699951171875,2940.39990234375,2940.89990234375,287.0
2025-03-12 16:17:00+00:00,2941.199951171875,2942.10009765625,2940.300048828125,2941.5,346.0
2025-03-12 16:18:00+00:00,2940.800048828125,2941.39990234375,2940.699951171875,2941.199951171875,157.0
2025-03-12 16:19:00+00:00,2941.699951171875,2941.89990234375,2940.89990234375,2940.89990234375,124.0
2025-03-12 16:20:00+00:00,2943.89990234375,2943.89990234375,2941.89990234375,2941.89990234375,336.0
2025-03-12 16:21:00+00:00,2942.89990234375,2943.89990234375,2942.10009765625,2943.89990234375,329.0
2025-03-12 16:22:00+00:00,2943.300048828125,2943.800048828125,2942.89990234375,2943.0,146.0
2025-03-12 16:23:00+00:00,2943.800048828125,2943.800048828125,2943.0,2943.5,127.0
2025-03-12 16:24:00+00:00,2944.199951171875,2944.300048828125,2943.300048828125,2943.699951171875,267.0
2025-03-12 16:25:00+00:00,2944.10009765625,2944.800048828125,2943.699951171875,2944.300048828125,556.0
2025-03-12 16:26:00+00:00,2944.300048828125,2944.39990234375,2943.5,2944.199951171875,340.0
2025-03-12 16:27:00+00:00,2945.699951171875,2945.699951171875,2944.39990234375,2944.39990234375,647.0
2025-03-12 16:28:00+00:00,2945.800048828125,2946.0,2945.300048828125,2945.60009765625,228.0
2025-03-12 16:29:00+00:00,2946.0,2946.300048828125,2945.39990234375,2945.89990234375,254.0
2025-03-12 16:30:00+00:00,2946.300048828125,2947.699951171875,2946.0,2946.0,496.0
2025-03-12 16:31:00+00:00,2943.60009765625,2946.39990234375,2942.60009765625,2946.39990234375,851.0
2025-03-12 16:32:00+00:00,2944.89990234375,2945.300048828125,2942.60009765625,2943.60009765625,638.0
2025-03-12 16:33:00+00:00,2944.5,2945.5,2944.199951171875,2945.0,166.0
2025-03-12 16:34:00+00:00,2944.800048828125,2945.300048828125,2944.199951171875,2944.60009765625,126.0
2025-03-12 16:35:00+00:00,2944.60009765625,2945.5,2944.300048828125,2944.800048828125,149.0
2025-03-12 16:36:00+00:00,2944.39990234375,2945.300048828125,2944.39990234375,2944.699951171875,111.0
2025-03-12 16:37:00+00:00,2943.199951171875,2944.5,2942.89990234375,2944.39990234375,210.0
2025-03-12 16:38:00+00:00,2943.199951171875,2943.800048828125,2942.5,2943.300048828125,214.0
2025-03-12 16:39:00+00:00,2943.5,2943.89990234375,2942.699951171875,2943.10009765625,132.0
2025-03-12 16:40:00+00:00,2942.800048828125,2943.300048828125,2942.39990234375,2943.300048828125,179.0
2025-03-12 16:41:00+00:00,2943.39990234375,2943.699951171875,2942.800048828125,2942.800048828125,116.0
2025-03-12 16:42:00+00:00,2943.300048828125,2943.800048828125,2943.10009765625,2943.5,101.0
2025-03-12 16:43:00+00:00,2942.699951171875,2943.39990234375,2942.5,2943.300048828125,186.0
2025-03-12 16:44:00+00:00,2943.0,2943.10009765625,2942.199951171875,2942.699951171875,299.0
2025-03-12 16:45:00+00:00,2942.699951171875,2943.39990234375,2942.10009765625,2943.199951171875,191.0
2025-03-12 16:46:00+00:00,2943.10009765625,2943.300048828125,2942.5,2942.699951171875,187.0
2025-03-12 16:47:00+00:00,2943.10009765625,2943.300048828125,2942.60009765625,2943.0,202.0
2025-03-12 16:48:00+00:00,2942.199951171875,2943.199951171875,2941.699951171875,2943.199951171875,219.0
2025-03-12 16:49:00+00:00,2942.199951171875,2942.60009765625,2941.699951171875,2942.39990234375,152.0
2025-03-12 16:50:00+00:00,2941.89990234375,2942.60009765625,2941.300048828125,2942.39990234375,214.0
2025-03-12 16:51:00+00:00,2942.0,2942.5,2941.60009765625,2942.199951171875,2288.0
2025-03-12 16:52:00+00:00,2941.60009765625,2942.300048828125,2941.60009765625,2941.89990234375,39.0
2025-03-12 16:53:00+00:00,2942.0,2942.39990234375,2941.89990234375,2941.89990234375,52.0
2025-03-12 16:54:00+00:00,2942.800048828125,2942.89990234375,2941.800048828125,2941.89990234375,117.0
2025-03-12 16:55:00+00:00,2943.199951171875,2943.800048828125,2942.800048828125,2942.89990234375,145.0
2025-03-12 16:56:00+00:00,2944.10009765625,2944.10009765625,2943.300048828125,2943.5,530.0
2025-03-12 16:57:00+00:00,2944.0,2944.10009765625,2943.800048828125,2944.0,79.0
2025-03-12 16:58:00+00:00,2944.10009765625,2944.300048828125,2943.60009765625,2943.800048828125,101.0
2025-03-12 16:59:00+00:00,2943.89990234375,2944.300048828125,2943.60009765625,2944.199951171875,88.0
2025-03-12 17:00:00+00:00,2944.60009765625,2944.800048828125,2943.699951171875,2943.800048828125,243.0
2025-03-12 17:01:00+00:00,2944.800048828125,2944.89990234375,2944.39990234375,2944.5,144.0
2025-03-12 17:02:00+00:00,2944.199951171875,2944.89990234375,2943.699951171875,2944.89990234375,710.0
2025-03-12 17:03:00+00:00,2944.0,2944.39990234375,2943.89990234375,2944.300048828125,70.0
2025-03-12 17:04:00+00:00,2944.60009765625,2945.199951171875,2944.0,2944.0,141.0
2025-03-12 17:05:00+00:00,2945.199951171875,2945.5,2944.39990234375,2944.60009765625,125.0
2025-03-12 17:06:00+00:00,2946.300048828125,2946.699951171875,2945.300048828125,2945.300048828125,333.0
2025-03-12 17:07:00+00:00,2945.10009765625,2946.39990234375,2944.89990234375,2946.300048828125,199.0
2025-03-12 17:08:00+00:00,2945.300048828125,2945.60009765625,2944.800048828125,2945.199951171875,292.0
2025-03-12 17:09:00+00:00,2944.89990234375,2946.0,2944.89990234375,2945.39990234375,163.0
2025-03-12 17:10:00+00:00,2945.5,2946.10009765625,2944.89990234375,2945.10009765625,141.0
2025-03-12 17:11:00+00:00,2945.39990234375,2945.800048828125,2945.300048828125,2945.60009765625,179.0
2025-03-12 17:12:00+00:00,2946.0,2946.199951171875,2945.10009765625,2945.5,103.0
2025-03-12 17:13:00+00:00,2946.800048828125,2946.89990234375,2946.0,2946.0,155.0
2025-03-12 17:14:00+00:00,2945.699951171875,2947.0,2945.60009765625,2946.89990234375,233.0
2025-03-12 17:15:00+00:00,2946.699951171875,2946.800048828125,2945.5,2945.699951171875,219.0
2025-03-12 17:16:00+00:00,2946.39990234375,2947.0,2946.39990234375,2946.800048828125,205.0
2025-03-12 17:17:00+00:00,2945.800048828125,2946.60009765625,2945.199951171875,2946.5,160.0
2025-03-12 17:18:00+00:00,2944.800048828125,2946.300048828125,2944.60009765625,2945.89990234375,226.0
2025-03-12 17:19:00+00:00,2944.60009765625,2945.0,2944.39990234375,2944.89990234375,218.0
2025-03-12 17:20:00+00:00,2945.89990234375,2945.89990234375,2944.39990234375,2944.699951171875,328.0
2025-03-12 17:21:00+00:00,2945.699951171875,2946.300048828125,2945.300048828125,2945.89990234375,207.0
2025-03-12 17:22:00+00:00,2946.10009765625,2946.5,2945.60009765625,2945.699951171875,275.0
2025-03-12 17:23:00+00:00,2945.699951171875,2946.699951171875,2945.699951171875,2946.199951171875,351.0
2025-03-12 17:24:00+00:00,2945.800048828125,2946.199951171875,2945.5,2945.800048828125,181.0
2025-03-12 17:25:00+00:00,2946.60009765625,2946.699951171875,2945.0,2945.89990234375,286.0
2025-03-12 17:26:00+00:00,2947.699951171875,2947.800048828125,2946.5,2946.699951171875,433.0
2025-03-12 17:27:00+00:00,2947.39990234375,2947.800048828125,2947.0,2947.60009765625,189.0
2025-03-12 17:28:00+00:00,2947.300048828125,2948.0,2946.10009765625,2947.300048828125,7903.0
2025-03-12 17:29:00+00:00,2945.89990234375,2947.699951171875,2945.89990234375,2947.300048828125,4402.0
2025-03-12 17:30:00+00:00,2946.5,2946.800048828125,2945.39990234375,2945.89990234375,579.0
2025-03-12 17:31:00+00:00,2947.5,2947.5,2946.39990234375,2946.60009765625,119.0
2025-03-12 17:32:00+00:00,2947.699951171875,2948.0,2946.89990234375,2947.5,284.0
2025-03-12 17:33:00+00:00,2947.89990234375,2948.10009765625,2947.5,2947.800048828125,632.0
2025-03-12 17:34:00+00:00,2947.60009765625,2947.800048828125,2947.300048828125,2947.800048828125,122.0
2025-03-12 17:35:00+00:00,2947.300048828125,2947.89990234375,2947.199951171875,2947.800048828125,3005.0
2025-03-12 17:36:00+00:00,2947.10009765625,2947.5,2946.800048828125,2947.300048828125,168.0
2025-03-12 17:37:00+00:00,2947.800048828125,2947.800048828125,2947.0,2947.39990234375,175.0
2025-03-12 17:38:00+00:00,2947.5,2948.10009765625,2947.5,2947.800048828125,64.0
2025-03-12 17:39:00+00:00,2947.60009765625,2948.199951171875,2947.60009765625,2947.60009765625,113.0
2025-03-12 17:40:00+00:00,2947.60009765625,2947.89990234375,2947.39990234375,2947.699951171875,63.0
2025-03-12 17:41:00+00:00,2947.300048828125,2947.89990234375,2946.800048828125,2947.89990234375,245.0
2025-03-12 17:42:00+00:00,2947.300048828125,2947.39990234375,2946.699951171875,2947.300048828125,167.0
2025-03-12 17:43:00+00:00,2947.39990234375,2948.0,2947.300048828125,2947.5,64.0
2025-03-12 17:44:00+00:00,2947.699951171875,2947.89990234375,2947.300048828125,2947.300048828125,74.0
2025-03-12 17:45:00+00:00,2948.300048828125,2948.39990234375,2947.5,2947.60009765625,382.0
2025-03-12 17:46:00+00:00,2948.699951171875,2948.800048828125,2948.199951171875,2948.39990234375,186.0
2025-03-12 17:47:00+00:00,2947.39990234375,2948.89990234375,2947.300048828125,2948.699951171875,176.0
2025-03-12 17:48:00+00:00,2947.89990234375,2948.10009765625,2947.39990234375,2947.60009765625,261.0
2025-03-12 17:49:00+00:00,2947.699951171875,2948.10009765625,2947.60009765625,2948.0,96.0
2025-03-12 17:50:00+00:00,2947.60009765625,2948.0,2947.39990234375,2947.699951171875,90.0
2025-03-12 17:51:00+00:00,2946.89990234375,2947.699951171875,2946.699951171875,2947.60009765625,124.0
2025-03-12 17:52:00+00:00,2947.10009765625,2947.39990234375,2946.699951171875,2946.699951171875,88.0
2025-03-12 17:53:00+00:00,2946.0,2947.300048828125,2945.800048828125,2947.10009765625,92.0
2025-03-12 17:54:00+00:00,2945.800048828125,2946.199951171875,2945.5,2946.0,92.0
2025-03-12 17:55:00+00:00,2945.699951171875,2945.800048828125,2945.300048828125,2945.699951171875,160.0
2025-03-12 17:56:00+00:00,2945.300048828125,2945.89990234375,2945.10009765625,2945.800048828125,122.0
2025-03-12 17:57:00+00:00,2944.800048828125,2945.300048828125,2944.800048828125,2945.300048828125,161.0
2025-03-12 17:58:00+00:00,2944.5,2945.0,2944.10009765625,2945.0,244.0
2025-03-12 17:59:00+00:00,2944.0,2945.0,2943.39990234375,2944.39990234375,517.0
2025-03-12 18:00:00+00:00,2943.39990234375,2944.0,2943.300048828125,2943.800048828125,1186.0
2025-03-12 18:01:00+00:00,2943.89990234375,2944.199951171875,2943.300048828125,2943.5,2380.0
2025-03-12 18:02:00+00:00,2944.0,2944.39990234375,2943.89990234375,2944.0,105.0
2025-03-12 18:03:00+00:00,2944.39990234375,2944.699951171875,2943.60009765625,2944.0,157.0
2025-03-12 18:04:00+00:00,2944.5,2944.89990234375,2944.300048828125,2944.300048828125,46.0
2025-03-12 18:05:00+00:00,2943.699951171875,2944.5,2943.699951171875,2944.39990234375,111.0
2025-03-12 18:06:00+00:00,2942.89990234375,2943.699951171875,2942.800048828125,2943.699951171875,125.0
2025-03-12 18:07:00+00:00,2942.89990234375,2943.0,2942.60009765625,2942.699951171875,97.0
2025-03-12 18:08:00+00:00,2943.800048828125,2944.0,2942.800048828125,2943.0,350.0
2025-03-12 18:09:00+00:00,2944.0,2944.39990234375,2943.89990234375,2943.89990234375,24.0
2025-03-12 18:10:00+00:00,2943.89990234375,2944.300048828125,2943.5,2944.199951171875,74.0
2025-03-12 18:11:00+00:00,2944.10009765625,2944.300048828125,2943.5,2943.89990234375,83.0
2025-03-12 18:12:00+00:00,2944.0,2944.199951171875,2943.10009765625,2944.10009765625,104.0
2025-03-12 18:13:00+00:00,2942.60009765625,2944.0,2942.5,2944.0,307.0
2025-03-12 18:14:00+00:00,2942.800048828125,2943.199951171875,2942.5,2942.60009765625,202.0
2025-03-12 18:15:00+00:00,2942.60009765625,2942.800048828125,2942.39990234375,2942.60009765625,74.0
2025-03-12 18:16:00+00:00,2942.39990234375,2942.699951171875,2942.300048828125,2942.699951171875,83.0
2025-03-12 18:17:00+00:00,2942.39990234375,2942.60009765625,2942.300048828125,2942.300048828125,79.0
2025-03-12 18:18:00+00:00,2942.10009765625,2942.60009765625,2942.10009765625,2942.5,68.0
2025-03-12 18:19:00+00:00,2942.199951171875,2942.300048828125,2941.60009765625,2942.199951171875,91.0
2025-03-12 18:20:00+00:00,2941.89990234375,2942.60009765625,2941.89990234375,2942.199951171875,50.0
2025-03-12 18:21:00+00:00,2941.699951171875,2942.10009765625,2941.39990234375,2942.10009765625,179.0
2025-03-12 18:22:00+00:00,2942.199951171875,2942.300048828125,2941.60009765625,2941.60009765625,66.0
2025-03-12 18:23:00+00:00,2942.0,2942.300048828125,2941.60009765625,2942.10009765625,144.0
2025-03-12 18:24:00+00:00,2943.10009765625,2943.10009765625,2941.699951171875,2941.800048828125,130.0
2025-03-12 18:25:00+00:00,2943.199951171875,2943.300048828125,2942.800048828125,2943.0,68.0
2025-03-12 18:26:00+00:00,2943.10009765625,2943.10009765625,2942.699951171875,2943.0,44.0
2025-03-12 18:27:00+00:00,2943.300048828125,2943.39990234375,2942.800048828125,2942.89990234375,38.0
2025-03-12 18:28:00+00:00,2943.0,2943.10009765625,2942.699951171875,2943.10009765625,45.0
2025-03-12 18:29:00+00:00,2943.199951171875,2943.39990234375,2942.800048828125,2942.89990234375,56.0
2025-03-12 18:30:00+00:00,2943.699951171875,2943.699951171875,2943.300048828125,2943.300048828125,53.0
2025-03-12 18:31:00+00:00,2943.39990234375,2943.89990234375,2943.39990234375,2943.699951171875,109.0
2025-03-12 18:32:00+00:00,2943.800048828125,2944.0,2943.39990234375,2943.39990234375,106.0
2025-03-12 18:33:00+00:00,2944.300048828125,2944.5,2943.5,2943.699951171875,234.0
2025-03-12 18:34:00+00:00,2943.699951171875,2944.5,2943.5,2944.5,92.0
2025-03-12 18:35:00+00:00,2944.60009765625,2944.699951171875,2943.699951171875,2943.800048828125,145.0
2025-03-12 18:36:00+00:00,2943.89990234375,2944.800048828125,2943.5,2944.699951171875,132.0
2025-03-12 18:37:00+00:00,2943.89990234375,2944.300048828125,2943.699951171875,2943.89990234375,45.0
2025-03-12 18:38:00+00:00,2943.300048828125,2943.60009765625,2943.0,2943.60009765625,67.0
2025-03-12 18:39:00+00:00,2942.300048828125,2943.10009765625,2942.199951171875,2943.0,74.0
2025-03-12 18:40:00+00:00,2942.699951171875,2942.89990234375,2942.10009765625,2942.199951171875,38.0
2025-03-12 18:41:00+00:00,2942.39990234375,2942.89990234375,2942.10009765625,2942.800048828125,53.0
2025-03-12 18:42:00+00:00,2942.39990234375,2942.699951171875,2942.10009765625,2942.300048828125,83.0
2025-03-12 18:43:00+00:00,2942.60009765625,2942.699951171875,2942.300048828125,2942.300048828125,42.0
2025-03-12 18:44:00+00:00,2943.0,2943.0,2942.39990234375,2942.60009765625,96.0
2025-03-12 18:45:00+00:00,2943.0,2943.199951171875,2942.39990234375,2942.800048828125,315.0
2025-03-12 18:46:00+00:00,2942.699951171875,2943.300048828125,2942.699951171875,2943.10009765625,42.0
2025-03-12 18:47:00+00:00,2943.39990234375,2943.5,2942.800048828125,2942.800048828125,90.0
2025-03-12 18:48:00+00:00,2943.300048828125,2943.60009765625,2943.300048828125,2943.5,36.0
2025-03-12 18:49:00+00:00,2943.10009765625,2943.5,2942.5,2943.300048828125,296.0
2025-03-12 18:50:00+00:00,2943.10009765625,2943.300048828125,2943.0,2943.10009765625,38.0
2025-03-12 18:51:00+00:00,2943.199951171875,2943.39990234375,2943.10009765625,2943.199951171875,27.0
2025-03-12 18:52:00+00:00,2943.300048828125,2943.60009765625,2943.10009765625,2943.10009765625,47.0
2025-03-12 18:53:00+00:00,2942.699951171875,2943.199951171875,2942.60009765625,2943.199951171875,47.0
2025-03-12 18:54:00+00:00,2943.699951171875,2943.699951171875,2942.800048828125,2942.800048828125,27.0
2025-03-12 18:55:00+00:00,2943.300048828125,2943.800048828125,2943.10009765625,2943.60009765625,54.0
2025-03-12 18:56:00+00:00,2943.5,2943.60009765625,2942.89990234375,2943.10009765625,84.0
2025-03-12 18:57:00+00:00,2943.199951171875,2943.5,2943.0,2943.5,137.0
2025-03-12 18:58:00+00:00,2943.300048828125,2943.800048828125,2943.199951171875,2943.300048828125,241.0
2025-03-12 18:59:00+00:00,2943.300048828125,2943.39990234375,2943.0,2943.199951171875,44.0
2025-03-12 19:00:00+00:00,2943.5,2943.60009765625,2943.300048828125,2943.300048828125,55.0
2025-03-12 19:01:00+00:00,2942.60009765625,2943.699951171875,2942.60009765625,2943.5,60.0
2025-03-12 19:02:00+00:00,2943.0,2943.300048828125,2942.800048828125,2942.800048828125,25.0
2025-03-12 19:03:00+00:00,2943.0,2943.10009765625,2943.0,2943.10009765625,16.0
2025-03-12 19:04:00+00:00,2942.800048828125,2943.10009765625,2942.800048828125,2943.0,14.0
2025-03-12 19:05:00+00:00,2942.800048828125,2942.800048828125,2942.10009765625,2942.699951171875,32.0
2025-03-12 19:06:00+00:00,2943.0,2943.300048828125,2942.800048828125,2942.800048828125,29.0
2025-03-12 19:07:00+00:00,2942.89990234375,2943.5,2942.800048828125,2943.0,103.0
2025-03-12 19:08:00+00:00,2943.300048828125,2943.300048828125,2942.60009765625,2942.89990234375,38.0
2025-03-12 19:09:00+00:00,2943.0,2943.199951171875,2942.699951171875,2943.199951171875,30.0
2025-03-12 19:10:00+00:00,2943.39990234375,2943.5,2943.10009765625,2943.10009765625,44.0
2025-03-12 19:11:00+00:00,2943.60009765625,2943.60009765625,2943.10009765625,2943.199951171875,19.0
2025-03-12 19:12:00+00:00,2943.0,2943.39990234375,2942.800048828125,2943.39990234375,44.0
2025-03-12 19:13:00+00:00,2942.5,2943.199951171875,2942.39990234375,2942.89990234375,62.0
2025-03-12 19:14:00+00:00,2942.699951171875,2942.89990234375,2942.5,2942.5,29.0
2025-03-12 19:15:00+00:00,2941.89990234375,2942.699951171875,2941.800048828125,2942.60009765625,44.0
2025-03-12 19:16:00+00:00,2942.0,2942.39990234375,2941.60009765625,2941.89990234375,97.0
2025-03-12 19:17:00+00:00,2942.5,2942.60009765625,2941.39990234375,2941.800048828125,173.0
2025-03-12 19:18:00+00:00,2943.10009765625,2943.39990234375,2942.300048828125,2942.39990234375,108.0
2025-03-12 19:19:00+00:00,2943.0,2943.300048828125,2942.699951171875,2943.199951171875,50.0
2025-03-12 19:20:00+00:00,2943.10009765625,2943.39990234375,2943.0,2943.0,55.0
2025-03-12 19:21:00+00:00,2943.39990234375,2943.60009765625,2942.300048828125,2943.10009765625,223.0
2025-03-12 19:22:00+00:00,2943.199951171875,2943.39990234375,2942.89990234375,2943.300048828125,100.0
2025-03-12 19:23:00+00:00,2942.0,2943.0,2942.0,2943.0,57.0
2025-03-12 19:24:00+00:00,2941.800048828125,2942.10009765625,2941.800048828125,2941.89990234375,64.0
2025-03-12 19:25:00+00:00,2940.89990234375,2942.10009765625,2940.89990234375,2941.800048828125,124.0
2025-03-12 19:26:00+00:00,2941.0,2941.300048828125,2940.60009765625,2940.89990234375,86.0
2025-03-12 19:27:00+00:00,2942.39990234375,2942.39990234375,2940.800048828125,2940.800048828125,144.0
2025-03-12 19:28:00+00:00,2943.10009765625,2943.5,2942.300048828125,2942.39990234375,112.0
2025-03-12 19:29:00+00:00,2943.0,2943.199951171875,2942.699951171875,2942.89990234375,39.0
2025-03-12 19:30:00+00:00,2943.199951171875,2943.39990234375,2942.800048828125,2943.0,83.0
2025-03-12 19:31:00+00:00,2942.5,2943.10009765625,2942.10009765625,2943.10009765625,118.0
2025-03-12 19:32:00+00:00,2942.39990234375,2942.60009765625,2942.10009765625,2942.39990234375,65.0
2025-03-12 19:33:00+00:00,2942.5,2942.60009765625,2942.300048828125,2942.5,449.0
2025-03-12 19:34:00+00:00,2942.199951171875,2942.60009765625,2941.60009765625,2942.5,89.0
2025-03-12 19:35:00+00:00,2942.199951171875,2942.39990234375,2941.89990234375,2942.300048828125,50.0
2025-03-12 19:36:00+00:00,2942.300048828125,2942.5,2941.800048828125,2942.10009765625,88.0
2025-03-12 19:37:00+00:00,2941.39990234375,2942.39990234375,2941.39990234375,2942.39990234375,89.0
2025-03-12 19:38:00+00:00,2941.89990234375,2942.0,2941.5,2941.60009765625,66.0
2025-03-12 19:39:00+00:00,2941.39990234375,2942.0,2941.10009765625,2942.0,89.0
2025-03-12 19:40:00+00:00,2941.800048828125,2941.89990234375,2941.39990234375,2941.5,25.0
2025-03-12 19:41:00+00:00,2941.800048828125,2942.0,2941.699951171875,2941.800048828125,52.0
2025-03-12 19:42:00+00:00,2941.5,2942.0,2941.300048828125,2941.89990234375,57.0
2025-03-12 19:43:00+00:00,2941.60009765625,2942.0,2941.5,2941.5,41.0
2025-03-12 19:44:00+00:00,2941.5,2941.89990234375,2941.300048828125,2941.699951171875,33.0
2025-03-12 19:45:00+00:00,2941.300048828125,2941.60009765625,2941.300048828125,2941.60009765625,13.0
2025-03-12 19:46:00+00:00,2941.5,2941.60009765625,2941.199951171875,2941.300048828125,34.0
2025-03-12 19:47:00+00:00,2941.89990234375,2942.0,2941.5,2941.5,223.0
2025-03-12 19:48:00+00:00,2942.0,2942.0,2941.60009765625,2941.800048828125,130.0
2025-03-12 19:49:00+00:00,2941.39990234375,2942.0,2941.39990234375,2942.0,43.0
2025-03-12 19:50:00+00:00,2941.300048828125,2941.39990234375,2940.5,2941.199951171875,190.0
2025-03-12 19:51:00+00:00,2941.800048828125,2941.89990234375,2940.800048828125,2941.10009765625,149.0
2025-03-12 19:52:00+00:00,2941.60009765625,2942.0,2941.5,2941.699951171875,79.0
2025-03-12 19:53:00+00:00,2941.300048828125,2941.699951171875,2941.199951171875,2941.699951171875,71.0
2025-03-12 19:54:00+00:00,2941.10009765625,2941.5,2941.0,2941.5,68.0
2025-03-12 19:55:00+00:00,2940.699951171875,2941.10009765625,2940.5,2941.10009765625,98.0
2025-03-12 19:56:00+00:00,2940.699951171875,2941.199951171875,2940.60009765625,2940.800048828125,62.0
2025-03-12 19:57:00+00:00,2940.199951171875,2940.89990234375,2939.300048828125,2940.89990234375,331.0
2025-03-12 19:58:00+00:00,2939.800048828125,2940.699951171875,2939.60009765625,2940.39990234375,305.0
2025-03-12 19:59:00+00:00,2939.89990234375,2940.699951171875,2939.60009765625,2939.800048828125,532.0
2025-03-12 20:00:00+00:00,2940.60009765625,2940.800048828125,2939.89990234375,2940.0,67.0
2025-03-12 20:01:00+00:00,2940.699951171875,2940.800048828125,2939.89990234375,2940.699951171875,70.0
2025-03-12 20:02:00+00:00,2940.199951171875,2940.800048828125,2940.10009765625,2940.699951171875,93.0
2025-03-12 20:03:00+00:00,2940.800048828125,2940.800048828125,2940.0,2940.199951171875,76.0
2025-03-12 20:04:00+00:00,2940.800048828125,2941.0,2940.699951171875,2940.800048828125,41.0
2025-03-12 20:05:00+00:00,2941.199951171875,2941.199951171875,2940.800048828125,2940.89990234375,35.0
2025-03-12 20:06:00+00:00,2941.699951171875,2941.699951171875,2941.0,2941.199951171875,51.0
2025-03-12 20:07:00+00:00,2941.60009765625,2941.89990234375,2941.300048828125,2941.800048828125,60.0
2025-03-12 20:08:00+00:00,2941.5,2941.800048828125,2941.5,2941.60009765625,9.0
2025-03-12 20:09:00+00:00,2941.60009765625,2941.699951171875,2941.39990234375,2941.39990234375,21.0
2025-03-12 20:10:00+00:00,2941.699951171875,2941.699951171875,2941.39990234375,2941.5,10.0
2025-03-12 20:11:00+00:00,2941.60009765625,2941.800048828125,2941.5,2941.699951171875,19.0
2025-03-12 20:12:00+00:00,2941.10009765625,2941.5,2941.0,2941.39990234375,20.0
2025-03-12 20:13:00+00:00,2940.699951171875,2941.10009765625,2940.60009765625,2940.89990234375,19.0
2025-03-12 20:14:00+00:00,2940.60009765625,2940.699951171875,2940.5,2940.60009765625,10.0
2025-03-12 20:15:00+00:00,2940.60009765625,2940.800048828125,2940.60009765625,2940.60009765625,7.0
2025-03-12 20:16:00+00:00,2940.39990234375,2940.699951171875,2940.39990234375,2940.5,13.0
2025-03-12 20:17:00+00:00,2940.39990234375,2940.800048828125,2940.39990234375,2940.5,20.0
2025-03-12 20:18:00+00:00,2940.800048828125,2940.800048828125,2940.300048828125,2940.39990234375,13.0
2025-03-12 20:19:00+00:00,2940.800048828125,2941.0,2940.60009765625,2940.89990234375,44.0
2025-03-12 20:20:00+00:00,2940.199951171875,2940.89990234375,2939.300048828125,2940.800048828125,174.0
2025-03-12 20:21:00+00:00,2940.10009765625,2940.5,2940.0,2940.199951171875,46.0
2025-03-12 20:22:00+00:00,2940.60009765625,2940.60009765625,2940.199951171875,2940.199951171875,41.0
2025-03-12 20:23:00+00:00,2940.39990234375,2940.800048828125,2940.39990234375,2940.5,74.0
2025-03-12 20:24:00+00:00,2940.800048828125,2940.89990234375,2940.5,2940.699951171875,37.0
2025-03-12 20:25:00+00:00,2940.89990234375,2940.89990234375,2940.800048828125,2940.800048828125,4.0
2025-03-12 20:26:00+00:00,2941.0,2941.10009765625,2939.699951171875,2940.800048828125,253.0
2025-03-12 20:27:00+00:00,2941.199951171875,2941.300048828125,2941.0,2941.10009765625,15.0
2025-03-12 20:28:00+00:00,2940.699951171875,2941.199951171875,2940.60009765625,2941.10009765625,75.0
2025-03-12 20:29:00+00:00,2940.699951171875,2940.89990234375,2940.699951171875,2940.89990234375,4.0
2025-03-12 20:30:00+00:00,2941.199951171875,2941.199951171875,2940.699951171875,2940.699951171875,10.0
2025-03-12 20:31:00+00:00,2941.89990234375,2942.0,2941.300048828125,2941.39990234375,58.0
2025-03-12 20:32:00+00:00,2941.89990234375,2941.89990234375,2941.60009765625,2941.800048828125,19.0
2025-03-12 20:33:00+00:00,2941.699951171875,2941.89990234375,2941.60009765625,2941.800048828125,33.0
2025-03-12 20:34:00+00:00,2941.60009765625,2941.699951171875,2941.60009765625,2941.699951171875,4.0
2025-03-12 20:35:00+00:00,2941.39990234375,2941.5,2941.39990234375,2941.5,6.0
2025-03-12 20:36:00+00:00,2941.5,2941.5,2941.199951171875,2941.39990234375,9.0
2025-03-12 20:37:00+00:00,2942.699951171875,2942.699951171875,2941.5,2941.5,131.0
2025-03-12 20:38:00+00:00,2942.60009765625,2943.199951171875,2942.60009765625,2942.699951171875,113.0
2025-03-12 20:39:00+00:00,2942.60009765625,2942.800048828125,2942.60009765625,2942.60009765625,10.0
2025-03-12 20:40:00+00:00,2942.699951171875,2942.800048828125,2942.300048828125,2942.39990234375,30.0
2025-03-12 20:41:00+00:00,2943.199951171875,2943.199951171875,2942.699951171875,2942.699951171875,38.0
2025-03-12 20:42:00+00:00,2942.800048828125,2943.0,2942.5,2943.0,53.0
2025-03-12 20:43:00+00:00,2942.800048828125,2943.0,2942.60009765625,2942.89990234375,25.0
2025-03-12 20:44:00+00:00,2942.5,2942.699951171875,2942.5,2942.699951171875,11.0
2025-03-12 20:45:00+00:00,2942.800048828125,2942.800048828125,2942.39990234375,2942.60009765625,34.0
2025-03-12 20:46:00+00:00,2943.10009765625,2943.199951171875,2942.800048828125,2942.89990234375,27.0
2025-03-12 20:47:00+00:00,2942.60009765625,2943.199951171875,2942.60009765625,2943.10009765625,44.0
2025-03-12 20:48:00+00:00,2942.199951171875,2942.800048828125,2942.10009765625,2942.5,53.0
2025-03-12 20:49:00+00:00,2942.0,2942.300048828125,2942.0,2942.199951171875,10.0
2025-03-12 20:50:00+00:00,2941.800048828125,2942.199951171875,2941.5,2942.10009765625,36.0
2025-03-12 20:51:00+00:00,2941.89990234375,2941.89990234375,2941.5,2941.60009765625,19.0
2025-03-12 20:52:00+00:00,2941.699951171875,2941.699951171875,2941.300048828125,2941.60009765625,34.0
2025-03-12 20:53:00+00:00,2941.699951171875,2941.800048828125,2941.5,2941.800048828125,29.0
2025-03-12 20:54:00+00:00,2942.5,2942.5,2941.699951171875,2941.699951171875,53.0
2025-03-12 20:55:00+00:00,2942.5,2942.699951171875,2942.300048828125,2942.60009765625,40.0
2025-03-12 20:56:00+00:00,2942.89990234375,2943.199951171875,2942.39990234375,2942.60009765625,50.0
2025-03-12 20:57:00+00:00,2942.699951171875,2943.199951171875,2942.699951171875,2942.800048828125,39.0
2025-03-12 20:58:00+00:00,2942.89990234375,2942.89990234375,2942.800048828125,2942.800048828125,38.0
2025-03-12 20:59:00+00:00,2943.39990234375,2943.699951171875,2943.0,2943.0,97.0
2025-03-12 22:00:00+00:00,2943.10009765625,2943.699951171875,2942.89990234375,2943.300048828125,0.0
2025-03-12 22:01:00+00:00,2943.300048828125,2943.300048828125,2942.89990234375,2943.300048828125,37.0
2025-03-12 22:02:00+00:00,2943.60009765625,2944.0,2943.39990234375,2943.39990234375,92.0
2025-03-12 22:03:00+00:00,2944.0,2944.39990234375,2943.699951171875,2943.800048828125,45.0
2025-03-12 22:04:00+00:00,2944.10009765625,2944.199951171875,2943.89990234375,2943.89990234375,12.0
2025-03-12 22:05:00+00:00,2944.10009765625,2944.10009765625,2943.89990234375,2944.0,8.0
2025-03-12 22:06:00+00:00,2944.0,2944.199951171875,2943.800048828125,2944.0,34.0
2025-03-12 22:07:00+00:00,2944.0,2944.300048828125,2943.699951171875,2944.0,45.0
2025-03-12 22:08:00+00:00,2944.0,2944.10009765625,2944.0,2944.0,15.0
2025-03-12 22:09:00+00:00,2944.10009765625,2944.10009765625,2944.10009765625,2944.10009765625,5.0
2025-03-12 22:10:00+00:00,2944.39990234375,2944.39990234375,2944.0,2944.0,11.0
2025-03-12 22:11:00+00:00,2944.39990234375,2944.800048828125,2944.300048828125,2944.5,49.0
2025-03-12 22:12:00+00:00,2944.300048828125,2944.300048828125,2944.300048828125,2944.300048828125,3.0
2025-03-12 22:13:00+00:00,2943.800048828125,2944.39990234375,2943.800048828125,2944.300048828125,40.0
2025-03-12 22:14:00+00:00,2944.10009765625,2944.10009765625,2943.699951171875,2943.800048828125,21.0
2025-03-12 22:15:00+00:00,2944.199951171875,2944.199951171875,2944.0,2944.0,9.0
2025-03-12 22:16:00+00:00,2944.300048828125,2944.5,2944.300048828125,2944.39990234375,5.0
2025-03-12 22:17:00+00:00,2944.10009765625,2944.199951171875,2943.89990234375,2944.199951171875,12.0
2025-03-12 22:18:00+00:00,2944.0,2944.300048828125,2944.0,2944.10009765625,13.0
2025-03-12 22:19:00+00:00,2943.89990234375,2944.300048828125,2943.89990234375,2944.0,19.0
2025-03-12 22:20:00+00:00,2943.89990234375,2944.199951171875,2943.800048828125,2943.800048828125,33.0
2025-03-12 22:21:00+00:00,2943.300048828125,2944.0,2943.300048828125,2943.89990234375,57.0
2025-03-12 22:22:00+00:00,2943.699951171875,2943.800048828125,2943.10009765625,2943.39990234375,40.0
2025-03-12 22:23:00+00:00,2943.5,2943.699951171875,2943.5,2943.699951171875,7.0
2025-03-12 22:24:00+00:00,2943.5,2943.699951171875,2943.39990234375,2943.60009765625,12.0
2025-03-12 22:25:00+00:00,2943.699951171875,2943.699951171875,2943.5,2943.5,14.0
2025-03-12 22:26:00+00:00,2944.0,2944.10009765625,2943.800048828125,2943.800048828125,14.0
2025-03-12 22:27:00+00:00,2943.89990234375,2944.10009765625,2943.5,2944.10009765625,21.0
2025-03-12 22:28:00+00:00,2944.199951171875,2944.199951171875,2943.89990234375,2944.0,46.0
2025-03-12 22:29:00+00:00,2943.60009765625,2944.300048828125,2943.60009765625,2944.300048828125,53.0
2025-03-12 22:30:00+00:00,2944.10009765625,2944.199951171875,2943.5,2943.699951171875,23.0
2025-03-12 22:31:00+00:00,2944.0,2944.10009765625,2943.89990234375,2944.0,21.0
2025-03-12 22:32:00+00:00,2944.300048828125,2944.39990234375,2943.800048828125,2944.0,27.0
2025-03-12 22:33:00+00:00,2943.89990234375,2944.5,2943.89990234375,2944.39990234375,24.0
2025-03-12 22:34:00+00:00,2943.89990234375,2944.300048828125,2943.89990234375,2944.300048828125,5.0
2025-03-12 22:35:00+00:00,2944.0,2944.0,2943.800048828125,2943.89990234375,15.0
2025-03-12 22:36:00+00:00,2943.800048828125,2944.0,2943.699951171875,2944.0,13.0
2025-03-12 22:37:00+00:00,2943.60009765625,2943.89990234375,2943.5,2943.89990234375,41.0
2025-03-12 22:38:00+00:00,2943.300048828125,2943.60009765625,2943.199951171875,2943.5,23.0
2025-03-12 22:39:00+00:00,2943.199951171875,2943.300048828125,2943.10009765625,2943.300048828125,26.0
2025-03-12 22:40:00+00:00,2943.199951171875,2943.300048828125,2943.0,2943.199951171875,29.0
2025-03-12 22:41:00+00:00,2943.10009765625,2943.300048828125,2942.89990234375,2943.300048828125,43.0
2025-03-12 22:42:00+00:00,2942.89990234375,2943.10009765625,2942.60009765625,2943.0,88.0
2025-03-12 22:43:00+00:00,2942.5,2942.89990234375,2942.5,2942.800048828125,31.0
2025-03-12 22:44:00+00:00,2942.699951171875,2942.89990234375,2942.5,2942.60009765625,37.0
2025-03-12 22:45:00+00:00,2943.0,2943.10009765625,2942.699951171875,2942.699951171875,54.0
2025-03-12 22:46:00+00:00,2943.5,2943.5,2943.0,2943.0,104.0
2025-03-12 22:47:00+00:00,2943.0,2943.60009765625,2943.0,2943.39990234375,46.0
2025-03-12 22:48:00+00:00,2943.199951171875,2943.39990234375,2942.89990234375,2942.89990234375,50.0
2025-03-12 22:49:00+00:00,2943.89990234375,2944.0,2943.199951171875,2943.199951171875,76.0
2025-03-12 22:50:00+00:00,2943.39990234375,2943.699951171875,2943.10009765625,2943.699951171875,71.0
2025-03-12 22:51:00+00:00,2943.39990234375,2943.800048828125,2943.39990234375,2943.5,32.0
2025-03-12 22:52:00+00:00,2944.60009765625,2944.800048828125,2943.5,2943.5,184.0
2025-03-12 22:53:00+00:00,2945.199951171875,2945.300048828125,2944.5,2944.5,99.0
2025-03-12 22:54:00+00:00,2945.0,2945.300048828125,2944.699951171875,2945.199951171875,31.0
2025-03-12 22:55:00+00:00,2945.5,2945.699951171875,2945.10009765625,2945.10009765625,46.0
2025-03-12 22:56:00+00:00,2945.5,2945.89990234375,2945.300048828125,2945.60009765625,57.0
2025-03-12 22:57:00+00:00,2944.60009765625,2945.699951171875,2944.5,2945.60009765625,58.0
2025-03-12 22:58:00+00:00,2944.89990234375,2945.0,2944.699951171875,2944.699951171875,11.0
2025-03-12 22:59:00+00:00,2945.0,2945.0,2944.800048828125,2944.800048828125,15.0
2025-03-12 23:00:00+00:00,2945.300048828125,2945.300048828125,2944.800048828125,2944.89990234375,75.0
2025-03-12 23:01:00+00:00,2945.60009765625,2945.800048828125,2945.0,2945.300048828125,66.0
2025-03-12 23:02:00+00:00,2945.89990234375,2945.89990234375,2945.39990234375,2945.60009765625,31.0
2025-03-12 23:03:00+00:00,2946.300048828125,2946.5,2945.89990234375,2945.89990234375,93.0
2025-03-12 23:04:00+00:00,2945.60009765625,2946.300048828125,2945.39990234375,2946.300048828125,92.0
2025-03-12 23:05:00+00:00,2945.699951171875,2945.800048828125,2945.5,2945.60009765625,20.0
2025-03-12 23:06:00+00:00,2945.89990234375,2946.199951171875,2945.699951171875,2945.800048828125,36.0
2025-03-12 23:07:00+00:00,2945.89990234375,2946.199951171875,2945.60009765625,2946.10009765625,32.0
2025-03-12 23:08:00+00:00,2946.10009765625,2946.10009765625,2945.89990234375,2946.0,15.0
2025-03-12 23:09:00+00:00,2944.800048828125,2946.0,2944.60009765625,2945.89990234375,81.0
2025-03-12 23:10:00+00:00,2944.5,2944.89990234375,2944.300048828125,2944.89990234375,54.0
2025-03-12 23:11:00+00:00,2944.60009765625,2944.800048828125,2944.39990234375,2944.39990234375,12.0
2025-03-12 23:12:00+00:00,2945.10009765625,2945.199951171875,2944.39990234375,2944.699951171875,50.0
2025-03-12 23:13:00+00:00,2944.60009765625,2945.10009765625,2944.5,2945.0,60.0
2025-03-12 23:14:00+00:00,2944.5,2944.800048828125,2944.39990234375,2944.699951171875,42.0
2025-03-12 23:15:00+00:00,2944.300048828125,2944.5,2943.800048828125,2944.5,61.0
2025-03-12 23:16:00+00:00,2944.10009765625,2944.5,2943.39990234375,2944.300048828125,123.0
2025-03-12 23:17:00+00:00,2943.39990234375,2944.0,2943.199951171875,2944.0,71.0
2025-03-12 23:18:00+00:00,2942.60009765625,2943.699951171875,2942.60009765625,2943.39990234375,75.0
2025-03-12 23:19:00+00:00,2943.5,2943.699951171875,2942.5,2942.60009765625,42.0
2025-03-12 23:20:00+00:00,2943.300048828125,2943.300048828125,2942.89990234375,2943.199951171875,35.0
2025-03-12 23:21:00+00:00,2943.10009765625,2943.199951171875,2943.0,2943.199951171875,16.0
2025-03-12 23:22:00+00:00,2943.0,2943.5,2943.0,2943.10009765625,23.0
2025-03-12 23:23:00+00:00,2942.800048828125,2943.10009765625,2942.699951171875,2943.0,21.0
2025-03-12 23:24:00+00:00,2942.60009765625,2942.800048828125,2942.60009765625,2942.699951171875,27.0
2025-03-12 23:25:00+00:00,2942.89990234375,2942.89990234375,2942.5,2942.60009765625,29.0
2025-03-12 23:26:00+00:00,2942.800048828125,2943.300048828125,2942.800048828125,2942.89990234375,45.0
2025-03-12 23:27:00+00:00,2942.800048828125,2942.800048828125,2942.39990234375,2942.699951171875,52.0
2025-03-12 23:28:00+00:00,2942.800048828125,2943.10009765625,2942.800048828125,2942.89990234375,15.0
2025-03-12 23:29:00+00:00,2942.89990234375,2942.89990234375,2942.60009765625,2942.89990234375,32.0
2025-03-12 23:30:00+00:00,2943.0,2943.199951171875,2942.60009765625,2942.89990234375,26.0
2025-03-12 23:31:00+00:00,2943.300048828125,2943.39990234375,2943.10009765625,2943.199951171875,15.0
2025-03-12 23:32:00+00:00,2943.60009765625,2943.89990234375,2943.0,2943.10009765625,27.0
2025-03-12 23:33:00+00:00,2943.800048828125,2943.89990234375,2943.5,2943.699951171875,62.0
2025-03-12 23:34:00+00:00,2943.699951171875,2943.89990234375,2943.5,2943.699951171875,95.0
2025-03-12 23:35:00+00:00,2943.800048828125,2944.0,2943.60009765625,2943.800048828125,42.0
2025-03-12 23:36:00+00:00,2944.699951171875,2944.800048828125,2943.89990234375,2943.89990234375,96.0
2025-03-12 23:37:00+00:00,2944.699951171875,2944.800048828125,2944.5,2944.60009765625,36.0
2025-03-12 23:38:00+00:00,2945.0,2945.10009765625,2944.39990234375,2944.60009765625,78.0
2025-03-12 23:39:00+00:00,2945.5,2945.5,2944.699951171875,2945.10009765625,59.0
2025-03-12 23:40:00+00:00,2945.5,2945.800048828125,2945.300048828125,2945.39990234375,56.0
2025-03-12 23:41:00+00:00,2945.300048828125,2945.699951171875,2945.0,2945.300048828125,42.0
2025-03-12 23:42:00+00:00,2945.39990234375,2945.39990234375,2945.10009765625,2945.199951171875,35.0
2025-03-12 23:43:00+00:00,2945.0,2945.39990234375,2945.0,2945.39990234375,17.0
2025-03-12 23:44:00+00:00,2945.199951171875,2945.5,2945.199951171875,2945.199951171875,23.0
2025-03-12 23:45:00+00:00,2944.800048828125,2945.10009765625,2944.800048828125,2945.10009765625,21.0
2025-03-12 23:46:00+00:00,2944.39990234375,2945.0,2944.39990234375,2944.800048828125,17.0
2025-03-12 23:47:00+00:00,2944.5,2944.5,2944.300048828125,2944.300048828125,3.0
2025-03-12 23:48:00+00:00,2944.800048828125,2944.800048828125,2944.300048828125,2944.300048828125,11.0
2025-03-12 23:49:00+00:00,2944.699951171875,2944.699951171875,2944.5,2944.5,2.0
2025-03-12 23:50:00+00:00,2945.10009765625,2945.300048828125,2944.800048828125,2944.800048828125,33.0
2025-03-12 23:51:00+00:00,2944.699951171875,2945.0,2944.60009765625,2945.0,59.0
2025-03-12 23:52:00+00:00,2945.10009765625,2945.10009765625,2944.800048828125,2944.800048828125,7.0
2025-03-12 23:53:00+00:00,2944.800048828125,2945.10009765625,2944.800048828125,2945.0,11.0
2025-03-12 23:54:00+00:00,2945.199951171875,2945.199951171875,2944.89990234375,2944.89990234375,16.0
2025-03-12 23:55:00+00:00,2944.800048828125,2945.0,2944.800048828125,2945.0,12.0
2025-03-12 23:56:00+00:00,2944.89990234375,2944.89990234375,2944.60009765625,2944.699951171875,9.0
2025-03-12 23:57:00+00:00,2944.699951171875,2944.800048828125,2944.699951171875,2944.800048828125,4.0
2025-03-12 23:58:00+00:00,2944.800048828125,2944.800048828125,2944.699951171875,2944.699951171875,7.0
2025-03-12 23:59:00+00:00,2945.199951171875,2945.199951171875,2944.699951171875,2944.699951171875,26.0
2025-03-13 00:00:00+00:00,2945.300048828125,2945.5,2945.10009765625,2945.199951171875,42.0
2025-03-13 00:01:00+00:00,2945.89990234375,2945.89990234375,2945.39990234375,2945.39990234375,17.0
2025-03-13 00:02:00+00:00,2945.60009765625,2945.89990234375,2945.5,2945.89990234375,20.0
2025-03-13 00:03:00+00:00,2945.60009765625,2946.10009765625,2945.60009765625,2945.699951171875,89.0
2025-03-13 00:04:00+00:00,2945.5,2946.10009765625,2945.39990234375,2945.699951171875,20.0
2025-03-13 00:05:00+00:00,2945.5,2945.60009765625,2945.300048828125,2945.5,29.0
2025-03-13 00:06:00+00:00,2945.5,2945.5,2945.39990234375,2945.5,8.0
2025-03-13 00:07:00+00:00,2945.5,2945.60009765625,2945.5,2945.5,6.0
2025-03-13 00:08:00+00:00,2945.5,2945.60009765625,2945.39990234375,2945.60009765625,9.0
2025-03-13 00:09:00+00:00,2945.39990234375,2945.699951171875,2945.39990234375,2945.5,20.0
2025-03-13 00:10:00+00:00,2945.699951171875,2945.89990234375,2945.60009765625,2945.60009765625,18.0
2025-03-13 00:11:00+00:00,2945.60009765625,2945.699951171875,2945.60009765625,2945.699951171875,5.0
2025-03-13 00:12:00+00:00,2945.699951171875,2945.89990234375,2945.60009765625,2945.60009765625,20.0
2025-03-13 00:13:00+00:00,2945.300048828125,2945.60009765625,2945.10009765625,2945.60009765625,28.0
2025-03-13 00:14:00+00:00,2945.699951171875,2945.699951171875,2945.0,2945.300048828125,18.0
2025-03-13 00:15:00+00:00,2945.39990234375,2945.5,2945.10009765625,2945.5,43.0
2025-03-13 00:16:00+00:00,2945.39990234375,2945.60009765625,2945.300048828125,2945.300048828125,35.0
2025-03-13 00:17:00+00:00,2945.60009765625,2945.800048828125,2945.39990234375,2945.39990234375,34.0
2025-03-13 00:18:00+00:00,2945.60009765625,2945.699951171875,2945.39990234375,2945.699951171875,16.0
2025-03-13 00:19:00+00:00,2945.60009765625,2945.800048828125,2944.89990234375,2945.800048828125,51.0
2025-03-13 00:20:00+00:00,2945.800048828125,2945.800048828125,2945.60009765625,2945.60009765625,8.0
2025-03-13 00:21:00+00:00,2946.10009765625,2946.39990234375,2945.800048828125,2946.10009765625,55.0
2025-03-13 00:22:00+00:00,2946.39990234375,2946.699951171875,2946.10009765625,2946.10009765625,55.0
2025-03-13 00:23:00+00:00,2946.10009765625,2946.39990234375,2946.0,2946.39990234375,45.0
2025-03-13 00:24:00+00:00,2945.699951171875,2946.10009765625,2945.699951171875,2946.0,14.0
2025-03-13 00:25:00+00:00,2946.0,2946.0,2945.60009765625,2945.699951171875,23.0
2025-03-13 00:26:00+00:00,2946.0,2946.199951171875,2945.89990234375,2945.89990234375,31.0
2025-03-13 00:27:00+00:00,2946.300048828125,2946.300048828125,2946.10009765625,2946.10009765625,9.0
2025-03-13 00:28:00+00:00,2945.800048828125,2946.10009765625,2945.800048828125,2946.10009765625,8.0
2025-03-13 00:29:00+00:00,2945.89990234375,2946.10009765625,2945.699951171875,2945.800048828125,17.0
2025-03-13 00:30:00+00:00,2945.39990234375,2945.800048828125,2945.39990234375,2945.800048828125,15.0
2025-03-13 00:31:00+00:00,2945.699951171875,2945.89990234375,2945.39990234375,2945.39990234375,16.0
2025-03-13 00:32:00+00:00,2946.0,2946.0,2945.60009765625,2945.60009765625,26.0
2025-03-13 00:33:00+00:00,2945.89990234375,2946.0,2945.39990234375,2946.0,30.0
2025-03-13 00:34:00+00:00,2945.699951171875,2945.800048828125,2945.60009765625,2945.800048828125,19.0
2025-03-13 00:35:00+00:00,2945.89990234375,2946.5,2945.89990234375,2945.89990234375,47.0
2025-03-13 00:36:00+00:00,2945.699951171875,2945.89990234375,2945.60009765625,2945.89990234375,10.0
2025-03-13 00:38:00+00:00,2945.699951171875,2945.699951171875,2945.60009765625,2945.60009765625,10.0
2025-03-13 00:39:00+00:00,2945.89990234375,2945.89990234375,2945.60009765625,2945.60009765625,10.0
2025-03-13 00:40:00+00:00,2945.699951171875,2945.89990234375,2945.699951171875,2945.89990234375,5.0
2025-03-13 00:41:00+00:00,2945.60009765625,2945.89990234375,2945.60009765625,2945.800048828125,20.0
2025-03-13 00:42:00+00:00,2945.39990234375,2945.5,2945.300048828125,2945.5,21.0
2025-03-13 00:43:00+00:00,2945.39990234375,2945.39990234375,2945.199951171875,2945.39990234375,17.0
2025-03-13 00:44:00+00:00,2945.10009765625,2945.300048828125,2945.0,2945.300048828125,67.0
2025-03-13 00:45:00+00:00,2945.199951171875,2945.300048828125,2945.0,2945.10009765625,63.0
2025-03-13 00:46:00+00:00,2945.10009765625,2945.199951171875,2945.10009765625,2945.199951171875,4.0
2025-03-13 00:47:00+00:00,2945.699951171875,2945.89990234375,2945.300048828125,2945.300048828125,26.0
2025-03-13 00:48:00+00:00,2945.699951171875,2945.699951171875,2945.60009765625,2945.60009765625,28.0
2025-03-13 00:49:00+00:00,2945.800048828125,2946.0,2945.800048828125,2945.89990234375,12.0
2025-03-13 00:50:00+00:00,2945.89990234375,2946.0,2945.60009765625,2945.800048828125,37.0
2025-03-13 00:51:00+00:00,2945.300048828125,2945.60009765625,2945.199951171875,2945.5,27.0
2025-03-13 00:52:00+00:00,2945.39990234375,2945.39990234375,2945.0,2945.300048828125,35.0
2025-03-13 00:53:00+00:00,2945.10009765625,2945.300048828125,2945.10009765625,2945.300048828125,16.0
2025-03-13 00:54:00+00:00,2945.300048828125,2945.300048828125,2945.10009765625,2945.10009765625,14.0
2025-03-13 00:55:00+00:00,2945.39990234375,2945.5,2945.39990234375,2945.39990234375,10.0
2025-03-13 00:56:00+00:00,2946.0,2946.0,2945.300048828125,2945.300048828125,15.0
2025-03-13 00:57:00+00:00,2946.0,2946.10009765625,2946.0,2946.0,13.0
2025-03-13 00:58:00+00:00,2945.800048828125,2946.0,2945.39990234375,2946.0,43.0
2025-03-13 00:59:00+00:00,2946.0,2946.39990234375,2946.0,2946.0,31.0
2025-03-13 01:00:00+00:00,2947.39990234375,2947.39990234375,2946.0,2946.199951171875,139.0
2025-03-13 01:01:00+00:00,2948.0,2948.10009765625,2947.5,2947.5,173.0
2025-03-13 01:02:00+00:00,2948.199951171875,2948.699951171875,2947.699951171875,2947.89990234375,171.0
2025-03-13 01:03:00+00:00,2949.199951171875,2949.5,2948.199951171875,2948.199951171875,720.0
2025-03-13 01:04:00+00:00,2949.699951171875,2950.0,2948.699951171875,2949.199951171875,493.0
2025-03-13 01:05:00+00:00,2948.699951171875,2949.699951171875,2948.10009765625,2949.60009765625,112.0
2025-03-13 01:06:00+00:00,2948.5,2949.300048828125,2948.39990234375,2948.800048828125,67.0
2025-03-13 01:07:00+00:00,2947.89990234375,2948.5,2947.89990234375,2948.5,52.0
2025-03-13 01:08:00+00:00,2947.89990234375,2948.10009765625,2947.60009765625,2948.0,40.0
2025-03-13 01:09:00+00:00,2947.60009765625,2947.89990234375,2947.39990234375,2947.89990234375,85.0
2025-03-13 01:10:00+00:00,2948.699951171875,2948.800048828125,2947.5,2947.60009765625,77.0
2025-03-13 01:11:00+00:00,2948.800048828125,2949.0,2948.300048828125,2948.699951171875,51.0
2025-03-13 01:12:00+00:00,2949.0,2949.300048828125,2948.5,2948.800048828125,47.0
2025-03-13 01:13:00+00:00,2948.89990234375,2949.199951171875,2948.699951171875,2949.10009765625,39.0
2025-03-13 01:14:00+00:00,2948.699951171875,2948.800048828125,2948.60009765625,2948.800048828125,32.0
2025-03-13 01:15:00+00:00,2947.89990234375,2948.89990234375,2947.89990234375,2948.800048828125,41.0
2025-03-13 01:16:00+00:00,2947.800048828125,2947.89990234375,2947.800048828125,2947.800048828125,7.0
2025-03-13 01:17:00+00:00,2948.300048828125,2948.300048828125,2947.699951171875,2947.800048828125,432.0
2025-03-13 01:18:00+00:00,2948.300048828125,2948.5,2948.300048828125,2948.300048828125,516.0
2025-03-13 01:19:00+00:00,2948.39990234375,2949.0,2948.300048828125,2948.300048828125,45.0
2025-03-13 01:20:00+00:00,2948.10009765625,2948.5,2947.800048828125,2948.39990234375,41.0
2025-03-13 01:21:00+00:00,2947.5,2947.800048828125,2947.39990234375,2947.800048828125,29.0
2025-03-13 01:22:00+00:00,2947.199951171875,2947.60009765625,2947.0,2947.5,36.0
2025-03-13 01:23:00+00:00,2947.0,2947.39990234375,2947.0,2947.199951171875,32.0
2025-03-13 01:24:00+00:00,2946.89990234375,2947.0,2946.699951171875,2946.89990234375,45.0
2025-03-13 01:25:00+00:00,2947.10009765625,2947.199951171875,2946.800048828125,2947.0,55.0
2025-03-13 01:26:00+00:00,2946.199951171875,2947.10009765625,2946.10009765625,2947.0,124.0
2025-03-13 01:27:00+00:00,2946.10009765625,2946.199951171875,2945.699951171875,2946.10009765625,66.0
2025-03-13 01:28:00+00:00,2945.89990234375,2946.60009765625,2945.699951171875,2946.300048828125,123.0
2025-03-13 01:29:00+00:00,2946.60009765625,2946.89990234375,2945.699951171875,2945.800048828125,176.0
2025-03-13 01:30:00+00:00,2946.89990234375,2947.10009765625,2946.60009765625,2946.800048828125,83.0
2025-03-13 01:31:00+00:00,2946.89990234375,2947.199951171875,2946.5,2946.89990234375,54.0
2025-03-13 01:32:00+00:00,2946.60009765625,2947.5,2946.5,2947.0,70.0
2025-03-13 01:33:00+00:00,2945.800048828125,2946.60009765625,2945.800048828125,2946.60009765625,74.0
2025-03-13 01:34:00+00:00,2945.60009765625,2946.39990234375,2945.60009765625,2945.89990234375,38.0
2025-03-13 01:35:00+00:00,2945.800048828125,2945.89990234375,2945.300048828125,2945.699951171875,37.0
2025-03-13 01:36:00+00:00,2945.300048828125,2945.800048828125,2945.300048828125,2945.800048828125,23.0
2025-03-13 01:37:00+00:00,2945.300048828125,2945.39990234375,2945.0,2945.300048828125,81.0
2025-03-13 01:38:00+00:00,2945.0,2945.699951171875,2945.0,2945.60009765625,34.0
2025-03-13 01:39:00+00:00,2945.800048828125,2946.39990234375,2945.0,2945.0,155.0
2025-03-13 01:40:00+00:00,2945.800048828125,2946.0,2945.5,2945.800048828125,93.0
2025-03-13 01:41:00+00:00,2945.39990234375,2945.699951171875,2945.300048828125,2945.699951171875,11.0
2025-03-13 01:42:00+00:00,2945.60009765625,2945.800048828125,2945.300048828125,2945.39990234375,11.0
2025-03-13 01:43:00+00:00,2945.699951171875,2945.89990234375,2945.39990234375,2945.699951171875,21.0
2025-03-13 01:44:00+00:00,2945.89990234375,2945.89990234375,2945.5,2945.5,13.0
2025-03-13 01:45:00+00:00,2945.60009765625,2946.10009765625,2945.60009765625,2946.10009765625,22.0
2025-03-13 01:46:00+00:00,2945.699951171875,2945.89990234375,2945.60009765625,2945.60009765625,26.0
2025-03-13 01:47:00+00:00,2945.60009765625,2945.89990234375,2945.39990234375,2945.800048828125,45.0
2025-03-13 01:48:00+00:00,2945.39990234375,2945.800048828125,2945.300048828125,2945.800048828125,20.0
2025-03-13 01:49:00+00:00,2945.10009765625,2945.699951171875,2945.10009765625,2945.39990234375,51.0
2025-03-13 01:50:00+00:00,2945.39990234375,2945.5,2945.0,2945.300048828125,26.0
2025-03-13 01:51:00+00:00,2946.10009765625,2946.199951171875,2945.199951171875,2945.39990234375,41.0
2025-03-13 01:52:00+00:00,2947.60009765625,2947.800048828125,2945.699951171875,2946.199951171875,118.0
2025-03-13 01:53:00+00:00,2947.10009765625,2947.89990234375,2946.800048828125,2947.60009765625,116.0
2025-03-13 01:54:00+00:00,2947.10009765625,2947.199951171875,2946.89990234375,2947.10009765625,25.0
2025-03-13 01:55:00+00:00,2947.39990234375,2947.39990234375,2947.0,2947.0,8.0
2025-03-13 01:56:00+00:00,2946.89990234375,2947.60009765625,2946.89990234375,2947.5,28.0
2025-03-13 01:57:00+00:00,2946.89990234375,2947.10009765625,2946.60009765625,2946.800048828125,48.0
2025-03-13 01:58:00+00:00,2946.699951171875,2946.89990234375,2946.39990234375,2946.89990234375,25.0
2025-03-13 01:59:00+00:00,2946.300048828125,2946.5,2945.89990234375,2946.5,34.0
2025-03-13 02:00:00+00:00,2946.60009765625,2946.60009765625,2945.800048828125,2946.10009765625,24.0
2025-03-13 02:01:00+00:00,2947.0,2947.0,2946.39990234375,2946.699951171875,31.0
2025-03-13 02:02:00+00:00,2946.89990234375,2946.89990234375,2946.39990234375,2946.60009765625,23.0
2025-03-13 02:03:00+00:00,2947.0,2947.39990234375,2947.0,2947.0,24.0
2025-03-13 02:04:00+00:00,2947.39990234375,2947.39990234375,2947.0,2947.0,14.0
2025-03-13 02:05:00+00:00,2948.0,2948.39990234375,2947.199951171875,2947.199951171875,116.0
2025-03-13 02:06:00+00:00,2948.199951171875,2948.300048828125,2947.800048828125,2948.0,45.0
2025-03-13 02:07:00+00:00,2948.10009765625,2948.39990234375,2948.0,2948.199951171875,44.0
2025-03-13 02:08:00+00:00,2948.300048828125,2948.300048828125,2948.0,2948.0,28.0
2025-03-13 02:09:00+00:00,2948.0,2948.300048828125,2948.0,2948.300048828125,13.0
2025-03-13 02:10:00+00:00,2948.300048828125,2948.60009765625,2948.10009765625,2948.199951171875,33.0
2025-03-13 02:11:00+00:00,2948.60009765625,2948.60009765625,2948.10009765625,2948.199951171875,43.0
2025-03-13 02:12:00+00:00,2948.699951171875,2949.10009765625,2948.39990234375,2948.5,106.0
2025-03-13 02:13:00+00:00,2948.89990234375,2949.5,2948.60009765625,2948.60009765625,151.0
2025-03-13 02:14:00+00:00,2949.10009765625,2949.199951171875,2948.800048828125,2949.0,57.0
2025-03-13 02:15:00+00:00,2948.800048828125,2949.60009765625,2948.800048828125,2949.199951171875,58.0
2025-03-13 02:16:00+00:00,2948.5,2948.699951171875,2948.0,2948.699951171875,64.0
2025-03-13 02:17:00+00:00,2948.39990234375,2948.39990234375,2948.10009765625,2948.39990234375,8.0
2025-03-13 02:18:00+00:00,2948.800048828125,2948.89990234375,2948.10009765625,2948.10009765625,78.0
2025-03-13 02:19:00+00:00,2948.60009765625,2948.60009765625,2947.89990234375,2948.5,73.0
2025-03-13 02:20:00+00:00,2948.699951171875,2949.10009765625,2948.5,2948.5,47.0
2025-03-13 02:21:00+00:00,2948.5,2949.10009765625,2948.199951171875,2948.699951171875,67.0
2025-03-13 02:22:00+00:00,2947.60009765625,2948.699951171875,2947.39990234375,2948.5,83.0
2025-03-13 02:23:00+00:00,2948.10009765625,2948.10009765625,2947.699951171875,2947.800048828125,30.0
2025-03-13 02:24:00+00:00,2948.39990234375,2948.39990234375,2948.10009765625,2948.10009765625,18.0
2025-03-13 02:25:00+00:00,2948.5,2948.60009765625,2948.199951171875,2948.199951171875,17.0
2025-03-13 02:26:00+00:00,2948.5,2948.89990234375,2948.5,2948.699951171875,10.0
2025-03-13 02:27:00+00:00,2948.60009765625,2948.89990234375,2948.199951171875,2948.60009765625,25.0
2025-03-13 02:28:00+00:00,2948.39990234375,2948.800048828125,2948.39990234375,2948.60009765625,11.0
2025-03-13 02:29:00+00:00,2948.699951171875,2948.699951171875,2948.199951171875,2948.39990234375,19.0
2025-03-13 02:30:00+00:00,2948.800048828125,2949.0,2948.199951171875,2948.60009765625,42.0
2025-03-13 02:31:00+00:00,2948.5,2948.699951171875,2948.39990234375,2948.60009765625,23.0
2025-03-13 02:32:00+00:00,2948.300048828125,2948.60009765625,2948.300048828125,2948.39990234375,20.0
2025-03-13 02:33:00+00:00,2948.10009765625,2948.5,2948.0,2948.5,26.0
2025-03-13 02:34:00+00:00,2948.0,2948.10009765625,2947.89990234375,2948.0,16.0
2025-03-13 02:35:00+00:00,2948.60009765625,2948.60009765625,2947.89990234375,2947.89990234375,35.0
2025-03-13 02:36:00+00:00,2948.5,2949.0,2948.300048828125,2948.699951171875,55.0
2025-03-13 02:37:00+00:00,2948.89990234375,2948.89990234375,2948.39990234375,2948.5,26.0
2025-03-13 02:38:00+00:00,2949.5,2949.5,2948.89990234375,2949.0,62.0
2025-03-13 02:39:00+00:00,2949.60009765625,2950.0,2949.300048828125,2949.699951171875,103.0
2025-03-13 02:40:00+00:00,2949.39990234375,2949.800048828125,2949.39990234375,2949.699951171875,16.0
2025-03-13 02:41:00+00:00,2949.89990234375,2949.89990234375,2949.39990234375,2949.39990234375,33.0
2025-03-13 02:42:00+00:00,2950.5,2951.300048828125,2950.0,2950.0,317.0
2025-03-13 02:43:00+00:00,2950.699951171875,2950.89990234375,2950.300048828125,2950.5,31.0
2025-03-13 02:44:00+00:00,2950.39990234375,2951.0,2950.39990234375,2950.60009765625,92.0
2025-03-13 02:45:00+00:00,2949.800048828125,2950.5,2949.5,2950.39990234375,155.0
2025-03-13 02:46:00+00:00,2951.5,2951.5,2949.60009765625,2949.699951171875,251.0
2025-03-13 02:47:00+00:00,2951.300048828125,2951.699951171875,2951.0,2951.300048828125,127.0
2025-03-13 02:48:00+00:00,2951.300048828125,2951.60009765625,2950.5,2951.0,252.0
2025-03-13 02:49:00+00:00,2951.60009765625,2951.89990234375,2951.0,2951.39990234375,169.0
2025-03-13 02:50:00+00:00,2952.0,2952.0,2951.0,2951.5,113.0
2025-03-13 02:51:00+00:00,2952.199951171875,2952.199951171875,2951.60009765625,2952.0,72.0
2025-03-13 02:52:00+00:00,2952.60009765625,2952.800048828125,2952.0,2952.10009765625,209.0
2025-03-13 02:53:00+00:00,2952.5,2952.699951171875,2952.39990234375,2952.60009765625,34.0
2025-03-13 02:54:00+00:00,2952.60009765625,2952.800048828125,2952.300048828125,2952.5,29.0
2025-03-13 02:55:00+00:00,2953.60009765625,2953.800048828125,2952.5,2952.5,287.0
2025-03-13 02:56:00+00:00,2952.800048828125,2953.5,2952.5,2953.39990234375,256.0
2025-03-13 02:57:00+00:00,2953.300048828125,2953.60009765625,2952.5,2952.60009765625,183.0
2025-03-13 02:58:00+00:00,2953.39990234375,2953.699951171875,2953.0,2953.300048828125,281.0
2025-03-13 02:59:00+00:00,2952.5,2953.39990234375,2952.39990234375,2953.39990234375,112.0
2025-03-13 03:00:00+00:00,2952.300048828125,2952.60009765625,2951.699951171875,2952.5,128.0
2025-03-13 03:01:00+00:00,2952.199951171875,2952.5,2952.0,2952.300048828125,30.0
2025-03-13 03:02:00+00:00,2951.39990234375,2952.0,2951.199951171875,2952.0,47.0
2025-03-13 03:03:00+00:00,2952.5,2952.60009765625,2951.60009765625,2951.60009765625,23.0
2025-03-13 03:04:00+00:00,2952.39990234375,2952.89990234375,2952.199951171875,2952.5,34.0
2025-03-13 03:05:00+00:00,2952.199951171875,2952.39990234375,2952.10009765625,2952.39990234375,17.0
2025-03-13 03:06:00+00:00,2953.10009765625,2953.10009765625,2952.10009765625,2952.199951171875,17.0
2025-03-13 03:07:00+00:00,2953.0,2953.300048828125,2952.800048828125,2953.10009765625,38.0
2025-03-13 03:08:00+00:00,2952.60009765625,2953.199951171875,2952.60009765625,2953.10009765625,15.0
2025-03-13 03:09:00+00:00,2952.800048828125,2952.800048828125,2952.5,2952.60009765625,16.0
2025-03-13 03:10:00+00:00,2953.10009765625,2953.10009765625,2952.5,2952.699951171875,60.0
2025-03-13 03:11:00+00:00,2952.800048828125,2953.60009765625,2952.800048828125,2953.0,58.0
2025-03-13 03:12:00+00:00,2953.10009765625,2953.39990234375,2952.699951171875,2952.699951171875,18.0
2025-03-13 03:13:00+00:00,2953.0,2953.60009765625,2953.0,2953.10009765625,71.0
2025-03-13 03:14:00+00:00,2952.89990234375,2952.89990234375,2952.89990234375,2952.89990234375,2.0
2025-03-13 03:15:00+00:00,2952.699951171875,2952.89990234375,2952.60009765625,2952.800048828125,19.0
2025-03-13 03:16:00+00:00,2952.5,2952.89990234375,2952.5,2952.800048828125,10.0
2025-03-13 03:17:00+00:00,2952.89990234375,2953.39990234375,2952.39990234375,2952.5,85.0
2025-03-13 03:18:00+00:00,2952.60009765625,2952.89990234375,2952.60009765625,2952.89990234375,16.0
2025-03-13 03:19:00+00:00,2952.800048828125,2952.89990234375,2952.5,2952.60009765625,11.0
2025-03-13 03:20:00+00:00,2953.0,2953.39990234375,2952.800048828125,2953.0,26.0
2025-03-13 03:21:00+00:00,2953.800048828125,2954.199951171875,2953.10009765625,2953.10009765625,94.0
2025-03-13 03:22:00+00:00,2954.0,2954.0,2953.60009765625,2953.60009765625,33.0
2025-03-13 03:23:00+00:00,2953.5,2953.89990234375,2953.199951171875,2953.89990234375,41.0
2025-03-13 03:24:00+00:00,2954.300048828125,2954.300048828125,2953.60009765625,2953.60009765625,129.0
2025-03-13 03:25:00+00:00,2953.800048828125,2954.5,2953.699951171875,2954.39990234375,87.0
2025-03-13 03:26:00+00:00,2954.10009765625,2954.300048828125,2953.60009765625,2953.89990234375,102.0
2025-03-13 03:27:00+00:00,2953.5,2953.89990234375,2953.39990234375,2953.89990234375,69.0
2025-03-13 03:28:00+00:00,2953.0,2953.60009765625,2952.699951171875,2953.5,149.0
2025-03-13 03:29:00+00:00,2952.60009765625,2953.0,2952.5,2952.89990234375,64.0
2025-03-13 03:30:00+00:00,2952.60009765625,2953.0,2952.39990234375,2953.0,27.0
2025-03-13 03:31:00+00:00,2952.39990234375,2952.5,2952.10009765625,2952.5,31.0
2025-03-13 03:32:00+00:00,2952.300048828125,2952.5,2951.89990234375,2952.39990234375,95.0
2025-03-13 03:33:00+00:00,2952.10009765625,2952.39990234375,2952.10009765625,2952.199951171875,18.0
2025-03-13 03:34:00+00:00,2952.5,2952.5,2951.89990234375,2952.0,19.0
2025-03-13 03:35:00+00:00,2952.300048828125,2952.5,2952.199951171875,2952.5,18.0
2025-03-13 03:36:00+00:00,2952.5,2952.60009765625,2952.0,2952.199951171875,33.0
2025-03-13 03:37:00+00:00,2953.0,2953.10009765625,2952.39990234375,2952.39990234375,29.0
2025-03-13 03:38:00+00:00,2953.60009765625,2953.60009765625,2953.0,2953.0,81.0
2025-03-13 03:39:00+00:00,2953.800048828125,2954.10009765625,2953.300048828125,2953.699951171875,82.0
2025-03-13 03:40:00+00:00,2953.800048828125,2953.89990234375,2953.39990234375,2953.800048828125,206.0
2025-03-13 03:41:00+00:00,2953.89990234375,2954.0,2953.60009765625,2954.0,51.0
2025-03-13 03:42:00+00:00,2953.39990234375,2954.0,2953.39990234375,2954.0,19.0
2025-03-13 03:43:00+00:00,2953.60009765625,2953.800048828125,2953.60009765625,2953.60009765625,17.0
2025-03-13 03:44:00+00:00,2953.39990234375,2953.60009765625,2953.199951171875,2953.60009765625,11.0
2025-03-13 03:45:00+00:00,2953.10009765625,2953.5,2953.10009765625,2953.300048828125,19.0
2025-03-13 03:46:00+00:00,2953.10009765625,2953.10009765625,2952.89990234375,2953.10009765625,25.0
2025-03-13 03:47:00+00:00,2953.60009765625,2953.60009765625,2953.0,2953.10009765625,13.0
2025-03-13 03:48:00+00:00,2953.800048828125,2953.800048828125,2953.5,2953.60009765625,8.0
2025-03-13 03:49:00+00:00,2954.300048828125,2954.60009765625,2953.699951171875,2953.800048828125,121.0
2025-03-13 03:50:00+00:00,2954.5,2954.5,2954.199951171875,2954.300048828125,27.0
2025-03-13 03:51:00+00:00,2954.5,2954.89990234375,2954.199951171875,2954.300048828125,156.0
2025-03-13 03:52:00+00:00,2955.0,2955.10009765625,2954.39990234375,2954.5,156.0
2025-03-13 03:53:00+00:00,2955.800048828125,2956.5,2954.89990234375,2955.0,319.0
2025-03-13 03:54:00+00:00,2955.0,2955.800048828125,2955.0,2955.699951171875,68.0
2025-03-13 03:55:00+00:00,2955.300048828125,2955.39990234375,2954.800048828125,2955.0,65.0
2025-03-13 03:56:00+00:00,2955.199951171875,2955.199951171875,2955.10009765625,2955.199951171875,10.0
2025-03-13 03:57:00+00:00,2955.10009765625,2955.199951171875,2954.89990234375,2955.199951171875,10.0
2025-03-13 03:58:00+00:00,2954.699951171875,2954.89990234375,2954.60009765625,2954.89990234375,44.0
2025-03-13 04:00:00+00:00,2954.10009765625,2954.699951171875,2954.10009765625,2954.60009765625,56.0
2025-03-13 04:01:00+00:00,2953.89990234375,2954.39990234375,2953.5,2954.199951171875,116.0
2025-03-13 04:02:00+00:00,2953.699951171875,2954.0,2953.300048828125,2954.0,59.0
2025-03-13 04:03:00+00:00,2954.300048828125,2954.5,2953.39990234375,2953.699951171875,67.0
2025-03-13 04:04:00+00:00,2954.10009765625,2954.300048828125,2953.39990234375,2954.300048828125,73.0
2025-03-13 04:05:00+00:00,2953.800048828125,2953.800048828125,2953.300048828125,2953.699951171875,18.0
2025-03-13 04:06:00+00:00,2953.60009765625,2954.10009765625,2953.300048828125,2953.800048828125,84.0
2025-03-13 04:07:00+00:00,2954.10009765625,2954.10009765625,2953.60009765625,2953.60009765625,20.0
2025-03-13 04:08:00+00:00,2954.199951171875,2954.199951171875,2953.89990234375,2953.89990234375,13.0
2025-03-13 04:09:00+00:00,2954.0,2954.199951171875,2954.0,2954.10009765625,21.0
2025-03-13 04:10:00+00:00,2953.89990234375,2954.39990234375,2953.89990234375,2954.10009765625,35.0
2025-03-13 04:11:00+00:00,2954.89990234375,2954.89990234375,2954.0,2954.0,75.0
2025-03-13 04:12:00+00:00,2955.10009765625,2955.5,2954.699951171875,2954.800048828125,67.0
2025-03-13 04:13:00+00:00,2954.300048828125,2954.89990234375,2954.300048828125,2954.89990234375,23.0
2025-03-13 04:14:00+00:00,2954.5,2954.89990234375,2954.39990234375,2954.5,18.0
2025-03-13 04:16:00+00:00,2954.300048828125,2954.39990234375,2954.199951171875,2954.39990234375,16.0
2025-03-13 04:17:00+00:00,2954.39990234375,2954.60009765625,2954.300048828125,2954.39990234375,45.0
2025-03-13 04:18:00+00:00,2953.699951171875,2954.199951171875,2953.699951171875,2954.199951171875,33.0
2025-03-13 04:19:00+00:00,2953.5,2953.800048828125,2953.5,2953.699951171875,11.0
2025-03-13 04:20:00+00:00,2954.0,2954.0,2953.699951171875,2953.699951171875,9.0
2025-03-13 04:21:00+00:00,2953.800048828125,2954.199951171875,2953.800048828125,2953.800048828125,10.0
2025-03-13 04:22:00+00:00,2953.300048828125,2953.699951171875,2953.199951171875,2953.60009765625,48.0
2025-03-13 04:23:00+00:00,2953.800048828125,2953.800048828125,2953.39990234375,2953.39990234375,4.0
2025-03-13 04:24:00+00:00,2953.699951171875,2953.800048828125,2953.699951171875,2953.699951171875,10.0
2025-03-13 04:25:00+00:00,2953.39990234375,2953.60009765625,2953.39990234375,2953.5,13.0
2025-03-13 04:26:00+00:00,2953.60009765625,2953.800048828125,2953.39990234375,2953.39990234375,12.0
2025-03-13 04:27:00+00:00,2953.199951171875,2953.39990234375,2953.199951171875,2953.300048828125,10.0
2025-03-13 04:28:00+00:00,2953.300048828125,2953.5,2953.199951171875,2953.199951171875,28.0
2025-03-13 04:29:00+00:00,2953.199951171875,2953.5,2953.199951171875,2953.5,5.0
2025-03-13 04:30:00+00:00,2952.89990234375,2953.199951171875,2952.5,2953.199951171875,80.0
2025-03-13 04:31:00+00:00,2952.5,2952.699951171875,2952.39990234375,2952.60009765625,62.0
2025-03-13 04:32:00+00:00,2952.5,2952.60009765625,2952.300048828125,2952.39990234375,18.0
2025-03-13 04:33:00+00:00,2953.0,2953.0,2952.10009765625,2952.60009765625,42.0
2025-03-13 04:34:00+00:00,2952.5,2953.0,2952.5,2952.89990234375,26.0
2025-03-13 04:35:00+00:00,2953.0,2953.10009765625,2952.5,2952.5,21.0
2025-03-13 04:36:00+00:00,2953.0,2953.60009765625,2952.89990234375,2953.199951171875,89.0
2025-03-13 04:37:00+00:00,2953.39990234375,2953.89990234375,2952.5,2953.0,199.0
2025-03-13 04:38:00+00:00,2952.699951171875,2953.5,2952.699951171875,2953.5,8.0
2025-03-13 04:39:00+00:00,2952.39990234375,2952.699951171875,2952.39990234375,2952.60009765625,11.0
2025-03-13 04:40:00+00:00,2952.800048828125,2952.89990234375,2952.199951171875,2952.5,61.0
2025-03-13 04:41:00+00:00,2952.5,2952.800048828125,2952.39990234375,2952.800048828125,15.0
2025-03-13 04:42:00+00:00,2952.39990234375,2952.60009765625,2952.300048828125,2952.60009765625,32.0
2025-03-13 04:43:00+00:00,2952.199951171875,2952.699951171875,2952.199951171875,2952.39990234375,42.0
2025-03-13 04:44:00+00:00,2952.89990234375,2952.89990234375,2952.39990234375,2952.39990234375,21.0
2025-03-13 04:45:00+00:00,2953.10009765625,2953.5,2952.89990234375,2953.0,64.0
2025-03-13 04:46:00+00:00,2953.60009765625,2953.60009765625,2953.199951171875,2953.300048828125,34.0
2025-03-13 04:47:00+00:00,2953.10009765625,2953.300048828125,2953.0,2953.300048828125,21.0
2025-03-13 04:48:00+00:00,2953.300048828125,2953.300048828125,2953.300048828125,2953.300048828125,5.0
2025-03-13 04:49:00+00:00,2953.300048828125,2953.300048828125,2952.800048828125,2953.10009765625,52.0
2025-03-13 04:50:00+00:00,2953.199951171875,2953.5,2953.10009765625,2953.39990234375,41.0
2025-03-13 04:51:00+00:00,2953.300048828125,2953.300048828125,2953.0,2953.10009765625,14.0
2025-03-13 04:52:00+00:00,2953.300048828125,2953.300048828125,2953.199951171875,2953.300048828125,14.0
2025-03-13 04:53:00+00:00,2953.60009765625,2953.60009765625,2953.199951171875,2953.300048828125,35.0
2025-03-13 04:54:00+00:00,2953.199951171875,2953.5,2953.199951171875,2953.5,15.0
2025-03-13 04:55:00+00:00,2953.60009765625,2953.699951171875,2953.300048828125,2953.300048828125,26.0
2025-03-13 04:56:00+00:00,2953.199951171875,2953.5,2953.199951171875,2953.5,28.0
2025-03-13 04:57:00+00:00,2952.800048828125,2953.199951171875,2952.800048828125,2953.199951171875,23.0
2025-03-13 04:58:00+00:00,2953.199951171875,2953.199951171875,2952.800048828125,2952.89990234375,21.0
2025-03-13 04:59:00+00:00,2953.300048828125,2953.39990234375,2953.300048828125,2953.300048828125,15.0
2025-03-13 05:00:00+00:00,2953.300048828125,2953.39990234375,2953.10009765625,2953.199951171875,57.0
2025-03-13 05:01:00+00:00,2953.300048828125,2953.300048828125,2953.10009765625,2953.300048828125,11.0
2025-03-13 05:02:00+00:00,2953.199951171875,2953.39990234375,2953.10009765625,2953.300048828125,13.0
2025-03-13 05:03:00+00:00,2953.39990234375,2953.5,2953.300048828125,2953.39990234375,10.0
2025-03-13 05:04:00+00:00,2953.199951171875,2953.699951171875,2953.199951171875,2953.5,33.0
2025-03-13 05:05:00+00:00,2952.89990234375,2953.300048828125,2952.89990234375,2953.199951171875,10.0
2025-03-13 05:06:00+00:00,2953.199951171875,2953.199951171875,2953.10009765625,2953.10009765625,7.0
2025-03-13 05:07:00+00:00,2953.5,2953.5,2953.300048828125,2953.300048828125,11.0
2025-03-13 05:08:00+00:00,2953.199951171875,2953.60009765625,2953.199951171875,2953.5,7.0
2025-03-13 05:09:00+00:00,2953.39990234375,2953.699951171875,2953.10009765625,2953.10009765625,32.0
2025-03-13 05:10:00+00:00,2953.0,2953.5,2953.0,2953.5,21.0
2025-03-13 05:11:00+00:00,2952.800048828125,2953.199951171875,2952.800048828125,2953.199951171875,26.0
2025-03-13 05:12:00+00:00,2953.10009765625,2953.199951171875,2953.10009765625,2953.10009765625,8.0
2025-03-13 05:13:00+00:00,2953.0,2953.300048828125,2952.89990234375,2953.0,33.0
2025-03-13 05:14:00+00:00,2952.300048828125,2952.89990234375,2952.300048828125,2952.89990234375,101.0
2025-03-13 05:15:00+00:00,2952.60009765625,2952.699951171875,2952.300048828125,2952.5,87.0
2025-03-13 05:16:00+00:00,2952.10009765625,2952.5,2951.89990234375,2952.5,93.0
2025-03-13 05:17:00+00:00,2951.800048828125,2952.300048828125,2951.60009765625,2952.300048828125,38.0
2025-03-13 05:18:00+00:00,2952.0,2952.199951171875,2951.699951171875,2951.699951171875,61.0
2025-03-13 05:19:00+00:00,2951.89990234375,2952.199951171875,2951.699951171875,2951.89990234375,38.0
2025-03-13 05:20:00+00:00,2951.800048828125,2952.199951171875,2951.5,2951.800048828125,59.0
2025-03-13 05:21:00+00:00,2951.800048828125,2951.89990234375,2951.60009765625,2951.89990234375,16.0
2025-03-13 05:22:00+00:00,2952.39990234375,2952.39990234375,2951.800048828125,2952.0,35.0
2025-03-13 05:23:00+00:00,2952.300048828125,2952.39990234375,2952.10009765625,2952.300048828125,22.0
2025-03-13 05:24:00+00:00,2952.199951171875,2952.39990234375,2952.10009765625,2952.39990234375,19.0
2025-03-13 05:25:00+00:00,2951.89990234375,2952.199951171875,2951.699951171875,2952.199951171875,58.0
2025-03-13 05:26:00+00:00,2951.5,2951.699951171875,2951.300048828125,2951.699951171875,35.0
2025-03-13 05:27:00+00:00,2951.699951171875,2951.699951171875,2951.300048828125,2951.60009765625,18.0
2025-03-13 05:28:00+00:00,2949.699951171875,2951.39990234375,2949.300048828125,2951.39990234375,567.0
2025-03-13 05:29:00+00:00,2949.60009765625,2950.39990234375,2949.5,2949.699951171875,133.0
2025-03-13 05:30:00+00:00,2949.199951171875,2950.10009765625,2949.10009765625,2949.5,216.0
2025-03-13 05:31:00+00:00,2948.89990234375,2949.39990234375,2948.5,2949.300048828125,243.0
2025-03-13 05:32:00+00:00,2948.699951171875,2949.300048828125,2948.300048828125,2948.89990234375,262.0
2025-03-13 05:33:00+00:00,2948.300048828125,2949.0,2948.0,2948.699951171875,528.0
2025-03-13 05:34:00+00:00,2948.699951171875,2949.0,2948.199951171875,2948.199951171875,69.0
2025-03-13 05:35:00+00:00,2949.199951171875,2949.5,2948.300048828125,2948.60009765625,97.0
2025-03-13 05:36:00+00:00,2949.699951171875,2950.300048828125,2949.300048828125,2949.300048828125,129.0
2025-03-13 05:37:00+00:00,2950.39990234375,2950.800048828125,2949.5,2949.699951171875,92.0
2025-03-13 05:38:00+00:00,2950.0,2950.60009765625,2949.5,2950.300048828125,155.0
2025-03-13 05:39:00+00:00,2950.300048828125,2950.89990234375,2949.800048828125,2950.0,207.0
2025-03-13 05:40:00+00:00,2949.800048828125,2950.5,2949.60009765625,2950.199951171875,75.0
2025-03-13 05:41:00+00:00,2949.89990234375,2950.0,2949.300048828125,2949.800048828125,51.0
2025-03-13 05:42:00+00:00,2949.60009765625,2949.800048828125,2949.60009765625,2949.800048828125,22.0
2025-03-13 05:43:00+00:00,2949.39990234375,2949.60009765625,2949.300048828125,2949.60009765625,26.0
2025-03-13 05:44:00+00:00,2949.0,2949.39990234375,2948.89990234375,2949.300048828125,42.0
2025-03-13 05:45:00+00:00,2948.39990234375,2949.0,2948.39990234375,2948.800048828125,32.0
2025-03-13 05:46:00+00:00,2948.699951171875,2948.89990234375,2948.0,2948.300048828125,102.0
2025-03-13 05:47:00+00:00,2948.800048828125,2949.39990234375,2948.699951171875,2948.89990234375,74.0
2025-03-13 05:48:00+00:00,2948.60009765625,2948.89990234375,2948.60009765625,2948.699951171875,36.0
2025-03-13 05:49:00+00:00,2948.89990234375,2948.89990234375,2948.60009765625,2948.60009765625,9.0
2025-03-13 05:50:00+00:00,2948.5,2948.60009765625,2948.300048828125,2948.60009765625,54.0
2025-03-13 05:51:00+00:00,2948.10009765625,2948.60009765625,2948.0,2948.60009765625,56.0
2025-03-13 05:52:00+00:00,2948.10009765625,2948.199951171875,2947.39990234375,2948.10009765625,129.0
2025-03-13 05:53:00+00:00,2948.5,2949.0,2948.10009765625,2948.199951171875,88.0
2025-03-13 05:54:00+00:00,2948.89990234375,2949.10009765625,2948.60009765625,2948.60009765625,28.0
2025-03-13 05:55:00+00:00,2949.5,2949.699951171875,2949.0,2949.0,58.0
2025-03-13 05:56:00+00:00,2948.699951171875,2949.699951171875,2948.699951171875,2949.39990234375,29.0
2025-03-13 05:57:00+00:00,2949.0,2949.10009765625,2948.60009765625,2948.699951171875,22.0
2025-03-13 05:58:00+00:00,2949.10009765625,2949.199951171875,2948.800048828125,2948.89990234375,16.0
2025-03-13 05:59:00+00:00,2949.39990234375,2949.39990234375,2948.699951171875,2949.0,45.0
2025-03-13 06:00:00+00:00,2948.89990234375,2949.60009765625,2948.89990234375,2949.199951171875,22.0
2025-03-13 06:01:00+00:00,2947.699951171875,2948.89990234375,2947.60009765625,2948.89990234375,126.0
2025-03-13 06:02:00+00:00,2947.300048828125,2947.89990234375,2947.199951171875,2947.60009765625,115.0
2025-03-13 06:03:00+00:00,2948.199951171875,2948.89990234375,2947.300048828125,2947.300048828125,142.0
2025-03-13 06:04:00+00:00,2947.60009765625,2948.60009765625,2947.60009765625,2948.300048828125,34.0
2025-03-13 06:05:00+00:00,2947.39990234375,2947.89990234375,2947.300048828125,2947.800048828125,31.0
2025-03-13 06:06:00+00:00,2946.800048828125,2947.300048828125,2946.699951171875,2947.300048828125,108.0
2025-03-13 06:07:00+00:00,2947.0,2947.39990234375,2946.699951171875,2946.800048828125,48.0
2025-03-13 06:08:00+00:00,2946.300048828125,2947.0,2946.199951171875,2946.89990234375,141.0
2025-03-13 06:09:00+00:00,2945.199951171875,2946.39990234375,2945.199951171875,2946.300048828125,322.0
2025-03-13 06:10:00+00:00,2947.10009765625,2947.5,2945.10009765625,2945.300048828125,411.0
2025-03-13 06:11:00+00:00,2946.60009765625,2947.300048828125,2946.199951171875,2947.10009765625,97.0
2025-03-13 06:12:00+00:00,2947.10009765625,2947.39990234375,2946.5,2946.5,59.0
2025-03-13 06:13:00+00:00,2947.300048828125,2947.39990234375,2946.800048828125,2947.10009765625,90.0
2025-03-13 06:14:00+00:00,2947.5,2947.5,2946.89990234375,2947.199951171875,44.0
2025-03-13 06:15:00+00:00,2947.699951171875,2948.10009765625,2947.199951171875,2947.39990234375,46.0
2025-03-13 06:16:00+00:00,2947.5,2947.89990234375,2947.300048828125,2947.89990234375,25.0
2025-03-13 06:17:00+00:00,2948.10009765625,2948.199951171875,2947.5,2947.60009765625,43.0
2025-03-13 06:18:00+00:00,2948.10009765625,2948.300048828125,2947.89990234375,2948.0,58.0
2025-03-13 06:19:00+00:00,2948.199951171875,2948.199951171875,2947.699951171875,2948.0,31.0
2025-03-13 06:20:00+00:00,2948.199951171875,2948.39990234375,2947.699951171875,2948.300048828125,47.0
2025-03-13 06:21:00+00:00,2948.39990234375,2948.60009765625,2948.300048828125,2948.39990234375,31.0
2025-03-13 06:22:00+00:00,2947.89990234375,2948.199951171875,2947.89990234375,2948.199951171875,20.0
2025-03-13 06:23:00+00:00,2948.199951171875,2948.199951171875,2947.800048828125,2948.0,26.0
2025-03-13 06:24:00+00:00,2947.5,2948.0,2947.5,2948.0,41.0
2025-03-13 06:25:00+00:00,2947.10009765625,2947.5,2947.0,2947.39990234375,60.0
2025-03-13 06:26:00+00:00,2947.60009765625,2947.699951171875,2946.89990234375,2947.10009765625,74.0
2025-03-13 06:27:00+00:00,2947.199951171875,2947.60009765625,2947.10009765625,2947.60009765625,34.0
2025-03-13 06:28:00+00:00,2947.39990234375,2947.39990234375,2946.39990234375,2947.300048828125,57.0
2025-03-13 06:29:00+00:00,2947.699951171875,2947.800048828125,2947.199951171875,2947.5,48.0
2025-03-13 06:30:00+00:00,2946.699951171875,2947.89990234375,2946.39990234375,2947.60009765625,159.0
2025-03-13 06:31:00+00:00,2946.800048828125,2947.10009765625,2946.5,2946.699951171875,48.0
2025-03-13 06:32:00+00:00,2947.60009765625,2947.60009765625,2946.800048828125,2946.89990234375,57.0
2025-03-13 06:33:00+00:00,2947.699951171875,2948.10009765625,2947.699951171875,2947.800048828125,41.0
2025-03-13 06:34:00+00:00,2947.300048828125,2947.5,2947.199951171875,2947.5,15.0
2025-03-13 06:35:00+00:00,2947.300048828125,2947.5,2947.300048828125,2947.5,5.0
2025-03-13 06:36:00+00:00,2947.199951171875,2947.5,2947.199951171875,2947.199951171875,18.0
2025-03-13 06:37:00+00:00,2947.300048828125,2947.800048828125,2947.300048828125,2947.39990234375,32.0
2025-03-13 06:38:00+00:00,2947.5,2947.5,2947.199951171875,2947.300048828125,18.0
2025-03-13 06:39:00+00:00,2947.699951171875,2947.699951171875,2947.10009765625,2947.300048828125,20.0
2025-03-13 06:40:00+00:00,2947.800048828125,2948.39990234375,2947.5,2947.60009765625,113.0
2025-03-13 06:41:00+00:00,2947.10009765625,2948.0,2947.10009765625,2947.800048828125,76.0
2025-03-13 06:42:00+00:00,2947.60009765625,2947.60009765625,2947.0,2947.300048828125,93.0
2025-03-13 06:43:00+00:00,2947.39990234375,2947.800048828125,2947.10009765625,2947.5,183.0
2025-03-13 06:44:00+00:00,2948.300048828125,2948.300048828125,2946.800048828125,2947.5,105.0
2025-03-13 06:45:00+00:00,2948.89990234375,2949.10009765625,2947.800048828125,2948.39990234375,120.0
2025-03-13 06:46:00+00:00,2948.39990234375,2948.89990234375,2947.800048828125,2948.89990234375,97.0
2025-03-13 06:47:00+00:00,2947.89990234375,2948.5,2947.89990234375,2948.300048828125,17.0
2025-03-13 06:48:00+00:00,2947.89990234375,2947.89990234375,2947.60009765625,2947.89990234375,46.0
2025-03-13 06:49:00+00:00,2947.89990234375,2948.199951171875,2947.89990234375,2948.10009765625,16.0
2025-03-13 06:50:00+00:00,2948.199951171875,2948.800048828125,2947.89990234375,2948.199951171875,68.0
2025-03-13 06:51:00+00:00,2948.300048828125,2948.300048828125,2947.89990234375,2948.10009765625,20.0
2025-03-13 06:52:00+00:00,2948.0,2948.199951171875,2947.5,2948.199951171875,92.0
2025-03-13 06:53:00+00:00,2948.800048828125,2948.800048828125,2948.10009765625,2948.10009765625,45.0
2025-03-13 06:54:00+00:00,2948.89990234375,2949.199951171875,2948.60009765625,2948.800048828125,44.0
2025-03-13 06:55:00+00:00,2948.10009765625,2948.60009765625,2948.0,2948.60009765625,43.0
2025-03-13 06:56:00+00:00,2947.800048828125,2947.89990234375,2947.60009765625,2947.89990234375,44.0
2025-03-13 06:57:00+00:00,2947.800048828125,2947.800048828125,2947.300048828125,2947.60009765625,51.0
2025-03-13 06:58:00+00:00,2947.10009765625,2947.89990234375,2947.0,2947.699951171875,55.0
2025-03-13 06:59:00+00:00,2946.89990234375,2947.0,2946.199951171875,2947.0,94.0
2025-03-13 07:00:00+00:00,2947.199951171875,2947.199951171875,2945.89990234375,2946.800048828125,135.0
2025-03-13 07:01:00+00:00,2947.60009765625,2947.60009765625,2946.5,2947.0,62.0
2025-03-13 07:02:00+00:00,2947.10009765625,2947.60009765625,2947.10009765625,2947.5,35.0
2025-03-13 07:03:00+00:00,2946.800048828125,2947.5,2946.800048828125,2947.0,39.0
2025-03-13 07:04:00+00:00,2946.0,2947.10009765625,2946.0,2946.89990234375,50.0
2025-03-13 07:05:00+00:00,2945.60009765625,2946.10009765625,2945.5,2946.0,79.0
2025-03-13 07:06:00+00:00,2945.800048828125,2945.89990234375,2945.300048828125,2945.699951171875,91.0
2025-03-13 07:07:00+00:00,2945.60009765625,2945.89990234375,2945.5,2945.800048828125,42.0
2025-03-13 07:08:00+00:00,2945.60009765625,2945.699951171875,2945.0,2945.5,53.0
2025-03-13 07:09:00+00:00,2946.0,2946.10009765625,2945.39990234375,2945.800048828125,27.0
2025-03-13 07:10:00+00:00,2945.60009765625,2946.0,2945.39990234375,2946.0,23.0
2025-03-13 07:11:00+00:00,2945.60009765625,2945.800048828125,2945.5,2945.60009765625,13.0
2025-03-13 07:12:00+00:00,2944.89990234375,2945.60009765625,2944.5,2945.60009765625,259.0
2025-03-13 07:13:00+00:00,2945.800048828125,2945.800048828125,2944.89990234375,2944.89990234375,65.0
2025-03-13 07:14:00+00:00,2946.0,2946.10009765625,2945.699951171875,2945.800048828125,40.0
2025-03-13 07:15:00+00:00,2946.199951171875,2946.60009765625,2946.0,2946.0,31.0
2025-03-13 07:16:00+00:00,2946.39990234375,2946.89990234375,2946.199951171875,2946.300048828125,40.0
2025-03-13 07:17:00+00:00,2946.5,2946.5,2946.0,2946.300048828125,39.0
2025-03-13 07:18:00+00:00,2945.60009765625,2946.5,2945.5,2946.5,55.0
2025-03-13 07:19:00+00:00,2944.800048828125,2945.699951171875,2944.60009765625,2945.699951171875,124.0
2025-03-13 07:20:00+00:00,2944.300048828125,2945.0,2944.0,2945.0,88.0
2025-03-13 07:21:00+00:00,2944.699951171875,2945.0,2944.39990234375,2944.39990234375,34.0
2025-03-13 07:22:00+00:00,2945.0,2945.10009765625,2944.60009765625,2944.800048828125,49.0
2025-03-13 07:23:00+00:00,2944.60009765625,2945.0,2944.60009765625,2944.89990234375,24.0
2025-03-13 07:24:00+00:00,2944.60009765625,2945.0,2944.60009765625,2944.800048828125,25.0
2025-03-13 07:25:00+00:00,2944.39990234375,2944.5,2943.699951171875,2944.5,126.0
2025-03-13 07:26:00+00:00,2944.39990234375,2944.60009765625,2944.0,2944.300048828125,35.0
2025-03-13 07:27:00+00:00,2945.199951171875,2945.199951171875,2944.39990234375,2944.39990234375,57.0
2025-03-13 07:28:00+00:00,2944.89990234375,2945.199951171875,2944.800048828125,2945.199951171875,24.0
2025-03-13 07:29:00+00:00,2944.699951171875,2945.0,2944.699951171875,2944.800048828125,24.0
2025-03-13 07:40:00+00:00,2944.199951171875,2944.199951171875,2943.60009765625,2943.60009765625,430.0
2025-03-13 07:41:00+00:00,2943.800048828125,2944.10009765625,2943.60009765625,2944.10009765625,32.0
2025-03-13 07:42:00+00:00,2943.39990234375,2943.800048828125,2943.39990234375,2943.800048828125,31.0
2025-03-13 07:43:00+00:00,2943.199951171875,2943.39990234375,2943.0,2943.39990234375,93.0
2025-03-13 07:44:00+00:00,2943.199951171875,2943.39990234375,2943.10009765625,2943.199951171875,46.0
2025-03-13 07:45:00+00:00,2943.699951171875,2944.10009765625,2943.300048828125,2943.300048828125,56.0
2025-03-13 07:46:00+00:00,2943.699951171875,2943.89990234375,2943.60009765625,2943.699951171875,16.0
2025-03-13 07:47:00+00:00,2943.39990234375,2943.800048828125,2943.300048828125,2943.699951171875,41.0
2025-03-13 07:48:00+00:00,2942.699951171875,2943.39990234375,2942.199951171875,2943.300048828125,305.0
2025-03-13 07:49:00+00:00,2943.10009765625,2943.300048828125,2942.60009765625,2942.89990234375,63.0
2025-03-13 07:50:00+00:00,2943.5,2944.10009765625,2943.199951171875,2943.300048828125,99.0
2025-03-13 07:51:00+00:00,2942.89990234375,2943.60009765625,2942.800048828125,2943.60009765625,38.0
2025-03-13 07:52:00+00:00,2942.5,2942.89990234375,2942.300048828125,2942.89990234375,57.0
2025-03-13 07:53:00+00:00,2943.699951171875,2943.800048828125,2942.5,2942.5,91.0
2025-03-13 07:54:00+00:00,2942.60009765625,2943.89990234375,2942.60009765625,2943.89990234375,89.0
2025-03-13 07:55:00+00:00,2943.5,2943.60009765625,2942.39990234375,2942.60009765625,69.0
2025-03-13 07:56:00+00:00,2944.10009765625,2944.60009765625,2943.10009765625,2943.39990234375,257.0
2025-03-13 07:57:00+00:00,2944.699951171875,2945.10009765625,2943.89990234375,2944.0,398.0
2025-03-13 07:58:00+00:00,2944.300048828125,2944.800048828125,2944.0,2944.699951171875,238.0
2025-03-13 07:59:00+00:00,2944.89990234375,2945.0,2944.300048828125,2944.39990234375,79.0
2025-03-13 08:00:00+00:00,2945.0,2945.300048828125,2944.5,2944.800048828125,188.0
2025-03-13 08:01:00+00:00,2945.0,2945.300048828125,2944.699951171875,2944.89990234375,191.0
2025-03-13 08:02:00+00:00,2945.0,2945.39990234375,2944.39990234375,2944.89990234375,268.0
2025-03-13 08:03:00+00:00,2945.89990234375,2946.60009765625,2945.0,2945.10009765625,470.0
2025-03-13 08:04:00+00:00,2945.60009765625,2946.10009765625,2945.199951171875,2945.800048828125,299.0
2025-03-13 08:05:00+00:00,2945.89990234375,2946.199951171875,2945.199951171875,2945.5,145.0
2025-03-13 08:06:00+00:00,2946.300048828125,2946.39990234375,2945.800048828125,2946.0,201.0
2025-03-13 08:07:00+00:00,2946.5,2946.60009765625,2945.89990234375,2946.39990234375,136.0
2025-03-13 08:08:00+00:00,2947.0,2947.300048828125,2946.39990234375,2946.39990234375,156.0
2025-03-13 08:09:00+00:00,2947.60009765625,2947.800048828125,2946.89990234375,2947.0,349.0
2025-03-13 08:10:00+00:00,2947.0,2948.89990234375,2946.10009765625,2947.60009765625,696.0
2025-03-13 08:11:00+00:00,2948.199951171875,2948.60009765625,2946.800048828125,2947.0,161.0
2025-03-13 08:12:00+00:00,2950.60009765625,2950.699951171875,2947.5,2948.300048828125,452.0
2025-03-13 08:13:00+00:00,2950.39990234375,2951.300048828125,2950.0,2950.60009765625,226.0
2025-03-13 08:14:00+00:00,2951.0,2951.0,2950.300048828125,2950.300048828125,82.0
2025-03-13 08:15:00+00:00,2950.89990234375,2951.39990234375,2950.300048828125,2950.89990234375,100.0
2025-03-13 08:16:00+00:00,2951.39990234375,2951.60009765625,2950.800048828125,2950.800048828125,93.0
2025-03-13 08:17:00+00:00,2951.800048828125,2952.89990234375,2951.199951171875,2951.199951171875,171.0
2025-03-13 08:18:00+00:00,2951.300048828125,2952.10009765625,2951.0,2951.89990234375,120.0
2025-03-13 08:19:00+00:00,2951.60009765625,2951.89990234375,2951.0,2951.39990234375,100.0
2025-03-13 08:20:00+00:00,2951.39990234375,2951.5,2950.89990234375,2951.300048828125,58.0
2025-03-13 08:21:00+00:00,2951.699951171875,2952.10009765625,2951.39990234375,2951.60009765625,27.0
2025-03-13 08:22:00+00:00,2951.199951171875,2952.10009765625,2951.199951171875,2951.800048828125,105.0
2025-03-13 08:23:00+00:00,2951.10009765625,2951.800048828125,2951.10009765625,2951.199951171875,89.0
2025-03-13 08:24:00+00:00,2951.0,2951.10009765625,2950.800048828125,2951.10009765625,52.0
2025-03-13 08:25:00+00:00,2952.0,2952.39990234375,2950.89990234375,2950.89990234375,123.0
2025-03-13 08:26:00+00:00,2952.0,2952.199951171875,2951.800048828125,2952.0,47.0
2025-03-13 08:27:00+00:00,2950.800048828125,2951.89990234375,2950.800048828125,2951.800048828125,61.0
2025-03-13 08:28:00+00:00,2951.10009765625,2951.39990234375,2950.699951171875,2951.0,50.0
2025-03-13 08:29:00+00:00,2951.60009765625,2951.89990234375,2951.199951171875,2951.5,140.0
2025-03-13 08:30:00+00:00,2952.199951171875,2952.300048828125,2951.199951171875,2951.699951171875,79.0
2025-03-13 08:31:00+00:00,2952.800048828125,2953.10009765625,2952.10009765625,2952.39990234375,148.0
2025-03-13 08:32:00+00:00,2953.199951171875,2953.300048828125,2952.39990234375,2952.800048828125,120.0
2025-03-13 08:33:00+00:00,2953.10009765625,2953.60009765625,2952.89990234375,2953.199951171875,119.0
2025-03-13 08:34:00+00:00,2953.300048828125,2953.5,2953.0,2953.10009765625,69.0
2025-03-13 08:35:00+00:00,2952.89990234375,2953.39990234375,2952.699951171875,2953.39990234375,69.0
2025-03-13 08:36:00+00:00,2953.60009765625,2953.89990234375,2952.60009765625,2952.60009765625,159.0
2025-03-13 08:37:00+00:00,2954.5,2954.699951171875,2953.300048828125,2953.39990234375,101.0
2025-03-13 08:38:00+00:00,2953.39990234375,2954.39990234375,2953.300048828125,2954.300048828125,107.0
2025-03-13 08:39:00+00:00,2952.699951171875,2953.5,2952.60009765625,2953.5,123.0
2025-03-13 08:40:00+00:00,2953.300048828125,2953.39990234375,2952.60009765625,2952.89990234375,67.0
2025-03-13 08:41:00+00:00,2953.10009765625,2953.300048828125,2953.10009765625,2953.300048828125,10.0
2025-03-13 08:42:00+00:00,2952.89990234375,2953.10009765625,2952.0,2953.10009765625,111.0
2025-03-13 08:43:00+00:00,2952.5,2953.0,2952.5,2953.0,62.0
2025-03-13 08:44:00+00:00,2952.699951171875,2953.0,2952.10009765625,2952.39990234375,136.0
2025-03-13 08:45:00+00:00,2952.5,2952.699951171875,2952.199951171875,2952.60009765625,40.0
2025-03-13 08:46:00+00:00,2952.39990234375,2952.5,2951.89990234375,2952.5,59.0
2025-03-13 08:47:00+00:00,2952.10009765625,2953.0,2952.10009765625,2952.300048828125,65.0
2025-03-13 08:48:00+00:00,2952.699951171875,2952.699951171875,2951.800048828125,2952.0,90.0
2025-03-13 08:49:00+00:00,2951.89990234375,2952.60009765625,2951.699951171875,2952.60009765625,48.0
2025-03-13 08:50:00+00:00,2952.10009765625,2952.39990234375,2951.699951171875,2951.89990234375,41.0
2025-03-13 08:51:00+00:00,2952.60009765625,2952.800048828125,2951.89990234375,2951.89990234375,65.0
2025-03-13 08:52:00+00:00,2952.800048828125,2953.5,2952.60009765625,2952.60009765625,141.0
2025-03-13 08:53:00+00:00,2952.10009765625,2952.89990234375,2952.0,2952.89990234375,29.0
2025-03-13 08:54:00+00:00,2951.800048828125,2952.199951171875,2951.699951171875,2952.10009765625,50.0
2025-03-13 08:55:00+00:00,2951.199951171875,2951.699951171875,2951.0,2951.699951171875,74.0
2025-03-13 08:56:00+00:00,2951.199951171875,2951.5,2950.39990234375,2951.10009765625,232.0
2025-03-13 08:57:00+00:00,2951.300048828125,2951.39990234375,2950.60009765625,2951.300048828125,88.0
2025-03-13 08:58:00+00:00,2951.10009765625,2951.5,2950.89990234375,2951.300048828125,140.0
2025-03-13 08:59:00+00:00,2950.89990234375,2951.199951171875,2950.800048828125,2951.10009765625,53.0
2025-03-13 09:00:00+00:00,2950.199951171875,2951.39990234375,2950.199951171875,2950.699951171875,204.0
2025-03-13 09:01:00+00:00,2950.89990234375,2951.0,2950.300048828125,2950.39990234375,48.0
2025-03-13 09:02:00+00:00,2951.10009765625,2951.60009765625,2950.800048828125,2951.0,85.0
2025-03-13 09:03:00+00:00,2951.10009765625,2951.89990234375,2950.699951171875,2950.89990234375,106.0
2025-03-13 09:04:00+00:00,2951.60009765625,2951.699951171875,2950.60009765625,2951.199951171875,56.0
2025-03-13 09:05:00+00:00,2951.300048828125,2951.699951171875,2951.199951171875,2951.60009765625,33.0
2025-03-13 09:06:00+00:00,2951.5,2951.699951171875,2951.0,2951.10009765625,68.0
2025-03-13 09:07:00+00:00,2951.800048828125,2952.5,2951.39990234375,2951.39990234375,99.0
2025-03-13 09:08:00+00:00,2951.800048828125,2951.800048828125,2951.39990234375,2951.699951171875,34.0
2025-03-13 09:09:00+00:00,2951.39990234375,2951.5,2951.10009765625,2951.5,47.0
2025-03-13 09:10:00+00:00,2951.39990234375,2951.699951171875,2951.300048828125,2951.5,31.0
2025-03-13 09:11:00+00:00,2952.10009765625,2952.300048828125,2951.60009765625,2951.699951171875,89.0
2025-03-13 09:12:00+00:00,2952.699951171875,2952.699951171875,2952.0,2952.0,123.0
2025-03-13 09:13:00+00:00,2951.800048828125,2952.699951171875,2951.699951171875,2952.60009765625,99.0
2025-03-13 09:14:00+00:00,2951.0,2951.89990234375,2950.699951171875,2951.800048828125,182.0
2025-03-13 09:15:00+00:00,2950.699951171875,2951.5,2950.39990234375,2950.89990234375,199.0
2025-03-13 09:16:00+00:00,2951.199951171875,2951.39990234375,2950.39990234375,2950.60009765625,220.0
2025-03-13 09:17:00+00:00,2952.300048828125,2952.39990234375,2951.199951171875,2951.300048828125,144.0
2025-03-13 09:18:00+00:00,2953.0,2953.199951171875,2952.39990234375,2952.39990234375,108.0
2025-03-13 09:19:00+00:00,2953.39990234375,2953.5,2953.199951171875,2953.199951171875,64.0
2025-03-13 09:20:00+00:00,2955.0,2955.10009765625,2953.199951171875,2953.199951171875,267.0
2025-03-13 09:21:00+00:00,2954.89990234375,2955.10009765625,2954.199951171875,2955.10009765625,218.0
2025-03-13 09:22:00+00:00,2954.89990234375,2954.89990234375,2954.300048828125,2954.89990234375,40.0
2025-03-13 09:23:00+00:00,2955.699951171875,2955.699951171875,2954.60009765625,2954.800048828125,112.0
2025-03-13 09:24:00+00:00,2955.199951171875,2956.300048828125,2954.89990234375,2955.699951171875,129.0
2025-03-13 09:25:00+00:00,2954.89990234375,2955.39990234375,2954.800048828125,2955.10009765625,54.0
2025-03-13 09:26:00+00:00,2954.699951171875,2954.800048828125,2954.199951171875,2954.800048828125,98.0
2025-03-13 09:27:00+00:00,2954.10009765625,2954.800048828125,2954.0,2954.60009765625,47.0
2025-03-13 09:28:00+00:00,2954.39990234375,2954.800048828125,2954.10009765625,2954.199951171875,71.0
2025-03-13 09:29:00+00:00,2954.39990234375,2954.5,2954.0,2954.300048828125,34.0
2025-03-13 09:30:00+00:00,2954.39990234375,2954.39990234375,2954.300048828125,2954.39990234375,4.0
2025-03-13 09:40:00+00:00,2956.300048828125,2956.39990234375,2955.800048828125,2955.89990234375,871.0
2025-03-13 09:41:00+00:00,2956.5,2956.699951171875,2956.300048828125,2956.39990234375,48.0
2025-03-13 09:42:00+00:00,2956.60009765625,2956.800048828125,2956.199951171875,2956.300048828125,63.0
2025-03-13 09:43:00+00:00,2956.800048828125,2957.0,2956.5,2956.5,72.0
2025-03-13 09:44:00+00:00,2957.0,2957.0,2956.60009765625,2956.699951171875,54.0
2025-03-13 09:45:00+00:00,2956.39990234375,2957.0,2956.39990234375,2957.0,39.0
2025-03-13 09:46:00+00:00,2956.800048828125,2956.800048828125,2956.10009765625,2956.300048828125,58.0
2025-03-13 09:47:00+00:00,2956.89990234375,2957.10009765625,2956.5,2956.699951171875,69.0
2025-03-13 09:48:00+00:00,2956.300048828125,2957.5,2956.300048828125,2957.0,183.0
2025-03-13 09:49:00+00:00,2956.10009765625,2956.60009765625,2955.699951171875,2956.199951171875,134.0
2025-03-13 09:50:00+00:00,2956.800048828125,2957.0,2956.0,2956.0,73.0
2025-03-13 09:51:00+00:00,2956.800048828125,2957.199951171875,2956.300048828125,2956.699951171875,42.0
2025-03-13 09:52:00+00:00,2956.199951171875,2956.89990234375,2956.0,2956.800048828125,78.0
2025-03-13 09:53:00+00:00,2956.300048828125,2956.89990234375,2956.199951171875,2956.300048828125,63.0
2025-03-13 09:54:00+00:00,2956.0,2956.300048828125,2955.89990234375,2956.199951171875,56.0
2025-03-13 09:55:00+00:00,2956.39990234375,2956.39990234375,2956.0,2956.0,28.0
2025-03-13 09:56:00+00:00,2955.800048828125,2956.39990234375,2955.60009765625,2956.39990234375,72.0
2025-03-13 09:57:00+00:00,2956.300048828125,2956.300048828125,2955.60009765625,2955.800048828125,55.0
2025-03-13 09:58:00+00:00,2956.699951171875,2956.89990234375,2956.199951171875,2956.199951171875,52.0
2025-03-13 09:59:00+00:00,2956.5,2957.0,2956.5,2956.800048828125,64.0
2025-03-13 10:00:00+00:00,2957.0,2957.0,2956.39990234375,2956.699951171875,34.0
2025-03-13 10:01:00+00:00,2956.300048828125,2956.800048828125,2956.300048828125,2956.800048828125,84.0
2025-03-13 10:02:00+00:00,2956.5,2956.699951171875,2956.199951171875,2956.39990234375,45.0
2025-03-13 10:03:00+00:00,2957.0,2957.0,2956.60009765625,2956.60009765625,26.0
2025-03-13 10:04:00+00:00,2957.10009765625,2957.5,2957.0,2957.0,62.0
2025-03-13 10:05:00+00:00,2956.5,2957.300048828125,2956.300048828125,2957.199951171875,187.0
2025-03-13 10:06:00+00:00,2957.0,2957.199951171875,2956.60009765625,2956.60009765625,59.0
2025-03-13 10:07:00+00:00,2955.89990234375,2956.800048828125,2955.89990234375,2956.800048828125,90.0
2025-03-13 10:08:00+00:00,2956.0,2956.0,2955.699951171875,2956.0,29.0
2025-03-13 10:09:00+00:00,2955.5,2956.0,2954.89990234375,2955.89990234375,115.0
2025-03-13 10:10:00+00:00,2955.699951171875,2956.0,2955.60009765625,2955.60009765625,36.0
2025-03-13 10:11:00+00:00,2955.300048828125,2955.89990234375,2955.300048828125,2955.699951171875,64.0
2025-03-13 10:12:00+00:00,2954.0,2955.5,2953.89990234375,2955.39990234375,279.0
2025-03-13 10:13:00+00:00,2954.199951171875,2954.60009765625,2954.10009765625,2954.199951171875,54.0
2025-03-13 10:14:00+00:00,2954.10009765625,2954.300048828125,2953.89990234375,2954.199951171875,58.0
2025-03-13 10:15:00+00:00,2953.39990234375,2954.0,2952.800048828125,2954.0,204.0
2025-03-13 10:16:00+00:00,2953.60009765625,2953.60009765625,2953.39990234375,2953.39990234375,37.0
2025-03-13 10:17:00+00:00,2953.0,2953.699951171875,2953.0,2953.5,64.0
2025-03-13 10:18:00+00:00,2952.89990234375,2953.300048828125,2952.0,2953.0,222.0
2025-03-13 10:19:00+00:00,2953.60009765625,2953.60009765625,2952.800048828125,2953.0,67.0
2025-03-13 10:20:00+00:00,2953.800048828125,2954.199951171875,2953.60009765625,2953.60009765625,54.0
2025-03-13 10:21:00+00:00,2953.300048828125,2953.89990234375,2953.199951171875,2953.699951171875,46.0
2025-03-13 10:22:00+00:00,2953.39990234375,2953.60009765625,2953.10009765625,2953.39990234375,38.0
2025-03-13 10:23:00+00:00,2953.199951171875,2953.60009765625,2952.800048828125,2953.5,113.0
2025-03-13 10:24:00+00:00,2952.60009765625,2953.300048828125,2952.10009765625,2953.199951171875,115.0
2025-03-13 10:25:00+00:00,2953.0,2953.5,2952.800048828125,2952.800048828125,28.0
2025-03-13 10:26:00+00:00,2953.300048828125,2953.300048828125,2953.0,2953.0,9.0
2025-03-13 10:27:00+00:00,2953.5,2953.699951171875,2953.300048828125,2953.300048828125,25.0
2025-03-13 10:28:00+00:00,2952.89990234375,2953.60009765625,2952.89990234375,2953.60009765625,47.0
2025-03-13 10:29:00+00:00,2953.60009765625,2953.60009765625,2952.699951171875,2953.10009765625,86.0
2025-03-13 10:30:00+00:00,2953.199951171875,2953.89990234375,2952.800048828125,2953.39990234375,122.0
2025-03-13 10:31:00+00:00,2953.39990234375,2954.0,2952.800048828125,2953.10009765625,122.0
2025-03-13 10:32:00+00:00,2953.800048828125,2954.10009765625,2953.0,2953.39990234375,106.0
2025-03-13 10:33:00+00:00,2954.199951171875,2954.39990234375,2953.300048828125,2953.800048828125,62.0
2025-03-13 10:34:00+00:00,2953.699951171875,2954.199951171875,2953.60009765625,2954.0,33.0
2025-03-13 10:35:00+00:00,2952.5,2953.699951171875,2952.39990234375,2953.699951171875,52.0
2025-03-13 10:36:00+00:00,2952.300048828125,2952.699951171875,2952.199951171875,2952.60009765625,48.0
2025-03-13 10:37:00+00:00,2952.10009765625,2952.300048828125,2951.89990234375,2952.199951171875,88.0
2025-03-13 10:38:00+00:00,2952.60009765625,2952.699951171875,2951.699951171875,2952.0,56.0
2025-03-13 10:39:00+00:00,2953.10009765625,2953.300048828125,2952.699951171875,2952.800048828125,56.0
2025-03-13 10:40:00+00:00,2953.199951171875,2953.699951171875,2952.89990234375,2953.199951171875,102.0
2025-03-13 10:41:00+00:00,2952.800048828125,2953.199951171875,2952.5,2953.199951171875,102.0
2025-03-13 10:42:00+00:00,2952.60009765625,2953.10009765625,2952.60009765625,2953.0,52.0
2025-03-13 10:43:00+00:00,2952.300048828125,2952.5,2952.199951171875,2952.5,107.0
2025-03-13 10:44:00+00:00,2952.10009765625,2952.39990234375,2951.699951171875,2952.199951171875,118.0
2025-03-13 10:45:00+00:00,2953.199951171875,2953.199951171875,2952.10009765625,2952.10009765625,73.0
2025-03-13 10:46:00+00:00,2952.89990234375,2953.300048828125,2952.5,2953.300048828125,61.0
2025-03-13 10:47:00+00:00,2953.300048828125,2953.39990234375,2952.800048828125,2953.0,41.0
2025-03-13 10:48:00+00:00,2953.5,2953.60009765625,2953.300048828125,2953.300048828125,22.0
2025-03-13 10:49:00+00:00,2953.60009765625,2953.60009765625,2953.10009765625,2953.39990234375,43.0
2025-03-13 10:50:00+00:00,2953.60009765625,2954.199951171875,2953.39990234375,2953.800048828125,71.0
2025-03-13 10:51:00+00:00,2953.39990234375,2953.699951171875,2953.300048828125,2953.699951171875,34.0
2025-03-13 10:52:00+00:00,2952.800048828125,2953.699951171875,2952.800048828125,2953.300048828125,98.0
2025-03-13 10:53:00+00:00,2953.10009765625,2953.39990234375,2952.89990234375,2952.89990234375,44.0
2025-03-13 10:54:00+00:00,2953.300048828125,2953.300048828125,2953.0,2953.0,18.0
2025-03-13 10:55:00+00:00,2952.89990234375,2953.39990234375,2952.800048828125,2953.300048828125,66.0
2025-03-13 10:56:00+00:00,2953.300048828125,2953.300048828125,2952.5,2952.800048828125,45.0
2025-03-13 10:57:00+00:00,2953.0,2953.5,2952.89990234375,2953.39990234375,46.0
2025-03-13 10:58:00+00:00,2953.39990234375,2953.39990234375,2953.0,2953.10009765625,78.0
2025-03-13 10:59:00+00:00,2953.199951171875,2953.5,2953.199951171875,2953.39990234375,135.0
2025-03-13 11:00:00+00:00,2954.5,2954.699951171875,2953.300048828125,2953.39990234375,256.0
2025-03-13 11:01:00+00:00,2955.10009765625,2955.5,2954.5,2954.60009765625,105.0
2025-03-13 11:02:00+00:00,2954.800048828125,2955.199951171875,2954.39990234375,2955.199951171875,159.0
2025-03-13 11:03:00+00:00,2955.10009765625,2955.199951171875,2954.89990234375,2955.0,20.0
2025-03-13 11:04:00+00:00,2955.300048828125,2955.5,2955.10009765625,2955.300048828125,27.0
2025-03-13 11:05:00+00:00,2955.39990234375,2955.89990234375,2955.300048828125,2955.300048828125,51.0
2025-03-13 11:06:00+00:00,2954.89990234375,2955.60009765625,2954.89990234375,2955.5,44.0
2025-03-13 11:07:00+00:00,2954.60009765625,2955.199951171875,2954.300048828125,2955.10009765625,101.0
2025-03-13 11:08:00+00:00,2955.60009765625,2955.60009765625,2954.699951171875,2954.699951171875,44.0
2025-03-13 11:09:00+00:00,2956.10009765625,2956.10009765625,2955.5,2955.800048828125,108.0
2025-03-13 11:10:00+00:00,2956.199951171875,2956.60009765625,2956.10009765625,2956.199951171875,83.0
2025-03-13 11:11:00+00:00,2956.10009765625,2956.199951171875,2955.39990234375,2956.10009765625,109.0
2025-03-13 11:12:00+00:00,2955.800048828125,2956.10009765625,2955.39990234375,2956.0,57.0
2025-03-13 11:13:00+00:00,2955.5,2956.10009765625,2955.300048828125,2955.800048828125,46.0
2025-03-13 11:14:00+00:00,2955.0,2955.5,2955.0,2955.39990234375,71.0
2025-03-13 11:15:00+00:00,2955.60009765625,2955.60009765625,2955.0,2955.10009765625,58.0
2025-03-13 11:16:00+00:00,2955.199951171875,2955.60009765625,2954.800048828125,2955.5,161.0
2025-03-13 11:17:00+00:00,2955.89990234375,2956.0,2955.39990234375,2955.39990234375,33.0
2025-03-13 11:18:00+00:00,2954.699951171875,2955.800048828125,2954.39990234375,2955.800048828125,188.0
2025-03-13 11:19:00+00:00,2955.300048828125,2955.699951171875,2954.300048828125,2954.60009765625,176.0
2025-03-13 11:20:00+00:00,2954.199951171875,2955.300048828125,2954.199951171875,2955.10009765625,66.0
2025-03-13 11:21:00+00:00,2953.800048828125,2954.199951171875,2953.699951171875,2954.10009765625,55.0
2025-03-13 11:22:00+00:00,2954.300048828125,2954.5,2953.89990234375,2953.89990234375,46.0
2025-03-13 11:23:00+00:00,2954.39990234375,2954.39990234375,2954.199951171875,2954.300048828125,14.0
2025-03-13 11:24:00+00:00,2955.300048828125,2955.300048828125,2954.39990234375,2954.39990234375,53.0
2025-03-13 11:25:00+00:00,2955.89990234375,2956.199951171875,2954.89990234375,2955.300048828125,123.0
2025-03-13 11:26:00+00:00,2955.60009765625,2956.10009765625,2955.5,2955.89990234375,108.0
2025-03-13 11:27:00+00:00,2956.0,2956.0,2955.5,2955.5,30.0
2025-03-13 11:28:00+00:00,2955.10009765625,2956.0,2955.10009765625,2956.0,99.0
2025-03-13 11:29:00+00:00,2954.89990234375,2955.300048828125,2954.89990234375,2955.300048828125,41.0
2025-03-13 11:30:00+00:00,2955.89990234375,2955.89990234375,2954.800048828125,2954.800048828125,28.0
2025-03-13 11:31:00+00:00,2956.0,2956.60009765625,2955.60009765625,2955.800048828125,254.0
2025-03-13 11:32:00+00:00,2956.10009765625,2956.300048828125,2955.60009765625,2955.89990234375,435.0
2025-03-13 11:33:00+00:00,2955.89990234375,2956.60009765625,2955.699951171875,2956.199951171875,163.0
2025-03-13 11:34:00+00:00,2955.39990234375,2956.199951171875,2955.39990234375,2956.0,41.0
2025-03-13 11:35:00+00:00,2955.800048828125,2955.800048828125,2955.0,2955.39990234375,71.0
2025-03-13 11:36:00+00:00,2956.10009765625,2956.300048828125,2956.0,2956.0,16.0
2025-03-13 11:37:00+00:00,2955.800048828125,2956.10009765625,2955.39990234375,2956.10009765625,52.0
2025-03-13 11:38:00+00:00,2955.5,2955.89990234375,2955.5,2955.699951171875,29.0
2025-03-13 11:39:00+00:00,2955.39990234375,2955.5,2955.0,2955.5,29.0
2025-03-13 11:40:00+00:00,2955.800048828125,2956.10009765625,2955.699951171875,2955.89990234375,97.0
2025-03-13 11:41:00+00:00,2956.89990234375,2957.0,2956.0,2956.0,121.0
2025-03-13 11:42:00+00:00,2956.89990234375,2957.39990234375,2956.89990234375,2957.0,101.0
2025-03-13 11:43:00+00:00,2957.300048828125,2958.0,2956.89990234375,2956.89990234375,149.0
2025-03-13 11:44:00+00:00,2956.89990234375,2957.5,2956.89990234375,2957.199951171875,58.0
2025-03-13 11:45:00+00:00,2956.199951171875,2957.10009765625,2956.199951171875,2956.89990234375,35.0
2025-03-13 11:46:00+00:00,2955.89990234375,2956.39990234375,2955.5,2956.199951171875,104.0
2025-03-13 11:47:00+00:00,2956.0,2956.39990234375,2955.60009765625,2956.0,121.0
2025-03-13 11:48:00+00:00,2956.199951171875,2956.39990234375,2955.5,2955.800048828125,184.0
2025-03-13 11:49:00+00:00,2956.199951171875,2956.5,2956.0,2956.199951171875,65.0
2025-03-13 11:50:00+00:00,2956.300048828125,2956.300048828125,2956.0,2956.199951171875,17.0
2025-03-13 11:51:00+00:00,2955.89990234375,2956.39990234375,2955.60009765625,2956.39990234375,89.0
2025-03-13 11:52:00+00:00,2955.699951171875,2956.10009765625,2955.5,2955.89990234375,39.0
2025-03-13 11:53:00+00:00,2955.699951171875,2956.10009765625,2955.699951171875,2955.699951171875,25.0
2025-03-13 11:54:00+00:00,2955.699951171875,2956.199951171875,2955.5,2955.699951171875,121.0
2025-03-13 11:55:00+00:00,2955.800048828125,2955.89990234375,2955.60009765625,2955.800048828125,26.0
2025-03-13 11:56:00+00:00,2955.699951171875,2955.800048828125,2955.10009765625,2955.800048828125,42.0
2025-03-13 11:57:00+00:00,2955.699951171875,2955.800048828125,2955.699951171875,2955.800048828125,7.0
2025-03-13 11:58:00+00:00,2954.800048828125,2956.10009765625,2954.60009765625,2955.699951171875,97.0
2025-03-13 11:59:00+00:00,2955.199951171875,2955.39990234375,2954.300048828125,2954.800048828125,94.0
2025-03-13 12:00:00+00:00,2956.10009765625,2956.199951171875,2955.199951171875,2955.199951171875,80.0
2025-03-13 12:01:00+00:00,2956.800048828125,2957.10009765625,2955.800048828125,2956.10009765625,178.0
2025-03-13 12:02:00+00:00,2957.5,2957.699951171875,2957.0,2957.0,88.0
2025-03-13 12:03:00+00:00,2958.10009765625,2958.800048828125,2957.5,2957.699951171875,405.0
2025-03-13 12:04:00+00:00,2958.0,2958.39990234375,2957.699951171875,2958.199951171875,152.0
2025-03-13 12:05:00+00:00,2958.199951171875,2958.699951171875,2958.0,2958.0,144.0
2025-03-13 12:06:00+00:00,2957.800048828125,2958.89990234375,2957.60009765625,2958.300048828125,1403.0
2025-03-13 12:07:00+00:00,2957.0,2957.800048828125,2957.0,2957.800048828125,66.0
2025-03-13 12:08:00+00:00,2956.699951171875,2957.39990234375,2956.5,2957.0,246.0
2025-03-13 12:09:00+00:00,2956.39990234375,2957.0,2956.39990234375,2956.699951171875,92.0
2025-03-13 12:10:00+00:00,2956.699951171875,2956.89990234375,2955.89990234375,2956.39990234375,86.0
2025-03-13 12:11:00+00:00,2956.699951171875,2957.39990234375,2956.699951171875,2956.699951171875,103.0
2025-03-13 12:12:00+00:00,2956.0,2957.0,2955.800048828125,2956.5,96.0
2025-03-13 12:13:00+00:00,2955.5,2956.199951171875,2955.39990234375,2955.89990234375,76.0
2025-03-13 12:14:00+00:00,2954.800048828125,2955.89990234375,2954.699951171875,2955.60009765625,254.0
2025-03-13 12:15:00+00:00,2954.89990234375,2955.39990234375,2954.60009765625,2954.699951171875,84.0
2025-03-13 12:16:00+00:00,2955.199951171875,2955.5,2955.0,2955.10009765625,40.0
2025-03-13 12:17:00+00:00,2956.39990234375,2956.39990234375,2955.0,2955.199951171875,104.0
2025-03-13 12:18:00+00:00,2956.60009765625,2956.800048828125,2956.199951171875,2956.39990234375,69.0
2025-03-13 12:19:00+00:00,2956.60009765625,2956.89990234375,2956.300048828125,2956.5,134.0
2025-03-13 12:20:00+00:00,2956.0,2957.300048828125,2955.800048828125,2956.699951171875,166.0
2025-03-13 12:21:00+00:00,2954.300048828125,2955.89990234375,2954.300048828125,2955.89990234375,274.0
2025-03-13 12:22:00+00:00,2954.699951171875,2954.800048828125,2953.10009765625,2954.199951171875,333.0
2025-03-13 12:23:00+00:00,2954.199951171875,2955.0,2953.89990234375,2954.699951171875,138.0
2025-03-13 12:24:00+00:00,2953.10009765625,2954.300048828125,2952.300048828125,2954.300048828125,221.0
2025-03-13 12:25:00+00:00,2952.300048828125,2953.10009765625,2952.199951171875,2953.0,135.0
2025-03-13 12:26:00+00:00,2951.5,2952.300048828125,2951.199951171875,2952.300048828125,371.0
2025-03-13 12:27:00+00:00,2950.89990234375,2951.800048828125,2950.699951171875,2951.60009765625,216.0
2025-03-13 12:28:00+00:00,2951.39990234375,2952.10009765625,2950.5,2951.0,133.0
2025-03-13 12:29:00+00:00,2951.89990234375,2951.89990234375,2951.199951171875,2951.39990234375,118.0
2025-03-13 12:30:00+00:00,2956.89990234375,2957.5,2952.10009765625,2952.10009765625,2188.0
2025-03-13 12:31:00+00:00,2954.699951171875,2957.0,2954.39990234375,2956.699951171875,773.0
2025-03-13 12:32:00+00:00,2953.60009765625,2955.199951171875,2953.199951171875,2954.60009765625,244.0
2025-03-13 12:33:00+00:00,2954.10009765625,2954.60009765625,2952.89990234375,2953.60009765625,203.0
2025-03-13 12:34:00+00:00,2952.800048828125,2954.199951171875,2952.5,2954.10009765625,218.0
2025-03-13 12:35:00+00:00,2951.699951171875,2953.10009765625,2951.699951171875,2953.0,218.0
2025-03-13 12:36:00+00:00,2952.0,2952.39990234375,2950.89990234375,2951.60009765625,287.0
2025-03-13 12:37:00+00:00,2952.800048828125,2953.60009765625,2952.199951171875,2952.199951171875,245.0
2025-03-13 12:38:00+00:00,2951.89990234375,2953.5,2951.39990234375,2952.89990234375,169.0
2025-03-13 12:39:00+00:00,2955.10009765625,2955.10009765625,2952.0,2952.0,358.0
2025-03-13 12:40:00+00:00,2956.699951171875,2956.800048828125,2955.0,2955.199951171875,394.0
2025-03-13 12:41:00+00:00,2956.0,2956.89990234375,2955.10009765625,2956.800048828125,276.0
2025-03-13 12:42:00+00:00,2954.699951171875,2956.699951171875,2954.699951171875,2956.10009765625,280.0
2025-03-13 12:43:00+00:00,2955.199951171875,2956.0,2954.60009765625,2954.60009765625,129.0
2025-03-13 12:44:00+00:00,2954.800048828125,2955.89990234375,2954.699951171875,2955.5,166.0
2025-03-13 12:45:00+00:00,2955.5,2955.89990234375,2954.89990234375,2954.89990234375,86.0
2025-03-13 12:46:00+00:00,2955.0,2955.89990234375,2954.89990234375,2955.300048828125,219.0
2025-03-13 12:47:00+00:00,2953.89990234375,2954.89990234375,2953.89990234375,2954.89990234375,108.0
2025-03-13 12:48:00+00:00,2954.199951171875,2955.300048828125,2953.5,2953.89990234375,114.0
2025-03-13 12:49:00+00:00,2954.0,2954.5,2953.800048828125,2954.300048828125,38.0
2025-03-13 12:50:00+00:00,2954.199951171875,2954.699951171875,2953.199951171875,2954.0,91.0
2025-03-13 12:51:00+00:00,2956.60009765625,2956.800048828125,2953.89990234375,2954.39990234375,186.0
2025-03-13 12:52:00+00:00,2955.800048828125,2956.800048828125,2955.800048828125,2956.5,181.0
2025-03-13 12:53:00+00:00,2953.699951171875,2955.699951171875,2953.300048828125,2955.60009765625,237.0
2025-03-13 12:54:00+00:00,2953.5,2953.699951171875,2952.699951171875,2953.60009765625,126.0
2025-03-13 12:55:00+00:00,2952.800048828125,2953.89990234375,2952.5,2953.39990234375,307.0
2025-03-13 12:56:00+00:00,2952.89990234375,2953.60009765625,2952.800048828125,2953.0,105.0
2025-03-13 12:57:00+00:00,2952.300048828125,2953.199951171875,2952.300048828125,2953.0,79.0
2025-03-13 12:58:00+00:00,2951.10009765625,2952.60009765625,2950.199951171875,2952.39990234375,325.0
2025-03-13 12:59:00+00:00,2951.800048828125,2952.0,2950.89990234375,2951.0,150.0
2025-03-13 13:00:00+00:00,2950.0,2951.699951171875,2947.60009765625,2951.699951171875,1243.0
2025-03-13 13:01:00+00:00,2950.60009765625,2950.699951171875,2949.800048828125,2950.0,241.0
2025-03-13 13:02:00+00:00,2950.5,2951.60009765625,2949.800048828125,2950.60009765625,362.0
2025-03-13 13:03:00+00:00,2950.39990234375,2951.199951171875,2950.10009765625,2950.300048828125,176.0
2025-03-13 13:04:00+00:00,2951.800048828125,2952.39990234375,2950.300048828125,2950.300048828125,286.0
2025-03-13 13:05:00+00:00,2954.10009765625,2954.10009765625,2952.10009765625,2952.10009765625,317.0
2025-03-13 13:06:00+00:00,2952.800048828125,2954.5,2952.699951171875,2954.10009765625,164.0
2025-03-13 13:07:00+00:00,2952.89990234375,2952.89990234375,2951.89990234375,2952.699951171875,147.0
2025-03-13 13:08:00+00:00,2952.5,2953.800048828125,2952.5,2952.800048828125,183.0
2025-03-13 13:09:00+00:00,2953.199951171875,2953.199951171875,2952.39990234375,2952.5,1053.0
2025-03-13 13:10:00+00:00,2953.800048828125,2954.39990234375,2952.800048828125,2953.199951171875,328.0
2025-03-13 13:11:00+00:00,2953.800048828125,2954.699951171875,2953.699951171875,2953.89990234375,207.0
2025-03-13 13:12:00+00:00,2952.5,2953.89990234375,2952.300048828125,2953.800048828125,147.0
2025-03-13 13:13:00+00:00,2952.800048828125,2953.0,2952.10009765625,2952.300048828125,66.0
2025-03-13 13:14:00+00:00,2951.60009765625,2953.0,2951.5,2952.89990234375,110.0
2025-03-13 13:15:00+00:00,2951.60009765625,2952.300048828125,2951.0,2951.5,158.0
2025-03-13 13:16:00+00:00,2952.199951171875,2952.5,2951.0,2951.300048828125,106.0
2025-03-13 13:17:00+00:00,2952.5,2952.60009765625,2951.199951171875,2952.0,86.0
2025-03-13 13:18:00+00:00,2952.10009765625,2952.60009765625,2951.60009765625,2952.39990234375,127.0
2025-03-13 13:19:00+00:00,2953.300048828125,2953.300048828125,2952.39990234375,2952.5,91.0
2025-03-13 13:20:00+00:00,2952.800048828125,2953.699951171875,2952.300048828125,2953.39990234375,135.0
2025-03-13 13:21:00+00:00,2953.0,2953.39990234375,2952.800048828125,2952.89990234375,59.0
2025-03-13 13:22:00+00:00,2953.300048828125,2953.89990234375,2953.10009765625,2953.10009765625,103.0
2025-03-13 13:23:00+00:00,2952.39990234375,2953.39990234375,2952.39990234375,2953.39990234375,91.0
2025-03-13 13:24:00+00:00,2953.0,2953.199951171875,2952.300048828125,2952.39990234375,52.0
2025-03-13 13:25:00+00:00,2952.699951171875,2953.199951171875,2952.10009765625,2953.199951171875,74.0
2025-03-13 13:26:00+00:00,2952.10009765625,2953.199951171875,2951.5,2952.89990234375,115.0
2025-03-13 13:27:00+00:00,2953.10009765625,2953.39990234375,2951.89990234375,2952.0,111.0
2025-03-13 13:28:00+00:00,2953.300048828125,2954.10009765625,2952.0,2953.300048828125,285.0
2025-03-13 13:29:00+00:00,2954.10009765625,2954.199951171875,2953.5,2953.5,118.0
2025-03-13 13:30:00+00:00,2954.699951171875,2955.10009765625,2953.699951171875,2954.10009765625,358.0
2025-03-13 13:31:00+00:00,2954.39990234375,2955.199951171875,2953.800048828125,2954.699951171875,380.0
2025-03-13 13:32:00+00:00,2955.0,2955.5,2954.300048828125,2954.39990234375,170.0
2025-03-13 13:33:00+00:00,2956.10009765625,2956.10009765625,2955.10009765625,2955.199951171875,149.0
2025-03-13 13:34:00+00:00,2956.300048828125,2956.5,2955.699951171875,2955.89990234375,180.0
2025-03-13 13:35:00+00:00,2958.199951171875,2958.800048828125,2956.300048828125,2956.39990234375,1009.0
2025-03-13 13:36:00+00:00,2959.0,2959.800048828125,2957.89990234375,2958.199951171875,567.0
2025-03-13 13:37:00+00:00,2959.60009765625,2959.800048828125,2957.5,2958.89990234375,459.0
2025-03-13 13:38:00+00:00,2960.300048828125,2960.699951171875,2958.800048828125,2959.699951171875,614.0
2025-03-13 13:39:00+00:00,2960.10009765625,2960.800048828125,2959.60009765625,2960.199951171875,284.0
2025-03-13 13:40:00+00:00,2959.800048828125,2960.39990234375,2958.89990234375,2960.199951171875,292.0
2025-03-13 13:41:00+00:00,2961.199951171875,2961.300048828125,2959.300048828125,2959.89990234375,396.0
2025-03-13 13:42:00+00:00,2961.199951171875,2962.199951171875,2960.800048828125,2961.199951171875,647.0
2025-03-13 13:43:00+00:00,2961.199951171875,2962.10009765625,2960.800048828125,2961.199951171875,422.0
2025-03-13 13:44:00+00:00,2962.5,2962.800048828125,2960.89990234375,2961.10009765625,480.0
2025-03-13 13:45:00+00:00,2962.10009765625,2963.300048828125,2962.0,2962.60009765625,710.0
2025-03-13 13:46:00+00:00,2961.5,2962.199951171875,2960.699951171875,2962.199951171875,768.0
2025-03-13 13:47:00+00:00,2960.300048828125,2961.800048828125,2959.89990234375,2961.39990234375,261.0
2025-03-13 13:48:00+00:00,2958.699951171875,2960.699951171875,2958.60009765625,2960.10009765625,545.0
2025-03-13 13:49:00+00:00,2958.39990234375,2959.300048828125,2958.10009765625,2958.60009765625,398.0
2025-03-13 13:50:00+00:00,2958.699951171875,2958.800048828125,2957.60009765625,2958.5,296.0
2025-03-13 13:51:00+00:00,2959.60009765625,2960.39990234375,2958.800048828125,2958.800048828125,302.0
2025-03-13 13:52:00+00:00,2958.89990234375,2959.89990234375,2957.89990234375,2959.60009765625,274.0
2025-03-13 13:53:00+00:00,2959.699951171875,2959.89990234375,2958.800048828125,2958.800048828125,171.0
2025-03-13 13:54:00+00:00,2959.5,2959.800048828125,2959.10009765625,2959.699951171875,146.0
2025-03-13 13:55:00+00:00,2960.199951171875,2960.300048828125,2959.10009765625,2959.699951171875,151.0
2025-03-13 13:56:00+00:00,2960.300048828125,2960.800048828125,2959.699951171875,2960.300048828125,237.0
2025-03-13 13:57:00+00:00,2960.300048828125,2960.39990234375,2959.39990234375,2960.300048828125,181.0
2025-03-13 13:58:00+00:00,2959.60009765625,2960.60009765625,2959.60009765625,2960.199951171875,255.0
2025-03-13 13:59:00+00:00,2960.10009765625,2960.5,2959.300048828125,2959.60009765625,289.0
2025-03-13 14:00:00+00:00,2960.300048828125,2960.89990234375,2959.5,2960.10009765625,164.0
2025-03-13 14:01:00+00:00,2962.5,2962.5,2960.39990234375,2960.39990234375,443.0
2025-03-13 14:02:00+00:00,2961.89990234375,2962.60009765625,2961.199951171875,2962.300048828125,378.0
2025-03-13 14:03:00+00:00,2962.39990234375,2963.0,2961.300048828125,2962.0,602.0
2025-03-13 14:04:00+00:00,2962.199951171875,2962.5,2961.199951171875,2962.300048828125,284.0
2025-03-13 14:05:00+00:00,2963.0,2963.0,2962.199951171875,2962.39990234375,225.0
2025-03-13 14:06:00+00:00,2963.39990234375,2964.0,2962.199951171875,2963.10009765625,1113.0
2025-03-13 14:07:00+00:00,2963.199951171875,2963.60009765625,2962.800048828125,2963.199951171875,224.0
2025-03-13 14:08:00+00:00,2963.300048828125,2963.300048828125,2962.10009765625,2963.10009765625,369.0
2025-03-13 14:09:00+00:00,2963.5,2963.800048828125,2962.699951171875,2963.10009765625,185.0
2025-03-13 14:10:00+00:00,2962.10009765625,2963.60009765625,2962.0,2963.60009765625,207.0
2025-03-13 14:11:00+00:00,2962.300048828125,2962.39990234375,2960.699951171875,2961.89990234375,313.0
2025-03-13 14:12:00+00:00,2963.60009765625,2963.800048828125,2962.199951171875,2962.199951171875,357.0
2025-03-13 14:13:00+00:00,2962.89990234375,2963.699951171875,2962.699951171875,2963.5,128.0
2025-03-13 14:14:00+00:00,2962.699951171875,2963.199951171875,2962.300048828125,2962.89990234375,271.0
2025-03-13 14:15:00+00:00,2963.0,2963.5,2961.89990234375,2962.800048828125,257.0
2025-03-13 14:16:00+00:00,2963.300048828125,2963.300048828125,2962.699951171875,2962.89990234375,1699.0
2025-03-13 14:17:00+00:00,2962.10009765625,2963.39990234375,2962.0,2963.10009765625,234.0
2025-03-13 14:18:00+00:00,2962.60009765625,2962.89990234375,2961.199951171875,2962.0,175.0
2025-03-13 14:19:00+00:00,2963.300048828125,2963.39990234375,2962.39990234375,2962.5,133.0
2025-03-13 14:20:00+00:00,2963.5,2963.800048828125,2962.800048828125,2963.300048828125,159.0
2025-03-13 14:21:00+00:00,2962.60009765625,2963.60009765625,2962.199951171875,2963.300048828125,153.0
2025-03-13 14:22:00+00:00,2962.800048828125,2963.5,2962.5,2962.699951171875,106.0
2025-03-13 14:23:00+00:00,2963.10009765625,2963.699951171875,2962.60009765625,2962.800048828125,135.0
2025-03-13 14:24:00+00:00,2963.60009765625,2964.10009765625,2963.0,2963.199951171875,321.0
2025-03-13 14:25:00+00:00,2962.800048828125,2964.0,2962.39990234375,2963.699951171875,159.0
2025-03-13 14:26:00+00:00,2963.60009765625,2963.699951171875,2962.5,2962.89990234375,172.0
2025-03-13 14:27:00+00:00,2963.39990234375,2963.699951171875,2963.0,2963.699951171875,98.0
2025-03-13 14:28:00+00:00,2963.199951171875,2963.699951171875,2962.89990234375,2963.5,175.0
2025-03-13 14:29:00+00:00,2962.89990234375,2963.60009765625,2962.300048828125,2963.300048828125,176.0
2025-03-13 14:30:00+00:00,2963.5,2964.39990234375,2962.800048828125,2962.89990234375,253.0
2025-03-13 14:31:00+00:00,2964.0,2964.10009765625,2961.800048828125,2963.5,357.0
2025-03-13 14:32:00+00:00,2964.199951171875,2964.300048828125,2963.699951171875,2964.0,322.0
2025-03-13 14:33:00+00:00,2964.300048828125,2965.5,2963.800048828125,2964.300048828125,672.0
2025-03-13 14:34:00+00:00,2964.89990234375,2965.0,2963.699951171875,2964.199951171875,149.0
2025-03-13 14:35:00+00:00,2965.89990234375,2966.300048828125,2964.800048828125,2964.800048828125,918.0
2025-03-13 14:36:00+00:00,2966.5,2966.89990234375,2965.699951171875,2966.0,359.0
2025-03-13 14:37:00+00:00,2967.39990234375,2967.800048828125,2966.5,2966.60009765625,447.0
2025-03-13 14:38:00+00:00,2968.5,2968.699951171875,2967.300048828125,2967.5,491.0
2025-03-13 14:39:00+00:00,2968.39990234375,2968.89990234375,2967.60009765625,2968.39990234375,333.0
2025-03-13 14:40:00+00:00,2969.60009765625,2969.699951171875,2967.300048828125,2968.39990234375,1200.0
2025-03-13 14:41:00+00:00,2972.10009765625,2972.5,2969.60009765625,2969.60009765625,1570.0
2025-03-13 14:42:00+00:00,2972.0,2972.800048828125,2971.5,2972.300048828125,784.0
2025-03-13 14:43:00+00:00,2973.199951171875,2973.199951171875,2971.699951171875,2972.10009765625,459.0
2025-03-13 14:44:00+00:00,2976.5,2977.699951171875,2973.10009765625,2973.199951171875,2592.0
2025-03-13 14:45:00+00:00,2976.10009765625,2977.10009765625,2974.699951171875,2976.300048828125,1156.0
2025-03-13 14:46:00+00:00,2977.199951171875,2978.10009765625,2975.699951171875,2976.199951171875,793.0
2025-03-13 14:47:00+00:00,2977.199951171875,2977.800048828125,2975.39990234375,2977.199951171875,767.0
2025-03-13 14:48:00+00:00,2980.0,2980.39990234375,2976.699951171875,2977.300048828125,1447.0
2025-03-13 14:49:00+00:00,2981.39990234375,2982.60009765625,2979.800048828125,2980.10009765625,1663.0
2025-03-13 14:50:00+00:00,2984.10009765625,2984.60009765625,2981.199951171875,2981.39990234375,1709.0
2025-03-13 14:51:00+00:00,2983.10009765625,2984.5,2982.300048828125,2983.89990234375,949.0
2025-03-13 14:52:00+00:00,2981.89990234375,2983.300048828125,2981.199951171875,2983.0,1206.0
2025-03-13 14:53:00+00:00,2979.300048828125,2981.800048828125,2979.10009765625,2981.800048828125,1156.0
2025-03-13 14:54:00+00:00,2979.60009765625,2980.0,2978.800048828125,2979.300048828125,545.0
2025-03-13 14:55:00+00:00,2979.5,2980.0,2978.5,2979.60009765625,736.0
2025-03-13 14:56:00+00:00,2978.800048828125,2979.60009765625,2978.60009765625,2979.300048828125,424.0
2025-03-13 14:57:00+00:00,2980.89990234375,2980.89990234375,2977.60009765625,2979.0,913.0
2025-03-13 14:58:00+00:00,2980.39990234375,2981.800048828125,2980.0,2981.0,520.0
2025-03-13 14:59:00+00:00,2980.60009765625,2980.800048828125,2979.699951171875,2980.300048828125,407.0
2025-03-13 15:00:00+00:00,2981.5,2981.800048828125,2977.199951171875,2980.800048828125,1168.0
2025-03-13 15:01:00+00:00,2983.60009765625,2983.89990234375,2980.89990234375,2981.5,932.0
2025-03-13 15:02:00+00:00,2981.39990234375,2984.300048828125,2981.199951171875,2983.5,1448.0
2025-03-13 15:03:00+00:00,2981.10009765625,2982.10009765625,2979.5,2981.300048828125,540.0
2025-03-13 15:04:00+00:00,2981.5,2982.199951171875,2980.10009765625,2981.300048828125,585.0
2025-03-13 15:05:00+00:00,2980.800048828125,2982.199951171875,2980.60009765625,2981.5,287.0
2025-03-13 15:06:00+00:00,2978.800048828125,2980.89990234375,2978.800048828125,2980.699951171875,349.0
2025-03-13 15:07:00+00:00,2979.5,2980.39990234375,2978.60009765625,2978.800048828125,516.0
2025-03-13 15:08:00+00:00,2978.39990234375,2979.699951171875,2978.10009765625,2979.60009765625,476.0
2025-03-13 15:09:00+00:00,2979.199951171875,2979.300048828125,2977.199951171875,2978.39990234375,504.0
2025-03-13 15:10:00+00:00,2981.300048828125,2982.199951171875,2979.10009765625,2979.10009765625,566.0
2025-03-13 15:11:00+00:00,2981.699951171875,2981.800048828125,2980.800048828125,2981.199951171875,371.0
2025-03-13 15:12:00+00:00,2981.89990234375,2982.800048828125,2981.300048828125,2981.699951171875,315.0
2025-03-13 15:13:00+00:00,2983.699951171875,2984.300048828125,2981.39990234375,2981.699951171875,792.0
2025-03-13 15:14:00+00:00,2983.800048828125,2984.5,2982.60009765625,2983.800048828125,744.0
2025-03-13 15:15:00+00:00,2984.199951171875,2985.5,2983.60009765625,2983.89990234375,822.0
2025-03-13 15:16:00+00:00,2983.89990234375,2984.89990234375,2983.60009765625,2984.300048828125,3542.0
2025-03-13 15:17:00+00:00,2983.60009765625,2985.39990234375,2983.199951171875,2984.0,502.0
2025-03-13 15:18:00+00:00,2983.800048828125,2984.10009765625,2982.89990234375,2983.699951171875,333.0
2025-03-13 15:19:00+00:00,2983.5,2984.0,2983.0,2983.800048828125,353.0
2025-03-13 15:20:00+00:00,2985.0,2986.0,2982.699951171875,2983.5,600.0
2025-03-13 15:21:00+00:00,2984.89990234375,2985.699951171875,2984.39990234375,2985.0,258.0
2025-03-13 15:22:00+00:00,2985.0,2985.39990234375,2984.60009765625,2985.10009765625,285.0
2025-03-13 15:23:00+00:00,2984.300048828125,2985.300048828125,2984.0,2984.89990234375,215.0
2025-03-13 15:24:00+00:00,2985.5,2986.10009765625,2984.5,2984.5,300.0
2025-03-13 15:25:00+00:00,2985.0,2986.699951171875,2984.89990234375,2985.5,482.0
2025-03-13 15:26:00+00:00,2984.60009765625,2985.699951171875,2984.5,2984.800048828125,304.0
2025-03-13 15:27:00+00:00,2983.60009765625,2985.0,2983.39990234375,2984.800048828125,258.0
2025-03-13 15:28:00+00:00,2983.300048828125,2984.5,2983.300048828125,2983.800048828125,520.0
2025-03-13 15:29:00+00:00,2983.0,2983.60009765625,2982.300048828125,2983.300048828125,374.0
2025-03-13 15:30:00+00:00,2983.199951171875,2983.699951171875,2982.699951171875,2983.10009765625,237.0
2025-03-13 15:31:00+00:00,2985.10009765625,2985.199951171875,2982.800048828125,2983.0,275.0
2025-03-13 15:32:00+00:00,2985.89990234375,2986.10009765625,2984.10009765625,2985.0,461.0
2025-03-13 15:33:00+00:00,2986.10009765625,2986.5,2984.800048828125,2986.0,283.0
2025-03-13 15:34:00+00:00,2985.60009765625,2986.5,2985.60009765625,2986.10009765625,256.0
2025-03-13 15:35:00+00:00,2983.89990234375,2986.0,2983.60009765625,2985.60009765625,1624.0
2025-03-13 15:36:00+00:00,2984.699951171875,2985.39990234375,2983.60009765625,2983.89990234375,379.0
2025-03-13 15:37:00+00:00,2985.300048828125,2985.699951171875,2984.699951171875,2984.800048828125,260.0
2025-03-13 15:38:00+00:00,2987.800048828125,2988.0,2984.60009765625,2985.199951171875,857.0
2025-03-13 15:39:00+00:00,2989.5,2990.89990234375,2987.5,2987.89990234375,1177.0
2025-03-13 15:40:00+00:00,2989.5,2989.699951171875,2987.60009765625,2989.300048828125,523.0
2025-03-13 15:41:00+00:00,2987.5,2990.0,2987.300048828125,2989.60009765625,516.0
2025-03-13 15:42:00+00:00,2989.39990234375,2989.699951171875,2987.300048828125,2987.39990234375,245.0
2025-03-13 15:43:00+00:00,2987.89990234375,2989.39990234375,2987.800048828125,2989.39990234375,396.0
2025-03-13 15:44:00+00:00,2986.39990234375,2988.39990234375,2985.60009765625,2987.89990234375,704.0
2025-03-13 15:45:00+00:00,2983.199951171875,2986.39990234375,2983.0,2986.300048828125,772.0
2025-03-13 15:46:00+00:00,2983.199951171875,2984.10009765625,2980.300048828125,2983.39990234375,1065.0
2025-03-13 15:47:00+00:00,2980.699951171875,2983.10009765625,2980.39990234375,2983.10009765625,455.0
2025-03-13 15:48:00+00:00,2985.10009765625,2985.699951171875,2980.5,2980.60009765625,1752.0
2025-03-13 15:49:00+00:00,2983.89990234375,2986.300048828125,2983.699951171875,2985.199951171875,459.0
2025-03-13 15:50:00+00:00,2985.0,2985.699951171875,2983.39990234375,2984.10009765625,251.0
2025-03-13 15:51:00+00:00,2986.0,2986.5,2983.89990234375,2984.89990234375,384.0
2025-03-13 15:52:00+00:00,2988.800048828125,2989.0,2985.5,2986.10009765625,927.0
2025-03-13 15:53:00+00:00,2987.60009765625,2988.89990234375,2987.5,2988.800048828125,613.0
2025-03-13 15:54:00+00:00,2988.699951171875,2989.39990234375,2986.89990234375,2987.5,330.0
2025-03-13 15:55:00+00:00,2989.199951171875,2989.199951171875,2987.89990234375,2988.800048828125,166.0
2025-03-13 15:56:00+00:00,2989.5,2990.89990234375,2988.60009765625,2989.300048828125,729.0
2025-03-13 15:57:00+00:00,2989.60009765625,2990.0,2988.89990234375,2989.39990234375,332.0
2025-03-13 15:58:00+00:00,2989.800048828125,2990.0,2987.699951171875,2989.199951171875,289.0
2025-03-13 15:59:00+00:00,2989.39990234375,2990.0,2987.699951171875,2989.800048828125,412.0
2025-03-13 16:00:00+00:00,2989.699951171875,2990.699951171875,2989.10009765625,2989.39990234375,236.0
2025-03-13 16:01:00+00:00,2991.199951171875,2991.300048828125,2989.199951171875,2989.800048828125,534.0
2025-03-13 16:02:00+00:00,2990.699951171875,2991.39990234375,2990.39990234375,2991.0,434.0
2025-03-13 16:03:00+00:00,2990.89990234375,2991.39990234375,2989.800048828125,2990.699951171875,251.0
2025-03-13 16:04:00+00:00,2990.300048828125,2991.5,2989.699951171875,2990.89990234375,227.0
2025-03-13 16:05:00+00:00,2991.300048828125,2991.5,2989.300048828125,2990.10009765625,235.0
2025-03-13 16:06:00+00:00,2991.199951171875,2991.800048828125,2990.5,2991.199951171875,538.0
2025-03-13 16:07:00+00:00,2991.0,2991.5,2990.5,2991.300048828125,397.0
2025-03-13 16:08:00+00:00,2991.300048828125,2991.800048828125,2990.5,2990.89990234375,498.0
2025-03-13 16:09:00+00:00,2992.39990234375,2992.800048828125,2990.800048828125,2991.199951171875,413.0
2025-03-13 16:10:00+00:00,2991.5,2993.300048828125,2991.5,2992.199951171875,504.0
2025-03-13 16:11:00+00:00,2991.300048828125,2991.89990234375,2990.5,2991.89990234375,378.0
2025-03-13 16:12:00+00:00,2991.5,2991.800048828125,2990.800048828125,2991.10009765625,204.0
2025-03-13 16:13:00+00:00,2990.800048828125,2991.5,2990.5,2991.5,310.0
2025-03-13 16:14:00+00:00,2991.10009765625,2991.5,2990.5,2990.800048828125,266.0
2025-03-13 16:15:00+00:00,2989.39990234375,2991.5,2989.199951171875,2991.0,411.0
2025-03-13 16:16:00+00:00,2990.39990234375,2990.699951171875,2988.60009765625,2989.39990234375,345.0
2025-03-13 16:17:00+00:00,2990.89990234375,2991.5,2990.10009765625,2990.39990234375,265.0
2025-03-13 16:18:00+00:00,2991.0,2991.199951171875,2990.5,2990.699951171875,131.0
2025-03-13 16:19:00+00:00,2990.5,2991.300048828125,2990.39990234375,2990.89990234375,153.0
2025-03-13 16:20:00+00:00,2991.10009765625,2991.5,2990.39990234375,2990.699951171875,120.0
2025-03-13 16:21:00+00:00,2991.300048828125,2991.5,2990.699951171875,2991.0,221.0
2025-03-13 16:22:00+00:00,2989.5,2991.300048828125,2989.199951171875,2991.300048828125,217.0
2025-03-13 16:23:00+00:00,2989.300048828125,2990.89990234375,2988.89990234375,2989.699951171875,212.0
2025-03-13 16:24:00+00:00,2989.89990234375,2990.699951171875,2988.699951171875,2989.199951171875,229.0
2025-03-13 16:25:00+00:00,2989.10009765625,2990.10009765625,2988.89990234375,2989.89990234375,101.0
2025-03-13 16:26:00+00:00,2990.60009765625,2991.0,2989.0,2989.0,148.0
2025-03-13 16:27:00+00:00,2990.0,2991.300048828125,2989.800048828125,2990.5,140.0
2025-03-13 16:28:00+00:00,2991.0,2991.300048828125,2989.699951171875,2990.10009765625,648.0
2025-03-13 16:29:00+00:00,2990.300048828125,2991.199951171875,2990.0,2991.10009765625,139.0
2025-03-13 16:30:00+00:00,2991.10009765625,2991.300048828125,2989.5,2990.60009765625,664.0
2025-03-13 16:31:00+00:00,2992.199951171875,2992.800048828125,2991.10009765625,2991.10009765625,1098.0
2025-03-13 16:32:00+00:00,2993.89990234375,2994.5,2992.0,2992.10009765625,686.0
2025-03-13 16:33:00+00:00,2994.300048828125,2994.60009765625,2993.300048828125,2993.800048828125,460.0
2025-03-13 16:34:00+00:00,2993.60009765625,2994.300048828125,2993.10009765625,2994.300048828125,334.0
2025-03-13 16:35:00+00:00,2993.300048828125,2994.0,2992.5,2993.800048828125,283.0
2025-03-13 16:36:00+00:00,2993.199951171875,2993.800048828125,2992.800048828125,2993.5,225.0
2025-03-13 16:37:00+00:00,2993.699951171875,2993.800048828125,2992.800048828125,2993.199951171875,231.0
2025-03-13 16:38:00+00:00,2995.199951171875,2995.199951171875,2993.699951171875,2993.699951171875,311.0
2025-03-13 16:39:00+00:00,2995.0,2995.89990234375,2994.699951171875,2995.199951171875,455.0
2025-03-13 16:40:00+00:00,2994.89990234375,2995.39990234375,2994.39990234375,2995.0,373.0
2025-03-13 16:41:00+00:00,2995.39990234375,2996.0,2994.699951171875,2994.800048828125,267.0
2025-03-13 16:42:00+00:00,2995.89990234375,2995.89990234375,2994.800048828125,2995.300048828125,213.0
2025-03-13 16:43:00+00:00,2997.89990234375,2998.0,2995.699951171875,2995.89990234375,1257.0
2025-03-13 16:44:00+00:00,2997.89990234375,2998.39990234375,2996.89990234375,2997.89990234375,903.0
2025-03-13 16:45:00+00:00,2996.60009765625,2998.5,2996.60009765625,2997.89990234375,538.0
2025-03-13 16:46:00+00:00,2996.300048828125,2997.5,2996.10009765625,2996.800048828125,383.0
2025-03-13 16:47:00+00:00,2994.10009765625,2996.39990234375,2993.89990234375,2996.39990234375,354.0
2025-03-13 16:48:00+00:00,2994.0,2994.10009765625,2992.199951171875,2994.10009765625,600.0
2025-03-13 16:49:00+00:00,2994.39990234375,2994.60009765625,2993.39990234375,2994.0,229.0
2025-03-13 16:50:00+00:00,2994.300048828125,2995.199951171875,2993.5,2994.300048828125,294.0
2025-03-13 16:51:00+00:00,2993.89990234375,2994.699951171875,2993.699951171875,2994.39990234375,93.0
2025-03-13 16:52:00+00:00,2993.10009765625,2993.800048828125,2992.699951171875,2993.800048828125,229.0
2025-03-13 16:53:00+00:00,2993.199951171875,2993.800048828125,2992.800048828125,2993.199951171875,160.0
2025-03-13 16:54:00+00:00,2993.300048828125,2993.699951171875,2992.699951171875,2993.39990234375,121.0
2025-03-13 16:55:00+00:00,2992.39990234375,2993.39990234375,2992.10009765625,2993.300048828125,304.0
2025-03-13 16:56:00+00:00,2990.699951171875,2992.60009765625,2990.39990234375,2992.5,421.0
2025-03-13 16:57:00+00:00,2989.800048828125,2991.10009765625,2989.199951171875,2990.60009765625,466.0
2025-03-13 16:58:00+00:00,2990.39990234375,2990.699951171875,2989.5,2989.89990234375,180.0
2025-03-13 16:59:00+00:00,2992.0,2992.10009765625,2990.39990234375,2990.5,132.0
2025-03-13 17:00:00+00:00,2991.800048828125,2992.800048828125,2991.800048828125,2992.10009765625,216.0
2025-03-13 17:01:00+00:00,2991.199951171875,2991.60009765625,2990.10009765625,2991.60009765625,1187.0
2025-03-13 17:02:00+00:00,2991.39990234375,2991.699951171875,2990.800048828125,2991.300048828125,124.0
2025-03-13 17:03:00+00:00,2990.60009765625,2992.0,2990.39990234375,2991.60009765625,117.0
2025-03-13 17:04:00+00:00,2991.5,2991.60009765625,2990.5,2990.60009765625,107.0
2025-03-13 17:05:00+00:00,2990.199951171875,2992.10009765625,2989.89990234375,2991.5,196.0
2025-03-13 17:06:00+00:00,2990.60009765625,2991.10009765625,2990.0,2990.10009765625,164.0
2025-03-13 17:07:00+00:00,2991.699951171875,2992.39990234375,2990.39990234375,2990.39990234375,196.0
2025-03-13 17:08:00+00:00,2991.199951171875,2991.60009765625,2990.5,2991.5,258.0
2025-03-13 17:09:00+00:00,2990.699951171875,2991.39990234375,2990.5,2991.0,197.0
2025-03-13 17:10:00+00:00,2991.39990234375,2992.10009765625,2990.300048828125,2990.5,227.0
2025-03-13 17:11:00+00:00,2990.800048828125,2991.5,2990.300048828125,2991.39990234375,133.0
2025-03-13 17:12:00+00:00,2991.300048828125,2991.800048828125,2990.60009765625,2990.60009765625,2997.0
2025-03-13 17:13:00+00:00,2990.60009765625,2992.0,2990.39990234375,2991.39990234375,164.0
2025-03-13 17:14:00+00:00,2990.10009765625,2990.60009765625,2989.5,2990.60009765625,3757.0
2025-03-13 17:15:00+00:00,2991.199951171875,2991.199951171875,2989.10009765625,2989.89990234375,950.0
2025-03-13 17:16:00+00:00,2991.10009765625,2992.39990234375,2990.89990234375,2991.199951171875,477.0
2025-03-13 17:17:00+00:00,2991.10009765625,2991.300048828125,2990.60009765625,2991.10009765625,1107.0
2025-03-13 17:18:00+00:00,2990.199951171875,2990.89990234375,2990.10009765625,2990.89990234375,310.0
2025-03-13 17:19:00+00:00,2990.39990234375,2990.60009765625,2989.60009765625,2990.0,231.0
2025-03-13 17:20:00+00:00,2992.199951171875,2992.199951171875,2990.5,2990.5,247.0
2025-03-13 17:21:00+00:00,2990.5,2992.300048828125,2990.39990234375,2992.300048828125,310.0
2025-03-13 17:22:00+00:00,2989.699951171875,2990.89990234375,2989.60009765625,2990.300048828125,442.0
2025-03-13 17:23:00+00:00,2990.199951171875,2990.5,2988.800048828125,2989.699951171875,380.0
2025-03-13 17:24:00+00:00,2991.5,2992.10009765625,2990.300048828125,2990.300048828125,4808.0
2025-03-13 17:25:00+00:00,2992.10009765625,2992.199951171875,2991.10009765625,2991.60009765625,157.0
2025-03-13 17:26:00+00:00,2992.10009765625,2992.5,2991.800048828125,2992.199951171875,152.0
2025-03-13 17:27:00+00:00,2991.10009765625,2992.300048828125,2991.10009765625,2992.10009765625,257.0
2025-03-13 17:28:00+00:00,2991.39990234375,2991.39990234375,2990.300048828125,2991.0,800.0
2025-03-13 17:29:00+00:00,2991.699951171875,2991.800048828125,2990.60009765625,2991.199951171875,5609.0
2025-03-13 17:30:00+00:00,2993.199951171875,2993.199951171875,2991.60009765625,2991.60009765625,363.0
2025-03-13 17:31:00+00:00,2993.800048828125,2994.10009765625,2992.89990234375,2993.0,1900.0
2025-03-13 17:32:00+00:00,2993.800048828125,2994.0,2992.89990234375,2993.800048828125,262.0
2025-03-13 17:33:00+00:00,2993.800048828125,2994.699951171875,2993.300048828125,2993.699951171875,592.0
2025-03-13 17:34:00+00:00,2992.5,2994.0,2992.199951171875,2994.0,179.0
2025-03-13 17:35:00+00:00,2993.0,2993.199951171875,2992.0,2992.39990234375,143.0
2025-03-13 17:36:00+00:00,2993.0,2993.699951171875,2992.699951171875,2993.10009765625,109.0
2025-03-13 17:37:00+00:00,2992.89990234375,2993.39990234375,2992.60009765625,2993.199951171875,88.0
2025-03-13 17:38:00+00:00,2993.5,2993.699951171875,2992.699951171875,2993.0,79.0
2025-03-13 17:39:00+00:00,2991.89990234375,2993.5,2991.5,2993.39990234375,248.0
2025-03-13 17:40:00+00:00,2992.699951171875,2993.0,2992.0,2992.0,149.0
2025-03-13 17:41:00+00:00,2992.89990234375,2992.89990234375,2992.300048828125,2992.89990234375,142.0
2025-03-13 17:42:00+00:00,2992.60009765625,2993.0,2992.300048828125,2993.0,69.0
2025-03-13 17:43:00+00:00,2993.199951171875,2993.39990234375,2992.60009765625,2992.60009765625,93.0
2025-03-13 17:44:00+00:00,2993.199951171875,2994.199951171875,2993.199951171875,2993.199951171875,130.0
2025-03-13 17:45:00+00:00,2994.0,2994.199951171875,2993.300048828125,2993.39990234375,105.0
2025-03-13 17:46:00+00:00,2993.60009765625,2994.300048828125,2993.60009765625,2994.300048828125,33.0
2025-03-13 17:47:00+00:00,2993.800048828125,2994.0,2993.60009765625,2994.0,25.0
2025-03-13 17:48:00+00:00,2993.199951171875,2993.89990234375,2993.0,2993.800048828125,67.0
2025-03-13 17:49:00+00:00,2993.5,2993.5,2993.199951171875,2993.199951171875,45.0
2025-03-13 17:50:00+00:00,2994.0,2994.10009765625,2993.39990234375,2993.60009765625,95.0
2025-03-13 17:51:00+00:00,2993.5,2994.0,2993.10009765625,2993.89990234375,71.0
2025-03-13 17:52:00+00:00,2993.39990234375,2993.89990234375,2993.300048828125,2993.39990234375,53.0
2025-03-13 17:53:00+00:00,2992.0,2993.39990234375,2992.0,2993.39990234375,177.0
2025-03-13 17:54:00+00:00,2991.800048828125,2992.300048828125,2991.5,2992.0,104.0
2025-03-13 17:55:00+00:00,2992.0,2992.60009765625,2991.699951171875,2991.89990234375,68.0
2025-03-13 17:56:00+00:00,2992.60009765625,2992.800048828125,2992.0,2992.0,324.0
2025-03-13 17:57:00+00:00,2992.39990234375,2993.0,2992.199951171875,2992.699951171875,179.0
2025-03-13 17:58:00+00:00,2992.199951171875,2992.89990234375,2992.10009765625,2992.39990234375,219.0
2025-03-13 17:59:00+00:00,2991.800048828125,2992.5,2991.800048828125,2992.199951171875,482.0
2025-03-13 18:00:00+00:00,2992.60009765625,2992.60009765625,2991.10009765625,2991.60009765625,335.0
2025-03-13 18:01:00+00:00,2992.800048828125,2993.10009765625,2992.199951171875,2992.60009765625,119.0
2025-03-13 18:02:00+00:00,2993.300048828125,2993.60009765625,2992.800048828125,2992.800048828125,133.0
2025-03-13 18:03:00+00:00,2994.39990234375,2994.39990234375,2993.300048828125,2993.300048828125,255.0
2025-03-13 18:04:00+00:00,2994.800048828125,2995.199951171875,2994.39990234375,2994.39990234375,191.0
2025-03-13 18:05:00+00:00,2994.60009765625,2994.800048828125,2994.10009765625,2994.800048828125,78.0
2025-03-13 18:06:00+00:00,2994.699951171875,2994.89990234375,2994.5,2994.699951171875,71.0
2025-03-13 18:07:00+00:00,2995.699951171875,2996.10009765625,2994.60009765625,2994.60009765625,294.0
2025-03-13 18:08:00+00:00,2996.60009765625,2996.60009765625,2995.39990234375,2995.800048828125,310.0
2025-03-13 18:09:00+00:00,2996.39990234375,2996.800048828125,2996.10009765625,2996.5,184.0
2025-03-13 18:10:00+00:00,2996.699951171875,2997.0,2996.300048828125,2996.39990234375,209.0
2025-03-13 18:11:00+00:00,2995.89990234375,2996.60009765625,2995.89990234375,2996.60009765625,114.0
2025-03-13 18:12:00+00:00,2995.300048828125,2995.800048828125,2994.39990234375,2995.800048828125,258.0
2025-03-13 18:13:00+00:00,2995.199951171875,2995.60009765625,2995.0,2995.5,55.0
2025-03-13 18:14:00+00:00,2995.699951171875,2996.0,2995.199951171875,2995.5,169.0
2025-03-13 18:15:00+00:00,2995.10009765625,2995.800048828125,2995.10009765625,2995.800048828125,77.0
2025-03-13 18:16:00+00:00,2994.39990234375,2995.300048828125,2994.300048828125,2995.199951171875,134.0
2025-03-13 18:17:00+00:00,2993.0,2994.39990234375,2993.0,2994.39990234375,233.0
2025-03-13 18:18:00+00:00,2993.39990234375,2993.89990234375,2993.10009765625,2993.10009765625,129.0
2025-03-13 18:19:00+00:00,2993.39990234375,2993.699951171875,2993.10009765625,2993.300048828125,83.0
2025-03-13 18:20:00+00:00,2993.60009765625,2993.800048828125,2993.199951171875,2993.39990234375,628.0
2025-03-13 18:21:00+00:00,2993.5,2994.0,2993.10009765625,2993.5,99.0
2025-03-13 18:22:00+00:00,2993.199951171875,2993.699951171875,2992.89990234375,2993.5,63.0
2025-03-13 18:23:00+00:00,2993.0,2993.5,2992.89990234375,2993.10009765625,65.0
2025-03-13 18:24:00+00:00,2992.800048828125,2993.10009765625,2992.5,2993.0,197.0
2025-03-13 18:25:00+00:00,2992.10009765625,2993.0,2992.10009765625,2992.89990234375,152.0
2025-03-13 18:26:00+00:00,2993.0,2993.199951171875,2992.0,2992.199951171875,220.0
2025-03-13 18:27:00+00:00,2993.39990234375,2993.800048828125,2993.10009765625,2993.10009765625,82.0
2025-03-13 18:28:00+00:00,2994.10009765625,2994.39990234375,2993.39990234375,2993.5,211.0
2025-03-13 18:29:00+00:00,2994.199951171875,2994.60009765625,2994.10009765625,2994.199951171875,266.0
2025-03-13 18:30:00+00:00,2994.10009765625,2994.5,2993.89990234375,2994.300048828125,83.0
2025-03-13 18:31:00+00:00,2994.5,2994.699951171875,2994.0,2994.0,67.0
2025-03-13 18:32:00+00:00,2994.699951171875,2995.0,2994.39990234375,2994.60009765625,76.0
2025-03-13 18:33:00+00:00,2994.39990234375,2994.5,2994.10009765625,2994.5,54.0
2025-03-13 18:34:00+00:00,2994.699951171875,2995.10009765625,2994.5,2994.5,59.0
2025-03-13 18:35:00+00:00,2995.300048828125,2995.60009765625,2994.60009765625,2994.60009765625,100.0
2025-03-13 18:36:00+00:00,2994.800048828125,2995.800048828125,2994.60009765625,2995.199951171875,143.0
2025-03-13 18:37:00+00:00,2995.39990234375,2995.5,2994.5,2994.800048828125,126.0
2025-03-13 18:38:00+00:00,2995.0,2995.39990234375,2994.89990234375,2995.300048828125,75.0
2025-03-13 18:39:00+00:00,2994.39990234375,2994.89990234375,2993.89990234375,2994.89990234375,112.0
2025-03-13 18:40:00+00:00,2994.10009765625,2994.60009765625,2993.89990234375,2994.199951171875,102.0
2025-03-13 18:41:00+00:00,2994.0,2994.199951171875,2993.800048828125,2994.0,59.0
2025-03-13 18:42:00+00:00,2994.10009765625,2994.300048828125,2993.800048828125,2994.300048828125,50.0
2025-03-13 18:43:00+00:00,2994.300048828125,2994.60009765625,2994.10009765625,2994.10009765625,51.0
2025-03-13 18:44:00+00:00,2994.699951171875,2994.89990234375,2994.300048828125,2994.300048828125,55.0
2025-03-13 18:45:00+00:00,2995.0,2995.10009765625,2994.39990234375,2994.60009765625,39.0
2025-03-13 18:46:00+00:00,2995.300048828125,2995.300048828125,2994.800048828125,2994.89990234375,33.0
2025-03-13 18:47:00+00:00,2995.199951171875,2995.800048828125,2995.199951171875,2995.300048828125,128.0
2025-03-13 18:48:00+00:00,2995.699951171875,2995.699951171875,2995.199951171875,2995.300048828125,26.0
2025-03-13 18:49:00+00:00,2995.300048828125,2995.60009765625,2995.10009765625,2995.5,54.0
2025-03-13 18:50:00+00:00,2996.0,2996.0,2995.199951171875,2995.199951171875,33.0
2025-03-13 18:51:00+00:00,2994.800048828125,2995.89990234375,2994.800048828125,2995.800048828125,34.0
2025-03-13 18:52:00+00:00,2994.89990234375,2994.89990234375,2994.199951171875,2994.89990234375,114.0
2025-03-13 18:53:00+00:00,2995.699951171875,2995.800048828125,2994.89990234375,2995.0,119.0
2025-03-13 18:54:00+00:00,2995.39990234375,2995.89990234375,2995.39990234375,2995.800048828125,62.0
2025-03-13 18:55:00+00:00,2995.699951171875,2995.800048828125,2995.199951171875,2995.300048828125,44.0
2025-03-13 18:56:00+00:00,2995.699951171875,2996.39990234375,2995.39990234375,2995.800048828125,74.0
2025-03-13 18:57:00+00:00,2995.800048828125,2996.10009765625,2995.5,2995.800048828125,43.0
2025-03-13 18:58:00+00:00,2996.39990234375,2996.39990234375,2995.699951171875,2995.699951171875,54.0
2025-03-13 18:59:00+00:00,2996.60009765625,2997.10009765625,2996.199951171875,2996.5,141.0
2025-03-13 19:00:00+00:00,2997.39990234375,2997.39990234375,2996.5,2996.60009765625,138.0
2025-03-13 19:01:00+00:00,2996.89990234375,2997.60009765625,2996.800048828125,2997.39990234375,117.0
2025-03-13 19:02:00+00:00,2997.39990234375,2997.5,2996.800048828125,2996.800048828125,108.0
2025-03-13 19:03:00+00:00,2997.300048828125,2997.699951171875,2997.199951171875,2997.5,70.0
2025-03-13 19:04:00+00:00,2997.89990234375,2997.89990234375,2997.300048828125,2997.5,95.0
2025-03-13 19:05:00+00:00,2997.10009765625,2998.10009765625,2997.10009765625,2997.699951171875,100.0
2025-03-13 19:06:00+00:00,2996.699951171875,2997.300048828125,2996.60009765625,2997.0,61.0
2025-03-13 19:07:00+00:00,2996.5,2996.800048828125,2996.199951171875,2996.800048828125,96.0
2025-03-13 19:08:00+00:00,2996.10009765625,2996.800048828125,2996.10009765625,2996.5,46.0
2025-03-13 19:09:00+00:00,2996.5,2996.699951171875,2996.0,2996.0,33.0
2025-03-13 19:10:00+00:00,2996.800048828125,2996.800048828125,2996.199951171875,2996.39990234375,25.0
2025-03-13 19:11:00+00:00,2997.5,2997.800048828125,2996.800048828125,2996.89990234375,67.0
2025-03-13 19:12:00+00:00,2997.39990234375,2997.60009765625,2997.199951171875,2997.5,55.0
2025-03-13 19:13:00+00:00,2996.800048828125,2997.199951171875,2996.60009765625,2997.199951171875,58.0
2025-03-13 19:14:00+00:00,2997.199951171875,2997.199951171875,2996.89990234375,2996.89990234375,53.0
2025-03-13 19:15:00+00:00,2997.800048828125,2997.800048828125,2997.0,2997.199951171875,43.0
2025-03-13 19:16:00+00:00,2997.800048828125,2997.89990234375,2997.800048828125,2997.800048828125,54.0
2025-03-13 19:17:00+00:00,2997.39990234375,2997.800048828125,2997.199951171875,2997.699951171875,86.0
2025-03-13 19:18:00+00:00,2997.60009765625,2998.0,2997.300048828125,2997.39990234375,81.0
2025-03-13 19:19:00+00:00,2997.10009765625,2997.800048828125,2997.10009765625,2997.5,132.0
2025-03-13 19:20:00+00:00,2996.89990234375,2997.39990234375,2996.699951171875,2997.199951171875,117.0
2025-03-13 19:21:00+00:00,2996.199951171875,2997.199951171875,2996.199951171875,2997.10009765625,166.0
2025-03-13 19:22:00+00:00,2996.89990234375,2996.89990234375,2996.39990234375,2996.39990234375,43.0
2025-03-13 19:23:00+00:00,2996.89990234375,2996.89990234375,2996.800048828125,2996.800048828125,10.0
2025-03-13 19:24:00+00:00,2996.699951171875,2997.199951171875,2996.60009765625,2996.89990234375,108.0
2025-03-13 19:25:00+00:00,2996.199951171875,2996.89990234375,2996.199951171875,2996.699951171875,28.0
2025-03-13 19:26:00+00:00,2996.39990234375,2996.60009765625,2996.199951171875,2996.300048828125,51.0
2025-03-13 19:27:00+00:00,2997.199951171875,2997.39990234375,2996.39990234375,2996.39990234375,250.0
2025-03-13 19:28:00+00:00,2997.10009765625,2997.39990234375,2996.800048828125,2997.199951171875,99.0
2025-03-13 19:29:00+00:00,2997.10009765625,2997.300048828125,2996.800048828125,2997.0,122.0
2025-03-13 19:30:00+00:00,2997.0,2997.5,2997.0,2997.199951171875,111.0
2025-03-13 19:31:00+00:00,2997.60009765625,2997.800048828125,2997.199951171875,2997.199951171875,72.0
2025-03-13 19:32:00+00:00,2997.699951171875,2997.800048828125,2997.39990234375,2997.5,92.0
2025-03-13 19:33:00+00:00,2997.60009765625,2998.0,2997.5,2997.800048828125,469.0
2025-03-13 19:34:00+00:00,2998.0,2998.0,2997.199951171875,2997.5,76.0
2025-03-13 19:35:00+00:00,2998.199951171875,2998.199951171875,2997.800048828125,2998.0,69.0
2025-03-13 19:36:00+00:00,2998.300048828125,2998.60009765625,2998.10009765625,2998.10009765625,166.0
2025-03-13 19:37:00+00:00,2998.5,2998.800048828125,2997.699951171875,2998.199951171875,201.0
2025-03-13 19:38:00+00:00,2999.0,2999.10009765625,2998.5,2998.5,158.0
2025-03-13 19:39:00+00:00,2999.300048828125,2999.300048828125,2998.800048828125,2998.89990234375,152.0
2025-03-13 19:40:00+00:00,2999.5,2999.699951171875,2999.10009765625,2999.300048828125,236.0
2025-03-13 19:41:00+00:00,2996.39990234375,2999.699951171875,2996.300048828125,2999.60009765625,942.0
2025-03-13 19:42:00+00:00,2994.60009765625,2996.89990234375,2993.89990234375,2996.300048828125,452.0
2025-03-13 19:43:00+00:00,2994.60009765625,2995.0,2994.300048828125,2994.5,334.0
2025-03-13 19:44:00+00:00,2994.800048828125,2995.0,2994.60009765625,2994.699951171875,132.0
2025-03-13 19:45:00+00:00,2996.0,2996.39990234375,2994.699951171875,2995.0,304.0
2025-03-13 19:46:00+00:00,2997.0,2997.10009765625,2996.0,2996.0,116.0
2025-03-13 19:47:00+00:00,2996.60009765625,2997.199951171875,2996.199951171875,2997.0,121.0
2025-03-13 19:48:00+00:00,2995.800048828125,2996.800048828125,2995.5,2996.699951171875,177.0
2025-03-13 19:49:00+00:00,2995.800048828125,2996.0,2995.0,2995.800048828125,215.0
2025-03-13 19:50:00+00:00,2996.0,2996.0,2995.39990234375,2995.800048828125,62.0
2025-03-13 19:51:00+00:00,2996.5,2996.699951171875,2995.89990234375,2996.199951171875,72.0
2025-03-13 19:52:00+00:00,2997.300048828125,2997.300048828125,2995.89990234375,2996.39990234375,118.0
2025-03-13 19:53:00+00:00,2997.5,2998.0,2996.699951171875,2997.199951171875,133.0
2025-03-13 19:54:00+00:00,2997.5,2998.0,2997.5,2997.699951171875,65.0
2025-03-13 19:55:00+00:00,2996.0,2997.39990234375,2995.800048828125,2997.39990234375,228.0
2025-03-13 19:56:00+00:00,2996.300048828125,2996.39990234375,2995.199951171875,2996.0,127.0
2025-03-13 19:57:00+00:00,2997.39990234375,2997.39990234375,2996.199951171875,2996.39990234375,80.0
2025-03-13 19:58:00+00:00,2996.89990234375,2997.60009765625,2996.300048828125,2997.5,121.0
2025-03-13 19:59:00+00:00,2995.199951171875,2997.0,2994.699951171875,2996.800048828125,513.0
2025-03-13 20:00:00+00:00,2995.199951171875,2995.5,2994.800048828125,2995.0,97.0
2025-03-13 20:01:00+00:00,2995.800048828125,2995.89990234375,2994.300048828125,2995.300048828125,197.0
2025-03-13 20:02:00+00:00,2995.89990234375,2996.10009765625,2995.699951171875,2995.89990234375,58.0
2025-03-13 20:03:00+00:00,2995.39990234375,2995.800048828125,2995.199951171875,2995.800048828125,44.0
2025-03-13 20:04:00+00:00,2995.0,2995.39990234375,2995.0,2995.39990234375,16.0
2025-03-13 20:05:00+00:00,2995.300048828125,2995.300048828125,2994.89990234375,2994.89990234375,38.0
2025-03-13 20:06:00+00:00,2995.0,2995.199951171875,2994.699951171875,2995.199951171875,74.0
2025-03-13 20:07:00+00:00,2995.39990234375,2995.39990234375,2994.800048828125,2995.10009765625,38.0
2025-03-13 20:08:00+00:00,2995.39990234375,2995.5,2995.0,2995.300048828125,84.0
2025-03-13 20:09:00+00:00,2995.10009765625,2995.5,2995.10009765625,2995.300048828125,37.0
2025-03-13 20:10:00+00:00,2994.39990234375,2995.199951171875,2994.300048828125,2995.10009765625,55.0
2025-03-13 20:11:00+00:00,2995.10009765625,2995.10009765625,2994.300048828125,2994.60009765625,67.0
2025-03-13 20:12:00+00:00,2994.60009765625,2995.0,2994.60009765625,2994.89990234375,47.0
2025-03-13 20:13:00+00:00,2994.60009765625,2994.699951171875,2994.39990234375,2994.699951171875,56.0
2025-03-13 20:14:00+00:00,2994.699951171875,2994.89990234375,2994.699951171875,2994.699951171875,10.0
2025-03-13 20:15:00+00:00,2994.699951171875,2994.800048828125,2994.60009765625,2994.800048828125,21.0
2025-03-13 20:16:00+00:00,2994.0,2994.800048828125,2993.89990234375,2994.800048828125,105.0
2025-03-13 20:17:00+00:00,2993.60009765625,2994.39990234375,2993.60009765625,2994.10009765625,46.0
2025-03-13 20:18:00+00:00,2993.800048828125,2993.89990234375,2993.199951171875,2993.60009765625,99.0
2025-03-13 20:19:00+00:00,2994.0,2994.10009765625,2993.89990234375,2993.89990234375,163.0
2025-03-13 20:20:00+00:00,2994.0,2994.300048828125,2994.0,2994.10009765625,27.0
2025-03-13 20:21:00+00:00,2994.199951171875,2994.199951171875,2993.800048828125,2993.89990234375,21.0
2025-03-13 20:22:00+00:00,2994.199951171875,2994.39990234375,2994.199951171875,2994.199951171875,13.0
2025-03-13 20:23:00+00:00,2994.5,2994.5,2994.10009765625,2994.199951171875,22.0
2025-03-13 20:24:00+00:00,2994.0,2994.5,2993.89990234375,2994.5,25.0
2025-03-13 20:25:00+00:00,2994.199951171875,2994.199951171875,2993.89990234375,2994.0,13.0
2025-03-13 20:26:00+00:00,2994.60009765625,2994.89990234375,2994.300048828125,2994.39990234375,71.0
2025-03-13 20:27:00+00:00,2995.199951171875,2995.199951171875,2994.5,2994.60009765625,57.0
2025-03-13 20:28:00+00:00,2995.699951171875,2996.0,2994.39990234375,2995.0,306.0
2025-03-13 20:29:00+00:00,2995.800048828125,2996.39990234375,2995.5,2995.60009765625,153.0
2025-03-13 20:30:00+00:00,2996.39990234375,2996.5,2995.5,2995.89990234375,79.0
2025-03-13 20:31:00+00:00,2996.300048828125,2996.699951171875,2996.300048828125,2996.39990234375,35.0
2025-03-13 20:32:00+00:00,2996.60009765625,2996.699951171875,2996.199951171875,2996.199951171875,35.0
2025-03-13 20:33:00+00:00,2996.699951171875,2997.0,2996.5,2996.5,58.0
2025-03-13 20:34:00+00:00,2997.0,2997.199951171875,2996.699951171875,2996.800048828125,40.0
2025-03-13 20:35:00+00:00,2997.10009765625,2997.10009765625,2996.699951171875,2997.0,32.0
2025-03-13 20:36:00+00:00,2997.5,2997.60009765625,2996.89990234375,2996.89990234375,41.0
2025-03-13 20:37:00+00:00,2997.60009765625,2997.699951171875,2997.39990234375,2997.39990234375,37.0
2025-03-13 20:38:00+00:00,2998.0,2998.199951171875,2997.5,2997.60009765625,34.0
2025-03-13 20:39:00+00:00,2997.699951171875,2998.0,2997.699951171875,2998.0,25.0
2025-03-13 20:40:00+00:00,2998.0,2998.10009765625,2997.699951171875,2997.699951171875,39.0
2025-03-13 20:41:00+00:00,2998.39990234375,2998.60009765625,2998.0,2998.0,66.0
2025-03-13 20:42:00+00:00,2998.39990234375,2998.699951171875,2998.39990234375,2998.39990234375,50.0
2025-03-13 20:43:00+00:00,2998.39990234375,2998.5,2998.199951171875,2998.39990234375,74.0
2025-03-13 20:44:00+00:00,2998.89990234375,2999.0,2998.5,2998.60009765625,38.0
2025-03-13 20:45:00+00:00,2999.10009765625,2999.39990234375,2998.699951171875,2998.89990234375,140.0
2025-03-13 20:46:00+00:00,2999.199951171875,2999.199951171875,2999.0,2999.199951171875,69.0
2025-03-13 20:47:00+00:00,2999.89990234375,2999.89990234375,2999.10009765625,2999.199951171875,158.0
2025-03-13 20:48:00+00:00,2999.699951171875,2999.89990234375,2999.699951171875,2999.800048828125,125.0
2025-03-13 20:49:00+00:00,3000.300048828125,3000.5,2999.60009765625,2999.699951171875,588.0
2025-03-13 20:50:00+00:00,2999.699951171875,3000.39990234375,2999.5,3000.300048828125,109.0
2025-03-13 20:51:00+00:00,2999.89990234375,3000.10009765625,2999.699951171875,2999.800048828125,42.0
2025-03-13 20:52:00+00:00,3000.89990234375,3000.89990234375,2999.800048828125,2999.89990234375,142.0
2025-03-13 20:53:00+00:00,3000.800048828125,3000.89990234375,3000.60009765625,3000.89990234375,17.0
2025-03-13 20:54:00+00:00,3000.60009765625,3000.89990234375,3000.39990234375,3000.699951171875,42.0
2025-03-13 20:55:00+00:00,3000.89990234375,3000.89990234375,3000.199951171875,3000.5,96.0
2025-03-13 20:56:00+00:00,3000.89990234375,3001.10009765625,3000.60009765625,3000.699951171875,93.0
2025-03-13 20:57:00+00:00,3001.0,3001.0,3000.60009765625,3000.800048828125,49.0
2025-03-13 20:58:00+00:00,3001.10009765625,3001.10009765625,3000.300048828125,3001.0,115.0
2025-03-13 20:59:00+00:00,3001.300048828125,3001.5,3000.699951171875,3000.800048828125,130.0
2025-03-13 22:00:00+00:00,3002.0,3002.199951171875,3000.60009765625,3001.39990234375,0.0
2025-03-13 22:01:00+00:00,3002.0,3003.0,3002.0,3002.0,129.0
2025-03-13 22:02:00+00:00,2998.39990234375,3002.0,2997.5,3002.0,240.0
2025-03-13 22:03:00+00:00,2997.10009765625,2998.60009765625,2996.39990234375,2998.300048828125,115.0
2025-03-13 22:04:00+00:00,2998.0,2998.199951171875,2997.10009765625,2997.10009765625,37.0
2025-03-13 22:05:00+00:00,2997.199951171875,2998.10009765625,2996.5,2997.699951171875,80.0
2025-03-13 22:06:00+00:00,2997.39990234375,2997.5,2997.0,2997.10009765625,17.0
2025-03-13 22:07:00+00:00,2996.699951171875,2997.5,2996.5,2997.199951171875,35.0
2025-03-13 22:08:00+00:00,2996.699951171875,2997.0,2996.699951171875,2996.800048828125,6.0
2025-03-13 22:09:00+00:00,2996.5,2997.10009765625,2996.300048828125,2996.89990234375,20.0
2025-03-13 22:10:00+00:00,2996.60009765625,2996.699951171875,2996.39990234375,2996.5,15.0
2025-03-13 22:11:00+00:00,2996.199951171875,2996.60009765625,2996.199951171875,2996.60009765625,9.0
2025-03-13 22:12:00+00:00,2996.5,2996.5,2996.199951171875,2996.300048828125,22.0
2025-03-13 22:13:00+00:00,2996.199951171875,2996.60009765625,2996.199951171875,2996.5,13.0
2025-03-13 22:14:00+00:00,2996.10009765625,2996.39990234375,2996.10009765625,2996.10009765625,9.0
2025-03-13 22:15:00+00:00,2996.699951171875,2996.800048828125,2996.199951171875,2996.199951171875,30.0
2025-03-13 22:16:00+00:00,2996.89990234375,2997.10009765625,2996.699951171875,2996.699951171875,19.0
2025-03-13 22:17:00+00:00,2997.10009765625,2997.39990234375,2997.10009765625,2997.10009765625,11.0
2025-03-13 22:18:00+00:00,2996.60009765625,2997.0,2996.60009765625,2997.0,35.0
2025-03-13 22:19:00+00:00,2996.800048828125,2996.800048828125,2996.699951171875,2996.699951171875,6.0
2025-03-13 22:20:00+00:00,2997.0,2997.0,2996.699951171875,2996.699951171875,11.0
2025-03-13 22:21:00+00:00,2996.300048828125,2996.800048828125,2996.300048828125,2996.800048828125,26.0
2025-03-13 22:22:00+00:00,2996.300048828125,2996.5,2996.199951171875,2996.39990234375,7.0
2025-03-13 22:23:00+00:00,2996.800048828125,2996.800048828125,2996.300048828125,2996.300048828125,19.0
2025-03-13 22:24:00+00:00,2998.39990234375,2998.89990234375,2996.60009765625,2996.699951171875,137.0
2025-03-13 22:25:00+00:00,2998.800048828125,2999.0,2998.199951171875,2998.39990234375,11.0
2025-03-13 22:26:00+00:00,2998.800048828125,2999.10009765625,2998.60009765625,2998.699951171875,20.0
2025-03-13 22:27:00+00:00,2998.60009765625,2998.800048828125,2998.5,2998.699951171875,16.0
2025-03-13 22:28:00+00:00,2998.699951171875,2998.699951171875,2998.5,2998.699951171875,5.0
2025-03-13 22:29:00+00:00,2998.60009765625,2998.800048828125,2998.60009765625,2998.699951171875,7.0
2025-03-13 22:30:00+00:00,3000.10009765625,3000.199951171875,2998.699951171875,2998.699951171875,101.0
2025-03-13 22:31:00+00:00,2999.10009765625,3000.300048828125,2999.10009765625,3000.300048828125,41.0
2025-03-13 22:32:00+00:00,3000.0,3000.0,2999.10009765625,2999.10009765625,79.0
2025-03-13 22:33:00+00:00,3000.60009765625,3000.699951171875,2999.89990234375,3000.0,72.0
2025-03-13 22:34:00+00:00,3000.5,3001.10009765625,3000.300048828125,3000.89990234375,54.0
2025-03-13 22:35:00+00:00,3000.800048828125,3001.0,3000.699951171875,3000.699951171875,4.0
2025-03-13 22:36:00+00:00,3000.10009765625,3000.60009765625,3000.10009765625,3000.60009765625,23.0
2025-03-13 22:37:00+00:00,2999.5,3000.199951171875,2999.199951171875,3000.199951171875,33.0
2025-03-13 22:38:00+00:00,3000.800048828125,3001.199951171875,2999.300048828125,2999.39990234375,103.0
2025-03-13 22:39:00+00:00,3002.199951171875,3002.39990234375,3000.699951171875,3000.699951171875,75.0
2025-03-13 22:40:00+00:00,3000.699951171875,3002.0,3000.699951171875,3002.0,67.0
2025-03-13 22:41:00+00:00,3000.199951171875,3000.699951171875,2999.89990234375,3000.699951171875,78.0
2025-03-13 22:42:00+00:00,2999.800048828125,3000.60009765625,2999.800048828125,3000.300048828125,64.0
2025-03-13 22:43:00+00:00,2998.199951171875,2999.800048828125,2998.0,2999.800048828125,111.0
2025-03-13 22:44:00+00:00,2998.699951171875,2998.699951171875,2998.199951171875,2998.39990234375,17.0
2025-03-13 22:45:00+00:00,2999.10009765625,2999.10009765625,2998.5,2998.60009765625,18.0
2025-03-13 22:46:00+00:00,2999.0,2999.39990234375,2999.0,2999.199951171875,7.0
2025-03-13 22:47:00+00:00,3000.0,3000.60009765625,2998.89990234375,2998.89990234375,70.0
2025-03-13 22:48:00+00:00,2999.5,3000.10009765625,2999.0,2999.89990234375,86.0
2025-03-13 22:49:00+00:00,2999.39990234375,2999.800048828125,2999.300048828125,2999.699951171875,16.0
2025-03-13 22:50:00+00:00,2999.5,2999.800048828125,2999.39990234375,2999.800048828125,18.0
2025-03-13 22:51:00+00:00,2999.39990234375,2999.39990234375,2998.89990234375,2999.10009765625,17.0
2025-03-13 22:52:00+00:00,2999.800048828125,2999.800048828125,2999.5,2999.60009765625,11.0
2025-03-13 22:53:00+00:00,2999.300048828125,3000.0,2999.0,2999.800048828125,39.0
2025-03-13 22:54:00+00:00,2999.60009765625,2999.60009765625,2999.199951171875,2999.300048828125,7.0
2025-03-13 22:55:00+00:00,2999.39990234375,2999.60009765625,2999.39990234375,2999.39990234375,7.0
2025-03-13 22:56:00+00:00,2999.10009765625,2999.60009765625,2999.10009765625,2999.5,8.0
2025-03-13 22:57:00+00:00,2999.199951171875,2999.199951171875,2998.89990234375,2999.0,12.0
2025-03-13 22:58:00+00:00,2999.300048828125,2999.300048828125,2999.10009765625,2999.10009765625,8.0
2025-03-13 22:59:00+00:00,2999.60009765625,2999.89990234375,2999.199951171875,2999.199951171875,14.0
2025-03-13 23:00:00+00:00,2999.300048828125,2999.699951171875,2999.10009765625,2999.5,20.0
2025-03-13 23:01:00+00:00,2999.699951171875,2999.699951171875,2999.5,2999.5,6.0
2025-03-13 23:02:00+00:00,2999.0,2999.5,2999.0,2999.5,20.0
2025-03-13 23:03:00+00:00,2999.199951171875,2999.199951171875,2998.60009765625,2999.0,26.0
2025-03-13 23:04:00+00:00,2998.699951171875,2999.10009765625,2998.699951171875,2999.0,16.0
2025-03-13 23:05:00+00:00,2998.60009765625,2998.699951171875,2998.5,2998.60009765625,14.0
2025-03-13 23:06:00+00:00,2998.5,2998.5,2998.0,2998.5,22.0
2025-03-13 23:07:00+00:00,2999.0,2999.0,2998.5,2998.60009765625,21.0
2025-03-13 23:08:00+00:00,2998.89990234375,2999.10009765625,2998.89990234375,2998.89990234375,9.0
2025-03-13 23:09:00+00:00,2999.300048828125,2999.5,2999.0,2999.0,13.0
2025-03-13 23:10:00+00:00,2999.10009765625,2999.5,2998.89990234375,2999.39990234375,27.0
2025-03-13 23:11:00+00:00,2999.300048828125,2999.300048828125,2999.199951171875,2999.199951171875,3.0
2025-03-13 23:12:00+00:00,2998.5,2999.199951171875,2998.5,2999.199951171875,9.0
2025-03-13 23:13:00+00:00,2999.199951171875,2999.300048828125,2998.699951171875,2998.699951171875,19.0
2025-03-13 23:14:00+00:00,2998.39990234375,2999.300048828125,2998.39990234375,2999.300048828125,17.0
2025-03-13 23:15:00+00:00,2998.300048828125,2998.699951171875,2998.300048828125,2998.5,19.0
2025-03-13 23:16:00+00:00,2998.5,2998.89990234375,2998.39990234375,2998.5,21.0
2025-03-13 23:17:00+00:00,2998.699951171875,2998.699951171875,2998.300048828125,2998.39990234375,11.0
2025-03-13 23:18:00+00:00,2998.39990234375,2998.60009765625,2998.300048828125,2998.60009765625,14.0
2025-03-13 23:19:00+00:00,2998.60009765625,2998.800048828125,2998.39990234375,2998.39990234375,15.0
2025-03-13 23:20:00+00:00,2999.300048828125,2999.300048828125,2998.60009765625,2998.699951171875,40.0
2025-03-13 23:21:00+00:00,2999.0,2999.300048828125,2999.0,2999.10009765625,16.0
2025-03-13 23:22:00+00:00,2999.0,2999.0,2998.89990234375,2999.0,10.0
2025-03-13 23:23:00+00:00,2999.10009765625,2999.199951171875,2999.0,2999.0,5.0
2025-03-13 23:24:00+00:00,2999.199951171875,3000.10009765625,2999.199951171875,2999.300048828125,45.0
2025-03-13 23:25:00+00:00,2999.60009765625,2999.60009765625,2998.89990234375,2999.199951171875,38.0
2025-03-13 23:26:00+00:00,3000.300048828125,3000.300048828125,2999.199951171875,2999.39990234375,26.0
2025-03-13 23:27:00+00:00,3000.699951171875,3000.800048828125,3000.0,3000.10009765625,47.0
2025-03-13 23:28:00+00:00,3000.699951171875,3001.0,3000.699951171875,3000.699951171875,15.0
2025-03-13 23:29:00+00:00,3001.0,3001.300048828125,3000.60009765625,3000.60009765625,39.0
2025-03-13 23:30:00+00:00,3000.89990234375,3001.300048828125,3000.60009765625,3000.800048828125,47.0
2025-03-13 23:31:00+00:00,3000.300048828125,3000.60009765625,3000.199951171875,3000.60009765625,25.0
2025-03-13 23:32:00+00:00,3000.300048828125,3000.89990234375,3000.300048828125,3000.60009765625,30.0
2025-03-13 23:33:00+00:00,2999.5,3000.300048828125,2999.5,3000.199951171875,39.0
2025-03-13 23:34:00+00:00,2999.89990234375,3000.0,2999.60009765625,2999.699951171875,31.0
2025-03-13 23:35:00+00:00,3000.10009765625,3000.10009765625,2999.699951171875,2999.89990234375,12.0
2025-03-13 23:36:00+00:00,2999.89990234375,3000.199951171875,2999.89990234375,3000.199951171875,6.0
2025-03-13 23:37:00+00:00,3000.199951171875,3000.60009765625,2999.89990234375,2999.89990234375,38.0
2025-03-13 23:38:00+00:00,3000.5,3000.699951171875,3000.300048828125,3000.60009765625,36.0
2025-03-13 23:39:00+00:00,3000.60009765625,3000.699951171875,3000.199951171875,3000.5,23.0
2025-03-13 23:40:00+00:00,3000.39990234375,3000.89990234375,3000.39990234375,3000.60009765625,12.0
2025-03-13 23:41:00+00:00,3000.39990234375,3000.39990234375,3000.39990234375,3000.39990234375,3.0
2025-03-13 23:42:00+00:00,3000.39990234375,3000.60009765625,3000.39990234375,3000.5,6.0
2025-03-13 23:43:00+00:00,2999.89990234375,3000.10009765625,2999.800048828125,3000.10009765625,19.0
2025-03-13 23:44:00+00:00,3000.39990234375,3000.39990234375,2999.89990234375,2999.89990234375,9.0
2025-03-13 23:45:00+00:00,2999.199951171875,3000.800048828125,2998.699951171875,3000.60009765625,235.0
2025-03-13 23:46:00+00:00,2998.699951171875,2999.0,2998.60009765625,2998.800048828125,17.0
2025-03-13 23:47:00+00:00,2998.699951171875,2998.800048828125,2998.300048828125,2998.5,19.0
2025-03-13 23:49:00+00:00,2999.800048828125,2999.800048828125,2998.5,2998.5,46.0
2025-03-13 23:50:00+00:00,2999.39990234375,2999.699951171875,2999.10009765625,2999.699951171875,13.0
2025-03-13 23:51:00+00:00,2998.0,2999.10009765625,2997.699951171875,2999.10009765625,104.0
2025-03-13 23:52:00+00:00,2998.699951171875,2998.89990234375,2998.10009765625,2998.10009765625,43.0
2025-03-13 23:53:00+00:00,2998.300048828125,2998.699951171875,2998.300048828125,2998.699951171875,11.0
2025-03-13 23:54:00+00:00,2998.0,2998.199951171875,2997.699951171875,2998.199951171875,22.0
2025-03-13 23:55:00+00:00,2997.60009765625,2997.89990234375,2997.5,2997.89990234375,58.0
2025-03-13 23:56:00+00:00,2997.5,2997.60009765625,2997.300048828125,2997.60009765625,23.0
2025-03-13 23:57:00+00:00,2997.699951171875,2997.89990234375,2997.5,2997.60009765625,22.0
2025-03-13 23:58:00+00:00,2998.39990234375,2998.5,2997.800048828125,2997.800048828125,23.0
2025-03-13 23:59:00+00:00,2998.699951171875,2998.699951171875,2998.300048828125,2998.39990234375,17.0
2025-03-14 00:00:00+00:00,2998.39990234375,2998.39990234375,2997.89990234375,2998.300048828125,24.0
2025-03-14 00:01:00+00:00,2998.5,2998.60009765625,2998.300048828125,2998.5,16.0
2025-03-14 00:02:00+00:00,2998.300048828125,2998.800048828125,2998.199951171875,2998.39990234375,28.0
2025-03-14 00:03:00+00:00,2998.60009765625,2998.800048828125,2998.5,2998.5,10.0
2025-03-14 00:04:00+00:00,2998.199951171875,2998.5,2998.10009765625,2998.5,12.0
2025-03-14 00:05:00+00:00,2998.39990234375,2998.60009765625,2998.199951171875,2998.39990234375,38.0
2025-03-14 00:06:00+00:00,2998.0,2998.39990234375,2998.0,2998.300048828125,28.0
2025-03-14 00:07:00+00:00,2998.60009765625,2998.60009765625,2998.10009765625,2998.10009765625,24.0
2025-03-14 00:08:00+00:00,2998.699951171875,2998.89990234375,2998.199951171875,2998.699951171875,80.0
2025-03-14 00:09:00+00:00,2998.10009765625,2998.89990234375,2998.0,2998.89990234375,38.0
2025-03-14 00:10:00+00:00,2997.800048828125,2998.10009765625,2997.800048828125,2998.0,18.0
2025-03-14 00:11:00+00:00,2998.300048828125,2998.300048828125,2997.89990234375,2998.0,18.0
2025-03-14 00:12:00+00:00,2998.60009765625,2998.60009765625,2998.39990234375,2998.39990234375,9.0
2025-03-14 00:13:00+00:00,2998.699951171875,2998.699951171875,2998.5,2998.5,11.0
2025-03-14 00:14:00+00:00,2998.800048828125,2998.800048828125,2998.5,2998.5,8.0
2025-03-14 00:15:00+00:00,2998.5,2999.10009765625,2998.39990234375,2998.89990234375,34.0
2025-03-14 00:16:00+00:00,2998.699951171875,2998.699951171875,2998.60009765625,2998.60009765625,4.0
2025-03-14 00:17:00+00:00,2998.800048828125,2998.800048828125,2998.39990234375,2998.699951171875,21.0
2025-03-14 00:18:00+00:00,2998.89990234375,2999.39990234375,2998.60009765625,2998.60009765625,38.0
2025-03-14 00:19:00+00:00,2999.300048828125,2999.39990234375,2999.0,2999.10009765625,18.0
2025-03-14 00:20:00+00:00,2998.5,2999.39990234375,2998.5,2999.39990234375,56.0
2025-03-14 00:21:00+00:00,2998.800048828125,2999.10009765625,2998.699951171875,2998.699951171875,35.0
2025-03-14 00:22:00+00:00,2999.0,2999.199951171875,2998.800048828125,2998.800048828125,47.0
2025-03-14 00:23:00+00:00,2998.800048828125,2999.199951171875,2998.300048828125,2999.10009765625,67.0
2025-03-14 00:24:00+00:00,2998.5,2999.10009765625,2998.39990234375,2998.800048828125,51.0
2025-03-14 00:25:00+00:00,2998.39990234375,2998.800048828125,2998.39990234375,2998.39990234375,52.0
2025-03-14 00:26:00+00:00,2997.699951171875,2998.199951171875,2997.699951171875,2998.10009765625,45.0
2025-03-14 00:27:00+00:00,2997.89990234375,2998.10009765625,2997.699951171875,2997.800048828125,29.0
2025-03-14 00:28:00+00:00,2997.199951171875,2998.0,2997.199951171875,2998.0,86.0
2025-03-14 00:29:00+00:00,2997.300048828125,2997.300048828125,2997.0,2997.199951171875,55.0
2025-03-14 00:30:00+00:00,2998.5,2998.89990234375,2997.39990234375,2997.39990234375,76.0
2025-03-14 00:31:00+00:00,2998.300048828125,2998.5,2998.10009765625,2998.5,79.0
2025-03-14 00:32:00+00:00,2998.10009765625,2998.699951171875,2997.89990234375,2998.39990234375,60.0
2025-03-14 00:33:00+00:00,2998.0,2998.10009765625,2997.89990234375,2998.10009765625,11.0
2025-03-14 00:34:00+00:00,2998.0,2998.0,2997.800048828125,2997.89990234375,18.0
2025-03-14 00:35:00+00:00,2997.800048828125,2997.89990234375,2997.800048828125,2997.800048828125,3.0
2025-03-14 00:36:00+00:00,2997.5,2997.5,2997.300048828125,2997.300048828125,56.0
2025-03-14 00:37:00+00:00,2997.699951171875,2998.0,2997.60009765625,2997.60009765625,31.0
2025-03-14 00:38:00+00:00,2997.89990234375,2998.300048828125,2997.60009765625,2997.60009765625,60.0
2025-03-14 00:39:00+00:00,2997.800048828125,2998.300048828125,2997.800048828125,2998.10009765625,19.0
2025-03-14 00:40:00+00:00,2997.800048828125,2998.10009765625,2997.60009765625,2998.0,25.0
2025-03-14 00:41:00+00:00,2997.89990234375,2998.199951171875,2997.699951171875,2997.699951171875,26.0
2025-03-14 00:42:00+00:00,2997.699951171875,2998.89990234375,2997.699951171875,2998.10009765625,56.0
2025-03-14 00:43:00+00:00,2997.60009765625,2998.199951171875,2997.60009765625,2997.699951171875,35.0
2025-03-14 00:44:00+00:00,2998.300048828125,2998.60009765625,2997.89990234375,2997.89990234375,27.0
2025-03-14 00:45:00+00:00,2998.10009765625,2999.10009765625,2998.0,2998.300048828125,68.0
2025-03-14 00:46:00+00:00,2998.800048828125,2999.0,2998.0,2998.300048828125,59.0
2025-03-14 00:47:00+00:00,2999.699951171875,3000.0,2999.0,2999.0,72.0
2025-03-14 00:48:00+00:00,2999.300048828125,2999.699951171875,2999.0,2999.699951171875,74.0
2025-03-14 00:49:00+00:00,2999.60009765625,3000.0,2999.39990234375,2999.39990234375,68.0
2025-03-14 00:50:00+00:00,2999.60009765625,3000.0,2999.39990234375,2999.800048828125,88.0
2025-03-14 00:51:00+00:00,2999.60009765625,2999.89990234375,2999.5,2999.800048828125,56.0
2025-03-14 00:52:00+00:00,2999.60009765625,2999.800048828125,2999.300048828125,2999.5,102.0
2025-03-14 00:53:00+00:00,2999.60009765625,2999.89990234375,2999.199951171875,2999.800048828125,96.0
2025-03-14 00:54:00+00:00,3000.60009765625,3000.60009765625,2999.5,2999.5,201.0
2025-03-14 00:55:00+00:00,3000.5,3001.39990234375,3000.199951171875,3000.89990234375,165.0
2025-03-14 00:56:00+00:00,3001.699951171875,3001.800048828125,3000.60009765625,3000.60009765625,36.0
2025-03-14 00:57:00+00:00,3000.199951171875,3001.60009765625,3000.199951171875,3001.60009765625,74.0
2025-03-14 00:58:00+00:00,2999.699951171875,3000.199951171875,2999.699951171875,3000.10009765625,37.0
2025-03-14 00:59:00+00:00,2999.5,2999.699951171875,2998.89990234375,2999.699951171875,110.0
2025-03-14 01:00:00+00:00,2999.39990234375,3000.699951171875,2999.199951171875,2999.60009765625,166.0
2025-03-14 01:01:00+00:00,3000.10009765625,3000.10009765625,2998.60009765625,2999.199951171875,169.0
2025-03-14 01:02:00+00:00,3001.199951171875,3001.89990234375,3000.0,3000.0,119.0
2025-03-14 01:03:00+00:00,2999.5,3001.5,2999.0,3001.199951171875,77.0
2025-03-14 01:04:00+00:00,2999.5,3000.199951171875,2999.5,2999.699951171875,44.0
2025-03-14 01:05:00+00:00,3000.39990234375,3001.199951171875,2999.10009765625,2999.5,130.0
2025-03-14 01:06:00+00:00,3000.89990234375,3001.199951171875,2999.89990234375,2999.89990234375,51.0
2025-03-14 01:07:00+00:00,3002.699951171875,3003.699951171875,3000.699951171875,3000.699951171875,456.0
2025-03-14 01:08:00+00:00,3001.39990234375,3002.800048828125,3001.300048828125,3002.5,211.0
2025-03-14 01:09:00+00:00,3000.89990234375,3002.199951171875,3000.89990234375,3001.300048828125,148.0
2025-03-14 01:10:00+00:00,3002.199951171875,3002.39990234375,3000.39990234375,3000.699951171875,89.0
2025-03-14 01:11:00+00:00,3002.39990234375,3002.5,3001.89990234375,3002.300048828125,85.0
2025-03-14 01:12:00+00:00,3003.5,3003.5,3002.300048828125,3002.5,139.0
2025-03-14 01:13:00+00:00,3002.89990234375,3003.89990234375,3002.89990234375,3003.300048828125,207.0
2025-03-14 01:14:00+00:00,3003.39990234375,3003.699951171875,3002.800048828125,3002.800048828125,130.0
2025-03-14 01:15:00+00:00,3002.39990234375,3003.60009765625,3002.39990234375,3003.60009765625,74.0
2025-03-14 01:16:00+00:00,3003.0,3003.0,3002.60009765625,3002.60009765625,38.0
2025-03-14 01:17:00+00:00,3002.300048828125,3003.10009765625,3002.199951171875,3003.10009765625,36.0
2025-03-14 01:18:00+00:00,3001.199951171875,3002.5,3001.199951171875,3002.300048828125,73.0
2025-03-14 01:19:00+00:00,3001.10009765625,3001.300048828125,2999.300048828125,3001.199951171875,261.0
2025-03-14 01:20:00+00:00,2999.89990234375,3001.5,2999.89990234375,3001.0,177.0
2025-03-14 01:21:00+00:00,3001.0,3001.199951171875,2998.89990234375,2999.699951171875,235.0
2025-03-14 01:22:00+00:00,3000.5,3001.5,2999.89990234375,3001.0,143.0
2025-03-14 01:23:00+00:00,3000.0,3000.60009765625,3000.0,3000.5,59.0
2025-03-14 01:24:00+00:00,3000.300048828125,3000.800048828125,3000.199951171875,3000.5,37.0
2025-03-14 01:25:00+00:00,2999.89990234375,3000.60009765625,2999.39990234375,3000.10009765625,101.0
2025-03-14 01:26:00+00:00,2998.89990234375,3000.10009765625,2998.60009765625,3000.0,96.0
2025-03-14 01:27:00+00:00,2997.89990234375,2999.300048828125,2997.89990234375,2999.0,155.0
2025-03-14 01:28:00+00:00,2997.199951171875,2998.199951171875,2996.699951171875,2998.10009765625,137.0
2025-03-14 01:29:00+00:00,2997.199951171875,2997.5,2996.60009765625,2997.10009765625,81.0
2025-03-14 01:30:00+00:00,2995.199951171875,2997.39990234375,2994.800048828125,2997.10009765625,331.0
2025-03-14 01:31:00+00:00,2995.60009765625,2996.300048828125,2994.89990234375,2995.300048828125,176.0
2025-03-14 01:32:00+00:00,2996.800048828125,2997.10009765625,2995.5,2995.5,107.0
2025-03-14 01:33:00+00:00,2996.199951171875,2997.300048828125,2996.10009765625,2996.60009765625,172.0
2025-03-14 01:34:00+00:00,2996.0,2996.39990234375,2995.800048828125,2996.0,224.0
2025-03-14 01:35:00+00:00,2997.39990234375,2997.5,2995.60009765625,2996.300048828125,132.0
2025-03-14 01:36:00+00:00,2998.60009765625,2998.60009765625,2997.39990234375,2997.39990234375,252.0
2025-03-14 01:37:00+00:00,2998.300048828125,2998.39990234375,2997.5,2998.39990234375,44.0
2025-03-14 01:38:00+00:00,3000.199951171875,3000.699951171875,2998.300048828125,2998.39990234375,190.0
2025-03-14 01:39:00+00:00,2999.5,3000.199951171875,2999.39990234375,3000.199951171875,83.0
2025-03-14 01:40:00+00:00,3000.60009765625,3001.0,2999.89990234375,2999.89990234375,69.0
2025-03-14 01:41:00+00:00,3000.39990234375,3001.10009765625,3000.199951171875,3000.60009765625,71.0
2025-03-14 01:42:00+00:00,3000.800048828125,3001.0,3000.0,3000.39990234375,78.0
2025-03-14 01:43:00+00:00,3000.60009765625,3001.0,3000.300048828125,3001.0,54.0
2025-03-14 01:44:00+00:00,3000.699951171875,3001.199951171875,3000.60009765625,3000.60009765625,87.0
2025-03-14 01:45:00+00:00,3001.10009765625,3001.60009765625,3000.89990234375,3000.89990234375,65.0
2025-03-14 01:46:00+00:00,3001.199951171875,3001.300048828125,3000.60009765625,3001.199951171875,33.0
2025-03-14 01:47:00+00:00,3000.699951171875,3001.10009765625,3000.699951171875,3000.800048828125,48.0
2025-03-14 01:48:00+00:00,2999.5,3000.699951171875,2999.39990234375,3000.699951171875,82.0
2025-03-14 01:49:00+00:00,3000.0,3000.0,2999.5,2999.60009765625,49.0
2025-03-14 01:50:00+00:00,2999.89990234375,3000.300048828125,2999.60009765625,3000.10009765625,53.0
2025-03-14 01:51:00+00:00,3000.89990234375,3001.10009765625,3000.10009765625,3000.10009765625,96.0
2025-03-14 01:52:00+00:00,3000.89990234375,3001.300048828125,3000.89990234375,3001.10009765625,27.0
2025-03-14 01:53:00+00:00,3000.60009765625,3001.0,3000.39990234375,3001.0,38.0
2025-03-14 01:54:00+00:00,3001.199951171875,3001.5,3000.39990234375,3000.89990234375,107.0
2025-03-14 01:55:00+00:00,3001.10009765625,3001.5,3000.60009765625,3001.300048828125,51.0
2025-03-14 01:56:00+00:00,3000.89990234375,3001.199951171875,3000.800048828125,3001.199951171875,44.0
2025-03-14 01:57:00+00:00,3000.89990234375,3001.0,3000.699951171875,3000.89990234375,18.0
2025-03-14 01:58:00+00:00,3001.199951171875,3001.300048828125,3000.89990234375,3001.0,38.0
2025-03-14 01:59:00+00:00,3001.300048828125,3001.5,3001.10009765625,3001.300048828125,30.0
2025-03-14 02:00:00+00:00,3000.89990234375,3001.5,3000.60009765625,3001.199951171875,54.0
2025-03-14 02:01:00+00:00,3000.800048828125,3000.800048828125,3000.39990234375,3000.699951171875,31.0
2025-03-14 02:02:00+00:00,2999.800048828125,3000.699951171875,2999.60009765625,3000.60009765625,32.0
2025-03-14 02:03:00+00:00,3000.300048828125,3000.60009765625,2999.800048828125,3000.0,66.0
2025-03-14 02:04:00+00:00,3000.800048828125,3001.0,2999.800048828125,3000.10009765625,78.0
2025-03-14 02:05:00+00:00,3000.800048828125,3001.0,3000.60009765625,3000.800048828125,17.0
2025-03-14 02:06:00+00:00,3000.89990234375,3000.89990234375,3000.300048828125,3000.699951171875,15.0
2025-03-14 02:07:00+00:00,3001.699951171875,3002.699951171875,3000.800048828125,3000.89990234375,420.0
2025-03-14 02:08:00+00:00,3001.300048828125,3002.89990234375,3000.699951171875,3001.89990234375,344.0
2025-03-14 02:09:00+00:00,3002.0,3002.39990234375,3001.39990234375,3001.39990234375,192.0
2025-03-14 02:10:00+00:00,3002.0,3002.0,3001.5,3002.0,26.0
2025-03-14 02:11:00+00:00,3001.10009765625,3002.0,3001.10009765625,3002.0,69.0
2025-03-14 02:12:00+00:00,3002.10009765625,3002.60009765625,3000.699951171875,3001.0,274.0
2025-03-14 02:13:00+00:00,3002.10009765625,3002.89990234375,3002.0,3002.10009765625,130.0
2025-03-14 02:14:00+00:00,3002.199951171875,3002.5,3001.89990234375,3002.0,69.0
2025-03-14 02:15:00+00:00,3001.60009765625,3002.10009765625,3001.60009765625,3002.10009765625,21.0
2025-03-14 02:16:00+00:00,3001.10009765625,3001.699951171875,3001.10009765625,3001.699951171875,42.0
2025-03-14 02:17:00+00:00,3000.699951171875,3001.199951171875,3000.5,3001.199951171875,150.0
2025-03-14 02:18:00+00:00,3000.800048828125,3001.39990234375,3000.60009765625,3000.60009765625,34.0
2025-03-14 02:19:00+00:00,3001.10009765625,3001.39990234375,3000.89990234375,3001.0,25.0
2025-03-14 02:20:00+00:00,3000.60009765625,3001.300048828125,3000.60009765625,3001.10009765625,21.0
2025-03-14 02:21:00+00:00,3001.0,3001.199951171875,3000.699951171875,3000.699951171875,27.0
2025-03-14 02:22:00+00:00,3000.699951171875,3001.10009765625,3000.699951171875,3001.0,27.0
2025-03-14 02:23:00+00:00,3001.60009765625,3002.0,3000.89990234375,3000.89990234375,32.0
2025-03-14 02:24:00+00:00,3001.300048828125,3001.60009765625,3001.10009765625,3001.5,32.0
2025-03-14 02:25:00+00:00,3001.10009765625,3001.39990234375,3000.800048828125,3001.39990234375,15.0
2025-03-14 02:26:00+00:00,3001.300048828125,3001.300048828125,3000.60009765625,3001.10009765625,75.0
2025-03-14 02:27:00+00:00,3000.89990234375,3001.800048828125,3000.89990234375,3001.5,33.0
2025-03-14 02:28:00+00:00,3000.5,3001.0,3000.199951171875,3000.800048828125,50.0
2025-03-14 02:29:00+00:00,3000.699951171875,3001.0,3000.300048828125,3000.5,54.0
2025-03-14 02:30:00+00:00,3001.39990234375,3001.699951171875,3001.0,3001.10009765625,107.0
2025-03-14 02:31:00+00:00,3000.300048828125,3001.800048828125,3000.199951171875,3001.300048828125,68.0
2025-03-14 02:32:00+00:00,3000.0,3000.60009765625,3000.0,3000.199951171875,14.0
2025-03-14 02:33:00+00:00,2999.800048828125,3000.199951171875,2999.699951171875,3000.10009765625,36.0
2025-03-14 02:34:00+00:00,2999.39990234375,2999.800048828125,2999.39990234375,2999.800048828125,35.0
2025-03-14 02:35:00+00:00,2999.699951171875,2999.699951171875,2999.39990234375,2999.39990234375,99.0
2025-03-14 02:36:00+00:00,2999.699951171875,3000.10009765625,2999.39990234375,3000.0,29.0
2025-03-14 02:37:00+00:00,2999.60009765625,2999.60009765625,2999.39990234375,2999.60009765625,33.0
2025-03-14 02:38:00+00:00,2999.699951171875,2999.699951171875,2999.39990234375,2999.5,128.0
2025-03-14 02:39:00+00:00,2999.199951171875,2999.699951171875,2998.60009765625,2999.60009765625,189.0
2025-03-14 02:40:00+00:00,2999.60009765625,2999.89990234375,2998.5,2999.199951171875,155.0
2025-03-14 02:41:00+00:00,2999.699951171875,3000.60009765625,2999.39990234375,2999.5,222.0
2025-03-14 02:42:00+00:00,3000.5,3000.89990234375,2999.5,2999.800048828125,71.0
2025-03-14 02:43:00+00:00,3000.60009765625,3000.800048828125,3000.39990234375,3000.39990234375,7.0
2025-03-14 02:44:00+00:00,2999.800048828125,3000.60009765625,2999.699951171875,3000.39990234375,34.0
2025-03-14 02:45:00+00:00,2999.60009765625,2999.89990234375,2999.300048828125,2999.699951171875,44.0
2025-03-14 02:46:00+00:00,2999.89990234375,3000.0,2999.199951171875,2999.300048828125,39.0
2025-03-14 02:47:00+00:00,2999.800048828125,3000.0,2999.60009765625,3000.0,15.0
2025-03-14 02:48:00+00:00,3000.199951171875,3000.199951171875,2999.699951171875,3000.0,11.0
2025-03-14 02:49:00+00:00,2999.800048828125,3000.199951171875,2999.800048828125,3000.199951171875,19.0
2025-03-14 02:50:00+00:00,2999.39990234375,2999.89990234375,2999.0,2999.89990234375,65.0
2025-03-14 02:51:00+00:00,2999.0,2999.39990234375,2999.0,2999.300048828125,20.0
2025-03-14 02:52:00+00:00,2999.0,2999.300048828125,2998.699951171875,2998.89990234375,42.0
2025-03-14 02:53:00+00:00,2998.60009765625,2999.0,2998.39990234375,2998.89990234375,17.0
2025-03-14 02:54:00+00:00,2999.0,2999.199951171875,2998.800048828125,2998.800048828125,28.0
2025-03-14 02:55:00+00:00,2998.89990234375,2999.300048828125,2998.89990234375,2999.199951171875,9.0
2025-03-14 02:56:00+00:00,2999.5,2999.5,2998.800048828125,2998.89990234375,27.0
2025-03-14 02:57:00+00:00,2998.60009765625,2999.5,2998.5,2999.5,58.0
2025-03-14 02:58:00+00:00,2997.5,2998.5,2997.5,2998.5,40.0
2025-03-14 02:59:00+00:00,2996.89990234375,2997.60009765625,2996.800048828125,2997.60009765625,105.0
2025-03-14 03:00:00+00:00,2997.199951171875,2997.699951171875,2996.89990234375,2997.10009765625,69.0
2025-03-14 03:01:00+00:00,2997.5,2997.5,2996.800048828125,2997.0,43.0
2025-03-14 03:02:00+00:00,2997.699951171875,2997.89990234375,2996.89990234375,2997.300048828125,50.0
2025-03-14 03:03:00+00:00,2997.60009765625,2998.0,2997.5,2997.800048828125,43.0
2025-03-14 03:04:00+00:00,2997.699951171875,2997.699951171875,2997.39990234375,2997.39990234375,25.0
2025-03-14 03:05:00+00:00,2998.0,2998.300048828125,2997.800048828125,2997.89990234375,28.0
2025-03-14 03:06:00+00:00,2998.199951171875,2998.5,2997.800048828125,2997.89990234375,32.0
2025-03-14 03:07:00+00:00,2998.699951171875,2998.800048828125,2998.199951171875,2998.199951171875,41.0
2025-03-14 03:08:00+00:00,2998.39990234375,2998.699951171875,2998.199951171875,2998.699951171875,15.0
2025-03-14 03:09:00+00:00,2998.60009765625,2998.60009765625,2998.39990234375,2998.5,104.0
2025-03-14 03:10:00+00:00,2999.699951171875,2999.699951171875,2998.699951171875,2998.89990234375,39.0
2025-03-14 03:11:00+00:00,2999.5,2999.5,2999.300048828125,2999.5,8.0
2025-03-14 03:12:00+00:00,2999.0,2999.199951171875,2998.800048828125,2999.199951171875,30.0
2025-03-14 03:13:00+00:00,2998.39990234375,2999.0,2998.39990234375,2999.0,19.0
2025-03-14 03:14:00+00:00,2998.699951171875,2998.699951171875,2998.300048828125,2998.300048828125,29.0
2025-03-14 03:15:00+00:00,2999.0,2999.0,2998.800048828125,2998.800048828125,88.0
2025-03-14 03:16:00+00:00,2998.699951171875,2998.699951171875,2998.199951171875,2998.699951171875,31.0
2025-03-14 03:17:00+00:00,2998.699951171875,2998.800048828125,2998.39990234375,2998.699951171875,16.0
2025-03-14 03:18:00+00:00,2999.5,2999.699951171875,2998.699951171875,2998.699951171875,28.0
2025-03-14 03:19:00+00:00,3000.199951171875,3000.300048828125,2999.60009765625,2999.60009765625,57.0
2025-03-14 03:20:00+00:00,3000.699951171875,3001.0,3000.10009765625,3000.199951171875,52.0
2025-03-14 03:21:00+00:00,3001.0,3001.199951171875,3000.5,3000.699951171875,60.0
2025-03-14 03:22:00+00:00,3000.800048828125,3001.0,3000.39990234375,3000.89990234375,27.0
2025-03-14 03:23:00+00:00,3000.60009765625,3000.60009765625,3000.300048828125,3000.60009765625,6.0
2025-03-14 03:24:00+00:00,3000.199951171875,3000.5,3000.0,3000.5,21.0
2025-03-14 03:25:00+00:00,3000.39990234375,3000.5,3000.0,3000.300048828125,19.0
2025-03-14 03:26:00+00:00,3000.199951171875,3000.39990234375,2999.89990234375,3000.300048828125,15.0
2025-03-14 03:27:00+00:00,3000.10009765625,3000.300048828125,2999.60009765625,2999.89990234375,31.0
2025-03-14 03:28:00+00:00,2999.800048828125,3000.300048828125,2999.800048828125,3000.199951171875,28.0
2025-03-14 03:29:00+00:00,3000.0,3000.199951171875,2999.89990234375,3000.0,14.0
2025-03-14 03:30:00+00:00,2999.5,3000.199951171875,2999.5,3000.10009765625,31.0
2025-03-14 03:31:00+00:00,2999.39990234375,2999.89990234375,2999.199951171875,2999.199951171875,14.0
2025-03-14 03:32:00+00:00,2999.699951171875,2999.699951171875,2999.300048828125,2999.60009765625,46.0
2025-03-14 03:33:00+00:00,2999.800048828125,2999.800048828125,2999.699951171875,2999.699951171875,18.0
2025-03-14 03:34:00+00:00,2999.800048828125,2999.800048828125,2999.699951171875,2999.699951171875,3.0
2025-03-14 03:35:00+00:00,3000.10009765625,3000.10009765625,2999.699951171875,2999.800048828125,15.0
2025-03-14 03:36:00+00:00,3000.0,3000.199951171875,3000.0,3000.10009765625,7.0
2025-03-14 03:37:00+00:00,3000.39990234375,3000.5,3000.0,3000.0,32.0
2025-03-14 03:38:00+00:00,3000.699951171875,3000.699951171875,3000.39990234375,3000.699951171875,90.0
2025-03-14 03:39:00+00:00,3001.0,3001.0,3000.39990234375,3000.5,20.0
2025-03-14 03:40:00+00:00,3000.800048828125,3000.800048828125,3000.699951171875,3000.699951171875,3.0
2025-03-14 03:41:00+00:00,3000.60009765625,3000.800048828125,3000.60009765625,3000.800048828125,10.0
2025-03-14 03:42:00+00:00,3000.39990234375,3000.60009765625,3000.39990234375,3000.60009765625,6.0
2025-03-14 03:43:00+00:00,3000.199951171875,3000.39990234375,2999.699951171875,3000.39990234375,50.0
2025-03-14 03:44:00+00:00,3000.39990234375,3000.5,3000.10009765625,3000.199951171875,4.0
2025-03-14 03:45:00+00:00,3001.10009765625,3001.10009765625,3000.199951171875,3000.300048828125,30.0
2025-03-14 03:46:00+00:00,3001.199951171875,3001.300048828125,3001.0,3001.10009765625,22.0
2025-03-14 03:47:00+00:00,3001.199951171875,3001.800048828125,3001.199951171875,3001.300048828125,35.0
2025-03-14 03:48:00+00:00,3001.300048828125,3001.5,3001.199951171875,3001.300048828125,17.0
2025-03-14 03:49:00+00:00,3001.800048828125,3001.89990234375,3001.199951171875,3001.199951171875,35.0
2025-03-14 03:50:00+00:00,3002.10009765625,3002.300048828125,3001.699951171875,3001.89990234375,68.0
2025-03-14 03:51:00+00:00,3002.89990234375,3003.10009765625,3001.89990234375,3002.10009765625,120.0
2025-03-14 03:52:00+00:00,3002.5,3002.800048828125,3002.0,3002.800048828125,52.0
2025-03-14 03:53:00+00:00,3002.39990234375,3002.60009765625,3002.199951171875,3002.60009765625,23.0
2025-03-14 03:54:00+00:00,3003.0,3003.0,3002.39990234375,3002.39990234375,75.0
2025-03-14 03:55:00+00:00,3003.699951171875,3004.60009765625,3003.10009765625,3003.10009765625,728.0
2025-03-14 03:56:00+00:00,3003.5,3003.800048828125,3003.10009765625,3003.800048828125,58.0
2025-03-14 03:57:00+00:00,3002.89990234375,3003.699951171875,3002.60009765625,3003.5,83.0
2025-03-14 03:58:00+00:00,3002.60009765625,3003.10009765625,3002.60009765625,3002.89990234375,24.0
2025-03-14 04:00:00+00:00,3005.199951171875,3005.300048828125,3004.10009765625,3004.199951171875,218.0
2025-03-14 04:01:00+00:00,3005.0,3005.39990234375,3004.800048828125,3005.0,71.0
2025-03-14 04:02:00+00:00,3005.199951171875,3005.300048828125,3004.800048828125,3005.0,16.0
2025-03-14 04:03:00+00:00,3005.5,3005.5,3005.10009765625,3005.10009765625,40.0
2025-03-14 04:04:00+00:00,3004.60009765625,3005.5,3004.5,3005.5,62.0
2025-03-14 04:05:00+00:00,3005.0,3005.39990234375,3004.699951171875,3004.699951171875,81.0
2025-03-14 04:06:00+00:00,3004.699951171875,3005.10009765625,3004.0,3005.0,136.0
2025-03-14 04:07:00+00:00,3003.800048828125,3004.89990234375,3003.800048828125,3004.800048828125,50.0
2025-03-14 04:08:00+00:00,3004.199951171875,3004.300048828125,3003.699951171875,3003.800048828125,36.0
2025-03-14 04:09:00+00:00,3003.5,3004.300048828125,3003.5,3004.300048828125,41.0
2025-03-14 04:10:00+00:00,3003.60009765625,3003.699951171875,3003.300048828125,3003.60009765625,22.0
2025-03-14 04:11:00+00:00,3004.39990234375,3004.5,3003.60009765625,3003.60009765625,116.0
2025-03-14 04:12:00+00:00,3004.0,3004.800048828125,3003.89990234375,3004.39990234375,132.0
2025-03-14 04:13:00+00:00,3004.5,3004.5,3003.89990234375,3003.89990234375,20.0
2025-03-14 04:14:00+00:00,3004.300048828125,3004.800048828125,3004.300048828125,3004.5,24.0
2025-03-14 04:15:00+00:00,3004.800048828125,3005.0,3004.199951171875,3004.300048828125,60.0
2025-03-14 04:16:00+00:00,3005.0,3005.10009765625,3004.800048828125,3004.800048828125,37.0
2025-03-14 04:17:00+00:00,3005.0,3005.10009765625,3004.699951171875,3005.10009765625,30.0
2025-03-14 04:18:00+00:00,3004.89990234375,3005.199951171875,3004.800048828125,3005.0,24.0
2025-03-14 04:19:00+00:00,3005.0,3005.0,3004.60009765625,3004.89990234375,22.0
2025-03-14 04:20:00+00:00,3005.0,3005.199951171875,3005.0,3005.10009765625,22.0
2025-03-14 04:21:00+00:00,3005.199951171875,3005.5,3005.10009765625,3005.10009765625,36.0
2025-03-14 04:22:00+00:00,3005.5,3005.89990234375,3005.300048828125,3005.39990234375,50.0
2025-03-14 04:23:00+00:00,3005.300048828125,3005.60009765625,3005.199951171875,3005.60009765625,38.0
2025-03-14 04:24:00+00:00,3005.5,3005.699951171875,3005.300048828125,3005.300048828125,11.0
2025-03-14 04:25:00+00:00,3005.199951171875,3005.5,3005.0,3005.5,43.0
2025-03-14 04:26:00+00:00,3004.39990234375,3005.199951171875,3004.199951171875,3005.10009765625,82.0
2025-03-14 04:27:00+00:00,3004.0,3004.5,3003.89990234375,3004.5,23.0
2025-03-14 04:28:00+00:00,3004.0,3004.300048828125,3004.0,3004.0,22.0
2025-03-14 04:29:00+00:00,3003.60009765625,3004.39990234375,3003.5,3003.89990234375,87.0
2025-03-14 04:30:00+00:00,3003.39990234375,3003.699951171875,3003.0,3003.699951171875,80.0
2025-03-14 04:31:00+00:00,3002.5,3003.39990234375,3002.199951171875,3003.39990234375,156.0
2025-03-14 04:32:00+00:00,3002.800048828125,3002.800048828125,3002.5,3002.5,25.0
2025-03-14 04:33:00+00:00,3002.300048828125,3002.699951171875,3002.199951171875,3002.60009765625,28.0
2025-03-14 04:34:00+00:00,3002.5,3002.5,3002.10009765625,3002.300048828125,27.0
2025-03-14 04:35:00+00:00,3003.199951171875,3003.300048828125,3002.5,3002.5,96.0
2025-03-14 04:36:00+00:00,3003.199951171875,3004.10009765625,3002.800048828125,3003.199951171875,296.0
2025-03-14 04:37:00+00:00,3001.10009765625,3003.300048828125,3001.10009765625,3003.300048828125,346.0
2025-03-14 04:38:00+00:00,3001.699951171875,3002.0,3001.0,3001.199951171875,55.0
2025-03-14 04:39:00+00:00,3000.699951171875,3001.5,3000.699951171875,3001.5,46.0
2025-03-14 04:40:00+00:00,3001.39990234375,3001.5,3000.699951171875,3000.800048828125,79.0
2025-03-14 04:41:00+00:00,3001.39990234375,3001.60009765625,3001.39990234375,3001.39990234375,20.0
2025-03-14 04:42:00+00:00,3001.10009765625,3002.199951171875,3001.10009765625,3001.5,158.0
2025-03-14 04:43:00+00:00,3001.60009765625,3001.800048828125,3001.199951171875,3001.199951171875,15.0
2025-03-14 04:44:00+00:00,3001.39990234375,3001.699951171875,3001.39990234375,3001.699951171875,17.0
2025-03-14 04:45:00+00:00,3000.699951171875,3001.300048828125,3000.699951171875,3001.300048828125,38.0
2025-03-14 04:46:00+00:00,3001.300048828125,3001.300048828125,3000.800048828125,3000.800048828125,27.0
2025-03-14 04:47:00+00:00,3001.10009765625,3001.10009765625,3000.89990234375,3001.0,9.0
2025-03-14 04:48:00+00:00,3000.699951171875,3001.0,3000.699951171875,3001.0,9.0
2025-03-14 04:49:00+00:00,3000.800048828125,3000.800048828125,3000.5,3000.699951171875,23.0
2025-03-14 04:50:00+00:00,3000.0,3000.89990234375,2999.800048828125,3000.89990234375,83.0
2025-03-14 04:51:00+00:00,2999.300048828125,3000.39990234375,2999.0,3000.0,190.0
2025-03-14 04:52:00+00:00,2999.300048828125,2999.699951171875,2998.10009765625,2999.60009765625,203.0
2025-03-14 04:53:00+00:00,2999.89990234375,3000.10009765625,2999.0,2999.39990234375,308.0
2025-03-14 04:54:00+00:00,2998.89990234375,3000.0,2998.699951171875,2999.800048828125,60.0
2025-03-14 04:55:00+00:00,2998.300048828125,2999.10009765625,2998.300048828125,2998.699951171875,38.0
2025-03-14 04:56:00+00:00,2998.199951171875,2999.0,2998.0,2998.60009765625,119.0
2025-03-14 04:57:00+00:00,2997.699951171875,2998.199951171875,2997.300048828125,2998.10009765625,166.0
2025-03-14 04:58:00+00:00,2997.60009765625,2997.89990234375,2997.300048828125,2997.800048828125,78.0
2025-03-14 04:59:00+00:00,2998.5,2998.5,2997.800048828125,2997.800048828125,33.0
2025-03-14 05:00:00+00:00,2998.5,2998.89990234375,2998.39990234375,2998.5,67.0
2025-03-14 05:01:00+00:00,2997.699951171875,2998.60009765625,2997.300048828125,2998.5,176.0
2025-03-14 05:02:00+00:00,2998.300048828125,2998.300048828125,2997.5,2997.699951171875,46.0
2025-03-14 05:03:00+00:00,2998.10009765625,2998.39990234375,2998.10009765625,2998.39990234375,17.0
2025-03-14 05:04:00+00:00,2998.10009765625,2998.300048828125,2998.0,2998.199951171875,130.0
2025-03-14 05:05:00+00:00,2997.89990234375,2998.199951171875,2997.699951171875,2997.89990234375,32.0
2025-03-14 05:06:00+00:00,2997.699951171875,2998.199951171875,2997.699951171875,2997.89990234375,55.0
2025-03-14 05:07:00+00:00,2997.89990234375,2998.0,2997.60009765625,2997.800048828125,24.0
2025-03-14 05:08:00+00:00,2997.60009765625,2998.5,2997.60009765625,2998.0,53.0
2025-03-14 05:09:00+00:00,2998.0,2998.0,2997.39990234375,2997.699951171875,35.0
2025-03-14 05:10:00+00:00,2998.10009765625,2998.5,2998.10009765625,2998.199951171875,35.0
2025-03-14 05:11:00+00:00,2998.10009765625,2998.39990234375,2997.89990234375,2998.0,31.0
2025-03-14 05:12:00+00:00,2997.89990234375,2998.60009765625,2997.89990234375,2998.300048828125,42.0
2025-03-14 05:13:00+00:00,2997.89990234375,2998.39990234375,2997.89990234375,2998.0,14.0
2025-03-14 05:14:00+00:00,2998.0,2998.0,2997.60009765625,2998.0,17.0
2025-03-14 05:15:00+00:00,2998.300048828125,2998.5,2998.0,2998.10009765625,43.0
2025-03-14 05:16:00+00:00,2998.300048828125,2998.5,2998.300048828125,2998.300048828125,32.0
2025-03-14 05:17:00+00:00,2998.199951171875,2998.39990234375,2998.0,2998.39990234375,27.0
2025-03-14 05:18:00+00:00,2997.800048828125,2998.300048828125,2997.60009765625,2998.300048828125,62.0
2025-03-14 05:19:00+00:00,2998.10009765625,2998.300048828125,2997.800048828125,2997.800048828125,16.0
2025-03-14 05:20:00+00:00,2998.300048828125,2998.39990234375,2998.0,2998.199951171875,34.0
2025-03-14 05:21:00+00:00,2998.0,2998.60009765625,2998.0,2998.60009765625,66.0
2025-03-14 05:22:00+00:00,2998.0,2998.5,2997.800048828125,2998.199951171875,35.0
2025-03-14 05:23:00+00:00,2997.800048828125,2998.300048828125,2997.800048828125,2998.10009765625,25.0
2025-03-14 05:24:00+00:00,2998.10009765625,2998.10009765625,2997.5,2997.699951171875,65.0
2025-03-14 05:25:00+00:00,2996.5,2998.10009765625,2996.39990234375,2998.10009765625,267.0
2025-03-14 05:26:00+00:00,2996.199951171875,2996.699951171875,2996.0,2996.39990234375,108.0
2025-03-14 05:27:00+00:00,2996.0,2996.5,2995.89990234375,2996.10009765625,182.0
2025-03-14 05:28:00+00:00,2996.60009765625,2996.60009765625,2995.800048828125,2996.10009765625,65.0
2025-03-14 05:29:00+00:00,2997.39990234375,2997.39990234375,2996.60009765625,2996.60009765625,34.0
2025-03-14 05:30:00+00:00,2996.199951171875,2997.39990234375,2995.89990234375,2997.39990234375,114.0
2025-03-14 05:31:00+00:00,2997.5,2997.60009765625,2996.199951171875,2996.199951171875,39.0
2025-03-14 05:32:00+00:00,2997.699951171875,2998.10009765625,2997.60009765625,2997.60009765625,105.0
2025-03-14 05:33:00+00:00,2997.800048828125,2997.800048828125,2997.300048828125,2997.699951171875,24.0
2025-03-14 05:34:00+00:00,2996.5,2997.699951171875,2996.199951171875,2997.699951171875,103.0
2025-03-14 05:35:00+00:00,2997.89990234375,2997.89990234375,2996.300048828125,2996.60009765625,113.0
2025-03-14 05:36:00+00:00,2998.89990234375,2998.89990234375,2997.89990234375,2997.89990234375,81.0
2025-03-14 05:37:00+00:00,2998.60009765625,2999.39990234375,2998.60009765625,2999.0,73.0
2025-03-14 05:38:00+00:00,2998.800048828125,2998.800048828125,2998.39990234375,2998.60009765625,22.0
2025-03-14 05:39:00+00:00,2998.199951171875,2999.10009765625,2998.199951171875,2998.699951171875,50.0
2025-03-14 05:40:00+00:00,2998.60009765625,2998.699951171875,2998.0,2998.199951171875,20.0
2025-03-14 05:41:00+00:00,2998.699951171875,2999.0,2998.5,2998.5,29.0
2025-03-14 05:42:00+00:00,2999.10009765625,2999.39990234375,2998.5,2998.699951171875,74.0
2025-03-14 05:43:00+00:00,2999.10009765625,2999.60009765625,2999.0,2999.199951171875,47.0
2025-03-14 05:44:00+00:00,2998.60009765625,2999.300048828125,2998.60009765625,2999.0,29.0
2025-03-14 05:45:00+00:00,2998.699951171875,2998.89990234375,2998.60009765625,2998.699951171875,17.0
2025-03-14 05:46:00+00:00,2998.89990234375,2999.0,2998.699951171875,2998.89990234375,34.0
2025-03-14 05:47:00+00:00,2997.800048828125,2999.199951171875,2997.699951171875,2999.10009765625,105.0
2025-03-14 05:48:00+00:00,2997.39990234375,2998.10009765625,2997.300048828125,2997.800048828125,58.0
2025-03-14 05:49:00+00:00,2997.89990234375,2998.0,2997.199951171875,2997.300048828125,39.0
2025-03-14 05:50:00+00:00,2995.699951171875,2997.89990234375,2995.0,2997.800048828125,541.0
2025-03-14 05:51:00+00:00,2997.5,2997.699951171875,2995.39990234375,2995.800048828125,127.0
2025-03-14 05:52:00+00:00,2998.300048828125,2998.5,2997.39990234375,2997.5,80.0
2025-03-14 05:53:00+00:00,2998.699951171875,2998.699951171875,2997.89990234375,2998.0,60.0
2025-03-14 05:54:00+00:00,2997.89990234375,2998.800048828125,2997.199951171875,2998.699951171875,128.0
2025-03-14 05:55:00+00:00,2998.89990234375,2999.10009765625,2997.39990234375,2997.699951171875,91.0
2025-03-14 05:56:00+00:00,2999.60009765625,2999.699951171875,2998.60009765625,2999.0,101.0
2025-03-14 05:57:00+00:00,2998.800048828125,2999.5,2998.5,2999.5,76.0
2025-03-14 05:58:00+00:00,2999.199951171875,2999.300048828125,2998.89990234375,2999.0,13.0
2025-03-14 05:59:00+00:00,2999.60009765625,2999.60009765625,2999.0,2999.10009765625,25.0
2025-03-14 06:00:00+00:00,2998.89990234375,2999.39990234375,2998.800048828125,2999.39990234375,38.0
2025-03-14 06:01:00+00:00,2998.800048828125,2999.199951171875,2998.800048828125,2999.0,13.0
2025-03-14 06:02:00+00:00,2998.800048828125,2998.800048828125,2998.300048828125,2998.800048828125,12.0
2025-03-14 06:03:00+00:00,2999.10009765625,2999.300048828125,2998.60009765625,2998.60009765625,35.0
2025-03-14 06:04:00+00:00,2998.699951171875,2999.10009765625,2998.60009765625,2999.10009765625,29.0
2025-03-14 06:05:00+00:00,2998.39990234375,2999.199951171875,2998.39990234375,2998.699951171875,29.0
2025-03-14 06:06:00+00:00,2997.800048828125,2998.199951171875,2997.60009765625,2998.199951171875,28.0
2025-03-14 06:07:00+00:00,2997.800048828125,2997.800048828125,2997.5,2997.800048828125,24.0
2025-03-14 06:08:00+00:00,2998.0,2998.0,2997.199951171875,2997.5,54.0
2025-03-14 06:09:00+00:00,2997.699951171875,2998.39990234375,2997.699951171875,2998.0,33.0
2025-03-14 06:10:00+00:00,2997.5,2997.89990234375,2997.5,2997.800048828125,11.0
2025-03-14 06:11:00+00:00,2997.39990234375,2997.39990234375,2997.0,2997.39990234375,56.0
2025-03-14 06:12:00+00:00,2997.10009765625,2997.300048828125,2996.89990234375,2997.300048828125,34.0
2025-03-14 06:13:00+00:00,2997.699951171875,2997.89990234375,2997.199951171875,2997.199951171875,48.0
2025-03-14 06:14:00+00:00,2997.10009765625,2997.800048828125,2997.0,2997.800048828125,52.0
2025-03-14 06:15:00+00:00,2997.39990234375,2997.39990234375,2996.60009765625,2997.10009765625,93.0
2025-03-14 06:16:00+00:00,2997.0,2997.60009765625,2996.800048828125,2997.5,17.0
2025-03-14 06:17:00+00:00,2997.10009765625,2997.300048828125,2997.10009765625,2997.199951171875,8.0
2025-03-14 06:18:00+00:00,2996.5,2996.89990234375,2996.39990234375,2996.89990234375,62.0
2025-03-14 06:19:00+00:00,2995.699951171875,2996.89990234375,2995.699951171875,2996.5,106.0
2025-03-14 06:20:00+00:00,2995.60009765625,2995.800048828125,2995.10009765625,2995.60009765625,203.0
2025-03-14 06:21:00+00:00,2996.0,2996.199951171875,2994.89990234375,2995.5,146.0
2025-03-14 06:22:00+00:00,2996.89990234375,2996.89990234375,2996.10009765625,2996.10009765625,54.0
2025-03-14 06:23:00+00:00,2996.699951171875,2997.199951171875,2996.39990234375,2997.0,83.0
2025-03-14 06:24:00+00:00,2996.60009765625,2997.300048828125,2996.300048828125,2996.60009765625,121.0
2025-03-14 06:25:00+00:00,2996.199951171875,2996.699951171875,2996.199951171875,2996.5,29.0
2025-03-14 06:26:00+00:00,2995.89990234375,2996.60009765625,2995.5,2996.199951171875,184.0
2025-03-14 06:27:00+00:00,2995.800048828125,2996.300048828125,2995.699951171875,2995.800048828125,67.0
2025-03-14 06:28:00+00:00,2995.39990234375,2996.0,2995.39990234375,2995.89990234375,66.0
2025-03-14 06:29:00+00:00,2995.800048828125,2996.0,2995.5,2995.60009765625,34.0
2025-03-14 06:30:00+00:00,2995.89990234375,2996.0,2995.60009765625,2995.800048828125,65.0
2025-03-14 06:31:00+00:00,2995.39990234375,2995.800048828125,2994.89990234375,2995.800048828125,100.0
2025-03-14 06:32:00+00:00,2995.39990234375,2995.800048828125,2995.10009765625,2995.5,66.0
2025-03-14 06:33:00+00:00,2995.5,2995.89990234375,2995.300048828125,2995.5,63.0
2025-03-14 06:34:00+00:00,2995.60009765625,2995.800048828125,2994.60009765625,2995.300048828125,465.0
2025-03-14 06:35:00+00:00,2995.39990234375,2995.699951171875,2994.89990234375,2995.5,53.0
2025-03-14 06:36:00+00:00,2995.89990234375,2996.0,2995.300048828125,2995.300048828125,53.0
2025-03-14 06:37:00+00:00,2996.39990234375,2996.699951171875,2995.89990234375,2995.89990234375,99.0
2025-03-14 06:38:00+00:00,2997.300048828125,2997.5,2996.39990234375,2996.39990234375,99.0
2025-03-14 06:39:00+00:00,2997.5,2997.699951171875,2997.10009765625,2997.300048828125,109.0
2025-03-14 06:40:00+00:00,2997.300048828125,2997.699951171875,2997.0,2997.60009765625,71.0
2025-03-14 06:41:00+00:00,2997.89990234375,2998.0,2997.39990234375,2997.39990234375,56.0
2025-03-14 06:42:00+00:00,2997.39990234375,2998.0,2997.39990234375,2997.89990234375,20.0
2025-03-14 06:43:00+00:00,2997.5,2997.800048828125,2997.300048828125,2997.39990234375,35.0
2025-03-14 06:44:00+00:00,2998.300048828125,2998.39990234375,2997.5,2997.60009765625,62.0
2025-03-14 06:45:00+00:00,2998.5,2998.60009765625,2998.199951171875,2998.39990234375,68.0
2025-03-14 06:46:00+00:00,2998.89990234375,2999.39990234375,2998.0,2998.39990234375,170.0
2025-03-14 06:47:00+00:00,3000.0,3000.60009765625,2998.89990234375,2998.89990234375,409.0
2025-03-14 06:48:00+00:00,3000.300048828125,3000.5,2999.699951171875,2999.89990234375,112.0
2025-03-14 06:49:00+00:00,3000.5,3000.89990234375,3000.10009765625,3000.39990234375,93.0
2025-03-14 06:50:00+00:00,2999.5,3000.60009765625,2999.199951171875,3000.60009765625,64.0
2025-03-14 06:51:00+00:00,2998.89990234375,2999.60009765625,2998.89990234375,2999.39990234375,63.0
2025-03-14 06:52:00+00:00,2998.89990234375,2999.10009765625,2998.699951171875,2999.0,58.0
2025-03-14 06:53:00+00:00,2998.800048828125,2999.0,2998.5,2998.89990234375,35.0
2025-03-14 06:54:00+00:00,2998.5,2998.800048828125,2998.5,2998.800048828125,21.0
2025-03-14 06:55:00+00:00,2998.300048828125,2998.5,2997.800048828125,2998.39990234375,52.0
2025-03-14 06:56:00+00:00,2998.5,2998.60009765625,2998.199951171875,2998.199951171875,20.0
2025-03-14 06:57:00+00:00,2998.60009765625,2998.800048828125,2998.5,2998.60009765625,18.0
2025-03-14 06:58:00+00:00,2998.5,2998.60009765625,2998.199951171875,2998.5,15.0
2025-03-14 06:59:00+00:00,2998.199951171875,2998.699951171875,2998.199951171875,2998.5,29.0
2025-03-14 07:00:00+00:00,2997.800048828125,2998.199951171875,2997.699951171875,2998.199951171875,88.0
2025-03-14 07:01:00+00:00,2997.300048828125,2997.89990234375,2997.10009765625,2997.800048828125,82.0
2025-03-14 07:02:00+00:00,2997.10009765625,2997.199951171875,2996.699951171875,2997.199951171875,71.0
2025-03-14 07:03:00+00:00,2998.0,2998.0,2997.300048828125,2997.300048828125,96.0
2025-03-14 07:04:00+00:00,2997.699951171875,2998.5,2997.699951171875,2998.0,78.0
2025-03-14 07:05:00+00:00,2997.199951171875,2997.800048828125,2997.0,2997.800048828125,112.0
2025-03-14 07:06:00+00:00,2995.89990234375,2997.0,2995.699951171875,2997.0,183.0
2025-03-14 07:07:00+00:00,2996.800048828125,2996.800048828125,2995.699951171875,2995.89990234375,62.0
2025-03-14 07:08:00+00:00,2995.699951171875,2996.699951171875,2995.5,2996.60009765625,69.0
2025-03-14 07:09:00+00:00,2995.5,2995.699951171875,2995.39990234375,2995.60009765625,60.0
2025-03-14 07:10:00+00:00,2995.300048828125,2995.89990234375,2995.0,2995.5,323.0
2025-03-14 07:11:00+00:00,2995.199951171875,2995.800048828125,2995.0,2995.10009765625,71.0
2025-03-14 07:12:00+00:00,2996.39990234375,2996.39990234375,2995.10009765625,2995.10009765625,329.0
2025-03-14 07:13:00+00:00,2997.0,2997.10009765625,2996.300048828125,2996.39990234375,77.0
2025-03-14 07:14:00+00:00,2996.800048828125,2997.39990234375,2996.5,2997.10009765625,59.0
2025-03-14 07:15:00+00:00,2996.89990234375,2997.0,2996.699951171875,2996.89990234375,16.0
2025-03-14 07:16:00+00:00,2996.10009765625,2996.699951171875,2996.0,2996.699951171875,33.0
2025-03-14 07:17:00+00:00,2996.0,2996.300048828125,2995.800048828125,2995.89990234375,58.0
2025-03-14 07:18:00+00:00,2996.199951171875,2996.60009765625,2995.89990234375,2996.10009765625,30.0
2025-03-14 07:19:00+00:00,2996.39990234375,2996.800048828125,2996.300048828125,2996.300048828125,84.0
2025-03-14 07:20:00+00:00,2996.39990234375,2997.10009765625,2996.0,2996.5,77.0
2025-03-14 07:21:00+00:00,2996.300048828125,2996.5,2995.800048828125,2996.5,49.0
2025-03-14 07:22:00+00:00,2995.60009765625,2996.199951171875,2995.60009765625,2996.199951171875,30.0
2025-03-14 07:23:00+00:00,2994.89990234375,2995.60009765625,2994.89990234375,2995.60009765625,166.0
2025-03-14 07:24:00+00:00,2994.39990234375,2995.10009765625,2994.300048828125,2995.10009765625,133.0
2025-03-14 07:25:00+00:00,2995.300048828125,2995.300048828125,2994.300048828125,2994.5,56.0
2025-03-14 07:26:00+00:00,2995.10009765625,2995.800048828125,2995.10009765625,2995.5,47.0
2025-03-14 07:27:00+00:00,2995.699951171875,2995.699951171875,2995.0,2995.10009765625,30.0
2025-03-14 07:28:00+00:00,2996.10009765625,2996.300048828125,2995.60009765625,2995.699951171875,63.0
2025-03-14 07:29:00+00:00,2996.800048828125,2997.0,2996.0,2996.10009765625,99.0
2025-03-14 07:30:00+00:00,2997.10009765625,2997.300048828125,2996.5,2996.89990234375,66.0
2025-03-14 07:31:00+00:00,2997.699951171875,2997.800048828125,2997.0,2997.10009765625,76.0
2025-03-14 07:32:00+00:00,2997.199951171875,2997.89990234375,2997.10009765625,2997.800048828125,36.0
2025-03-14 07:33:00+00:00,2997.199951171875,2997.699951171875,2997.199951171875,2997.39990234375,24.0
2025-03-14 07:34:00+00:00,2997.300048828125,2997.300048828125,2996.5,2997.199951171875,32.0
2025-03-14 07:35:00+00:00,2997.89990234375,2997.89990234375,2997.10009765625,2997.39990234375,34.0
2025-03-14 07:36:00+00:00,2997.89990234375,2998.10009765625,2997.89990234375,2997.89990234375,37.0
2025-03-14 07:37:00+00:00,2997.699951171875,2997.89990234375,2997.60009765625,2997.89990234375,13.0
2025-03-14 07:38:00+00:00,2997.89990234375,2998.199951171875,2997.60009765625,2997.60009765625,52.0
2025-03-14 07:39:00+00:00,2998.300048828125,2998.89990234375,2998.10009765625,2998.10009765625,156.0
2025-03-14 07:40:00+00:00,2997.89990234375,2998.300048828125,2997.89990234375,2998.300048828125,34.0
2025-03-14 07:41:00+00:00,2997.699951171875,2997.89990234375,2997.39990234375,2997.89990234375,30.0
2025-03-14 07:42:00+00:00,2998.10009765625,2998.10009765625,2997.60009765625,2997.89990234375,54.0
2025-03-14 07:43:00+00:00,2997.89990234375,2997.89990234375,2997.699951171875,2997.89990234375,8.0
2025-03-14 07:44:00+00:00,2997.699951171875,2997.699951171875,2997.199951171875,2997.60009765625,53.0
2025-03-14 07:45:00+00:00,2998.199951171875,2998.39990234375,2997.39990234375,2997.60009765625,69.0
2025-03-14 07:46:00+00:00,2997.800048828125,2998.5,2997.800048828125,2998.199951171875,41.0
2025-03-14 07:47:00+00:00,2997.39990234375,2998.10009765625,2997.39990234375,2998.0,45.0
2025-03-14 07:48:00+00:00,2997.800048828125,2997.89990234375,2997.39990234375,2997.39990234375,32.0
2025-03-14 07:49:00+00:00,2997.60009765625,2997.800048828125,2997.5,2997.800048828125,28.0
2025-03-14 07:50:00+00:00,2997.699951171875,2998.0,2997.5,2997.89990234375,28.0
2025-03-14 07:51:00+00:00,2998.300048828125,2998.300048828125,2997.699951171875,2997.699951171875,57.0
2025-03-14 07:52:00+00:00,2998.800048828125,2999.10009765625,2998.10009765625,2998.199951171875,89.0
2025-03-14 07:53:00+00:00,2998.60009765625,2999.0,2998.5,2998.89990234375,25.0
2025-03-14 07:54:00+00:00,2998.800048828125,2998.800048828125,2998.5,2998.5,14.0
2025-03-14 07:55:00+00:00,2998.89990234375,2999.10009765625,2998.699951171875,2998.699951171875,29.0
2025-03-14 07:56:00+00:00,2999.300048828125,2999.300048828125,2998.699951171875,2998.89990234375,85.0
2025-03-14 07:57:00+00:00,2999.199951171875,2999.60009765625,2999.199951171875,2999.300048828125,36.0
2025-03-14 07:58:00+00:00,2999.199951171875,2999.39990234375,2999.0,2999.10009765625,15.0
2025-03-14 07:59:00+00:00,3000.60009765625,3000.89990234375,2999.300048828125,2999.300048828125,331.0
2025-03-14 08:00:00+00:00,2999.60009765625,3000.699951171875,2999.300048828125,3000.60009765625,97.0
2025-03-14 08:01:00+00:00,2999.199951171875,2999.800048828125,2999.0,2999.60009765625,81.0
2025-03-14 08:02:00+00:00,2999.199951171875,2999.60009765625,2998.800048828125,2999.10009765625,83.0
2025-03-14 08:03:00+00:00,2998.800048828125,2999.300048828125,2998.800048828125,2999.300048828125,52.0
2025-03-14 08:04:00+00:00,2999.699951171875,2999.89990234375,2998.800048828125,2998.800048828125,75.0
2025-03-14 08:05:00+00:00,3000.800048828125,3001.199951171875,2999.800048828125,2999.89990234375,433.0
2025-03-14 08:06:00+00:00,3002.300048828125,3002.39990234375,3000.89990234375,3001.0,386.0
2025-03-14 08:07:00+00:00,3002.39990234375,3002.699951171875,3002.10009765625,3002.199951171875,242.0
2025-03-14 08:08:00+00:00,3002.5,3002.699951171875,3002.199951171875,3002.5,65.0
2025-03-14 08:09:00+00:00,3002.5,3002.800048828125,3002.39990234375,3002.60009765625,45.0
2025-03-14 08:10:00+00:00,3002.199951171875,3002.60009765625,3001.800048828125,3002.5,136.0
2025-03-14 08:11:00+00:00,3002.60009765625,3002.800048828125,3002.10009765625,3002.10009765625,89.0
2025-03-14 08:12:00+00:00,3002.800048828125,3003.39990234375,3002.39990234375,3002.800048828125,239.0
2025-03-14 08:13:00+00:00,3002.800048828125,3003.0,3002.60009765625,3002.800048828125,38.0
2025-03-14 08:14:00+00:00,3003.0,3003.199951171875,3002.60009765625,3002.699951171875,195.0
2025-03-14 08:15:00+00:00,3003.10009765625,3003.199951171875,3002.800048828125,3003.199951171875,45.0
2025-03-14 08:16:00+00:00,3002.5,3003.0,3002.0,3003.0,234.0
2025-03-14 08:17:00+00:00,3002.800048828125,3002.89990234375,3002.39990234375,3002.800048828125,70.0
2025-03-14 08:18:00+00:00,3002.699951171875,3002.699951171875,3002.0,3002.60009765625,82.0
2025-03-14 08:19:00+00:00,3002.60009765625,3003.0,3002.60009765625,3002.60009765625,85.0
2025-03-14 08:20:00+00:00,3003.5,3003.800048828125,3002.10009765625,3002.5,216.0
2025-03-14 08:21:00+00:00,3004.199951171875,3004.699951171875,3003.199951171875,3003.300048828125,362.0
2025-03-14 08:22:00+00:00,3005.39990234375,3005.39990234375,3003.199951171875,3004.199951171875,474.0
2025-03-14 08:23:00+00:00,3004.5,3005.199951171875,3004.5,3005.199951171875,128.0
2025-03-14 08:24:00+00:00,3005.699951171875,3005.699951171875,3004.39990234375,3004.699951171875,139.0
2025-03-14 08:25:00+00:00,3006.300048828125,3006.699951171875,3005.60009765625,3005.699951171875,314.0
2025-03-14 08:26:00+00:00,3006.0,3006.60009765625,3005.800048828125,3006.0,159.0
2025-03-14 08:27:00+00:00,3006.199951171875,3006.199951171875,3005.699951171875,3006.199951171875,74.0
2025-03-14 08:28:00+00:00,3005.5,3006.5,3005.5,3006.300048828125,135.0
2025-03-14 08:29:00+00:00,3006.10009765625,3006.60009765625,3005.5,3005.5,88.0
2025-03-14 08:30:00+00:00,3004.800048828125,3006.39990234375,3004.699951171875,3006.10009765625,250.0
2025-03-14 08:31:00+00:00,3003.800048828125,3004.699951171875,3003.5,3004.699951171875,100.0
2025-03-14 08:32:00+00:00,3004.60009765625,3004.800048828125,3004.0,3004.0,90.0
2025-03-14 08:33:00+00:00,3003.800048828125,3004.60009765625,3003.800048828125,3004.60009765625,31.0
2025-03-14 08:34:00+00:00,3003.39990234375,3004.10009765625,3003.300048828125,3003.89990234375,95.0
2025-03-14 08:35:00+00:00,3003.10009765625,3003.699951171875,3003.0,3003.39990234375,131.0
2025-03-14 08:36:00+00:00,3003.699951171875,3003.800048828125,3003.0,3003.10009765625,100.0
2025-03-14 08:37:00+00:00,3003.300048828125,3003.60009765625,3003.199951171875,3003.60009765625,54.0
2025-03-14 08:38:00+00:00,3003.60009765625,3003.800048828125,3003.300048828125,3003.300048828125,81.0
2025-03-14 08:39:00+00:00,3003.300048828125,3003.800048828125,3003.300048828125,3003.60009765625,47.0
2025-03-14 08:40:00+00:00,3003.10009765625,3003.699951171875,3003.10009765625,3003.199951171875,83.0
2025-03-14 08:41:00+00:00,3003.5,3003.699951171875,3003.0,3003.199951171875,107.0
2025-03-14 08:42:00+00:00,3003.800048828125,3003.89990234375,3003.5,3003.699951171875,88.0
2025-03-14 08:43:00+00:00,3003.89990234375,3004.39990234375,3003.39990234375,3003.89990234375,501.0
2025-03-14 08:44:00+00:00,3003.699951171875,3004.199951171875,3003.699951171875,3004.0,44.0
2025-03-14 08:45:00+00:00,3003.699951171875,3003.89990234375,3003.699951171875,3003.699951171875,34.0
2025-03-14 08:46:00+00:00,3003.89990234375,3003.89990234375,3003.699951171875,3003.800048828125,15.0
2025-03-14 08:47:00+00:00,3004.300048828125,3004.5,3004.0,3004.0,50.0
2025-03-14 08:48:00+00:00,3004.10009765625,3004.199951171875,3003.699951171875,3004.199951171875,29.0
2025-03-14 08:49:00+00:00,3003.89990234375,3004.10009765625,3003.89990234375,3004.0,15.0
2025-03-14 08:50:00+00:00,3004.0,3004.300048828125,3003.89990234375,3003.89990234375,26.0
2025-03-14 08:51:00+00:00,3004.199951171875,3004.199951171875,3003.89990234375,3004.0,30.0
2025-03-14 08:52:00+00:00,3004.0,3004.199951171875,3004.0,3004.199951171875,18.0
2025-03-14 08:53:00+00:00,3004.199951171875,3004.199951171875,3003.89990234375,3004.0,12.0
2025-03-14 08:54:00+00:00,3004.60009765625,3004.60009765625,3004.300048828125,3004.39990234375,50.0
2025-03-14 08:55:00+00:00,3005.60009765625,3005.699951171875,3004.39990234375,3004.60009765625,151.0
2025-03-14 08:56:00+00:00,3005.0,3005.5,3004.89990234375,3005.39990234375,50.0
2025-03-14 08:57:00+00:00,3005.699951171875,3005.89990234375,3004.89990234375,3005.0,74.0
2025-03-14 08:58:00+00:00,3006.300048828125,3006.5,3005.60009765625,3005.800048828125,92.0
2025-03-14 08:59:00+00:00,3005.800048828125,3006.300048828125,3005.800048828125,3006.300048828125,94.0
2025-03-14 09:00:00+00:00,3006.300048828125,3006.5,3005.60009765625,3005.699951171875,97.0
2025-03-14 09:01:00+00:00,3005.89990234375,3006.60009765625,3005.60009765625,3006.5,76.0
2025-03-14 09:02:00+00:00,3006.300048828125,3006.39990234375,3005.800048828125,3005.89990234375,37.0
2025-03-14 09:03:00+00:00,3006.300048828125,3006.39990234375,3006.0,3006.199951171875,31.0
2025-03-14 09:04:00+00:00,3006.60009765625,3006.60009765625,3006.199951171875,3006.199951171875,20.0
2025-03-14 09:05:00+00:00,3006.5,3006.800048828125,3006.300048828125,3006.5,100.0
2025-03-14 09:06:00+00:00,3006.5,3006.800048828125,3006.300048828125,3006.5,59.0
2025-03-14 09:07:00+00:00,3007.10009765625,3007.10009765625,3006.39990234375,3006.39990234375,47.0
2025-03-14 09:08:00+00:00,3006.800048828125,3007.10009765625,3006.699951171875,3007.0,35.0
2025-03-14 09:09:00+00:00,3007.0,3007.39990234375,3006.60009765625,3006.800048828125,82.0
2025-03-14 09:10:00+00:00,3008.0,3008.10009765625,3006.699951171875,3006.89990234375,170.0
2025-03-14 09:11:00+00:00,3008.699951171875,3009.0,3008.0,3008.0,206.0
2025-03-14 09:12:00+00:00,3007.89990234375,3008.60009765625,3007.699951171875,3008.60009765625,118.0
2025-03-14 09:13:00+00:00,3008.199951171875,3008.300048828125,3007.60009765625,3007.800048828125,83.0
2025-03-14 09:14:00+00:00,3008.10009765625,3008.5,3008.0,3008.199951171875,59.0
2025-03-14 09:15:00+00:00,3008.39990234375,3008.89990234375,3008.0,3008.0,72.0
2025-03-14 09:16:00+00:00,3008.300048828125,3008.60009765625,3008.300048828125,3008.60009765625,42.0
2025-03-14 09:17:00+00:00,3008.89990234375,3009.199951171875,3008.300048828125,3008.5,230.0
2025-03-14 09:18:00+00:00,3008.800048828125,3009.199951171875,3008.5,3009.0,206.0
2025-03-14 09:19:00+00:00,3009.0,3009.199951171875,3008.60009765625,3008.699951171875,59.0
2025-03-14 09:20:00+00:00,3009.199951171875,3009.60009765625,3009.0,3009.0,97.0
2025-03-14 09:21:00+00:00,3007.800048828125,3009.199951171875,3007.699951171875,3009.10009765625,141.0
2025-03-14 09:22:00+00:00,3008.60009765625,3008.89990234375,3007.699951171875,3007.699951171875,100.0
2025-03-14 09:23:00+00:00,3008.89990234375,3008.89990234375,3008.199951171875,3008.60009765625,51.0
2025-03-14 09:24:00+00:00,3008.60009765625,3009.10009765625,3008.39990234375,3008.800048828125,79.0
2025-03-14 09:25:00+00:00,3008.39990234375,3008.800048828125,3008.39990234375,3008.60009765625,50.0
2025-03-14 09:26:00+00:00,3008.39990234375,3008.60009765625,3007.89990234375,3008.5,76.0
2025-03-14 09:27:00+00:00,3008.0,3008.300048828125,3007.800048828125,3008.300048828125,21.0
2025-03-14 09:28:00+00:00,3007.5,3008.10009765625,3007.10009765625,3008.10009765625,88.0
2025-03-14 09:29:00+00:00,3007.39990234375,3007.699951171875,3007.300048828125,3007.39990234375,66.0
2025-03-14 09:30:00+00:00,3007.60009765625,3007.60009765625,3007.60009765625,3007.60009765625,1.0
2025-03-14 09:40:00+00:00,3011.0,3011.800048828125,3010.699951171875,3011.300048828125,2379.0
2025-03-14 09:41:00+00:00,3011.800048828125,3012.199951171875,3010.89990234375,3011.0,471.0
2025-03-14 09:42:00+00:00,3011.800048828125,3012.10009765625,3011.5,3011.60009765625,145.0
2025-03-14 09:43:00+00:00,3011.89990234375,3012.10009765625,3011.5,3011.89990234375,105.0
2025-03-14 09:44:00+00:00,3011.699951171875,3012.199951171875,3011.300048828125,3011.800048828125,270.0
2025-03-14 09:45:00+00:00,3011.89990234375,3012.10009765625,3011.5,3011.800048828125,123.0
2025-03-14 09:46:00+00:00,3011.60009765625,3012.0,3011.60009765625,3011.800048828125,60.0
2025-03-14 09:47:00+00:00,3011.800048828125,3011.89990234375,3011.60009765625,3011.60009765625,61.0
2025-03-14 09:48:00+00:00,3011.5,3011.89990234375,3011.39990234375,3011.699951171875,89.0
2025-03-14 09:49:00+00:00,3011.5,3011.800048828125,3011.300048828125,3011.39990234375,76.0
2025-03-14 09:50:00+00:00,3011.699951171875,3012.0,3011.39990234375,3011.699951171875,78.0
2025-03-14 09:51:00+00:00,3011.60009765625,3011.699951171875,3011.300048828125,3011.699951171875,52.0
2025-03-14 09:52:00+00:00,3011.5,3011.800048828125,3011.199951171875,3011.5,74.0
2025-03-14 09:53:00+00:00,3011.699951171875,3011.800048828125,3011.300048828125,3011.5,53.0
2025-03-14 09:54:00+00:00,3011.39990234375,3011.60009765625,3011.39990234375,3011.60009765625,29.0
2025-03-14 09:55:00+00:00,3011.5,3011.699951171875,3011.300048828125,3011.60009765625,64.0
2025-03-14 09:56:00+00:00,3011.300048828125,3011.699951171875,3011.300048828125,3011.39990234375,110.0
2025-03-14 09:57:00+00:00,3011.0,3011.39990234375,3011.0,3011.300048828125,57.0
2025-03-14 09:58:00+00:00,3010.89990234375,3011.10009765625,3010.800048828125,3010.89990234375,69.0
2025-03-14 09:59:00+00:00,3011.10009765625,3011.10009765625,3010.10009765625,3010.89990234375,207.0
2025-03-14 10:00:00+00:00,3010.39990234375,3011.10009765625,3010.39990234375,3010.89990234375,72.0
2025-03-14 10:01:00+00:00,3010.300048828125,3010.5,3009.800048828125,3010.5,178.0
2025-03-14 10:02:00+00:00,3010.5,3010.5,3010.199951171875,3010.5,92.0
2025-03-14 10:03:00+00:00,3009.89990234375,3010.60009765625,3009.39990234375,3010.5,204.0
2025-03-14 10:04:00+00:00,3010.60009765625,3010.60009765625,3009.800048828125,3009.89990234375,49.0
2025-03-14 10:05:00+00:00,3010.199951171875,3011.10009765625,3010.10009765625,3010.60009765625,97.0
2025-03-14 10:06:00+00:00,3010.199951171875,3010.300048828125,3010.0,3010.10009765625,52.0
2025-03-14 10:07:00+00:00,3010.199951171875,3010.5,3009.800048828125,3010.199951171875,54.0
2025-03-14 10:08:00+00:00,3010.5,3010.60009765625,3009.800048828125,3010.10009765625,77.0
2025-03-14 10:09:00+00:00,3010.89990234375,3010.89990234375,3010.39990234375,3010.39990234375,56.0
2025-03-14 10:10:00+00:00,3011.800048828125,3012.0,3010.89990234375,3010.89990234375,196.0
2025-03-14 10:11:00+00:00,3011.89990234375,3012.0,3011.60009765625,3011.800048828125,50.0
2025-03-14 10:12:00+00:00,3013.0,3013.60009765625,3011.800048828125,3011.800048828125,511.0
2025-03-14 10:13:00+00:00,3013.10009765625,3013.300048828125,3012.699951171875,3012.89990234375,156.0
2025-03-14 10:14:00+00:00,3013.199951171875,3013.39990234375,3012.800048828125,3013.300048828125,1216.0
2025-03-14 10:15:00+00:00,3014.0,3014.10009765625,3013.10009765625,3013.199951171875,155.0
2025-03-14 10:16:00+00:00,3015.60009765625,3015.800048828125,3014.0,3014.0,451.0
2025-03-14 10:17:00+00:00,3016.300048828125,3016.89990234375,3015.5,3015.60009765625,535.0
2025-03-14 10:18:00+00:00,3016.0,3017.10009765625,3015.699951171875,3016.300048828125,333.0
2025-03-14 10:19:00+00:00,3016.699951171875,3016.699951171875,3015.699951171875,3016.199951171875,221.0
2025-03-14 10:20:00+00:00,3015.89990234375,3016.800048828125,3015.60009765625,3016.699951171875,395.0
2025-03-14 10:21:00+00:00,3014.699951171875,3015.89990234375,3014.699951171875,3015.89990234375,150.0
2025-03-14 10:22:00+00:00,3015.10009765625,3015.60009765625,3014.39990234375,3014.699951171875,157.0
2025-03-14 10:23:00+00:00,3014.199951171875,3015.60009765625,3014.0,3015.0,218.0
2025-03-14 10:24:00+00:00,3014.699951171875,3015.0,3014.10009765625,3014.10009765625,215.0
2025-03-14 10:25:00+00:00,3014.800048828125,3015.0,3014.5,3014.800048828125,99.0
2025-03-14 10:26:00+00:00,3014.300048828125,3014.89990234375,3014.0,3014.699951171875,104.0
2025-03-14 10:27:00+00:00,3015.60009765625,3015.699951171875,3014.39990234375,3014.39990234375,62.0
2025-03-14 10:28:00+00:00,3014.5,3015.39990234375,3014.5,3015.39990234375,119.0
2025-03-14 10:29:00+00:00,3014.0,3014.39990234375,3013.60009765625,3014.39990234375,137.0
2025-03-14 10:30:00+00:00,3013.199951171875,3014.5,3013.10009765625,3014.199951171875,171.0
2025-03-14 10:31:00+00:00,3012.199951171875,3013.39990234375,3011.89990234375,3013.199951171875,218.0
2025-03-14 10:32:00+00:00,3012.199951171875,3012.199951171875,3011.60009765625,3012.10009765625,130.0
2025-03-14 10:33:00+00:00,3012.0,3012.10009765625,3011.800048828125,3012.0,76.0
2025-03-14 10:34:00+00:00,3011.199951171875,3012.199951171875,3010.60009765625,3012.0,377.0
2025-03-14 10:35:00+00:00,3010.199951171875,3011.39990234375,3010.0,3011.10009765625,359.0
2025-03-14 10:36:00+00:00,3008.39990234375,3010.199951171875,3007.60009765625,3010.199951171875,428.0
2025-03-14 10:37:00+00:00,3007.0,3009.199951171875,3006.0,3008.300048828125,415.0
2025-03-14 10:38:00+00:00,3006.0,3007.800048828125,3005.10009765625,3007.199951171875,446.0
2025-03-14 10:39:00+00:00,3001.89990234375,3006.300048828125,3001.10009765625,3006.10009765625,855.0
2025-03-14 10:40:00+00:00,2999.800048828125,3003.10009765625,2999.10009765625,3002.10009765625,778.0
2025-03-14 10:41:00+00:00,3004.800048828125,3005.39990234375,2999.800048828125,2999.89990234375,922.0
2025-03-14 10:42:00+00:00,3002.800048828125,3005.800048828125,3002.60009765625,3004.699951171875,581.0
2025-03-14 10:43:00+00:00,3001.800048828125,3004.199951171875,3000.60009765625,3002.89990234375,1252.0
2025-03-14 10:44:00+00:00,3002.60009765625,3003.199951171875,3001.699951171875,3001.89990234375,494.0
2025-03-14 10:45:00+00:00,3004.199951171875,3004.800048828125,3002.60009765625,3002.800048828125,364.0
2025-03-14 10:46:00+00:00,3002.10009765625,3005.300048828125,3001.699951171875,3004.199951171875,292.0
2025-03-14 10:47:00+00:00,3001.0,3002.300048828125,3000.60009765625,3002.300048828125,204.0
2025-03-14 10:48:00+00:00,2999.699951171875,3001.300048828125,2998.800048828125,3001.10009765625,519.0
2025-03-14 10:49:00+00:00,3000.800048828125,3001.199951171875,2999.5,2999.800048828125,302.0
2025-03-14 10:50:00+00:00,3002.300048828125,3002.5,3000.300048828125,3000.60009765625,316.0
2025-03-14 10:51:00+00:00,3003.10009765625,3003.60009765625,3002.39990234375,3002.39990234375,236.0
2025-03-14 10:52:00+00:00,3004.60009765625,3004.800048828125,3003.199951171875,3003.300048828125,185.0
2025-03-14 10:53:00+00:00,3005.699951171875,3005.800048828125,3004.60009765625,3004.60009765625,272.0
2025-03-14 10:54:00+00:00,3004.699951171875,3006.5,3004.5,3005.800048828125,209.0
2025-03-14 10:55:00+00:00,3005.0,3005.300048828125,3004.199951171875,3004.60009765625,97.0
2025-03-14 10:56:00+00:00,3004.39990234375,3005.199951171875,3004.300048828125,3005.10009765625,96.0
2025-03-14 10:57:00+00:00,3005.89990234375,3006.39990234375,3004.199951171875,3004.39990234375,134.0
2025-03-14 10:58:00+00:00,3005.39990234375,3005.800048828125,3004.800048828125,3005.800048828125,99.0
2025-03-14 10:59:00+00:00,3004.89990234375,3005.60009765625,3004.89990234375,3005.300048828125,105.0
2025-03-14 11:00:00+00:00,3005.39990234375,3005.60009765625,3005.0,3005.0,64.0
2025-03-14 11:01:00+00:00,3005.800048828125,3006.0,3005.199951171875,3005.39990234375,91.0
2025-03-14 11:02:00+00:00,3006.39990234375,3006.39990234375,3005.699951171875,3005.699951171875,52.0
2025-03-14 11:03:00+00:00,3007.5,3007.60009765625,3006.199951171875,3006.5,160.0
2025-03-14 11:04:00+00:00,3009.39990234375,3009.39990234375,3007.5,3007.5,264.0
2025-03-14 11:05:00+00:00,3008.199951171875,3009.60009765625,3008.10009765625,3009.300048828125,468.0
2025-03-14 11:06:00+00:00,3006.89990234375,3008.199951171875,3006.800048828125,3008.10009765625,176.0
2025-03-14 11:07:00+00:00,3007.699951171875,3007.89990234375,3007.10009765625,3007.10009765625,47.0
2025-03-14 11:08:00+00:00,3008.300048828125,3008.39990234375,3007.199951171875,3007.60009765625,108.0
2025-03-14 11:09:00+00:00,3008.5,3008.5,3007.60009765625,3008.300048828125,147.0
2025-03-14 11:10:00+00:00,3008.699951171875,3009.0,3008.199951171875,3008.39990234375,147.0
2025-03-14 11:11:00+00:00,3009.199951171875,3009.89990234375,3008.300048828125,3008.699951171875,146.0
2025-03-14 11:12:00+00:00,3009.10009765625,3009.89990234375,3009.10009765625,3009.10009765625,69.0
2025-03-14 11:13:00+00:00,3009.300048828125,3009.5,3008.89990234375,3009.10009765625,93.0
2025-03-14 11:14:00+00:00,3009.300048828125,3009.699951171875,3009.300048828125,3009.39990234375,30.0
2025-03-14 11:15:00+00:00,3008.39990234375,3009.5,3008.199951171875,3009.300048828125,90.0
2025-03-14 11:16:00+00:00,3009.199951171875,3009.199951171875,3008.5,3008.5,113.0
2025-03-14 11:17:00+00:00,3008.39990234375,3009.39990234375,3008.199951171875,3009.10009765625,64.0
2025-03-14 11:18:00+00:00,3009.699951171875,3010.0,3008.39990234375,3008.5,171.0
2025-03-14 11:19:00+00:00,3009.199951171875,3010.0,3008.800048828125,3009.800048828125,170.0
2025-03-14 11:20:00+00:00,3009.800048828125,3009.89990234375,3008.699951171875,3009.10009765625,64.0
2025-03-14 11:21:00+00:00,3008.60009765625,3009.699951171875,3008.60009765625,3009.5,34.0
2025-03-14 11:22:00+00:00,3008.5,3008.800048828125,3008.10009765625,3008.60009765625,56.0
2025-03-14 11:23:00+00:00,3008.800048828125,3008.800048828125,3007.39990234375,3008.300048828125,93.0
2025-03-14 11:24:00+00:00,3008.89990234375,3008.89990234375,3008.5,3008.800048828125,45.0
2025-03-14 11:25:00+00:00,3008.800048828125,3009.300048828125,3008.800048828125,3009.0,47.0
2025-03-14 11:26:00+00:00,3009.300048828125,3009.699951171875,3008.800048828125,3008.89990234375,89.0
2025-03-14 11:27:00+00:00,3008.800048828125,3009.0,3008.5,3009.0,29.0
2025-03-14 11:28:00+00:00,3007.89990234375,3009.199951171875,3007.699951171875,3008.60009765625,75.0
2025-03-14 11:29:00+00:00,3007.89990234375,3008.0,3007.5,3007.89990234375,48.0
2025-03-14 11:30:00+00:00,3008.300048828125,3008.60009765625,3007.5,3008.0,64.0
2025-03-14 11:31:00+00:00,3007.0,3008.39990234375,3007.0,3008.39990234375,76.0
2025-03-14 11:32:00+00:00,3007.39990234375,3007.5,3005.699951171875,3007.0,294.0
2025-03-14 11:33:00+00:00,3007.699951171875,3008.300048828125,3007.10009765625,3007.199951171875,73.0
2025-03-14 11:34:00+00:00,3007.699951171875,3008.800048828125,3007.60009765625,3007.800048828125,66.0
2025-03-14 11:35:00+00:00,3008.0,3008.10009765625,3007.699951171875,3007.699951171875,14.0
2025-03-14 11:36:00+00:00,3009.10009765625,3009.199951171875,3008.199951171875,3008.199951171875,79.0
2025-03-14 11:37:00+00:00,3009.199951171875,3010.0,3008.800048828125,3009.0,157.0
2025-03-14 11:38:00+00:00,3008.5,3009.699951171875,3008.5,3009.300048828125,84.0
2025-03-14 11:39:00+00:00,3008.10009765625,3009.300048828125,3007.89990234375,3008.5,78.0
2025-03-14 11:40:00+00:00,3007.89990234375,3008.199951171875,3007.699951171875,3008.199951171875,33.0
2025-03-14 11:41:00+00:00,3007.699951171875,3008.699951171875,3007.699951171875,3008.0,48.0
2025-03-14 11:42:00+00:00,3007.60009765625,3007.89990234375,3007.60009765625,3007.699951171875,33.0
2025-03-14 11:43:00+00:00,3007.5,3007.699951171875,3007.39990234375,3007.699951171875,48.0
2025-03-14 11:44:00+00:00,3007.60009765625,3008.300048828125,3007.60009765625,3007.60009765625,99.0
2025-03-14 11:45:00+00:00,3007.89990234375,3008.10009765625,3007.39990234375,3007.5,56.0
2025-03-14 11:46:00+00:00,3008.800048828125,3009.5,3008.0,3008.0,48.0
2025-03-14 11:47:00+00:00,3007.5,3008.89990234375,3007.39990234375,3008.89990234375,180.0
2025-03-14 11:48:00+00:00,3007.5,3007.89990234375,3007.199951171875,3007.60009765625,43.0
2025-03-14 11:49:00+00:00,3007.60009765625,3007.89990234375,3006.800048828125,3007.39990234375,67.0
2025-03-14 11:50:00+00:00,3008.800048828125,3009.10009765625,3007.699951171875,3007.699951171875,95.0
2025-03-14 11:51:00+00:00,3009.699951171875,3009.89990234375,3009.0,3009.0,59.0
2025-03-14 11:52:00+00:00,3009.0,3009.800048828125,3008.800048828125,3009.699951171875,52.0
2025-03-14 11:53:00+00:00,3008.10009765625,3009.10009765625,3008.10009765625,3009.10009765625,39.0
2025-03-14 11:54:00+00:00,3008.39990234375,3008.699951171875,3008.300048828125,3008.300048828125,26.0
2025-03-14 11:55:00+00:00,3007.10009765625,3008.699951171875,3006.800048828125,3008.300048828125,85.0
2025-03-14 11:56:00+00:00,3005.39990234375,3007.10009765625,3005.10009765625,3007.0,185.0
2025-03-14 11:57:00+00:00,3005.39990234375,3005.89990234375,3005.10009765625,3005.300048828125,102.0
2025-03-14 11:58:00+00:00,3005.10009765625,3006.10009765625,3005.10009765625,3005.5,66.0
2025-03-14 11:59:00+00:00,3004.60009765625,3005.10009765625,3004.0,3005.10009765625,366.0
2025-03-14 12:00:00+00:00,3004.89990234375,3005.10009765625,3004.199951171875,3004.800048828125,180.0
2025-03-14 12:01:00+00:00,3005.60009765625,3006.0,3005.10009765625,3005.10009765625,205.0
2025-03-14 12:02:00+00:00,3006.39990234375,3006.60009765625,3004.89990234375,3005.199951171875,145.0
2025-03-14 12:03:00+00:00,3007.199951171875,3007.60009765625,3006.300048828125,3006.39990234375,265.0
2025-03-14 12:04:00+00:00,3008.10009765625,3008.60009765625,3007.300048828125,3007.300048828125,193.0
2025-03-14 12:05:00+00:00,3008.800048828125,3008.800048828125,3008.10009765625,3008.199951171875,86.0
2025-03-14 12:06:00+00:00,3009.0,3009.300048828125,3008.199951171875,3008.800048828125,97.0
2025-03-14 12:07:00+00:00,3008.60009765625,3009.39990234375,3008.39990234375,3009.10009765625,86.0
2025-03-14 12:08:00+00:00,3009.10009765625,3009.300048828125,3008.699951171875,3008.699951171875,39.0
2025-03-14 12:09:00+00:00,3009.10009765625,3009.199951171875,3008.39990234375,3009.0,47.0
2025-03-14 12:10:00+00:00,3008.89990234375,3009.60009765625,3008.89990234375,3009.0,97.0
2025-03-14 12:11:00+00:00,3009.800048828125,3009.800048828125,3008.89990234375,3008.89990234375,141.0
2025-03-14 12:12:00+00:00,3010.39990234375,3011.89990234375,3009.300048828125,3009.89990234375,645.0
2025-03-14 12:13:00+00:00,3009.800048828125,3010.300048828125,3009.699951171875,3010.300048828125,48.0
2025-03-14 12:14:00+00:00,3009.800048828125,3010.0,3009.10009765625,3009.89990234375,124.0
2025-03-14 12:15:00+00:00,3009.699951171875,3009.89990234375,3009.39990234375,3009.800048828125,62.0
2025-03-14 12:16:00+00:00,3010.300048828125,3010.39990234375,3009.699951171875,3009.89990234375,70.0
2025-03-14 12:17:00+00:00,3010.699951171875,3011.0,3009.699951171875,3010.10009765625,192.0
2025-03-14 12:18:00+00:00,3010.60009765625,3011.0,3010.10009765625,3010.699951171875,187.0
2025-03-14 12:19:00+00:00,3010.300048828125,3010.699951171875,3010.0,3010.699951171875,145.0
2025-03-14 12:20:00+00:00,3009.5,3010.60009765625,3009.39990234375,3010.39990234375,354.0
2025-03-14 12:21:00+00:00,3008.60009765625,3010.10009765625,3008.39990234375,3009.60009765625,315.0
2025-03-14 12:22:00+00:00,3008.5,3009.199951171875,3008.300048828125,3008.39990234375,69.0
2025-03-14 12:23:00+00:00,3009.39990234375,3009.39990234375,3008.10009765625,3008.5,102.0
2025-03-14 12:24:00+00:00,3009.5,3010.10009765625,3009.199951171875,3009.300048828125,75.0
2025-03-14 12:25:00+00:00,3008.60009765625,3010.10009765625,3008.60009765625,3009.60009765625,123.0
2025-03-14 12:26:00+00:00,3008.39990234375,3008.60009765625,3007.800048828125,3008.60009765625,107.0
2025-03-14 12:27:00+00:00,3007.0,3008.39990234375,3006.89990234375,3008.39990234375,71.0
2025-03-14 12:28:00+00:00,3007.39990234375,3007.5,3006.800048828125,3007.0,89.0
2025-03-14 12:29:00+00:00,3007.300048828125,3007.60009765625,3007.199951171875,3007.39990234375,51.0
2025-03-14 12:30:00+00:00,3007.10009765625,3007.5,3006.699951171875,3007.0,100.0
2025-03-14 12:31:00+00:00,3009.199951171875,3009.199951171875,3007.0,3007.10009765625,196.0
2025-03-14 12:32:00+00:00,3009.5,3010.39990234375,3008.699951171875,3009.199951171875,259.0
2025-03-14 12:33:00+00:00,3009.10009765625,3010.0,3008.5,3009.39990234375,1875.0
2025-03-14 12:34:00+00:00,3009.39990234375,3009.800048828125,3009.199951171875,3009.199951171875,369.0
2025-03-14 12:35:00+00:00,3009.5,3009.800048828125,3008.300048828125,3009.300048828125,158.0
2025-03-14 12:36:00+00:00,3009.89990234375,3010.699951171875,3009.5,3009.699951171875,266.0
2025-03-14 12:37:00+00:00,3010.199951171875,3010.199951171875,3009.60009765625,3009.800048828125,76.0
2025-03-14 12:38:00+00:00,3010.5,3010.699951171875,3009.89990234375,3010.300048828125,428.0
2025-03-14 12:39:00+00:00,3009.699951171875,3011.300048828125,3009.60009765625,3010.699951171875,261.0
2025-03-14 12:40:00+00:00,3009.89990234375,3010.199951171875,3008.800048828125,3009.60009765625,153.0
2025-03-14 12:41:00+00:00,3011.10009765625,3011.5,3009.89990234375,3009.89990234375,254.0
2025-03-14 12:42:00+00:00,3010.89990234375,3011.5,3010.699951171875,3011.199951171875,281.0
2025-03-14 12:43:00+00:00,3010.800048828125,3010.89990234375,3010.199951171875,3010.699951171875,84.0
2025-03-14 12:44:00+00:00,3010.699951171875,3011.39990234375,3010.699951171875,3010.89990234375,61.0
2025-03-14 12:45:00+00:00,3009.800048828125,3010.800048828125,3009.699951171875,3010.699951171875,184.0
2025-03-14 12:46:00+00:00,3009.39990234375,3010.199951171875,3009.300048828125,3009.60009765625,81.0
2025-03-14 12:47:00+00:00,3009.0,3009.300048828125,3008.300048828125,3009.300048828125,214.0
2025-03-14 12:48:00+00:00,3007.89990234375,3009.0,3007.800048828125,3009.0,265.0
2025-03-14 12:49:00+00:00,3007.0,3008.10009765625,3006.800048828125,3008.10009765625,157.0
2025-03-14 12:50:00+00:00,3007.5,3007.60009765625,3006.199951171875,3007.0,206.0
2025-03-14 12:51:00+00:00,3006.0,3007.5,3005.699951171875,3007.5,204.0
2025-03-14 12:52:00+00:00,3006.60009765625,3006.800048828125,3005.699951171875,3006.0,179.0
2025-03-14 12:53:00+00:00,3006.89990234375,3007.10009765625,3006.5,3006.60009765625,74.0
2025-03-14 12:54:00+00:00,3007.199951171875,3007.300048828125,3006.39990234375,3006.699951171875,89.0
2025-03-14 12:55:00+00:00,3006.60009765625,3007.800048828125,3006.300048828125,3007.300048828125,135.0
2025-03-14 12:56:00+00:00,3005.800048828125,3006.5,3005.60009765625,3006.5,138.0
2025-03-14 12:57:00+00:00,3006.10009765625,3006.300048828125,3005.800048828125,3005.89990234375,125.0
2025-03-14 12:58:00+00:00,3005.800048828125,3006.199951171875,3005.699951171875,3005.800048828125,128.0
2025-03-14 12:59:00+00:00,3005.5,3006.39990234375,3005.10009765625,3005.800048828125,176.0
2025-03-14 13:00:00+00:00,3003.89990234375,3005.60009765625,3003.89990234375,3005.60009765625,594.0
2025-03-14 13:01:00+00:00,3005.39990234375,3006.0,3003.89990234375,3003.89990234375,235.0
2025-03-14 13:02:00+00:00,3005.60009765625,3006.10009765625,3005.0,3005.199951171875,120.0
2025-03-14 13:03:00+00:00,3006.199951171875,3006.89990234375,3005.60009765625,3005.699951171875,123.0
2025-03-14 13:04:00+00:00,3005.39990234375,3006.5,3004.699951171875,3006.300048828125,106.0
2025-03-14 13:05:00+00:00,3005.5,3006.0,3005.0,3005.199951171875,66.0
2025-03-14 13:06:00+00:00,3003.300048828125,3005.60009765625,3003.199951171875,3005.60009765625,351.0
2025-03-14 13:07:00+00:00,3003.800048828125,3003.89990234375,3003.0,3003.199951171875,293.0
2025-03-14 13:08:00+00:00,3003.300048828125,3004.800048828125,3002.89990234375,3003.89990234375,345.0
2025-03-14 13:09:00+00:00,3003.699951171875,3003.800048828125,3002.89990234375,3003.300048828125,317.0
2025-03-14 13:10:00+00:00,3004.0,3005.60009765625,3003.60009765625,3003.89990234375,336.0
2025-03-14 13:11:00+00:00,3004.199951171875,3004.39990234375,3003.0,3004.10009765625,340.0
2025-03-14 13:12:00+00:00,3003.300048828125,3004.60009765625,3003.10009765625,3004.10009765625,149.0
2025-03-14 13:13:00+00:00,3004.0,3004.89990234375,3003.300048828125,3003.39990234375,120.0
2025-03-14 13:14:00+00:00,3004.199951171875,3004.800048828125,3003.5,3003.89990234375,116.0
2025-03-14 13:15:00+00:00,3004.5,3004.699951171875,3003.699951171875,3004.300048828125,62.0
2025-03-14 13:16:00+00:00,3005.10009765625,3006.0,3004.5,3004.5,151.0
2025-03-14 13:17:00+00:00,3006.5,3006.5,3005.10009765625,3005.10009765625,89.0
2025-03-14 13:18:00+00:00,3005.89990234375,3007.0,3005.800048828125,3006.39990234375,115.0
2025-03-14 13:19:00+00:00,3005.800048828125,3005.800048828125,3004.89990234375,3005.699951171875,93.0
2025-03-14 13:20:00+00:00,3005.199951171875,3006.5,3005.0,3005.5,76.0
2025-03-14 13:21:00+00:00,3005.5,3006.39990234375,3005.199951171875,3005.39990234375,137.0
2025-03-14 13:22:00+00:00,3006.39990234375,3006.699951171875,3005.10009765625,3005.39990234375,98.0
2025-03-14 13:23:00+00:00,3006.60009765625,3007.0,3006.10009765625,3006.10009765625,63.0
2025-03-14 13:24:00+00:00,3007.699951171875,3008.0,3006.300048828125,3006.60009765625,189.0
2025-03-14 13:25:00+00:00,3006.800048828125,3007.800048828125,3006.60009765625,3007.800048828125,93.0
2025-03-14 13:26:00+00:00,3006.300048828125,3006.89990234375,3005.5,3006.800048828125,136.0
2025-03-14 13:27:00+00:00,3006.300048828125,3006.699951171875,3005.60009765625,3006.300048828125,121.0
2025-03-14 13:28:00+00:00,3007.0,3007.10009765625,3005.800048828125,3006.0,409.0
2025-03-14 13:29:00+00:00,3007.300048828125,3007.800048828125,3006.89990234375,3007.10009765625,359.0
2025-03-14 13:30:00+00:00,3005.5,3007.699951171875,3005.39990234375,3007.199951171875,607.0
2025-03-14 13:31:00+00:00,3003.89990234375,3005.5,3003.800048828125,3005.5,323.0
2025-03-14 13:32:00+00:00,3001.10009765625,3003.800048828125,3001.0,3003.800048828125,682.0
2025-03-14 13:33:00+00:00,3002.10009765625,3002.5,3000.5,3001.0,834.0
2025-03-14 13:34:00+00:00,3001.199951171875,3002.0,3000.0,3002.0,476.0
2025-03-14 13:35:00+00:00,3001.800048828125,3001.89990234375,3000.300048828125,3001.300048828125,247.0
2025-03-14 13:36:00+00:00,2999.0,3001.800048828125,2998.699951171875,3001.800048828125,482.0
2025-03-14 13:37:00+00:00,2996.300048828125,2998.89990234375,2993.699951171875,2998.800048828125,1923.0
2025-03-14 13:38:00+00:00,2998.5,2998.699951171875,2996.300048828125,2996.39990234375,400.0
2025-03-14 13:39:00+00:00,3000.60009765625,3001.0,2998.300048828125,2998.39990234375,1737.0
2025-03-14 13:40:00+00:00,3000.39990234375,3001.699951171875,3000.199951171875,3000.39990234375,454.0
2025-03-14 13:41:00+00:00,3001.39990234375,3002.60009765625,3000.0,3000.5,389.0
2025-03-14 13:42:00+00:00,3000.800048828125,3002.800048828125,3000.800048828125,3001.39990234375,373.0
2025-03-14 13:43:00+00:00,2998.300048828125,3001.10009765625,2997.89990234375,3001.0,656.0
2025-03-14 13:44:00+00:00,2999.60009765625,2999.60009765625,2998.0,2998.39990234375,183.0
2025-03-14 13:45:00+00:00,3001.10009765625,3002.5,2999.199951171875,2999.5,754.0
2025-03-14 13:46:00+00:00,3001.699951171875,3002.300048828125,3000.5,3000.89990234375,238.0
2025-03-14 13:47:00+00:00,3002.89990234375,3002.89990234375,3001.60009765625,3001.89990234375,215.0
2025-03-14 13:48:00+00:00,3001.699951171875,3003.0,3001.0,3002.89990234375,268.0
2025-03-14 13:49:00+00:00,3003.300048828125,3003.5,3001.800048828125,3001.800048828125,155.0
2025-03-14 13:50:00+00:00,3002.89990234375,3003.800048828125,3001.89990234375,3003.300048828125,304.0
2025-03-14 13:51:00+00:00,3003.300048828125,3004.10009765625,3002.800048828125,3002.800048828125,177.0
2025-03-14 13:52:00+00:00,3002.60009765625,3003.89990234375,3002.60009765625,3003.199951171875,263.0
2025-03-14 13:53:00+00:00,3001.800048828125,3003.0,3001.199951171875,3002.5,246.0
2025-03-14 13:54:00+00:00,3000.0,3001.5,2999.60009765625,3001.5,378.0
2025-03-14 13:55:00+00:00,2999.10009765625,3000.199951171875,2998.60009765625,3000.10009765625,291.0
2025-03-14 13:56:00+00:00,2999.10009765625,2999.60009765625,2998.300048828125,2998.89990234375,348.0
2025-03-14 13:57:00+00:00,2997.39990234375,2999.60009765625,2997.10009765625,2999.199951171875,291.0
2025-03-14 13:58:00+00:00,2998.199951171875,2998.60009765625,2996.0,2997.10009765625,400.0
2025-03-14 13:59:00+00:00,2997.89990234375,2998.60009765625,2996.5,2998.10009765625,271.0
2025-03-14 14:00:00+00:00,2998.10009765625,2998.5,2995.800048828125,2997.10009765625,324.0
2025-03-14 14:01:00+00:00,2998.89990234375,3000.0,2997.699951171875,2998.0,651.0
2025-03-14 14:02:00+00:00,2998.5,2998.800048828125,2997.10009765625,2998.800048828125,471.0
2025-03-14 14:03:00+00:00,2998.60009765625,2999.699951171875,2998.0,2998.5,261.0
2025-03-14 14:04:00+00:00,2998.699951171875,2999.5,2997.39990234375,2998.300048828125,452.0
2025-03-14 14:05:00+00:00,2999.10009765625,3000.199951171875,2998.800048828125,2998.800048828125,239.0
2025-03-14 14:06:00+00:00,3001.300048828125,3002.0,2999.0,2999.300048828125,338.0
2025-03-14 14:07:00+00:00,3000.199951171875,3001.39990234375,2999.5,3001.39990234375,238.0
2025-03-14 14:08:00+00:00,3002.300048828125,3002.5,3000.0,3000.199951171875,431.0
2025-03-14 14:09:00+00:00,3003.60009765625,3003.800048828125,3002.199951171875,3002.300048828125,257.0
2025-03-14 14:10:00+00:00,3003.699951171875,3004.300048828125,3003.199951171875,3003.800048828125,283.0
2025-03-14 14:11:00+00:00,3004.300048828125,3005.0,3003.5,3003.699951171875,376.0
2025-03-14 14:12:00+00:00,3003.89990234375,3005.89990234375,3003.39990234375,3004.300048828125,552.0
2025-03-14 14:13:00+00:00,3004.699951171875,3005.60009765625,3003.60009765625,3003.800048828125,312.0
2025-03-14 14:14:00+00:00,3002.39990234375,3004.60009765625,3002.300048828125,3004.60009765625,566.0
2025-03-14 14:15:00+00:00,3002.300048828125,3003.199951171875,3001.60009765625,3002.300048828125,308.0
2025-03-14 14:16:00+00:00,3003.199951171875,3003.300048828125,3001.199951171875,3002.10009765625,347.0
2025-03-14 14:17:00+00:00,3002.5,3005.39990234375,3002.10009765625,3003.300048828125,399.0
2025-03-14 14:18:00+00:00,3003.699951171875,3004.39990234375,3002.60009765625,3002.60009765625,354.0
2025-03-14 14:19:00+00:00,3002.0,3004.0,3001.800048828125,3003.800048828125,130.0
2025-03-14 14:20:00+00:00,3002.10009765625,3003.10009765625,3001.5,3001.89990234375,125.0
2025-03-14 14:21:00+00:00,3003.300048828125,3003.300048828125,3001.699951171875,3002.199951171875,131.0
2025-03-14 14:22:00+00:00,3001.10009765625,3003.39990234375,3000.800048828125,3003.199951171875,121.0
2025-03-14 14:23:00+00:00,3001.199951171875,3001.699951171875,3000.0,3001.0,333.0
2025-03-14 14:24:00+00:00,3000.699951171875,3001.5,3000.199951171875,3001.0,108.0
2025-03-14 14:25:00+00:00,2999.5,3001.10009765625,2999.300048828125,3000.89990234375,188.0
2025-03-14 14:26:00+00:00,2999.0,3000.199951171875,2998.60009765625,2999.699951171875,259.0
2025-03-14 14:27:00+00:00,2999.199951171875,2999.300048828125,2998.300048828125,2999.199951171875,185.0
2025-03-14 14:28:00+00:00,2998.300048828125,3000.10009765625,2998.10009765625,2999.10009765625,129.0
2025-03-14 14:29:00+00:00,2994.39990234375,2998.300048828125,2992.300048828125,2998.300048828125,1662.0
2025-03-14 14:30:00+00:00,2994.10009765625,2995.300048828125,2993.699951171875,2994.39990234375,487.0
2025-03-14 14:31:00+00:00,2996.300048828125,2996.89990234375,2993.699951171875,2994.10009765625,645.0
2025-03-14 14:32:00+00:00,2996.300048828125,2996.699951171875,2995.60009765625,2996.300048828125,472.0
2025-03-14 14:33:00+00:00,2995.800048828125,2996.800048828125,2995.0,2996.199951171875,240.0
2025-03-14 14:34:00+00:00,2994.89990234375,2997.199951171875,2994.89990234375,2995.800048828125,173.0
2025-03-14 14:35:00+00:00,2995.5,2995.800048828125,2994.199951171875,2994.89990234375,219.0
2025-03-14 14:36:00+00:00,2996.800048828125,2996.89990234375,2995.60009765625,2995.699951171875,202.0
2025-03-14 14:37:00+00:00,2997.300048828125,2997.800048828125,2996.800048828125,2996.800048828125,335.0
2025-03-14 14:38:00+00:00,2997.39990234375,2997.800048828125,2996.699951171875,2997.300048828125,254.0
2025-03-14 14:39:00+00:00,2997.5,2998.199951171875,2997.300048828125,2997.39990234375,283.0
2025-03-14 14:40:00+00:00,2996.5,2997.89990234375,2996.39990234375,2997.5,249.0
2025-03-14 14:41:00+00:00,2996.89990234375,2997.300048828125,2996.300048828125,2996.60009765625,124.0
2025-03-14 14:42:00+00:00,2997.5,2997.5,2996.39990234375,2996.89990234375,65.0
2025-03-14 14:43:00+00:00,2997.300048828125,2998.199951171875,2997.0,2997.39990234375,145.0
2025-03-14 14:44:00+00:00,2996.5,2997.300048828125,2996.39990234375,2997.199951171875,125.0
2025-03-14 14:45:00+00:00,2997.39990234375,2997.5,2996.0,2996.39990234375,103.0
2025-03-14 14:46:00+00:00,2996.60009765625,2997.699951171875,2995.60009765625,2997.5,162.0
2025-03-14 14:47:00+00:00,2994.39990234375,2996.39990234375,2994.199951171875,2996.39990234375,209.0
2025-03-14 14:48:00+00:00,2994.699951171875,2995.300048828125,2993.39990234375,2994.5,323.0
2025-03-14 14:49:00+00:00,2994.60009765625,2995.800048828125,2994.39990234375,2994.800048828125,146.0
2025-03-14 14:50:00+00:00,2994.0,2994.60009765625,2992.39990234375,2994.60009765625,435.0
2025-03-14 14:51:00+00:00,2995.199951171875,2995.800048828125,2993.699951171875,2994.199951171875,144.0
2025-03-14 14:52:00+00:00,2995.0,2995.800048828125,2994.699951171875,2995.39990234375,83.0
2025-03-14 14:53:00+00:00,2994.89990234375,2995.699951171875,2994.5,2995.10009765625,69.0
2025-03-14 14:54:00+00:00,2995.39990234375,2996.0,2994.60009765625,2994.89990234375,169.0
2025-03-14 14:55:00+00:00,2995.699951171875,2996.39990234375,2995.300048828125,2995.300048828125,176.0
2025-03-14 14:56:00+00:00,2996.39990234375,2996.89990234375,2995.800048828125,2995.800048828125,110.0
2025-03-14 14:57:00+00:00,2996.60009765625,2996.89990234375,2995.89990234375,2996.5,93.0
2025-03-14 14:58:00+00:00,2996.5,2997.0,2996.10009765625,2996.699951171875,161.0
2025-03-14 14:59:00+00:00,2995.800048828125,2997.0,2995.699951171875,2996.699951171875,174.0
2025-03-14 15:00:00+00:00,2992.699951171875,2997.0,2992.199951171875,2995.60009765625,612.0
2025-03-14 15:01:00+00:00,2992.300048828125,2993.39990234375,2991.699951171875,2992.800048828125,706.0
2025-03-14 15:02:00+00:00,2991.699951171875,2992.89990234375,2991.199951171875,2992.10009765625,758.0
2025-03-14 15:03:00+00:00,2991.60009765625,2993.60009765625,2991.300048828125,2991.699951171875,304.0
2025-03-14 15:04:00+00:00,2993.39990234375,2995.0,2990.10009765625,2991.60009765625,1446.0
2025-03-14 15:05:00+00:00,2995.800048828125,2995.800048828125,2992.800048828125,2993.39990234375,491.0
2025-03-14 15:06:00+00:00,2997.10009765625,2997.5,2995.5,2995.800048828125,642.0
2025-03-14 15:07:00+00:00,2994.800048828125,2997.300048828125,2994.800048828125,2997.10009765625,323.0
2025-03-14 15:08:00+00:00,2995.60009765625,2996.60009765625,2994.800048828125,2994.89990234375,113.0
2025-03-14 15:09:00+00:00,2996.39990234375,2996.5,2995.5,2995.699951171875,74.0
2025-03-14 15:10:00+00:00,2996.199951171875,2996.199951171875,2995.10009765625,2995.89990234375,105.0
2025-03-14 15:11:00+00:00,2995.39990234375,2996.199951171875,2995.300048828125,2996.199951171875,110.0
2025-03-14 15:12:00+00:00,2993.89990234375,2995.89990234375,2993.89990234375,2995.300048828125,216.0
2025-03-14 15:13:00+00:00,2993.5,2994.5,2993.39990234375,2994.0,183.0
2025-03-14 15:14:00+00:00,2992.5,2993.5,2991.300048828125,2993.39990234375,447.0
2025-03-14 15:15:00+00:00,2992.0,2992.800048828125,2990.300048828125,2992.699951171875,494.0
2025-03-14 15:16:00+00:00,2991.300048828125,2991.89990234375,2990.199951171875,2991.89990234375,239.0
2025-03-14 15:17:00+00:00,2992.300048828125,2993.0,2991.39990234375,2991.39990234375,219.0
2025-03-14 15:18:00+00:00,2990.89990234375,2992.300048828125,2990.60009765625,2992.10009765625,144.0
2025-03-14 15:19:00+00:00,2991.0,2991.199951171875,2990.300048828125,2991.0,162.0
2025-03-14 15:20:00+00:00,2989.5,2991.5,2988.60009765625,2991.10009765625,605.0
2025-03-14 15:21:00+00:00,2990.39990234375,2991.0,2989.39990234375,2989.5,344.0
2025-03-14 15:22:00+00:00,2991.10009765625,2991.199951171875,2989.0,2990.300048828125,379.0
2025-03-14 15:23:00+00:00,2991.800048828125,2992.5,2990.800048828125,2991.199951171875,318.0
2025-03-14 15:24:00+00:00,2992.39990234375,2992.5,2991.39990234375,2991.89990234375,237.0
2025-03-14 15:25:00+00:00,2992.10009765625,2992.699951171875,2991.0,2992.39990234375,273.0
2025-03-14 15:26:00+00:00,2990.300048828125,2992.60009765625,2990.0,2992.199951171875,120.0
2025-03-14 15:27:00+00:00,2990.699951171875,2990.800048828125,2990.0,2990.10009765625,124.0
2025-03-14 15:28:00+00:00,2990.199951171875,2990.60009765625,2990.0,2990.5,52.0
2025-03-14 15:29:00+00:00,2991.5,2991.5,2990.0,2990.10009765625,143.0
2025-03-14 15:30:00+00:00,2991.699951171875,2993.300048828125,2991.60009765625,2991.60009765625,269.0
2025-03-14 15:31:00+00:00,2991.10009765625,2991.89990234375,2990.10009765625,2991.800048828125,284.0
2025-03-14 15:32:00+00:00,2991.5,2992.10009765625,2991.0,2991.199951171875,75.0
2025-03-14 15:33:00+00:00,2991.699951171875,2992.300048828125,2991.60009765625,2991.60009765625,54.0
2025-03-14 15:34:00+00:00,2992.0,2992.199951171875,2991.5,2991.699951171875,78.0
2025-03-14 15:35:00+00:00,2991.60009765625,2992.699951171875,2991.300048828125,2991.89990234375,130.0
2025-03-14 15:36:00+00:00,2992.0,2992.300048828125,2991.0,2991.60009765625,154.0
2025-03-14 15:37:00+00:00,2994.0,2994.199951171875,2992.0,2992.0,334.0
2025-03-14 15:38:00+00:00,2994.10009765625,2994.699951171875,2993.800048828125,2994.0,186.0
2025-03-14 15:39:00+00:00,2992.800048828125,2994.300048828125,2992.60009765625,2994.0,320.0
2025-03-14 15:40:00+00:00,2991.300048828125,2993.0,2991.199951171875,2992.800048828125,368.0
2025-03-14 15:41:00+00:00,2991.800048828125,2991.800048828125,2990.89990234375,2991.199951171875,236.0
2025-03-14 15:42:00+00:00,2992.699951171875,2993.199951171875,2991.89990234375,2991.89990234375,64.0
2025-03-14 15:43:00+00:00,2992.699951171875,2992.800048828125,2992.0,2992.60009765625,158.0
2025-03-14 15:44:00+00:00,2993.39990234375,2993.5,2992.300048828125,2992.60009765625,176.0
2025-03-14 15:45:00+00:00,2992.89990234375,2993.300048828125,2992.199951171875,2993.300048828125,87.0
2025-03-14 15:46:00+00:00,2993.699951171875,2993.699951171875,2992.199951171875,2992.89990234375,138.0
2025-03-14 15:47:00+00:00,2993.800048828125,2994.0,2993.199951171875,2993.5,92.0
2025-03-14 15:48:00+00:00,2993.89990234375,2995.199951171875,2993.699951171875,2993.89990234375,244.0
2025-03-14 15:49:00+00:00,2993.60009765625,2994.10009765625,2993.5,2994.0,64.0
2025-03-14 15:50:00+00:00,2993.699951171875,2993.699951171875,2992.800048828125,2993.60009765625,71.0
2025-03-14 15:51:00+00:00,2994.199951171875,2994.199951171875,2993.89990234375,2994.0,27.0
2025-03-14 15:52:00+00:00,2994.10009765625,2994.10009765625,2993.300048828125,2993.89990234375,58.0
2025-03-14 15:53:00+00:00,2994.699951171875,2995.300048828125,2994.199951171875,2994.199951171875,183.0
2025-03-14 15:54:00+00:00,2994.699951171875,2995.199951171875,2994.5,2994.60009765625,173.0
2025-03-14 15:55:00+00:00,2994.699951171875,2994.800048828125,2994.199951171875,2994.60009765625,57.0
2025-03-14 15:56:00+00:00,2994.800048828125,2995.10009765625,2994.699951171875,2994.800048828125,97.0
2025-03-14 15:57:00+00:00,2995.39990234375,2995.89990234375,2994.300048828125,2994.60009765625,104.0
2025-03-14 15:58:00+00:00,2995.89990234375,2995.89990234375,2994.60009765625,2995.300048828125,147.0
2025-03-14 15:59:00+00:00,2995.699951171875,2996.0,2995.5,2995.89990234375,83.0
2025-03-14 16:00:00+00:00,2995.5,2996.10009765625,2995.0,2995.60009765625,174.0
2025-03-14 16:01:00+00:00,2995.699951171875,2995.89990234375,2995.39990234375,2995.39990234375,72.0
2025-03-14 16:02:00+00:00,2994.39990234375,2996.10009765625,2994.199951171875,2995.60009765625,193.0
2025-03-14 16:03:00+00:00,2994.60009765625,2995.10009765625,2994.300048828125,2994.5,100.0
2025-03-14 16:04:00+00:00,2995.800048828125,2996.699951171875,2994.800048828125,2994.800048828125,258.0
2025-03-14 16:05:00+00:00,2996.699951171875,2997.0,2995.199951171875,2995.800048828125,258.0
2025-03-14 16:06:00+00:00,2997.699951171875,2997.699951171875,2996.60009765625,2996.800048828125,278.0
2025-03-14 16:07:00+00:00,2997.60009765625,2997.800048828125,2996.699951171875,2997.699951171875,347.0
2025-03-14 16:08:00+00:00,2997.699951171875,2998.199951171875,2997.5,2997.60009765625,205.0
2025-03-14 16:09:00+00:00,2998.10009765625,2998.5,2997.60009765625,2997.699951171875,184.0
2025-03-14 16:10:00+00:00,2998.10009765625,2998.199951171875,2997.60009765625,2998.10009765625,123.0
2025-03-14 16:11:00+00:00,2997.699951171875,2998.10009765625,2997.39990234375,2998.0,57.0
2025-03-14 16:12:00+00:00,2997.699951171875,2998.199951171875,2997.5,2997.800048828125,40.0
2025-03-14 16:13:00+00:00,2999.39990234375,2999.5,2997.699951171875,2997.699951171875,236.0
2025-03-14 16:14:00+00:00,2999.89990234375,3000.199951171875,2999.300048828125,2999.300048828125,249.0
2025-03-14 16:15:00+00:00,2999.60009765625,3000.10009765625,2999.199951171875,2999.699951171875,236.0
2025-03-14 16:16:00+00:00,2999.0,2999.89990234375,2998.60009765625,2999.699951171875,155.0
2025-03-14 16:17:00+00:00,2999.60009765625,3000.0,2999.10009765625,2999.199951171875,131.0
2025-03-14 16:18:00+00:00,2998.199951171875,2999.60009765625,2998.199951171875,2999.60009765625,191.0
2025-03-14 16:19:00+00:00,2999.199951171875,2999.5,2997.89990234375,2998.10009765625,115.0
2025-03-14 16:20:00+00:00,2999.800048828125,3000.0,2999.10009765625,2999.300048828125,115.0
2025-03-14 16:21:00+00:00,3000.199951171875,3000.39990234375,2999.699951171875,2999.699951171875,199.0
2025-03-14 16:22:00+00:00,2999.89990234375,3001.39990234375,2999.699951171875,3000.199951171875,299.0
2025-03-14 16:23:00+00:00,2999.300048828125,3000.0,2999.10009765625,2999.89990234375,79.0
2025-03-14 16:24:00+00:00,2999.199951171875,2999.39990234375,2999.0,2999.300048828125,56.0
2025-03-14 16:25:00+00:00,2998.39990234375,2999.300048828125,2998.10009765625,2999.199951171875,95.0
2025-03-14 16:26:00+00:00,2998.699951171875,2999.10009765625,2998.10009765625,2998.300048828125,88.0
2025-03-14 16:27:00+00:00,2999.39990234375,2999.800048828125,2998.5,2998.60009765625,91.0
2025-03-14 16:28:00+00:00,2999.0,2999.60009765625,2998.800048828125,2999.5,83.0
2025-03-14 16:29:00+00:00,2998.10009765625,2999.0,2998.10009765625,2999.0,62.0
2025-03-14 16:30:00+00:00,2998.0,2998.800048828125,2997.800048828125,2998.199951171875,103.0
2025-03-14 16:31:00+00:00,2997.39990234375,2998.10009765625,2997.39990234375,2997.89990234375,161.0
2025-03-14 16:32:00+00:00,2998.60009765625,2998.800048828125,2997.199951171875,2997.300048828125,199.0
2025-03-14 16:33:00+00:00,2998.0,2998.89990234375,2997.699951171875,2998.800048828125,56.0
2025-03-14 16:34:00+00:00,2997.800048828125,2998.10009765625,2997.60009765625,2997.89990234375,48.0
2025-03-14 16:35:00+00:00,2998.10009765625,2998.39990234375,2997.60009765625,2997.60009765625,56.0
2025-03-14 16:36:00+00:00,2998.300048828125,2999.0,2998.199951171875,2998.199951171875,60.0
2025-03-14 16:37:00+00:00,2998.699951171875,2998.699951171875,2997.89990234375,2998.39990234375,47.0
2025-03-14 16:38:00+00:00,2998.699951171875,2998.699951171875,2998.0,2998.60009765625,89.0
2025-03-14 16:39:00+00:00,2998.60009765625,2998.699951171875,2998.199951171875,2998.60009765625,59.0
2025-03-14 16:40:00+00:00,2999.800048828125,3000.0,2998.60009765625,2998.699951171875,98.0
2025-03-14 16:41:00+00:00,3000.10009765625,3000.199951171875,2999.699951171875,2999.89990234375,110.0
2025-03-14 16:42:00+00:00,2999.699951171875,3000.199951171875,2999.10009765625,3000.199951171875,393.0
2025-03-14 16:43:00+00:00,2999.0,2999.89990234375,2999.0,2999.89990234375,57.0
2025-03-14 16:44:00+00:00,2998.699951171875,2999.39990234375,2998.39990234375,2999.10009765625,102.0
2025-03-14 16:45:00+00:00,2999.300048828125,2999.5,2998.300048828125,2998.699951171875,119.0
2025-03-14 16:46:00+00:00,2999.199951171875,2999.5,2998.60009765625,2999.5,164.0
2025-03-14 16:47:00+00:00,2998.699951171875,2999.5,2998.699951171875,2999.10009765625,122.0
2025-03-14 16:48:00+00:00,2999.199951171875,2999.5,2999.0,2999.0,1059.0
2025-03-14 16:49:00+00:00,2999.89990234375,3000.199951171875,2999.300048828125,2999.300048828125,244.0
2025-03-14 16:50:00+00:00,3000.300048828125,3000.39990234375,2999.5,3000.0,138.0
2025-03-14 16:51:00+00:00,3000.0,3000.39990234375,2999.800048828125,3000.39990234375,108.0
2025-03-14 16:52:00+00:00,3000.10009765625,3000.39990234375,2999.800048828125,3000.0,72.0
2025-03-14 16:53:00+00:00,3000.0,3000.10009765625,2999.60009765625,3000.0,62.0
2025-03-14 16:54:00+00:00,2999.800048828125,3000.5,2999.699951171875,3000.199951171875,120.0
2025-03-14 16:55:00+00:00,2999.800048828125,3000.0,2999.60009765625,2999.699951171875,95.0
2025-03-14 16:56:00+00:00,2999.89990234375,3000.0,2999.699951171875,2999.699951171875,88.0
2025-03-14 16:57:00+00:00,2999.699951171875,3000.300048828125,2999.699951171875,3000.0,177.0
2025-03-14 16:58:00+00:00,2999.800048828125,3000.0,2999.199951171875,2999.89990234375,55.0
2025-03-14 16:59:00+00:00,2999.89990234375,3000.39990234375,2999.699951171875,2999.800048828125,51.0
2025-03-14 17:00:00+00:00,2999.60009765625,3000.199951171875,2999.5,2999.800048828125,86.0
2025-03-14 17:01:00+00:00,2999.10009765625,3000.0,2999.10009765625,2999.699951171875,67.0
2025-03-14 17:02:00+00:00,2999.199951171875,2999.300048828125,2998.699951171875,2999.0,74.0
2025-03-14 17:03:00+00:00,2998.10009765625,2999.300048828125,2997.699951171875,2999.199951171875,473.0
2025-03-14 17:04:00+00:00,2999.300048828125,2999.300048828125,2997.89990234375,2998.0,179.0
2025-03-14 17:05:00+00:00,2999.5,2999.800048828125,2999.39990234375,2999.39990234375,462.0
2025-03-14 17:06:00+00:00,2999.800048828125,2999.89990234375,2999.699951171875,2999.89990234375,245.0
2025-03-14 17:07:00+00:00,2999.89990234375,2999.89990234375,2999.199951171875,2999.699951171875,1104.0
2025-03-14 17:08:00+00:00,2999.699951171875,3000.0,2999.60009765625,2999.89990234375,526.0
2025-03-14 17:09:00+00:00,2999.39990234375,3000.0,2998.89990234375,2999.800048828125,172.0
2025-03-14 17:10:00+00:00,2999.5,2999.60009765625,2999.0,2999.39990234375,69.0
2025-03-14 17:11:00+00:00,2999.5,2999.60009765625,2999.199951171875,2999.5,28.0
2025-03-14 17:12:00+00:00,2999.5,2999.60009765625,2998.89990234375,2999.60009765625,111.0
2025-03-14 17:13:00+00:00,2999.5,2999.699951171875,2999.199951171875,2999.5,42.0
2025-03-14 17:14:00+00:00,2999.800048828125,2999.800048828125,2999.300048828125,2999.39990234375,108.0
2025-03-14 17:15:00+00:00,2999.5,2999.89990234375,2999.5,2999.89990234375,310.0
2025-03-14 17:16:00+00:00,2999.699951171875,3000.0,2999.60009765625,2999.60009765625,65.0
2025-03-14 17:17:00+00:00,2999.89990234375,3000.0,2999.39990234375,2999.89990234375,122.0
2025-03-14 17:18:00+00:00,3000.0,3000.300048828125,2999.89990234375,2999.89990234375,192.0
2025-03-14 17:19:00+00:00,3000.0,3000.300048828125,2999.89990234375,2999.89990234375,155.0
2025-03-14 17:20:00+00:00,3000.10009765625,3000.60009765625,2999.60009765625,3000.10009765625,320.0
2025-03-14 17:21:00+00:00,2999.39990234375,3000.60009765625,2999.300048828125,3000.199951171875,293.0
2025-03-14 17:22:00+00:00,2999.699951171875,2999.89990234375,2999.0,2999.300048828125,116.0
2025-03-14 17:23:00+00:00,3000.10009765625,3000.199951171875,2999.199951171875,2999.800048828125,154.0
2025-03-14 17:24:00+00:00,2999.39990234375,3000.300048828125,2999.0,3000.10009765625,199.0
2025-03-14 17:25:00+00:00,2999.89990234375,3000.10009765625,2999.10009765625,2999.199951171875,79.0
2025-03-14 17:26:00+00:00,2998.5,3000.10009765625,2998.0,2999.89990234375,140.0
2025-03-14 17:27:00+00:00,2999.39990234375,2999.5,2998.300048828125,2998.5,358.0
2025-03-14 17:28:00+00:00,2999.89990234375,2999.89990234375,2999.10009765625,2999.300048828125,307.0
2025-03-14 17:29:00+00:00,3001.0,3001.5,2999.800048828125,2999.800048828125,1631.0
2025-03-14 17:30:00+00:00,3001.0,3001.5,3000.60009765625,3001.0,613.0
2025-03-14 17:31:00+00:00,3000.800048828125,3001.199951171875,3000.60009765625,3000.89990234375,223.0
2025-03-14 17:32:00+00:00,3001.10009765625,3001.199951171875,3000.60009765625,3000.699951171875,678.0
2025-03-14 17:33:00+00:00,3000.0,3001.0,2999.89990234375,3000.89990234375,223.0
2025-03-14 17:34:00+00:00,3000.10009765625,3000.199951171875,2999.60009765625,3000.0,626.0
2025-03-14 17:35:00+00:00,3000.5,3000.800048828125,3000.10009765625,3000.199951171875,161.0
2025-03-14 17:36:00+00:00,2999.800048828125,3000.699951171875,2999.800048828125,3000.5,59.0
2025-03-14 17:37:00+00:00,2999.300048828125,3000.10009765625,2999.0,2999.800048828125,81.0
2025-03-14 17:38:00+00:00,2999.5,2999.89990234375,2999.199951171875,2999.199951171875,56.0
2025-03-14 17:39:00+00:00,2999.300048828125,2999.60009765625,2999.199951171875,2999.5,39.0
2025-03-14 17:40:00+00:00,2999.5,2999.60009765625,2998.89990234375,2999.300048828125,95.0
2025-03-14 17:41:00+00:00,2998.800048828125,2999.39990234375,2998.800048828125,2999.199951171875,56.0
2025-03-14 17:42:00+00:00,2998.60009765625,2998.800048828125,2998.300048828125,2998.800048828125,93.0
2025-03-14 17:43:00+00:00,2999.10009765625,2999.199951171875,2998.300048828125,2998.5,433.0
2025-03-14 17:44:00+00:00,2999.199951171875,2999.300048828125,2998.89990234375,2999.0,652.0
2025-03-14 17:45:00+00:00,2998.800048828125,2999.300048828125,2998.800048828125,2999.10009765625,40.0
2025-03-14 17:46:00+00:00,2998.89990234375,2999.10009765625,2998.5,2998.800048828125,51.0
2025-03-14 17:47:00+00:00,2998.699951171875,2999.0,2998.5,2999.0,82.0
2025-03-14 17:48:00+00:00,2998.699951171875,2998.89990234375,2998.39990234375,2998.699951171875,37.0
2025-03-14 17:49:00+00:00,2998.699951171875,2998.699951171875,2998.5,2998.5,28.0
2025-03-14 17:50:00+00:00,2998.89990234375,2999.0,2998.5,2998.800048828125,45.0
2025-03-14 17:51:00+00:00,2998.800048828125,2999.10009765625,2998.60009765625,2999.0,57.0
2025-03-14 17:52:00+00:00,2998.800048828125,2998.89990234375,2998.699951171875,2998.800048828125,27.0
2025-03-14 17:53:00+00:00,2998.699951171875,2999.0,2998.60009765625,2999.0,37.0
2025-03-14 17:54:00+00:00,2999.699951171875,3000.0,2998.89990234375,2998.89990234375,230.0
2025-03-14 17:55:00+00:00,2999.5,2999.800048828125,2999.5,2999.60009765625,35.0
2025-03-14 17:56:00+00:00,2998.699951171875,2999.699951171875,2998.39990234375,2999.5,148.0
2025-03-14 17:57:00+00:00,2997.60009765625,2998.60009765625,2997.60009765625,2998.60009765625,159.0
2025-03-14 17:58:00+00:00,2997.699951171875,2998.10009765625,2997.5,2997.800048828125,105.0
2025-03-14 17:59:00+00:00,2997.39990234375,2997.699951171875,2997.10009765625,2997.60009765625,96.0
2025-03-14 18:00:00+00:00,2997.10009765625,2997.60009765625,2996.800048828125,2997.60009765625,83.0
2025-03-14 18:01:00+00:00,2997.199951171875,2997.60009765625,2996.800048828125,2996.89990234375,60.0
2025-03-14 18:02:00+00:00,2997.699951171875,2997.699951171875,2997.0,2997.300048828125,81.0
2025-03-14 18:03:00+00:00,2997.39990234375,2997.5,2997.0,2997.5,99.0
2025-03-14 18:04:00+00:00,2997.800048828125,2997.800048828125,2997.39990234375,2997.5,33.0
2025-03-14 18:05:00+00:00,2996.800048828125,2997.60009765625,2996.5,2997.60009765625,65.0
2025-03-14 18:06:00+00:00,2996.800048828125,2997.199951171875,2996.5,2996.800048828125,124.0
2025-03-14 18:07:00+00:00,2996.39990234375,2996.89990234375,2996.300048828125,2996.800048828125,40.0
2025-03-14 18:08:00+00:00,2996.60009765625,2996.60009765625,2996.39990234375,2996.39990234375,151.0
2025-03-14 18:09:00+00:00,2996.800048828125,2997.0,2996.5,2996.60009765625,31.0
2025-03-14 18:10:00+00:00,2996.60009765625,2996.800048828125,2996.5,2996.60009765625,35.0
2025-03-14 18:11:00+00:00,2997.10009765625,2997.300048828125,2996.60009765625,2996.60009765625,27.0
2025-03-14 18:12:00+00:00,2997.10009765625,2997.39990234375,2996.89990234375,2997.300048828125,30.0
2025-03-14 18:13:00+00:00,2996.89990234375,2997.0,2996.699951171875,2996.800048828125,27.0
2025-03-14 18:14:00+00:00,2996.39990234375,2996.800048828125,2996.39990234375,2996.800048828125,18.0
2025-03-14 18:15:00+00:00,2996.699951171875,2996.800048828125,2996.300048828125,2996.300048828125,27.0
2025-03-14 18:16:00+00:00,2996.800048828125,2997.300048828125,2996.60009765625,2996.60009765625,61.0
2025-03-14 18:17:00+00:00,2997.199951171875,2997.199951171875,2996.89990234375,2996.89990234375,71.0
2025-03-14 18:18:00+00:00,2997.0,2997.39990234375,2996.699951171875,2997.39990234375,40.0
2025-03-14 18:19:00+00:00,2997.0,2997.39990234375,2997.0,2997.10009765625,26.0
2025-03-14 18:20:00+00:00,2997.199951171875,2997.60009765625,2996.89990234375,2996.89990234375,55.0
2025-03-14 18:21:00+00:00,2997.0,2997.300048828125,2996.699951171875,2997.199951171875,68.0
2025-03-14 18:22:00+00:00,2996.699951171875,2997.0,2996.300048828125,2996.89990234375,121.0
2025-03-14 18:23:00+00:00,2997.0,2997.39990234375,2996.5,2996.60009765625,88.0
2025-03-14 18:24:00+00:00,2996.699951171875,2997.10009765625,2996.699951171875,2997.0,43.0
2025-03-14 18:25:00+00:00,2996.10009765625,2996.800048828125,2996.10009765625,2996.800048828125,86.0
2025-03-14 18:26:00+00:00,2995.699951171875,2996.199951171875,2995.60009765625,2996.199951171875,78.0
2025-03-14 18:27:00+00:00,2996.199951171875,2996.199951171875,2995.39990234375,2995.60009765625,92.0
2025-03-14 18:28:00+00:00,2995.800048828125,2996.60009765625,2995.800048828125,2995.89990234375,87.0
2025-03-14 18:29:00+00:00,2996.0,2996.0,2995.60009765625,2995.699951171875,31.0
2025-03-14 18:30:00+00:00,2996.10009765625,2996.39990234375,2996.0,2996.10009765625,77.0
2025-03-14 18:31:00+00:00,2995.10009765625,2996.39990234375,2995.10009765625,2996.300048828125,62.0
2025-03-14 18:32:00+00:00,2995.0,2995.39990234375,2994.800048828125,2995.199951171875,85.0
2025-03-14 18:33:00+00:00,2995.699951171875,2995.89990234375,2994.89990234375,2995.10009765625,80.0
2025-03-14 18:34:00+00:00,2995.699951171875,2996.10009765625,2995.39990234375,2995.699951171875,56.0
2025-03-14 18:35:00+00:00,2995.800048828125,2995.89990234375,2995.5,2995.5,23.0
2025-03-14 18:36:00+00:00,2995.300048828125,2995.89990234375,2995.300048828125,2995.699951171875,46.0
2025-03-14 18:37:00+00:00,2995.89990234375,2996.199951171875,2995.300048828125,2995.39990234375,74.0
2025-03-14 18:38:00+00:00,2995.199951171875,2995.800048828125,2994.89990234375,2995.800048828125,120.0
2025-03-14 18:39:00+00:00,2995.60009765625,2995.89990234375,2995.39990234375,2995.5,95.0
2025-03-14 18:40:00+00:00,2995.39990234375,2995.699951171875,2995.300048828125,2995.5,67.0
2025-03-14 18:41:00+00:00,2995.300048828125,2995.5,2995.10009765625,2995.39990234375,43.0
2025-03-14 18:42:00+00:00,2994.89990234375,2995.300048828125,2994.300048828125,2995.300048828125,101.0
2025-03-14 18:43:00+00:00,2994.699951171875,2995.39990234375,2994.60009765625,2994.89990234375,38.0
2025-03-14 18:44:00+00:00,2995.10009765625,2995.10009765625,2994.60009765625,2994.60009765625,23.0
2025-03-14 18:45:00+00:00,2995.10009765625,2995.199951171875,2994.800048828125,2995.199951171875,16.0
2025-03-14 18:46:00+00:00,2996.10009765625,2996.300048828125,2995.0,2995.0,92.0
2025-03-14 18:47:00+00:00,2995.5,2996.300048828125,2995.5,2996.10009765625,70.0
2025-03-14 18:48:00+00:00,2995.60009765625,2995.800048828125,2995.5,2995.60009765625,23.0
2025-03-14 18:49:00+00:00,2995.199951171875,2995.800048828125,2995.199951171875,2995.5,165.0
2025-03-14 18:50:00+00:00,2994.39990234375,2995.39990234375,2994.39990234375,2995.10009765625,177.0
2025-03-14 18:51:00+00:00,2994.5,2994.89990234375,2994.5,2994.5,792.0
2025-03-14 18:52:00+00:00,2994.10009765625,2994.699951171875,2993.800048828125,2994.39990234375,230.0
2025-03-14 18:53:00+00:00,2994.199951171875,2994.199951171875,2993.800048828125,2994.0,113.0
2025-03-14 18:54:00+00:00,2994.10009765625,2994.5,2994.10009765625,2994.39990234375,34.0
2025-03-14 18:55:00+00:00,2994.199951171875,2994.39990234375,2994.0,2994.10009765625,45.0
2025-03-14 18:56:00+00:00,2994.5,2994.60009765625,2994.199951171875,2994.199951171875,41.0
2025-03-14 18:57:00+00:00,2994.39990234375,2994.5,2994.300048828125,2994.300048828125,11.0
2025-03-14 18:58:00+00:00,2993.60009765625,2994.39990234375,2993.60009765625,2994.300048828125,81.0
2025-03-14 18:59:00+00:00,2993.60009765625,2993.89990234375,2993.39990234375,2993.60009765625,114.0
2025-03-14 19:00:00+00:00,2995.10009765625,2995.10009765625,2993.199951171875,2993.60009765625,137.0
2025-03-14 19:01:00+00:00,2995.0,2995.5,2994.5,2995.10009765625,214.0
2025-03-14 19:02:00+00:00,2994.89990234375,2995.199951171875,2994.800048828125,2995.0,92.0
2025-03-14 19:03:00+00:00,2995.199951171875,2995.300048828125,2994.60009765625,2994.89990234375,79.0
2025-03-14 19:04:00+00:00,2995.300048828125,2995.5,2995.199951171875,2995.199951171875,31.0
2025-03-14 19:05:00+00:00,2995.39990234375,2995.89990234375,2995.300048828125,2995.300048828125,41.0
2025-03-14 19:06:00+00:00,2995.800048828125,2996.199951171875,2995.5,2995.5,50.0
2025-03-14 19:07:00+00:00,2996.300048828125,2996.300048828125,2995.89990234375,2995.89990234375,40.0
2025-03-14 19:08:00+00:00,2996.199951171875,2996.5,2996.10009765625,2996.39990234375,49.0
2025-03-14 19:09:00+00:00,2995.89990234375,2996.300048828125,2995.89990234375,2996.300048828125,20.0
2025-03-14 19:10:00+00:00,2995.60009765625,2996.10009765625,2995.5,2995.800048828125,47.0
2025-03-14 19:11:00+00:00,2995.39990234375,2995.699951171875,2995.300048828125,2995.699951171875,12.0
2025-03-14 19:12:00+00:00,2995.10009765625,2995.39990234375,2995.10009765625,2995.39990234375,12.0
2025-03-14 19:13:00+00:00,2995.5,2995.699951171875,2995.199951171875,2995.300048828125,26.0
2025-03-14 19:14:00+00:00,2995.39990234375,2995.800048828125,2995.39990234375,2995.699951171875,22.0
2025-03-14 19:15:00+00:00,2995.10009765625,2995.5,2995.0,2995.300048828125,68.0
2025-03-14 19:16:00+00:00,2994.699951171875,2995.10009765625,2994.5,2995.0,378.0
2025-03-14 19:17:00+00:00,2994.39990234375,2994.699951171875,2994.39990234375,2994.60009765625,13.0
2025-03-14 19:18:00+00:00,2993.89990234375,2994.5,2993.89990234375,2994.5,63.0
2025-03-14 19:19:00+00:00,2993.10009765625,2994.10009765625,2993.0,2994.10009765625,131.0
2025-03-14 19:20:00+00:00,2993.699951171875,2993.89990234375,2993.10009765625,2993.199951171875,101.0
2025-03-14 19:21:00+00:00,2993.0,2993.800048828125,2992.800048828125,2993.800048828125,61.0
2025-03-14 19:22:00+00:00,2993.10009765625,2993.300048828125,2992.60009765625,2992.89990234375,104.0
2025-03-14 19:23:00+00:00,2992.60009765625,2993.199951171875,2992.5,2993.199951171875,173.0
2025-03-14 19:24:00+00:00,2992.89990234375,2992.89990234375,2992.60009765625,2992.699951171875,75.0
2025-03-14 19:25:00+00:00,2992.699951171875,2993.0,2992.5,2992.800048828125,47.0
2025-03-14 19:26:00+00:00,2993.0,2993.10009765625,2992.300048828125,2992.800048828125,109.0
2025-03-14 19:27:00+00:00,2993.199951171875,2993.5,2993.0,2993.0,101.0
2025-03-14 19:28:00+00:00,2993.60009765625,2993.60009765625,2993.10009765625,2993.10009765625,51.0
2025-03-14 19:29:00+00:00,2993.60009765625,2993.699951171875,2993.199951171875,2993.39990234375,92.0
2025-03-14 19:30:00+00:00,2993.0,2993.60009765625,2992.699951171875,2993.60009765625,97.0
2025-03-14 19:31:00+00:00,2991.699951171875,2992.89990234375,2991.699951171875,2992.89990234375,327.0
2025-03-14 19:32:00+00:00,2992.0,2992.199951171875,2991.60009765625,2991.60009765625,255.0
2025-03-14 19:33:00+00:00,2991.60009765625,2992.0,2991.5,2992.0,47.0
2025-03-14 19:34:00+00:00,2991.5,2991.699951171875,2991.10009765625,2991.699951171875,100.0
2025-03-14 19:35:00+00:00,2991.5,2991.89990234375,2991.300048828125,2991.39990234375,71.0
2025-03-14 19:36:00+00:00,2991.300048828125,2991.39990234375,2991.10009765625,2991.39990234375,87.0
2025-03-14 19:37:00+00:00,2991.699951171875,2991.89990234375,2991.300048828125,2991.39990234375,51.0
2025-03-14 19:38:00+00:00,2991.5,2991.800048828125,2991.199951171875,2991.39990234375,79.0
2025-03-14 19:39:00+00:00,2991.300048828125,2991.60009765625,2991.300048828125,2991.300048828125,52.0
2025-03-14 19:40:00+00:00,2992.0,2992.0,2991.199951171875,2991.199951171875,68.0
2025-03-14 19:41:00+00:00,2991.89990234375,2991.89990234375,2991.699951171875,2991.89990234375,18.0
2025-03-14 19:42:00+00:00,2991.699951171875,2992.199951171875,2991.5,2991.699951171875,160.0
2025-03-14 19:43:00+00:00,2992.199951171875,2992.199951171875,2991.60009765625,2991.699951171875,112.0
2025-03-14 19:44:00+00:00,2992.199951171875,2992.199951171875,2992.0,2992.199951171875,92.0
2025-03-14 19:45:00+00:00,2991.39990234375,2992.199951171875,2991.300048828125,2992.199951171875,101.0
2025-03-14 19:46:00+00:00,2991.300048828125,2991.60009765625,2991.199951171875,2991.5,76.0
2025-03-14 19:47:00+00:00,2991.39990234375,2991.89990234375,2991.199951171875,2991.300048828125,109.0
2025-03-14 19:48:00+00:00,2991.300048828125,2991.699951171875,2991.0,2991.5,93.0
2025-03-14 19:49:00+00:00,2991.199951171875,2991.60009765625,2991.199951171875,2991.300048828125,82.0
2025-03-14 19:50:00+00:00,2991.199951171875,2991.5,2991.10009765625,2991.10009765625,76.0
2025-03-14 19:51:00+00:00,2991.800048828125,2992.10009765625,2991.199951171875,2991.199951171875,68.0
2025-03-14 19:52:00+00:00,2991.800048828125,2992.0,2991.199951171875,2991.89990234375,159.0
2025-03-14 19:53:00+00:00,2992.199951171875,2992.199951171875,2991.89990234375,2991.89990234375,149.0
2025-03-14 19:54:00+00:00,2992.199951171875,2992.199951171875,2991.89990234375,2992.199951171875,135.0
2025-03-14 19:55:00+00:00,2991.89990234375,2992.199951171875,2991.60009765625,2992.10009765625,71.0
2025-03-14 19:56:00+00:00,2992.10009765625,2992.199951171875,2991.89990234375,2991.89990234375,64.0
2025-03-14 19:57:00+00:00,2992.199951171875,2992.199951171875,2991.89990234375,2992.0,71.0
2025-03-14 19:58:00+00:00,2992.10009765625,2992.199951171875,2991.89990234375,2992.10009765625,81.0
2025-03-14 19:59:00+00:00,2992.0,2992.199951171875,2992.0,2992.199951171875,115.0
2025-03-14 20:00:00+00:00,2990.60009765625,2992.39990234375,2990.60009765625,2992.10009765625,275.0
2025-03-14 20:01:00+00:00,2990.800048828125,2991.0,2990.699951171875,2990.800048828125,37.0
2025-03-14 20:02:00+00:00,2990.5,2990.800048828125,2990.5,2990.699951171875,58.0
2025-03-14 20:03:00+00:00,2990.39990234375,2990.800048828125,2990.0,2990.699951171875,246.0
2025-03-14 20:04:00+00:00,2991.10009765625,2991.199951171875,2990.39990234375,2990.5,82.0
2025-03-14 20:05:00+00:00,2991.199951171875,2991.39990234375,2991.10009765625,2991.199951171875,12.0
2025-03-14 20:06:00+00:00,2991.60009765625,2991.800048828125,2991.300048828125,2991.39990234375,32.0
2025-03-14 20:07:00+00:00,2991.39990234375,2991.60009765625,2991.199951171875,2991.60009765625,51.0
2025-03-14 20:08:00+00:00,2991.800048828125,2992.0,2991.300048828125,2991.5,104.0
2025-03-14 20:09:00+00:00,2991.800048828125,2991.89990234375,2991.39990234375,2991.89990234375,39.0
2025-03-14 20:10:00+00:00,2991.60009765625,2992.0,2991.60009765625,2991.89990234375,22.0
2025-03-14 20:11:00+00:00,2991.699951171875,2991.699951171875,2991.300048828125,2991.60009765625,43.0
2025-03-14 20:12:00+00:00,2991.60009765625,2991.699951171875,2991.60009765625,2991.699951171875,18.0
2025-03-14 20:13:00+00:00,2991.800048828125,2992.10009765625,2991.5,2991.60009765625,36.0
2025-03-14 20:14:00+00:00,2991.89990234375,2991.89990234375,2991.699951171875,2991.89990234375,21.0
2025-03-14 20:15:00+00:00,2991.5,2991.800048828125,2991.5,2991.699951171875,17.0
2025-03-14 20:16:00+00:00,2991.60009765625,2992.10009765625,2991.5,2991.699951171875,60.0
2025-03-14 20:17:00+00:00,2991.5,2991.699951171875,2991.5,2991.5,7.0
2025-03-14 20:18:00+00:00,2991.5,2991.699951171875,2991.39990234375,2991.5,10.0
2025-03-14 20:19:00+00:00,2991.60009765625,2991.60009765625,2991.10009765625,2991.60009765625,31.0
2025-03-14 20:20:00+00:00,2991.10009765625,2991.5,2991.10009765625,2991.5,12.0
2025-03-14 20:21:00+00:00,2991.199951171875,2991.39990234375,2991.10009765625,2991.10009765625,36.0
2025-03-14 20:22:00+00:00,2991.39990234375,2991.5,2991.10009765625,2991.300048828125,26.0
2025-03-14 20:23:00+00:00,2991.199951171875,2991.39990234375,2991.199951171875,2991.39990234375,11.0
2025-03-14 20:24:00+00:00,2991.10009765625,2991.39990234375,2991.10009765625,2991.300048828125,29.0
2025-03-14 20:25:00+00:00,2991.0,2991.5,2991.0,2991.300048828125,31.0
2025-03-14 20:26:00+00:00,2990.800048828125,2991.10009765625,2990.699951171875,2991.0,43.0
2025-03-14 20:27:00+00:00,2991.60009765625,2991.699951171875,2990.89990234375,2990.89990234375,23.0
2025-03-14 20:28:00+00:00,2991.800048828125,2991.89990234375,2991.699951171875,2991.699951171875,24.0
2025-03-14 20:29:00+00:00,2991.89990234375,2992.0,2991.800048828125,2991.89990234375,17.0
2025-03-14 20:30:00+00:00,2991.800048828125,2992.300048828125,2991.800048828125,2992.0,56.0
2025-03-14 20:31:00+00:00,2991.699951171875,2991.800048828125,2991.60009765625,2991.800048828125,24.0
2025-03-14 20:32:00+00:00,2992.0,2992.0,2991.60009765625,2991.60009765625,25.0
2025-03-14 20:33:00+00:00,2992.300048828125,2992.300048828125,2992.0,2992.0,9.0
2025-03-14 20:34:00+00:00,2992.300048828125,2992.300048828125,2992.199951171875,2992.300048828125,8.0
2025-03-14 20:35:00+00:00,2993.10009765625,2993.199951171875,2992.39990234375,2992.39990234375,64.0
2025-03-14 20:36:00+00:00,2993.5,2993.5,2993.0,2993.0,137.0
2025-03-14 20:37:00+00:00,2994.10009765625,2994.5,2993.39990234375,2993.5,142.0
2025-03-14 20:38:00+00:00,2995.0,2995.199951171875,2993.89990234375,2993.89990234375,102.0
2025-03-14 20:39:00+00:00,2995.0,2995.0,2994.800048828125,2994.89990234375,30.0
2025-03-14 20:40:00+00:00,2995.5,2995.60009765625,2994.89990234375,2994.89990234375,24.0
2025-03-14 20:41:00+00:00,2995.39990234375,2995.60009765625,2995.39990234375,2995.39990234375,10.0
2025-03-14 20:42:00+00:00,2995.300048828125,2995.300048828125,2995.300048828125,2995.300048828125,2.0
2025-03-14 20:43:00+00:00,2996.300048828125,2996.39990234375,2995.199951171875,2995.300048828125,90.0
2025-03-14 20:44:00+00:00,2996.800048828125,2997.10009765625,2996.10009765625,2996.199951171875,70.0
2025-03-14 20:45:00+00:00,2996.89990234375,2997.699951171875,2996.5,2996.699951171875,90.0
2025-03-14 20:46:00+00:00,2997.60009765625,2997.60009765625,2996.60009765625,2996.89990234375,51.0
2025-03-14 20:47:00+00:00,2996.699951171875,2997.60009765625,2996.5,2997.60009765625,44.0
2025-03-14 20:48:00+00:00,2996.39990234375,2996.60009765625,2996.199951171875,2996.60009765625,16.0
2025-03-14 20:49:00+00:00,2996.60009765625,2996.89990234375,2996.300048828125,2996.5,55.0
2025-03-14 20:50:00+00:00,2997.300048828125,2997.39990234375,2996.5,2996.800048828125,48.0
2025-03-14 20:51:00+00:00,2996.800048828125,2997.199951171875,2996.800048828125,2997.199951171875,24.0
2025-03-14 20:52:00+00:00,2996.39990234375,2996.699951171875,2996.300048828125,2996.699951171875,17.0
2025-03-14 20:53:00+00:00,2996.60009765625,2996.800048828125,2996.39990234375,2996.39990234375,15.0
2025-03-14 20:54:00+00:00,2997.10009765625,2997.5,2996.39990234375,2996.39990234375,53.0
2025-03-14 20:55:00+00:00,2996.60009765625,2997.39990234375,2996.5,2997.199951171875,59.0
2025-03-14 20:56:00+00:00,2995.300048828125,2996.60009765625,2995.199951171875,2996.60009765625,150.0
2025-03-14 20:57:00+00:00,2994.800048828125,2995.5,2994.199951171875,2995.300048828125,164.0
2025-03-14 20:58:00+00:00,2993.699951171875,2995.0,2993.300048828125,2994.699951171875,221.0
2025-03-14 20:59:00+00:00,2993.60009765625,3001.10009765625,2993.10009765625,2993.39990234375,49.0
2025-03-16 22:00:00+00:00,2993.199951171875,2995.89990234375,2991.89990234375,2994.800048828125,0.0
2025-03-16 22:01:00+00:00,2992.699951171875,2994.5,2992.60009765625,2993.199951171875,188.0
2025-03-16 22:02:00+00:00,2994.89990234375,2995.10009765625,2992.5,2992.60009765625,133.0
2025-03-16 22:03:00+00:00,2995.199951171875,2996.300048828125,2994.800048828125,2995.0,177.0
2025-03-16 22:04:00+00:00,2995.89990234375,2997.300048828125,2995.10009765625,2995.10009765625,254.0
2025-03-16 22:05:00+00:00,2995.300048828125,2996.10009765625,2994.89990234375,2995.89990234375,115.0
2025-03-16 22:06:00+00:00,2995.800048828125,2995.800048828125,2995.0,2995.199951171875,49.0
2025-03-16 22:07:00+00:00,2995.60009765625,2995.89990234375,2995.0,2995.800048828125,49.0
2025-03-16 22:08:00+00:00,2995.5,2995.800048828125,2995.5,2995.5,25.0
2025-03-16 22:09:00+00:00,2995.39990234375,2995.39990234375,2994.60009765625,2995.0,36.0
2025-03-16 22:10:00+00:00,2996.0,2996.199951171875,2995.39990234375,2995.39990234375,38.0
2025-03-16 22:11:00+00:00,2996.89990234375,2996.89990234375,2996.0,2996.10009765625,38.0
2025-03-16 22:12:00+00:00,2998.10009765625,2998.5,2996.89990234375,2996.89990234375,135.0
2025-03-16 22:13:00+00:00,2998.60009765625,2998.89990234375,2997.800048828125,2998.300048828125,92.0
2025-03-16 22:14:00+00:00,2998.199951171875,2998.60009765625,2998.199951171875,2998.60009765625,50.0
2025-03-16 22:15:00+00:00,2997.5,2998.5,2997.5,2998.199951171875,63.0
2025-03-16 22:16:00+00:00,2998.0,2998.300048828125,2997.39990234375,2997.5,202.0
2025-03-16 22:17:00+00:00,2998.10009765625,2998.10009765625,2997.60009765625,2998.0,22.0
2025-03-16 22:18:00+00:00,2998.5,2998.699951171875,2998.199951171875,2998.199951171875,37.0
2025-03-16 22:19:00+00:00,2998.300048828125,2998.60009765625,2998.300048828125,2998.39990234375,15.0
2025-03-16 22:20:00+00:00,2998.0,2998.800048828125,2998.0,2998.5,33.0
2025-03-16 22:21:00+00:00,2997.60009765625,2998.0,2997.300048828125,2998.0,44.0
2025-03-16 22:22:00+00:00,2996.0,2997.300048828125,2996.0,2997.300048828125,92.0
2025-03-16 22:23:00+00:00,2996.10009765625,2996.300048828125,2996.10009765625,2996.10009765625,15.0
2025-03-16 22:24:00+00:00,2996.39990234375,2996.39990234375,2996.0,2996.300048828125,19.0
2025-03-16 22:25:00+00:00,2996.300048828125,2996.5,2996.199951171875,2996.39990234375,13.0
2025-03-16 22:26:00+00:00,2997.10009765625,2997.10009765625,2996.5,2996.5,21.0
2025-03-16 22:27:00+00:00,2996.5,2997.10009765625,2996.5,2997.10009765625,13.0
2025-03-16 22:28:00+00:00,2996.300048828125,2996.60009765625,2996.199951171875,2996.5,16.0
2025-03-16 22:29:00+00:00,2996.5,2996.60009765625,2996.5,2996.5,9.0
2025-03-16 22:30:00+00:00,2996.5,2996.5,2996.300048828125,2996.5,15.0
2025-03-16 22:31:00+00:00,2996.300048828125,2996.39990234375,2996.0,2996.39990234375,34.0
2025-03-16 22:32:00+00:00,2996.199951171875,2996.5,2996.199951171875,2996.199951171875,27.0
2025-03-16 22:33:00+00:00,2996.10009765625,2996.199951171875,2995.89990234375,2996.10009765625,30.0
2025-03-16 22:34:00+00:00,2996.0,2996.39990234375,2996.0,2996.300048828125,26.0
2025-03-16 22:35:00+00:00,2995.300048828125,2996.199951171875,2995.0,2996.10009765625,84.0
2025-03-16 22:36:00+00:00,2995.89990234375,2995.89990234375,2995.39990234375,2995.39990234375,18.0
2025-03-16 22:37:00+00:00,2996.39990234375,2996.39990234375,2995.800048828125,2995.800048828125,22.0
2025-03-16 22:38:00+00:00,2995.699951171875,2996.5,2995.699951171875,2996.39990234375,14.0
2025-03-16 22:39:00+00:00,2996.5,2996.699951171875,2996.0,2996.0,24.0
2025-03-16 22:40:00+00:00,2996.39990234375,2996.39990234375,2996.300048828125,2996.39990234375,5.0
2025-03-16 22:41:00+00:00,2997.5,2997.5,2996.699951171875,2996.699951171875,20.0
2025-03-16 22:42:00+00:00,2998.199951171875,2998.300048828125,2997.5,2997.5,49.0
2025-03-16 22:43:00+00:00,2998.10009765625,2998.39990234375,2997.800048828125,2998.10009765625,28.0
2025-03-16 22:44:00+00:00,2998.39990234375,2998.60009765625,2998.0,2998.0,27.0
2025-03-16 22:45:00+00:00,2998.300048828125,2998.300048828125,2998.199951171875,2998.300048828125,14.0
2025-03-16 22:46:00+00:00,2998.5,2998.60009765625,2998.39990234375,2998.5,11.0
2025-03-16 22:47:00+00:00,2998.60009765625,2998.699951171875,2998.60009765625,2998.60009765625,6.0
2025-03-16 22:48:00+00:00,2997.89990234375,2998.89990234375,2997.89990234375,2998.60009765625,59.0
2025-03-16 22:49:00+00:00,2997.39990234375,2997.800048828125,2996.800048828125,2997.800048828125,105.0
2025-03-16 22:50:00+00:00,2998.199951171875,2998.199951171875,2997.0,2997.199951171875,47.0
2025-03-16 22:51:00+00:00,2998.300048828125,2998.39990234375,2998.0,2998.199951171875,28.0
2025-03-16 22:52:00+00:00,2997.89990234375,2998.199951171875,2997.800048828125,2998.199951171875,61.0
2025-03-16 22:53:00+00:00,2997.60009765625,2997.89990234375,2997.60009765625,2997.89990234375,15.0
2025-03-16 22:54:00+00:00,2998.5,2998.5,2997.699951171875,2997.800048828125,12.0
2025-03-16 22:55:00+00:00,2998.300048828125,2999.199951171875,2998.300048828125,2998.39990234375,170.0
2025-03-16 22:56:00+00:00,2998.39990234375,2998.5,2998.199951171875,2998.300048828125,23.0
2025-03-16 22:57:00+00:00,2998.699951171875,2998.699951171875,2998.39990234375,2998.39990234375,12.0
2025-03-16 22:58:00+00:00,2997.699951171875,2999.10009765625,2997.699951171875,2998.699951171875,56.0
2025-03-16 22:59:00+00:00,2997.60009765625,2997.800048828125,2997.300048828125,2997.5,53.0
2025-03-16 23:00:00+00:00,2997.800048828125,2997.800048828125,2997.10009765625,2997.699951171875,25.0
2025-03-16 23:01:00+00:00,2997.60009765625,2997.800048828125,2997.39990234375,2997.800048828125,26.0
2025-03-16 23:02:00+00:00,2997.39990234375,2997.699951171875,2997.39990234375,2997.699951171875,31.0
2025-03-16 23:03:00+00:00,2997.39990234375,2997.39990234375,2996.60009765625,2997.300048828125,67.0
2025-03-16 23:04:00+00:00,2997.89990234375,2997.89990234375,2997.39990234375,2997.39990234375,13.0
2025-03-16 23:05:00+00:00,2997.10009765625,2998.10009765625,2997.10009765625,2997.800048828125,93.0
2025-03-16 23:06:00+00:00,2997.699951171875,2997.800048828125,2997.10009765625,2997.10009765625,18.0
2025-03-16 23:07:00+00:00,2997.699951171875,2998.0,2997.699951171875,2997.699951171875,16.0
2025-03-16 23:08:00+00:00,2998.60009765625,2998.60009765625,2997.699951171875,2997.800048828125,41.0
2025-03-16 23:09:00+00:00,2998.199951171875,2998.60009765625,2998.199951171875,2998.39990234375,39.0
2025-03-16 23:10:00+00:00,2998.800048828125,2998.800048828125,2998.199951171875,2998.199951171875,36.0
2025-03-16 23:11:00+00:00,2998.699951171875,2999.0,2998.60009765625,2998.699951171875,31.0
2025-03-16 23:12:00+00:00,2998.60009765625,2998.60009765625,2998.39990234375,2998.60009765625,12.0
2025-03-16 23:13:00+00:00,2998.60009765625,2998.60009765625,2998.60009765625,2998.60009765625,1.0
2025-03-16 23:14:00+00:00,2999.199951171875,2999.39990234375,2998.60009765625,2998.699951171875,14.0
2025-03-16 23:15:00+00:00,2999.199951171875,2999.5,2999.10009765625,2999.10009765625,37.0
2025-03-16 23:16:00+00:00,2999.199951171875,2999.39990234375,2999.199951171875,2999.199951171875,23.0
2025-03-16 23:17:00+00:00,3000.10009765625,3000.199951171875,2999.199951171875,2999.199951171875,73.0
2025-03-16 23:18:00+00:00,3000.0,3000.300048828125,2999.39990234375,3000.0,96.0
2025-03-16 23:19:00+00:00,3000.10009765625,3000.10009765625,2999.800048828125,2999.89990234375,42.0
2025-03-16 23:20:00+00:00,3000.60009765625,3000.89990234375,3000.0,3000.10009765625,62.0
2025-03-16 23:21:00+00:00,3000.300048828125,3000.89990234375,3000.10009765625,3000.60009765625,47.0
2025-03-16 23:22:00+00:00,3001.10009765625,3001.10009765625,3000.5,3000.5,30.0
2025-03-16 23:23:00+00:00,3001.0,3001.300048828125,3000.699951171875,3001.10009765625,59.0
2025-03-16 23:24:00+00:00,3001.10009765625,3001.5,3000.699951171875,3000.89990234375,83.0
2025-03-16 23:25:00+00:00,3001.0,3001.5,3000.60009765625,3001.0,60.0
2025-03-16 23:26:00+00:00,3001.39990234375,3001.89990234375,3000.699951171875,3000.89990234375,115.0
2025-03-16 23:27:00+00:00,3001.60009765625,3001.699951171875,3001.39990234375,3001.60009765625,16.0
2025-03-16 23:28:00+00:00,3002.10009765625,3002.199951171875,3001.5,3001.699951171875,56.0
2025-03-16 23:29:00+00:00,3002.10009765625,3002.10009765625,3001.60009765625,3002.10009765625,34.0
2025-03-16 23:30:00+00:00,3001.60009765625,3002.199951171875,3001.5,3001.89990234375,38.0
2025-03-16 23:31:00+00:00,3001.300048828125,3001.60009765625,3001.10009765625,3001.5,36.0
2025-03-16 23:32:00+00:00,3001.60009765625,3001.699951171875,3001.5,3001.5,13.0
2025-03-16 23:33:00+00:00,3001.0,3001.699951171875,3001.0,3001.699951171875,13.0
2025-03-16 23:34:00+00:00,3001.0,3001.199951171875,3000.800048828125,3001.0,34.0
2025-03-16 23:35:00+00:00,2999.699951171875,3001.0,2999.300048828125,3001.0,178.0
2025-03-16 23:36:00+00:00,2999.699951171875,3000.300048828125,2999.699951171875,2999.800048828125,45.0
2025-03-16 23:37:00+00:00,2999.5,3000.199951171875,2999.5,2999.800048828125,38.0
2025-03-16 23:38:00+00:00,2999.199951171875,2999.699951171875,2999.199951171875,2999.5,43.0
2025-03-16 23:39:00+00:00,2999.699951171875,3000.199951171875,2999.199951171875,2999.300048828125,59.0
2025-03-16 23:40:00+00:00,2999.39990234375,2999.89990234375,2999.39990234375,2999.800048828125,21.0
2025-03-16 23:41:00+00:00,2999.39990234375,2999.5,2999.300048828125,2999.39990234375,71.0
2025-03-16 23:42:00+00:00,2999.800048828125,2999.800048828125,2999.60009765625,2999.699951171875,8.0
2025-03-16 23:43:00+00:00,2999.800048828125,2999.800048828125,2999.60009765625,2999.699951171875,13.0
2025-03-16 23:44:00+00:00,2999.800048828125,3000.0,2999.699951171875,2999.89990234375,11.0
2025-03-16 23:45:00+00:00,2999.5,2999.699951171875,2999.0,2999.699951171875,38.0
2025-03-16 23:46:00+00:00,2999.39990234375,2999.800048828125,2999.39990234375,2999.39990234375,21.0
2025-03-16 23:47:00+00:00,2999.10009765625,2999.300048828125,2999.0,2999.199951171875,17.0
2025-03-16 23:48:00+00:00,2999.0,2999.699951171875,2999.0,2999.300048828125,23.0
2025-03-16 23:49:00+00:00,2999.39990234375,2999.39990234375,2999.0,2999.0,23.0
2025-03-16 23:50:00+00:00,2998.800048828125,2999.60009765625,2998.800048828125,2999.5,24.0
2025-03-16 23:51:00+00:00,2999.300048828125,2999.5,2998.89990234375,2998.89990234375,21.0
2025-03-16 23:52:00+00:00,2999.10009765625,2999.300048828125,2999.10009765625,2999.300048828125,20.0
2025-03-16 23:53:00+00:00,2998.89990234375,2999.0,2998.60009765625,2999.0,21.0
2025-03-16 23:54:00+00:00,2998.89990234375,2999.0,2998.800048828125,2999.0,4.0
2025-03-16 23:55:00+00:00,2998.800048828125,2998.89990234375,2998.39990234375,2998.89990234375,21.0
2025-03-16 23:56:00+00:00,2999.300048828125,2999.39990234375,2998.800048828125,2998.800048828125,52.0
2025-03-16 23:57:00+00:00,2998.300048828125,2999.300048828125,2998.199951171875,2999.300048828125,31.0
2025-03-16 23:58:00+00:00,2997.39990234375,2998.300048828125,2997.300048828125,2998.300048828125,45.0
2025-03-16 23:59:00+00:00,2998.0,2998.0,2997.39990234375,2997.39990234375,32.0
2025-03-17 00:00:00+00:00,2997.0,2998.5,2997.0,2997.800048828125,70.0
2025-03-17 00:01:00+00:00,2997.10009765625,2997.300048828125,2996.800048828125,2997.10009765625,50.0
2025-03-17 00:02:00+00:00,2997.0,2997.39990234375,2996.5,2997.10009765625,55.0
2025-03-17 00:03:00+00:00,2997.60009765625,2997.60009765625,2996.89990234375,2996.89990234375,22.0
2025-03-17 00:04:00+00:00,2997.699951171875,2998.0,2997.60009765625,2997.89990234375,15.0
2025-03-17 00:05:00+00:00,2998.199951171875,2998.39990234375,2997.800048828125,2997.800048828125,24.0
2025-03-17 00:06:00+00:00,2998.0,2998.10009765625,2997.800048828125,2998.10009765625,11.0
2025-03-17 00:07:00+00:00,2996.89990234375,2998.10009765625,2996.89990234375,2998.10009765625,42.0
2025-03-17 00:08:00+00:00,2997.39990234375,2997.39990234375,2996.89990234375,2997.0,22.0
2025-03-17 00:09:00+00:00,2997.800048828125,2997.89990234375,2997.5,2997.5,17.0
2025-03-17 00:10:00+00:00,2997.5,2997.699951171875,2997.0,2997.60009765625,44.0
2025-03-17 00:11:00+00:00,2997.699951171875,2997.89990234375,2997.60009765625,2997.60009765625,13.0
2025-03-17 00:12:00+00:00,2997.300048828125,2997.39990234375,2997.10009765625,2997.39990234375,11.0
2025-03-17 00:13:00+00:00,2996.5,2997.300048828125,2996.39990234375,2997.300048828125,52.0
2025-03-17 00:14:00+00:00,2996.39990234375,2996.60009765625,2996.300048828125,2996.5,15.0
2025-03-17 00:15:00+00:00,2996.10009765625,2996.89990234375,2996.0,2996.199951171875,41.0
2025-03-17 00:16:00+00:00,2995.699951171875,2996.199951171875,2995.60009765625,2996.0,86.0
2025-03-17 00:17:00+00:00,2994.5,2995.89990234375,2994.5,2995.89990234375,90.0
2025-03-17 00:18:00+00:00,2995.300048828125,2995.39990234375,2994.5,2994.60009765625,78.0
2025-03-17 00:19:00+00:00,2995.699951171875,2996.10009765625,2995.199951171875,2995.300048828125,47.0
2025-03-17 00:20:00+00:00,2996.10009765625,2996.199951171875,2995.60009765625,2995.699951171875,33.0
2025-03-17 00:21:00+00:00,2996.300048828125,2996.699951171875,2996.300048828125,2996.300048828125,26.0
2025-03-17 00:22:00+00:00,2996.0,2996.89990234375,2996.0,2996.300048828125,43.0
2025-03-17 00:23:00+00:00,2996.199951171875,2996.39990234375,2996.0,2996.0,22.0
2025-03-17 00:24:00+00:00,2996.0,2996.60009765625,2996.0,2996.199951171875,23.0
2025-03-17 00:25:00+00:00,2995.300048828125,2996.199951171875,2995.300048828125,2995.89990234375,62.0
2025-03-17 00:26:00+00:00,2995.300048828125,2995.39990234375,2994.5,2995.39990234375,156.0
2025-03-17 00:27:00+00:00,2995.60009765625,2995.60009765625,2994.39990234375,2995.300048828125,67.0
2025-03-17 00:28:00+00:00,2996.199951171875,2996.199951171875,2995.60009765625,2995.60009765625,24.0
2025-03-17 00:29:00+00:00,2996.5,2996.800048828125,2996.10009765625,2996.199951171875,43.0
2025-03-17 00:30:00+00:00,2997.300048828125,2997.39990234375,2996.5,2996.5,76.0
2025-03-17 00:31:00+00:00,2997.800048828125,2998.5,2997.39990234375,2997.39990234375,122.0
2025-03-17 00:32:00+00:00,2997.199951171875,2997.60009765625,2997.10009765625,2997.5,42.0
2025-03-17 00:33:00+00:00,2997.300048828125,2997.5,2996.199951171875,2997.10009765625,92.0
2025-03-17 00:34:00+00:00,2997.39990234375,2997.60009765625,2997.199951171875,2997.39990234375,32.0
2025-03-17 00:35:00+00:00,2997.300048828125,2997.60009765625,2997.300048828125,2997.5,11.0
2025-03-17 00:36:00+00:00,2997.300048828125,2997.5,2997.10009765625,2997.300048828125,31.0
2025-03-17 00:37:00+00:00,2997.300048828125,2997.5,2997.199951171875,2997.199951171875,22.0
2025-03-17 00:38:00+00:00,2997.199951171875,2997.39990234375,2996.89990234375,2997.199951171875,11.0
2025-03-17 00:39:00+00:00,2997.0,2997.300048828125,2996.5,2997.300048828125,57.0
2025-03-17 00:40:00+00:00,2997.5,2997.60009765625,2996.699951171875,2996.89990234375,39.0
2025-03-17 00:41:00+00:00,2996.60009765625,2997.300048828125,2996.60009765625,2997.300048828125,14.0
2025-03-17 00:42:00+00:00,2995.699951171875,2996.5,2995.699951171875,2996.5,66.0
2025-03-17 00:43:00+00:00,2996.699951171875,2996.800048828125,2995.800048828125,2995.800048828125,29.0
2025-03-17 00:44:00+00:00,2997.0,2997.10009765625,2996.39990234375,2996.699951171875,44.0
2025-03-17 00:45:00+00:00,2996.800048828125,2996.89990234375,2996.800048828125,2996.800048828125,13.0
2025-03-17 00:46:00+00:00,2997.10009765625,2997.199951171875,2997.0,2997.0,14.0
2025-03-17 00:47:00+00:00,2997.10009765625,2997.10009765625,2996.699951171875,2996.89990234375,24.0
2025-03-17 00:48:00+00:00,2997.300048828125,2997.39990234375,2997.0,2997.10009765625,16.0
2025-03-17 00:49:00+00:00,2997.0,2997.199951171875,2996.800048828125,2997.199951171875,29.0
2025-03-17 00:50:00+00:00,2996.699951171875,2997.0,2996.5,2997.0,22.0
2025-03-17 00:51:00+00:00,2996.5,2996.60009765625,2996.39990234375,2996.60009765625,20.0
2025-03-17 00:52:00+00:00,2996.39990234375,2996.699951171875,2996.39990234375,2996.5,24.0
2025-03-17 00:53:00+00:00,2996.699951171875,2996.699951171875,2996.0,2996.300048828125,49.0
2025-03-17 00:54:00+00:00,2997.10009765625,2997.10009765625,2996.699951171875,2996.699951171875,23.0
2025-03-17 00:55:00+00:00,2997.5,2997.60009765625,2997.199951171875,2997.199951171875,48.0
2025-03-17 00:56:00+00:00,2998.10009765625,2998.10009765625,2997.199951171875,2997.60009765625,138.0
2025-03-17 00:57:00+00:00,2997.39990234375,2998.199951171875,2997.39990234375,2998.10009765625,59.0
2025-03-17 00:58:00+00:00,2997.60009765625,2997.60009765625,2997.199951171875,2997.300048828125,20.0
2025-03-17 00:59:00+00:00,2998.0,2998.199951171875,2997.60009765625,2997.60009765625,77.0
2025-03-17 01:00:00+00:00,2999.60009765625,2999.699951171875,2997.89990234375,2997.89990234375,311.0
2025-03-17 01:01:00+00:00,2999.199951171875,3000.5,2998.89990234375,2999.800048828125,157.0
2025-03-17 01:02:00+00:00,2999.10009765625,2999.300048828125,2998.199951171875,2999.10009765625,79.0
2025-03-17 01:03:00+00:00,2998.10009765625,2999.0,2998.10009765625,2998.800048828125,74.0
2025-03-17 01:04:00+00:00,2998.0,2998.60009765625,2997.800048828125,2998.0,49.0
2025-03-17 01:05:00+00:00,2997.10009765625,2998.0,2996.699951171875,2998.0,128.0
2025-03-17 01:06:00+00:00,2997.5,2997.699951171875,2996.5,2997.10009765625,65.0
2025-03-17 01:07:00+00:00,2998.60009765625,2998.60009765625,2997.10009765625,2997.60009765625,62.0
2025-03-17 01:08:00+00:00,3000.10009765625,3000.10009765625,2998.699951171875,2999.0,83.0
2025-03-17 01:09:00+00:00,2999.60009765625,3000.199951171875,2999.39990234375,3000.199951171875,101.0
2025-03-17 01:10:00+00:00,3000.10009765625,3000.699951171875,2999.5,2999.5,115.0
2025-03-17 01:11:00+00:00,3000.5,3000.699951171875,2999.800048828125,3000.10009765625,42.0
2025-03-17 01:12:00+00:00,3000.10009765625,3000.60009765625,2999.699951171875,3000.5,55.0
2025-03-17 01:13:00+00:00,2999.699951171875,3000.39990234375,2999.10009765625,3000.199951171875,43.0
2025-03-17 01:14:00+00:00,2999.10009765625,2999.60009765625,2998.89990234375,2999.39990234375,38.0
2025-03-17 01:15:00+00:00,2998.5,2999.0,2998.0,2999.0,96.0
2025-03-17 01:16:00+00:00,2998.89990234375,2999.10009765625,2998.60009765625,2998.60009765625,22.0
2025-03-17 01:17:00+00:00,2999.0,2999.300048828125,2998.199951171875,2998.800048828125,40.0
2025-03-17 01:18:00+00:00,2998.39990234375,2999.39990234375,2998.39990234375,2999.300048828125,30.0
2025-03-17 01:19:00+00:00,2998.5,2998.60009765625,2997.800048828125,2998.5,41.0
2025-03-17 01:20:00+00:00,2998.800048828125,2998.89990234375,2998.300048828125,2998.5,53.0
2025-03-17 01:21:00+00:00,2998.0,2998.89990234375,2997.89990234375,2998.89990234375,46.0
2025-03-17 01:22:00+00:00,2998.800048828125,2998.89990234375,2997.60009765625,2998.199951171875,90.0
2025-03-17 01:23:00+00:00,2999.300048828125,3000.0,2998.5,2998.699951171875,103.0
2025-03-17 01:24:00+00:00,3000.300048828125,3000.800048828125,2999.199951171875,2999.39990234375,125.0
2025-03-17 01:25:00+00:00,2999.5,3000.5,2999.5,3000.5,82.0
2025-03-17 01:26:00+00:00,3000.10009765625,3000.5,2999.60009765625,2999.60009765625,54.0
2025-03-17 01:27:00+00:00,2999.800048828125,3000.300048828125,2999.800048828125,3000.0,33.0
2025-03-17 01:28:00+00:00,2998.89990234375,2999.699951171875,2998.89990234375,2999.699951171875,75.0
2025-03-17 01:29:00+00:00,2999.60009765625,2999.60009765625,2998.39990234375,2999.0,29.0
2025-03-17 01:30:00+00:00,2998.60009765625,2999.800048828125,2998.39990234375,2999.5,43.0
2025-03-17 01:31:00+00:00,2998.89990234375,2999.199951171875,2998.199951171875,2998.5,89.0
2025-03-17 01:32:00+00:00,2998.39990234375,2998.89990234375,2997.89990234375,2998.89990234375,60.0
2025-03-17 01:33:00+00:00,2999.10009765625,2999.300048828125,2998.5,2998.5,17.0
2025-03-17 01:34:00+00:00,2999.10009765625,2999.39990234375,2998.89990234375,2999.300048828125,32.0
2025-03-17 01:35:00+00:00,2999.199951171875,2999.39990234375,2998.800048828125,2998.89990234375,19.0
2025-03-17 01:36:00+00:00,2998.5,2999.300048828125,2998.5,2999.10009765625,22.0
2025-03-17 01:37:00+00:00,2999.89990234375,2999.89990234375,2998.60009765625,2999.0,47.0
2025-03-17 01:38:00+00:00,2998.5,2999.699951171875,2997.89990234375,2999.60009765625,84.0
2025-03-17 01:39:00+00:00,2998.5,2998.800048828125,2998.10009765625,2998.60009765625,46.0
2025-03-17 01:40:00+00:00,2998.60009765625,2998.89990234375,2998.60009765625,2998.699951171875,13.0
2025-03-17 01:41:00+00:00,2999.300048828125,2999.39990234375,2998.699951171875,2998.89990234375,46.0
2025-03-17 01:42:00+00:00,2999.10009765625,2999.199951171875,2998.800048828125,2999.199951171875,12.0
2025-03-17 01:43:00+00:00,2998.699951171875,2998.800048828125,2998.699951171875,2998.800048828125,2.0
2025-03-17 01:44:00+00:00,2998.89990234375,2999.0,2998.800048828125,2999.0,14.0
2025-03-17 01:45:00+00:00,2999.39990234375,2999.60009765625,2999.0,2999.0,14.0
2025-03-17 01:46:00+00:00,2999.199951171875,2999.60009765625,2999.0,2999.300048828125,37.0
2025-03-17 01:47:00+00:00,2999.39990234375,2999.39990234375,2999.10009765625,2999.39990234375,26.0
2025-03-17 01:48:00+00:00,2999.10009765625,2999.199951171875,2998.39990234375,2999.199951171875,26.0
2025-03-17 01:49:00+00:00,2999.0,2999.10009765625,2998.800048828125,2999.0,7.0
2025-03-17 01:50:00+00:00,2999.10009765625,2999.10009765625,2998.699951171875,2998.89990234375,12.0
2025-03-17 01:51:00+00:00,2999.5,2999.60009765625,2999.199951171875,2999.199951171875,150.0
2025-03-17 01:52:00+00:00,2999.699951171875,3000.5,2999.5,2999.60009765625,135.0
2025-03-17 01:53:00+00:00,2999.0,2999.800048828125,2998.699951171875,2999.699951171875,63.0
2025-03-17 01:54:00+00:00,2999.10009765625,2999.199951171875,2998.699951171875,2998.89990234375,23.0
2025-03-17 01:55:00+00:00,2998.89990234375,2999.10009765625,2998.199951171875,2999.0,37.0
2025-03-17 01:56:00+00:00,2998.300048828125,2999.0,2998.199951171875,2998.800048828125,30.0
2025-03-17 01:57:00+00:00,2998.300048828125,2998.699951171875,2997.89990234375,2998.300048828125,34.0
2025-03-17 01:58:00+00:00,2998.5,2998.60009765625,2998.0,2998.0,24.0
2025-03-17 01:59:00+00:00,2998.300048828125,2998.89990234375,2998.199951171875,2998.699951171875,22.0
2025-03-17 02:00:00+00:00,2998.89990234375,2999.39990234375,2998.0,2998.0,30.0
2025-03-17 02:01:00+00:00,2998.10009765625,2999.10009765625,2997.5,2999.0,50.0
2025-03-17 02:02:00+00:00,2998.0,2998.300048828125,2998.0,2998.0,16.0
2025-03-17 02:03:00+00:00,2998.0,2998.10009765625,2997.800048828125,2998.10009765625,20.0
2025-03-17 02:04:00+00:00,2998.0,2998.300048828125,2998.0,2998.300048828125,10.0
2025-03-17 02:05:00+00:00,2997.89990234375,2998.39990234375,2997.60009765625,2998.300048828125,42.0
2025-03-17 02:06:00+00:00,2998.10009765625,2998.10009765625,2997.800048828125,2998.10009765625,9.0
2025-03-17 02:07:00+00:00,2998.0,2998.199951171875,2997.800048828125,2997.800048828125,39.0
2025-03-17 02:08:00+00:00,2997.699951171875,2998.0,2997.699951171875,2997.800048828125,25.0
2025-03-17 02:09:00+00:00,2997.800048828125,2997.800048828125,2997.39990234375,2997.60009765625,48.0
2025-03-17 02:10:00+00:00,2997.39990234375,2997.60009765625,2997.10009765625,2997.39990234375,58.0
2025-03-17 02:11:00+00:00,2997.60009765625,2997.60009765625,2997.199951171875,2997.39990234375,25.0
2025-03-17 02:12:00+00:00,2997.5,2997.89990234375,2997.39990234375,2997.5,27.0
2025-03-17 02:13:00+00:00,2997.39990234375,2997.800048828125,2996.699951171875,2997.60009765625,59.0
2025-03-17 02:14:00+00:00,2997.699951171875,2997.699951171875,2997.10009765625,2997.10009765625,15.0
2025-03-17 02:15:00+00:00,2997.60009765625,2997.699951171875,2997.39990234375,2997.60009765625,14.0
2025-03-17 02:16:00+00:00,2997.39990234375,2997.5,2997.199951171875,2997.5,17.0
2025-03-17 02:17:00+00:00,2997.60009765625,2997.60009765625,2997.199951171875,2997.300048828125,29.0
2025-03-17 02:18:00+00:00,2997.39990234375,2997.699951171875,2997.199951171875,2997.60009765625,32.0
2025-03-17 02:19:00+00:00,2997.300048828125,2997.5,2996.89990234375,2997.39990234375,23.0
2025-03-17 02:20:00+00:00,2996.89990234375,2997.300048828125,2996.60009765625,2997.300048828125,64.0
2025-03-17 02:21:00+00:00,2996.199951171875,2996.89990234375,2996.10009765625,2996.89990234375,69.0
2025-03-17 02:22:00+00:00,2996.89990234375,2997.0,2996.39990234375,2996.39990234375,27.0
2025-03-17 02:23:00+00:00,2996.89990234375,2997.10009765625,2996.699951171875,2997.0,12.0
2025-03-17 02:24:00+00:00,2996.800048828125,2996.800048828125,2996.699951171875,2996.800048828125,5.0
2025-03-17 02:25:00+00:00,2996.300048828125,2996.800048828125,2996.300048828125,2996.800048828125,9.0
2025-03-17 02:26:00+00:00,2996.5,2996.699951171875,2996.199951171875,2996.199951171875,20.0
2025-03-17 02:27:00+00:00,2996.5,2996.699951171875,2996.5,2996.60009765625,17.0
2025-03-17 02:28:00+00:00,2996.800048828125,2996.800048828125,2996.60009765625,2996.60009765625,16.0
2025-03-17 02:29:00+00:00,2996.800048828125,2997.0,2996.60009765625,2996.800048828125,19.0
2025-03-17 02:30:00+00:00,2995.89990234375,2996.800048828125,2995.5,2996.699951171875,68.0
2025-03-17 02:31:00+00:00,2996.10009765625,2996.10009765625,2995.5,2995.800048828125,21.0
2025-03-17 02:32:00+00:00,2996.0,2996.10009765625,2995.60009765625,2996.10009765625,21.0
2025-03-17 02:33:00+00:00,2995.89990234375,2996.5,2995.89990234375,2996.0,25.0
2025-03-17 02:34:00+00:00,2996.10009765625,2996.199951171875,2995.699951171875,2995.800048828125,18.0
2025-03-17 02:35:00+00:00,2995.89990234375,2996.0,2995.89990234375,2995.89990234375,5.0
2025-03-17 02:36:00+00:00,2995.800048828125,2996.10009765625,2995.800048828125,2996.0,52.0
2025-03-17 02:37:00+00:00,2995.39990234375,2995.800048828125,2995.39990234375,2995.699951171875,39.0
2025-03-17 02:38:00+00:00,2996.0,2996.0,2995.39990234375,2995.5,23.0
2025-03-17 02:39:00+00:00,2996.0,2996.300048828125,2995.800048828125,2996.0,21.0
2025-03-17 02:40:00+00:00,2995.300048828125,2995.800048828125,2995.199951171875,2995.699951171875,15.0
2025-03-17 02:41:00+00:00,2995.39990234375,2995.5,2994.89990234375,2995.199951171875,44.0
2025-03-17 02:42:00+00:00,2996.0,2996.0,2995.39990234375,2995.5,35.0
2025-03-17 02:43:00+00:00,2996.199951171875,2996.39990234375,2995.89990234375,2996.0,59.0
2025-03-17 02:44:00+00:00,2996.10009765625,2996.199951171875,2995.89990234375,2996.199951171875,38.0
2025-03-17 02:45:00+00:00,2996.5,2996.800048828125,2996.0,2996.10009765625,240.0
2025-03-17 02:46:00+00:00,2996.300048828125,2996.60009765625,2996.199951171875,2996.300048828125,30.0
2025-03-17 02:47:00+00:00,2996.199951171875,2996.300048828125,2996.10009765625,2996.300048828125,9.0
2025-03-17 02:48:00+00:00,2995.800048828125,2996.199951171875,2995.699951171875,2996.199951171875,36.0
2025-03-17 02:49:00+00:00,2995.199951171875,2995.60009765625,2995.199951171875,2995.60009765625,24.0
2025-03-17 02:50:00+00:00,2994.5,2995.39990234375,2994.5,2995.39990234375,40.0
2025-03-17 02:51:00+00:00,2995.39990234375,2995.39990234375,2994.60009765625,2994.60009765625,35.0
2025-03-17 02:52:00+00:00,2995.10009765625,2995.60009765625,2995.0,2995.300048828125,25.0
2025-03-17 02:53:00+00:00,2994.800048828125,2995.39990234375,2994.800048828125,2995.0,14.0
2025-03-17 02:54:00+00:00,2995.5,2995.5,2994.89990234375,2994.89990234375,16.0
2025-03-17 02:55:00+00:00,2995.300048828125,2995.5,2995.199951171875,2995.5,16.0
2025-03-17 02:56:00+00:00,2995.89990234375,2995.89990234375,2995.39990234375,2995.39990234375,26.0
2025-03-17 02:57:00+00:00,2996.10009765625,2996.199951171875,2995.89990234375,2995.89990234375,21.0
2025-03-17 02:58:00+00:00,2995.89990234375,2996.10009765625,2995.800048828125,2996.10009765625,12.0
2025-03-17 02:59:00+00:00,2995.60009765625,2996.300048828125,2995.5,2996.10009765625,34.0
2025-03-17 03:00:00+00:00,2995.89990234375,2996.10009765625,2995.60009765625,2995.60009765625,22.0
2025-03-17 03:01:00+00:00,2995.5,2996.0,2995.300048828125,2995.60009765625,28.0
2025-03-17 03:02:00+00:00,2995.10009765625,2995.300048828125,2994.89990234375,2995.300048828125,22.0
2025-03-17 03:03:00+00:00,2994.39990234375,2995.0,2994.39990234375,2994.800048828125,59.0
2025-03-17 03:04:00+00:00,2994.5,2994.89990234375,2994.199951171875,2994.699951171875,78.0
2025-03-17 03:05:00+00:00,2994.699951171875,2994.699951171875,2994.39990234375,2994.60009765625,11.0
2025-03-17 03:06:00+00:00,2994.39990234375,2994.60009765625,2994.10009765625,2994.5,25.0
2025-03-17 03:07:00+00:00,2994.699951171875,2994.800048828125,2994.5,2994.60009765625,15.0
2025-03-17 03:08:00+00:00,2994.89990234375,2995.10009765625,2994.89990234375,2994.89990234375,15.0
2025-03-17 03:09:00+00:00,2995.0,2995.0,2994.60009765625,2994.60009765625,13.0
2025-03-17 03:10:00+00:00,2994.5,2994.89990234375,2994.5,2994.800048828125,15.0
2025-03-17 03:11:00+00:00,2994.800048828125,2994.800048828125,2994.10009765625,2994.300048828125,25.0
2025-03-17 03:12:00+00:00,2995.300048828125,2995.300048828125,2994.800048828125,2994.800048828125,18.0
2025-03-17 03:13:00+00:00,2995.39990234375,2995.39990234375,2995.300048828125,2995.39990234375,3.0
2025-03-17 03:14:00+00:00,2995.39990234375,2995.39990234375,2995.39990234375,2995.39990234375,1.0
2025-03-17 03:15:00+00:00,2995.199951171875,2995.300048828125,2994.60009765625,2995.300048828125,25.0
2025-03-17 03:16:00+00:00,2995.10009765625,2995.10009765625,2995.10009765625,2995.10009765625,1.0
2025-03-17 03:17:00+00:00,2995.0,2995.10009765625,2995.0,2995.0,7.0
2025-03-17 03:18:00+00:00,2994.699951171875,2994.89990234375,2994.699951171875,2994.89990234375,4.0
2025-03-17 03:19:00+00:00,2994.699951171875,2994.800048828125,2994.60009765625,2994.699951171875,10.0
2025-03-17 03:20:00+00:00,2995.199951171875,2995.699951171875,2994.5,2994.5,136.0
2025-03-17 03:21:00+00:00,2994.800048828125,2995.5,2994.699951171875,2995.5,35.0
2025-03-17 03:22:00+00:00,2995.199951171875,2995.60009765625,2995.0,2995.0,193.0
2025-03-17 03:23:00+00:00,2994.800048828125,2995.10009765625,2994.699951171875,2995.10009765625,20.0
2025-03-17 03:24:00+00:00,2994.60009765625,2994.699951171875,2994.60009765625,2994.60009765625,7.0
2025-03-17 03:25:00+00:00,2994.60009765625,2994.699951171875,2994.39990234375,2994.60009765625,9.0
2025-03-17 03:26:00+00:00,2994.5,2994.5,2994.300048828125,2994.5,18.0
2025-03-17 03:27:00+00:00,2994.199951171875,2994.5,2994.199951171875,2994.5,20.0
2025-03-17 03:28:00+00:00,2994.5,2994.60009765625,2994.300048828125,2994.5,36.0
2025-03-17 03:29:00+00:00,2994.5,2994.60009765625,2994.199951171875,2994.60009765625,24.0
2025-03-17 03:30:00+00:00,2994.199951171875,2994.60009765625,2994.199951171875,2994.60009765625,31.0
2025-03-17 03:31:00+00:00,2994.60009765625,2994.60009765625,2994.199951171875,2994.199951171875,20.0
2025-03-17 03:33:00+00:00,2995.0,2995.199951171875,2994.800048828125,2994.89990234375,28.0
2025-03-17 03:34:00+00:00,2995.300048828125,2995.300048828125,2994.800048828125,2995.0,33.0
2025-03-17 03:35:00+00:00,2996.5,2996.60009765625,2995.300048828125,2995.300048828125,137.0
2025-03-17 03:36:00+00:00,2997.5,2998.0,2996.300048828125,2996.5,228.0
2025-03-17 03:37:00+00:00,2996.800048828125,2997.699951171875,2996.800048828125,2997.39990234375,81.0
2025-03-17 03:38:00+00:00,2996.39990234375,2996.89990234375,2996.300048828125,2996.89990234375,66.0
2025-03-17 03:39:00+00:00,2996.0,2996.89990234375,2996.0,2996.5,100.0
2025-03-17 03:40:00+00:00,2995.60009765625,2996.5,2995.60009765625,2996.0,78.0
2025-03-17 03:41:00+00:00,2995.60009765625,2995.800048828125,2995.0,2995.699951171875,85.0
2025-03-17 03:42:00+00:00,2995.60009765625,2995.60009765625,2994.699951171875,2995.5,86.0
2025-03-17 03:43:00+00:00,2995.60009765625,2995.800048828125,2995.199951171875,2995.5,44.0
2025-03-17 03:44:00+00:00,2995.60009765625,2995.699951171875,2995.39990234375,2995.5,21.0
2025-03-17 03:45:00+00:00,2996.300048828125,2996.300048828125,2995.800048828125,2995.800048828125,20.0
2025-03-17 03:46:00+00:00,2996.199951171875,2996.39990234375,2996.10009765625,2996.39990234375,20.0
2025-03-17 03:47:00+00:00,2996.10009765625,2996.10009765625,2995.699951171875,2996.0,14.0
2025-03-17 03:48:00+00:00,2996.39990234375,2996.60009765625,2996.199951171875,2996.199951171875,51.0
2025-03-17 03:49:00+00:00,2996.0,2996.300048828125,2995.699951171875,2996.10009765625,38.0
2025-03-17 03:50:00+00:00,2995.699951171875,2996.0,2995.5,2995.800048828125,42.0
2025-03-17 03:51:00+00:00,2995.199951171875,2995.5,2995.199951171875,2995.5,30.0
2025-03-17 03:52:00+00:00,2995.199951171875,2995.60009765625,2995.10009765625,2995.10009765625,23.0
2025-03-17 03:53:00+00:00,2995.5,2995.699951171875,2995.5,2995.5,9.0
2025-03-17 03:54:00+00:00,2995.60009765625,2995.60009765625,2995.60009765625,2995.60009765625,2.0
2025-03-17 03:55:00+00:00,2995.800048828125,2995.89990234375,2995.699951171875,2995.699951171875,9.0
2025-03-17 03:56:00+00:00,2995.60009765625,2995.699951171875,2995.39990234375,2995.699951171875,12.0
2025-03-17 03:57:00+00:00,2995.89990234375,2996.0,2995.699951171875,2995.699951171875,16.0
2025-03-17 03:58:00+00:00,2995.800048828125,2995.800048828125,2995.800048828125,2995.800048828125,5.0
2025-03-17 04:00:00+00:00,2996.0,2996.199951171875,2996.0,2996.0,5.0
2025-03-17 04:01:00+00:00,2996.60009765625,2997.5,2996.10009765625,2996.10009765625,205.0
2025-03-17 04:02:00+00:00,2996.5,2996.89990234375,2996.39990234375,2996.5,37.0
2025-03-17 04:03:00+00:00,2996.300048828125,2996.5,2996.10009765625,2996.5,26.0
2025-03-17 04:04:00+00:00,2996.199951171875,2996.60009765625,2996.10009765625,2996.300048828125,27.0
2025-03-17 04:05:00+00:00,2996.60009765625,2996.60009765625,2996.0,2996.39990234375,55.0
2025-03-17 04:06:00+00:00,2996.5,2996.89990234375,2996.5,2996.699951171875,11.0
2025-03-17 04:07:00+00:00,2995.89990234375,2996.39990234375,2995.89990234375,2996.39990234375,22.0
2025-03-17 04:08:00+00:00,2996.0,2996.0,2995.300048828125,2995.89990234375,41.0
2025-03-17 04:09:00+00:00,2995.800048828125,2995.89990234375,2995.5,2995.800048828125,27.0
2025-03-17 04:10:00+00:00,2995.0,2995.699951171875,2994.800048828125,2995.699951171875,44.0
2025-03-17 04:11:00+00:00,2995.199951171875,2995.5,2995.199951171875,2995.199951171875,7.0
2025-03-17 04:12:00+00:00,2995.199951171875,2995.300048828125,2995.10009765625,2995.300048828125,6.0
2025-03-17 04:13:00+00:00,2994.699951171875,2995.10009765625,2994.60009765625,2995.10009765625,22.0
2025-03-17 04:14:00+00:00,2994.800048828125,2995.199951171875,2994.800048828125,2995.0,23.0
2025-03-17 04:15:00+00:00,2994.800048828125,2994.89990234375,2994.800048828125,2994.800048828125,11.0
2025-03-17 04:16:00+00:00,2994.800048828125,2995.0,2994.60009765625,2994.89990234375,24.0
2025-03-17 04:17:00+00:00,2994.89990234375,2995.0,2994.60009765625,2994.89990234375,11.0
2025-03-17 04:18:00+00:00,2994.699951171875,2994.89990234375,2994.60009765625,2994.89990234375,14.0
2025-03-17 04:19:00+00:00,2994.39990234375,2994.699951171875,2994.300048828125,2994.699951171875,32.0
2025-03-17 04:20:00+00:00,2994.39990234375,2994.699951171875,2994.300048828125,2994.300048828125,18.0
2025-03-17 04:21:00+00:00,2994.89990234375,2994.89990234375,2994.39990234375,2994.39990234375,15.0
2025-03-17 04:22:00+00:00,2994.699951171875,2994.800048828125,2994.5,2994.800048828125,10.0
2025-03-17 04:23:00+00:00,2994.60009765625,2994.699951171875,2994.60009765625,2994.699951171875,4.0
2025-03-17 04:24:00+00:00,2994.10009765625,2994.60009765625,2994.10009765625,2994.60009765625,32.0
2025-03-17 04:25:00+00:00,2994.0,2994.199951171875,2993.800048828125,2994.0,41.0
2025-03-17 04:26:00+00:00,2993.5,2994.0,2993.199951171875,2994.0,80.0
2025-03-17 04:27:00+00:00,2993.5,2993.89990234375,2993.5,2993.699951171875,27.0
2025-03-17 04:28:00+00:00,2993.199951171875,2993.39990234375,2993.10009765625,2993.39990234375,20.0
2025-03-17 04:29:00+00:00,2993.5,2993.5,2993.10009765625,2993.10009765625,9.0
2025-03-17 04:30:00+00:00,2993.10009765625,2993.60009765625,2992.89990234375,2993.300048828125,75.0
2025-03-17 04:31:00+00:00,2993.199951171875,2993.199951171875,2993.0,2993.199951171875,19.0
2025-03-17 04:32:00+00:00,2993.60009765625,2993.699951171875,2993.10009765625,2993.199951171875,45.0
2025-03-17 04:33:00+00:00,2993.300048828125,2993.699951171875,2993.300048828125,2993.60009765625,15.0
2025-03-17 04:34:00+00:00,2993.699951171875,2993.699951171875,2993.199951171875,2993.300048828125,74.0
2025-03-17 04:35:00+00:00,2994.39990234375,2994.39990234375,2993.800048828125,2993.800048828125,103.0
2025-03-17 04:36:00+00:00,2994.10009765625,2994.199951171875,2994.0,2994.199951171875,19.0
2025-03-17 04:37:00+00:00,2994.300048828125,2994.699951171875,2994.10009765625,2994.300048828125,54.0
2025-03-17 04:38:00+00:00,2994.39990234375,2994.699951171875,2994.39990234375,2994.39990234375,23.0
2025-03-17 04:39:00+00:00,2994.0,2994.5,2993.800048828125,2994.39990234375,62.0
2025-03-17 04:40:00+00:00,2994.300048828125,2994.300048828125,2993.5,2993.800048828125,89.0
2025-03-17 04:41:00+00:00,2993.89990234375,2994.39990234375,2993.800048828125,2994.199951171875,19.0
2025-03-17 04:42:00+00:00,2993.300048828125,2994.0,2993.10009765625,2994.0,49.0
2025-03-17 04:43:00+00:00,2993.10009765625,2993.5,2993.0,2993.5,37.0
2025-03-17 04:44:00+00:00,2993.39990234375,2993.60009765625,2993.199951171875,2993.199951171875,82.0
2025-03-17 04:45:00+00:00,2993.10009765625,2993.5,2993.0,2993.39990234375,29.0
2025-03-17 04:46:00+00:00,2993.10009765625,2993.10009765625,2993.0,2993.0,4.0
2025-03-17 04:47:00+00:00,2992.60009765625,2993.10009765625,2992.60009765625,2993.0,62.0
2025-03-17 04:48:00+00:00,2992.699951171875,2992.699951171875,2992.199951171875,2992.60009765625,47.0
2025-03-17 04:49:00+00:00,2992.89990234375,2993.0,2992.800048828125,2992.800048828125,21.0
2025-03-17 04:50:00+00:00,2992.89990234375,2993.10009765625,2992.89990234375,2993.0,7.0
2025-03-17 04:51:00+00:00,2992.699951171875,2993.0,2992.699951171875,2992.800048828125,19.0
2025-03-17 04:52:00+00:00,2992.39990234375,2993.0,2992.300048828125,2992.60009765625,62.0
2025-03-17 04:53:00+00:00,2992.199951171875,2992.60009765625,2992.199951171875,2992.60009765625,31.0
2025-03-17 04:54:00+00:00,2992.800048828125,2992.800048828125,2992.39990234375,2992.39990234375,27.0
2025-03-17 04:55:00+00:00,2992.60009765625,2992.89990234375,2992.60009765625,2992.800048828125,18.0
2025-03-17 04:56:00+00:00,2991.89990234375,2992.699951171875,2991.5,2992.699951171875,137.0
2025-03-17 04:57:00+00:00,2992.199951171875,2992.199951171875,2991.800048828125,2991.89990234375,35.0
2025-03-17 04:58:00+00:00,2992.0,2992.199951171875,2992.0,2992.10009765625,9.0
2025-03-17 04:59:00+00:00,2991.89990234375,2992.199951171875,2991.89990234375,2992.10009765625,25.0
2025-03-17 05:00:00+00:00,2992.39990234375,2992.39990234375,2992.0,2992.0,34.0
2025-03-17 05:01:00+00:00,2992.39990234375,2992.39990234375,2992.10009765625,2992.300048828125,187.0
2025-03-17 05:02:00+00:00,2992.5,2992.60009765625,2992.39990234375,2992.5,17.0
2025-03-17 05:03:00+00:00,2992.199951171875,2992.300048828125,2992.10009765625,2992.300048828125,17.0
2025-03-17 05:04:00+00:00,2992.199951171875,2992.199951171875,2992.0,2992.199951171875,23.0
2025-03-17 05:05:00+00:00,2992.60009765625,2992.699951171875,2992.10009765625,2992.300048828125,13.0
2025-03-17 05:06:00+00:00,2992.699951171875,2992.699951171875,2992.39990234375,2992.5,10.0
2025-03-17 05:07:00+00:00,2992.699951171875,2993.0,2992.699951171875,2992.800048828125,33.0
2025-03-17 05:08:00+00:00,2992.60009765625,2992.699951171875,2992.60009765625,2992.60009765625,9.0
2025-03-17 05:09:00+00:00,2992.89990234375,2993.0,2992.60009765625,2992.60009765625,58.0
2025-03-17 05:10:00+00:00,2992.39990234375,2993.0,2992.199951171875,2992.89990234375,50.0
2025-03-17 05:11:00+00:00,2992.199951171875,2992.39990234375,2992.199951171875,2992.300048828125,7.0
2025-03-17 05:12:00+00:00,2991.89990234375,2992.300048828125,2991.800048828125,2992.199951171875,30.0
2025-03-17 05:13:00+00:00,2991.699951171875,2991.89990234375,2991.39990234375,2991.800048828125,56.0
2025-03-17 05:14:00+00:00,2991.60009765625,2991.699951171875,2991.60009765625,2991.60009765625,4.0
2025-03-17 05:15:00+00:00,2992.10009765625,2992.199951171875,2991.89990234375,2991.89990234375,23.0
2025-03-17 05:16:00+00:00,2992.300048828125,2992.60009765625,2992.10009765625,2992.10009765625,34.0
2025-03-17 05:17:00+00:00,2992.300048828125,2992.39990234375,2992.199951171875,2992.199951171875,9.0
2025-03-17 05:18:00+00:00,2992.300048828125,2992.800048828125,2992.10009765625,2992.39990234375,26.0
2025-03-17 05:19:00+00:00,2992.5,2992.60009765625,2992.300048828125,2992.5,15.0
2025-03-17 05:20:00+00:00,2992.39990234375,2992.60009765625,2992.199951171875,2992.5,39.0
2025-03-17 05:21:00+00:00,2992.60009765625,2992.699951171875,2992.300048828125,2992.300048828125,22.0
2025-03-17 05:22:00+00:00,2993.199951171875,2993.60009765625,2992.699951171875,2992.699951171875,201.0
2025-03-17 05:23:00+00:00,2993.5,2993.60009765625,2992.89990234375,2993.300048828125,72.0
2025-03-17 05:24:00+00:00,2994.0,2994.0,2993.39990234375,2993.39990234375,78.0
2025-03-17 05:25:00+00:00,2994.300048828125,2994.39990234375,2993.60009765625,2994.0,184.0
2025-03-17 05:26:00+00:00,2993.699951171875,2994.199951171875,2993.60009765625,2994.199951171875,27.0
2025-03-17 05:27:00+00:00,2993.300048828125,2993.5,2993.0,2993.5,41.0
2025-03-17 05:28:00+00:00,2993.199951171875,2993.300048828125,2993.0,2993.199951171875,16.0
2025-03-17 05:29:00+00:00,2992.89990234375,2993.0,2992.89990234375,2993.0,7.0
2025-03-17 05:30:00+00:00,2992.800048828125,2993.0,2992.60009765625,2992.89990234375,56.0
2025-03-17 05:31:00+00:00,2992.60009765625,2993.0,2992.5,2992.89990234375,27.0
2025-03-17 05:32:00+00:00,2993.0,2993.0,2992.60009765625,2992.699951171875,19.0
2025-03-17 05:33:00+00:00,2993.300048828125,2993.300048828125,2992.800048828125,2992.89990234375,40.0
2025-03-17 05:34:00+00:00,2992.699951171875,2993.300048828125,2992.699951171875,2993.300048828125,33.0
2025-03-17 05:35:00+00:00,2992.39990234375,2992.60009765625,2992.199951171875,2992.60009765625,15.0
2025-03-17 05:36:00+00:00,2992.300048828125,2992.5,2992.0,2992.39990234375,56.0
2025-03-17 05:37:00+00:00,2993.199951171875,2993.199951171875,2992.300048828125,2992.300048828125,15.0
2025-03-17 05:38:00+00:00,2993.300048828125,2993.39990234375,2993.199951171875,2993.300048828125,9.0
2025-03-17 05:39:00+00:00,2993.300048828125,2993.699951171875,2993.300048828125,2993.39990234375,9.0
2025-03-17 05:40:00+00:00,2993.39990234375,2993.39990234375,2993.10009765625,2993.10009765625,11.0
2025-03-17 05:41:00+00:00,2993.39990234375,2993.699951171875,2993.39990234375,2993.5,17.0
2025-03-17 05:42:00+00:00,2993.89990234375,2993.89990234375,2993.5,2993.5,38.0
2025-03-17 05:43:00+00:00,2993.89990234375,2994.300048828125,2993.89990234375,2993.89990234375,33.0
2025-03-17 05:44:00+00:00,2993.89990234375,2993.89990234375,2993.60009765625,2993.800048828125,17.0
2025-03-17 05:45:00+00:00,2993.60009765625,2993.800048828125,2993.300048828125,2993.800048828125,34.0
2025-03-17 05:46:00+00:00,2994.0,2994.10009765625,2993.5,2993.60009765625,24.0
2025-03-17 05:47:00+00:00,2993.800048828125,2994.10009765625,2993.800048828125,2994.10009765625,7.0
2025-03-17 05:48:00+00:00,2993.89990234375,2994.300048828125,2993.800048828125,2993.89990234375,31.0
2025-03-17 05:49:00+00:00,2993.699951171875,2994.0,2993.699951171875,2994.0,24.0
2025-03-17 05:50:00+00:00,2994.199951171875,2994.199951171875,2993.39990234375,2993.89990234375,43.0
2025-03-17 05:51:00+00:00,2994.199951171875,2994.60009765625,2994.10009765625,2994.199951171875,43.0
2025-03-17 05:52:00+00:00,2994.0,2994.0,2993.89990234375,2994.0,14.0
2025-03-17 05:53:00+00:00,2994.0,2994.199951171875,2993.89990234375,2994.199951171875,20.0
2025-03-17 05:54:00+00:00,2994.39990234375,2994.5,2994.10009765625,2994.10009765625,16.0
2025-03-17 05:55:00+00:00,2994.800048828125,2994.89990234375,2994.199951171875,2994.300048828125,26.0
2025-03-17 05:56:00+00:00,2995.0,2995.0,2994.60009765625,2994.89990234375,21.0
2025-03-17 05:57:00+00:00,2994.89990234375,2995.10009765625,2994.800048828125,2994.89990234375,52.0
2025-03-17 05:58:00+00:00,2994.699951171875,2994.89990234375,2994.39990234375,2994.800048828125,28.0
2025-03-17 05:59:00+00:00,2994.89990234375,2995.0,2994.699951171875,2994.800048828125,25.0
2025-03-17 06:00:00+00:00,2995.39990234375,2995.60009765625,2995.0,2995.0,85.0
2025-03-17 06:01:00+00:00,2995.0,2995.39990234375,2994.89990234375,2995.300048828125,30.0
2025-03-17 06:02:00+00:00,2994.60009765625,2995.39990234375,2994.60009765625,2995.0,46.0
2025-03-17 06:03:00+00:00,2994.5,2994.800048828125,2994.5,2994.60009765625,16.0
2025-03-17 06:04:00+00:00,2994.5,2994.699951171875,2994.199951171875,2994.39990234375,43.0
2025-03-17 06:05:00+00:00,2994.60009765625,2995.0,2994.60009765625,2994.60009765625,28.0
2025-03-17 06:06:00+00:00,2994.199951171875,2994.89990234375,2994.199951171875,2994.699951171875,52.0
2025-03-17 06:07:00+00:00,2994.39990234375,2994.5,2993.800048828125,2994.39990234375,34.0
2025-03-17 06:08:00+00:00,2993.89990234375,2994.5,2993.89990234375,2994.39990234375,63.0
2025-03-17 06:09:00+00:00,2994.300048828125,2994.39990234375,2994.0,2994.0,15.0
2025-03-17 06:10:00+00:00,2994.800048828125,2994.89990234375,2994.300048828125,2994.300048828125,23.0
2025-03-17 06:11:00+00:00,2994.60009765625,2994.60009765625,2994.60009765625,2994.60009765625,3.0
2025-03-17 06:12:00+00:00,2994.800048828125,2994.89990234375,2994.60009765625,2994.800048828125,18.0
2025-03-17 06:13:00+00:00,2994.800048828125,2994.89990234375,2994.800048828125,2994.800048828125,34.0
2025-03-17 06:14:00+00:00,2995.0,2995.0,2994.800048828125,2994.89990234375,17.0
2025-03-17 06:15:00+00:00,2995.10009765625,2995.39990234375,2995.0,2995.0,76.0
2025-03-17 06:16:00+00:00,2994.89990234375,2995.199951171875,2994.699951171875,2995.199951171875,27.0
2025-03-17 06:17:00+00:00,2995.699951171875,2996.0,2994.800048828125,2994.800048828125,100.0
2025-03-17 06:18:00+00:00,2995.89990234375,2996.10009765625,2995.300048828125,2995.699951171875,66.0
2025-03-17 06:19:00+00:00,2995.699951171875,2996.60009765625,2995.60009765625,2996.0,94.0
2025-03-17 06:20:00+00:00,2995.60009765625,2995.89990234375,2995.60009765625,2995.699951171875,27.0
2025-03-17 06:21:00+00:00,2996.0,2996.199951171875,2995.800048828125,2995.89990234375,31.0
2025-03-17 06:22:00+00:00,2997.300048828125,2997.300048828125,2996.0,2996.0,148.0
2025-03-17 06:23:00+00:00,2996.699951171875,2997.5,2996.5,2997.39990234375,124.0
2025-03-17 06:24:00+00:00,2997.0,2997.0,2996.39990234375,2996.60009765625,52.0
2025-03-17 06:25:00+00:00,2997.699951171875,2998.0,2996.89990234375,2997.0,155.0
2025-03-17 06:26:00+00:00,2997.800048828125,2998.0,2997.39990234375,2997.5,109.0
2025-03-17 06:27:00+00:00,2997.199951171875,2998.0,2997.10009765625,2997.699951171875,99.0
2025-03-17 06:28:00+00:00,2997.800048828125,2997.800048828125,2997.199951171875,2997.39990234375,44.0
2025-03-17 06:29:00+00:00,2998.199951171875,2998.5,2997.800048828125,2997.89990234375,234.0
2025-03-17 06:30:00+00:00,2997.89990234375,2998.5,2997.800048828125,2998.199951171875,104.0
2025-03-17 06:31:00+00:00,2997.5,2998.300048828125,2997.300048828125,2998.10009765625,66.0
2025-03-17 06:32:00+00:00,2996.199951171875,2997.300048828125,2996.199951171875,2997.199951171875,155.0
2025-03-17 06:33:00+00:00,2997.300048828125,2997.39990234375,2996.300048828125,2996.300048828125,84.0
2025-03-17 06:34:00+00:00,2998.10009765625,2998.10009765625,2997.0,2997.300048828125,104.0
2025-03-17 06:35:00+00:00,2997.300048828125,2998.10009765625,2997.199951171875,2997.89990234375,68.0
2025-03-17 06:36:00+00:00,2997.699951171875,2998.199951171875,2997.300048828125,2997.300048828125,64.0
2025-03-17 06:37:00+00:00,2997.89990234375,2997.89990234375,2997.39990234375,2997.39990234375,27.0
2025-03-17 06:38:00+00:00,2998.699951171875,2998.800048828125,2997.89990234375,2997.89990234375,55.0
2025-03-17 06:39:00+00:00,2998.300048828125,2998.89990234375,2998.10009765625,2998.800048828125,77.0
2025-03-17 06:40:00+00:00,2998.800048828125,2998.800048828125,2998.300048828125,2998.300048828125,32.0
2025-03-17 06:41:00+00:00,2998.300048828125,2999.0,2998.0,2998.699951171875,456.0
2025-03-17 06:42:00+00:00,2997.89990234375,2998.5,2997.89990234375,2998.5,101.0
2025-03-17 06:43:00+00:00,2998.300048828125,2998.39990234375,2997.800048828125,2998.10009765625,59.0
2025-03-17 06:44:00+00:00,2998.300048828125,2998.800048828125,2998.10009765625,2998.39990234375,133.0
2025-03-17 06:45:00+00:00,2998.0,2998.5,2997.89990234375,2998.199951171875,63.0
2025-03-17 06:46:00+00:00,2998.199951171875,2998.699951171875,2998.0,2998.0,80.0
2025-03-17 06:47:00+00:00,2997.60009765625,2998.199951171875,2997.5,2998.10009765625,34.0
2025-03-17 06:48:00+00:00,2997.60009765625,2997.89990234375,2997.60009765625,2997.699951171875,32.0
2025-03-17 06:49:00+00:00,2997.60009765625,2997.800048828125,2997.300048828125,2997.699951171875,89.0
2025-03-17 06:50:00+00:00,2997.10009765625,2997.60009765625,2996.699951171875,2997.39990234375,151.0
2025-03-17 06:51:00+00:00,2997.300048828125,2997.5,2996.800048828125,2996.89990234375,29.0
2025-03-17 06:52:00+00:00,2997.0,2997.199951171875,2996.699951171875,2997.10009765625,68.0
2025-03-17 06:53:00+00:00,2997.300048828125,2997.300048828125,2996.5,2996.800048828125,91.0
2025-03-17 06:54:00+00:00,2997.10009765625,2997.300048828125,2996.60009765625,2997.10009765625,117.0
2025-03-17 06:55:00+00:00,2997.5,2997.60009765625,2997.0,2997.0,28.0
2025-03-17 06:56:00+00:00,2997.5,2997.5,2997.300048828125,2997.5,44.0
2025-03-17 06:57:00+00:00,2997.60009765625,2997.89990234375,2997.5,2997.5,28.0
2025-03-17 06:58:00+00:00,2996.89990234375,2997.60009765625,2996.800048828125,2997.60009765625,22.0
2025-03-17 06:59:00+00:00,2997.5,2997.699951171875,2997.0,2997.0,94.0
2025-03-17 07:00:00+00:00,2996.89990234375,2997.5,2996.10009765625,2997.5,227.0
2025-03-17 07:01:00+00:00,2997.60009765625,2997.699951171875,2996.800048828125,2997.0,99.0
2025-03-17 07:02:00+00:00,2997.0,2998.0,2997.0,2997.699951171875,107.0
2025-03-17 07:03:00+00:00,2996.60009765625,2997.10009765625,2996.5,2997.10009765625,104.0
2025-03-17 07:04:00+00:00,2996.800048828125,2996.800048828125,2996.300048828125,2996.800048828125,83.0
2025-03-17 07:05:00+00:00,2997.10009765625,2997.10009765625,2996.699951171875,2996.699951171875,27.0
2025-03-17 07:06:00+00:00,2997.0,2997.199951171875,2996.800048828125,2996.89990234375,40.0
2025-03-17 07:07:00+00:00,2997.10009765625,2997.300048828125,2996.89990234375,2997.0,36.0
2025-03-17 07:08:00+00:00,2997.199951171875,2997.39990234375,2997.0,2997.199951171875,53.0
2025-03-17 07:09:00+00:00,2997.0,2997.300048828125,2996.60009765625,2997.300048828125,99.0
2025-03-17 07:10:00+00:00,2996.800048828125,2997.10009765625,2996.800048828125,2996.800048828125,15.0
2025-03-17 07:11:00+00:00,2996.800048828125,2997.0,2996.800048828125,2996.89990234375,19.0
2025-03-17 07:12:00+00:00,2996.89990234375,2997.10009765625,2996.699951171875,2996.89990234375,49.0
2025-03-17 07:13:00+00:00,2997.0,2997.39990234375,2996.89990234375,2997.0,87.0
2025-03-17 07:14:00+00:00,2997.300048828125,2997.300048828125,2996.89990234375,2996.89990234375,44.0
2025-03-17 07:15:00+00:00,2997.199951171875,2997.699951171875,2997.0,2997.39990234375,69.0
2025-03-17 07:16:00+00:00,2996.89990234375,2997.39990234375,2996.800048828125,2997.10009765625,62.0
2025-03-17 07:17:00+00:00,2996.89990234375,2997.39990234375,2996.800048828125,2996.89990234375,47.0
2025-03-17 07:18:00+00:00,2997.199951171875,2997.199951171875,2996.89990234375,2997.0,19.0
2025-03-17 07:19:00+00:00,2997.5,2997.60009765625,2997.10009765625,2997.199951171875,18.0
2025-03-17 07:20:00+00:00,2997.5,2997.5,2997.300048828125,2997.300048828125,8.0
2025-03-17 07:21:00+00:00,2997.800048828125,2997.800048828125,2997.199951171875,2997.699951171875,58.0
2025-03-17 07:22:00+00:00,2997.800048828125,2998.0,2997.60009765625,2997.800048828125,67.0
2025-03-17 07:23:00+00:00,2997.300048828125,2997.699951171875,2997.199951171875,2997.699951171875,104.0
2025-03-17 07:24:00+00:00,2997.60009765625,2997.699951171875,2997.0,2997.199951171875,74.0
2025-03-17 07:25:00+00:00,2997.199951171875,2997.699951171875,2997.199951171875,2997.699951171875,32.0
2025-03-17 07:26:00+00:00,2997.199951171875,2997.39990234375,2996.800048828125,2997.39990234375,107.0
2025-03-17 07:27:00+00:00,2997.199951171875,2997.199951171875,2997.0,2997.10009765625,13.0
2025-03-17 07:28:00+00:00,2996.800048828125,2997.0,2996.300048828125,2997.0,64.0
2025-03-17 07:29:00+00:00,2996.89990234375,2997.10009765625,2996.800048828125,2996.89990234375,41.0
2025-03-17 07:30:00+00:00,2997.10009765625,2997.10009765625,2997.0,2997.0,8.0
2025-03-17 07:40:00+00:00,2995.89990234375,2996.0,2995.39990234375,2995.699951171875,428.0
2025-03-17 07:41:00+00:00,2995.699951171875,2995.89990234375,2995.39990234375,2995.89990234375,53.0
2025-03-17 07:42:00+00:00,2995.39990234375,2995.89990234375,2995.300048828125,2995.5,54.0
2025-03-17 07:43:00+00:00,2995.300048828125,2995.5,2995.10009765625,2995.5,80.0
2025-03-17 07:44:00+00:00,2995.0,2995.300048828125,2994.89990234375,2995.300048828125,40.0
2025-03-17 07:45:00+00:00,2994.39990234375,2995.300048828125,2994.199951171875,2994.89990234375,54.0
2025-03-17 07:46:00+00:00,2993.300048828125,2994.199951171875,2993.300048828125,2994.199951171875,82.0
2025-03-17 07:47:00+00:00,2993.800048828125,2994.199951171875,2993.10009765625,2993.300048828125,83.0
2025-03-17 07:48:00+00:00,2993.800048828125,2994.300048828125,2993.800048828125,2993.800048828125,59.0
2025-03-17 07:49:00+00:00,2993.5,2993.800048828125,2993.5,2993.800048828125,16.0
2025-03-17 07:50:00+00:00,2993.800048828125,2993.89990234375,2993.39990234375,2993.60009765625,43.0
2025-03-17 07:51:00+00:00,2993.39990234375,2993.800048828125,2993.39990234375,2993.800048828125,37.0
2025-03-17 07:52:00+00:00,2993.800048828125,2993.800048828125,2993.60009765625,2993.60009765625,22.0
2025-03-17 07:53:00+00:00,2993.39990234375,2993.699951171875,2993.199951171875,2993.699951171875,84.0
2025-03-17 07:54:00+00:00,2992.800048828125,2993.300048828125,2992.60009765625,2993.300048828125,116.0
2025-03-17 07:55:00+00:00,2993.800048828125,2993.800048828125,2992.89990234375,2992.89990234375,56.0
2025-03-17 07:56:00+00:00,2993.89990234375,2994.0,2993.60009765625,2993.800048828125,36.0
2025-03-17 07:57:00+00:00,2993.800048828125,2994.5,2993.800048828125,2994.0,70.0
2025-03-17 07:58:00+00:00,2993.800048828125,2993.89990234375,2993.300048828125,2993.800048828125,24.0
2025-03-17 07:59:00+00:00,2993.89990234375,2994.10009765625,2993.800048828125,2993.89990234375,55.0
2025-03-17 08:00:00+00:00,2994.10009765625,2994.300048828125,2993.60009765625,2993.89990234375,112.0
2025-03-17 08:01:00+00:00,2994.5,2994.699951171875,2993.89990234375,2994.0,47.0
2025-03-17 08:02:00+00:00,2994.5,2994.60009765625,2994.199951171875,2994.39990234375,54.0
2025-03-17 08:03:00+00:00,2995.0,2995.0,2994.39990234375,2994.39990234375,81.0
2025-03-17 08:04:00+00:00,2995.0,2995.0,2994.39990234375,2994.89990234375,52.0
2025-03-17 08:05:00+00:00,2995.39990234375,2995.5,2995.10009765625,2995.199951171875,72.0
2025-03-17 08:06:00+00:00,2995.60009765625,2995.60009765625,2995.300048828125,2995.300048828125,54.0
2025-03-17 08:07:00+00:00,2995.199951171875,2995.800048828125,2995.10009765625,2995.5,90.0
2025-03-17 08:08:00+00:00,2995.199951171875,2995.199951171875,2994.800048828125,2995.199951171875,21.0
2025-03-17 08:09:00+00:00,2995.39990234375,2995.39990234375,2994.60009765625,2995.199951171875,64.0
2025-03-17 08:10:00+00:00,2994.800048828125,2995.60009765625,2994.800048828125,2995.39990234375,55.0
2025-03-17 08:11:00+00:00,2994.0,2995.0,2994.0,2994.89990234375,71.0
2025-03-17 08:12:00+00:00,2993.60009765625,2994.0,2993.5,2994.0,76.0
2025-03-17 08:13:00+00:00,2993.5,2993.800048828125,2993.5,2993.699951171875,10.0
2025-03-17 08:14:00+00:00,2993.199951171875,2993.699951171875,2993.199951171875,2993.5,76.0
2025-03-17 08:15:00+00:00,2993.199951171875,2993.300048828125,2992.800048828125,2993.10009765625,52.0
2025-03-17 08:16:00+00:00,2992.10009765625,2993.199951171875,2991.800048828125,2993.199951171875,133.0
2025-03-17 08:17:00+00:00,2992.0,2992.10009765625,2991.5,2992.10009765625,80.0
2025-03-17 08:18:00+00:00,2991.800048828125,2992.300048828125,2991.60009765625,2992.10009765625,96.0
2025-03-17 08:19:00+00:00,2992.0,2992.39990234375,2991.699951171875,2991.89990234375,81.0
2025-03-17 08:20:00+00:00,2992.89990234375,2992.89990234375,2992.10009765625,2992.10009765625,91.0
2025-03-17 08:21:00+00:00,2993.10009765625,2993.5,2992.89990234375,2992.89990234375,49.0
2025-03-17 08:22:00+00:00,2993.300048828125,2993.5,2993.10009765625,2993.10009765625,16.0
2025-03-17 08:23:00+00:00,2993.699951171875,2994.300048828125,2993.0,2993.5,166.0
2025-03-17 08:24:00+00:00,2993.800048828125,2993.800048828125,2993.39990234375,2993.800048828125,54.0
2025-03-17 08:25:00+00:00,2993.300048828125,2993.699951171875,2993.199951171875,2993.60009765625,42.0
2025-03-17 08:26:00+00:00,2993.699951171875,2993.699951171875,2993.199951171875,2993.199951171875,90.0
2025-03-17 08:27:00+00:00,2994.39990234375,2994.60009765625,2993.60009765625,2993.60009765625,81.0
2025-03-17 08:28:00+00:00,2994.5,2994.89990234375,2994.300048828125,2994.5,78.0
2025-03-17 08:29:00+00:00,2993.699951171875,2994.39990234375,2993.699951171875,2994.39990234375,36.0
2025-03-17 08:30:00+00:00,2993.60009765625,2993.699951171875,2993.300048828125,2993.699951171875,43.0
2025-03-17 08:31:00+00:00,2993.800048828125,2994.0,2993.5,2993.60009765625,52.0
2025-03-17 08:32:00+00:00,2993.699951171875,2994.0,2993.5,2993.89990234375,13.0
2025-03-17 08:33:00+00:00,2994.10009765625,2994.10009765625,2993.60009765625,2993.699951171875,47.0
2025-03-17 08:34:00+00:00,2993.89990234375,2994.199951171875,2993.89990234375,2994.0,27.0
2025-03-17 08:35:00+00:00,2993.699951171875,2994.199951171875,2993.699951171875,2994.0,50.0
2025-03-17 08:36:00+00:00,2994.199951171875,2994.199951171875,2993.39990234375,2993.5,86.0
2025-03-17 08:37:00+00:00,2994.800048828125,2995.0,2994.10009765625,2994.300048828125,122.0
2025-03-17 08:38:00+00:00,2995.10009765625,2995.5,2994.89990234375,2994.89990234375,115.0
2025-03-17 08:39:00+00:00,2994.800048828125,2995.39990234375,2994.800048828125,2995.199951171875,31.0
2025-03-17 08:40:00+00:00,2995.199951171875,2995.199951171875,2994.699951171875,2994.89990234375,57.0
2025-03-17 08:41:00+00:00,2995.60009765625,2995.699951171875,2995.0,2995.199951171875,37.0
2025-03-17 08:42:00+00:00,2995.39990234375,2995.800048828125,2995.300048828125,2995.699951171875,80.0
2025-03-17 08:43:00+00:00,2995.300048828125,2995.800048828125,2995.199951171875,2995.5,73.0
2025-03-17 08:44:00+00:00,2995.5,2995.60009765625,2995.10009765625,2995.10009765625,43.0
2025-03-17 08:45:00+00:00,2995.10009765625,2995.60009765625,2995.10009765625,2995.5,45.0
2025-03-17 08:46:00+00:00,2994.699951171875,2995.199951171875,2994.699951171875,2995.0,28.0
2025-03-17 08:47:00+00:00,2994.800048828125,2994.89990234375,2994.5,2994.60009765625,40.0
2025-03-17 08:48:00+00:00,2994.800048828125,2995.10009765625,2994.60009765625,2994.89990234375,48.0
2025-03-17 08:49:00+00:00,2994.699951171875,2995.0,2994.699951171875,2994.89990234375,14.0
2025-03-17 08:50:00+00:00,2994.5,2994.60009765625,2994.39990234375,2994.60009765625,27.0
2025-03-17 08:51:00+00:00,2994.199951171875,2994.300048828125,2994.0,2994.300048828125,19.0
2025-03-17 08:52:00+00:00,2994.39990234375,2994.39990234375,2994.0,2994.199951171875,18.0
2025-03-17 08:53:00+00:00,2994.10009765625,2994.300048828125,2994.0,2994.300048828125,18.0
2025-03-17 08:54:00+00:00,2994.60009765625,2994.699951171875,2994.199951171875,2994.199951171875,18.0
2025-03-17 08:55:00+00:00,2995.0,2995.199951171875,2994.699951171875,2994.699951171875,53.0
2025-03-17 08:56:00+00:00,2995.0,2995.39990234375,2995.0,2995.199951171875,40.0
2025-03-17 08:57:00+00:00,2995.10009765625,2995.699951171875,2994.800048828125,2994.89990234375,79.0
2025-03-17 08:58:00+00:00,2995.60009765625,2995.800048828125,2995.10009765625,2995.10009765625,116.0
2025-03-17 08:59:00+00:00,2995.800048828125,2995.89990234375,2995.10009765625,2995.60009765625,148.0
2025-03-17 09:00:00+00:00,2995.89990234375,2996.0,2995.60009765625,2995.89990234375,233.0
2025-03-17 09:01:00+00:00,2995.199951171875,2995.800048828125,2995.199951171875,2995.800048828125,70.0
2025-03-17 09:02:00+00:00,2995.300048828125,2995.5,2995.0,2995.10009765625,35.0
2025-03-17 09:03:00+00:00,2995.699951171875,2996.0,2995.5,2995.5,124.0
2025-03-17 09:04:00+00:00,2996.800048828125,2996.800048828125,2995.699951171875,2995.699951171875,86.0
2025-03-17 09:05:00+00:00,2996.800048828125,2997.0,2996.60009765625,2996.699951171875,31.0
2025-03-17 09:06:00+00:00,2997.39990234375,2997.5,2996.89990234375,2996.89990234375,59.0
2025-03-17 09:07:00+00:00,2997.0,2997.39990234375,2996.89990234375,2997.300048828125,56.0
2025-03-17 09:08:00+00:00,2996.699951171875,2996.89990234375,2996.60009765625,2996.89990234375,48.0
2025-03-17 09:09:00+00:00,2996.5,2996.699951171875,2996.5,2996.5,15.0
2025-03-17 09:10:00+00:00,2997.699951171875,2997.699951171875,2996.5,2996.5,119.0
2025-03-17 09:11:00+00:00,2997.800048828125,2998.0,2997.199951171875,2997.60009765625,122.0
2025-03-17 09:12:00+00:00,2998.0,2998.5,2997.800048828125,2997.89990234375,278.0
2025-03-17 09:13:00+00:00,2997.89990234375,2998.0,2997.800048828125,2998.0,31.0
2025-03-17 09:14:00+00:00,2998.300048828125,2998.5,2997.699951171875,2997.800048828125,48.0
2025-03-17 09:15:00+00:00,2998.300048828125,2998.800048828125,2998.199951171875,2998.199951171875,53.0
2025-03-17 09:16:00+00:00,2998.39990234375,2998.60009765625,2998.300048828125,2998.300048828125,37.0
2025-03-17 09:17:00+00:00,2998.199951171875,2998.5,2998.0,2998.39990234375,37.0
2025-03-17 09:18:00+00:00,2998.39990234375,2998.60009765625,2998.0,2998.10009765625,27.0
2025-03-17 09:19:00+00:00,2999.0,2999.10009765625,2998.5,2998.5,57.0
2025-03-17 09:20:00+00:00,2998.89990234375,2999.39990234375,2998.89990234375,2998.89990234375,77.0
2025-03-17 09:21:00+00:00,3000.10009765625,3000.199951171875,2998.699951171875,2999.0,149.0
2025-03-17 09:22:00+00:00,2999.10009765625,3000.199951171875,2998.800048828125,3000.10009765625,161.0
2025-03-17 09:23:00+00:00,2999.199951171875,2999.60009765625,2998.60009765625,2999.0,462.0
2025-03-17 09:24:00+00:00,2999.39990234375,2999.699951171875,2998.800048828125,2999.199951171875,201.0
2025-03-17 09:25:00+00:00,3000.699951171875,3000.699951171875,2999.39990234375,2999.39990234375,187.0
2025-03-17 09:26:00+00:00,3000.800048828125,3000.89990234375,3000.39990234375,3000.800048828125,55.0
2025-03-17 09:27:00+00:00,3000.39990234375,3000.89990234375,3000.199951171875,3000.800048828125,71.0
2025-03-17 09:28:00+00:00,3000.800048828125,3000.800048828125,3000.5,3000.5,56.0
2025-03-17 09:29:00+00:00,3000.60009765625,3000.800048828125,3000.39990234375,3000.699951171875,52.0
2025-03-17 09:30:00+00:00,3000.5,3000.5,3000.5,3000.5,1.0
2025-03-17 09:40:00+00:00,3002.39990234375,3003.0,3002.199951171875,3002.699951171875,1168.0
2025-03-17 09:41:00+00:00,3002.89990234375,3003.0,3002.199951171875,3002.39990234375,103.0
2025-03-17 09:42:00+00:00,3003.199951171875,3003.199951171875,3002.60009765625,3002.800048828125,82.0
2025-03-17 09:43:00+00:00,3002.5,3003.0,3001.89990234375,3003.0,159.0
2025-03-17 09:44:00+00:00,3003.300048828125,3003.39990234375,3002.60009765625,3002.60009765625,46.0
2025-03-17 09:45:00+00:00,3003.0,3003.39990234375,3002.89990234375,3003.199951171875,72.0
2025-03-17 09:46:00+00:00,3003.0,3003.300048828125,3002.89990234375,3003.10009765625,62.0
2025-03-17 09:47:00+00:00,3003.5,3003.800048828125,3002.89990234375,3003.0,100.0
2025-03-17 09:48:00+00:00,3003.800048828125,3004.0,3003.39990234375,3003.60009765625,146.0
2025-03-17 09:49:00+00:00,3003.39990234375,3004.0,3003.10009765625,3003.699951171875,218.0
2025-03-17 09:50:00+00:00,3003.5,3003.5,3003.10009765625,3003.39990234375,60.0
2025-03-17 09:51:00+00:00,3003.199951171875,3003.5,3003.10009765625,3003.300048828125,146.0
2025-03-17 09:52:00+00:00,3003.60009765625,3003.699951171875,3003.0,3003.199951171875,129.0
2025-03-17 09:53:00+00:00,3004.10009765625,3004.199951171875,3003.39990234375,3003.60009765625,152.0
2025-03-17 09:54:00+00:00,3003.60009765625,3004.10009765625,3003.39990234375,3004.10009765625,64.0
2025-03-17 09:55:00+00:00,3003.5,3003.699951171875,3003.199951171875,3003.60009765625,62.0
2025-03-17 09:56:00+00:00,3003.0,3003.60009765625,3002.699951171875,3003.300048828125,117.0
2025-03-17 09:57:00+00:00,3002.800048828125,3003.10009765625,3002.39990234375,3003.0,123.0
2025-03-17 09:58:00+00:00,3003.199951171875,3003.300048828125,3002.5,3002.800048828125,76.0
2025-03-17 09:59:00+00:00,3003.10009765625,3003.699951171875,3003.0,3003.300048828125,68.0
2025-03-17 10:00:00+00:00,3003.800048828125,3004.0,3003.39990234375,3003.39990234375,69.0
2025-03-17 10:01:00+00:00,3004.39990234375,3004.5,3003.699951171875,3003.800048828125,82.0
2025-03-17 10:02:00+00:00,3003.89990234375,3004.300048828125,3003.699951171875,3004.300048828125,91.0
2025-03-17 10:03:00+00:00,3004.300048828125,3004.5,3003.60009765625,3003.60009765625,69.0
2025-03-17 10:04:00+00:00,3004.699951171875,3004.699951171875,3004.0,3004.199951171875,89.0
2025-03-17 10:05:00+00:00,3004.800048828125,3005.0,3004.5,3004.699951171875,85.0
2025-03-17 10:06:00+00:00,3004.699951171875,3005.0,3004.199951171875,3004.800048828125,71.0
2025-03-17 10:07:00+00:00,3004.89990234375,3005.199951171875,3004.5,3004.800048828125,57.0
2025-03-17 10:08:00+00:00,3004.39990234375,3005.10009765625,3004.39990234375,3005.0,59.0
2025-03-17 10:09:00+00:00,3004.39990234375,3005.0,3004.39990234375,3004.39990234375,59.0
2025-03-17 10:10:00+00:00,3004.10009765625,3004.5,3004.0,3004.39990234375,57.0
2025-03-17 10:11:00+00:00,3004.60009765625,3004.699951171875,3004.199951171875,3004.300048828125,78.0
2025-03-17 10:12:00+00:00,3004.39990234375,3004.60009765625,3004.300048828125,3004.60009765625,9.0
2025-03-17 10:13:00+00:00,3004.0,3004.199951171875,3003.89990234375,3004.199951171875,70.0
2025-03-17 10:14:00+00:00,3004.5,3004.60009765625,3004.0,3004.0,32.0
2025-03-17 10:15:00+00:00,3004.39990234375,3004.60009765625,3004.300048828125,3004.5,54.0
2025-03-17 10:16:00+00:00,3004.300048828125,3004.60009765625,3004.0,3004.199951171875,39.0
2025-03-17 10:17:00+00:00,3004.60009765625,3004.60009765625,3004.0,3004.39990234375,23.0
2025-03-17 10:18:00+00:00,3004.39990234375,3004.60009765625,3004.39990234375,3004.5,15.0
2025-03-17 10:19:00+00:00,3004.800048828125,3005.199951171875,3004.39990234375,3004.5,150.0
2025-03-17 10:20:00+00:00,3004.699951171875,3005.39990234375,3004.699951171875,3004.89990234375,78.0
2025-03-17 10:21:00+00:00,3004.699951171875,3004.89990234375,3004.5,3004.699951171875,31.0
2025-03-17 10:22:00+00:00,3004.60009765625,3004.699951171875,3004.60009765625,3004.699951171875,5.0
2025-03-17 10:23:00+00:00,3004.10009765625,3004.39990234375,3003.89990234375,3004.39990234375,51.0
2025-03-17 10:24:00+00:00,3003.199951171875,3004.0,3003.10009765625,3003.89990234375,105.0
2025-03-17 10:25:00+00:00,3003.699951171875,3003.800048828125,3003.10009765625,3003.10009765625,43.0
2025-03-17 10:26:00+00:00,3003.89990234375,3004.300048828125,3003.60009765625,3003.699951171875,52.0
2025-03-17 10:27:00+00:00,3004.699951171875,3004.800048828125,3004.0,3004.0,60.0
2025-03-17 10:28:00+00:00,3004.300048828125,3004.60009765625,3004.300048828125,3004.60009765625,54.0
2025-03-17 10:29:00+00:00,3003.199951171875,3004.300048828125,3003.199951171875,3004.300048828125,58.0
2025-03-17 10:30:00+00:00,3003.300048828125,3003.39990234375,3002.60009765625,3003.199951171875,157.0
2025-03-17 10:31:00+00:00,3003.89990234375,3004.10009765625,3003.199951171875,3003.39990234375,202.0
2025-03-17 10:32:00+00:00,3004.699951171875,3004.699951171875,3003.60009765625,3003.800048828125,61.0
2025-03-17 10:33:00+00:00,3004.10009765625,3004.89990234375,3004.0,3004.800048828125,33.0
2025-03-17 10:34:00+00:00,3004.199951171875,3004.5,3004.0,3004.0,30.0
2025-03-17 10:35:00+00:00,3004.0,3004.300048828125,3003.89990234375,3004.10009765625,34.0
2025-03-17 10:36:00+00:00,3004.60009765625,3004.60009765625,3003.699951171875,3004.0,71.0
2025-03-17 10:37:00+00:00,3004.699951171875,3004.89990234375,3004.5,3004.60009765625,40.0
2025-03-17 10:38:00+00:00,3004.199951171875,3004.800048828125,3004.0,3004.800048828125,92.0
2025-03-17 10:39:00+00:00,3004.10009765625,3004.60009765625,3004.10009765625,3004.39990234375,31.0
2025-03-17 10:40:00+00:00,3004.39990234375,3004.699951171875,3004.0,3004.10009765625,30.0
2025-03-17 10:41:00+00:00,3004.800048828125,3005.300048828125,3004.39990234375,3004.39990234375,151.0
2025-03-17 10:42:00+00:00,3005.89990234375,3006.199951171875,3004.800048828125,3004.800048828125,432.0
2025-03-17 10:43:00+00:00,3005.39990234375,3006.10009765625,3005.39990234375,3005.89990234375,55.0
2025-03-17 10:44:00+00:00,3004.89990234375,3005.39990234375,3004.39990234375,3005.39990234375,88.0
2025-03-17 10:45:00+00:00,3004.800048828125,3004.89990234375,3004.800048828125,3004.89990234375,8.0
2025-03-17 10:46:00+00:00,3004.89990234375,3005.10009765625,3004.699951171875,3004.89990234375,16.0
2025-03-17 10:47:00+00:00,3005.60009765625,3006.0,3005.0,3005.0,112.0
2025-03-17 10:48:00+00:00,3006.0,3006.0,3005.699951171875,3005.699951171875,20.0
2025-03-17 10:49:00+00:00,3006.0,3006.10009765625,3005.699951171875,3006.10009765625,39.0
2025-03-17 10:50:00+00:00,3005.800048828125,3006.300048828125,3005.60009765625,3006.0,69.0
2025-03-17 10:51:00+00:00,3006.0,3006.0,3005.199951171875,3005.800048828125,77.0
2025-03-17 10:52:00+00:00,3005.39990234375,3006.10009765625,3005.300048828125,3006.10009765625,36.0
2025-03-17 10:53:00+00:00,3006.0,3006.0,3005.10009765625,3005.300048828125,48.0
2025-03-17 10:54:00+00:00,3006.60009765625,3006.800048828125,3006.10009765625,3006.10009765625,70.0
2025-03-17 10:55:00+00:00,3006.800048828125,3007.0,3006.300048828125,3006.60009765625,98.0
2025-03-17 10:56:00+00:00,3007.10009765625,3007.10009765625,3006.5,3006.800048828125,55.0
2025-03-17 10:57:00+00:00,3006.300048828125,3007.39990234375,3006.199951171875,3007.0,101.0
2025-03-17 10:58:00+00:00,3005.89990234375,3006.699951171875,3005.89990234375,3006.300048828125,65.0
2025-03-17 10:59:00+00:00,3007.0,3007.10009765625,3006.0,3006.0,39.0
2025-03-17 11:00:00+00:00,3007.5,3007.5,3006.699951171875,3007.0,90.0
2025-03-17 11:01:00+00:00,3007.300048828125,3007.5,3007.0,3007.5,68.0
2025-03-17 11:02:00+00:00,3007.60009765625,3008.0,3007.300048828125,3007.39990234375,174.0
2025-03-17 11:03:00+00:00,3007.39990234375,3007.800048828125,3007.39990234375,3007.5,53.0
2025-03-17 11:04:00+00:00,3007.5,3007.699951171875,3007.300048828125,3007.39990234375,31.0
2025-03-17 11:05:00+00:00,3007.5,3007.699951171875,3007.300048828125,3007.5,62.0
2025-03-17 11:06:00+00:00,3007.300048828125,3007.699951171875,3007.199951171875,3007.39990234375,84.0
2025-03-17 11:07:00+00:00,3006.800048828125,3007.5,3006.5,3007.300048828125,1508.0
2025-03-17 11:08:00+00:00,3007.0,3007.199951171875,3006.699951171875,3006.800048828125,112.0
2025-03-17 11:09:00+00:00,3006.5,3006.89990234375,3006.5,3006.89990234375,59.0
2025-03-17 11:10:00+00:00,3006.89990234375,3007.10009765625,3006.300048828125,3006.5,130.0
2025-03-17 11:11:00+00:00,3006.699951171875,3007.199951171875,3006.39990234375,3006.89990234375,112.0
2025-03-17 11:12:00+00:00,3007.39990234375,3007.699951171875,3006.800048828125,3006.800048828125,149.0
2025-03-17 11:13:00+00:00,3007.800048828125,3008.10009765625,3007.39990234375,3007.39990234375,115.0
2025-03-17 11:14:00+00:00,3008.199951171875,3008.199951171875,3007.60009765625,3007.699951171875,115.0
2025-03-17 11:15:00+00:00,3008.10009765625,3008.5,3007.300048828125,3008.0,342.0
2025-03-17 11:16:00+00:00,3008.199951171875,3008.199951171875,3008.0,3008.10009765625,45.0
2025-03-17 11:17:00+00:00,3008.10009765625,3008.60009765625,3008.0,3008.10009765625,111.0
2025-03-17 11:18:00+00:00,3008.10009765625,3008.10009765625,3007.89990234375,3008.10009765625,26.0
2025-03-17 11:19:00+00:00,3007.699951171875,3008.0,3007.60009765625,3008.0,20.0
2025-03-17 11:20:00+00:00,3008.199951171875,3008.199951171875,3007.60009765625,3007.699951171875,49.0
2025-03-17 11:21:00+00:00,3008.699951171875,3009.0,3007.89990234375,3008.10009765625,146.0
2025-03-17 11:22:00+00:00,3008.800048828125,3009.0,3008.39990234375,3008.89990234375,111.0
2025-03-17 11:23:00+00:00,3008.800048828125,3008.89990234375,3008.699951171875,3008.800048828125,24.0
2025-03-17 11:24:00+00:00,3007.800048828125,3008.89990234375,3007.800048828125,3008.89990234375,115.0
2025-03-17 11:25:00+00:00,3007.699951171875,3008.0,3007.60009765625,3007.800048828125,50.0
2025-03-17 11:26:00+00:00,3007.89990234375,3008.10009765625,3007.60009765625,3007.699951171875,86.0
2025-03-17 11:27:00+00:00,3007.800048828125,3008.0,3007.800048828125,3007.89990234375,11.0
2025-03-17 11:28:00+00:00,3007.89990234375,3008.0,3007.60009765625,3007.89990234375,33.0
2025-03-17 11:29:00+00:00,3007.89990234375,3008.10009765625,3007.89990234375,3008.0,8.0
2025-03-17 11:30:00+00:00,3007.89990234375,3008.39990234375,3007.89990234375,3007.89990234375,62.0
2025-03-17 11:31:00+00:00,3008.10009765625,3008.39990234375,3008.0,3008.0,31.0
2025-03-17 11:32:00+00:00,3008.0,3008.300048828125,3008.0,3008.199951171875,41.0
2025-03-17 11:33:00+00:00,3007.89990234375,3008.300048828125,3007.89990234375,3008.199951171875,28.0
2025-03-17 11:34:00+00:00,3007.60009765625,3007.89990234375,3006.800048828125,3007.89990234375,244.0
2025-03-17 11:35:00+00:00,3007.5,3007.800048828125,3007.300048828125,3007.5,64.0
2025-03-17 11:36:00+00:00,3007.5,3007.60009765625,3007.199951171875,3007.5,52.0
2025-03-17 11:37:00+00:00,3008.300048828125,3008.5,3007.60009765625,3007.60009765625,68.0
2025-03-17 11:38:00+00:00,3008.0,3008.39990234375,3007.800048828125,3008.300048828125,94.0
2025-03-17 11:39:00+00:00,3007.5,3008.0,3007.199951171875,3007.800048828125,134.0
2025-03-17 11:40:00+00:00,3006.39990234375,3007.60009765625,3006.300048828125,3007.60009765625,198.0
2025-03-17 11:41:00+00:00,3006.300048828125,3006.5,3005.89990234375,3006.300048828125,242.0
2025-03-17 11:42:00+00:00,3007.300048828125,3007.699951171875,3006.0,3006.5,114.0
2025-03-17 11:43:00+00:00,3007.60009765625,3007.699951171875,3006.199951171875,3007.300048828125,116.0
2025-03-17 11:44:00+00:00,3008.39990234375,3008.39990234375,3007.10009765625,3007.60009765625,172.0
2025-03-17 11:45:00+00:00,3009.0,3009.300048828125,3008.0,3008.300048828125,132.0
2025-03-17 11:46:00+00:00,3008.800048828125,3009.39990234375,3008.39990234375,3009.0,86.0
2025-03-17 11:47:00+00:00,3008.39990234375,3008.699951171875,3008.199951171875,3008.699951171875,59.0
2025-03-17 11:48:00+00:00,3008.300048828125,3008.60009765625,3008.199951171875,3008.39990234375,35.0
2025-03-17 11:49:00+00:00,3008.199951171875,3008.39990234375,3008.10009765625,3008.300048828125,18.0
2025-03-17 11:50:00+00:00,3007.5,3008.0,3007.199951171875,3008.0,64.0
2025-03-17 11:51:00+00:00,3007.39990234375,3007.5,3007.199951171875,3007.300048828125,12.0
2025-03-17 11:52:00+00:00,3005.60009765625,3007.800048828125,3005.60009765625,3007.39990234375,176.0
2025-03-17 11:53:00+00:00,3004.699951171875,3006.199951171875,3004.5,3005.60009765625,256.0
2025-03-17 11:54:00+00:00,3005.800048828125,3005.800048828125,3004.60009765625,3004.60009765625,129.0
2025-03-17 11:55:00+00:00,3005.699951171875,3006.60009765625,3005.699951171875,3005.89990234375,100.0
2025-03-17 11:56:00+00:00,3006.10009765625,3006.10009765625,3005.800048828125,3005.800048828125,23.0
2025-03-17 11:57:00+00:00,3006.699951171875,3006.699951171875,3006.199951171875,3006.199951171875,52.0
2025-03-17 11:58:00+00:00,3007.0,3007.199951171875,3006.60009765625,3006.800048828125,74.0
2025-03-17 11:59:00+00:00,3005.39990234375,3006.699951171875,3004.89990234375,3006.699951171875,217.0
2025-03-17 12:00:00+00:00,3005.300048828125,3005.60009765625,3005.199951171875,3005.5,245.0
2025-03-17 12:01:00+00:00,3005.199951171875,3005.60009765625,3005.10009765625,3005.199951171875,68.0
2025-03-17 12:02:00+00:00,3004.199951171875,3005.10009765625,3003.89990234375,3005.10009765625,163.0
2025-03-17 12:03:00+00:00,3003.89990234375,3004.60009765625,3003.60009765625,3004.300048828125,133.0
2025-03-17 12:04:00+00:00,3004.699951171875,3004.800048828125,3003.89990234375,3003.89990234375,58.0
2025-03-17 12:05:00+00:00,3003.300048828125,3004.800048828125,3002.60009765625,3004.5,264.0
2025-03-17 12:06:00+00:00,3002.300048828125,3004.0,3002.199951171875,3003.39990234375,270.0
2025-03-17 12:07:00+00:00,3002.300048828125,3002.39990234375,3001.199951171875,3002.300048828125,391.0
2025-03-17 12:08:00+00:00,3001.10009765625,3002.300048828125,2999.800048828125,3002.300048828125,445.0
2025-03-17 12:09:00+00:00,3001.300048828125,3002.0,3001.199951171875,3001.39990234375,133.0
2025-03-17 12:10:00+00:00,3001.800048828125,3002.0,3000.199951171875,3001.5,278.0
2025-03-17 12:11:00+00:00,3001.10009765625,3002.5,3000.89990234375,3001.89990234375,193.0
2025-03-17 12:12:00+00:00,2998.89990234375,3001.199951171875,2998.699951171875,3001.10009765625,537.0
2025-03-17 12:13:00+00:00,3000.0,3000.39990234375,2998.5,2998.89990234375,321.0
2025-03-17 12:14:00+00:00,2998.699951171875,2999.89990234375,2997.39990234375,2999.89990234375,358.0
2025-03-17 12:15:00+00:00,2996.60009765625,2999.5,2995.5,2998.699951171875,784.0
2025-03-17 12:16:00+00:00,2996.10009765625,2997.5,2995.39990234375,2996.699951171875,350.0
2025-03-17 12:17:00+00:00,2995.89990234375,2996.89990234375,2995.300048828125,2996.10009765625,252.0
2025-03-17 12:18:00+00:00,2995.39990234375,2996.0,2993.39990234375,2995.89990234375,621.0
2025-03-17 12:19:00+00:00,2996.60009765625,2997.0,2995.5,2995.60009765625,316.0
2025-03-17 12:20:00+00:00,2996.0,2996.39990234375,2994.39990234375,2996.39990234375,580.0
2025-03-17 12:21:00+00:00,2994.699951171875,2996.10009765625,2994.699951171875,2995.89990234375,514.0
2025-03-17 12:22:00+00:00,2994.199951171875,2995.199951171875,2994.0,2994.699951171875,429.0
2025-03-17 12:23:00+00:00,2993.10009765625,2994.5,2992.800048828125,2994.199951171875,986.0
2025-03-17 12:24:00+00:00,2995.800048828125,2996.199951171875,2992.89990234375,2993.0,657.0
2025-03-17 12:25:00+00:00,2998.10009765625,2998.199951171875,2995.800048828125,2995.800048828125,686.0
2025-03-17 12:26:00+00:00,3000.39990234375,3000.5,2997.800048828125,2998.300048828125,857.0
2025-03-17 12:27:00+00:00,3000.800048828125,3001.300048828125,2999.60009765625,3000.300048828125,575.0
2025-03-17 12:28:00+00:00,3000.5,3002.5,3000.199951171875,3000.60009765625,571.0
2025-03-17 12:29:00+00:00,3001.0,3001.199951171875,2999.800048828125,3000.39990234375,139.0
2025-03-17 12:30:00+00:00,3000.5,3003.10009765625,2998.39990234375,3001.10009765625,764.0
2025-03-17 12:31:00+00:00,3000.60009765625,3000.60009765625,2999.5,3000.5,234.0
2025-03-17 12:32:00+00:00,2999.89990234375,3001.0,2999.5,3000.39990234375,165.0
2025-03-17 12:33:00+00:00,2998.800048828125,2999.89990234375,2998.300048828125,2999.800048828125,276.0
2025-03-17 12:34:00+00:00,2999.5,2999.5,2998.0,2998.800048828125,184.0
2025-03-17 12:35:00+00:00,2998.89990234375,3000.5,2998.60009765625,2999.39990234375,248.0
2025-03-17 12:36:00+00:00,2999.60009765625,2999.800048828125,2998.60009765625,2998.800048828125,115.0
2025-03-17 12:37:00+00:00,3000.300048828125,3000.5,2999.0,2999.5,139.0
2025-03-17 12:38:00+00:00,3001.300048828125,3001.60009765625,3000.199951171875,3000.60009765625,177.0
2025-03-17 12:39:00+00:00,3001.5,3001.800048828125,3001.10009765625,3001.300048828125,199.0
2025-03-17 12:40:00+00:00,3001.39990234375,3001.60009765625,3001.199951171875,3001.39990234375,180.0
2025-03-17 12:41:00+00:00,3001.5,3002.300048828125,3001.199951171875,3001.39990234375,202.0
2025-03-17 12:42:00+00:00,3000.39990234375,3001.800048828125,3000.10009765625,3001.5,406.0
2025-03-17 12:43:00+00:00,3000.0,3000.699951171875,2999.60009765625,3000.39990234375,235.0
2025-03-17 12:44:00+00:00,2999.199951171875,3000.10009765625,2998.800048828125,2999.800048828125,299.0
2025-03-17 12:45:00+00:00,3000.0,3000.0,2998.699951171875,2999.39990234375,164.0
2025-03-17 12:46:00+00:00,2999.5,3000.300048828125,2999.5,3000.10009765625,174.0
2025-03-17 12:47:00+00:00,2999.199951171875,3000.39990234375,2999.199951171875,2999.60009765625,147.0
2025-03-17 12:48:00+00:00,2995.300048828125,2999.199951171875,2995.10009765625,2999.199951171875,710.0
2025-03-17 12:49:00+00:00,2995.0,2995.39990234375,2991.60009765625,2995.199951171875,1439.0
2025-03-17 12:50:00+00:00,2993.60009765625,2995.0,2992.39990234375,2995.0,407.0
2025-03-17 12:51:00+00:00,2994.800048828125,2995.60009765625,2993.5,2993.800048828125,340.0
2025-03-17 12:52:00+00:00,2994.0,2994.800048828125,2993.0,2994.800048828125,448.0
2025-03-17 12:53:00+00:00,2993.0,2994.39990234375,2992.300048828125,2993.89990234375,463.0
2025-03-17 12:54:00+00:00,2992.5,2993.800048828125,2992.199951171875,2992.89990234375,274.0
2025-03-17 12:55:00+00:00,2993.89990234375,2994.10009765625,2991.89990234375,2992.699951171875,505.0
2025-03-17 12:56:00+00:00,2995.0,2995.300048828125,2993.199951171875,2993.800048828125,243.0
2025-03-17 12:57:00+00:00,2994.699951171875,2995.0,2993.89990234375,2995.0,209.0
2025-03-17 12:58:00+00:00,2995.10009765625,2995.300048828125,2994.199951171875,2994.5,134.0
2025-03-17 12:59:00+00:00,2994.39990234375,2995.699951171875,2994.39990234375,2995.199951171875,183.0
2025-03-17 13:00:00+00:00,2995.300048828125,2995.5,2994.300048828125,2994.699951171875,399.0
2025-03-17 13:01:00+00:00,2996.0,2996.0,2994.800048828125,2995.300048828125,324.0
2025-03-17 13:02:00+00:00,2995.39990234375,2997.0,2995.300048828125,2996.10009765625,462.0
2025-03-17 13:03:00+00:00,2994.60009765625,2996.10009765625,2994.199951171875,2995.39990234375,272.0
2025-03-17 13:04:00+00:00,2996.699951171875,2997.0,2994.199951171875,2994.5,235.0
2025-03-17 13:05:00+00:00,2995.60009765625,2997.300048828125,2995.60009765625,2996.60009765625,189.0
2025-03-17 13:06:00+00:00,2995.699951171875,2996.199951171875,2994.39990234375,2995.89990234375,82.0
2025-03-17 13:07:00+00:00,2996.199951171875,2996.699951171875,2995.199951171875,2995.60009765625,145.0
2025-03-17 13:08:00+00:00,2994.699951171875,2996.89990234375,2994.699951171875,2996.199951171875,156.0
2025-03-17 13:09:00+00:00,2996.199951171875,2996.199951171875,2994.800048828125,2994.89990234375,365.0
2025-03-17 13:10:00+00:00,2996.10009765625,2996.60009765625,2995.800048828125,2996.39990234375,147.0
2025-03-17 13:11:00+00:00,2997.60009765625,2997.800048828125,2996.300048828125,2996.300048828125,136.0
2025-03-17 13:12:00+00:00,2996.199951171875,2998.39990234375,2996.199951171875,2997.699951171875,238.0
2025-03-17 13:13:00+00:00,2996.60009765625,2997.300048828125,2996.0,2996.39990234375,177.0
2025-03-17 13:14:00+00:00,2996.800048828125,2996.800048828125,2995.89990234375,2996.5,105.0
2025-03-17 13:15:00+00:00,2995.300048828125,2997.199951171875,2995.199951171875,2996.699951171875,133.0
2025-03-17 13:16:00+00:00,2996.300048828125,2996.300048828125,2994.60009765625,2995.39990234375,188.0
2025-03-17 13:17:00+00:00,2996.5,2996.5,2995.699951171875,2996.300048828125,37.0
2025-03-17 13:18:00+00:00,2995.300048828125,2996.89990234375,2995.0,2996.699951171875,152.0
2025-03-17 13:19:00+00:00,2996.39990234375,2996.39990234375,2994.800048828125,2995.10009765625,1104.0
2025-03-17 13:20:00+00:00,2997.199951171875,2997.39990234375,2996.300048828125,2996.39990234375,403.0
2025-03-17 13:21:00+00:00,2997.39990234375,2998.199951171875,2997.0,2997.300048828125,178.0
2025-03-17 13:22:00+00:00,2996.60009765625,2997.300048828125,2996.10009765625,2997.199951171875,105.0
2025-03-17 13:23:00+00:00,2996.0,2996.89990234375,2996.0,2996.699951171875,109.0
2025-03-17 13:24:00+00:00,2996.39990234375,2996.89990234375,2996.0,2996.199951171875,51.0
2025-03-17 13:25:00+00:00,2995.0,2996.5,2994.89990234375,2996.300048828125,120.0
2025-03-17 13:26:00+00:00,2995.300048828125,2995.60009765625,2994.10009765625,2995.10009765625,241.0
2025-03-17 13:27:00+00:00,2996.0,2996.300048828125,2995.300048828125,2995.300048828125,68.0
2025-03-17 13:28:00+00:00,2995.5,2996.60009765625,2995.300048828125,2995.800048828125,93.0
2025-03-17 13:29:00+00:00,2994.699951171875,2995.699951171875,2994.60009765625,2995.39990234375,82.0
2025-03-17 13:30:00+00:00,2997.0,2997.0,2994.5,2994.800048828125,162.0
2025-03-17 13:31:00+00:00,2998.300048828125,2998.300048828125,2996.800048828125,2996.89990234375,210.0
2025-03-17 13:32:00+00:00,2996.60009765625,2999.0,2996.60009765625,2998.39990234375,679.0
2025-03-17 13:33:00+00:00,2996.60009765625,2997.0,2996.10009765625,2996.60009765625,334.0
2025-03-17 13:34:00+00:00,2995.10009765625,2996.800048828125,2995.10009765625,2996.5,224.0
2025-03-17 13:35:00+00:00,2995.0,2996.699951171875,2995.0,2995.199951171875,172.0
2025-03-17 13:36:00+00:00,2993.800048828125,2995.300048828125,2993.39990234375,2995.0,357.0
2025-03-17 13:37:00+00:00,2995.300048828125,2995.800048828125,2993.199951171875,2993.800048828125,349.0
2025-03-17 13:38:00+00:00,2995.699951171875,2996.39990234375,2994.800048828125,2995.300048828125,353.0
2025-03-17 13:39:00+00:00,2994.60009765625,2996.0,2994.60009765625,2995.60009765625,161.0
2025-03-17 13:40:00+00:00,2994.800048828125,2995.300048828125,2994.300048828125,2994.5,312.0
2025-03-17 13:41:00+00:00,2996.60009765625,2997.5,2994.89990234375,2994.89990234375,765.0
2025-03-17 13:42:00+00:00,2996.5,2997.10009765625,2995.5,2996.800048828125,399.0
2025-03-17 13:43:00+00:00,2996.5,2996.699951171875,2995.89990234375,2996.10009765625,57.0
2025-03-17 13:44:00+00:00,2997.0,2997.800048828125,2996.60009765625,2996.60009765625,201.0
2025-03-17 13:45:00+00:00,2995.800048828125,2998.300048828125,2995.800048828125,2997.0,521.0
2025-03-17 13:46:00+00:00,2994.89990234375,2996.0,2994.300048828125,2995.800048828125,537.0
2025-03-17 13:47:00+00:00,2996.5,2997.300048828125,2994.699951171875,2994.800048828125,463.0
2025-03-17 13:48:00+00:00,2997.199951171875,2997.699951171875,2996.39990234375,2996.39990234375,122.0
2025-03-17 13:49:00+00:00,2996.39990234375,2997.60009765625,2995.89990234375,2997.300048828125,171.0
2025-03-17 13:50:00+00:00,2996.699951171875,2996.800048828125,2995.800048828125,2996.199951171875,100.0
2025-03-17 13:51:00+00:00,2998.60009765625,2998.699951171875,2996.800048828125,2996.800048828125,240.0
2025-03-17 13:52:00+00:00,2998.10009765625,2999.199951171875,2996.800048828125,2998.39990234375,964.0
2025-03-17 13:53:00+00:00,2997.699951171875,2998.10009765625,2997.39990234375,2998.10009765625,99.0
2025-03-17 13:54:00+00:00,2997.39990234375,2998.300048828125,2997.300048828125,2997.699951171875,106.0
2025-03-17 13:55:00+00:00,2997.10009765625,2997.699951171875,2996.89990234375,2997.300048828125,191.0
2025-03-17 13:56:00+00:00,2997.699951171875,2998.0,2997.0,2997.199951171875,124.0
2025-03-17 13:57:00+00:00,2997.199951171875,2997.699951171875,2997.0,2997.60009765625,171.0
2025-03-17 13:58:00+00:00,2997.199951171875,2997.39990234375,2996.89990234375,2997.0,80.0
2025-03-17 13:59:00+00:00,2996.199951171875,2997.10009765625,2996.10009765625,2997.0,203.0
2025-03-17 14:00:00+00:00,2995.699951171875,2996.699951171875,2994.800048828125,2996.0,377.0
2025-03-17 14:01:00+00:00,2997.800048828125,2998.699951171875,2995.300048828125,2995.60009765625,1047.0
2025-03-17 14:02:00+00:00,2998.300048828125,2998.699951171875,2997.5,2997.60009765625,236.0
2025-03-17 14:03:00+00:00,2998.10009765625,2998.800048828125,2998.10009765625,2998.5,121.0
2025-03-17 14:04:00+00:00,2999.699951171875,2999.800048828125,2998.10009765625,2998.300048828125,375.0
2025-03-17 14:05:00+00:00,3000.5,3001.0,2999.699951171875,2999.699951171875,367.0
2025-03-17 14:06:00+00:00,3000.0,3001.10009765625,2999.199951171875,3000.60009765625,389.0
2025-03-17 14:07:00+00:00,3000.300048828125,3000.39990234375,2999.0,2999.800048828125,428.0
2025-03-17 14:08:00+00:00,3000.0,3000.89990234375,2999.5,3000.199951171875,170.0
2025-03-17 14:09:00+00:00,3000.300048828125,3000.5,2999.699951171875,2999.89990234375,111.0
2025-03-17 14:10:00+00:00,3000.0,3001.0,2999.5,3000.5,198.0
2025-03-17 14:11:00+00:00,2999.0,3000.0,2998.60009765625,2999.89990234375,247.0
2025-03-17 14:12:00+00:00,2999.300048828125,2999.800048828125,2998.699951171875,2998.800048828125,245.0
2025-03-17 14:13:00+00:00,3001.5,3001.5,2999.199951171875,2999.300048828125,308.0
2025-03-17 14:14:00+00:00,3001.199951171875,3001.699951171875,3001.0,3001.39990234375,122.0
2025-03-17 14:15:00+00:00,3001.89990234375,3002.39990234375,3000.800048828125,3001.199951171875,438.0
2025-03-17 14:16:00+00:00,3001.699951171875,3002.199951171875,3001.10009765625,3002.0,272.0
2025-03-17 14:17:00+00:00,3001.39990234375,3001.60009765625,3001.0,3001.300048828125,104.0
2025-03-17 14:18:00+00:00,3001.199951171875,3002.10009765625,3001.10009765625,3001.199951171875,163.0
2025-03-17 14:19:00+00:00,3001.800048828125,3002.300048828125,3001.39990234375,3001.39990234375,202.0
2025-03-17 14:20:00+00:00,3001.5,3002.300048828125,3001.5,3001.89990234375,175.0
2025-03-17 14:21:00+00:00,3002.60009765625,3003.39990234375,3001.300048828125,3001.5,284.0
2025-03-17 14:22:00+00:00,3003.199951171875,3003.39990234375,3002.5,3002.800048828125,160.0
2025-03-17 14:23:00+00:00,3003.10009765625,3003.60009765625,3001.800048828125,3003.10009765625,402.0
2025-03-17 14:24:00+00:00,3003.5,3003.89990234375,3003.10009765625,3003.39990234375,112.0
2025-03-17 14:25:00+00:00,3002.800048828125,3003.60009765625,3002.60009765625,3003.5,128.0
2025-03-17 14:26:00+00:00,3003.699951171875,3004.800048828125,3002.800048828125,3002.800048828125,583.0
2025-03-17 14:27:00+00:00,3004.699951171875,3005.39990234375,3003.60009765625,3003.699951171875,632.0
2025-03-17 14:28:00+00:00,3005.0,3005.10009765625,3004.199951171875,3004.699951171875,158.0
2025-03-17 14:29:00+00:00,3006.199951171875,3006.300048828125,3004.699951171875,3005.10009765625,512.0
2025-03-17 14:30:00+00:00,3006.39990234375,3006.89990234375,3005.60009765625,3006.199951171875,374.0
2025-03-17 14:31:00+00:00,3005.800048828125,3006.89990234375,3005.60009765625,3006.5,244.0
2025-03-17 14:32:00+00:00,3005.800048828125,3006.10009765625,3005.5,3005.699951171875,256.0
2025-03-17 14:33:00+00:00,3005.10009765625,3006.0,3005.10009765625,3005.800048828125,195.0
2025-03-17 14:34:00+00:00,3004.5,3005.199951171875,3003.800048828125,3005.10009765625,365.0
2025-03-17 14:35:00+00:00,3005.699951171875,3005.89990234375,3003.699951171875,3004.300048828125,211.0
2025-03-17 14:36:00+00:00,3005.60009765625,3006.300048828125,3005.0,3005.89990234375,221.0
2025-03-17 14:37:00+00:00,3006.60009765625,3006.800048828125,3004.89990234375,3005.5,239.0
2025-03-17 14:38:00+00:00,3006.39990234375,3006.5,3005.39990234375,3006.39990234375,165.0
2025-03-17 14:39:00+00:00,3006.39990234375,3006.699951171875,3006.300048828125,3006.5,84.0
2025-03-17 14:40:00+00:00,3006.300048828125,3006.60009765625,3006.0,3006.5,120.0
2025-03-17 14:41:00+00:00,3005.699951171875,3006.699951171875,3005.39990234375,3006.300048828125,141.0
2025-03-17 14:42:00+00:00,3006.5,3006.60009765625,3005.60009765625,3005.60009765625,111.0
2025-03-17 14:43:00+00:00,3006.800048828125,3007.199951171875,3006.300048828125,3006.39990234375,192.0
2025-03-17 14:44:00+00:00,3007.300048828125,3008.0,3006.89990234375,3006.89990234375,249.0
2025-03-17 14:45:00+00:00,3007.39990234375,3008.0,3007.300048828125,3007.300048828125,185.0
2025-03-17 14:46:00+00:00,3005.800048828125,3007.5,3005.699951171875,3007.300048828125,342.0
2025-03-17 14:47:00+00:00,3006.5,3006.699951171875,3005.5,3005.89990234375,254.0
2025-03-17 14:48:00+00:00,3006.0,3006.800048828125,3006.0,3006.39990234375,157.0
2025-03-17 14:49:00+00:00,3007.60009765625,3007.800048828125,3005.89990234375,3006.0,760.0
2025-03-17 14:50:00+00:00,3007.10009765625,3008.0,3007.0,3007.60009765625,181.0
2025-03-17 14:51:00+00:00,3006.60009765625,3007.199951171875,3006.199951171875,3007.199951171875,265.0
2025-03-17 14:52:00+00:00,3007.0,3007.300048828125,3006.300048828125,3006.60009765625,116.0
2025-03-17 14:53:00+00:00,3007.300048828125,3007.60009765625,3006.89990234375,3007.10009765625,129.0
2025-03-17 14:54:00+00:00,3007.0,3007.39990234375,3006.800048828125,3007.300048828125,179.0
2025-03-17 14:55:00+00:00,3006.5,3007.10009765625,3006.0,3007.0,160.0
2025-03-17 14:56:00+00:00,3007.0,3007.39990234375,3006.0,3006.300048828125,166.0
2025-03-17 14:57:00+00:00,3006.5,3007.199951171875,3005.89990234375,3007.0,219.0
2025-03-17 14:58:00+00:00,3006.300048828125,3006.5,3005.89990234375,3006.39990234375,107.0
2025-03-17 14:59:00+00:00,3006.0,3006.5,3005.699951171875,3006.300048828125,202.0
2025-03-17 15:00:00+00:00,3006.0,3006.800048828125,3005.5,3006.0,416.0
2025-03-17 15:01:00+00:00,3005.0,3006.0,3004.5,3005.800048828125,388.0
2025-03-17 15:02:00+00:00,3004.300048828125,3005.0,3003.89990234375,3005.0,319.0
2025-03-17 15:03:00+00:00,3004.699951171875,3005.0,3004.10009765625,3004.199951171875,119.0
2025-03-17 15:04:00+00:00,3005.800048828125,3006.0,3004.60009765625,3004.699951171875,271.0
2025-03-17 15:05:00+00:00,3005.39990234375,3007.199951171875,3005.300048828125,3006.0,326.0
2025-03-17 15:06:00+00:00,3006.10009765625,3006.699951171875,3005.39990234375,3005.5,188.0
2025-03-17 15:07:00+00:00,3003.199951171875,3006.39990234375,3002.89990234375,3006.10009765625,673.0
2025-03-17 15:08:00+00:00,3002.5,3004.300048828125,3002.300048828125,3003.300048828125,495.0
2025-03-17 15:09:00+00:00,3002.800048828125,3003.5,3002.39990234375,3002.60009765625,146.0
2025-03-17 15:10:00+00:00,3002.699951171875,3002.89990234375,3002.0,3002.800048828125,132.0
2025-03-17 15:11:00+00:00,3002.199951171875,3003.0,3001.800048828125,3002.699951171875,190.0
2025-03-17 15:12:00+00:00,3002.89990234375,3003.0,3002.300048828125,3002.39990234375,75.0
2025-03-17 15:13:00+00:00,3002.800048828125,3003.0,3002.300048828125,3002.89990234375,144.0
2025-03-17 15:14:00+00:00,3003.199951171875,3003.5,3002.5,3002.800048828125,195.0
2025-03-17 15:15:00+00:00,3002.89990234375,3004.39990234375,3002.800048828125,3003.300048828125,173.0
2025-03-17 15:16:00+00:00,3002.39990234375,3003.39990234375,3002.10009765625,3003.0,139.0
2025-03-17 15:17:00+00:00,3001.800048828125,3002.5,3000.5,3002.5,420.0
2025-03-17 15:18:00+00:00,3001.800048828125,3001.89990234375,3000.699951171875,3001.800048828125,145.0
2025-03-17 15:19:00+00:00,3001.0,3002.199951171875,3001.0,3002.0,158.0
2025-03-17 15:20:00+00:00,3001.10009765625,3001.199951171875,3000.39990234375,3001.10009765625,224.0
2025-03-17 15:21:00+00:00,3002.0,3002.300048828125,3000.699951171875,3001.0,189.0
2025-03-17 15:22:00+00:00,3003.10009765625,3003.199951171875,3002.0,3002.10009765625,206.0
2025-03-17 15:23:00+00:00,3001.89990234375,3003.39990234375,3001.89990234375,3003.199951171875,124.0
2025-03-17 15:24:00+00:00,3002.800048828125,3002.800048828125,3001.699951171875,3001.89990234375,72.0
2025-03-17 15:25:00+00:00,3003.0,3003.39990234375,3002.800048828125,3002.89990234375,78.0
2025-03-17 15:26:00+00:00,3003.199951171875,3003.39990234375,3003.0,3003.0,56.0
2025-03-17 15:27:00+00:00,3004.10009765625,3004.10009765625,3003.199951171875,3003.199951171875,129.0
2025-03-17 15:28:00+00:00,3004.60009765625,3004.60009765625,3003.89990234375,3004.10009765625,96.0
2025-03-17 15:29:00+00:00,3003.800048828125,3004.699951171875,3003.800048828125,3004.60009765625,121.0
2025-03-17 15:30:00+00:00,3003.800048828125,3004.0,3003.5,3003.699951171875,92.0
2025-03-17 15:31:00+00:00,3003.800048828125,3004.0,3003.5,3003.800048828125,168.0
2025-03-17 15:32:00+00:00,3002.89990234375,3003.699951171875,3002.5,3003.699951171875,70.0
2025-03-17 15:33:00+00:00,3002.89990234375,3003.300048828125,3002.60009765625,3002.89990234375,115.0
2025-03-17 15:34:00+00:00,3002.10009765625,3002.699951171875,3002.10009765625,3002.699951171875,142.0
2025-03-17 15:35:00+00:00,3002.699951171875,3002.800048828125,3001.89990234375,3002.199951171875,226.0
2025-03-17 15:36:00+00:00,3004.300048828125,3004.39990234375,3002.60009765625,3002.800048828125,245.0
2025-03-17 15:37:00+00:00,3004.699951171875,3005.300048828125,3004.199951171875,3004.300048828125,382.0
2025-03-17 15:38:00+00:00,3003.800048828125,3004.800048828125,3003.699951171875,3004.699951171875,105.0
2025-03-17 15:39:00+00:00,3003.300048828125,3003.89990234375,3002.60009765625,3003.89990234375,143.0
2025-03-17 15:40:00+00:00,3003.39990234375,3003.60009765625,3002.89990234375,3003.39990234375,71.0
2025-03-17 15:41:00+00:00,3003.60009765625,3003.699951171875,3003.199951171875,3003.60009765625,60.0
2025-03-17 15:42:00+00:00,3003.0,3004.0,3002.89990234375,3003.699951171875,153.0
2025-03-17 15:43:00+00:00,3003.89990234375,3004.0,3002.60009765625,3003.0,193.0
2025-03-17 15:44:00+00:00,3003.699951171875,3004.0,3003.60009765625,3003.800048828125,170.0
2025-03-17 15:45:00+00:00,3003.300048828125,3003.89990234375,3003.199951171875,3003.5,132.0
2025-03-17 15:46:00+00:00,3003.89990234375,3004.0,3003.300048828125,3003.39990234375,123.0
2025-03-17 15:47:00+00:00,3003.699951171875,3004.0,3003.699951171875,3003.89990234375,93.0
2025-03-17 15:48:00+00:00,3003.800048828125,3004.0,3003.5,3003.699951171875,61.0
2025-03-17 15:49:00+00:00,3003.800048828125,3003.89990234375,3003.60009765625,3003.800048828125,44.0
2025-03-17 15:50:00+00:00,3004.699951171875,3004.89990234375,3004.0,3004.0,144.0
2025-03-17 15:51:00+00:00,3004.800048828125,3005.10009765625,3004.39990234375,3004.60009765625,122.0
2025-03-17 15:52:00+00:00,3005.0,3005.10009765625,3004.5,3004.699951171875,95.0
2025-03-17 15:53:00+00:00,3004.89990234375,3005.699951171875,3004.800048828125,3005.10009765625,126.0
2025-03-17 15:54:00+00:00,3005.800048828125,3005.89990234375,3004.89990234375,3005.0,153.0
2025-03-17 15:55:00+00:00,3005.699951171875,3006.199951171875,3005.699951171875,3005.89990234375,113.0
2025-03-17 15:56:00+00:00,3005.699951171875,3006.0,3005.5,3005.89990234375,37.0
2025-03-17 15:57:00+00:00,3004.89990234375,3005.699951171875,3004.89990234375,3005.699951171875,139.0
2025-03-17 15:58:00+00:00,3004.199951171875,3005.300048828125,3003.89990234375,3005.0,169.0
2025-03-17 15:59:00+00:00,3004.89990234375,3004.89990234375,3004.10009765625,3004.199951171875,45.0
2025-03-17 16:00:00+00:00,3004.39990234375,3004.89990234375,3004.300048828125,3004.699951171875,115.0
2025-03-17 16:01:00+00:00,3004.0,3005.0,3003.800048828125,3004.699951171875,1940.0
2025-03-17 16:02:00+00:00,3002.699951171875,3003.89990234375,3002.699951171875,3003.89990234375,128.0
2025-03-17 16:03:00+00:00,3001.89990234375,3002.800048828125,3001.60009765625,3002.800048828125,179.0
2025-03-17 16:04:00+00:00,3002.800048828125,3003.10009765625,3001.699951171875,3001.699951171875,70.0
2025-03-17 16:05:00+00:00,3002.699951171875,3003.0,3002.199951171875,3002.699951171875,164.0
2025-03-17 16:06:00+00:00,3003.39990234375,3003.5,3002.699951171875,3002.699951171875,69.0
2025-03-17 16:07:00+00:00,3003.5,3003.800048828125,3002.800048828125,3003.5,94.0
2025-03-17 16:08:00+00:00,3003.699951171875,3003.699951171875,3003.199951171875,3003.60009765625,66.0
2025-03-17 16:09:00+00:00,3004.199951171875,3004.199951171875,3003.800048828125,3003.800048828125,42.0
2025-03-17 16:10:00+00:00,3003.800048828125,3004.300048828125,3003.5,3004.199951171875,56.0
2025-03-17 16:11:00+00:00,3003.800048828125,3004.0,3003.199951171875,3003.699951171875,198.0
2025-03-17 16:12:00+00:00,3004.39990234375,3004.60009765625,3003.800048828125,3003.89990234375,83.0
2025-03-17 16:13:00+00:00,3004.300048828125,3004.800048828125,3004.199951171875,3004.39990234375,41.0
2025-03-17 16:14:00+00:00,3003.89990234375,3004.60009765625,3003.89990234375,3004.39990234375,17.0
2025-03-17 16:15:00+00:00,3004.199951171875,3004.39990234375,3004.10009765625,3004.199951171875,17.0
2025-03-17 16:16:00+00:00,3004.0,3004.199951171875,3003.89990234375,3004.199951171875,78.0
2025-03-17 16:17:00+00:00,3004.10009765625,3004.300048828125,3003.800048828125,3003.89990234375,30.0
2025-03-17 16:18:00+00:00,3004.699951171875,3004.699951171875,3003.10009765625,3004.10009765625,167.0
2025-03-17 16:19:00+00:00,3004.300048828125,3004.800048828125,3004.10009765625,3004.699951171875,57.0
2025-03-17 16:20:00+00:00,3004.0,3004.5,3003.800048828125,3004.10009765625,69.0
2025-03-17 16:21:00+00:00,3003.39990234375,3003.89990234375,3003.300048828125,3003.89990234375,55.0
2025-03-17 16:22:00+00:00,3002.699951171875,3003.699951171875,3002.39990234375,3003.39990234375,88.0
2025-03-17 16:23:00+00:00,3003.10009765625,3003.199951171875,3002.800048828125,3002.89990234375,104.0
2025-03-17 16:24:00+00:00,3002.699951171875,3003.300048828125,3002.699951171875,3003.300048828125,95.0
2025-03-17 16:25:00+00:00,3002.89990234375,3003.699951171875,3002.699951171875,3002.800048828125,278.0
2025-03-17 16:26:00+00:00,3003.800048828125,3003.800048828125,3002.89990234375,3003.0,52.0
2025-03-17 16:27:00+00:00,3003.699951171875,3004.199951171875,3003.60009765625,3003.800048828125,130.0
2025-03-17 16:28:00+00:00,3004.10009765625,3004.199951171875,3003.300048828125,3003.60009765625,65.0
2025-03-17 16:29:00+00:00,3004.0,3004.199951171875,3003.300048828125,3004.0,120.0
2025-03-17 16:30:00+00:00,3004.199951171875,3004.199951171875,3003.800048828125,3004.0,34.0
2025-03-17 16:31:00+00:00,3003.60009765625,3004.5,3003.5,3004.300048828125,51.0
2025-03-17 16:32:00+00:00,3002.800048828125,3003.5,3002.800048828125,3003.5,66.0
2025-03-17 16:33:00+00:00,3003.5,3003.60009765625,3002.800048828125,3002.800048828125,36.0
2025-03-17 16:34:00+00:00,3003.800048828125,3003.89990234375,3002.89990234375,3003.39990234375,74.0
2025-03-17 16:35:00+00:00,3003.39990234375,3003.699951171875,3002.89990234375,3003.699951171875,60.0
2025-03-17 16:36:00+00:00,3003.300048828125,3003.800048828125,3003.300048828125,3003.39990234375,38.0
2025-03-17 16:37:00+00:00,3002.89990234375,3003.39990234375,3002.89990234375,3003.300048828125,43.0
2025-03-17 16:38:00+00:00,3002.800048828125,3003.0,3002.5,3002.89990234375,70.0
2025-03-17 16:39:00+00:00,3001.39990234375,3002.699951171875,3001.199951171875,3002.699951171875,176.0
2025-03-17 16:40:00+00:00,3002.300048828125,3002.39990234375,3000.300048828125,3001.199951171875,295.0
2025-03-17 16:41:00+00:00,3001.5,3002.199951171875,3001.39990234375,3002.199951171875,38.0
2025-03-17 16:42:00+00:00,3001.300048828125,3002.0,3001.199951171875,3001.39990234375,74.0
2025-03-17 16:43:00+00:00,3001.10009765625,3001.300048828125,3000.699951171875,3001.199951171875,98.0
2025-03-17 16:44:00+00:00,3001.800048828125,3002.0,3000.89990234375,3000.89990234375,48.0
2025-03-17 16:46:00+00:00,3002.0,3002.199951171875,3001.89990234375,3002.0,30.0
2025-03-17 16:47:00+00:00,3002.0,3002.300048828125,3001.699951171875,3001.800048828125,58.0
2025-03-17 16:48:00+00:00,3001.300048828125,3001.89990234375,3001.199951171875,3001.89990234375,49.0
2025-03-17 16:49:00+00:00,3001.5,3001.699951171875,3001.39990234375,3001.39990234375,26.0
2025-03-17 16:50:00+00:00,3001.800048828125,3002.300048828125,3001.60009765625,3001.60009765625,44.0
2025-03-17 16:51:00+00:00,3002.39990234375,3002.60009765625,3001.800048828125,3001.89990234375,67.0
2025-03-17 16:52:00+00:00,3002.300048828125,3002.5,3001.89990234375,3002.300048828125,42.0
2025-03-17 16:53:00+00:00,3003.0,3003.10009765625,3002.300048828125,3002.300048828125,105.0
2025-03-17 16:54:00+00:00,3002.60009765625,3003.10009765625,3002.39990234375,3003.10009765625,29.0
2025-03-17 16:55:00+00:00,3002.199951171875,3002.699951171875,3002.10009765625,3002.699951171875,61.0
2025-03-17 16:56:00+00:00,3001.800048828125,3002.300048828125,3001.800048828125,3002.300048828125,38.0
2025-03-17 16:57:00+00:00,3001.89990234375,3001.89990234375,3001.60009765625,3001.800048828125,39.0
2025-03-17 16:58:00+00:00,3002.300048828125,3002.39990234375,3001.800048828125,3002.199951171875,39.0
2025-03-17 16:59:00+00:00,3002.10009765625,3002.5,3002.0,3002.39990234375,60.0
2025-03-17 17:00:00+00:00,3002.800048828125,3002.800048828125,3002.10009765625,3002.10009765625,57.0
2025-03-17 17:01:00+00:00,3003.10009765625,3003.39990234375,3002.89990234375,3002.89990234375,85.0
2025-03-17 17:02:00+00:00,3003.10009765625,3003.60009765625,3003.10009765625,3003.199951171875,36.0
2025-03-17 17:03:00+00:00,3003.10009765625,3003.199951171875,3003.0,3003.199951171875,17.0
2025-03-17 17:04:00+00:00,3002.89990234375,3003.199951171875,3002.699951171875,3003.199951171875,29.0
2025-03-17 17:05:00+00:00,3003.699951171875,3003.699951171875,3003.0,3003.0,40.0
2025-03-17 17:06:00+00:00,3003.60009765625,3004.199951171875,3003.39990234375,3003.699951171875,154.0
2025-03-17 17:07:00+00:00,3004.699951171875,3004.699951171875,3003.60009765625,3003.60009765625,59.0
2025-03-17 17:08:00+00:00,3004.60009765625,3004.699951171875,3004.10009765625,3004.60009765625,96.0
2025-03-17 17:09:00+00:00,3004.300048828125,3004.800048828125,3004.300048828125,3004.5,128.0
2025-03-17 17:10:00+00:00,3004.39990234375,3004.800048828125,3004.199951171875,3004.300048828125,37.0
2025-03-17 17:11:00+00:00,3004.300048828125,3004.699951171875,3004.300048828125,3004.300048828125,53.0
2025-03-17 17:12:00+00:00,3004.199951171875,3004.5,3004.199951171875,3004.39990234375,28.0
2025-03-17 17:13:00+00:00,3004.60009765625,3004.60009765625,3004.0,3004.10009765625,92.0
2025-03-17 17:14:00+00:00,3004.699951171875,3005.0,3004.39990234375,3004.5,126.0
2025-03-17 17:15:00+00:00,3005.39990234375,3005.5,3004.60009765625,3004.60009765625,154.0
2025-03-17 17:16:00+00:00,3005.39990234375,3005.39990234375,3004.60009765625,3005.199951171875,111.0
2025-03-17 17:17:00+00:00,3005.0,3005.39990234375,3004.89990234375,3005.300048828125,70.0
2025-03-17 17:18:00+00:00,3004.89990234375,3005.0,3004.60009765625,3004.89990234375,58.0
2025-03-17 17:19:00+00:00,3005.199951171875,3005.199951171875,3004.699951171875,3004.699951171875,129.0
2025-03-17 17:20:00+00:00,3005.39990234375,3005.699951171875,3005.10009765625,3005.10009765625,148.0
2025-03-17 17:21:00+00:00,3005.699951171875,3006.0,3005.39990234375,3005.39990234375,132.0
2025-03-17 17:22:00+00:00,3005.300048828125,3005.60009765625,3005.300048828125,3005.60009765625,138.0
2025-03-17 17:23:00+00:00,3005.300048828125,3005.5,3004.89990234375,3005.39990234375,134.0
2025-03-17 17:24:00+00:00,3005.10009765625,3005.5,3005.10009765625,3005.10009765625,91.0
2025-03-17 17:25:00+00:00,3005.39990234375,3005.5,3004.800048828125,3005.10009765625,119.0
2025-03-17 17:26:00+00:00,3005.5,3005.800048828125,3005.39990234375,3005.5,108.0
2025-03-17 17:27:00+00:00,3005.89990234375,3005.89990234375,3005.5,3005.60009765625,113.0
2025-03-17 17:28:00+00:00,3005.5,3005.800048828125,3005.10009765625,3005.800048828125,271.0
2025-03-17 17:29:00+00:00,3006.199951171875,3006.699951171875,3005.5,3005.5,939.0
2025-03-17 17:30:00+00:00,3006.60009765625,3006.800048828125,3005.89990234375,3006.199951171875,175.0
2025-03-17 17:31:00+00:00,3006.60009765625,3006.800048828125,3006.39990234375,3006.60009765625,107.0
2025-03-17 17:32:00+00:00,3006.60009765625,3006.699951171875,3006.39990234375,3006.60009765625,75.0
2025-03-17 17:33:00+00:00,3006.39990234375,3006.699951171875,3006.199951171875,3006.60009765625,65.0
2025-03-17 17:34:00+00:00,3006.199951171875,3006.5,3006.0,3006.5,53.0
2025-03-17 17:35:00+00:00,3006.199951171875,3006.5,3006.0,3006.199951171875,452.0
2025-03-17 17:36:00+00:00,3005.60009765625,3006.10009765625,3005.5,3006.10009765625,92.0
2025-03-17 17:37:00+00:00,3005.699951171875,3006.0,3005.60009765625,3005.800048828125,41.0
2025-03-17 17:38:00+00:00,3005.699951171875,3005.89990234375,3005.60009765625,3005.800048828125,27.0
2025-03-17 17:39:00+00:00,3006.0,3006.300048828125,3005.699951171875,3005.699951171875,106.0
2025-03-17 17:40:00+00:00,3006.10009765625,3006.199951171875,3005.89990234375,3005.89990234375,106.0
2025-03-17 17:41:00+00:00,3006.0,3006.300048828125,3005.89990234375,3006.10009765625,76.0
2025-03-17 17:42:00+00:00,3006.0,3006.10009765625,3005.800048828125,3006.0,17.0
2025-03-17 17:43:00+00:00,3006.60009765625,3006.800048828125,3006.10009765625,3006.10009765625,71.0
2025-03-17 17:44:00+00:00,3006.39990234375,3006.699951171875,3006.300048828125,3006.60009765625,79.0
2025-03-17 17:45:00+00:00,3006.699951171875,3006.89990234375,3006.300048828125,3006.39990234375,65.0
2025-03-17 17:46:00+00:00,3006.699951171875,3006.89990234375,3006.5,3006.699951171875,41.0
2025-03-17 17:47:00+00:00,3007.300048828125,3007.5,3006.699951171875,3006.800048828125,111.0
2025-03-17 17:48:00+00:00,3007.39990234375,3007.800048828125,3007.10009765625,3007.39990234375,142.0
2025-03-17 17:49:00+00:00,3007.5,3007.800048828125,3007.300048828125,3007.5,201.0
2025-03-17 17:50:00+00:00,3007.5,3007.60009765625,3007.199951171875,3007.60009765625,86.0
2025-03-17 17:51:00+00:00,3007.0,3007.300048828125,3006.89990234375,3007.300048828125,48.0
2025-03-17 17:52:00+00:00,3007.199951171875,3007.39990234375,3007.0,3007.199951171875,52.0
2025-03-17 17:53:00+00:00,3007.0,3007.10009765625,3006.89990234375,3007.0,14.0
2025-03-17 17:54:00+00:00,3006.800048828125,3007.0,3006.60009765625,3007.0,71.0
2025-03-17 17:55:00+00:00,3007.0,3007.10009765625,3006.89990234375,3006.89990234375,21.0
2025-03-17 17:56:00+00:00,3006.89990234375,3007.10009765625,3006.60009765625,3007.0,49.0
2025-03-17 17:57:00+00:00,3006.699951171875,3006.89990234375,3006.5,3006.89990234375,44.0
2025-03-17 17:58:00+00:00,3006.800048828125,3006.89990234375,3006.300048828125,3006.699951171875,190.0
2025-03-17 17:59:00+00:00,3006.300048828125,3006.800048828125,3006.0,3006.60009765625,246.0
2025-03-17 18:00:00+00:00,3006.60009765625,3006.800048828125,3004.60009765625,3006.10009765625,673.0
2025-03-17 18:01:00+00:00,3006.39990234375,3006.60009765625,3006.300048828125,3006.39990234375,41.0
2025-03-17 18:02:00+00:00,3005.699951171875,3006.199951171875,3005.699951171875,3006.199951171875,27.0
2025-03-17 18:03:00+00:00,3005.60009765625,3005.89990234375,3005.60009765625,3005.800048828125,23.0
2025-03-17 18:04:00+00:00,3005.89990234375,3005.89990234375,3005.5,3005.699951171875,33.0
2025-03-17 18:05:00+00:00,3005.5,3006.0,3005.199951171875,3005.800048828125,138.0
2025-03-17 18:06:00+00:00,3006.0,3006.0,3005.60009765625,3005.60009765625,69.0
2025-03-17 18:07:00+00:00,3007.10009765625,3007.199951171875,3006.0,3006.0,83.0
2025-03-17 18:08:00+00:00,3006.699951171875,3007.0,3006.60009765625,3006.89990234375,54.0
2025-03-17 18:09:00+00:00,3006.89990234375,3007.10009765625,3006.5,3006.60009765625,26.0
2025-03-17 18:10:00+00:00,3007.0,3007.0,3006.699951171875,3007.0,30.0
2025-03-17 18:11:00+00:00,3006.800048828125,3007.199951171875,3006.60009765625,3006.89990234375,26.0
2025-03-17 18:12:00+00:00,3006.800048828125,3006.800048828125,3006.39990234375,3006.699951171875,72.0
2025-03-17 18:13:00+00:00,3005.89990234375,3006.60009765625,3005.89990234375,3006.60009765625,175.0
2025-03-17 18:14:00+00:00,3006.60009765625,3006.60009765625,3005.800048828125,3006.0,68.0
2025-03-17 18:15:00+00:00,3006.60009765625,3006.800048828125,3006.60009765625,3006.699951171875,25.0
2025-03-17 18:16:00+00:00,3006.699951171875,3006.89990234375,3006.699951171875,3006.699951171875,16.0
2025-03-17 18:17:00+00:00,3007.300048828125,3007.5,3006.5,3006.5,58.0
2025-03-17 18:18:00+00:00,3007.39990234375,3007.39990234375,3006.89990234375,3007.39990234375,37.0
2025-03-17 18:19:00+00:00,3007.60009765625,3007.800048828125,3007.199951171875,3007.39990234375,122.0
2025-03-17 18:20:00+00:00,3007.60009765625,3008.5,3007.39990234375,3007.800048828125,295.0
2025-03-17 18:21:00+00:00,3007.199951171875,3007.800048828125,3007.10009765625,3007.60009765625,59.0
2025-03-17 18:22:00+00:00,3007.60009765625,3007.699951171875,3007.199951171875,3007.199951171875,89.0
2025-03-17 18:23:00+00:00,3008.60009765625,3008.800048828125,3007.39990234375,3007.5,173.0
2025-03-17 18:24:00+00:00,3008.39990234375,3009.0,3008.300048828125,3008.699951171875,137.0
2025-03-17 18:25:00+00:00,3008.300048828125,3008.800048828125,3008.300048828125,3008.300048828125,102.0
2025-03-17 18:26:00+00:00,3008.39990234375,3008.89990234375,3008.39990234375,3008.5,96.0
2025-03-17 18:27:00+00:00,3008.5,3008.5,3008.0,3008.39990234375,67.0
2025-03-17 18:28:00+00:00,3008.300048828125,3008.5,3007.89990234375,3008.39990234375,53.0
2025-03-17 18:29:00+00:00,3008.300048828125,3008.5,3008.199951171875,3008.199951171875,20.0
2025-03-17 18:30:00+00:00,3008.300048828125,3008.5,3008.300048828125,3008.300048828125,17.0
2025-03-17 18:31:00+00:00,3008.10009765625,3008.39990234375,3008.0,3008.300048828125,39.0
2025-03-17 18:32:00+00:00,3008.10009765625,3008.39990234375,3008.0,3008.199951171875,28.0
2025-03-17 18:33:00+00:00,3008.10009765625,3008.60009765625,3008.0,3008.0,96.0
2025-03-17 18:34:00+00:00,3008.699951171875,3008.699951171875,3008.0,3008.0,30.0
2025-03-17 18:35:00+00:00,3008.5,3008.800048828125,3008.300048828125,3008.699951171875,78.0
2025-03-17 18:36:00+00:00,3008.60009765625,3008.699951171875,3008.300048828125,3008.300048828125,42.0
2025-03-17 18:37:00+00:00,3008.199951171875,3008.5,3008.0,3008.39990234375,33.0
2025-03-17 18:38:00+00:00,3008.10009765625,3008.5,3008.0,3008.199951171875,74.0
2025-03-17 18:39:00+00:00,3008.300048828125,3008.39990234375,3008.0,3008.0,12.0
2025-03-17 18:40:00+00:00,3008.0,3008.199951171875,3007.89990234375,3008.10009765625,23.0
2025-03-17 18:41:00+00:00,3007.800048828125,3008.10009765625,3007.800048828125,3007.89990234375,27.0
2025-03-17 18:42:00+00:00,3007.39990234375,3007.699951171875,3007.10009765625,3007.699951171875,53.0
2025-03-17 18:43:00+00:00,3007.199951171875,3007.5,3007.0,3007.5,35.0
2025-03-17 18:44:00+00:00,3007.0,3007.39990234375,3007.0,3007.10009765625,25.0
2025-03-17 18:45:00+00:00,3006.89990234375,3007.5,3006.5,3006.89990234375,170.0
2025-03-17 18:46:00+00:00,3007.5,3007.5,3006.89990234375,3007.0,36.0
2025-03-17 18:47:00+00:00,3007.5,3007.89990234375,3007.39990234375,3007.5,25.0
2025-03-17 18:48:00+00:00,3008.0,3008.10009765625,3007.5,3007.5,38.0
2025-03-17 18:49:00+00:00,3007.89990234375,3008.300048828125,3007.800048828125,3008.199951171875,33.0
2025-03-17 18:50:00+00:00,3008.199951171875,3008.300048828125,3007.89990234375,3007.89990234375,34.0
2025-03-17 18:51:00+00:00,3008.10009765625,3008.199951171875,3007.800048828125,3008.10009765625,80.0
2025-03-17 18:52:00+00:00,3008.5,3008.5,3008.0,3008.300048828125,45.0
2025-03-17 18:53:00+00:00,3008.60009765625,3008.60009765625,3008.199951171875,3008.300048828125,42.0
2025-03-17 18:54:00+00:00,3008.5,3008.699951171875,3008.300048828125,3008.39990234375,25.0
2025-03-17 18:55:00+00:00,3008.60009765625,3008.60009765625,3008.39990234375,3008.39990234375,57.0
2025-03-17 18:56:00+00:00,3008.199951171875,3008.699951171875,3008.199951171875,3008.39990234375,79.0
2025-03-17 18:57:00+00:00,3007.60009765625,3008.199951171875,3007.5,3008.199951171875,52.0
2025-03-17 18:58:00+00:00,3007.800048828125,3008.10009765625,3007.60009765625,3007.60009765625,28.0
2025-03-17 18:59:00+00:00,3007.800048828125,3007.89990234375,3007.60009765625,3007.60009765625,14.0
2025-03-17 19:00:00+00:00,3008.199951171875,3008.300048828125,3007.800048828125,3007.800048828125,43.0
2025-03-17 19:01:00+00:00,3008.199951171875,3008.39990234375,3008.0,3008.199951171875,29.0
2025-03-17 19:02:00+00:00,3007.5,3008.0,3007.5,3008.0,29.0
2025-03-17 19:03:00+00:00,3007.5,3007.89990234375,3007.39990234375,3007.60009765625,47.0
2025-03-17 19:04:00+00:00,3006.60009765625,3007.800048828125,3006.39990234375,3007.60009765625,373.0
2025-03-17 19:05:00+00:00,3006.800048828125,3007.5,3006.5,3006.699951171875,256.0
2025-03-17 19:06:00+00:00,3006.60009765625,3006.89990234375,3006.5,3006.89990234375,21.0
2025-03-17 19:07:00+00:00,3006.800048828125,3006.89990234375,3006.60009765625,3006.699951171875,9.0
2025-03-17 19:08:00+00:00,3006.60009765625,3006.89990234375,3006.60009765625,3006.800048828125,22.0
2025-03-17 19:09:00+00:00,3006.800048828125,3006.800048828125,3006.5,3006.5,23.0
2025-03-17 19:10:00+00:00,3006.89990234375,3007.0,3006.60009765625,3006.800048828125,78.0
2025-03-17 19:11:00+00:00,3006.89990234375,3007.0,3006.800048828125,3006.800048828125,16.0
2025-03-17 19:12:00+00:00,3007.0,3007.0,3006.800048828125,3007.0,91.0
2025-03-17 19:13:00+00:00,3006.699951171875,3007.0,3006.699951171875,3006.89990234375,74.0
2025-03-17 19:14:00+00:00,3006.699951171875,3006.800048828125,3006.39990234375,3006.60009765625,23.0
2025-03-17 19:15:00+00:00,3006.699951171875,3006.89990234375,3006.39990234375,3006.699951171875,44.0
2025-03-17 19:16:00+00:00,3006.699951171875,3006.800048828125,3006.5,3006.60009765625,14.0
2025-03-17 19:17:00+00:00,3006.5,3006.699951171875,3006.39990234375,3006.699951171875,16.0
2025-03-17 19:18:00+00:00,3006.60009765625,3006.60009765625,3006.39990234375,3006.39990234375,19.0
2025-03-17 19:19:00+00:00,3006.5,3006.699951171875,3006.39990234375,3006.60009765625,43.0
2025-03-17 19:20:00+00:00,3006.39990234375,3006.60009765625,3006.199951171875,3006.5,17.0
2025-03-17 19:21:00+00:00,3006.60009765625,3006.699951171875,3006.300048828125,3006.39990234375,60.0
2025-03-17 19:22:00+00:00,3006.800048828125,3006.89990234375,3006.39990234375,3006.5,24.0
2025-03-17 19:23:00+00:00,3007.699951171875,3007.800048828125,3006.800048828125,3006.89990234375,291.0
2025-03-17 19:24:00+00:00,3007.699951171875,3007.800048828125,3007.300048828125,3007.699951171875,33.0
2025-03-17 19:25:00+00:00,3007.60009765625,3007.89990234375,3007.39990234375,3007.5,36.0
2025-03-17 19:26:00+00:00,3007.800048828125,3008.0,3007.60009765625,3007.60009765625,35.0
2025-03-17 19:27:00+00:00,3007.300048828125,3007.699951171875,3007.199951171875,3007.699951171875,39.0
2025-03-17 19:28:00+00:00,3007.39990234375,3007.39990234375,3007.199951171875,3007.39990234375,955.0
2025-03-17 19:29:00+00:00,3007.300048828125,3007.60009765625,3007.10009765625,3007.199951171875,45.0
2025-03-17 19:30:00+00:00,3007.300048828125,3007.5,3007.199951171875,3007.199951171875,34.0
2025-03-17 19:31:00+00:00,3006.89990234375,3007.5,3006.800048828125,3007.300048828125,56.0
2025-03-17 19:32:00+00:00,3006.199951171875,3007.0,3006.199951171875,3006.800048828125,47.0
2025-03-17 19:33:00+00:00,3007.699951171875,3008.0,3006.300048828125,3006.39990234375,217.0
2025-03-17 19:34:00+00:00,3007.699951171875,3009.10009765625,3007.699951171875,3007.699951171875,405.0
2025-03-17 19:35:00+00:00,3007.39990234375,3007.800048828125,3007.10009765625,3007.800048828125,49.0
2025-03-17 19:36:00+00:00,3007.199951171875,3007.5,3006.800048828125,3007.300048828125,78.0
2025-03-17 19:37:00+00:00,3007.0,3007.199951171875,3007.0,3007.199951171875,52.0
2025-03-17 19:38:00+00:00,3007.10009765625,3007.199951171875,3006.89990234375,3007.0,42.0
2025-03-17 19:39:00+00:00,3006.800048828125,3007.199951171875,3006.699951171875,3007.199951171875,43.0
2025-03-17 19:40:00+00:00,3006.89990234375,3007.0,3006.699951171875,3006.800048828125,35.0
2025-03-17 19:41:00+00:00,3006.89990234375,3006.89990234375,3006.60009765625,3006.89990234375,30.0
2025-03-17 19:42:00+00:00,3006.89990234375,3007.0,3006.699951171875,3006.800048828125,15.0
2025-03-17 19:43:00+00:00,3006.800048828125,3007.199951171875,3006.699951171875,3006.89990234375,62.0
2025-03-17 19:44:00+00:00,3006.89990234375,3006.89990234375,3006.60009765625,3006.699951171875,18.0
2025-03-17 19:45:00+00:00,3007.199951171875,3007.5,3007.0,3007.0,41.0
2025-03-17 19:46:00+00:00,3007.39990234375,3007.39990234375,3007.0,3007.199951171875,90.0
2025-03-17 19:47:00+00:00,3007.199951171875,3007.300048828125,3007.10009765625,3007.300048828125,17.0
2025-03-17 19:48:00+00:00,3007.300048828125,3007.39990234375,3007.10009765625,3007.199951171875,14.0
2025-03-17 19:49:00+00:00,3007.39990234375,3007.60009765625,3007.199951171875,3007.300048828125,25.0
2025-03-17 19:50:00+00:00,3007.699951171875,3008.0,3007.300048828125,3007.300048828125,50.0
2025-03-17 19:51:00+00:00,3008.0,3008.10009765625,3007.800048828125,3007.89990234375,32.0
2025-03-17 19:52:00+00:00,3008.0,3008.10009765625,3007.89990234375,3008.0,52.0
2025-03-17 19:53:00+00:00,3008.300048828125,3008.39990234375,3007.89990234375,3007.89990234375,52.0
2025-03-17 19:54:00+00:00,3008.0,3008.39990234375,3008.0,3008.300048828125,49.0
2025-03-17 19:55:00+00:00,3008.39990234375,3008.5,3007.89990234375,3008.0,67.0
2025-03-17 19:56:00+00:00,3008.199951171875,3008.5,3008.10009765625,3008.39990234375,44.0
2025-03-17 19:57:00+00:00,3008.10009765625,3008.39990234375,3008.10009765625,3008.199951171875,16.0
2025-03-17 19:58:00+00:00,3008.60009765625,3008.699951171875,3008.300048828125,3008.300048828125,49.0
2025-03-17 19:59:00+00:00,3008.300048828125,3009.0,3008.199951171875,3008.60009765625,258.0
2025-03-17 20:00:00+00:00,3008.5,3008.800048828125,3008.199951171875,3008.5,63.0
2025-03-17 20:01:00+00:00,3008.60009765625,3008.60009765625,3008.300048828125,3008.5,23.0
2025-03-17 20:02:00+00:00,3009.199951171875,3009.199951171875,3008.60009765625,3008.699951171875,31.0
2025-03-17 20:03:00+00:00,3009.699951171875,3009.800048828125,3009.10009765625,3009.10009765625,684.0
2025-03-17 20:04:00+00:00,3009.5,3009.60009765625,3009.300048828125,3009.60009765625,30.0
2025-03-17 20:05:00+00:00,3009.699951171875,3009.800048828125,3009.300048828125,3009.5,44.0
2025-03-17 20:06:00+00:00,3009.39990234375,3009.89990234375,3009.39990234375,3009.800048828125,41.0
2025-03-17 20:07:00+00:00,3009.199951171875,3009.39990234375,3009.10009765625,3009.39990234375,79.0
2025-03-17 20:08:00+00:00,3010.10009765625,3010.199951171875,3009.300048828125,3009.300048828125,84.0
2025-03-17 20:09:00+00:00,3010.0,3010.10009765625,3009.5,3009.89990234375,89.0
2025-03-17 20:10:00+00:00,3009.800048828125,3010.0,3009.60009765625,3009.800048828125,72.0
2025-03-17 20:11:00+00:00,3009.699951171875,3010.0,3009.60009765625,3010.0,37.0
2025-03-17 20:12:00+00:00,3009.89990234375,3010.0,3009.5,3009.699951171875,65.0
2025-03-17 20:13:00+00:00,3009.89990234375,3010.0,3009.60009765625,3009.89990234375,35.0
2025-03-17 20:14:00+00:00,3009.89990234375,3009.89990234375,3009.89990234375,3009.89990234375,6.0
2025-03-17 20:15:00+00:00,3010.0,3010.199951171875,3009.699951171875,3010.0,60.0
2025-03-17 20:16:00+00:00,3010.10009765625,3010.10009765625,3009.800048828125,3009.89990234375,29.0
2025-03-17 20:17:00+00:00,3010.0,3010.300048828125,3009.89990234375,3010.199951171875,48.0
2025-03-17 20:18:00+00:00,3009.89990234375,3010.199951171875,3009.89990234375,3010.199951171875,19.0
2025-03-17 20:19:00+00:00,3010.0,3010.199951171875,3010.0,3010.0,18.0
2025-03-17 20:20:00+00:00,3009.5,3010.0,3009.5,3009.89990234375,40.0
2025-03-17 20:21:00+00:00,3009.800048828125,3009.89990234375,3009.699951171875,3009.699951171875,14.0
2025-03-17 20:22:00+00:00,3009.699951171875,3009.800048828125,3009.60009765625,3009.699951171875,7.0
2025-03-17 20:23:00+00:00,3009.5,3009.699951171875,3009.39990234375,3009.60009765625,31.0
2025-03-17 20:24:00+00:00,3009.5,3009.5,3009.199951171875,3009.5,21.0
2025-03-17 20:25:00+00:00,3009.699951171875,3009.699951171875,3009.10009765625,3009.39990234375,52.0
2025-03-17 20:26:00+00:00,3009.5,3009.699951171875,3009.5,3009.60009765625,7.0
2025-03-17 20:27:00+00:00,3009.5,3009.60009765625,3009.5,3009.60009765625,3.0
2025-03-17 20:28:00+00:00,3009.800048828125,3009.800048828125,3009.699951171875,3009.699951171875,12.0
2025-03-17 20:29:00+00:00,3010.10009765625,3010.10009765625,3009.699951171875,3009.89990234375,50.0
2025-03-17 20:30:00+00:00,3009.89990234375,3010.10009765625,3009.800048828125,3009.89990234375,20.0
2025-03-17 20:31:00+00:00,3010.0,3010.0,3009.89990234375,3010.0,9.0
2025-03-17 20:32:00+00:00,3010.199951171875,3010.199951171875,3010.0,3010.0,25.0
2025-03-17 20:33:00+00:00,3010.10009765625,3010.199951171875,3010.0,3010.199951171875,5.0
2025-03-17 20:34:00+00:00,3010.0,3010.10009765625,3010.0,3010.10009765625,5.0
2025-03-17 20:35:00+00:00,3009.800048828125,3009.800048828125,3009.699951171875,3009.800048828125,3.0
2025-03-17 20:36:00+00:00,3010.10009765625,3010.199951171875,3009.89990234375,3009.89990234375,18.0
2025-03-17 20:37:00+00:00,3010.199951171875,3010.199951171875,3009.89990234375,3010.0,32.0
2025-03-17 20:38:00+00:00,3010.0,3010.10009765625,3009.699951171875,3010.0,62.0
2025-03-17 20:39:00+00:00,3010.10009765625,3010.10009765625,3009.800048828125,3010.10009765625,28.0
2025-03-17 20:40:00+00:00,3010.0,3010.0,3009.699951171875,3009.89990234375,23.0
2025-03-17 20:41:00+00:00,3010.300048828125,3010.39990234375,3009.89990234375,3009.89990234375,22.0
2025-03-17 20:42:00+00:00,3010.300048828125,3010.39990234375,3010.199951171875,3010.39990234375,14.0
2025-03-17 20:43:00+00:00,3010.5,3010.5,3010.300048828125,3010.300048828125,28.0
2025-03-17 20:44:00+00:00,3010.199951171875,3010.39990234375,3010.10009765625,3010.300048828125,49.0
2025-03-17 20:45:00+00:00,3010.300048828125,3010.39990234375,3010.10009765625,3010.10009765625,13.0
2025-03-17 20:46:00+00:00,3010.39990234375,3010.89990234375,3010.300048828125,3010.39990234375,78.0
2025-03-17 20:47:00+00:00,3010.300048828125,3010.60009765625,3010.300048828125,3010.39990234375,27.0
2025-03-17 20:48:00+00:00,3010.60009765625,3010.60009765625,3010.10009765625,3010.300048828125,38.0
2025-03-17 20:49:00+00:00,3010.39990234375,3010.39990234375,3010.199951171875,3010.39990234375,7.0
2025-03-17 20:50:00+00:00,3010.199951171875,3010.5,3009.800048828125,3010.199951171875,60.0
2025-03-17 20:51:00+00:00,3009.89990234375,3010.39990234375,3009.800048828125,3010.10009765625,37.0
2025-03-17 20:52:00+00:00,3009.699951171875,3010.10009765625,3009.699951171875,3009.89990234375,29.0
2025-03-17 20:53:00+00:00,3009.699951171875,3010.199951171875,3009.699951171875,3009.800048828125,24.0
2025-03-17 20:54:00+00:00,3009.800048828125,3010.10009765625,3009.60009765625,3009.60009765625,28.0
2025-03-17 20:55:00+00:00,3009.800048828125,3009.89990234375,3009.5,3009.89990234375,64.0
2025-03-17 20:56:00+00:00,3010.0,3010.0,3009.699951171875,3009.699951171875,4.0
2025-03-17 20:57:00+00:00,3010.10009765625,3010.199951171875,3009.699951171875,3009.800048828125,119.0
2025-03-17 20:58:00+00:00,3010.0,3010.300048828125,3009.699951171875,3010.300048828125,71.0
2025-03-17 20:59:00+00:00,3010.10009765625,3010.10009765625,3009.800048828125,3010.0,39.0
2025-03-17 22:00:00+00:00,3010.10009765625,3010.199951171875,3009.300048828125,3009.39990234375,0.0
2025-03-17 22:01:00+00:00,3010.5,3010.60009765625,3010.10009765625,3010.10009765625,68.0
2025-03-17 22:02:00+00:00,3010.199951171875,3010.300048828125,3010.199951171875,3010.300048828125,3.0
2025-03-17 22:03:00+00:00,3009.699951171875,3010.199951171875,3009.699951171875,3010.199951171875,17.0
2025-03-17 22:04:00+00:00,3009.699951171875,3010.0,3009.699951171875,3010.0,22.0
2025-03-17 22:05:00+00:00,3009.39990234375,3009.60009765625,3009.39990234375,3009.60009765625,12.0
2025-03-17 22:06:00+00:00,3009.39990234375,3009.39990234375,3009.300048828125,3009.39990234375,8.0
2025-03-17 22:07:00+00:00,3009.39990234375,3009.60009765625,3009.39990234375,3009.60009765625,29.0
2025-03-17 22:08:00+00:00,3009.60009765625,3009.60009765625,3009.39990234375,3009.39990234375,7.0
2025-03-17 22:09:00+00:00,3009.39990234375,3009.5,3009.39990234375,3009.39990234375,25.0
2025-03-17 22:10:00+00:00,3009.39990234375,3009.5,3009.39990234375,3009.5,3.0
2025-03-17 22:11:00+00:00,3009.0,3009.39990234375,3008.800048828125,3009.39990234375,40.0
2025-03-17 22:12:00+00:00,3009.0,3009.199951171875,3008.89990234375,3008.89990234375,6.0
2025-03-17 22:13:00+00:00,3008.800048828125,3009.0,3008.5,3009.0,27.0
2025-03-17 22:14:00+00:00,3008.89990234375,3009.0,3008.60009765625,3008.800048828125,16.0
2025-03-17 22:15:00+00:00,3009.0,3009.0,3008.699951171875,3008.89990234375,12.0
2025-03-17 22:16:00+00:00,3008.5,3008.89990234375,3008.300048828125,3008.89990234375,14.0
2025-03-17 22:17:00+00:00,3008.300048828125,3008.699951171875,3008.300048828125,3008.5,11.0
2025-03-17 22:18:00+00:00,3008.60009765625,3008.60009765625,3008.60009765625,3008.60009765625,1.0
2025-03-17 22:19:00+00:00,3008.60009765625,3008.699951171875,3008.5,3008.699951171875,21.0
2025-03-17 22:20:00+00:00,3009.10009765625,3009.10009765625,3008.5,3008.5,23.0
2025-03-17 22:21:00+00:00,3008.89990234375,3009.0,3008.800048828125,3009.0,5.0
2025-03-17 22:22:00+00:00,3008.800048828125,3009.0,3008.800048828125,3008.89990234375,10.0
2025-03-17 22:23:00+00:00,3009.0,3009.0,3008.89990234375,3008.89990234375,4.0
2025-03-17 22:24:00+00:00,3009.5,3009.5,3009.0,3009.0,18.0
2025-03-17 22:25:00+00:00,3009.5,3009.5,3009.300048828125,3009.39990234375,6.0
2025-03-17 22:26:00+00:00,3009.39990234375,3009.5,3009.39990234375,3009.39990234375,5.0
2025-03-17 22:27:00+00:00,3009.5,3010.0,3009.5,3009.5,42.0
2025-03-17 22:28:00+00:00,3009.300048828125,3009.60009765625,3009.300048828125,3009.60009765625,7.0
2025-03-17 22:29:00+00:00,3008.5,3009.300048828125,3008.5,3009.300048828125,35.0
2025-03-17 22:30:00+00:00,3008.699951171875,3008.800048828125,3008.5,3008.5,8.0
2025-03-17 22:31:00+00:00,3008.800048828125,3008.800048828125,3008.800048828125,3008.800048828125,4.0
2025-03-17 22:32:00+00:00,3008.800048828125,3008.89990234375,3008.5,3008.800048828125,16.0
2025-03-17 22:33:00+00:00,3008.89990234375,3008.89990234375,3008.89990234375,3008.89990234375,1.0
2025-03-17 22:34:00+00:00,3009.0,3009.199951171875,3009.0,3009.0,28.0
2025-03-17 22:35:00+00:00,3009.0,3009.199951171875,3009.0,3009.0,8.0
2025-03-17 22:36:00+00:00,3009.0,3009.0,3009.0,3009.0,2.0
2025-03-17 22:37:00+00:00,3009.10009765625,3009.10009765625,3009.10009765625,3009.10009765625,25.0
2025-03-17 22:38:00+00:00,3008.89990234375,3009.10009765625,3008.89990234375,3009.10009765625,4.0
2025-03-17 22:39:00+00:00,3008.89990234375,3008.89990234375,3008.89990234375,3008.89990234375,3.0
2025-03-17 22:40:00+00:00,3008.89990234375,3009.10009765625,3008.800048828125,3008.800048828125,8.0
2025-03-17 22:41:00+00:00,3009.0,3009.0,3009.0,3009.0,1.0
2025-03-17 22:42:00+00:00,3009.10009765625,3009.10009765625,3009.0,3009.0,4.0
2025-03-17 22:43:00+00:00,3009.0,3009.10009765625,3009.0,3009.10009765625,5.0
2025-03-17 22:44:00+00:00,3008.5,3009.0,3008.5,3009.0,15.0
2025-03-17 22:45:00+00:00,3008.5,3008.60009765625,3008.39990234375,3008.60009765625,5.0
2025-03-17 22:46:00+00:00,3008.699951171875,3008.699951171875,3008.60009765625,3008.60009765625,4.0
2025-03-17 22:47:00+00:00,3008.60009765625,3008.699951171875,3008.60009765625,3008.699951171875,2.0
2025-03-17 22:48:00+00:00,3008.60009765625,3008.699951171875,3008.60009765625,3008.699951171875,7.0
2025-03-17 22:49:00+00:00,3008.5,3008.5,3008.5,3008.5,2.0
2025-03-17 22:50:00+00:00,3008.60009765625,3008.60009765625,3008.39990234375,3008.39990234375,5.0
2025-03-17 22:51:00+00:00,3009.0,3009.300048828125,3008.800048828125,3008.800048828125,15.0
2025-03-17 22:52:00+00:00,3008.5,3008.89990234375,3008.5,3008.89990234375,7.0
2025-03-17 22:53:00+00:00,3008.5,3008.699951171875,3008.39990234375,3008.5,11.0
2025-03-17 22:54:00+00:00,3008.39990234375,3008.39990234375,3008.199951171875,3008.300048828125,15.0
2025-03-17 22:56:00+00:00,3008.39990234375,3008.5,3008.39990234375,3008.5,2.0
2025-03-17 22:57:00+00:00,3008.39990234375,3008.5,3008.199951171875,3008.5,10.0
2025-03-17 22:58:00+00:00,3008.60009765625,3008.60009765625,3008.5,3008.5,2.0
2025-03-17 23:00:00+00:00,3008.5,3008.5,3008.5,3008.5,4.0
2025-03-17 23:01:00+00:00,3008.5,3008.699951171875,3008.300048828125,3008.5,9.0
2025-03-17 23:02:00+00:00,3008.60009765625,3008.60009765625,3008.5,3008.5,4.0
2025-03-17 23:03:00+00:00,3008.89990234375,3009.0,3008.800048828125,3008.800048828125,8.0
2025-03-17 23:04:00+00:00,3009.0,3009.0,3008.60009765625,3008.89990234375,28.0
2025-03-17 23:05:00+00:00,3009.300048828125,3009.300048828125,3008.89990234375,3008.89990234375,29.0
2025-03-17 23:06:00+00:00,3009.300048828125,3009.300048828125,3008.89990234375,3009.10009765625,16.0
2025-03-17 23:07:00+00:00,3009.10009765625,3009.300048828125,3009.10009765625,3009.300048828125,9.0
2025-03-17 23:08:00+00:00,3009.199951171875,3009.199951171875,3009.10009765625,3009.10009765625,8.0
2025-03-17 23:09:00+00:00,3009.199951171875,3009.199951171875,3009.10009765625,3009.10009765625,5.0
2025-03-17 23:10:00+00:00,3009.10009765625,3009.10009765625,3009.10009765625,3009.10009765625,4.0
2025-03-17 23:11:00+00:00,3009.0,3009.10009765625,3009.0,3009.0,11.0
2025-03-17 23:12:00+00:00,3009.10009765625,3009.10009765625,3009.10009765625,3009.10009765625,2.0
2025-03-17 23:13:00+00:00,3009.10009765625,3009.199951171875,3008.89990234375,3009.10009765625,13.0
2025-03-17 23:14:00+00:00,3009.10009765625,3009.60009765625,3009.10009765625,3009.10009765625,40.0
2025-03-17 23:15:00+00:00,3009.10009765625,3009.300048828125,3009.0,3009.300048828125,7.0
2025-03-17 23:16:00+00:00,3009.5,3009.5,3009.10009765625,3009.10009765625,7.0
2025-03-17 23:17:00+00:00,3010.39990234375,3010.5,3009.39990234375,3009.39990234375,77.0
2025-03-17 23:18:00+00:00,3010.60009765625,3011.0,3010.10009765625,3010.10009765625,86.0
2025-03-17 23:19:00+00:00,3010.300048828125,3010.699951171875,3010.300048828125,3010.699951171875,10.0
2025-03-17 23:20:00+00:00,3010.39990234375,3010.39990234375,3010.10009765625,3010.300048828125,16.0
2025-03-17 23:21:00+00:00,3010.39990234375,3010.5,3010.300048828125,3010.300048828125,15.0
2025-03-17 23:22:00+00:00,3010.5,3010.5,3010.5,3010.5,10.0
2025-03-17 23:23:00+00:00,3010.60009765625,3010.699951171875,3010.60009765625,3010.699951171875,6.0
2025-03-17 23:24:00+00:00,3010.39990234375,3010.39990234375,3010.39990234375,3010.39990234375,2.0
2025-03-17 23:25:00+00:00,3010.5,3010.5,3010.39990234375,3010.39990234375,7.0
2025-03-17 23:26:00+00:00,3010.60009765625,3010.699951171875,3010.5,3010.5,3.0
2025-03-17 23:27:00+00:00,3010.300048828125,3010.60009765625,3010.300048828125,3010.60009765625,6.0
2025-03-17 23:28:00+00:00,3010.10009765625,3010.199951171875,3010.0,3010.199951171875,8.0
2025-03-17 23:29:00+00:00,3009.800048828125,3010.0,3009.800048828125,3010.0,8.0
2025-03-17 23:30:00+00:00,3010.10009765625,3010.199951171875,3010.10009765625,3010.10009765625,7.0
2025-03-17 23:31:00+00:00,3009.699951171875,3009.89990234375,3009.699951171875,3009.89990234375,11.0
2025-03-17 23:32:00+00:00,3010.0,3010.0,3010.0,3010.0,2.0
2025-03-17 23:33:00+00:00,3010.10009765625,3010.199951171875,3010.0,3010.10009765625,8.0
2025-03-17 23:34:00+00:00,3010.10009765625,3010.199951171875,3010.10009765625,3010.199951171875,2.0
2025-03-17 23:35:00+00:00,3010.300048828125,3010.60009765625,3010.0,3010.0,59.0
2025-03-17 23:36:00+00:00,3010.0,3010.10009765625,3010.0,3010.10009765625,6.0
2025-03-17 23:37:00+00:00,3010.199951171875,3010.199951171875,3010.0,3010.0,2.0
2025-03-17 23:38:00+00:00,3011.0,3011.0,3010.0,3010.10009765625,64.0
2025-03-17 23:39:00+00:00,3010.699951171875,3011.0,3010.699951171875,3010.699951171875,8.0
2025-03-17 23:40:00+00:00,3011.300048828125,3011.39990234375,3010.60009765625,3010.60009765625,40.0
2025-03-17 23:41:00+00:00,3011.39990234375,3011.39990234375,3011.0,3011.199951171875,20.0
2025-03-17 23:42:00+00:00,3011.0,3011.39990234375,3011.0,3011.199951171875,21.0
2025-03-17 23:43:00+00:00,3011.0,3011.199951171875,3010.89990234375,3011.0,6.0
2025-03-17 23:44:00+00:00,3011.0,3011.199951171875,3010.89990234375,3011.199951171875,14.0
2025-03-17 23:45:00+00:00,3011.10009765625,3011.39990234375,3010.699951171875,3011.0,42.0
2025-03-17 23:46:00+00:00,3010.699951171875,3011.10009765625,3010.199951171875,3011.10009765625,69.0
2025-03-17 23:47:00+00:00,3010.800048828125,3010.89990234375,3010.60009765625,3010.699951171875,45.0
2025-03-17 23:48:00+00:00,3010.699951171875,3011.10009765625,3010.699951171875,3010.800048828125,26.0
2025-03-17 23:49:00+00:00,3010.800048828125,3010.89990234375,3010.60009765625,3010.60009765625,14.0
2025-03-17 23:50:00+00:00,3010.60009765625,3010.60009765625,3010.39990234375,3010.60009765625,28.0
2025-03-17 23:51:00+00:00,3010.5,3010.699951171875,3010.5,3010.699951171875,7.0
2025-03-17 23:52:00+00:00,3010.5,3010.5,3010.199951171875,3010.39990234375,8.0
2025-03-17 23:53:00+00:00,3010.300048828125,3010.699951171875,3010.199951171875,3010.60009765625,18.0
2025-03-17 23:54:00+00:00,3010.199951171875,3010.199951171875,3010.0,3010.199951171875,10.0
2025-03-17 23:55:00+00:00,3009.800048828125,3010.0,3009.800048828125,3010.0,34.0
2025-03-17 23:56:00+00:00,3009.5,3009.800048828125,3009.39990234375,3009.800048828125,46.0
2025-03-17 23:57:00+00:00,3009.39990234375,3009.60009765625,3009.300048828125,3009.39990234375,11.0
2025-03-17 23:58:00+00:00,3009.0,3009.39990234375,3009.0,3009.39990234375,46.0
2025-03-17 23:59:00+00:00,3008.89990234375,3009.0,3008.60009765625,3009.0,60.0
2025-03-18 00:00:00+00:00,3009.60009765625,3010.10009765625,3008.800048828125,3008.800048828125,116.0
2025-03-18 00:01:00+00:00,3009.300048828125,3009.60009765625,3009.199951171875,3009.60009765625,17.0
2025-03-18 00:02:00+00:00,3009.199951171875,3009.5,3009.10009765625,3009.39990234375,10.0
2025-03-18 00:03:00+00:00,3009.39990234375,3009.5,3009.0,3009.39990234375,34.0
2025-03-18 00:04:00+00:00,3010.0,3010.0,3009.199951171875,3009.300048828125,20.0
2025-03-18 00:05:00+00:00,3010.5,3010.699951171875,3010.0,3010.10009765625,52.0
2025-03-18 00:06:00+00:00,3010.800048828125,3011.199951171875,3010.699951171875,3010.699951171875,40.0
2025-03-18 00:07:00+00:00,3011.0,3011.199951171875,3010.699951171875,3010.800048828125,63.0
2025-03-18 00:08:00+00:00,3011.300048828125,3011.699951171875,3011.199951171875,3011.199951171875,40.0
2025-03-18 00:09:00+00:00,3010.699951171875,3011.39990234375,3010.5,3011.39990234375,68.0
2025-03-18 00:10:00+00:00,3011.0,3011.0,3010.5,3010.5,16.0
2025-03-18 00:11:00+00:00,3011.10009765625,3011.10009765625,3010.5,3011.10009765625,43.0
2025-03-18 00:12:00+00:00,3010.89990234375,3011.0,3010.60009765625,3011.0,24.0
2025-03-18 00:13:00+00:00,3011.0,3011.199951171875,3010.5,3011.0,41.0
2025-03-18 00:14:00+00:00,3010.300048828125,3011.10009765625,3010.300048828125,3011.10009765625,13.0
2025-03-18 00:15:00+00:00,3010.10009765625,3010.39990234375,3009.89990234375,3010.300048828125,30.0
2025-03-18 00:16:00+00:00,3009.60009765625,3010.199951171875,3009.5,3010.199951171875,81.0
2025-03-18 00:17:00+00:00,3009.300048828125,3009.60009765625,3008.89990234375,3009.60009765625,159.0
2025-03-18 00:18:00+00:00,3010.300048828125,3010.300048828125,3009.39990234375,3009.39990234375,47.0
2025-03-18 00:19:00+00:00,3010.0,3010.39990234375,3009.800048828125,3010.39990234375,49.0
2025-03-18 00:20:00+00:00,3010.699951171875,3010.800048828125,3010.0,3010.199951171875,42.0
2025-03-18 00:21:00+00:00,3011.5,3011.699951171875,3010.800048828125,3010.800048828125,40.0
2025-03-18 00:22:00+00:00,3011.800048828125,3011.89990234375,3011.39990234375,3011.60009765625,60.0
2025-03-18 00:23:00+00:00,3011.300048828125,3011.800048828125,3011.300048828125,3011.800048828125,27.0
2025-03-18 00:24:00+00:00,3012.0,3012.60009765625,3011.39990234375,3011.60009765625,108.0
2025-03-18 00:25:00+00:00,3012.60009765625,3012.699951171875,3012.10009765625,3012.199951171875,80.0
2025-03-18 00:26:00+00:00,3012.699951171875,3013.0,3012.300048828125,3012.5,94.0
2025-03-18 00:27:00+00:00,3011.699951171875,3012.699951171875,3011.699951171875,3012.60009765625,78.0
2025-03-18 00:28:00+00:00,3011.800048828125,3012.0,3011.5,3011.699951171875,53.0
2025-03-18 00:29:00+00:00,3012.10009765625,3012.199951171875,3011.699951171875,3012.0,33.0
2025-03-18 00:30:00+00:00,3012.5,3012.699951171875,3012.10009765625,3012.10009765625,49.0
2025-03-18 00:31:00+00:00,3013.199951171875,3013.300048828125,3012.5,3012.5,69.0
2025-03-18 00:32:00+00:00,3012.800048828125,3013.300048828125,3012.5,3013.199951171875,40.0
2025-03-18 00:33:00+00:00,3012.199951171875,3013.0,3012.199951171875,3012.800048828125,32.0
2025-03-18 00:34:00+00:00,3012.300048828125,3012.5,3012.199951171875,3012.39990234375,35.0
2025-03-18 00:35:00+00:00,3011.5,3012.199951171875,3011.5,3012.10009765625,24.0
2025-03-18 00:36:00+00:00,3011.0,3011.800048828125,3011.0,3011.800048828125,49.0
2025-03-18 00:37:00+00:00,3011.300048828125,3011.300048828125,3010.699951171875,3011.0,53.0
2025-03-18 00:38:00+00:00,3011.10009765625,3011.800048828125,3011.0,3011.300048828125,69.0
2025-03-18 00:39:00+00:00,3011.5,3011.60009765625,3011.300048828125,3011.300048828125,11.0
2025-03-18 00:40:00+00:00,3011.39990234375,3011.39990234375,3011.300048828125,3011.39990234375,4.0
2025-03-18 00:41:00+00:00,3011.199951171875,3011.60009765625,3010.699951171875,3011.5,31.0
2025-03-18 00:42:00+00:00,3011.10009765625,3011.5,3010.800048828125,3011.300048828125,22.0
2025-03-18 00:43:00+00:00,3011.39990234375,3011.5,3010.89990234375,3010.89990234375,22.0
2025-03-18 00:44:00+00:00,3011.0,3011.60009765625,3011.0,3011.39990234375,42.0
2025-03-18 00:45:00+00:00,3011.10009765625,3011.199951171875,3010.800048828125,3011.199951171875,20.0
2025-03-18 00:46:00+00:00,3010.699951171875,3010.89990234375,3010.199951171875,3010.89990234375,44.0
2025-03-18 00:47:00+00:00,3010.5,3010.60009765625,3010.199951171875,3010.5,17.0
2025-03-18 00:48:00+00:00,3009.60009765625,3010.5,3009.60009765625,3010.39990234375,51.0
2025-03-18 00:49:00+00:00,3009.5,3009.800048828125,3009.199951171875,3009.60009765625,44.0
2025-03-18 00:50:00+00:00,3010.60009765625,3010.699951171875,3009.5,3009.5,60.0
2025-03-18 00:51:00+00:00,3010.10009765625,3010.60009765625,3010.10009765625,3010.5,30.0
2025-03-18 00:52:00+00:00,3009.89990234375,3010.10009765625,3009.800048828125,3009.89990234375,16.0
2025-03-18 00:53:00+00:00,3010.5,3010.5,3010.0,3010.0,15.0
2025-03-18 00:54:00+00:00,3010.199951171875,3010.699951171875,3010.199951171875,3010.699951171875,19.0
2025-03-18 00:55:00+00:00,3009.800048828125,3010.10009765625,3009.800048828125,3010.10009765625,13.0
2025-03-18 00:56:00+00:00,3010.10009765625,3010.10009765625,3009.5,3009.699951171875,288.0
2025-03-18 00:57:00+00:00,3010.10009765625,3010.300048828125,3010.10009765625,3010.300048828125,6.0
2025-03-18 00:58:00+00:00,3010.5,3010.5,3010.5,3010.5,5.0
2025-03-18 00:59:00+00:00,3010.10009765625,3010.300048828125,3010.10009765625,3010.300048828125,7.0
2025-03-18 01:00:00+00:00,3009.800048828125,3010.60009765625,3009.800048828125,3010.300048828125,129.0
2025-03-18 01:01:00+00:00,3008.89990234375,3009.699951171875,3008.300048828125,3009.699951171875,199.0
2025-03-18 01:02:00+00:00,3009.60009765625,3009.800048828125,3009.199951171875,3009.199951171875,34.0
2025-03-18 01:03:00+00:00,3010.39990234375,3010.699951171875,3009.699951171875,3009.699951171875,134.0
2025-03-18 01:04:00+00:00,3010.300048828125,3010.699951171875,3009.60009765625,3010.199951171875,44.0
2025-03-18 01:05:00+00:00,3010.199951171875,3010.60009765625,3010.0,3010.5,25.0
2025-03-18 01:06:00+00:00,3009.199951171875,3010.800048828125,3009.199951171875,3010.10009765625,112.0
2025-03-18 01:07:00+00:00,3009.300048828125,3009.39990234375,3009.10009765625,3009.39990234375,154.0
2025-03-18 01:08:00+00:00,3010.0,3010.300048828125,3009.199951171875,3009.300048828125,37.0
2025-03-18 01:09:00+00:00,3009.300048828125,3010.300048828125,3009.300048828125,3009.800048828125,29.0
2025-03-18 01:10:00+00:00,3009.39990234375,3009.39990234375,3009.199951171875,3009.300048828125,18.0
2025-03-18 01:11:00+00:00,3010.10009765625,3010.10009765625,3008.89990234375,3009.300048828125,38.0
2025-03-18 01:12:00+00:00,3009.800048828125,3010.10009765625,3009.5,3010.10009765625,33.0
2025-03-18 01:13:00+00:00,3010.10009765625,3010.5,3009.89990234375,3010.0,91.0
2025-03-18 01:14:00+00:00,3010.0,3010.199951171875,3009.800048828125,3010.10009765625,14.0
2025-03-18 01:15:00+00:00,3010.199951171875,3010.60009765625,3009.89990234375,3010.5,41.0
2025-03-18 01:16:00+00:00,3009.60009765625,3010.89990234375,3009.5,3010.39990234375,65.0
2025-03-18 01:17:00+00:00,3010.0,3010.0,3009.5,3009.89990234375,34.0
2025-03-18 01:18:00+00:00,3009.39990234375,3009.800048828125,3009.300048828125,3009.699951171875,28.0
2025-03-18 01:19:00+00:00,3010.60009765625,3010.89990234375,3009.5,3009.5,35.0
2025-03-18 01:20:00+00:00,3011.300048828125,3011.699951171875,3010.699951171875,3010.699951171875,93.0
2025-03-18 01:21:00+00:00,3011.0,3011.199951171875,3010.199951171875,3011.199951171875,63.0
2025-03-18 01:22:00+00:00,3011.89990234375,3012.10009765625,3011.10009765625,3011.10009765625,87.0
2025-03-18 01:23:00+00:00,3011.699951171875,3012.10009765625,3011.60009765625,3011.89990234375,74.0
2025-03-18 01:24:00+00:00,3011.800048828125,3012.10009765625,3011.699951171875,3012.0,48.0
2025-03-18 01:25:00+00:00,3012.5,3012.800048828125,3011.39990234375,3012.0,154.0
2025-03-18 01:26:00+00:00,3012.60009765625,3012.800048828125,3012.199951171875,3012.39990234375,46.0
2025-03-18 01:27:00+00:00,3012.800048828125,3013.10009765625,3012.5,3012.699951171875,119.0
2025-03-18 01:28:00+00:00,3013.0,3013.699951171875,3012.800048828125,3013.0,207.0
2025-03-18 01:29:00+00:00,3012.5,3013.10009765625,3012.199951171875,3013.0,88.0
2025-03-18 01:30:00+00:00,3012.10009765625,3012.89990234375,3011.699951171875,3012.699951171875,74.0
2025-03-18 01:31:00+00:00,3012.39990234375,3012.60009765625,3012.199951171875,3012.300048828125,52.0
2025-03-18 01:32:00+00:00,3013.300048828125,3013.39990234375,3012.39990234375,3012.5,41.0
2025-03-18 01:33:00+00:00,3013.89990234375,3013.89990234375,3013.199951171875,3013.199951171875,138.0
2025-03-18 01:34:00+00:00,3013.39990234375,3014.0,3013.0,3013.800048828125,73.0
2025-03-18 01:35:00+00:00,3013.300048828125,3013.39990234375,3012.800048828125,3013.199951171875,40.0
2025-03-18 01:36:00+00:00,3012.39990234375,3013.5,3012.300048828125,3013.300048828125,75.0
2025-03-18 01:37:00+00:00,3010.699951171875,3012.199951171875,3010.0,3012.199951171875,315.0
2025-03-18 01:38:00+00:00,3011.199951171875,3011.39990234375,3010.800048828125,3010.89990234375,55.0
2025-03-18 01:39:00+00:00,3011.199951171875,3011.699951171875,3011.0,3011.300048828125,639.0
2025-03-18 01:40:00+00:00,3013.0,3013.0,3011.300048828125,3011.300048828125,154.0
2025-03-18 01:41:00+00:00,3013.300048828125,3014.0,3012.89990234375,3012.89990234375,202.0
2025-03-18 01:42:00+00:00,3013.300048828125,3013.5,3012.800048828125,3013.199951171875,59.0
2025-03-18 01:43:00+00:00,3013.199951171875,3013.5,3012.89990234375,3013.300048828125,38.0
2025-03-18 01:44:00+00:00,3012.89990234375,3013.300048828125,3012.699951171875,3013.300048828125,36.0
2025-03-18 01:45:00+00:00,3013.300048828125,3013.39990234375,3012.800048828125,3013.0,111.0
2025-03-18 01:46:00+00:00,3013.10009765625,3013.5,3013.0,3013.39990234375,40.0
2025-03-18 01:47:00+00:00,3013.300048828125,3013.39990234375,3012.800048828125,3013.10009765625,56.0
2025-03-18 01:48:00+00:00,3013.0,3013.60009765625,3012.89990234375,3013.39990234375,19.0
2025-03-18 01:49:00+00:00,3013.199951171875,3013.199951171875,3012.699951171875,3012.89990234375,25.0
2025-03-18 01:50:00+00:00,3013.10009765625,3013.39990234375,3012.89990234375,3013.300048828125,35.0
2025-03-18 01:51:00+00:00,3012.89990234375,3013.39990234375,3012.800048828125,3013.10009765625,23.0
2025-03-18 01:52:00+00:00,3012.0,3013.10009765625,3011.800048828125,3013.10009765625,108.0
2025-03-18 01:53:00+00:00,3012.300048828125,3012.300048828125,3011.5,3012.0,25.0
2025-03-18 01:54:00+00:00,3012.89990234375,3013.0,3012.39990234375,3012.39990234375,23.0
2025-03-18 01:55:00+00:00,3013.39990234375,3013.5,3012.89990234375,3013.0,42.0
2025-03-18 01:56:00+00:00,3015.39990234375,3015.60009765625,3013.699951171875,3013.699951171875,342.0
2025-03-18 01:57:00+00:00,3017.0,3017.39990234375,3014.39990234375,3015.39990234375,787.0
2025-03-18 01:58:00+00:00,3015.60009765625,3017.800048828125,3015.0,3017.0,457.0
2025-03-18 01:59:00+00:00,3015.199951171875,3015.699951171875,3014.800048828125,3015.60009765625,109.0
2025-03-18 02:00:00+00:00,3015.300048828125,3015.800048828125,3014.89990234375,3015.199951171875,119.0
2025-03-18 02:01:00+00:00,3014.60009765625,3015.39990234375,3014.5,3015.300048828125,90.0
2025-03-18 02:02:00+00:00,3014.0,3014.60009765625,3013.699951171875,3014.60009765625,78.0
2025-03-18 02:03:00+00:00,3013.10009765625,3014.199951171875,3011.699951171875,3013.89990234375,388.0
2025-03-18 02:04:00+00:00,3013.60009765625,3013.60009765625,3012.5,3012.800048828125,126.0
2025-03-18 02:05:00+00:00,3014.0,3014.0,3013.300048828125,3013.60009765625,61.0
2025-03-18 02:06:00+00:00,3014.300048828125,3014.699951171875,3013.800048828125,3014.10009765625,67.0
2025-03-18 02:07:00+00:00,3014.10009765625,3014.5,3014.0,3014.300048828125,32.0
2025-03-18 02:08:00+00:00,3015.0,3015.0,3014.10009765625,3014.10009765625,71.0
2025-03-18 02:09:00+00:00,3014.39990234375,3014.699951171875,3014.300048828125,3014.699951171875,32.0
2025-03-18 02:10:00+00:00,3014.800048828125,3015.199951171875,3014.60009765625,3014.60009765625,28.0
2025-03-18 02:11:00+00:00,3014.300048828125,3015.199951171875,3014.199951171875,3015.0,102.0
2025-03-18 02:12:00+00:00,3014.800048828125,3015.0,3014.199951171875,3014.39990234375,85.0
2025-03-18 02:13:00+00:00,3014.89990234375,3015.199951171875,3014.800048828125,3015.0,54.0
2025-03-18 02:14:00+00:00,3015.39990234375,3015.5,3014.89990234375,3015.0,26.0
2025-03-18 02:15:00+00:00,3015.39990234375,3015.60009765625,3014.89990234375,3015.0,46.0
2025-03-18 02:16:00+00:00,3015.0,3015.5,3014.89990234375,3015.300048828125,36.0
2025-03-18 02:17:00+00:00,3015.60009765625,3015.89990234375,3015.0,3015.0,71.0
2025-03-18 02:18:00+00:00,3015.5,3015.89990234375,3015.5,3015.60009765625,28.0
2025-03-18 02:19:00+00:00,3015.300048828125,3015.60009765625,3015.10009765625,3015.60009765625,27.0
2025-03-18 02:20:00+00:00,3015.60009765625,3015.800048828125,3015.300048828125,3015.300048828125,39.0
2025-03-18 02:21:00+00:00,3015.699951171875,3015.800048828125,3015.39990234375,3015.800048828125,37.0
2025-03-18 02:22:00+00:00,3016.300048828125,3016.39990234375,3015.5,3015.60009765625,111.0
2025-03-18 02:23:00+00:00,3016.199951171875,3016.5,3016.0,3016.39990234375,63.0
2025-03-18 02:24:00+00:00,3016.10009765625,3016.10009765625,3015.800048828125,3016.0,19.0
2025-03-18 02:25:00+00:00,3016.199951171875,3016.300048828125,3016.10009765625,3016.300048828125,8.0
2025-03-18 02:26:00+00:00,3016.0,3016.5,3016.0,3016.0,49.0
2025-03-18 02:27:00+00:00,3015.60009765625,3016.10009765625,3015.5,3016.0,33.0
2025-03-18 02:28:00+00:00,3016.0,3016.0,3015.60009765625,3015.699951171875,45.0
2025-03-18 02:29:00+00:00,3015.39990234375,3015.89990234375,3015.39990234375,3015.89990234375,32.0
2025-03-18 02:30:00+00:00,3015.5,3015.800048828125,3015.0,3015.39990234375,83.0
2025-03-18 02:31:00+00:00,3015.39990234375,3015.5,3015.10009765625,3015.39990234375,36.0
2025-03-18 02:32:00+00:00,3016.199951171875,3016.300048828125,3015.5,3015.60009765625,51.0
2025-03-18 02:33:00+00:00,3016.10009765625,3016.39990234375,3015.89990234375,3016.10009765625,61.0
2025-03-18 02:34:00+00:00,3015.89990234375,3016.199951171875,3015.39990234375,3016.0,77.0
2025-03-18 02:35:00+00:00,3015.699951171875,3015.800048828125,3015.10009765625,3015.800048828125,111.0
2025-03-18 02:36:00+00:00,3015.60009765625,3015.699951171875,3015.5,3015.699951171875,17.0
2025-03-18 02:37:00+00:00,3015.89990234375,3015.89990234375,3015.39990234375,3015.5,40.0
2025-03-18 02:38:00+00:00,3015.0,3015.800048828125,3015.0,3015.800048828125,37.0
2025-03-18 02:39:00+00:00,3015.10009765625,3015.5,3014.89990234375,3015.10009765625,54.0
2025-03-18 02:40:00+00:00,3015.199951171875,3015.300048828125,3014.800048828125,3015.0,81.0
2025-03-18 02:41:00+00:00,3014.89990234375,3015.39990234375,3014.89990234375,3015.10009765625,55.0
2025-03-18 02:42:00+00:00,3015.300048828125,3015.300048828125,3015.0,3015.10009765625,11.0
2025-03-18 02:43:00+00:00,3015.60009765625,3015.89990234375,3015.0,3015.39990234375,100.0
2025-03-18 02:44:00+00:00,3015.60009765625,3015.60009765625,3015.39990234375,3015.60009765625,8.0
2025-03-18 02:45:00+00:00,3016.199951171875,3016.39990234375,3015.5,3015.5,56.0
2025-03-18 02:46:00+00:00,3017.0,3017.10009765625,3016.300048828125,3016.39990234375,196.0
2025-03-18 02:47:00+00:00,3018.300048828125,3019.199951171875,3016.800048828125,3017.0,1111.0
2025-03-18 02:48:00+00:00,3017.60009765625,3018.699951171875,3017.39990234375,3018.300048828125,243.0
2025-03-18 02:49:00+00:00,3018.199951171875,3018.39990234375,3017.39990234375,3017.39990234375,63.0
2025-03-18 02:50:00+00:00,3019.60009765625,3019.89990234375,3018.10009765625,3018.10009765625,265.0
2025-03-18 02:51:00+00:00,3019.5,3020.0,3019.199951171875,3019.5,386.0
2025-03-18 02:52:00+00:00,3019.5,3019.699951171875,3019.199951171875,3019.699951171875,46.0
2025-03-18 02:53:00+00:00,3019.5,3020.0,3019.39990234375,3019.60009765625,171.0
2025-03-18 02:54:00+00:00,3021.199951171875,3021.699951171875,3019.60009765625,3019.60009765625,492.0
2025-03-18 02:55:00+00:00,3020.699951171875,3021.5,3020.60009765625,3021.10009765625,248.0
2025-03-18 02:56:00+00:00,3020.10009765625,3021.39990234375,3020.0,3020.699951171875,191.0
2025-03-18 02:57:00+00:00,3020.10009765625,3020.5,3020.10009765625,3020.300048828125,78.0
2025-03-18 02:58:00+00:00,3020.199951171875,3020.5,3020.10009765625,3020.10009765625,38.0
2025-03-18 02:59:00+00:00,3020.300048828125,3020.699951171875,3019.800048828125,3020.300048828125,142.0
2025-03-18 03:00:00+00:00,3019.300048828125,3020.300048828125,3019.10009765625,3020.199951171875,130.0
2025-03-18 03:01:00+00:00,3020.300048828125,3020.5,3019.199951171875,3019.199951171875,64.0
2025-03-18 03:02:00+00:00,3020.89990234375,3021.10009765625,3019.800048828125,3019.89990234375,95.0
2025-03-18 03:03:00+00:00,3021.0,3021.199951171875,3020.5,3020.699951171875,44.0
2025-03-18 03:04:00+00:00,3020.800048828125,3021.199951171875,3020.699951171875,3021.10009765625,44.0
2025-03-18 03:05:00+00:00,3020.39990234375,3020.699951171875,3020.10009765625,3020.699951171875,35.0
2025-03-18 03:06:00+00:00,3020.39990234375,3020.5,3019.800048828125,3020.300048828125,48.0
2025-03-18 03:07:00+00:00,3020.60009765625,3020.89990234375,3019.800048828125,3020.300048828125,87.0
2025-03-18 03:08:00+00:00,3019.699951171875,3020.60009765625,3019.699951171875,3020.5,53.0
2025-03-18 03:09:00+00:00,3019.89990234375,3020.10009765625,3019.60009765625,3019.699951171875,21.0
2025-03-18 03:10:00+00:00,3020.5,3020.60009765625,3020.0,3020.0,63.0
2025-03-18 03:11:00+00:00,3020.39990234375,3020.699951171875,3020.10009765625,3020.39990234375,38.0
2025-03-18 03:12:00+00:00,3020.800048828125,3020.800048828125,3020.199951171875,3020.199951171875,29.0
2025-03-18 03:13:00+00:00,3021.89990234375,3021.89990234375,3020.89990234375,3020.89990234375,131.0
2025-03-18 03:14:00+00:00,3022.199951171875,3022.300048828125,3021.39990234375,3021.89990234375,169.0
2025-03-18 03:15:00+00:00,3021.699951171875,3022.89990234375,3021.60009765625,3022.199951171875,251.0
2025-03-18 03:16:00+00:00,3020.300048828125,3021.800048828125,3020.10009765625,3021.699951171875,257.0
2025-03-18 03:17:00+00:00,3020.699951171875,3021.39990234375,3020.300048828125,3020.39990234375,190.0
2025-03-18 03:18:00+00:00,3022.10009765625,3022.300048828125,3020.60009765625,3020.60009765625,96.0
2025-03-18 03:19:00+00:00,3022.800048828125,3023.199951171875,3021.89990234375,3021.89990234375,194.0
2025-03-18 03:20:00+00:00,3023.800048828125,3023.89990234375,3022.699951171875,3023.10009765625,203.0
2025-03-18 03:21:00+00:00,3023.0,3024.10009765625,3022.60009765625,3023.800048828125,187.0
2025-03-18 03:22:00+00:00,3022.699951171875,3023.39990234375,3022.39990234375,3022.89990234375,113.0
2025-03-18 03:23:00+00:00,3022.5,3022.699951171875,3022.39990234375,3022.60009765625,27.0
2025-03-18 03:24:00+00:00,3022.800048828125,3023.10009765625,3022.60009765625,3022.60009765625,59.0
2025-03-18 03:25:00+00:00,3022.60009765625,3022.699951171875,3022.5,3022.699951171875,11.0
2025-03-18 03:26:00+00:00,3022.10009765625,3022.699951171875,3022.0,3022.60009765625,73.0
2025-03-18 03:27:00+00:00,3022.10009765625,3022.199951171875,3021.800048828125,3022.10009765625,48.0
2025-03-18 03:28:00+00:00,3021.89990234375,3022.300048828125,3021.89990234375,3022.199951171875,48.0
2025-03-18 03:29:00+00:00,3021.60009765625,3022.199951171875,3021.60009765625,3021.89990234375,29.0
2025-03-18 03:30:00+00:00,3020.39990234375,3021.60009765625,3020.39990234375,3021.5,191.0
2025-03-18 03:31:00+00:00,3020.699951171875,3021.10009765625,3020.199951171875,3020.39990234375,124.0
2025-03-18 03:32:00+00:00,3020.300048828125,3020.60009765625,3020.300048828125,3020.5,41.0
2025-03-18 03:33:00+00:00,3020.5,3020.5,3020.10009765625,3020.39990234375,57.0
2025-03-18 03:34:00+00:00,3020.89990234375,3020.89990234375,3020.199951171875,3020.5,29.0
2025-03-18 03:35:00+00:00,3020.5,3021.10009765625,3020.39990234375,3020.60009765625,44.0
2025-03-18 03:36:00+00:00,3020.199951171875,3020.60009765625,3020.199951171875,3020.39990234375,20.0
2025-03-18 03:37:00+00:00,3020.10009765625,3020.60009765625,3019.89990234375,3020.300048828125,43.0
2025-03-18 03:38:00+00:00,3020.10009765625,3020.39990234375,3020.10009765625,3020.10009765625,15.0
2025-03-18 03:39:00+00:00,3020.300048828125,3020.60009765625,3020.10009765625,3020.10009765625,75.0
2025-03-18 03:40:00+00:00,3020.300048828125,3020.300048828125,3020.10009765625,3020.300048828125,6.0
2025-03-18 03:41:00+00:00,3019.800048828125,3020.300048828125,3019.800048828125,3020.300048828125,32.0
2025-03-18 03:42:00+00:00,3019.800048828125,3020.0,3019.800048828125,3020.0,26.0
2025-03-18 03:43:00+00:00,3020.199951171875,3020.300048828125,3019.60009765625,3019.89990234375,103.0
2025-03-18 03:44:00+00:00,3020.199951171875,3020.300048828125,3019.89990234375,3020.10009765625,32.0
2025-03-18 03:45:00+00:00,3020.300048828125,3020.5,3020.0,3020.10009765625,33.0
2025-03-18 03:46:00+00:00,3021.300048828125,3021.60009765625,3020.5,3020.5,125.0
2025-03-18 03:47:00+00:00,3021.60009765625,3021.89990234375,3021.199951171875,3021.199951171875,45.0
2025-03-18 03:48:00+00:00,3021.199951171875,3021.60009765625,3020.300048828125,3021.60009765625,141.0
2025-03-18 03:49:00+00:00,3021.0,3021.199951171875,3021.0,3021.199951171875,7.0
2025-03-18 03:50:00+00:00,3021.10009765625,3021.10009765625,3020.800048828125,3020.800048828125,23.0
2025-03-18 03:51:00+00:00,3021.199951171875,3021.199951171875,3021.10009765625,3021.10009765625,9.0
2025-03-18 03:52:00+00:00,3020.699951171875,3021.10009765625,3020.699951171875,3021.10009765625,10.0
2025-03-18 03:53:00+00:00,3020.800048828125,3020.89990234375,3020.699951171875,3020.699951171875,15.0
2025-03-18 03:54:00+00:00,3021.300048828125,3021.5,3020.89990234375,3020.89990234375,33.0
2025-03-18 03:55:00+00:00,3020.89990234375,3021.5,3020.699951171875,3021.39990234375,25.0
2025-03-18 03:56:00+00:00,3021.10009765625,3021.10009765625,3020.800048828125,3020.89990234375,12.0
2025-03-18 03:58:00+00:00,3020.300048828125,3021.199951171875,3019.800048828125,3021.199951171875,135.0
2025-03-18 04:00:00+00:00,3020.699951171875,3020.699951171875,3020.300048828125,3020.60009765625,8.0
2025-03-18 04:01:00+00:00,3021.300048828125,3021.699951171875,3020.89990234375,3020.89990234375,50.0
2025-03-18 04:02:00+00:00,3021.199951171875,3021.5,3021.199951171875,3021.199951171875,8.0
2025-03-18 04:03:00+00:00,3020.800048828125,3021.10009765625,3020.800048828125,3021.10009765625,15.0
2025-03-18 04:04:00+00:00,3021.0,3021.10009765625,3021.0,3021.0,6.0
2025-03-18 04:05:00+00:00,3021.199951171875,3021.199951171875,3021.0,3021.0,7.0
2025-03-18 04:06:00+00:00,3020.89990234375,3021.39990234375,3020.800048828125,3021.300048828125,16.0
2025-03-18 04:07:00+00:00,3020.60009765625,3020.89990234375,3020.39990234375,3020.800048828125,32.0
2025-03-18 04:08:00+00:00,3020.699951171875,3020.699951171875,3020.5,3020.5,9.0
2025-03-18 04:09:00+00:00,3020.39990234375,3020.60009765625,3020.10009765625,3020.60009765625,26.0
2025-03-18 04:10:00+00:00,3020.60009765625,3020.60009765625,3020.39990234375,3020.39990234375,8.0
2025-03-18 04:11:00+00:00,3020.699951171875,3020.699951171875,3020.5,3020.699951171875,18.0
2025-03-18 04:12:00+00:00,3020.699951171875,3020.699951171875,3020.699951171875,3020.699951171875,1.0
2025-03-18 04:13:00+00:00,3020.800048828125,3020.800048828125,3020.39990234375,3020.699951171875,17.0
2025-03-18 04:14:00+00:00,3021.10009765625,3021.10009765625,3020.800048828125,3020.800048828125,6.0
2025-03-18 04:15:00+00:00,3020.800048828125,3021.0,3020.699951171875,3020.89990234375,31.0
2025-03-18 04:16:00+00:00,3021.300048828125,3021.300048828125,3020.39990234375,3020.89990234375,39.0
2025-03-18 04:17:00+00:00,3021.300048828125,3021.300048828125,3021.10009765625,3021.10009765625,4.0
2025-03-18 04:18:00+00:00,3021.39990234375,3021.39990234375,3021.10009765625,3021.300048828125,11.0
2025-03-18 04:19:00+00:00,3021.60009765625,3021.800048828125,3021.300048828125,3021.39990234375,39.0
2025-03-18 04:20:00+00:00,3022.199951171875,3022.39990234375,3021.699951171875,3021.699951171875,87.0
2025-03-18 04:21:00+00:00,3022.5,3022.5,3021.699951171875,3022.199951171875,56.0
2025-03-18 04:22:00+00:00,3022.5,3022.60009765625,3022.300048828125,3022.60009765625,14.0
2025-03-18 04:23:00+00:00,3021.699951171875,3022.39990234375,3021.699951171875,3022.39990234375,21.0
2025-03-18 04:24:00+00:00,3021.89990234375,3021.89990234375,3021.39990234375,3021.800048828125,19.0
2025-03-18 04:25:00+00:00,3022.0,3022.0,3021.800048828125,3021.800048828125,5.0
2025-03-18 04:26:00+00:00,3022.0,3022.199951171875,3022.0,3022.10009765625,13.0
2025-03-18 04:27:00+00:00,3022.10009765625,3022.199951171875,3022.0,3022.199951171875,16.0
2025-03-18 04:28:00+00:00,3022.5,3022.800048828125,3021.89990234375,3021.89990234375,68.0
2025-03-18 04:29:00+00:00,3022.60009765625,3022.699951171875,3022.39990234375,3022.39990234375,24.0
2025-03-18 04:30:00+00:00,3022.800048828125,3022.800048828125,3022.5,3022.5,12.0
2025-03-18 04:31:00+00:00,3022.800048828125,3022.800048828125,3022.60009765625,3022.699951171875,11.0
2025-03-18 04:32:00+00:00,3023.300048828125,3023.60009765625,3022.60009765625,3022.800048828125,88.0
2025-03-18 04:33:00+00:00,3023.10009765625,3023.39990234375,3023.10009765625,3023.199951171875,34.0
2025-03-18 04:34:00+00:00,3023.199951171875,3023.199951171875,3023.0,3023.10009765625,20.0
2025-03-18 04:35:00+00:00,3023.699951171875,3023.699951171875,3023.199951171875,3023.199951171875,38.0
2025-03-18 04:36:00+00:00,3023.0,3023.60009765625,3023.0,3023.60009765625,66.0
2025-03-18 04:37:00+00:00,3023.60009765625,3023.60009765625,3023.0,3023.10009765625,27.0
2025-03-18 04:38:00+00:00,3023.60009765625,3023.699951171875,3023.300048828125,3023.699951171875,18.0
2025-03-18 04:39:00+00:00,3023.300048828125,3023.699951171875,3023.300048828125,3023.5,34.0
2025-03-18 04:40:00+00:00,3022.800048828125,3023.10009765625,3022.5,3023.10009765625,58.0
2025-03-18 04:41:00+00:00,3022.800048828125,3022.89990234375,3022.300048828125,3022.800048828125,50.0
2025-03-18 04:42:00+00:00,3022.5,3022.800048828125,3022.199951171875,3022.699951171875,43.0
2025-03-18 04:43:00+00:00,3022.300048828125,3022.39990234375,3022.0,3022.39990234375,36.0
2025-03-18 04:44:00+00:00,3023.0,3023.300048828125,3022.199951171875,3022.199951171875,66.0
2025-03-18 04:45:00+00:00,3023.39990234375,3023.39990234375,3022.800048828125,3022.89990234375,27.0
2025-03-18 04:46:00+00:00,3023.10009765625,3023.5,3023.0,3023.39990234375,30.0
2025-03-18 04:47:00+00:00,3023.199951171875,3023.39990234375,3023.0,3023.10009765625,33.0
2025-03-18 04:48:00+00:00,3023.39990234375,3023.5,3023.0,3023.10009765625,21.0
2025-03-18 04:49:00+00:00,3023.699951171875,3024.10009765625,3023.5,3023.5,126.0
2025-03-18 04:50:00+00:00,3024.300048828125,3024.39990234375,3023.60009765625,3023.60009765625,71.0
2025-03-18 04:51:00+00:00,3024.699951171875,3024.89990234375,3024.10009765625,3024.10009765625,72.0
2025-03-18 04:52:00+00:00,3025.10009765625,3025.699951171875,3024.699951171875,3024.800048828125,224.0
2025-03-18 04:53:00+00:00,3025.0,3025.199951171875,3024.60009765625,3025.0,80.0
2025-03-18 04:54:00+00:00,3023.89990234375,3024.800048828125,3023.89990234375,3024.699951171875,38.0
2025-03-18 04:55:00+00:00,3024.60009765625,3024.60009765625,3023.800048828125,3024.0,49.0
2025-03-18 04:56:00+00:00,3024.199951171875,3024.699951171875,3024.10009765625,3024.699951171875,39.0
2025-03-18 04:57:00+00:00,3024.300048828125,3024.300048828125,3024.199951171875,3024.199951171875,14.0
2025-03-18 04:58:00+00:00,3023.800048828125,3024.10009765625,3023.800048828125,3024.0,23.0
2025-03-18 04:59:00+00:00,3023.5,3024.0,3023.5,3023.89990234375,57.0
2025-03-18 05:00:00+00:00,3023.5,3023.89990234375,3023.39990234375,3023.5,49.0
2025-03-18 05:01:00+00:00,3023.199951171875,3023.60009765625,3023.0,3023.5,56.0
2025-03-18 05:02:00+00:00,3023.89990234375,3023.89990234375,3023.199951171875,3023.300048828125,20.0
2025-03-18 05:03:00+00:00,3023.300048828125,3024.0,3022.60009765625,3023.89990234375,264.0
2025-03-18 05:04:00+00:00,3022.60009765625,3023.800048828125,3022.60009765625,3023.5,82.0
2025-03-18 05:05:00+00:00,3021.199951171875,3022.60009765625,3021.199951171875,3022.5,178.0
2025-03-18 05:06:00+00:00,3020.800048828125,3021.5,3020.60009765625,3021.10009765625,244.0
2025-03-18 05:07:00+00:00,3021.39990234375,3021.39990234375,3021.10009765625,3021.199951171875,30.0
2025-03-18 05:08:00+00:00,3021.10009765625,3021.5,3020.800048828125,3021.5,29.0
2025-03-18 05:09:00+00:00,3021.10009765625,3021.300048828125,3021.0,3021.199951171875,18.0
2025-03-18 05:10:00+00:00,3021.300048828125,3021.300048828125,3021.10009765625,3021.10009765625,19.0
2025-03-18 05:11:00+00:00,3021.10009765625,3021.199951171875,3021.0,3021.10009765625,14.0
2025-03-18 05:12:00+00:00,3021.199951171875,3021.199951171875,3020.89990234375,3021.0,33.0
2025-03-18 05:13:00+00:00,3020.89990234375,3021.39990234375,3020.89990234375,3021.300048828125,26.0
2025-03-18 05:14:00+00:00,3021.10009765625,3021.300048828125,3020.800048828125,3020.89990234375,19.0
2025-03-18 05:15:00+00:00,3020.699951171875,3021.300048828125,3020.60009765625,3021.10009765625,50.0
2025-03-18 05:16:00+00:00,3020.199951171875,3020.699951171875,3019.699951171875,3020.60009765625,232.0
2025-03-18 05:17:00+00:00,3019.699951171875,3020.300048828125,3019.60009765625,3020.199951171875,113.0
2025-03-18 05:18:00+00:00,3019.199951171875,3020.10009765625,3019.199951171875,3020.0,159.0
2025-03-18 05:19:00+00:00,3019.5,3020.10009765625,3019.199951171875,3019.5,203.0
2025-03-18 05:20:00+00:00,3019.699951171875,3019.800048828125,3019.39990234375,3019.5,44.0
2025-03-18 05:21:00+00:00,3019.300048828125,3020.199951171875,3019.300048828125,3019.699951171875,210.0
2025-03-18 05:22:00+00:00,3019.10009765625,3019.699951171875,3019.10009765625,3019.39990234375,49.0
2025-03-18 05:23:00+00:00,3017.89990234375,3019.10009765625,3017.5,3019.10009765625,373.0
2025-03-18 05:24:00+00:00,3017.60009765625,3018.39990234375,3017.300048828125,3017.89990234375,226.0
2025-03-18 05:25:00+00:00,3017.0,3017.89990234375,3017.0,3017.39990234375,209.0
2025-03-18 05:26:00+00:00,3017.60009765625,3018.39990234375,3017.10009765625,3017.199951171875,105.0
2025-03-18 05:27:00+00:00,3017.60009765625,3018.0,3017.5,3017.800048828125,70.0
2025-03-18 05:28:00+00:00,3017.10009765625,3018.199951171875,3016.60009765625,3017.699951171875,141.0
2025-03-18 05:29:00+00:00,3017.699951171875,3018.0,3017.10009765625,3017.199951171875,49.0
2025-03-18 05:30:00+00:00,3018.39990234375,3018.39990234375,3017.10009765625,3017.800048828125,107.0
2025-03-18 05:31:00+00:00,3019.0,3019.10009765625,3018.10009765625,3018.199951171875,97.0
2025-03-18 05:32:00+00:00,3019.800048828125,3019.800048828125,3019.0,3019.10009765625,125.0
2025-03-18 05:33:00+00:00,3020.5,3020.89990234375,3019.800048828125,3019.800048828125,310.0
2025-03-18 05:34:00+00:00,3021.300048828125,3021.39990234375,3020.300048828125,3020.39990234375,370.0
2025-03-18 05:35:00+00:00,3020.800048828125,3022.10009765625,3020.800048828125,3021.300048828125,172.0
2025-03-18 05:36:00+00:00,3020.89990234375,3020.89990234375,3020.300048828125,3020.60009765625,44.0
2025-03-18 05:37:00+00:00,3020.10009765625,3021.10009765625,3020.10009765625,3020.89990234375,68.0
2025-03-18 05:38:00+00:00,3020.39990234375,3020.60009765625,3020.0,3020.10009765625,48.0
2025-03-18 05:39:00+00:00,3020.199951171875,3020.60009765625,3020.10009765625,3020.10009765625,47.0
2025-03-18 05:40:00+00:00,3020.0,3020.10009765625,3019.89990234375,3020.10009765625,18.0
2025-03-18 05:41:00+00:00,3020.300048828125,3020.60009765625,3020.0,3020.0,31.0
2025-03-18 05:42:00+00:00,3020.300048828125,3020.5,3020.300048828125,3020.300048828125,19.0
2025-03-18 05:43:00+00:00,3021.800048828125,3021.89990234375,3020.199951171875,3020.199951171875,107.0
2025-03-18 05:44:00+00:00,3022.39990234375,3022.89990234375,3021.60009765625,3021.699951171875,253.0
2025-03-18 05:45:00+00:00,3023.0,3023.199951171875,3022.199951171875,3022.300048828125,87.0
2025-03-18 05:46:00+00:00,3022.699951171875,3023.199951171875,3022.60009765625,3022.89990234375,92.0
2025-03-18 05:47:00+00:00,3022.60009765625,3022.89990234375,3022.10009765625,3022.5,50.0
2025-03-18 05:48:00+00:00,3022.60009765625,3022.89990234375,3022.10009765625,3022.800048828125,33.0
2025-03-18 05:49:00+00:00,3022.0,3022.60009765625,3021.800048828125,3022.60009765625,38.0
2025-03-18 05:50:00+00:00,3022.10009765625,3022.699951171875,3022.10009765625,3022.199951171875,51.0
2025-03-18 05:51:00+00:00,3022.199951171875,3022.199951171875,3021.5,3022.10009765625,37.0
2025-03-18 05:52:00+00:00,3022.0,3022.0,3021.699951171875,3022.0,69.0
2025-03-18 05:53:00+00:00,3022.10009765625,3022.10009765625,3021.699951171875,3021.800048828125,12.0
2025-03-18 05:54:00+00:00,3021.89990234375,3022.10009765625,3021.60009765625,3021.699951171875,41.0
2025-03-18 05:55:00+00:00,3022.199951171875,3022.39990234375,3021.60009765625,3021.699951171875,22.0
2025-03-18 05:56:00+00:00,3021.699951171875,3022.199951171875,3021.699951171875,3022.10009765625,13.0
2025-03-18 05:57:00+00:00,3021.199951171875,3021.800048828125,3021.10009765625,3021.5,24.0
2025-03-18 05:58:00+00:00,3021.199951171875,3021.5,3021.0,3021.10009765625,42.0
2025-03-18 05:59:00+00:00,3021.39990234375,3021.60009765625,3020.800048828125,3021.10009765625,74.0
2025-03-18 06:00:00+00:00,3021.60009765625,3021.89990234375,3021.199951171875,3021.39990234375,81.0
2025-03-18 06:01:00+00:00,3022.0,3022.0,3020.60009765625,3021.5,94.0
2025-03-18 06:02:00+00:00,3023.0,3023.300048828125,3021.89990234375,3021.89990234375,140.0
2025-03-18 06:03:00+00:00,3023.60009765625,3023.800048828125,3022.800048828125,3023.0,85.0
2025-03-18 06:04:00+00:00,3024.89990234375,3024.89990234375,3023.0,3023.699951171875,154.0
2025-03-18 06:05:00+00:00,3024.800048828125,3025.300048828125,3023.800048828125,3024.800048828125,212.0
2025-03-18 06:06:00+00:00,3025.39990234375,3025.39990234375,3024.5,3024.800048828125,75.0
2025-03-18 06:07:00+00:00,3025.699951171875,3026.199951171875,3024.699951171875,3025.5,213.0
2025-03-18 06:08:00+00:00,3025.0,3025.89990234375,3025.0,3025.5,51.0
2025-03-18 06:09:00+00:00,3025.39990234375,3025.60009765625,3024.800048828125,3025.0,42.0
2025-03-18 06:10:00+00:00,3025.199951171875,3025.699951171875,3024.89990234375,3025.199951171875,86.0
2025-03-18 06:11:00+00:00,3024.39990234375,3025.10009765625,3024.39990234375,3025.10009765625,55.0
2025-03-18 06:12:00+00:00,3024.699951171875,3025.0,3024.0,3024.39990234375,123.0
2025-03-18 06:13:00+00:00,3024.199951171875,3025.300048828125,3024.10009765625,3024.699951171875,109.0
2025-03-18 06:14:00+00:00,3024.300048828125,3024.300048828125,3023.800048828125,3024.0,18.0
2025-03-18 06:15:00+00:00,3025.0,3025.10009765625,3024.10009765625,3024.10009765625,68.0
2025-03-18 06:16:00+00:00,3024.89990234375,3024.89990234375,3024.39990234375,3024.5,27.0
2025-03-18 06:17:00+00:00,3024.199951171875,3025.0,3024.199951171875,3024.800048828125,32.0
2025-03-18 06:18:00+00:00,3024.300048828125,3024.300048828125,3023.60009765625,3024.10009765625,99.0
2025-03-18 06:19:00+00:00,3023.199951171875,3024.10009765625,3023.10009765625,3024.10009765625,76.0
2025-03-18 06:20:00+00:00,3022.800048828125,3023.199951171875,3022.199951171875,3023.10009765625,201.0
2025-03-18 06:21:00+00:00,3023.10009765625,3023.199951171875,3022.699951171875,3022.800048828125,27.0
2025-03-18 06:22:00+00:00,3022.60009765625,3022.800048828125,3022.5,3022.800048828125,10.0
2025-03-18 06:23:00+00:00,3021.89990234375,3022.39990234375,3021.699951171875,3022.300048828125,135.0
2025-03-18 06:24:00+00:00,3021.10009765625,3021.800048828125,3020.199951171875,3021.800048828125,199.0
2025-03-18 06:25:00+00:00,3020.39990234375,3021.10009765625,3020.300048828125,3021.0,50.0
2025-03-18 06:26:00+00:00,3020.800048828125,3021.10009765625,3020.199951171875,3020.199951171875,46.0
2025-03-18 06:27:00+00:00,3021.10009765625,3021.60009765625,3020.800048828125,3021.0,63.0
2025-03-18 06:28:00+00:00,3020.89990234375,3021.0,3020.800048828125,3020.89990234375,11.0
2025-03-18 06:29:00+00:00,3021.10009765625,3021.199951171875,3020.89990234375,3021.0,21.0
2025-03-18 06:30:00+00:00,3021.60009765625,3021.699951171875,3021.0,3021.0,47.0
2025-03-18 06:31:00+00:00,3022.0,3022.39990234375,3021.60009765625,3021.60009765625,61.0
2025-03-18 06:32:00+00:00,3021.60009765625,3022.300048828125,3021.5,3022.199951171875,84.0
2025-03-18 06:33:00+00:00,3021.89990234375,3022.10009765625,3021.5,3021.5,28.0
2025-03-18 06:34:00+00:00,3021.60009765625,3021.89990234375,3021.39990234375,3021.800048828125,34.0
2025-03-18 06:35:00+00:00,3021.89990234375,3021.89990234375,3021.39990234375,3021.39990234375,8.0
2025-03-18 06:36:00+00:00,3022.0,3022.10009765625,3021.5,3021.800048828125,17.0
2025-03-18 06:37:00+00:00,3021.89990234375,3022.60009765625,3021.89990234375,3021.89990234375,45.0
2025-03-18 06:38:00+00:00,3022.300048828125,3022.39990234375,3022.0,3022.0,23.0
2025-03-18 06:39:00+00:00,3022.5,3023.10009765625,3022.39990234375,3022.39990234375,698.0
2025-03-18 06:40:00+00:00,3022.199951171875,3022.800048828125,3022.199951171875,3022.699951171875,26.0
2025-03-18 06:41:00+00:00,3022.5,3022.5,3022.199951171875,3022.199951171875,16.0
2025-03-18 06:42:00+00:00,3022.5,3022.699951171875,3022.39990234375,3022.5,33.0
2025-03-18 06:43:00+00:00,3022.39990234375,3022.800048828125,3022.300048828125,3022.5,38.0
2025-03-18 06:44:00+00:00,3022.60009765625,3022.800048828125,3022.199951171875,3022.60009765625,23.0
2025-03-18 06:45:00+00:00,3023.300048828125,3023.300048828125,3022.5,3022.5,59.0
2025-03-18 06:46:00+00:00,3022.89990234375,3023.699951171875,3022.699951171875,3023.199951171875,64.0
2025-03-18 06:47:00+00:00,3024.300048828125,3025.300048828125,3022.89990234375,3022.89990234375,293.0
2025-03-18 06:48:00+00:00,3024.699951171875,3024.89990234375,3024.199951171875,3024.199951171875,77.0
2025-03-18 06:49:00+00:00,3025.5,3025.60009765625,3024.60009765625,3024.60009765625,163.0
2025-03-18 06:50:00+00:00,3024.800048828125,3025.5,3024.60009765625,3025.39990234375,67.0
2025-03-18 06:51:00+00:00,3024.800048828125,3025.199951171875,3024.60009765625,3024.800048828125,41.0
2025-03-18 06:52:00+00:00,3026.10009765625,3026.39990234375,3024.60009765625,3024.800048828125,218.0
2025-03-18 06:53:00+00:00,3026.0,3026.60009765625,3025.800048828125,3026.10009765625,127.0
2025-03-18 06:54:00+00:00,3025.699951171875,3026.0,3025.199951171875,3026.0,73.0
2025-03-18 06:55:00+00:00,3025.39990234375,3025.699951171875,3024.89990234375,3025.699951171875,70.0
2025-03-18 06:56:00+00:00,3025.10009765625,3025.39990234375,3024.699951171875,3025.39990234375,62.0
2025-03-18 06:57:00+00:00,3024.300048828125,3025.39990234375,3024.10009765625,3025.199951171875,85.0
2025-03-18 06:58:00+00:00,3024.0,3024.60009765625,3023.699951171875,3024.300048828125,63.0
2025-03-18 06:59:00+00:00,3024.39990234375,3024.39990234375,3023.89990234375,3024.0,66.0
2025-03-18 07:00:00+00:00,3024.199951171875,3024.800048828125,3023.800048828125,3024.199951171875,350.0
2025-03-18 07:01:00+00:00,3023.699951171875,3024.300048828125,3023.39990234375,3024.10009765625,102.0
2025-03-18 07:02:00+00:00,3024.300048828125,3024.39990234375,3023.5,3023.800048828125,56.0
2025-03-18 07:03:00+00:00,3023.699951171875,3024.300048828125,3023.199951171875,3024.300048828125,63.0
2025-03-18 07:04:00+00:00,3024.0,3024.10009765625,3023.60009765625,3023.699951171875,44.0
2025-03-18 07:05:00+00:00,3025.699951171875,3025.800048828125,3024.10009765625,3024.10009765625,145.0
2025-03-18 07:06:00+00:00,3025.199951171875,3025.800048828125,3025.10009765625,3025.699951171875,54.0
2025-03-18 07:07:00+00:00,3025.699951171875,3025.699951171875,3025.199951171875,3025.300048828125,38.0
2025-03-18 07:08:00+00:00,3025.699951171875,3025.89990234375,3025.5,3025.5,61.0
2025-03-18 07:09:00+00:00,3025.39990234375,3025.699951171875,3024.699951171875,3025.699951171875,64.0
2025-03-18 07:10:00+00:00,3025.800048828125,3026.0,3025.39990234375,3025.60009765625,108.0
2025-03-18 07:11:00+00:00,3026.0,3026.0,3025.5,3025.699951171875,57.0
2025-03-18 07:12:00+00:00,3028.0,3028.10009765625,3026.10009765625,3026.10009765625,459.0
2025-03-18 07:13:00+00:00,3027.39990234375,3028.300048828125,3027.10009765625,3027.800048828125,153.0
2025-03-18 07:14:00+00:00,3027.60009765625,3027.60009765625,3027.10009765625,3027.39990234375,36.0
2025-03-18 07:15:00+00:00,3026.699951171875,3027.39990234375,3026.300048828125,3027.39990234375,148.0
2025-03-18 07:16:00+00:00,3026.800048828125,3026.89990234375,3026.60009765625,3026.699951171875,29.0
2025-03-18 07:17:00+00:00,3027.0,3027.39990234375,3026.800048828125,3026.800048828125,116.0
2025-03-18 07:18:00+00:00,3027.800048828125,3027.800048828125,3027.0,3027.10009765625,111.0
2025-03-18 07:19:00+00:00,3027.39990234375,3028.0,3027.39990234375,3027.89990234375,100.0
2025-03-18 07:20:00+00:00,3026.699951171875,3027.5,3026.60009765625,3027.39990234375,85.0
2025-03-18 07:21:00+00:00,3026.39990234375,3027.5,3026.300048828125,3026.800048828125,97.0
2025-03-18 07:22:00+00:00,3026.300048828125,3026.39990234375,3025.699951171875,3026.300048828125,133.0
2025-03-18 07:23:00+00:00,3025.800048828125,3026.699951171875,3025.10009765625,3026.199951171875,317.0
2025-03-18 07:24:00+00:00,3025.300048828125,3026.0,3025.10009765625,3025.60009765625,218.0
2025-03-18 07:25:00+00:00,3025.199951171875,3025.60009765625,3024.89990234375,3025.39990234375,231.0
2025-03-18 07:26:00+00:00,3025.199951171875,3025.5,3024.5,3025.300048828125,247.0
2025-03-18 07:27:00+00:00,3025.300048828125,3026.39990234375,3025.199951171875,3025.300048828125,115.0
2025-03-18 07:28:00+00:00,3025.300048828125,3025.39990234375,3025.0,3025.199951171875,34.0
2025-03-18 07:29:00+00:00,3026.199951171875,3026.39990234375,3025.300048828125,3025.300048828125,70.0
2025-03-18 07:30:00+00:00,3026.60009765625,3026.60009765625,3026.39990234375,3026.39990234375,5.0
2025-03-18 07:40:00+00:00,3027.800048828125,3027.800048828125,3027.0,3027.199951171875,889.0
2025-03-18 07:41:00+00:00,3027.5,3027.699951171875,3027.199951171875,3027.699951171875,31.0
2025-03-18 07:42:00+00:00,3027.199951171875,3027.5,3027.10009765625,3027.39990234375,29.0
2025-03-18 07:43:00+00:00,3026.60009765625,3027.199951171875,3026.199951171875,3027.199951171875,61.0
2025-03-18 07:44:00+00:00,3026.89990234375,3027.0,3026.60009765625,3026.60009765625,26.0
2025-03-18 07:45:00+00:00,3026.10009765625,3027.10009765625,3026.10009765625,3027.0,127.0
2025-03-18 07:46:00+00:00,3026.199951171875,3026.60009765625,3026.10009765625,3026.199951171875,49.0
2025-03-18 07:47:00+00:00,3026.5,3026.5,3026.300048828125,3026.300048828125,18.0
2025-03-18 07:48:00+00:00,3025.800048828125,3026.39990234375,3025.60009765625,3026.300048828125,560.0
2025-03-18 07:49:00+00:00,3025.199951171875,3025.800048828125,3025.10009765625,3025.800048828125,77.0
2025-03-18 07:50:00+00:00,3025.89990234375,3026.0,3025.10009765625,3025.300048828125,71.0
2025-03-18 07:51:00+00:00,3025.60009765625,3026.10009765625,3025.5,3026.0,28.0
2025-03-18 07:52:00+00:00,3025.800048828125,3025.89990234375,3025.60009765625,3025.800048828125,28.0
2025-03-18 07:53:00+00:00,3024.699951171875,3025.699951171875,3024.60009765625,3025.699951171875,163.0
2025-03-18 07:54:00+00:00,3025.0,3025.0,3024.5,3024.60009765625,63.0
2025-03-18 07:55:00+00:00,3025.60009765625,3026.0,3025.0,3025.0,146.0
2025-03-18 07:56:00+00:00,3025.699951171875,3026.10009765625,3025.300048828125,3025.699951171875,113.0
2025-03-18 07:57:00+00:00,3026.10009765625,3026.199951171875,3025.60009765625,3025.800048828125,63.0
2025-03-18 07:58:00+00:00,3025.800048828125,3026.300048828125,3025.800048828125,3026.199951171875,52.0
2025-03-18 07:59:00+00:00,3025.800048828125,3026.39990234375,3025.800048828125,3026.0,42.0
2025-03-18 08:00:00+00:00,3026.699951171875,3027.10009765625,3025.800048828125,3025.89990234375,182.0
2025-03-18 08:01:00+00:00,3026.699951171875,3027.0,3025.89990234375,3026.60009765625,72.0
2025-03-18 08:02:00+00:00,3027.39990234375,3027.39990234375,3026.60009765625,3026.800048828125,53.0
2025-03-18 08:03:00+00:00,3027.5,3028.10009765625,3027.10009765625,3027.39990234375,207.0
2025-03-18 08:04:00+00:00,3028.0,3028.300048828125,3027.39990234375,3027.39990234375,152.0
2025-03-18 08:05:00+00:00,3028.300048828125,3028.5,3027.699951171875,3027.89990234375,111.0
2025-03-18 08:06:00+00:00,3029.0,3029.0,3028.10009765625,3028.300048828125,218.0
2025-03-18 08:07:00+00:00,3029.39990234375,3029.60009765625,3028.0,3028.89990234375,436.0
2025-03-18 08:08:00+00:00,3029.199951171875,3029.60009765625,3028.800048828125,3029.5,161.0
2025-03-18 08:09:00+00:00,3028.699951171875,3029.300048828125,3028.39990234375,3029.10009765625,126.0
2025-03-18 08:10:00+00:00,3029.10009765625,3029.10009765625,3028.5,3028.60009765625,159.0
2025-03-18 08:11:00+00:00,3028.699951171875,3029.300048828125,3028.699951171875,3029.0,98.0
2025-03-18 08:12:00+00:00,3028.39990234375,3028.89990234375,3028.0,3028.800048828125,130.0
2025-03-18 08:13:00+00:00,3028.5,3028.89990234375,3028.300048828125,3028.60009765625,90.0
2025-03-18 08:14:00+00:00,3029.10009765625,3029.199951171875,3028.699951171875,3028.699951171875,41.0
2025-03-18 08:15:00+00:00,3029.300048828125,3029.39990234375,3029.0,3029.199951171875,75.0
2025-03-18 08:16:00+00:00,3029.300048828125,3029.300048828125,3029.0,3029.199951171875,48.0
2025-03-18 08:17:00+00:00,3029.60009765625,3030.0,3029.300048828125,3029.300048828125,318.0
2025-03-18 08:18:00+00:00,3029.300048828125,3029.89990234375,3029.300048828125,3029.699951171875,105.0
2025-03-18 08:19:00+00:00,3029.199951171875,3029.5,3029.10009765625,3029.39990234375,89.0
2025-03-18 08:20:00+00:00,3029.199951171875,3029.39990234375,3028.800048828125,3029.199951171875,111.0
2025-03-18 08:21:00+00:00,3029.60009765625,3029.699951171875,3028.89990234375,3029.10009765625,102.0
2025-03-18 08:22:00+00:00,3030.800048828125,3031.800048828125,3029.5,3029.699951171875,924.0
2025-03-18 08:23:00+00:00,3031.5,3031.800048828125,3030.39990234375,3030.699951171875,282.0
2025-03-18 08:24:00+00:00,3031.39990234375,3031.699951171875,3030.89990234375,3031.699951171875,151.0
2025-03-18 08:25:00+00:00,3032.0,3032.39990234375,3031.199951171875,3031.39990234375,383.0
2025-03-18 08:26:00+00:00,3032.60009765625,3033.10009765625,3032.10009765625,3032.10009765625,606.0
2025-03-18 08:27:00+00:00,3033.699951171875,3034.199951171875,3032.5,3032.699951171875,338.0
2025-03-18 08:28:00+00:00,3034.300048828125,3034.39990234375,3033.60009765625,3033.699951171875,179.0
2025-03-18 08:29:00+00:00,3033.699951171875,3034.699951171875,3033.60009765625,3034.300048828125,231.0
2025-03-18 08:30:00+00:00,3034.800048828125,3034.89990234375,3033.5,3033.60009765625,184.0
2025-03-18 08:31:00+00:00,3035.699951171875,3035.699951171875,3034.699951171875,3034.800048828125,234.0
2025-03-18 08:32:00+00:00,3035.89990234375,3036.300048828125,3035.300048828125,3035.800048828125,309.0
2025-03-18 08:33:00+00:00,3034.5,3035.89990234375,3034.300048828125,3035.89990234375,338.0
2025-03-18 08:34:00+00:00,3034.39990234375,3034.800048828125,3034.0,3034.60009765625,158.0
2025-03-18 08:35:00+00:00,3034.300048828125,3035.0,3034.0,3034.5,228.0
2025-03-18 08:36:00+00:00,3034.39990234375,3034.39990234375,3033.699951171875,3034.199951171875,437.0
2025-03-18 08:37:00+00:00,3033.800048828125,3034.60009765625,3033.60009765625,3034.39990234375,272.0
2025-03-18 08:38:00+00:00,3033.199951171875,3033.89990234375,3033.10009765625,3033.800048828125,208.0
2025-03-18 08:39:00+00:00,3033.60009765625,3033.800048828125,3032.800048828125,3033.199951171875,196.0
2025-03-18 08:40:00+00:00,3035.199951171875,3035.300048828125,3033.5,3033.60009765625,157.0
2025-03-18 08:41:00+00:00,3035.60009765625,3035.89990234375,3035.10009765625,3035.10009765625,165.0
2025-03-18 08:42:00+00:00,3036.10009765625,3036.199951171875,3034.60009765625,3035.5,266.0
2025-03-18 08:43:00+00:00,3035.89990234375,3036.60009765625,3035.699951171875,3036.10009765625,213.0
2025-03-18 08:44:00+00:00,3035.60009765625,3035.89990234375,3035.5,3035.89990234375,82.0
2025-03-18 08:45:00+00:00,3035.39990234375,3035.800048828125,3035.300048828125,3035.60009765625,61.0
2025-03-18 08:46:00+00:00,3035.199951171875,3035.800048828125,3035.10009765625,3035.5,82.0
2025-03-18 08:47:00+00:00,3035.0,3035.199951171875,3034.699951171875,3035.10009765625,55.0
2025-03-18 08:48:00+00:00,3034.89990234375,3035.39990234375,3034.800048828125,3035.10009765625,85.0
2025-03-18 08:49:00+00:00,3035.0,3035.0,3034.199951171875,3034.89990234375,73.0
2025-03-18 08:50:00+00:00,3034.60009765625,3035.0,3034.10009765625,3034.89990234375,105.0
2025-03-18 08:51:00+00:00,3034.5,3034.60009765625,3034.300048828125,3034.5,40.0
2025-03-18 08:52:00+00:00,3034.60009765625,3034.89990234375,3034.60009765625,3034.60009765625,55.0
2025-03-18 08:53:00+00:00,3034.300048828125,3034.60009765625,3033.800048828125,3034.5,100.0
2025-03-18 08:54:00+00:00,3034.800048828125,3034.89990234375,3033.60009765625,3034.199951171875,143.0
2025-03-18 08:55:00+00:00,3035.89990234375,3036.199951171875,3034.699951171875,3034.699951171875,204.0
2025-03-18 08:56:00+00:00,3035.800048828125,3036.199951171875,3035.800048828125,3036.0,64.0
2025-03-18 08:57:00+00:00,3035.39990234375,3035.89990234375,3035.39990234375,3035.89990234375,59.0
2025-03-18 08:58:00+00:00,3035.60009765625,3035.60009765625,3035.10009765625,3035.300048828125,54.0
2025-03-18 08:59:00+00:00,3035.39990234375,3036.10009765625,3035.199951171875,3035.800048828125,41.0
2025-03-18 09:00:00+00:00,3035.800048828125,3036.0,3035.300048828125,3035.5,74.0
2025-03-18 09:01:00+00:00,3035.699951171875,3035.800048828125,3035.5,3035.699951171875,67.0
2025-03-18 09:02:00+00:00,3036.0,3036.0,3035.60009765625,3035.60009765625,36.0
2025-03-18 09:03:00+00:00,3036.60009765625,3037.60009765625,3036.0,3036.0,354.0
2025-03-18 09:04:00+00:00,3036.60009765625,3036.89990234375,3036.0,3036.800048828125,108.0
2025-03-18 09:05:00+00:00,3036.60009765625,3036.699951171875,3036.39990234375,3036.5,47.0
2025-03-18 09:06:00+00:00,3035.800048828125,3036.699951171875,3035.60009765625,3036.60009765625,45.0
2025-03-18 09:07:00+00:00,3036.199951171875,3036.199951171875,3035.60009765625,3035.89990234375,67.0
2025-03-18 09:08:00+00:00,3035.5,3036.10009765625,3035.5,3036.0,84.0
2025-03-18 09:09:00+00:00,3035.5,3035.800048828125,3035.39990234375,3035.60009765625,37.0
2025-03-18 09:10:00+00:00,3035.60009765625,3035.699951171875,3035.10009765625,3035.60009765625,106.0
2025-03-18 09:11:00+00:00,3034.699951171875,3035.5,3034.699951171875,3035.5,112.0
2025-03-18 09:12:00+00:00,3034.39990234375,3034.800048828125,3034.0,3034.800048828125,154.0
2025-03-18 09:13:00+00:00,3033.699951171875,3034.300048828125,3033.5,3034.300048828125,86.0
2025-03-18 09:14:00+00:00,3033.60009765625,3034.300048828125,3033.300048828125,3033.60009765625,274.0
2025-03-18 09:15:00+00:00,3033.699951171875,3033.89990234375,3033.39990234375,3033.60009765625,64.0
2025-03-18 09:16:00+00:00,3033.199951171875,3034.0,3033.0,3034.0,164.0
2025-03-18 09:17:00+00:00,3033.5,3033.5,3032.300048828125,3033.0,373.0
2025-03-18 09:18:00+00:00,3033.300048828125,3034.0,3033.300048828125,3033.60009765625,121.0
2025-03-18 09:19:00+00:00,3032.39990234375,3033.199951171875,3032.199951171875,3033.199951171875,201.0
2025-03-18 09:20:00+00:00,3032.89990234375,3032.89990234375,3032.199951171875,3032.39990234375,116.0
2025-03-18 09:21:00+00:00,3032.89990234375,3033.199951171875,3032.699951171875,3032.800048828125,171.0
2025-03-18 09:22:00+00:00,3033.0,3033.10009765625,3032.800048828125,3032.89990234375,43.0
2025-03-18 09:23:00+00:00,3032.60009765625,3033.39990234375,3032.5,3033.10009765625,110.0
2025-03-18 09:24:00+00:00,3032.800048828125,3032.89990234375,3032.199951171875,3032.5,94.0
2025-03-18 09:25:00+00:00,3032.199951171875,3032.699951171875,3032.10009765625,3032.699951171875,48.0
2025-03-18 09:26:00+00:00,3032.0,3032.300048828125,3031.39990234375,3032.300048828125,161.0
2025-03-18 09:27:00+00:00,3032.39990234375,3032.699951171875,3032.0,3032.10009765625,106.0
2025-03-18 09:28:00+00:00,3031.800048828125,3032.5,3031.699951171875,3032.5,44.0
2025-03-18 09:29:00+00:00,3031.800048828125,3032.10009765625,3031.5,3031.89990234375,114.0
2025-03-18 09:30:00+00:00,3032.199951171875,3032.199951171875,3031.699951171875,3031.89990234375,31.0
2025-03-18 09:40:00+00:00,3030.800048828125,3030.800048828125,3029.5,3029.60009765625,1727.0
2025-03-18 09:41:00+00:00,3029.800048828125,3030.800048828125,3029.699951171875,3030.800048828125,81.0
2025-03-18 09:42:00+00:00,3030.800048828125,3030.89990234375,3029.800048828125,3029.800048828125,55.0
2025-03-18 09:43:00+00:00,3030.699951171875,3030.699951171875,3030.10009765625,3030.60009765625,51.0
2025-03-18 09:44:00+00:00,3030.60009765625,3031.199951171875,3030.60009765625,3030.800048828125,80.0
2025-03-18 09:45:00+00:00,3031.0,3031.199951171875,3030.89990234375,3030.89990234375,65.0
2025-03-18 09:46:00+00:00,3030.699951171875,3031.199951171875,3030.300048828125,3031.199951171875,57.0
2025-03-18 09:47:00+00:00,3031.699951171875,3031.800048828125,3030.699951171875,3030.800048828125,111.0
2025-03-18 09:48:00+00:00,3031.10009765625,3031.89990234375,3030.800048828125,3031.699951171875,69.0
2025-03-18 09:49:00+00:00,3031.199951171875,3031.199951171875,3030.60009765625,3031.10009765625,122.0
2025-03-18 09:50:00+00:00,3030.5,3031.300048828125,3030.5,3031.199951171875,35.0
2025-03-18 09:51:00+00:00,3030.800048828125,3031.199951171875,3030.39990234375,3030.60009765625,95.0
2025-03-18 09:52:00+00:00,3030.699951171875,3030.800048828125,3030.0,3030.699951171875,71.0
2025-03-18 09:53:00+00:00,3029.199951171875,3030.89990234375,3029.199951171875,3030.60009765625,142.0
2025-03-18 09:54:00+00:00,3028.10009765625,3029.300048828125,3027.699951171875,3029.10009765625,400.0
2025-03-18 09:55:00+00:00,3029.39990234375,3029.699951171875,3028.10009765625,3028.300048828125,835.0
2025-03-18 09:56:00+00:00,3030.0,3030.199951171875,3029.199951171875,3029.39990234375,170.0
2025-03-18 09:57:00+00:00,3029.300048828125,3030.0,3028.60009765625,3029.89990234375,214.0
2025-03-18 09:58:00+00:00,3029.89990234375,3030.0,3029.300048828125,3029.300048828125,63.0
2025-03-18 09:59:00+00:00,3030.10009765625,3030.199951171875,3029.60009765625,3029.800048828125,76.0
2025-03-18 10:00:00+00:00,3030.300048828125,3030.300048828125,3029.60009765625,3030.0,61.0
2025-03-18 10:01:00+00:00,3030.39990234375,3030.5,3030.10009765625,3030.300048828125,69.0
2025-03-18 10:02:00+00:00,3029.60009765625,3030.5,3029.39990234375,3030.5,92.0
2025-03-18 10:03:00+00:00,3030.800048828125,3030.89990234375,3029.300048828125,3029.300048828125,79.0
2025-03-18 10:04:00+00:00,3031.89990234375,3032.10009765625,3030.699951171875,3030.89990234375,144.0
2025-03-18 10:05:00+00:00,3031.10009765625,3032.5,3030.800048828125,3031.89990234375,401.0
2025-03-18 10:06:00+00:00,3031.60009765625,3031.800048828125,3030.89990234375,3031.10009765625,345.0
2025-03-18 10:07:00+00:00,3032.60009765625,3032.89990234375,3031.39990234375,3031.60009765625,183.0
2025-03-18 10:08:00+00:00,3032.699951171875,3033.10009765625,3032.5,3032.699951171875,154.0
2025-03-18 10:09:00+00:00,3032.800048828125,3032.89990234375,3032.60009765625,3032.60009765625,58.0
2025-03-18 10:10:00+00:00,3033.5,3033.800048828125,3032.89990234375,3033.0,95.0
2025-03-18 10:11:00+00:00,3033.800048828125,3034.10009765625,3033.5,3033.5,71.0
2025-03-18 10:12:00+00:00,3033.800048828125,3034.5,3033.60009765625,3033.699951171875,109.0
2025-03-18 10:13:00+00:00,3033.39990234375,3034.10009765625,3033.199951171875,3033.699951171875,165.0
2025-03-18 10:14:00+00:00,3034.300048828125,3034.39990234375,3033.39990234375,3033.39990234375,103.0
2025-03-18 10:15:00+00:00,3034.89990234375,3034.89990234375,3034.300048828125,3034.300048828125,52.0
2025-03-18 10:16:00+00:00,3034.5,3034.89990234375,3034.199951171875,3034.699951171875,95.0
2025-03-18 10:17:00+00:00,3034.300048828125,3034.800048828125,3034.300048828125,3034.60009765625,48.0
2025-03-18 10:18:00+00:00,3034.39990234375,3034.60009765625,3034.199951171875,3034.39990234375,65.0
2025-03-18 10:19:00+00:00,3033.199951171875,3034.39990234375,3033.0,3034.39990234375,184.0
2025-03-18 10:20:00+00:00,3033.0,3033.60009765625,3032.60009765625,3033.199951171875,100.0
2025-03-18 10:21:00+00:00,3033.10009765625,3033.199951171875,3032.699951171875,3032.800048828125,34.0
2025-03-18 10:22:00+00:00,3033.0,3033.300048828125,3032.699951171875,3033.0,35.0
2025-03-18 10:23:00+00:00,3033.5,3034.300048828125,3033.10009765625,3033.10009765625,98.0
2025-03-18 10:24:00+00:00,3033.60009765625,3034.0,3033.199951171875,3033.5,139.0
2025-03-18 10:25:00+00:00,3033.5,3033.800048828125,3033.300048828125,3033.60009765625,54.0
2025-03-18 10:26:00+00:00,3033.39990234375,3034.0,3033.39990234375,3033.39990234375,80.0
2025-03-18 10:27:00+00:00,3033.699951171875,3034.300048828125,3033.199951171875,3033.39990234375,97.0
2025-03-18 10:28:00+00:00,3033.300048828125,3034.199951171875,3033.10009765625,3033.60009765625,127.0
2025-03-18 10:29:00+00:00,3032.800048828125,3033.60009765625,3032.699951171875,3033.199951171875,93.0
2025-03-18 10:30:00+00:00,3032.39990234375,3033.5,3032.39990234375,3032.699951171875,135.0
2025-03-18 10:31:00+00:00,3032.10009765625,3032.39990234375,3031.699951171875,3032.39990234375,184.0
2025-03-18 10:32:00+00:00,3032.0,3032.300048828125,3031.300048828125,3032.0,113.0
2025-03-18 10:33:00+00:00,3031.5,3032.0,3031.5,3031.800048828125,100.0
2025-03-18 10:34:00+00:00,3031.300048828125,3031.39990234375,3030.60009765625,3031.39990234375,118.0
2025-03-18 10:35:00+00:00,3031.10009765625,3031.60009765625,3031.0,3031.39990234375,85.0
2025-03-18 10:36:00+00:00,3030.300048828125,3031.0,3030.300048828125,3030.89990234375,64.0
2025-03-18 10:37:00+00:00,3030.10009765625,3030.300048828125,3029.800048828125,3030.300048828125,89.0
2025-03-18 10:38:00+00:00,3030.10009765625,3030.199951171875,3029.800048828125,3030.199951171875,18.0
2025-03-18 10:39:00+00:00,3030.60009765625,3030.60009765625,3030.199951171875,3030.199951171875,35.0
2025-03-18 10:40:00+00:00,3031.0,3031.10009765625,3030.5,3030.60009765625,33.0
2025-03-18 10:41:00+00:00,3030.199951171875,3031.0,3030.199951171875,3031.0,40.0
2025-03-18 10:42:00+00:00,3030.0,3030.300048828125,3029.300048828125,3030.0,159.0
2025-03-18 10:43:00+00:00,3031.300048828125,3031.39990234375,3029.800048828125,3030.10009765625,152.0
2025-03-18 10:44:00+00:00,3031.800048828125,3031.800048828125,3030.699951171875,3031.199951171875,101.0
2025-03-18 10:45:00+00:00,3032.300048828125,3032.39990234375,3031.800048828125,3031.800048828125,55.0
2025-03-18 10:46:00+00:00,3032.10009765625,3032.199951171875,3032.0,3032.199951171875,11.0
2025-03-18 10:47:00+00:00,3031.800048828125,3032.199951171875,3031.300048828125,3032.199951171875,54.0
2025-03-18 10:48:00+00:00,3031.89990234375,3032.300048828125,3031.60009765625,3031.699951171875,69.0
2025-03-18 10:49:00+00:00,3032.0,3032.5,3031.60009765625,3031.699951171875,80.0
2025-03-18 10:50:00+00:00,3033.199951171875,3033.699951171875,3032.10009765625,3032.10009765625,154.0
2025-03-18 10:51:00+00:00,3033.89990234375,3034.10009765625,3033.39990234375,3033.39990234375,52.0
2025-03-18 10:52:00+00:00,3033.5,3033.89990234375,3033.10009765625,3033.800048828125,92.0
2025-03-18 10:53:00+00:00,3033.199951171875,3033.800048828125,3033.199951171875,3033.800048828125,31.0
2025-03-18 10:54:00+00:00,3032.800048828125,3033.199951171875,3032.60009765625,3033.199951171875,23.0
2025-03-18 10:55:00+00:00,3033.0,3033.10009765625,3032.800048828125,3032.800048828125,53.0
2025-03-18 10:56:00+00:00,3032.60009765625,3033.0,3032.39990234375,3033.0,101.0
2025-03-18 10:57:00+00:00,3032.39990234375,3032.699951171875,3032.300048828125,3032.60009765625,29.0
2025-03-18 10:58:00+00:00,3032.10009765625,3032.5,3031.60009765625,3032.5,76.0
2025-03-18 10:59:00+00:00,3032.199951171875,3032.199951171875,3031.89990234375,3032.10009765625,48.0
2025-03-18 11:00:00+00:00,3032.300048828125,3032.39990234375,3031.10009765625,3032.10009765625,86.0
2025-03-18 11:01:00+00:00,3032.0,3032.39990234375,3031.800048828125,3032.39990234375,57.0
2025-03-18 11:02:00+00:00,3032.199951171875,3032.199951171875,3031.800048828125,3032.10009765625,48.0
2025-03-18 11:03:00+00:00,3031.39990234375,3032.199951171875,3030.89990234375,3032.199951171875,78.0
2025-03-18 11:04:00+00:00,3030.89990234375,3031.5,3030.60009765625,3031.300048828125,123.0
2025-03-18 11:05:00+00:00,3031.89990234375,3031.89990234375,3030.800048828125,3031.0,135.0
2025-03-18 11:06:00+00:00,3031.699951171875,3032.199951171875,3031.60009765625,3031.60009765625,56.0
2025-03-18 11:07:00+00:00,3031.699951171875,3031.699951171875,3031.300048828125,3031.699951171875,28.0
2025-03-18 11:08:00+00:00,3032.5,3032.60009765625,3031.800048828125,3031.800048828125,72.0
2025-03-18 11:09:00+00:00,3032.199951171875,3033.800048828125,3031.60009765625,3032.60009765625,316.0
2025-03-18 11:10:00+00:00,3031.5,3032.10009765625,3031.10009765625,3032.0,123.0
2025-03-18 11:11:00+00:00,3031.60009765625,3031.89990234375,3031.300048828125,3031.5,35.0
2025-03-18 11:12:00+00:00,3032.300048828125,3032.60009765625,3031.5,3031.60009765625,106.0
2025-03-18 11:13:00+00:00,3032.60009765625,3033.0,3032.300048828125,3032.300048828125,113.0
2025-03-18 11:14:00+00:00,3031.10009765625,3032.60009765625,3030.89990234375,3032.39990234375,76.0
2025-03-18 11:15:00+00:00,3033.0,3033.39990234375,3030.89990234375,3031.0,168.0
2025-03-18 11:16:00+00:00,3032.89990234375,3033.10009765625,3031.89990234375,3033.0,77.0
2025-03-18 11:17:00+00:00,3033.300048828125,3034.0,3032.60009765625,3032.800048828125,123.0
2025-03-18 11:18:00+00:00,3032.89990234375,3033.39990234375,3032.89990234375,3033.199951171875,26.0
2025-03-18 11:19:00+00:00,3032.800048828125,3033.199951171875,3032.699951171875,3033.0,50.0
2025-03-18 11:20:00+00:00,3033.0,3033.0,3032.300048828125,3032.699951171875,43.0
2025-03-18 11:21:00+00:00,3033.800048828125,3033.89990234375,3032.60009765625,3032.89990234375,72.0
2025-03-18 11:22:00+00:00,3033.699951171875,3034.0,3033.5,3034.0,28.0
2025-03-18 11:23:00+00:00,3034.300048828125,3034.300048828125,3033.39990234375,3033.699951171875,39.0
2025-03-18 11:24:00+00:00,3033.800048828125,3034.89990234375,3033.60009765625,3034.199951171875,266.0
2025-03-18 11:25:00+00:00,3034.5,3034.60009765625,3033.699951171875,3033.699951171875,119.0
2025-03-18 11:26:00+00:00,3034.199951171875,3034.699951171875,3034.199951171875,3034.39990234375,104.0
2025-03-18 11:27:00+00:00,3032.699951171875,3034.10009765625,3032.60009765625,3034.10009765625,197.0
2025-03-18 11:28:00+00:00,3032.699951171875,3033.0,3032.60009765625,3032.800048828125,193.0
2025-03-18 11:29:00+00:00,3033.0,3033.10009765625,3032.39990234375,3032.800048828125,83.0
2025-03-18 11:30:00+00:00,3033.300048828125,3033.5,3032.800048828125,3032.89990234375,35.0
2025-03-18 11:31:00+00:00,3033.800048828125,3033.800048828125,3033.5,3033.5,109.0
2025-03-18 11:32:00+00:00,3033.60009765625,3034.0,3033.5,3033.89990234375,40.0
2025-03-18 11:33:00+00:00,3034.199951171875,3034.300048828125,3033.60009765625,3033.60009765625,44.0
2025-03-18 11:34:00+00:00,3034.5,3034.60009765625,3034.300048828125,3034.300048828125,36.0
2025-03-18 11:35:00+00:00,3035.199951171875,3035.300048828125,3034.39990234375,3034.60009765625,168.0
2025-03-18 11:36:00+00:00,3035.5,3035.5,3035.10009765625,3035.199951171875,83.0
2025-03-18 11:37:00+00:00,3035.5,3035.89990234375,3035.300048828125,3035.39990234375,79.0
2025-03-18 11:38:00+00:00,3035.5,3035.699951171875,3035.199951171875,3035.39990234375,30.0
2025-03-18 11:39:00+00:00,3036.10009765625,3036.199951171875,3035.5,3035.800048828125,43.0
2025-03-18 11:40:00+00:00,3036.800048828125,3036.800048828125,3036.199951171875,3036.300048828125,192.0
2025-03-18 11:41:00+00:00,3036.60009765625,3037.300048828125,3036.60009765625,3036.699951171875,159.0
2025-03-18 11:42:00+00:00,3037.5,3038.0,3036.5,3036.5,411.0
2025-03-18 11:43:00+00:00,3036.800048828125,3037.800048828125,3036.60009765625,3037.60009765625,98.0
2025-03-18 11:44:00+00:00,3036.39990234375,3036.89990234375,3036.199951171875,3036.699951171875,123.0
2025-03-18 11:45:00+00:00,3036.0,3036.5,3035.699951171875,3036.5,104.0
2025-03-18 11:46:00+00:00,3035.60009765625,3036.10009765625,3035.60009765625,3036.10009765625,66.0
2025-03-18 11:47:00+00:00,3035.699951171875,3036.0,3035.39990234375,3035.60009765625,88.0
2025-03-18 11:48:00+00:00,3035.300048828125,3035.699951171875,3035.0,3035.699951171875,61.0
2025-03-18 11:49:00+00:00,3034.800048828125,3035.300048828125,3034.699951171875,3035.300048828125,105.0
2025-03-18 11:50:00+00:00,3034.60009765625,3034.89990234375,3034.5,3034.89990234375,92.0
2025-03-18 11:51:00+00:00,3033.60009765625,3034.5,3033.60009765625,3034.5,115.0
2025-03-18 11:52:00+00:00,3034.10009765625,3034.10009765625,3033.300048828125,3033.5,512.0
2025-03-18 11:53:00+00:00,3033.5,3034.5,3033.10009765625,3034.10009765625,82.0
2025-03-18 11:54:00+00:00,3033.0,3033.5,3033.0,3033.39990234375,67.0
2025-03-18 11:55:00+00:00,3032.5,3033.10009765625,3032.199951171875,3033.0,145.0
2025-03-18 11:56:00+00:00,3033.699951171875,3033.800048828125,3032.300048828125,3032.699951171875,122.0
2025-03-18 11:57:00+00:00,3034.300048828125,3034.300048828125,3033.699951171875,3033.699951171875,62.0
2025-03-18 11:58:00+00:00,3034.699951171875,3034.699951171875,3033.89990234375,3034.199951171875,72.0
2025-03-18 11:59:00+00:00,3035.300048828125,3035.300048828125,3034.699951171875,3034.800048828125,87.0
2025-03-18 12:00:00+00:00,3036.0,3036.60009765625,3035.10009765625,3035.199951171875,203.0
2025-03-18 12:01:00+00:00,3036.10009765625,3037.10009765625,3035.699951171875,3036.10009765625,312.0
2025-03-18 12:02:00+00:00,3036.60009765625,3036.89990234375,3036.0,3036.10009765625,151.0
2025-03-18 12:03:00+00:00,3037.699951171875,3039.199951171875,3036.60009765625,3036.60009765625,526.0
2025-03-18 12:04:00+00:00,3037.89990234375,3038.10009765625,3037.300048828125,3037.699951171875,108.0
2025-03-18 12:05:00+00:00,3037.800048828125,3037.89990234375,3037.10009765625,3037.800048828125,126.0
2025-03-18 12:06:00+00:00,3036.89990234375,3038.300048828125,3036.60009765625,3037.60009765625,0.0
